self exe links to: /workspace/MLX_dev/build/xavier-attention-components/mlx_attention_proxy
self exe links to: /workspace/MLX_dev/build/xavier-attention-components/mlx_attention_proxy
11.0


        *** GPGPU-Sim Simulator Version 4.2.0  [build gpgpu-sim_git-commit-68e1cd3_modified_1.0] ***


GPGPU-Sim PTX: simulation mode 0 (can change with PTX_SIM_MODE_FUNC environment variable:
               1=functional simulation only, 0=detailed performance simulator)
GPGPU-Sim PTX: overriding embedded ptx with ptx file (PTX_SIM_USE_PTX_FILE is set)
GPGPU-Sim: Configuration options:

-save_embedded_ptx                      0 # saves ptx files embedded in binary as <n>.ptx
-keep                                   0 # keep intermediate files created by GPGPU-Sim when interfacing with external programs
-gpgpu_ptx_save_converted_ptxplus                    0 # Saved converted ptxplus to a file
-gpgpu_occupancy_sm_number                   70 # The SM number to pass to ptxas when getting register usage for computing GPU occupancy. This parameter is required in the config.
-ptx_opcode_latency_int      4,13,4,5,145,32 # Opcode latencies for integers <ADD,MAX,MUL,MAD,DIV,SHFL>Default 1,1,19,25,145,32
-ptx_opcode_latency_fp          4,13,4,5,39 # Opcode latencies for single precision floating points <ADD,MAX,MUL,MAD,DIV>Default 1,1,1,1,30
-ptx_opcode_latency_dp         8,19,8,8,330 # Opcode latencies for double precision floating points <ADD,MAX,MUL,MAD,DIV>Default 8,8,8,8,335
-ptx_opcode_latency_sfu                  100 # Opcode latencies for SFU instructionsDefault 8
-ptx_opcode_latency_tesnor                   64 # Opcode latencies for Tensor instructionsDefault 64
-ptx_opcode_initiation_int          2,2,2,2,8,4 # Opcode initiation intervals for integers <ADD,MAX,MUL,MAD,DIV,SHFL>Default 1,1,4,4,32,4
-ptx_opcode_initiation_fp            2,2,2,2,4 # Opcode initiation intervals for single precision floating points <ADD,MAX,MUL,MAD,DIV>Default 1,1,1,1,5
-ptx_opcode_initiation_dp          4,4,4,4,130 # Opcode initiation intervals for double precision floating points <ADD,MAX,MUL,MAD,DIV>Default 8,8,8,8,130
-ptx_opcode_initiation_sfu                    8 # Opcode initiation intervals for sfu instructionsDefault 8
-ptx_opcode_initiation_tensor                   64 # Opcode initiation intervals for tensor instructionsDefault 64
-cdp_latency         7200,8000,100,12000,1600 # CDP API latency <cudaStreamCreateWithFlags, cudaGetParameterBufferV2_init_perWarp, cudaGetParameterBufferV2_perKernel, cudaLaunchDeviceV2_init_perWarp, cudaLaunchDevicV2_perKernel>Default 7200,8000,100,12000,1600
-network_mode                           2 # Interconnection network mode
-inter_config_file                   mesh # Interconnection network config file
-icnt_in_buffer_limit                  512 # in_buffer_limit
-icnt_out_buffer_limit                  512 # out_buffer_limit
-icnt_subnets                           2 # subnets
-icnt_arbiter_algo                      1 # arbiter_algo
-icnt_verbose                           0 # inct_verbose
-icnt_grant_cycles                      1 # grant_cycles
-gpgpu_ptx_use_cuobjdump                    1 # Use cuobjdump to extract ptx and sass from binaries
-gpgpu_experimental_lib_support                    0 # Try to extract code from cuda libraries [Broken because of unknown cudaGetExportTable]
-checkpoint_option                      0 #  checkpointing flag (0 = no checkpoint)
-checkpoint_kernel                      1 #  checkpointing during execution of which kernel (1- 1st kernel)
-checkpoint_CTA                         0 #  checkpointing after # of CTA (< less than total CTA)
-resume_option                          0 #  resume flag (0 = no resume)
-resume_kernel                          0 #  Resume from which kernel (1= 1st kernel)
-resume_CTA                             0 #  resume from which CTA 
-checkpoint_CTA_t                       0 #  resume from which CTA 
-checkpoint_insn_Y                      0 #  resume from which CTA 
-gpgpu_ptx_convert_to_ptxplus                    0 # Convert SASS (native ISA) to ptxplus and run ptxplus
-gpgpu_ptx_force_max_capability                   70 # Force maximum compute capability
-gpgpu_ptx_inst_debug_to_file                    0 # Dump executed instructions' debug information to file
-gpgpu_ptx_inst_debug_file       inst_debug.txt # Executed instructions' debug output file
-gpgpu_ptx_inst_debug_thread_uid                    1 # Thread UID for executed instructions' debug output
-gpgpu_simd_model                       1 # 1 = post-dominator
-gpgpu_shader_core_pipeline              2048:32 # shader core pipeline config, i.e., {<nthread>:<warpsize>}
-gpgpu_tex_cache:l1  N:4:128:256,L:R:m:N:L,T:512:8,128:2 # per-shader L1 texture cache  (READ-ONLY) config  {<nsets>:<bsize>:<assoc>,<rep>:<wr>:<alloc>:<wr_alloc>,<mshr>:<N>:<merge>,<mq>:<rf>}
-gpgpu_const_cache:l1 N:128:64:8,L:R:f:N:L,S:2:64,4 # per-shader L1 constant memory cache  (READ-ONLY) config  {<nsets>:<bsize>:<assoc>,<rep>:<wr>:<alloc>:<wr_alloc>,<mshr>:<N>:<merge>,<mq>} 
-gpgpu_cache:il1     N:64:128:16,L:R:f:N:L,S:2:48,4 # shader L1 instruction cache config  {<nsets>:<bsize>:<assoc>,<rep>:<wr>:<alloc>:<wr_alloc>,<mshr>:<N>:<merge>,<mq>} 
-gpgpu_cache:dl1     S:4:128:64,L:T:m:L:L,A:512:8,16:0,32 # per-shader L1 data cache config  {<nsets>:<bsize>:<assoc>,<rep>:<wr>:<alloc>:<wr_alloc>,<mshr>:<N>:<merge>,<mq> | none}
-gpgpu_l1_cache_write_ratio                   25 # L1D write ratio
-gpgpu_l1_banks                         4 # The number of L1 cache banks
-gpgpu_l1_banks_byte_interleaving                   32 # l1 banks byte interleaving granularity
-gpgpu_l1_banks_hashing_function                    0 # l1 banks hashing function
-gpgpu_l1_latency                      20 # L1 Hit Latency
-gpgpu_smem_latency                    20 # smem Latency
-gpgpu_cache:dl1PrefL1                 none # per-shader L1 data cache config  {<nsets>:<bsize>:<assoc>,<rep>:<wr>:<alloc>:<wr_alloc>,<mshr>:<N>:<merge>,<mq> | none}
-gpgpu_cache:dl1PrefShared                 none # per-shader L1 data cache config  {<nsets>:<bsize>:<assoc>,<rep>:<wr>:<alloc>:<wr_alloc>,<mshr>:<N>:<merge>,<mq> | none}
-gpgpu_gmem_skip_L1D                    0 # global memory access skip L1D cache (implements -Xptxas -dlcm=cg, default=no skip)
-gpgpu_perfect_mem                      0 # enable perfect memory mode (no cache miss)
-n_regfile_gating_group                    4 # group of lanes that should be read/written together)
-gpgpu_clock_gated_reg_file                    0 # enable clock gated reg file for power calculations
-gpgpu_clock_gated_lanes                    0 # enable clock gated lanes for power calculations
-gpgpu_shader_registers                65536 # Number of registers per shader core. Limits number of concurrent CTAs. (default 8192)
-gpgpu_registers_per_block                65536 # Maximum number of registers per CTA. (default 8192)
-gpgpu_ignore_resources_limitation                    0 # gpgpu_ignore_resources_limitation (default 0)
-gpgpu_shader_cta                      32 # Maximum number of concurrent CTAs in shader (default 32)
-gpgpu_num_cta_barriers                   16 # Maximum number of named barriers per CTA (default 16)
-gpgpu_n_clusters                       8 # number of processing clusters
-gpgpu_n_cores_per_cluster                    1 # number of simd cores per cluster
-gpgpu_n_cluster_ejection_buffer_size                   32 # number of packets in ejection buffer
-gpgpu_n_ldst_response_buffer_size                    2 # number of response packets in ld/st unit ejection buffer
-gpgpu_shmem_per_block                65536 # Size of shared memory per thread block or CTA (default 48kB)
-gpgpu_shmem_size                   98304 # Size of shared memory per shader core (default 16kB)
-gpgpu_shmem_option       0,8,16,32,64,96 # Option list of shared memory sizes
-gpgpu_unified_l1d_size                  128 # Size of unified data cache(L1D + shared memory) in KB
-gpgpu_adaptive_cache_config                    1 # adaptive_cache_config
-gpgpu_shmem_sizeDefault                98304 # Size of shared memory per shader core (default 16kB)
-gpgpu_shmem_size_PrefL1                16384 # Size of shared memory per shader core (default 16kB)
-gpgpu_shmem_size_PrefShared                16384 # Size of shared memory per shader core (default 16kB)
-gpgpu_shmem_num_banks                   32 # Number of banks in the shared memory in each shader core (default 16)
-gpgpu_shmem_limited_broadcast                    0 # Limit shared memory to do one broadcast per cycle (default on)
-gpgpu_shmem_warp_parts                    1 # Number of portions a warp is divided into for shared memory bank conflict check 
-gpgpu_mem_unit_ports                    1 # The number of memory transactions allowed per core cycle
-gpgpu_shmem_warp_parts                    1 # Number of portions a warp is divided into for shared memory bank conflict check 
-gpgpu_warpdistro_shader                   -1 # Specify which shader core to collect the warp size distribution from
-gpgpu_warp_issue_shader                    0 # Specify which shader core to collect the warp issue distribution from
-gpgpu_local_mem_map                    1 # Mapping from local memory space address to simulated GPU physical address space (default = enabled)
-gpgpu_num_reg_banks                    8 # Number of register banks (default = 8)
-gpgpu_reg_bank_use_warp_id                    0 # Use warp ID in mapping registers to banks (default = off)
-gpgpu_sub_core_model                    1 # Sub Core Volta/Pascal model (default = off)
-gpgpu_enable_specialized_operand_collector                    0 # enable_specialized_operand_collector
-gpgpu_operand_collector_num_units_sp                    4 # number of collector units (default = 4)
-gpgpu_operand_collector_num_units_dp                    0 # number of collector units (default = 0)
-gpgpu_operand_collector_num_units_sfu                    4 # number of collector units (default = 4)
-gpgpu_operand_collector_num_units_int                    0 # number of collector units (default = 0)
-gpgpu_operand_collector_num_units_tensor_core                    4 # number of collector units (default = 4)
-gpgpu_operand_collector_num_units_mem                    2 # number of collector units (default = 2)
-gpgpu_operand_collector_num_units_gen                    8 # number of collector units (default = 0)
-gpgpu_operand_collector_num_in_ports_sp                    1 # number of collector unit in ports (default = 1)
-gpgpu_operand_collector_num_in_ports_dp                    0 # number of collector unit in ports (default = 0)
-gpgpu_operand_collector_num_in_ports_sfu                    1 # number of collector unit in ports (default = 1)
-gpgpu_operand_collector_num_in_ports_int                    0 # number of collector unit in ports (default = 0)
-gpgpu_operand_collector_num_in_ports_tensor_core                    1 # number of collector unit in ports (default = 1)
-gpgpu_operand_collector_num_in_ports_mem                    1 # number of collector unit in ports (default = 1)
-gpgpu_operand_collector_num_in_ports_gen                    8 # number of collector unit in ports (default = 0)
-gpgpu_operand_collector_num_out_ports_sp                    1 # number of collector unit in ports (default = 1)
-gpgpu_operand_collector_num_out_ports_dp                    0 # number of collector unit in ports (default = 0)
-gpgpu_operand_collector_num_out_ports_sfu                    1 # number of collector unit in ports (default = 1)
-gpgpu_operand_collector_num_out_ports_int                    0 # number of collector unit in ports (default = 0)
-gpgpu_operand_collector_num_out_ports_tensor_core                    1 # number of collector unit in ports (default = 1)
-gpgpu_operand_collector_num_out_ports_mem                    1 # number of collector unit in ports (default = 1)
-gpgpu_operand_collector_num_out_ports_gen                    8 # number of collector unit in ports (default = 0)
-gpgpu_coalesce_arch                   60 # Coalescing arch (GT200 = 13, Fermi = 20)
-gpgpu_num_sched_per_core                    4 # Number of warp schedulers per core
-gpgpu_max_insn_issue_per_warp                    1 # Max number of instructions that can be issued per warp in one cycle by scheduler (either 1 or 2)
-gpgpu_dual_issue_diff_exec_units                    1 # should dual issue use two different execution unit resources (Default = 1)
-gpgpu_simt_core_sim_order                    1 # Select the simulation order of cores in a cluster (0=Fix, 1=Round-Robin)
-gpgpu_pipeline_widths 4,4,4,4,4,4,4,4,4,4,8,4,4 # Pipeline widths ID_OC_SP,ID_OC_DP,ID_OC_INT,ID_OC_SFU,ID_OC_MEM,OC_EX_SP,OC_EX_DP,OC_EX_INT,OC_EX_SFU,OC_EX_MEM,EX_WB,ID_OC_TENSOR_CORE,OC_EX_TENSOR_CORE
-gpgpu_tensor_core_avail                    1 # Tensor Core Available (default=0)
-gpgpu_num_sp_units                     4 # Number of SP units (default=1)
-gpgpu_num_dp_units                     4 # Number of DP units (default=0)
-gpgpu_num_int_units                    4 # Number of INT units (default=0)
-gpgpu_num_sfu_units                    4 # Number of SF units (default=1)
-gpgpu_num_tensor_core_units                    4 # Number of tensor_core units (default=1)
-gpgpu_num_mem_units                    1 # Number if ldst units (default=1) WARNING: not hooked up to anything
-gpgpu_scheduler                      lrr # Scheduler configuration: < lrr | gto | two_level_active > If two_level_active:<num_active_warps>:<inner_prioritization>:<outer_prioritization>For complete list of prioritization values see shader.h enum scheduler_prioritization_typeDefault: gto
-gpgpu_concurrent_kernel_sm                    0 # Support concurrent kernels on a SM (default = disabled)
-gpgpu_perfect_inst_const_cache                    1 # perfect inst and const cache mode, so all inst and const hits in the cache(default = disabled)
-gpgpu_inst_fetch_throughput                    4 # the number of fetched intruction per warp each cycle
-gpgpu_reg_file_port_throughput                    2 # the number ports of the register file
-specialized_unit_1         0,4,4,4,4,BRA # specialized unit config {<enabled>,<num_units>:<latency>:<initiation>,<ID_OC_SPEC>:<OC_EX_SPEC>,<NAME>}
-specialized_unit_2         0,4,4,4,4,BRA # specialized unit config {<enabled>,<num_units>:<latency>:<initiation>,<ID_OC_SPEC>:<OC_EX_SPEC>,<NAME>}
-specialized_unit_3         0,4,4,4,4,BRA # specialized unit config {<enabled>,<num_units>:<latency>:<initiation>,<ID_OC_SPEC>:<OC_EX_SPEC>,<NAME>}
-specialized_unit_4         0,4,4,4,4,BRA # specialized unit config {<enabled>,<num_units>:<latency>:<initiation>,<ID_OC_SPEC>:<OC_EX_SPEC>,<NAME>}
-specialized_unit_5         0,4,4,4,4,BRA # specialized unit config {<enabled>,<num_units>:<latency>:<initiation>,<ID_OC_SPEC>:<OC_EX_SPEC>,<NAME>}
-specialized_unit_6         0,4,4,4,4,BRA # specialized unit config {<enabled>,<num_units>:<latency>:<initiation>,<ID_OC_SPEC>:<OC_EX_SPEC>,<NAME>}
-specialized_unit_7         0,4,4,4,4,BRA # specialized unit config {<enabled>,<num_units>:<latency>:<initiation>,<ID_OC_SPEC>:<OC_EX_SPEC>,<NAME>}
-specialized_unit_8         0,4,4,4,4,BRA # specialized unit config {<enabled>,<num_units>:<latency>:<initiation>,<ID_OC_SPEC>:<OC_EX_SPEC>,<NAME>}
-gpgpu_perf_sim_memcpy                    1 # Fill the L2 cache on memcpy
-gpgpu_simple_dram_model                    0 # simple_dram_model with fixed latency and BW
-gpgpu_dram_scheduler                    1 # 0 = fifo, 1 = FR-FCFS (defaul)
-gpgpu_dram_partition_queues          64:64:64:64 # i2$:$2d:d2$:$2i
-l2_ideal                               0 # Use a ideal L2 cache that always hit
-gpgpu_cache:dl2     S:32:128:24,L:B:m:L:P,A:192:4,32:0,32 # unified banked L2 data cache config  {<nsets>:<bsize>:<assoc>,<rep>:<wr>:<alloc>:<wr_alloc>,<mshr>:<N>:<merge>,<mq>}
-gpgpu_cache:dl2_texture_only                    0 # L2 cache used for texture only
-gpgpu_n_mem                           16 # number of memory modules (e.g. memory controllers) in gpu
-gpgpu_n_sub_partition_per_mchannel                    2 # number of memory subpartition in each memory module
-gpgpu_n_mem_per_ctrlr                    1 # number of memory chips per memory controller
-gpgpu_memlatency_stat                   14 # track and display latency statistics 0x2 enables MC, 0x4 enables queue logs
-gpgpu_frfcfs_dram_sched_queue_size                   64 # 0 = unlimited (default); # entries per chip
-gpgpu_dram_return_queue_size                  192 # 0 = unlimited (default); # entries per chip
-gpgpu_dram_buswidth                   16 # default = 4 bytes (8 bytes per cycle at DDR)
-gpgpu_dram_burst_length                    2 # Burst length of each DRAM request (default = 4 data bus cycle)
-dram_data_command_freq_ratio                    2 # Frequency ratio between DRAM data bus and command bus (default = 2 times, i.e. DDR)
-gpgpu_dram_timing_opt nbk=16:CCD=1:RRD=3:RCD=12:RAS=28:RP=12:RC=40: CL=12:WL=2:CDLR=3:WR=10:nbkgrp=4:CCDL=2:RTPL=3 # DRAM timing parameters = {nbk:tCCD:tRRD:tRCD:tRAS:tRP:tRC:CL:WL:tCDLR:tWR:nbkgrp:tCCDL:tRTPL}
-gpgpu_l2_rop_latency                  160 # ROP queue latency (default 85)
-dram_latency                         100 # DRAM latency (default 30)
-dram_dual_bus_interface                  257 # dual_bus_interface (default = 0) 
-dram_bnk_indexing_policy                    1 # dram_bnk_indexing_policy (0 = normal indexing, 1 = Xoring with the higher bits) (Default = 0)
-dram_bnkgrp_indexing_policy                    1 # dram_bnkgrp_indexing_policy (0 = take higher bits, 1 = take lower bits) (Default = 0)
-dram_seperate_write_queue_enable                    1 # Seperate_Write_Queue_Enable
-dram_write_queue_size           128:108:32 # Write_Queue_Size
-dram_elimnate_rw_turnaround                    0 # elimnate_rw_turnaround i.e set tWTR and tRTW = 0
-icnt_flit_size                        40 # icnt_flit_size
-SST_mode                               0 # SST mode
-gpgpu_mem_addr_mapping dramid@8;00000000.00000000.00000000.00000000.0000RRRR.RRRRRRRR.RBBBCCCB.CCCSSSSS # mapping memory address to dram model {dramid@<start bit>;<memory address map>}
-gpgpu_mem_addr_test                    0 # run sweep test to check address mapping for aliased address
-gpgpu_mem_address_mask                    1 # 0 = old addressing mask, 1 = new addressing mask, 2 = new add. mask + flipped bank sel and chip sel bits
-gpgpu_memory_partition_indexing                    2 # 0 = no indexing, 1 = bitwise xoring, 2 = IPoly, 3 = custom indexing
-accelwattch_xml_file accelwattch_sass_sim.xml # AccelWattch XML file
-power_simulation_enabled                    0 # Turn on power simulator (1=On, 0=Off)
-power_per_cycle_dump                    0 # Dump detailed power output each cycle
-hw_perf_file_name            hw_perf.csv # Hardware Performance Statistics file
-hw_perf_bench_name                       # Kernel Name in Hardware Performance Statistics file
-power_simulation_mode                    0 # Switch performance counter input for power simulation (0=Sim, 1=HW, 2=HW-Sim Hybrid)
-dvfs_enabled                           0 # Turn on DVFS for power model
-aggregate_power_stats                    0 # Accumulate power across all kernels
-accelwattch_hybrid_perfsim_L1_RH                    0 # Get L1 Read Hits for Accelwattch-Hybrid from Accel-Sim
-accelwattch_hybrid_perfsim_L1_RM                    0 # Get L1 Read Misses for Accelwattch-Hybrid from Accel-Sim
-accelwattch_hybrid_perfsim_L1_WH                    0 # Get L1 Write Hits for Accelwattch-Hybrid from Accel-Sim
-accelwattch_hybrid_perfsim_L1_WM                    0 # Get L1 Write Misses for Accelwattch-Hybrid from Accel-Sim
-accelwattch_hybrid_perfsim_L2_RH                    0 # Get L2 Read Hits for Accelwattch-Hybrid from Accel-Sim
-accelwattch_hybrid_perfsim_L2_RM                    0 # Get L2 Read Misses for Accelwattch-Hybrid from Accel-Sim
-accelwattch_hybrid_perfsim_L2_WH                    0 # Get L2 Write Hits for Accelwattch-Hybrid from Accel-Sim
-accelwattch_hybrid_perfsim_L2_WM                    0 # Get L2 Write Misses for Accelwattch-Hybrid from Accel-Sim
-accelwattch_hybrid_perfsim_CC_ACC                    0 # Get Constant Cache Acesses for Accelwattch-Hybrid from Accel-Sim
-accelwattch_hybrid_perfsim_SHARED_ACC                    0 # Get Shared Memory Acesses for Accelwattch-Hybrid from Accel-Sim
-accelwattch_hybrid_perfsim_DRAM_RD                    0 # Get DRAM Reads for Accelwattch-Hybrid from Accel-Sim
-accelwattch_hybrid_perfsim_DRAM_WR                    0 # Get DRAM Writes for Accelwattch-Hybrid from Accel-Sim
-accelwattch_hybrid_perfsim_NOC                    0 # Get Interconnect Acesses for Accelwattch-Hybrid from Accel-Sim
-accelwattch_hybrid_perfsim_PIPE_DUTY                    0 # Get Pipeline Duty Cycle Acesses for Accelwattch-Hybrid from Accel-Sim
-accelwattch_hybrid_perfsim_NUM_SM_IDLE                    0 # Get Number of Idle SMs for Accelwattch-Hybrid from Accel-Sim
-accelwattch_hybrid_perfsim_CYCLES                    0 # Get Executed Cycles for Accelwattch-Hybrid from Accel-Sim
-accelwattch_hybrid_perfsim_VOLTAGE                    0 # Get Chip Voltage for Accelwattch-Hybrid from Accel-Sim
-power_trace_enabled                    0 # produce a file for the power trace (1=On, 0=Off)
-power_trace_zlevel                     6 # Compression level of the power trace output log (0=no comp, 9=highest)
-steady_power_levels_enabled                    0 # produce a file for the steady power levels (1=On, 0=Off)
-steady_state_definition                  8:4 # allowed deviation:number of samples
-gpgpu_max_cycle                        0 # terminates gpu simulation early (0 = no limit)
-gpgpu_max_insn                         0 # terminates gpu simulation early (0 = no limit)
-gpgpu_max_cta                          0 # terminates gpu simulation early (0 = no limit)
-gpgpu_max_completed_cta                    0 # terminates gpu simulation early (0 = no limit)
-gpgpu_runtime_stat                   500 # display runtime statistics such as dram utilization {<freq>:<flag>}
-liveness_message_freq                    1 # Minimum number of seconds between simulation liveness messages (0 = always print)
-gpgpu_compute_capability_major                    7 # Major compute capability version number
-gpgpu_compute_capability_minor                    0 # Minor compute capability version number
-gpgpu_flush_l1_cache                    1 # Flush L1 cache at the end of each kernel call
-gpgpu_flush_l2_cache                    0 # Flush L2 cache at the end of each kernel call
-gpgpu_deadlock_detect                    1 # Stop the simulation at deadlock (1=on (default), 0=off)
-gpgpu_ptx_instruction_classification                    0 # if enabled will classify ptx instruction types per kernel (Max 255 kernels now)
-gpgpu_ptx_sim_mode                     0 # Select between Performance (default) or Functional simulation (1)
-gpgpu_clock_domains  1377:1377:1377:2133 # Clock Domain Frequencies in MhZ {<Core Clock>:<ICNT Clock>:<L2 Clock>:<DRAM Clock>}
-gpgpu_max_concurrent_kernel                  128 # maximum kernels that can run concurrently on GPU, set this value according to max resident grids for your compute capability
-gpgpu_cflog_interval                    0 # Interval between each snapshot in control flow logger
-visualizer_enabled                     0 # Turn on visualizer output (1=On, 0=Off)
-visualizer_outputfile                 NULL # Specifies the output log file for visualizer
-visualizer_zlevel                      6 # Compression level of the visualizer output log (0=no comp, 9=highest)
-gpgpu_stack_size_limit                 1024 # GPU thread stack size
-gpgpu_heap_size_limit              8388608 # GPU malloc heap size 
-gpgpu_runtime_sync_depth_limit                    2 # GPU device runtime synchronize depth
-gpgpu_runtime_pending_launch_count_limit                 2048 # GPU device runtime pending launch count
-trace_enabled                          0 # Turn on traces
-trace_components                    none # comma seperated list of traces to enable. Complete list found in trace_streams.tup. Default none
-trace_sampling_core                    0 # The core which is printed using CORE_DPRINTF. Default 0
-trace_sampling_memory_partition                   -1 # The memory partition which is printed using MEMPART_DPRINTF. Default -1 (i.e. all)
-enable_ptx_file_line_stats                    1 # Turn on PTX source line statistic profiling. (1 = On)
-ptx_line_stats_filename gpgpu_inst_stats.txt # Output file for PTX source line statistics.
-gpgpu_kernel_launch_latency                    0 # Kernel launch latency in cycles. Default: 0
-gpgpu_cdp_enabled                      0 # Turn on CDP
-gpgpu_TB_launch_latency                    0 # thread block launch latency in cycles. Default: 0
DRAM Timing Options:
nbk                                    16 # number of banks
CCD                                     1 # column to column delay
RRD                                    cc24a1e8e7d047e9483bf8eef7b8691c  /workspace/MLX_dev/build/xavier-attention-components/mlx_attention_proxy
Extracting PTX file and ptxas options    1: mlx_attention_proxy.1.sm_70.ptx -arch=sm_70
 3 # minimal delay between activation of rows in different banks
RCD                                    12 # row to column delay
RAS                                    28 # time needed to activate row
RP                                     12 # time needed to precharge (deactivate) row
RC                                     40 # row cycle time
CDLR                                    3 # switching from write to read (changes tWTR)
WR                                     10 # last data-in to row precharge
CL                                     12 # CAS latency
WL                                      2 # Write latency
nbkgrp                                  4 # number of bank groups
CCDL                                    2 # column to column delay between accesses to different bank groups
RTPL                                    3 # read to precharge delay between accesses to different bank groups
Total number of memory sub partition = 32
addr_dec_mask[CHIP]  = 0000000000000f00 	high:12 low:8
addr_dec_mask[BK]    = 0000000000071000 	high:19 low:12
addr_dec_mask[ROW]   = 00000000fff80000 	high:32 low:19
addr_dec_mask[COL]   = 000000000000e0ff 	high:16 low:0
addr_dec_mask[BURST] = 000000000000001f 	high:5 low:0
sub_partition_id_mask = 0000000000001000
GPGPU-Sim uArch: clock freqs: 1377000000.000000:1377000000.000000:1377000000.000000:2133000000.000000
GPGPU-Sim uArch: clock periods: 0.00000000072621641249:0.00000000072621641249:0.00000000072621641249:0.00000000046882325363
*** Initializing Memory Statistics ***
GPGPU-Sim uArch: performance model initialization complete.
GPGPU-Sim PTX: __cudaRegisterFatBinary, fat_cubin_handle = 1, filename=default
self exe links to: /workspace/MLX_dev/build/xavier-attention-components/mlx_attention_proxy
Running md5sum using "md5sum /workspace/MLX_dev/build/xavier-attention-components/mlx_attention_proxy "
self exe links to: /workspace/MLX_dev/build/xavier-attention-components/mlx_attention_proxy
Extracting specific PTX file named mlx_attention_proxy.1.sm_70.ptx 
GPGPU-Sim PTX: __cudaRegisterFunction _Z10sv_outputsPKfS0_S0_Pfii : hostFun 0x0x57e4fa68f770, fat_cubin_handle = 1
GPGPU-Sim PTX: Parsing mlx_attention_proxy.1.sm_70.ptx
GPGPU-Sim PTX: allocating global region for "__cudart_i2opi_f" from 0x100 to 0x118 (global memory space)
GPGPU-Sim PTX: allocating stack frame region for .local "__local_depot0" from 0x0 to 0x1c
GPGPU-Sim PTX: Warning -- ignoring pragma 'nounroll'
GPGPU-Sim PTX: Warning -- ignoring pragma 'nounroll'
GPGPU-Sim PTX: instruction assembly for function '_Z14fft_pair_stagePK6float2PS_ii'...   done.
GPGPU-Sim PTX: instruction assembly for function '_Z13truncate_halfPK6float2PS_i'...   done.
GPGPU-Sim PTX: Warning -- ignoring pragma 'nounroll'
GPGPU-Sim PTX: instruction assembly for function '_Z9qk_scoresPKfS0_Pfii'...   done.
GPGPU-Sim PTX: Warning -- ignoring pragma 'nounroll'
GPGPU-Sim PTX: Warning -- ignoring pragma 'nounroll'
GPGPU-Sim PTX: instruction assembly for function '_Z13softmax_statsPKfPfii'...   done.
GPGPU-Sim PTX: Warning -- ignoring pragma 'nounroll'
GPGPU-Sim PTX: instruction assembly for function '_Z10sv_outputsPKfS0_S0_Pfii'...   done.
GPGPU-Sim PTX: finished parsing EMBEDDED .ptx file mlx_attention_proxy.1.sm_70.ptx
GPGPU-Sim PTX: loading globals with explicit initializers... 
GPGPU-Sim PTX:     initializing '__cudart_i2opi_f' ...  wrote 24 bytes
GPGPU-Sim PTX: finished loading globals (24 bytes total).
GPGPU-Sim PTX: loading constants with explicit initializers...  done.
GPGPU-Sim PTX: Loading PTXInfo from mlx_attention_proxy.1.sm_70.ptx
GPGPU-Sim PTX: Kernel '_Z10sv_outputsPKfS0_S0_Pfii' : regs=28, lmem=0, smem=0, cmem=392
GPGPU-Sim PTX: Kernel '_Z13softmax_statsPKfPfii' : regs=31, lmem=0, smem=0, cmem=376
GPGPU-Sim PTX: Kernel '_Z9qk_scoresPKfS0_Pfii' : regs=28, lmem=0, smem=0, cmem=384
GPGPU-Sim PTX: Kernel '_Z13truncate_halfPK6float2PS_i' : regs=8, lmem=0, smem=0, cmem=372
GPGPU-Sim PTX: Kernel '_Z14fft_pair_stagePK6float2PS_ii' : regs=28, lmem=0, smem=0, cmem=384
GPGPU-Sim PTX: __cudaRegisterFunction _Z13softmax_statsPKfPfii : hostFun 0x0x57e4fa68f9b0, fat_cubin_handle = 1
GPGPU-Sim PTX: __cudaRegisterFunction _Z9qk_scoresPKfS0_Pfii : hostFun 0x0x57e4fa68f8a0, fat_cubin_handle = 1
GPGPU-Sim PTX: __cudaRegisterFunction _Z13truncate_halfPK6float2PS_i : hostFun 0x0x57e4fa68faa0, fat_cubin_handle = 1
GPGPU-Sim PTX: __cudaRegisterFunction _Z14fft_pair_stagePK6float2PS_ii : hostFun 0x0x57e4fa68fb80, fat_cubin_handle = 1
self exe links to: /workspace/MLX_dev/build/xavier-attention-components/mlx_attention_proxy
self exe links to: /workspace/MLX_dev/build/xavier-attention-components/mlx_attention_proxy
11.0
GPGPU-Sim PTX: __cudaRegisterFatBinary, fat_cubin_handle = 2, filename=default
GPGPU-Sim PTX: __cudaRegisterFunction __nv_static_44__570e7b9d_22_cuda_device_runtime_cu_8b1a5d37__Z16memcpy_3d_deviceImLi1ELi1ELi1EEvPKhPhT_S3_S3_S3_S3_S3_S3_jjjjjjjjS3_S1_S2_ : hostFun 0x0x57e4fa695e20, fat_cubin_handle = 2
Warning: cannot find deviceFun __nv_static_44__570e7b9d_22_cuda_device_runtime_cu_8b1a5d37__Z16memcpy_3d_deviceImLi1ELi1ELi1EEvPKhPhT_S3_S3_S3_S3_S3_S3_jjjjjjjjS3_S1_S2_
GPGPU-Sim PTX: __cudaRegisterFunction __nv_static_44__570e7b9d_22_cuda_device_runtime_cu_8b1a5d37__Z16memcpy_3d_deviceImLi1ELi1ELi0EEvPKhPhT_S3_S3_S3_S3_S3_S3_jjjjjjjjS3_S1_S2_ : hostFun 0x0x57e4fa695af0, fat_cubin_handle = 2
Warning: cannot find deviceFun __nv_static_44__570e7b9d_22_cuda_device_runtime_cu_8b1a5d37__Z16memcpy_3d_deviceImLi1ELi1ELi0EEvPKhPhT_S3_S3_S3_S3_S3_S3_jjjjjjjjS3_S1_S2_
GPGPU-Sim PTX: __cudaRegisterFunction __nv_static_44__570e7b9d_22_cuda_device_runtime_cu_8b1a5d37__Z16memcpy_3d_deviceImLi1ELi0ELi1EEvPKhPhT_S3_S3_S3_S3_S3_S3_jjjjjjjjS3_S1_S2_ : hostFun 0x0x57e4fa6957c0, fat_cubin_handle = 2
Warning: cannot find deviceFun __nv_static_44__570e7b9d_22_cuda_device_runtime_cu_8b1a5d37__Z16memcpy_3d_deviceImLi1ELi0ELi1EEvPKhPhT_S3_S3_S3_S3_S3_S3_jjjjjjjjS3_S1_S2_
GPGPU-Sim PTX: __cudaRegisterFunction __nv_static_44__570e7b9d_22_cuda_device_runtime_cu_8b1a5d37__Z16memcpy_3d_deviceImLi1ELi0ELi0EEvPKhPhT_S3_S3_S3_S3_S3_S3_jjjjjjjjS3_S1_S2_ : hostFun 0x0x57e4fa695490, fat_cubin_handle = 2
Warning: cannot find deviceFun __nv_static_44__570e7b9d_22_cuda_device_runtime_cu_8b1a5d37__Z16memcpy_3d_deviceImLi1ELi0ELi0EEvPKhPhT_S3_S3_S3_S3_S3_S3_jjjjjjjjS3_S1_S2_
GPGPU-Sim PTX: __cudaRegisterFunction __nv_static_44__570e7b9d_22_cuda_device_runtime_cu_8b1a5d37__Z16memcpy_3d_deviceImLi0ELi1ELi1EEvPKhPhT_S3_S3_S3_S3_S3_S3_jjjjjjjjS3_S1_S2_ : hostFun 0x0x57e4fa695160, fat_cubin_handle = 2
Warning: cannot find deviceFun __nv_static_44__570e7b9d_22_cuda_device_runtime_cu_8b1a5d37__Z16memcpy_3d_deviceImLi0ELi1ELi1EEvPKhPhT_S3_S3_S3_S3_S3_S3_jjjjjjjjS3_S1_S2_
GPGPU-Sim PTX: __cudaRegisterFunction __nv_static_44__570e7b9d_22_cuda_device_runtime_cu_8b1a5d37__Z16memcpy_3d_deviceImLi0ELi1ELi0EEvPKhPhT_S3_S3_S3_S3_S3_S3_jjjjjjjjS3_S1_S2_ : hostFun 0x0x57e4fa694e30, fat_cubin_handle = 2
Warning: cannot find deviceFun __nv_static_44__570e7b9d_22_cuda_device_runtime_cu_8b1a5d37__Z16memcpy_3d_deviceImLi0ELi1ELi0EEvPKhPhT_S3_S3_S3_S3_S3_S3_jjjjjjjjS3_S1_S2_
GPGPU-Sim PTX: __cudaRegisterFunction __nv_static_44__570e7b9d_22_cuda_device_runtime_cu_8b1a5d37__Z16memcpy_3d_deviceImLi0ELi0ELi1EEvPKhPhT_S3_S3_S3_S3_S3_S3_jjjjjjjjS3_S1_S2_ : hostFun 0x0x57e4fa694b00, fat_cubin_handle = 2
Warning: cannot find deviceFun __nv_static_44__570e7b9d_22_cuda_device_runtime_cu_8b1a5d37__Z16memcpy_3d_deviceImLi0ELi0ELi1EEvPKhPhT_S3_S3_S3_S3_S3_S3_jjjjjjjjS3_S1_S2_
GPGPU-Sim PTX: __cudaRegisterFunction __nv_static_44__570e7b9d_22_cuda_device_runtime_cu_8b1a5d37__Z16memcpy_3d_deviceImLi0ELi0ELi0EEvPKhPhT_S3_S3_S3_S3_S3_S3_jjjjjjjjS3_S1_S2_ : hostFun 0x0x57e4fa6947d0, fat_cubin_handle = 2
Warning: cannot find deviceFun __nv_static_44__570e7b9d_22_cuda_device_runtime_cu_8b1a5d37__Z16memcpy_3d_deviceImLi0ELi0ELi0EEvPKhPhT_S3_S3_S3_S3_S3_S3_jjjjjjjjS3_S1_S2_
GPGPU-Sim PTX: __cudaRegisterFunction __nv_static_44__570e7b9d_22_cuda_device_runtime_cu_8b1a5d37__Z16memcpy_3d_deviceIjLi1ELi1ELi1EEvPKhPhT_S3_S3_S3_S3_S3_S3_jjjjjjjjS3_S1_S2_ : hostFun 0x0x57e4fa6944c0, fat_cubin_handle = 2
Warning: cannot find deviceFun __nv_static_44__570e7b9d_22_cuda_device_runtime_cu_8b1a5d37__Z16memcpy_3d_deviceIjLi1ELi1ELi1EEvPKhPhT_S3_S3_S3_S3_S3_S3_jjjjjjjjS3_S1_S2_
GPGPU-Sim PTX: __cudaRegisterFunction __nv_static_44__570e7b9d_22_cuda_device_runtime_cu_8b1a5d37__Z16memcpy_3d_deviceIjLi1ELi1ELi0EEvPKhPhT_S3_S3_S3_S3_S3_S3_jjjjjjjjS3_S1_S2_ : hostFun 0x0x57e4fa6941b0, fat_cubin_handle = 2
Warning: cannot find deviceFun __nv_static_44__570e7b9d_22_cuda_device_runtime_cu_8b1a5d37__Z16memcpy_3d_deviceIjLi1ELi1ELi0EEvPKhPhT_S3_S3_S3_S3_S3_S3_jjjjjjjjS3_S1_S2_
GPGPU-Sim PTX: __cudaRegisterFunction __nv_static_44__570e7b9d_22_cuda_device_runtime_cu_8b1a5d37__Z16memcpy_3d_deviceIjLi1ELi0ELi1EEvPKhPhT_S3_S3_S3_S3_S3_S3_jjjjjjjjS3_S1_S2_ : hostFun 0x0x57e4fa693ea0, fat_cubin_handle = 2
Warning: cannot find deviceFun __nv_static_44__570e7b9d_22_cuda_device_runtime_cu_8b1a5d37__Z16memcpy_3d_deviceIjLi1ELi0ELi1EEvPKhPhT_S3_S3_S3_S3_S3_S3_jjjjjjjjS3_S1_S2_
GPGPU-Sim PTX: __cudaRegisterFunction __nv_static_44__570e7b9d_22_cuda_device_runtime_cu_8b1a5d37__Z16memcpy_3d_deviceIjLi1ELi0ELi0EEvPKhPhT_S3_S3_S3_S3_S3_S3_jjjjjjjjS3_S1_S2_ : hostFun 0x0x57e4fa693b90, fat_cubin_handle = 2
Warning: cannot find deviceFun __nv_static_44__570e7b9d_22_cuda_device_runtime_cu_8b1a5d37__Z16memcpy_3d_deviceIjLi1ELi0ELi0EEvPKhPhT_S3_S3_S3_S3_S3_S3_jjjjjjjjS3_S1_S2_
GPGPU-Sim PTX: __cudaRegisterFunction __nv_static_44__570e7b9d_22_cuda_device_runtime_cu_8b1a5d37__Z16memcpy_3d_deviceIjLi0ELi1ELi1EEvPKhPhT_S3_S3_S3_S3_S3_S3_jjjjjjjjS3_S1_S2_ : hostFun 0x0x57e4fa693880, fat_cubin_handle = 2
Warning: cannot find deviceFun __nv_static_44__570e7b9d_22_cuda_device_runtime_cu_8b1a5d37__Z16memcpy_3d_deviceIjLi0ELi1ELi1EEvPKhPhT_S3_S3_S3_S3_S3_S3_jjjjjjjjS3_S1_S2_
GPGPU-Sim PTX: __cudaRegisterFunction __nv_static_44__570e7b9d_22_cuda_device_runtime_cu_8b1a5d37__Z16memcpy_3d_deviceIjLi0ELi1ELi0EEvPKhPhT_S3_S3_S3_S3_S3_S3_jjjjjjjjS3_S1_S2_ : hostFun 0x0x57e4fa693570, fat_cubin_handle = 2
Warning: cannot find deviceFun __nv_static_44__570e7b9d_22_cuda_device_runtime_cu_8b1a5d37__Z16memcpy_3d_deviceIjLi0ELi1ELi0EEvPKhPhT_S3_S3_S3_S3_S3_S3_jjjjjjjjS3_S1_S2_
GPGPU-Sim PTX: __cudaRegisterFunction __nv_static_44__570e7b9d_22_cuda_device_runtime_cu_8b1a5d37__Z16memcpy_3d_deviceIjLi0ELi0ELi1EEvPKhPhT_S3_S3_S3_S3_S3_S3_jjjjjjjjS3_S1_S2_ : hostFun 0x0x57e4fa693260, fat_cubin_handle = 2
Warning: cannot find deviceFun __nv_static_44__570e7b9d_22_cuda_device_runtime_cu_8b1a5d37__Z16memcpy_3d_deviceIjLi0ELi0ELi1EEvPKhPhT_S3_S3_S3_S3_S3_S3_jjjjjjjjS3_S1_S2_
GPGPU-Sim PTX: __cudaRegisterFunction __nv_static_44__570e7b9d_22_cuda_device_runtime_cu_8b1a5d37__Z16memcpy_3d_deviceIjLi0ELi0ELi0EEvPKhPhT_S3_S3_S3_S3_S3_S3_jjjjjjjjS3_S1_S2_ : hostFun 0x0x57e4fa692f50, fat_cubin_handle = 2
Warning: cannot find deviceFun __nv_static_44__570e7b9d_22_cuda_device_runtime_cu_8b1a5d37__Z16memcpy_3d_deviceIjLi0ELi0ELi0EEvPKhPhT_S3_S3_S3_S3_S3_S3_jjjjjjjjS3_S1_S2_
GPGPU-Sim PTX: __cudaRegisterFunction __nv_static_44__570e7b9d_22_cuda_device_runtime_cu_8b1a5d37__Z16memset_3d_deviceImLi1ELi1ELi1EEvPhhjT_S1_S1_S1_S1_jjjjjjjS1_S0_ : hostFun 0x0x57e4fa692d00, fat_cubin_handle = 2
Warning: cannot find deviceFun __nv_static_44__570e7b9d_22_cuda_device_runtime_cu_8b1a5d37__Z16memset_3d_deviceImLi1ELi1ELi1EEvPhhjT_S1_S1_S1_S1_jjjjjjjS1_S0_
GPGPU-Sim PTX: __cudaRegisterFunction __nv_static_44__570e7b9d_22_cuda_device_runtime_cu_8b1a5d37__Z16memset_3d_deviceImLi1ELi1ELi0EEvPhhjT_S1_S1_S1_S1_jjjjjjjS1_S0_ : hostFun 0x0x57e4fa692ab0, fat_cubin_handle = 2
Warning: cannot find deviceFun __nv_static_44__570e7b9d_22_cuda_device_runtime_cu_8b1a5d37__Z16memset_3d_deviceImLi1ELi1ELi0EEvPhhjT_S1_S1_S1_S1_jjjjjjjS1_S0_
GPGPU-Sim PTX: __cudaRegisterFunction __nv_static_44__570e7b9d_22_cuda_device_runtime_cu_8b1a5d37__Z16memset_3d_deviceImLi1ELi0ELi1EEvPhhjT_S1_S1_S1_S1_jjjjjjjS1_S0_ : hostFun 0x0x57e4fa692860, fat_cubin_handle = 2
Warning: cannot find deviceFun __nv_static_44__570e7b9d_22_cuda_device_runtime_cu_8b1a5d37__Z16memset_3d_deviceImLi1ELi0ELi1EEvPhhjT_S1_S1_S1_S1_jjjjjjjS1_S0_
GPGPU-Sim PTX: __cudaRegisterFunction __nv_static_44__570e7b9d_22_cuda_device_runtime_cu_8b1a5d37__Z16memset_3d_deviceImLi1ELi0ELi0EEvPhhjT_S1_S1_S1_S1_jjjjjjjS1_S0_ : hostFun 0x0x57e4fa692610, fat_cubin_handle = 2
Warning: cannot find deviceFun __nv_static_44__570e7b9d_22_cuda_device_runtime_cu_8b1a5d37__Z16memset_3d_deviceImLi1ELi0ELi0EEvPhhjT_S1_S1_S1_S1_jjjjjjjS1_S0_
GPGPU-Sim PTX: __cudaRegisterFunction __nv_static_44__570e7b9d_22_cuda_device_runtime_cu_8b1a5d37__Z16memset_3d_deviceImLi0ELi1ELi1EEvPhhjT_S1_S1_S1_S1_jjjjjjjS1_S0_ : hostFun 0x0x57e4fa6923c0, fat_cubin_handle = 2
Warning: cannot find deviceFun __nv_static_44__570e7b9d_22_cuda_device_runtime_cu_8b1a5d37__Z16memset_3d_deviceImLi0ELi1ELi1EEvPhhjT_S1_S1_S1_S1_jjjjjjjS1_S0_
GPGPU-Sim PTX: __cudaRegisterFunction __nv_static_44__570e7b9d_22_cuda_device_runtime_cu_8b1a5d37__Z16memset_3d_deviceImLi0ELi1ELi0EEvPhhjT_S1_S1_S1_S1_jjjjjjjS1_S0_ : hostFun 0x0x57e4fa692170, fat_cubin_handle = 2
Warning: cannot find deviceFun __nv_static_44__570e7b9d_22_cuda_device_runtime_cu_8b1a5d37__Z16memset_3d_deviceImLi0ELi1ELi0EEvPhhjT_S1_S1_S1_S1_jjjjjjjS1_S0_
GPGPU-Sim PTX: __cudaRegisterFunction __nv_static_44__570e7b9d_22_cuda_device_runtime_cu_8b1a5d37__Z16memset_3d_deviceImLi0ELi0ELi1EEvPhhjT_S1_S1_S1_S1_jjjjjjjS1_S0_ : hostFun 0x0x57e4fa691f20, fat_cubin_handle = 2
Warning: cannot find deviceFun __nv_static_44__570e7b9d_22_cuda_device_runtime_cu_8b1a5d37__Z16memset_3d_deviceImLi0ELi0ELi1EEvPhhjT_S1_S1_S1_S1_jjjjjjjS1_S0_
GPGPU-Sim PTX: __cudaRegisterFunction __nv_static_44__570e7b9d_22_cuda_device_runtime_cu_8b1a5d37__Z16memset_3d_deviceImLi0ELi0ELi0EEvPhhjT_S1_S1_S1_S1_jjjjjjjS1_S0_ : hostFun 0x0x57e4fa691cd0, fat_cubin_handle = 2
Warning: cannot find deviceFun __nv_static_44__570e7b9d_22_cuda_device_runtime_cu_8b1a5d37__Z16memset_3d_deviceImLi0ELi0ELi0EEvPhhjT_S1_S1_S1_S1_jjjjjjjS1_S0_
GPGPU-Sim PTX: __cudaRegisterFunction __nv_static_44__570e7b9d_22_cuda_device_runtime_cu_8b1a5d37__Z16memset_3d_deviceIjLi1ELi1ELi1EEvPhhjT_S1_S1_S1_S1_jjjjjjjS1_S0_ : hostFun 0x0x57e4fa691ab0, fat_cubin_handle = 2
Warning: cannot find deviceFun __nv_static_44__570e7b9d_22_cuda_device_runtime_cu_8b1a5d37__Z16memset_3d_deviceIjLi1ELi1ELi1EEvPhhjT_S1_S1_S1_S1_jjjjjjjS1_S0_
GPGPU-Sim PTX: __cudaRegisterFunction __nv_static_44__570e7b9d_22_cuda_device_runtime_cu_8b1a5d37__Z16memset_3d_deviceIjLi1ELi1ELi0EEvPhhjT_S1_S1_S1_S1_jjjjjjjS1_S0_ : hostFun 0x0x57e4fa691890, fat_cubin_handle = 2
Warning: cannot find deviceFun __nv_static_44__570e7b9d_22_cuda_device_runtime_cu_8b1a5d37__Z16memset_3d_deviceIjLi1ELi1ELi0EEvPhhjT_S1_S1_S1_S1_jjjjjjjS1_S0_
GPGPU-Sim PTX: __cudaRegisterFunction __nv_static_44__570e7b9d_22_cuda_device_runtime_cu_8b1a5d37__Z16memset_3d_deviceIjLi1ELi0ELi1EEvPhhjT_S1_S1_S1_S1_jjjjjjjS1_S0_ : hostFun 0x0x57e4fa691670, fat_cubin_handle = 2
Warning: cannot find deviceFun __nv_static_44__570e7b9d_22_cuda_device_runtime_cu_8b1a5d37__Z16memset_3d_deviceIjLi1ELi0ELi1EEvPhhjT_S1_S1_S1_S1_jjjjjjjS1_S0_
GPGPU-Sim PTX: __cudaRegisterFunction __nv_static_44__570e7b9d_22_cuda_device_runtime_cu_8b1a5d37__Z16memset_3d_deviceIjLi1ELi0ELi0EEvPhhjT_S1_S1_S1_S1_jjjjjjjS1_S0_ : hostFun 0x0x57e4fa691450, fat_cubin_handle = 2
Warning: cannot find deviceFun __nv_static_44__570e7b9d_22_cuda_device_runtime_cu_8b1a5d37__Z16memset_3d_deviceIjLi1ELi0ELi0EEvPhhjT_S1_S1_S1_S1_jjjjjjjS1_S0_
GPGPU-Sim PTX: __cudaRegisterFunction __nv_static_44__570e7b9d_22_cuda_device_runtime_cu_8b1a5d37__Z16memset_3d_deviceIjLi0ELi1ELi1EEvPhhjT_S1_S1_S1_S1_jjjjjjjS1_S0_ : hostFun 0x0x57e4fa691230, fat_cubin_handle = 2
Warning: cannot find deviceFun __nv_static_44__570e7b9d_22_cuda_device_runtime_cu_8b1a5d37__Z16memset_3d_deviceIjLi0ELi1ELi1EEvPhhjT_S1_S1_S1_S1_jjjjjjjS1_S0_
GPGPU-Sim PTX: __cudaRegisterFunction __nv_static_44__570e7b9d_22_cuda_device_runtime_cu_8b1a5d37__Z16memset_3d_deviceIjLi0ELi1ELi0EEvPhhjT_S1_S1_S1_S1_jjjjjjjS1_S0_ : hostFun 0x0x57e4fa691010, fat_cubin_handle = 2
Warning: cannot find deviceFun __nv_static_44__570e7b9d_22_cuda_device_runtime_cu_8b1a5d37__Z16memset_3d_deviceIjLi0ELi1ELi0EEvPhhjT_S1_S1_S1_S1_jjjjjjjS1_S0_
GPGPU-Sim PTX: __cudaRegisterFunction __nv_static_44__570e7b9d_22_cuda_device_runtime_cu_8b1a5d37__Z16memset_3d_deviceIjLi0ELi0ELi1EEvPhhjT_S1_S1_S1_S1_jjjjjjjS1_S0_ : hostFun 0x0x57e4fa690df0, fat_cubin_handle = 2
Warning: cannot find deviceFun __nv_static_44__570e7b9d_22_cuda_device_runtime_cu_8b1a5d37__Z16memset_3d_deviceIjLi0ELi0ELi1EEvPhhjT_S1_S1_S1_S1_jjjjjjjS1_S0_
GPGPU-Sim PTX: __cudaRegisterFunction __nv_static_44__570e7b9d_22_cuda_device_runtime_cu_8b1a5d37__Z16memset_3d_deviceIjLi0ELi0ELi0EEvPhhjT_S1_S1_S1_S1_jjjjjjjS1_S0_ : hostFun 0x0x57e4fa690bd0, fat_cubin_handle = 2
Warning: cannot find deviceFun __nv_static_44__570e7b9d_22_cuda_device_runtime_cu_8b1a5d37__Z16memset_3d_deviceIjLi0ELi0ELi0EEvPhhjT_S1_S1_S1_S1_jjjjjjjS1_S0_
GPGPU-Sim PTX: __cudaRegisterVar: hostVar = 0x57e4fa78a1a0; deviceAddress = __nv_static_44__570e7b9d_22_cuda_device_runtime_cu_8b1a5d37_set_kernel32; deviceName = __nv_static_44__570e7b9d_22_cuda_device_runtime_cu_8b1a5d37_set_kernel32
GPGPU-Sim PTX: __cudaRegisterVar: Registering const memory space of 64 bytes
GPGPU-Sim PTX registering global __nv_static_44__570e7b9d_22_cuda_device_runtime_cu_8b1a5d37_set_kernel32 hostVar to name mapping
GPGPU-Sim PTX: __cudaRegisterVar: hostVar = 0x57e4fa78a160; deviceAddress = __nv_static_44__570e7b9d_22_cuda_device_runtime_cu_8b1a5d37_set_kernel64; deviceName = __nv_static_44__570e7b9d_22_cuda_device_runtime_cu_8b1a5d37_set_kernel64
GPGPU-Sim PTX: __cudaRegisterVar: Registering const memory space of 64 bytes
GPGPU-Sim PTX registering global __nv_static_44__570e7b9d_22_cuda_device_runtime_cu_8b1a5d37_set_kernel64 hostVar to name mapping
GPGPU-Sim PTX: __cudaRegisterVar: hostVar = 0x57e4fa78a120; deviceAddress = __nv_static_44__570e7b9d_22_cuda_device_runtime_cu_8b1a5d37_cpy_kernel32; deviceName = __nv_static_44__570e7b9d_22_cuda_device_runtime_cu_8b1a5d37_cpy_kernel32
GPGPU-Sim PTX: __cudaRegisterVar: Registering const memory space of 64 bytes
GPGPU-Sim PTX registering global __nv_static_44__570e7b9d_22_cuda_device_runtime_cu_8b1a5d37_cpy_kernel32 hostVar to name mapping
GPGPU-Sim PTX: __cudaRegisterVar: hostVar = 0x57e4fa78a0e0; deviceAddress = __nv_static_44__570e7b9d_22_cuda_device_runtime_cu_8b1a5d37_cpy_kernel64; deviceName = __nv_static_44__570e7b9d_22_cuda_device_runtime_cu_8b1a5d37_cpy_kernel64
GPGPU-Sim PTX: __cudaRegisterVar: Registering const memory space of 64 bytes
GPGPU-Sim PTX registering global __nv_static_44__570e7b9d_22_cuda_device_runtime_cu_8b1a5d37_cpy_kernel64 hostVar to name mapping
GPGPU-Sim PTX: __cudaRegisterVar: hostVar = 0x57e4fa7890a0; deviceAddress = __nv_static_44__570e7b9d_22_cuda_device_runtime_cu_8b1a5d37_cudartErrorTableArr; deviceName = __nv_static_44__570e7b9d_22_cuda_device_runtime_cu_8b1a5d37_cudartErrorTableArr
GPGPU-Sim PTX: __cudaRegisterVar: Registering const memory space of 3000 bytes
GPGPU-Sim PTX registering global __nv_static_44__570e7b9d_22_cuda_device_runtime_cu_8b1a5d37_cudartErrorTableArr hostVar to name mapping
GPGPU-Sim PTX: __cudaRegisterVar: hostVar = 0x57e4fa78a0d0; deviceAddress = cudartErrorTable; deviceName = cudartErrorTable
GPGPU-Sim PTX: __cudaRegisterVar: Registering const memory space of 8 bytes
GPGPU-Sim PTX registering global cudartErrorTable hostVar to name mapping
GPGPU-Sim PTX: __cudaRegisterVar: hostVar = 0x57e4fa69aba8; deviceAddress = cudartErrorTableEntryCount; deviceName = cudartErrorTableEntryCount
GPGPU-Sim PTX: __cudaRegisterVar: Registering const memory space of 4 bytes
GPGPU-Sim PTX registering global cudartErrorTableEntryCount hostVar to name mapping
GPGPU-Sim PTX: __cudaRegisterVar: hostVar = 0x57e4fa69ab40; deviceAddress = __nv_static_44__570e7b9d_22_cuda_device_runtime_cu_8b1a5d37_cudartErrorCnpMapArr; deviceName = __nv_static_44__570e7b9d_22_cuda_device_runtime_cu_8b1a5d37_cudartErrorCnpMapArr
GPGPU-Sim PTX: __cudaRegisterVar: Registering const memory space of 104 bytes
GPGPU-Sim PTX registering global __nv_static_44__570e7b9d_22_cuda_device_runtime_cu_8b1a5d37_cudartErrorCnpMapArr hostVar to name mapping
GPGPU-Sim PTX: __cudaRegisterVar: hostVar = 0x57e4fa78a0c8; deviceAddress = cudartErrorCnpMap; deviceName = cudartErrorCnpMap
GPGPU-Sim PTX: __cudaRegisterVar: Registering const memory space of 8 bytes
GPGPU-Sim PTX registering global cudartErrorCnpMap hostVar to name mapping
GPGPU-Sim PTX: __cudaRegisterVar: hostVar = 0x57e4fa69ab20; deviceAddress = cudartErrorCnpMapEntryCount; deviceName = cudartErrorCnpMapEntryCount
GPGPU-Sim PTX: __cudaRegisterVar: Registering const memory space of 4 bytes
GPGPU-Sim PTX registering global cudartErrorCnpMapEntryCount hostVar to name mapping
GPGPU-Sim PTX: __cudaRegisterVar: hostVar = 0x57e4fa78a0c0; deviceAddress = __CNPRT_VERSION_NUMBER__; deviceName = __CNPRT_VERSION_NUMBER__
GPGPU-Sim PTX: __cudaRegisterVar: Registering const memory space of 4 bytes
GPGPU-Sim PTX registering global __CNPRT_VERSION_NUMBER__ hostVar to name mapping
GPGPU-Sim PTX: Setting up arguments for 8 bytes starting at 0x7fffbbeb24c8..
GPGPU-Sim PTX: Setting up arguments for 8 bytes starting at 0x7fffbbeb24c0..
GPGPU-Sim PTX: Setting up arguments for 8 bytes starting at 0x7fffbbeb24b8..
GPGPU-Sim PTX: Setting up arguments for 8 bytes starting at 0x7fffbbeb24b0..
GPGPU-Sim PTX: Setting up arguments for 4 bytes starting at 0x7fffbbeb24ac..
GPGPU-Sim PTX: Setting up arguments for 4 bytes starting at 0x7fffbbeb24a8..

GPGPU-Sim PTX: cudaLaunch for 0x0x57e4fa68f770 (mode=performance simulation) on stream 0
GPGPU-Sim PTX: finding reconvergence points for '_Z10sv_outputsPKfS0_S0_Pfii'...
GPGPU-Sim PTX: Finding dominators for '_Z10sv_outputsPKfS0_S0_Pfii'...
GPGPU-Sim PTX: Finding immediate dominators for '_Z10sv_outputsPKfS0_S0_Pfii'...
GPGPU-Sim PTX: Finding postdominators for '_Z10sv_outputsPKfS0_S0_Pfii'...
GPGPU-Sim PTX: Finding immediate postdominators for '_Z10sv_outputsPKfS0_S0_Pfii'...
GPGPU-Sim PTX: pre-decoding instructions for '_Z10sv_outputsPKfS0_S0_Pfii'...
GPGPU-Sim PTX: reconvergence points for _Z10sv_outputsPKfS0_S0_Pfii...
GPGPU-Sim PTX:  1 (potential) branch divergence @  PC=0x1040 (mlx_attention_proxy.1.sm_70.ptx:706) @%p1 bra $L__BB4_9;
GPGPU-Sim PTX:    immediate post dominator      @  PC=0x1200 (mlx_attention_proxy.1.sm_70.ptx:777) ret;
GPGPU-Sim PTX:  2 (potential) branch divergence @  PC=0x1058 (mlx_attention_proxy.1.sm_70.ptx:710) @%p2 bra $L__BB4_8;
GPGPU-Sim PTX:    immediate post dominator      @  PC=0x11c8 (mlx_attention_proxy.1.sm_70.ptx:768) cvta.to.global.u64 %rd22, %rd14;
GPGPU-Sim PTX:  3 (potential) branch divergence @  PC=0x1088 (mlx_attention_proxy.1.sm_70.ptx:717) @%p3 bra $L__BB4_5;
GPGPU-Sim PTX:    immediate post dominator      @  PC=0x1150 (mlx_attention_proxy.1.sm_70.ptx:747) setp.eq.s32 %p5, %r24, 0;
GPGPU-Sim PTX:  4 (potential) branch divergence @  PC=0x1148 (mlx_attention_proxy.1.sm_70.ptx:744) @%p4 bra $L__BB4_4;
GPGPU-Sim PTX:    immediate post dominator      @  PC=0x1150 (mlx_attention_proxy.1.sm_70.ptx:747) setp.eq.s32 %p5, %r24, 0;
GPGPU-Sim PTX:  5 (potential) branch divergence @  PC=0x1158 (mlx_attention_proxy.1.sm_70.ptx:748) @%p5 bra $L__BB4_8;
GPGPU-Sim PTX:    immediate post dominator      @  PC=0x11c8 (mlx_attention_proxy.1.sm_70.ptx:768) cvta.to.global.u64 %rd22, %rd14;
GPGPU-Sim PTX:  6 (potential) branch divergence @  PC=0x11c0 (mlx_attention_proxy.1.sm_70.ptx:765) @%p6 bra $L__BB4_7;
GPGPU-Sim PTX:    immediate post dominator      @  PC=0x11c8 (mlx_attention_proxy.1.sm_70.ptx:768) cvta.to.global.u64 %rd22, %rd14;
GPGPU-Sim PTX: ... end of reconvergence points for _Z10sv_outputsPKfS0_S0_Pfii
GPGPU-Sim PTX: ... done pre-decoding instructions for '_Z10sv_outputsPKfS0_S0_Pfii'.
GPGPU-Sim PTX: pushing kernel '_Z10sv_outputsPKfS0_S0_Pfii' to stream 0, gridDim= (256,1,1) blockDim = (128,1,1) 
GPGPU-Sim uArch: Shader 0 bind to kernel 1 '_Z10sv_outputsPKfS0_S0_Pfii'
GPGPU-Sim uArch: CTA/core = 16, limited by: threads
GPGPU-Sim: Reconfigure L1 cache to 128KB
GPGPU-Sim uArch: Shader 1 bind to kernel 1 '_Z10sv_outputsPKfS0_S0_Pfii'
GPGPU-Sim uArch: Shader 2 bind to kernel 1 '_Z10sv_outputsPKfS0_S0_Pfii'
GPGPU-Sim uArch: Shader 3 bind to kernel 1 '_Z10sv_outputsPKfS0_S0_Pfii'
GPGPU-Sim uArch: Shader 4 bind to kernel 1 '_Z10sv_outputsPKfS0_S0_Pfii'
GPGPU-Sim uArch: Shader 5 bind to kernel 1 '_Z10sv_outputsPKfS0_S0_Pfii'
GPGPU-Sim uArch: Shader 6 bind to kernel 1 '_Z10sv_outputsPKfS0_S0_Pfii'
GPGPU-Sim uArch: Shader 7 bind to kernel 1 '_Z10sv_outputsPKfS0_S0_Pfii'
Destroy streams for kernel 1: size 0
kernel_name = _Z10sv_outputsPKfS0_S0_Pfii 
kernel_launch_uid = 1 
kernel_stream_id = 0
gpu_sim_cycle = 659412
gpu_sim_insn = 20021248
gpu_ipc =      30.3623
gpu_tot_sim_cycle = 659412
gpu_tot_sim_insn = 20021248
gpu_tot_ipc =      30.3623
gpu_tot_issued_cta = 256
gpu_occupancy = 98.6921% 
gpu_tot_occupancy = 98.6921% 
max_total_param_size = 0
gpu_stall_dramfull = 0
gpu_stall_icnt2sh    = 0
partiton_level_parallism =       6.1610
partiton_level_parallism_total  =       6.1610
partiton_level_parallism_util =       6.1766
partiton_level_parallism_util_total  =       6.1766
L2_BW  =     271.4763 GB/Sec
L2_BW_total  =     271.4763 GB/Sec
gpu_total_sim_rate=100609

========= Core cache stats =========
L1I_cache:
	L1I_total_cache_accesses = 0
	L1I_total_cache_misses = 0
	L1I_total_cache_pending_hits = 0
	L1I_total_cache_reservation_fails = 0
L1D_cache:
	L1D_cache_core[0]: Access = 541312, Miss = 505347, Miss_rate = 0.934, Pending_hits = 7060, Reservation_fails = 201490
	L1D_cache_core[1]: Access = 541312, Miss = 505378, Miss_rate = 0.934, Pending_hits = 6915, Reservation_fails = 183214
	L1D_cache_core[2]: Access = 541312, Miss = 506901, Miss_rate = 0.936, Pending_hits = 6996, Reservation_fails = 195594
	L1D_cache_core[3]: Access = 541312, Miss = 510760, Miss_rate = 0.944, Pending_hits = 7041, Reservation_fails = 202218
	L1D_cache_core[4]: Access = 541312, Miss = 503832, Miss_rate = 0.931, Pending_hits = 6649, Reservation_fails = 174822
	L1D_cache_core[5]: Access = 541312, Miss = 508711, Miss_rate = 0.940, Pending_hits = 7094, Reservation_fails = 202649
	L1D_cache_core[6]: Access = 541312, Miss = 509504, Miss_rate = 0.941, Pending_hits = 7532, Reservation_fails = 199148
	L1D_cache_core[7]: Access = 541312, Miss = 512174, Miss_rate = 0.946, Pending_hits = 7459, Reservation_fails = 206028
	L1D_total_cache_accesses = 4330496
	L1D_total_cache_misses = 4062607
	L1D_total_cache_miss_rate = 0.9381
	L1D_total_cache_pending_hits = 56746
	L1D_total_cache_reservation_fails = 1565163
	L1D_cache_data_port_util = 0.041
	L1D_cache_fill_port_util = 0.782
L1C_cache:
	L1C_total_cache_accesses = 0
	L1C_total_cache_misses = 0
	L1C_total_cache_pending_hits = 0
	L1C_total_cache_reservation_fails = 0
L1T_cache:
	L1T_total_cache_accesses = 0
	L1T_total_cache_misses = 0
	L1T_total_cache_pending_hits = 0
	L1T_total_cache_reservation_fails = 0

Total_core_cache_stats:
	Total_core_cache_stats_breakdown[GLOBAL_ACC_R][HIT] = 211143
	Total_core_cache_stats_breakdown[GLOBAL_ACC_R][HIT_RESERVED] = 56746
	Total_core_cache_stats_breakdown[GLOBAL_ACC_R][MISS] = 4050717
	Total_core_cache_stats_breakdown[GLOBAL_ACC_R][RESERVATION_FAIL] = 1564293
	Total_core_cache_stats_breakdown[GLOBAL_ACC_R][SECTOR_MISS] = 7794
	Total_core_cache_stats_breakdown[GLOBAL_ACC_R][MSHR_HIT] = 56746
	Total_core_cache_stats_breakdown[LOCAL_ACC_R][HIT] = 0
	Total_core_cache_stats_breakdown[LOCAL_ACC_R][HIT_RESERVED] = 0
	Total_core_cache_stats_breakdown[LOCAL_ACC_R][MISS] = 0
	Total_core_cache_stats_breakdown[LOCAL_ACC_R][RESERVATION_FAIL] = 0
	Total_core_cache_stats_breakdown[LOCAL_ACC_R][SECTOR_MISS] = 0
	Total_core_cache_stats_breakdown[LOCAL_ACC_R][MSHR_HIT] = 0
	Total_core_cache_stats_breakdown[CONST_ACC_R][HIT] = 0
	Total_core_cache_stats_breakdown[CONST_ACC_R][HIT_RESERVED] = 0
	Total_core_cache_stats_breakdown[CONST_ACC_R][MISS] = 0
	Total_core_cache_stats_breakdown[CONST_ACC_R][RESERVATION_FAIL] = 0
	Total_core_cache_stats_breakdown[CONST_ACC_R][SECTOR_MISS] = 0
	Total_core_cache_stats_breakdown[CONST_ACC_R][MSHR_HIT] = 0
	Total_core_cache_stats_breakdown[TEXTURE_ACC_R][HIT] = 0
	Total_core_cache_stats_breakdown[TEXTURE_ACC_R][HIT_RESERVED] = 0
	Total_core_cache_stats_breakdown[TEXTURE_ACC_R][MISS] = 0
	Total_core_cache_stats_breakdown[TEXTURE_ACC_R][RESERVATION_FAIL] = 0
	Total_core_cache_stats_breakdown[TEXTURE_ACC_R][SECTOR_MISS] = 0
	Total_core_cache_stats_breakdown[TEXTURE_ACC_R][MSHR_HIT] = 0
	Total_core_cache_stats_breakdown[GLOBAL_ACC_W][HIT] = 0
	Total_core_cache_stats_breakdown[GLOBAL_ACC_W][HIT_RESERVED] = 0
	Total_core_cache_stats_breakdown[GLOBAL_ACC_W][MISS] = 1024
	Total_core_cache_stats_breakdown[GLOBAL_ACC_W][RESERVATION_FAIL] = 870
	Total_core_cache_stats_breakdown[GLOBAL_ACC_W][SECTOR_MISS] = 3072
	Total_core_cache_stats_breakdown[GLOBAL_ACC_W][MSHR_HIT] = 0
	Total_core_cache_stats_breakdown[LOCAL_ACC_W][HIT] = 0
	Total_core_cache_stats_breakdown[LOCAL_ACC_W][HIT_RESERVED] = 0
	Total_core_cache_stats_breakdown[LOCAL_ACC_W][MISS] = 0
	Total_core_cache_stats_breakdown[LOCAL_ACC_W][RESERVATION_FAIL] = 0
	Total_core_cache_stats_breakdown[LOCAL_ACC_W][SECTOR_MISS] = 0
	Total_core_cache_stats_breakdown[LOCAL_ACC_W][MSHR_HIT] = 0
	Total_core_cache_stats_breakdown[L1_WRBK_ACC][HIT] = 0
	Total_core_cache_stats_breakdown[L1_WRBK_ACC][HIT_RESERVED] = 0
	Total_core_cache_stats_breakdown[L1_WRBK_ACC][MISS] = 0
	Total_core_cache_stats_breakdown[L1_WRBK_ACC][RESERVATION_FAIL] = 0
	Total_core_cache_stats_breakdown[L1_WRBK_ACC][SECTOR_MISS] = 0
	Total_core_cache_stats_breakdown[L1_WRBK_ACC][MSHR_HIT] = 0
	Total_core_cache_stats_breakdown[L2_WRBK_ACC][HIT] = 0
	Total_core_cache_stats_breakdown[L2_WRBK_ACC][HIT_RESERVED] = 0
	Total_core_cache_stats_breakdown[L2_WRBK_ACC][MISS] = 0
	Total_core_cache_stats_breakdown[L2_WRBK_ACC][RESERVATION_FAIL] = 0
	Total_core_cache_stats_breakdown[L2_WRBK_ACC][SECTOR_MISS] = 0
	Total_core_cache_stats_breakdown[L2_WRBK_ACC][MSHR_HIT] = 0
	Total_core_cache_stats_breakdown[INST_ACC_R][HIT] = 0
	Total_core_cache_stats_breakdown[INST_ACC_R][HIT_RESERVED] = 0
	Total_core_cache_stats_breakdown[INST_ACC_R][MISS] = 0
	Total_core_cache_stats_breakdown[INST_ACC_R][RESERVATION_FAIL] = 0
	Total_core_cache_stats_breakdown[INST_ACC_R][SECTOR_MISS] = 0
	Total_core_cache_stats_breakdown[INST_ACC_R][MSHR_HIT] = 0
	Total_core_cache_stats_breakdown[L1_WR_ALLOC_R][HIT] = 0
	Total_core_cache_stats_breakdown[L1_WR_ALLOC_R][HIT_RESERVED] = 0
	Total_core_cache_stats_breakdown[L1_WR_ALLOC_R][MISS] = 0
	Total_core_cache_stats_breakdown[L1_WR_ALLOC_R][RESERVATION_FAIL] = 0
	Total_core_cache_stats_breakdown[L1_WR_ALLOC_R][SECTOR_MISS] = 0
	Total_core_cache_stats_breakdown[L1_WR_ALLOC_R][MSHR_HIT] = 0
	Total_core_cache_stats_breakdown[L2_WR_ALLOC_R][HIT] = 0
	Total_core_cache_stats_breakdown[L2_WR_ALLOC_R][HIT_RESERVED] = 0
	Total_core_cache_stats_breakdown[L2_WR_ALLOC_R][MISS] = 0
	Total_core_cache_stats_breakdown[L2_WR_ALLOC_R][RESERVATION_FAIL] = 0
	Total_core_cache_stats_breakdown[L2_WR_ALLOC_R][SECTOR_MISS] = 0
	Total_core_cache_stats_breakdown[L2_WR_ALLOC_R][MSHR_HIT] = 0
	Total_core_cache_stats_breakdown[GLOBAL_ACC_R][TOTAL_ACCESS] = 4326400
	Total_core_cache_stats_breakdown[GLOBAL_ACC_W][TOTAL_ACCESS] = 4096

Total_core_cache_fail_stats:
	Total_core_cache_fail_stats_breakdown[GLOBAL_ACC_R][LINE_ALLOC_FAIL] = 1178632
	Total_core_cache_fail_stats_breakdown[GLOBAL_ACC_R][MISS_QUEUE_FULL] = 1282
	Total_core_cache_fail_stats_breakdown[GLOBAL_ACC_R][MSHR_MERGE_ENRTY_FAIL] = 384379
	Total_core_cache_fail_stats_breakdown[GLOBAL_ACC_W][LINE_ALLOC_FAIL] = 45
	Total_core_cache_fail_stats_breakdown[GLOBAL_ACC_W][MISS_QUEUE_FULL] = 825
ctas_completed 256, Shader 0 warp_id issue ditsribution:
warp_id:
0, 1, 2, 3, 4, 5, 6, 7, 8, 9, 10, 11, 12, 13, 14, 15, 16, 17, 18, 19, 20, 21, 22, 23, 24, 25, 26, 27, 28, 29, 30, 31, 32, 33, 34, 35, 36, 37, 38, 39, 40, 41, 42, 43, 44, 45, 46, 47, 48, 49, 50, 51, 52, 53, 54, 55, 56, 57, 58, 59, 60, 61, 62, 63, 
distro:
1230, 1230, 1230, 1230, 1230, 1230, 1230, 1230, 1230, 1230, 1230, 1230, 1230, 1230, 1230, 1230, 1230, 1230, 1230, 1230, 1230, 1230, 1230, 1230, 1230, 1230, 1230, 1230, 1230, 1230, 1230, 1230, 1230, 1230, 1230, 1230, 1230, 1230, 1230, 1230, 1230, 1230, 1230, 1230, 1230, 1230, 1230, 1230, 1230, 1230, 1230, 1230, 1230, 1230, 1230, 1230, 1230, 1230, 1230, 1230, 1230, 1230, 1230, 1230, 
gpgpu_n_tot_thrd_icount = 20152320
gpgpu_n_tot_w_icount = 629760
gpgpu_n_stall_shd_mem = 4912195
gpgpu_n_mem_read_local = 0
gpgpu_n_mem_write_local = 0
gpgpu_n_mem_read_global = 4058511
gpgpu_n_mem_write_global = 4096
gpgpu_n_mem_texture = 0
gpgpu_n_mem_const = 0
gpgpu_n_load_insn  = 8421376
gpgpu_n_store_insn = 32768
gpgpu_n_shmem_insn = 0
gpgpu_n_sstarr_insn = 0
gpgpu_n_tex_insn = 0
gpgpu_n_const_mem_insn = 0
gpgpu_n_param_mem_insn = 196608
gpgpu_n_shmem_bkconflict = 0
gpgpu_n_l1cache_bkconflict = 4912195
gpgpu_n_intrawarp_mshr_merge = 0
gpgpu_n_cmem_portconflict = 0
gpgpu_stall_shd_mem[c_mem][resource_stall] = 0
gpgpu_stall_shd_mem[s_mem][bk_conf] = 0
gpgpu_stall_shd_mem[gl_mem][resource_stall] = 4912195
gpgpu_stall_shd_mem[gl_mem][coal_stall] = 0
gpgpu_stall_shd_mem[gl_mem][data_port_stall] = 0
gpu_reg_bank_conflict_stalls = 0
Warp Occupancy Distribution:
Stall:20051803	W0_Idle:16749	W0_Scoreboard:74536	W1:0	W2:0	W3:0	W4:0	W5:0	W6:0	W7:0	W8:0	W9:0	W10:0	W11:0	W12:0	W13:0	W14:0	W15:0	W16:0	W17:0	W18:0	W19:0	W20:0	W21:0	W22:0	W23:0	W24:0	W25:0	W26:0	W27:0	W28:0	W29:0	W30:0	W31:0	W32:629760
single_issue_nums: WS0:157440	WS1:157440	WS2:157440	WS3:157440	
dual_issue_nums: WS0:0	WS1:0	WS2:0	WS3:0	
traffic_breakdown_coretomem[GLOBAL_ACC_R] = 32468088 {8:4058511,}
traffic_breakdown_coretomem[GLOBAL_ACC_W] = 163840 {40:4096,}
traffic_breakdown_memtocore[GLOBAL_ACC_R] = 162340440 {40:4058511,}
traffic_breakdown_memtocore[GLOBAL_ACC_W] = 32768 {8:4096,}
maxmflatency = 1479 
max_icnt2mem_latency = 1115 
maxmrqlatency = 89 
max_icnt2sh_latency = 789 
averagemflatency = 327 
avg_icnt2mem_latency = 28 
avg_mrq_latency = 1 
avg_icnt2sh_latency = 108 
mrq_lat_table:773122 	106330 	19146 	21405 	26014 	2768 	42 	0 	0 	0 	0 	0 	0 	0 	0 	0 	0 	0 	0 	0 	0 	0 	0 	0 	0 	0 	0 	0 	0 	0 	0 	0 	
dq_lat_table:0 	0 	0 	0 	0 	0 	0 	0 	0 	0 	0 	0 	0 	0 	0 	0 	0 	0 	0 	0 	0 	0 	0 	0 	0 	0 	0 	0 	0 	0 	0 	0 	
mf_lat_table:0 	0 	0 	0 	0 	0 	0 	1207914 	2630750 	223754 	189 	0 	0 	0 	0 	0 	0 	0 	0 	0 	0 	0 	0 	0 	0 	0 	0 	0 	0 	0 	0 	0 	
icnt2mem_lat_table:0 	0 	0 	0 	3500884 	466315 	54829 	33361 	6884 	330 	4 	0 	0 	0 	0 	0 	0 	0 	0 	0 	0 	0 	0 	0 	
icnt2sh_lat_table:0 	137520 	146726 	236528 	404407 	617842 	1039699 	1235128 	235068 	9689 	0 	0 	0 	0 	0 	0 	0 	0 	0 	0 	0 	0 	0 	0 	
mf_lat_pw_table:0 	0 	0 	0 	0 	0 	0 	5 	1311 	0 	0 	0 	0 	0 	0 	0 	0 	0 	0 	0 	0 	0 	0 	0 	0 	0 	0 	0 	0 	0 	0 	0 	
maximum concurrent accesses to same row:
dram[0]:         4         4         4         4         4         4         4         4         4         4         4         4         4         4         4         4 
dram[1]:         4         4         4         4         4         4         4         4         4         4         4         4         4         4         6         6 
dram[2]:         4         4         4         4         4         4         4         4         4         4         4         4         4         4         4         4 
dram[3]:         4         4         4         4         4         4         4         4         4         4         4         4         4         4         6         5 
dram[4]:         4         4         4         4         4         4         4         4         4         4         4         4         4         4         4         4 
dram[5]:         4         4         4         4         4         4         4         4         4         4         4         4         4         4         6         6 
dram[6]:         4         4         4         4         4         4         4         4         4         4         4         4         4         4         4         4 
dram[7]:         4         4         4         4         4         4         4         4         4         4         4         4         4         4         6         5 
dram[8]:         4         4         4         4         4         4         4         4         4         4         4         4         4         4         4         4 
dram[9]:         4         4         4         4         4         4         4         4         4         4         4         4         4         4         6         5 
dram[10]:         4         4         4         4         4         4         4         4         4         4         4         4         4         4         4         4 
dram[11]:         4         4         4         4         4         4         4         4         4         4         4         4         4         4         6         6 
dram[12]:         4         4         4         4         4         4         4         4         4         4         4         4         4         4         4         4 
dram[13]:         4         4         4         4         4         4         4         4         4         4         5         4         4         4         6         6 
dram[14]:         4         4         4         4         4         4         4         4         4         4         4         4         4         4         4         4 
dram[15]:         4         4         4         4         4         4         4         4         4         4         4         4         4         4         6         6 
maximum service time to same row:
dram[0]:      3781      5017      3330      3362      7956      7972      3900      3452      8497      4652      3198      2873      6011      6027      4288      4284 
dram[1]:      5895      6324      3839      3856      3865      4247      5293      3599      5029      5027      4011      3996      8989      8988      3548      3548 
dram[2]:      5018      5019      3360      3362      7956      5308      3903      3880      8495      7577      3543      3359      6011      6027      4109      3147 
dram[3]:      3384      6787      3839      3856      4266      3608      3599      3599      5025      5027      4011      3993      7668      6104      3548      3548 
dram[4]:      5013      5013      3362      3360      7952      5583      3894      3878      8492      8491      2942      3199      6015      6031      3570      4288 
dram[5]:      6307      4832      3838      3856      4262      4242      3599      4843      5033      5032      4016      4000      7739      8992      3270      3552 
dram[6]:      5015      4516      3360      3362      7951      7967      3352      3880      8491      8493      3195      3197      6015      4430      4292      4284 
dram[7]:      6311      6326      3839      3856      4262      4243      3599      2598      5029      5030      4014      7251      8992      8994      3270      3552 
dram[8]:      5009      5009      3949      3322      7965      3635      3444      3333      7500      8503      3375      3202      6003      6020      4293      4284 
dram[9]:      6315      6333      3847      3863      4286      3237      3607      3608      5029      5027      4011      3996      8648      5894      3548      3270 
dram[10]:      5011      5011      3368      3370      7963      7980      3444      3889      8503      8503      2867      3200      6003      6019      4207      4280 
dram[11]:      6318      6333      3847      3865      4276      4260      3607      2510      5025      5027      4011      3994      8980      8980      3548      3548 
dram[12]:      5005      3163      3338      3368      7960      7976      3124      3885      8501      8499      2916      3093      6007      6023      3468      4295 
dram[13]:      6315      6333      3847      3863      4269      4435      3607      3607      5033      5031      2649      4000      8985      8204      3552      3552 
dram[14]:      5007      5007      3368      3322      7959      7976      3911      3545      8499      8501      3198      2916      6007      6023      4297      4286 
dram[15]:      6319      5521      3849      3040      3353      4255      3606      3607      5029      5031      4015      3998      8985      8015      3552      3552 
average row accesses per activate:
dram[0]:  1.914697  1.908905  1.908666  1.903727  1.953501  1.955998  1.935112  1.934692  1.940314  1.933229  1.906736  1.918877  1.918653  1.914256  1.933923  1.935871 
dram[1]:  1.918557  1.942499  1.916623  1.935331  1.903012  1.919712  1.939759  1.931664  1.908624  1.924149  1.937074  1.901850  1.935904  1.927235  1.925521  1.916407 
dram[2]:  1.903473  1.913333  1.927635  1.910696  1.969425  1.962145  1.925117  1.938711  1.927566  1.938776  1.912162  1.913632  1.931664  1.923077  1.951655  1.948556 
dram[3]:  1.913829  1.942992  1.914152  1.918101  1.918252  1.911840  1.936682  1.944328  1.918905  1.915681  1.929953  1.912008  1.935904  1.931735  1.934100  1.943743 
dram[4]:  1.916023  1.926653  1.920709  1.920627  1.943318  1.943111  1.931700  1.933124  1.922280  1.932812  1.927862  1.933789  1.909794  1.918092  1.939854  1.926905 
dram[5]:  1.921012  1.944590  1.921990  1.935331  1.892495  1.924665  1.941207  1.917055  1.917096  1.932573  1.914640  1.914982  1.925907  1.905447  1.929504  1.942105 
dram[6]:  1.919197  1.916238  1.922153  1.912208  1.958027  1.966263  1.910871  1.929167  1.933716  1.945932  1.923879  1.928796  1.915202  1.918737  1.940010  1.948086 
dram[7]:  1.923952  1.942438  1.923077  1.931615  1.909928  1.915811  1.941300  1.925117  1.911659  1.925026  1.927975  1.926157  1.936815  1.921162  1.944240  1.943743 
dram[8]:  1.914653  1.905786  1.904145  1.914152  1.953379  1.961114  1.933647  1.947396  1.930693  1.935703  1.924282  1.917751  1.917659  1.925234  1.936004  1.940930 
dram[9]:  1.925945  1.922958  1.917751  1.945474  1.919280  1.916838  1.929130  1.916106  1.942649  1.931500  1.915975  1.928534  1.918863  1.921203  1.938058  1.926448 
dram[10]:  1.920741  1.914609  1.910130  1.918623  1.965789  1.976707  1.939203  1.919689  1.934692  1.943861  1.935823  1.915800  1.907779  1.937794  1.946102  1.948637 
dram[11]:  1.923992  1.937012  1.925326  1.929208  1.900612  1.931266  1.941793  1.925637  1.920619  1.916581  1.922997  1.937664  1.911901  1.911477  1.954521  1.935568 
dram[12]:  1.910158  1.908205  1.918101  1.920668  1.949817  1.957023  1.938776  1.929651  1.949474  1.938776  1.924765  1.908290  1.919171  1.924793  1.927386  1.940930 
dram[13]:  1.917611  1.938381  1.915581  1.918623  1.916367  1.912353  1.934066  1.938252  1.916624  1.914477  1.904786  1.928945  1.930317  1.929314  1.936059  1.945818 
dram[14]:  1.909324  1.932503  1.927559  1.918495  1.953951  1.957000  1.927642  1.926042  1.920166  1.940283  1.916233  1.906880  1.928683  1.944795  1.960422  1.932812 
dram[15]:  1.922004  1.924392  1.922234  1.935823  1.903111  1.918641  1.930657  1.935214  1.930016  1.920021  1.932531  1.928460  1.922360  1.943396  1.948813  1.934942 
average row locality = 948827/492175 = 1.927824
number of total memory accesses made:
dram[0]:         0         0         0         0         0         0         0         0         0         0         0         0         0         0         0         0 
dram[1]:         0         0         0         0         0         0         0         0         0         0         0         0         0         0         0         0 
dram[2]:         0         0         0         0         0         0         0         0         0         0         0         0         0         0         0         0 
dram[3]:         0         0         0         0         0         0         0         0         0         0         0         0         0         0         0         0 
dram[4]:         0         0         0         0         0         0         0         0         0         0         0         0         0         0         0         0 
dram[5]:         0         0         0         0         0         0         0         0         0         0         0         0         0         0         0         0 
dram[6]:         0         0         0         0         0         0         0         0         0         0         0         0         0         0         0         0 
dram[7]:         0         0         0         0         0         0         0         0         0         0         0         0         0         0         0         0 
dram[8]:         0         0         0         0         0         0         0         0         0         0         0         0         0         0         0         0 
dram[9]:         0         0         0         0         0         0         0         0         0         0         0         0         0         0         0         0 
dram[10]:         0         0         0         0         0         0         0         0         0         0         0         0         0         0         0         0 
dram[11]:         0         0         0         0         0         0         0         0         0         0         0         0         0         0         0         0 
dram[12]:         0         0         0         0         0         0         0         0         0         0         0         0         0         0         0         0 
dram[13]:         0         0         0         0         0         0         0         0         0         0         0         0         0         0         0         0 
dram[14]:         0         0         0         0         0         0         0         0         0         0         0         0         0         0         0         0 
dram[15]:         0         0         0         0         0         0         0         0         0         0         0         0         0         0         0         0 
total accesses: 0
min_bank_accesses = 0!
min_chip_accesses = 0!
number of total read accesses:
dram[0]:      3699      3697      3676      3667      3713      3718      3711      3710      3718      3720      3738      3737      3685      3681      3719      3718 
dram[1]:      3728      3716      3676      3663      3690      3695      3709      3700      3708      3712      3738      3749      3692      3699      3716      3723 
dram[2]:      3702      3697      3664      3666      3711      3718      3719      3709      3708      3720      3730      3737      3674      3681      3721      3718 
dram[3]:      3716      3715      3665      3662      3693      3695      3698      3700      3703      3713      3745      3751      3698      3699      3713      3722 
dram[4]:      3697      3697      3662      3666      3722      3718      3697      3709      3722      3720      3740      3737      3691      3681      3716      3719 
dram[5]:      3722      3714      3657      3661      3697      3695      3698      3700      3709      3711      3748      3749      3694      3701      3726      3723 
dram[6]:      3701      3697      3672      3666      3716      3718      3716      3708      3723      3720      3739      3737      3688      3681      3725      3717 
dram[7]:      3706      3714      3671      3663      3693      3695      3695      3700      3719      3712      3748      3748      3698      3700      3712      3723 
dram[8]:      3706      3697      3665      3665      3710      3718      3705      3709      3723      3720      3730      3737      3679      3683      3722      3717 
dram[9]:      3716      3715      3658      3661      3697      3695      3704      3700      3715      3711      3741      3747      3697      3701      3728      3723 
dram[10]:      3703      3697      3663      3666      3721      3718      3712      3709      3727      3721      3732      3737      3679      3683      3718      3718 
dram[11]:      3721      3715      3668      3661      3692      3695      3708      3700      3723      3711      3747      3747      3701      3701      3726      3723 
dram[12]:      3710      3697      3669      3665      3721      3718      3714      3708      3724      3720      3732      3737      3683      3682      3715      3717 
dram[13]:      3724      3716      3656      3662      3705      3697      3696      3700      3709      3711      3744      3747      3698      3700      3717      3724 
dram[14]:      3687      3697      3663      3665      3723      3718      3702      3709      3713      3721      3729      3736      3681      3682      3723      3718 
dram[15]:      3717      3715      3665      3662      3694      3697      3695      3700      3712      3711      3744      3748      3693      3700      3723      3724 
total dram reads = 948827
bank skew: 3751/3656 = 1.03
chip skew: 59339/59267 = 1.00
number of total write accesses:
dram[0]:        64        64         4         4         0         0         0         0         0         0         0         0         0         0         0         0 
dram[1]:        64        64         0         0         0         0         0         0         0         0         0         0         0         0         0         0 
dram[2]:        64        64         4         0         0         0         0         0         0         0         0         0         0         0         0         0 
dram[3]:        64        64         0         4         0         0         0         0         0         0         0         0         0         0         0         0 
dram[4]:        64        64         0         4         0         0         0         0         0         0         0         0         0         0         0         0 
dram[5]:        64        64         0         4         0         0         0         0         0         0         0         0         0         0         0         0 
dram[6]:        64        64         0         8         0         0         0         0         0         0         0         0         0         0         0         0 
dram[7]:        64        64         4         0         0         0         0         0         0         0         0         0         0         0         0         0 
dram[8]:        64        64         0         0         0         0         0         0         0         0         0         0         0         0         0         0 
dram[9]:        64        64        16         0         0         0         0         0         0         0         0         0         0         0         0         0 
dram[10]:        64        64         8         0         0         0         0         0         0         0         0         0         0         0         0         0 
dram[11]:        64        64        12         4         0         0         0         0         0         0         0         0         0         0         0         0 
dram[12]:        56        64         0         0         0         0         0         0         0         0         0         0         0         0         0         0 
dram[13]:        56        64         4         0         0         0         0         0         0         0         0         0         0         0         0         0 
dram[14]:        64        64         0         0         0         0         0         0         0         0         0         0         0         0         0         0 
dram[15]:        56        64         8         0         0         0         0         0         0         0         0         0         0         0         0         0 
total dram writes = 2112
min_bank_accesses = 0!
chip skew: 144/120 = 1.20
average mf latency per bank:
dram[0]:       2331      1544      1578      1575      1547      1541      1549      1545      1552      1547      1555      1556      1561      1558      1552      1550
dram[1]:       2353      1476      1528      1529      1509      1501      1499      1498      1502      1494      1518      1512      1510      1501      1513      1507
dram[2]:       1385      1384      1419      1416      1389      1383      1390      1391      1400      1393      1400      1394      1412      1404      1398      1397
dram[3]:       1340      1338      1387      1384      1365      1361      1356      1353      1362      1355      1364      1360      1365      1362      1366      1361
dram[4]:       1345      1342      1375      1370      1346      1343      1349      1343      1355      1351      1356      1354      1356      1357      1356      1352
dram[5]:       1356      1354      1406      1399      1376      1374      1373      1370      1380      1376      1379      1378      1383      1377      1379      1376
dram[6]:       1394      1393      1427      1422      1400      1394      1397      1396      1405      1400      1405      1401      1413      1409      1403      1402
dram[7]:       1376      1370      1414      1416      1395      1394      1388      1382      1386      1384      1395      1394      1399      1393      1401      1394
dram[8]:       1350      1349      1385      1382      1350      1344      1355      1347      1364      1361      1358      1355      1365      1361      1360      1358
dram[9]:       1337      1333      1384      1385      1356      1352      1350      1349      1356      1354      1361      1358      1364      1356      1361      1359
dram[10]:       1372      1369      1398      1396      1379      1376      1385      1384      1379      1376      1393      1387      1391      1385      1387      1381
dram[11]:       1293      1290      1331      1332      1318      1311      1307      1305      1305      1303      1314      1312      1312      1308      1314      1309
dram[12]:       1357      1352      1383      1381      1356      1353      1362      1358      1360      1360      1368      1362      1378      1372      1373      1368
dram[13]:       1358      1352      1404      1399      1375      1374      1368      1363      1366      1363      1382      1379      1374      1367      1382      1378
dram[14]:       1401      1397      1434      1429      1405      1403      1416      1410      1410      1405      1418      1412      1415      1412      1413      1411
dram[15]:       1351      1345      1390      1394      1370      1365      1365      1361      1367      1362      1368      1364      1381      1373      1372      1369
maximum mf latency per bank:
dram[0]:       1388      1070      1479      1176      1271      1098      1085      1050      1232      1077      1262      1060      1291      1046      1250      1020
dram[1]:       1450      1052      1139       989      1023       967      1157      1065      1019       943      1161       963      1051      1096       955       964
dram[2]:        930       892      1024       914      1152       892      1411       907       985       911      1009       906      1292       881      1050       910
dram[3]:        848       906      1034       837       882       833      1100      1043       953       845       985       854      1139       868      1003       854
dram[4]:        922       877      1310       895       962      1000      1129       906      1074       974      1152       845      1022       897       892       909
dram[5]:        963       819       971      1083       947       866      1201       944       950       961      1444       950      1137       931       933       856
dram[6]:        923       909      1470       893       947      1077      1148       921       954       903       880       901       913       899       945       890
dram[7]:        947       916       974      1209       953       877      1145       881       855       926       853       875      1155       879      1041       907
dram[8]:        867       857      1210       884      1095       914      1282       910      1069       893       870       859      1293       910       967       885
dram[9]:        933      1109      1100      1116       951      1000      1208       991      1037      1132       941       951      1159      1043      1094       898
dram[10]:        976       862      1190       934      1050       908      1163       872      1136       918       895       881       928       910       936       907
dram[11]:        958       844       960       897      1014       978      1219       814       973       834       948       871       995      1060       979       899
dram[12]:       1038       814      1045      1155      1020      1018      1116       891       920       805       950       832      1185       802      1071       823
dram[13]:        969       997      1049      1096      1005       992      1049      1029      1091      1021      1185       979      1095      1082       983       956
dram[14]:        969      1000      1137      1167      1057      1033      1118      1182      1095      1007      1082      1046      1345      1009      1163      1017
dram[15]:        952      1049       951      1026       975       895      1008       910      1091       930       900       933      1063      1010      1092       892
Memory Partition 0: 
Cache L2_bank_000:
MSHR contents

Cache L2_bank_001:
MSHR contents

In Dram Latency Queue (total = 0): 
DRAM[0]: 16 bks, busW=16 BL=2 CL=12, tRRD=3 tCCD=1, tRCD=12 tRAS=28 tRP=12 tRC=40
n_cmd=1021441 n_nop=904246 n_act=30793 n_pre=30777 n_ref_event=0 n_req=59341 n_rd=59307 n_rd_L2_A=0 n_write=0 n_wr_bk=0 bw_util=0.05806
n_activity=674555 dram_eff=0.08792
bk0: 3726a 970823i bk1: 3730a 969840i bk2: 3678a 971572i bk3: 3678a 970725i bk4: 3739a 971621i bk5: 3734a 971160i bk6: 3698a 971974i bk7: 3703a 971394i bk8: 3706a 971960i bk9: 3706a 971285i bk10: 3680a 970727i bk11: 3690a 970806i bk12: 3703a 971646i bk13: 3706a 970868i bk14: 3717a 971678i bk15: 3713a 971155i 

------------------------------------------------------------------------

Row_Buffer_Locality = 0.480786
Row_Buffer_Locality_read = 0.480786
Row_Buffer_Locality_write = -nan
Bank_Level_Parallism = 1.760026
Bank_Level_Parallism_Col = 1.248162
Bank_Level_Parallism_Ready = 1.013961
write_to_read_ratio_blp_rw_average = 0.000000
GrpLevelPara = 1.204198 

BW Util details:
bwutil = 0.058062 
total_CMD = 1021441 
util_bw = 59307 
Wasted_Col = 287505 
Wasted_Row = 143595 
Idle = 531034 

BW Util Bottlenecks: 
RCDc_limit = 332686 
RCDWRc_limit = 0 
WTRc_limit = 0 
RTWc_limit = 0 
CCDLc_limit = 17764 
rwq = 0 
CCDLc_limit_alone = 17764 
WTRc_limit_alone = 0 
RTWc_limit_alone = 0 

Commands details: 
total_CMD = 1021441 
n_nop = 904246 
Read = 59307 
Write = 0 
L2_Alloc = 0 
L2_WB = 0 
n_act = 30793 
n_pre = 30777 
n_ref = 0 
n_req = 59341 
total_req = 59307 

Dual Bus Interface Util: 
issued_total_row = 61570 
issued_total_col = 59307 
Row_Bus_Util =  0.060278 
CoL_Bus_Util = 0.058062 
Either_Row_CoL_Bus_Util = 0.114735 
Issued_on_Two_Bus_Simul_Util = 0.003605 
issued_two_Eff = 0.031418 
queue_avg = 0.119275 


dram_util_bins: 0 0 0 0 0 0 0 0 0 0
dram_eff_bins: 0 0 0 0 0 0 0 0 0 0
mrqq: max=14 avg=0.119275
Memory Partition 1: 
Cache L2_bank_002:
MSHR contents

Cache L2_bank_003:
MSHR contents

In Dram Latency Queue (total = 0): 
DRAM[1]: 16 bks, busW=16 BL=2 CL=12, tRRD=3 tCCD=1, tRCD=12 tRAS=28 tRP=12 tRC=40
n_cmd=1021441 n_nop=904004 n_act=30830 n_pre=30814 n_ref_event=0 n_req=59346 n_rd=59314 n_rd_L2_A=0 n_write=0 n_wr_bk=0 bw_util=0.05807
n_activity=676084 dram_eff=0.08773
bk0: 3722a 970947i bk1: 3716a 971145i bk2: 3678a 972057i bk3: 3681a 971883i bk4: 3728a 970475i bk5: 3730a 970389i bk6: 3703a 972297i bk7: 3703a 971225i bk8: 3718a 970591i bk9: 3729a 970615i bk10: 3694a 971801i bk11: 3701a 970001i bk12: 3715a 971887i bk13: 3708a 971091i bk14: 3697a 971419i bk15: 3691a 971145i 

------------------------------------------------------------------------

Row_Buffer_Locality = 0.480224
Row_Buffer_Locality_read = 0.480224
Row_Buffer_Locality_write = -nan
Bank_Level_Parallism = 1.760403
Bank_Level_Parallism_Col = 1.251457
Bank_Level_Parallism_Ready = 1.013606
write_to_read_ratio_blp_rw_average = 0.000000
GrpLevelPara = 1.206757 

BW Util details:
bwutil = 0.058069 
total_CMD = 1021441 
util_bw = 59314 
Wasted_Col = 286845 
Wasted_Row = 144298 
Idle = 530984 

BW Util Bottlenecks: 
RCDc_limit = 333052 
RCDWRc_limit = 0 
WTRc_limit = 0 
RTWc_limit = 0 
CCDLc_limit = 17639 
rwq = 0 
CCDLc_limit_alone = 17639 
WTRc_limit_alone = 0 
RTWc_limit_alone = 0 

Commands details: 
total_CMD = 1021441 
n_nop = 904004 
Read = 59314 
Write = 0 
L2_Alloc = 0 
L2_WB = 0 
n_act = 30830 
n_pre = 30814 
n_ref = 0 
n_req = 59346 
total_req = 59314 

Dual Bus Interface Util: 
issued_total_row = 61644 
issued_total_col = 59314 
Row_Bus_Util =  0.060350 
CoL_Bus_Util = 0.058069 
Either_Row_CoL_Bus_Util = 0.114972 
Issued_on_Two_Bus_Simul_Util = 0.003447 
issued_two_Eff = 0.029982 
queue_avg = 0.118296 


dram_util_bins: 0 0 0 0 0 0 0 0 0 0
dram_eff_bins: 0 0 0 0 0 0 0 0 0 0
mrqq: max=9 avg=0.118296
Memory Partition 2: 
Cache L2_bank_004:
MSHR contents

Cache L2_bank_005:
MSHR contents

In Dram Latency Queue (total = 0): 
DRAM[2]: 16 bks, busW=16 BL=2 CL=12, tRRD=3 tCCD=1, tRCD=12 tRAS=28 tRP=12 tRC=40
n_cmd=1021441 n_nop=904305 n_act=30697 n_pre=30681 n_ref_event=0 n_req=59308 n_rd=59275 n_rd_L2_A=0 n_write=0 n_wr_bk=0 bw_util=0.05803
n_activity=673135 dram_eff=0.08806
bk0: 3727a 970313i bk1: 3731a 969808i bk2: 3676a 972143i bk3: 3680a 970973i bk4: 3736a 972060i bk5: 3732a 971582i bk6: 3702a 971598i bk7: 3701a 971281i bk8: 3699a 971632i bk9: 3705a 971408i bk10: 3679a 971077i bk11: 3678a 970731i bk12: 3703a 972005i bk13: 3700a 971010i bk14: 3714a 972213i bk15: 3712a 971407i 

------------------------------------------------------------------------

Row_Buffer_Locality = 0.482126
Row_Buffer_Locality_read = 0.482126
Row_Buffer_Locality_write = -nan
Bank_Level_Parallism = 1.757929
Bank_Level_Parallism_Col = 1.249123
Bank_Level_Parallism_Ready = 1.013446
write_to_read_ratio_blp_rw_average = 0.000000
GrpLevelPara = 1.205204 

BW Util details:
bwutil = 0.058031 
total_CMD = 1021441 
util_bw = 59275 
Wasted_Col = 286544 
Wasted_Row = 144013 
Idle = 531609 

BW Util Bottlenecks: 
RCDc_limit = 331659 
RCDWRc_limit = 0 
WTRc_limit = 0 
RTWc_limit = 0 
CCDLc_limit = 18240 
rwq = 0 
CCDLc_limit_alone = 18240 
WTRc_limit_alone = 0 
RTWc_limit_alone = 0 

Commands details: 
total_CMD = 1021441 
n_nop = 904305 
Read = 59275 
Write = 0 
L2_Alloc = 0 
L2_WB = 0 
n_act = 30697 
n_pre = 30681 
n_ref = 0 
n_req = 59308 
total_req = 59275 

Dual Bus Interface Util: 
issued_total_row = 61378 
issued_total_col = 59275 
Row_Bus_Util =  0.060090 
CoL_Bus_Util = 0.058031 
Either_Row_CoL_Bus_Util = 0.114677 
Issued_on_Two_Bus_Simul_Util = 0.003443 
issued_two_Eff = 0.030025 
queue_avg = 0.114897 


dram_util_bins: 0 0 0 0 0 0 0 0 0 0
dram_eff_bins: 0 0 0 0 0 0 0 0 0 0
mrqq: max=11 avg=0.114897
Memory Partition 3: 
Cache L2_bank_006:
MSHR contents

Cache L2_bank_007:
MSHR contents

In Dram Latency Queue (total = 0): 
DRAM[3]: 16 bks, busW=16 BL=2 CL=12, tRRD=3 tCCD=1, tRCD=12 tRAS=28 tRP=12 tRC=40
n_cmd=1021441 n_nop=904049 n_act=30778 n_pre=30762 n_ref_event=0 n_req=59321 n_rd=59288 n_rd_L2_A=0 n_write=0 n_wr_bk=0 bw_util=0.05804
n_activity=674481 dram_eff=0.0879
bk0: 3709a 971020i bk1: 3715a 971201i bk2: 3679a 971988i bk3: 3677a 971438i bk4: 3731a 970769i bk5: 3730a 969827i bk6: 3701a 972248i bk7: 3702a 971647i bk8: 3715a 970872i bk9: 3726a 969982i bk10: 3692a 971661i bk11: 3694a 970396i bk12: 3715a 971796i bk13: 3707a 971011i bk14: 3698a 971954i bk15: 3697a 971815i 

------------------------------------------------------------------------

Row_Buffer_Locality = 0.480873
Row_Buffer_Locality_read = 0.480873
Row_Buffer_Locality_write = -nan
Bank_Level_Parallism = 1.756893
Bank_Level_Parallism_Col = 1.249659
Bank_Level_Parallism_Ready = 1.013038
write_to_read_ratio_blp_rw_average = 0.000000
GrpLevelPara = 1.205983 

BW Util details:
bwutil = 0.058043 
total_CMD = 1021441 
util_bw = 59288 
Wasted_Col = 287212 
Wasted_Row = 144548 
Idle = 530393 

BW Util Bottlenecks: 
RCDc_limit = 332713 
RCDWRc_limit = 0 
WTRc_limit = 0 
RTWc_limit = 0 
CCDLc_limit = 18205 
rwq = 0 
CCDLc_limit_alone = 18205 
WTRc_limit_alone = 0 
RTWc_limit_alone = 0 

Commands details: 
total_CMD = 1021441 
n_nop = 904049 
Read = 59288 
Write = 0 
L2_Alloc = 0 
L2_WB = 0 
n_act = 30778 
n_pre = 30762 
n_ref = 0 
n_req = 59321 
total_req = 59288 

Dual Bus Interface Util: 
issued_total_row = 61540 
issued_total_col = 59288 
Row_Bus_Util =  0.060248 
CoL_Bus_Util = 0.058043 
Either_Row_CoL_Bus_Util = 0.114928 
Issued_on_Two_Bus_Simul_Util = 0.003364 
issued_two_Eff = 0.029269 
queue_avg = 0.111506 


dram_util_bins: 0 0 0 0 0 0 0 0 0 0
dram_eff_bins: 0 0 0 0 0 0 0 0 0 0
mrqq: max=9 avg=0.111506
Memory Partition 4: 
Cache L2_bank_008:
MSHR contents

Cache L2_bank_009:
MSHR contents

In Dram Latency Queue (total = 0): 
DRAM[4]: 16 bks, busW=16 BL=2 CL=12, tRRD=3 tCCD=1, tRCD=12 tRAS=28 tRP=12 tRC=40
n_cmd=1021441 n_nop=904108 n_act=30756 n_pre=30740 n_ref_event=0 n_req=59327 n_rd=59294 n_rd_L2_A=0 n_write=0 n_wr_bk=0 bw_util=0.05805
n_activity=674125 dram_eff=0.08796
bk0: 3719a 970919i bk1: 3730a 970329i bk2: 3682a 971839i bk3: 3678a 971300i bk4: 3737a 971301i bk5: 3723a 970978i bk6: 3705a 971824i bk7: 3700a 971363i bk8: 3710a 971527i bk9: 3711a 971175i bk10: 3688a 971378i bk11: 3680a 971235i bk12: 3705a 971244i bk13: 3700a 970962i bk14: 3709a 971703i bk15: 3717a 970688i 

------------------------------------------------------------------------

Row_Buffer_Locality = 0.481297
Row_Buffer_Locality_read = 0.481297
Row_Buffer_Locality_write = -nan
Bank_Level_Parallism = 1.758321
Bank_Level_Parallism_Col = 1.247081
Bank_Level_Parallism_Ready = 1.013188
write_to_read_ratio_blp_rw_average = 0.000000
GrpLevelPara = 1.203056 

BW Util details:
bwutil = 0.058049 
total_CMD = 1021441 
util_bw = 59294 
Wasted_Col = 287452 
Wasted_Row = 143827 
Idle = 530868 

BW Util Bottlenecks: 
RCDc_limit = 332643 
RCDWRc_limit = 0 
WTRc_limit = 0 
RTWc_limit = 0 
CCDLc_limit = 17709 
rwq = 0 
CCDLc_limit_alone = 17709 
WTRc_limit_alone = 0 
RTWc_limit_alone = 0 

Commands details: 
total_CMD = 1021441 
n_nop = 904108 
Read = 59294 
Write = 0 
L2_Alloc = 0 
L2_WB = 0 
n_act = 30756 
n_pre = 30740 
n_ref = 0 
n_req = 59327 
total_req = 59294 

Dual Bus Interface Util: 
issued_total_row = 61496 
issued_total_col = 59294 
Row_Bus_Util =  0.060205 
CoL_Bus_Util = 0.058049 
Either_Row_CoL_Bus_Util = 0.114870 
Issued_on_Two_Bus_Simul_Util = 0.003384 
issued_two_Eff = 0.029463 
queue_avg = 0.119268 


dram_util_bins: 0 0 0 0 0 0 0 0 0 0
dram_eff_bins: 0 0 0 0 0 0 0 0 0 0
mrqq: max=9 avg=0.119268
Memory Partition 5: 
Cache L2_bank_010:
MSHR contents

Cache L2_bank_011:
MSHR contents

In Dram Latency Queue (total = 0): 
DRAM[5]: 16 bks, busW=16 BL=2 CL=12, tRRD=3 tCCD=1, tRCD=12 tRAS=28 tRP=12 tRC=40
n_cmd=1021441 n_nop=904015 n_act=30829 n_pre=30813 n_ref_event=0 n_req=59338 n_rd=59305 n_rd_L2_A=0 n_write=0 n_wr_bk=0 bw_util=0.05806
n_activity=673576 dram_eff=0.08805
bk0: 3721a 971128i bk1: 3720a 971331i bk2: 3671a 972175i bk3: 3681a 971829i bk4: 3732a 969977i bk5: 3730a 970425i bk6: 3698a 972454i bk7: 3698a 970871i bk8: 3723a 970877i bk9: 3726a 970664i bk10: 3701a 971069i bk11: 3694a 970480i bk12: 3717a 971723i bk13: 3708a 970314i bk14: 3695a 972085i bk15: 3690a 971790i 

------------------------------------------------------------------------

Row_Buffer_Locality = 0.480162
Row_Buffer_Locality_read = 0.480162
Row_Buffer_Locality_write = -nan
Bank_Level_Parallism = 1.760402
Bank_Level_Parallism_Col = 1.251895
Bank_Level_Parallism_Ready = 1.014080
write_to_read_ratio_blp_rw_average = 0.000000
GrpLevelPara = 1.206686 

BW Util details:
bwutil = 0.058060 
total_CMD = 1021441 
util_bw = 59305 
Wasted_Col = 286840 
Wasted_Row = 144180 
Idle = 531116 

BW Util Bottlenecks: 
RCDc_limit = 333055 
RCDWRc_limit = 0 
WTRc_limit = 0 
RTWc_limit = 0 
CCDLc_limit = 17619 
rwq = 0 
CCDLc_limit_alone = 17619 
WTRc_limit_alone = 0 
RTWc_limit_alone = 0 

Commands details: 
total_CMD = 1021441 
n_nop = 904015 
Read = 59305 
Write = 0 
L2_Alloc = 0 
L2_WB = 0 
n_act = 30829 
n_pre = 30813 
n_ref = 0 
n_req = 59338 
total_req = 59305 

Dual Bus Interface Util: 
issued_total_row = 61642 
issued_total_col = 59305 
Row_Bus_Util =  0.060348 
CoL_Bus_Util = 0.058060 
Either_Row_CoL_Bus_Util = 0.114961 
Issued_on_Two_Bus_Simul_Util = 0.003447 
issued_two_Eff = 0.029985 
queue_avg = 0.116242 


dram_util_bins: 0 0 0 0 0 0 0 0 0 0
dram_eff_bins: 0 0 0 0 0 0 0 0 0 0
mrqq: max=10 avg=0.116242
Memory Partition 6: 
Cache L2_bank_012:
MSHR contents

Cache L2_bank_013:
MSHR contents

In Dram Latency Queue (total = 0): 
DRAM[6]: 16 bks, busW=16 BL=2 CL=12, tRRD=3 tCCD=1, tRCD=12 tRAS=28 tRP=12 tRC=40
n_cmd=1021441 n_nop=904089 n_act=30731 n_pre=30715 n_ref_event=0 n_req=59358 n_rd=59324 n_rd_L2_A=0 n_write=0 n_wr_bk=0 bw_util=0.05808
n_activity=673344 dram_eff=0.0881
bk0: 3729a 970817i bk1: 3729a 969922i bk2: 3679a 971976i bk3: 3681a 970873i bk4: 3732a 971737i bk5: 3730a 971837i bk6: 3709a 971131i bk7: 3704a 971031i bk8: 3705a 971834i bk9: 3707a 971598i bk10: 3690a 971363i bk11: 3684a 971063i bk12: 3704a 971637i bk13: 3707a 970761i bk14: 3719a 971828i bk15: 3715a 971393i 

------------------------------------------------------------------------

Row_Buffer_Locality = 0.481980
Row_Buffer_Locality_read = 0.481980
Row_Buffer_Locality_write = -nan
Bank_Level_Parallism = 1.758784
Bank_Level_Parallism_Col = 1.250567
Bank_Level_Parallism_Ready = 1.013081
write_to_read_ratio_blp_rw_average = 0.000000
GrpLevelPara = 1.206524 

BW Util details:
bwutil = 0.058079 
total_CMD = 1021441 
util_bw = 59324 
Wasted_Col = 286517 
Wasted_Row = 144031 
Idle = 531569 

BW Util Bottlenecks: 
RCDc_limit = 331948 
RCDWRc_limit = 0 
WTRc_limit = 0 
RTWc_limit = 0 
CCDLc_limit = 18195 
rwq = 0 
CCDLc_limit_alone = 18195 
WTRc_limit_alone = 0 
RTWc_limit_alone = 0 

Commands details: 
total_CMD = 1021441 
n_nop = 904089 
Read = 59324 
Write = 0 
L2_Alloc = 0 
L2_WB = 0 
n_act = 30731 
n_pre = 30715 
n_ref = 0 
n_req = 59358 
total_req = 59324 

Dual Bus Interface Util: 
issued_total_row = 61446 
issued_total_col = 59324 
Row_Bus_Util =  0.060156 
CoL_Bus_Util = 0.058079 
Either_Row_CoL_Bus_Util = 0.114889 
Issued_on_Two_Bus_Simul_Util = 0.003346 
issued_two_Eff = 0.029126 
queue_avg = 0.115823 


dram_util_bins: 0 0 0 0 0 0 0 0 0 0
dram_eff_bins: 0 0 0 0 0 0 0 0 0 0
mrqq: max=9 avg=0.115823
Memory Partition 7: 
Cache L2_bank_014:
MSHR contents

Cache L2_bank_015:
MSHR contents

In Dram Latency Queue (total = 0): 
DRAM[7]: 16 bks, busW=16 BL=2 CL=12, tRRD=3 tCCD=1, tRCD=12 tRAS=28 tRP=12 tRC=40
n_cmd=1021441 n_nop=904109 n_act=30755 n_pre=30739 n_ref_event=0 n_req=59330 n_rd=59297 n_rd_L2_A=0 n_write=0 n_wr_bk=0 bw_util=0.05805
n_activity=674143 dram_eff=0.08796
bk0: 3719a 971091i bk1: 3712a 971224i bk2: 3675a 972155i bk3: 3672a 971911i bk4: 3732a 970242i bk5: 3732a 969869i bk6: 3704a 972302i bk7: 3702a 971007i bk8: 3722a 970503i bk9: 3723a 970375i bk10: 3694a 971648i bk11: 3704a 970619i bk12: 3709a 972072i bk13: 3704a 970899i bk14: 3696a 972415i bk15: 3697a 971887i 

------------------------------------------------------------------------

Row_Buffer_Locality = 0.481340
Row_Buffer_Locality_read = 0.481340
Row_Buffer_Locality_write = -nan
Bank_Level_Parallism = 1.758442
Bank_Level_Parallism_Col = 1.251578
Bank_Level_Parallism_Ready = 1.012901
write_to_read_ratio_blp_rw_average = 0.000000
GrpLevelPara = 1.206192 

BW Util details:
bwutil = 0.058052 
total_CMD = 1021441 
util_bw = 59297 
Wasted_Col = 286509 
Wasted_Row = 144477 
Idle = 531158 

BW Util Bottlenecks: 
RCDc_limit = 332301 
RCDWRc_limit = 0 
WTRc_limit = 0 
RTWc_limit = 0 
CCDLc_limit = 18272 
rwq = 0 
CCDLc_limit_alone = 18272 
WTRc_limit_alone = 0 
RTWc_limit_alone = 0 

Commands details: 
total_CMD = 1021441 
n_nop = 904109 
Read = 59297 
Write = 0 
L2_Alloc = 0 
L2_WB = 0 
n_act = 30755 
n_pre = 30739 
n_ref = 0 
n_req = 59330 
total_req = 59297 

Dual Bus Interface Util: 
issued_total_row = 61494 
issued_total_col = 59297 
Row_Bus_Util =  0.060203 
CoL_Bus_Util = 0.058052 
Either_Row_CoL_Bus_Util = 0.114869 
Issued_on_Two_Bus_Simul_Util = 0.003386 
issued_two_Eff = 0.029480 
queue_avg = 0.112421 


dram_util_bins: 0 0 0 0 0 0 0 0 0 0
dram_eff_bins: 0 0 0 0 0 0 0 0 0 0
mrqq: max=8 avg=0.112421
Memory Partition 8: 
Cache L2_bank_016:
MSHR contents

Cache L2_bank_017:
MSHR contents

In Dram Latency Queue (total = 0): 
DRAM[8]: 16 bks, busW=16 BL=2 CL=12, tRRD=3 tCCD=1, tRCD=12 tRAS=28 tRP=12 tRC=40
n_cmd=1021441 n_nop=904122 n_act=30737 n_pre=30721 n_ref_event=0 n_req=59318 n_rd=59286 n_rd_L2_A=0 n_write=0 n_wr_bk=0 bw_util=0.05804
n_activity=671501 dram_eff=0.08829
bk0: 3724a 970640i bk1: 3722a 969775i bk2: 3675a 971452i bk3: 3679a 971238i bk4: 3729a 971878i bk5: 3732a 971704i bk6: 3701a 972048i bk7: 3702a 971621i bk8: 3705a 971629i bk9: 3703a 971544i bk10: 3685a 971247i bk11: 3684a 970362i bk12: 3703a 971554i bk13: 3708a 970980i bk14: 3721a 971388i bk15: 3713a 971314i 

------------------------------------------------------------------------

Row_Buffer_Locality = 0.481547
Row_Buffer_Locality_read = 0.481547
Row_Buffer_Locality_write = -nan
Bank_Level_Parallism = 1.766089
Bank_Level_Parallism_Col = 1.252865
Bank_Level_Parallism_Ready = 1.013612
write_to_read_ratio_blp_rw_average = 0.000000
GrpLevelPara = 1.208271 

BW Util details:
bwutil = 0.058042 
total_CMD = 1021441 
util_bw = 59286 
Wasted_Col = 285750 
Wasted_Row = 143030 
Idle = 533375 

BW Util Bottlenecks: 
RCDc_limit = 331900 
RCDWRc_limit = 0 
WTRc_limit = 0 
RTWc_limit = 0 
CCDLc_limit = 17905 
rwq = 0 
CCDLc_limit_alone = 17905 
WTRc_limit_alone = 0 
RTWc_limit_alone = 0 

Commands details: 
total_CMD = 1021441 
n_nop = 904122 
Read = 59286 
Write = 0 
L2_Alloc = 0 
L2_WB = 0 
n_act = 30737 
n_pre = 30721 
n_ref = 0 
n_req = 59318 
total_req = 59286 

Dual Bus Interface Util: 
issued_total_row = 61458 
issued_total_col = 59286 
Row_Bus_Util =  0.060168 
CoL_Bus_Util = 0.058042 
Either_Row_CoL_Bus_Util = 0.114856 
Issued_on_Two_Bus_Simul_Util = 0.003353 
issued_two_Eff = 0.029194 
queue_avg = 0.118920 


dram_util_bins: 0 0 0 0 0 0 0 0 0 0
dram_eff_bins: 0 0 0 0 0 0 0 0 0 0
mrqq: max=10 avg=0.11892
Memory Partition 9: 
Cache L2_bank_018:
MSHR contents

Cache L2_bank_019:
MSHR contents

In Dram Latency Queue (total = 0): 
DRAM[9]: 16 bks, busW=16 BL=2 CL=12, tRRD=3 tCCD=1, tRCD=12 tRAS=28 tRP=12 tRC=40
n_cmd=1021441 n_nop=903956 n_act=30794 n_pre=30778 n_ref_event=0 n_req=59345 n_rd=59309 n_rd_L2_A=0 n_write=0 n_wr_bk=0 bw_util=0.05806
n_activity=674650 dram_eff=0.08791
bk0: 3719a 971297i bk1: 3719a 970468i bk2: 3684a 971969i bk3: 3675a 972332i bk4: 3733a 971012i bk5: 3734a 970178i bk6: 3702a 972089i bk7: 3700a 970797i bk8: 3726a 971460i bk9: 3722a 970700i bk10: 3694a 971417i bk11: 3697a 971031i bk12: 3713a 971373i bk13: 3706a 970832i bk14: 3692a 972158i bk15: 3693a 971261i 

------------------------------------------------------------------------

Row_Buffer_Locality = 0.480787
Row_Buffer_Locality_read = 0.480787
Row_Buffer_Locality_write = -nan
Bank_Level_Parallism = 1.760124
Bank_Level_Parallism_Col = 1.255743
Bank_Level_Parallism_Ready = 1.013590
write_to_read_ratio_blp_rw_average = 0.000000
GrpLevelPara = 1.208691 

BW Util details:
bwutil = 0.058064 
total_CMD = 1021441 
util_bw = 59309 
Wasted_Col = 285507 
Wasted_Row = 144917 
Idle = 531708 

BW Util Bottlenecks: 
RCDc_limit = 332471 
RCDWRc_limit = 0 
WTRc_limit = 0 
RTWc_limit = 0 
CCDLc_limit = 17895 
rwq = 0 
CCDLc_limit_alone = 17895 
WTRc_limit_alone = 0 
RTWc_limit_alone = 0 

Commands details: 
total_CMD = 1021441 
n_nop = 903956 
Read = 59309 
Write = 0 
L2_Alloc = 0 
L2_WB = 0 
n_act = 30794 
n_pre = 30778 
n_ref = 0 
n_req = 59345 
total_req = 59309 

Dual Bus Interface Util: 
issued_total_row = 61572 
issued_total_col = 59309 
Row_Bus_Util =  0.060280 
CoL_Bus_Util = 0.058064 
Either_Row_CoL_Bus_Util = 0.115019 
Issued_on_Two_Bus_Simul_Util = 0.003325 
issued_two_Eff = 0.028906 
queue_avg = 0.113169 


dram_util_bins: 0 0 0 0 0 0 0 0 0 0
dram_eff_bins: 0 0 0 0 0 0 0 0 0 0
mrqq: max=10 avg=0.113169
Memory Partition 10: 
Cache L2_bank_020:
MSHR contents

Cache L2_bank_021:
MSHR contents

In Dram Latency Queue (total = 0): 
DRAM[10]: 16 bks, busW=16 BL=2 CL=12, tRRD=3 tCCD=1, tRCD=12 tRAS=28 tRP=12 tRC=40
n_cmd=1021441 n_nop=904203 n_act=30674 n_pre=30658 n_ref_event=0 n_req=59338 n_rd=59304 n_rd_L2_A=0 n_write=0 n_wr_bk=0 bw_util=0.05806
n_activity=672277 dram_eff=0.08821
bk0: 3732a 970719i bk1: 3722a 970102i bk2: 3677a 971644i bk3: 3678a 971295i bk4: 3735a 972257i bk5: 3734a 972002i bk6: 3700a 972047i bk7: 3705a 970868i bk8: 3703a 971677i bk9: 3705a 971573i bk10: 3680a 971848i bk11: 3686a 970351i bk12: 3703a 971343i bk13: 3707a 971330i bk14: 3719a 971933i bk15: 3718a 971296i 

------------------------------------------------------------------------

Row_Buffer_Locality = 0.482767
Row_Buffer_Locality_read = 0.482767
Row_Buffer_Locality_write = -nan
Bank_Level_Parallism = 1.760133
Bank_Level_Parallism_Col = 1.252037
Bank_Level_Parallism_Ready = 1.012478
write_to_read_ratio_blp_rw_average = 0.000000
GrpLevelPara = 1.208165 

BW Util details:
bwutil = 0.058059 
total_CMD = 1021441 
util_bw = 59304 
Wasted_Col = 285408 
Wasted_Row = 143930 
Idle = 532799 

BW Util Bottlenecks: 
RCDc_limit = 331182 
RCDWRc_limit = 0 
WTRc_limit = 0 
RTWc_limit = 0 
CCDLc_limit = 18095 
rwq = 0 
CCDLc_limit_alone = 18095 
WTRc_limit_alone = 0 
RTWc_limit_alone = 0 

Commands details: 
total_CMD = 1021441 
n_nop = 904203 
Read = 59304 
Write = 0 
L2_Alloc = 0 
L2_WB = 0 
n_act = 30674 
n_pre = 30658 
n_ref = 0 
n_req = 59338 
total_req = 59304 

Dual Bus Interface Util: 
issued_total_row = 61332 
issued_total_col = 59304 
Row_Bus_Util =  0.060045 
CoL_Bus_Util = 0.058059 
Either_Row_CoL_Bus_Util = 0.114777 
Issued_on_Two_Bus_Simul_Util = 0.003327 
issued_two_Eff = 0.028984 
queue_avg = 0.112600 


dram_util_bins: 0 0 0 0 0 0 0 0 0 0
dram_eff_bins: 0 0 0 0 0 0 0 0 0 0
mrqq: max=10 avg=0.1126
Memory Partition 11: 
Cache L2_bank_022:
MSHR contents

Cache L2_bank_023:
MSHR contents

In Dram Latency Queue (total = 0): 
DRAM[11]: 16 bks, busW=16 BL=2 CL=12, tRRD=3 tCCD=1, tRCD=12 tRAS=28 tRP=12 tRC=40
n_cmd=1021441 n_nop=903941 n_act=30801 n_pre=30785 n_ref_event=0 n_req=59375 n_rd=59339 n_rd_L2_A=0 n_write=0 n_wr_bk=0 bw_util=0.05809
n_activity=674974 dram_eff=0.08791
bk0: 3721a 971240i bk1: 3721a 970779i bk2: 3687a 972068i bk3: 3679a 971559i bk4: 3729a 970368i bk5: 3737a 970523i bk6: 3703a 972389i bk7: 3703a 971032i bk8: 3726a 970946i bk9: 3722a 970050i bk10: 3696a 971504i bk11: 3699a 971319i bk12: 3711a 971236i bk13: 3714a 970341i bk14: 3696a 972693i bk15: 3695a 971552i 

------------------------------------------------------------------------

Row_Buffer_Locality = 0.480932
Row_Buffer_Locality_read = 0.480932
Row_Buffer_Locality_write = -nan
Bank_Level_Parallism = 1.760506
Bank_Level_Parallism_Col = 1.255212
Bank_Level_Parallism_Ready = 1.013583
write_to_read_ratio_blp_rw_average = 0.000000
GrpLevelPara = 1.208696 

BW Util details:
bwutil = 0.058093 
total_CMD = 1021441 
util_bw = 59339 
Wasted_Col = 285881 
Wasted_Row = 144864 
Idle = 531357 

BW Util Bottlenecks: 
RCDc_limit = 332418 
RCDWRc_limit = 0 
WTRc_limit = 0 
RTWc_limit = 0 
CCDLc_limit = 18342 
rwq = 0 
CCDLc_limit_alone = 18342 
WTRc_limit_alone = 0 
RTWc_limit_alone = 0 

Commands details: 
total_CMD = 1021441 
n_nop = 903941 
Read = 59339 
Write = 0 
L2_Alloc = 0 
L2_WB = 0 
n_act = 30801 
n_pre = 30785 
n_ref = 0 
n_req = 59375 
total_req = 59339 

Dual Bus Interface Util: 
issued_total_row = 61586 
issued_total_col = 59339 
Row_Bus_Util =  0.060293 
CoL_Bus_Util = 0.058093 
Either_Row_CoL_Bus_Util = 0.115034 
Issued_on_Two_Bus_Simul_Util = 0.003353 
issued_two_Eff = 0.029149 
queue_avg = 0.109970 


dram_util_bins: 0 0 0 0 0 0 0 0 0 0
dram_eff_bins: 0 0 0 0 0 0 0 0 0 0
mrqq: max=10 avg=0.10997
Memory Partition 12: 
Cache L2_bank_024:
MSHR contents

Cache L2_bank_025:
MSHR contents

In Dram Latency Queue (total = 0): 
DRAM[12]: 16 bks, busW=16 BL=2 CL=12, tRRD=3 tCCD=1, tRCD=12 tRAS=28 tRP=12 tRC=40
n_cmd=1021441 n_nop=904082 n_act=30747 n_pre=30731 n_ref_event=0 n_req=59342 n_rd=59312 n_rd_L2_A=0 n_write=0 n_wr_bk=0 bw_util=0.05807
n_activity=672818 dram_eff=0.08815
bk0: 3742a 970078i bk1: 3721a 969913i bk2: 3677a 971941i bk3: 3680a 971267i bk4: 3730a 971513i bk5: 3734a 971254i bk6: 3705a 972150i bk7: 3703a 970994i bk8: 3704a 972250i bk9: 3705a 971373i bk10: 3684a 971471i bk11: 3683a 970365i bk12: 3704a 971613i bk13: 3711a 971090i bk14: 3716a 971331i bk15: 3713a 971300i 

------------------------------------------------------------------------

Row_Buffer_Locality = 0.481606
Row_Buffer_Locality_read = 0.481606
Row_Buffer_Locality_write = -nan
Bank_Level_Parallism = 1.763343
Bank_Level_Parallism_Col = 1.254294
Bank_Level_Parallism_Ready = 1.012763
write_to_read_ratio_blp_rw_average = 0.000000
GrpLevelPara = 1.209326 

BW Util details:
bwutil = 0.058067 
total_CMD = 1021441 
util_bw = 59312 
Wasted_Col = 285435 
Wasted_Row = 144361 
Idle = 532333 

BW Util Bottlenecks: 
RCDc_limit = 331928 
RCDWRc_limit = 0 
WTRc_limit = 0 
RTWc_limit = 0 
CCDLc_limit = 17814 
rwq = 0 
CCDLc_limit_alone = 17814 
WTRc_limit_alone = 0 
RTWc_limit_alone = 0 

Commands details: 
total_CMD = 1021441 
n_nop = 904082 
Read = 59312 
Write = 0 
L2_Alloc = 0 
L2_WB = 0 
n_act = 30747 
n_pre = 30731 
n_ref = 0 
n_req = 59342 
total_req = 59312 

Dual Bus Interface Util: 
issued_total_row = 61478 
issued_total_col = 59312 
Row_Bus_Util =  0.060188 
CoL_Bus_Util = 0.058067 
Either_Row_CoL_Bus_Util = 0.114896 
Issued_on_Two_Bus_Simul_Util = 0.003359 
issued_two_Eff = 0.029235 
queue_avg = 0.117800 


dram_util_bins: 0 0 0 0 0 0 0 0 0 0
dram_eff_bins: 0 0 0 0 0 0 0 0 0 0
mrqq: max=8 avg=0.1178
Memory Partition 13: 
Cache L2_bank_026:
MSHR contents

Cache L2_bank_027:
MSHR contents

In Dram Latency Queue (total = 0): 
DRAM[13]: 16 bks, busW=16 BL=2 CL=12, tRRD=3 tCCD=1, tRCD=12 tRAS=28 tRP=12 tRC=40
n_cmd=1021441 n_nop=903828 n_act=30812 n_pre=30796 n_ref_event=0 n_req=59337 n_rd=59306 n_rd_L2_A=0 n_write=0 n_wr_bk=0 bw_util=0.05806
n_activity=674680 dram_eff=0.0879
bk0: 3724a 970677i bk1: 3712a 971017i bk2: 3676a 971884i bk3: 3678a 971383i bk4: 3735a 970690i bk5: 3731a 970032i bk6: 3696a 972315i bk7: 3704a 971329i bk8: 3724a 970557i bk9: 3716a 970201i bk10: 3701a 971030i bk11: 3692a 971064i bk12: 3712a 971681i bk13: 3712a 970990i bk14: 3694a 972127i bk15: 3699a 971754i 

------------------------------------------------------------------------

Row_Buffer_Locality = 0.480457
Row_Buffer_Locality_read = 0.480457
Row_Buffer_Locality_write = -nan
Bank_Level_Parallism = 1.761042
Bank_Level_Parallism_Col = 1.252977
Bank_Level_Parallism_Ready = 1.013810
write_to_read_ratio_blp_rw_average = 0.000000
GrpLevelPara = 1.206733 

BW Util details:
bwutil = 0.058061 
total_CMD = 1021441 
util_bw = 59306 
Wasted_Col = 286570 
Wasted_Row = 144533 
Idle = 531032 

BW Util Bottlenecks: 
RCDc_limit = 332896 
RCDWRc_limit = 0 
WTRc_limit = 0 
RTWc_limit = 0 
CCDLc_limit = 17842 
rwq = 0 
CCDLc_limit_alone = 17842 
WTRc_limit_alone = 0 
RTWc_limit_alone = 0 

Commands details: 
total_CMD = 1021441 
n_nop = 903828 
Read = 59306 
Write = 0 
L2_Alloc = 0 
L2_WB = 0 
n_act = 30812 
n_pre = 30796 
n_ref = 0 
n_req = 59337 
total_req = 59306 

Dual Bus Interface Util: 
issued_total_row = 61608 
issued_total_col = 59306 
Row_Bus_Util =  0.060315 
CoL_Bus_Util = 0.058061 
Either_Row_CoL_Bus_Util = 0.115144 
Issued_on_Two_Bus_Simul_Util = 0.003232 
issued_two_Eff = 0.028067 
queue_avg = 0.115988 


dram_util_bins: 0 0 0 0 0 0 0 0 0 0
dram_eff_bins: 0 0 0 0 0 0 0 0 0 0
mrqq: max=9 avg=0.115988
Memory Partition 14: 
Cache L2_bank_028:
MSHR contents

Cache L2_bank_029:
MSHR contents

In Dram Latency Queue (total = 0): 
DRAM[14]: 16 bks, busW=16 BL=2 CL=12, tRRD=3 tCCD=1, tRCD=12 tRAS=28 tRP=12 tRC=40
n_cmd=1021441 n_nop=904095 n_act=30687 n_pre=30671 n_ref_event=0 n_req=59299 n_rd=59267 n_rd_L2_A=0 n_write=0 n_wr_bk=0 bw_util=0.05802
n_activity=671710 dram_eff=0.08823
bk0: 3727a 970496i bk1: 3722a 970614i bk2: 3672a 972007i bk3: 3672a 971285i bk4: 3734a 971666i bk5: 3732a 971446i bk6: 3703a 971741i bk7: 3698a 970894i bk8: 3704a 971279i bk9: 3704a 971540i bk10: 3683a 971060i bk11: 3686a 970456i bk12: 3705a 971762i bk13: 3699a 971958i bk14: 3715a 972426i bk15: 3711a 970885i 

------------------------------------------------------------------------

Row_Buffer_Locality = 0.482225
Row_Buffer_Locality_read = 0.482225
Row_Buffer_Locality_write = -nan
Bank_Level_Parallism = 1.764117
Bank_Level_Parallism_Col = 1.253809
Bank_Level_Parallism_Ready = 1.012891
write_to_read_ratio_blp_rw_average = 0.000000
GrpLevelPara = 1.208969 

BW Util details:
bwutil = 0.058023 
total_CMD = 1021441 
util_bw = 59267 
Wasted_Col = 285239 
Wasted_Row = 143448 
Idle = 533487 

BW Util Bottlenecks: 
RCDc_limit = 331381 
RCDWRc_limit = 0 
WTRc_limit = 0 
RTWc_limit = 0 
CCDLc_limit = 18141 
rwq = 0 
CCDLc_limit_alone = 18141 
WTRc_limit_alone = 0 
RTWc_limit_alone = 0 

Commands details: 
total_CMD = 1021441 
n_nop = 904095 
Read = 59267 
Write = 0 
L2_Alloc = 0 
L2_WB = 0 
n_act = 30687 
n_pre = 30671 
n_ref = 0 
n_req = 59299 
total_req = 59267 

Dual Bus Interface Util: 
issued_total_row = 61358 
issued_total_col = 59267 
Row_Bus_Util =  0.060070 
CoL_Bus_Util = 0.058023 
Either_Row_CoL_Bus_Util = 0.114883 
Issued_on_Two_Bus_Simul_Util = 0.003210 
issued_two_Eff = 0.027943 
queue_avg = 0.114272 


dram_util_bins: 0 0 0 0 0 0 0 0 0 0
dram_eff_bins: 0 0 0 0 0 0 0 0 0 0
mrqq: max=12 avg=0.114272
Memory Partition 15: 
Cache L2_bank_030:
MSHR contents

Cache L2_bank_031:
MSHR contents

In Dram Latency Queue (total = 0): 
DRAM[15]: 16 bks, busW=16 BL=2 CL=12, tRRD=3 tCCD=1, tRCD=12 tRAS=28 tRP=12 tRC=40
n_cmd=1021441 n_nop=904050 n_act=30754 n_pre=30738 n_ref_event=0 n_req=59332 n_rd=59300 n_rd_L2_A=0 n_write=0 n_wr_bk=0 bw_util=0.05806
n_activity=672993 dram_eff=0.08811
bk0: 3721a 971282i bk1: 3716a 970624i bk2: 3683a 971892i bk3: 3680a 971838i bk4: 3732a 970203i bk5: 3726a 970241i bk6: 3703a 971927i bk7: 3704a 971289i bk8: 3723a 970879i bk9: 3721a 970438i bk10: 3695a 971829i bk11: 3693a 971126i bk12: 3714a 971479i bk13: 3708a 971478i bk14: 3693a 972421i bk15: 3688a 971680i 

------------------------------------------------------------------------

Row_Buffer_Locality = 0.481383
Row_Buffer_Locality_read = 0.481383
Row_Buffer_Locality_write = -nan
Bank_Level_Parallism = 1.762060
Bank_Level_Parallism_Col = 1.251844
Bank_Level_Parallism_Ready = 1.013710
write_to_read_ratio_blp_rw_average = 0.000000
GrpLevelPara = 1.206091 

BW Util details:
bwutil = 0.058055 
total_CMD = 1021441 
util_bw = 59300 
Wasted_Col = 286336 
Wasted_Row = 143411 
Idle = 532394 

BW Util Bottlenecks: 
RCDc_limit = 332199 
RCDWRc_limit = 0 
WTRc_limit = 0 
RTWc_limit = 0 
CCDLc_limit = 18092 
rwq = 0 
CCDLc_limit_alone = 18092 
WTRc_limit_alone = 0 
RTWc_limit_alone = 0 

Commands details: 
total_CMD = 1021441 
n_nop = 904050 
Read = 59300 
Write = 0 
L2_Alloc = 0 
L2_WB = 0 
n_act = 30754 
n_pre = 30738 
n_ref = 0 
n_req = 59332 
total_req = 59300 

Dual Bus Interface Util: 
issued_total_row = 61492 
issued_total_col = 59300 
Row_Bus_Util =  0.060201 
CoL_Bus_Util = 0.058055 
Either_Row_CoL_Bus_Util = 0.114927 
Issued_on_Two_Bus_Simul_Util = 0.003330 
issued_two_Eff = 0.028972 
queue_avg = 0.111761 


dram_util_bins: 0 0 0 0 0 0 0 0 0 0
dram_eff_bins: 0 0 0 0 0 0 0 0 0 0
mrqq: max=9 avg=0.111761

========= L2 cache stats =========
L2_cache_bank[0]: Access = 133241, Miss = 29796, Miss_rate = 0.224, Pending_hits = 4, Reservation_fails = 107
L2_cache_bank[1]: Access = 126520, Miss = 29775, Miss_rate = 0.235, Pending_hits = 0, Reservation_fails = 0
L2_cache_bank[2]: Access = 133983, Miss = 29794, Miss_rate = 0.222, Pending_hits = 1, Reservation_fails = 0
L2_cache_bank[3]: Access = 126447, Miss = 29784, Miss_rate = 0.236, Pending_hits = 0, Reservation_fails = 0
L2_cache_bank[4]: Access = 126592, Miss = 29785, Miss_rate = 0.235, Pending_hits = 0, Reservation_fails = 0
L2_cache_bank[5]: Access = 126560, Miss = 29754, Miss_rate = 0.235, Pending_hits = 0, Reservation_fails = 0
L2_cache_bank[6]: Access = 126407, Miss = 29784, Miss_rate = 0.236, Pending_hits = 0, Reservation_fails = 0
L2_cache_bank[7]: Access = 126406, Miss = 29760, Miss_rate = 0.235, Pending_hits = 0, Reservation_fails = 0
L2_cache_bank[8]: Access = 126525, Miss = 29782, Miss_rate = 0.235, Pending_hits = 0, Reservation_fails = 0
L2_cache_bank[9]: Access = 126549, Miss = 29768, Miss_rate = 0.235, Pending_hits = 0, Reservation_fails = 0
L2_cache_bank[10]: Access = 126422, Miss = 29782, Miss_rate = 0.236, Pending_hits = 0, Reservation_fails = 0
L2_cache_bank[11]: Access = 126436, Miss = 29779, Miss_rate = 0.236, Pending_hits = 0, Reservation_fails = 0
L2_cache_bank[12]: Access = 126600, Miss = 29785, Miss_rate = 0.235, Pending_hits = 0, Reservation_fails = 0
L2_cache_bank[13]: Access = 126579, Miss = 29795, Miss_rate = 0.235, Pending_hits = 0, Reservation_fails = 0
L2_cache_bank[14]: Access = 126443, Miss = 29775, Miss_rate = 0.235, Pending_hits = 0, Reservation_fails = 0
L2_cache_bank[15]: Access = 126451, Miss = 29778, Miss_rate = 0.235, Pending_hits = 0, Reservation_fails = 0
L2_cache_bank[16]: Access = 126572, Miss = 29778, Miss_rate = 0.235, Pending_hits = 0, Reservation_fails = 0
L2_cache_bank[17]: Access = 126553, Miss = 29764, Miss_rate = 0.235, Pending_hits = 0, Reservation_fails = 0
L2_cache_bank[18]: Access = 126478, Miss = 29783, Miss_rate = 0.235, Pending_hits = 0, Reservation_fails = 0
L2_cache_bank[19]: Access = 126435, Miss = 29782, Miss_rate = 0.236, Pending_hits = 0, Reservation_fails = 0
L2_cache_bank[20]: Access = 126626, Miss = 29771, Miss_rate = 0.235, Pending_hits = 0, Reservation_fails = 0
L2_cache_bank[21]: Access = 126629, Miss = 29789, Miss_rate = 0.235, Pending_hits = 0, Reservation_fails = 0
L2_cache_bank[22]: Access = 126499, Miss = 29803, Miss_rate = 0.236, Pending_hits = 0, Reservation_fails = 0
L2_cache_bank[23]: Access = 126531, Miss = 29792, Miss_rate = 0.235, Pending_hits = 0, Reservation_fails = 0
L2_cache_bank[24]: Access = 126581, Miss = 29779, Miss_rate = 0.235, Pending_hits = 0, Reservation_fails = 0
L2_cache_bank[25]: Access = 126621, Miss = 29781, Miss_rate = 0.235, Pending_hits = 0, Reservation_fails = 0
L2_cache_bank[26]: Access = 126465, Miss = 29774, Miss_rate = 0.235, Pending_hits = 0, Reservation_fails = 0
L2_cache_bank[27]: Access = 126467, Miss = 29780, Miss_rate = 0.235, Pending_hits = 0, Reservation_fails = 0
L2_cache_bank[28]: Access = 126528, Miss = 29764, Miss_rate = 0.235, Pending_hits = 0, Reservation_fails = 0
L2_cache_bank[29]: Access = 126538, Miss = 29759, Miss_rate = 0.235, Pending_hits = 0, Reservation_fails = 0
L2_cache_bank[30]: Access = 126432, Miss = 29770, Miss_rate = 0.235, Pending_hits = 0, Reservation_fails = 0
L2_cache_bank[31]: Access = 126491, Miss = 29778, Miss_rate = 0.235, Pending_hits = 0, Reservation_fails = 0
L2_total_cache_accesses = 4062607
L2_total_cache_misses = 952923
L2_total_cache_miss_rate = 0.2346
L2_total_cache_pending_hits = 5
L2_total_cache_reservation_fails = 107
L2_total_cache_breakdown:
	L2_cache_stats_breakdown[GLOBAL_ACC_R][HIT] = 3109679
	L2_cache_stats_breakdown[GLOBAL_ACC_R][HIT_RESERVED] = 5
	L2_cache_stats_breakdown[GLOBAL_ACC_R][MISS] = 890606
	L2_cache_stats_breakdown[GLOBAL_ACC_R][RESERVATION_FAIL] = 107
	L2_cache_stats_breakdown[GLOBAL_ACC_R][SECTOR_MISS] = 58221
	L2_cache_stats_breakdown[GLOBAL_ACC_R][MSHR_HIT] = 5
	L2_cache_stats_breakdown[LOCAL_ACC_R][HIT] = 0
	L2_cache_stats_breakdown[LOCAL_ACC_R][HIT_RESERVED] = 0
	L2_cache_stats_breakdown[LOCAL_ACC_R][MISS] = 0
	L2_cache_stats_breakdown[LOCAL_ACC_R][RESERVATION_FAIL] = 0
	L2_cache_stats_breakdown[LOCAL_ACC_R][SECTOR_MISS] = 0
	L2_cache_stats_breakdown[LOCAL_ACC_R][MSHR_HIT] = 0
	L2_cache_stats_breakdown[CONST_ACC_R][HIT] = 0
	L2_cache_stats_breakdown[CONST_ACC_R][HIT_RESERVED] = 0
	L2_cache_stats_breakdown[CONST_ACC_R][MISS] = 0
	L2_cache_stats_breakdown[CONST_ACC_R][RESERVATION_FAIL] = 0
	L2_cache_stats_breakdown[CONST_ACC_R][SECTOR_MISS] = 0
	L2_cache_stats_breakdown[CONST_ACC_R][MSHR_HIT] = 0
	L2_cache_stats_breakdown[TEXTURE_ACC_R][HIT] = 0
	L2_cache_stats_breakdown[TEXTURE_ACC_R][HIT_RESERVED] = 0
	L2_cache_stats_breakdown[TEXTURE_ACC_R][MISS] = 0
	L2_cache_stats_breakdown[TEXTURE_ACC_R][RESERVATION_FAIL] = 0
	L2_cache_stats_breakdown[TEXTURE_ACC_R][SECTOR_MISS] = 0
	L2_cache_stats_breakdown[TEXTURE_ACC_R][MSHR_HIT] = 0
	L2_cache_stats_breakdown[GLOBAL_ACC_W][HIT] = 0
	L2_cache_stats_breakdown[GLOBAL_ACC_W][HIT_RESERVED] = 0
	L2_cache_stats_breakdown[GLOBAL_ACC_W][MISS] = 1024
	L2_cache_stats_breakdown[GLOBAL_ACC_W][RESERVATION_FAIL] = 0
	L2_cache_stats_breakdown[GLOBAL_ACC_W][SECTOR_MISS] = 3072
	L2_cache_stats_breakdown[GLOBAL_ACC_W][MSHR_HIT] = 0
	L2_cache_stats_breakdown[LOCAL_ACC_W][HIT] = 0
	L2_cache_stats_breakdown[LOCAL_ACC_W][HIT_RESERVED] = 0
	L2_cache_stats_breakdown[LOCAL_ACC_W][MISS] = 0
	L2_cache_stats_breakdown[LOCAL_ACC_W][RESERVATION_FAIL] = 0
	L2_cache_stats_breakdown[LOCAL_ACC_W][SECTOR_MISS] = 0
	L2_cache_stats_breakdown[LOCAL_ACC_W][MSHR_HIT] = 0
	L2_cache_stats_breakdown[L1_WRBK_ACC][HIT] = 0
	L2_cache_stats_breakdown[L1_WRBK_ACC][HIT_RESERVED] = 0
	L2_cache_stats_breakdown[L1_WRBK_ACC][MISS] = 0
	L2_cache_stats_breakdown[L1_WRBK_ACC][RESERVATION_FAIL] = 0
	L2_cache_stats_breakdown[L1_WRBK_ACC][SECTOR_MISS] = 0
	L2_cache_stats_breakdown[L1_WRBK_ACC][MSHR_HIT] = 0
	L2_cache_stats_breakdown[L2_WRBK_ACC][HIT] = 0
	L2_cache_stats_breakdown[L2_WRBK_ACC][HIT_RESERVED] = 0
	L2_cache_stats_breakdown[L2_WRBK_ACC][MISS] = 0
	L2_cache_stats_breakdown[L2_WRBK_ACC][RESERVATION_FAIL] = 0
	L2_cache_stats_breakdown[L2_WRBK_ACC][SECTOR_MISS] = 0
	L2_cache_stats_breakdown[L2_WRBK_ACC][MSHR_HIT] = 0
	L2_cache_stats_breakdown[INST_ACC_R][HIT] = 0
	L2_cache_stats_breakdown[INST_ACC_R][HIT_RESERVED] = 0
	L2_cache_stats_breakdown[INST_ACC_R][MISS] = 0
	L2_cache_stats_breakdown[INST_ACC_R][RESERVATION_FAIL] = 0
	L2_cache_stats_breakdown[INST_ACC_R][SECTOR_MISS] = 0
	L2_cache_stats_breakdown[INST_ACC_R][MSHR_HIT] = 0
	L2_cache_stats_breakdown[L1_WR_ALLOC_R][HIT] = 0
	L2_cache_stats_breakdown[L1_WR_ALLOC_R][HIT_RESERVED] = 0
	L2_cache_stats_breakdown[L1_WR_ALLOC_R][MISS] = 0
	L2_cache_stats_breakdown[L1_WR_ALLOC_R][RESERVATION_FAIL] = 0
	L2_cache_stats_breakdown[L1_WR_ALLOC_R][SECTOR_MISS] = 0
	L2_cache_stats_breakdown[L1_WR_ALLOC_R][MSHR_HIT] = 0
	L2_cache_stats_breakdown[L2_WR_ALLOC_R][HIT] = 0
	L2_cache_stats_breakdown[L2_WR_ALLOC_R][HIT_RESERVED] = 0
	L2_cache_stats_breakdown[L2_WR_ALLOC_R][MISS] = 0
	L2_cache_stats_breakdown[L2_WR_ALLOC_R][RESERVATION_FAIL] = 0
	L2_cache_stats_breakdown[L2_WR_ALLOC_R][SECTOR_MISS] = 0
	L2_cache_stats_breakdown[L2_WR_ALLOC_R][MSHR_HIT] = 0
	L2_cache_stats_breakdown[GLOBAL_ACC_R][TOTAL_ACCESS] = 4058511
	L2_cache_stats_breakdown[GLOBAL_ACC_W][TOTAL_ACCESS] = 4096
L2_total_cache_reservation_fail_breakdown:
	L2_cache_stats_fail_breakdown[GLOBAL_ACC_R][MSHR_MERGE_ENRTY_FAIL] = 107
L2_cache_data_port_util = 0.147
L2_cache_fill_port_util = 0.045

icnt_total_pkts_mem_to_simt=4062607
icnt_total_pkts_simt_to_mem=4062607
LD_mem_lat_dist  0 0 0 0 0 0 0 0 0 0 0 0 0 0 0 0 0 0 0 0 0 0 0 0 0 0 0
ST_mem_lat_dist  0 0 0 0 0 0 0 0 0 0 0 0 0 0 0 0 0 0 0 0 0 0 0 0 0 0 0
----------------------------Interconnect-DETAILS--------------------------------
Req_Network_injected_packets_num = 4062607
Req_Network_cycles = 659412
Req_Network_injected_packets_per_cycle =       6.1610 
Req_Network_conflicts_per_cycle =       0.3882
Req_Network_conflicts_per_cycle_util =       0.3892
Req_Bank_Level_Parallism =       6.1766
Req_Network_in_buffer_full_per_cycle =       0.0000
Req_Network_in_buffer_avg_util =       0.1692
Req_Network_out_buffer_full_per_cycle =       0.0000
Req_Network_out_buffer_avg_util =       0.1925

Reply_Network_injected_packets_num = 4062607
Reply_Network_cycles = 659412
Reply_Network_injected_packets_per_cycle =        6.1610
Reply_Network_conflicts_per_cycle =       24.6388
Reply_Network_conflicts_per_cycle_util =      24.7025
Reply_Bank_Level_Parallism =       6.1769
Reply_Network_in_buffer_full_per_cycle =       0.0000
Reply_Network_in_buffer_avg_util =      20.4968
Reply_Network_out_buffer_full_per_cycle =       0.0000
Reply_Network_out_buffer_avg_util =       0.7701
----------------------------END-of-Interconnect-DETAILS-------------------------


gpgpu_simulation_time = 0 days, 0 hrs, 3 min, 19 sec (199 sec)
gpgpu_simulation_rate = 100609 (inst/sec)
gpgpu_simulation_rate = 3313 (cycle/sec)
gpgpu_silicon_slowdown = 415635x
GPGPU-Sim: synchronize waiting for inactive GPU simulation
GPGPU-Sim API: Stream Manager State
GPGPU-Sim: detected inactive GPU simulation thread
MLX_GPU_PROXY_SUMMARY {"operator":"sv","count":32768,"parameter":128,"parameter2":0,"checksum":24175.502987206,"reference":24175.502987206,"relative_error":0}
GPGPU-Sim: *** exit detected ***
