self exe links to: /workspace/MLX_dev/build/xavier-matched-attention/mlx_attention_proxy
self exe links to: /workspace/MLX_dev/build/xavier-matched-attention/mlx_attention_proxy
11.0


        *** GPGPU-Sim Simulator Version 4.2.0  [build gpgpu-sim_git-commit-68e1cd3_modified_1.0] ***


GPGPU-Sim PTX: simulation mode 0 (can change with PTX_SIM_MODE_FUNC environment variable:
               1=functional simulation only, 0=detailed performance simulator)
GPGPU-Sim PTX: overriding embedded ptx with ptx file (PTX_SIM_USE_PTX_FILE is set)
GPGPU-Sim: Configuration options:

-save_embedded_ptx                      0 # saves ptx files embedded in binary as <n>.ptx
-keep                                   0 # keep intermediate files created by GPGPU-Sim when interfacing with external programs
-gpgpu_ptx_save_converted_ptxplus                    0 # Saved converted ptxplus to a file
-gpgpu_occupancy_sm_number                   70 # The SM number to pass to ptxas when getting register usage for computing GPU occupancy. This parameter is required in the config.
-ptx_opcode_latency_int      4,13,4,5,145,32 # Opcode latencies for integers <ADD,MAX,MUL,MAD,DIV,SHFL>Default 1,1,19,25,145,32
-ptx_opcode_latency_fp          4,13,4,5,39 # Opcode latencies for single precision floating points <ADD,MAX,MUL,MAD,DIV>Default 1,1,1,1,30
-ptx_opcode_latency_dp         8,19,8,8,330 # Opcode latencies for double precision floating points <ADD,MAX,MUL,MAD,DIV>Default 8,8,8,8,335
-ptx_opcode_latency_sfu                  100 # Opcode latencies for SFU instructionsDefault 8
-ptx_opcode_latency_tesnor                   64 # Opcode latencies for Tensor instructionsDefault 64
-ptx_opcode_initiation_int          2,2,2,2,8,4 # Opcode initiation intervals for integers <ADD,MAX,MUL,MAD,DIV,SHFL>Default 1,1,4,4,32,4
-ptx_opcode_initiation_fp            2,2,2,2,4 # Opcode initiation intervals for single precision floating points <ADD,MAX,MUL,MAD,DIV>Default 1,1,1,1,5
-ptx_opcode_initiation_dp          4,4,4,4,130 # Opcode initiation intervals for double precision floating points <ADD,MAX,MUL,MAD,DIV>Default 8,8,8,8,130
-ptx_opcode_initiation_sfu                    8 # Opcode initiation intervals for sfu instructionsDefault 8
-ptx_opcode_initiation_tensor                   64 # Opcode initiation intervals for tensor instructionsDefault 64
-cdp_latency         7200,8000,100,12000,1600 # CDP API latency <cudaStreamCreateWithFlags, cudaGetParameterBufferV2_init_perWarp, cudaGetParameterBufferV2_perKernel, cudaLaunchDeviceV2_init_perWarp, cudaLaunchDevicV2_perKernel>Default 7200,8000,100,12000,1600
-network_mode                           2 # Interconnection network mode
-inter_config_file                   mesh # Interconnection network config file
-icnt_in_buffer_limit                  512 # in_buffer_limit
-icnt_out_buffer_limit                  512 # out_buffer_limit
-icnt_subnets                           2 # subnets
-icnt_arbiter_algo                      1 # arbiter_algo
-icnt_verbose                           0 # inct_verbose
-icnt_grant_cycles                      1 # grant_cycles
-gpgpu_ptx_use_cuobjdump                    1 # Use cuobjdump to extract ptx and sass from binaries
-gpgpu_experimental_lib_support                    0 # Try to extract code from cuda libraries [Broken because of unknown cudaGetExportTable]
-checkpoint_option                      0 #  checkpointing flag (0 = no checkpoint)
-checkpoint_kernel                      1 #  checkpointing during execution of which kernel (1- 1st kernel)
-checkpoint_CTA                         0 #  checkpointing after # of CTA (< less than total CTA)
-resume_option                          0 #  resume flag (0 = no resume)
-resume_kernel                          0 #  Resume from which kernel (1= 1st kernel)
-resume_CTA                             0 #  resume from which CTA 
-checkpoint_CTA_t                       0 #  resume from which CTA 
-checkpoint_insn_Y                      0 #  resume from which CTA 
-gpgpu_ptx_convert_to_ptxplus                    0 # Convert SASS (native ISA) to ptxplus and run ptxplus
-gpgpu_ptx_force_max_capability                   70 # Force maximum compute capability
-gpgpu_ptx_inst_debug_to_file                    0 # Dump executed instructions' debug information to file
-gpgpu_ptx_inst_debug_file       inst_debug.txt # Executed instructions' debug output file
-gpgpu_ptx_inst_debug_thread_uid                    1 # Thread UID for executed instructions' debug output
-gpgpu_simd_model                       1 # 1 = post-dominator
-gpgpu_shader_core_pipeline              2048:32 # shader core pipeline config, i.e., {<nthread>:<warpsize>}
-gpgpu_tex_cache:l1  N:4:128:256,L:R:m:N:L,T:512:8,128:2 # per-shader L1 texture cache  (READ-ONLY) config  {<nsets>:<bsize>:<assoc>,<rep>:<wr>:<alloc>:<wr_alloc>,<mshr>:<N>:<merge>,<mq>:<rf>}
-gpgpu_const_cache:l1 N:128:64:8,L:R:f:N:L,S:2:64,4 # per-shader L1 constant memory cache  (READ-ONLY) config  {<nsets>:<bsize>:<assoc>,<rep>:<wr>:<alloc>:<wr_alloc>,<mshr>:<N>:<merge>,<mq>} 
-gpgpu_cache:il1     N:64:128:16,L:R:f:N:L,S:2:48,4 # shader L1 instruction cache config  {<nsets>:<bsize>:<assoc>,<rep>:<wr>:<alloc>:<wr_alloc>,<mshr>:<N>:<merge>,<mq>} 
-gpgpu_cache:dl1     S:4:128:64,L:T:m:L:L,A:512:8,16:0,32 # per-shader L1 data cache config  {<nsets>:<bsize>:<assoc>,<rep>:<wr>:<alloc>:<wr_alloc>,<mshr>:<N>:<merge>,<mq> | none}
-gpgpu_l1_cache_write_ratio                   25 # L1D write ratio
-gpgpu_l1_banks                         4 # The number of L1 cache banks
-gpgpu_l1_banks_byte_interleaving                   32 # l1 banks byte interleaving granularity
-gpgpu_l1_banks_hashing_function                    0 # l1 banks hashing function
-gpgpu_l1_latency                      20 # L1 Hit Latency
-gpgpu_smem_latency                    20 # smem Latency
-gpgpu_cache:dl1PrefL1                 none # per-shader L1 data cache config  {<nsets>:<bsize>:<assoc>,<rep>:<wr>:<alloc>:<wr_alloc>,<mshr>:<N>:<merge>,<mq> | none}
-gpgpu_cache:dl1PrefShared                 none # per-shader L1 data cache config  {<nsets>:<bsize>:<assoc>,<rep>:<wr>:<alloc>:<wr_alloc>,<mshr>:<N>:<merge>,<mq> | none}
-gpgpu_gmem_skip_L1D                    0 # global memory access skip L1D cache (implements -Xptxas -dlcm=cg, default=no skip)
-gpgpu_perfect_mem                      0 # enable perfect memory mode (no cache miss)
-n_regfile_gating_group                    4 # group of lanes that should be read/written together)
-gpgpu_clock_gated_reg_file                    0 # enable clock gated reg file for power calculations
-gpgpu_clock_gated_lanes                    0 # enable clock gated lanes for power calculations
-gpgpu_shader_registers                65536 # Number of registers per shader core. Limits number of concurrent CTAs. (default 8192)
-gpgpu_registers_per_block                65536 # Maximum number of registers per CTA. (default 8192)
-gpgpu_ignore_resources_limitation                    0 # gpgpu_ignore_resources_limitation (default 0)
-gpgpu_shader_cta                      32 # Maximum number of concurrent CTAs in shader (default 32)
-gpgpu_num_cta_barriers                   16 # Maximum number of named barriers per CTA (default 16)
-gpgpu_n_clusters                       8 # number of processing clusters
-gpgpu_n_cores_per_cluster                    1 # number of simd cores per cluster
-gpgpu_n_cluster_ejection_buffer_size                   32 # number of packets in ejection buffer
-gpgpu_n_ldst_response_buffer_size                    2 # number of response packets in ld/st unit ejection buffer
-gpgpu_shmem_per_block                65536 # Size of shared memory per thread block or CTA (default 48kB)
-gpgpu_shmem_size                   98304 # Size of shared memory per shader core (default 16kB)
-gpgpu_shmem_option       0,8,16,32,64,96 # Option list of shared memory sizes
-gpgpu_unified_l1d_size                  128 # Size of unified data cache(L1D + shared memory) in KB
-gpgpu_adaptive_cache_config                    1 # adaptive_cache_config
-gpgpu_shmem_sizeDefault                98304 # Size of shared memory per shader core (default 16kB)
-gpgpu_shmem_size_PrefL1                16384 # Size of shared memory per shader core (default 16kB)
-gpgpu_shmem_size_PrefShared                16384 # Size of shared memory per shader core (default 16kB)
-gpgpu_shmem_num_banks                   32 # Number of banks in the shared memory in each shader core (default 16)
-gpgpu_shmem_limited_broadcast                    0 # Limit shared memory to do one broadcast per cycle (default on)
-gpgpu_shmem_warp_parts                    1 # Number of portions a warp is divided into for shared memory bank conflict check 
-gpgpu_mem_unit_ports                    1 # The number of memory transactions allowed per core cycle
-gpgpu_shmem_warp_parts                    1 # Number of portions a warp is divided into for shared memory bank conflict check 
-gpgpu_warpdistro_shader                   -1 # Specify which shader core to collect the warp size distribution from
-gpgpu_warp_issue_shader                    0 # Specify which shader core to collect the warp issue distribution from
-gpgpu_local_mem_map                    1 # Mapping from local memory space address to simulated GPU physical address space (default = enabled)
-gpgpu_num_reg_banks                    8 # Number of register banks (default = 8)
-gpgpu_reg_bank_use_warp_id                    0 # Use warp ID in mapping registers to banks (default = off)
-gpgpu_sub_core_model                    1 # Sub Core Volta/Pascal model (default = off)
-gpgpu_enable_specialized_operand_collector                    0 # enable_specialized_operand_collector
-gpgpu_operand_collector_num_units_sp                    4 # number of collector units (default = 4)
-gpgpu_operand_collector_num_units_dp                    0 # number of collector units (default = 0)
-gpgpu_operand_collector_num_units_sfu                    4 # number of collector units (default = 4)
-gpgpu_operand_collector_num_units_int                    0 # number of collector units (default = 0)
-gpgpu_operand_collector_num_units_tensor_core                    4 # number of collector units (default = 4)
-gpgpu_operand_collector_num_units_mem                    2 # number of collector units (default = 2)
-gpgpu_operand_collector_num_units_gen                    8 # number of collector units (default = 0)
-gpgpu_operand_collector_num_in_ports_sp                    1 # number of collector unit in ports (default = 1)
-gpgpu_operand_collector_num_in_ports_dp                    0 # number of collector unit in ports (default = 0)
-gpgpu_operand_collector_num_in_ports_sfu                    1 # number of collector unit in ports (default = 1)
-gpgpu_operand_collector_num_in_ports_int                    0 # number of collector unit in ports (default = 0)
-gpgpu_operand_collector_num_in_ports_tensor_core                    1 # number of collector unit in ports (default = 1)
-gpgpu_operand_collector_num_in_ports_mem                    1 # number of collector unit in ports (default = 1)
-gpgpu_operand_collector_num_in_ports_gen                    8 # number of collector unit in ports (default = 0)
-gpgpu_operand_collector_num_out_ports_sp                    1 # number of collector unit in ports (default = 1)
-gpgpu_operand_collector_num_out_ports_dp                    0 # number of collector unit in ports (default = 0)
-gpgpu_operand_collector_num_out_ports_sfu                    1 # number of collector unit in ports (default = 1)
-gpgpu_operand_collector_num_out_ports_int                    0 # number of collector unit in ports (default = 0)
-gpgpu_operand_collector_num_out_ports_tensor_core                    1 # number of collector unit in ports (default = 1)
-gpgpu_operand_collector_num_out_ports_mem                    1 # number of collector unit in ports (default = 1)
-gpgpu_operand_collector_num_out_ports_gen                    8 # number of collector unit in ports (default = 0)
-gpgpu_coalesce_arch                   60 # Coalescing arch (GT200 = 13, Fermi = 20)
-gpgpu_num_sched_per_core                    4 # Number of warp schedulers per core
-gpgpu_max_insn_issue_per_warp                    1 # Max number of instructions that can be issued per warp in one cycle by scheduler (either 1 or 2)
-gpgpu_dual_issue_diff_exec_units                    1 # should dual issue use two different execution unit resources (Default = 1)
-gpgpu_simt_core_sim_order                    1 # Select the simulation order of cores in a cluster (0=Fix, 1=Round-Robin)
-gpgpu_pipeline_widths 4,4,4,4,4,4,4,4,4,4,8,4,4 # Pipeline widths ID_OC_SP,ID_OC_DP,ID_OC_INT,ID_OC_SFU,ID_OC_MEM,OC_EX_SP,OC_EX_DP,OC_EX_INT,OC_EX_SFU,OC_EX_MEM,EX_WB,ID_OC_TENSOR_CORE,OC_EX_TENSOR_CORE
-gpgpu_tensor_core_avail                    1 # Tensor Core Available (default=0)
-gpgpu_num_sp_units                     4 # Number of SP units (default=1)
-gpgpu_num_dp_units                     4 # Number of DP units (default=0)
-gpgpu_num_int_units                    4 # Number of INT units (default=0)
-gpgpu_num_sfu_units                    4 # Number of SF units (default=1)
-gpgpu_num_tensor_core_units                    4 # Number of tensor_core units (default=1)
-gpgpu_num_mem_units                    1 # Number if ldst units (default=1) WARNING: not hooked up to anything
-gpgpu_scheduler                      lrr # Scheduler configuration: < lrr | gto | two_level_active > If two_level_active:<num_active_warps>:<inner_prioritization>:<outer_prioritization>For complete list of prioritization values see shader.h enum scheduler_prioritization_typeDefault: gto
-gpgpu_concurrent_kernel_sm                    0 # Support concurrent kernels on a SM (default = disabled)
-gpgpu_perfect_inst_const_cache                    1 # perfect inst and const cache mode, so all inst and const hits in the cache(default = disabled)
-gpgpu_inst_fetch_throughput                    4 # the number of fetched intruction per warp each cycle
-gpgpu_reg_file_port_throughput                    2 # the number ports of the register file
-specialized_unit_1         0,4,4,4,4,BRA # specialized unit config {<enabled>,<num_units>:<latency>:<initiation>,<ID_OC_SPEC>:<OC_EX_SPEC>,<NAME>}
-specialized_unit_2         0,4,4,4,4,BRA # specialized unit config {<enabled>,<num_units>:<latency>:<initiation>,<ID_OC_SPEC>:<OC_EX_SPEC>,<NAME>}
-specialized_unit_3         0,4,4,4,4,BRA # specialized unit config {<enabled>,<num_units>:<latency>:<initiation>,<ID_OC_SPEC>:<OC_EX_SPEC>,<NAME>}
-specialized_unit_4         0,4,4,4,4,BRA # specialized unit config {<enabled>,<num_units>:<latency>:<initiation>,<ID_OC_SPEC>:<OC_EX_SPEC>,<NAME>}
-specialized_unit_5         0,4,4,4,4,BRA # specialized unit config {<enabled>,<num_units>:<latency>:<initiation>,<ID_OC_SPEC>:<OC_EX_SPEC>,<NAME>}
-specialized_unit_6         0,4,4,4,4,BRA # specialized unit config {<enabled>,<num_units>:<latency>:<initiation>,<ID_OC_SPEC>:<OC_EX_SPEC>,<NAME>}
-specialized_unit_7         0,4,4,4,4,BRA # specialized unit config {<enabled>,<num_units>:<latency>:<initiation>,<ID_OC_SPEC>:<OC_EX_SPEC>,<NAME>}
-specialized_unit_8         0,4,4,4,4,BRA # specialized unit config {<enabled>,<num_units>:<latency>:<initiation>,<ID_OC_SPEC>:<OC_EX_SPEC>,<NAME>}
-gpgpu_perf_sim_memcpy                    1 # Fill the L2 cache on memcpy
-gpgpu_simple_dram_model                    0 # simple_dram_model with fixed latency and BW
-gpgpu_dram_scheduler                    1 # 0 = fifo, 1 = FR-FCFS (defaul)
-gpgpu_dram_partition_queues          64:64:64:64 # i2$:$2d:d2$:$2i
-l2_ideal                               0 # Use a ideal L2 cache that always hit
-gpgpu_cache:dl2     S:32:128:24,L:B:m:L:P,A:192:4,32:0,32 # unified banked L2 data cache config  {<nsets>:<bsize>:<assoc>,<rep>:<wr>:<alloc>:<wr_alloc>,<mshr>:<N>:<merge>,<mq>}
-gpgpu_cache:dl2_texture_only                    0 # L2 cache used for texture only
-gpgpu_n_mem                           16 # number of memory modules (e.g. memory controllers) in gpu
-gpgpu_n_sub_partition_per_mchannel                    2 # number of memory subpartition in each memory module
-gpgpu_n_mem_per_ctrlr                    1 # number of memory chips per memory controller
-gpgpu_memlatency_stat                   14 # track and display latency statistics 0x2 enables MC, 0x4 enables queue logs
-gpgpu_frfcfs_dram_sched_queue_size                   64 # 0 = unlimited (default); # entries per chip
-gpgpu_dram_return_queue_size                  192 # 0 = unlimited (default); # entries per chip
-gpgpu_dram_buswidth                   16 # default = 4 bytes (8 bytes per cycle at DDR)
-gpgpu_dram_burst_length                    2 # Burst length of each DRAM request (default = 4 data bus cycle)
-dram_data_command_freq_ratio                    2 # Frequency ratio between DRAM data bus and command bus (default = 2 times, i.e. DDR)
-gpgpu_dram_timing_opt nbk=16:CCD=1:RRD=3:RCD=12:RAS=28:RP=12:RC=40: CL=12:WL=2:CDLR=3:WR=10:nbkgrp=4:CCDL=2:RTPL=3 # DRAM timing parameters = {nbk:tCCD:tRRD:tRCD:tRAS:tRP:tRC:CL:WL:tCDLR:tWR:nbkgrp:tCCDL:tRTPL}
-gpgpu_l2_rop_latency                  160 # ROP queue latency (default 85)
-dram_latency                         100 # DRAM latency (default 30)
-dram_dual_bus_interface                  257 # dual_bus_interface (default = 0) 
-dram_bnk_indexing_policy                    1 # dram_bnk_indexing_policy (0 = normal indexing, 1 = Xoring with the higher bits) (Default = 0)
-dram_bnkgrp_indexing_policy                    1 # dram_bnkgrp_indexing_policy (0 = take higher bits, 1 = take lower bits) (Default = 0)
-dram_seperate_write_queue_enable                    1 # Seperate_Write_Queue_Enable
-dram_write_queue_size           128:108:32 # Write_Queue_Size
-dram_elimnate_rw_turnaround                    0 # elimnate_rw_turnaround i.e set tWTR and tRTW = 0
-icnt_flit_size                        40 # icnt_flit_size
-SST_mode                               0 # SST mode
-gpgpu_mem_addr_mapping dramid@8;00000000.00000000.00000000.00000000.0000RRRR.RRRRRRRR.RBBBCCCB.CCCSSSSS # mapping memory address to dram model {dramid@<start bit>;<memory address map>}
-gpgpu_mem_addr_test                    0 # run sweep test to check address mapping for aliased address
-gpgpu_mem_address_mask                    1 # 0 = old addressing mask, 1 = new addressing mask, 2 = new add. mask + flipped bank sel and chip sel bits
-gpgpu_memory_partition_indexing                    2 # 0 = no indexing, 1 = bitwise xoring, 2 = IPoly, 3 = custom indexing
-accelwattch_xml_file accelwattch_sass_sim.xml # AccelWattch XML file
-power_simulation_enabled                    0 # Turn on power simulator (1=On, 0=Off)
-power_per_cycle_dump                    0 # Dump detailed power output each cycle
-hw_perf_file_name            hw_perf.csv # Hardware Performance Statistics file
-hw_perf_bench_name                       # Kernel Name in Hardware Performance Statistics file
-power_simulation_mode                    0 # Switch performance counter input for power simulation (0=Sim, 1=HW, 2=HW-Sim Hybrid)
-dvfs_enabled                           0 # Turn on DVFS for power model
-aggregate_power_stats                    0 # Accumulate power across all kernels
-accelwattch_hybrid_perfsim_L1_RH                    0 # Get L1 Read Hits for Accelwattch-Hybrid from Accel-Sim
-accelwattch_hybrid_perfsim_L1_RM                    0 # Get L1 Read Misses for Accelwattch-Hybrid from Accel-Sim
-accelwattch_hybrid_perfsim_L1_WH                    0 # Get L1 Write Hits for Accelwattch-Hybrid from Accel-Sim
-accelwattch_hybrid_perfsim_L1_WM                    0 # Get L1 Write Misses for Accelwattch-Hybrid from Accel-Sim
-accelwattch_hybrid_perfsim_L2_RH                    0 # Get L2 Read Hits for Accelwattch-Hybrid from Accel-Sim
-accelwattch_hybrid_perfsim_L2_RM                    0 # Get L2 Read Misses for Accelwattch-Hybrid from Accel-Sim
-accelwattch_hybrid_perfsim_L2_WH                    0 # Get L2 Write Hits for Accelwattch-Hybrid from Accel-Sim
-accelwattch_hybrid_perfsim_L2_WM                    0 # Get L2 Write Misses for Accelwattch-Hybrid from Accel-Sim
-accelwattch_hybrid_perfsim_CC_ACC                    0 # Get Constant Cache Acesses for Accelwattch-Hybrid from Accel-Sim
-accelwattch_hybrid_perfsim_SHARED_ACC                    0 # Get Shared Memory Acesses for Accelwattch-Hybrid from Accel-Sim
-accelwattch_hybrid_perfsim_DRAM_RD                    0 # Get DRAM Reads for Accelwattch-Hybrid from Accel-Sim
-accelwattch_hybrid_perfsim_DRAM_WR                    0 # Get DRAM Writes for Accelwattch-Hybrid from Accel-Sim
-accelwattch_hybrid_perfsim_NOC                    0 # Get Interconnect Acesses for Accelwattch-Hybrid from Accel-Sim
-accelwattch_hybrid_perfsim_PIPE_DUTY                    0 # Get Pipeline Duty Cycle Acesses for Accelwattch-Hybrid from Accel-Sim
-accelwattch_hybrid_perfsim_NUM_SM_IDLE                    0 # Get Number of Idle SMs for Accelwattch-Hybrid from Accel-Sim
-accelwattch_hybrid_perfsim_CYCLES                    0 # Get Executed Cycles for Accelwattch-Hybrid from Accel-Sim
-accelwattch_hybrid_perfsim_VOLTAGE                    0 # Get Chip Voltage for Accelwattch-Hybrid from Accel-Sim
-power_trace_enabled                    0 # produce a file for the power trace (1=On, 0=Off)
-power_trace_zlevel                     6 # Compression level of the power trace output log (0=no comp, 9=highest)
-steady_power_levels_enabled                    0 # produce a file for the steady power levels (1=On, 0=Off)
-steady_state_definition                  8:4 # allowed deviation:number of samples
-gpgpu_max_cycle                        0 # terminates gpu simulation early (0 = no limit)
-gpgpu_max_insn                         0 # terminates gpu simulation early (0 = no limit)
-gpgpu_max_cta                          0 # terminates gpu simulation early (0 = no limit)
-gpgpu_max_completed_cta                    0 # terminates gpu simulation early (0 = no limit)
-gpgpu_runtime_stat                   500 # display runtime statistics such as dram utilization {<freq>:<flag>}
-liveness_message_freq                    1 # Minimum number of seconds between simulation liveness messages (0 = always print)
-gpgpu_compute_capability_major                    7 # Major compute capability version number
-gpgpu_compute_capability_minor                    0 # Minor compute capability version number
-gpgpu_flush_l1_cache                    1 # Flush L1 cache at the end of each kernel call
-gpgpu_flush_l2_cache                    0 # Flush L2 cache at the end of each kernel call
-gpgpu_deadlock_detect                    1 # Stop the simulation at deadlock (1=on (default), 0=off)
-gpgpu_ptx_instruction_classification                    0 # if enabled will classify ptx instruction types per kernel (Max 255 kernels now)
-gpgpu_ptx_sim_mode                     0 # Select between Performance (default) or Functional simulation (1)
-gpgpu_clock_domains  1377:1377:1377:2133 # Clock Domain Frequencies in MhZ {<Core Clock>:<ICNT Clock>:<L2 Clock>:<DRAM Clock>}
-gpgpu_max_concurrent_kernel                  128 # maximum kernels that can run concurrently on GPU, set this value according to max resident grids for your compute capability
-gpgpu_cflog_interval                    0 # Interval between each snapshot in control flow logger
-visualizer_enabled                     0 # Turn on visualizer output (1=On, 0=Off)
-visualizer_outputfile                 NULL # Specifies the output log file for visualizer
-visualizer_zlevel                      6 # Compression level of the visualizer output log (0=no comp, 9=highest)
-gpgpu_stack_size_limit                 1024 # GPU thread stack size
-gpgpu_heap_size_limit              8388608 # GPU malloc heap size 
-gpgpu_runtime_sync_depth_limit                    2 # GPU device runtime synchronize depth
-gpgpu_runtime_pending_launch_count_limit                 2048 # GPU device runtime pending launch count
-trace_enabled                          0 # Turn on traces
-trace_components                    none # comma seperated list of traces to enable. Complete list found in trace_streams.tup. Default none
-trace_sampling_core                    0 # The core which is printed using CORE_DPRINTF. Default 0
-trace_sampling_memory_partition                   -1 # The memory partition which is printed using MEMPART_DPRINTF. Default -1 (i.e. all)
-enable_ptx_file_line_stats                    1 # Turn on PTX source line statistic profiling. (1 = On)
-ptx_line_stats_filename gpgpu_inst_stats.txt # Output file for PTX source line statistics.
-gpgpu_kernel_launch_latency                    0 # Kernel launch latency in cycles. Default: 0
-gpgpu_cdp_enabled                      0 # Turn on CDP
-gpgpu_TB_launch_latency                    0 # thread block launch latency in cycles. Default: 0
DRAM Timing Options:
nbk                                    16 # number of banks
CCD                                     1 # column to column delay
RRD                                    9cfd933af94cedcd8de7187becccb537  /workspace/MLX_dev/build/xavier-matched-attention/mlx_attention_proxy
Extracting PTX file and ptxas options    1: mlx_attention_proxy.1.sm_70.ptx -arch=sm_70
 3 # minimal delay between activation of rows in different banks
RCD                                    12 # row to column delay
RAS                                    28 # time needed to activate row
RP                                     12 # time needed to precharge (deactivate) row
RC                                     40 # row cycle time
CDLR                                    3 # switching from write to read (changes tWTR)
WR                                     10 # last data-in to row precharge
CL                                     12 # CAS latency
WL                                      2 # Write latency
nbkgrp                                  4 # number of bank groups
CCDL                                    2 # column to column delay between accesses to different bank groups
RTPL                                    3 # read to precharge delay between accesses to different bank groups
Total number of memory sub partition = 32
addr_dec_mask[CHIP]  = 0000000000000f00 	high:12 low:8
addr_dec_mask[BK]    = 0000000000071000 	high:19 low:12
addr_dec_mask[ROW]   = 00000000fff80000 	high:32 low:19
addr_dec_mask[COL]   = 000000000000e0ff 	high:16 low:0
addr_dec_mask[BURST] = 000000000000001f 	high:5 low:0
sub_partition_id_mask = 0000000000001000
GPGPU-Sim uArch: clock freqs: 1377000000.000000:1377000000.000000:1377000000.000000:2133000000.000000
GPGPU-Sim uArch: clock periods: 0.00000000072621641249:0.00000000072621641249:0.00000000072621641249:0.00000000046882325363
*** Initializing Memory Statistics ***
GPGPU-Sim uArch: performance model initialization complete.
GPGPU-Sim PTX: __cudaRegisterFatBinary, fat_cubin_handle = 1, filename=default
self exe links to: /workspace/MLX_dev/build/xavier-matched-attention/mlx_attention_proxy
Running md5sum using "md5sum /workspace/MLX_dev/build/xavier-matched-attention/mlx_attention_proxy "
self exe links to: /workspace/MLX_dev/build/xavier-matched-attention/mlx_attention_proxy
Extracting specific PTX file named mlx_attention_proxy.1.sm_70.ptx 
GPGPU-Sim PTX: __cudaRegisterFunction _Z10sv_outputsPKfS0_S0_Pfii : hostFun 0x0x606b16051770, fat_cubin_handle = 1
GPGPU-Sim PTX: Parsing mlx_attention_proxy.1.sm_70.ptx
GPGPU-Sim PTX: allocating global region for "__cudart_i2opi_f" from 0x100 to 0x118 (global memory space)
GPGPU-Sim PTX: allocating stack frame region for .local "__local_depot0" from 0x0 to 0x1c
GPGPU-Sim PTX: Warning -- ignoring pragma 'nounroll'
GPGPU-Sim PTX: Warning -- ignoring pragma 'nounroll'
GPGPU-Sim PTX: instruction assembly for function '_Z14fft_pair_stagePK6float2PS_ii'...   done.
GPGPU-Sim PTX: instruction assembly for function '_Z13truncate_halfPK6float2PS_i'...   done.
GPGPU-Sim PTX: Warning -- ignoring pragma 'nounroll'
GPGPU-Sim PTX: instruction assembly for function '_Z9qk_scoresPKfS0_Pfii'...   done.
GPGPU-Sim PTX: Warning -- ignoring pragma 'nounroll'
GPGPU-Sim PTX: Warning -- ignoring pragma 'nounroll'
GPGPU-Sim PTX: instruction assembly for function '_Z13softmax_statsPKfPfii'...   done.
GPGPU-Sim PTX: Warning -- ignoring pragma 'nounroll'
GPGPU-Sim PTX: instruction assembly for function '_Z10sv_outputsPKfS0_S0_Pfii'...   done.
GPGPU-Sim PTX: finished parsing EMBEDDED .ptx file mlx_attention_proxy.1.sm_70.ptx
GPGPU-Sim PTX: loading globals with explicit initializers... 
GPGPU-Sim PTX:     initializing '__cudart_i2opi_f' ...  wrote 24 bytes
GPGPU-Sim PTX: finished loading globals (24 bytes total).
GPGPU-Sim PTX: loading constants with explicit initializers...  done.
GPGPU-Sim PTX: Loading PTXInfo from mlx_attention_proxy.1.sm_70.ptx
GPGPU-Sim PTX: Kernel '_Z10sv_outputsPKfS0_S0_Pfii' : regs=28, lmem=0, smem=0, cmem=392
GPGPU-Sim PTX: Kernel '_Z13softmax_statsPKfPfii' : regs=31, lmem=0, smem=0, cmem=376
GPGPU-Sim PTX: Kernel '_Z9qk_scoresPKfS0_Pfii' : regs=28, lmem=0, smem=0, cmem=384
GPGPU-Sim PTX: Kernel '_Z13truncate_halfPK6float2PS_i' : regs=8, lmem=0, smem=0, cmem=372
GPGPU-Sim PTX: Kernel '_Z14fft_pair_stagePK6float2PS_ii' : regs=28, lmem=0, smem=0, cmem=384
GPGPU-Sim PTX: __cudaRegisterFunction _Z13softmax_statsPKfPfii : hostFun 0x0x606b160519b0, fat_cubin_handle = 1
GPGPU-Sim PTX: __cudaRegisterFunction _Z9qk_scoresPKfS0_Pfii : hostFun 0x0x606b160518a0, fat_cubin_handle = 1
GPGPU-Sim PTX: __cudaRegisterFunction _Z13truncate_halfPK6float2PS_i : hostFun 0x0x606b16051aa0, fat_cubin_handle = 1
GPGPU-Sim PTX: __cudaRegisterFunction _Z14fft_pair_stagePK6float2PS_ii : hostFun 0x0x606b16051b80, fat_cubin_handle = 1
self exe links to: /workspace/MLX_dev/build/xavier-matched-attention/mlx_attention_proxy
self exe links to: /workspace/MLX_dev/build/xavier-matched-attention/mlx_attention_proxy
11.0
GPGPU-Sim PTX: __cudaRegisterFatBinary, fat_cubin_handle = 2, filename=default
GPGPU-Sim PTX: __cudaRegisterFunction __nv_static_44__570e7b9d_22_cuda_device_runtime_cu_8b1a5d37__Z16memcpy_3d_deviceImLi1ELi1ELi1EEvPKhPhT_S3_S3_S3_S3_S3_S3_jjjjjjjjS3_S1_S2_ : hostFun 0x0x606b16057e20, fat_cubin_handle = 2
Warning: cannot find deviceFun __nv_static_44__570e7b9d_22_cuda_device_runtime_cu_8b1a5d37__Z16memcpy_3d_deviceImLi1ELi1ELi1EEvPKhPhT_S3_S3_S3_S3_S3_S3_jjjjjjjjS3_S1_S2_
GPGPU-Sim PTX: __cudaRegisterFunction __nv_static_44__570e7b9d_22_cuda_device_runtime_cu_8b1a5d37__Z16memcpy_3d_deviceImLi1ELi1ELi0EEvPKhPhT_S3_S3_S3_S3_S3_S3_jjjjjjjjS3_S1_S2_ : hostFun 0x0x606b16057af0, fat_cubin_handle = 2
Warning: cannot find deviceFun __nv_static_44__570e7b9d_22_cuda_device_runtime_cu_8b1a5d37__Z16memcpy_3d_deviceImLi1ELi1ELi0EEvPKhPhT_S3_S3_S3_S3_S3_S3_jjjjjjjjS3_S1_S2_
GPGPU-Sim PTX: __cudaRegisterFunction __nv_static_44__570e7b9d_22_cuda_device_runtime_cu_8b1a5d37__Z16memcpy_3d_deviceImLi1ELi0ELi1EEvPKhPhT_S3_S3_S3_S3_S3_S3_jjjjjjjjS3_S1_S2_ : hostFun 0x0x606b160577c0, fat_cubin_handle = 2
Warning: cannot find deviceFun __nv_static_44__570e7b9d_22_cuda_device_runtime_cu_8b1a5d37__Z16memcpy_3d_deviceImLi1ELi0ELi1EEvPKhPhT_S3_S3_S3_S3_S3_S3_jjjjjjjjS3_S1_S2_
GPGPU-Sim PTX: __cudaRegisterFunction __nv_static_44__570e7b9d_22_cuda_device_runtime_cu_8b1a5d37__Z16memcpy_3d_deviceImLi1ELi0ELi0EEvPKhPhT_S3_S3_S3_S3_S3_S3_jjjjjjjjS3_S1_S2_ : hostFun 0x0x606b16057490, fat_cubin_handle = 2
Warning: cannot find deviceFun __nv_static_44__570e7b9d_22_cuda_device_runtime_cu_8b1a5d37__Z16memcpy_3d_deviceImLi1ELi0ELi0EEvPKhPhT_S3_S3_S3_S3_S3_S3_jjjjjjjjS3_S1_S2_
GPGPU-Sim PTX: __cudaRegisterFunction __nv_static_44__570e7b9d_22_cuda_device_runtime_cu_8b1a5d37__Z16memcpy_3d_deviceImLi0ELi1ELi1EEvPKhPhT_S3_S3_S3_S3_S3_S3_jjjjjjjjS3_S1_S2_ : hostFun 0x0x606b16057160, fat_cubin_handle = 2
Warning: cannot find deviceFun __nv_static_44__570e7b9d_22_cuda_device_runtime_cu_8b1a5d37__Z16memcpy_3d_deviceImLi0ELi1ELi1EEvPKhPhT_S3_S3_S3_S3_S3_S3_jjjjjjjjS3_S1_S2_
GPGPU-Sim PTX: __cudaRegisterFunction __nv_static_44__570e7b9d_22_cuda_device_runtime_cu_8b1a5d37__Z16memcpy_3d_deviceImLi0ELi1ELi0EEvPKhPhT_S3_S3_S3_S3_S3_S3_jjjjjjjjS3_S1_S2_ : hostFun 0x0x606b16056e30, fat_cubin_handle = 2
Warning: cannot find deviceFun __nv_static_44__570e7b9d_22_cuda_device_runtime_cu_8b1a5d37__Z16memcpy_3d_deviceImLi0ELi1ELi0EEvPKhPhT_S3_S3_S3_S3_S3_S3_jjjjjjjjS3_S1_S2_
GPGPU-Sim PTX: __cudaRegisterFunction __nv_static_44__570e7b9d_22_cuda_device_runtime_cu_8b1a5d37__Z16memcpy_3d_deviceImLi0ELi0ELi1EEvPKhPhT_S3_S3_S3_S3_S3_S3_jjjjjjjjS3_S1_S2_ : hostFun 0x0x606b16056b00, fat_cubin_handle = 2
Warning: cannot find deviceFun __nv_static_44__570e7b9d_22_cuda_device_runtime_cu_8b1a5d37__Z16memcpy_3d_deviceImLi0ELi0ELi1EEvPKhPhT_S3_S3_S3_S3_S3_S3_jjjjjjjjS3_S1_S2_
GPGPU-Sim PTX: __cudaRegisterFunction __nv_static_44__570e7b9d_22_cuda_device_runtime_cu_8b1a5d37__Z16memcpy_3d_deviceImLi0ELi0ELi0EEvPKhPhT_S3_S3_S3_S3_S3_S3_jjjjjjjjS3_S1_S2_ : hostFun 0x0x606b160567d0, fat_cubin_handle = 2
Warning: cannot find deviceFun __nv_static_44__570e7b9d_22_cuda_device_runtime_cu_8b1a5d37__Z16memcpy_3d_deviceImLi0ELi0ELi0EEvPKhPhT_S3_S3_S3_S3_S3_S3_jjjjjjjjS3_S1_S2_
GPGPU-Sim PTX: __cudaRegisterFunction __nv_static_44__570e7b9d_22_cuda_device_runtime_cu_8b1a5d37__Z16memcpy_3d_deviceIjLi1ELi1ELi1EEvPKhPhT_S3_S3_S3_S3_S3_S3_jjjjjjjjS3_S1_S2_ : hostFun 0x0x606b160564c0, fat_cubin_handle = 2
Warning: cannot find deviceFun __nv_static_44__570e7b9d_22_cuda_device_runtime_cu_8b1a5d37__Z16memcpy_3d_deviceIjLi1ELi1ELi1EEvPKhPhT_S3_S3_S3_S3_S3_S3_jjjjjjjjS3_S1_S2_
GPGPU-Sim PTX: __cudaRegisterFunction __nv_static_44__570e7b9d_22_cuda_device_runtime_cu_8b1a5d37__Z16memcpy_3d_deviceIjLi1ELi1ELi0EEvPKhPhT_S3_S3_S3_S3_S3_S3_jjjjjjjjS3_S1_S2_ : hostFun 0x0x606b160561b0, fat_cubin_handle = 2
Warning: cannot find deviceFun __nv_static_44__570e7b9d_22_cuda_device_runtime_cu_8b1a5d37__Z16memcpy_3d_deviceIjLi1ELi1ELi0EEvPKhPhT_S3_S3_S3_S3_S3_S3_jjjjjjjjS3_S1_S2_
GPGPU-Sim PTX: __cudaRegisterFunction __nv_static_44__570e7b9d_22_cuda_device_runtime_cu_8b1a5d37__Z16memcpy_3d_deviceIjLi1ELi0ELi1EEvPKhPhT_S3_S3_S3_S3_S3_S3_jjjjjjjjS3_S1_S2_ : hostFun 0x0x606b16055ea0, fat_cubin_handle = 2
Warning: cannot find deviceFun __nv_static_44__570e7b9d_22_cuda_device_runtime_cu_8b1a5d37__Z16memcpy_3d_deviceIjLi1ELi0ELi1EEvPKhPhT_S3_S3_S3_S3_S3_S3_jjjjjjjjS3_S1_S2_
GPGPU-Sim PTX: __cudaRegisterFunction __nv_static_44__570e7b9d_22_cuda_device_runtime_cu_8b1a5d37__Z16memcpy_3d_deviceIjLi1ELi0ELi0EEvPKhPhT_S3_S3_S3_S3_S3_S3_jjjjjjjjS3_S1_S2_ : hostFun 0x0x606b16055b90, fat_cubin_handle = 2
Warning: cannot find deviceFun __nv_static_44__570e7b9d_22_cuda_device_runtime_cu_8b1a5d37__Z16memcpy_3d_deviceIjLi1ELi0ELi0EEvPKhPhT_S3_S3_S3_S3_S3_S3_jjjjjjjjS3_S1_S2_
GPGPU-Sim PTX: __cudaRegisterFunction __nv_static_44__570e7b9d_22_cuda_device_runtime_cu_8b1a5d37__Z16memcpy_3d_deviceIjLi0ELi1ELi1EEvPKhPhT_S3_S3_S3_S3_S3_S3_jjjjjjjjS3_S1_S2_ : hostFun 0x0x606b16055880, fat_cubin_handle = 2
Warning: cannot find deviceFun __nv_static_44__570e7b9d_22_cuda_device_runtime_cu_8b1a5d37__Z16memcpy_3d_deviceIjLi0ELi1ELi1EEvPKhPhT_S3_S3_S3_S3_S3_S3_jjjjjjjjS3_S1_S2_
GPGPU-Sim PTX: __cudaRegisterFunction __nv_static_44__570e7b9d_22_cuda_device_runtime_cu_8b1a5d37__Z16memcpy_3d_deviceIjLi0ELi1ELi0EEvPKhPhT_S3_S3_S3_S3_S3_S3_jjjjjjjjS3_S1_S2_ : hostFun 0x0x606b16055570, fat_cubin_handle = 2
Warning: cannot find deviceFun __nv_static_44__570e7b9d_22_cuda_device_runtime_cu_8b1a5d37__Z16memcpy_3d_deviceIjLi0ELi1ELi0EEvPKhPhT_S3_S3_S3_S3_S3_S3_jjjjjjjjS3_S1_S2_
GPGPU-Sim PTX: __cudaRegisterFunction __nv_static_44__570e7b9d_22_cuda_device_runtime_cu_8b1a5d37__Z16memcpy_3d_deviceIjLi0ELi0ELi1EEvPKhPhT_S3_S3_S3_S3_S3_S3_jjjjjjjjS3_S1_S2_ : hostFun 0x0x606b16055260, fat_cubin_handle = 2
Warning: cannot find deviceFun __nv_static_44__570e7b9d_22_cuda_device_runtime_cu_8b1a5d37__Z16memcpy_3d_deviceIjLi0ELi0ELi1EEvPKhPhT_S3_S3_S3_S3_S3_S3_jjjjjjjjS3_S1_S2_
GPGPU-Sim PTX: __cudaRegisterFunction __nv_static_44__570e7b9d_22_cuda_device_runtime_cu_8b1a5d37__Z16memcpy_3d_deviceIjLi0ELi0ELi0EEvPKhPhT_S3_S3_S3_S3_S3_S3_jjjjjjjjS3_S1_S2_ : hostFun 0x0x606b16054f50, fat_cubin_handle = 2
Warning: cannot find deviceFun __nv_static_44__570e7b9d_22_cuda_device_runtime_cu_8b1a5d37__Z16memcpy_3d_deviceIjLi0ELi0ELi0EEvPKhPhT_S3_S3_S3_S3_S3_S3_jjjjjjjjS3_S1_S2_
GPGPU-Sim PTX: __cudaRegisterFunction __nv_static_44__570e7b9d_22_cuda_device_runtime_cu_8b1a5d37__Z16memset_3d_deviceImLi1ELi1ELi1EEvPhhjT_S1_S1_S1_S1_jjjjjjjS1_S0_ : hostFun 0x0x606b16054d00, fat_cubin_handle = 2
Warning: cannot find deviceFun __nv_static_44__570e7b9d_22_cuda_device_runtime_cu_8b1a5d37__Z16memset_3d_deviceImLi1ELi1ELi1EEvPhhjT_S1_S1_S1_S1_jjjjjjjS1_S0_
GPGPU-Sim PTX: __cudaRegisterFunction __nv_static_44__570e7b9d_22_cuda_device_runtime_cu_8b1a5d37__Z16memset_3d_deviceImLi1ELi1ELi0EEvPhhjT_S1_S1_S1_S1_jjjjjjjS1_S0_ : hostFun 0x0x606b16054ab0, fat_cubin_handle = 2
Warning: cannot find deviceFun __nv_static_44__570e7b9d_22_cuda_device_runtime_cu_8b1a5d37__Z16memset_3d_deviceImLi1ELi1ELi0EEvPhhjT_S1_S1_S1_S1_jjjjjjjS1_S0_
GPGPU-Sim PTX: __cudaRegisterFunction __nv_static_44__570e7b9d_22_cuda_device_runtime_cu_8b1a5d37__Z16memset_3d_deviceImLi1ELi0ELi1EEvPhhjT_S1_S1_S1_S1_jjjjjjjS1_S0_ : hostFun 0x0x606b16054860, fat_cubin_handle = 2
Warning: cannot find deviceFun __nv_static_44__570e7b9d_22_cuda_device_runtime_cu_8b1a5d37__Z16memset_3d_deviceImLi1ELi0ELi1EEvPhhjT_S1_S1_S1_S1_jjjjjjjS1_S0_
GPGPU-Sim PTX: __cudaRegisterFunction __nv_static_44__570e7b9d_22_cuda_device_runtime_cu_8b1a5d37__Z16memset_3d_deviceImLi1ELi0ELi0EEvPhhjT_S1_S1_S1_S1_jjjjjjjS1_S0_ : hostFun 0x0x606b16054610, fat_cubin_handle = 2
Warning: cannot find deviceFun __nv_static_44__570e7b9d_22_cuda_device_runtime_cu_8b1a5d37__Z16memset_3d_deviceImLi1ELi0ELi0EEvPhhjT_S1_S1_S1_S1_jjjjjjjS1_S0_
GPGPU-Sim PTX: __cudaRegisterFunction __nv_static_44__570e7b9d_22_cuda_device_runtime_cu_8b1a5d37__Z16memset_3d_deviceImLi0ELi1ELi1EEvPhhjT_S1_S1_S1_S1_jjjjjjjS1_S0_ : hostFun 0x0x606b160543c0, fat_cubin_handle = 2
Warning: cannot find deviceFun __nv_static_44__570e7b9d_22_cuda_device_runtime_cu_8b1a5d37__Z16memset_3d_deviceImLi0ELi1ELi1EEvPhhjT_S1_S1_S1_S1_jjjjjjjS1_S0_
GPGPU-Sim PTX: __cudaRegisterFunction __nv_static_44__570e7b9d_22_cuda_device_runtime_cu_8b1a5d37__Z16memset_3d_deviceImLi0ELi1ELi0EEvPhhjT_S1_S1_S1_S1_jjjjjjjS1_S0_ : hostFun 0x0x606b16054170, fat_cubin_handle = 2
Warning: cannot find deviceFun __nv_static_44__570e7b9d_22_cuda_device_runtime_cu_8b1a5d37__Z16memset_3d_deviceImLi0ELi1ELi0EEvPhhjT_S1_S1_S1_S1_jjjjjjjS1_S0_
GPGPU-Sim PTX: __cudaRegisterFunction __nv_static_44__570e7b9d_22_cuda_device_runtime_cu_8b1a5d37__Z16memset_3d_deviceImLi0ELi0ELi1EEvPhhjT_S1_S1_S1_S1_jjjjjjjS1_S0_ : hostFun 0x0x606b16053f20, fat_cubin_handle = 2
Warning: cannot find deviceFun __nv_static_44__570e7b9d_22_cuda_device_runtime_cu_8b1a5d37__Z16memset_3d_deviceImLi0ELi0ELi1EEvPhhjT_S1_S1_S1_S1_jjjjjjjS1_S0_
GPGPU-Sim PTX: __cudaRegisterFunction __nv_static_44__570e7b9d_22_cuda_device_runtime_cu_8b1a5d37__Z16memset_3d_deviceImLi0ELi0ELi0EEvPhhjT_S1_S1_S1_S1_jjjjjjjS1_S0_ : hostFun 0x0x606b16053cd0, fat_cubin_handle = 2
Warning: cannot find deviceFun __nv_static_44__570e7b9d_22_cuda_device_runtime_cu_8b1a5d37__Z16memset_3d_deviceImLi0ELi0ELi0EEvPhhjT_S1_S1_S1_S1_jjjjjjjS1_S0_
GPGPU-Sim PTX: __cudaRegisterFunction __nv_static_44__570e7b9d_22_cuda_device_runtime_cu_8b1a5d37__Z16memset_3d_deviceIjLi1ELi1ELi1EEvPhhjT_S1_S1_S1_S1_jjjjjjjS1_S0_ : hostFun 0x0x606b16053ab0, fat_cubin_handle = 2
Warning: cannot find deviceFun __nv_static_44__570e7b9d_22_cuda_device_runtime_cu_8b1a5d37__Z16memset_3d_deviceIjLi1ELi1ELi1EEvPhhjT_S1_S1_S1_S1_jjjjjjjS1_S0_
GPGPU-Sim PTX: __cudaRegisterFunction __nv_static_44__570e7b9d_22_cuda_device_runtime_cu_8b1a5d37__Z16memset_3d_deviceIjLi1ELi1ELi0EEvPhhjT_S1_S1_S1_S1_jjjjjjjS1_S0_ : hostFun 0x0x606b16053890, fat_cubin_handle = 2
Warning: cannot find deviceFun __nv_static_44__570e7b9d_22_cuda_device_runtime_cu_8b1a5d37__Z16memset_3d_deviceIjLi1ELi1ELi0EEvPhhjT_S1_S1_S1_S1_jjjjjjjS1_S0_
GPGPU-Sim PTX: __cudaRegisterFunction __nv_static_44__570e7b9d_22_cuda_device_runtime_cu_8b1a5d37__Z16memset_3d_deviceIjLi1ELi0ELi1EEvPhhjT_S1_S1_S1_S1_jjjjjjjS1_S0_ : hostFun 0x0x606b16053670, fat_cubin_handle = 2
Warning: cannot find deviceFun __nv_static_44__570e7b9d_22_cuda_device_runtime_cu_8b1a5d37__Z16memset_3d_deviceIjLi1ELi0ELi1EEvPhhjT_S1_S1_S1_S1_jjjjjjjS1_S0_
GPGPU-Sim PTX: __cudaRegisterFunction __nv_static_44__570e7b9d_22_cuda_device_runtime_cu_8b1a5d37__Z16memset_3d_deviceIjLi1ELi0ELi0EEvPhhjT_S1_S1_S1_S1_jjjjjjjS1_S0_ : hostFun 0x0x606b16053450, fat_cubin_handle = 2
Warning: cannot find deviceFun __nv_static_44__570e7b9d_22_cuda_device_runtime_cu_8b1a5d37__Z16memset_3d_deviceIjLi1ELi0ELi0EEvPhhjT_S1_S1_S1_S1_jjjjjjjS1_S0_
GPGPU-Sim PTX: __cudaRegisterFunction __nv_static_44__570e7b9d_22_cuda_device_runtime_cu_8b1a5d37__Z16memset_3d_deviceIjLi0ELi1ELi1EEvPhhjT_S1_S1_S1_S1_jjjjjjjS1_S0_ : hostFun 0x0x606b16053230, fat_cubin_handle = 2
Warning: cannot find deviceFun __nv_static_44__570e7b9d_22_cuda_device_runtime_cu_8b1a5d37__Z16memset_3d_deviceIjLi0ELi1ELi1EEvPhhjT_S1_S1_S1_S1_jjjjjjjS1_S0_
GPGPU-Sim PTX: __cudaRegisterFunction __nv_static_44__570e7b9d_22_cuda_device_runtime_cu_8b1a5d37__Z16memset_3d_deviceIjLi0ELi1ELi0EEvPhhjT_S1_S1_S1_S1_jjjjjjjS1_S0_ : hostFun 0x0x606b16053010, fat_cubin_handle = 2
Warning: cannot find deviceFun __nv_static_44__570e7b9d_22_cuda_device_runtime_cu_8b1a5d37__Z16memset_3d_deviceIjLi0ELi1ELi0EEvPhhjT_S1_S1_S1_S1_jjjjjjjS1_S0_
GPGPU-Sim PTX: __cudaRegisterFunction __nv_static_44__570e7b9d_22_cuda_device_runtime_cu_8b1a5d37__Z16memset_3d_deviceIjLi0ELi0ELi1EEvPhhjT_S1_S1_S1_S1_jjjjjjjS1_S0_ : hostFun 0x0x606b16052df0, fat_cubin_handle = 2
Warning: cannot find deviceFun __nv_static_44__570e7b9d_22_cuda_device_runtime_cu_8b1a5d37__Z16memset_3d_deviceIjLi0ELi0ELi1EEvPhhjT_S1_S1_S1_S1_jjjjjjjS1_S0_
GPGPU-Sim PTX: __cudaRegisterFunction __nv_static_44__570e7b9d_22_cuda_device_runtime_cu_8b1a5d37__Z16memset_3d_deviceIjLi0ELi0ELi0EEvPhhjT_S1_S1_S1_S1_jjjjjjjS1_S0_ : hostFun 0x0x606b16052bd0, fat_cubin_handle = 2
Warning: cannot find deviceFun __nv_static_44__570e7b9d_22_cuda_device_runtime_cu_8b1a5d37__Z16memset_3d_deviceIjLi0ELi0ELi0EEvPhhjT_S1_S1_S1_S1_jjjjjjjS1_S0_
GPGPU-Sim PTX: __cudaRegisterVar: hostVar = 0x606b1614c1a0; deviceAddress = __nv_static_44__570e7b9d_22_cuda_device_runtime_cu_8b1a5d37_set_kernel32; deviceName = __nv_static_44__570e7b9d_22_cuda_device_runtime_cu_8b1a5d37_set_kernel32
GPGPU-Sim PTX: __cudaRegisterVar: Registering const memory space of 64 bytes
GPGPU-Sim PTX registering global __nv_static_44__570e7b9d_22_cuda_device_runtime_cu_8b1a5d37_set_kernel32 hostVar to name mapping
GPGPU-Sim PTX: __cudaRegisterVar: hostVar = 0x606b1614c160; deviceAddress = __nv_static_44__570e7b9d_22_cuda_device_runtime_cu_8b1a5d37_set_kernel64; deviceName = __nv_static_44__570e7b9d_22_cuda_device_runtime_cu_8b1a5d37_set_kernel64
GPGPU-Sim PTX: __cudaRegisterVar: Registering const memory space of 64 bytes
GPGPU-Sim PTX registering global __nv_static_44__570e7b9d_22_cuda_device_runtime_cu_8b1a5d37_set_kernel64 hostVar to name mapping
GPGPU-Sim PTX: __cudaRegisterVar: hostVar = 0x606b1614c120; deviceAddress = __nv_static_44__570e7b9d_22_cuda_device_runtime_cu_8b1a5d37_cpy_kernel32; deviceName = __nv_static_44__570e7b9d_22_cuda_device_runtime_cu_8b1a5d37_cpy_kernel32
GPGPU-Sim PTX: __cudaRegisterVar: Registering const memory space of 64 bytes
GPGPU-Sim PTX registering global __nv_static_44__570e7b9d_22_cuda_device_runtime_cu_8b1a5d37_cpy_kernel32 hostVar to name mapping
GPGPU-Sim PTX: __cudaRegisterVar: hostVar = 0x606b1614c0e0; deviceAddress = __nv_static_44__570e7b9d_22_cuda_device_runtime_cu_8b1a5d37_cpy_kernel64; deviceName = __nv_static_44__570e7b9d_22_cuda_device_runtime_cu_8b1a5d37_cpy_kernel64
GPGPU-Sim PTX: __cudaRegisterVar: Registering const memory space of 64 bytes
GPGPU-Sim PTX registering global __nv_static_44__570e7b9d_22_cuda_device_runtime_cu_8b1a5d37_cpy_kernel64 hostVar to name mapping
GPGPU-Sim PTX: __cudaRegisterVar: hostVar = 0x606b1614b0a0; deviceAddress = __nv_static_44__570e7b9d_22_cuda_device_runtime_cu_8b1a5d37_cudartErrorTableArr; deviceName = __nv_static_44__570e7b9d_22_cuda_device_runtime_cu_8b1a5d37_cudartErrorTableArr
GPGPU-Sim PTX: __cudaRegisterVar: Registering const memory space of 3000 bytes
GPGPU-Sim PTX registering global __nv_static_44__570e7b9d_22_cuda_device_runtime_cu_8b1a5d37_cudartErrorTableArr hostVar to name mapping
GPGPU-Sim PTX: __cudaRegisterVar: hostVar = 0x606b1614c0d0; deviceAddress = cudartErrorTable; deviceName = cudartErrorTable
GPGPU-Sim PTX: __cudaRegisterVar: Registering const memory space of 8 bytes
GPGPU-Sim PTX registering global cudartErrorTable hostVar to name mapping
GPGPU-Sim PTX: __cudaRegisterVar: hostVar = 0x606b1605cba8; deviceAddress = cudartErrorTableEntryCount; deviceName = cudartErrorTableEntryCount
GPGPU-Sim PTX: __cudaRegisterVar: Registering const memory space of 4 bytes
GPGPU-Sim PTX registering global cudartErrorTableEntryCount hostVar to name mapping
GPGPU-Sim PTX: __cudaRegisterVar: hostVar = 0x606b1605cb40; deviceAddress = __nv_static_44__570e7b9d_22_cuda_device_runtime_cu_8b1a5d37_cudartErrorCnpMapArr; deviceName = __nv_static_44__570e7b9d_22_cuda_device_runtime_cu_8b1a5d37_cudartErrorCnpMapArr
GPGPU-Sim PTX: __cudaRegisterVar: Registering const memory space of 104 bytes
GPGPU-Sim PTX registering global __nv_static_44__570e7b9d_22_cuda_device_runtime_cu_8b1a5d37_cudartErrorCnpMapArr hostVar to name mapping
GPGPU-Sim PTX: __cudaRegisterVar: hostVar = 0x606b1614c0c8; deviceAddress = cudartErrorCnpMap; deviceName = cudartErrorCnpMap
GPGPU-Sim PTX: __cudaRegisterVar: Registering const memory space of 8 bytes
GPGPU-Sim PTX registering global cudartErrorCnpMap hostVar to name mapping
GPGPU-Sim PTX: __cudaRegisterVar: hostVar = 0x606b1605cb20; deviceAddress = cudartErrorCnpMapEntryCount; deviceName = cudartErrorCnpMapEntryCount
GPGPU-Sim PTX: __cudaRegisterVar: Registering const memory space of 4 bytes
GPGPU-Sim PTX registering global cudartErrorCnpMapEntryCount hostVar to name mapping
GPGPU-Sim PTX: __cudaRegisterVar: hostVar = 0x606b1614c0c0; deviceAddress = __CNPRT_VERSION_NUMBER__; deviceName = __CNPRT_VERSION_NUMBER__
GPGPU-Sim PTX: __cudaRegisterVar: Registering const memory space of 4 bytes
GPGPU-Sim PTX registering global __CNPRT_VERSION_NUMBER__ hostVar to name mapping
GPGPU-Sim PTX: Setting up arguments for 8 bytes starting at 0x7fff0aa88ea8..
GPGPU-Sim PTX: Setting up arguments for 8 bytes starting at 0x7fff0aa88ea0..
GPGPU-Sim PTX: Setting up arguments for 4 bytes starting at 0x7fff0aa88e9c..
GPGPU-Sim PTX: Setting up arguments for 4 bytes starting at 0x7fff0aa88e98..

GPGPU-Sim PTX: cudaLaunch for 0x0x606b160519b0 (mode=performance simulation) on stream 0
GPGPU-Sim PTX: finding reconvergence points for '_Z13softmax_statsPKfPfii'...
GPGPU-Sim PTX: Finding dominators for '_Z13softmax_statsPKfPfii'...
GPGPU-Sim PTX: Finding immediate dominators for '_Z13softmax_statsPKfPfii'...
GPGPU-Sim PTX: Finding postdominators for '_Z13softmax_statsPKfPfii'...
GPGPU-Sim PTX: Finding immediate postdominators for '_Z13softmax_statsPKfPfii'...
GPGPU-Sim PTX: pre-decoding instructions for '_Z13softmax_statsPKfPfii'...
GPGPU-Sim PTX: reconvergence points for _Z13softmax_statsPKfPfii...
GPGPU-Sim PTX:  1 (potential) branch divergence @  PC=0xb08 (mlx_attention_proxy.1.sm_70.ptx:494) @%p1 bra $L__BB3_16;
GPGPU-Sim PTX:    immediate post dominator      @  PC=0xfd0 (mlx_attention_proxy.1.sm_70.ptx:674) ret;
GPGPU-Sim PTX:  2 (potential) branch divergence @  PC=0xb20 (mlx_attention_proxy.1.sm_70.ptx:498) @%p2 bra $L__BB3_8;
GPGPU-Sim PTX:    immediate post dominator      @  PC=0xc40 (mlx_attention_proxy.1.sm_70.ptx:546) mov.f32 %f111, 0f00000000;
GPGPU-Sim PTX:  3 (potential) branch divergence @  PC=0xb50 (mlx_attention_proxy.1.sm_70.ptx:505) @%p3 bra $L__BB3_5;
GPGPU-Sim PTX:    immediate post dominator      @  PC=0xbe8 (mlx_attention_proxy.1.sm_70.ptx:529) setp.eq.s32 %p5, %r48, 0;
GPGPU-Sim PTX:  4 (potential) branch divergence @  PC=0xbe0 (mlx_attention_proxy.1.sm_70.ptx:526) @%p4 bra $L__BB3_4;
GPGPU-Sim PTX:    immediate post dominator      @  PC=0xbe8 (mlx_attention_proxy.1.sm_70.ptx:529) setp.eq.s32 %p5, %r48, 0;
GPGPU-Sim PTX:  5 (potential) branch divergence @  PC=0xbf0 (mlx_attention_proxy.1.sm_70.ptx:530) @%p5 bra $L__BB3_8;
GPGPU-Sim PTX:    immediate post dominator      @  PC=0xc40 (mlx_attention_proxy.1.sm_70.ptx:546) mov.f32 %f111, 0f00000000;
GPGPU-Sim PTX:  6 (potential) branch divergence @  PC=0xc38 (mlx_attention_proxy.1.sm_70.ptx:543) @%p6 bra $L__BB3_7;
GPGPU-Sim PTX:    immediate post dominator      @  PC=0xc40 (mlx_attention_proxy.1.sm_70.ptx:546) mov.f32 %f111, 0f00000000;
GPGPU-Sim PTX:  7 (potential) branch divergence @  PC=0xc48 (mlx_attention_proxy.1.sm_70.ptx:547) @%p2 bra $L__BB3_15;
GPGPU-Sim PTX:    immediate post dominator      @  PC=0xfa8 (mlx_attention_proxy.1.sm_70.ptx:667) cvta.to.global.u64 %rd22, %rd14;
GPGPU-Sim PTX:  8 (potential) branch divergence @  PC=0xc78 (mlx_attention_proxy.1.sm_70.ptx:554) @%p8 bra $L__BB3_12;
GPGPU-Sim PTX:    immediate post dominator      @  PC=0xec0 (mlx_attention_proxy.1.sm_70.ptx:632) setp.eq.s32 %p10, %r52, 0;
GPGPU-Sim PTX:  9 (potential) branch divergence @  PC=0xeb8 (mlx_attention_proxy.1.sm_70.ptx:629) @%p9 bra $L__BB3_11;
GPGPU-Sim PTX:    immediate post dominator      @  PC=0xec0 (mlx_attention_proxy.1.sm_70.ptx:632) setp.eq.s32 %p10, %r52, 0;
GPGPU-Sim PTX: 10 (potential) branch divergence @  PC=0xec8 (mlx_attention_proxy.1.sm_70.ptx:633) @%p10 bra $L__BB3_15;
GPGPU-Sim PTX:    immediate post dominator      @  PC=0xfa8 (mlx_attention_proxy.1.sm_70.ptx:667) cvta.to.global.u64 %rd22, %rd14;
GPGPU-Sim PTX: 11 (potential) branch divergence @  PC=0xfa0 (mlx_attention_proxy.1.sm_70.ptx:664) @%p11 bra $L__BB3_14;
GPGPU-Sim PTX:    immediate post dominator      @  PC=0xfa8 (mlx_attention_proxy.1.sm_70.ptx:667) cvta.to.global.u64 %rd22, %rd14;
GPGPU-Sim PTX: ... end of reconvergence points for _Z13softmax_statsPKfPfii
GPGPU-Sim PTX: ... done pre-decoding instructions for '_Z13softmax_statsPKfPfii'.
GPGPU-Sim PTX: pushing kernel '_Z13softmax_statsPKfPfii' to stream 0, gridDim= (16,1,1) blockDim = (128,1,1) 
GPGPU-Sim uArch: Shader 0 bind to kernel 1 '_Z13softmax_statsPKfPfii'
GPGPU-Sim uArch: CTA/core = 16, limited by: threads regs
GPGPU-Sim: Reconfigure L1 cache to 128KB
GPGPU-Sim uArch: Shader 1 bind to kernel 1 '_Z13softmax_statsPKfPfii'
GPGPU-Sim uArch: Shader 2 bind to kernel 1 '_Z13softmax_statsPKfPfii'
GPGPU-Sim uArch: Shader 3 bind to kernel 1 '_Z13softmax_statsPKfPfii'
GPGPU-Sim uArch: Shader 4 bind to kernel 1 '_Z13softmax_statsPKfPfii'
GPGPU-Sim uArch: Shader 5 bind to kernel 1 '_Z13softmax_statsPKfPfii'
GPGPU-Sim uArch: Shader 6 bind to kernel 1 '_Z13softmax_statsPKfPfii'
GPGPU-Sim uArch: Shader 7 bind to kernel 1 '_Z13softmax_statsPKfPfii'
Destroy streams for kernel 1: size 0
kernel_name = _Z13softmax_statsPKfPfii 
kernel_launch_uid = 1 
kernel_stream_id = 0
gpu_sim_cycle = 2247276
gpu_sim_insn = 167856128
gpu_ipc =      74.6932
gpu_tot_sim_cycle = 2247276
gpu_tot_sim_insn = 167856128
gpu_tot_ipc =      74.6932
gpu_tot_issued_cta = 16
gpu_occupancy = 12.4967% 
gpu_tot_occupancy = 12.4967% 
max_total_param_size = 0
gpu_stall_dramfull = 0
gpu_stall_icnt2sh    = 0
partiton_level_parallism =       0.9333
partiton_level_parallism_total  =       0.9333
partiton_level_parallism_util =       1.4714
partiton_level_parallism_util_total  =       1.4714
L2_BW  =      41.1254 GB/Sec
L2_BW_total  =      41.1254 GB/Sec
gpu_total_sim_rate=372186

========= Core cache stats =========
L1I_cache:
	L1I_total_cache_accesses = 0
	L1I_total_cache_misses = 0
	L1I_total_cache_pending_hits = 0
	L1I_total_cache_reservation_fails = 0
L1D_cache:
	L1D_cache_core[0]: Access = 2097184, Miss = 262176, Miss_rate = 0.125, Pending_hits = 0, Reservation_fails = 0
	L1D_cache_core[1]: Access = 2097184, Miss = 262176, Miss_rate = 0.125, Pending_hits = 0, Reservation_fails = 0
	L1D_cache_core[2]: Access = 2097184, Miss = 262176, Miss_rate = 0.125, Pending_hits = 0, Reservation_fails = 0
	L1D_cache_core[3]: Access = 2097184, Miss = 262176, Miss_rate = 0.125, Pending_hits = 0, Reservation_fails = 0
	L1D_cache_core[4]: Access = 2097184, Miss = 262176, Miss_rate = 0.125, Pending_hits = 0, Reservation_fails = 0
	L1D_cache_core[5]: Access = 2097184, Miss = 262176, Miss_rate = 0.125, Pending_hits = 0, Reservation_fails = 0
	L1D_cache_core[6]: Access = 2097184, Miss = 262176, Miss_rate = 0.125, Pending_hits = 0, Reservation_fails = 0
	L1D_cache_core[7]: Access = 2097184, Miss = 262176, Miss_rate = 0.125, Pending_hits = 0, Reservation_fails = 0
	L1D_total_cache_accesses = 16777472
	L1D_total_cache_misses = 2097408
	L1D_total_cache_miss_rate = 0.1250
	L1D_total_cache_pending_hits = 0
	L1D_total_cache_reservation_fails = 0
	L1D_cache_data_port_util = 0.817
	L1D_cache_fill_port_util = 0.117
L1C_cache:
	L1C_total_cache_accesses = 0
	L1C_total_cache_misses = 0
	L1C_total_cache_pending_hits = 0
	L1C_total_cache_reservation_fails = 0
L1T_cache:
	L1T_total_cache_accesses = 0
	L1T_total_cache_misses = 0
	L1T_total_cache_pending_hits = 0
	L1T_total_cache_reservation_fails = 0

Total_core_cache_stats:
	Total_core_cache_stats_breakdown[GLOBAL_ACC_R][HIT] = 14680064
	Total_core_cache_stats_breakdown[GLOBAL_ACC_R][HIT_RESERVED] = 0
	Total_core_cache_stats_breakdown[GLOBAL_ACC_R][MISS] = 524288
	Total_core_cache_stats_breakdown[GLOBAL_ACC_R][RESERVATION_FAIL] = 0
	Total_core_cache_stats_breakdown[GLOBAL_ACC_R][SECTOR_MISS] = 1572864
	Total_core_cache_stats_breakdown[GLOBAL_ACC_R][MSHR_HIT] = 0
	Total_core_cache_stats_breakdown[LOCAL_ACC_R][HIT] = 0
	Total_core_cache_stats_breakdown[LOCAL_ACC_R][HIT_RESERVED] = 0
	Total_core_cache_stats_breakdown[LOCAL_ACC_R][MISS] = 0
	Total_core_cache_stats_breakdown[LOCAL_ACC_R][RESERVATION_FAIL] = 0
	Total_core_cache_stats_breakdown[LOCAL_ACC_R][SECTOR_MISS] = 0
	Total_core_cache_stats_breakdown[LOCAL_ACC_R][MSHR_HIT] = 0
	Total_core_cache_stats_breakdown[CONST_ACC_R][HIT] = 0
	Total_core_cache_stats_breakdown[CONST_ACC_R][HIT_RESERVED] = 0
	Total_core_cache_stats_breakdown[CONST_ACC_R][MISS] = 0
	Total_core_cache_stats_breakdown[CONST_ACC_R][RESERVATION_FAIL] = 0
	Total_core_cache_stats_breakdown[CONST_ACC_R][SECTOR_MISS] = 0
	Total_core_cache_stats_breakdown[CONST_ACC_R][MSHR_HIT] = 0
	Total_core_cache_stats_breakdown[TEXTURE_ACC_R][HIT] = 0
	Total_core_cache_stats_breakdown[TEXTURE_ACC_R][HIT_RESERVED] = 0
	Total_core_cache_stats_breakdown[TEXTURE_ACC_R][MISS] = 0
	Total_core_cache_stats_breakdown[TEXTURE_ACC_R][RESERVATION_FAIL] = 0
	Total_core_cache_stats_breakdown[TEXTURE_ACC_R][SECTOR_MISS] = 0
	Total_core_cache_stats_breakdown[TEXTURE_ACC_R][MSHR_HIT] = 0
	Total_core_cache_stats_breakdown[GLOBAL_ACC_W][HIT] = 0
	Total_core_cache_stats_breakdown[GLOBAL_ACC_W][HIT_RESERVED] = 0
	Total_core_cache_stats_breakdown[GLOBAL_ACC_W][MISS] = 64
	Total_core_cache_stats_breakdown[GLOBAL_ACC_W][RESERVATION_FAIL] = 0
	Total_core_cache_stats_breakdown[GLOBAL_ACC_W][SECTOR_MISS] = 192
	Total_core_cache_stats_breakdown[GLOBAL_ACC_W][MSHR_HIT] = 0
	Total_core_cache_stats_breakdown[LOCAL_ACC_W][HIT] = 0
	Total_core_cache_stats_breakdown[LOCAL_ACC_W][HIT_RESERVED] = 0
	Total_core_cache_stats_breakdown[LOCAL_ACC_W][MISS] = 0
	Total_core_cache_stats_breakdown[LOCAL_ACC_W][RESERVATION_FAIL] = 0
	Total_core_cache_stats_breakdown[LOCAL_ACC_W][SECTOR_MISS] = 0
	Total_core_cache_stats_breakdown[LOCAL_ACC_W][MSHR_HIT] = 0
	Total_core_cache_stats_breakdown[L1_WRBK_ACC][HIT] = 0
	Total_core_cache_stats_breakdown[L1_WRBK_ACC][HIT_RESERVED] = 0
	Total_core_cache_stats_breakdown[L1_WRBK_ACC][MISS] = 0
	Total_core_cache_stats_breakdown[L1_WRBK_ACC][RESERVATION_FAIL] = 0
	Total_core_cache_stats_breakdown[L1_WRBK_ACC][SECTOR_MISS] = 0
	Total_core_cache_stats_breakdown[L1_WRBK_ACC][MSHR_HIT] = 0
	Total_core_cache_stats_breakdown[L2_WRBK_ACC][HIT] = 0
	Total_core_cache_stats_breakdown[L2_WRBK_ACC][HIT_RESERVED] = 0
	Total_core_cache_stats_breakdown[L2_WRBK_ACC][MISS] = 0
	Total_core_cache_stats_breakdown[L2_WRBK_ACC][RESERVATION_FAIL] = 0
	Total_core_cache_stats_breakdown[L2_WRBK_ACC][SECTOR_MISS] = 0
	Total_core_cache_stats_breakdown[L2_WRBK_ACC][MSHR_HIT] = 0
	Total_core_cache_stats_breakdown[INST_ACC_R][HIT] = 0
	Total_core_cache_stats_breakdown[INST_ACC_R][HIT_RESERVED] = 0
	Total_core_cache_stats_breakdown[INST_ACC_R][MISS] = 0
	Total_core_cache_stats_breakdown[INST_ACC_R][RESERVATION_FAIL] = 0
	Total_core_cache_stats_breakdown[INST_ACC_R][SECTOR_MISS] = 0
	Total_core_cache_stats_breakdown[INST_ACC_R][MSHR_HIT] = 0
	Total_core_cache_stats_breakdown[L1_WR_ALLOC_R][HIT] = 0
	Total_core_cache_stats_breakdown[L1_WR_ALLOC_R][HIT_RESERVED] = 0
	Total_core_cache_stats_breakdown[L1_WR_ALLOC_R][MISS] = 0
	Total_core_cache_stats_breakdown[L1_WR_ALLOC_R][RESERVATION_FAIL] = 0
	Total_core_cache_stats_breakdown[L1_WR_ALLOC_R][SECTOR_MISS] = 0
	Total_core_cache_stats_breakdown[L1_WR_ALLOC_R][MSHR_HIT] = 0
	Total_core_cache_stats_breakdown[L2_WR_ALLOC_R][HIT] = 0
	Total_core_cache_stats_breakdown[L2_WR_ALLOC_R][HIT_RESERVED] = 0
	Total_core_cache_stats_breakdown[L2_WR_ALLOC_R][MISS] = 0
	Total_core_cache_stats_breakdown[L2_WR_ALLOC_R][RESERVATION_FAIL] = 0
	Total_core_cache_stats_breakdown[L2_WR_ALLOC_R][SECTOR_MISS] = 0
	Total_core_cache_stats_breakdown[L2_WR_ALLOC_R][MSHR_HIT] = 0
	Total_core_cache_stats_breakdown[GLOBAL_ACC_R][TOTAL_ACCESS] = 16777216
	Total_core_cache_stats_breakdown[GLOBAL_ACC_W][TOTAL_ACCESS] = 256

Total_core_cache_fail_stats:
ctas_completed 16, Shader 0 warp_id issue ditsribution:
warp_id:
0, 1, 2, 3, 4, 5, 6, 7, 
distro:
81968, 81968, 81968, 81968, 81968, 81968, 81968, 81968, 
gpgpu_n_tot_thrd_icount = 167870464
gpgpu_n_tot_w_icount = 5245952
gpgpu_n_stall_shd_mem = 16252928
gpgpu_n_mem_read_local = 0
gpgpu_n_mem_write_local = 0
gpgpu_n_mem_read_global = 2097152
gpgpu_n_mem_write_global = 256
gpgpu_n_mem_texture = 0
gpgpu_n_mem_const = 0
gpgpu_n_load_insn  = 16777216
gpgpu_n_store_insn = 2048
gpgpu_n_shmem_insn = 0
gpgpu_n_sstarr_insn = 0
gpgpu_n_tex_insn = 0
gpgpu_n_const_mem_insn = 0
gpgpu_n_param_mem_insn = 8192
gpgpu_n_shmem_bkconflict = 0
gpgpu_n_l1cache_bkconflict = 16252928
gpgpu_n_intrawarp_mshr_merge = 0
gpgpu_n_cmem_portconflict = 0
gpgpu_stall_shd_mem[c_mem][resource_stall] = 0
gpgpu_stall_shd_mem[s_mem][bk_conf] = 0
gpgpu_stall_shd_mem[gl_mem][resource_stall] = 16252928
gpgpu_stall_shd_mem[gl_mem][coal_stall] = 0
gpgpu_stall_shd_mem[gl_mem][data_port_stall] = 0
gpu_reg_bank_conflict_stalls = 0
Warp Occupancy Distribution:
Stall:672	W0_Idle:13822	W0_Scoreboard:66617662	W1:0	W2:0	W3:0	W4:0	W5:0	W6:0	W7:0	W8:0	W9:0	W10:0	W11:0	W12:0	W13:0	W14:0	W15:0	W16:0	W17:0	W18:0	W19:0	W20:0	W21:0	W22:0	W23:0	W24:0	W25:0	W26:0	W27:0	W28:0	W29:0	W30:0	W31:0	W32:5245952
single_issue_nums: WS0:1311488	WS1:1311488	WS2:1311488	WS3:1311488	
dual_issue_nums: WS0:0	WS1:0	WS2:0	WS3:0	
traffic_breakdown_coretomem[GLOBAL_ACC_R] = 16777216 {8:2097152,}
traffic_breakdown_coretomem[GLOBAL_ACC_W] = 10240 {40:256,}
traffic_breakdown_memtocore[GLOBAL_ACC_R] = 83886080 {40:2097152,}
traffic_breakdown_memtocore[GLOBAL_ACC_W] = 2048 {8:256,}
maxmflatency = 523 
max_icnt2mem_latency = 27 
maxmrqlatency = 113 
max_icnt2sh_latency = 55 
averagemflatency = 318 
avg_icnt2mem_latency = 23 
avg_mrq_latency = 1 
avg_icnt2sh_latency = 3 
mrq_lat_table:1952313 	22728 	30646 	71295 	17211 	2790 	169 	0 	0 	0 	0 	0 	0 	0 	0 	0 	0 	0 	0 	0 	0 	0 	0 	0 	0 	0 	0 	0 	0 	0 	0 	0 	
dq_lat_table:0 	0 	0 	0 	0 	0 	0 	0 	0 	0 	0 	0 	0 	0 	0 	0 	0 	0 	0 	0 	0 	0 	0 	0 	0 	0 	0 	0 	0 	0 	0 	0 	
mf_lat_table:0 	0 	0 	0 	0 	0 	0 	256 	2097138 	14 	0 	0 	0 	0 	0 	0 	0 	0 	0 	0 	0 	0 	0 	0 	0 	0 	0 	0 	0 	0 	0 	0 	
icnt2mem_lat_table:0 	0 	0 	0 	2097408 	0 	0 	0 	0 	0 	0 	0 	0 	0 	0 	0 	0 	0 	0 	0 	0 	0 	0 	0 	
icnt2sh_lat_table:0 	1458988 	417337 	180135 	40545 	403 	0 	0 	0 	0 	0 	0 	0 	0 	0 	0 	0 	0 	0 	0 	0 	0 	0 	0 	
mf_lat_pw_table:0 	0 	0 	0 	0 	0 	0 	3 	4387 	0 	0 	0 	0 	0 	0 	0 	0 	0 	0 	0 	0 	0 	0 	0 	0 	0 	0 	0 	0 	0 	0 	0 	
maximum concurrent accesses to same row:
dram[0]:         1         1         1         1         1         1         1         1         1         1         1         1         1         1         1         1 
dram[1]:         1         1         1         1         1         1         1         1         1         1         1         1         1         1         1         1 
dram[2]:         1         1         1         1         1         1         1         1         1         1         1         1         1         1         1         1 
dram[3]:         1         1         1         1         1         1         1         1         1         1         1         1         1         1         1         1 
dram[4]:         1         1         1         1         1         1         1         1         1         1         1         1         1         1         1         1 
dram[5]:         1         1         1         1         1         1         1         1         1         1         1         1         1         1         1         1 
dram[6]:         1         1         1         1         1         1         1         1         1         1         1         1         1         1         1         1 
dram[7]:         1         1         1         1         1         1         1         1         1         1         1         1         1         1         1         1 
dram[8]:         1         1         1         1         1         1         1         1         1         1         1         1         1         1         1         1 
dram[9]:         1         1         1         1         1         1         1         1         1         1         1         1         1         1         1         1 
dram[10]:         1         1         1         1         1         1         1         1         1         1         1         1         1         1         1         1 
dram[11]:         1         1         1         1         1         1         1         1         1         1         1         1         1         1         1         1 
dram[12]:         1         1         1         1         1         1         1         1         1         1         1         1         1         1         1         1 
dram[13]:         1         1         1         1         1         1         1         1         1         1         1         1         1         1         1         1 
dram[14]:         1         1         1         1         1         1         1         1         1         1         1         1         1         1         1         1 
dram[15]:         1         1         1         1         1         1         1         1         1         1         1         1         1         1         1         1 
maximum service time to same row:
dram[0]:      1938      1867      1917      1871      1790      1847      1836      1841      1787      1863      1851      1827      1907      1853      1934      1840 
dram[1]:      1852      1825      1783      1865      1940      1874      1903      1851      1949      1843      1884      1867      1836      1841      1796      1849 
dram[2]:      1792      1864      1852      1826      1896      1852      1937      1876      1903      1869      1945      1843      1803      1847      1836      1843 
dram[3]:      1936      1871      1934      1867      1836      1842      1785      1849      1852      1825      1783      1863      1927      1839      1903      1851 
dram[4]:      1852      1827      1785      1863      1949      1876      1909      1853      1947      1843      1881      1868      1836      1843      1793      1847 
dram[5]:      1936      1868      1915      1870      1794      1849      1836      1842      1785      1865      1853      1825      1916      1852      1940      1838 
dram[6]:      1932      1871      1935      1869      1836      1842      1783      1847      1852      1827      1785      1864      1934      1840      1904      1852 
dram[7]:      1791      1864      1853      1827      1903      1852      1936      1874      1898      1867      1946      1843      1803      1849      1836      1841 
dram[8]:      1793      1863      1852      1825      1912      1852      1943      1872      1900      1869      1945      1840      1803      1847      1836      1842 
dram[9]:      1933      1876      1930      1867      1836      1841      1785      1849      1853      1825      1783      1864      1939      1843      1909      1852 
dram[10]:      1939      1869      1933      1876      1790      1848      1836      1842      1789      1863      1851      1827      1905      1853      1931      1844 
dram[11]:      1851      1825      1783      1865      1938      1871      1903      1852      1952      1839      1900      1867      1836      1841      1796      1848 
dram[12]:      1923      1874      1930      1869      1836      1843      1784      1847      1852      1827      1785      1864      1933      1843      1909      1852 
dram[13]:      1791      1865      1852      1827      1906      1852      1941      1870      1890      1867      1943      1838      1803      1849      1836      1842 
dram[14]:      1853      1827      1785      1863      1935      1871      1911      1853      1942      1838      1901      1868      1836      1843      1794      1849 
dram[15]:      1927      1867      1934      1874      1794      1848      1836      1842      1785      1865      1852      1825      1902      1851      1938      1842 
average row accesses per activate:
dram[0]:  1.000000  1.000000  1.000000  1.000000  1.000000  1.000000  1.000000  1.000000  1.000000  1.000000  1.000000  1.000000  1.000000  1.000000  1.000000  1.000000 
dram[1]:  1.000000  1.000000  1.000000  1.000000  1.000000  1.000000  1.000000  1.000000  1.000000  1.000000  1.000000  1.000000  1.000000  1.000000  1.000000  1.000000 
dram[2]:  1.000000  1.000000  1.000000  1.000000  1.000000  1.000000  1.000000  1.000000  1.000000  1.000000  1.000000  1.000000  1.000000  1.000000  1.000000  1.000000 
dram[3]:  1.000000  1.000000  1.000000  1.000000  1.000000  1.000000  1.000000  1.000000  1.000000  1.000000  1.000000  1.000000  1.000000  1.000000  1.000000  1.000000 
dram[4]:  1.000000  1.000000  1.000000  1.000000  1.000000  1.000000  1.000000  1.000000  1.000000  1.000000  1.000000  1.000000  1.000000  1.000000  1.000000  1.000000 
dram[5]:  1.000000  1.000000  1.000000  1.000000  1.000000  1.000000  1.000000  1.000000  1.000000  1.000000  1.000000  1.000000  1.000000  1.000000  1.000000  1.000000 
dram[6]:  1.000000  1.000000  1.000000  1.000000  1.000000  1.000000  1.000000  1.000000  1.000000  1.000000  1.000000  1.000000  1.000000  1.000000  1.000000  1.000000 
dram[7]:  1.000000  1.000000  1.000000  1.000000  1.000000  1.000000  1.000000  1.000000  1.000000  1.000000  1.000000  1.000000  1.000000  1.000000  1.000000  1.000000 
dram[8]:  1.000000  1.000000  1.000000  1.000000  1.000000  1.000000  1.000000  1.000000  1.000000  1.000000  1.000000  1.000000  1.000000  1.000000  1.000000  1.000000 
dram[9]:  1.000000  1.000000  1.000000  1.000000  1.000000  1.000000  1.000000  1.000000  1.000000  1.000000  1.000000  1.000000  1.000000  1.000000  1.000000  1.000000 
dram[10]:  1.000000  1.000000  1.000000  1.000000  1.000000  1.000000  1.000000  1.000000  1.000000  1.000000  1.000000  1.000000  1.000000  1.000000  1.000000  1.000000 
dram[11]:  1.000000  1.000000  1.000000  1.000000  1.000000  1.000000  1.000000  1.000000  1.000000  1.000000  1.000000  1.000000  1.000000  1.000000  1.000000  1.000000 
dram[12]:  1.000000  1.000000  1.000000  1.000000  1.000000  1.000000  1.000000  1.000000  1.000000  1.000000  1.000000  1.000000  1.000000  1.000000  1.000000  1.000000 
dram[13]:  1.000000  1.000000  1.000000  1.000000  1.000000  1.000000  1.000000  1.000000  1.000000  1.000000  1.000000  1.000000  1.000000  1.000000  1.000000  1.000000 
dram[14]:  1.000000  1.000000  1.000000  1.000000  1.000000  1.000000  1.000000  1.000000  1.000000  1.000000  1.000000  1.000000  1.000000  1.000000  1.000000  1.000000 
dram[15]:  1.000000  1.000000  1.000000  1.000000  1.000000  1.000000  1.000000  1.000000  1.000000  1.000000  1.000000  1.000000  1.000000  1.000000  1.000000  1.000000 
average row locality = 2097152/2097152 = 1.000000
number of total memory accesses made:
dram[0]:         0         0         0         0         0         0         0         0         0         0         0         0         0         0         0         0 
dram[1]:         0         0         0         0         0         0         0         0         0         0         0         0         0         0         0         0 
dram[2]:         0         0         0         0         0         0         0         0         0         0         0         0         0         0         0         0 
dram[3]:         0         0         0         0         0         0         0         0         0         0         0         0         0         0         0         0 
dram[4]:         0         0         0         0         0         0         0         0         0         0         0         0         0         0         0         0 
dram[5]:         0         0         0         0         0         0         0         0         0         0         0         0         0         0         0         0 
dram[6]:         0         0         0         0         0         0         0         0         0         0         0         0         0         0         0         0 
dram[7]:         0         0         0         0         0         0         0         0         0         0         0         0         0         0         0         0 
dram[8]:         0         0         0         0         0         0         0         0         0         0         0         0         0         0         0         0 
dram[9]:         0         0         0         0         0         0         0         0         0         0         0         0         0         0         0         0 
dram[10]:         0         0         0         0         0         0         0         0         0         0         0         0         0         0         0         0 
dram[11]:         0         0         0         0         0         0         0         0         0         0         0         0         0         0         0         0 
dram[12]:         0         0         0         0         0         0         0         0         0         0         0         0         0         0         0         0 
dram[13]:         0         0         0         0         0         0         0         0         0         0         0         0         0         0         0         0 
dram[14]:         0         0         0         0         0         0         0         0         0         0         0         0         0         0         0         0 
dram[15]:         0         0         0         0         0         0         0         0         0         0         0         0         0         0         0         0 
total accesses: 0
min_bank_accesses = 0!
min_chip_accesses = 0!
number of total read accesses:
dram[0]:      8192      8192      8192      8192      8192      8192      8192      8192      8192      8192      8192      8192      8192      8192      8192      8192 
dram[1]:      8192      8192      8192      8192      8192      8192      8192      8192      8192      8192      8192      8192      8192      8192      8192      8192 
dram[2]:      8192      8192      8192      8192      8192      8192      8192      8192      8192      8192      8192      8192      8192      8192      8192      8192 
dram[3]:      8192      8192      8192      8192      8192      8192      8192      8192      8192      8192      8192      8192      8192      8192      8192      8192 
dram[4]:      8192      8192      8192      8192      8192      8192      8192      8192      8192      8192      8192      8192      8192      8192      8192      8192 
dram[5]:      8192      8192      8192      8192      8192      8192      8192      8192      8192      8192      8192      8192      8192      8192      8192      8192 
dram[6]:      8192      8192      8192      8192      8192      8192      8192      8192      8192      8192      8192      8192      8192      8192      8192      8192 
dram[7]:      8192      8192      8192      8192      8192      8192      8192      8192      8192      8192      8192      8192      8192      8192      8192      8192 
dram[8]:      8192      8192      8192      8192      8192      8192      8192      8192      8192      8192      8192      8192      8192      8192      8192      8192 
dram[9]:      8192      8192      8192      8192      8192      8192      8192      8192      8192      8192      8192      8192      8192      8192      8192      8192 
dram[10]:      8192      8192      8192      8192      8192      8192      8192      8192      8192      8192      8192      8192      8192      8192      8192      8192 
dram[11]:      8192      8192      8192      8192      8192      8192      8192      8192      8192      8192      8192      8192      8192      8192      8192      8192 
dram[12]:      8192      8192      8192      8192      8192      8192      8192      8192      8192      8192      8192      8192      8192      8192      8192      8192 
dram[13]:      8192      8192      8192      8192      8192      8192      8192      8192      8192      8192      8192      8192      8192      8192      8192      8192 
dram[14]:      8192      8192      8192      8192      8192      8192      8192      8192      8192      8192      8192      8192      8192      8192      8192      8192 
dram[15]:      8192      8192      8192      8192      8192      8192      8192      8192      8192      8192      8192      8192      8192      8192      8192      8192 
total dram reads = 2097152
bank skew: 8192/8192 = 1.00
chip skew: 131072/131072 = 1.00
number of total write accesses:
dram[0]:         0         0         0         0         0         0         0         0         0         0         0         0         0         0         0         0 
dram[1]:         0         0         0         0         0         0         0         0         0         0         0         0         0         0         0         0 
dram[2]:         0         0         0         0         0         0         0         0         0         0         0         0         0         0         0         0 
dram[3]:         0         0         0         0         0         0         0         0         0         0         0         0         0         0         0         0 
dram[4]:         0         0         0         0         0         0         0         0         0         0         0         0         0         0         0         0 
dram[5]:         0         0         0         0         0         0         0         0         0         0         0         0         0         0         0         0 
dram[6]:         0         0         0         0         0         0         0         0         0         0         0         0         0         0         0         0 
dram[7]:         0         0         0         0         0         0         0         0         0         0         0         0         0         0         0         0 
dram[8]:         0         0         0         0         0         0         0         0         0         0         0         0         0         0         0         0 
dram[9]:         0         0         0         0         0         0         0         0         0         0         0         0         0         0         0         0 
dram[10]:         0         0         0         0         0         0         0         0         0         0         0         0         0         0         0         0 
dram[11]:         0         0         0         0         0         0         0         0         0         0         0         0         0         0         0         0 
dram[12]:         0         0         0         0         0         0         0         0         0         0         0         0         0         0         0         0 
dram[13]:         0         0         0         0         0         0         0         0         0         0         0         0         0         0         0         0 
dram[14]:         0         0         0         0         0         0         0         0         0         0         0         0         0         0         0         0 
dram[15]:         0         0         0         0         0         0         0         0         0         0         0         0         0         0         0         0 
total dram writes = 0
min_bank_accesses = 0!
min_chip_accesses = 0!
average mf latency per bank:
dram[0]:        318       317       318       318       318       317       318       317       317       317       317       316       319       318       318       318
dram[1]:        318       317       317       317       318       318       318       317       317       317       316       316       319       319       318       318
dram[2]:        317       317       318       318       318       317       318       317       317       317       317       317       318       318       318       318
dram[3]:        317       317       318       317       318       317       318       317       317       316       316       316       319       318       318       318
dram[4]:        318       318       318       318       318       318       318       317       317       317       317       316       319       319       318       318
dram[5]:        318       318       317       317       318       318       318       317       317       317       316       316       319       319       318       318
dram[6]:        318       317       318       317       318       318       318       317       317       317       317       317       319       319       318       318
dram[7]:        318       317       317       317       318       318       318       317       317       317       316       316       319       319       318       318
dram[8]:        318       318       318       317       318       317       317       317       317       316       317       317       319       318       318       318
dram[9]:        318       317       317       317       318       317       317       317       317       316       316       316       319       319       318       318
dram[10]:        317       317       318       318       318       317       318       317       317       317       317       317       318       318       318       318
dram[11]:        317       317       317       317       318       317       318       317       317       317       316       316       319       318       318       318
dram[12]:        318       318       318       317       318       318       318       317       317       317       317       316       319       319       318       318
dram[13]:        318       318       318       317       319       318       318       317       317       317       316       316       319       319       318       318
dram[14]:        318       317       318       318       318       318       318       317       317       317       317       316       319       319       318       318
dram[15]:        318       317       317       317       318       318       318       317       317       317       316       316       319       319       318       318
maximum mf latency per bank:
dram[0]:        495       368       490       369       506       383       481       362       461       366       433       360       469       375       464       371
dram[1]:        495       361       490       363       506       375       481       370       461       361       433       382       464       371       464       370
dram[2]:        491       368       500       374       480       369       513       377       447       363       494       364       462       368       472       377
dram[3]:        491       369       500       372       479       376       513       375       447       364       494       365       461       370       474       404
dram[4]:        498       363       495       366       504       374       484       364       485       367       428       370       468       374       469       372
dram[5]:        498       364       495       371       504       367       484       367       485       363       428       359       473       375       469       362
dram[6]:        490       372       492       368       475       375       516       368       429       366       499       363       461       366       462       379
dram[7]:        490       365       492       366       475       363       516       375       428       371       499       368       461       369       466       362
dram[8]:        488       362       490       364       478       369       518       370       426       370       499       374       458       370       459       366
dram[9]:        487       373       489       370       479       384       518       368       427       355       499       367       458       369       462       388
dram[10]:        487       368       500       366       508       376       488       372       481       365       428       358       458       386       474       381
dram[11]:        487       370       500       371       508       362       487       364       481       368       430       367       458       364       474       368
dram[12]:        491       376       499       373       478       388       523       371       428       357       501       373       461       371       472       393
dram[13]:        491       364       499       367       476       373       523       370       429       359       501       372       461       366       479       370
dram[14]:        481       372       491       374       506       365       487       367       463       370       431       378       458       366       463       372
dram[15]:        481       360       493       368       506       377       488       368       463       361       433       361       454       367       463       366
Memory Partition 0: 
Cache L2_bank_000:
MSHR contents

Cache L2_bank_001:
MSHR contents

In Dram Latency Queue (total = 0): 
DRAM[0]: 16 bks, busW=16 BL=2 CL=12, tRRD=3 tCCD=1, tRCD=12 tRAS=28 tRP=12 tRC=40
n_cmd=3481074 n_nop=3092519 n_act=131072 n_pre=131056 n_ref_event=0 n_req=131072 n_rd=131072 n_rd_L2_A=0 n_write=0 n_wr_bk=0 bw_util=0.03765
n_activity=2667528 dram_eff=0.04914
bk0: 8192a 3270042i bk1: 8192a 3270878i bk2: 8192a 3269200i bk3: 8192a 3270405i bk4: 8192a 3269040i bk5: 8192a 3269927i bk6: 8192a 3270703i bk7: 8192a 3269039i bk8: 8192a 3269330i bk9: 8192a 3270555i bk10: 8192a 3269948i bk11: 8192a 3269625i bk12: 8192a 3274904i bk13: 8192a 3274573i bk14: 8192a 3273420i bk15: 8192a 3274390i 

------------------------------------------------------------------------

Row_Buffer_Locality = 0.000000
Row_Buffer_Locality_read = 0.000000
Row_Buffer_Locality_write = -nan
Bank_Level_Parallism = 1.666345
Bank_Level_Parallism_Col = 1.199980
Bank_Level_Parallism_Ready = 1.000000
write_to_read_ratio_blp_rw_average = 0.000000
GrpLevelPara = 1.135548 

BW Util details:
bwutil = 0.037653 
total_CMD = 3481074 
util_bw = 131072 
Wasted_Col = 1256134 
Wasted_Row = 708565 
Idle = 1385303 

BW Util Bottlenecks: 
RCDc_limit = 1508076 
RCDWRc_limit = 0 
WTRc_limit = 0 
RTWc_limit = 0 
CCDLc_limit = 30062 
rwq = 0 
CCDLc_limit_alone = 30062 
WTRc_limit_alone = 0 
RTWc_limit_alone = 0 

Commands details: 
total_CMD = 3481074 
n_nop = 3092519 
Read = 131072 
Write = 0 
L2_Alloc = 0 
L2_WB = 0 
n_act = 131072 
n_pre = 131056 
n_ref = 0 
n_req = 131072 
total_req = 131072 

Dual Bus Interface Util: 
issued_total_row = 262128 
issued_total_col = 131072 
Row_Bus_Util =  0.075301 
CoL_Bus_Util = 0.037653 
Either_Row_CoL_Bus_Util = 0.111619 
Issued_on_Two_Bus_Simul_Util = 0.001334 
issued_two_Eff = 0.011955 
queue_avg = 0.038518 


dram_util_bins: 0 0 0 0 0 0 0 0 0 0
dram_eff_bins: 0 0 0 0 0 0 0 0 0 0
mrqq: max=16 avg=0.0385183
Memory Partition 1: 
Cache L2_bank_002:
MSHR contents

Cache L2_bank_003:
MSHR contents

In Dram Latency Queue (total = 0): 
DRAM[1]: 16 bks, busW=16 BL=2 CL=12, tRRD=3 tCCD=1, tRCD=12 tRAS=28 tRP=12 tRC=40
n_cmd=3481074 n_nop=3092556 n_act=131072 n_pre=131056 n_ref_event=0 n_req=131072 n_rd=131072 n_rd_L2_A=0 n_write=0 n_wr_bk=0 bw_util=0.03765
n_activity=2668456 dram_eff=0.04912
bk0: 8192a 3271124i bk1: 8192a 3270477i bk2: 8192a 3269981i bk3: 8192a 3271065i bk4: 8192a 3268404i bk5: 8192a 3269345i bk6: 8192a 3269274i bk7: 8192a 3269261i bk8: 8192a 3269023i bk9: 8192a 3270463i bk10: 8192a 3269243i bk11: 8192a 3269569i bk12: 8192a 3275081i bk13: 8192a 3274269i bk14: 8192a 3273662i bk15: 8192a 3274861i 

------------------------------------------------------------------------

Row_Buffer_Locality = 0.000000
Row_Buffer_Locality_read = 0.000000
Row_Buffer_Locality_write = -nan
Bank_Level_Parallism = 1.666617
Bank_Level_Parallism_Col = 1.201151
Bank_Level_Parallism_Ready = 1.000000
write_to_read_ratio_blp_rw_average = 0.000000
GrpLevelPara = 1.135740 

BW Util details:
bwutil = 0.037653 
total_CMD = 3481074 
util_bw = 131072 
Wasted_Col = 1254584 
Wasted_Row = 710299 
Idle = 1385119 

BW Util Bottlenecks: 
RCDc_limit = 1507499 
RCDWRc_limit = 0 
WTRc_limit = 0 
RTWc_limit = 0 
CCDLc_limit = 30216 
rwq = 0 
CCDLc_limit_alone = 30216 
WTRc_limit_alone = 0 
RTWc_limit_alone = 0 

Commands details: 
total_CMD = 3481074 
n_nop = 3092556 
Read = 131072 
Write = 0 
L2_Alloc = 0 
L2_WB = 0 
n_act = 131072 
n_pre = 131056 
n_ref = 0 
n_req = 131072 
total_req = 131072 

Dual Bus Interface Util: 
issued_total_row = 262128 
issued_total_col = 131072 
Row_Bus_Util =  0.075301 
CoL_Bus_Util = 0.037653 
Either_Row_CoL_Bus_Util = 0.111609 
Issued_on_Two_Bus_Simul_Util = 0.001345 
issued_two_Eff = 0.012051 
queue_avg = 0.039276 


dram_util_bins: 0 0 0 0 0 0 0 0 0 0
dram_eff_bins: 0 0 0 0 0 0 0 0 0 0
mrqq: max=16 avg=0.0392761
Memory Partition 2: 
Cache L2_bank_004:
MSHR contents

Cache L2_bank_005:
MSHR contents

In Dram Latency Queue (total = 0): 
DRAM[2]: 16 bks, busW=16 BL=2 CL=12, tRRD=3 tCCD=1, tRCD=12 tRAS=28 tRP=12 tRC=40
n_cmd=3481074 n_nop=3092616 n_act=131072 n_pre=131056 n_ref_event=0 n_req=131072 n_rd=131072 n_rd_L2_A=0 n_write=0 n_wr_bk=0 bw_util=0.03765
n_activity=2667448 dram_eff=0.04914
bk0: 8192a 3270007i bk1: 8192a 3271155i bk2: 8192a 3271336i bk3: 8192a 3270250i bk4: 8192a 3269338i bk5: 8192a 3269305i bk6: 8192a 3268316i bk7: 8192a 3268966i bk8: 8192a 3269364i bk9: 8192a 3270003i bk10: 8192a 3268599i bk11: 8192a 3270209i bk12: 8192a 3273922i bk13: 8192a 3275067i bk14: 8192a 3274971i bk15: 8192a 3273893i 

------------------------------------------------------------------------

Row_Buffer_Locality = 0.000000
Row_Buffer_Locality_read = 0.000000
Row_Buffer_Locality_write = -nan
Bank_Level_Parallism = 1.667735
Bank_Level_Parallism_Col = 1.201779
Bank_Level_Parallism_Ready = 1.000000
write_to_read_ratio_blp_rw_average = 0.000000
GrpLevelPara = 1.136732 

BW Util details:
bwutil = 0.037653 
total_CMD = 3481074 
util_bw = 131072 
Wasted_Col = 1253852 
Wasted_Row = 709866 
Idle = 1386284 

BW Util Bottlenecks: 
RCDc_limit = 1507755 
RCDWRc_limit = 0 
WTRc_limit = 0 
RTWc_limit = 0 
CCDLc_limit = 30159 
rwq = 0 
CCDLc_limit_alone = 30159 
WTRc_limit_alone = 0 
RTWc_limit_alone = 0 

Commands details: 
total_CMD = 3481074 
n_nop = 3092616 
Read = 131072 
Write = 0 
L2_Alloc = 0 
L2_WB = 0 
n_act = 131072 
n_pre = 131056 
n_ref = 0 
n_req = 131072 
total_req = 131072 

Dual Bus Interface Util: 
issued_total_row = 262128 
issued_total_col = 131072 
Row_Bus_Util =  0.075301 
CoL_Bus_Util = 0.037653 
Either_Row_CoL_Bus_Util = 0.111591 
Issued_on_Two_Bus_Simul_Util = 0.001362 
issued_two_Eff = 0.012207 
queue_avg = 0.039336 


dram_util_bins: 0 0 0 0 0 0 0 0 0 0
dram_eff_bins: 0 0 0 0 0 0 0 0 0 0
mrqq: max=16 avg=0.0393356
Memory Partition 3: 
Cache L2_bank_006:
MSHR contents

Cache L2_bank_007:
MSHR contents

In Dram Latency Queue (total = 0): 
DRAM[3]: 16 bks, busW=16 BL=2 CL=12, tRRD=3 tCCD=1, tRCD=12 tRAS=28 tRP=12 tRC=40
n_cmd=3481074 n_nop=3092455 n_act=131072 n_pre=131056 n_ref_event=0 n_req=131072 n_rd=131072 n_rd_L2_A=0 n_write=0 n_wr_bk=0 bw_util=0.03765
n_activity=2667173 dram_eff=0.04914
bk0: 8192a 3269490i bk1: 8192a 3270421i bk2: 8192a 3269946i bk3: 8192a 3270815i bk4: 8192a 3270465i bk5: 8192a 3269259i bk6: 8192a 3268946i bk7: 8192a 3269862i bk8: 8192a 3269845i bk9: 8192a 3269611i bk10: 8192a 3269040i bk11: 8192a 3270410i bk12: 8192a 3273873i bk13: 8192a 3274636i bk14: 8192a 3274519i bk15: 8192a 3274367i 

------------------------------------------------------------------------

Row_Buffer_Locality = 0.000000
Row_Buffer_Locality_read = 0.000000
Row_Buffer_Locality_write = -nan
Bank_Level_Parallism = 1.667185
Bank_Level_Parallism_Col = 1.200341
Bank_Level_Parallism_Ready = 1.000000
write_to_read_ratio_blp_rw_average = 0.000000
GrpLevelPara = 1.136338 

BW Util details:
bwutil = 0.037653 
total_CMD = 3481074 
util_bw = 131072 
Wasted_Col = 1255501 
Wasted_Row = 708426 
Idle = 1386075 

BW Util Bottlenecks: 
RCDc_limit = 1507891 
RCDWRc_limit = 0 
WTRc_limit = 0 
RTWc_limit = 0 
CCDLc_limit = 29921 
rwq = 0 
CCDLc_limit_alone = 29921 
WTRc_limit_alone = 0 
RTWc_limit_alone = 0 

Commands details: 
total_CMD = 3481074 
n_nop = 3092455 
Read = 131072 
Write = 0 
L2_Alloc = 0 
L2_WB = 0 
n_act = 131072 
n_pre = 131056 
n_ref = 0 
n_req = 131072 
total_req = 131072 

Dual Bus Interface Util: 
issued_total_row = 262128 
issued_total_col = 131072 
Row_Bus_Util =  0.075301 
CoL_Bus_Util = 0.037653 
Either_Row_CoL_Bus_Util = 0.111638 
Issued_on_Two_Bus_Simul_Util = 0.001316 
issued_two_Eff = 0.011788 
queue_avg = 0.038648 


dram_util_bins: 0 0 0 0 0 0 0 0 0 0
dram_eff_bins: 0 0 0 0 0 0 0 0 0 0
mrqq: max=16 avg=0.0386478
Memory Partition 4: 
Cache L2_bank_008:
MSHR contents

Cache L2_bank_009:
MSHR contents

In Dram Latency Queue (total = 0): 
DRAM[4]: 16 bks, busW=16 BL=2 CL=12, tRRD=3 tCCD=1, tRCD=12 tRAS=28 tRP=12 tRC=40
n_cmd=3481074 n_nop=3092693 n_act=131072 n_pre=131056 n_ref_event=0 n_req=131072 n_rd=131072 n_rd_L2_A=0 n_write=0 n_wr_bk=0 bw_util=0.03765
n_activity=2668025 dram_eff=0.04913
bk0: 8192a 3271182i bk1: 8192a 3270465i bk2: 8192a 3270004i bk3: 8192a 3270972i bk4: 8192a 3268383i bk5: 8192a 3269206i bk6: 8192a 3269312i bk7: 8192a 3269300i bk8: 8192a 3268870i bk9: 8192a 3270414i bk10: 8192a 3269201i bk11: 8192a 3269704i bk12: 8192a 3275060i bk13: 8192a 3274156i bk14: 8192a 3273637i bk15: 8192a 3274952i 

------------------------------------------------------------------------

Row_Buffer_Locality = 0.000000
Row_Buffer_Locality_read = 0.000000
Row_Buffer_Locality_write = -nan
Bank_Level_Parallism = 1.667004
Bank_Level_Parallism_Col = 1.201286
Bank_Level_Parallism_Ready = 1.000000
write_to_read_ratio_blp_rw_average = 0.000000
GrpLevelPara = 1.136213 

BW Util details:
bwutil = 0.037653 
total_CMD = 3481074 
util_bw = 131072 
Wasted_Col = 1254431 
Wasted_Row = 710135 
Idle = 1385436 

BW Util Bottlenecks: 
RCDc_limit = 1507623 
RCDWRc_limit = 0 
WTRc_limit = 0 
RTWc_limit = 0 
CCDLc_limit = 30112 
rwq = 0 
CCDLc_limit_alone = 30112 
WTRc_limit_alone = 0 
RTWc_limit_alone = 0 

Commands details: 
total_CMD = 3481074 
n_nop = 3092693 
Read = 131072 
Write = 0 
L2_Alloc = 0 
L2_WB = 0 
n_act = 131072 
n_pre = 131056 
n_ref = 0 
n_req = 131072 
total_req = 131072 

Dual Bus Interface Util: 
issued_total_row = 262128 
issued_total_col = 131072 
Row_Bus_Util =  0.075301 
CoL_Bus_Util = 0.037653 
Either_Row_CoL_Bus_Util = 0.111569 
Issued_on_Two_Bus_Simul_Util = 0.001384 
issued_two_Eff = 0.012408 
queue_avg = 0.039313 


dram_util_bins: 0 0 0 0 0 0 0 0 0 0
dram_eff_bins: 0 0 0 0 0 0 0 0 0 0
mrqq: max=16 avg=0.0393126
Memory Partition 5: 
Cache L2_bank_010:
MSHR contents

Cache L2_bank_011:
MSHR contents

In Dram Latency Queue (total = 0): 
DRAM[5]: 16 bks, busW=16 BL=2 CL=12, tRRD=3 tCCD=1, tRCD=12 tRAS=28 tRP=12 tRC=40
n_cmd=3481074 n_nop=3092546 n_act=131072 n_pre=131056 n_ref_event=0 n_req=131072 n_rd=131072 n_rd_L2_A=0 n_write=0 n_wr_bk=0 bw_util=0.03765
n_activity=2666827 dram_eff=0.04915
bk0: 8192a 3270041i bk1: 8192a 3270890i bk2: 8192a 3269263i bk3: 8192a 3270394i bk4: 8192a 3269096i bk5: 8192a 3270054i bk6: 8192a 3270747i bk7: 8192a 3269035i bk8: 8192a 3269311i bk9: 8192a 3270472i bk10: 8192a 3269902i bk11: 8192a 3269432i bk12: 8192a 3274794i bk13: 8192a 3274547i bk14: 8192a 3273495i bk15: 8192a 3274302i 

------------------------------------------------------------------------

Row_Buffer_Locality = 0.000000
Row_Buffer_Locality_read = 0.000000
Row_Buffer_Locality_write = -nan
Bank_Level_Parallism = 1.666627
Bank_Level_Parallism_Col = 1.199990
Bank_Level_Parallism_Ready = 1.000000
write_to_read_ratio_blp_rw_average = 0.000000
GrpLevelPara = 1.135622 

BW Util details:
bwutil = 0.037653 
total_CMD = 3481074 
util_bw = 131072 
Wasted_Col = 1255867 
Wasted_Row = 708599 
Idle = 1385536 

BW Util Bottlenecks: 
RCDc_limit = 1508007 
RCDWRc_limit = 0 
WTRc_limit = 0 
RTWc_limit = 0 
CCDLc_limit = 29993 
rwq = 0 
CCDLc_limit_alone = 29993 
WTRc_limit_alone = 0 
RTWc_limit_alone = 0 

Commands details: 
total_CMD = 3481074 
n_nop = 3092546 
Read = 131072 
Write = 0 
L2_Alloc = 0 
L2_WB = 0 
n_act = 131072 
n_pre = 131056 
n_ref = 0 
n_req = 131072 
total_req = 131072 

Dual Bus Interface Util: 
issued_total_row = 262128 
issued_total_col = 131072 
Row_Bus_Util =  0.075301 
CoL_Bus_Util = 0.037653 
Either_Row_CoL_Bus_Util = 0.111612 
Issued_on_Two_Bus_Simul_Util = 0.001342 
issued_two_Eff = 0.012025 
queue_avg = 0.038575 


dram_util_bins: 0 0 0 0 0 0 0 0 0 0
dram_eff_bins: 0 0 0 0 0 0 0 0 0 0
mrqq: max=16 avg=0.0385752
Memory Partition 6: 
Cache L2_bank_012:
MSHR contents

Cache L2_bank_013:
MSHR contents

In Dram Latency Queue (total = 0): 
DRAM[6]: 16 bks, busW=16 BL=2 CL=12, tRRD=3 tCCD=1, tRCD=12 tRAS=28 tRP=12 tRC=40
n_cmd=3481074 n_nop=3092590 n_act=131072 n_pre=131056 n_ref_event=0 n_req=131072 n_rd=131072 n_rd_L2_A=0 n_write=0 n_wr_bk=0 bw_util=0.03765
n_activity=2667624 dram_eff=0.04913
bk0: 8192a 3269395i bk1: 8192a 3270488i bk2: 8192a 3269999i bk3: 8192a 3270805i bk4: 8192a 3270455i bk5: 8192a 3269284i bk6: 8192a 3268968i bk7: 8192a 3269834i bk8: 8192a 3270013i bk9: 8192a 3269670i bk10: 8192a 3269060i bk11: 8192a 3270432i bk12: 8192a 3273765i bk13: 8192a 3274614i bk14: 8192a 3274601i bk15: 8192a 3274272i 

------------------------------------------------------------------------

Row_Buffer_Locality = 0.000000
Row_Buffer_Locality_read = 0.000000
Row_Buffer_Locality_write = -nan
Bank_Level_Parallism = 1.667077
Bank_Level_Parallism_Col = 1.200471
Bank_Level_Parallism_Ready = 1.000000
write_to_read_ratio_blp_rw_average = 0.000000
GrpLevelPara = 1.136084 

BW Util details:
bwutil = 0.037653 
total_CMD = 3481074 
util_bw = 131072 
Wasted_Col = 1255415 
Wasted_Row = 708558 
Idle = 1386029 

BW Util Bottlenecks: 
RCDc_limit = 1507875 
RCDWRc_limit = 0 
WTRc_limit = 0 
RTWc_limit = 0 
CCDLc_limit = 30144 
rwq = 0 
CCDLc_limit_alone = 30144 
WTRc_limit_alone = 0 
RTWc_limit_alone = 0 

Commands details: 
total_CMD = 3481074 
n_nop = 3092590 
Read = 131072 
Write = 0 
L2_Alloc = 0 
L2_WB = 0 
n_act = 131072 
n_pre = 131056 
n_ref = 0 
n_req = 131072 
total_req = 131072 

Dual Bus Interface Util: 
issued_total_row = 262128 
issued_total_col = 131072 
Row_Bus_Util =  0.075301 
CoL_Bus_Util = 0.037653 
Either_Row_CoL_Bus_Util = 0.111599 
Issued_on_Two_Bus_Simul_Util = 0.001355 
issued_two_Eff = 0.012139 
queue_avg = 0.038558 


dram_util_bins: 0 0 0 0 0 0 0 0 0 0
dram_eff_bins: 0 0 0 0 0 0 0 0 0 0
mrqq: max=17 avg=0.0385576
Memory Partition 7: 
Cache L2_bank_014:
MSHR contents

Cache L2_bank_015:
MSHR contents

In Dram Latency Queue (total = 0): 
DRAM[7]: 16 bks, busW=16 BL=2 CL=12, tRRD=3 tCCD=1, tRCD=12 tRAS=28 tRP=12 tRC=40
n_cmd=3481074 n_nop=3092626 n_act=131072 n_pre=131056 n_ref_event=0 n_req=131072 n_rd=131072 n_rd_L2_A=0 n_write=0 n_wr_bk=0 bw_util=0.03765
n_activity=2667796 dram_eff=0.04913
bk0: 8192a 3270103i bk1: 8192a 3271152i bk2: 8192a 3271226i bk3: 8192a 3270282i bk4: 8192a 3269274i bk5: 8192a 3269251i bk6: 8192a 3268353i bk7: 8192a 3269016i bk8: 8192a 3269421i bk9: 8192a 3270051i bk10: 8192a 3268640i bk11: 8192a 3270283i bk12: 8192a 3273797i bk13: 8192a 3275062i bk14: 8192a 3274895i bk15: 8192a 3274022i 

------------------------------------------------------------------------

Row_Buffer_Locality = 0.000000
Row_Buffer_Locality_read = 0.000000
Row_Buffer_Locality_write = -nan
Bank_Level_Parallism = 1.667450
Bank_Level_Parallism_Col = 1.201524
Bank_Level_Parallism_Ready = 1.000000
write_to_read_ratio_blp_rw_average = 0.000000
GrpLevelPara = 1.136458 

BW Util details:
bwutil = 0.037653 
total_CMD = 3481074 
util_bw = 131072 
Wasted_Col = 1254140 
Wasted_Row = 709860 
Idle = 1386002 

BW Util Bottlenecks: 
RCDc_limit = 1507705 
RCDWRc_limit = 0 
WTRc_limit = 0 
RTWc_limit = 0 
CCDLc_limit = 30194 
rwq = 0 
CCDLc_limit_alone = 30194 
WTRc_limit_alone = 0 
RTWc_limit_alone = 0 

Commands details: 
total_CMD = 3481074 
n_nop = 3092626 
Read = 131072 
Write = 0 
L2_Alloc = 0 
L2_WB = 0 
n_act = 131072 
n_pre = 131056 
n_ref = 0 
n_req = 131072 
total_req = 131072 

Dual Bus Interface Util: 
issued_total_row = 262128 
issued_total_col = 131072 
Row_Bus_Util =  0.075301 
CoL_Bus_Util = 0.037653 
Either_Row_CoL_Bus_Util = 0.111589 
Issued_on_Two_Bus_Simul_Util = 0.001365 
issued_two_Eff = 0.012233 
queue_avg = 0.039351 


dram_util_bins: 0 0 0 0 0 0 0 0 0 0
dram_eff_bins: 0 0 0 0 0 0 0 0 0 0
mrqq: max=17 avg=0.0393508
Memory Partition 8: 
Cache L2_bank_016:
MSHR contents

Cache L2_bank_017:
MSHR contents

In Dram Latency Queue (total = 0): 
DRAM[8]: 16 bks, busW=16 BL=2 CL=12, tRRD=3 tCCD=1, tRCD=12 tRAS=28 tRP=12 tRC=40
n_cmd=3481074 n_nop=3092549 n_act=131072 n_pre=131056 n_ref_event=0 n_req=131072 n_rd=131072 n_rd_L2_A=0 n_write=0 n_wr_bk=0 bw_util=0.03765
n_activity=2667432 dram_eff=0.04914
bk0: 8192a 3270087i bk1: 8192a 3271178i bk2: 8192a 3271490i bk3: 8192a 3270037i bk4: 8192a 3269405i bk5: 8192a 3269419i bk6: 8192a 3268404i bk7: 8192a 3268861i bk8: 8192a 3269346i bk9: 8192a 3269955i bk10: 8192a 3268586i bk11: 8192a 3270214i bk12: 8192a 3273926i bk13: 8192a 3275170i bk14: 8192a 3275149i bk15: 8192a 3273897i 

------------------------------------------------------------------------

Row_Buffer_Locality = 0.000000
Row_Buffer_Locality_read = 0.000000
Row_Buffer_Locality_write = -nan
Bank_Level_Parallism = 1.667589
Bank_Level_Parallism_Col = 1.201352
Bank_Level_Parallism_Ready = 1.000000
write_to_read_ratio_blp_rw_average = 0.000000
GrpLevelPara = 1.136662 

BW Util details:
bwutil = 0.037653 
total_CMD = 3481074 
util_bw = 131072 
Wasted_Col = 1254252 
Wasted_Row = 709396 
Idle = 1386354 

BW Util Bottlenecks: 
RCDc_limit = 1507706 
RCDWRc_limit = 0 
WTRc_limit = 0 
RTWc_limit = 0 
CCDLc_limit = 30128 
rwq = 0 
CCDLc_limit_alone = 30128 
WTRc_limit_alone = 0 
RTWc_limit_alone = 0 

Commands details: 
total_CMD = 3481074 
n_nop = 3092549 
Read = 131072 
Write = 0 
L2_Alloc = 0 
L2_WB = 0 
n_act = 131072 
n_pre = 131056 
n_ref = 0 
n_req = 131072 
total_req = 131072 

Dual Bus Interface Util: 
issued_total_row = 262128 
issued_total_col = 131072 
Row_Bus_Util =  0.075301 
CoL_Bus_Util = 0.037653 
Either_Row_CoL_Bus_Util = 0.111611 
Issued_on_Two_Bus_Simul_Util = 0.001343 
issued_two_Eff = 0.012033 
queue_avg = 0.039259 


dram_util_bins: 0 0 0 0 0 0 0 0 0 0
dram_eff_bins: 0 0 0 0 0 0 0 0 0 0
mrqq: max=16 avg=0.0392594
Memory Partition 9: 
Cache L2_bank_018:
MSHR contents

Cache L2_bank_019:
MSHR contents

In Dram Latency Queue (total = 0): 
DRAM[9]: 16 bks, busW=16 BL=2 CL=12, tRRD=3 tCCD=1, tRCD=12 tRAS=28 tRP=12 tRC=40
n_cmd=3481074 n_nop=3092473 n_act=131072 n_pre=131056 n_ref_event=0 n_req=131072 n_rd=131072 n_rd_L2_A=0 n_write=0 n_wr_bk=0 bw_util=0.03765
n_activity=2666115 dram_eff=0.04916
bk0: 8192a 3269518i bk1: 8192a 3270535i bk2: 8192a 3270354i bk3: 8192a 3270654i bk4: 8192a 3270518i bk5: 8192a 3269281i bk6: 8192a 3268991i bk7: 8192a 3269832i bk8: 8192a 3269784i bk9: 8192a 3269544i bk10: 8192a 3268992i bk11: 8192a 3270445i bk12: 8192a 3274009i bk13: 8192a 3274924i bk14: 8192a 3274425i bk15: 8192a 3274302i 

------------------------------------------------------------------------

Row_Buffer_Locality = 0.000000
Row_Buffer_Locality_read = 0.000000
Row_Buffer_Locality_write = -nan
Bank_Level_Parallism = 1.666849
Bank_Level_Parallism_Col = 1.200288
Bank_Level_Parallism_Ready = 1.000000
write_to_read_ratio_blp_rw_average = 0.000000
GrpLevelPara = 1.136065 

BW Util details:
bwutil = 0.037653 
total_CMD = 3481074 
util_bw = 131072 
Wasted_Col = 1255607 
Wasted_Row = 708381 
Idle = 1386014 

BW Util Bottlenecks: 
RCDc_limit = 1507803 
RCDWRc_limit = 0 
WTRc_limit = 0 
RTWc_limit = 0 
CCDLc_limit = 29842 
rwq = 0 
CCDLc_limit_alone = 29842 
WTRc_limit_alone = 0 
RTWc_limit_alone = 0 

Commands details: 
total_CMD = 3481074 
n_nop = 3092473 
Read = 131072 
Write = 0 
L2_Alloc = 0 
L2_WB = 0 
n_act = 131072 
n_pre = 131056 
n_ref = 0 
n_req = 131072 
total_req = 131072 

Dual Bus Interface Util: 
issued_total_row = 262128 
issued_total_col = 131072 
Row_Bus_Util =  0.075301 
CoL_Bus_Util = 0.037653 
Either_Row_CoL_Bus_Util = 0.111633 
Issued_on_Two_Bus_Simul_Util = 0.001321 
issued_two_Eff = 0.011835 
queue_avg = 0.038483 


dram_util_bins: 0 0 0 0 0 0 0 0 0 0
dram_eff_bins: 0 0 0 0 0 0 0 0 0 0
mrqq: max=16 avg=0.0384832
Memory Partition 10: 
Cache L2_bank_020:
MSHR contents

Cache L2_bank_021:
MSHR contents

In Dram Latency Queue (total = 0): 
DRAM[10]: 16 bks, busW=16 BL=2 CL=12, tRRD=3 tCCD=1, tRCD=12 tRAS=28 tRP=12 tRC=40
n_cmd=3481074 n_nop=3092607 n_act=131072 n_pre=131056 n_ref_event=0 n_req=131072 n_rd=131072 n_rd_L2_A=0 n_write=0 n_wr_bk=0 bw_util=0.03765
n_activity=2666718 dram_eff=0.04915
bk0: 8192a 3270257i bk1: 8192a 3270657i bk2: 8192a 3269286i bk3: 8192a 3270466i bk4: 8192a 3269053i bk5: 8192a 3269902i bk6: 8192a 3270672i bk7: 8192a 3269180i bk8: 8192a 3269100i bk9: 8192a 3270516i bk10: 8192a 3269809i bk11: 8192a 3269641i bk12: 8192a 3274758i bk13: 8192a 3274437i bk14: 8192a 3273521i bk15: 8192a 3274572i 

------------------------------------------------------------------------

Row_Buffer_Locality = 0.000000
Row_Buffer_Locality_read = 0.000000
Row_Buffer_Locality_write = -nan
Bank_Level_Parallism = 1.666619
Bank_Level_Parallism_Col = 1.200439
Bank_Level_Parallism_Ready = 1.000000
write_to_read_ratio_blp_rw_average = 0.000000
GrpLevelPara = 1.136102 

BW Util details:
bwutil = 0.037653 
total_CMD = 3481074 
util_bw = 131072 
Wasted_Col = 1255518 
Wasted_Row = 708927 
Idle = 1385557 

BW Util Bottlenecks: 
RCDc_limit = 1507847 
RCDWRc_limit = 0 
WTRc_limit = 0 
RTWc_limit = 0 
CCDLc_limit = 30027 
rwq = 0 
CCDLc_limit_alone = 30027 
WTRc_limit_alone = 0 
RTWc_limit_alone = 0 

Commands details: 
total_CMD = 3481074 
n_nop = 3092607 
Read = 131072 
Write = 0 
L2_Alloc = 0 
L2_WB = 0 
n_act = 131072 
n_pre = 131056 
n_ref = 0 
n_req = 131072 
total_req = 131072 

Dual Bus Interface Util: 
issued_total_row = 262128 
issued_total_col = 131072 
Row_Bus_Util =  0.075301 
CoL_Bus_Util = 0.037653 
Either_Row_CoL_Bus_Util = 0.111594 
Issued_on_Two_Bus_Simul_Util = 0.001360 
issued_two_Eff = 0.012184 
queue_avg = 0.038527 


dram_util_bins: 0 0 0 0 0 0 0 0 0 0
dram_eff_bins: 0 0 0 0 0 0 0 0 0 0
mrqq: max=16 avg=0.0385275
Memory Partition 11: 
Cache L2_bank_022:
MSHR contents

Cache L2_bank_023:
MSHR contents

In Dram Latency Queue (total = 0): 
DRAM[11]: 16 bks, busW=16 BL=2 CL=12, tRRD=3 tCCD=1, tRCD=12 tRAS=28 tRP=12 tRC=40
n_cmd=3481074 n_nop=3092537 n_act=131072 n_pre=131056 n_ref_event=0 n_req=131072 n_rd=131072 n_rd_L2_A=0 n_write=0 n_wr_bk=0 bw_util=0.03765
n_activity=2668875 dram_eff=0.04911
bk0: 8192a 3271361i bk1: 8192a 3270318i bk2: 8192a 3270079i bk3: 8192a 3270964i bk4: 8192a 3268520i bk5: 8192a 3269107i bk6: 8192a 3269357i bk7: 8192a 3269402i bk8: 8192a 3268920i bk9: 8192a 3270331i bk10: 8192a 3269253i bk11: 8192a 3269773i bk12: 8192a 3275138i bk13: 8192a 3274241i bk14: 8192a 3273649i bk15: 8192a 3274979i 

------------------------------------------------------------------------

Row_Buffer_Locality = 0.000000
Row_Buffer_Locality_read = 0.000000
Row_Buffer_Locality_write = -nan
Bank_Level_Parallism = 1.666391
Bank_Level_Parallism_Col = 1.200952
Bank_Level_Parallism_Ready = 1.000000
write_to_read_ratio_blp_rw_average = 0.000000
GrpLevelPara = 1.135915 

BW Util details:
bwutil = 0.037653 
total_CMD = 3481074 
util_bw = 131072 
Wasted_Col = 1254943 
Wasted_Row = 710050 
Idle = 1385009 

BW Util Bottlenecks: 
RCDc_limit = 1507662 
RCDWRc_limit = 0 
WTRc_limit = 0 
RTWc_limit = 0 
CCDLc_limit = 30185 
rwq = 0 
CCDLc_limit_alone = 30185 
WTRc_limit_alone = 0 
RTWc_limit_alone = 0 

Commands details: 
total_CMD = 3481074 
n_nop = 3092537 
Read = 131072 
Write = 0 
L2_Alloc = 0 
L2_WB = 0 
n_act = 131072 
n_pre = 131056 
n_ref = 0 
n_req = 131072 
total_req = 131072 

Dual Bus Interface Util: 
issued_total_row = 262128 
issued_total_col = 131072 
Row_Bus_Util =  0.075301 
CoL_Bus_Util = 0.037653 
Either_Row_CoL_Bus_Util = 0.111614 
Issued_on_Two_Bus_Simul_Util = 0.001340 
issued_two_Eff = 0.012001 
queue_avg = 0.039290 


dram_util_bins: 0 0 0 0 0 0 0 0 0 0
dram_eff_bins: 0 0 0 0 0 0 0 0 0 0
mrqq: max=16 avg=0.0392902
Memory Partition 12: 
Cache L2_bank_024:
MSHR contents

Cache L2_bank_025:
MSHR contents

In Dram Latency Queue (total = 0): 
DRAM[12]: 16 bks, busW=16 BL=2 CL=12, tRRD=3 tCCD=1, tRCD=12 tRAS=28 tRP=12 tRC=40
n_cmd=3481074 n_nop=3092594 n_act=131072 n_pre=131056 n_ref_event=0 n_req=131072 n_rd=131072 n_rd_L2_A=0 n_write=0 n_wr_bk=0 bw_util=0.03765
n_activity=2666598 dram_eff=0.04915
bk0: 8192a 3269423i bk1: 8192a 3270559i bk2: 8192a 3270293i bk3: 8192a 3270563i bk4: 8192a 3270491i bk5: 8192a 3269361i bk6: 8192a 3268939i bk7: 8192a 3269758i bk8: 8192a 3269930i bk9: 8192a 3269743i bk10: 8192a 3268885i bk11: 8192a 3270411i bk12: 8192a 3273824i bk13: 8192a 3274859i bk14: 8192a 3274429i bk15: 8192a 3274199i 

------------------------------------------------------------------------

Row_Buffer_Locality = 0.000000
Row_Buffer_Locality_read = 0.000000
Row_Buffer_Locality_write = -nan
Bank_Level_Parallism = 1.667043
Bank_Level_Parallism_Col = 1.200261
Bank_Level_Parallism_Ready = 1.000000
write_to_read_ratio_blp_rw_average = 0.000000
GrpLevelPara = 1.135838 

BW Util details:
bwutil = 0.037653 
total_CMD = 3481074 
util_bw = 131072 
Wasted_Col = 1255611 
Wasted_Row = 708397 
Idle = 1385994 

BW Util Bottlenecks: 
RCDc_limit = 1507716 
RCDWRc_limit = 0 
WTRc_limit = 0 
RTWc_limit = 0 
CCDLc_limit = 30049 
rwq = 0 
CCDLc_limit_alone = 30049 
WTRc_limit_alone = 0 
RTWc_limit_alone = 0 

Commands details: 
total_CMD = 3481074 
n_nop = 3092594 
Read = 131072 
Write = 0 
L2_Alloc = 0 
L2_WB = 0 
n_act = 131072 
n_pre = 131056 
n_ref = 0 
n_req = 131072 
total_req = 131072 

Dual Bus Interface Util: 
issued_total_row = 262128 
issued_total_col = 131072 
Row_Bus_Util =  0.075301 
CoL_Bus_Util = 0.037653 
Either_Row_CoL_Bus_Util = 0.111598 
Issued_on_Two_Bus_Simul_Util = 0.001356 
issued_two_Eff = 0.012150 
queue_avg = 0.038504 


dram_util_bins: 0 0 0 0 0 0 0 0 0 0
dram_eff_bins: 0 0 0 0 0 0 0 0 0 0
mrqq: max=17 avg=0.0385039
Memory Partition 13: 
Cache L2_bank_026:
MSHR contents

Cache L2_bank_027:
MSHR contents

In Dram Latency Queue (total = 0): 
DRAM[13]: 16 bks, busW=16 BL=2 CL=12, tRRD=3 tCCD=1, tRCD=12 tRAS=28 tRP=12 tRC=40
n_cmd=3481074 n_nop=3092571 n_act=131072 n_pre=131056 n_ref_event=0 n_req=131072 n_rd=131072 n_rd_L2_A=0 n_write=0 n_wr_bk=0 bw_util=0.03765
n_activity=2667878 dram_eff=0.04913
bk0: 8192a 3270232i bk1: 8192a 3271115i bk2: 8192a 3271439i bk3: 8192a 3270065i bk4: 8192a 3269346i bk5: 8192a 3269380i bk6: 8192a 3268379i bk7: 8192a 3268861i bk8: 8192a 3269456i bk9: 8192a 3270009i bk10: 8192a 3268578i bk11: 8192a 3270261i bk12: 8192a 3273945i bk13: 8192a 3275132i bk14: 8192a 3275085i bk15: 8192a 3274046i 

------------------------------------------------------------------------

Row_Buffer_Locality = 0.000000
Row_Buffer_Locality_read = 0.000000
Row_Buffer_Locality_write = -nan
Bank_Level_Parallism = 1.667094
Bank_Level_Parallism_Col = 1.201140
Bank_Level_Parallism_Ready = 1.000000
write_to_read_ratio_blp_rw_average = 0.000000
GrpLevelPara = 1.136261 

BW Util details:
bwutil = 0.037653 
total_CMD = 3481074 
util_bw = 131072 
Wasted_Col = 1254553 
Wasted_Row = 709594 
Idle = 1385855 

BW Util Bottlenecks: 
RCDc_limit = 1507691 
RCDWRc_limit = 0 
WTRc_limit = 0 
RTWc_limit = 0 
CCDLc_limit = 30197 
rwq = 0 
CCDLc_limit_alone = 30197 
WTRc_limit_alone = 0 
RTWc_limit_alone = 0 

Commands details: 
total_CMD = 3481074 
n_nop = 3092571 
Read = 131072 
Write = 0 
L2_Alloc = 0 
L2_WB = 0 
n_act = 131072 
n_pre = 131056 
n_ref = 0 
n_req = 131072 
total_req = 131072 

Dual Bus Interface Util: 
issued_total_row = 262128 
issued_total_col = 131072 
Row_Bus_Util =  0.075301 
CoL_Bus_Util = 0.037653 
Either_Row_CoL_Bus_Util = 0.111604 
Issued_on_Two_Bus_Simul_Util = 0.001349 
issued_two_Eff = 0.012090 
queue_avg = 0.039265 


dram_util_bins: 0 0 0 0 0 0 0 0 0 0
dram_eff_bins: 0 0 0 0 0 0 0 0 0 0
mrqq: max=17 avg=0.0392646
Memory Partition 14: 
Cache L2_bank_028:
MSHR contents

Cache L2_bank_029:
MSHR contents

In Dram Latency Queue (total = 0): 
DRAM[14]: 16 bks, busW=16 BL=2 CL=12, tRRD=3 tCCD=1, tRCD=12 tRAS=28 tRP=12 tRC=40
n_cmd=3481074 n_nop=3092557 n_act=131072 n_pre=131056 n_ref_event=0 n_req=131072 n_rd=131072 n_rd_L2_A=0 n_write=0 n_wr_bk=0 bw_util=0.03765
n_activity=2668445 dram_eff=0.04912
bk0: 8192a 3271365i bk1: 8192a 3270330i bk2: 8192a 3270145i bk3: 8192a 3270922i bk4: 8192a 3268588i bk5: 8192a 3269061i bk6: 8192a 3269401i bk7: 8192a 3269453i bk8: 8192a 3268916i bk9: 8192a 3270343i bk10: 8192a 3269196i bk11: 8192a 3269648i bk12: 8192a 3275085i bk13: 8192a 3274099i bk14: 8192a 3273574i bk15: 8192a 3275038i 

------------------------------------------------------------------------

Row_Buffer_Locality = 0.000000
Row_Buffer_Locality_read = 0.000000
Row_Buffer_Locality_write = -nan
Bank_Level_Parallism = 1.666897
Bank_Level_Parallism_Col = 1.200969
Bank_Level_Parallism_Ready = 1.000000
write_to_read_ratio_blp_rw_average = 0.000000
GrpLevelPara = 1.136137 

BW Util details:
bwutil = 0.037653 
total_CMD = 3481074 
util_bw = 131072 
Wasted_Col = 1254753 
Wasted_Row = 709741 
Idle = 1385508 

BW Util Bottlenecks: 
RCDc_limit = 1507684 
RCDWRc_limit = 0 
WTRc_limit = 0 
RTWc_limit = 0 
CCDLc_limit = 30061 
rwq = 0 
CCDLc_limit_alone = 30061 
WTRc_limit_alone = 0 
RTWc_limit_alone = 0 

Commands details: 
total_CMD = 3481074 
n_nop = 3092557 
Read = 131072 
Write = 0 
L2_Alloc = 0 
L2_WB = 0 
n_act = 131072 
n_pre = 131056 
n_ref = 0 
n_req = 131072 
total_req = 131072 

Dual Bus Interface Util: 
issued_total_row = 262128 
issued_total_col = 131072 
Row_Bus_Util =  0.075301 
CoL_Bus_Util = 0.037653 
Either_Row_CoL_Bus_Util = 0.111608 
Issued_on_Two_Bus_Simul_Util = 0.001345 
issued_two_Eff = 0.012054 
queue_avg = 0.039333 


dram_util_bins: 0 0 0 0 0 0 0 0 0 0
dram_eff_bins: 0 0 0 0 0 0 0 0 0 0
mrqq: max=16 avg=0.0393333
Memory Partition 15: 
Cache L2_bank_030:
MSHR contents

Cache L2_bank_031:
MSHR contents

In Dram Latency Queue (total = 0): 
DRAM[15]: 16 bks, busW=16 BL=2 CL=12, tRRD=3 tCCD=1, tRCD=12 tRAS=28 tRP=12 tRC=40
n_cmd=3481074 n_nop=3092558 n_act=131072 n_pre=131056 n_ref_event=0 n_req=131072 n_rd=131072 n_rd_L2_A=0 n_write=0 n_wr_bk=0 bw_util=0.03765
n_activity=2666169 dram_eff=0.04916
bk0: 8192a 3270296i bk1: 8192a 3270702i bk2: 8192a 3269327i bk3: 8192a 3270441i bk4: 8192a 3269092i bk5: 8192a 3269921i bk6: 8192a 3270725i bk7: 8192a 3269131i bk8: 8192a 3269252i bk9: 8192a 3270566i bk10: 8192a 3269737i bk11: 8192a 3269406i bk12: 8192a 3274771i bk13: 8192a 3274468i bk14: 8192a 3273487i bk15: 8192a 3274624i 

------------------------------------------------------------------------

Row_Buffer_Locality = 0.000000
Row_Buffer_Locality_read = 0.000000
Row_Buffer_Locality_write = -nan
Bank_Level_Parallism = 1.666628
Bank_Level_Parallism_Col = 1.200359
Bank_Level_Parallism_Ready = 1.000000
write_to_read_ratio_blp_rw_average = 0.000000
GrpLevelPara = 1.136114 

BW Util details:
bwutil = 0.037653 
total_CMD = 3481074 
util_bw = 131072 
Wasted_Col = 1255479 
Wasted_Row = 708883 
Idle = 1385640 

BW Util Bottlenecks: 
RCDc_limit = 1507898 
RCDWRc_limit = 0 
WTRc_limit = 0 
RTWc_limit = 0 
CCDLc_limit = 29992 
rwq = 0 
CCDLc_limit_alone = 29992 
WTRc_limit_alone = 0 
RTWc_limit_alone = 0 

Commands details: 
total_CMD = 3481074 
n_nop = 3092558 
Read = 131072 
Write = 0 
L2_Alloc = 0 
L2_WB = 0 
n_act = 131072 
n_pre = 131056 
n_ref = 0 
n_req = 131072 
total_req = 131072 

Dual Bus Interface Util: 
issued_total_row = 262128 
issued_total_col = 131072 
Row_Bus_Util =  0.075301 
CoL_Bus_Util = 0.037653 
Either_Row_CoL_Bus_Util = 0.111608 
Issued_on_Two_Bus_Simul_Util = 0.001346 
issued_two_Eff = 0.012056 
queue_avg = 0.038540 


dram_util_bins: 0 0 0 0 0 0 0 0 0 0
dram_eff_bins: 0 0 0 0 0 0 0 0 0 0
mrqq: max=16 avg=0.0385404

========= L2 cache stats =========
L2_cache_bank[0]: Access = 65544, Miss = 65544, Miss_rate = 1.000, Pending_hits = 0, Reservation_fails = 256
L2_cache_bank[1]: Access = 65544, Miss = 65544, Miss_rate = 1.000, Pending_hits = 0, Reservation_fails = 252
L2_cache_bank[2]: Access = 65544, Miss = 65544, Miss_rate = 1.000, Pending_hits = 0, Reservation_fails = 256
L2_cache_bank[3]: Access = 65544, Miss = 65544, Miss_rate = 1.000, Pending_hits = 0, Reservation_fails = 252
L2_cache_bank[4]: Access = 65544, Miss = 65544, Miss_rate = 1.000, Pending_hits = 0, Reservation_fails = 254
L2_cache_bank[5]: Access = 65544, Miss = 65544, Miss_rate = 1.000, Pending_hits = 0, Reservation_fails = 263
L2_cache_bank[6]: Access = 65544, Miss = 65544, Miss_rate = 1.000, Pending_hits = 0, Reservation_fails = 254
L2_cache_bank[7]: Access = 65544, Miss = 65544, Miss_rate = 1.000, Pending_hits = 0, Reservation_fails = 263
L2_cache_bank[8]: Access = 65544, Miss = 65544, Miss_rate = 1.000, Pending_hits = 0, Reservation_fails = 261
L2_cache_bank[9]: Access = 65544, Miss = 65544, Miss_rate = 1.000, Pending_hits = 0, Reservation_fails = 253
L2_cache_bank[10]: Access = 65544, Miss = 65544, Miss_rate = 1.000, Pending_hits = 0, Reservation_fails = 261
L2_cache_bank[11]: Access = 65544, Miss = 65544, Miss_rate = 1.000, Pending_hits = 0, Reservation_fails = 253
L2_cache_bank[12]: Access = 65544, Miss = 65544, Miss_rate = 1.000, Pending_hits = 0, Reservation_fails = 267
L2_cache_bank[13]: Access = 65544, Miss = 65544, Miss_rate = 1.000, Pending_hits = 0, Reservation_fails = 258
L2_cache_bank[14]: Access = 65544, Miss = 65544, Miss_rate = 1.000, Pending_hits = 0, Reservation_fails = 267
L2_cache_bank[15]: Access = 65544, Miss = 65544, Miss_rate = 1.000, Pending_hits = 0, Reservation_fails = 258
L2_cache_bank[16]: Access = 65544, Miss = 65544, Miss_rate = 1.000, Pending_hits = 0, Reservation_fails = 264
L2_cache_bank[17]: Access = 65544, Miss = 65544, Miss_rate = 1.000, Pending_hits = 0, Reservation_fails = 244
L2_cache_bank[18]: Access = 65544, Miss = 65544, Miss_rate = 1.000, Pending_hits = 0, Reservation_fails = 264
L2_cache_bank[19]: Access = 65544, Miss = 65544, Miss_rate = 1.000, Pending_hits = 0, Reservation_fails = 244
L2_cache_bank[20]: Access = 65544, Miss = 65544, Miss_rate = 1.000, Pending_hits = 0, Reservation_fails = 264
L2_cache_bank[21]: Access = 65544, Miss = 65544, Miss_rate = 1.000, Pending_hits = 0, Reservation_fails = 254
L2_cache_bank[22]: Access = 65544, Miss = 65544, Miss_rate = 1.000, Pending_hits = 0, Reservation_fails = 264
L2_cache_bank[23]: Access = 65544, Miss = 65544, Miss_rate = 1.000, Pending_hits = 0, Reservation_fails = 254
L2_cache_bank[24]: Access = 65544, Miss = 65544, Miss_rate = 1.000, Pending_hits = 0, Reservation_fails = 258
L2_cache_bank[25]: Access = 65544, Miss = 65544, Miss_rate = 1.000, Pending_hits = 0, Reservation_fails = 267
L2_cache_bank[26]: Access = 65544, Miss = 65544, Miss_rate = 1.000, Pending_hits = 0, Reservation_fails = 258
L2_cache_bank[27]: Access = 65544, Miss = 65544, Miss_rate = 1.000, Pending_hits = 0, Reservation_fails = 267
L2_cache_bank[28]: Access = 65544, Miss = 65544, Miss_rate = 1.000, Pending_hits = 0, Reservation_fails = 255
L2_cache_bank[29]: Access = 65544, Miss = 65544, Miss_rate = 1.000, Pending_hits = 0, Reservation_fails = 257
L2_cache_bank[30]: Access = 65544, Miss = 65544, Miss_rate = 1.000, Pending_hits = 0, Reservation_fails = 255
L2_cache_bank[31]: Access = 65544, Miss = 65544, Miss_rate = 1.000, Pending_hits = 0, Reservation_fails = 257
L2_total_cache_accesses = 2097408
L2_total_cache_misses = 2097408
L2_total_cache_miss_rate = 1.0000
L2_total_cache_pending_hits = 0
L2_total_cache_reservation_fails = 8254
L2_total_cache_breakdown:
	L2_cache_stats_breakdown[GLOBAL_ACC_R][HIT] = 0
	L2_cache_stats_breakdown[GLOBAL_ACC_R][HIT_RESERVED] = 0
	L2_cache_stats_breakdown[GLOBAL_ACC_R][MISS] = 2097152
	L2_cache_stats_breakdown[GLOBAL_ACC_R][RESERVATION_FAIL] = 8254
	L2_cache_stats_breakdown[GLOBAL_ACC_R][SECTOR_MISS] = 0
	L2_cache_stats_breakdown[GLOBAL_ACC_R][MSHR_HIT] = 0
	L2_cache_stats_breakdown[LOCAL_ACC_R][HIT] = 0
	L2_cache_stats_breakdown[LOCAL_ACC_R][HIT_RESERVED] = 0
	L2_cache_stats_breakdown[LOCAL_ACC_R][MISS] = 0
	L2_cache_stats_breakdown[LOCAL_ACC_R][RESERVATION_FAIL] = 0
	L2_cache_stats_breakdown[LOCAL_ACC_R][SECTOR_MISS] = 0
	L2_cache_stats_breakdown[LOCAL_ACC_R][MSHR_HIT] = 0
	L2_cache_stats_breakdown[CONST_ACC_R][HIT] = 0
	L2_cache_stats_breakdown[CONST_ACC_R][HIT_RESERVED] = 0
	L2_cache_stats_breakdown[CONST_ACC_R][MISS] = 0
	L2_cache_stats_breakdown[CONST_ACC_R][RESERVATION_FAIL] = 0
	L2_cache_stats_breakdown[CONST_ACC_R][SECTOR_MISS] = 0
	L2_cache_stats_breakdown[CONST_ACC_R][MSHR_HIT] = 0
	L2_cache_stats_breakdown[TEXTURE_ACC_R][HIT] = 0
	L2_cache_stats_breakdown[TEXTURE_ACC_R][HIT_RESERVED] = 0
	L2_cache_stats_breakdown[TEXTURE_ACC_R][MISS] = 0
	L2_cache_stats_breakdown[TEXTURE_ACC_R][RESERVATION_FAIL] = 0
	L2_cache_stats_breakdown[TEXTURE_ACC_R][SECTOR_MISS] = 0
	L2_cache_stats_breakdown[TEXTURE_ACC_R][MSHR_HIT] = 0
	L2_cache_stats_breakdown[GLOBAL_ACC_W][HIT] = 0
	L2_cache_stats_breakdown[GLOBAL_ACC_W][HIT_RESERVED] = 0
	L2_cache_stats_breakdown[GLOBAL_ACC_W][MISS] = 64
	L2_cache_stats_breakdown[GLOBAL_ACC_W][RESERVATION_FAIL] = 0
	L2_cache_stats_breakdown[GLOBAL_ACC_W][SECTOR_MISS] = 192
	L2_cache_stats_breakdown[GLOBAL_ACC_W][MSHR_HIT] = 0
	L2_cache_stats_breakdown[LOCAL_ACC_W][HIT] = 0
	L2_cache_stats_breakdown[LOCAL_ACC_W][HIT_RESERVED] = 0
	L2_cache_stats_breakdown[LOCAL_ACC_W][MISS] = 0
	L2_cache_stats_breakdown[LOCAL_ACC_W][RESERVATION_FAIL] = 0
	L2_cache_stats_breakdown[LOCAL_ACC_W][SECTOR_MISS] = 0
	L2_cache_stats_breakdown[LOCAL_ACC_W][MSHR_HIT] = 0
	L2_cache_stats_breakdown[L1_WRBK_ACC][HIT] = 0
	L2_cache_stats_breakdown[L1_WRBK_ACC][HIT_RESERVED] = 0
	L2_cache_stats_breakdown[L1_WRBK_ACC][MISS] = 0
	L2_cache_stats_breakdown[L1_WRBK_ACC][RESERVATION_FAIL] = 0
	L2_cache_stats_breakdown[L1_WRBK_ACC][SECTOR_MISS] = 0
	L2_cache_stats_breakdown[L1_WRBK_ACC][MSHR_HIT] = 0
	L2_cache_stats_breakdown[L2_WRBK_ACC][HIT] = 0
	L2_cache_stats_breakdown[L2_WRBK_ACC][HIT_RESERVED] = 0
	L2_cache_stats_breakdown[L2_WRBK_ACC][MISS] = 0
	L2_cache_stats_breakdown[L2_WRBK_ACC][RESERVATION_FAIL] = 0
	L2_cache_stats_breakdown[L2_WRBK_ACC][SECTOR_MISS] = 0
	L2_cache_stats_breakdown[L2_WRBK_ACC][MSHR_HIT] = 0
	L2_cache_stats_breakdown[INST_ACC_R][HIT] = 0
	L2_cache_stats_breakdown[INST_ACC_R][HIT_RESERVED] = 0
	L2_cache_stats_breakdown[INST_ACC_R][MISS] = 0
	L2_cache_stats_breakdown[INST_ACC_R][RESERVATION_FAIL] = 0
	L2_cache_stats_breakdown[INST_ACC_R][SECTOR_MISS] = 0
	L2_cache_stats_breakdown[INST_ACC_R][MSHR_HIT] = 0
	L2_cache_stats_breakdown[L1_WR_ALLOC_R][HIT] = 0
	L2_cache_stats_breakdown[L1_WR_ALLOC_R][HIT_RESERVED] = 0
	L2_cache_stats_breakdown[L1_WR_ALLOC_R][MISS] = 0
	L2_cache_stats_breakdown[L1_WR_ALLOC_R][RESERVATION_FAIL] = 0
	L2_cache_stats_breakdown[L1_WR_ALLOC_R][SECTOR_MISS] = 0
	L2_cache_stats_breakdown[L1_WR_ALLOC_R][MSHR_HIT] = 0
	L2_cache_stats_breakdown[L2_WR_ALLOC_R][HIT] = 0
	L2_cache_stats_breakdown[L2_WR_ALLOC_R][HIT_RESERVED] = 0
	L2_cache_stats_breakdown[L2_WR_ALLOC_R][MISS] = 0
	L2_cache_stats_breakdown[L2_WR_ALLOC_R][RESERVATION_FAIL] = 0
	L2_cache_stats_breakdown[L2_WR_ALLOC_R][SECTOR_MISS] = 0
	L2_cache_stats_breakdown[L2_WR_ALLOC_R][MSHR_HIT] = 0
	L2_cache_stats_breakdown[GLOBAL_ACC_R][TOTAL_ACCESS] = 2097152
	L2_cache_stats_breakdown[GLOBAL_ACC_W][TOTAL_ACCESS] = 256
L2_total_cache_reservation_fail_breakdown:
	L2_cache_stats_fail_breakdown[GLOBAL_ACC_R][LINE_ALLOC_FAIL] = 8254
L2_cache_data_port_util = 0.000
L2_cache_fill_port_util = 0.029

icnt_total_pkts_mem_to_simt=2097408
icnt_total_pkts_simt_to_mem=2097408
LD_mem_lat_dist  0 0 0 0 0 0 0 0 0 0 0 0 0 0 0 0 0 0 0 0 0 0 0 0 0 0 0
ST_mem_lat_dist  0 0 0 0 0 0 0 0 0 0 0 0 0 0 0 0 0 0 0 0 0 0 0 0 0 0 0
----------------------------Interconnect-DETAILS--------------------------------
Req_Network_injected_packets_num = 2097408
Req_Network_cycles = 2247276
Req_Network_injected_packets_per_cycle =       0.9333 
Req_Network_conflicts_per_cycle =       0.0046
Req_Network_conflicts_per_cycle_util =       0.0073
Req_Bank_Level_Parallism =       1.4714
Req_Network_in_buffer_full_per_cycle =       0.0000
Req_Network_in_buffer_avg_util =       0.0014
Req_Network_out_buffer_full_per_cycle =       0.0000
Req_Network_out_buffer_avg_util =       0.0292

Reply_Network_injected_packets_num = 2097408
Reply_Network_cycles = 2247276
Reply_Network_injected_packets_per_cycle =        0.9333
Reply_Network_conflicts_per_cycle =        1.6751
Reply_Network_conflicts_per_cycle_util =       2.6080
Reply_Bank_Level_Parallism =       1.4531
Reply_Network_in_buffer_full_per_cycle =       0.0000
Reply_Network_in_buffer_avg_util =       0.0568
Reply_Network_out_buffer_full_per_cycle =       0.0000
Reply_Network_out_buffer_avg_util =       0.1167
----------------------------END-of-Interconnect-DETAILS-------------------------


gpgpu_simulation_time = 0 days, 0 hrs, 7 min, 31 sec (451 sec)
gpgpu_simulation_rate = 372186 (inst/sec)
gpgpu_simulation_rate = 4982 (cycle/sec)
gpgpu_silicon_slowdown = 276395x
GPGPU-Sim: synchronize waiting for inactive GPU simulation
GPGPU-Sim API: Stream Manager State
GPGPU-Sim: detected inactive GPU simulation thread
MLX_GPU_PROXY_SUMMARY {"operator":"softmax","count":2048,"parameter":4096,"parameter2":0,"checksum":7905960.610107422,"reference":7905960.610107422,"relative_error":0}
GPGPU-Sim: *** exit detected ***
