$date
  generated by MLX scope extractor
$end
$version
  mlxsim H199 exact transition subset
$end
$timescale
	1ps
$end
$scope module component_activity $end
$var wire 1 8 clk $end
$var wire 4 \" op_i [3:0] $end
$var wire 1 K rst_n $end
$var wire 1 > valid_i $end
$var wire 512 ^" vector_a_i [511:0] $end
$var wire 512 _" vector_b_i [511:0] $end
$var wire 512 `" vector_c_i [511:0] $end
$var reg 1 2 illegal_o $end
$var reg 1 1 valid_o $end
$var reg 512 b" vector_result_o [511:0] $end
$upscope $end
$enddefinitions $end
#0
$dumpvars
bx b"
b1000010000000000100001000000000010000100000000001000010000000000100001000000000010000100000000001000010000000000100001000000000010000100000000001000010000000000100001000000000010000100000000001000010000000000100001000000000010000100000000001000010000000000100001000000000010000100000000001000010000000000100001000000000010000100000000001000010000000000100001000000000010000100000000001000010000000000100001000000000010000100000000001000010000000000100001000000000010000100000000001000010000000000100001000000000 `"
b1000000000000000100000000000000010000000000000001000000000000000100000000000000010000000000000001000000000000000100000000000000010000000000000001000000000000000100000000000000010000000000000001000000000000000100000000000000010000000000000001000000000000000100000000000000010000000000000001000000000000000100000000000000010000000000000001000000000000000100000000000000010000000000000001000000000000000100000000000000010000000000000001000000000000000100000000000000010000000000000001000000000000000100000000000000 _"
b111100000000000011110000000000001111000000000000111100000000000011110000000000001111000000000000111100000000000011110000000000001111000000000000111100000000000011110000000000001111000000000000111100000000000011110000000000001111000000000000111100000000000011110000000000001111000000000000111100000000000011110000000000001111000000000000111100000000000011110000000000001111000000000000111100000000000011110000000000001111000000000000111100000000000011110000000000001111000000000001000000000000000011110000000000 ^"
b0 \"
0K
0>
08
x2
x1
$end
#500
02
b0 b"
01
18
#1000
08
#1500
18
#2000
08
#2500
1K
18
#3000
08
#3500
18
#4000
08
#4500
18
#5000
08
#5500
18
#6000
08
#6500
18
#7000
08
#7500
18
#8000
08
#8500
18
#9000
08
#9010
#9020
#9030
#9040
#9050
#9060
#9500
18
#10000
08
#10500
18
#11000
08
#11500
18
#12000
08
#12500
18
#13000
08
#13500
18
#14000
08
#14500
18
#15000
08
#15500
18
#16000
08
#16500
18
#17000
08
#17500
18
#18000
08
#18500
18
#19000
08
#19500
18
#20000
1>
b10 \"
08
#20500
b1000101000000000100010100000000010001010000000001000101000000000100010100000000010001010000000001000101000000000100010100000000010001010000000001000101000000000100010100000000010001010000000001000101000000000100010100000000010001010000000001000101000000000100010100000000010001010000000001000101000000000100010100000000010001010000000001000101000000000100010100000000010001010000000001000101000000000100010100000000010001010000000001000101000000000100010100000000010001010000000001000111000000000100010100000000 b"
11
18
#20510
0>
#21000
1>
b11 \"
08
#21500
b1000010000000000100001000000000010000100000000001000010000000000100001000000000010000100000000001000010000000000100001000000000010000100000000001000010000000000100001000000000010000100000000001000010000000000100001000000000010000100000000001000010000000000100001000000000010000100000000001000010000000000100001000000000010000100000000001000010000000000100001000000000010000100000000001000010000000000100001000000000010000100000000001000010000000000100001000000000010000100000000001000100000000000100001000000000 b"
18
#21510
0>
#22000
1>
b111 \"
08
#22500
b111100000000000011110000000000001111000000000000111100000000000011110000000000001111000000000000111100000000000011110000000000001111000000000000111100000000000011110000000000001111000000000000111100000000000011110000000000001111000000000000111100000000000011110000000000001111000000000000111100000000000011110000000000001111000000000000111100000000000011110000000000001111000000000000111100000000000011110000000000001111000000000000111100000000000011110000000000001111000000000000111100000000000100000000000000 b"
18
#22510
0>
#23000
08
#23500
01
18
#24000
08
#24500
18
#25000
1>
b10 \"
08
#25500
b1000101000000000100010100000000010001010000000001000101000000000100010100000000010001010000000001000101000000000100010100000000010001010000000001000101000000000100010100000000010001010000000001000101000000000100010100000000010001010000000001000101000000000100010100000000010001010000000001000101000000000100010100000000010001010000000001000101000000000100010100000000010001010000000001000101000000000100010100000000010001010000000001000101000000000100010100000000010001010000000001000111000000000100010100000000 b"
11
18
#25510
0>
#26000
1>
b11 \"
08
#26500
b1000010000000000100001000000000010000100000000001000010000000000100001000000000010000100000000001000010000000000100001000000000010000100000000001000010000000000100001000000000010000100000000001000010000000000100001000000000010000100000000001000010000000000100001000000000010000100000000001000010000000000100001000000000010000100000000001000010000000000100001000000000010000100000000001000010000000000100001000000000010000100000000001000010000000000100001000000000010000100000000001000100000000000100001000000000 b"
18
#26510
0>
#27000
1>
b111 \"
08
#27500
b111100000000000011110000000000001111000000000000111100000000000011110000000000001111000000000000111100000000000011110000000000001111000000000000111100000000000011110000000000001111000000000000111100000000000011110000000000001111000000000000111100000000000011110000000000001111000000000000111100000000000011110000000000001111000000000000111100000000000011110000000000001111000000000000111100000000000011110000000000001111000000000000111100000000000011110000000000001111000000000000111100000000000100000000000000 b"
18
#27510
0>
#28000
08
#28500
01
18
#29000
08
#29500
18
#30000
1>
b10 \"
08
#30500
b1000101000000000100010100000000010001010000000001000101000000000100010100000000010001010000000001000101000000000100010100000000010001010000000001000101000000000100010100000000010001010000000001000101000000000100010100000000010001010000000001000101000000000100010100000000010001010000000001000101000000000100010100000000010001010000000001000101000000000100010100000000010001010000000001000101000000000100010100000000010001010000000001000101000000000100010100000000010001010000000001000111000000000100010100000000 b"
11
18
#30510
0>
#31000
1>
b11 \"
08
#31500
b1000010000000000100001000000000010000100000000001000010000000000100001000000000010000100000000001000010000000000100001000000000010000100000000001000010000000000100001000000000010000100000000001000010000000000100001000000000010000100000000001000010000000000100001000000000010000100000000001000010000000000100001000000000010000100000000001000010000000000100001000000000010000100000000001000010000000000100001000000000010000100000000001000010000000000100001000000000010000100000000001000100000000000100001000000000 b"
18
#31510
0>
#32000
1>
b111 \"
08
#32500
b111100000000000011110000000000001111000000000000111100000000000011110000000000001111000000000000111100000000000011110000000000001111000000000000111100000000000011110000000000001111000000000000111100000000000011110000000000001111000000000000111100000000000011110000000000001111000000000000111100000000000011110000000000001111000000000000111100000000000011110000000000001111000000000000111100000000000011110000000000001111000000000000111100000000000011110000000000001111000000000000111100000000000100000000000000 b"
18
#32510
0>
#33000
08
#33500
01
18
#34000
08
#34500
18
#35000
1>
b10 \"
08
#35500
b1000101000000000100010100000000010001010000000001000101000000000100010100000000010001010000000001000101000000000100010100000000010001010000000001000101000000000100010100000000010001010000000001000101000000000100010100000000010001010000000001000101000000000100010100000000010001010000000001000101000000000100010100000000010001010000000001000101000000000100010100000000010001010000000001000101000000000100010100000000010001010000000001000101000000000100010100000000010001010000000001000111000000000100010100000000 b"
11
18
#35510
0>
#36000
1>
b11 \"
08
#36500
b1000010000000000100001000000000010000100000000001000010000000000100001000000000010000100000000001000010000000000100001000000000010000100000000001000010000000000100001000000000010000100000000001000010000000000100001000000000010000100000000001000010000000000100001000000000010000100000000001000010000000000100001000000000010000100000000001000010000000000100001000000000010000100000000001000010000000000100001000000000010000100000000001000010000000000100001000000000010000100000000001000100000000000100001000000000 b"
18
#36510
0>
#37000
1>
b111 \"
08
#37500
b111100000000000011110000000000001111000000000000111100000000000011110000000000001111000000000000111100000000000011110000000000001111000000000000111100000000000011110000000000001111000000000000111100000000000011110000000000001111000000000000111100000000000011110000000000001111000000000000111100000000000011110000000000001111000000000000111100000000000011110000000000001111000000000000111100000000000011110000000000001111000000000000111100000000000011110000000000001111000000000000111100000000000100000000000000 b"
18
#37510
0>
#38000
08
#38500
01
18
#39000
08
#39500
18
#40000
1>
b10 \"
08
#40500
b1000101000000000100010100000000010001010000000001000101000000000100010100000000010001010000000001000101000000000100010100000000010001010000000001000101000000000100010100000000010001010000000001000101000000000100010100000000010001010000000001000101000000000100010100000000010001010000000001000101000000000100010100000000010001010000000001000101000000000100010100000000010001010000000001000101000000000100010100000000010001010000000001000101000000000100010100000000010001010000000001000111000000000100010100000000 b"
11
18
#40510
0>
#41000
1>
b11 \"
08
#41500
b1000010000000000100001000000000010000100000000001000010000000000100001000000000010000100000000001000010000000000100001000000000010000100000000001000010000000000100001000000000010000100000000001000010000000000100001000000000010000100000000001000010000000000100001000000000010000100000000001000010000000000100001000000000010000100000000001000010000000000100001000000000010000100000000001000010000000000100001000000000010000100000000001000010000000000100001000000000010000100000000001000100000000000100001000000000 b"
18
#41510
0>
#42000
1>
b111 \"
08
#42500
b111100000000000011110000000000001111000000000000111100000000000011110000000000001111000000000000111100000000000011110000000000001111000000000000111100000000000011110000000000001111000000000000111100000000000011110000000000001111000000000000111100000000000011110000000000001111000000000000111100000000000011110000000000001111000000000000111100000000000011110000000000001111000000000000111100000000000011110000000000001111000000000000111100000000000011110000000000001111000000000000111100000000000100000000000000 b"
18
#42510
0>
#43000
08
#43500
01
18
#44000
08
#44500
18
#45000
1>
b10 \"
08
#45500
b1000101000000000100010100000000010001010000000001000101000000000100010100000000010001010000000001000101000000000100010100000000010001010000000001000101000000000100010100000000010001010000000001000101000000000100010100000000010001010000000001000101000000000100010100000000010001010000000001000101000000000100010100000000010001010000000001000101000000000100010100000000010001010000000001000101000000000100010100000000010001010000000001000101000000000100010100000000010001010000000001000111000000000100010100000000 b"
11
18
#45510
0>
#46000
1>
b11 \"
08
#46500
b1000010000000000100001000000000010000100000000001000010000000000100001000000000010000100000000001000010000000000100001000000000010000100000000001000010000000000100001000000000010000100000000001000010000000000100001000000000010000100000000001000010000000000100001000000000010000100000000001000010000000000100001000000000010000100000000001000010000000000100001000000000010000100000000001000010000000000100001000000000010000100000000001000010000000000100001000000000010000100000000001000100000000000100001000000000 b"
18
#46510
0>
#47000
1>
b111 \"
08
#47500
b111100000000000011110000000000001111000000000000111100000000000011110000000000001111000000000000111100000000000011110000000000001111000000000000111100000000000011110000000000001111000000000000111100000000000011110000000000001111000000000000111100000000000011110000000000001111000000000000111100000000000011110000000000001111000000000000111100000000000011110000000000001111000000000000111100000000000011110000000000001111000000000000111100000000000011110000000000001111000000000000111100000000000100000000000000 b"
18
#47510
0>
#48000
08
#48500
01
18
#49000
08
#49500
18
#50000
1>
b10 \"
08
#50500
b1000101000000000100010100000000010001010000000001000101000000000100010100000000010001010000000001000101000000000100010100000000010001010000000001000101000000000100010100000000010001010000000001000101000000000100010100000000010001010000000001000101000000000100010100000000010001010000000001000101000000000100010100000000010001010000000001000101000000000100010100000000010001010000000001000101000000000100010100000000010001010000000001000101000000000100010100000000010001010000000001000111000000000100010100000000 b"
11
18
#50510
0>
#51000
1>
b11 \"
08
#51500
b1000010000000000100001000000000010000100000000001000010000000000100001000000000010000100000000001000010000000000100001000000000010000100000000001000010000000000100001000000000010000100000000001000010000000000100001000000000010000100000000001000010000000000100001000000000010000100000000001000010000000000100001000000000010000100000000001000010000000000100001000000000010000100000000001000010000000000100001000000000010000100000000001000010000000000100001000000000010000100000000001000100000000000100001000000000 b"
18
#51510
0>
#52000
1>
b111 \"
08
#52500
b111100000000000011110000000000001111000000000000111100000000000011110000000000001111000000000000111100000000000011110000000000001111000000000000111100000000000011110000000000001111000000000000111100000000000011110000000000001111000000000000111100000000000011110000000000001111000000000000111100000000000011110000000000001111000000000000111100000000000011110000000000001111000000000000111100000000000011110000000000001111000000000000111100000000000011110000000000001111000000000000111100000000000100000000000000 b"
18
#52510
0>
#53000
08
#53500
01
18
#54000
08
#54500
18
#55000
1>
b10 \"
08
#55500
b1000101000000000100010100000000010001010000000001000101000000000100010100000000010001010000000001000101000000000100010100000000010001010000000001000101000000000100010100000000010001010000000001000101000000000100010100000000010001010000000001000101000000000100010100000000010001010000000001000101000000000100010100000000010001010000000001000101000000000100010100000000010001010000000001000101000000000100010100000000010001010000000001000101000000000100010100000000010001010000000001000111000000000100010100000000 b"
11
18
#55510
0>
#56000
1>
b11 \"
08
#56500
b1000010000000000100001000000000010000100000000001000010000000000100001000000000010000100000000001000010000000000100001000000000010000100000000001000010000000000100001000000000010000100000000001000010000000000100001000000000010000100000000001000010000000000100001000000000010000100000000001000010000000000100001000000000010000100000000001000010000000000100001000000000010000100000000001000010000000000100001000000000010000100000000001000010000000000100001000000000010000100000000001000100000000000100001000000000 b"
18
#56510
0>
#57000
1>
b111 \"
08
#57500
b111100000000000011110000000000001111000000000000111100000000000011110000000000001111000000000000111100000000000011110000000000001111000000000000111100000000000011110000000000001111000000000000111100000000000011110000000000001111000000000000111100000000000011110000000000001111000000000000111100000000000011110000000000001111000000000000111100000000000011110000000000001111000000000000111100000000000011110000000000001111000000000000111100000000000011110000000000001111000000000000111100000000000100000000000000 b"
18
#57510
0>
#58000
08
#58500
01
18
#59000
08
#59500
18
#60000
1>
b10 \"
08
#60500
b1000101000000000100010100000000010001010000000001000101000000000100010100000000010001010000000001000101000000000100010100000000010001010000000001000101000000000100010100000000010001010000000001000101000000000100010100000000010001010000000001000101000000000100010100000000010001010000000001000101000000000100010100000000010001010000000001000101000000000100010100000000010001010000000001000101000000000100010100000000010001010000000001000101000000000100010100000000010001010000000001000111000000000100010100000000 b"
11
18
#60510
0>
#61000
1>
b11 \"
08
#61500
b1000010000000000100001000000000010000100000000001000010000000000100001000000000010000100000000001000010000000000100001000000000010000100000000001000010000000000100001000000000010000100000000001000010000000000100001000000000010000100000000001000010000000000100001000000000010000100000000001000010000000000100001000000000010000100000000001000010000000000100001000000000010000100000000001000010000000000100001000000000010000100000000001000010000000000100001000000000010000100000000001000100000000000100001000000000 b"
18
#61510
0>
#62000
1>
b111 \"
08
#62500
b111100000000000011110000000000001111000000000000111100000000000011110000000000001111000000000000111100000000000011110000000000001111000000000000111100000000000011110000000000001111000000000000111100000000000011110000000000001111000000000000111100000000000011110000000000001111000000000000111100000000000011110000000000001111000000000000111100000000000011110000000000001111000000000000111100000000000011110000000000001111000000000000111100000000000011110000000000001111000000000000111100000000000100000000000000 b"
18
#62510
0>
#63000
08
#63500
01
18
#64000
08
#64500
18
#65000
1>
b10 \"
08
#65500
b1000101000000000100010100000000010001010000000001000101000000000100010100000000010001010000000001000101000000000100010100000000010001010000000001000101000000000100010100000000010001010000000001000101000000000100010100000000010001010000000001000101000000000100010100000000010001010000000001000101000000000100010100000000010001010000000001000101000000000100010100000000010001010000000001000101000000000100010100000000010001010000000001000101000000000100010100000000010001010000000001000111000000000100010100000000 b"
11
18
#65510
0>
#66000
1>
b11 \"
08
#66500
b1000010000000000100001000000000010000100000000001000010000000000100001000000000010000100000000001000010000000000100001000000000010000100000000001000010000000000100001000000000010000100000000001000010000000000100001000000000010000100000000001000010000000000100001000000000010000100000000001000010000000000100001000000000010000100000000001000010000000000100001000000000010000100000000001000010000000000100001000000000010000100000000001000010000000000100001000000000010000100000000001000100000000000100001000000000 b"
18
#66510
0>
#67000
1>
b111 \"
08
#67500
b111100000000000011110000000000001111000000000000111100000000000011110000000000001111000000000000111100000000000011110000000000001111000000000000111100000000000011110000000000001111000000000000111100000000000011110000000000001111000000000000111100000000000011110000000000001111000000000000111100000000000011110000000000001111000000000000111100000000000011110000000000001111000000000000111100000000000011110000000000001111000000000000111100000000000011110000000000001111000000000000111100000000000100000000000000 b"
18
#67510
0>
#68000
08
#68500
01
18
#69000
08
#69500
18
#70000
1>
b10 \"
08
#70500
b1000101000000000100010100000000010001010000000001000101000000000100010100000000010001010000000001000101000000000100010100000000010001010000000001000101000000000100010100000000010001010000000001000101000000000100010100000000010001010000000001000101000000000100010100000000010001010000000001000101000000000100010100000000010001010000000001000101000000000100010100000000010001010000000001000101000000000100010100000000010001010000000001000101000000000100010100000000010001010000000001000111000000000100010100000000 b"
11
18
#70510
0>
#71000
1>
b11 \"
08
#71500
b1000010000000000100001000000000010000100000000001000010000000000100001000000000010000100000000001000010000000000100001000000000010000100000000001000010000000000100001000000000010000100000000001000010000000000100001000000000010000100000000001000010000000000100001000000000010000100000000001000010000000000100001000000000010000100000000001000010000000000100001000000000010000100000000001000010000000000100001000000000010000100000000001000010000000000100001000000000010000100000000001000100000000000100001000000000 b"
18
#71510
0>
#72000
1>
b111 \"
08
#72500
b111100000000000011110000000000001111000000000000111100000000000011110000000000001111000000000000111100000000000011110000000000001111000000000000111100000000000011110000000000001111000000000000111100000000000011110000000000001111000000000000111100000000000011110000000000001111000000000000111100000000000011110000000000001111000000000000111100000000000011110000000000001111000000000000111100000000000011110000000000001111000000000000111100000000000011110000000000001111000000000000111100000000000100000000000000 b"
18
#72510
0>
#73000
08
#73500
01
18
#74000
08
#74500
18
#75000
1>
b10 \"
08
#75500
b1000101000000000100010100000000010001010000000001000101000000000100010100000000010001010000000001000101000000000100010100000000010001010000000001000101000000000100010100000000010001010000000001000101000000000100010100000000010001010000000001000101000000000100010100000000010001010000000001000101000000000100010100000000010001010000000001000101000000000100010100000000010001010000000001000101000000000100010100000000010001010000000001000101000000000100010100000000010001010000000001000111000000000100010100000000 b"
11
18
#75510
0>
#76000
1>
b11 \"
08
#76500
b1000010000000000100001000000000010000100000000001000010000000000100001000000000010000100000000001000010000000000100001000000000010000100000000001000010000000000100001000000000010000100000000001000010000000000100001000000000010000100000000001000010000000000100001000000000010000100000000001000010000000000100001000000000010000100000000001000010000000000100001000000000010000100000000001000010000000000100001000000000010000100000000001000010000000000100001000000000010000100000000001000100000000000100001000000000 b"
18
#76510
0>
#77000
1>
b111 \"
08
#77500
b111100000000000011110000000000001111000000000000111100000000000011110000000000001111000000000000111100000000000011110000000000001111000000000000111100000000000011110000000000001111000000000000111100000000000011110000000000001111000000000000111100000000000011110000000000001111000000000000111100000000000011110000000000001111000000000000111100000000000011110000000000001111000000000000111100000000000011110000000000001111000000000000111100000000000011110000000000001111000000000000111100000000000100000000000000 b"
18
#77510
0>
#78000
08
#78500
01
18
#79000
08
#79500
18
#80000
1>
b10 \"
08
#80500
b1000101000000000100010100000000010001010000000001000101000000000100010100000000010001010000000001000101000000000100010100000000010001010000000001000101000000000100010100000000010001010000000001000101000000000100010100000000010001010000000001000101000000000100010100000000010001010000000001000101000000000100010100000000010001010000000001000101000000000100010100000000010001010000000001000101000000000100010100000000010001010000000001000101000000000100010100000000010001010000000001000111000000000100010100000000 b"
11
18
#80510
0>
#81000
1>
b11 \"
08
#81500
b1000010000000000100001000000000010000100000000001000010000000000100001000000000010000100000000001000010000000000100001000000000010000100000000001000010000000000100001000000000010000100000000001000010000000000100001000000000010000100000000001000010000000000100001000000000010000100000000001000010000000000100001000000000010000100000000001000010000000000100001000000000010000100000000001000010000000000100001000000000010000100000000001000010000000000100001000000000010000100000000001000100000000000100001000000000 b"
18
#81510
0>
#82000
1>
b111 \"
08
#82500
b111100000000000011110000000000001111000000000000111100000000000011110000000000001111000000000000111100000000000011110000000000001111000000000000111100000000000011110000000000001111000000000000111100000000000011110000000000001111000000000000111100000000000011110000000000001111000000000000111100000000000011110000000000001111000000000000111100000000000011110000000000001111000000000000111100000000000011110000000000001111000000000000111100000000000011110000000000001111000000000000111100000000000100000000000000 b"
18
#82510
0>
#83000
08
#83500
01
18
#84000
08
#84500
18
#85000
1>
b10 \"
08
#85500
b1000101000000000100010100000000010001010000000001000101000000000100010100000000010001010000000001000101000000000100010100000000010001010000000001000101000000000100010100000000010001010000000001000101000000000100010100000000010001010000000001000101000000000100010100000000010001010000000001000101000000000100010100000000010001010000000001000101000000000100010100000000010001010000000001000101000000000100010100000000010001010000000001000101000000000100010100000000010001010000000001000111000000000100010100000000 b"
11
18
#85510
0>
#86000
1>
b11 \"
08
#86500
b1000010000000000100001000000000010000100000000001000010000000000100001000000000010000100000000001000010000000000100001000000000010000100000000001000010000000000100001000000000010000100000000001000010000000000100001000000000010000100000000001000010000000000100001000000000010000100000000001000010000000000100001000000000010000100000000001000010000000000100001000000000010000100000000001000010000000000100001000000000010000100000000001000010000000000100001000000000010000100000000001000100000000000100001000000000 b"
18
#86510
0>
#87000
1>
b111 \"
08
#87500
b111100000000000011110000000000001111000000000000111100000000000011110000000000001111000000000000111100000000000011110000000000001111000000000000111100000000000011110000000000001111000000000000111100000000000011110000000000001111000000000000111100000000000011110000000000001111000000000000111100000000000011110000000000001111000000000000111100000000000011110000000000001111000000000000111100000000000011110000000000001111000000000000111100000000000011110000000000001111000000000000111100000000000100000000000000 b"
18
#87510
0>
#88000
08
#88500
01
18
#89000
08
#89500
18
#90000
1>
b10 \"
08
#90500
b1000101000000000100010100000000010001010000000001000101000000000100010100000000010001010000000001000101000000000100010100000000010001010000000001000101000000000100010100000000010001010000000001000101000000000100010100000000010001010000000001000101000000000100010100000000010001010000000001000101000000000100010100000000010001010000000001000101000000000100010100000000010001010000000001000101000000000100010100000000010001010000000001000101000000000100010100000000010001010000000001000111000000000100010100000000 b"
11
18
#90510
0>
#91000
1>
b11 \"
08
#91500
b1000010000000000100001000000000010000100000000001000010000000000100001000000000010000100000000001000010000000000100001000000000010000100000000001000010000000000100001000000000010000100000000001000010000000000100001000000000010000100000000001000010000000000100001000000000010000100000000001000010000000000100001000000000010000100000000001000010000000000100001000000000010000100000000001000010000000000100001000000000010000100000000001000010000000000100001000000000010000100000000001000100000000000100001000000000 b"
18
#91510
0>
#92000
1>
b111 \"
08
#92500
b111100000000000011110000000000001111000000000000111100000000000011110000000000001111000000000000111100000000000011110000000000001111000000000000111100000000000011110000000000001111000000000000111100000000000011110000000000001111000000000000111100000000000011110000000000001111000000000000111100000000000011110000000000001111000000000000111100000000000011110000000000001111000000000000111100000000000011110000000000001111000000000000111100000000000011110000000000001111000000000000111100000000000100000000000000 b"
18
#92510
0>
#93000
08
#93500
01
18
#94000
08
#94500
18
#95000
1>
b10 \"
08
#95500
b1000101000000000100010100000000010001010000000001000101000000000100010100000000010001010000000001000101000000000100010100000000010001010000000001000101000000000100010100000000010001010000000001000101000000000100010100000000010001010000000001000101000000000100010100000000010001010000000001000101000000000100010100000000010001010000000001000101000000000100010100000000010001010000000001000101000000000100010100000000010001010000000001000101000000000100010100000000010001010000000001000111000000000100010100000000 b"
11
18
#95510
0>
#96000
1>
b11 \"
08
#96500
b1000010000000000100001000000000010000100000000001000010000000000100001000000000010000100000000001000010000000000100001000000000010000100000000001000010000000000100001000000000010000100000000001000010000000000100001000000000010000100000000001000010000000000100001000000000010000100000000001000010000000000100001000000000010000100000000001000010000000000100001000000000010000100000000001000010000000000100001000000000010000100000000001000010000000000100001000000000010000100000000001000100000000000100001000000000 b"
18
#96510
0>
#97000
1>
b111 \"
08
#97500
b111100000000000011110000000000001111000000000000111100000000000011110000000000001111000000000000111100000000000011110000000000001111000000000000111100000000000011110000000000001111000000000000111100000000000011110000000000001111000000000000111100000000000011110000000000001111000000000000111100000000000011110000000000001111000000000000111100000000000011110000000000001111000000000000111100000000000011110000000000001111000000000000111100000000000011110000000000001111000000000000111100000000000100000000000000 b"
18
#97510
0>
#98000
08
#98500
01
18
#99000
08
#99500
18
#100000
1>
b10 \"
08
#100500
b1000101000000000100010100000000010001010000000001000101000000000100010100000000010001010000000001000101000000000100010100000000010001010000000001000101000000000100010100000000010001010000000001000101000000000100010100000000010001010000000001000101000000000100010100000000010001010000000001000101000000000100010100000000010001010000000001000101000000000100010100000000010001010000000001000101000000000100010100000000010001010000000001000101000000000100010100000000010001010000000001000111000000000100010100000000 b"
11
18
#100510
0>
#101000
1>
b11 \"
08
#101500
b1000010000000000100001000000000010000100000000001000010000000000100001000000000010000100000000001000010000000000100001000000000010000100000000001000010000000000100001000000000010000100000000001000010000000000100001000000000010000100000000001000010000000000100001000000000010000100000000001000010000000000100001000000000010000100000000001000010000000000100001000000000010000100000000001000010000000000100001000000000010000100000000001000010000000000100001000000000010000100000000001000100000000000100001000000000 b"
18
#101510
0>
#102000
1>
b111 \"
08
#102500
b111100000000000011110000000000001111000000000000111100000000000011110000000000001111000000000000111100000000000011110000000000001111000000000000111100000000000011110000000000001111000000000000111100000000000011110000000000001111000000000000111100000000000011110000000000001111000000000000111100000000000011110000000000001111000000000000111100000000000011110000000000001111000000000000111100000000000011110000000000001111000000000000111100000000000011110000000000001111000000000000111100000000000100000000000000 b"
18
#102510
0>
#103000
08
#103500
01
18
#104000
08
#104500
18
#105000
1>
b10 \"
08
#105500
b1000101000000000100010100000000010001010000000001000101000000000100010100000000010001010000000001000101000000000100010100000000010001010000000001000101000000000100010100000000010001010000000001000101000000000100010100000000010001010000000001000101000000000100010100000000010001010000000001000101000000000100010100000000010001010000000001000101000000000100010100000000010001010000000001000101000000000100010100000000010001010000000001000101000000000100010100000000010001010000000001000111000000000100010100000000 b"
11
18
#105510
0>
#106000
1>
b11 \"
08
#106500
b1000010000000000100001000000000010000100000000001000010000000000100001000000000010000100000000001000010000000000100001000000000010000100000000001000010000000000100001000000000010000100000000001000010000000000100001000000000010000100000000001000010000000000100001000000000010000100000000001000010000000000100001000000000010000100000000001000010000000000100001000000000010000100000000001000010000000000100001000000000010000100000000001000010000000000100001000000000010000100000000001000100000000000100001000000000 b"
18
#106510
0>
#107000
1>
b111 \"
08
#107500
b111100000000000011110000000000001111000000000000111100000000000011110000000000001111000000000000111100000000000011110000000000001111000000000000111100000000000011110000000000001111000000000000111100000000000011110000000000001111000000000000111100000000000011110000000000001111000000000000111100000000000011110000000000001111000000000000111100000000000011110000000000001111000000000000111100000000000011110000000000001111000000000000111100000000000011110000000000001111000000000000111100000000000100000000000000 b"
18
#107510
0>
#108000
08
#108500
01
18
#109000
08
#109500
18
#110000
1>
b10 \"
08
#110500
b1000101000000000100010100000000010001010000000001000101000000000100010100000000010001010000000001000101000000000100010100000000010001010000000001000101000000000100010100000000010001010000000001000101000000000100010100000000010001010000000001000101000000000100010100000000010001010000000001000101000000000100010100000000010001010000000001000101000000000100010100000000010001010000000001000101000000000100010100000000010001010000000001000101000000000100010100000000010001010000000001000111000000000100010100000000 b"
11
18
#110510
0>
#111000
1>
b11 \"
08
#111500
b1000010000000000100001000000000010000100000000001000010000000000100001000000000010000100000000001000010000000000100001000000000010000100000000001000010000000000100001000000000010000100000000001000010000000000100001000000000010000100000000001000010000000000100001000000000010000100000000001000010000000000100001000000000010000100000000001000010000000000100001000000000010000100000000001000010000000000100001000000000010000100000000001000010000000000100001000000000010000100000000001000100000000000100001000000000 b"
18
#111510
0>
#112000
1>
b111 \"
08
#112500
b111100000000000011110000000000001111000000000000111100000000000011110000000000001111000000000000111100000000000011110000000000001111000000000000111100000000000011110000000000001111000000000000111100000000000011110000000000001111000000000000111100000000000011110000000000001111000000000000111100000000000011110000000000001111000000000000111100000000000011110000000000001111000000000000111100000000000011110000000000001111000000000000111100000000000011110000000000001111000000000000111100000000000100000000000000 b"
18
#112510
0>
#113000
08
#113500
01
18
#114000
08
#114500
18
#115000
1>
b10 \"
08
#115500
b1000101000000000100010100000000010001010000000001000101000000000100010100000000010001010000000001000101000000000100010100000000010001010000000001000101000000000100010100000000010001010000000001000101000000000100010100000000010001010000000001000101000000000100010100000000010001010000000001000101000000000100010100000000010001010000000001000101000000000100010100000000010001010000000001000101000000000100010100000000010001010000000001000101000000000100010100000000010001010000000001000111000000000100010100000000 b"
11
18
#115510
0>
#116000
1>
b11 \"
08
#116500
b1000010000000000100001000000000010000100000000001000010000000000100001000000000010000100000000001000010000000000100001000000000010000100000000001000010000000000100001000000000010000100000000001000010000000000100001000000000010000100000000001000010000000000100001000000000010000100000000001000010000000000100001000000000010000100000000001000010000000000100001000000000010000100000000001000010000000000100001000000000010000100000000001000010000000000100001000000000010000100000000001000100000000000100001000000000 b"
18
#116510
0>
#117000
1>
b111 \"
08
#117500
b111100000000000011110000000000001111000000000000111100000000000011110000000000001111000000000000111100000000000011110000000000001111000000000000111100000000000011110000000000001111000000000000111100000000000011110000000000001111000000000000111100000000000011110000000000001111000000000000111100000000000011110000000000001111000000000000111100000000000011110000000000001111000000000000111100000000000011110000000000001111000000000000111100000000000011110000000000001111000000000000111100000000000100000000000000 b"
18
#117510
0>
#118000
08
#118500
01
18
#119000
08
#119500
18
#120000
1>
b10 \"
08
#120500
b1000101000000000100010100000000010001010000000001000101000000000100010100000000010001010000000001000101000000000100010100000000010001010000000001000101000000000100010100000000010001010000000001000101000000000100010100000000010001010000000001000101000000000100010100000000010001010000000001000101000000000100010100000000010001010000000001000101000000000100010100000000010001010000000001000101000000000100010100000000010001010000000001000101000000000100010100000000010001010000000001000111000000000100010100000000 b"
11
18
#120510
0>
#121000
1>
b11 \"
08
#121500
b1000010000000000100001000000000010000100000000001000010000000000100001000000000010000100000000001000010000000000100001000000000010000100000000001000010000000000100001000000000010000100000000001000010000000000100001000000000010000100000000001000010000000000100001000000000010000100000000001000010000000000100001000000000010000100000000001000010000000000100001000000000010000100000000001000010000000000100001000000000010000100000000001000010000000000100001000000000010000100000000001000100000000000100001000000000 b"
18
#121510
0>
#122000
1>
b111 \"
08
#122500
b111100000000000011110000000000001111000000000000111100000000000011110000000000001111000000000000111100000000000011110000000000001111000000000000111100000000000011110000000000001111000000000000111100000000000011110000000000001111000000000000111100000000000011110000000000001111000000000000111100000000000011110000000000001111000000000000111100000000000011110000000000001111000000000000111100000000000011110000000000001111000000000000111100000000000011110000000000001111000000000000111100000000000100000000000000 b"
18
#122510
0>
#123000
08
#123500
01
18
#124000
08
#124500
18
#125000
1>
b10 \"
08
#125500
b1000101000000000100010100000000010001010000000001000101000000000100010100000000010001010000000001000101000000000100010100000000010001010000000001000101000000000100010100000000010001010000000001000101000000000100010100000000010001010000000001000101000000000100010100000000010001010000000001000101000000000100010100000000010001010000000001000101000000000100010100000000010001010000000001000101000000000100010100000000010001010000000001000101000000000100010100000000010001010000000001000111000000000100010100000000 b"
11
18
#125510
0>
#126000
1>
b11 \"
08
#126500
b1000010000000000100001000000000010000100000000001000010000000000100001000000000010000100000000001000010000000000100001000000000010000100000000001000010000000000100001000000000010000100000000001000010000000000100001000000000010000100000000001000010000000000100001000000000010000100000000001000010000000000100001000000000010000100000000001000010000000000100001000000000010000100000000001000010000000000100001000000000010000100000000001000010000000000100001000000000010000100000000001000100000000000100001000000000 b"
18
#126510
0>
#127000
1>
b111 \"
08
#127500
b111100000000000011110000000000001111000000000000111100000000000011110000000000001111000000000000111100000000000011110000000000001111000000000000111100000000000011110000000000001111000000000000111100000000000011110000000000001111000000000000111100000000000011110000000000001111000000000000111100000000000011110000000000001111000000000000111100000000000011110000000000001111000000000000111100000000000011110000000000001111000000000000111100000000000011110000000000001111000000000000111100000000000100000000000000 b"
18
#127510
0>
#128000
08
#128500
01
18
#129000
08
#129500
18
#130000
1>
b10 \"
08
#130500
b1000101000000000100010100000000010001010000000001000101000000000100010100000000010001010000000001000101000000000100010100000000010001010000000001000101000000000100010100000000010001010000000001000101000000000100010100000000010001010000000001000101000000000100010100000000010001010000000001000101000000000100010100000000010001010000000001000101000000000100010100000000010001010000000001000101000000000100010100000000010001010000000001000101000000000100010100000000010001010000000001000111000000000100010100000000 b"
11
18
#130510
0>
#131000
1>
b11 \"
08
#131500
b1000010000000000100001000000000010000100000000001000010000000000100001000000000010000100000000001000010000000000100001000000000010000100000000001000010000000000100001000000000010000100000000001000010000000000100001000000000010000100000000001000010000000000100001000000000010000100000000001000010000000000100001000000000010000100000000001000010000000000100001000000000010000100000000001000010000000000100001000000000010000100000000001000010000000000100001000000000010000100000000001000100000000000100001000000000 b"
18
#131510
0>
#132000
1>
b111 \"
08
#132500
b111100000000000011110000000000001111000000000000111100000000000011110000000000001111000000000000111100000000000011110000000000001111000000000000111100000000000011110000000000001111000000000000111100000000000011110000000000001111000000000000111100000000000011110000000000001111000000000000111100000000000011110000000000001111000000000000111100000000000011110000000000001111000000000000111100000000000011110000000000001111000000000000111100000000000011110000000000001111000000000000111100000000000100000000000000 b"
18
#132510
0>
#133000
08
#133500
01
18
#134000
08
#134500
18
#135000
1>
b10 \"
08
#135500
b1000101000000000100010100000000010001010000000001000101000000000100010100000000010001010000000001000101000000000100010100000000010001010000000001000101000000000100010100000000010001010000000001000101000000000100010100000000010001010000000001000101000000000100010100000000010001010000000001000101000000000100010100000000010001010000000001000101000000000100010100000000010001010000000001000101000000000100010100000000010001010000000001000101000000000100010100000000010001010000000001000111000000000100010100000000 b"
11
18
#135510
0>
#136000
1>
b11 \"
08
#136500
b1000010000000000100001000000000010000100000000001000010000000000100001000000000010000100000000001000010000000000100001000000000010000100000000001000010000000000100001000000000010000100000000001000010000000000100001000000000010000100000000001000010000000000100001000000000010000100000000001000010000000000100001000000000010000100000000001000010000000000100001000000000010000100000000001000010000000000100001000000000010000100000000001000010000000000100001000000000010000100000000001000100000000000100001000000000 b"
18
#136510
0>
#137000
1>
b111 \"
08
#137500
b111100000000000011110000000000001111000000000000111100000000000011110000000000001111000000000000111100000000000011110000000000001111000000000000111100000000000011110000000000001111000000000000111100000000000011110000000000001111000000000000111100000000000011110000000000001111000000000000111100000000000011110000000000001111000000000000111100000000000011110000000000001111000000000000111100000000000011110000000000001111000000000000111100000000000011110000000000001111000000000000111100000000000100000000000000 b"
18
#137510
0>
#138000
08
#138500
01
18
#139000
08
#139500
18
#140000
1>
b10 \"
08
#140500
b1000101000000000100010100000000010001010000000001000101000000000100010100000000010001010000000001000101000000000100010100000000010001010000000001000101000000000100010100000000010001010000000001000101000000000100010100000000010001010000000001000101000000000100010100000000010001010000000001000101000000000100010100000000010001010000000001000101000000000100010100000000010001010000000001000101000000000100010100000000010001010000000001000101000000000100010100000000010001010000000001000111000000000100010100000000 b"
11
18
#140510
0>
#141000
1>
b11 \"
08
#141500
b1000010000000000100001000000000010000100000000001000010000000000100001000000000010000100000000001000010000000000100001000000000010000100000000001000010000000000100001000000000010000100000000001000010000000000100001000000000010000100000000001000010000000000100001000000000010000100000000001000010000000000100001000000000010000100000000001000010000000000100001000000000010000100000000001000010000000000100001000000000010000100000000001000010000000000100001000000000010000100000000001000100000000000100001000000000 b"
18
#141510
0>
#142000
1>
b111 \"
08
#142500
b111100000000000011110000000000001111000000000000111100000000000011110000000000001111000000000000111100000000000011110000000000001111000000000000111100000000000011110000000000001111000000000000111100000000000011110000000000001111000000000000111100000000000011110000000000001111000000000000111100000000000011110000000000001111000000000000111100000000000011110000000000001111000000000000111100000000000011110000000000001111000000000000111100000000000011110000000000001111000000000000111100000000000100000000000000 b"
18
#142510
0>
#143000
08
#143500
01
18
#144000
08
#144500
18
#145000
1>
b10 \"
08
#145500
b1000101000000000100010100000000010001010000000001000101000000000100010100000000010001010000000001000101000000000100010100000000010001010000000001000101000000000100010100000000010001010000000001000101000000000100010100000000010001010000000001000101000000000100010100000000010001010000000001000101000000000100010100000000010001010000000001000101000000000100010100000000010001010000000001000101000000000100010100000000010001010000000001000101000000000100010100000000010001010000000001000111000000000100010100000000 b"
11
18
#145510
0>
#146000
1>
b11 \"
08
#146500
b1000010000000000100001000000000010000100000000001000010000000000100001000000000010000100000000001000010000000000100001000000000010000100000000001000010000000000100001000000000010000100000000001000010000000000100001000000000010000100000000001000010000000000100001000000000010000100000000001000010000000000100001000000000010000100000000001000010000000000100001000000000010000100000000001000010000000000100001000000000010000100000000001000010000000000100001000000000010000100000000001000100000000000100001000000000 b"
18
#146510
0>
#147000
1>
b111 \"
08
#147500
b111100000000000011110000000000001111000000000000111100000000000011110000000000001111000000000000111100000000000011110000000000001111000000000000111100000000000011110000000000001111000000000000111100000000000011110000000000001111000000000000111100000000000011110000000000001111000000000000111100000000000011110000000000001111000000000000111100000000000011110000000000001111000000000000111100000000000011110000000000001111000000000000111100000000000011110000000000001111000000000000111100000000000100000000000000 b"
18
#147510
0>
#148000
08
#148500
01
18
#149000
08
#149500
18
#150000
1>
b10 \"
08
#150500
b1000101000000000100010100000000010001010000000001000101000000000100010100000000010001010000000001000101000000000100010100000000010001010000000001000101000000000100010100000000010001010000000001000101000000000100010100000000010001010000000001000101000000000100010100000000010001010000000001000101000000000100010100000000010001010000000001000101000000000100010100000000010001010000000001000101000000000100010100000000010001010000000001000101000000000100010100000000010001010000000001000111000000000100010100000000 b"
11
18
#150510
0>
#151000
1>
b11 \"
08
#151500
b1000010000000000100001000000000010000100000000001000010000000000100001000000000010000100000000001000010000000000100001000000000010000100000000001000010000000000100001000000000010000100000000001000010000000000100001000000000010000100000000001000010000000000100001000000000010000100000000001000010000000000100001000000000010000100000000001000010000000000100001000000000010000100000000001000010000000000100001000000000010000100000000001000010000000000100001000000000010000100000000001000100000000000100001000000000 b"
18
#151510
0>
#152000
1>
b111 \"
08
#152500
b111100000000000011110000000000001111000000000000111100000000000011110000000000001111000000000000111100000000000011110000000000001111000000000000111100000000000011110000000000001111000000000000111100000000000011110000000000001111000000000000111100000000000011110000000000001111000000000000111100000000000011110000000000001111000000000000111100000000000011110000000000001111000000000000111100000000000011110000000000001111000000000000111100000000000011110000000000001111000000000000111100000000000100000000000000 b"
18
#152510
0>
#153000
08
#153500
01
18
#154000
08
#154500
18
#155000
1>
b10 \"
08
#155500
b1000101000000000100010100000000010001010000000001000101000000000100010100000000010001010000000001000101000000000100010100000000010001010000000001000101000000000100010100000000010001010000000001000101000000000100010100000000010001010000000001000101000000000100010100000000010001010000000001000101000000000100010100000000010001010000000001000101000000000100010100000000010001010000000001000101000000000100010100000000010001010000000001000101000000000100010100000000010001010000000001000111000000000100010100000000 b"
11
18
#155510
0>
#156000
1>
b11 \"
08
#156500
b1000010000000000100001000000000010000100000000001000010000000000100001000000000010000100000000001000010000000000100001000000000010000100000000001000010000000000100001000000000010000100000000001000010000000000100001000000000010000100000000001000010000000000100001000000000010000100000000001000010000000000100001000000000010000100000000001000010000000000100001000000000010000100000000001000010000000000100001000000000010000100000000001000010000000000100001000000000010000100000000001000100000000000100001000000000 b"
18
#156510
0>
#157000
1>
b111 \"
08
#157500
b111100000000000011110000000000001111000000000000111100000000000011110000000000001111000000000000111100000000000011110000000000001111000000000000111100000000000011110000000000001111000000000000111100000000000011110000000000001111000000000000111100000000000011110000000000001111000000000000111100000000000011110000000000001111000000000000111100000000000011110000000000001111000000000000111100000000000011110000000000001111000000000000111100000000000011110000000000001111000000000000111100000000000100000000000000 b"
18
#157510
0>
#158000
08
#158500
01
18
#159000
08
#159500
18
#160000
1>
b10 \"
08
#160500
b1000101000000000100010100000000010001010000000001000101000000000100010100000000010001010000000001000101000000000100010100000000010001010000000001000101000000000100010100000000010001010000000001000101000000000100010100000000010001010000000001000101000000000100010100000000010001010000000001000101000000000100010100000000010001010000000001000101000000000100010100000000010001010000000001000101000000000100010100000000010001010000000001000101000000000100010100000000010001010000000001000111000000000100010100000000 b"
11
18
#160510
0>
#161000
1>
b11 \"
08
#161500
b1000010000000000100001000000000010000100000000001000010000000000100001000000000010000100000000001000010000000000100001000000000010000100000000001000010000000000100001000000000010000100000000001000010000000000100001000000000010000100000000001000010000000000100001000000000010000100000000001000010000000000100001000000000010000100000000001000010000000000100001000000000010000100000000001000010000000000100001000000000010000100000000001000010000000000100001000000000010000100000000001000100000000000100001000000000 b"
18
#161510
0>
#162000
1>
b111 \"
08
#162500
b111100000000000011110000000000001111000000000000111100000000000011110000000000001111000000000000111100000000000011110000000000001111000000000000111100000000000011110000000000001111000000000000111100000000000011110000000000001111000000000000111100000000000011110000000000001111000000000000111100000000000011110000000000001111000000000000111100000000000011110000000000001111000000000000111100000000000011110000000000001111000000000000111100000000000011110000000000001111000000000000111100000000000100000000000000 b"
18
#162510
0>
#163000
08
#163500
01
18
#164000
08
#164500
18
#165000
1>
b10 \"
08
#165500
b1000101000000000100010100000000010001010000000001000101000000000100010100000000010001010000000001000101000000000100010100000000010001010000000001000101000000000100010100000000010001010000000001000101000000000100010100000000010001010000000001000101000000000100010100000000010001010000000001000101000000000100010100000000010001010000000001000101000000000100010100000000010001010000000001000101000000000100010100000000010001010000000001000101000000000100010100000000010001010000000001000111000000000100010100000000 b"
11
18
#165510
0>
#166000
1>
b11 \"
08
#166500
b1000010000000000100001000000000010000100000000001000010000000000100001000000000010000100000000001000010000000000100001000000000010000100000000001000010000000000100001000000000010000100000000001000010000000000100001000000000010000100000000001000010000000000100001000000000010000100000000001000010000000000100001000000000010000100000000001000010000000000100001000000000010000100000000001000010000000000100001000000000010000100000000001000010000000000100001000000000010000100000000001000100000000000100001000000000 b"
18
#166510
0>
#167000
1>
b111 \"
08
#167500
b111100000000000011110000000000001111000000000000111100000000000011110000000000001111000000000000111100000000000011110000000000001111000000000000111100000000000011110000000000001111000000000000111100000000000011110000000000001111000000000000111100000000000011110000000000001111000000000000111100000000000011110000000000001111000000000000111100000000000011110000000000001111000000000000111100000000000011110000000000001111000000000000111100000000000011110000000000001111000000000000111100000000000100000000000000 b"
18
#167510
0>
#168000
08
#168500
01
18
#169000
08
#169500
18
#170000
1>
b10 \"
08
#170500
b1000101000000000100010100000000010001010000000001000101000000000100010100000000010001010000000001000101000000000100010100000000010001010000000001000101000000000100010100000000010001010000000001000101000000000100010100000000010001010000000001000101000000000100010100000000010001010000000001000101000000000100010100000000010001010000000001000101000000000100010100000000010001010000000001000101000000000100010100000000010001010000000001000101000000000100010100000000010001010000000001000111000000000100010100000000 b"
11
18
#170510
0>
#171000
1>
b11 \"
08
#171500
b1000010000000000100001000000000010000100000000001000010000000000100001000000000010000100000000001000010000000000100001000000000010000100000000001000010000000000100001000000000010000100000000001000010000000000100001000000000010000100000000001000010000000000100001000000000010000100000000001000010000000000100001000000000010000100000000001000010000000000100001000000000010000100000000001000010000000000100001000000000010000100000000001000010000000000100001000000000010000100000000001000100000000000100001000000000 b"
18
#171510
0>
#172000
1>
b111 \"
08
#172500
b111100000000000011110000000000001111000000000000111100000000000011110000000000001111000000000000111100000000000011110000000000001111000000000000111100000000000011110000000000001111000000000000111100000000000011110000000000001111000000000000111100000000000011110000000000001111000000000000111100000000000011110000000000001111000000000000111100000000000011110000000000001111000000000000111100000000000011110000000000001111000000000000111100000000000011110000000000001111000000000000111100000000000100000000000000 b"
18
#172510
0>
#173000
08
#173500
01
18
#174000
08
#174500
18
#175000
1>
b10 \"
08
#175500
b1000101000000000100010100000000010001010000000001000101000000000100010100000000010001010000000001000101000000000100010100000000010001010000000001000101000000000100010100000000010001010000000001000101000000000100010100000000010001010000000001000101000000000100010100000000010001010000000001000101000000000100010100000000010001010000000001000101000000000100010100000000010001010000000001000101000000000100010100000000010001010000000001000101000000000100010100000000010001010000000001000111000000000100010100000000 b"
11
18
#175510
0>
#176000
1>
b11 \"
08
#176500
b1000010000000000100001000000000010000100000000001000010000000000100001000000000010000100000000001000010000000000100001000000000010000100000000001000010000000000100001000000000010000100000000001000010000000000100001000000000010000100000000001000010000000000100001000000000010000100000000001000010000000000100001000000000010000100000000001000010000000000100001000000000010000100000000001000010000000000100001000000000010000100000000001000010000000000100001000000000010000100000000001000100000000000100001000000000 b"
18
#176510
0>
#177000
1>
b111 \"
08
#177500
b111100000000000011110000000000001111000000000000111100000000000011110000000000001111000000000000111100000000000011110000000000001111000000000000111100000000000011110000000000001111000000000000111100000000000011110000000000001111000000000000111100000000000011110000000000001111000000000000111100000000000011110000000000001111000000000000111100000000000011110000000000001111000000000000111100000000000011110000000000001111000000000000111100000000000011110000000000001111000000000000111100000000000100000000000000 b"
18
#177510
0>
#178000
08
#178500
01
18
#179000
08
#179500
18
#180000
1>
b10 \"
08
#180500
b1000101000000000100010100000000010001010000000001000101000000000100010100000000010001010000000001000101000000000100010100000000010001010000000001000101000000000100010100000000010001010000000001000101000000000100010100000000010001010000000001000101000000000100010100000000010001010000000001000101000000000100010100000000010001010000000001000101000000000100010100000000010001010000000001000101000000000100010100000000010001010000000001000101000000000100010100000000010001010000000001000111000000000100010100000000 b"
11
18
#180510
0>
#181000
1>
b11 \"
08
#181500
b1000010000000000100001000000000010000100000000001000010000000000100001000000000010000100000000001000010000000000100001000000000010000100000000001000010000000000100001000000000010000100000000001000010000000000100001000000000010000100000000001000010000000000100001000000000010000100000000001000010000000000100001000000000010000100000000001000010000000000100001000000000010000100000000001000010000000000100001000000000010000100000000001000010000000000100001000000000010000100000000001000100000000000100001000000000 b"
18
#181510
0>
#182000
1>
b111 \"
08
#182500
b111100000000000011110000000000001111000000000000111100000000000011110000000000001111000000000000111100000000000011110000000000001111000000000000111100000000000011110000000000001111000000000000111100000000000011110000000000001111000000000000111100000000000011110000000000001111000000000000111100000000000011110000000000001111000000000000111100000000000011110000000000001111000000000000111100000000000011110000000000001111000000000000111100000000000011110000000000001111000000000000111100000000000100000000000000 b"
18
#182510
0>
#183000
08
#183500
01
18
#184000
08
#184500
18
#185000
1>
b10 \"
08
#185500
b1000101000000000100010100000000010001010000000001000101000000000100010100000000010001010000000001000101000000000100010100000000010001010000000001000101000000000100010100000000010001010000000001000101000000000100010100000000010001010000000001000101000000000100010100000000010001010000000001000101000000000100010100000000010001010000000001000101000000000100010100000000010001010000000001000101000000000100010100000000010001010000000001000101000000000100010100000000010001010000000001000111000000000100010100000000 b"
11
18
#185510
0>
#186000
1>
b11 \"
08
#186500
b1000010000000000100001000000000010000100000000001000010000000000100001000000000010000100000000001000010000000000100001000000000010000100000000001000010000000000100001000000000010000100000000001000010000000000100001000000000010000100000000001000010000000000100001000000000010000100000000001000010000000000100001000000000010000100000000001000010000000000100001000000000010000100000000001000010000000000100001000000000010000100000000001000010000000000100001000000000010000100000000001000100000000000100001000000000 b"
18
#186510
0>
#187000
1>
b111 \"
08
#187500
b111100000000000011110000000000001111000000000000111100000000000011110000000000001111000000000000111100000000000011110000000000001111000000000000111100000000000011110000000000001111000000000000111100000000000011110000000000001111000000000000111100000000000011110000000000001111000000000000111100000000000011110000000000001111000000000000111100000000000011110000000000001111000000000000111100000000000011110000000000001111000000000000111100000000000011110000000000001111000000000000111100000000000100000000000000 b"
18
#187510
0>
#188000
08
#188500
01
18
#189000
08
#189500
18
#190000
1>
b10 \"
08
#190500
b1000101000000000100010100000000010001010000000001000101000000000100010100000000010001010000000001000101000000000100010100000000010001010000000001000101000000000100010100000000010001010000000001000101000000000100010100000000010001010000000001000101000000000100010100000000010001010000000001000101000000000100010100000000010001010000000001000101000000000100010100000000010001010000000001000101000000000100010100000000010001010000000001000101000000000100010100000000010001010000000001000111000000000100010100000000 b"
11
18
#190510
0>
#191000
1>
b11 \"
08
#191500
b1000010000000000100001000000000010000100000000001000010000000000100001000000000010000100000000001000010000000000100001000000000010000100000000001000010000000000100001000000000010000100000000001000010000000000100001000000000010000100000000001000010000000000100001000000000010000100000000001000010000000000100001000000000010000100000000001000010000000000100001000000000010000100000000001000010000000000100001000000000010000100000000001000010000000000100001000000000010000100000000001000100000000000100001000000000 b"
18
#191510
0>
#192000
1>
b111 \"
08
#192500
b111100000000000011110000000000001111000000000000111100000000000011110000000000001111000000000000111100000000000011110000000000001111000000000000111100000000000011110000000000001111000000000000111100000000000011110000000000001111000000000000111100000000000011110000000000001111000000000000111100000000000011110000000000001111000000000000111100000000000011110000000000001111000000000000111100000000000011110000000000001111000000000000111100000000000011110000000000001111000000000000111100000000000100000000000000 b"
18
#192510
0>
#193000
08
#193500
01
18
#194000
08
#194500
18
#195000
1>
b10 \"
08
#195500
b1000101000000000100010100000000010001010000000001000101000000000100010100000000010001010000000001000101000000000100010100000000010001010000000001000101000000000100010100000000010001010000000001000101000000000100010100000000010001010000000001000101000000000100010100000000010001010000000001000101000000000100010100000000010001010000000001000101000000000100010100000000010001010000000001000101000000000100010100000000010001010000000001000101000000000100010100000000010001010000000001000111000000000100010100000000 b"
11
18
#195510
0>
#196000
1>
b11 \"
08
#196500
b1000010000000000100001000000000010000100000000001000010000000000100001000000000010000100000000001000010000000000100001000000000010000100000000001000010000000000100001000000000010000100000000001000010000000000100001000000000010000100000000001000010000000000100001000000000010000100000000001000010000000000100001000000000010000100000000001000010000000000100001000000000010000100000000001000010000000000100001000000000010000100000000001000010000000000100001000000000010000100000000001000100000000000100001000000000 b"
18
#196510
0>
#197000
1>
b111 \"
08
#197500
b111100000000000011110000000000001111000000000000111100000000000011110000000000001111000000000000111100000000000011110000000000001111000000000000111100000000000011110000000000001111000000000000111100000000000011110000000000001111000000000000111100000000000011110000000000001111000000000000111100000000000011110000000000001111000000000000111100000000000011110000000000001111000000000000111100000000000011110000000000001111000000000000111100000000000011110000000000001111000000000000111100000000000100000000000000 b"
18
#197510
0>
#198000
08
#198500
01
18
#199000
08
#199500
18
#200000
1>
b10 \"
08
#200500
b1000101000000000100010100000000010001010000000001000101000000000100010100000000010001010000000001000101000000000100010100000000010001010000000001000101000000000100010100000000010001010000000001000101000000000100010100000000010001010000000001000101000000000100010100000000010001010000000001000101000000000100010100000000010001010000000001000101000000000100010100000000010001010000000001000101000000000100010100000000010001010000000001000101000000000100010100000000010001010000000001000111000000000100010100000000 b"
11
18
#200510
0>
#201000
1>
b11 \"
08
#201500
b1000010000000000100001000000000010000100000000001000010000000000100001000000000010000100000000001000010000000000100001000000000010000100000000001000010000000000100001000000000010000100000000001000010000000000100001000000000010000100000000001000010000000000100001000000000010000100000000001000010000000000100001000000000010000100000000001000010000000000100001000000000010000100000000001000010000000000100001000000000010000100000000001000010000000000100001000000000010000100000000001000100000000000100001000000000 b"
18
#201510
0>
#202000
1>
b111 \"
08
#202500
b111100000000000011110000000000001111000000000000111100000000000011110000000000001111000000000000111100000000000011110000000000001111000000000000111100000000000011110000000000001111000000000000111100000000000011110000000000001111000000000000111100000000000011110000000000001111000000000000111100000000000011110000000000001111000000000000111100000000000011110000000000001111000000000000111100000000000011110000000000001111000000000000111100000000000011110000000000001111000000000000111100000000000100000000000000 b"
18
#202510
0>
#203000
08
#203500
01
18
#204000
08
#204500
18
#205000
1>
b10 \"
08
#205500
b1000101000000000100010100000000010001010000000001000101000000000100010100000000010001010000000001000101000000000100010100000000010001010000000001000101000000000100010100000000010001010000000001000101000000000100010100000000010001010000000001000101000000000100010100000000010001010000000001000101000000000100010100000000010001010000000001000101000000000100010100000000010001010000000001000101000000000100010100000000010001010000000001000101000000000100010100000000010001010000000001000111000000000100010100000000 b"
11
18
#205510
0>
#206000
1>
b11 \"
08
#206500
b1000010000000000100001000000000010000100000000001000010000000000100001000000000010000100000000001000010000000000100001000000000010000100000000001000010000000000100001000000000010000100000000001000010000000000100001000000000010000100000000001000010000000000100001000000000010000100000000001000010000000000100001000000000010000100000000001000010000000000100001000000000010000100000000001000010000000000100001000000000010000100000000001000010000000000100001000000000010000100000000001000100000000000100001000000000 b"
18
#206510
0>
#207000
1>
b111 \"
08
#207500
b111100000000000011110000000000001111000000000000111100000000000011110000000000001111000000000000111100000000000011110000000000001111000000000000111100000000000011110000000000001111000000000000111100000000000011110000000000001111000000000000111100000000000011110000000000001111000000000000111100000000000011110000000000001111000000000000111100000000000011110000000000001111000000000000111100000000000011110000000000001111000000000000111100000000000011110000000000001111000000000000111100000000000100000000000000 b"
18
#207510
0>
#208000
08
#208500
01
18
#209000
08
#209500
18
#210000
1>
b10 \"
08
#210500
b1000101000000000100010100000000010001010000000001000101000000000100010100000000010001010000000001000101000000000100010100000000010001010000000001000101000000000100010100000000010001010000000001000101000000000100010100000000010001010000000001000101000000000100010100000000010001010000000001000101000000000100010100000000010001010000000001000101000000000100010100000000010001010000000001000101000000000100010100000000010001010000000001000101000000000100010100000000010001010000000001000111000000000100010100000000 b"
11
18
#210510
0>
#211000
1>
b11 \"
08
#211500
b1000010000000000100001000000000010000100000000001000010000000000100001000000000010000100000000001000010000000000100001000000000010000100000000001000010000000000100001000000000010000100000000001000010000000000100001000000000010000100000000001000010000000000100001000000000010000100000000001000010000000000100001000000000010000100000000001000010000000000100001000000000010000100000000001000010000000000100001000000000010000100000000001000010000000000100001000000000010000100000000001000100000000000100001000000000 b"
18
#211510
0>
#212000
1>
b111 \"
08
#212500
b111100000000000011110000000000001111000000000000111100000000000011110000000000001111000000000000111100000000000011110000000000001111000000000000111100000000000011110000000000001111000000000000111100000000000011110000000000001111000000000000111100000000000011110000000000001111000000000000111100000000000011110000000000001111000000000000111100000000000011110000000000001111000000000000111100000000000011110000000000001111000000000000111100000000000011110000000000001111000000000000111100000000000100000000000000 b"
18
#212510
0>
#213000
08
#213500
01
18
#214000
08
#214500
18
#215000
1>
b10 \"
08
#215500
b1000101000000000100010100000000010001010000000001000101000000000100010100000000010001010000000001000101000000000100010100000000010001010000000001000101000000000100010100000000010001010000000001000101000000000100010100000000010001010000000001000101000000000100010100000000010001010000000001000101000000000100010100000000010001010000000001000101000000000100010100000000010001010000000001000101000000000100010100000000010001010000000001000101000000000100010100000000010001010000000001000111000000000100010100000000 b"
11
18
#215510
0>
#216000
1>
b11 \"
08
#216500
b1000010000000000100001000000000010000100000000001000010000000000100001000000000010000100000000001000010000000000100001000000000010000100000000001000010000000000100001000000000010000100000000001000010000000000100001000000000010000100000000001000010000000000100001000000000010000100000000001000010000000000100001000000000010000100000000001000010000000000100001000000000010000100000000001000010000000000100001000000000010000100000000001000010000000000100001000000000010000100000000001000100000000000100001000000000 b"
18
#216510
0>
#217000
1>
b111 \"
08
#217500
b111100000000000011110000000000001111000000000000111100000000000011110000000000001111000000000000111100000000000011110000000000001111000000000000111100000000000011110000000000001111000000000000111100000000000011110000000000001111000000000000111100000000000011110000000000001111000000000000111100000000000011110000000000001111000000000000111100000000000011110000000000001111000000000000111100000000000011110000000000001111000000000000111100000000000011110000000000001111000000000000111100000000000100000000000000 b"
18
#217510
0>
#218000
08
#218500
01
18
#219000
08
#219500
18
#220000
1>
b10 \"
08
#220500
b1000101000000000100010100000000010001010000000001000101000000000100010100000000010001010000000001000101000000000100010100000000010001010000000001000101000000000100010100000000010001010000000001000101000000000100010100000000010001010000000001000101000000000100010100000000010001010000000001000101000000000100010100000000010001010000000001000101000000000100010100000000010001010000000001000101000000000100010100000000010001010000000001000101000000000100010100000000010001010000000001000111000000000100010100000000 b"
11
18
#220510
0>
#221000
1>
b11 \"
08
#221500
b1000010000000000100001000000000010000100000000001000010000000000100001000000000010000100000000001000010000000000100001000000000010000100000000001000010000000000100001000000000010000100000000001000010000000000100001000000000010000100000000001000010000000000100001000000000010000100000000001000010000000000100001000000000010000100000000001000010000000000100001000000000010000100000000001000010000000000100001000000000010000100000000001000010000000000100001000000000010000100000000001000100000000000100001000000000 b"
18
#221510
0>
#222000
1>
b111 \"
08
#222500
b111100000000000011110000000000001111000000000000111100000000000011110000000000001111000000000000111100000000000011110000000000001111000000000000111100000000000011110000000000001111000000000000111100000000000011110000000000001111000000000000111100000000000011110000000000001111000000000000111100000000000011110000000000001111000000000000111100000000000011110000000000001111000000000000111100000000000011110000000000001111000000000000111100000000000011110000000000001111000000000000111100000000000100000000000000 b"
18
#222510
0>
#223000
08
#223500
01
18
#224000
08
#224500
18
#225000
1>
b10 \"
08
#225500
b1000101000000000100010100000000010001010000000001000101000000000100010100000000010001010000000001000101000000000100010100000000010001010000000001000101000000000100010100000000010001010000000001000101000000000100010100000000010001010000000001000101000000000100010100000000010001010000000001000101000000000100010100000000010001010000000001000101000000000100010100000000010001010000000001000101000000000100010100000000010001010000000001000101000000000100010100000000010001010000000001000111000000000100010100000000 b"
11
18
#225510
0>
#226000
1>
b11 \"
08
#226500
b1000010000000000100001000000000010000100000000001000010000000000100001000000000010000100000000001000010000000000100001000000000010000100000000001000010000000000100001000000000010000100000000001000010000000000100001000000000010000100000000001000010000000000100001000000000010000100000000001000010000000000100001000000000010000100000000001000010000000000100001000000000010000100000000001000010000000000100001000000000010000100000000001000010000000000100001000000000010000100000000001000100000000000100001000000000 b"
18
#226510
0>
#227000
1>
b111 \"
08
#227500
b111100000000000011110000000000001111000000000000111100000000000011110000000000001111000000000000111100000000000011110000000000001111000000000000111100000000000011110000000000001111000000000000111100000000000011110000000000001111000000000000111100000000000011110000000000001111000000000000111100000000000011110000000000001111000000000000111100000000000011110000000000001111000000000000111100000000000011110000000000001111000000000000111100000000000011110000000000001111000000000000111100000000000100000000000000 b"
18
#227510
0>
#228000
08
#228500
01
18
#229000
08
#229500
18
#230000
1>
b10 \"
08
#230500
b1000101000000000100010100000000010001010000000001000101000000000100010100000000010001010000000001000101000000000100010100000000010001010000000001000101000000000100010100000000010001010000000001000101000000000100010100000000010001010000000001000101000000000100010100000000010001010000000001000101000000000100010100000000010001010000000001000101000000000100010100000000010001010000000001000101000000000100010100000000010001010000000001000101000000000100010100000000010001010000000001000111000000000100010100000000 b"
11
18
#230510
0>
#231000
1>
b11 \"
08
#231500
b1000010000000000100001000000000010000100000000001000010000000000100001000000000010000100000000001000010000000000100001000000000010000100000000001000010000000000100001000000000010000100000000001000010000000000100001000000000010000100000000001000010000000000100001000000000010000100000000001000010000000000100001000000000010000100000000001000010000000000100001000000000010000100000000001000010000000000100001000000000010000100000000001000010000000000100001000000000010000100000000001000100000000000100001000000000 b"
18
#231510
0>
#232000
1>
b111 \"
08
#232500
b111100000000000011110000000000001111000000000000111100000000000011110000000000001111000000000000111100000000000011110000000000001111000000000000111100000000000011110000000000001111000000000000111100000000000011110000000000001111000000000000111100000000000011110000000000001111000000000000111100000000000011110000000000001111000000000000111100000000000011110000000000001111000000000000111100000000000011110000000000001111000000000000111100000000000011110000000000001111000000000000111100000000000100000000000000 b"
18
#232510
0>
#233000
08
#233500
01
18
#234000
08
#234500
18
#235000
1>
b10 \"
08
#235500
b1000101000000000100010100000000010001010000000001000101000000000100010100000000010001010000000001000101000000000100010100000000010001010000000001000101000000000100010100000000010001010000000001000101000000000100010100000000010001010000000001000101000000000100010100000000010001010000000001000101000000000100010100000000010001010000000001000101000000000100010100000000010001010000000001000101000000000100010100000000010001010000000001000101000000000100010100000000010001010000000001000111000000000100010100000000 b"
11
18
#235510
0>
#236000
1>
b11 \"
08
#236500
b1000010000000000100001000000000010000100000000001000010000000000100001000000000010000100000000001000010000000000100001000000000010000100000000001000010000000000100001000000000010000100000000001000010000000000100001000000000010000100000000001000010000000000100001000000000010000100000000001000010000000000100001000000000010000100000000001000010000000000100001000000000010000100000000001000010000000000100001000000000010000100000000001000010000000000100001000000000010000100000000001000100000000000100001000000000 b"
18
#236510
0>
#237000
1>
b111 \"
08
#237500
b111100000000000011110000000000001111000000000000111100000000000011110000000000001111000000000000111100000000000011110000000000001111000000000000111100000000000011110000000000001111000000000000111100000000000011110000000000001111000000000000111100000000000011110000000000001111000000000000111100000000000011110000000000001111000000000000111100000000000011110000000000001111000000000000111100000000000011110000000000001111000000000000111100000000000011110000000000001111000000000000111100000000000100000000000000 b"
18
#237510
0>
#238000
08
#238500
01
18
#239000
08
#239500
18
#240000
1>
b10 \"
08
#240500
b1000101000000000100010100000000010001010000000001000101000000000100010100000000010001010000000001000101000000000100010100000000010001010000000001000101000000000100010100000000010001010000000001000101000000000100010100000000010001010000000001000101000000000100010100000000010001010000000001000101000000000100010100000000010001010000000001000101000000000100010100000000010001010000000001000101000000000100010100000000010001010000000001000101000000000100010100000000010001010000000001000111000000000100010100000000 b"
11
18
#240510
0>
#241000
1>
b11 \"
08
#241500
b1000010000000000100001000000000010000100000000001000010000000000100001000000000010000100000000001000010000000000100001000000000010000100000000001000010000000000100001000000000010000100000000001000010000000000100001000000000010000100000000001000010000000000100001000000000010000100000000001000010000000000100001000000000010000100000000001000010000000000100001000000000010000100000000001000010000000000100001000000000010000100000000001000010000000000100001000000000010000100000000001000100000000000100001000000000 b"
18
#241510
0>
#242000
1>
b111 \"
08
#242500
b111100000000000011110000000000001111000000000000111100000000000011110000000000001111000000000000111100000000000011110000000000001111000000000000111100000000000011110000000000001111000000000000111100000000000011110000000000001111000000000000111100000000000011110000000000001111000000000000111100000000000011110000000000001111000000000000111100000000000011110000000000001111000000000000111100000000000011110000000000001111000000000000111100000000000011110000000000001111000000000000111100000000000100000000000000 b"
18
#242510
0>
#243000
08
#243500
01
18
#244000
08
#244500
18
#245000
1>
b10 \"
08
#245500
b1000101000000000100010100000000010001010000000001000101000000000100010100000000010001010000000001000101000000000100010100000000010001010000000001000101000000000100010100000000010001010000000001000101000000000100010100000000010001010000000001000101000000000100010100000000010001010000000001000101000000000100010100000000010001010000000001000101000000000100010100000000010001010000000001000101000000000100010100000000010001010000000001000101000000000100010100000000010001010000000001000111000000000100010100000000 b"
11
18
#245510
0>
#246000
1>
b11 \"
08
#246500
b1000010000000000100001000000000010000100000000001000010000000000100001000000000010000100000000001000010000000000100001000000000010000100000000001000010000000000100001000000000010000100000000001000010000000000100001000000000010000100000000001000010000000000100001000000000010000100000000001000010000000000100001000000000010000100000000001000010000000000100001000000000010000100000000001000010000000000100001000000000010000100000000001000010000000000100001000000000010000100000000001000100000000000100001000000000 b"
18
#246510
0>
#247000
1>
b111 \"
08
#247500
b111100000000000011110000000000001111000000000000111100000000000011110000000000001111000000000000111100000000000011110000000000001111000000000000111100000000000011110000000000001111000000000000111100000000000011110000000000001111000000000000111100000000000011110000000000001111000000000000111100000000000011110000000000001111000000000000111100000000000011110000000000001111000000000000111100000000000011110000000000001111000000000000111100000000000011110000000000001111000000000000111100000000000100000000000000 b"
18
#247510
0>
#248000
08
#248500
01
18
#249000
08
#249500
18
#250000
1>
b10 \"
08
#250500
b1000101000000000100010100000000010001010000000001000101000000000100010100000000010001010000000001000101000000000100010100000000010001010000000001000101000000000100010100000000010001010000000001000101000000000100010100000000010001010000000001000101000000000100010100000000010001010000000001000101000000000100010100000000010001010000000001000101000000000100010100000000010001010000000001000101000000000100010100000000010001010000000001000101000000000100010100000000010001010000000001000111000000000100010100000000 b"
11
18
#250510
0>
#251000
1>
b11 \"
08
#251500
b1000010000000000100001000000000010000100000000001000010000000000100001000000000010000100000000001000010000000000100001000000000010000100000000001000010000000000100001000000000010000100000000001000010000000000100001000000000010000100000000001000010000000000100001000000000010000100000000001000010000000000100001000000000010000100000000001000010000000000100001000000000010000100000000001000010000000000100001000000000010000100000000001000010000000000100001000000000010000100000000001000100000000000100001000000000 b"
18
#251510
0>
#252000
1>
b111 \"
08
#252500
b111100000000000011110000000000001111000000000000111100000000000011110000000000001111000000000000111100000000000011110000000000001111000000000000111100000000000011110000000000001111000000000000111100000000000011110000000000001111000000000000111100000000000011110000000000001111000000000000111100000000000011110000000000001111000000000000111100000000000011110000000000001111000000000000111100000000000011110000000000001111000000000000111100000000000011110000000000001111000000000000111100000000000100000000000000 b"
18
#252510
0>
#253000
08
#253500
01
18
#254000
08
#254500
18
#255000
1>
b10 \"
08
#255500
b1000101000000000100010100000000010001010000000001000101000000000100010100000000010001010000000001000101000000000100010100000000010001010000000001000101000000000100010100000000010001010000000001000101000000000100010100000000010001010000000001000101000000000100010100000000010001010000000001000101000000000100010100000000010001010000000001000101000000000100010100000000010001010000000001000101000000000100010100000000010001010000000001000101000000000100010100000000010001010000000001000111000000000100010100000000 b"
11
18
#255510
0>
#256000
1>
b11 \"
08
#256500
b1000010000000000100001000000000010000100000000001000010000000000100001000000000010000100000000001000010000000000100001000000000010000100000000001000010000000000100001000000000010000100000000001000010000000000100001000000000010000100000000001000010000000000100001000000000010000100000000001000010000000000100001000000000010000100000000001000010000000000100001000000000010000100000000001000010000000000100001000000000010000100000000001000010000000000100001000000000010000100000000001000100000000000100001000000000 b"
18
#256510
0>
#257000
1>
b111 \"
08
#257500
b111100000000000011110000000000001111000000000000111100000000000011110000000000001111000000000000111100000000000011110000000000001111000000000000111100000000000011110000000000001111000000000000111100000000000011110000000000001111000000000000111100000000000011110000000000001111000000000000111100000000000011110000000000001111000000000000111100000000000011110000000000001111000000000000111100000000000011110000000000001111000000000000111100000000000011110000000000001111000000000000111100000000000100000000000000 b"
18
#257510
0>
#258000
08
#258500
01
18
#259000
08
#259500
18
#260000
1>
b10 \"
08
#260500
b1000101000000000100010100000000010001010000000001000101000000000100010100000000010001010000000001000101000000000100010100000000010001010000000001000101000000000100010100000000010001010000000001000101000000000100010100000000010001010000000001000101000000000100010100000000010001010000000001000101000000000100010100000000010001010000000001000101000000000100010100000000010001010000000001000101000000000100010100000000010001010000000001000101000000000100010100000000010001010000000001000111000000000100010100000000 b"
11
18
#260510
0>
#261000
1>
b11 \"
08
#261500
b1000010000000000100001000000000010000100000000001000010000000000100001000000000010000100000000001000010000000000100001000000000010000100000000001000010000000000100001000000000010000100000000001000010000000000100001000000000010000100000000001000010000000000100001000000000010000100000000001000010000000000100001000000000010000100000000001000010000000000100001000000000010000100000000001000010000000000100001000000000010000100000000001000010000000000100001000000000010000100000000001000100000000000100001000000000 b"
18
#261510
0>
#262000
1>
b111 \"
08
#262500
b111100000000000011110000000000001111000000000000111100000000000011110000000000001111000000000000111100000000000011110000000000001111000000000000111100000000000011110000000000001111000000000000111100000000000011110000000000001111000000000000111100000000000011110000000000001111000000000000111100000000000011110000000000001111000000000000111100000000000011110000000000001111000000000000111100000000000011110000000000001111000000000000111100000000000011110000000000001111000000000000111100000000000100000000000000 b"
18
#262510
0>
#263000
08
#263500
01
18
#264000
08
#264500
18
#265000
1>
b10 \"
08
#265500
b1000101000000000100010100000000010001010000000001000101000000000100010100000000010001010000000001000101000000000100010100000000010001010000000001000101000000000100010100000000010001010000000001000101000000000100010100000000010001010000000001000101000000000100010100000000010001010000000001000101000000000100010100000000010001010000000001000101000000000100010100000000010001010000000001000101000000000100010100000000010001010000000001000101000000000100010100000000010001010000000001000111000000000100010100000000 b"
11
18
#265510
0>
#266000
1>
b11 \"
08
#266500
b1000010000000000100001000000000010000100000000001000010000000000100001000000000010000100000000001000010000000000100001000000000010000100000000001000010000000000100001000000000010000100000000001000010000000000100001000000000010000100000000001000010000000000100001000000000010000100000000001000010000000000100001000000000010000100000000001000010000000000100001000000000010000100000000001000010000000000100001000000000010000100000000001000010000000000100001000000000010000100000000001000100000000000100001000000000 b"
18
#266510
0>
#267000
1>
b111 \"
08
#267500
b111100000000000011110000000000001111000000000000111100000000000011110000000000001111000000000000111100000000000011110000000000001111000000000000111100000000000011110000000000001111000000000000111100000000000011110000000000001111000000000000111100000000000011110000000000001111000000000000111100000000000011110000000000001111000000000000111100000000000011110000000000001111000000000000111100000000000011110000000000001111000000000000111100000000000011110000000000001111000000000000111100000000000100000000000000 b"
18
#267510
0>
#268000
08
#268500
01
18
#269000
08
#269500
18
#270000
1>
b10 \"
08
#270500
b1000101000000000100010100000000010001010000000001000101000000000100010100000000010001010000000001000101000000000100010100000000010001010000000001000101000000000100010100000000010001010000000001000101000000000100010100000000010001010000000001000101000000000100010100000000010001010000000001000101000000000100010100000000010001010000000001000101000000000100010100000000010001010000000001000101000000000100010100000000010001010000000001000101000000000100010100000000010001010000000001000111000000000100010100000000 b"
11
18
#270510
0>
#271000
1>
b11 \"
08
#271500
b1000010000000000100001000000000010000100000000001000010000000000100001000000000010000100000000001000010000000000100001000000000010000100000000001000010000000000100001000000000010000100000000001000010000000000100001000000000010000100000000001000010000000000100001000000000010000100000000001000010000000000100001000000000010000100000000001000010000000000100001000000000010000100000000001000010000000000100001000000000010000100000000001000010000000000100001000000000010000100000000001000100000000000100001000000000 b"
18
#271510
0>
#272000
1>
b111 \"
08
#272500
b111100000000000011110000000000001111000000000000111100000000000011110000000000001111000000000000111100000000000011110000000000001111000000000000111100000000000011110000000000001111000000000000111100000000000011110000000000001111000000000000111100000000000011110000000000001111000000000000111100000000000011110000000000001111000000000000111100000000000011110000000000001111000000000000111100000000000011110000000000001111000000000000111100000000000011110000000000001111000000000000111100000000000100000000000000 b"
18
#272510
0>
#273000
08
#273500
01
18
#274000
08
#274500
18
#275000
1>
b10 \"
08
#275500
b1000101000000000100010100000000010001010000000001000101000000000100010100000000010001010000000001000101000000000100010100000000010001010000000001000101000000000100010100000000010001010000000001000101000000000100010100000000010001010000000001000101000000000100010100000000010001010000000001000101000000000100010100000000010001010000000001000101000000000100010100000000010001010000000001000101000000000100010100000000010001010000000001000101000000000100010100000000010001010000000001000111000000000100010100000000 b"
11
18
#275510
0>
#276000
1>
b11 \"
08
#276500
b1000010000000000100001000000000010000100000000001000010000000000100001000000000010000100000000001000010000000000100001000000000010000100000000001000010000000000100001000000000010000100000000001000010000000000100001000000000010000100000000001000010000000000100001000000000010000100000000001000010000000000100001000000000010000100000000001000010000000000100001000000000010000100000000001000010000000000100001000000000010000100000000001000010000000000100001000000000010000100000000001000100000000000100001000000000 b"
18
#276510
0>
#277000
1>
b111 \"
08
#277500
b111100000000000011110000000000001111000000000000111100000000000011110000000000001111000000000000111100000000000011110000000000001111000000000000111100000000000011110000000000001111000000000000111100000000000011110000000000001111000000000000111100000000000011110000000000001111000000000000111100000000000011110000000000001111000000000000111100000000000011110000000000001111000000000000111100000000000011110000000000001111000000000000111100000000000011110000000000001111000000000000111100000000000100000000000000 b"
18
#277510
0>
#278000
08
#278500
01
18
#279000
08
#279500
18
#280000
1>
b10 \"
08
#280500
b1000101000000000100010100000000010001010000000001000101000000000100010100000000010001010000000001000101000000000100010100000000010001010000000001000101000000000100010100000000010001010000000001000101000000000100010100000000010001010000000001000101000000000100010100000000010001010000000001000101000000000100010100000000010001010000000001000101000000000100010100000000010001010000000001000101000000000100010100000000010001010000000001000101000000000100010100000000010001010000000001000111000000000100010100000000 b"
11
18
#280510
0>
#281000
1>
b11 \"
08
#281500
b1000010000000000100001000000000010000100000000001000010000000000100001000000000010000100000000001000010000000000100001000000000010000100000000001000010000000000100001000000000010000100000000001000010000000000100001000000000010000100000000001000010000000000100001000000000010000100000000001000010000000000100001000000000010000100000000001000010000000000100001000000000010000100000000001000010000000000100001000000000010000100000000001000010000000000100001000000000010000100000000001000100000000000100001000000000 b"
18
#281510
0>
#282000
1>
b111 \"
08
#282500
b111100000000000011110000000000001111000000000000111100000000000011110000000000001111000000000000111100000000000011110000000000001111000000000000111100000000000011110000000000001111000000000000111100000000000011110000000000001111000000000000111100000000000011110000000000001111000000000000111100000000000011110000000000001111000000000000111100000000000011110000000000001111000000000000111100000000000011110000000000001111000000000000111100000000000011110000000000001111000000000000111100000000000100000000000000 b"
18
#282510
0>
#283000
08
#283500
01
18
#284000
08
#284500
18
#285000
1>
b10 \"
08
#285500
b1000101000000000100010100000000010001010000000001000101000000000100010100000000010001010000000001000101000000000100010100000000010001010000000001000101000000000100010100000000010001010000000001000101000000000100010100000000010001010000000001000101000000000100010100000000010001010000000001000101000000000100010100000000010001010000000001000101000000000100010100000000010001010000000001000101000000000100010100000000010001010000000001000101000000000100010100000000010001010000000001000111000000000100010100000000 b"
11
18
#285510
0>
#286000
1>
b11 \"
08
#286500
b1000010000000000100001000000000010000100000000001000010000000000100001000000000010000100000000001000010000000000100001000000000010000100000000001000010000000000100001000000000010000100000000001000010000000000100001000000000010000100000000001000010000000000100001000000000010000100000000001000010000000000100001000000000010000100000000001000010000000000100001000000000010000100000000001000010000000000100001000000000010000100000000001000010000000000100001000000000010000100000000001000100000000000100001000000000 b"
18
#286510
0>
#287000
1>
b111 \"
08
#287500
b111100000000000011110000000000001111000000000000111100000000000011110000000000001111000000000000111100000000000011110000000000001111000000000000111100000000000011110000000000001111000000000000111100000000000011110000000000001111000000000000111100000000000011110000000000001111000000000000111100000000000011110000000000001111000000000000111100000000000011110000000000001111000000000000111100000000000011110000000000001111000000000000111100000000000011110000000000001111000000000000111100000000000100000000000000 b"
18
#287510
0>
#288000
08
#288500
01
18
#289000
08
#289500
18
#290000
1>
b10 \"
08
#290500
b1000101000000000100010100000000010001010000000001000101000000000100010100000000010001010000000001000101000000000100010100000000010001010000000001000101000000000100010100000000010001010000000001000101000000000100010100000000010001010000000001000101000000000100010100000000010001010000000001000101000000000100010100000000010001010000000001000101000000000100010100000000010001010000000001000101000000000100010100000000010001010000000001000101000000000100010100000000010001010000000001000111000000000100010100000000 b"
11
18
#290510
0>
#291000
1>
b11 \"
08
#291500
b1000010000000000100001000000000010000100000000001000010000000000100001000000000010000100000000001000010000000000100001000000000010000100000000001000010000000000100001000000000010000100000000001000010000000000100001000000000010000100000000001000010000000000100001000000000010000100000000001000010000000000100001000000000010000100000000001000010000000000100001000000000010000100000000001000010000000000100001000000000010000100000000001000010000000000100001000000000010000100000000001000100000000000100001000000000 b"
18
#291510
0>
#292000
1>
b111 \"
08
#292500
b111100000000000011110000000000001111000000000000111100000000000011110000000000001111000000000000111100000000000011110000000000001111000000000000111100000000000011110000000000001111000000000000111100000000000011110000000000001111000000000000111100000000000011110000000000001111000000000000111100000000000011110000000000001111000000000000111100000000000011110000000000001111000000000000111100000000000011110000000000001111000000000000111100000000000011110000000000001111000000000000111100000000000100000000000000 b"
18
#292510
0>
#293000
08
#293500
01
18
#294000
08
#294500
18
#295000
1>
b10 \"
08
#295500
b1000101000000000100010100000000010001010000000001000101000000000100010100000000010001010000000001000101000000000100010100000000010001010000000001000101000000000100010100000000010001010000000001000101000000000100010100000000010001010000000001000101000000000100010100000000010001010000000001000101000000000100010100000000010001010000000001000101000000000100010100000000010001010000000001000101000000000100010100000000010001010000000001000101000000000100010100000000010001010000000001000111000000000100010100000000 b"
11
18
#295510
0>
#296000
1>
b11 \"
08
#296500
b1000010000000000100001000000000010000100000000001000010000000000100001000000000010000100000000001000010000000000100001000000000010000100000000001000010000000000100001000000000010000100000000001000010000000000100001000000000010000100000000001000010000000000100001000000000010000100000000001000010000000000100001000000000010000100000000001000010000000000100001000000000010000100000000001000010000000000100001000000000010000100000000001000010000000000100001000000000010000100000000001000100000000000100001000000000 b"
18
#296510
0>
#297000
1>
b111 \"
08
#297500
b111100000000000011110000000000001111000000000000111100000000000011110000000000001111000000000000111100000000000011110000000000001111000000000000111100000000000011110000000000001111000000000000111100000000000011110000000000001111000000000000111100000000000011110000000000001111000000000000111100000000000011110000000000001111000000000000111100000000000011110000000000001111000000000000111100000000000011110000000000001111000000000000111100000000000011110000000000001111000000000000111100000000000100000000000000 b"
18
#297510
0>
#298000
08
#298500
01
18
#299000
08
#299500
18
#300000
1>
b10 \"
08
#300500
b1000101000000000100010100000000010001010000000001000101000000000100010100000000010001010000000001000101000000000100010100000000010001010000000001000101000000000100010100000000010001010000000001000101000000000100010100000000010001010000000001000101000000000100010100000000010001010000000001000101000000000100010100000000010001010000000001000101000000000100010100000000010001010000000001000101000000000100010100000000010001010000000001000101000000000100010100000000010001010000000001000111000000000100010100000000 b"
11
18
#300510
0>
#301000
1>
b11 \"
08
#301500
b1000010000000000100001000000000010000100000000001000010000000000100001000000000010000100000000001000010000000000100001000000000010000100000000001000010000000000100001000000000010000100000000001000010000000000100001000000000010000100000000001000010000000000100001000000000010000100000000001000010000000000100001000000000010000100000000001000010000000000100001000000000010000100000000001000010000000000100001000000000010000100000000001000010000000000100001000000000010000100000000001000100000000000100001000000000 b"
18
#301510
0>
#302000
1>
b111 \"
08
#302500
b111100000000000011110000000000001111000000000000111100000000000011110000000000001111000000000000111100000000000011110000000000001111000000000000111100000000000011110000000000001111000000000000111100000000000011110000000000001111000000000000111100000000000011110000000000001111000000000000111100000000000011110000000000001111000000000000111100000000000011110000000000001111000000000000111100000000000011110000000000001111000000000000111100000000000011110000000000001111000000000000111100000000000100000000000000 b"
18
#302510
0>
#303000
08
#303500
01
18
#304000
08
#304500
18
#305000
1>
b10 \"
08
#305500
b1000101000000000100010100000000010001010000000001000101000000000100010100000000010001010000000001000101000000000100010100000000010001010000000001000101000000000100010100000000010001010000000001000101000000000100010100000000010001010000000001000101000000000100010100000000010001010000000001000101000000000100010100000000010001010000000001000101000000000100010100000000010001010000000001000101000000000100010100000000010001010000000001000101000000000100010100000000010001010000000001000111000000000100010100000000 b"
11
18
#305510
0>
#306000
1>
b11 \"
08
#306500
b1000010000000000100001000000000010000100000000001000010000000000100001000000000010000100000000001000010000000000100001000000000010000100000000001000010000000000100001000000000010000100000000001000010000000000100001000000000010000100000000001000010000000000100001000000000010000100000000001000010000000000100001000000000010000100000000001000010000000000100001000000000010000100000000001000010000000000100001000000000010000100000000001000010000000000100001000000000010000100000000001000100000000000100001000000000 b"
18
#306510
0>
#307000
1>
b111 \"
08
#307500
b111100000000000011110000000000001111000000000000111100000000000011110000000000001111000000000000111100000000000011110000000000001111000000000000111100000000000011110000000000001111000000000000111100000000000011110000000000001111000000000000111100000000000011110000000000001111000000000000111100000000000011110000000000001111000000000000111100000000000011110000000000001111000000000000111100000000000011110000000000001111000000000000111100000000000011110000000000001111000000000000111100000000000100000000000000 b"
18
#307510
0>
#308000
08
#308500
01
18
#309000
08
#309500
18
#310000
1>
b10 \"
08
#310500
b1000101000000000100010100000000010001010000000001000101000000000100010100000000010001010000000001000101000000000100010100000000010001010000000001000101000000000100010100000000010001010000000001000101000000000100010100000000010001010000000001000101000000000100010100000000010001010000000001000101000000000100010100000000010001010000000001000101000000000100010100000000010001010000000001000101000000000100010100000000010001010000000001000101000000000100010100000000010001010000000001000111000000000100010100000000 b"
11
18
#310510
0>
#311000
1>
b11 \"
08
#311500
b1000010000000000100001000000000010000100000000001000010000000000100001000000000010000100000000001000010000000000100001000000000010000100000000001000010000000000100001000000000010000100000000001000010000000000100001000000000010000100000000001000010000000000100001000000000010000100000000001000010000000000100001000000000010000100000000001000010000000000100001000000000010000100000000001000010000000000100001000000000010000100000000001000010000000000100001000000000010000100000000001000100000000000100001000000000 b"
18
#311510
0>
#312000
1>
b111 \"
08
#312500
b111100000000000011110000000000001111000000000000111100000000000011110000000000001111000000000000111100000000000011110000000000001111000000000000111100000000000011110000000000001111000000000000111100000000000011110000000000001111000000000000111100000000000011110000000000001111000000000000111100000000000011110000000000001111000000000000111100000000000011110000000000001111000000000000111100000000000011110000000000001111000000000000111100000000000011110000000000001111000000000000111100000000000100000000000000 b"
18
#312510
0>
#313000
08
#313500
01
18
#314000
08
#314500
18
#315000
1>
b10 \"
08
#315500
b1000101000000000100010100000000010001010000000001000101000000000100010100000000010001010000000001000101000000000100010100000000010001010000000001000101000000000100010100000000010001010000000001000101000000000100010100000000010001010000000001000101000000000100010100000000010001010000000001000101000000000100010100000000010001010000000001000101000000000100010100000000010001010000000001000101000000000100010100000000010001010000000001000101000000000100010100000000010001010000000001000111000000000100010100000000 b"
11
18
#315510
0>
#316000
1>
b11 \"
08
#316500
b1000010000000000100001000000000010000100000000001000010000000000100001000000000010000100000000001000010000000000100001000000000010000100000000001000010000000000100001000000000010000100000000001000010000000000100001000000000010000100000000001000010000000000100001000000000010000100000000001000010000000000100001000000000010000100000000001000010000000000100001000000000010000100000000001000010000000000100001000000000010000100000000001000010000000000100001000000000010000100000000001000100000000000100001000000000 b"
18
#316510
0>
#317000
1>
b111 \"
08
#317500
b111100000000000011110000000000001111000000000000111100000000000011110000000000001111000000000000111100000000000011110000000000001111000000000000111100000000000011110000000000001111000000000000111100000000000011110000000000001111000000000000111100000000000011110000000000001111000000000000111100000000000011110000000000001111000000000000111100000000000011110000000000001111000000000000111100000000000011110000000000001111000000000000111100000000000011110000000000001111000000000000111100000000000100000000000000 b"
18
#317510
0>
#318000
08
#318500
01
18
#319000
08
#319500
18
#320000
1>
b10 \"
08
#320500
b1000101000000000100010100000000010001010000000001000101000000000100010100000000010001010000000001000101000000000100010100000000010001010000000001000101000000000100010100000000010001010000000001000101000000000100010100000000010001010000000001000101000000000100010100000000010001010000000001000101000000000100010100000000010001010000000001000101000000000100010100000000010001010000000001000101000000000100010100000000010001010000000001000101000000000100010100000000010001010000000001000111000000000100010100000000 b"
11
18
#320510
0>
#321000
1>
b11 \"
08
#321500
b1000010000000000100001000000000010000100000000001000010000000000100001000000000010000100000000001000010000000000100001000000000010000100000000001000010000000000100001000000000010000100000000001000010000000000100001000000000010000100000000001000010000000000100001000000000010000100000000001000010000000000100001000000000010000100000000001000010000000000100001000000000010000100000000001000010000000000100001000000000010000100000000001000010000000000100001000000000010000100000000001000100000000000100001000000000 b"
18
#321510
0>
#322000
1>
b111 \"
08
#322500
b111100000000000011110000000000001111000000000000111100000000000011110000000000001111000000000000111100000000000011110000000000001111000000000000111100000000000011110000000000001111000000000000111100000000000011110000000000001111000000000000111100000000000011110000000000001111000000000000111100000000000011110000000000001111000000000000111100000000000011110000000000001111000000000000111100000000000011110000000000001111000000000000111100000000000011110000000000001111000000000000111100000000000100000000000000 b"
18
#322510
0>
#323000
08
#323500
01
18
#324000
08
#324500
18
#325000
1>
b10 \"
08
#325500
b1000101000000000100010100000000010001010000000001000101000000000100010100000000010001010000000001000101000000000100010100000000010001010000000001000101000000000100010100000000010001010000000001000101000000000100010100000000010001010000000001000101000000000100010100000000010001010000000001000101000000000100010100000000010001010000000001000101000000000100010100000000010001010000000001000101000000000100010100000000010001010000000001000101000000000100010100000000010001010000000001000111000000000100010100000000 b"
11
18
#325510
0>
#326000
1>
b11 \"
08
#326500
b1000010000000000100001000000000010000100000000001000010000000000100001000000000010000100000000001000010000000000100001000000000010000100000000001000010000000000100001000000000010000100000000001000010000000000100001000000000010000100000000001000010000000000100001000000000010000100000000001000010000000000100001000000000010000100000000001000010000000000100001000000000010000100000000001000010000000000100001000000000010000100000000001000010000000000100001000000000010000100000000001000100000000000100001000000000 b"
18
#326510
0>
#327000
1>
b111 \"
08
#327500
b111100000000000011110000000000001111000000000000111100000000000011110000000000001111000000000000111100000000000011110000000000001111000000000000111100000000000011110000000000001111000000000000111100000000000011110000000000001111000000000000111100000000000011110000000000001111000000000000111100000000000011110000000000001111000000000000111100000000000011110000000000001111000000000000111100000000000011110000000000001111000000000000111100000000000011110000000000001111000000000000111100000000000100000000000000 b"
18
#327510
0>
#328000
08
#328500
01
18
#329000
08
#329500
18
#330000
1>
b10 \"
08
#330500
b1000101000000000100010100000000010001010000000001000101000000000100010100000000010001010000000001000101000000000100010100000000010001010000000001000101000000000100010100000000010001010000000001000101000000000100010100000000010001010000000001000101000000000100010100000000010001010000000001000101000000000100010100000000010001010000000001000101000000000100010100000000010001010000000001000101000000000100010100000000010001010000000001000101000000000100010100000000010001010000000001000111000000000100010100000000 b"
11
18
#330510
0>
#331000
1>
b11 \"
08
#331500
b1000010000000000100001000000000010000100000000001000010000000000100001000000000010000100000000001000010000000000100001000000000010000100000000001000010000000000100001000000000010000100000000001000010000000000100001000000000010000100000000001000010000000000100001000000000010000100000000001000010000000000100001000000000010000100000000001000010000000000100001000000000010000100000000001000010000000000100001000000000010000100000000001000010000000000100001000000000010000100000000001000100000000000100001000000000 b"
18
#331510
0>
#332000
1>
b111 \"
08
#332500
b111100000000000011110000000000001111000000000000111100000000000011110000000000001111000000000000111100000000000011110000000000001111000000000000111100000000000011110000000000001111000000000000111100000000000011110000000000001111000000000000111100000000000011110000000000001111000000000000111100000000000011110000000000001111000000000000111100000000000011110000000000001111000000000000111100000000000011110000000000001111000000000000111100000000000011110000000000001111000000000000111100000000000100000000000000 b"
18
#332510
0>
#333000
08
#333500
01
18
#334000
08
#334500
18
#335000
1>
b10 \"
08
#335500
b1000101000000000100010100000000010001010000000001000101000000000100010100000000010001010000000001000101000000000100010100000000010001010000000001000101000000000100010100000000010001010000000001000101000000000100010100000000010001010000000001000101000000000100010100000000010001010000000001000101000000000100010100000000010001010000000001000101000000000100010100000000010001010000000001000101000000000100010100000000010001010000000001000101000000000100010100000000010001010000000001000111000000000100010100000000 b"
11
18
#335510
0>
#336000
1>
b11 \"
08
#336500
b1000010000000000100001000000000010000100000000001000010000000000100001000000000010000100000000001000010000000000100001000000000010000100000000001000010000000000100001000000000010000100000000001000010000000000100001000000000010000100000000001000010000000000100001000000000010000100000000001000010000000000100001000000000010000100000000001000010000000000100001000000000010000100000000001000010000000000100001000000000010000100000000001000010000000000100001000000000010000100000000001000100000000000100001000000000 b"
18
#336510
0>
#337000
1>
b111 \"
08
#337500
b111100000000000011110000000000001111000000000000111100000000000011110000000000001111000000000000111100000000000011110000000000001111000000000000111100000000000011110000000000001111000000000000111100000000000011110000000000001111000000000000111100000000000011110000000000001111000000000000111100000000000011110000000000001111000000000000111100000000000011110000000000001111000000000000111100000000000011110000000000001111000000000000111100000000000011110000000000001111000000000000111100000000000100000000000000 b"
18
#337510
0>
#338000
08
#338500
01
18
#339000
08
#339500
18
#340000
1>
b10 \"
08
#340500
b1000101000000000100010100000000010001010000000001000101000000000100010100000000010001010000000001000101000000000100010100000000010001010000000001000101000000000100010100000000010001010000000001000101000000000100010100000000010001010000000001000101000000000100010100000000010001010000000001000101000000000100010100000000010001010000000001000101000000000100010100000000010001010000000001000101000000000100010100000000010001010000000001000101000000000100010100000000010001010000000001000111000000000100010100000000 b"
11
18
#340510
0>
#341000
1>
b11 \"
08
#341500
b1000010000000000100001000000000010000100000000001000010000000000100001000000000010000100000000001000010000000000100001000000000010000100000000001000010000000000100001000000000010000100000000001000010000000000100001000000000010000100000000001000010000000000100001000000000010000100000000001000010000000000100001000000000010000100000000001000010000000000100001000000000010000100000000001000010000000000100001000000000010000100000000001000010000000000100001000000000010000100000000001000100000000000100001000000000 b"
18
#341510
0>
#342000
1>
b111 \"
08
#342500
b111100000000000011110000000000001111000000000000111100000000000011110000000000001111000000000000111100000000000011110000000000001111000000000000111100000000000011110000000000001111000000000000111100000000000011110000000000001111000000000000111100000000000011110000000000001111000000000000111100000000000011110000000000001111000000000000111100000000000011110000000000001111000000000000111100000000000011110000000000001111000000000000111100000000000011110000000000001111000000000000111100000000000100000000000000 b"
18
#342510
0>
#343000
08
#343500
01
18
#344000
08
#344500
18
#345000
1>
b10 \"
08
#345500
b1000101000000000100010100000000010001010000000001000101000000000100010100000000010001010000000001000101000000000100010100000000010001010000000001000101000000000100010100000000010001010000000001000101000000000100010100000000010001010000000001000101000000000100010100000000010001010000000001000101000000000100010100000000010001010000000001000101000000000100010100000000010001010000000001000101000000000100010100000000010001010000000001000101000000000100010100000000010001010000000001000111000000000100010100000000 b"
11
18
#345510
0>
#346000
1>
b11 \"
08
#346500
b1000010000000000100001000000000010000100000000001000010000000000100001000000000010000100000000001000010000000000100001000000000010000100000000001000010000000000100001000000000010000100000000001000010000000000100001000000000010000100000000001000010000000000100001000000000010000100000000001000010000000000100001000000000010000100000000001000010000000000100001000000000010000100000000001000010000000000100001000000000010000100000000001000010000000000100001000000000010000100000000001000100000000000100001000000000 b"
18
#346510
0>
#347000
1>
b111 \"
08
#347500
b111100000000000011110000000000001111000000000000111100000000000011110000000000001111000000000000111100000000000011110000000000001111000000000000111100000000000011110000000000001111000000000000111100000000000011110000000000001111000000000000111100000000000011110000000000001111000000000000111100000000000011110000000000001111000000000000111100000000000011110000000000001111000000000000111100000000000011110000000000001111000000000000111100000000000011110000000000001111000000000000111100000000000100000000000000 b"
18
#347510
0>
#348000
08
#348500
01
18
#349000
08
#349500
18
#350000
1>
b10 \"
08
#350500
b1000101000000000100010100000000010001010000000001000101000000000100010100000000010001010000000001000101000000000100010100000000010001010000000001000101000000000100010100000000010001010000000001000101000000000100010100000000010001010000000001000101000000000100010100000000010001010000000001000101000000000100010100000000010001010000000001000101000000000100010100000000010001010000000001000101000000000100010100000000010001010000000001000101000000000100010100000000010001010000000001000111000000000100010100000000 b"
11
18
#350510
0>
#351000
1>
b11 \"
08
#351500
b1000010000000000100001000000000010000100000000001000010000000000100001000000000010000100000000001000010000000000100001000000000010000100000000001000010000000000100001000000000010000100000000001000010000000000100001000000000010000100000000001000010000000000100001000000000010000100000000001000010000000000100001000000000010000100000000001000010000000000100001000000000010000100000000001000010000000000100001000000000010000100000000001000010000000000100001000000000010000100000000001000100000000000100001000000000 b"
18
#351510
0>
#352000
1>
b111 \"
08
#352500
b111100000000000011110000000000001111000000000000111100000000000011110000000000001111000000000000111100000000000011110000000000001111000000000000111100000000000011110000000000001111000000000000111100000000000011110000000000001111000000000000111100000000000011110000000000001111000000000000111100000000000011110000000000001111000000000000111100000000000011110000000000001111000000000000111100000000000011110000000000001111000000000000111100000000000011110000000000001111000000000000111100000000000100000000000000 b"
18
#352510
0>
#353000
08
#353500
01
18
#354000
08
#354500
18
#355000
1>
b10 \"
08
#355500
b1000101000000000100010100000000010001010000000001000101000000000100010100000000010001010000000001000101000000000100010100000000010001010000000001000101000000000100010100000000010001010000000001000101000000000100010100000000010001010000000001000101000000000100010100000000010001010000000001000101000000000100010100000000010001010000000001000101000000000100010100000000010001010000000001000101000000000100010100000000010001010000000001000101000000000100010100000000010001010000000001000111000000000100010100000000 b"
11
18
#355510
0>
#356000
1>
b11 \"
08
#356500
b1000010000000000100001000000000010000100000000001000010000000000100001000000000010000100000000001000010000000000100001000000000010000100000000001000010000000000100001000000000010000100000000001000010000000000100001000000000010000100000000001000010000000000100001000000000010000100000000001000010000000000100001000000000010000100000000001000010000000000100001000000000010000100000000001000010000000000100001000000000010000100000000001000010000000000100001000000000010000100000000001000100000000000100001000000000 b"
18
#356510
0>
#357000
1>
b111 \"
08
#357500
b111100000000000011110000000000001111000000000000111100000000000011110000000000001111000000000000111100000000000011110000000000001111000000000000111100000000000011110000000000001111000000000000111100000000000011110000000000001111000000000000111100000000000011110000000000001111000000000000111100000000000011110000000000001111000000000000111100000000000011110000000000001111000000000000111100000000000011110000000000001111000000000000111100000000000011110000000000001111000000000000111100000000000100000000000000 b"
18
#357510
0>
#358000
08
#358500
01
18
#359000
08
#359500
18
#360000
1>
b10 \"
08
#360500
b1000101000000000100010100000000010001010000000001000101000000000100010100000000010001010000000001000101000000000100010100000000010001010000000001000101000000000100010100000000010001010000000001000101000000000100010100000000010001010000000001000101000000000100010100000000010001010000000001000101000000000100010100000000010001010000000001000101000000000100010100000000010001010000000001000101000000000100010100000000010001010000000001000101000000000100010100000000010001010000000001000111000000000100010100000000 b"
11
18
#360510
0>
#361000
1>
b11 \"
08
#361500
b1000010000000000100001000000000010000100000000001000010000000000100001000000000010000100000000001000010000000000100001000000000010000100000000001000010000000000100001000000000010000100000000001000010000000000100001000000000010000100000000001000010000000000100001000000000010000100000000001000010000000000100001000000000010000100000000001000010000000000100001000000000010000100000000001000010000000000100001000000000010000100000000001000010000000000100001000000000010000100000000001000100000000000100001000000000 b"
18
#361510
0>
#362000
1>
b111 \"
08
#362500
b111100000000000011110000000000001111000000000000111100000000000011110000000000001111000000000000111100000000000011110000000000001111000000000000111100000000000011110000000000001111000000000000111100000000000011110000000000001111000000000000111100000000000011110000000000001111000000000000111100000000000011110000000000001111000000000000111100000000000011110000000000001111000000000000111100000000000011110000000000001111000000000000111100000000000011110000000000001111000000000000111100000000000100000000000000 b"
18
#362510
0>
#363000
08
#363500
01
18
#364000
08
#364500
18
#365000
1>
b10 \"
08
#365500
b1000101000000000100010100000000010001010000000001000101000000000100010100000000010001010000000001000101000000000100010100000000010001010000000001000101000000000100010100000000010001010000000001000101000000000100010100000000010001010000000001000101000000000100010100000000010001010000000001000101000000000100010100000000010001010000000001000101000000000100010100000000010001010000000001000101000000000100010100000000010001010000000001000101000000000100010100000000010001010000000001000111000000000100010100000000 b"
11
18
#365510
0>
#366000
1>
b11 \"
08
#366500
b1000010000000000100001000000000010000100000000001000010000000000100001000000000010000100000000001000010000000000100001000000000010000100000000001000010000000000100001000000000010000100000000001000010000000000100001000000000010000100000000001000010000000000100001000000000010000100000000001000010000000000100001000000000010000100000000001000010000000000100001000000000010000100000000001000010000000000100001000000000010000100000000001000010000000000100001000000000010000100000000001000100000000000100001000000000 b"
18
#366510
0>
#367000
1>
b111 \"
08
#367500
b111100000000000011110000000000001111000000000000111100000000000011110000000000001111000000000000111100000000000011110000000000001111000000000000111100000000000011110000000000001111000000000000111100000000000011110000000000001111000000000000111100000000000011110000000000001111000000000000111100000000000011110000000000001111000000000000111100000000000011110000000000001111000000000000111100000000000011110000000000001111000000000000111100000000000011110000000000001111000000000000111100000000000100000000000000 b"
18
#367510
0>
#368000
08
#368500
01
18
#369000
08
#369500
18
#370000
1>
b10 \"
08
#370500
b1000101000000000100010100000000010001010000000001000101000000000100010100000000010001010000000001000101000000000100010100000000010001010000000001000101000000000100010100000000010001010000000001000101000000000100010100000000010001010000000001000101000000000100010100000000010001010000000001000101000000000100010100000000010001010000000001000101000000000100010100000000010001010000000001000101000000000100010100000000010001010000000001000101000000000100010100000000010001010000000001000111000000000100010100000000 b"
11
18
#370510
0>
#371000
1>
b11 \"
08
#371500
b1000010000000000100001000000000010000100000000001000010000000000100001000000000010000100000000001000010000000000100001000000000010000100000000001000010000000000100001000000000010000100000000001000010000000000100001000000000010000100000000001000010000000000100001000000000010000100000000001000010000000000100001000000000010000100000000001000010000000000100001000000000010000100000000001000010000000000100001000000000010000100000000001000010000000000100001000000000010000100000000001000100000000000100001000000000 b"
18
#371510
0>
#372000
1>
b111 \"
08
#372500
b111100000000000011110000000000001111000000000000111100000000000011110000000000001111000000000000111100000000000011110000000000001111000000000000111100000000000011110000000000001111000000000000111100000000000011110000000000001111000000000000111100000000000011110000000000001111000000000000111100000000000011110000000000001111000000000000111100000000000011110000000000001111000000000000111100000000000011110000000000001111000000000000111100000000000011110000000000001111000000000000111100000000000100000000000000 b"
18
#372510
0>
#373000
08
#373500
01
18
#374000
08
#374500
18
#375000
1>
b10 \"
08
#375500
b1000101000000000100010100000000010001010000000001000101000000000100010100000000010001010000000001000101000000000100010100000000010001010000000001000101000000000100010100000000010001010000000001000101000000000100010100000000010001010000000001000101000000000100010100000000010001010000000001000101000000000100010100000000010001010000000001000101000000000100010100000000010001010000000001000101000000000100010100000000010001010000000001000101000000000100010100000000010001010000000001000111000000000100010100000000 b"
11
18
#375510
0>
#376000
1>
b11 \"
08
#376500
b1000010000000000100001000000000010000100000000001000010000000000100001000000000010000100000000001000010000000000100001000000000010000100000000001000010000000000100001000000000010000100000000001000010000000000100001000000000010000100000000001000010000000000100001000000000010000100000000001000010000000000100001000000000010000100000000001000010000000000100001000000000010000100000000001000010000000000100001000000000010000100000000001000010000000000100001000000000010000100000000001000100000000000100001000000000 b"
18
#376510
0>
#377000
1>
b111 \"
08
#377500
b111100000000000011110000000000001111000000000000111100000000000011110000000000001111000000000000111100000000000011110000000000001111000000000000111100000000000011110000000000001111000000000000111100000000000011110000000000001111000000000000111100000000000011110000000000001111000000000000111100000000000011110000000000001111000000000000111100000000000011110000000000001111000000000000111100000000000011110000000000001111000000000000111100000000000011110000000000001111000000000000111100000000000100000000000000 b"
18
#377510
0>
#378000
08
#378500
01
18
#379000
08
#379500
18
#380000
1>
b10 \"
08
#380500
b1000101000000000100010100000000010001010000000001000101000000000100010100000000010001010000000001000101000000000100010100000000010001010000000001000101000000000100010100000000010001010000000001000101000000000100010100000000010001010000000001000101000000000100010100000000010001010000000001000101000000000100010100000000010001010000000001000101000000000100010100000000010001010000000001000101000000000100010100000000010001010000000001000101000000000100010100000000010001010000000001000111000000000100010100000000 b"
11
18
#380510
0>
#381000
1>
b11 \"
08
#381500
b1000010000000000100001000000000010000100000000001000010000000000100001000000000010000100000000001000010000000000100001000000000010000100000000001000010000000000100001000000000010000100000000001000010000000000100001000000000010000100000000001000010000000000100001000000000010000100000000001000010000000000100001000000000010000100000000001000010000000000100001000000000010000100000000001000010000000000100001000000000010000100000000001000010000000000100001000000000010000100000000001000100000000000100001000000000 b"
18
#381510
0>
#382000
1>
b111 \"
08
#382500
b111100000000000011110000000000001111000000000000111100000000000011110000000000001111000000000000111100000000000011110000000000001111000000000000111100000000000011110000000000001111000000000000111100000000000011110000000000001111000000000000111100000000000011110000000000001111000000000000111100000000000011110000000000001111000000000000111100000000000011110000000000001111000000000000111100000000000011110000000000001111000000000000111100000000000011110000000000001111000000000000111100000000000100000000000000 b"
18
#382510
0>
#383000
08
#383500
01
18
#384000
08
#384500
18
#385000
1>
b10 \"
08
#385500
b1000101000000000100010100000000010001010000000001000101000000000100010100000000010001010000000001000101000000000100010100000000010001010000000001000101000000000100010100000000010001010000000001000101000000000100010100000000010001010000000001000101000000000100010100000000010001010000000001000101000000000100010100000000010001010000000001000101000000000100010100000000010001010000000001000101000000000100010100000000010001010000000001000101000000000100010100000000010001010000000001000111000000000100010100000000 b"
11
18
#385510
0>
#386000
1>
b11 \"
08
#386500
b1000010000000000100001000000000010000100000000001000010000000000100001000000000010000100000000001000010000000000100001000000000010000100000000001000010000000000100001000000000010000100000000001000010000000000100001000000000010000100000000001000010000000000100001000000000010000100000000001000010000000000100001000000000010000100000000001000010000000000100001000000000010000100000000001000010000000000100001000000000010000100000000001000010000000000100001000000000010000100000000001000100000000000100001000000000 b"
18
#386510
0>
#387000
1>
b111 \"
08
#387500
b111100000000000011110000000000001111000000000000111100000000000011110000000000001111000000000000111100000000000011110000000000001111000000000000111100000000000011110000000000001111000000000000111100000000000011110000000000001111000000000000111100000000000011110000000000001111000000000000111100000000000011110000000000001111000000000000111100000000000011110000000000001111000000000000111100000000000011110000000000001111000000000000111100000000000011110000000000001111000000000000111100000000000100000000000000 b"
18
#387510
0>
#388000
08
#388500
01
18
#389000
08
#389500
18
#390000
1>
b10 \"
08
#390500
b1000101000000000100010100000000010001010000000001000101000000000100010100000000010001010000000001000101000000000100010100000000010001010000000001000101000000000100010100000000010001010000000001000101000000000100010100000000010001010000000001000101000000000100010100000000010001010000000001000101000000000100010100000000010001010000000001000101000000000100010100000000010001010000000001000101000000000100010100000000010001010000000001000101000000000100010100000000010001010000000001000111000000000100010100000000 b"
11
18
#390510
0>
#391000
1>
b11 \"
08
#391500
b1000010000000000100001000000000010000100000000001000010000000000100001000000000010000100000000001000010000000000100001000000000010000100000000001000010000000000100001000000000010000100000000001000010000000000100001000000000010000100000000001000010000000000100001000000000010000100000000001000010000000000100001000000000010000100000000001000010000000000100001000000000010000100000000001000010000000000100001000000000010000100000000001000010000000000100001000000000010000100000000001000100000000000100001000000000 b"
18
#391510
0>
#392000
1>
b111 \"
08
#392500
b111100000000000011110000000000001111000000000000111100000000000011110000000000001111000000000000111100000000000011110000000000001111000000000000111100000000000011110000000000001111000000000000111100000000000011110000000000001111000000000000111100000000000011110000000000001111000000000000111100000000000011110000000000001111000000000000111100000000000011110000000000001111000000000000111100000000000011110000000000001111000000000000111100000000000011110000000000001111000000000000111100000000000100000000000000 b"
18
#392510
0>
#393000
08
#393500
01
18
#394000
08
#394500
18
#395000
1>
b10 \"
08
#395500
b1000101000000000100010100000000010001010000000001000101000000000100010100000000010001010000000001000101000000000100010100000000010001010000000001000101000000000100010100000000010001010000000001000101000000000100010100000000010001010000000001000101000000000100010100000000010001010000000001000101000000000100010100000000010001010000000001000101000000000100010100000000010001010000000001000101000000000100010100000000010001010000000001000101000000000100010100000000010001010000000001000111000000000100010100000000 b"
11
18
#395510
0>
#396000
1>
b11 \"
08
#396500
b1000010000000000100001000000000010000100000000001000010000000000100001000000000010000100000000001000010000000000100001000000000010000100000000001000010000000000100001000000000010000100000000001000010000000000100001000000000010000100000000001000010000000000100001000000000010000100000000001000010000000000100001000000000010000100000000001000010000000000100001000000000010000100000000001000010000000000100001000000000010000100000000001000010000000000100001000000000010000100000000001000100000000000100001000000000 b"
18
#396510
0>
#397000
1>
b111 \"
08
#397500
b111100000000000011110000000000001111000000000000111100000000000011110000000000001111000000000000111100000000000011110000000000001111000000000000111100000000000011110000000000001111000000000000111100000000000011110000000000001111000000000000111100000000000011110000000000001111000000000000111100000000000011110000000000001111000000000000111100000000000011110000000000001111000000000000111100000000000011110000000000001111000000000000111100000000000011110000000000001111000000000000111100000000000100000000000000 b"
18
#397510
0>
#398000
08
#398500
01
18
#399000
08
#399500
18
#400000
1>
b10 \"
08
#400500
b1000101000000000100010100000000010001010000000001000101000000000100010100000000010001010000000001000101000000000100010100000000010001010000000001000101000000000100010100000000010001010000000001000101000000000100010100000000010001010000000001000101000000000100010100000000010001010000000001000101000000000100010100000000010001010000000001000101000000000100010100000000010001010000000001000101000000000100010100000000010001010000000001000101000000000100010100000000010001010000000001000111000000000100010100000000 b"
11
18
#400510
0>
#401000
1>
b11 \"
08
#401500
b1000010000000000100001000000000010000100000000001000010000000000100001000000000010000100000000001000010000000000100001000000000010000100000000001000010000000000100001000000000010000100000000001000010000000000100001000000000010000100000000001000010000000000100001000000000010000100000000001000010000000000100001000000000010000100000000001000010000000000100001000000000010000100000000001000010000000000100001000000000010000100000000001000010000000000100001000000000010000100000000001000100000000000100001000000000 b"
18
#401510
0>
#402000
1>
b111 \"
08
#402500
b111100000000000011110000000000001111000000000000111100000000000011110000000000001111000000000000111100000000000011110000000000001111000000000000111100000000000011110000000000001111000000000000111100000000000011110000000000001111000000000000111100000000000011110000000000001111000000000000111100000000000011110000000000001111000000000000111100000000000011110000000000001111000000000000111100000000000011110000000000001111000000000000111100000000000011110000000000001111000000000000111100000000000100000000000000 b"
18
#402510
0>
#403000
08
#403500
01
18
#404000
08
#404500
18
#405000
1>
b10 \"
08
#405500
b1000101000000000100010100000000010001010000000001000101000000000100010100000000010001010000000001000101000000000100010100000000010001010000000001000101000000000100010100000000010001010000000001000101000000000100010100000000010001010000000001000101000000000100010100000000010001010000000001000101000000000100010100000000010001010000000001000101000000000100010100000000010001010000000001000101000000000100010100000000010001010000000001000101000000000100010100000000010001010000000001000111000000000100010100000000 b"
11
18
#405510
0>
#406000
1>
b11 \"
08
#406500
b1000010000000000100001000000000010000100000000001000010000000000100001000000000010000100000000001000010000000000100001000000000010000100000000001000010000000000100001000000000010000100000000001000010000000000100001000000000010000100000000001000010000000000100001000000000010000100000000001000010000000000100001000000000010000100000000001000010000000000100001000000000010000100000000001000010000000000100001000000000010000100000000001000010000000000100001000000000010000100000000001000100000000000100001000000000 b"
18
#406510
0>
#407000
1>
b111 \"
08
#407500
b111100000000000011110000000000001111000000000000111100000000000011110000000000001111000000000000111100000000000011110000000000001111000000000000111100000000000011110000000000001111000000000000111100000000000011110000000000001111000000000000111100000000000011110000000000001111000000000000111100000000000011110000000000001111000000000000111100000000000011110000000000001111000000000000111100000000000011110000000000001111000000000000111100000000000011110000000000001111000000000000111100000000000100000000000000 b"
18
#407510
0>
#408000
08
#408500
01
18
#409000
08
#409500
18
#410000
1>
b10 \"
08
#410500
b1000101000000000100010100000000010001010000000001000101000000000100010100000000010001010000000001000101000000000100010100000000010001010000000001000101000000000100010100000000010001010000000001000101000000000100010100000000010001010000000001000101000000000100010100000000010001010000000001000101000000000100010100000000010001010000000001000101000000000100010100000000010001010000000001000101000000000100010100000000010001010000000001000101000000000100010100000000010001010000000001000111000000000100010100000000 b"
11
18
#410510
0>
#411000
1>
b11 \"
08
#411500
b1000010000000000100001000000000010000100000000001000010000000000100001000000000010000100000000001000010000000000100001000000000010000100000000001000010000000000100001000000000010000100000000001000010000000000100001000000000010000100000000001000010000000000100001000000000010000100000000001000010000000000100001000000000010000100000000001000010000000000100001000000000010000100000000001000010000000000100001000000000010000100000000001000010000000000100001000000000010000100000000001000100000000000100001000000000 b"
18
#411510
0>
#412000
1>
b111 \"
08
#412500
b111100000000000011110000000000001111000000000000111100000000000011110000000000001111000000000000111100000000000011110000000000001111000000000000111100000000000011110000000000001111000000000000111100000000000011110000000000001111000000000000111100000000000011110000000000001111000000000000111100000000000011110000000000001111000000000000111100000000000011110000000000001111000000000000111100000000000011110000000000001111000000000000111100000000000011110000000000001111000000000000111100000000000100000000000000 b"
18
#412510
0>
#413000
08
#413500
01
18
#414000
08
#414500
18
#415000
1>
b10 \"
08
#415500
b1000101000000000100010100000000010001010000000001000101000000000100010100000000010001010000000001000101000000000100010100000000010001010000000001000101000000000100010100000000010001010000000001000101000000000100010100000000010001010000000001000101000000000100010100000000010001010000000001000101000000000100010100000000010001010000000001000101000000000100010100000000010001010000000001000101000000000100010100000000010001010000000001000101000000000100010100000000010001010000000001000111000000000100010100000000 b"
11
18
#415510
0>
#416000
1>
b11 \"
08
#416500
b1000010000000000100001000000000010000100000000001000010000000000100001000000000010000100000000001000010000000000100001000000000010000100000000001000010000000000100001000000000010000100000000001000010000000000100001000000000010000100000000001000010000000000100001000000000010000100000000001000010000000000100001000000000010000100000000001000010000000000100001000000000010000100000000001000010000000000100001000000000010000100000000001000010000000000100001000000000010000100000000001000100000000000100001000000000 b"
18
#416510
0>
#417000
1>
b111 \"
08
#417500
b111100000000000011110000000000001111000000000000111100000000000011110000000000001111000000000000111100000000000011110000000000001111000000000000111100000000000011110000000000001111000000000000111100000000000011110000000000001111000000000000111100000000000011110000000000001111000000000000111100000000000011110000000000001111000000000000111100000000000011110000000000001111000000000000111100000000000011110000000000001111000000000000111100000000000011110000000000001111000000000000111100000000000100000000000000 b"
18
#417510
0>
#418000
08
#418500
01
18
#419000
08
#419500
18
#420000
1>
b10 \"
08
#420500
b1000101000000000100010100000000010001010000000001000101000000000100010100000000010001010000000001000101000000000100010100000000010001010000000001000101000000000100010100000000010001010000000001000101000000000100010100000000010001010000000001000101000000000100010100000000010001010000000001000101000000000100010100000000010001010000000001000101000000000100010100000000010001010000000001000101000000000100010100000000010001010000000001000101000000000100010100000000010001010000000001000111000000000100010100000000 b"
11
18
#420510
0>
#421000
1>
b11 \"
08
#421500
b1000010000000000100001000000000010000100000000001000010000000000100001000000000010000100000000001000010000000000100001000000000010000100000000001000010000000000100001000000000010000100000000001000010000000000100001000000000010000100000000001000010000000000100001000000000010000100000000001000010000000000100001000000000010000100000000001000010000000000100001000000000010000100000000001000010000000000100001000000000010000100000000001000010000000000100001000000000010000100000000001000100000000000100001000000000 b"
18
#421510
0>
#422000
1>
b111 \"
08
#422500
b111100000000000011110000000000001111000000000000111100000000000011110000000000001111000000000000111100000000000011110000000000001111000000000000111100000000000011110000000000001111000000000000111100000000000011110000000000001111000000000000111100000000000011110000000000001111000000000000111100000000000011110000000000001111000000000000111100000000000011110000000000001111000000000000111100000000000011110000000000001111000000000000111100000000000011110000000000001111000000000000111100000000000100000000000000 b"
18
#422510
0>
#423000
08
#423500
01
18
#424000
08
#424500
18
#425000
1>
b10 \"
08
#425500
b1000101000000000100010100000000010001010000000001000101000000000100010100000000010001010000000001000101000000000100010100000000010001010000000001000101000000000100010100000000010001010000000001000101000000000100010100000000010001010000000001000101000000000100010100000000010001010000000001000101000000000100010100000000010001010000000001000101000000000100010100000000010001010000000001000101000000000100010100000000010001010000000001000101000000000100010100000000010001010000000001000111000000000100010100000000 b"
11
18
#425510
0>
#426000
1>
b11 \"
08
#426500
b1000010000000000100001000000000010000100000000001000010000000000100001000000000010000100000000001000010000000000100001000000000010000100000000001000010000000000100001000000000010000100000000001000010000000000100001000000000010000100000000001000010000000000100001000000000010000100000000001000010000000000100001000000000010000100000000001000010000000000100001000000000010000100000000001000010000000000100001000000000010000100000000001000010000000000100001000000000010000100000000001000100000000000100001000000000 b"
18
#426510
0>
#427000
1>
b111 \"
08
#427500
b111100000000000011110000000000001111000000000000111100000000000011110000000000001111000000000000111100000000000011110000000000001111000000000000111100000000000011110000000000001111000000000000111100000000000011110000000000001111000000000000111100000000000011110000000000001111000000000000111100000000000011110000000000001111000000000000111100000000000011110000000000001111000000000000111100000000000011110000000000001111000000000000111100000000000011110000000000001111000000000000111100000000000100000000000000 b"
18
#427510
0>
#428000
08
#428500
01
18
#429000
08
#429500
18
#430000
1>
b10 \"
08
#430500
b1000101000000000100010100000000010001010000000001000101000000000100010100000000010001010000000001000101000000000100010100000000010001010000000001000101000000000100010100000000010001010000000001000101000000000100010100000000010001010000000001000101000000000100010100000000010001010000000001000101000000000100010100000000010001010000000001000101000000000100010100000000010001010000000001000101000000000100010100000000010001010000000001000101000000000100010100000000010001010000000001000111000000000100010100000000 b"
11
18
#430510
0>
#431000
1>
b11 \"
08
#431500
b1000010000000000100001000000000010000100000000001000010000000000100001000000000010000100000000001000010000000000100001000000000010000100000000001000010000000000100001000000000010000100000000001000010000000000100001000000000010000100000000001000010000000000100001000000000010000100000000001000010000000000100001000000000010000100000000001000010000000000100001000000000010000100000000001000010000000000100001000000000010000100000000001000010000000000100001000000000010000100000000001000100000000000100001000000000 b"
18
#431510
0>
#432000
1>
b111 \"
08
#432500
b111100000000000011110000000000001111000000000000111100000000000011110000000000001111000000000000111100000000000011110000000000001111000000000000111100000000000011110000000000001111000000000000111100000000000011110000000000001111000000000000111100000000000011110000000000001111000000000000111100000000000011110000000000001111000000000000111100000000000011110000000000001111000000000000111100000000000011110000000000001111000000000000111100000000000011110000000000001111000000000000111100000000000100000000000000 b"
18
#432510
0>
#433000
08
#433500
01
18
#434000
08
#434500
18
#435000
1>
b10 \"
08
#435500
b1000101000000000100010100000000010001010000000001000101000000000100010100000000010001010000000001000101000000000100010100000000010001010000000001000101000000000100010100000000010001010000000001000101000000000100010100000000010001010000000001000101000000000100010100000000010001010000000001000101000000000100010100000000010001010000000001000101000000000100010100000000010001010000000001000101000000000100010100000000010001010000000001000101000000000100010100000000010001010000000001000111000000000100010100000000 b"
11
18
#435510
0>
#436000
1>
b11 \"
08
#436500
b1000010000000000100001000000000010000100000000001000010000000000100001000000000010000100000000001000010000000000100001000000000010000100000000001000010000000000100001000000000010000100000000001000010000000000100001000000000010000100000000001000010000000000100001000000000010000100000000001000010000000000100001000000000010000100000000001000010000000000100001000000000010000100000000001000010000000000100001000000000010000100000000001000010000000000100001000000000010000100000000001000100000000000100001000000000 b"
18
#436510
0>
#437000
1>
b111 \"
08
#437500
b111100000000000011110000000000001111000000000000111100000000000011110000000000001111000000000000111100000000000011110000000000001111000000000000111100000000000011110000000000001111000000000000111100000000000011110000000000001111000000000000111100000000000011110000000000001111000000000000111100000000000011110000000000001111000000000000111100000000000011110000000000001111000000000000111100000000000011110000000000001111000000000000111100000000000011110000000000001111000000000000111100000000000100000000000000 b"
18
#437510
0>
#438000
08
#438500
01
18
#439000
08
#439500
18
#440000
1>
b10 \"
08
#440500
b1000101000000000100010100000000010001010000000001000101000000000100010100000000010001010000000001000101000000000100010100000000010001010000000001000101000000000100010100000000010001010000000001000101000000000100010100000000010001010000000001000101000000000100010100000000010001010000000001000101000000000100010100000000010001010000000001000101000000000100010100000000010001010000000001000101000000000100010100000000010001010000000001000101000000000100010100000000010001010000000001000111000000000100010100000000 b"
11
18
#440510
0>
#441000
1>
b11 \"
08
#441500
b1000010000000000100001000000000010000100000000001000010000000000100001000000000010000100000000001000010000000000100001000000000010000100000000001000010000000000100001000000000010000100000000001000010000000000100001000000000010000100000000001000010000000000100001000000000010000100000000001000010000000000100001000000000010000100000000001000010000000000100001000000000010000100000000001000010000000000100001000000000010000100000000001000010000000000100001000000000010000100000000001000100000000000100001000000000 b"
18
#441510
0>
#442000
1>
b111 \"
08
#442500
b111100000000000011110000000000001111000000000000111100000000000011110000000000001111000000000000111100000000000011110000000000001111000000000000111100000000000011110000000000001111000000000000111100000000000011110000000000001111000000000000111100000000000011110000000000001111000000000000111100000000000011110000000000001111000000000000111100000000000011110000000000001111000000000000111100000000000011110000000000001111000000000000111100000000000011110000000000001111000000000000111100000000000100000000000000 b"
18
#442510
0>
#443000
08
#443500
01
18
#444000
08
#444500
18
#445000
1>
b10 \"
08
#445500
b1000101000000000100010100000000010001010000000001000101000000000100010100000000010001010000000001000101000000000100010100000000010001010000000001000101000000000100010100000000010001010000000001000101000000000100010100000000010001010000000001000101000000000100010100000000010001010000000001000101000000000100010100000000010001010000000001000101000000000100010100000000010001010000000001000101000000000100010100000000010001010000000001000101000000000100010100000000010001010000000001000111000000000100010100000000 b"
11
18
#445510
0>
#446000
1>
b11 \"
08
#446500
b1000010000000000100001000000000010000100000000001000010000000000100001000000000010000100000000001000010000000000100001000000000010000100000000001000010000000000100001000000000010000100000000001000010000000000100001000000000010000100000000001000010000000000100001000000000010000100000000001000010000000000100001000000000010000100000000001000010000000000100001000000000010000100000000001000010000000000100001000000000010000100000000001000010000000000100001000000000010000100000000001000100000000000100001000000000 b"
18
#446510
0>
#447000
1>
b111 \"
08
#447500
b111100000000000011110000000000001111000000000000111100000000000011110000000000001111000000000000111100000000000011110000000000001111000000000000111100000000000011110000000000001111000000000000111100000000000011110000000000001111000000000000111100000000000011110000000000001111000000000000111100000000000011110000000000001111000000000000111100000000000011110000000000001111000000000000111100000000000011110000000000001111000000000000111100000000000011110000000000001111000000000000111100000000000100000000000000 b"
18
#447510
0>
#448000
08
#448500
01
18
#449000
08
#449500
18
#450000
1>
b10 \"
08
#450500
b1000101000000000100010100000000010001010000000001000101000000000100010100000000010001010000000001000101000000000100010100000000010001010000000001000101000000000100010100000000010001010000000001000101000000000100010100000000010001010000000001000101000000000100010100000000010001010000000001000101000000000100010100000000010001010000000001000101000000000100010100000000010001010000000001000101000000000100010100000000010001010000000001000101000000000100010100000000010001010000000001000111000000000100010100000000 b"
11
18
#450510
0>
#451000
1>
b11 \"
08
#451500
b1000010000000000100001000000000010000100000000001000010000000000100001000000000010000100000000001000010000000000100001000000000010000100000000001000010000000000100001000000000010000100000000001000010000000000100001000000000010000100000000001000010000000000100001000000000010000100000000001000010000000000100001000000000010000100000000001000010000000000100001000000000010000100000000001000010000000000100001000000000010000100000000001000010000000000100001000000000010000100000000001000100000000000100001000000000 b"
18
#451510
0>
#452000
1>
b111 \"
08
#452500
b111100000000000011110000000000001111000000000000111100000000000011110000000000001111000000000000111100000000000011110000000000001111000000000000111100000000000011110000000000001111000000000000111100000000000011110000000000001111000000000000111100000000000011110000000000001111000000000000111100000000000011110000000000001111000000000000111100000000000011110000000000001111000000000000111100000000000011110000000000001111000000000000111100000000000011110000000000001111000000000000111100000000000100000000000000 b"
18
#452510
0>
#453000
08
#453500
01
18
#454000
08
#454500
18
#455000
1>
b10 \"
08
#455500
b1000101000000000100010100000000010001010000000001000101000000000100010100000000010001010000000001000101000000000100010100000000010001010000000001000101000000000100010100000000010001010000000001000101000000000100010100000000010001010000000001000101000000000100010100000000010001010000000001000101000000000100010100000000010001010000000001000101000000000100010100000000010001010000000001000101000000000100010100000000010001010000000001000101000000000100010100000000010001010000000001000111000000000100010100000000 b"
11
18
#455510
0>
#456000
1>
b11 \"
08
#456500
b1000010000000000100001000000000010000100000000001000010000000000100001000000000010000100000000001000010000000000100001000000000010000100000000001000010000000000100001000000000010000100000000001000010000000000100001000000000010000100000000001000010000000000100001000000000010000100000000001000010000000000100001000000000010000100000000001000010000000000100001000000000010000100000000001000010000000000100001000000000010000100000000001000010000000000100001000000000010000100000000001000100000000000100001000000000 b"
18
#456510
0>
#457000
1>
b111 \"
08
#457500
b111100000000000011110000000000001111000000000000111100000000000011110000000000001111000000000000111100000000000011110000000000001111000000000000111100000000000011110000000000001111000000000000111100000000000011110000000000001111000000000000111100000000000011110000000000001111000000000000111100000000000011110000000000001111000000000000111100000000000011110000000000001111000000000000111100000000000011110000000000001111000000000000111100000000000011110000000000001111000000000000111100000000000100000000000000 b"
18
#457510
0>
#458000
08
#458500
01
18
#459000
08
#459500
18
#460000
1>
b10 \"
08
#460500
b1000101000000000100010100000000010001010000000001000101000000000100010100000000010001010000000001000101000000000100010100000000010001010000000001000101000000000100010100000000010001010000000001000101000000000100010100000000010001010000000001000101000000000100010100000000010001010000000001000101000000000100010100000000010001010000000001000101000000000100010100000000010001010000000001000101000000000100010100000000010001010000000001000101000000000100010100000000010001010000000001000111000000000100010100000000 b"
11
18
#460510
0>
#461000
1>
b11 \"
08
#461500
b1000010000000000100001000000000010000100000000001000010000000000100001000000000010000100000000001000010000000000100001000000000010000100000000001000010000000000100001000000000010000100000000001000010000000000100001000000000010000100000000001000010000000000100001000000000010000100000000001000010000000000100001000000000010000100000000001000010000000000100001000000000010000100000000001000010000000000100001000000000010000100000000001000010000000000100001000000000010000100000000001000100000000000100001000000000 b"
18
#461510
0>
#462000
1>
b111 \"
08
#462500
b111100000000000011110000000000001111000000000000111100000000000011110000000000001111000000000000111100000000000011110000000000001111000000000000111100000000000011110000000000001111000000000000111100000000000011110000000000001111000000000000111100000000000011110000000000001111000000000000111100000000000011110000000000001111000000000000111100000000000011110000000000001111000000000000111100000000000011110000000000001111000000000000111100000000000011110000000000001111000000000000111100000000000100000000000000 b"
18
#462510
0>
#463000
08
#463500
01
18
#464000
08
#464500
18
#465000
1>
b10 \"
08
#465500
b1000101000000000100010100000000010001010000000001000101000000000100010100000000010001010000000001000101000000000100010100000000010001010000000001000101000000000100010100000000010001010000000001000101000000000100010100000000010001010000000001000101000000000100010100000000010001010000000001000101000000000100010100000000010001010000000001000101000000000100010100000000010001010000000001000101000000000100010100000000010001010000000001000101000000000100010100000000010001010000000001000111000000000100010100000000 b"
11
18
#465510
0>
#466000
1>
b11 \"
08
#466500
b1000010000000000100001000000000010000100000000001000010000000000100001000000000010000100000000001000010000000000100001000000000010000100000000001000010000000000100001000000000010000100000000001000010000000000100001000000000010000100000000001000010000000000100001000000000010000100000000001000010000000000100001000000000010000100000000001000010000000000100001000000000010000100000000001000010000000000100001000000000010000100000000001000010000000000100001000000000010000100000000001000100000000000100001000000000 b"
18
#466510
0>
#467000
1>
b111 \"
08
#467500
b111100000000000011110000000000001111000000000000111100000000000011110000000000001111000000000000111100000000000011110000000000001111000000000000111100000000000011110000000000001111000000000000111100000000000011110000000000001111000000000000111100000000000011110000000000001111000000000000111100000000000011110000000000001111000000000000111100000000000011110000000000001111000000000000111100000000000011110000000000001111000000000000111100000000000011110000000000001111000000000000111100000000000100000000000000 b"
18
#467510
0>
#468000
08
#468500
01
18
#469000
08
#469500
18
#470000
1>
b10 \"
08
#470500
b1000101000000000100010100000000010001010000000001000101000000000100010100000000010001010000000001000101000000000100010100000000010001010000000001000101000000000100010100000000010001010000000001000101000000000100010100000000010001010000000001000101000000000100010100000000010001010000000001000101000000000100010100000000010001010000000001000101000000000100010100000000010001010000000001000101000000000100010100000000010001010000000001000101000000000100010100000000010001010000000001000111000000000100010100000000 b"
11
18
#470510
0>
#471000
1>
b11 \"
08
#471500
b1000010000000000100001000000000010000100000000001000010000000000100001000000000010000100000000001000010000000000100001000000000010000100000000001000010000000000100001000000000010000100000000001000010000000000100001000000000010000100000000001000010000000000100001000000000010000100000000001000010000000000100001000000000010000100000000001000010000000000100001000000000010000100000000001000010000000000100001000000000010000100000000001000010000000000100001000000000010000100000000001000100000000000100001000000000 b"
18
#471510
0>
#472000
1>
b111 \"
08
#472500
b111100000000000011110000000000001111000000000000111100000000000011110000000000001111000000000000111100000000000011110000000000001111000000000000111100000000000011110000000000001111000000000000111100000000000011110000000000001111000000000000111100000000000011110000000000001111000000000000111100000000000011110000000000001111000000000000111100000000000011110000000000001111000000000000111100000000000011110000000000001111000000000000111100000000000011110000000000001111000000000000111100000000000100000000000000 b"
18
#472510
0>
#473000
08
#473500
01
18
#474000
08
#474500
18
#475000
1>
b10 \"
08
#475500
b1000101000000000100010100000000010001010000000001000101000000000100010100000000010001010000000001000101000000000100010100000000010001010000000001000101000000000100010100000000010001010000000001000101000000000100010100000000010001010000000001000101000000000100010100000000010001010000000001000101000000000100010100000000010001010000000001000101000000000100010100000000010001010000000001000101000000000100010100000000010001010000000001000101000000000100010100000000010001010000000001000111000000000100010100000000 b"
11
18
#475510
0>
#476000
1>
b11 \"
08
#476500
b1000010000000000100001000000000010000100000000001000010000000000100001000000000010000100000000001000010000000000100001000000000010000100000000001000010000000000100001000000000010000100000000001000010000000000100001000000000010000100000000001000010000000000100001000000000010000100000000001000010000000000100001000000000010000100000000001000010000000000100001000000000010000100000000001000010000000000100001000000000010000100000000001000010000000000100001000000000010000100000000001000100000000000100001000000000 b"
18
#476510
0>
#477000
1>
b111 \"
08
#477500
b111100000000000011110000000000001111000000000000111100000000000011110000000000001111000000000000111100000000000011110000000000001111000000000000111100000000000011110000000000001111000000000000111100000000000011110000000000001111000000000000111100000000000011110000000000001111000000000000111100000000000011110000000000001111000000000000111100000000000011110000000000001111000000000000111100000000000011110000000000001111000000000000111100000000000011110000000000001111000000000000111100000000000100000000000000 b"
18
#477510
0>
#478000
08
#478500
01
18
#479000
08
#479500
18
#480000
1>
b10 \"
08
#480500
b1000101000000000100010100000000010001010000000001000101000000000100010100000000010001010000000001000101000000000100010100000000010001010000000001000101000000000100010100000000010001010000000001000101000000000100010100000000010001010000000001000101000000000100010100000000010001010000000001000101000000000100010100000000010001010000000001000101000000000100010100000000010001010000000001000101000000000100010100000000010001010000000001000101000000000100010100000000010001010000000001000111000000000100010100000000 b"
11
18
#480510
0>
#481000
1>
b11 \"
08
#481500
b1000010000000000100001000000000010000100000000001000010000000000100001000000000010000100000000001000010000000000100001000000000010000100000000001000010000000000100001000000000010000100000000001000010000000000100001000000000010000100000000001000010000000000100001000000000010000100000000001000010000000000100001000000000010000100000000001000010000000000100001000000000010000100000000001000010000000000100001000000000010000100000000001000010000000000100001000000000010000100000000001000100000000000100001000000000 b"
18
#481510
0>
#482000
1>
b111 \"
08
#482500
b111100000000000011110000000000001111000000000000111100000000000011110000000000001111000000000000111100000000000011110000000000001111000000000000111100000000000011110000000000001111000000000000111100000000000011110000000000001111000000000000111100000000000011110000000000001111000000000000111100000000000011110000000000001111000000000000111100000000000011110000000000001111000000000000111100000000000011110000000000001111000000000000111100000000000011110000000000001111000000000000111100000000000100000000000000 b"
18
#482510
0>
#483000
08
#483500
01
18
#484000
08
#484500
18
#485000
1>
b10 \"
08
#485500
b1000101000000000100010100000000010001010000000001000101000000000100010100000000010001010000000001000101000000000100010100000000010001010000000001000101000000000100010100000000010001010000000001000101000000000100010100000000010001010000000001000101000000000100010100000000010001010000000001000101000000000100010100000000010001010000000001000101000000000100010100000000010001010000000001000101000000000100010100000000010001010000000001000101000000000100010100000000010001010000000001000111000000000100010100000000 b"
11
18
#485510
0>
#486000
1>
b11 \"
08
#486500
b1000010000000000100001000000000010000100000000001000010000000000100001000000000010000100000000001000010000000000100001000000000010000100000000001000010000000000100001000000000010000100000000001000010000000000100001000000000010000100000000001000010000000000100001000000000010000100000000001000010000000000100001000000000010000100000000001000010000000000100001000000000010000100000000001000010000000000100001000000000010000100000000001000010000000000100001000000000010000100000000001000100000000000100001000000000 b"
18
#486510
0>
#487000
1>
b111 \"
08
#487500
b111100000000000011110000000000001111000000000000111100000000000011110000000000001111000000000000111100000000000011110000000000001111000000000000111100000000000011110000000000001111000000000000111100000000000011110000000000001111000000000000111100000000000011110000000000001111000000000000111100000000000011110000000000001111000000000000111100000000000011110000000000001111000000000000111100000000000011110000000000001111000000000000111100000000000011110000000000001111000000000000111100000000000100000000000000 b"
18
#487510
0>
#488000
08
#488500
01
18
#489000
08
#489500
18
#490000
1>
b10 \"
08
#490500
b1000101000000000100010100000000010001010000000001000101000000000100010100000000010001010000000001000101000000000100010100000000010001010000000001000101000000000100010100000000010001010000000001000101000000000100010100000000010001010000000001000101000000000100010100000000010001010000000001000101000000000100010100000000010001010000000001000101000000000100010100000000010001010000000001000101000000000100010100000000010001010000000001000101000000000100010100000000010001010000000001000111000000000100010100000000 b"
11
18
#490510
0>
#491000
1>
b11 \"
08
#491500
b1000010000000000100001000000000010000100000000001000010000000000100001000000000010000100000000001000010000000000100001000000000010000100000000001000010000000000100001000000000010000100000000001000010000000000100001000000000010000100000000001000010000000000100001000000000010000100000000001000010000000000100001000000000010000100000000001000010000000000100001000000000010000100000000001000010000000000100001000000000010000100000000001000010000000000100001000000000010000100000000001000100000000000100001000000000 b"
18
#491510
0>
#492000
1>
b111 \"
08
#492500
b111100000000000011110000000000001111000000000000111100000000000011110000000000001111000000000000111100000000000011110000000000001111000000000000111100000000000011110000000000001111000000000000111100000000000011110000000000001111000000000000111100000000000011110000000000001111000000000000111100000000000011110000000000001111000000000000111100000000000011110000000000001111000000000000111100000000000011110000000000001111000000000000111100000000000011110000000000001111000000000000111100000000000100000000000000 b"
18
#492510
0>
#493000
08
#493500
01
18
#494000
08
#494500
18
#495000
1>
b10 \"
08
#495500
b1000101000000000100010100000000010001010000000001000101000000000100010100000000010001010000000001000101000000000100010100000000010001010000000001000101000000000100010100000000010001010000000001000101000000000100010100000000010001010000000001000101000000000100010100000000010001010000000001000101000000000100010100000000010001010000000001000101000000000100010100000000010001010000000001000101000000000100010100000000010001010000000001000101000000000100010100000000010001010000000001000111000000000100010100000000 b"
11
18
#495510
0>
#496000
1>
b11 \"
08
#496500
b1000010000000000100001000000000010000100000000001000010000000000100001000000000010000100000000001000010000000000100001000000000010000100000000001000010000000000100001000000000010000100000000001000010000000000100001000000000010000100000000001000010000000000100001000000000010000100000000001000010000000000100001000000000010000100000000001000010000000000100001000000000010000100000000001000010000000000100001000000000010000100000000001000010000000000100001000000000010000100000000001000100000000000100001000000000 b"
18
#496510
0>
#497000
1>
b111 \"
08
#497500
b111100000000000011110000000000001111000000000000111100000000000011110000000000001111000000000000111100000000000011110000000000001111000000000000111100000000000011110000000000001111000000000000111100000000000011110000000000001111000000000000111100000000000011110000000000001111000000000000111100000000000011110000000000001111000000000000111100000000000011110000000000001111000000000000111100000000000011110000000000001111000000000000111100000000000011110000000000001111000000000000111100000000000100000000000000 b"
18
#497510
0>
#498000
08
#498500
01
18
#499000
08
#499500
18
#500000
1>
b10 \"
08
#500500
b1000101000000000100010100000000010001010000000001000101000000000100010100000000010001010000000001000101000000000100010100000000010001010000000001000101000000000100010100000000010001010000000001000101000000000100010100000000010001010000000001000101000000000100010100000000010001010000000001000101000000000100010100000000010001010000000001000101000000000100010100000000010001010000000001000101000000000100010100000000010001010000000001000101000000000100010100000000010001010000000001000111000000000100010100000000 b"
11
18
#500510
0>
#501000
1>
b11 \"
08
#501500
b1000010000000000100001000000000010000100000000001000010000000000100001000000000010000100000000001000010000000000100001000000000010000100000000001000010000000000100001000000000010000100000000001000010000000000100001000000000010000100000000001000010000000000100001000000000010000100000000001000010000000000100001000000000010000100000000001000010000000000100001000000000010000100000000001000010000000000100001000000000010000100000000001000010000000000100001000000000010000100000000001000100000000000100001000000000 b"
18
#501510
0>
#502000
1>
b111 \"
08
#502500
b111100000000000011110000000000001111000000000000111100000000000011110000000000001111000000000000111100000000000011110000000000001111000000000000111100000000000011110000000000001111000000000000111100000000000011110000000000001111000000000000111100000000000011110000000000001111000000000000111100000000000011110000000000001111000000000000111100000000000011110000000000001111000000000000111100000000000011110000000000001111000000000000111100000000000011110000000000001111000000000000111100000000000100000000000000 b"
18
#502510
0>
#503000
08
#503500
01
18
#504000
08
#504500
18
#505000
1>
b10 \"
08
#505500
b1000101000000000100010100000000010001010000000001000101000000000100010100000000010001010000000001000101000000000100010100000000010001010000000001000101000000000100010100000000010001010000000001000101000000000100010100000000010001010000000001000101000000000100010100000000010001010000000001000101000000000100010100000000010001010000000001000101000000000100010100000000010001010000000001000101000000000100010100000000010001010000000001000101000000000100010100000000010001010000000001000111000000000100010100000000 b"
11
18
#505510
0>
#506000
1>
b11 \"
08
#506500
b1000010000000000100001000000000010000100000000001000010000000000100001000000000010000100000000001000010000000000100001000000000010000100000000001000010000000000100001000000000010000100000000001000010000000000100001000000000010000100000000001000010000000000100001000000000010000100000000001000010000000000100001000000000010000100000000001000010000000000100001000000000010000100000000001000010000000000100001000000000010000100000000001000010000000000100001000000000010000100000000001000100000000000100001000000000 b"
18
#506510
0>
#507000
1>
b111 \"
08
#507500
b111100000000000011110000000000001111000000000000111100000000000011110000000000001111000000000000111100000000000011110000000000001111000000000000111100000000000011110000000000001111000000000000111100000000000011110000000000001111000000000000111100000000000011110000000000001111000000000000111100000000000011110000000000001111000000000000111100000000000011110000000000001111000000000000111100000000000011110000000000001111000000000000111100000000000011110000000000001111000000000000111100000000000100000000000000 b"
18
#507510
0>
#508000
08
#508500
01
18
#509000
08
#509500
18
#510000
1>
b10 \"
08
#510500
b1000101000000000100010100000000010001010000000001000101000000000100010100000000010001010000000001000101000000000100010100000000010001010000000001000101000000000100010100000000010001010000000001000101000000000100010100000000010001010000000001000101000000000100010100000000010001010000000001000101000000000100010100000000010001010000000001000101000000000100010100000000010001010000000001000101000000000100010100000000010001010000000001000101000000000100010100000000010001010000000001000111000000000100010100000000 b"
11
18
#510510
0>
#511000
1>
b11 \"
08
#511500
b1000010000000000100001000000000010000100000000001000010000000000100001000000000010000100000000001000010000000000100001000000000010000100000000001000010000000000100001000000000010000100000000001000010000000000100001000000000010000100000000001000010000000000100001000000000010000100000000001000010000000000100001000000000010000100000000001000010000000000100001000000000010000100000000001000010000000000100001000000000010000100000000001000010000000000100001000000000010000100000000001000100000000000100001000000000 b"
18
#511510
0>
#512000
1>
b111 \"
08
#512500
b111100000000000011110000000000001111000000000000111100000000000011110000000000001111000000000000111100000000000011110000000000001111000000000000111100000000000011110000000000001111000000000000111100000000000011110000000000001111000000000000111100000000000011110000000000001111000000000000111100000000000011110000000000001111000000000000111100000000000011110000000000001111000000000000111100000000000011110000000000001111000000000000111100000000000011110000000000001111000000000000111100000000000100000000000000 b"
18
#512510
0>
#513000
08
#513500
01
18
#514000
08
#514500
18
#515000
1>
b10 \"
08
#515500
b1000101000000000100010100000000010001010000000001000101000000000100010100000000010001010000000001000101000000000100010100000000010001010000000001000101000000000100010100000000010001010000000001000101000000000100010100000000010001010000000001000101000000000100010100000000010001010000000001000101000000000100010100000000010001010000000001000101000000000100010100000000010001010000000001000101000000000100010100000000010001010000000001000101000000000100010100000000010001010000000001000111000000000100010100000000 b"
11
18
#515510
0>
#516000
1>
b11 \"
08
#516500
b1000010000000000100001000000000010000100000000001000010000000000100001000000000010000100000000001000010000000000100001000000000010000100000000001000010000000000100001000000000010000100000000001000010000000000100001000000000010000100000000001000010000000000100001000000000010000100000000001000010000000000100001000000000010000100000000001000010000000000100001000000000010000100000000001000010000000000100001000000000010000100000000001000010000000000100001000000000010000100000000001000100000000000100001000000000 b"
18
#516510
0>
#517000
1>
b111 \"
08
#517500
b111100000000000011110000000000001111000000000000111100000000000011110000000000001111000000000000111100000000000011110000000000001111000000000000111100000000000011110000000000001111000000000000111100000000000011110000000000001111000000000000111100000000000011110000000000001111000000000000111100000000000011110000000000001111000000000000111100000000000011110000000000001111000000000000111100000000000011110000000000001111000000000000111100000000000011110000000000001111000000000000111100000000000100000000000000 b"
18
#517510
0>
#518000
08
#518500
01
18
#519000
08
#519500
18
#520000
1>
b10 \"
08
#520500
b1000101000000000100010100000000010001010000000001000101000000000100010100000000010001010000000001000101000000000100010100000000010001010000000001000101000000000100010100000000010001010000000001000101000000000100010100000000010001010000000001000101000000000100010100000000010001010000000001000101000000000100010100000000010001010000000001000101000000000100010100000000010001010000000001000101000000000100010100000000010001010000000001000101000000000100010100000000010001010000000001000111000000000100010100000000 b"
11
18
#520510
0>
#521000
1>
b11 \"
08
#521500
b1000010000000000100001000000000010000100000000001000010000000000100001000000000010000100000000001000010000000000100001000000000010000100000000001000010000000000100001000000000010000100000000001000010000000000100001000000000010000100000000001000010000000000100001000000000010000100000000001000010000000000100001000000000010000100000000001000010000000000100001000000000010000100000000001000010000000000100001000000000010000100000000001000010000000000100001000000000010000100000000001000100000000000100001000000000 b"
18
#521510
0>
#522000
1>
b111 \"
08
#522500
b111100000000000011110000000000001111000000000000111100000000000011110000000000001111000000000000111100000000000011110000000000001111000000000000111100000000000011110000000000001111000000000000111100000000000011110000000000001111000000000000111100000000000011110000000000001111000000000000111100000000000011110000000000001111000000000000111100000000000011110000000000001111000000000000111100000000000011110000000000001111000000000000111100000000000011110000000000001111000000000000111100000000000100000000000000 b"
18
#522510
0>
#523000
08
#523500
01
18
#524000
08
#524500
18
#525000
1>
b10 \"
08
#525500
b1000101000000000100010100000000010001010000000001000101000000000100010100000000010001010000000001000101000000000100010100000000010001010000000001000101000000000100010100000000010001010000000001000101000000000100010100000000010001010000000001000101000000000100010100000000010001010000000001000101000000000100010100000000010001010000000001000101000000000100010100000000010001010000000001000101000000000100010100000000010001010000000001000101000000000100010100000000010001010000000001000111000000000100010100000000 b"
11
18
#525510
0>
#526000
1>
b11 \"
08
#526500
b1000010000000000100001000000000010000100000000001000010000000000100001000000000010000100000000001000010000000000100001000000000010000100000000001000010000000000100001000000000010000100000000001000010000000000100001000000000010000100000000001000010000000000100001000000000010000100000000001000010000000000100001000000000010000100000000001000010000000000100001000000000010000100000000001000010000000000100001000000000010000100000000001000010000000000100001000000000010000100000000001000100000000000100001000000000 b"
18
#526510
0>
#527000
1>
b111 \"
08
#527500
b111100000000000011110000000000001111000000000000111100000000000011110000000000001111000000000000111100000000000011110000000000001111000000000000111100000000000011110000000000001111000000000000111100000000000011110000000000001111000000000000111100000000000011110000000000001111000000000000111100000000000011110000000000001111000000000000111100000000000011110000000000001111000000000000111100000000000011110000000000001111000000000000111100000000000011110000000000001111000000000000111100000000000100000000000000 b"
18
#527510
0>
#528000
08
#528500
01
18
#529000
08
#529500
18
#530000
1>
b10 \"
08
#530500
b1000101000000000100010100000000010001010000000001000101000000000100010100000000010001010000000001000101000000000100010100000000010001010000000001000101000000000100010100000000010001010000000001000101000000000100010100000000010001010000000001000101000000000100010100000000010001010000000001000101000000000100010100000000010001010000000001000101000000000100010100000000010001010000000001000101000000000100010100000000010001010000000001000101000000000100010100000000010001010000000001000111000000000100010100000000 b"
11
18
#530510
0>
#531000
1>
b11 \"
08
#531500
b1000010000000000100001000000000010000100000000001000010000000000100001000000000010000100000000001000010000000000100001000000000010000100000000001000010000000000100001000000000010000100000000001000010000000000100001000000000010000100000000001000010000000000100001000000000010000100000000001000010000000000100001000000000010000100000000001000010000000000100001000000000010000100000000001000010000000000100001000000000010000100000000001000010000000000100001000000000010000100000000001000100000000000100001000000000 b"
18
#531510
0>
#532000
1>
b111 \"
08
#532500
b111100000000000011110000000000001111000000000000111100000000000011110000000000001111000000000000111100000000000011110000000000001111000000000000111100000000000011110000000000001111000000000000111100000000000011110000000000001111000000000000111100000000000011110000000000001111000000000000111100000000000011110000000000001111000000000000111100000000000011110000000000001111000000000000111100000000000011110000000000001111000000000000111100000000000011110000000000001111000000000000111100000000000100000000000000 b"
18
#532510
0>
#533000
08
#533500
01
18
#534000
08
#534500
18
#535000
1>
b10 \"
08
#535500
b1000101000000000100010100000000010001010000000001000101000000000100010100000000010001010000000001000101000000000100010100000000010001010000000001000101000000000100010100000000010001010000000001000101000000000100010100000000010001010000000001000101000000000100010100000000010001010000000001000101000000000100010100000000010001010000000001000101000000000100010100000000010001010000000001000101000000000100010100000000010001010000000001000101000000000100010100000000010001010000000001000111000000000100010100000000 b"
11
18
#535510
0>
#536000
1>
b11 \"
08
#536500
b1000010000000000100001000000000010000100000000001000010000000000100001000000000010000100000000001000010000000000100001000000000010000100000000001000010000000000100001000000000010000100000000001000010000000000100001000000000010000100000000001000010000000000100001000000000010000100000000001000010000000000100001000000000010000100000000001000010000000000100001000000000010000100000000001000010000000000100001000000000010000100000000001000010000000000100001000000000010000100000000001000100000000000100001000000000 b"
18
#536510
0>
#537000
1>
b111 \"
08
#537500
b111100000000000011110000000000001111000000000000111100000000000011110000000000001111000000000000111100000000000011110000000000001111000000000000111100000000000011110000000000001111000000000000111100000000000011110000000000001111000000000000111100000000000011110000000000001111000000000000111100000000000011110000000000001111000000000000111100000000000011110000000000001111000000000000111100000000000011110000000000001111000000000000111100000000000011110000000000001111000000000000111100000000000100000000000000 b"
18
#537510
0>
#538000
08
#538500
01
18
#539000
08
#539500
18
#540000
1>
b10 \"
08
#540500
b1000101000000000100010100000000010001010000000001000101000000000100010100000000010001010000000001000101000000000100010100000000010001010000000001000101000000000100010100000000010001010000000001000101000000000100010100000000010001010000000001000101000000000100010100000000010001010000000001000101000000000100010100000000010001010000000001000101000000000100010100000000010001010000000001000101000000000100010100000000010001010000000001000101000000000100010100000000010001010000000001000111000000000100010100000000 b"
11
18
#540510
0>
#541000
1>
b11 \"
08
#541500
b1000010000000000100001000000000010000100000000001000010000000000100001000000000010000100000000001000010000000000100001000000000010000100000000001000010000000000100001000000000010000100000000001000010000000000100001000000000010000100000000001000010000000000100001000000000010000100000000001000010000000000100001000000000010000100000000001000010000000000100001000000000010000100000000001000010000000000100001000000000010000100000000001000010000000000100001000000000010000100000000001000100000000000100001000000000 b"
18
#541510
0>
#542000
1>
b111 \"
08
#542500
b111100000000000011110000000000001111000000000000111100000000000011110000000000001111000000000000111100000000000011110000000000001111000000000000111100000000000011110000000000001111000000000000111100000000000011110000000000001111000000000000111100000000000011110000000000001111000000000000111100000000000011110000000000001111000000000000111100000000000011110000000000001111000000000000111100000000000011110000000000001111000000000000111100000000000011110000000000001111000000000000111100000000000100000000000000 b"
18
#542510
0>
#543000
08
#543500
01
18
#544000
08
#544500
18
#545000
1>
b10 \"
08
#545500
b1000101000000000100010100000000010001010000000001000101000000000100010100000000010001010000000001000101000000000100010100000000010001010000000001000101000000000100010100000000010001010000000001000101000000000100010100000000010001010000000001000101000000000100010100000000010001010000000001000101000000000100010100000000010001010000000001000101000000000100010100000000010001010000000001000101000000000100010100000000010001010000000001000101000000000100010100000000010001010000000001000111000000000100010100000000 b"
11
18
#545510
0>
#546000
1>
b11 \"
08
#546500
b1000010000000000100001000000000010000100000000001000010000000000100001000000000010000100000000001000010000000000100001000000000010000100000000001000010000000000100001000000000010000100000000001000010000000000100001000000000010000100000000001000010000000000100001000000000010000100000000001000010000000000100001000000000010000100000000001000010000000000100001000000000010000100000000001000010000000000100001000000000010000100000000001000010000000000100001000000000010000100000000001000100000000000100001000000000 b"
18
#546510
0>
#547000
1>
b111 \"
08
#547500
b111100000000000011110000000000001111000000000000111100000000000011110000000000001111000000000000111100000000000011110000000000001111000000000000111100000000000011110000000000001111000000000000111100000000000011110000000000001111000000000000111100000000000011110000000000001111000000000000111100000000000011110000000000001111000000000000111100000000000011110000000000001111000000000000111100000000000011110000000000001111000000000000111100000000000011110000000000001111000000000000111100000000000100000000000000 b"
18
#547510
0>
#548000
08
#548500
01
18
#549000
08
#549500
18
#550000
1>
b10 \"
08
#550500
b1000101000000000100010100000000010001010000000001000101000000000100010100000000010001010000000001000101000000000100010100000000010001010000000001000101000000000100010100000000010001010000000001000101000000000100010100000000010001010000000001000101000000000100010100000000010001010000000001000101000000000100010100000000010001010000000001000101000000000100010100000000010001010000000001000101000000000100010100000000010001010000000001000101000000000100010100000000010001010000000001000111000000000100010100000000 b"
11
18
#550510
0>
#551000
1>
b11 \"
08
#551500
b1000010000000000100001000000000010000100000000001000010000000000100001000000000010000100000000001000010000000000100001000000000010000100000000001000010000000000100001000000000010000100000000001000010000000000100001000000000010000100000000001000010000000000100001000000000010000100000000001000010000000000100001000000000010000100000000001000010000000000100001000000000010000100000000001000010000000000100001000000000010000100000000001000010000000000100001000000000010000100000000001000100000000000100001000000000 b"
18
#551510
0>
#552000
1>
b111 \"
08
#552500
b111100000000000011110000000000001111000000000000111100000000000011110000000000001111000000000000111100000000000011110000000000001111000000000000111100000000000011110000000000001111000000000000111100000000000011110000000000001111000000000000111100000000000011110000000000001111000000000000111100000000000011110000000000001111000000000000111100000000000011110000000000001111000000000000111100000000000011110000000000001111000000000000111100000000000011110000000000001111000000000000111100000000000100000000000000 b"
18
#552510
0>
#553000
08
#553500
01
18
#554000
08
#554500
18
#555000
1>
b10 \"
08
#555500
b1000101000000000100010100000000010001010000000001000101000000000100010100000000010001010000000001000101000000000100010100000000010001010000000001000101000000000100010100000000010001010000000001000101000000000100010100000000010001010000000001000101000000000100010100000000010001010000000001000101000000000100010100000000010001010000000001000101000000000100010100000000010001010000000001000101000000000100010100000000010001010000000001000101000000000100010100000000010001010000000001000111000000000100010100000000 b"
11
18
#555510
0>
#556000
1>
b11 \"
08
#556500
b1000010000000000100001000000000010000100000000001000010000000000100001000000000010000100000000001000010000000000100001000000000010000100000000001000010000000000100001000000000010000100000000001000010000000000100001000000000010000100000000001000010000000000100001000000000010000100000000001000010000000000100001000000000010000100000000001000010000000000100001000000000010000100000000001000010000000000100001000000000010000100000000001000010000000000100001000000000010000100000000001000100000000000100001000000000 b"
18
#556510
0>
#557000
1>
b111 \"
08
#557500
b111100000000000011110000000000001111000000000000111100000000000011110000000000001111000000000000111100000000000011110000000000001111000000000000111100000000000011110000000000001111000000000000111100000000000011110000000000001111000000000000111100000000000011110000000000001111000000000000111100000000000011110000000000001111000000000000111100000000000011110000000000001111000000000000111100000000000011110000000000001111000000000000111100000000000011110000000000001111000000000000111100000000000100000000000000 b"
18
#557510
0>
#558000
08
#558500
01
18
#559000
08
#559500
18
#560000
1>
b10 \"
08
#560500
b1000101000000000100010100000000010001010000000001000101000000000100010100000000010001010000000001000101000000000100010100000000010001010000000001000101000000000100010100000000010001010000000001000101000000000100010100000000010001010000000001000101000000000100010100000000010001010000000001000101000000000100010100000000010001010000000001000101000000000100010100000000010001010000000001000101000000000100010100000000010001010000000001000101000000000100010100000000010001010000000001000111000000000100010100000000 b"
11
18
#560510
0>
#561000
1>
b11 \"
08
#561500
b1000010000000000100001000000000010000100000000001000010000000000100001000000000010000100000000001000010000000000100001000000000010000100000000001000010000000000100001000000000010000100000000001000010000000000100001000000000010000100000000001000010000000000100001000000000010000100000000001000010000000000100001000000000010000100000000001000010000000000100001000000000010000100000000001000010000000000100001000000000010000100000000001000010000000000100001000000000010000100000000001000100000000000100001000000000 b"
18
#561510
0>
#562000
1>
b111 \"
08
#562500
b111100000000000011110000000000001111000000000000111100000000000011110000000000001111000000000000111100000000000011110000000000001111000000000000111100000000000011110000000000001111000000000000111100000000000011110000000000001111000000000000111100000000000011110000000000001111000000000000111100000000000011110000000000001111000000000000111100000000000011110000000000001111000000000000111100000000000011110000000000001111000000000000111100000000000011110000000000001111000000000000111100000000000100000000000000 b"
18
#562510
0>
#563000
08
#563500
01
18
#564000
08
#564500
18
#565000
1>
b10 \"
08
#565500
b1000101000000000100010100000000010001010000000001000101000000000100010100000000010001010000000001000101000000000100010100000000010001010000000001000101000000000100010100000000010001010000000001000101000000000100010100000000010001010000000001000101000000000100010100000000010001010000000001000101000000000100010100000000010001010000000001000101000000000100010100000000010001010000000001000101000000000100010100000000010001010000000001000101000000000100010100000000010001010000000001000111000000000100010100000000 b"
11
18
#565510
0>
#566000
1>
b11 \"
08
#566500
b1000010000000000100001000000000010000100000000001000010000000000100001000000000010000100000000001000010000000000100001000000000010000100000000001000010000000000100001000000000010000100000000001000010000000000100001000000000010000100000000001000010000000000100001000000000010000100000000001000010000000000100001000000000010000100000000001000010000000000100001000000000010000100000000001000010000000000100001000000000010000100000000001000010000000000100001000000000010000100000000001000100000000000100001000000000 b"
18
#566510
0>
#567000
1>
b111 \"
08
#567500
b111100000000000011110000000000001111000000000000111100000000000011110000000000001111000000000000111100000000000011110000000000001111000000000000111100000000000011110000000000001111000000000000111100000000000011110000000000001111000000000000111100000000000011110000000000001111000000000000111100000000000011110000000000001111000000000000111100000000000011110000000000001111000000000000111100000000000011110000000000001111000000000000111100000000000011110000000000001111000000000000111100000000000100000000000000 b"
18
#567510
0>
#568000
08
#568500
01
18
#569000
08
#569500
18
#570000
1>
b10 \"
08
#570500
b1000101000000000100010100000000010001010000000001000101000000000100010100000000010001010000000001000101000000000100010100000000010001010000000001000101000000000100010100000000010001010000000001000101000000000100010100000000010001010000000001000101000000000100010100000000010001010000000001000101000000000100010100000000010001010000000001000101000000000100010100000000010001010000000001000101000000000100010100000000010001010000000001000101000000000100010100000000010001010000000001000111000000000100010100000000 b"
11
18
#570510
0>
#571000
1>
b11 \"
08
#571500
b1000010000000000100001000000000010000100000000001000010000000000100001000000000010000100000000001000010000000000100001000000000010000100000000001000010000000000100001000000000010000100000000001000010000000000100001000000000010000100000000001000010000000000100001000000000010000100000000001000010000000000100001000000000010000100000000001000010000000000100001000000000010000100000000001000010000000000100001000000000010000100000000001000010000000000100001000000000010000100000000001000100000000000100001000000000 b"
18
#571510
0>
#572000
1>
b111 \"
08
#572500
b111100000000000011110000000000001111000000000000111100000000000011110000000000001111000000000000111100000000000011110000000000001111000000000000111100000000000011110000000000001111000000000000111100000000000011110000000000001111000000000000111100000000000011110000000000001111000000000000111100000000000011110000000000001111000000000000111100000000000011110000000000001111000000000000111100000000000011110000000000001111000000000000111100000000000011110000000000001111000000000000111100000000000100000000000000 b"
18
#572510
0>
#573000
08
#573500
01
18
#574000
08
#574500
18
#575000
1>
b10 \"
08
#575500
b1000101000000000100010100000000010001010000000001000101000000000100010100000000010001010000000001000101000000000100010100000000010001010000000001000101000000000100010100000000010001010000000001000101000000000100010100000000010001010000000001000101000000000100010100000000010001010000000001000101000000000100010100000000010001010000000001000101000000000100010100000000010001010000000001000101000000000100010100000000010001010000000001000101000000000100010100000000010001010000000001000111000000000100010100000000 b"
11
18
#575510
0>
#576000
1>
b11 \"
08
#576500
b1000010000000000100001000000000010000100000000001000010000000000100001000000000010000100000000001000010000000000100001000000000010000100000000001000010000000000100001000000000010000100000000001000010000000000100001000000000010000100000000001000010000000000100001000000000010000100000000001000010000000000100001000000000010000100000000001000010000000000100001000000000010000100000000001000010000000000100001000000000010000100000000001000010000000000100001000000000010000100000000001000100000000000100001000000000 b"
18
#576510
0>
#577000
1>
b111 \"
08
#577500
b111100000000000011110000000000001111000000000000111100000000000011110000000000001111000000000000111100000000000011110000000000001111000000000000111100000000000011110000000000001111000000000000111100000000000011110000000000001111000000000000111100000000000011110000000000001111000000000000111100000000000011110000000000001111000000000000111100000000000011110000000000001111000000000000111100000000000011110000000000001111000000000000111100000000000011110000000000001111000000000000111100000000000100000000000000 b"
18
#577510
0>
#578000
08
#578500
01
18
#579000
08
#579500
18
#580000
1>
b10 \"
08
#580500
b1000101000000000100010100000000010001010000000001000101000000000100010100000000010001010000000001000101000000000100010100000000010001010000000001000101000000000100010100000000010001010000000001000101000000000100010100000000010001010000000001000101000000000100010100000000010001010000000001000101000000000100010100000000010001010000000001000101000000000100010100000000010001010000000001000101000000000100010100000000010001010000000001000101000000000100010100000000010001010000000001000111000000000100010100000000 b"
11
18
#580510
0>
#581000
1>
b11 \"
08
#581500
b1000010000000000100001000000000010000100000000001000010000000000100001000000000010000100000000001000010000000000100001000000000010000100000000001000010000000000100001000000000010000100000000001000010000000000100001000000000010000100000000001000010000000000100001000000000010000100000000001000010000000000100001000000000010000100000000001000010000000000100001000000000010000100000000001000010000000000100001000000000010000100000000001000010000000000100001000000000010000100000000001000100000000000100001000000000 b"
18
#581510
0>
#582000
1>
b111 \"
08
#582500
b111100000000000011110000000000001111000000000000111100000000000011110000000000001111000000000000111100000000000011110000000000001111000000000000111100000000000011110000000000001111000000000000111100000000000011110000000000001111000000000000111100000000000011110000000000001111000000000000111100000000000011110000000000001111000000000000111100000000000011110000000000001111000000000000111100000000000011110000000000001111000000000000111100000000000011110000000000001111000000000000111100000000000100000000000000 b"
18
#582510
0>
#583000
08
#583500
01
18
#584000
08
#584500
18
#585000
1>
b10 \"
08
#585500
b1000101000000000100010100000000010001010000000001000101000000000100010100000000010001010000000001000101000000000100010100000000010001010000000001000101000000000100010100000000010001010000000001000101000000000100010100000000010001010000000001000101000000000100010100000000010001010000000001000101000000000100010100000000010001010000000001000101000000000100010100000000010001010000000001000101000000000100010100000000010001010000000001000101000000000100010100000000010001010000000001000111000000000100010100000000 b"
11
18
#585510
0>
#586000
1>
b11 \"
08
#586500
b1000010000000000100001000000000010000100000000001000010000000000100001000000000010000100000000001000010000000000100001000000000010000100000000001000010000000000100001000000000010000100000000001000010000000000100001000000000010000100000000001000010000000000100001000000000010000100000000001000010000000000100001000000000010000100000000001000010000000000100001000000000010000100000000001000010000000000100001000000000010000100000000001000010000000000100001000000000010000100000000001000100000000000100001000000000 b"
18
#586510
0>
#587000
1>
b111 \"
08
#587500
b111100000000000011110000000000001111000000000000111100000000000011110000000000001111000000000000111100000000000011110000000000001111000000000000111100000000000011110000000000001111000000000000111100000000000011110000000000001111000000000000111100000000000011110000000000001111000000000000111100000000000011110000000000001111000000000000111100000000000011110000000000001111000000000000111100000000000011110000000000001111000000000000111100000000000011110000000000001111000000000000111100000000000100000000000000 b"
18
#587510
0>
#588000
08
#588500
01
18
#589000
08
#589500
18
#590000
1>
b10 \"
08
#590500
b1000101000000000100010100000000010001010000000001000101000000000100010100000000010001010000000001000101000000000100010100000000010001010000000001000101000000000100010100000000010001010000000001000101000000000100010100000000010001010000000001000101000000000100010100000000010001010000000001000101000000000100010100000000010001010000000001000101000000000100010100000000010001010000000001000101000000000100010100000000010001010000000001000101000000000100010100000000010001010000000001000111000000000100010100000000 b"
11
18
#590510
0>
#591000
1>
b11 \"
08
#591500
b1000010000000000100001000000000010000100000000001000010000000000100001000000000010000100000000001000010000000000100001000000000010000100000000001000010000000000100001000000000010000100000000001000010000000000100001000000000010000100000000001000010000000000100001000000000010000100000000001000010000000000100001000000000010000100000000001000010000000000100001000000000010000100000000001000010000000000100001000000000010000100000000001000010000000000100001000000000010000100000000001000100000000000100001000000000 b"
18
#591510
0>
#592000
1>
b111 \"
08
#592500
b111100000000000011110000000000001111000000000000111100000000000011110000000000001111000000000000111100000000000011110000000000001111000000000000111100000000000011110000000000001111000000000000111100000000000011110000000000001111000000000000111100000000000011110000000000001111000000000000111100000000000011110000000000001111000000000000111100000000000011110000000000001111000000000000111100000000000011110000000000001111000000000000111100000000000011110000000000001111000000000000111100000000000100000000000000 b"
18
#592510
0>
#593000
08
#593500
01
18
#594000
08
#594500
18
#595000
1>
b10 \"
08
#595500
b1000101000000000100010100000000010001010000000001000101000000000100010100000000010001010000000001000101000000000100010100000000010001010000000001000101000000000100010100000000010001010000000001000101000000000100010100000000010001010000000001000101000000000100010100000000010001010000000001000101000000000100010100000000010001010000000001000101000000000100010100000000010001010000000001000101000000000100010100000000010001010000000001000101000000000100010100000000010001010000000001000111000000000100010100000000 b"
11
18
#595510
0>
#596000
1>
b11 \"
08
#596500
b1000010000000000100001000000000010000100000000001000010000000000100001000000000010000100000000001000010000000000100001000000000010000100000000001000010000000000100001000000000010000100000000001000010000000000100001000000000010000100000000001000010000000000100001000000000010000100000000001000010000000000100001000000000010000100000000001000010000000000100001000000000010000100000000001000010000000000100001000000000010000100000000001000010000000000100001000000000010000100000000001000100000000000100001000000000 b"
18
#596510
0>
#597000
1>
b111 \"
08
#597500
b111100000000000011110000000000001111000000000000111100000000000011110000000000001111000000000000111100000000000011110000000000001111000000000000111100000000000011110000000000001111000000000000111100000000000011110000000000001111000000000000111100000000000011110000000000001111000000000000111100000000000011110000000000001111000000000000111100000000000011110000000000001111000000000000111100000000000011110000000000001111000000000000111100000000000011110000000000001111000000000000111100000000000100000000000000 b"
18
#597510
0>
#598000
08
#598500
01
18
#599000
08
#599500
18
#600000
1>
b10 \"
08
#600500
b1000101000000000100010100000000010001010000000001000101000000000100010100000000010001010000000001000101000000000100010100000000010001010000000001000101000000000100010100000000010001010000000001000101000000000100010100000000010001010000000001000101000000000100010100000000010001010000000001000101000000000100010100000000010001010000000001000101000000000100010100000000010001010000000001000101000000000100010100000000010001010000000001000101000000000100010100000000010001010000000001000111000000000100010100000000 b"
11
18
#600510
0>
#601000
1>
b11 \"
08
#601500
b1000010000000000100001000000000010000100000000001000010000000000100001000000000010000100000000001000010000000000100001000000000010000100000000001000010000000000100001000000000010000100000000001000010000000000100001000000000010000100000000001000010000000000100001000000000010000100000000001000010000000000100001000000000010000100000000001000010000000000100001000000000010000100000000001000010000000000100001000000000010000100000000001000010000000000100001000000000010000100000000001000100000000000100001000000000 b"
18
#601510
0>
#602000
1>
b111 \"
08
#602500
b111100000000000011110000000000001111000000000000111100000000000011110000000000001111000000000000111100000000000011110000000000001111000000000000111100000000000011110000000000001111000000000000111100000000000011110000000000001111000000000000111100000000000011110000000000001111000000000000111100000000000011110000000000001111000000000000111100000000000011110000000000001111000000000000111100000000000011110000000000001111000000000000111100000000000011110000000000001111000000000000111100000000000100000000000000 b"
18
#602510
0>
#603000
08
#603500
01
18
#604000
08
#604500
18
#605000
1>
b10 \"
08
#605500
b1000101000000000100010100000000010001010000000001000101000000000100010100000000010001010000000001000101000000000100010100000000010001010000000001000101000000000100010100000000010001010000000001000101000000000100010100000000010001010000000001000101000000000100010100000000010001010000000001000101000000000100010100000000010001010000000001000101000000000100010100000000010001010000000001000101000000000100010100000000010001010000000001000101000000000100010100000000010001010000000001000111000000000100010100000000 b"
11
18
#605510
0>
#606000
1>
b11 \"
08
#606500
b1000010000000000100001000000000010000100000000001000010000000000100001000000000010000100000000001000010000000000100001000000000010000100000000001000010000000000100001000000000010000100000000001000010000000000100001000000000010000100000000001000010000000000100001000000000010000100000000001000010000000000100001000000000010000100000000001000010000000000100001000000000010000100000000001000010000000000100001000000000010000100000000001000010000000000100001000000000010000100000000001000100000000000100001000000000 b"
18
#606510
0>
#607000
1>
b111 \"
08
#607500
b111100000000000011110000000000001111000000000000111100000000000011110000000000001111000000000000111100000000000011110000000000001111000000000000111100000000000011110000000000001111000000000000111100000000000011110000000000001111000000000000111100000000000011110000000000001111000000000000111100000000000011110000000000001111000000000000111100000000000011110000000000001111000000000000111100000000000011110000000000001111000000000000111100000000000011110000000000001111000000000000111100000000000100000000000000 b"
18
#607510
0>
#608000
08
#608500
01
18
#609000
08
#609500
18
#610000
1>
b10 \"
08
#610500
b1000101000000000100010100000000010001010000000001000101000000000100010100000000010001010000000001000101000000000100010100000000010001010000000001000101000000000100010100000000010001010000000001000101000000000100010100000000010001010000000001000101000000000100010100000000010001010000000001000101000000000100010100000000010001010000000001000101000000000100010100000000010001010000000001000101000000000100010100000000010001010000000001000101000000000100010100000000010001010000000001000111000000000100010100000000 b"
11
18
#610510
0>
#611000
1>
b11 \"
08
#611500
b1000010000000000100001000000000010000100000000001000010000000000100001000000000010000100000000001000010000000000100001000000000010000100000000001000010000000000100001000000000010000100000000001000010000000000100001000000000010000100000000001000010000000000100001000000000010000100000000001000010000000000100001000000000010000100000000001000010000000000100001000000000010000100000000001000010000000000100001000000000010000100000000001000010000000000100001000000000010000100000000001000100000000000100001000000000 b"
18
#611510
0>
#612000
1>
b111 \"
08
#612500
b111100000000000011110000000000001111000000000000111100000000000011110000000000001111000000000000111100000000000011110000000000001111000000000000111100000000000011110000000000001111000000000000111100000000000011110000000000001111000000000000111100000000000011110000000000001111000000000000111100000000000011110000000000001111000000000000111100000000000011110000000000001111000000000000111100000000000011110000000000001111000000000000111100000000000011110000000000001111000000000000111100000000000100000000000000 b"
18
#612510
0>
#613000
08
#613500
01
18
#614000
08
#614500
18
#615000
1>
b10 \"
08
#615500
b1000101000000000100010100000000010001010000000001000101000000000100010100000000010001010000000001000101000000000100010100000000010001010000000001000101000000000100010100000000010001010000000001000101000000000100010100000000010001010000000001000101000000000100010100000000010001010000000001000101000000000100010100000000010001010000000001000101000000000100010100000000010001010000000001000101000000000100010100000000010001010000000001000101000000000100010100000000010001010000000001000111000000000100010100000000 b"
11
18
#615510
0>
#616000
1>
b11 \"
08
#616500
b1000010000000000100001000000000010000100000000001000010000000000100001000000000010000100000000001000010000000000100001000000000010000100000000001000010000000000100001000000000010000100000000001000010000000000100001000000000010000100000000001000010000000000100001000000000010000100000000001000010000000000100001000000000010000100000000001000010000000000100001000000000010000100000000001000010000000000100001000000000010000100000000001000010000000000100001000000000010000100000000001000100000000000100001000000000 b"
18
#616510
0>
#617000
1>
b111 \"
08
#617500
b111100000000000011110000000000001111000000000000111100000000000011110000000000001111000000000000111100000000000011110000000000001111000000000000111100000000000011110000000000001111000000000000111100000000000011110000000000001111000000000000111100000000000011110000000000001111000000000000111100000000000011110000000000001111000000000000111100000000000011110000000000001111000000000000111100000000000011110000000000001111000000000000111100000000000011110000000000001111000000000000111100000000000100000000000000 b"
18
#617510
0>
#618000
08
#618500
01
18
#619000
08
#619500
18
#620000
1>
b10 \"
08
#620500
b1000101000000000100010100000000010001010000000001000101000000000100010100000000010001010000000001000101000000000100010100000000010001010000000001000101000000000100010100000000010001010000000001000101000000000100010100000000010001010000000001000101000000000100010100000000010001010000000001000101000000000100010100000000010001010000000001000101000000000100010100000000010001010000000001000101000000000100010100000000010001010000000001000101000000000100010100000000010001010000000001000111000000000100010100000000 b"
11
18
#620510
0>
#621000
1>
b11 \"
08
#621500
b1000010000000000100001000000000010000100000000001000010000000000100001000000000010000100000000001000010000000000100001000000000010000100000000001000010000000000100001000000000010000100000000001000010000000000100001000000000010000100000000001000010000000000100001000000000010000100000000001000010000000000100001000000000010000100000000001000010000000000100001000000000010000100000000001000010000000000100001000000000010000100000000001000010000000000100001000000000010000100000000001000100000000000100001000000000 b"
18
#621510
0>
#622000
1>
b111 \"
08
#622500
b111100000000000011110000000000001111000000000000111100000000000011110000000000001111000000000000111100000000000011110000000000001111000000000000111100000000000011110000000000001111000000000000111100000000000011110000000000001111000000000000111100000000000011110000000000001111000000000000111100000000000011110000000000001111000000000000111100000000000011110000000000001111000000000000111100000000000011110000000000001111000000000000111100000000000011110000000000001111000000000000111100000000000100000000000000 b"
18
#622510
0>
#623000
08
#623500
01
18
#624000
08
#624500
18
#625000
1>
b10 \"
08
#625500
b1000101000000000100010100000000010001010000000001000101000000000100010100000000010001010000000001000101000000000100010100000000010001010000000001000101000000000100010100000000010001010000000001000101000000000100010100000000010001010000000001000101000000000100010100000000010001010000000001000101000000000100010100000000010001010000000001000101000000000100010100000000010001010000000001000101000000000100010100000000010001010000000001000101000000000100010100000000010001010000000001000111000000000100010100000000 b"
11
18
#625510
0>
#626000
1>
b11 \"
08
#626500
b1000010000000000100001000000000010000100000000001000010000000000100001000000000010000100000000001000010000000000100001000000000010000100000000001000010000000000100001000000000010000100000000001000010000000000100001000000000010000100000000001000010000000000100001000000000010000100000000001000010000000000100001000000000010000100000000001000010000000000100001000000000010000100000000001000010000000000100001000000000010000100000000001000010000000000100001000000000010000100000000001000100000000000100001000000000 b"
18
#626510
0>
#627000
1>
b111 \"
08
#627500
b111100000000000011110000000000001111000000000000111100000000000011110000000000001111000000000000111100000000000011110000000000001111000000000000111100000000000011110000000000001111000000000000111100000000000011110000000000001111000000000000111100000000000011110000000000001111000000000000111100000000000011110000000000001111000000000000111100000000000011110000000000001111000000000000111100000000000011110000000000001111000000000000111100000000000011110000000000001111000000000000111100000000000100000000000000 b"
18
#627510
0>
#628000
08
#628500
01
18
#629000
08
#629500
18
#630000
1>
b10 \"
08
#630500
b1000101000000000100010100000000010001010000000001000101000000000100010100000000010001010000000001000101000000000100010100000000010001010000000001000101000000000100010100000000010001010000000001000101000000000100010100000000010001010000000001000101000000000100010100000000010001010000000001000101000000000100010100000000010001010000000001000101000000000100010100000000010001010000000001000101000000000100010100000000010001010000000001000101000000000100010100000000010001010000000001000111000000000100010100000000 b"
11
18
#630510
0>
#631000
1>
b11 \"
08
#631500
b1000010000000000100001000000000010000100000000001000010000000000100001000000000010000100000000001000010000000000100001000000000010000100000000001000010000000000100001000000000010000100000000001000010000000000100001000000000010000100000000001000010000000000100001000000000010000100000000001000010000000000100001000000000010000100000000001000010000000000100001000000000010000100000000001000010000000000100001000000000010000100000000001000010000000000100001000000000010000100000000001000100000000000100001000000000 b"
18
#631510
0>
#632000
1>
b111 \"
08
#632500
b111100000000000011110000000000001111000000000000111100000000000011110000000000001111000000000000111100000000000011110000000000001111000000000000111100000000000011110000000000001111000000000000111100000000000011110000000000001111000000000000111100000000000011110000000000001111000000000000111100000000000011110000000000001111000000000000111100000000000011110000000000001111000000000000111100000000000011110000000000001111000000000000111100000000000011110000000000001111000000000000111100000000000100000000000000 b"
18
#632510
0>
#633000
08
#633500
01
18
#634000
08
#634500
18
#635000
1>
b10 \"
08
#635500
b1000101000000000100010100000000010001010000000001000101000000000100010100000000010001010000000001000101000000000100010100000000010001010000000001000101000000000100010100000000010001010000000001000101000000000100010100000000010001010000000001000101000000000100010100000000010001010000000001000101000000000100010100000000010001010000000001000101000000000100010100000000010001010000000001000101000000000100010100000000010001010000000001000101000000000100010100000000010001010000000001000111000000000100010100000000 b"
11
18
#635510
0>
#636000
1>
b11 \"
08
#636500
b1000010000000000100001000000000010000100000000001000010000000000100001000000000010000100000000001000010000000000100001000000000010000100000000001000010000000000100001000000000010000100000000001000010000000000100001000000000010000100000000001000010000000000100001000000000010000100000000001000010000000000100001000000000010000100000000001000010000000000100001000000000010000100000000001000010000000000100001000000000010000100000000001000010000000000100001000000000010000100000000001000100000000000100001000000000 b"
18
#636510
0>
#637000
1>
b111 \"
08
#637500
b111100000000000011110000000000001111000000000000111100000000000011110000000000001111000000000000111100000000000011110000000000001111000000000000111100000000000011110000000000001111000000000000111100000000000011110000000000001111000000000000111100000000000011110000000000001111000000000000111100000000000011110000000000001111000000000000111100000000000011110000000000001111000000000000111100000000000011110000000000001111000000000000111100000000000011110000000000001111000000000000111100000000000100000000000000 b"
18
#637510
0>
#638000
08
#638500
01
18
#639000
08
#639500
18
#640000
1>
b10 \"
08
#640500
b1000101000000000100010100000000010001010000000001000101000000000100010100000000010001010000000001000101000000000100010100000000010001010000000001000101000000000100010100000000010001010000000001000101000000000100010100000000010001010000000001000101000000000100010100000000010001010000000001000101000000000100010100000000010001010000000001000101000000000100010100000000010001010000000001000101000000000100010100000000010001010000000001000101000000000100010100000000010001010000000001000111000000000100010100000000 b"
11
18
#640510
0>
#641000
1>
b11 \"
08
#641500
b1000010000000000100001000000000010000100000000001000010000000000100001000000000010000100000000001000010000000000100001000000000010000100000000001000010000000000100001000000000010000100000000001000010000000000100001000000000010000100000000001000010000000000100001000000000010000100000000001000010000000000100001000000000010000100000000001000010000000000100001000000000010000100000000001000010000000000100001000000000010000100000000001000010000000000100001000000000010000100000000001000100000000000100001000000000 b"
18
#641510
0>
#642000
1>
b111 \"
08
#642500
b111100000000000011110000000000001111000000000000111100000000000011110000000000001111000000000000111100000000000011110000000000001111000000000000111100000000000011110000000000001111000000000000111100000000000011110000000000001111000000000000111100000000000011110000000000001111000000000000111100000000000011110000000000001111000000000000111100000000000011110000000000001111000000000000111100000000000011110000000000001111000000000000111100000000000011110000000000001111000000000000111100000000000100000000000000 b"
18
#642510
0>
#643000
08
#643500
01
18
#644000
08
#644500
18
#645000
1>
b10 \"
08
#645500
b1000101000000000100010100000000010001010000000001000101000000000100010100000000010001010000000001000101000000000100010100000000010001010000000001000101000000000100010100000000010001010000000001000101000000000100010100000000010001010000000001000101000000000100010100000000010001010000000001000101000000000100010100000000010001010000000001000101000000000100010100000000010001010000000001000101000000000100010100000000010001010000000001000101000000000100010100000000010001010000000001000111000000000100010100000000 b"
11
18
#645510
0>
#646000
1>
b11 \"
08
#646500
b1000010000000000100001000000000010000100000000001000010000000000100001000000000010000100000000001000010000000000100001000000000010000100000000001000010000000000100001000000000010000100000000001000010000000000100001000000000010000100000000001000010000000000100001000000000010000100000000001000010000000000100001000000000010000100000000001000010000000000100001000000000010000100000000001000010000000000100001000000000010000100000000001000010000000000100001000000000010000100000000001000100000000000100001000000000 b"
18
#646510
0>
#647000
1>
b111 \"
08
#647500
b111100000000000011110000000000001111000000000000111100000000000011110000000000001111000000000000111100000000000011110000000000001111000000000000111100000000000011110000000000001111000000000000111100000000000011110000000000001111000000000000111100000000000011110000000000001111000000000000111100000000000011110000000000001111000000000000111100000000000011110000000000001111000000000000111100000000000011110000000000001111000000000000111100000000000011110000000000001111000000000000111100000000000100000000000000 b"
18
#647510
0>
#648000
08
#648500
01
18
#649000
08
#649500
18
#650000
1>
b10 \"
08
#650500
b1000101000000000100010100000000010001010000000001000101000000000100010100000000010001010000000001000101000000000100010100000000010001010000000001000101000000000100010100000000010001010000000001000101000000000100010100000000010001010000000001000101000000000100010100000000010001010000000001000101000000000100010100000000010001010000000001000101000000000100010100000000010001010000000001000101000000000100010100000000010001010000000001000101000000000100010100000000010001010000000001000111000000000100010100000000 b"
11
18
#650510
0>
#651000
1>
b11 \"
08
#651500
b1000010000000000100001000000000010000100000000001000010000000000100001000000000010000100000000001000010000000000100001000000000010000100000000001000010000000000100001000000000010000100000000001000010000000000100001000000000010000100000000001000010000000000100001000000000010000100000000001000010000000000100001000000000010000100000000001000010000000000100001000000000010000100000000001000010000000000100001000000000010000100000000001000010000000000100001000000000010000100000000001000100000000000100001000000000 b"
18
#651510
0>
#652000
1>
b111 \"
08
#652500
b111100000000000011110000000000001111000000000000111100000000000011110000000000001111000000000000111100000000000011110000000000001111000000000000111100000000000011110000000000001111000000000000111100000000000011110000000000001111000000000000111100000000000011110000000000001111000000000000111100000000000011110000000000001111000000000000111100000000000011110000000000001111000000000000111100000000000011110000000000001111000000000000111100000000000011110000000000001111000000000000111100000000000100000000000000 b"
18
#652510
0>
#653000
08
#653500
01
18
#654000
08
#654500
18
#655000
1>
b10 \"
08
#655500
b1000101000000000100010100000000010001010000000001000101000000000100010100000000010001010000000001000101000000000100010100000000010001010000000001000101000000000100010100000000010001010000000001000101000000000100010100000000010001010000000001000101000000000100010100000000010001010000000001000101000000000100010100000000010001010000000001000101000000000100010100000000010001010000000001000101000000000100010100000000010001010000000001000101000000000100010100000000010001010000000001000111000000000100010100000000 b"
11
18
#655510
0>
#656000
1>
b11 \"
08
#656500
b1000010000000000100001000000000010000100000000001000010000000000100001000000000010000100000000001000010000000000100001000000000010000100000000001000010000000000100001000000000010000100000000001000010000000000100001000000000010000100000000001000010000000000100001000000000010000100000000001000010000000000100001000000000010000100000000001000010000000000100001000000000010000100000000001000010000000000100001000000000010000100000000001000010000000000100001000000000010000100000000001000100000000000100001000000000 b"
18
#656510
0>
#657000
1>
b111 \"
08
#657500
b111100000000000011110000000000001111000000000000111100000000000011110000000000001111000000000000111100000000000011110000000000001111000000000000111100000000000011110000000000001111000000000000111100000000000011110000000000001111000000000000111100000000000011110000000000001111000000000000111100000000000011110000000000001111000000000000111100000000000011110000000000001111000000000000111100000000000011110000000000001111000000000000111100000000000011110000000000001111000000000000111100000000000100000000000000 b"
18
#657510
0>
#658000
08
#658500
01
18
#659000
08
#659500
18
#660000
08
#660500
18
#661000
08
#661500
18
