$date
  generated by MLX scope extractor
$end
$version
  mlxsim H199 exact transition subset
$end
$timescale
	1ps
$end
$scope module component_activity $end
$var wire 1 8 clk $end
$var wire 4 \" op_i [3:0] $end
$var wire 1 K rst_n $end
$var wire 1 > valid_i $end
$var wire 512 ^" vector_a_i [511:0] $end
$var wire 512 _" vector_b_i [511:0] $end
$var wire 512 `" vector_c_i [511:0] $end
$var reg 1 2 illegal_o $end
$var reg 1 1 valid_o $end
$var reg 512 b" vector_result_o [511:0] $end
$upscope $end
$enddefinitions $end
#0
$dumpvars
bx b"
b1000010000000000100001000000000010000100000000001000010000000000100001000000000010000100000000001000010000000000100001000000000010000100000000001000010000000000100001000000000010000100000000001000010000000000100001000000000010000100000000001000010000000000100001000000000010000100000000001000010000000000100001000000000010000100000000001000010000000000100001000000000010000100000000001000010000000000100001000000000010000100000000001000010000000000100001000000000010000100000000001000010000000000100001000000000 `"
b1000000000000000100000000000000010000000000000001000000000000000100000000000000010000000000000001000000000000000100000000000000010000000000000001000000000000000100000000000000010000000000000001000000000000000100000000000000010000000000000001000000000000000100000000000000010000000000000001000000000000000100000000000000010000000000000001000000000000000100000000000000010000000000000001000000000000000100000000000000010000000000000001000000000000000100000000000000010000000000000001000000000000000100000000000000 _"
b111100000000000011110000000000001111000000000000111100000000000011110000000000001111000000000000111100000000000011110000000000001111000000000000111100000000000011110000000000001111000000000000111100000000000011110000000000001111000000000000111100000000000011110000000000001111000000000000111100000000000011110000000000001111000000000000111100000000000011110000000000001111000000000000111100000000000011110000000000001111000000000000111100000000000011110000000000001111000000000001000000000000000011110000000000 ^"
b0 \"
0K
0>
08
x2
x1
$end
#500
02
b0 b"
01
18
#1000
08
#1500
18
#2000
08
#2500
1K
18
#3000
08
#3500
18
#4000
08
#4500
18
#5000
08
#5500
18
#6000
08
#6500
18
#7000
08
#7500
18
#8000
08
#8500
18
#9000
08
#9500
18
#10000
08
#10010
#10020
#10030
#10040
#10050
#10060
#10070
#10500
18
#11000
08
#11500
18
#12000
08
#12500
18
#13000
08
#13500
18
#14000
08
#14500
18
#15000
08
#15500
18
#16000
08
#16500
18
#17000
08
#17500
18
#18000
08
#18500
18
#19000
08
#19500
18
#20000
08
#20500
18
#21000
1>
b10 \"
08
#21500
b1000101000000000100010100000000010001010000000001000101000000000100010100000000010001010000000001000101000000000100010100000000010001010000000001000101000000000100010100000000010001010000000001000101000000000100010100000000010001010000000001000101000000000100010100000000010001010000000001000101000000000100010100000000010001010000000001000101000000000100010100000000010001010000000001000101000000000100010100000000010001010000000001000101000000000100010100000000010001010000000001000111000000000100010100000000 b"
11
18
#21510
0>
#22000
1>
b100 \"
08
#22500
b1000000000000000100000000000000010000000000000001000000000000000100000000000000010000000000000001000000000000000100000000000000010000000000000001000000000000000100000000000000010000000000000001000000000000000100000000000000010000000000000001000000000000000100000000000000010000000000000001000000000000000100000000000000010000000000000001000000000000000100000000000000010000000000000001000000000000000100000000000000010000000000000001000000000000000100000000000000010000000000000001000000000000000100000000000000 b"
18
#22510
0>
#23000
1>
b101 \"
08
#23500
b111100000000000011110000000000001111000000000000111100000000000011110000000000001111000000000000111100000000000011110000000000001111000000000000111100000000000011110000000000001111000000000000111100000000000011110000000000001111000000000000111100000000000011110000000000001111000000000000111100000000000011110000000000001111000000000000111100000000000011110000000000001111000000000001000001011100000100000101110000010000010111000001000001011100000100000101110000010000010111000001000111011001000100000101110000 b"
18
#23510
0>
#24000
1>
b110 \"
08
#24500
b111100000000000011110000000000001111000000000000111100000000000011110000000000001111000000000000111100000000000011110000000000001111000000000000111100000000000011110000000000001111000000000000111100000000000011110000000000001111000000000000111100000000000011110000000000001111000000000000111100000000000011110000000000001111000000000000111100000000000011110000000000001111000000000000111000000000000011100000000000001110000000000000111000000000000011100000000000001110000000000000111100000000000011100000000000 b"
18
#24510
0>
#25000
1>
b10 \"
08
#25500
b1000101000000000100010100000000010001010000000001000101000000000100010100000000010001010000000001000101000000000100010100000000010001010000000001000101000000000100010100000000010001010000000001000101000000000100010100000000010001010000000001000101000000000100010100000000010001010000000001000101000000000100010100000000010001010000000001000101000000000100010100000000010001010000000001000101000000000100010100000000010001010000000001000101000000000100010100000000010001010000000001000111000000000100010100000000 b"
18
#25510
0>
#26000
1>
08
#26500
18
#26510
0>
#27000
1>
b100 \"
08
#27500
b1000000000000000100000000000000010000000000000001000000000000000100000000000000010000000000000001000000000000000100000000000000010000000000000001000000000000000100000000000000010000000000000001000000000000000100000000000000010000000000000001000000000000000100000000000000010000000000000001000000000000000100000000000000010000000000000001000000000000000100000000000000010000000000000001000000000000000100000000000000010000000000000001000000000000000100000000000000010000000000000001000000000000000100000000000000 b"
18
#27510
0>
#28000
1>
b101 \"
08
#28500
b111100000000000011110000000000001111000000000000111100000000000011110000000000001111000000000000111100000000000011110000000000001111000000000000111100000000000011110000000000001111000000000000111100000000000011110000000000001111000000000000111100000000000011110000000000001111000000000000111100000000000011110000000000001111000000000000111100000000000011110000000000001111000000000001000001011100000100000101110000010000010111000001000001011100000100000101110000010000010111000001000111011001000100000101110000 b"
18
#28510
0>
#29000
1>
b110 \"
08
#29500
b111100000000000011110000000000001111000000000000111100000000000011110000000000001111000000000000111100000000000011110000000000001111000000000000111100000000000011110000000000001111000000000000111100000000000011110000000000001111000000000000111100000000000011110000000000001111000000000000111100000000000011110000000000001111000000000000111100000000000011110000000000001111000000000000111000000000000011100000000000001110000000000000111000000000000011100000000000001110000000000000111100000000000011100000000000 b"
18
#29510
0>
#30000
1>
b10 \"
08
#30500
b1000101000000000100010100000000010001010000000001000101000000000100010100000000010001010000000001000101000000000100010100000000010001010000000001000101000000000100010100000000010001010000000001000101000000000100010100000000010001010000000001000101000000000100010100000000010001010000000001000101000000000100010100000000010001010000000001000101000000000100010100000000010001010000000001000101000000000100010100000000010001010000000001000101000000000100010100000000010001010000000001000111000000000100010100000000 b"
18
#30510
0>
#31000
1>
08
#31500
18
#31510
0>
#32000
1>
b100 \"
08
#32500
b1000000000000000100000000000000010000000000000001000000000000000100000000000000010000000000000001000000000000000100000000000000010000000000000001000000000000000100000000000000010000000000000001000000000000000100000000000000010000000000000001000000000000000100000000000000010000000000000001000000000000000100000000000000010000000000000001000000000000000100000000000000010000000000000001000000000000000100000000000000010000000000000001000000000000000100000000000000010000000000000001000000000000000100000000000000 b"
18
#32510
0>
#33000
1>
b101 \"
08
#33500
b111100000000000011110000000000001111000000000000111100000000000011110000000000001111000000000000111100000000000011110000000000001111000000000000111100000000000011110000000000001111000000000000111100000000000011110000000000001111000000000000111100000000000011110000000000001111000000000000111100000000000011110000000000001111000000000000111100000000000011110000000000001111000000000001000001011100000100000101110000010000010111000001000001011100000100000101110000010000010111000001000111011001000100000101110000 b"
18
#33510
0>
#34000
1>
b110 \"
08
#34500
b111100000000000011110000000000001111000000000000111100000000000011110000000000001111000000000000111100000000000011110000000000001111000000000000111100000000000011110000000000001111000000000000111100000000000011110000000000001111000000000000111100000000000011110000000000001111000000000000111100000000000011110000000000001111000000000000111100000000000011110000000000001111000000000000111000000000000011100000000000001110000000000000111000000000000011100000000000001110000000000000111100000000000011100000000000 b"
18
#34510
0>
#35000
1>
b10 \"
08
#35500
b1000101000000000100010100000000010001010000000001000101000000000100010100000000010001010000000001000101000000000100010100000000010001010000000001000101000000000100010100000000010001010000000001000101000000000100010100000000010001010000000001000101000000000100010100000000010001010000000001000101000000000100010100000000010001010000000001000101000000000100010100000000010001010000000001000101000000000100010100000000010001010000000001000101000000000100010100000000010001010000000001000111000000000100010100000000 b"
18
#35510
0>
#36000
1>
08
#36500
18
#36510
0>
#37000
1>
b100 \"
08
#37500
b1000000000000000100000000000000010000000000000001000000000000000100000000000000010000000000000001000000000000000100000000000000010000000000000001000000000000000100000000000000010000000000000001000000000000000100000000000000010000000000000001000000000000000100000000000000010000000000000001000000000000000100000000000000010000000000000001000000000000000100000000000000010000000000000001000000000000000100000000000000010000000000000001000000000000000100000000000000010000000000000001000000000000000100000000000000 b"
18
#37510
0>
#38000
1>
b101 \"
08
#38500
b111100000000000011110000000000001111000000000000111100000000000011110000000000001111000000000000111100000000000011110000000000001111000000000000111100000000000011110000000000001111000000000000111100000000000011110000000000001111000000000000111100000000000011110000000000001111000000000000111100000000000011110000000000001111000000000000111100000000000011110000000000001111000000000001000001011100000100000101110000010000010111000001000001011100000100000101110000010000010111000001000111011001000100000101110000 b"
18
#38510
0>
#39000
1>
b110 \"
08
#39500
b111100000000000011110000000000001111000000000000111100000000000011110000000000001111000000000000111100000000000011110000000000001111000000000000111100000000000011110000000000001111000000000000111100000000000011110000000000001111000000000000111100000000000011110000000000001111000000000000111100000000000011110000000000001111000000000000111100000000000011110000000000001111000000000000111000000000000011100000000000001110000000000000111000000000000011100000000000001110000000000000111100000000000011100000000000 b"
18
#39510
0>
#40000
1>
b10 \"
08
#40500
b1000101000000000100010100000000010001010000000001000101000000000100010100000000010001010000000001000101000000000100010100000000010001010000000001000101000000000100010100000000010001010000000001000101000000000100010100000000010001010000000001000101000000000100010100000000010001010000000001000101000000000100010100000000010001010000000001000101000000000100010100000000010001010000000001000101000000000100010100000000010001010000000001000101000000000100010100000000010001010000000001000111000000000100010100000000 b"
18
#40510
0>
#41000
1>
08
#41500
18
#41510
0>
#42000
1>
b100 \"
08
#42500
b1000000000000000100000000000000010000000000000001000000000000000100000000000000010000000000000001000000000000000100000000000000010000000000000001000000000000000100000000000000010000000000000001000000000000000100000000000000010000000000000001000000000000000100000000000000010000000000000001000000000000000100000000000000010000000000000001000000000000000100000000000000010000000000000001000000000000000100000000000000010000000000000001000000000000000100000000000000010000000000000001000000000000000100000000000000 b"
18
#42510
0>
#43000
1>
b101 \"
08
#43500
b111100000000000011110000000000001111000000000000111100000000000011110000000000001111000000000000111100000000000011110000000000001111000000000000111100000000000011110000000000001111000000000000111100000000000011110000000000001111000000000000111100000000000011110000000000001111000000000000111100000000000011110000000000001111000000000000111100000000000011110000000000001111000000000001000001011100000100000101110000010000010111000001000001011100000100000101110000010000010111000001000111011001000100000101110000 b"
18
#43510
0>
#44000
1>
b110 \"
08
#44500
b111100000000000011110000000000001111000000000000111100000000000011110000000000001111000000000000111100000000000011110000000000001111000000000000111100000000000011110000000000001111000000000000111100000000000011110000000000001111000000000000111100000000000011110000000000001111000000000000111100000000000011110000000000001111000000000000111100000000000011110000000000001111000000000000111000000000000011100000000000001110000000000000111000000000000011100000000000001110000000000000111100000000000011100000000000 b"
18
#44510
0>
#45000
1>
b10 \"
08
#45500
b1000101000000000100010100000000010001010000000001000101000000000100010100000000010001010000000001000101000000000100010100000000010001010000000001000101000000000100010100000000010001010000000001000101000000000100010100000000010001010000000001000101000000000100010100000000010001010000000001000101000000000100010100000000010001010000000001000101000000000100010100000000010001010000000001000101000000000100010100000000010001010000000001000101000000000100010100000000010001010000000001000111000000000100010100000000 b"
18
#45510
0>
#46000
1>
08
#46500
18
#46510
0>
#47000
1>
b100 \"
08
#47500
b1000000000000000100000000000000010000000000000001000000000000000100000000000000010000000000000001000000000000000100000000000000010000000000000001000000000000000100000000000000010000000000000001000000000000000100000000000000010000000000000001000000000000000100000000000000010000000000000001000000000000000100000000000000010000000000000001000000000000000100000000000000010000000000000001000000000000000100000000000000010000000000000001000000000000000100000000000000010000000000000001000000000000000100000000000000 b"
18
#47510
0>
#48000
1>
b101 \"
08
#48500
b111100000000000011110000000000001111000000000000111100000000000011110000000000001111000000000000111100000000000011110000000000001111000000000000111100000000000011110000000000001111000000000000111100000000000011110000000000001111000000000000111100000000000011110000000000001111000000000000111100000000000011110000000000001111000000000000111100000000000011110000000000001111000000000001000001011100000100000101110000010000010111000001000001011100000100000101110000010000010111000001000111011001000100000101110000 b"
18
#48510
0>
#49000
1>
b110 \"
08
#49500
b111100000000000011110000000000001111000000000000111100000000000011110000000000001111000000000000111100000000000011110000000000001111000000000000111100000000000011110000000000001111000000000000111100000000000011110000000000001111000000000000111100000000000011110000000000001111000000000000111100000000000011110000000000001111000000000000111100000000000011110000000000001111000000000000111000000000000011100000000000001110000000000000111000000000000011100000000000001110000000000000111100000000000011100000000000 b"
18
#49510
0>
#50000
1>
b10 \"
08
#50500
b1000101000000000100010100000000010001010000000001000101000000000100010100000000010001010000000001000101000000000100010100000000010001010000000001000101000000000100010100000000010001010000000001000101000000000100010100000000010001010000000001000101000000000100010100000000010001010000000001000101000000000100010100000000010001010000000001000101000000000100010100000000010001010000000001000101000000000100010100000000010001010000000001000101000000000100010100000000010001010000000001000111000000000100010100000000 b"
18
#50510
0>
#51000
1>
08
#51500
18
#51510
0>
#52000
1>
b100 \"
08
#52500
b1000000000000000100000000000000010000000000000001000000000000000100000000000000010000000000000001000000000000000100000000000000010000000000000001000000000000000100000000000000010000000000000001000000000000000100000000000000010000000000000001000000000000000100000000000000010000000000000001000000000000000100000000000000010000000000000001000000000000000100000000000000010000000000000001000000000000000100000000000000010000000000000001000000000000000100000000000000010000000000000001000000000000000100000000000000 b"
18
#52510
0>
#53000
1>
b101 \"
08
#53500
b111100000000000011110000000000001111000000000000111100000000000011110000000000001111000000000000111100000000000011110000000000001111000000000000111100000000000011110000000000001111000000000000111100000000000011110000000000001111000000000000111100000000000011110000000000001111000000000000111100000000000011110000000000001111000000000000111100000000000011110000000000001111000000000001000001011100000100000101110000010000010111000001000001011100000100000101110000010000010111000001000111011001000100000101110000 b"
18
#53510
0>
#54000
1>
b110 \"
08
#54500
b111100000000000011110000000000001111000000000000111100000000000011110000000000001111000000000000111100000000000011110000000000001111000000000000111100000000000011110000000000001111000000000000111100000000000011110000000000001111000000000000111100000000000011110000000000001111000000000000111100000000000011110000000000001111000000000000111100000000000011110000000000001111000000000000111000000000000011100000000000001110000000000000111000000000000011100000000000001110000000000000111100000000000011100000000000 b"
18
#54510
0>
#55000
1>
b10 \"
08
#55500
b1000101000000000100010100000000010001010000000001000101000000000100010100000000010001010000000001000101000000000100010100000000010001010000000001000101000000000100010100000000010001010000000001000101000000000100010100000000010001010000000001000101000000000100010100000000010001010000000001000101000000000100010100000000010001010000000001000101000000000100010100000000010001010000000001000101000000000100010100000000010001010000000001000101000000000100010100000000010001010000000001000111000000000100010100000000 b"
18
#55510
0>
#56000
1>
08
#56500
18
#56510
0>
#57000
1>
b100 \"
08
#57500
b1000000000000000100000000000000010000000000000001000000000000000100000000000000010000000000000001000000000000000100000000000000010000000000000001000000000000000100000000000000010000000000000001000000000000000100000000000000010000000000000001000000000000000100000000000000010000000000000001000000000000000100000000000000010000000000000001000000000000000100000000000000010000000000000001000000000000000100000000000000010000000000000001000000000000000100000000000000010000000000000001000000000000000100000000000000 b"
18
#57510
0>
#58000
1>
b101 \"
08
#58500
b111100000000000011110000000000001111000000000000111100000000000011110000000000001111000000000000111100000000000011110000000000001111000000000000111100000000000011110000000000001111000000000000111100000000000011110000000000001111000000000000111100000000000011110000000000001111000000000000111100000000000011110000000000001111000000000000111100000000000011110000000000001111000000000001000001011100000100000101110000010000010111000001000001011100000100000101110000010000010111000001000111011001000100000101110000 b"
18
#58510
0>
#59000
1>
b110 \"
08
#59500
b111100000000000011110000000000001111000000000000111100000000000011110000000000001111000000000000111100000000000011110000000000001111000000000000111100000000000011110000000000001111000000000000111100000000000011110000000000001111000000000000111100000000000011110000000000001111000000000000111100000000000011110000000000001111000000000000111100000000000011110000000000001111000000000000111000000000000011100000000000001110000000000000111000000000000011100000000000001110000000000000111100000000000011100000000000 b"
18
#59510
0>
#60000
1>
b10 \"
08
#60500
b1000101000000000100010100000000010001010000000001000101000000000100010100000000010001010000000001000101000000000100010100000000010001010000000001000101000000000100010100000000010001010000000001000101000000000100010100000000010001010000000001000101000000000100010100000000010001010000000001000101000000000100010100000000010001010000000001000101000000000100010100000000010001010000000001000101000000000100010100000000010001010000000001000101000000000100010100000000010001010000000001000111000000000100010100000000 b"
18
#60510
0>
#61000
1>
08
#61500
18
#61510
0>
#62000
1>
b100 \"
08
#62500
b1000000000000000100000000000000010000000000000001000000000000000100000000000000010000000000000001000000000000000100000000000000010000000000000001000000000000000100000000000000010000000000000001000000000000000100000000000000010000000000000001000000000000000100000000000000010000000000000001000000000000000100000000000000010000000000000001000000000000000100000000000000010000000000000001000000000000000100000000000000010000000000000001000000000000000100000000000000010000000000000001000000000000000100000000000000 b"
18
#62510
0>
#63000
1>
b101 \"
08
#63500
b111100000000000011110000000000001111000000000000111100000000000011110000000000001111000000000000111100000000000011110000000000001111000000000000111100000000000011110000000000001111000000000000111100000000000011110000000000001111000000000000111100000000000011110000000000001111000000000000111100000000000011110000000000001111000000000000111100000000000011110000000000001111000000000001000001011100000100000101110000010000010111000001000001011100000100000101110000010000010111000001000111011001000100000101110000 b"
18
#63510
0>
#64000
1>
b110 \"
08
#64500
b111100000000000011110000000000001111000000000000111100000000000011110000000000001111000000000000111100000000000011110000000000001111000000000000111100000000000011110000000000001111000000000000111100000000000011110000000000001111000000000000111100000000000011110000000000001111000000000000111100000000000011110000000000001111000000000000111100000000000011110000000000001111000000000000111000000000000011100000000000001110000000000000111000000000000011100000000000001110000000000000111100000000000011100000000000 b"
18
#64510
0>
#65000
1>
b10 \"
08
#65500
b1000101000000000100010100000000010001010000000001000101000000000100010100000000010001010000000001000101000000000100010100000000010001010000000001000101000000000100010100000000010001010000000001000101000000000100010100000000010001010000000001000101000000000100010100000000010001010000000001000101000000000100010100000000010001010000000001000101000000000100010100000000010001010000000001000101000000000100010100000000010001010000000001000101000000000100010100000000010001010000000001000111000000000100010100000000 b"
18
#65510
0>
#66000
1>
08
#66500
18
#66510
0>
#67000
1>
b100 \"
08
#67500
b1000000000000000100000000000000010000000000000001000000000000000100000000000000010000000000000001000000000000000100000000000000010000000000000001000000000000000100000000000000010000000000000001000000000000000100000000000000010000000000000001000000000000000100000000000000010000000000000001000000000000000100000000000000010000000000000001000000000000000100000000000000010000000000000001000000000000000100000000000000010000000000000001000000000000000100000000000000010000000000000001000000000000000100000000000000 b"
18
#67510
0>
#68000
1>
b101 \"
08
#68500
b111100000000000011110000000000001111000000000000111100000000000011110000000000001111000000000000111100000000000011110000000000001111000000000000111100000000000011110000000000001111000000000000111100000000000011110000000000001111000000000000111100000000000011110000000000001111000000000000111100000000000011110000000000001111000000000000111100000000000011110000000000001111000000000001000001011100000100000101110000010000010111000001000001011100000100000101110000010000010111000001000111011001000100000101110000 b"
18
#68510
0>
#69000
1>
b110 \"
08
#69500
b111100000000000011110000000000001111000000000000111100000000000011110000000000001111000000000000111100000000000011110000000000001111000000000000111100000000000011110000000000001111000000000000111100000000000011110000000000001111000000000000111100000000000011110000000000001111000000000000111100000000000011110000000000001111000000000000111100000000000011110000000000001111000000000000111000000000000011100000000000001110000000000000111000000000000011100000000000001110000000000000111100000000000011100000000000 b"
18
#69510
0>
#70000
1>
b10 \"
08
#70500
b1000101000000000100010100000000010001010000000001000101000000000100010100000000010001010000000001000101000000000100010100000000010001010000000001000101000000000100010100000000010001010000000001000101000000000100010100000000010001010000000001000101000000000100010100000000010001010000000001000101000000000100010100000000010001010000000001000101000000000100010100000000010001010000000001000101000000000100010100000000010001010000000001000101000000000100010100000000010001010000000001000111000000000100010100000000 b"
18
#70510
0>
#71000
1>
08
#71500
18
#71510
0>
#72000
1>
b100 \"
08
#72500
b1000000000000000100000000000000010000000000000001000000000000000100000000000000010000000000000001000000000000000100000000000000010000000000000001000000000000000100000000000000010000000000000001000000000000000100000000000000010000000000000001000000000000000100000000000000010000000000000001000000000000000100000000000000010000000000000001000000000000000100000000000000010000000000000001000000000000000100000000000000010000000000000001000000000000000100000000000000010000000000000001000000000000000100000000000000 b"
18
#72510
0>
#73000
1>
b101 \"
08
#73500
b111100000000000011110000000000001111000000000000111100000000000011110000000000001111000000000000111100000000000011110000000000001111000000000000111100000000000011110000000000001111000000000000111100000000000011110000000000001111000000000000111100000000000011110000000000001111000000000000111100000000000011110000000000001111000000000000111100000000000011110000000000001111000000000001000001011100000100000101110000010000010111000001000001011100000100000101110000010000010111000001000111011001000100000101110000 b"
18
#73510
0>
#74000
1>
b110 \"
08
#74500
b111100000000000011110000000000001111000000000000111100000000000011110000000000001111000000000000111100000000000011110000000000001111000000000000111100000000000011110000000000001111000000000000111100000000000011110000000000001111000000000000111100000000000011110000000000001111000000000000111100000000000011110000000000001111000000000000111100000000000011110000000000001111000000000000111000000000000011100000000000001110000000000000111000000000000011100000000000001110000000000000111100000000000011100000000000 b"
18
#74510
0>
#75000
1>
b10 \"
08
#75500
b1000101000000000100010100000000010001010000000001000101000000000100010100000000010001010000000001000101000000000100010100000000010001010000000001000101000000000100010100000000010001010000000001000101000000000100010100000000010001010000000001000101000000000100010100000000010001010000000001000101000000000100010100000000010001010000000001000101000000000100010100000000010001010000000001000101000000000100010100000000010001010000000001000101000000000100010100000000010001010000000001000111000000000100010100000000 b"
18
#75510
0>
#76000
1>
08
#76500
18
#76510
0>
#77000
1>
b100 \"
08
#77500
b1000000000000000100000000000000010000000000000001000000000000000100000000000000010000000000000001000000000000000100000000000000010000000000000001000000000000000100000000000000010000000000000001000000000000000100000000000000010000000000000001000000000000000100000000000000010000000000000001000000000000000100000000000000010000000000000001000000000000000100000000000000010000000000000001000000000000000100000000000000010000000000000001000000000000000100000000000000010000000000000001000000000000000100000000000000 b"
18
#77510
0>
#78000
1>
b101 \"
08
#78500
b111100000000000011110000000000001111000000000000111100000000000011110000000000001111000000000000111100000000000011110000000000001111000000000000111100000000000011110000000000001111000000000000111100000000000011110000000000001111000000000000111100000000000011110000000000001111000000000000111100000000000011110000000000001111000000000000111100000000000011110000000000001111000000000001000001011100000100000101110000010000010111000001000001011100000100000101110000010000010111000001000111011001000100000101110000 b"
18
#78510
0>
#79000
1>
b110 \"
08
#79500
b111100000000000011110000000000001111000000000000111100000000000011110000000000001111000000000000111100000000000011110000000000001111000000000000111100000000000011110000000000001111000000000000111100000000000011110000000000001111000000000000111100000000000011110000000000001111000000000000111100000000000011110000000000001111000000000000111100000000000011110000000000001111000000000000111000000000000011100000000000001110000000000000111000000000000011100000000000001110000000000000111100000000000011100000000000 b"
18
#79510
0>
#80000
1>
b10 \"
08
#80500
b1000101000000000100010100000000010001010000000001000101000000000100010100000000010001010000000001000101000000000100010100000000010001010000000001000101000000000100010100000000010001010000000001000101000000000100010100000000010001010000000001000101000000000100010100000000010001010000000001000101000000000100010100000000010001010000000001000101000000000100010100000000010001010000000001000101000000000100010100000000010001010000000001000101000000000100010100000000010001010000000001000111000000000100010100000000 b"
18
#80510
0>
#81000
1>
08
#81500
18
#81510
0>
#82000
1>
b100 \"
08
#82500
b1000000000000000100000000000000010000000000000001000000000000000100000000000000010000000000000001000000000000000100000000000000010000000000000001000000000000000100000000000000010000000000000001000000000000000100000000000000010000000000000001000000000000000100000000000000010000000000000001000000000000000100000000000000010000000000000001000000000000000100000000000000010000000000000001000000000000000100000000000000010000000000000001000000000000000100000000000000010000000000000001000000000000000100000000000000 b"
18
#82510
0>
#83000
1>
b101 \"
08
#83500
b111100000000000011110000000000001111000000000000111100000000000011110000000000001111000000000000111100000000000011110000000000001111000000000000111100000000000011110000000000001111000000000000111100000000000011110000000000001111000000000000111100000000000011110000000000001111000000000000111100000000000011110000000000001111000000000000111100000000000011110000000000001111000000000001000001011100000100000101110000010000010111000001000001011100000100000101110000010000010111000001000111011001000100000101110000 b"
18
#83510
0>
#84000
1>
b110 \"
08
#84500
b111100000000000011110000000000001111000000000000111100000000000011110000000000001111000000000000111100000000000011110000000000001111000000000000111100000000000011110000000000001111000000000000111100000000000011110000000000001111000000000000111100000000000011110000000000001111000000000000111100000000000011110000000000001111000000000000111100000000000011110000000000001111000000000000111000000000000011100000000000001110000000000000111000000000000011100000000000001110000000000000111100000000000011100000000000 b"
18
#84510
0>
#85000
1>
b10 \"
08
#85500
b1000101000000000100010100000000010001010000000001000101000000000100010100000000010001010000000001000101000000000100010100000000010001010000000001000101000000000100010100000000010001010000000001000101000000000100010100000000010001010000000001000101000000000100010100000000010001010000000001000101000000000100010100000000010001010000000001000101000000000100010100000000010001010000000001000101000000000100010100000000010001010000000001000101000000000100010100000000010001010000000001000111000000000100010100000000 b"
18
#85510
0>
#86000
1>
08
#86500
18
#86510
0>
#87000
1>
b100 \"
08
#87500
b1000000000000000100000000000000010000000000000001000000000000000100000000000000010000000000000001000000000000000100000000000000010000000000000001000000000000000100000000000000010000000000000001000000000000000100000000000000010000000000000001000000000000000100000000000000010000000000000001000000000000000100000000000000010000000000000001000000000000000100000000000000010000000000000001000000000000000100000000000000010000000000000001000000000000000100000000000000010000000000000001000000000000000100000000000000 b"
18
#87510
0>
#88000
1>
b101 \"
08
#88500
b111100000000000011110000000000001111000000000000111100000000000011110000000000001111000000000000111100000000000011110000000000001111000000000000111100000000000011110000000000001111000000000000111100000000000011110000000000001111000000000000111100000000000011110000000000001111000000000000111100000000000011110000000000001111000000000000111100000000000011110000000000001111000000000001000001011100000100000101110000010000010111000001000001011100000100000101110000010000010111000001000111011001000100000101110000 b"
18
#88510
0>
#89000
1>
b110 \"
08
#89500
b111100000000000011110000000000001111000000000000111100000000000011110000000000001111000000000000111100000000000011110000000000001111000000000000111100000000000011110000000000001111000000000000111100000000000011110000000000001111000000000000111100000000000011110000000000001111000000000000111100000000000011110000000000001111000000000000111100000000000011110000000000001111000000000000111000000000000011100000000000001110000000000000111000000000000011100000000000001110000000000000111100000000000011100000000000 b"
18
#89510
0>
#90000
1>
b10 \"
08
#90500
b1000101000000000100010100000000010001010000000001000101000000000100010100000000010001010000000001000101000000000100010100000000010001010000000001000101000000000100010100000000010001010000000001000101000000000100010100000000010001010000000001000101000000000100010100000000010001010000000001000101000000000100010100000000010001010000000001000101000000000100010100000000010001010000000001000101000000000100010100000000010001010000000001000101000000000100010100000000010001010000000001000111000000000100010100000000 b"
18
#90510
0>
#91000
1>
08
#91500
18
#91510
0>
#92000
1>
b100 \"
08
#92500
b1000000000000000100000000000000010000000000000001000000000000000100000000000000010000000000000001000000000000000100000000000000010000000000000001000000000000000100000000000000010000000000000001000000000000000100000000000000010000000000000001000000000000000100000000000000010000000000000001000000000000000100000000000000010000000000000001000000000000000100000000000000010000000000000001000000000000000100000000000000010000000000000001000000000000000100000000000000010000000000000001000000000000000100000000000000 b"
18
#92510
0>
#93000
1>
b101 \"
08
#93500
b111100000000000011110000000000001111000000000000111100000000000011110000000000001111000000000000111100000000000011110000000000001111000000000000111100000000000011110000000000001111000000000000111100000000000011110000000000001111000000000000111100000000000011110000000000001111000000000000111100000000000011110000000000001111000000000000111100000000000011110000000000001111000000000001000001011100000100000101110000010000010111000001000001011100000100000101110000010000010111000001000111011001000100000101110000 b"
18
#93510
0>
#94000
1>
b110 \"
08
#94500
b111100000000000011110000000000001111000000000000111100000000000011110000000000001111000000000000111100000000000011110000000000001111000000000000111100000000000011110000000000001111000000000000111100000000000011110000000000001111000000000000111100000000000011110000000000001111000000000000111100000000000011110000000000001111000000000000111100000000000011110000000000001111000000000000111000000000000011100000000000001110000000000000111000000000000011100000000000001110000000000000111100000000000011100000000000 b"
18
#94510
0>
#95000
1>
b10 \"
08
#95500
b1000101000000000100010100000000010001010000000001000101000000000100010100000000010001010000000001000101000000000100010100000000010001010000000001000101000000000100010100000000010001010000000001000101000000000100010100000000010001010000000001000101000000000100010100000000010001010000000001000101000000000100010100000000010001010000000001000101000000000100010100000000010001010000000001000101000000000100010100000000010001010000000001000101000000000100010100000000010001010000000001000111000000000100010100000000 b"
18
#95510
0>
#96000
1>
08
#96500
18
#96510
0>
#97000
1>
b100 \"
08
#97500
b1000000000000000100000000000000010000000000000001000000000000000100000000000000010000000000000001000000000000000100000000000000010000000000000001000000000000000100000000000000010000000000000001000000000000000100000000000000010000000000000001000000000000000100000000000000010000000000000001000000000000000100000000000000010000000000000001000000000000000100000000000000010000000000000001000000000000000100000000000000010000000000000001000000000000000100000000000000010000000000000001000000000000000100000000000000 b"
18
#97510
0>
#98000
1>
b101 \"
08
#98500
b111100000000000011110000000000001111000000000000111100000000000011110000000000001111000000000000111100000000000011110000000000001111000000000000111100000000000011110000000000001111000000000000111100000000000011110000000000001111000000000000111100000000000011110000000000001111000000000000111100000000000011110000000000001111000000000000111100000000000011110000000000001111000000000001000001011100000100000101110000010000010111000001000001011100000100000101110000010000010111000001000111011001000100000101110000 b"
18
#98510
0>
#99000
1>
b110 \"
08
#99500
b111100000000000011110000000000001111000000000000111100000000000011110000000000001111000000000000111100000000000011110000000000001111000000000000111100000000000011110000000000001111000000000000111100000000000011110000000000001111000000000000111100000000000011110000000000001111000000000000111100000000000011110000000000001111000000000000111100000000000011110000000000001111000000000000111000000000000011100000000000001110000000000000111000000000000011100000000000001110000000000000111100000000000011100000000000 b"
18
#99510
0>
#100000
1>
b10 \"
08
#100500
b1000101000000000100010100000000010001010000000001000101000000000100010100000000010001010000000001000101000000000100010100000000010001010000000001000101000000000100010100000000010001010000000001000101000000000100010100000000010001010000000001000101000000000100010100000000010001010000000001000101000000000100010100000000010001010000000001000101000000000100010100000000010001010000000001000101000000000100010100000000010001010000000001000101000000000100010100000000010001010000000001000111000000000100010100000000 b"
18
#100510
0>
#101000
1>
08
#101500
18
#101510
0>
#102000
1>
b100 \"
08
#102500
b1000000000000000100000000000000010000000000000001000000000000000100000000000000010000000000000001000000000000000100000000000000010000000000000001000000000000000100000000000000010000000000000001000000000000000100000000000000010000000000000001000000000000000100000000000000010000000000000001000000000000000100000000000000010000000000000001000000000000000100000000000000010000000000000001000000000000000100000000000000010000000000000001000000000000000100000000000000010000000000000001000000000000000100000000000000 b"
18
#102510
0>
#103000
1>
b101 \"
08
#103500
b111100000000000011110000000000001111000000000000111100000000000011110000000000001111000000000000111100000000000011110000000000001111000000000000111100000000000011110000000000001111000000000000111100000000000011110000000000001111000000000000111100000000000011110000000000001111000000000000111100000000000011110000000000001111000000000000111100000000000011110000000000001111000000000001000001011100000100000101110000010000010111000001000001011100000100000101110000010000010111000001000111011001000100000101110000 b"
18
#103510
0>
#104000
1>
b110 \"
08
#104500
b111100000000000011110000000000001111000000000000111100000000000011110000000000001111000000000000111100000000000011110000000000001111000000000000111100000000000011110000000000001111000000000000111100000000000011110000000000001111000000000000111100000000000011110000000000001111000000000000111100000000000011110000000000001111000000000000111100000000000011110000000000001111000000000000111000000000000011100000000000001110000000000000111000000000000011100000000000001110000000000000111100000000000011100000000000 b"
18
#104510
0>
#105000
1>
b10 \"
08
#105500
b1000101000000000100010100000000010001010000000001000101000000000100010100000000010001010000000001000101000000000100010100000000010001010000000001000101000000000100010100000000010001010000000001000101000000000100010100000000010001010000000001000101000000000100010100000000010001010000000001000101000000000100010100000000010001010000000001000101000000000100010100000000010001010000000001000101000000000100010100000000010001010000000001000101000000000100010100000000010001010000000001000111000000000100010100000000 b"
18
#105510
0>
#106000
1>
08
#106500
18
#106510
0>
#107000
1>
b100 \"
08
#107500
b1000000000000000100000000000000010000000000000001000000000000000100000000000000010000000000000001000000000000000100000000000000010000000000000001000000000000000100000000000000010000000000000001000000000000000100000000000000010000000000000001000000000000000100000000000000010000000000000001000000000000000100000000000000010000000000000001000000000000000100000000000000010000000000000001000000000000000100000000000000010000000000000001000000000000000100000000000000010000000000000001000000000000000100000000000000 b"
18
#107510
0>
#108000
1>
b101 \"
08
#108500
b111100000000000011110000000000001111000000000000111100000000000011110000000000001111000000000000111100000000000011110000000000001111000000000000111100000000000011110000000000001111000000000000111100000000000011110000000000001111000000000000111100000000000011110000000000001111000000000000111100000000000011110000000000001111000000000000111100000000000011110000000000001111000000000001000001011100000100000101110000010000010111000001000001011100000100000101110000010000010111000001000111011001000100000101110000 b"
18
#108510
0>
#109000
1>
b110 \"
08
#109500
b111100000000000011110000000000001111000000000000111100000000000011110000000000001111000000000000111100000000000011110000000000001111000000000000111100000000000011110000000000001111000000000000111100000000000011110000000000001111000000000000111100000000000011110000000000001111000000000000111100000000000011110000000000001111000000000000111100000000000011110000000000001111000000000000111000000000000011100000000000001110000000000000111000000000000011100000000000001110000000000000111100000000000011100000000000 b"
18
#109510
0>
#110000
1>
b10 \"
08
#110500
b1000101000000000100010100000000010001010000000001000101000000000100010100000000010001010000000001000101000000000100010100000000010001010000000001000101000000000100010100000000010001010000000001000101000000000100010100000000010001010000000001000101000000000100010100000000010001010000000001000101000000000100010100000000010001010000000001000101000000000100010100000000010001010000000001000101000000000100010100000000010001010000000001000101000000000100010100000000010001010000000001000111000000000100010100000000 b"
18
#110510
0>
#111000
1>
08
#111500
18
#111510
0>
#112000
1>
b100 \"
08
#112500
b1000000000000000100000000000000010000000000000001000000000000000100000000000000010000000000000001000000000000000100000000000000010000000000000001000000000000000100000000000000010000000000000001000000000000000100000000000000010000000000000001000000000000000100000000000000010000000000000001000000000000000100000000000000010000000000000001000000000000000100000000000000010000000000000001000000000000000100000000000000010000000000000001000000000000000100000000000000010000000000000001000000000000000100000000000000 b"
18
#112510
0>
#113000
1>
b101 \"
08
#113500
b111100000000000011110000000000001111000000000000111100000000000011110000000000001111000000000000111100000000000011110000000000001111000000000000111100000000000011110000000000001111000000000000111100000000000011110000000000001111000000000000111100000000000011110000000000001111000000000000111100000000000011110000000000001111000000000000111100000000000011110000000000001111000000000001000001011100000100000101110000010000010111000001000001011100000100000101110000010000010111000001000111011001000100000101110000 b"
18
#113510
0>
#114000
1>
b110 \"
08
#114500
b111100000000000011110000000000001111000000000000111100000000000011110000000000001111000000000000111100000000000011110000000000001111000000000000111100000000000011110000000000001111000000000000111100000000000011110000000000001111000000000000111100000000000011110000000000001111000000000000111100000000000011110000000000001111000000000000111100000000000011110000000000001111000000000000111000000000000011100000000000001110000000000000111000000000000011100000000000001110000000000000111100000000000011100000000000 b"
18
#114510
0>
#115000
1>
b10 \"
08
#115500
b1000101000000000100010100000000010001010000000001000101000000000100010100000000010001010000000001000101000000000100010100000000010001010000000001000101000000000100010100000000010001010000000001000101000000000100010100000000010001010000000001000101000000000100010100000000010001010000000001000101000000000100010100000000010001010000000001000101000000000100010100000000010001010000000001000101000000000100010100000000010001010000000001000101000000000100010100000000010001010000000001000111000000000100010100000000 b"
18
#115510
0>
#116000
1>
08
#116500
18
#116510
0>
#117000
1>
b100 \"
08
#117500
b1000000000000000100000000000000010000000000000001000000000000000100000000000000010000000000000001000000000000000100000000000000010000000000000001000000000000000100000000000000010000000000000001000000000000000100000000000000010000000000000001000000000000000100000000000000010000000000000001000000000000000100000000000000010000000000000001000000000000000100000000000000010000000000000001000000000000000100000000000000010000000000000001000000000000000100000000000000010000000000000001000000000000000100000000000000 b"
18
#117510
0>
#118000
1>
b101 \"
08
#118500
b111100000000000011110000000000001111000000000000111100000000000011110000000000001111000000000000111100000000000011110000000000001111000000000000111100000000000011110000000000001111000000000000111100000000000011110000000000001111000000000000111100000000000011110000000000001111000000000000111100000000000011110000000000001111000000000000111100000000000011110000000000001111000000000001000001011100000100000101110000010000010111000001000001011100000100000101110000010000010111000001000111011001000100000101110000 b"
18
#118510
0>
#119000
1>
b110 \"
08
#119500
b111100000000000011110000000000001111000000000000111100000000000011110000000000001111000000000000111100000000000011110000000000001111000000000000111100000000000011110000000000001111000000000000111100000000000011110000000000001111000000000000111100000000000011110000000000001111000000000000111100000000000011110000000000001111000000000000111100000000000011110000000000001111000000000000111000000000000011100000000000001110000000000000111000000000000011100000000000001110000000000000111100000000000011100000000000 b"
18
#119510
0>
#120000
1>
b10 \"
08
#120500
b1000101000000000100010100000000010001010000000001000101000000000100010100000000010001010000000001000101000000000100010100000000010001010000000001000101000000000100010100000000010001010000000001000101000000000100010100000000010001010000000001000101000000000100010100000000010001010000000001000101000000000100010100000000010001010000000001000101000000000100010100000000010001010000000001000101000000000100010100000000010001010000000001000101000000000100010100000000010001010000000001000111000000000100010100000000 b"
18
#120510
0>
#121000
1>
08
#121500
18
#121510
0>
#122000
1>
b100 \"
08
#122500
b1000000000000000100000000000000010000000000000001000000000000000100000000000000010000000000000001000000000000000100000000000000010000000000000001000000000000000100000000000000010000000000000001000000000000000100000000000000010000000000000001000000000000000100000000000000010000000000000001000000000000000100000000000000010000000000000001000000000000000100000000000000010000000000000001000000000000000100000000000000010000000000000001000000000000000100000000000000010000000000000001000000000000000100000000000000 b"
18
#122510
0>
#123000
1>
b101 \"
08
#123500
b111100000000000011110000000000001111000000000000111100000000000011110000000000001111000000000000111100000000000011110000000000001111000000000000111100000000000011110000000000001111000000000000111100000000000011110000000000001111000000000000111100000000000011110000000000001111000000000000111100000000000011110000000000001111000000000000111100000000000011110000000000001111000000000001000001011100000100000101110000010000010111000001000001011100000100000101110000010000010111000001000111011001000100000101110000 b"
18
#123510
0>
#124000
1>
b110 \"
08
#124500
b111100000000000011110000000000001111000000000000111100000000000011110000000000001111000000000000111100000000000011110000000000001111000000000000111100000000000011110000000000001111000000000000111100000000000011110000000000001111000000000000111100000000000011110000000000001111000000000000111100000000000011110000000000001111000000000000111100000000000011110000000000001111000000000000111000000000000011100000000000001110000000000000111000000000000011100000000000001110000000000000111100000000000011100000000000 b"
18
#124510
0>
#125000
1>
b10 \"
08
#125500
b1000101000000000100010100000000010001010000000001000101000000000100010100000000010001010000000001000101000000000100010100000000010001010000000001000101000000000100010100000000010001010000000001000101000000000100010100000000010001010000000001000101000000000100010100000000010001010000000001000101000000000100010100000000010001010000000001000101000000000100010100000000010001010000000001000101000000000100010100000000010001010000000001000101000000000100010100000000010001010000000001000111000000000100010100000000 b"
18
#125510
0>
#126000
1>
08
#126500
18
#126510
0>
#127000
1>
b100 \"
08
#127500
b1000000000000000100000000000000010000000000000001000000000000000100000000000000010000000000000001000000000000000100000000000000010000000000000001000000000000000100000000000000010000000000000001000000000000000100000000000000010000000000000001000000000000000100000000000000010000000000000001000000000000000100000000000000010000000000000001000000000000000100000000000000010000000000000001000000000000000100000000000000010000000000000001000000000000000100000000000000010000000000000001000000000000000100000000000000 b"
18
#127510
0>
#128000
1>
b101 \"
08
#128500
b111100000000000011110000000000001111000000000000111100000000000011110000000000001111000000000000111100000000000011110000000000001111000000000000111100000000000011110000000000001111000000000000111100000000000011110000000000001111000000000000111100000000000011110000000000001111000000000000111100000000000011110000000000001111000000000000111100000000000011110000000000001111000000000001000001011100000100000101110000010000010111000001000001011100000100000101110000010000010111000001000111011001000100000101110000 b"
18
#128510
0>
#129000
1>
b110 \"
08
#129500
b111100000000000011110000000000001111000000000000111100000000000011110000000000001111000000000000111100000000000011110000000000001111000000000000111100000000000011110000000000001111000000000000111100000000000011110000000000001111000000000000111100000000000011110000000000001111000000000000111100000000000011110000000000001111000000000000111100000000000011110000000000001111000000000000111000000000000011100000000000001110000000000000111000000000000011100000000000001110000000000000111100000000000011100000000000 b"
18
#129510
0>
#130000
1>
b10 \"
08
#130500
b1000101000000000100010100000000010001010000000001000101000000000100010100000000010001010000000001000101000000000100010100000000010001010000000001000101000000000100010100000000010001010000000001000101000000000100010100000000010001010000000001000101000000000100010100000000010001010000000001000101000000000100010100000000010001010000000001000101000000000100010100000000010001010000000001000101000000000100010100000000010001010000000001000101000000000100010100000000010001010000000001000111000000000100010100000000 b"
18
#130510
0>
#131000
1>
08
#131500
18
#131510
0>
#132000
1>
b100 \"
08
#132500
b1000000000000000100000000000000010000000000000001000000000000000100000000000000010000000000000001000000000000000100000000000000010000000000000001000000000000000100000000000000010000000000000001000000000000000100000000000000010000000000000001000000000000000100000000000000010000000000000001000000000000000100000000000000010000000000000001000000000000000100000000000000010000000000000001000000000000000100000000000000010000000000000001000000000000000100000000000000010000000000000001000000000000000100000000000000 b"
18
#132510
0>
#133000
1>
b101 \"
08
#133500
b111100000000000011110000000000001111000000000000111100000000000011110000000000001111000000000000111100000000000011110000000000001111000000000000111100000000000011110000000000001111000000000000111100000000000011110000000000001111000000000000111100000000000011110000000000001111000000000000111100000000000011110000000000001111000000000000111100000000000011110000000000001111000000000001000001011100000100000101110000010000010111000001000001011100000100000101110000010000010111000001000111011001000100000101110000 b"
18
#133510
0>
#134000
1>
b110 \"
08
#134500
b111100000000000011110000000000001111000000000000111100000000000011110000000000001111000000000000111100000000000011110000000000001111000000000000111100000000000011110000000000001111000000000000111100000000000011110000000000001111000000000000111100000000000011110000000000001111000000000000111100000000000011110000000000001111000000000000111100000000000011110000000000001111000000000000111000000000000011100000000000001110000000000000111000000000000011100000000000001110000000000000111100000000000011100000000000 b"
18
#134510
0>
#135000
1>
b10 \"
08
#135500
b1000101000000000100010100000000010001010000000001000101000000000100010100000000010001010000000001000101000000000100010100000000010001010000000001000101000000000100010100000000010001010000000001000101000000000100010100000000010001010000000001000101000000000100010100000000010001010000000001000101000000000100010100000000010001010000000001000101000000000100010100000000010001010000000001000101000000000100010100000000010001010000000001000101000000000100010100000000010001010000000001000111000000000100010100000000 b"
18
#135510
0>
#136000
1>
08
#136500
18
#136510
0>
#137000
1>
b100 \"
08
#137500
b1000000000000000100000000000000010000000000000001000000000000000100000000000000010000000000000001000000000000000100000000000000010000000000000001000000000000000100000000000000010000000000000001000000000000000100000000000000010000000000000001000000000000000100000000000000010000000000000001000000000000000100000000000000010000000000000001000000000000000100000000000000010000000000000001000000000000000100000000000000010000000000000001000000000000000100000000000000010000000000000001000000000000000100000000000000 b"
18
#137510
0>
#138000
1>
b101 \"
08
#138500
b111100000000000011110000000000001111000000000000111100000000000011110000000000001111000000000000111100000000000011110000000000001111000000000000111100000000000011110000000000001111000000000000111100000000000011110000000000001111000000000000111100000000000011110000000000001111000000000000111100000000000011110000000000001111000000000000111100000000000011110000000000001111000000000001000001011100000100000101110000010000010111000001000001011100000100000101110000010000010111000001000111011001000100000101110000 b"
18
#138510
0>
#139000
1>
b110 \"
08
#139500
b111100000000000011110000000000001111000000000000111100000000000011110000000000001111000000000000111100000000000011110000000000001111000000000000111100000000000011110000000000001111000000000000111100000000000011110000000000001111000000000000111100000000000011110000000000001111000000000000111100000000000011110000000000001111000000000000111100000000000011110000000000001111000000000000111000000000000011100000000000001110000000000000111000000000000011100000000000001110000000000000111100000000000011100000000000 b"
18
#139510
0>
#140000
1>
b10 \"
08
#140500
b1000101000000000100010100000000010001010000000001000101000000000100010100000000010001010000000001000101000000000100010100000000010001010000000001000101000000000100010100000000010001010000000001000101000000000100010100000000010001010000000001000101000000000100010100000000010001010000000001000101000000000100010100000000010001010000000001000101000000000100010100000000010001010000000001000101000000000100010100000000010001010000000001000101000000000100010100000000010001010000000001000111000000000100010100000000 b"
18
#140510
0>
#141000
1>
08
#141500
18
#141510
0>
#142000
1>
b100 \"
08
#142500
b1000000000000000100000000000000010000000000000001000000000000000100000000000000010000000000000001000000000000000100000000000000010000000000000001000000000000000100000000000000010000000000000001000000000000000100000000000000010000000000000001000000000000000100000000000000010000000000000001000000000000000100000000000000010000000000000001000000000000000100000000000000010000000000000001000000000000000100000000000000010000000000000001000000000000000100000000000000010000000000000001000000000000000100000000000000 b"
18
#142510
0>
#143000
1>
b101 \"
08
#143500
b111100000000000011110000000000001111000000000000111100000000000011110000000000001111000000000000111100000000000011110000000000001111000000000000111100000000000011110000000000001111000000000000111100000000000011110000000000001111000000000000111100000000000011110000000000001111000000000000111100000000000011110000000000001111000000000000111100000000000011110000000000001111000000000001000001011100000100000101110000010000010111000001000001011100000100000101110000010000010111000001000111011001000100000101110000 b"
18
#143510
0>
#144000
1>
b110 \"
08
#144500
b111100000000000011110000000000001111000000000000111100000000000011110000000000001111000000000000111100000000000011110000000000001111000000000000111100000000000011110000000000001111000000000000111100000000000011110000000000001111000000000000111100000000000011110000000000001111000000000000111100000000000011110000000000001111000000000000111100000000000011110000000000001111000000000000111000000000000011100000000000001110000000000000111000000000000011100000000000001110000000000000111100000000000011100000000000 b"
18
#144510
0>
#145000
1>
b10 \"
08
#145500
b1000101000000000100010100000000010001010000000001000101000000000100010100000000010001010000000001000101000000000100010100000000010001010000000001000101000000000100010100000000010001010000000001000101000000000100010100000000010001010000000001000101000000000100010100000000010001010000000001000101000000000100010100000000010001010000000001000101000000000100010100000000010001010000000001000101000000000100010100000000010001010000000001000101000000000100010100000000010001010000000001000111000000000100010100000000 b"
18
#145510
0>
#146000
1>
08
#146500
18
#146510
0>
#147000
1>
b100 \"
08
#147500
b1000000000000000100000000000000010000000000000001000000000000000100000000000000010000000000000001000000000000000100000000000000010000000000000001000000000000000100000000000000010000000000000001000000000000000100000000000000010000000000000001000000000000000100000000000000010000000000000001000000000000000100000000000000010000000000000001000000000000000100000000000000010000000000000001000000000000000100000000000000010000000000000001000000000000000100000000000000010000000000000001000000000000000100000000000000 b"
18
#147510
0>
#148000
1>
b101 \"
08
#148500
b111100000000000011110000000000001111000000000000111100000000000011110000000000001111000000000000111100000000000011110000000000001111000000000000111100000000000011110000000000001111000000000000111100000000000011110000000000001111000000000000111100000000000011110000000000001111000000000000111100000000000011110000000000001111000000000000111100000000000011110000000000001111000000000001000001011100000100000101110000010000010111000001000001011100000100000101110000010000010111000001000111011001000100000101110000 b"
18
#148510
0>
#149000
1>
b110 \"
08
#149500
b111100000000000011110000000000001111000000000000111100000000000011110000000000001111000000000000111100000000000011110000000000001111000000000000111100000000000011110000000000001111000000000000111100000000000011110000000000001111000000000000111100000000000011110000000000001111000000000000111100000000000011110000000000001111000000000000111100000000000011110000000000001111000000000000111000000000000011100000000000001110000000000000111000000000000011100000000000001110000000000000111100000000000011100000000000 b"
18
#149510
0>
#150000
1>
b10 \"
08
#150500
b1000101000000000100010100000000010001010000000001000101000000000100010100000000010001010000000001000101000000000100010100000000010001010000000001000101000000000100010100000000010001010000000001000101000000000100010100000000010001010000000001000101000000000100010100000000010001010000000001000101000000000100010100000000010001010000000001000101000000000100010100000000010001010000000001000101000000000100010100000000010001010000000001000101000000000100010100000000010001010000000001000111000000000100010100000000 b"
18
#150510
0>
#151000
1>
08
#151500
18
#151510
0>
#152000
1>
b100 \"
08
#152500
b1000000000000000100000000000000010000000000000001000000000000000100000000000000010000000000000001000000000000000100000000000000010000000000000001000000000000000100000000000000010000000000000001000000000000000100000000000000010000000000000001000000000000000100000000000000010000000000000001000000000000000100000000000000010000000000000001000000000000000100000000000000010000000000000001000000000000000100000000000000010000000000000001000000000000000100000000000000010000000000000001000000000000000100000000000000 b"
18
#152510
0>
#153000
1>
b101 \"
08
#153500
b111100000000000011110000000000001111000000000000111100000000000011110000000000001111000000000000111100000000000011110000000000001111000000000000111100000000000011110000000000001111000000000000111100000000000011110000000000001111000000000000111100000000000011110000000000001111000000000000111100000000000011110000000000001111000000000000111100000000000011110000000000001111000000000001000001011100000100000101110000010000010111000001000001011100000100000101110000010000010111000001000111011001000100000101110000 b"
18
#153510
0>
#154000
1>
b110 \"
08
#154500
b111100000000000011110000000000001111000000000000111100000000000011110000000000001111000000000000111100000000000011110000000000001111000000000000111100000000000011110000000000001111000000000000111100000000000011110000000000001111000000000000111100000000000011110000000000001111000000000000111100000000000011110000000000001111000000000000111100000000000011110000000000001111000000000000111000000000000011100000000000001110000000000000111000000000000011100000000000001110000000000000111100000000000011100000000000 b"
18
#154510
0>
#155000
1>
b10 \"
08
#155500
b1000101000000000100010100000000010001010000000001000101000000000100010100000000010001010000000001000101000000000100010100000000010001010000000001000101000000000100010100000000010001010000000001000101000000000100010100000000010001010000000001000101000000000100010100000000010001010000000001000101000000000100010100000000010001010000000001000101000000000100010100000000010001010000000001000101000000000100010100000000010001010000000001000101000000000100010100000000010001010000000001000111000000000100010100000000 b"
18
#155510
0>
#156000
1>
08
#156500
18
#156510
0>
#157000
1>
b100 \"
08
#157500
b1000000000000000100000000000000010000000000000001000000000000000100000000000000010000000000000001000000000000000100000000000000010000000000000001000000000000000100000000000000010000000000000001000000000000000100000000000000010000000000000001000000000000000100000000000000010000000000000001000000000000000100000000000000010000000000000001000000000000000100000000000000010000000000000001000000000000000100000000000000010000000000000001000000000000000100000000000000010000000000000001000000000000000100000000000000 b"
18
#157510
0>
#158000
1>
b101 \"
08
#158500
b111100000000000011110000000000001111000000000000111100000000000011110000000000001111000000000000111100000000000011110000000000001111000000000000111100000000000011110000000000001111000000000000111100000000000011110000000000001111000000000000111100000000000011110000000000001111000000000000111100000000000011110000000000001111000000000000111100000000000011110000000000001111000000000001000001011100000100000101110000010000010111000001000001011100000100000101110000010000010111000001000111011001000100000101110000 b"
18
#158510
0>
#159000
1>
b110 \"
08
#159500
b111100000000000011110000000000001111000000000000111100000000000011110000000000001111000000000000111100000000000011110000000000001111000000000000111100000000000011110000000000001111000000000000111100000000000011110000000000001111000000000000111100000000000011110000000000001111000000000000111100000000000011110000000000001111000000000000111100000000000011110000000000001111000000000000111000000000000011100000000000001110000000000000111000000000000011100000000000001110000000000000111100000000000011100000000000 b"
18
#159510
0>
#160000
1>
b10 \"
08
#160500
b1000101000000000100010100000000010001010000000001000101000000000100010100000000010001010000000001000101000000000100010100000000010001010000000001000101000000000100010100000000010001010000000001000101000000000100010100000000010001010000000001000101000000000100010100000000010001010000000001000101000000000100010100000000010001010000000001000101000000000100010100000000010001010000000001000101000000000100010100000000010001010000000001000101000000000100010100000000010001010000000001000111000000000100010100000000 b"
18
#160510
0>
#161000
1>
08
#161500
18
#161510
0>
#162000
1>
b100 \"
08
#162500
b1000000000000000100000000000000010000000000000001000000000000000100000000000000010000000000000001000000000000000100000000000000010000000000000001000000000000000100000000000000010000000000000001000000000000000100000000000000010000000000000001000000000000000100000000000000010000000000000001000000000000000100000000000000010000000000000001000000000000000100000000000000010000000000000001000000000000000100000000000000010000000000000001000000000000000100000000000000010000000000000001000000000000000100000000000000 b"
18
#162510
0>
#163000
1>
b101 \"
08
#163500
b111100000000000011110000000000001111000000000000111100000000000011110000000000001111000000000000111100000000000011110000000000001111000000000000111100000000000011110000000000001111000000000000111100000000000011110000000000001111000000000000111100000000000011110000000000001111000000000000111100000000000011110000000000001111000000000000111100000000000011110000000000001111000000000001000001011100000100000101110000010000010111000001000001011100000100000101110000010000010111000001000111011001000100000101110000 b"
18
#163510
0>
#164000
1>
b110 \"
08
#164500
b111100000000000011110000000000001111000000000000111100000000000011110000000000001111000000000000111100000000000011110000000000001111000000000000111100000000000011110000000000001111000000000000111100000000000011110000000000001111000000000000111100000000000011110000000000001111000000000000111100000000000011110000000000001111000000000000111100000000000011110000000000001111000000000000111000000000000011100000000000001110000000000000111000000000000011100000000000001110000000000000111100000000000011100000000000 b"
18
#164510
0>
#165000
1>
b10 \"
08
#165500
b1000101000000000100010100000000010001010000000001000101000000000100010100000000010001010000000001000101000000000100010100000000010001010000000001000101000000000100010100000000010001010000000001000101000000000100010100000000010001010000000001000101000000000100010100000000010001010000000001000101000000000100010100000000010001010000000001000101000000000100010100000000010001010000000001000101000000000100010100000000010001010000000001000101000000000100010100000000010001010000000001000111000000000100010100000000 b"
18
#165510
0>
#166000
1>
08
#166500
18
#166510
0>
#167000
1>
b100 \"
08
#167500
b1000000000000000100000000000000010000000000000001000000000000000100000000000000010000000000000001000000000000000100000000000000010000000000000001000000000000000100000000000000010000000000000001000000000000000100000000000000010000000000000001000000000000000100000000000000010000000000000001000000000000000100000000000000010000000000000001000000000000000100000000000000010000000000000001000000000000000100000000000000010000000000000001000000000000000100000000000000010000000000000001000000000000000100000000000000 b"
18
#167510
0>
#168000
1>
b101 \"
08
#168500
b111100000000000011110000000000001111000000000000111100000000000011110000000000001111000000000000111100000000000011110000000000001111000000000000111100000000000011110000000000001111000000000000111100000000000011110000000000001111000000000000111100000000000011110000000000001111000000000000111100000000000011110000000000001111000000000000111100000000000011110000000000001111000000000001000001011100000100000101110000010000010111000001000001011100000100000101110000010000010111000001000111011001000100000101110000 b"
18
#168510
0>
#169000
1>
b110 \"
08
#169500
b111100000000000011110000000000001111000000000000111100000000000011110000000000001111000000000000111100000000000011110000000000001111000000000000111100000000000011110000000000001111000000000000111100000000000011110000000000001111000000000000111100000000000011110000000000001111000000000000111100000000000011110000000000001111000000000000111100000000000011110000000000001111000000000000111000000000000011100000000000001110000000000000111000000000000011100000000000001110000000000000111100000000000011100000000000 b"
18
#169510
0>
#170000
1>
b10 \"
08
#170500
b1000101000000000100010100000000010001010000000001000101000000000100010100000000010001010000000001000101000000000100010100000000010001010000000001000101000000000100010100000000010001010000000001000101000000000100010100000000010001010000000001000101000000000100010100000000010001010000000001000101000000000100010100000000010001010000000001000101000000000100010100000000010001010000000001000101000000000100010100000000010001010000000001000101000000000100010100000000010001010000000001000111000000000100010100000000 b"
18
#170510
0>
#171000
1>
08
#171500
18
#171510
0>
#172000
1>
b100 \"
08
#172500
b1000000000000000100000000000000010000000000000001000000000000000100000000000000010000000000000001000000000000000100000000000000010000000000000001000000000000000100000000000000010000000000000001000000000000000100000000000000010000000000000001000000000000000100000000000000010000000000000001000000000000000100000000000000010000000000000001000000000000000100000000000000010000000000000001000000000000000100000000000000010000000000000001000000000000000100000000000000010000000000000001000000000000000100000000000000 b"
18
#172510
0>
#173000
1>
b101 \"
08
#173500
b111100000000000011110000000000001111000000000000111100000000000011110000000000001111000000000000111100000000000011110000000000001111000000000000111100000000000011110000000000001111000000000000111100000000000011110000000000001111000000000000111100000000000011110000000000001111000000000000111100000000000011110000000000001111000000000000111100000000000011110000000000001111000000000001000001011100000100000101110000010000010111000001000001011100000100000101110000010000010111000001000111011001000100000101110000 b"
18
#173510
0>
#174000
1>
b110 \"
08
#174500
b111100000000000011110000000000001111000000000000111100000000000011110000000000001111000000000000111100000000000011110000000000001111000000000000111100000000000011110000000000001111000000000000111100000000000011110000000000001111000000000000111100000000000011110000000000001111000000000000111100000000000011110000000000001111000000000000111100000000000011110000000000001111000000000000111000000000000011100000000000001110000000000000111000000000000011100000000000001110000000000000111100000000000011100000000000 b"
18
#174510
0>
#175000
1>
b10 \"
08
#175500
b1000101000000000100010100000000010001010000000001000101000000000100010100000000010001010000000001000101000000000100010100000000010001010000000001000101000000000100010100000000010001010000000001000101000000000100010100000000010001010000000001000101000000000100010100000000010001010000000001000101000000000100010100000000010001010000000001000101000000000100010100000000010001010000000001000101000000000100010100000000010001010000000001000101000000000100010100000000010001010000000001000111000000000100010100000000 b"
18
#175510
0>
#176000
1>
08
#176500
18
#176510
0>
#177000
1>
b100 \"
08
#177500
b1000000000000000100000000000000010000000000000001000000000000000100000000000000010000000000000001000000000000000100000000000000010000000000000001000000000000000100000000000000010000000000000001000000000000000100000000000000010000000000000001000000000000000100000000000000010000000000000001000000000000000100000000000000010000000000000001000000000000000100000000000000010000000000000001000000000000000100000000000000010000000000000001000000000000000100000000000000010000000000000001000000000000000100000000000000 b"
18
#177510
0>
#178000
1>
b101 \"
08
#178500
b111100000000000011110000000000001111000000000000111100000000000011110000000000001111000000000000111100000000000011110000000000001111000000000000111100000000000011110000000000001111000000000000111100000000000011110000000000001111000000000000111100000000000011110000000000001111000000000000111100000000000011110000000000001111000000000000111100000000000011110000000000001111000000000001000001011100000100000101110000010000010111000001000001011100000100000101110000010000010111000001000111011001000100000101110000 b"
18
#178510
0>
#179000
1>
b110 \"
08
#179500
b111100000000000011110000000000001111000000000000111100000000000011110000000000001111000000000000111100000000000011110000000000001111000000000000111100000000000011110000000000001111000000000000111100000000000011110000000000001111000000000000111100000000000011110000000000001111000000000000111100000000000011110000000000001111000000000000111100000000000011110000000000001111000000000000111000000000000011100000000000001110000000000000111000000000000011100000000000001110000000000000111100000000000011100000000000 b"
18
#179510
0>
#180000
1>
b10 \"
08
#180500
b1000101000000000100010100000000010001010000000001000101000000000100010100000000010001010000000001000101000000000100010100000000010001010000000001000101000000000100010100000000010001010000000001000101000000000100010100000000010001010000000001000101000000000100010100000000010001010000000001000101000000000100010100000000010001010000000001000101000000000100010100000000010001010000000001000101000000000100010100000000010001010000000001000101000000000100010100000000010001010000000001000111000000000100010100000000 b"
18
#180510
0>
#181000
1>
08
#181500
18
#181510
0>
#182000
1>
b100 \"
08
#182500
b1000000000000000100000000000000010000000000000001000000000000000100000000000000010000000000000001000000000000000100000000000000010000000000000001000000000000000100000000000000010000000000000001000000000000000100000000000000010000000000000001000000000000000100000000000000010000000000000001000000000000000100000000000000010000000000000001000000000000000100000000000000010000000000000001000000000000000100000000000000010000000000000001000000000000000100000000000000010000000000000001000000000000000100000000000000 b"
18
#182510
0>
#183000
1>
b101 \"
08
#183500
b111100000000000011110000000000001111000000000000111100000000000011110000000000001111000000000000111100000000000011110000000000001111000000000000111100000000000011110000000000001111000000000000111100000000000011110000000000001111000000000000111100000000000011110000000000001111000000000000111100000000000011110000000000001111000000000000111100000000000011110000000000001111000000000001000001011100000100000101110000010000010111000001000001011100000100000101110000010000010111000001000111011001000100000101110000 b"
18
#183510
0>
#184000
1>
b110 \"
08
#184500
b111100000000000011110000000000001111000000000000111100000000000011110000000000001111000000000000111100000000000011110000000000001111000000000000111100000000000011110000000000001111000000000000111100000000000011110000000000001111000000000000111100000000000011110000000000001111000000000000111100000000000011110000000000001111000000000000111100000000000011110000000000001111000000000000111000000000000011100000000000001110000000000000111000000000000011100000000000001110000000000000111100000000000011100000000000 b"
18
#184510
0>
#185000
1>
b10 \"
08
#185500
b1000101000000000100010100000000010001010000000001000101000000000100010100000000010001010000000001000101000000000100010100000000010001010000000001000101000000000100010100000000010001010000000001000101000000000100010100000000010001010000000001000101000000000100010100000000010001010000000001000101000000000100010100000000010001010000000001000101000000000100010100000000010001010000000001000101000000000100010100000000010001010000000001000101000000000100010100000000010001010000000001000111000000000100010100000000 b"
18
#185510
0>
#186000
1>
08
#186500
18
#186510
0>
#187000
1>
b100 \"
08
#187500
b1000000000000000100000000000000010000000000000001000000000000000100000000000000010000000000000001000000000000000100000000000000010000000000000001000000000000000100000000000000010000000000000001000000000000000100000000000000010000000000000001000000000000000100000000000000010000000000000001000000000000000100000000000000010000000000000001000000000000000100000000000000010000000000000001000000000000000100000000000000010000000000000001000000000000000100000000000000010000000000000001000000000000000100000000000000 b"
18
#187510
0>
#188000
1>
b101 \"
08
#188500
b111100000000000011110000000000001111000000000000111100000000000011110000000000001111000000000000111100000000000011110000000000001111000000000000111100000000000011110000000000001111000000000000111100000000000011110000000000001111000000000000111100000000000011110000000000001111000000000000111100000000000011110000000000001111000000000000111100000000000011110000000000001111000000000001000001011100000100000101110000010000010111000001000001011100000100000101110000010000010111000001000111011001000100000101110000 b"
18
#188510
0>
#189000
1>
b110 \"
08
#189500
b111100000000000011110000000000001111000000000000111100000000000011110000000000001111000000000000111100000000000011110000000000001111000000000000111100000000000011110000000000001111000000000000111100000000000011110000000000001111000000000000111100000000000011110000000000001111000000000000111100000000000011110000000000001111000000000000111100000000000011110000000000001111000000000000111000000000000011100000000000001110000000000000111000000000000011100000000000001110000000000000111100000000000011100000000000 b"
18
#189510
0>
#190000
1>
b10 \"
08
#190500
b1000101000000000100010100000000010001010000000001000101000000000100010100000000010001010000000001000101000000000100010100000000010001010000000001000101000000000100010100000000010001010000000001000101000000000100010100000000010001010000000001000101000000000100010100000000010001010000000001000101000000000100010100000000010001010000000001000101000000000100010100000000010001010000000001000101000000000100010100000000010001010000000001000101000000000100010100000000010001010000000001000111000000000100010100000000 b"
18
#190510
0>
#191000
1>
08
#191500
18
#191510
0>
#192000
1>
b100 \"
08
#192500
b1000000000000000100000000000000010000000000000001000000000000000100000000000000010000000000000001000000000000000100000000000000010000000000000001000000000000000100000000000000010000000000000001000000000000000100000000000000010000000000000001000000000000000100000000000000010000000000000001000000000000000100000000000000010000000000000001000000000000000100000000000000010000000000000001000000000000000100000000000000010000000000000001000000000000000100000000000000010000000000000001000000000000000100000000000000 b"
18
#192510
0>
#193000
1>
b101 \"
08
#193500
b111100000000000011110000000000001111000000000000111100000000000011110000000000001111000000000000111100000000000011110000000000001111000000000000111100000000000011110000000000001111000000000000111100000000000011110000000000001111000000000000111100000000000011110000000000001111000000000000111100000000000011110000000000001111000000000000111100000000000011110000000000001111000000000001000001011100000100000101110000010000010111000001000001011100000100000101110000010000010111000001000111011001000100000101110000 b"
18
#193510
0>
#194000
1>
b110 \"
08
#194500
b111100000000000011110000000000001111000000000000111100000000000011110000000000001111000000000000111100000000000011110000000000001111000000000000111100000000000011110000000000001111000000000000111100000000000011110000000000001111000000000000111100000000000011110000000000001111000000000000111100000000000011110000000000001111000000000000111100000000000011110000000000001111000000000000111000000000000011100000000000001110000000000000111000000000000011100000000000001110000000000000111100000000000011100000000000 b"
18
#194510
0>
#195000
1>
b10 \"
08
#195500
b1000101000000000100010100000000010001010000000001000101000000000100010100000000010001010000000001000101000000000100010100000000010001010000000001000101000000000100010100000000010001010000000001000101000000000100010100000000010001010000000001000101000000000100010100000000010001010000000001000101000000000100010100000000010001010000000001000101000000000100010100000000010001010000000001000101000000000100010100000000010001010000000001000101000000000100010100000000010001010000000001000111000000000100010100000000 b"
18
#195510
0>
#196000
1>
08
#196500
18
#196510
0>
#197000
1>
b100 \"
08
#197500
b1000000000000000100000000000000010000000000000001000000000000000100000000000000010000000000000001000000000000000100000000000000010000000000000001000000000000000100000000000000010000000000000001000000000000000100000000000000010000000000000001000000000000000100000000000000010000000000000001000000000000000100000000000000010000000000000001000000000000000100000000000000010000000000000001000000000000000100000000000000010000000000000001000000000000000100000000000000010000000000000001000000000000000100000000000000 b"
18
#197510
0>
#198000
1>
b101 \"
08
#198500
b111100000000000011110000000000001111000000000000111100000000000011110000000000001111000000000000111100000000000011110000000000001111000000000000111100000000000011110000000000001111000000000000111100000000000011110000000000001111000000000000111100000000000011110000000000001111000000000000111100000000000011110000000000001111000000000000111100000000000011110000000000001111000000000001000001011100000100000101110000010000010111000001000001011100000100000101110000010000010111000001000111011001000100000101110000 b"
18
#198510
0>
#199000
1>
b110 \"
08
#199500
b111100000000000011110000000000001111000000000000111100000000000011110000000000001111000000000000111100000000000011110000000000001111000000000000111100000000000011110000000000001111000000000000111100000000000011110000000000001111000000000000111100000000000011110000000000001111000000000000111100000000000011110000000000001111000000000000111100000000000011110000000000001111000000000000111000000000000011100000000000001110000000000000111000000000000011100000000000001110000000000000111100000000000011100000000000 b"
18
#199510
0>
#200000
1>
b10 \"
08
#200500
b1000101000000000100010100000000010001010000000001000101000000000100010100000000010001010000000001000101000000000100010100000000010001010000000001000101000000000100010100000000010001010000000001000101000000000100010100000000010001010000000001000101000000000100010100000000010001010000000001000101000000000100010100000000010001010000000001000101000000000100010100000000010001010000000001000101000000000100010100000000010001010000000001000101000000000100010100000000010001010000000001000111000000000100010100000000 b"
18
#200510
0>
#201000
1>
08
#201500
18
#201510
0>
#202000
1>
b100 \"
08
#202500
b1000000000000000100000000000000010000000000000001000000000000000100000000000000010000000000000001000000000000000100000000000000010000000000000001000000000000000100000000000000010000000000000001000000000000000100000000000000010000000000000001000000000000000100000000000000010000000000000001000000000000000100000000000000010000000000000001000000000000000100000000000000010000000000000001000000000000000100000000000000010000000000000001000000000000000100000000000000010000000000000001000000000000000100000000000000 b"
18
#202510
0>
#203000
1>
b101 \"
08
#203500
b111100000000000011110000000000001111000000000000111100000000000011110000000000001111000000000000111100000000000011110000000000001111000000000000111100000000000011110000000000001111000000000000111100000000000011110000000000001111000000000000111100000000000011110000000000001111000000000000111100000000000011110000000000001111000000000000111100000000000011110000000000001111000000000001000001011100000100000101110000010000010111000001000001011100000100000101110000010000010111000001000111011001000100000101110000 b"
18
#203510
0>
#204000
1>
b110 \"
08
#204500
b111100000000000011110000000000001111000000000000111100000000000011110000000000001111000000000000111100000000000011110000000000001111000000000000111100000000000011110000000000001111000000000000111100000000000011110000000000001111000000000000111100000000000011110000000000001111000000000000111100000000000011110000000000001111000000000000111100000000000011110000000000001111000000000000111000000000000011100000000000001110000000000000111000000000000011100000000000001110000000000000111100000000000011100000000000 b"
18
#204510
0>
#205000
1>
b10 \"
08
#205500
b1000101000000000100010100000000010001010000000001000101000000000100010100000000010001010000000001000101000000000100010100000000010001010000000001000101000000000100010100000000010001010000000001000101000000000100010100000000010001010000000001000101000000000100010100000000010001010000000001000101000000000100010100000000010001010000000001000101000000000100010100000000010001010000000001000101000000000100010100000000010001010000000001000101000000000100010100000000010001010000000001000111000000000100010100000000 b"
18
#205510
0>
#206000
1>
08
#206500
18
#206510
0>
#207000
1>
b100 \"
08
#207500
b1000000000000000100000000000000010000000000000001000000000000000100000000000000010000000000000001000000000000000100000000000000010000000000000001000000000000000100000000000000010000000000000001000000000000000100000000000000010000000000000001000000000000000100000000000000010000000000000001000000000000000100000000000000010000000000000001000000000000000100000000000000010000000000000001000000000000000100000000000000010000000000000001000000000000000100000000000000010000000000000001000000000000000100000000000000 b"
18
#207510
0>
#208000
1>
b101 \"
08
#208500
b111100000000000011110000000000001111000000000000111100000000000011110000000000001111000000000000111100000000000011110000000000001111000000000000111100000000000011110000000000001111000000000000111100000000000011110000000000001111000000000000111100000000000011110000000000001111000000000000111100000000000011110000000000001111000000000000111100000000000011110000000000001111000000000001000001011100000100000101110000010000010111000001000001011100000100000101110000010000010111000001000111011001000100000101110000 b"
18
#208510
0>
#209000
1>
b110 \"
08
#209500
b111100000000000011110000000000001111000000000000111100000000000011110000000000001111000000000000111100000000000011110000000000001111000000000000111100000000000011110000000000001111000000000000111100000000000011110000000000001111000000000000111100000000000011110000000000001111000000000000111100000000000011110000000000001111000000000000111100000000000011110000000000001111000000000000111000000000000011100000000000001110000000000000111000000000000011100000000000001110000000000000111100000000000011100000000000 b"
18
#209510
0>
#210000
1>
b10 \"
08
#210500
b1000101000000000100010100000000010001010000000001000101000000000100010100000000010001010000000001000101000000000100010100000000010001010000000001000101000000000100010100000000010001010000000001000101000000000100010100000000010001010000000001000101000000000100010100000000010001010000000001000101000000000100010100000000010001010000000001000101000000000100010100000000010001010000000001000101000000000100010100000000010001010000000001000101000000000100010100000000010001010000000001000111000000000100010100000000 b"
18
#210510
0>
#211000
1>
08
#211500
18
#211510
0>
#212000
1>
b100 \"
08
#212500
b1000000000000000100000000000000010000000000000001000000000000000100000000000000010000000000000001000000000000000100000000000000010000000000000001000000000000000100000000000000010000000000000001000000000000000100000000000000010000000000000001000000000000000100000000000000010000000000000001000000000000000100000000000000010000000000000001000000000000000100000000000000010000000000000001000000000000000100000000000000010000000000000001000000000000000100000000000000010000000000000001000000000000000100000000000000 b"
18
#212510
0>
#213000
1>
b101 \"
08
#213500
b111100000000000011110000000000001111000000000000111100000000000011110000000000001111000000000000111100000000000011110000000000001111000000000000111100000000000011110000000000001111000000000000111100000000000011110000000000001111000000000000111100000000000011110000000000001111000000000000111100000000000011110000000000001111000000000000111100000000000011110000000000001111000000000001000001011100000100000101110000010000010111000001000001011100000100000101110000010000010111000001000111011001000100000101110000 b"
18
#213510
0>
#214000
1>
b110 \"
08
#214500
b111100000000000011110000000000001111000000000000111100000000000011110000000000001111000000000000111100000000000011110000000000001111000000000000111100000000000011110000000000001111000000000000111100000000000011110000000000001111000000000000111100000000000011110000000000001111000000000000111100000000000011110000000000001111000000000000111100000000000011110000000000001111000000000000111000000000000011100000000000001110000000000000111000000000000011100000000000001110000000000000111100000000000011100000000000 b"
18
#214510
0>
#215000
1>
b10 \"
08
#215500
b1000101000000000100010100000000010001010000000001000101000000000100010100000000010001010000000001000101000000000100010100000000010001010000000001000101000000000100010100000000010001010000000001000101000000000100010100000000010001010000000001000101000000000100010100000000010001010000000001000101000000000100010100000000010001010000000001000101000000000100010100000000010001010000000001000101000000000100010100000000010001010000000001000101000000000100010100000000010001010000000001000111000000000100010100000000 b"
18
#215510
0>
#216000
1>
08
#216500
18
#216510
0>
#217000
1>
b100 \"
08
#217500
b1000000000000000100000000000000010000000000000001000000000000000100000000000000010000000000000001000000000000000100000000000000010000000000000001000000000000000100000000000000010000000000000001000000000000000100000000000000010000000000000001000000000000000100000000000000010000000000000001000000000000000100000000000000010000000000000001000000000000000100000000000000010000000000000001000000000000000100000000000000010000000000000001000000000000000100000000000000010000000000000001000000000000000100000000000000 b"
18
#217510
0>
#218000
1>
b101 \"
08
#218500
b111100000000000011110000000000001111000000000000111100000000000011110000000000001111000000000000111100000000000011110000000000001111000000000000111100000000000011110000000000001111000000000000111100000000000011110000000000001111000000000000111100000000000011110000000000001111000000000000111100000000000011110000000000001111000000000000111100000000000011110000000000001111000000000001000001011100000100000101110000010000010111000001000001011100000100000101110000010000010111000001000111011001000100000101110000 b"
18
#218510
0>
#219000
1>
b110 \"
08
#219500
b111100000000000011110000000000001111000000000000111100000000000011110000000000001111000000000000111100000000000011110000000000001111000000000000111100000000000011110000000000001111000000000000111100000000000011110000000000001111000000000000111100000000000011110000000000001111000000000000111100000000000011110000000000001111000000000000111100000000000011110000000000001111000000000000111000000000000011100000000000001110000000000000111000000000000011100000000000001110000000000000111100000000000011100000000000 b"
18
#219510
0>
#220000
1>
b10 \"
08
#220500
b1000101000000000100010100000000010001010000000001000101000000000100010100000000010001010000000001000101000000000100010100000000010001010000000001000101000000000100010100000000010001010000000001000101000000000100010100000000010001010000000001000101000000000100010100000000010001010000000001000101000000000100010100000000010001010000000001000101000000000100010100000000010001010000000001000101000000000100010100000000010001010000000001000101000000000100010100000000010001010000000001000111000000000100010100000000 b"
18
#220510
0>
#221000
1>
08
#221500
18
#221510
0>
#222000
1>
b100 \"
08
#222500
b1000000000000000100000000000000010000000000000001000000000000000100000000000000010000000000000001000000000000000100000000000000010000000000000001000000000000000100000000000000010000000000000001000000000000000100000000000000010000000000000001000000000000000100000000000000010000000000000001000000000000000100000000000000010000000000000001000000000000000100000000000000010000000000000001000000000000000100000000000000010000000000000001000000000000000100000000000000010000000000000001000000000000000100000000000000 b"
18
#222510
0>
#223000
1>
b101 \"
08
#223500
b111100000000000011110000000000001111000000000000111100000000000011110000000000001111000000000000111100000000000011110000000000001111000000000000111100000000000011110000000000001111000000000000111100000000000011110000000000001111000000000000111100000000000011110000000000001111000000000000111100000000000011110000000000001111000000000000111100000000000011110000000000001111000000000001000001011100000100000101110000010000010111000001000001011100000100000101110000010000010111000001000111011001000100000101110000 b"
18
#223510
0>
#224000
1>
b110 \"
08
#224500
b111100000000000011110000000000001111000000000000111100000000000011110000000000001111000000000000111100000000000011110000000000001111000000000000111100000000000011110000000000001111000000000000111100000000000011110000000000001111000000000000111100000000000011110000000000001111000000000000111100000000000011110000000000001111000000000000111100000000000011110000000000001111000000000000111000000000000011100000000000001110000000000000111000000000000011100000000000001110000000000000111100000000000011100000000000 b"
18
#224510
0>
#225000
1>
b10 \"
08
#225500
b1000101000000000100010100000000010001010000000001000101000000000100010100000000010001010000000001000101000000000100010100000000010001010000000001000101000000000100010100000000010001010000000001000101000000000100010100000000010001010000000001000101000000000100010100000000010001010000000001000101000000000100010100000000010001010000000001000101000000000100010100000000010001010000000001000101000000000100010100000000010001010000000001000101000000000100010100000000010001010000000001000111000000000100010100000000 b"
18
#225510
0>
#226000
1>
08
#226500
18
#226510
0>
#227000
1>
b100 \"
08
#227500
b1000000000000000100000000000000010000000000000001000000000000000100000000000000010000000000000001000000000000000100000000000000010000000000000001000000000000000100000000000000010000000000000001000000000000000100000000000000010000000000000001000000000000000100000000000000010000000000000001000000000000000100000000000000010000000000000001000000000000000100000000000000010000000000000001000000000000000100000000000000010000000000000001000000000000000100000000000000010000000000000001000000000000000100000000000000 b"
18
#227510
0>
#228000
1>
b101 \"
08
#228500
b111100000000000011110000000000001111000000000000111100000000000011110000000000001111000000000000111100000000000011110000000000001111000000000000111100000000000011110000000000001111000000000000111100000000000011110000000000001111000000000000111100000000000011110000000000001111000000000000111100000000000011110000000000001111000000000000111100000000000011110000000000001111000000000001000001011100000100000101110000010000010111000001000001011100000100000101110000010000010111000001000111011001000100000101110000 b"
18
#228510
0>
#229000
1>
b110 \"
08
#229500
b111100000000000011110000000000001111000000000000111100000000000011110000000000001111000000000000111100000000000011110000000000001111000000000000111100000000000011110000000000001111000000000000111100000000000011110000000000001111000000000000111100000000000011110000000000001111000000000000111100000000000011110000000000001111000000000000111100000000000011110000000000001111000000000000111000000000000011100000000000001110000000000000111000000000000011100000000000001110000000000000111100000000000011100000000000 b"
18
#229510
0>
#230000
1>
b10 \"
08
#230500
b1000101000000000100010100000000010001010000000001000101000000000100010100000000010001010000000001000101000000000100010100000000010001010000000001000101000000000100010100000000010001010000000001000101000000000100010100000000010001010000000001000101000000000100010100000000010001010000000001000101000000000100010100000000010001010000000001000101000000000100010100000000010001010000000001000101000000000100010100000000010001010000000001000101000000000100010100000000010001010000000001000111000000000100010100000000 b"
18
#230510
0>
#231000
1>
08
#231500
18
#231510
0>
#232000
1>
b100 \"
08
#232500
b1000000000000000100000000000000010000000000000001000000000000000100000000000000010000000000000001000000000000000100000000000000010000000000000001000000000000000100000000000000010000000000000001000000000000000100000000000000010000000000000001000000000000000100000000000000010000000000000001000000000000000100000000000000010000000000000001000000000000000100000000000000010000000000000001000000000000000100000000000000010000000000000001000000000000000100000000000000010000000000000001000000000000000100000000000000 b"
18
#232510
0>
#233000
1>
b101 \"
08
#233500
b111100000000000011110000000000001111000000000000111100000000000011110000000000001111000000000000111100000000000011110000000000001111000000000000111100000000000011110000000000001111000000000000111100000000000011110000000000001111000000000000111100000000000011110000000000001111000000000000111100000000000011110000000000001111000000000000111100000000000011110000000000001111000000000001000001011100000100000101110000010000010111000001000001011100000100000101110000010000010111000001000111011001000100000101110000 b"
18
#233510
0>
#234000
1>
b110 \"
08
#234500
b111100000000000011110000000000001111000000000000111100000000000011110000000000001111000000000000111100000000000011110000000000001111000000000000111100000000000011110000000000001111000000000000111100000000000011110000000000001111000000000000111100000000000011110000000000001111000000000000111100000000000011110000000000001111000000000000111100000000000011110000000000001111000000000000111000000000000011100000000000001110000000000000111000000000000011100000000000001110000000000000111100000000000011100000000000 b"
18
#234510
0>
#235000
1>
b10 \"
08
#235500
b1000101000000000100010100000000010001010000000001000101000000000100010100000000010001010000000001000101000000000100010100000000010001010000000001000101000000000100010100000000010001010000000001000101000000000100010100000000010001010000000001000101000000000100010100000000010001010000000001000101000000000100010100000000010001010000000001000101000000000100010100000000010001010000000001000101000000000100010100000000010001010000000001000101000000000100010100000000010001010000000001000111000000000100010100000000 b"
18
#235510
0>
#236000
1>
08
#236500
18
#236510
0>
#237000
1>
b100 \"
08
#237500
b1000000000000000100000000000000010000000000000001000000000000000100000000000000010000000000000001000000000000000100000000000000010000000000000001000000000000000100000000000000010000000000000001000000000000000100000000000000010000000000000001000000000000000100000000000000010000000000000001000000000000000100000000000000010000000000000001000000000000000100000000000000010000000000000001000000000000000100000000000000010000000000000001000000000000000100000000000000010000000000000001000000000000000100000000000000 b"
18
#237510
0>
#238000
1>
b101 \"
08
#238500
b111100000000000011110000000000001111000000000000111100000000000011110000000000001111000000000000111100000000000011110000000000001111000000000000111100000000000011110000000000001111000000000000111100000000000011110000000000001111000000000000111100000000000011110000000000001111000000000000111100000000000011110000000000001111000000000000111100000000000011110000000000001111000000000001000001011100000100000101110000010000010111000001000001011100000100000101110000010000010111000001000111011001000100000101110000 b"
18
#238510
0>
#239000
1>
b110 \"
08
#239500
b111100000000000011110000000000001111000000000000111100000000000011110000000000001111000000000000111100000000000011110000000000001111000000000000111100000000000011110000000000001111000000000000111100000000000011110000000000001111000000000000111100000000000011110000000000001111000000000000111100000000000011110000000000001111000000000000111100000000000011110000000000001111000000000000111000000000000011100000000000001110000000000000111000000000000011100000000000001110000000000000111100000000000011100000000000 b"
18
#239510
0>
#240000
1>
b10 \"
08
#240500
b1000101000000000100010100000000010001010000000001000101000000000100010100000000010001010000000001000101000000000100010100000000010001010000000001000101000000000100010100000000010001010000000001000101000000000100010100000000010001010000000001000101000000000100010100000000010001010000000001000101000000000100010100000000010001010000000001000101000000000100010100000000010001010000000001000101000000000100010100000000010001010000000001000101000000000100010100000000010001010000000001000111000000000100010100000000 b"
18
#240510
0>
#241000
1>
08
#241500
18
#241510
0>
#242000
1>
b100 \"
08
#242500
b1000000000000000100000000000000010000000000000001000000000000000100000000000000010000000000000001000000000000000100000000000000010000000000000001000000000000000100000000000000010000000000000001000000000000000100000000000000010000000000000001000000000000000100000000000000010000000000000001000000000000000100000000000000010000000000000001000000000000000100000000000000010000000000000001000000000000000100000000000000010000000000000001000000000000000100000000000000010000000000000001000000000000000100000000000000 b"
18
#242510
0>
#243000
1>
b101 \"
08
#243500
b111100000000000011110000000000001111000000000000111100000000000011110000000000001111000000000000111100000000000011110000000000001111000000000000111100000000000011110000000000001111000000000000111100000000000011110000000000001111000000000000111100000000000011110000000000001111000000000000111100000000000011110000000000001111000000000000111100000000000011110000000000001111000000000001000001011100000100000101110000010000010111000001000001011100000100000101110000010000010111000001000111011001000100000101110000 b"
18
#243510
0>
#244000
1>
b110 \"
08
#244500
b111100000000000011110000000000001111000000000000111100000000000011110000000000001111000000000000111100000000000011110000000000001111000000000000111100000000000011110000000000001111000000000000111100000000000011110000000000001111000000000000111100000000000011110000000000001111000000000000111100000000000011110000000000001111000000000000111100000000000011110000000000001111000000000000111000000000000011100000000000001110000000000000111000000000000011100000000000001110000000000000111100000000000011100000000000 b"
18
#244510
0>
#245000
1>
b10 \"
08
#245500
b1000101000000000100010100000000010001010000000001000101000000000100010100000000010001010000000001000101000000000100010100000000010001010000000001000101000000000100010100000000010001010000000001000101000000000100010100000000010001010000000001000101000000000100010100000000010001010000000001000101000000000100010100000000010001010000000001000101000000000100010100000000010001010000000001000101000000000100010100000000010001010000000001000101000000000100010100000000010001010000000001000111000000000100010100000000 b"
18
#245510
0>
#246000
1>
08
#246500
18
#246510
0>
#247000
1>
b100 \"
08
#247500
b1000000000000000100000000000000010000000000000001000000000000000100000000000000010000000000000001000000000000000100000000000000010000000000000001000000000000000100000000000000010000000000000001000000000000000100000000000000010000000000000001000000000000000100000000000000010000000000000001000000000000000100000000000000010000000000000001000000000000000100000000000000010000000000000001000000000000000100000000000000010000000000000001000000000000000100000000000000010000000000000001000000000000000100000000000000 b"
18
#247510
0>
#248000
1>
b101 \"
08
#248500
b111100000000000011110000000000001111000000000000111100000000000011110000000000001111000000000000111100000000000011110000000000001111000000000000111100000000000011110000000000001111000000000000111100000000000011110000000000001111000000000000111100000000000011110000000000001111000000000000111100000000000011110000000000001111000000000000111100000000000011110000000000001111000000000001000001011100000100000101110000010000010111000001000001011100000100000101110000010000010111000001000111011001000100000101110000 b"
18
#248510
0>
#249000
1>
b110 \"
08
#249500
b111100000000000011110000000000001111000000000000111100000000000011110000000000001111000000000000111100000000000011110000000000001111000000000000111100000000000011110000000000001111000000000000111100000000000011110000000000001111000000000000111100000000000011110000000000001111000000000000111100000000000011110000000000001111000000000000111100000000000011110000000000001111000000000000111000000000000011100000000000001110000000000000111000000000000011100000000000001110000000000000111100000000000011100000000000 b"
18
#249510
0>
#250000
1>
b10 \"
08
#250500
b1000101000000000100010100000000010001010000000001000101000000000100010100000000010001010000000001000101000000000100010100000000010001010000000001000101000000000100010100000000010001010000000001000101000000000100010100000000010001010000000001000101000000000100010100000000010001010000000001000101000000000100010100000000010001010000000001000101000000000100010100000000010001010000000001000101000000000100010100000000010001010000000001000101000000000100010100000000010001010000000001000111000000000100010100000000 b"
18
#250510
0>
#251000
1>
08
#251500
18
#251510
0>
#252000
1>
b100 \"
08
#252500
b1000000000000000100000000000000010000000000000001000000000000000100000000000000010000000000000001000000000000000100000000000000010000000000000001000000000000000100000000000000010000000000000001000000000000000100000000000000010000000000000001000000000000000100000000000000010000000000000001000000000000000100000000000000010000000000000001000000000000000100000000000000010000000000000001000000000000000100000000000000010000000000000001000000000000000100000000000000010000000000000001000000000000000100000000000000 b"
18
#252510
0>
#253000
1>
b101 \"
08
#253500
b111100000000000011110000000000001111000000000000111100000000000011110000000000001111000000000000111100000000000011110000000000001111000000000000111100000000000011110000000000001111000000000000111100000000000011110000000000001111000000000000111100000000000011110000000000001111000000000000111100000000000011110000000000001111000000000000111100000000000011110000000000001111000000000001000001011100000100000101110000010000010111000001000001011100000100000101110000010000010111000001000111011001000100000101110000 b"
18
#253510
0>
#254000
1>
b110 \"
08
#254500
b111100000000000011110000000000001111000000000000111100000000000011110000000000001111000000000000111100000000000011110000000000001111000000000000111100000000000011110000000000001111000000000000111100000000000011110000000000001111000000000000111100000000000011110000000000001111000000000000111100000000000011110000000000001111000000000000111100000000000011110000000000001111000000000000111000000000000011100000000000001110000000000000111000000000000011100000000000001110000000000000111100000000000011100000000000 b"
18
#254510
0>
#255000
1>
b10 \"
08
#255500
b1000101000000000100010100000000010001010000000001000101000000000100010100000000010001010000000001000101000000000100010100000000010001010000000001000101000000000100010100000000010001010000000001000101000000000100010100000000010001010000000001000101000000000100010100000000010001010000000001000101000000000100010100000000010001010000000001000101000000000100010100000000010001010000000001000101000000000100010100000000010001010000000001000101000000000100010100000000010001010000000001000111000000000100010100000000 b"
18
#255510
0>
#256000
1>
08
#256500
18
#256510
0>
#257000
1>
b100 \"
08
#257500
b1000000000000000100000000000000010000000000000001000000000000000100000000000000010000000000000001000000000000000100000000000000010000000000000001000000000000000100000000000000010000000000000001000000000000000100000000000000010000000000000001000000000000000100000000000000010000000000000001000000000000000100000000000000010000000000000001000000000000000100000000000000010000000000000001000000000000000100000000000000010000000000000001000000000000000100000000000000010000000000000001000000000000000100000000000000 b"
18
#257510
0>
#258000
1>
b101 \"
08
#258500
b111100000000000011110000000000001111000000000000111100000000000011110000000000001111000000000000111100000000000011110000000000001111000000000000111100000000000011110000000000001111000000000000111100000000000011110000000000001111000000000000111100000000000011110000000000001111000000000000111100000000000011110000000000001111000000000000111100000000000011110000000000001111000000000001000001011100000100000101110000010000010111000001000001011100000100000101110000010000010111000001000111011001000100000101110000 b"
18
#258510
0>
#259000
1>
b110 \"
08
#259500
b111100000000000011110000000000001111000000000000111100000000000011110000000000001111000000000000111100000000000011110000000000001111000000000000111100000000000011110000000000001111000000000000111100000000000011110000000000001111000000000000111100000000000011110000000000001111000000000000111100000000000011110000000000001111000000000000111100000000000011110000000000001111000000000000111000000000000011100000000000001110000000000000111000000000000011100000000000001110000000000000111100000000000011100000000000 b"
18
#259510
0>
#260000
1>
b10 \"
08
#260500
b1000101000000000100010100000000010001010000000001000101000000000100010100000000010001010000000001000101000000000100010100000000010001010000000001000101000000000100010100000000010001010000000001000101000000000100010100000000010001010000000001000101000000000100010100000000010001010000000001000101000000000100010100000000010001010000000001000101000000000100010100000000010001010000000001000101000000000100010100000000010001010000000001000101000000000100010100000000010001010000000001000111000000000100010100000000 b"
18
#260510
0>
#261000
1>
08
#261500
18
#261510
0>
#262000
1>
b100 \"
08
#262500
b1000000000000000100000000000000010000000000000001000000000000000100000000000000010000000000000001000000000000000100000000000000010000000000000001000000000000000100000000000000010000000000000001000000000000000100000000000000010000000000000001000000000000000100000000000000010000000000000001000000000000000100000000000000010000000000000001000000000000000100000000000000010000000000000001000000000000000100000000000000010000000000000001000000000000000100000000000000010000000000000001000000000000000100000000000000 b"
18
#262510
0>
#263000
1>
b101 \"
08
#263500
b111100000000000011110000000000001111000000000000111100000000000011110000000000001111000000000000111100000000000011110000000000001111000000000000111100000000000011110000000000001111000000000000111100000000000011110000000000001111000000000000111100000000000011110000000000001111000000000000111100000000000011110000000000001111000000000000111100000000000011110000000000001111000000000001000001011100000100000101110000010000010111000001000001011100000100000101110000010000010111000001000111011001000100000101110000 b"
18
#263510
0>
#264000
1>
b110 \"
08
#264500
b111100000000000011110000000000001111000000000000111100000000000011110000000000001111000000000000111100000000000011110000000000001111000000000000111100000000000011110000000000001111000000000000111100000000000011110000000000001111000000000000111100000000000011110000000000001111000000000000111100000000000011110000000000001111000000000000111100000000000011110000000000001111000000000000111000000000000011100000000000001110000000000000111000000000000011100000000000001110000000000000111100000000000011100000000000 b"
18
#264510
0>
#265000
1>
b10 \"
08
#265500
b1000101000000000100010100000000010001010000000001000101000000000100010100000000010001010000000001000101000000000100010100000000010001010000000001000101000000000100010100000000010001010000000001000101000000000100010100000000010001010000000001000101000000000100010100000000010001010000000001000101000000000100010100000000010001010000000001000101000000000100010100000000010001010000000001000101000000000100010100000000010001010000000001000101000000000100010100000000010001010000000001000111000000000100010100000000 b"
18
#265510
0>
#266000
1>
08
#266500
18
#266510
0>
#267000
1>
b100 \"
08
#267500
b1000000000000000100000000000000010000000000000001000000000000000100000000000000010000000000000001000000000000000100000000000000010000000000000001000000000000000100000000000000010000000000000001000000000000000100000000000000010000000000000001000000000000000100000000000000010000000000000001000000000000000100000000000000010000000000000001000000000000000100000000000000010000000000000001000000000000000100000000000000010000000000000001000000000000000100000000000000010000000000000001000000000000000100000000000000 b"
18
#267510
0>
#268000
1>
b101 \"
08
#268500
b111100000000000011110000000000001111000000000000111100000000000011110000000000001111000000000000111100000000000011110000000000001111000000000000111100000000000011110000000000001111000000000000111100000000000011110000000000001111000000000000111100000000000011110000000000001111000000000000111100000000000011110000000000001111000000000000111100000000000011110000000000001111000000000001000001011100000100000101110000010000010111000001000001011100000100000101110000010000010111000001000111011001000100000101110000 b"
18
#268510
0>
#269000
1>
b110 \"
08
#269500
b111100000000000011110000000000001111000000000000111100000000000011110000000000001111000000000000111100000000000011110000000000001111000000000000111100000000000011110000000000001111000000000000111100000000000011110000000000001111000000000000111100000000000011110000000000001111000000000000111100000000000011110000000000001111000000000000111100000000000011110000000000001111000000000000111000000000000011100000000000001110000000000000111000000000000011100000000000001110000000000000111100000000000011100000000000 b"
18
#269510
0>
#270000
1>
b10 \"
08
#270500
b1000101000000000100010100000000010001010000000001000101000000000100010100000000010001010000000001000101000000000100010100000000010001010000000001000101000000000100010100000000010001010000000001000101000000000100010100000000010001010000000001000101000000000100010100000000010001010000000001000101000000000100010100000000010001010000000001000101000000000100010100000000010001010000000001000101000000000100010100000000010001010000000001000101000000000100010100000000010001010000000001000111000000000100010100000000 b"
18
#270510
0>
#271000
1>
08
#271500
18
#271510
0>
#272000
1>
b100 \"
08
#272500
b1000000000000000100000000000000010000000000000001000000000000000100000000000000010000000000000001000000000000000100000000000000010000000000000001000000000000000100000000000000010000000000000001000000000000000100000000000000010000000000000001000000000000000100000000000000010000000000000001000000000000000100000000000000010000000000000001000000000000000100000000000000010000000000000001000000000000000100000000000000010000000000000001000000000000000100000000000000010000000000000001000000000000000100000000000000 b"
18
#272510
0>
#273000
1>
b101 \"
08
#273500
b111100000000000011110000000000001111000000000000111100000000000011110000000000001111000000000000111100000000000011110000000000001111000000000000111100000000000011110000000000001111000000000000111100000000000011110000000000001111000000000000111100000000000011110000000000001111000000000000111100000000000011110000000000001111000000000000111100000000000011110000000000001111000000000001000001011100000100000101110000010000010111000001000001011100000100000101110000010000010111000001000111011001000100000101110000 b"
18
#273510
0>
#274000
1>
b110 \"
08
#274500
b111100000000000011110000000000001111000000000000111100000000000011110000000000001111000000000000111100000000000011110000000000001111000000000000111100000000000011110000000000001111000000000000111100000000000011110000000000001111000000000000111100000000000011110000000000001111000000000000111100000000000011110000000000001111000000000000111100000000000011110000000000001111000000000000111000000000000011100000000000001110000000000000111000000000000011100000000000001110000000000000111100000000000011100000000000 b"
18
#274510
0>
#275000
1>
b10 \"
08
#275500
b1000101000000000100010100000000010001010000000001000101000000000100010100000000010001010000000001000101000000000100010100000000010001010000000001000101000000000100010100000000010001010000000001000101000000000100010100000000010001010000000001000101000000000100010100000000010001010000000001000101000000000100010100000000010001010000000001000101000000000100010100000000010001010000000001000101000000000100010100000000010001010000000001000101000000000100010100000000010001010000000001000111000000000100010100000000 b"
18
#275510
0>
#276000
1>
08
#276500
18
#276510
0>
#277000
1>
b100 \"
08
#277500
b1000000000000000100000000000000010000000000000001000000000000000100000000000000010000000000000001000000000000000100000000000000010000000000000001000000000000000100000000000000010000000000000001000000000000000100000000000000010000000000000001000000000000000100000000000000010000000000000001000000000000000100000000000000010000000000000001000000000000000100000000000000010000000000000001000000000000000100000000000000010000000000000001000000000000000100000000000000010000000000000001000000000000000100000000000000 b"
18
#277510
0>
#278000
1>
b101 \"
08
#278500
b111100000000000011110000000000001111000000000000111100000000000011110000000000001111000000000000111100000000000011110000000000001111000000000000111100000000000011110000000000001111000000000000111100000000000011110000000000001111000000000000111100000000000011110000000000001111000000000000111100000000000011110000000000001111000000000000111100000000000011110000000000001111000000000001000001011100000100000101110000010000010111000001000001011100000100000101110000010000010111000001000111011001000100000101110000 b"
18
#278510
0>
#279000
1>
b110 \"
08
#279500
b111100000000000011110000000000001111000000000000111100000000000011110000000000001111000000000000111100000000000011110000000000001111000000000000111100000000000011110000000000001111000000000000111100000000000011110000000000001111000000000000111100000000000011110000000000001111000000000000111100000000000011110000000000001111000000000000111100000000000011110000000000001111000000000000111000000000000011100000000000001110000000000000111000000000000011100000000000001110000000000000111100000000000011100000000000 b"
18
#279510
0>
#280000
1>
b10 \"
08
#280500
b1000101000000000100010100000000010001010000000001000101000000000100010100000000010001010000000001000101000000000100010100000000010001010000000001000101000000000100010100000000010001010000000001000101000000000100010100000000010001010000000001000101000000000100010100000000010001010000000001000101000000000100010100000000010001010000000001000101000000000100010100000000010001010000000001000101000000000100010100000000010001010000000001000101000000000100010100000000010001010000000001000111000000000100010100000000 b"
18
#280510
0>
#281000
1>
08
#281500
18
#281510
0>
#282000
1>
b100 \"
08
#282500
b1000000000000000100000000000000010000000000000001000000000000000100000000000000010000000000000001000000000000000100000000000000010000000000000001000000000000000100000000000000010000000000000001000000000000000100000000000000010000000000000001000000000000000100000000000000010000000000000001000000000000000100000000000000010000000000000001000000000000000100000000000000010000000000000001000000000000000100000000000000010000000000000001000000000000000100000000000000010000000000000001000000000000000100000000000000 b"
18
#282510
0>
#283000
1>
b101 \"
08
#283500
b111100000000000011110000000000001111000000000000111100000000000011110000000000001111000000000000111100000000000011110000000000001111000000000000111100000000000011110000000000001111000000000000111100000000000011110000000000001111000000000000111100000000000011110000000000001111000000000000111100000000000011110000000000001111000000000000111100000000000011110000000000001111000000000001000001011100000100000101110000010000010111000001000001011100000100000101110000010000010111000001000111011001000100000101110000 b"
18
#283510
0>
#284000
1>
b110 \"
08
#284500
b111100000000000011110000000000001111000000000000111100000000000011110000000000001111000000000000111100000000000011110000000000001111000000000000111100000000000011110000000000001111000000000000111100000000000011110000000000001111000000000000111100000000000011110000000000001111000000000000111100000000000011110000000000001111000000000000111100000000000011110000000000001111000000000000111000000000000011100000000000001110000000000000111000000000000011100000000000001110000000000000111100000000000011100000000000 b"
18
#284510
0>
#285000
1>
b10 \"
08
#285500
b1000101000000000100010100000000010001010000000001000101000000000100010100000000010001010000000001000101000000000100010100000000010001010000000001000101000000000100010100000000010001010000000001000101000000000100010100000000010001010000000001000101000000000100010100000000010001010000000001000101000000000100010100000000010001010000000001000101000000000100010100000000010001010000000001000101000000000100010100000000010001010000000001000101000000000100010100000000010001010000000001000111000000000100010100000000 b"
18
#285510
0>
#286000
1>
08
#286500
18
#286510
0>
#287000
1>
b100 \"
08
#287500
b1000000000000000100000000000000010000000000000001000000000000000100000000000000010000000000000001000000000000000100000000000000010000000000000001000000000000000100000000000000010000000000000001000000000000000100000000000000010000000000000001000000000000000100000000000000010000000000000001000000000000000100000000000000010000000000000001000000000000000100000000000000010000000000000001000000000000000100000000000000010000000000000001000000000000000100000000000000010000000000000001000000000000000100000000000000 b"
18
#287510
0>
#288000
1>
b101 \"
08
#288500
b111100000000000011110000000000001111000000000000111100000000000011110000000000001111000000000000111100000000000011110000000000001111000000000000111100000000000011110000000000001111000000000000111100000000000011110000000000001111000000000000111100000000000011110000000000001111000000000000111100000000000011110000000000001111000000000000111100000000000011110000000000001111000000000001000001011100000100000101110000010000010111000001000001011100000100000101110000010000010111000001000111011001000100000101110000 b"
18
#288510
0>
#289000
1>
b110 \"
08
#289500
b111100000000000011110000000000001111000000000000111100000000000011110000000000001111000000000000111100000000000011110000000000001111000000000000111100000000000011110000000000001111000000000000111100000000000011110000000000001111000000000000111100000000000011110000000000001111000000000000111100000000000011110000000000001111000000000000111100000000000011110000000000001111000000000000111000000000000011100000000000001110000000000000111000000000000011100000000000001110000000000000111100000000000011100000000000 b"
18
#289510
0>
#290000
1>
b10 \"
08
#290500
b1000101000000000100010100000000010001010000000001000101000000000100010100000000010001010000000001000101000000000100010100000000010001010000000001000101000000000100010100000000010001010000000001000101000000000100010100000000010001010000000001000101000000000100010100000000010001010000000001000101000000000100010100000000010001010000000001000101000000000100010100000000010001010000000001000101000000000100010100000000010001010000000001000101000000000100010100000000010001010000000001000111000000000100010100000000 b"
18
#290510
0>
#291000
1>
08
#291500
18
#291510
0>
#292000
1>
b100 \"
08
#292500
b1000000000000000100000000000000010000000000000001000000000000000100000000000000010000000000000001000000000000000100000000000000010000000000000001000000000000000100000000000000010000000000000001000000000000000100000000000000010000000000000001000000000000000100000000000000010000000000000001000000000000000100000000000000010000000000000001000000000000000100000000000000010000000000000001000000000000000100000000000000010000000000000001000000000000000100000000000000010000000000000001000000000000000100000000000000 b"
18
#292510
0>
#293000
1>
b101 \"
08
#293500
b111100000000000011110000000000001111000000000000111100000000000011110000000000001111000000000000111100000000000011110000000000001111000000000000111100000000000011110000000000001111000000000000111100000000000011110000000000001111000000000000111100000000000011110000000000001111000000000000111100000000000011110000000000001111000000000000111100000000000011110000000000001111000000000001000001011100000100000101110000010000010111000001000001011100000100000101110000010000010111000001000111011001000100000101110000 b"
18
#293510
0>
#294000
1>
b110 \"
08
#294500
b111100000000000011110000000000001111000000000000111100000000000011110000000000001111000000000000111100000000000011110000000000001111000000000000111100000000000011110000000000001111000000000000111100000000000011110000000000001111000000000000111100000000000011110000000000001111000000000000111100000000000011110000000000001111000000000000111100000000000011110000000000001111000000000000111000000000000011100000000000001110000000000000111000000000000011100000000000001110000000000000111100000000000011100000000000 b"
18
#294510
0>
#295000
1>
b10 \"
08
#295500
b1000101000000000100010100000000010001010000000001000101000000000100010100000000010001010000000001000101000000000100010100000000010001010000000001000101000000000100010100000000010001010000000001000101000000000100010100000000010001010000000001000101000000000100010100000000010001010000000001000101000000000100010100000000010001010000000001000101000000000100010100000000010001010000000001000101000000000100010100000000010001010000000001000101000000000100010100000000010001010000000001000111000000000100010100000000 b"
18
#295510
0>
#296000
1>
08
#296500
18
#296510
0>
#297000
1>
b100 \"
08
#297500
b1000000000000000100000000000000010000000000000001000000000000000100000000000000010000000000000001000000000000000100000000000000010000000000000001000000000000000100000000000000010000000000000001000000000000000100000000000000010000000000000001000000000000000100000000000000010000000000000001000000000000000100000000000000010000000000000001000000000000000100000000000000010000000000000001000000000000000100000000000000010000000000000001000000000000000100000000000000010000000000000001000000000000000100000000000000 b"
18
#297510
0>
#298000
1>
b101 \"
08
#298500
b111100000000000011110000000000001111000000000000111100000000000011110000000000001111000000000000111100000000000011110000000000001111000000000000111100000000000011110000000000001111000000000000111100000000000011110000000000001111000000000000111100000000000011110000000000001111000000000000111100000000000011110000000000001111000000000000111100000000000011110000000000001111000000000001000001011100000100000101110000010000010111000001000001011100000100000101110000010000010111000001000111011001000100000101110000 b"
18
#298510
0>
#299000
1>
b110 \"
08
#299500
b111100000000000011110000000000001111000000000000111100000000000011110000000000001111000000000000111100000000000011110000000000001111000000000000111100000000000011110000000000001111000000000000111100000000000011110000000000001111000000000000111100000000000011110000000000001111000000000000111100000000000011110000000000001111000000000000111100000000000011110000000000001111000000000000111000000000000011100000000000001110000000000000111000000000000011100000000000001110000000000000111100000000000011100000000000 b"
18
#299510
0>
#300000
1>
b10 \"
08
#300500
b1000101000000000100010100000000010001010000000001000101000000000100010100000000010001010000000001000101000000000100010100000000010001010000000001000101000000000100010100000000010001010000000001000101000000000100010100000000010001010000000001000101000000000100010100000000010001010000000001000101000000000100010100000000010001010000000001000101000000000100010100000000010001010000000001000101000000000100010100000000010001010000000001000101000000000100010100000000010001010000000001000111000000000100010100000000 b"
18
#300510
0>
#301000
1>
08
#301500
18
#301510
0>
#302000
1>
b100 \"
08
#302500
b1000000000000000100000000000000010000000000000001000000000000000100000000000000010000000000000001000000000000000100000000000000010000000000000001000000000000000100000000000000010000000000000001000000000000000100000000000000010000000000000001000000000000000100000000000000010000000000000001000000000000000100000000000000010000000000000001000000000000000100000000000000010000000000000001000000000000000100000000000000010000000000000001000000000000000100000000000000010000000000000001000000000000000100000000000000 b"
18
#302510
0>
#303000
1>
b101 \"
08
#303500
b111100000000000011110000000000001111000000000000111100000000000011110000000000001111000000000000111100000000000011110000000000001111000000000000111100000000000011110000000000001111000000000000111100000000000011110000000000001111000000000000111100000000000011110000000000001111000000000000111100000000000011110000000000001111000000000000111100000000000011110000000000001111000000000001000001011100000100000101110000010000010111000001000001011100000100000101110000010000010111000001000111011001000100000101110000 b"
18
#303510
0>
#304000
1>
b110 \"
08
#304500
b111100000000000011110000000000001111000000000000111100000000000011110000000000001111000000000000111100000000000011110000000000001111000000000000111100000000000011110000000000001111000000000000111100000000000011110000000000001111000000000000111100000000000011110000000000001111000000000000111100000000000011110000000000001111000000000000111100000000000011110000000000001111000000000000111000000000000011100000000000001110000000000000111000000000000011100000000000001110000000000000111100000000000011100000000000 b"
18
#304510
0>
#305000
1>
b10 \"
08
#305500
b1000101000000000100010100000000010001010000000001000101000000000100010100000000010001010000000001000101000000000100010100000000010001010000000001000101000000000100010100000000010001010000000001000101000000000100010100000000010001010000000001000101000000000100010100000000010001010000000001000101000000000100010100000000010001010000000001000101000000000100010100000000010001010000000001000101000000000100010100000000010001010000000001000101000000000100010100000000010001010000000001000111000000000100010100000000 b"
18
#305510
0>
#306000
1>
08
#306500
18
#306510
0>
#307000
1>
b100 \"
08
#307500
b1000000000000000100000000000000010000000000000001000000000000000100000000000000010000000000000001000000000000000100000000000000010000000000000001000000000000000100000000000000010000000000000001000000000000000100000000000000010000000000000001000000000000000100000000000000010000000000000001000000000000000100000000000000010000000000000001000000000000000100000000000000010000000000000001000000000000000100000000000000010000000000000001000000000000000100000000000000010000000000000001000000000000000100000000000000 b"
18
#307510
0>
#308000
1>
b101 \"
08
#308500
b111100000000000011110000000000001111000000000000111100000000000011110000000000001111000000000000111100000000000011110000000000001111000000000000111100000000000011110000000000001111000000000000111100000000000011110000000000001111000000000000111100000000000011110000000000001111000000000000111100000000000011110000000000001111000000000000111100000000000011110000000000001111000000000001000001011100000100000101110000010000010111000001000001011100000100000101110000010000010111000001000111011001000100000101110000 b"
18
#308510
0>
#309000
1>
b110 \"
08
#309500
b111100000000000011110000000000001111000000000000111100000000000011110000000000001111000000000000111100000000000011110000000000001111000000000000111100000000000011110000000000001111000000000000111100000000000011110000000000001111000000000000111100000000000011110000000000001111000000000000111100000000000011110000000000001111000000000000111100000000000011110000000000001111000000000000111000000000000011100000000000001110000000000000111000000000000011100000000000001110000000000000111100000000000011100000000000 b"
18
#309510
0>
#310000
1>
b10 \"
08
#310500
b1000101000000000100010100000000010001010000000001000101000000000100010100000000010001010000000001000101000000000100010100000000010001010000000001000101000000000100010100000000010001010000000001000101000000000100010100000000010001010000000001000101000000000100010100000000010001010000000001000101000000000100010100000000010001010000000001000101000000000100010100000000010001010000000001000101000000000100010100000000010001010000000001000101000000000100010100000000010001010000000001000111000000000100010100000000 b"
18
#310510
0>
#311000
1>
08
#311500
18
#311510
0>
#312000
1>
b100 \"
08
#312500
b1000000000000000100000000000000010000000000000001000000000000000100000000000000010000000000000001000000000000000100000000000000010000000000000001000000000000000100000000000000010000000000000001000000000000000100000000000000010000000000000001000000000000000100000000000000010000000000000001000000000000000100000000000000010000000000000001000000000000000100000000000000010000000000000001000000000000000100000000000000010000000000000001000000000000000100000000000000010000000000000001000000000000000100000000000000 b"
18
#312510
0>
#313000
1>
b101 \"
08
#313500
b111100000000000011110000000000001111000000000000111100000000000011110000000000001111000000000000111100000000000011110000000000001111000000000000111100000000000011110000000000001111000000000000111100000000000011110000000000001111000000000000111100000000000011110000000000001111000000000000111100000000000011110000000000001111000000000000111100000000000011110000000000001111000000000001000001011100000100000101110000010000010111000001000001011100000100000101110000010000010111000001000111011001000100000101110000 b"
18
#313510
0>
#314000
1>
b110 \"
08
#314500
b111100000000000011110000000000001111000000000000111100000000000011110000000000001111000000000000111100000000000011110000000000001111000000000000111100000000000011110000000000001111000000000000111100000000000011110000000000001111000000000000111100000000000011110000000000001111000000000000111100000000000011110000000000001111000000000000111100000000000011110000000000001111000000000000111000000000000011100000000000001110000000000000111000000000000011100000000000001110000000000000111100000000000011100000000000 b"
18
#314510
0>
#315000
1>
b10 \"
08
#315500
b1000101000000000100010100000000010001010000000001000101000000000100010100000000010001010000000001000101000000000100010100000000010001010000000001000101000000000100010100000000010001010000000001000101000000000100010100000000010001010000000001000101000000000100010100000000010001010000000001000101000000000100010100000000010001010000000001000101000000000100010100000000010001010000000001000101000000000100010100000000010001010000000001000101000000000100010100000000010001010000000001000111000000000100010100000000 b"
18
#315510
0>
#316000
1>
08
#316500
18
#316510
0>
#317000
1>
b100 \"
08
#317500
b1000000000000000100000000000000010000000000000001000000000000000100000000000000010000000000000001000000000000000100000000000000010000000000000001000000000000000100000000000000010000000000000001000000000000000100000000000000010000000000000001000000000000000100000000000000010000000000000001000000000000000100000000000000010000000000000001000000000000000100000000000000010000000000000001000000000000000100000000000000010000000000000001000000000000000100000000000000010000000000000001000000000000000100000000000000 b"
18
#317510
0>
#318000
1>
b101 \"
08
#318500
b111100000000000011110000000000001111000000000000111100000000000011110000000000001111000000000000111100000000000011110000000000001111000000000000111100000000000011110000000000001111000000000000111100000000000011110000000000001111000000000000111100000000000011110000000000001111000000000000111100000000000011110000000000001111000000000000111100000000000011110000000000001111000000000001000001011100000100000101110000010000010111000001000001011100000100000101110000010000010111000001000111011001000100000101110000 b"
18
#318510
0>
#319000
1>
b110 \"
08
#319500
b111100000000000011110000000000001111000000000000111100000000000011110000000000001111000000000000111100000000000011110000000000001111000000000000111100000000000011110000000000001111000000000000111100000000000011110000000000001111000000000000111100000000000011110000000000001111000000000000111100000000000011110000000000001111000000000000111100000000000011110000000000001111000000000000111000000000000011100000000000001110000000000000111000000000000011100000000000001110000000000000111100000000000011100000000000 b"
18
#319510
0>
#320000
1>
b10 \"
08
#320500
b1000101000000000100010100000000010001010000000001000101000000000100010100000000010001010000000001000101000000000100010100000000010001010000000001000101000000000100010100000000010001010000000001000101000000000100010100000000010001010000000001000101000000000100010100000000010001010000000001000101000000000100010100000000010001010000000001000101000000000100010100000000010001010000000001000101000000000100010100000000010001010000000001000101000000000100010100000000010001010000000001000111000000000100010100000000 b"
18
#320510
0>
#321000
1>
08
#321500
18
#321510
0>
#322000
1>
b100 \"
08
#322500
b1000000000000000100000000000000010000000000000001000000000000000100000000000000010000000000000001000000000000000100000000000000010000000000000001000000000000000100000000000000010000000000000001000000000000000100000000000000010000000000000001000000000000000100000000000000010000000000000001000000000000000100000000000000010000000000000001000000000000000100000000000000010000000000000001000000000000000100000000000000010000000000000001000000000000000100000000000000010000000000000001000000000000000100000000000000 b"
18
#322510
0>
#323000
1>
b101 \"
08
#323500
b111100000000000011110000000000001111000000000000111100000000000011110000000000001111000000000000111100000000000011110000000000001111000000000000111100000000000011110000000000001111000000000000111100000000000011110000000000001111000000000000111100000000000011110000000000001111000000000000111100000000000011110000000000001111000000000000111100000000000011110000000000001111000000000001000001011100000100000101110000010000010111000001000001011100000100000101110000010000010111000001000111011001000100000101110000 b"
18
#323510
0>
#324000
1>
b110 \"
08
#324500
b111100000000000011110000000000001111000000000000111100000000000011110000000000001111000000000000111100000000000011110000000000001111000000000000111100000000000011110000000000001111000000000000111100000000000011110000000000001111000000000000111100000000000011110000000000001111000000000000111100000000000011110000000000001111000000000000111100000000000011110000000000001111000000000000111000000000000011100000000000001110000000000000111000000000000011100000000000001110000000000000111100000000000011100000000000 b"
18
#324510
0>
#325000
1>
b10 \"
08
#325500
b1000101000000000100010100000000010001010000000001000101000000000100010100000000010001010000000001000101000000000100010100000000010001010000000001000101000000000100010100000000010001010000000001000101000000000100010100000000010001010000000001000101000000000100010100000000010001010000000001000101000000000100010100000000010001010000000001000101000000000100010100000000010001010000000001000101000000000100010100000000010001010000000001000101000000000100010100000000010001010000000001000111000000000100010100000000 b"
18
#325510
0>
#326000
1>
08
#326500
18
#326510
0>
#327000
1>
b100 \"
08
#327500
b1000000000000000100000000000000010000000000000001000000000000000100000000000000010000000000000001000000000000000100000000000000010000000000000001000000000000000100000000000000010000000000000001000000000000000100000000000000010000000000000001000000000000000100000000000000010000000000000001000000000000000100000000000000010000000000000001000000000000000100000000000000010000000000000001000000000000000100000000000000010000000000000001000000000000000100000000000000010000000000000001000000000000000100000000000000 b"
18
#327510
0>
#328000
1>
b101 \"
08
#328500
b111100000000000011110000000000001111000000000000111100000000000011110000000000001111000000000000111100000000000011110000000000001111000000000000111100000000000011110000000000001111000000000000111100000000000011110000000000001111000000000000111100000000000011110000000000001111000000000000111100000000000011110000000000001111000000000000111100000000000011110000000000001111000000000001000001011100000100000101110000010000010111000001000001011100000100000101110000010000010111000001000111011001000100000101110000 b"
18
#328510
0>
#329000
1>
b110 \"
08
#329500
b111100000000000011110000000000001111000000000000111100000000000011110000000000001111000000000000111100000000000011110000000000001111000000000000111100000000000011110000000000001111000000000000111100000000000011110000000000001111000000000000111100000000000011110000000000001111000000000000111100000000000011110000000000001111000000000000111100000000000011110000000000001111000000000000111000000000000011100000000000001110000000000000111000000000000011100000000000001110000000000000111100000000000011100000000000 b"
18
#329510
0>
#330000
1>
b10 \"
08
#330500
b1000101000000000100010100000000010001010000000001000101000000000100010100000000010001010000000001000101000000000100010100000000010001010000000001000101000000000100010100000000010001010000000001000101000000000100010100000000010001010000000001000101000000000100010100000000010001010000000001000101000000000100010100000000010001010000000001000101000000000100010100000000010001010000000001000101000000000100010100000000010001010000000001000101000000000100010100000000010001010000000001000111000000000100010100000000 b"
18
#330510
0>
#331000
1>
08
#331500
18
#331510
0>
#332000
1>
b100 \"
08
#332500
b1000000000000000100000000000000010000000000000001000000000000000100000000000000010000000000000001000000000000000100000000000000010000000000000001000000000000000100000000000000010000000000000001000000000000000100000000000000010000000000000001000000000000000100000000000000010000000000000001000000000000000100000000000000010000000000000001000000000000000100000000000000010000000000000001000000000000000100000000000000010000000000000001000000000000000100000000000000010000000000000001000000000000000100000000000000 b"
18
#332510
0>
#333000
1>
b101 \"
08
#333500
b111100000000000011110000000000001111000000000000111100000000000011110000000000001111000000000000111100000000000011110000000000001111000000000000111100000000000011110000000000001111000000000000111100000000000011110000000000001111000000000000111100000000000011110000000000001111000000000000111100000000000011110000000000001111000000000000111100000000000011110000000000001111000000000001000001011100000100000101110000010000010111000001000001011100000100000101110000010000010111000001000111011001000100000101110000 b"
18
#333510
0>
#334000
1>
b110 \"
08
#334500
b111100000000000011110000000000001111000000000000111100000000000011110000000000001111000000000000111100000000000011110000000000001111000000000000111100000000000011110000000000001111000000000000111100000000000011110000000000001111000000000000111100000000000011110000000000001111000000000000111100000000000011110000000000001111000000000000111100000000000011110000000000001111000000000000111000000000000011100000000000001110000000000000111000000000000011100000000000001110000000000000111100000000000011100000000000 b"
18
#334510
0>
#335000
1>
b10 \"
08
#335500
b1000101000000000100010100000000010001010000000001000101000000000100010100000000010001010000000001000101000000000100010100000000010001010000000001000101000000000100010100000000010001010000000001000101000000000100010100000000010001010000000001000101000000000100010100000000010001010000000001000101000000000100010100000000010001010000000001000101000000000100010100000000010001010000000001000101000000000100010100000000010001010000000001000101000000000100010100000000010001010000000001000111000000000100010100000000 b"
18
#335510
0>
#336000
1>
08
#336500
18
#336510
0>
#337000
1>
b100 \"
08
#337500
b1000000000000000100000000000000010000000000000001000000000000000100000000000000010000000000000001000000000000000100000000000000010000000000000001000000000000000100000000000000010000000000000001000000000000000100000000000000010000000000000001000000000000000100000000000000010000000000000001000000000000000100000000000000010000000000000001000000000000000100000000000000010000000000000001000000000000000100000000000000010000000000000001000000000000000100000000000000010000000000000001000000000000000100000000000000 b"
18
#337510
0>
#338000
1>
b101 \"
08
#338500
b111100000000000011110000000000001111000000000000111100000000000011110000000000001111000000000000111100000000000011110000000000001111000000000000111100000000000011110000000000001111000000000000111100000000000011110000000000001111000000000000111100000000000011110000000000001111000000000000111100000000000011110000000000001111000000000000111100000000000011110000000000001111000000000001000001011100000100000101110000010000010111000001000001011100000100000101110000010000010111000001000111011001000100000101110000 b"
18
#338510
0>
#339000
1>
b110 \"
08
#339500
b111100000000000011110000000000001111000000000000111100000000000011110000000000001111000000000000111100000000000011110000000000001111000000000000111100000000000011110000000000001111000000000000111100000000000011110000000000001111000000000000111100000000000011110000000000001111000000000000111100000000000011110000000000001111000000000000111100000000000011110000000000001111000000000000111000000000000011100000000000001110000000000000111000000000000011100000000000001110000000000000111100000000000011100000000000 b"
18
#339510
0>
#340000
1>
b10 \"
08
#340500
b1000101000000000100010100000000010001010000000001000101000000000100010100000000010001010000000001000101000000000100010100000000010001010000000001000101000000000100010100000000010001010000000001000101000000000100010100000000010001010000000001000101000000000100010100000000010001010000000001000101000000000100010100000000010001010000000001000101000000000100010100000000010001010000000001000101000000000100010100000000010001010000000001000101000000000100010100000000010001010000000001000111000000000100010100000000 b"
18
#340510
0>
#341000
1>
08
#341500
18
#341510
0>
#342000
1>
b100 \"
08
#342500
b1000000000000000100000000000000010000000000000001000000000000000100000000000000010000000000000001000000000000000100000000000000010000000000000001000000000000000100000000000000010000000000000001000000000000000100000000000000010000000000000001000000000000000100000000000000010000000000000001000000000000000100000000000000010000000000000001000000000000000100000000000000010000000000000001000000000000000100000000000000010000000000000001000000000000000100000000000000010000000000000001000000000000000100000000000000 b"
18
#342510
0>
#343000
1>
b101 \"
08
#343500
b111100000000000011110000000000001111000000000000111100000000000011110000000000001111000000000000111100000000000011110000000000001111000000000000111100000000000011110000000000001111000000000000111100000000000011110000000000001111000000000000111100000000000011110000000000001111000000000000111100000000000011110000000000001111000000000000111100000000000011110000000000001111000000000001000001011100000100000101110000010000010111000001000001011100000100000101110000010000010111000001000111011001000100000101110000 b"
18
#343510
0>
#344000
1>
b110 \"
08
#344500
b111100000000000011110000000000001111000000000000111100000000000011110000000000001111000000000000111100000000000011110000000000001111000000000000111100000000000011110000000000001111000000000000111100000000000011110000000000001111000000000000111100000000000011110000000000001111000000000000111100000000000011110000000000001111000000000000111100000000000011110000000000001111000000000000111000000000000011100000000000001110000000000000111000000000000011100000000000001110000000000000111100000000000011100000000000 b"
18
#344510
0>
#345000
1>
b10 \"
08
#345500
b1000101000000000100010100000000010001010000000001000101000000000100010100000000010001010000000001000101000000000100010100000000010001010000000001000101000000000100010100000000010001010000000001000101000000000100010100000000010001010000000001000101000000000100010100000000010001010000000001000101000000000100010100000000010001010000000001000101000000000100010100000000010001010000000001000101000000000100010100000000010001010000000001000101000000000100010100000000010001010000000001000111000000000100010100000000 b"
18
#345510
0>
#346000
1>
08
#346500
18
#346510
0>
#347000
1>
b100 \"
08
#347500
b1000000000000000100000000000000010000000000000001000000000000000100000000000000010000000000000001000000000000000100000000000000010000000000000001000000000000000100000000000000010000000000000001000000000000000100000000000000010000000000000001000000000000000100000000000000010000000000000001000000000000000100000000000000010000000000000001000000000000000100000000000000010000000000000001000000000000000100000000000000010000000000000001000000000000000100000000000000010000000000000001000000000000000100000000000000 b"
18
#347510
0>
#348000
1>
b101 \"
08
#348500
b111100000000000011110000000000001111000000000000111100000000000011110000000000001111000000000000111100000000000011110000000000001111000000000000111100000000000011110000000000001111000000000000111100000000000011110000000000001111000000000000111100000000000011110000000000001111000000000000111100000000000011110000000000001111000000000000111100000000000011110000000000001111000000000001000001011100000100000101110000010000010111000001000001011100000100000101110000010000010111000001000111011001000100000101110000 b"
18
#348510
0>
#349000
1>
b110 \"
08
#349500
b111100000000000011110000000000001111000000000000111100000000000011110000000000001111000000000000111100000000000011110000000000001111000000000000111100000000000011110000000000001111000000000000111100000000000011110000000000001111000000000000111100000000000011110000000000001111000000000000111100000000000011110000000000001111000000000000111100000000000011110000000000001111000000000000111000000000000011100000000000001110000000000000111000000000000011100000000000001110000000000000111100000000000011100000000000 b"
18
#349510
0>
#350000
1>
b10 \"
08
#350500
b1000101000000000100010100000000010001010000000001000101000000000100010100000000010001010000000001000101000000000100010100000000010001010000000001000101000000000100010100000000010001010000000001000101000000000100010100000000010001010000000001000101000000000100010100000000010001010000000001000101000000000100010100000000010001010000000001000101000000000100010100000000010001010000000001000101000000000100010100000000010001010000000001000101000000000100010100000000010001010000000001000111000000000100010100000000 b"
18
#350510
0>
#351000
1>
08
#351500
18
#351510
0>
#352000
1>
b100 \"
08
#352500
b1000000000000000100000000000000010000000000000001000000000000000100000000000000010000000000000001000000000000000100000000000000010000000000000001000000000000000100000000000000010000000000000001000000000000000100000000000000010000000000000001000000000000000100000000000000010000000000000001000000000000000100000000000000010000000000000001000000000000000100000000000000010000000000000001000000000000000100000000000000010000000000000001000000000000000100000000000000010000000000000001000000000000000100000000000000 b"
18
#352510
0>
#353000
1>
b101 \"
08
#353500
b111100000000000011110000000000001111000000000000111100000000000011110000000000001111000000000000111100000000000011110000000000001111000000000000111100000000000011110000000000001111000000000000111100000000000011110000000000001111000000000000111100000000000011110000000000001111000000000000111100000000000011110000000000001111000000000000111100000000000011110000000000001111000000000001000001011100000100000101110000010000010111000001000001011100000100000101110000010000010111000001000111011001000100000101110000 b"
18
#353510
0>
#354000
1>
b110 \"
08
#354500
b111100000000000011110000000000001111000000000000111100000000000011110000000000001111000000000000111100000000000011110000000000001111000000000000111100000000000011110000000000001111000000000000111100000000000011110000000000001111000000000000111100000000000011110000000000001111000000000000111100000000000011110000000000001111000000000000111100000000000011110000000000001111000000000000111000000000000011100000000000001110000000000000111000000000000011100000000000001110000000000000111100000000000011100000000000 b"
18
#354510
0>
#355000
1>
b10 \"
08
#355500
b1000101000000000100010100000000010001010000000001000101000000000100010100000000010001010000000001000101000000000100010100000000010001010000000001000101000000000100010100000000010001010000000001000101000000000100010100000000010001010000000001000101000000000100010100000000010001010000000001000101000000000100010100000000010001010000000001000101000000000100010100000000010001010000000001000101000000000100010100000000010001010000000001000101000000000100010100000000010001010000000001000111000000000100010100000000 b"
18
#355510
0>
#356000
1>
08
#356500
18
#356510
0>
#357000
1>
b100 \"
08
#357500
b1000000000000000100000000000000010000000000000001000000000000000100000000000000010000000000000001000000000000000100000000000000010000000000000001000000000000000100000000000000010000000000000001000000000000000100000000000000010000000000000001000000000000000100000000000000010000000000000001000000000000000100000000000000010000000000000001000000000000000100000000000000010000000000000001000000000000000100000000000000010000000000000001000000000000000100000000000000010000000000000001000000000000000100000000000000 b"
18
#357510
0>
#358000
1>
b101 \"
08
#358500
b111100000000000011110000000000001111000000000000111100000000000011110000000000001111000000000000111100000000000011110000000000001111000000000000111100000000000011110000000000001111000000000000111100000000000011110000000000001111000000000000111100000000000011110000000000001111000000000000111100000000000011110000000000001111000000000000111100000000000011110000000000001111000000000001000001011100000100000101110000010000010111000001000001011100000100000101110000010000010111000001000111011001000100000101110000 b"
18
#358510
0>
#359000
1>
b110 \"
08
#359500
b111100000000000011110000000000001111000000000000111100000000000011110000000000001111000000000000111100000000000011110000000000001111000000000000111100000000000011110000000000001111000000000000111100000000000011110000000000001111000000000000111100000000000011110000000000001111000000000000111100000000000011110000000000001111000000000000111100000000000011110000000000001111000000000000111000000000000011100000000000001110000000000000111000000000000011100000000000001110000000000000111100000000000011100000000000 b"
18
#359510
0>
#360000
1>
b10 \"
08
#360500
b1000101000000000100010100000000010001010000000001000101000000000100010100000000010001010000000001000101000000000100010100000000010001010000000001000101000000000100010100000000010001010000000001000101000000000100010100000000010001010000000001000101000000000100010100000000010001010000000001000101000000000100010100000000010001010000000001000101000000000100010100000000010001010000000001000101000000000100010100000000010001010000000001000101000000000100010100000000010001010000000001000111000000000100010100000000 b"
18
#360510
0>
#361000
1>
08
#361500
18
#361510
0>
#362000
1>
b100 \"
08
#362500
b1000000000000000100000000000000010000000000000001000000000000000100000000000000010000000000000001000000000000000100000000000000010000000000000001000000000000000100000000000000010000000000000001000000000000000100000000000000010000000000000001000000000000000100000000000000010000000000000001000000000000000100000000000000010000000000000001000000000000000100000000000000010000000000000001000000000000000100000000000000010000000000000001000000000000000100000000000000010000000000000001000000000000000100000000000000 b"
18
#362510
0>
#363000
1>
b101 \"
08
#363500
b111100000000000011110000000000001111000000000000111100000000000011110000000000001111000000000000111100000000000011110000000000001111000000000000111100000000000011110000000000001111000000000000111100000000000011110000000000001111000000000000111100000000000011110000000000001111000000000000111100000000000011110000000000001111000000000000111100000000000011110000000000001111000000000001000001011100000100000101110000010000010111000001000001011100000100000101110000010000010111000001000111011001000100000101110000 b"
18
#363510
0>
#364000
1>
b110 \"
08
#364500
b111100000000000011110000000000001111000000000000111100000000000011110000000000001111000000000000111100000000000011110000000000001111000000000000111100000000000011110000000000001111000000000000111100000000000011110000000000001111000000000000111100000000000011110000000000001111000000000000111100000000000011110000000000001111000000000000111100000000000011110000000000001111000000000000111000000000000011100000000000001110000000000000111000000000000011100000000000001110000000000000111100000000000011100000000000 b"
18
#364510
0>
#365000
1>
b10 \"
08
#365500
b1000101000000000100010100000000010001010000000001000101000000000100010100000000010001010000000001000101000000000100010100000000010001010000000001000101000000000100010100000000010001010000000001000101000000000100010100000000010001010000000001000101000000000100010100000000010001010000000001000101000000000100010100000000010001010000000001000101000000000100010100000000010001010000000001000101000000000100010100000000010001010000000001000101000000000100010100000000010001010000000001000111000000000100010100000000 b"
18
#365510
0>
#366000
1>
08
#366500
18
#366510
0>
#367000
1>
b100 \"
08
#367500
b1000000000000000100000000000000010000000000000001000000000000000100000000000000010000000000000001000000000000000100000000000000010000000000000001000000000000000100000000000000010000000000000001000000000000000100000000000000010000000000000001000000000000000100000000000000010000000000000001000000000000000100000000000000010000000000000001000000000000000100000000000000010000000000000001000000000000000100000000000000010000000000000001000000000000000100000000000000010000000000000001000000000000000100000000000000 b"
18
#367510
0>
#368000
1>
b101 \"
08
#368500
b111100000000000011110000000000001111000000000000111100000000000011110000000000001111000000000000111100000000000011110000000000001111000000000000111100000000000011110000000000001111000000000000111100000000000011110000000000001111000000000000111100000000000011110000000000001111000000000000111100000000000011110000000000001111000000000000111100000000000011110000000000001111000000000001000001011100000100000101110000010000010111000001000001011100000100000101110000010000010111000001000111011001000100000101110000 b"
18
#368510
0>
#369000
1>
b110 \"
08
#369500
b111100000000000011110000000000001111000000000000111100000000000011110000000000001111000000000000111100000000000011110000000000001111000000000000111100000000000011110000000000001111000000000000111100000000000011110000000000001111000000000000111100000000000011110000000000001111000000000000111100000000000011110000000000001111000000000000111100000000000011110000000000001111000000000000111000000000000011100000000000001110000000000000111000000000000011100000000000001110000000000000111100000000000011100000000000 b"
18
#369510
0>
#370000
1>
b10 \"
08
#370500
b1000101000000000100010100000000010001010000000001000101000000000100010100000000010001010000000001000101000000000100010100000000010001010000000001000101000000000100010100000000010001010000000001000101000000000100010100000000010001010000000001000101000000000100010100000000010001010000000001000101000000000100010100000000010001010000000001000101000000000100010100000000010001010000000001000101000000000100010100000000010001010000000001000101000000000100010100000000010001010000000001000111000000000100010100000000 b"
18
#370510
0>
#371000
1>
08
#371500
18
#371510
0>
#372000
1>
b100 \"
08
#372500
b1000000000000000100000000000000010000000000000001000000000000000100000000000000010000000000000001000000000000000100000000000000010000000000000001000000000000000100000000000000010000000000000001000000000000000100000000000000010000000000000001000000000000000100000000000000010000000000000001000000000000000100000000000000010000000000000001000000000000000100000000000000010000000000000001000000000000000100000000000000010000000000000001000000000000000100000000000000010000000000000001000000000000000100000000000000 b"
18
#372510
0>
#373000
1>
b101 \"
08
#373500
b111100000000000011110000000000001111000000000000111100000000000011110000000000001111000000000000111100000000000011110000000000001111000000000000111100000000000011110000000000001111000000000000111100000000000011110000000000001111000000000000111100000000000011110000000000001111000000000000111100000000000011110000000000001111000000000000111100000000000011110000000000001111000000000001000001011100000100000101110000010000010111000001000001011100000100000101110000010000010111000001000111011001000100000101110000 b"
18
#373510
0>
#374000
1>
b110 \"
08
#374500
b111100000000000011110000000000001111000000000000111100000000000011110000000000001111000000000000111100000000000011110000000000001111000000000000111100000000000011110000000000001111000000000000111100000000000011110000000000001111000000000000111100000000000011110000000000001111000000000000111100000000000011110000000000001111000000000000111100000000000011110000000000001111000000000000111000000000000011100000000000001110000000000000111000000000000011100000000000001110000000000000111100000000000011100000000000 b"
18
#374510
0>
#375000
1>
b10 \"
08
#375500
b1000101000000000100010100000000010001010000000001000101000000000100010100000000010001010000000001000101000000000100010100000000010001010000000001000101000000000100010100000000010001010000000001000101000000000100010100000000010001010000000001000101000000000100010100000000010001010000000001000101000000000100010100000000010001010000000001000101000000000100010100000000010001010000000001000101000000000100010100000000010001010000000001000101000000000100010100000000010001010000000001000111000000000100010100000000 b"
18
#375510
0>
#376000
1>
08
#376500
18
#376510
0>
#377000
1>
b100 \"
08
#377500
b1000000000000000100000000000000010000000000000001000000000000000100000000000000010000000000000001000000000000000100000000000000010000000000000001000000000000000100000000000000010000000000000001000000000000000100000000000000010000000000000001000000000000000100000000000000010000000000000001000000000000000100000000000000010000000000000001000000000000000100000000000000010000000000000001000000000000000100000000000000010000000000000001000000000000000100000000000000010000000000000001000000000000000100000000000000 b"
18
#377510
0>
#378000
1>
b101 \"
08
#378500
b111100000000000011110000000000001111000000000000111100000000000011110000000000001111000000000000111100000000000011110000000000001111000000000000111100000000000011110000000000001111000000000000111100000000000011110000000000001111000000000000111100000000000011110000000000001111000000000000111100000000000011110000000000001111000000000000111100000000000011110000000000001111000000000001000001011100000100000101110000010000010111000001000001011100000100000101110000010000010111000001000111011001000100000101110000 b"
18
#378510
0>
#379000
1>
b110 \"
08
#379500
b111100000000000011110000000000001111000000000000111100000000000011110000000000001111000000000000111100000000000011110000000000001111000000000000111100000000000011110000000000001111000000000000111100000000000011110000000000001111000000000000111100000000000011110000000000001111000000000000111100000000000011110000000000001111000000000000111100000000000011110000000000001111000000000000111000000000000011100000000000001110000000000000111000000000000011100000000000001110000000000000111100000000000011100000000000 b"
18
#379510
0>
#380000
1>
b10 \"
08
#380500
b1000101000000000100010100000000010001010000000001000101000000000100010100000000010001010000000001000101000000000100010100000000010001010000000001000101000000000100010100000000010001010000000001000101000000000100010100000000010001010000000001000101000000000100010100000000010001010000000001000101000000000100010100000000010001010000000001000101000000000100010100000000010001010000000001000101000000000100010100000000010001010000000001000101000000000100010100000000010001010000000001000111000000000100010100000000 b"
18
#380510
0>
#381000
1>
08
#381500
18
#381510
0>
#382000
1>
b100 \"
08
#382500
b1000000000000000100000000000000010000000000000001000000000000000100000000000000010000000000000001000000000000000100000000000000010000000000000001000000000000000100000000000000010000000000000001000000000000000100000000000000010000000000000001000000000000000100000000000000010000000000000001000000000000000100000000000000010000000000000001000000000000000100000000000000010000000000000001000000000000000100000000000000010000000000000001000000000000000100000000000000010000000000000001000000000000000100000000000000 b"
18
#382510
0>
#383000
1>
b101 \"
08
#383500
b111100000000000011110000000000001111000000000000111100000000000011110000000000001111000000000000111100000000000011110000000000001111000000000000111100000000000011110000000000001111000000000000111100000000000011110000000000001111000000000000111100000000000011110000000000001111000000000000111100000000000011110000000000001111000000000000111100000000000011110000000000001111000000000001000001011100000100000101110000010000010111000001000001011100000100000101110000010000010111000001000111011001000100000101110000 b"
18
#383510
0>
#384000
1>
b110 \"
08
#384500
b111100000000000011110000000000001111000000000000111100000000000011110000000000001111000000000000111100000000000011110000000000001111000000000000111100000000000011110000000000001111000000000000111100000000000011110000000000001111000000000000111100000000000011110000000000001111000000000000111100000000000011110000000000001111000000000000111100000000000011110000000000001111000000000000111000000000000011100000000000001110000000000000111000000000000011100000000000001110000000000000111100000000000011100000000000 b"
18
#384510
0>
#385000
1>
b10 \"
08
#385500
b1000101000000000100010100000000010001010000000001000101000000000100010100000000010001010000000001000101000000000100010100000000010001010000000001000101000000000100010100000000010001010000000001000101000000000100010100000000010001010000000001000101000000000100010100000000010001010000000001000101000000000100010100000000010001010000000001000101000000000100010100000000010001010000000001000101000000000100010100000000010001010000000001000101000000000100010100000000010001010000000001000111000000000100010100000000 b"
18
#385510
0>
#386000
1>
08
#386500
18
#386510
0>
#387000
1>
b100 \"
08
#387500
b1000000000000000100000000000000010000000000000001000000000000000100000000000000010000000000000001000000000000000100000000000000010000000000000001000000000000000100000000000000010000000000000001000000000000000100000000000000010000000000000001000000000000000100000000000000010000000000000001000000000000000100000000000000010000000000000001000000000000000100000000000000010000000000000001000000000000000100000000000000010000000000000001000000000000000100000000000000010000000000000001000000000000000100000000000000 b"
18
#387510
0>
#388000
1>
b101 \"
08
#388500
b111100000000000011110000000000001111000000000000111100000000000011110000000000001111000000000000111100000000000011110000000000001111000000000000111100000000000011110000000000001111000000000000111100000000000011110000000000001111000000000000111100000000000011110000000000001111000000000000111100000000000011110000000000001111000000000000111100000000000011110000000000001111000000000001000001011100000100000101110000010000010111000001000001011100000100000101110000010000010111000001000111011001000100000101110000 b"
18
#388510
0>
#389000
1>
b110 \"
08
#389500
b111100000000000011110000000000001111000000000000111100000000000011110000000000001111000000000000111100000000000011110000000000001111000000000000111100000000000011110000000000001111000000000000111100000000000011110000000000001111000000000000111100000000000011110000000000001111000000000000111100000000000011110000000000001111000000000000111100000000000011110000000000001111000000000000111000000000000011100000000000001110000000000000111000000000000011100000000000001110000000000000111100000000000011100000000000 b"
18
#389510
0>
#390000
1>
b10 \"
08
#390500
b1000101000000000100010100000000010001010000000001000101000000000100010100000000010001010000000001000101000000000100010100000000010001010000000001000101000000000100010100000000010001010000000001000101000000000100010100000000010001010000000001000101000000000100010100000000010001010000000001000101000000000100010100000000010001010000000001000101000000000100010100000000010001010000000001000101000000000100010100000000010001010000000001000101000000000100010100000000010001010000000001000111000000000100010100000000 b"
18
#390510
0>
#391000
1>
08
#391500
18
#391510
0>
#392000
1>
b100 \"
08
#392500
b1000000000000000100000000000000010000000000000001000000000000000100000000000000010000000000000001000000000000000100000000000000010000000000000001000000000000000100000000000000010000000000000001000000000000000100000000000000010000000000000001000000000000000100000000000000010000000000000001000000000000000100000000000000010000000000000001000000000000000100000000000000010000000000000001000000000000000100000000000000010000000000000001000000000000000100000000000000010000000000000001000000000000000100000000000000 b"
18
#392510
0>
#393000
1>
b101 \"
08
#393500
b111100000000000011110000000000001111000000000000111100000000000011110000000000001111000000000000111100000000000011110000000000001111000000000000111100000000000011110000000000001111000000000000111100000000000011110000000000001111000000000000111100000000000011110000000000001111000000000000111100000000000011110000000000001111000000000000111100000000000011110000000000001111000000000001000001011100000100000101110000010000010111000001000001011100000100000101110000010000010111000001000111011001000100000101110000 b"
18
#393510
0>
#394000
1>
b110 \"
08
#394500
b111100000000000011110000000000001111000000000000111100000000000011110000000000001111000000000000111100000000000011110000000000001111000000000000111100000000000011110000000000001111000000000000111100000000000011110000000000001111000000000000111100000000000011110000000000001111000000000000111100000000000011110000000000001111000000000000111100000000000011110000000000001111000000000000111000000000000011100000000000001110000000000000111000000000000011100000000000001110000000000000111100000000000011100000000000 b"
18
#394510
0>
#395000
1>
b10 \"
08
#395500
b1000101000000000100010100000000010001010000000001000101000000000100010100000000010001010000000001000101000000000100010100000000010001010000000001000101000000000100010100000000010001010000000001000101000000000100010100000000010001010000000001000101000000000100010100000000010001010000000001000101000000000100010100000000010001010000000001000101000000000100010100000000010001010000000001000101000000000100010100000000010001010000000001000101000000000100010100000000010001010000000001000111000000000100010100000000 b"
18
#395510
0>
#396000
1>
08
#396500
18
#396510
0>
#397000
1>
b100 \"
08
#397500
b1000000000000000100000000000000010000000000000001000000000000000100000000000000010000000000000001000000000000000100000000000000010000000000000001000000000000000100000000000000010000000000000001000000000000000100000000000000010000000000000001000000000000000100000000000000010000000000000001000000000000000100000000000000010000000000000001000000000000000100000000000000010000000000000001000000000000000100000000000000010000000000000001000000000000000100000000000000010000000000000001000000000000000100000000000000 b"
18
#397510
0>
#398000
1>
b101 \"
08
#398500
b111100000000000011110000000000001111000000000000111100000000000011110000000000001111000000000000111100000000000011110000000000001111000000000000111100000000000011110000000000001111000000000000111100000000000011110000000000001111000000000000111100000000000011110000000000001111000000000000111100000000000011110000000000001111000000000000111100000000000011110000000000001111000000000001000001011100000100000101110000010000010111000001000001011100000100000101110000010000010111000001000111011001000100000101110000 b"
18
#398510
0>
#399000
1>
b110 \"
08
#399500
b111100000000000011110000000000001111000000000000111100000000000011110000000000001111000000000000111100000000000011110000000000001111000000000000111100000000000011110000000000001111000000000000111100000000000011110000000000001111000000000000111100000000000011110000000000001111000000000000111100000000000011110000000000001111000000000000111100000000000011110000000000001111000000000000111000000000000011100000000000001110000000000000111000000000000011100000000000001110000000000000111100000000000011100000000000 b"
18
#399510
0>
#400000
1>
b10 \"
08
#400500
b1000101000000000100010100000000010001010000000001000101000000000100010100000000010001010000000001000101000000000100010100000000010001010000000001000101000000000100010100000000010001010000000001000101000000000100010100000000010001010000000001000101000000000100010100000000010001010000000001000101000000000100010100000000010001010000000001000101000000000100010100000000010001010000000001000101000000000100010100000000010001010000000001000101000000000100010100000000010001010000000001000111000000000100010100000000 b"
18
#400510
0>
#401000
1>
08
#401500
18
#401510
0>
#402000
1>
b100 \"
08
#402500
b1000000000000000100000000000000010000000000000001000000000000000100000000000000010000000000000001000000000000000100000000000000010000000000000001000000000000000100000000000000010000000000000001000000000000000100000000000000010000000000000001000000000000000100000000000000010000000000000001000000000000000100000000000000010000000000000001000000000000000100000000000000010000000000000001000000000000000100000000000000010000000000000001000000000000000100000000000000010000000000000001000000000000000100000000000000 b"
18
#402510
0>
#403000
1>
b101 \"
08
#403500
b111100000000000011110000000000001111000000000000111100000000000011110000000000001111000000000000111100000000000011110000000000001111000000000000111100000000000011110000000000001111000000000000111100000000000011110000000000001111000000000000111100000000000011110000000000001111000000000000111100000000000011110000000000001111000000000000111100000000000011110000000000001111000000000001000001011100000100000101110000010000010111000001000001011100000100000101110000010000010111000001000111011001000100000101110000 b"
18
#403510
0>
#404000
1>
b110 \"
08
#404500
b111100000000000011110000000000001111000000000000111100000000000011110000000000001111000000000000111100000000000011110000000000001111000000000000111100000000000011110000000000001111000000000000111100000000000011110000000000001111000000000000111100000000000011110000000000001111000000000000111100000000000011110000000000001111000000000000111100000000000011110000000000001111000000000000111000000000000011100000000000001110000000000000111000000000000011100000000000001110000000000000111100000000000011100000000000 b"
18
#404510
0>
#405000
1>
b10 \"
08
#405500
b1000101000000000100010100000000010001010000000001000101000000000100010100000000010001010000000001000101000000000100010100000000010001010000000001000101000000000100010100000000010001010000000001000101000000000100010100000000010001010000000001000101000000000100010100000000010001010000000001000101000000000100010100000000010001010000000001000101000000000100010100000000010001010000000001000101000000000100010100000000010001010000000001000101000000000100010100000000010001010000000001000111000000000100010100000000 b"
18
#405510
0>
#406000
1>
08
#406500
18
#406510
0>
#407000
1>
b100 \"
08
#407500
b1000000000000000100000000000000010000000000000001000000000000000100000000000000010000000000000001000000000000000100000000000000010000000000000001000000000000000100000000000000010000000000000001000000000000000100000000000000010000000000000001000000000000000100000000000000010000000000000001000000000000000100000000000000010000000000000001000000000000000100000000000000010000000000000001000000000000000100000000000000010000000000000001000000000000000100000000000000010000000000000001000000000000000100000000000000 b"
18
#407510
0>
#408000
1>
b101 \"
08
#408500
b111100000000000011110000000000001111000000000000111100000000000011110000000000001111000000000000111100000000000011110000000000001111000000000000111100000000000011110000000000001111000000000000111100000000000011110000000000001111000000000000111100000000000011110000000000001111000000000000111100000000000011110000000000001111000000000000111100000000000011110000000000001111000000000001000001011100000100000101110000010000010111000001000001011100000100000101110000010000010111000001000111011001000100000101110000 b"
18
#408510
0>
#409000
1>
b110 \"
08
#409500
b111100000000000011110000000000001111000000000000111100000000000011110000000000001111000000000000111100000000000011110000000000001111000000000000111100000000000011110000000000001111000000000000111100000000000011110000000000001111000000000000111100000000000011110000000000001111000000000000111100000000000011110000000000001111000000000000111100000000000011110000000000001111000000000000111000000000000011100000000000001110000000000000111000000000000011100000000000001110000000000000111100000000000011100000000000 b"
18
#409510
0>
#410000
1>
b10 \"
08
#410500
b1000101000000000100010100000000010001010000000001000101000000000100010100000000010001010000000001000101000000000100010100000000010001010000000001000101000000000100010100000000010001010000000001000101000000000100010100000000010001010000000001000101000000000100010100000000010001010000000001000101000000000100010100000000010001010000000001000101000000000100010100000000010001010000000001000101000000000100010100000000010001010000000001000101000000000100010100000000010001010000000001000111000000000100010100000000 b"
18
#410510
0>
#411000
1>
08
#411500
18
#411510
0>
#412000
1>
b100 \"
08
#412500
b1000000000000000100000000000000010000000000000001000000000000000100000000000000010000000000000001000000000000000100000000000000010000000000000001000000000000000100000000000000010000000000000001000000000000000100000000000000010000000000000001000000000000000100000000000000010000000000000001000000000000000100000000000000010000000000000001000000000000000100000000000000010000000000000001000000000000000100000000000000010000000000000001000000000000000100000000000000010000000000000001000000000000000100000000000000 b"
18
#412510
0>
#413000
1>
b101 \"
08
#413500
b111100000000000011110000000000001111000000000000111100000000000011110000000000001111000000000000111100000000000011110000000000001111000000000000111100000000000011110000000000001111000000000000111100000000000011110000000000001111000000000000111100000000000011110000000000001111000000000000111100000000000011110000000000001111000000000000111100000000000011110000000000001111000000000001000001011100000100000101110000010000010111000001000001011100000100000101110000010000010111000001000111011001000100000101110000 b"
18
#413510
0>
#414000
1>
b110 \"
08
#414500
b111100000000000011110000000000001111000000000000111100000000000011110000000000001111000000000000111100000000000011110000000000001111000000000000111100000000000011110000000000001111000000000000111100000000000011110000000000001111000000000000111100000000000011110000000000001111000000000000111100000000000011110000000000001111000000000000111100000000000011110000000000001111000000000000111000000000000011100000000000001110000000000000111000000000000011100000000000001110000000000000111100000000000011100000000000 b"
18
#414510
0>
#415000
1>
b10 \"
08
#415500
b1000101000000000100010100000000010001010000000001000101000000000100010100000000010001010000000001000101000000000100010100000000010001010000000001000101000000000100010100000000010001010000000001000101000000000100010100000000010001010000000001000101000000000100010100000000010001010000000001000101000000000100010100000000010001010000000001000101000000000100010100000000010001010000000001000101000000000100010100000000010001010000000001000101000000000100010100000000010001010000000001000111000000000100010100000000 b"
18
#415510
0>
#416000
1>
08
#416500
18
#416510
0>
#417000
1>
b100 \"
08
#417500
b1000000000000000100000000000000010000000000000001000000000000000100000000000000010000000000000001000000000000000100000000000000010000000000000001000000000000000100000000000000010000000000000001000000000000000100000000000000010000000000000001000000000000000100000000000000010000000000000001000000000000000100000000000000010000000000000001000000000000000100000000000000010000000000000001000000000000000100000000000000010000000000000001000000000000000100000000000000010000000000000001000000000000000100000000000000 b"
18
#417510
0>
#418000
1>
b101 \"
08
#418500
b111100000000000011110000000000001111000000000000111100000000000011110000000000001111000000000000111100000000000011110000000000001111000000000000111100000000000011110000000000001111000000000000111100000000000011110000000000001111000000000000111100000000000011110000000000001111000000000000111100000000000011110000000000001111000000000000111100000000000011110000000000001111000000000001000001011100000100000101110000010000010111000001000001011100000100000101110000010000010111000001000111011001000100000101110000 b"
18
#418510
0>
#419000
1>
b110 \"
08
#419500
b111100000000000011110000000000001111000000000000111100000000000011110000000000001111000000000000111100000000000011110000000000001111000000000000111100000000000011110000000000001111000000000000111100000000000011110000000000001111000000000000111100000000000011110000000000001111000000000000111100000000000011110000000000001111000000000000111100000000000011110000000000001111000000000000111000000000000011100000000000001110000000000000111000000000000011100000000000001110000000000000111100000000000011100000000000 b"
18
#419510
0>
#420000
1>
b10 \"
08
#420500
b1000101000000000100010100000000010001010000000001000101000000000100010100000000010001010000000001000101000000000100010100000000010001010000000001000101000000000100010100000000010001010000000001000101000000000100010100000000010001010000000001000101000000000100010100000000010001010000000001000101000000000100010100000000010001010000000001000101000000000100010100000000010001010000000001000101000000000100010100000000010001010000000001000101000000000100010100000000010001010000000001000111000000000100010100000000 b"
18
#420510
0>
#421000
1>
08
#421500
18
#421510
0>
#422000
1>
b100 \"
08
#422500
b1000000000000000100000000000000010000000000000001000000000000000100000000000000010000000000000001000000000000000100000000000000010000000000000001000000000000000100000000000000010000000000000001000000000000000100000000000000010000000000000001000000000000000100000000000000010000000000000001000000000000000100000000000000010000000000000001000000000000000100000000000000010000000000000001000000000000000100000000000000010000000000000001000000000000000100000000000000010000000000000001000000000000000100000000000000 b"
18
#422510
0>
#423000
1>
b101 \"
08
#423500
b111100000000000011110000000000001111000000000000111100000000000011110000000000001111000000000000111100000000000011110000000000001111000000000000111100000000000011110000000000001111000000000000111100000000000011110000000000001111000000000000111100000000000011110000000000001111000000000000111100000000000011110000000000001111000000000000111100000000000011110000000000001111000000000001000001011100000100000101110000010000010111000001000001011100000100000101110000010000010111000001000111011001000100000101110000 b"
18
#423510
0>
#424000
1>
b110 \"
08
#424500
b111100000000000011110000000000001111000000000000111100000000000011110000000000001111000000000000111100000000000011110000000000001111000000000000111100000000000011110000000000001111000000000000111100000000000011110000000000001111000000000000111100000000000011110000000000001111000000000000111100000000000011110000000000001111000000000000111100000000000011110000000000001111000000000000111000000000000011100000000000001110000000000000111000000000000011100000000000001110000000000000111100000000000011100000000000 b"
18
#424510
0>
#425000
1>
b10 \"
08
#425500
b1000101000000000100010100000000010001010000000001000101000000000100010100000000010001010000000001000101000000000100010100000000010001010000000001000101000000000100010100000000010001010000000001000101000000000100010100000000010001010000000001000101000000000100010100000000010001010000000001000101000000000100010100000000010001010000000001000101000000000100010100000000010001010000000001000101000000000100010100000000010001010000000001000101000000000100010100000000010001010000000001000111000000000100010100000000 b"
18
#425510
0>
#426000
1>
08
#426500
18
#426510
0>
#427000
1>
b100 \"
08
#427500
b1000000000000000100000000000000010000000000000001000000000000000100000000000000010000000000000001000000000000000100000000000000010000000000000001000000000000000100000000000000010000000000000001000000000000000100000000000000010000000000000001000000000000000100000000000000010000000000000001000000000000000100000000000000010000000000000001000000000000000100000000000000010000000000000001000000000000000100000000000000010000000000000001000000000000000100000000000000010000000000000001000000000000000100000000000000 b"
18
#427510
0>
#428000
1>
b101 \"
08
#428500
b111100000000000011110000000000001111000000000000111100000000000011110000000000001111000000000000111100000000000011110000000000001111000000000000111100000000000011110000000000001111000000000000111100000000000011110000000000001111000000000000111100000000000011110000000000001111000000000000111100000000000011110000000000001111000000000000111100000000000011110000000000001111000000000001000001011100000100000101110000010000010111000001000001011100000100000101110000010000010111000001000111011001000100000101110000 b"
18
#428510
0>
#429000
1>
b110 \"
08
#429500
b111100000000000011110000000000001111000000000000111100000000000011110000000000001111000000000000111100000000000011110000000000001111000000000000111100000000000011110000000000001111000000000000111100000000000011110000000000001111000000000000111100000000000011110000000000001111000000000000111100000000000011110000000000001111000000000000111100000000000011110000000000001111000000000000111000000000000011100000000000001110000000000000111000000000000011100000000000001110000000000000111100000000000011100000000000 b"
18
#429510
0>
#430000
1>
b10 \"
08
#430500
b1000101000000000100010100000000010001010000000001000101000000000100010100000000010001010000000001000101000000000100010100000000010001010000000001000101000000000100010100000000010001010000000001000101000000000100010100000000010001010000000001000101000000000100010100000000010001010000000001000101000000000100010100000000010001010000000001000101000000000100010100000000010001010000000001000101000000000100010100000000010001010000000001000101000000000100010100000000010001010000000001000111000000000100010100000000 b"
18
#430510
0>
#431000
1>
08
#431500
18
#431510
0>
#432000
1>
b100 \"
08
#432500
b1000000000000000100000000000000010000000000000001000000000000000100000000000000010000000000000001000000000000000100000000000000010000000000000001000000000000000100000000000000010000000000000001000000000000000100000000000000010000000000000001000000000000000100000000000000010000000000000001000000000000000100000000000000010000000000000001000000000000000100000000000000010000000000000001000000000000000100000000000000010000000000000001000000000000000100000000000000010000000000000001000000000000000100000000000000 b"
18
#432510
0>
#433000
1>
b101 \"
08
#433500
b111100000000000011110000000000001111000000000000111100000000000011110000000000001111000000000000111100000000000011110000000000001111000000000000111100000000000011110000000000001111000000000000111100000000000011110000000000001111000000000000111100000000000011110000000000001111000000000000111100000000000011110000000000001111000000000000111100000000000011110000000000001111000000000001000001011100000100000101110000010000010111000001000001011100000100000101110000010000010111000001000111011001000100000101110000 b"
18
#433510
0>
#434000
1>
b110 \"
08
#434500
b111100000000000011110000000000001111000000000000111100000000000011110000000000001111000000000000111100000000000011110000000000001111000000000000111100000000000011110000000000001111000000000000111100000000000011110000000000001111000000000000111100000000000011110000000000001111000000000000111100000000000011110000000000001111000000000000111100000000000011110000000000001111000000000000111000000000000011100000000000001110000000000000111000000000000011100000000000001110000000000000111100000000000011100000000000 b"
18
#434510
0>
#435000
1>
b10 \"
08
#435500
b1000101000000000100010100000000010001010000000001000101000000000100010100000000010001010000000001000101000000000100010100000000010001010000000001000101000000000100010100000000010001010000000001000101000000000100010100000000010001010000000001000101000000000100010100000000010001010000000001000101000000000100010100000000010001010000000001000101000000000100010100000000010001010000000001000101000000000100010100000000010001010000000001000101000000000100010100000000010001010000000001000111000000000100010100000000 b"
18
#435510
0>
#436000
1>
08
#436500
18
#436510
0>
#437000
1>
b100 \"
08
#437500
b1000000000000000100000000000000010000000000000001000000000000000100000000000000010000000000000001000000000000000100000000000000010000000000000001000000000000000100000000000000010000000000000001000000000000000100000000000000010000000000000001000000000000000100000000000000010000000000000001000000000000000100000000000000010000000000000001000000000000000100000000000000010000000000000001000000000000000100000000000000010000000000000001000000000000000100000000000000010000000000000001000000000000000100000000000000 b"
18
#437510
0>
#438000
1>
b101 \"
08
#438500
b111100000000000011110000000000001111000000000000111100000000000011110000000000001111000000000000111100000000000011110000000000001111000000000000111100000000000011110000000000001111000000000000111100000000000011110000000000001111000000000000111100000000000011110000000000001111000000000000111100000000000011110000000000001111000000000000111100000000000011110000000000001111000000000001000001011100000100000101110000010000010111000001000001011100000100000101110000010000010111000001000111011001000100000101110000 b"
18
#438510
0>
#439000
1>
b110 \"
08
#439500
b111100000000000011110000000000001111000000000000111100000000000011110000000000001111000000000000111100000000000011110000000000001111000000000000111100000000000011110000000000001111000000000000111100000000000011110000000000001111000000000000111100000000000011110000000000001111000000000000111100000000000011110000000000001111000000000000111100000000000011110000000000001111000000000000111000000000000011100000000000001110000000000000111000000000000011100000000000001110000000000000111100000000000011100000000000 b"
18
#439510
0>
#440000
1>
b10 \"
08
#440500
b1000101000000000100010100000000010001010000000001000101000000000100010100000000010001010000000001000101000000000100010100000000010001010000000001000101000000000100010100000000010001010000000001000101000000000100010100000000010001010000000001000101000000000100010100000000010001010000000001000101000000000100010100000000010001010000000001000101000000000100010100000000010001010000000001000101000000000100010100000000010001010000000001000101000000000100010100000000010001010000000001000111000000000100010100000000 b"
18
#440510
0>
#441000
1>
08
#441500
18
#441510
0>
#442000
1>
b100 \"
08
#442500
b1000000000000000100000000000000010000000000000001000000000000000100000000000000010000000000000001000000000000000100000000000000010000000000000001000000000000000100000000000000010000000000000001000000000000000100000000000000010000000000000001000000000000000100000000000000010000000000000001000000000000000100000000000000010000000000000001000000000000000100000000000000010000000000000001000000000000000100000000000000010000000000000001000000000000000100000000000000010000000000000001000000000000000100000000000000 b"
18
#442510
0>
#443000
1>
b101 \"
08
#443500
b111100000000000011110000000000001111000000000000111100000000000011110000000000001111000000000000111100000000000011110000000000001111000000000000111100000000000011110000000000001111000000000000111100000000000011110000000000001111000000000000111100000000000011110000000000001111000000000000111100000000000011110000000000001111000000000000111100000000000011110000000000001111000000000001000001011100000100000101110000010000010111000001000001011100000100000101110000010000010111000001000111011001000100000101110000 b"
18
#443510
0>
#444000
1>
b110 \"
08
#444500
b111100000000000011110000000000001111000000000000111100000000000011110000000000001111000000000000111100000000000011110000000000001111000000000000111100000000000011110000000000001111000000000000111100000000000011110000000000001111000000000000111100000000000011110000000000001111000000000000111100000000000011110000000000001111000000000000111100000000000011110000000000001111000000000000111000000000000011100000000000001110000000000000111000000000000011100000000000001110000000000000111100000000000011100000000000 b"
18
#444510
0>
#445000
1>
b10 \"
08
#445500
b1000101000000000100010100000000010001010000000001000101000000000100010100000000010001010000000001000101000000000100010100000000010001010000000001000101000000000100010100000000010001010000000001000101000000000100010100000000010001010000000001000101000000000100010100000000010001010000000001000101000000000100010100000000010001010000000001000101000000000100010100000000010001010000000001000101000000000100010100000000010001010000000001000101000000000100010100000000010001010000000001000111000000000100010100000000 b"
18
#445510
0>
#446000
1>
08
#446500
18
#446510
0>
#447000
1>
b100 \"
08
#447500
b1000000000000000100000000000000010000000000000001000000000000000100000000000000010000000000000001000000000000000100000000000000010000000000000001000000000000000100000000000000010000000000000001000000000000000100000000000000010000000000000001000000000000000100000000000000010000000000000001000000000000000100000000000000010000000000000001000000000000000100000000000000010000000000000001000000000000000100000000000000010000000000000001000000000000000100000000000000010000000000000001000000000000000100000000000000 b"
18
#447510
0>
#448000
1>
b101 \"
08
#448500
b111100000000000011110000000000001111000000000000111100000000000011110000000000001111000000000000111100000000000011110000000000001111000000000000111100000000000011110000000000001111000000000000111100000000000011110000000000001111000000000000111100000000000011110000000000001111000000000000111100000000000011110000000000001111000000000000111100000000000011110000000000001111000000000001000001011100000100000101110000010000010111000001000001011100000100000101110000010000010111000001000111011001000100000101110000 b"
18
#448510
0>
#449000
1>
b110 \"
08
#449500
b111100000000000011110000000000001111000000000000111100000000000011110000000000001111000000000000111100000000000011110000000000001111000000000000111100000000000011110000000000001111000000000000111100000000000011110000000000001111000000000000111100000000000011110000000000001111000000000000111100000000000011110000000000001111000000000000111100000000000011110000000000001111000000000000111000000000000011100000000000001110000000000000111000000000000011100000000000001110000000000000111100000000000011100000000000 b"
18
#449510
0>
#450000
1>
b10 \"
08
#450500
b1000101000000000100010100000000010001010000000001000101000000000100010100000000010001010000000001000101000000000100010100000000010001010000000001000101000000000100010100000000010001010000000001000101000000000100010100000000010001010000000001000101000000000100010100000000010001010000000001000101000000000100010100000000010001010000000001000101000000000100010100000000010001010000000001000101000000000100010100000000010001010000000001000101000000000100010100000000010001010000000001000111000000000100010100000000 b"
18
#450510
0>
#451000
1>
08
#451500
18
#451510
0>
#452000
1>
b100 \"
08
#452500
b1000000000000000100000000000000010000000000000001000000000000000100000000000000010000000000000001000000000000000100000000000000010000000000000001000000000000000100000000000000010000000000000001000000000000000100000000000000010000000000000001000000000000000100000000000000010000000000000001000000000000000100000000000000010000000000000001000000000000000100000000000000010000000000000001000000000000000100000000000000010000000000000001000000000000000100000000000000010000000000000001000000000000000100000000000000 b"
18
#452510
0>
#453000
1>
b101 \"
08
#453500
b111100000000000011110000000000001111000000000000111100000000000011110000000000001111000000000000111100000000000011110000000000001111000000000000111100000000000011110000000000001111000000000000111100000000000011110000000000001111000000000000111100000000000011110000000000001111000000000000111100000000000011110000000000001111000000000000111100000000000011110000000000001111000000000001000001011100000100000101110000010000010111000001000001011100000100000101110000010000010111000001000111011001000100000101110000 b"
18
#453510
0>
#454000
1>
b110 \"
08
#454500
b111100000000000011110000000000001111000000000000111100000000000011110000000000001111000000000000111100000000000011110000000000001111000000000000111100000000000011110000000000001111000000000000111100000000000011110000000000001111000000000000111100000000000011110000000000001111000000000000111100000000000011110000000000001111000000000000111100000000000011110000000000001111000000000000111000000000000011100000000000001110000000000000111000000000000011100000000000001110000000000000111100000000000011100000000000 b"
18
#454510
0>
#455000
1>
b10 \"
08
#455500
b1000101000000000100010100000000010001010000000001000101000000000100010100000000010001010000000001000101000000000100010100000000010001010000000001000101000000000100010100000000010001010000000001000101000000000100010100000000010001010000000001000101000000000100010100000000010001010000000001000101000000000100010100000000010001010000000001000101000000000100010100000000010001010000000001000101000000000100010100000000010001010000000001000101000000000100010100000000010001010000000001000111000000000100010100000000 b"
18
#455510
0>
#456000
1>
08
#456500
18
#456510
0>
#457000
1>
b100 \"
08
#457500
b1000000000000000100000000000000010000000000000001000000000000000100000000000000010000000000000001000000000000000100000000000000010000000000000001000000000000000100000000000000010000000000000001000000000000000100000000000000010000000000000001000000000000000100000000000000010000000000000001000000000000000100000000000000010000000000000001000000000000000100000000000000010000000000000001000000000000000100000000000000010000000000000001000000000000000100000000000000010000000000000001000000000000000100000000000000 b"
18
#457510
0>
#458000
1>
b101 \"
08
#458500
b111100000000000011110000000000001111000000000000111100000000000011110000000000001111000000000000111100000000000011110000000000001111000000000000111100000000000011110000000000001111000000000000111100000000000011110000000000001111000000000000111100000000000011110000000000001111000000000000111100000000000011110000000000001111000000000000111100000000000011110000000000001111000000000001000001011100000100000101110000010000010111000001000001011100000100000101110000010000010111000001000111011001000100000101110000 b"
18
#458510
0>
#459000
1>
b110 \"
08
#459500
b111100000000000011110000000000001111000000000000111100000000000011110000000000001111000000000000111100000000000011110000000000001111000000000000111100000000000011110000000000001111000000000000111100000000000011110000000000001111000000000000111100000000000011110000000000001111000000000000111100000000000011110000000000001111000000000000111100000000000011110000000000001111000000000000111000000000000011100000000000001110000000000000111000000000000011100000000000001110000000000000111100000000000011100000000000 b"
18
#459510
0>
#460000
1>
b10 \"
08
#460500
b1000101000000000100010100000000010001010000000001000101000000000100010100000000010001010000000001000101000000000100010100000000010001010000000001000101000000000100010100000000010001010000000001000101000000000100010100000000010001010000000001000101000000000100010100000000010001010000000001000101000000000100010100000000010001010000000001000101000000000100010100000000010001010000000001000101000000000100010100000000010001010000000001000101000000000100010100000000010001010000000001000111000000000100010100000000 b"
18
#460510
0>
#461000
1>
08
#461500
18
#461510
0>
#462000
1>
b100 \"
08
#462500
b1000000000000000100000000000000010000000000000001000000000000000100000000000000010000000000000001000000000000000100000000000000010000000000000001000000000000000100000000000000010000000000000001000000000000000100000000000000010000000000000001000000000000000100000000000000010000000000000001000000000000000100000000000000010000000000000001000000000000000100000000000000010000000000000001000000000000000100000000000000010000000000000001000000000000000100000000000000010000000000000001000000000000000100000000000000 b"
18
#462510
0>
#463000
1>
b101 \"
08
#463500
b111100000000000011110000000000001111000000000000111100000000000011110000000000001111000000000000111100000000000011110000000000001111000000000000111100000000000011110000000000001111000000000000111100000000000011110000000000001111000000000000111100000000000011110000000000001111000000000000111100000000000011110000000000001111000000000000111100000000000011110000000000001111000000000001000001011100000100000101110000010000010111000001000001011100000100000101110000010000010111000001000111011001000100000101110000 b"
18
#463510
0>
#464000
1>
b110 \"
08
#464500
b111100000000000011110000000000001111000000000000111100000000000011110000000000001111000000000000111100000000000011110000000000001111000000000000111100000000000011110000000000001111000000000000111100000000000011110000000000001111000000000000111100000000000011110000000000001111000000000000111100000000000011110000000000001111000000000000111100000000000011110000000000001111000000000000111000000000000011100000000000001110000000000000111000000000000011100000000000001110000000000000111100000000000011100000000000 b"
18
#464510
0>
#465000
1>
b10 \"
08
#465500
b1000101000000000100010100000000010001010000000001000101000000000100010100000000010001010000000001000101000000000100010100000000010001010000000001000101000000000100010100000000010001010000000001000101000000000100010100000000010001010000000001000101000000000100010100000000010001010000000001000101000000000100010100000000010001010000000001000101000000000100010100000000010001010000000001000101000000000100010100000000010001010000000001000101000000000100010100000000010001010000000001000111000000000100010100000000 b"
18
#465510
0>
#466000
1>
08
#466500
18
#466510
0>
#467000
1>
b100 \"
08
#467500
b1000000000000000100000000000000010000000000000001000000000000000100000000000000010000000000000001000000000000000100000000000000010000000000000001000000000000000100000000000000010000000000000001000000000000000100000000000000010000000000000001000000000000000100000000000000010000000000000001000000000000000100000000000000010000000000000001000000000000000100000000000000010000000000000001000000000000000100000000000000010000000000000001000000000000000100000000000000010000000000000001000000000000000100000000000000 b"
18
#467510
0>
#468000
1>
b101 \"
08
#468500
b111100000000000011110000000000001111000000000000111100000000000011110000000000001111000000000000111100000000000011110000000000001111000000000000111100000000000011110000000000001111000000000000111100000000000011110000000000001111000000000000111100000000000011110000000000001111000000000000111100000000000011110000000000001111000000000000111100000000000011110000000000001111000000000001000001011100000100000101110000010000010111000001000001011100000100000101110000010000010111000001000111011001000100000101110000 b"
18
#468510
0>
#469000
1>
b110 \"
08
#469500
b111100000000000011110000000000001111000000000000111100000000000011110000000000001111000000000000111100000000000011110000000000001111000000000000111100000000000011110000000000001111000000000000111100000000000011110000000000001111000000000000111100000000000011110000000000001111000000000000111100000000000011110000000000001111000000000000111100000000000011110000000000001111000000000000111000000000000011100000000000001110000000000000111000000000000011100000000000001110000000000000111100000000000011100000000000 b"
18
#469510
0>
#470000
1>
b10 \"
08
#470500
b1000101000000000100010100000000010001010000000001000101000000000100010100000000010001010000000001000101000000000100010100000000010001010000000001000101000000000100010100000000010001010000000001000101000000000100010100000000010001010000000001000101000000000100010100000000010001010000000001000101000000000100010100000000010001010000000001000101000000000100010100000000010001010000000001000101000000000100010100000000010001010000000001000101000000000100010100000000010001010000000001000111000000000100010100000000 b"
18
#470510
0>
#471000
1>
08
#471500
18
#471510
0>
#472000
1>
b100 \"
08
#472500
b1000000000000000100000000000000010000000000000001000000000000000100000000000000010000000000000001000000000000000100000000000000010000000000000001000000000000000100000000000000010000000000000001000000000000000100000000000000010000000000000001000000000000000100000000000000010000000000000001000000000000000100000000000000010000000000000001000000000000000100000000000000010000000000000001000000000000000100000000000000010000000000000001000000000000000100000000000000010000000000000001000000000000000100000000000000 b"
18
#472510
0>
#473000
1>
b101 \"
08
#473500
b111100000000000011110000000000001111000000000000111100000000000011110000000000001111000000000000111100000000000011110000000000001111000000000000111100000000000011110000000000001111000000000000111100000000000011110000000000001111000000000000111100000000000011110000000000001111000000000000111100000000000011110000000000001111000000000000111100000000000011110000000000001111000000000001000001011100000100000101110000010000010111000001000001011100000100000101110000010000010111000001000111011001000100000101110000 b"
18
#473510
0>
#474000
1>
b110 \"
08
#474500
b111100000000000011110000000000001111000000000000111100000000000011110000000000001111000000000000111100000000000011110000000000001111000000000000111100000000000011110000000000001111000000000000111100000000000011110000000000001111000000000000111100000000000011110000000000001111000000000000111100000000000011110000000000001111000000000000111100000000000011110000000000001111000000000000111000000000000011100000000000001110000000000000111000000000000011100000000000001110000000000000111100000000000011100000000000 b"
18
#474510
0>
#475000
1>
b10 \"
08
#475500
b1000101000000000100010100000000010001010000000001000101000000000100010100000000010001010000000001000101000000000100010100000000010001010000000001000101000000000100010100000000010001010000000001000101000000000100010100000000010001010000000001000101000000000100010100000000010001010000000001000101000000000100010100000000010001010000000001000101000000000100010100000000010001010000000001000101000000000100010100000000010001010000000001000101000000000100010100000000010001010000000001000111000000000100010100000000 b"
18
#475510
0>
#476000
1>
08
#476500
18
#476510
0>
#477000
1>
b100 \"
08
#477500
b1000000000000000100000000000000010000000000000001000000000000000100000000000000010000000000000001000000000000000100000000000000010000000000000001000000000000000100000000000000010000000000000001000000000000000100000000000000010000000000000001000000000000000100000000000000010000000000000001000000000000000100000000000000010000000000000001000000000000000100000000000000010000000000000001000000000000000100000000000000010000000000000001000000000000000100000000000000010000000000000001000000000000000100000000000000 b"
18
#477510
0>
#478000
1>
b101 \"
08
#478500
b111100000000000011110000000000001111000000000000111100000000000011110000000000001111000000000000111100000000000011110000000000001111000000000000111100000000000011110000000000001111000000000000111100000000000011110000000000001111000000000000111100000000000011110000000000001111000000000000111100000000000011110000000000001111000000000000111100000000000011110000000000001111000000000001000001011100000100000101110000010000010111000001000001011100000100000101110000010000010111000001000111011001000100000101110000 b"
18
#478510
0>
#479000
1>
b110 \"
08
#479500
b111100000000000011110000000000001111000000000000111100000000000011110000000000001111000000000000111100000000000011110000000000001111000000000000111100000000000011110000000000001111000000000000111100000000000011110000000000001111000000000000111100000000000011110000000000001111000000000000111100000000000011110000000000001111000000000000111100000000000011110000000000001111000000000000111000000000000011100000000000001110000000000000111000000000000011100000000000001110000000000000111100000000000011100000000000 b"
18
#479510
0>
#480000
1>
b10 \"
08
#480500
b1000101000000000100010100000000010001010000000001000101000000000100010100000000010001010000000001000101000000000100010100000000010001010000000001000101000000000100010100000000010001010000000001000101000000000100010100000000010001010000000001000101000000000100010100000000010001010000000001000101000000000100010100000000010001010000000001000101000000000100010100000000010001010000000001000101000000000100010100000000010001010000000001000101000000000100010100000000010001010000000001000111000000000100010100000000 b"
18
#480510
0>
#481000
1>
08
#481500
18
#481510
0>
#482000
1>
b100 \"
08
#482500
b1000000000000000100000000000000010000000000000001000000000000000100000000000000010000000000000001000000000000000100000000000000010000000000000001000000000000000100000000000000010000000000000001000000000000000100000000000000010000000000000001000000000000000100000000000000010000000000000001000000000000000100000000000000010000000000000001000000000000000100000000000000010000000000000001000000000000000100000000000000010000000000000001000000000000000100000000000000010000000000000001000000000000000100000000000000 b"
18
#482510
0>
#483000
1>
b101 \"
08
#483500
b111100000000000011110000000000001111000000000000111100000000000011110000000000001111000000000000111100000000000011110000000000001111000000000000111100000000000011110000000000001111000000000000111100000000000011110000000000001111000000000000111100000000000011110000000000001111000000000000111100000000000011110000000000001111000000000000111100000000000011110000000000001111000000000001000001011100000100000101110000010000010111000001000001011100000100000101110000010000010111000001000111011001000100000101110000 b"
18
#483510
0>
#484000
1>
b110 \"
08
#484500
b111100000000000011110000000000001111000000000000111100000000000011110000000000001111000000000000111100000000000011110000000000001111000000000000111100000000000011110000000000001111000000000000111100000000000011110000000000001111000000000000111100000000000011110000000000001111000000000000111100000000000011110000000000001111000000000000111100000000000011110000000000001111000000000000111000000000000011100000000000001110000000000000111000000000000011100000000000001110000000000000111100000000000011100000000000 b"
18
#484510
0>
#485000
1>
b10 \"
08
#485500
b1000101000000000100010100000000010001010000000001000101000000000100010100000000010001010000000001000101000000000100010100000000010001010000000001000101000000000100010100000000010001010000000001000101000000000100010100000000010001010000000001000101000000000100010100000000010001010000000001000101000000000100010100000000010001010000000001000101000000000100010100000000010001010000000001000101000000000100010100000000010001010000000001000101000000000100010100000000010001010000000001000111000000000100010100000000 b"
18
#485510
0>
#486000
1>
08
#486500
18
#486510
0>
#487000
1>
b100 \"
08
#487500
b1000000000000000100000000000000010000000000000001000000000000000100000000000000010000000000000001000000000000000100000000000000010000000000000001000000000000000100000000000000010000000000000001000000000000000100000000000000010000000000000001000000000000000100000000000000010000000000000001000000000000000100000000000000010000000000000001000000000000000100000000000000010000000000000001000000000000000100000000000000010000000000000001000000000000000100000000000000010000000000000001000000000000000100000000000000 b"
18
#487510
0>
#488000
1>
b101 \"
08
#488500
b111100000000000011110000000000001111000000000000111100000000000011110000000000001111000000000000111100000000000011110000000000001111000000000000111100000000000011110000000000001111000000000000111100000000000011110000000000001111000000000000111100000000000011110000000000001111000000000000111100000000000011110000000000001111000000000000111100000000000011110000000000001111000000000001000001011100000100000101110000010000010111000001000001011100000100000101110000010000010111000001000111011001000100000101110000 b"
18
#488510
0>
#489000
1>
b110 \"
08
#489500
b111100000000000011110000000000001111000000000000111100000000000011110000000000001111000000000000111100000000000011110000000000001111000000000000111100000000000011110000000000001111000000000000111100000000000011110000000000001111000000000000111100000000000011110000000000001111000000000000111100000000000011110000000000001111000000000000111100000000000011110000000000001111000000000000111000000000000011100000000000001110000000000000111000000000000011100000000000001110000000000000111100000000000011100000000000 b"
18
#489510
0>
#490000
1>
b10 \"
08
#490500
b1000101000000000100010100000000010001010000000001000101000000000100010100000000010001010000000001000101000000000100010100000000010001010000000001000101000000000100010100000000010001010000000001000101000000000100010100000000010001010000000001000101000000000100010100000000010001010000000001000101000000000100010100000000010001010000000001000101000000000100010100000000010001010000000001000101000000000100010100000000010001010000000001000101000000000100010100000000010001010000000001000111000000000100010100000000 b"
18
#490510
0>
#491000
1>
08
#491500
18
#491510
0>
#492000
1>
b100 \"
08
#492500
b1000000000000000100000000000000010000000000000001000000000000000100000000000000010000000000000001000000000000000100000000000000010000000000000001000000000000000100000000000000010000000000000001000000000000000100000000000000010000000000000001000000000000000100000000000000010000000000000001000000000000000100000000000000010000000000000001000000000000000100000000000000010000000000000001000000000000000100000000000000010000000000000001000000000000000100000000000000010000000000000001000000000000000100000000000000 b"
18
#492510
0>
#493000
1>
b101 \"
08
#493500
b111100000000000011110000000000001111000000000000111100000000000011110000000000001111000000000000111100000000000011110000000000001111000000000000111100000000000011110000000000001111000000000000111100000000000011110000000000001111000000000000111100000000000011110000000000001111000000000000111100000000000011110000000000001111000000000000111100000000000011110000000000001111000000000001000001011100000100000101110000010000010111000001000001011100000100000101110000010000010111000001000111011001000100000101110000 b"
18
#493510
0>
#494000
1>
b110 \"
08
#494500
b111100000000000011110000000000001111000000000000111100000000000011110000000000001111000000000000111100000000000011110000000000001111000000000000111100000000000011110000000000001111000000000000111100000000000011110000000000001111000000000000111100000000000011110000000000001111000000000000111100000000000011110000000000001111000000000000111100000000000011110000000000001111000000000000111000000000000011100000000000001110000000000000111000000000000011100000000000001110000000000000111100000000000011100000000000 b"
18
#494510
0>
#495000
1>
b10 \"
08
#495500
b1000101000000000100010100000000010001010000000001000101000000000100010100000000010001010000000001000101000000000100010100000000010001010000000001000101000000000100010100000000010001010000000001000101000000000100010100000000010001010000000001000101000000000100010100000000010001010000000001000101000000000100010100000000010001010000000001000101000000000100010100000000010001010000000001000101000000000100010100000000010001010000000001000101000000000100010100000000010001010000000001000111000000000100010100000000 b"
18
#495510
0>
#496000
1>
08
#496500
18
#496510
0>
#497000
1>
b100 \"
08
#497500
b1000000000000000100000000000000010000000000000001000000000000000100000000000000010000000000000001000000000000000100000000000000010000000000000001000000000000000100000000000000010000000000000001000000000000000100000000000000010000000000000001000000000000000100000000000000010000000000000001000000000000000100000000000000010000000000000001000000000000000100000000000000010000000000000001000000000000000100000000000000010000000000000001000000000000000100000000000000010000000000000001000000000000000100000000000000 b"
18
#497510
0>
#498000
1>
b101 \"
08
#498500
b111100000000000011110000000000001111000000000000111100000000000011110000000000001111000000000000111100000000000011110000000000001111000000000000111100000000000011110000000000001111000000000000111100000000000011110000000000001111000000000000111100000000000011110000000000001111000000000000111100000000000011110000000000001111000000000000111100000000000011110000000000001111000000000001000001011100000100000101110000010000010111000001000001011100000100000101110000010000010111000001000111011001000100000101110000 b"
18
#498510
0>
#499000
1>
b110 \"
08
#499500
b111100000000000011110000000000001111000000000000111100000000000011110000000000001111000000000000111100000000000011110000000000001111000000000000111100000000000011110000000000001111000000000000111100000000000011110000000000001111000000000000111100000000000011110000000000001111000000000000111100000000000011110000000000001111000000000000111100000000000011110000000000001111000000000000111000000000000011100000000000001110000000000000111000000000000011100000000000001110000000000000111100000000000011100000000000 b"
18
#499510
0>
#500000
1>
b10 \"
08
#500500
b1000101000000000100010100000000010001010000000001000101000000000100010100000000010001010000000001000101000000000100010100000000010001010000000001000101000000000100010100000000010001010000000001000101000000000100010100000000010001010000000001000101000000000100010100000000010001010000000001000101000000000100010100000000010001010000000001000101000000000100010100000000010001010000000001000101000000000100010100000000010001010000000001000101000000000100010100000000010001010000000001000111000000000100010100000000 b"
18
#500510
0>
#501000
1>
08
#501500
18
#501510
0>
#502000
1>
b100 \"
08
#502500
b1000000000000000100000000000000010000000000000001000000000000000100000000000000010000000000000001000000000000000100000000000000010000000000000001000000000000000100000000000000010000000000000001000000000000000100000000000000010000000000000001000000000000000100000000000000010000000000000001000000000000000100000000000000010000000000000001000000000000000100000000000000010000000000000001000000000000000100000000000000010000000000000001000000000000000100000000000000010000000000000001000000000000000100000000000000 b"
18
#502510
0>
#503000
1>
b101 \"
08
#503500
b111100000000000011110000000000001111000000000000111100000000000011110000000000001111000000000000111100000000000011110000000000001111000000000000111100000000000011110000000000001111000000000000111100000000000011110000000000001111000000000000111100000000000011110000000000001111000000000000111100000000000011110000000000001111000000000000111100000000000011110000000000001111000000000001000001011100000100000101110000010000010111000001000001011100000100000101110000010000010111000001000111011001000100000101110000 b"
18
#503510
0>
#504000
1>
b110 \"
08
#504500
b111100000000000011110000000000001111000000000000111100000000000011110000000000001111000000000000111100000000000011110000000000001111000000000000111100000000000011110000000000001111000000000000111100000000000011110000000000001111000000000000111100000000000011110000000000001111000000000000111100000000000011110000000000001111000000000000111100000000000011110000000000001111000000000000111000000000000011100000000000001110000000000000111000000000000011100000000000001110000000000000111100000000000011100000000000 b"
18
#504510
0>
#505000
1>
b10 \"
08
#505500
b1000101000000000100010100000000010001010000000001000101000000000100010100000000010001010000000001000101000000000100010100000000010001010000000001000101000000000100010100000000010001010000000001000101000000000100010100000000010001010000000001000101000000000100010100000000010001010000000001000101000000000100010100000000010001010000000001000101000000000100010100000000010001010000000001000101000000000100010100000000010001010000000001000101000000000100010100000000010001010000000001000111000000000100010100000000 b"
18
#505510
0>
#506000
1>
08
#506500
18
#506510
0>
#507000
1>
b100 \"
08
#507500
b1000000000000000100000000000000010000000000000001000000000000000100000000000000010000000000000001000000000000000100000000000000010000000000000001000000000000000100000000000000010000000000000001000000000000000100000000000000010000000000000001000000000000000100000000000000010000000000000001000000000000000100000000000000010000000000000001000000000000000100000000000000010000000000000001000000000000000100000000000000010000000000000001000000000000000100000000000000010000000000000001000000000000000100000000000000 b"
18
#507510
0>
#508000
1>
b101 \"
08
#508500
b111100000000000011110000000000001111000000000000111100000000000011110000000000001111000000000000111100000000000011110000000000001111000000000000111100000000000011110000000000001111000000000000111100000000000011110000000000001111000000000000111100000000000011110000000000001111000000000000111100000000000011110000000000001111000000000000111100000000000011110000000000001111000000000001000001011100000100000101110000010000010111000001000001011100000100000101110000010000010111000001000111011001000100000101110000 b"
18
#508510
0>
#509000
1>
b110 \"
08
#509500
b111100000000000011110000000000001111000000000000111100000000000011110000000000001111000000000000111100000000000011110000000000001111000000000000111100000000000011110000000000001111000000000000111100000000000011110000000000001111000000000000111100000000000011110000000000001111000000000000111100000000000011110000000000001111000000000000111100000000000011110000000000001111000000000000111000000000000011100000000000001110000000000000111000000000000011100000000000001110000000000000111100000000000011100000000000 b"
18
#509510
0>
#510000
1>
b10 \"
08
#510500
b1000101000000000100010100000000010001010000000001000101000000000100010100000000010001010000000001000101000000000100010100000000010001010000000001000101000000000100010100000000010001010000000001000101000000000100010100000000010001010000000001000101000000000100010100000000010001010000000001000101000000000100010100000000010001010000000001000101000000000100010100000000010001010000000001000101000000000100010100000000010001010000000001000101000000000100010100000000010001010000000001000111000000000100010100000000 b"
18
#510510
0>
#511000
1>
08
#511500
18
#511510
0>
#512000
1>
b100 \"
08
#512500
b1000000000000000100000000000000010000000000000001000000000000000100000000000000010000000000000001000000000000000100000000000000010000000000000001000000000000000100000000000000010000000000000001000000000000000100000000000000010000000000000001000000000000000100000000000000010000000000000001000000000000000100000000000000010000000000000001000000000000000100000000000000010000000000000001000000000000000100000000000000010000000000000001000000000000000100000000000000010000000000000001000000000000000100000000000000 b"
18
#512510
0>
#513000
1>
b101 \"
08
#513500
b111100000000000011110000000000001111000000000000111100000000000011110000000000001111000000000000111100000000000011110000000000001111000000000000111100000000000011110000000000001111000000000000111100000000000011110000000000001111000000000000111100000000000011110000000000001111000000000000111100000000000011110000000000001111000000000000111100000000000011110000000000001111000000000001000001011100000100000101110000010000010111000001000001011100000100000101110000010000010111000001000111011001000100000101110000 b"
18
#513510
0>
#514000
1>
b110 \"
08
#514500
b111100000000000011110000000000001111000000000000111100000000000011110000000000001111000000000000111100000000000011110000000000001111000000000000111100000000000011110000000000001111000000000000111100000000000011110000000000001111000000000000111100000000000011110000000000001111000000000000111100000000000011110000000000001111000000000000111100000000000011110000000000001111000000000000111000000000000011100000000000001110000000000000111000000000000011100000000000001110000000000000111100000000000011100000000000 b"
18
#514510
0>
#515000
1>
b10 \"
08
#515500
b1000101000000000100010100000000010001010000000001000101000000000100010100000000010001010000000001000101000000000100010100000000010001010000000001000101000000000100010100000000010001010000000001000101000000000100010100000000010001010000000001000101000000000100010100000000010001010000000001000101000000000100010100000000010001010000000001000101000000000100010100000000010001010000000001000101000000000100010100000000010001010000000001000101000000000100010100000000010001010000000001000111000000000100010100000000 b"
18
#515510
0>
#516000
1>
08
#516500
18
#516510
0>
#517000
1>
b100 \"
08
#517500
b1000000000000000100000000000000010000000000000001000000000000000100000000000000010000000000000001000000000000000100000000000000010000000000000001000000000000000100000000000000010000000000000001000000000000000100000000000000010000000000000001000000000000000100000000000000010000000000000001000000000000000100000000000000010000000000000001000000000000000100000000000000010000000000000001000000000000000100000000000000010000000000000001000000000000000100000000000000010000000000000001000000000000000100000000000000 b"
18
#517510
0>
#518000
1>
b101 \"
08
#518500
b111100000000000011110000000000001111000000000000111100000000000011110000000000001111000000000000111100000000000011110000000000001111000000000000111100000000000011110000000000001111000000000000111100000000000011110000000000001111000000000000111100000000000011110000000000001111000000000000111100000000000011110000000000001111000000000000111100000000000011110000000000001111000000000001000001011100000100000101110000010000010111000001000001011100000100000101110000010000010111000001000111011001000100000101110000 b"
18
#518510
0>
#519000
1>
b110 \"
08
#519500
b111100000000000011110000000000001111000000000000111100000000000011110000000000001111000000000000111100000000000011110000000000001111000000000000111100000000000011110000000000001111000000000000111100000000000011110000000000001111000000000000111100000000000011110000000000001111000000000000111100000000000011110000000000001111000000000000111100000000000011110000000000001111000000000000111000000000000011100000000000001110000000000000111000000000000011100000000000001110000000000000111100000000000011100000000000 b"
18
#519510
0>
#520000
1>
b10 \"
08
#520500
b1000101000000000100010100000000010001010000000001000101000000000100010100000000010001010000000001000101000000000100010100000000010001010000000001000101000000000100010100000000010001010000000001000101000000000100010100000000010001010000000001000101000000000100010100000000010001010000000001000101000000000100010100000000010001010000000001000101000000000100010100000000010001010000000001000101000000000100010100000000010001010000000001000101000000000100010100000000010001010000000001000111000000000100010100000000 b"
18
#520510
0>
#521000
1>
08
#521500
18
#521510
0>
#522000
1>
b100 \"
08
#522500
b1000000000000000100000000000000010000000000000001000000000000000100000000000000010000000000000001000000000000000100000000000000010000000000000001000000000000000100000000000000010000000000000001000000000000000100000000000000010000000000000001000000000000000100000000000000010000000000000001000000000000000100000000000000010000000000000001000000000000000100000000000000010000000000000001000000000000000100000000000000010000000000000001000000000000000100000000000000010000000000000001000000000000000100000000000000 b"
18
#522510
0>
#523000
1>
b101 \"
08
#523500
b111100000000000011110000000000001111000000000000111100000000000011110000000000001111000000000000111100000000000011110000000000001111000000000000111100000000000011110000000000001111000000000000111100000000000011110000000000001111000000000000111100000000000011110000000000001111000000000000111100000000000011110000000000001111000000000000111100000000000011110000000000001111000000000001000001011100000100000101110000010000010111000001000001011100000100000101110000010000010111000001000111011001000100000101110000 b"
18
#523510
0>
#524000
1>
b110 \"
08
#524500
b111100000000000011110000000000001111000000000000111100000000000011110000000000001111000000000000111100000000000011110000000000001111000000000000111100000000000011110000000000001111000000000000111100000000000011110000000000001111000000000000111100000000000011110000000000001111000000000000111100000000000011110000000000001111000000000000111100000000000011110000000000001111000000000000111000000000000011100000000000001110000000000000111000000000000011100000000000001110000000000000111100000000000011100000000000 b"
18
#524510
0>
#525000
1>
b10 \"
08
#525500
b1000101000000000100010100000000010001010000000001000101000000000100010100000000010001010000000001000101000000000100010100000000010001010000000001000101000000000100010100000000010001010000000001000101000000000100010100000000010001010000000001000101000000000100010100000000010001010000000001000101000000000100010100000000010001010000000001000101000000000100010100000000010001010000000001000101000000000100010100000000010001010000000001000101000000000100010100000000010001010000000001000111000000000100010100000000 b"
18
#525510
0>
#526000
1>
08
#526500
18
#526510
0>
#527000
1>
b100 \"
08
#527500
b1000000000000000100000000000000010000000000000001000000000000000100000000000000010000000000000001000000000000000100000000000000010000000000000001000000000000000100000000000000010000000000000001000000000000000100000000000000010000000000000001000000000000000100000000000000010000000000000001000000000000000100000000000000010000000000000001000000000000000100000000000000010000000000000001000000000000000100000000000000010000000000000001000000000000000100000000000000010000000000000001000000000000000100000000000000 b"
18
#527510
0>
#528000
1>
b101 \"
08
#528500
b111100000000000011110000000000001111000000000000111100000000000011110000000000001111000000000000111100000000000011110000000000001111000000000000111100000000000011110000000000001111000000000000111100000000000011110000000000001111000000000000111100000000000011110000000000001111000000000000111100000000000011110000000000001111000000000000111100000000000011110000000000001111000000000001000001011100000100000101110000010000010111000001000001011100000100000101110000010000010111000001000111011001000100000101110000 b"
18
#528510
0>
#529000
1>
b110 \"
08
#529500
b111100000000000011110000000000001111000000000000111100000000000011110000000000001111000000000000111100000000000011110000000000001111000000000000111100000000000011110000000000001111000000000000111100000000000011110000000000001111000000000000111100000000000011110000000000001111000000000000111100000000000011110000000000001111000000000000111100000000000011110000000000001111000000000000111000000000000011100000000000001110000000000000111000000000000011100000000000001110000000000000111100000000000011100000000000 b"
18
#529510
0>
#530000
1>
b10 \"
08
#530500
b1000101000000000100010100000000010001010000000001000101000000000100010100000000010001010000000001000101000000000100010100000000010001010000000001000101000000000100010100000000010001010000000001000101000000000100010100000000010001010000000001000101000000000100010100000000010001010000000001000101000000000100010100000000010001010000000001000101000000000100010100000000010001010000000001000101000000000100010100000000010001010000000001000101000000000100010100000000010001010000000001000111000000000100010100000000 b"
18
#530510
0>
#531000
1>
08
#531500
18
#531510
0>
#532000
1>
b100 \"
08
#532500
b1000000000000000100000000000000010000000000000001000000000000000100000000000000010000000000000001000000000000000100000000000000010000000000000001000000000000000100000000000000010000000000000001000000000000000100000000000000010000000000000001000000000000000100000000000000010000000000000001000000000000000100000000000000010000000000000001000000000000000100000000000000010000000000000001000000000000000100000000000000010000000000000001000000000000000100000000000000010000000000000001000000000000000100000000000000 b"
18
#532510
0>
#533000
1>
b101 \"
08
#533500
b111100000000000011110000000000001111000000000000111100000000000011110000000000001111000000000000111100000000000011110000000000001111000000000000111100000000000011110000000000001111000000000000111100000000000011110000000000001111000000000000111100000000000011110000000000001111000000000000111100000000000011110000000000001111000000000000111100000000000011110000000000001111000000000001000001011100000100000101110000010000010111000001000001011100000100000101110000010000010111000001000111011001000100000101110000 b"
18
#533510
0>
#534000
1>
b110 \"
08
#534500
b111100000000000011110000000000001111000000000000111100000000000011110000000000001111000000000000111100000000000011110000000000001111000000000000111100000000000011110000000000001111000000000000111100000000000011110000000000001111000000000000111100000000000011110000000000001111000000000000111100000000000011110000000000001111000000000000111100000000000011110000000000001111000000000000111000000000000011100000000000001110000000000000111000000000000011100000000000001110000000000000111100000000000011100000000000 b"
18
#534510
0>
#535000
1>
b10 \"
08
#535500
b1000101000000000100010100000000010001010000000001000101000000000100010100000000010001010000000001000101000000000100010100000000010001010000000001000101000000000100010100000000010001010000000001000101000000000100010100000000010001010000000001000101000000000100010100000000010001010000000001000101000000000100010100000000010001010000000001000101000000000100010100000000010001010000000001000101000000000100010100000000010001010000000001000101000000000100010100000000010001010000000001000111000000000100010100000000 b"
18
#535510
0>
#536000
1>
08
#536500
18
#536510
0>
#537000
1>
b100 \"
08
#537500
b1000000000000000100000000000000010000000000000001000000000000000100000000000000010000000000000001000000000000000100000000000000010000000000000001000000000000000100000000000000010000000000000001000000000000000100000000000000010000000000000001000000000000000100000000000000010000000000000001000000000000000100000000000000010000000000000001000000000000000100000000000000010000000000000001000000000000000100000000000000010000000000000001000000000000000100000000000000010000000000000001000000000000000100000000000000 b"
18
#537510
0>
#538000
1>
b101 \"
08
#538500
b111100000000000011110000000000001111000000000000111100000000000011110000000000001111000000000000111100000000000011110000000000001111000000000000111100000000000011110000000000001111000000000000111100000000000011110000000000001111000000000000111100000000000011110000000000001111000000000000111100000000000011110000000000001111000000000000111100000000000011110000000000001111000000000001000001011100000100000101110000010000010111000001000001011100000100000101110000010000010111000001000111011001000100000101110000 b"
18
#538510
0>
#539000
1>
b110 \"
08
#539500
b111100000000000011110000000000001111000000000000111100000000000011110000000000001111000000000000111100000000000011110000000000001111000000000000111100000000000011110000000000001111000000000000111100000000000011110000000000001111000000000000111100000000000011110000000000001111000000000000111100000000000011110000000000001111000000000000111100000000000011110000000000001111000000000000111000000000000011100000000000001110000000000000111000000000000011100000000000001110000000000000111100000000000011100000000000 b"
18
#539510
0>
#540000
1>
b10 \"
08
#540500
b1000101000000000100010100000000010001010000000001000101000000000100010100000000010001010000000001000101000000000100010100000000010001010000000001000101000000000100010100000000010001010000000001000101000000000100010100000000010001010000000001000101000000000100010100000000010001010000000001000101000000000100010100000000010001010000000001000101000000000100010100000000010001010000000001000101000000000100010100000000010001010000000001000101000000000100010100000000010001010000000001000111000000000100010100000000 b"
18
#540510
0>
#541000
1>
08
#541500
18
#541510
0>
#542000
1>
b100 \"
08
#542500
b1000000000000000100000000000000010000000000000001000000000000000100000000000000010000000000000001000000000000000100000000000000010000000000000001000000000000000100000000000000010000000000000001000000000000000100000000000000010000000000000001000000000000000100000000000000010000000000000001000000000000000100000000000000010000000000000001000000000000000100000000000000010000000000000001000000000000000100000000000000010000000000000001000000000000000100000000000000010000000000000001000000000000000100000000000000 b"
18
#542510
0>
#543000
1>
b101 \"
08
#543500
b111100000000000011110000000000001111000000000000111100000000000011110000000000001111000000000000111100000000000011110000000000001111000000000000111100000000000011110000000000001111000000000000111100000000000011110000000000001111000000000000111100000000000011110000000000001111000000000000111100000000000011110000000000001111000000000000111100000000000011110000000000001111000000000001000001011100000100000101110000010000010111000001000001011100000100000101110000010000010111000001000111011001000100000101110000 b"
18
#543510
0>
#544000
1>
b110 \"
08
#544500
b111100000000000011110000000000001111000000000000111100000000000011110000000000001111000000000000111100000000000011110000000000001111000000000000111100000000000011110000000000001111000000000000111100000000000011110000000000001111000000000000111100000000000011110000000000001111000000000000111100000000000011110000000000001111000000000000111100000000000011110000000000001111000000000000111000000000000011100000000000001110000000000000111000000000000011100000000000001110000000000000111100000000000011100000000000 b"
18
#544510
0>
#545000
1>
b10 \"
08
#545500
b1000101000000000100010100000000010001010000000001000101000000000100010100000000010001010000000001000101000000000100010100000000010001010000000001000101000000000100010100000000010001010000000001000101000000000100010100000000010001010000000001000101000000000100010100000000010001010000000001000101000000000100010100000000010001010000000001000101000000000100010100000000010001010000000001000101000000000100010100000000010001010000000001000101000000000100010100000000010001010000000001000111000000000100010100000000 b"
18
#545510
0>
#546000
1>
08
#546500
18
#546510
0>
#547000
1>
b100 \"
08
#547500
b1000000000000000100000000000000010000000000000001000000000000000100000000000000010000000000000001000000000000000100000000000000010000000000000001000000000000000100000000000000010000000000000001000000000000000100000000000000010000000000000001000000000000000100000000000000010000000000000001000000000000000100000000000000010000000000000001000000000000000100000000000000010000000000000001000000000000000100000000000000010000000000000001000000000000000100000000000000010000000000000001000000000000000100000000000000 b"
18
#547510
0>
#548000
1>
b101 \"
08
#548500
b111100000000000011110000000000001111000000000000111100000000000011110000000000001111000000000000111100000000000011110000000000001111000000000000111100000000000011110000000000001111000000000000111100000000000011110000000000001111000000000000111100000000000011110000000000001111000000000000111100000000000011110000000000001111000000000000111100000000000011110000000000001111000000000001000001011100000100000101110000010000010111000001000001011100000100000101110000010000010111000001000111011001000100000101110000 b"
18
#548510
0>
#549000
1>
b110 \"
08
#549500
b111100000000000011110000000000001111000000000000111100000000000011110000000000001111000000000000111100000000000011110000000000001111000000000000111100000000000011110000000000001111000000000000111100000000000011110000000000001111000000000000111100000000000011110000000000001111000000000000111100000000000011110000000000001111000000000000111100000000000011110000000000001111000000000000111000000000000011100000000000001110000000000000111000000000000011100000000000001110000000000000111100000000000011100000000000 b"
18
#549510
0>
#550000
1>
b10 \"
08
#550500
b1000101000000000100010100000000010001010000000001000101000000000100010100000000010001010000000001000101000000000100010100000000010001010000000001000101000000000100010100000000010001010000000001000101000000000100010100000000010001010000000001000101000000000100010100000000010001010000000001000101000000000100010100000000010001010000000001000101000000000100010100000000010001010000000001000101000000000100010100000000010001010000000001000101000000000100010100000000010001010000000001000111000000000100010100000000 b"
18
#550510
0>
#551000
1>
08
#551500
18
#551510
0>
#552000
1>
b100 \"
08
#552500
b1000000000000000100000000000000010000000000000001000000000000000100000000000000010000000000000001000000000000000100000000000000010000000000000001000000000000000100000000000000010000000000000001000000000000000100000000000000010000000000000001000000000000000100000000000000010000000000000001000000000000000100000000000000010000000000000001000000000000000100000000000000010000000000000001000000000000000100000000000000010000000000000001000000000000000100000000000000010000000000000001000000000000000100000000000000 b"
18
#552510
0>
#553000
1>
b101 \"
08
#553500
b111100000000000011110000000000001111000000000000111100000000000011110000000000001111000000000000111100000000000011110000000000001111000000000000111100000000000011110000000000001111000000000000111100000000000011110000000000001111000000000000111100000000000011110000000000001111000000000000111100000000000011110000000000001111000000000000111100000000000011110000000000001111000000000001000001011100000100000101110000010000010111000001000001011100000100000101110000010000010111000001000111011001000100000101110000 b"
18
#553510
0>
#554000
1>
b110 \"
08
#554500
b111100000000000011110000000000001111000000000000111100000000000011110000000000001111000000000000111100000000000011110000000000001111000000000000111100000000000011110000000000001111000000000000111100000000000011110000000000001111000000000000111100000000000011110000000000001111000000000000111100000000000011110000000000001111000000000000111100000000000011110000000000001111000000000000111000000000000011100000000000001110000000000000111000000000000011100000000000001110000000000000111100000000000011100000000000 b"
18
#554510
0>
#555000
1>
b10 \"
08
#555500
b1000101000000000100010100000000010001010000000001000101000000000100010100000000010001010000000001000101000000000100010100000000010001010000000001000101000000000100010100000000010001010000000001000101000000000100010100000000010001010000000001000101000000000100010100000000010001010000000001000101000000000100010100000000010001010000000001000101000000000100010100000000010001010000000001000101000000000100010100000000010001010000000001000101000000000100010100000000010001010000000001000111000000000100010100000000 b"
18
#555510
0>
#556000
1>
08
#556500
18
#556510
0>
#557000
1>
b100 \"
08
#557500
b1000000000000000100000000000000010000000000000001000000000000000100000000000000010000000000000001000000000000000100000000000000010000000000000001000000000000000100000000000000010000000000000001000000000000000100000000000000010000000000000001000000000000000100000000000000010000000000000001000000000000000100000000000000010000000000000001000000000000000100000000000000010000000000000001000000000000000100000000000000010000000000000001000000000000000100000000000000010000000000000001000000000000000100000000000000 b"
18
#557510
0>
#558000
1>
b101 \"
08
#558500
b111100000000000011110000000000001111000000000000111100000000000011110000000000001111000000000000111100000000000011110000000000001111000000000000111100000000000011110000000000001111000000000000111100000000000011110000000000001111000000000000111100000000000011110000000000001111000000000000111100000000000011110000000000001111000000000000111100000000000011110000000000001111000000000001000001011100000100000101110000010000010111000001000001011100000100000101110000010000010111000001000111011001000100000101110000 b"
18
#558510
0>
#559000
1>
b110 \"
08
#559500
b111100000000000011110000000000001111000000000000111100000000000011110000000000001111000000000000111100000000000011110000000000001111000000000000111100000000000011110000000000001111000000000000111100000000000011110000000000001111000000000000111100000000000011110000000000001111000000000000111100000000000011110000000000001111000000000000111100000000000011110000000000001111000000000000111000000000000011100000000000001110000000000000111000000000000011100000000000001110000000000000111100000000000011100000000000 b"
18
#559510
0>
#560000
1>
b10 \"
08
#560500
b1000101000000000100010100000000010001010000000001000101000000000100010100000000010001010000000001000101000000000100010100000000010001010000000001000101000000000100010100000000010001010000000001000101000000000100010100000000010001010000000001000101000000000100010100000000010001010000000001000101000000000100010100000000010001010000000001000101000000000100010100000000010001010000000001000101000000000100010100000000010001010000000001000101000000000100010100000000010001010000000001000111000000000100010100000000 b"
18
#560510
0>
#561000
1>
08
#561500
18
#561510
0>
#562000
1>
b100 \"
08
#562500
b1000000000000000100000000000000010000000000000001000000000000000100000000000000010000000000000001000000000000000100000000000000010000000000000001000000000000000100000000000000010000000000000001000000000000000100000000000000010000000000000001000000000000000100000000000000010000000000000001000000000000000100000000000000010000000000000001000000000000000100000000000000010000000000000001000000000000000100000000000000010000000000000001000000000000000100000000000000010000000000000001000000000000000100000000000000 b"
18
#562510
0>
#563000
1>
b101 \"
08
#563500
b111100000000000011110000000000001111000000000000111100000000000011110000000000001111000000000000111100000000000011110000000000001111000000000000111100000000000011110000000000001111000000000000111100000000000011110000000000001111000000000000111100000000000011110000000000001111000000000000111100000000000011110000000000001111000000000000111100000000000011110000000000001111000000000001000001011100000100000101110000010000010111000001000001011100000100000101110000010000010111000001000111011001000100000101110000 b"
18
#563510
0>
#564000
1>
b110 \"
08
#564500
b111100000000000011110000000000001111000000000000111100000000000011110000000000001111000000000000111100000000000011110000000000001111000000000000111100000000000011110000000000001111000000000000111100000000000011110000000000001111000000000000111100000000000011110000000000001111000000000000111100000000000011110000000000001111000000000000111100000000000011110000000000001111000000000000111000000000000011100000000000001110000000000000111000000000000011100000000000001110000000000000111100000000000011100000000000 b"
18
#564510
0>
#565000
1>
b10 \"
08
#565500
b1000101000000000100010100000000010001010000000001000101000000000100010100000000010001010000000001000101000000000100010100000000010001010000000001000101000000000100010100000000010001010000000001000101000000000100010100000000010001010000000001000101000000000100010100000000010001010000000001000101000000000100010100000000010001010000000001000101000000000100010100000000010001010000000001000101000000000100010100000000010001010000000001000101000000000100010100000000010001010000000001000111000000000100010100000000 b"
18
#565510
0>
#566000
1>
08
#566500
18
#566510
0>
#567000
1>
b100 \"
08
#567500
b1000000000000000100000000000000010000000000000001000000000000000100000000000000010000000000000001000000000000000100000000000000010000000000000001000000000000000100000000000000010000000000000001000000000000000100000000000000010000000000000001000000000000000100000000000000010000000000000001000000000000000100000000000000010000000000000001000000000000000100000000000000010000000000000001000000000000000100000000000000010000000000000001000000000000000100000000000000010000000000000001000000000000000100000000000000 b"
18
#567510
0>
#568000
1>
b101 \"
08
#568500
b111100000000000011110000000000001111000000000000111100000000000011110000000000001111000000000000111100000000000011110000000000001111000000000000111100000000000011110000000000001111000000000000111100000000000011110000000000001111000000000000111100000000000011110000000000001111000000000000111100000000000011110000000000001111000000000000111100000000000011110000000000001111000000000001000001011100000100000101110000010000010111000001000001011100000100000101110000010000010111000001000111011001000100000101110000 b"
18
#568510
0>
#569000
1>
b110 \"
08
#569500
b111100000000000011110000000000001111000000000000111100000000000011110000000000001111000000000000111100000000000011110000000000001111000000000000111100000000000011110000000000001111000000000000111100000000000011110000000000001111000000000000111100000000000011110000000000001111000000000000111100000000000011110000000000001111000000000000111100000000000011110000000000001111000000000000111000000000000011100000000000001110000000000000111000000000000011100000000000001110000000000000111100000000000011100000000000 b"
18
#569510
0>
#570000
1>
b10 \"
08
#570500
b1000101000000000100010100000000010001010000000001000101000000000100010100000000010001010000000001000101000000000100010100000000010001010000000001000101000000000100010100000000010001010000000001000101000000000100010100000000010001010000000001000101000000000100010100000000010001010000000001000101000000000100010100000000010001010000000001000101000000000100010100000000010001010000000001000101000000000100010100000000010001010000000001000101000000000100010100000000010001010000000001000111000000000100010100000000 b"
18
#570510
0>
#571000
1>
08
#571500
18
#571510
0>
#572000
1>
b100 \"
08
#572500
b1000000000000000100000000000000010000000000000001000000000000000100000000000000010000000000000001000000000000000100000000000000010000000000000001000000000000000100000000000000010000000000000001000000000000000100000000000000010000000000000001000000000000000100000000000000010000000000000001000000000000000100000000000000010000000000000001000000000000000100000000000000010000000000000001000000000000000100000000000000010000000000000001000000000000000100000000000000010000000000000001000000000000000100000000000000 b"
18
#572510
0>
#573000
1>
b101 \"
08
#573500
b111100000000000011110000000000001111000000000000111100000000000011110000000000001111000000000000111100000000000011110000000000001111000000000000111100000000000011110000000000001111000000000000111100000000000011110000000000001111000000000000111100000000000011110000000000001111000000000000111100000000000011110000000000001111000000000000111100000000000011110000000000001111000000000001000001011100000100000101110000010000010111000001000001011100000100000101110000010000010111000001000111011001000100000101110000 b"
18
#573510
0>
#574000
1>
b110 \"
08
#574500
b111100000000000011110000000000001111000000000000111100000000000011110000000000001111000000000000111100000000000011110000000000001111000000000000111100000000000011110000000000001111000000000000111100000000000011110000000000001111000000000000111100000000000011110000000000001111000000000000111100000000000011110000000000001111000000000000111100000000000011110000000000001111000000000000111000000000000011100000000000001110000000000000111000000000000011100000000000001110000000000000111100000000000011100000000000 b"
18
#574510
0>
#575000
1>
b10 \"
08
#575500
b1000101000000000100010100000000010001010000000001000101000000000100010100000000010001010000000001000101000000000100010100000000010001010000000001000101000000000100010100000000010001010000000001000101000000000100010100000000010001010000000001000101000000000100010100000000010001010000000001000101000000000100010100000000010001010000000001000101000000000100010100000000010001010000000001000101000000000100010100000000010001010000000001000101000000000100010100000000010001010000000001000111000000000100010100000000 b"
18
#575510
0>
#576000
1>
08
#576500
18
#576510
0>
#577000
1>
b100 \"
08
#577500
b1000000000000000100000000000000010000000000000001000000000000000100000000000000010000000000000001000000000000000100000000000000010000000000000001000000000000000100000000000000010000000000000001000000000000000100000000000000010000000000000001000000000000000100000000000000010000000000000001000000000000000100000000000000010000000000000001000000000000000100000000000000010000000000000001000000000000000100000000000000010000000000000001000000000000000100000000000000010000000000000001000000000000000100000000000000 b"
18
#577510
0>
#578000
1>
b101 \"
08
#578500
b111100000000000011110000000000001111000000000000111100000000000011110000000000001111000000000000111100000000000011110000000000001111000000000000111100000000000011110000000000001111000000000000111100000000000011110000000000001111000000000000111100000000000011110000000000001111000000000000111100000000000011110000000000001111000000000000111100000000000011110000000000001111000000000001000001011100000100000101110000010000010111000001000001011100000100000101110000010000010111000001000111011001000100000101110000 b"
18
#578510
0>
#579000
1>
b110 \"
08
#579500
b111100000000000011110000000000001111000000000000111100000000000011110000000000001111000000000000111100000000000011110000000000001111000000000000111100000000000011110000000000001111000000000000111100000000000011110000000000001111000000000000111100000000000011110000000000001111000000000000111100000000000011110000000000001111000000000000111100000000000011110000000000001111000000000000111000000000000011100000000000001110000000000000111000000000000011100000000000001110000000000000111100000000000011100000000000 b"
18
#579510
0>
#580000
1>
b10 \"
08
#580500
b1000101000000000100010100000000010001010000000001000101000000000100010100000000010001010000000001000101000000000100010100000000010001010000000001000101000000000100010100000000010001010000000001000101000000000100010100000000010001010000000001000101000000000100010100000000010001010000000001000101000000000100010100000000010001010000000001000101000000000100010100000000010001010000000001000101000000000100010100000000010001010000000001000101000000000100010100000000010001010000000001000111000000000100010100000000 b"
18
#580510
0>
#581000
1>
08
#581500
18
#581510
0>
#582000
1>
b100 \"
08
#582500
b1000000000000000100000000000000010000000000000001000000000000000100000000000000010000000000000001000000000000000100000000000000010000000000000001000000000000000100000000000000010000000000000001000000000000000100000000000000010000000000000001000000000000000100000000000000010000000000000001000000000000000100000000000000010000000000000001000000000000000100000000000000010000000000000001000000000000000100000000000000010000000000000001000000000000000100000000000000010000000000000001000000000000000100000000000000 b"
18
#582510
0>
#583000
1>
b101 \"
08
#583500
b111100000000000011110000000000001111000000000000111100000000000011110000000000001111000000000000111100000000000011110000000000001111000000000000111100000000000011110000000000001111000000000000111100000000000011110000000000001111000000000000111100000000000011110000000000001111000000000000111100000000000011110000000000001111000000000000111100000000000011110000000000001111000000000001000001011100000100000101110000010000010111000001000001011100000100000101110000010000010111000001000111011001000100000101110000 b"
18
#583510
0>
#584000
1>
b110 \"
08
#584500
b111100000000000011110000000000001111000000000000111100000000000011110000000000001111000000000000111100000000000011110000000000001111000000000000111100000000000011110000000000001111000000000000111100000000000011110000000000001111000000000000111100000000000011110000000000001111000000000000111100000000000011110000000000001111000000000000111100000000000011110000000000001111000000000000111000000000000011100000000000001110000000000000111000000000000011100000000000001110000000000000111100000000000011100000000000 b"
18
#584510
0>
#585000
1>
b10 \"
08
#585500
b1000101000000000100010100000000010001010000000001000101000000000100010100000000010001010000000001000101000000000100010100000000010001010000000001000101000000000100010100000000010001010000000001000101000000000100010100000000010001010000000001000101000000000100010100000000010001010000000001000101000000000100010100000000010001010000000001000101000000000100010100000000010001010000000001000101000000000100010100000000010001010000000001000101000000000100010100000000010001010000000001000111000000000100010100000000 b"
18
#585510
0>
#586000
1>
08
#586500
18
#586510
0>
#587000
1>
b100 \"
08
#587500
b1000000000000000100000000000000010000000000000001000000000000000100000000000000010000000000000001000000000000000100000000000000010000000000000001000000000000000100000000000000010000000000000001000000000000000100000000000000010000000000000001000000000000000100000000000000010000000000000001000000000000000100000000000000010000000000000001000000000000000100000000000000010000000000000001000000000000000100000000000000010000000000000001000000000000000100000000000000010000000000000001000000000000000100000000000000 b"
18
#587510
0>
#588000
1>
b101 \"
08
#588500
b111100000000000011110000000000001111000000000000111100000000000011110000000000001111000000000000111100000000000011110000000000001111000000000000111100000000000011110000000000001111000000000000111100000000000011110000000000001111000000000000111100000000000011110000000000001111000000000000111100000000000011110000000000001111000000000000111100000000000011110000000000001111000000000001000001011100000100000101110000010000010111000001000001011100000100000101110000010000010111000001000111011001000100000101110000 b"
18
#588510
0>
#589000
1>
b110 \"
08
#589500
b111100000000000011110000000000001111000000000000111100000000000011110000000000001111000000000000111100000000000011110000000000001111000000000000111100000000000011110000000000001111000000000000111100000000000011110000000000001111000000000000111100000000000011110000000000001111000000000000111100000000000011110000000000001111000000000000111100000000000011110000000000001111000000000000111000000000000011100000000000001110000000000000111000000000000011100000000000001110000000000000111100000000000011100000000000 b"
18
#589510
0>
#590000
1>
b10 \"
08
#590500
b1000101000000000100010100000000010001010000000001000101000000000100010100000000010001010000000001000101000000000100010100000000010001010000000001000101000000000100010100000000010001010000000001000101000000000100010100000000010001010000000001000101000000000100010100000000010001010000000001000101000000000100010100000000010001010000000001000101000000000100010100000000010001010000000001000101000000000100010100000000010001010000000001000101000000000100010100000000010001010000000001000111000000000100010100000000 b"
18
#590510
0>
#591000
1>
08
#591500
18
#591510
0>
#592000
1>
b100 \"
08
#592500
b1000000000000000100000000000000010000000000000001000000000000000100000000000000010000000000000001000000000000000100000000000000010000000000000001000000000000000100000000000000010000000000000001000000000000000100000000000000010000000000000001000000000000000100000000000000010000000000000001000000000000000100000000000000010000000000000001000000000000000100000000000000010000000000000001000000000000000100000000000000010000000000000001000000000000000100000000000000010000000000000001000000000000000100000000000000 b"
18
#592510
0>
#593000
1>
b101 \"
08
#593500
b111100000000000011110000000000001111000000000000111100000000000011110000000000001111000000000000111100000000000011110000000000001111000000000000111100000000000011110000000000001111000000000000111100000000000011110000000000001111000000000000111100000000000011110000000000001111000000000000111100000000000011110000000000001111000000000000111100000000000011110000000000001111000000000001000001011100000100000101110000010000010111000001000001011100000100000101110000010000010111000001000111011001000100000101110000 b"
18
#593510
0>
#594000
1>
b110 \"
08
#594500
b111100000000000011110000000000001111000000000000111100000000000011110000000000001111000000000000111100000000000011110000000000001111000000000000111100000000000011110000000000001111000000000000111100000000000011110000000000001111000000000000111100000000000011110000000000001111000000000000111100000000000011110000000000001111000000000000111100000000000011110000000000001111000000000000111000000000000011100000000000001110000000000000111000000000000011100000000000001110000000000000111100000000000011100000000000 b"
18
#594510
0>
#595000
1>
b10 \"
08
#595500
b1000101000000000100010100000000010001010000000001000101000000000100010100000000010001010000000001000101000000000100010100000000010001010000000001000101000000000100010100000000010001010000000001000101000000000100010100000000010001010000000001000101000000000100010100000000010001010000000001000101000000000100010100000000010001010000000001000101000000000100010100000000010001010000000001000101000000000100010100000000010001010000000001000101000000000100010100000000010001010000000001000111000000000100010100000000 b"
18
#595510
0>
#596000
1>
08
#596500
18
#596510
0>
#597000
1>
b100 \"
08
#597500
b1000000000000000100000000000000010000000000000001000000000000000100000000000000010000000000000001000000000000000100000000000000010000000000000001000000000000000100000000000000010000000000000001000000000000000100000000000000010000000000000001000000000000000100000000000000010000000000000001000000000000000100000000000000010000000000000001000000000000000100000000000000010000000000000001000000000000000100000000000000010000000000000001000000000000000100000000000000010000000000000001000000000000000100000000000000 b"
18
#597510
0>
#598000
1>
b101 \"
08
#598500
b111100000000000011110000000000001111000000000000111100000000000011110000000000001111000000000000111100000000000011110000000000001111000000000000111100000000000011110000000000001111000000000000111100000000000011110000000000001111000000000000111100000000000011110000000000001111000000000000111100000000000011110000000000001111000000000000111100000000000011110000000000001111000000000001000001011100000100000101110000010000010111000001000001011100000100000101110000010000010111000001000111011001000100000101110000 b"
18
#598510
0>
#599000
1>
b110 \"
08
#599500
b111100000000000011110000000000001111000000000000111100000000000011110000000000001111000000000000111100000000000011110000000000001111000000000000111100000000000011110000000000001111000000000000111100000000000011110000000000001111000000000000111100000000000011110000000000001111000000000000111100000000000011110000000000001111000000000000111100000000000011110000000000001111000000000000111000000000000011100000000000001110000000000000111000000000000011100000000000001110000000000000111100000000000011100000000000 b"
18
#599510
0>
#600000
1>
b10 \"
08
#600500
b1000101000000000100010100000000010001010000000001000101000000000100010100000000010001010000000001000101000000000100010100000000010001010000000001000101000000000100010100000000010001010000000001000101000000000100010100000000010001010000000001000101000000000100010100000000010001010000000001000101000000000100010100000000010001010000000001000101000000000100010100000000010001010000000001000101000000000100010100000000010001010000000001000101000000000100010100000000010001010000000001000111000000000100010100000000 b"
18
#600510
0>
#601000
1>
08
#601500
18
#601510
0>
#602000
1>
b100 \"
08
#602500
b1000000000000000100000000000000010000000000000001000000000000000100000000000000010000000000000001000000000000000100000000000000010000000000000001000000000000000100000000000000010000000000000001000000000000000100000000000000010000000000000001000000000000000100000000000000010000000000000001000000000000000100000000000000010000000000000001000000000000000100000000000000010000000000000001000000000000000100000000000000010000000000000001000000000000000100000000000000010000000000000001000000000000000100000000000000 b"
18
#602510
0>
#603000
1>
b101 \"
08
#603500
b111100000000000011110000000000001111000000000000111100000000000011110000000000001111000000000000111100000000000011110000000000001111000000000000111100000000000011110000000000001111000000000000111100000000000011110000000000001111000000000000111100000000000011110000000000001111000000000000111100000000000011110000000000001111000000000000111100000000000011110000000000001111000000000001000001011100000100000101110000010000010111000001000001011100000100000101110000010000010111000001000111011001000100000101110000 b"
18
#603510
0>
#604000
1>
b110 \"
08
#604500
b111100000000000011110000000000001111000000000000111100000000000011110000000000001111000000000000111100000000000011110000000000001111000000000000111100000000000011110000000000001111000000000000111100000000000011110000000000001111000000000000111100000000000011110000000000001111000000000000111100000000000011110000000000001111000000000000111100000000000011110000000000001111000000000000111000000000000011100000000000001110000000000000111000000000000011100000000000001110000000000000111100000000000011100000000000 b"
18
#604510
0>
#605000
1>
b10 \"
08
#605500
b1000101000000000100010100000000010001010000000001000101000000000100010100000000010001010000000001000101000000000100010100000000010001010000000001000101000000000100010100000000010001010000000001000101000000000100010100000000010001010000000001000101000000000100010100000000010001010000000001000101000000000100010100000000010001010000000001000101000000000100010100000000010001010000000001000101000000000100010100000000010001010000000001000101000000000100010100000000010001010000000001000111000000000100010100000000 b"
18
#605510
0>
#606000
1>
08
#606500
18
#606510
0>
#607000
1>
b100 \"
08
#607500
b1000000000000000100000000000000010000000000000001000000000000000100000000000000010000000000000001000000000000000100000000000000010000000000000001000000000000000100000000000000010000000000000001000000000000000100000000000000010000000000000001000000000000000100000000000000010000000000000001000000000000000100000000000000010000000000000001000000000000000100000000000000010000000000000001000000000000000100000000000000010000000000000001000000000000000100000000000000010000000000000001000000000000000100000000000000 b"
18
#607510
0>
#608000
1>
b101 \"
08
#608500
b111100000000000011110000000000001111000000000000111100000000000011110000000000001111000000000000111100000000000011110000000000001111000000000000111100000000000011110000000000001111000000000000111100000000000011110000000000001111000000000000111100000000000011110000000000001111000000000000111100000000000011110000000000001111000000000000111100000000000011110000000000001111000000000001000001011100000100000101110000010000010111000001000001011100000100000101110000010000010111000001000111011001000100000101110000 b"
18
#608510
0>
#609000
1>
b110 \"
08
#609500
b111100000000000011110000000000001111000000000000111100000000000011110000000000001111000000000000111100000000000011110000000000001111000000000000111100000000000011110000000000001111000000000000111100000000000011110000000000001111000000000000111100000000000011110000000000001111000000000000111100000000000011110000000000001111000000000000111100000000000011110000000000001111000000000000111000000000000011100000000000001110000000000000111000000000000011100000000000001110000000000000111100000000000011100000000000 b"
18
#609510
0>
#610000
1>
b10 \"
08
#610500
b1000101000000000100010100000000010001010000000001000101000000000100010100000000010001010000000001000101000000000100010100000000010001010000000001000101000000000100010100000000010001010000000001000101000000000100010100000000010001010000000001000101000000000100010100000000010001010000000001000101000000000100010100000000010001010000000001000101000000000100010100000000010001010000000001000101000000000100010100000000010001010000000001000101000000000100010100000000010001010000000001000111000000000100010100000000 b"
18
#610510
0>
#611000
1>
08
#611500
18
#611510
0>
#612000
1>
b100 \"
08
#612500
b1000000000000000100000000000000010000000000000001000000000000000100000000000000010000000000000001000000000000000100000000000000010000000000000001000000000000000100000000000000010000000000000001000000000000000100000000000000010000000000000001000000000000000100000000000000010000000000000001000000000000000100000000000000010000000000000001000000000000000100000000000000010000000000000001000000000000000100000000000000010000000000000001000000000000000100000000000000010000000000000001000000000000000100000000000000 b"
18
#612510
0>
#613000
1>
b101 \"
08
#613500
b111100000000000011110000000000001111000000000000111100000000000011110000000000001111000000000000111100000000000011110000000000001111000000000000111100000000000011110000000000001111000000000000111100000000000011110000000000001111000000000000111100000000000011110000000000001111000000000000111100000000000011110000000000001111000000000000111100000000000011110000000000001111000000000001000001011100000100000101110000010000010111000001000001011100000100000101110000010000010111000001000111011001000100000101110000 b"
18
#613510
0>
#614000
1>
b110 \"
08
#614500
b111100000000000011110000000000001111000000000000111100000000000011110000000000001111000000000000111100000000000011110000000000001111000000000000111100000000000011110000000000001111000000000000111100000000000011110000000000001111000000000000111100000000000011110000000000001111000000000000111100000000000011110000000000001111000000000000111100000000000011110000000000001111000000000000111000000000000011100000000000001110000000000000111000000000000011100000000000001110000000000000111100000000000011100000000000 b"
18
#614510
0>
#615000
1>
b10 \"
08
#615500
b1000101000000000100010100000000010001010000000001000101000000000100010100000000010001010000000001000101000000000100010100000000010001010000000001000101000000000100010100000000010001010000000001000101000000000100010100000000010001010000000001000101000000000100010100000000010001010000000001000101000000000100010100000000010001010000000001000101000000000100010100000000010001010000000001000101000000000100010100000000010001010000000001000101000000000100010100000000010001010000000001000111000000000100010100000000 b"
18
#615510
0>
#616000
1>
08
#616500
18
#616510
0>
#617000
1>
b100 \"
08
#617500
b1000000000000000100000000000000010000000000000001000000000000000100000000000000010000000000000001000000000000000100000000000000010000000000000001000000000000000100000000000000010000000000000001000000000000000100000000000000010000000000000001000000000000000100000000000000010000000000000001000000000000000100000000000000010000000000000001000000000000000100000000000000010000000000000001000000000000000100000000000000010000000000000001000000000000000100000000000000010000000000000001000000000000000100000000000000 b"
18
#617510
0>
#618000
1>
b101 \"
08
#618500
b111100000000000011110000000000001111000000000000111100000000000011110000000000001111000000000000111100000000000011110000000000001111000000000000111100000000000011110000000000001111000000000000111100000000000011110000000000001111000000000000111100000000000011110000000000001111000000000000111100000000000011110000000000001111000000000000111100000000000011110000000000001111000000000001000001011100000100000101110000010000010111000001000001011100000100000101110000010000010111000001000111011001000100000101110000 b"
18
#618510
0>
#619000
1>
b110 \"
08
#619500
b111100000000000011110000000000001111000000000000111100000000000011110000000000001111000000000000111100000000000011110000000000001111000000000000111100000000000011110000000000001111000000000000111100000000000011110000000000001111000000000000111100000000000011110000000000001111000000000000111100000000000011110000000000001111000000000000111100000000000011110000000000001111000000000000111000000000000011100000000000001110000000000000111000000000000011100000000000001110000000000000111100000000000011100000000000 b"
18
#619510
0>
#620000
1>
b10 \"
08
#620500
b1000101000000000100010100000000010001010000000001000101000000000100010100000000010001010000000001000101000000000100010100000000010001010000000001000101000000000100010100000000010001010000000001000101000000000100010100000000010001010000000001000101000000000100010100000000010001010000000001000101000000000100010100000000010001010000000001000101000000000100010100000000010001010000000001000101000000000100010100000000010001010000000001000101000000000100010100000000010001010000000001000111000000000100010100000000 b"
18
#620510
0>
#621000
1>
08
#621500
18
#621510
0>
#622000
1>
b100 \"
08
#622500
b1000000000000000100000000000000010000000000000001000000000000000100000000000000010000000000000001000000000000000100000000000000010000000000000001000000000000000100000000000000010000000000000001000000000000000100000000000000010000000000000001000000000000000100000000000000010000000000000001000000000000000100000000000000010000000000000001000000000000000100000000000000010000000000000001000000000000000100000000000000010000000000000001000000000000000100000000000000010000000000000001000000000000000100000000000000 b"
18
#622510
0>
#623000
1>
b101 \"
08
#623500
b111100000000000011110000000000001111000000000000111100000000000011110000000000001111000000000000111100000000000011110000000000001111000000000000111100000000000011110000000000001111000000000000111100000000000011110000000000001111000000000000111100000000000011110000000000001111000000000000111100000000000011110000000000001111000000000000111100000000000011110000000000001111000000000001000001011100000100000101110000010000010111000001000001011100000100000101110000010000010111000001000111011001000100000101110000 b"
18
#623510
0>
#624000
1>
b110 \"
08
#624500
b111100000000000011110000000000001111000000000000111100000000000011110000000000001111000000000000111100000000000011110000000000001111000000000000111100000000000011110000000000001111000000000000111100000000000011110000000000001111000000000000111100000000000011110000000000001111000000000000111100000000000011110000000000001111000000000000111100000000000011110000000000001111000000000000111000000000000011100000000000001110000000000000111000000000000011100000000000001110000000000000111100000000000011100000000000 b"
18
#624510
0>
#625000
1>
b10 \"
08
#625500
b1000101000000000100010100000000010001010000000001000101000000000100010100000000010001010000000001000101000000000100010100000000010001010000000001000101000000000100010100000000010001010000000001000101000000000100010100000000010001010000000001000101000000000100010100000000010001010000000001000101000000000100010100000000010001010000000001000101000000000100010100000000010001010000000001000101000000000100010100000000010001010000000001000101000000000100010100000000010001010000000001000111000000000100010100000000 b"
18
#625510
0>
#626000
1>
08
#626500
18
#626510
0>
#627000
1>
b100 \"
08
#627500
b1000000000000000100000000000000010000000000000001000000000000000100000000000000010000000000000001000000000000000100000000000000010000000000000001000000000000000100000000000000010000000000000001000000000000000100000000000000010000000000000001000000000000000100000000000000010000000000000001000000000000000100000000000000010000000000000001000000000000000100000000000000010000000000000001000000000000000100000000000000010000000000000001000000000000000100000000000000010000000000000001000000000000000100000000000000 b"
18
#627510
0>
#628000
1>
b101 \"
08
#628500
b111100000000000011110000000000001111000000000000111100000000000011110000000000001111000000000000111100000000000011110000000000001111000000000000111100000000000011110000000000001111000000000000111100000000000011110000000000001111000000000000111100000000000011110000000000001111000000000000111100000000000011110000000000001111000000000000111100000000000011110000000000001111000000000001000001011100000100000101110000010000010111000001000001011100000100000101110000010000010111000001000111011001000100000101110000 b"
18
#628510
0>
#629000
1>
b110 \"
08
#629500
b111100000000000011110000000000001111000000000000111100000000000011110000000000001111000000000000111100000000000011110000000000001111000000000000111100000000000011110000000000001111000000000000111100000000000011110000000000001111000000000000111100000000000011110000000000001111000000000000111100000000000011110000000000001111000000000000111100000000000011110000000000001111000000000000111000000000000011100000000000001110000000000000111000000000000011100000000000001110000000000000111100000000000011100000000000 b"
18
#629510
0>
#630000
1>
b10 \"
08
#630500
b1000101000000000100010100000000010001010000000001000101000000000100010100000000010001010000000001000101000000000100010100000000010001010000000001000101000000000100010100000000010001010000000001000101000000000100010100000000010001010000000001000101000000000100010100000000010001010000000001000101000000000100010100000000010001010000000001000101000000000100010100000000010001010000000001000101000000000100010100000000010001010000000001000101000000000100010100000000010001010000000001000111000000000100010100000000 b"
18
#630510
0>
#631000
1>
08
#631500
18
#631510
0>
#632000
1>
b100 \"
08
#632500
b1000000000000000100000000000000010000000000000001000000000000000100000000000000010000000000000001000000000000000100000000000000010000000000000001000000000000000100000000000000010000000000000001000000000000000100000000000000010000000000000001000000000000000100000000000000010000000000000001000000000000000100000000000000010000000000000001000000000000000100000000000000010000000000000001000000000000000100000000000000010000000000000001000000000000000100000000000000010000000000000001000000000000000100000000000000 b"
18
#632510
0>
#633000
1>
b101 \"
08
#633500
b111100000000000011110000000000001111000000000000111100000000000011110000000000001111000000000000111100000000000011110000000000001111000000000000111100000000000011110000000000001111000000000000111100000000000011110000000000001111000000000000111100000000000011110000000000001111000000000000111100000000000011110000000000001111000000000000111100000000000011110000000000001111000000000001000001011100000100000101110000010000010111000001000001011100000100000101110000010000010111000001000111011001000100000101110000 b"
18
#633510
0>
#634000
1>
b110 \"
08
#634500
b111100000000000011110000000000001111000000000000111100000000000011110000000000001111000000000000111100000000000011110000000000001111000000000000111100000000000011110000000000001111000000000000111100000000000011110000000000001111000000000000111100000000000011110000000000001111000000000000111100000000000011110000000000001111000000000000111100000000000011110000000000001111000000000000111000000000000011100000000000001110000000000000111000000000000011100000000000001110000000000000111100000000000011100000000000 b"
18
#634510
0>
#635000
1>
b10 \"
08
#635500
b1000101000000000100010100000000010001010000000001000101000000000100010100000000010001010000000001000101000000000100010100000000010001010000000001000101000000000100010100000000010001010000000001000101000000000100010100000000010001010000000001000101000000000100010100000000010001010000000001000101000000000100010100000000010001010000000001000101000000000100010100000000010001010000000001000101000000000100010100000000010001010000000001000101000000000100010100000000010001010000000001000111000000000100010100000000 b"
18
#635510
0>
#636000
1>
08
#636500
18
#636510
0>
#637000
1>
b100 \"
08
#637500
b1000000000000000100000000000000010000000000000001000000000000000100000000000000010000000000000001000000000000000100000000000000010000000000000001000000000000000100000000000000010000000000000001000000000000000100000000000000010000000000000001000000000000000100000000000000010000000000000001000000000000000100000000000000010000000000000001000000000000000100000000000000010000000000000001000000000000000100000000000000010000000000000001000000000000000100000000000000010000000000000001000000000000000100000000000000 b"
18
#637510
0>
#638000
1>
b101 \"
08
#638500
b111100000000000011110000000000001111000000000000111100000000000011110000000000001111000000000000111100000000000011110000000000001111000000000000111100000000000011110000000000001111000000000000111100000000000011110000000000001111000000000000111100000000000011110000000000001111000000000000111100000000000011110000000000001111000000000000111100000000000011110000000000001111000000000001000001011100000100000101110000010000010111000001000001011100000100000101110000010000010111000001000111011001000100000101110000 b"
18
#638510
0>
#639000
1>
b110 \"
08
#639500
b111100000000000011110000000000001111000000000000111100000000000011110000000000001111000000000000111100000000000011110000000000001111000000000000111100000000000011110000000000001111000000000000111100000000000011110000000000001111000000000000111100000000000011110000000000001111000000000000111100000000000011110000000000001111000000000000111100000000000011110000000000001111000000000000111000000000000011100000000000001110000000000000111000000000000011100000000000001110000000000000111100000000000011100000000000 b"
18
#639510
0>
#640000
1>
b10 \"
08
#640500
b1000101000000000100010100000000010001010000000001000101000000000100010100000000010001010000000001000101000000000100010100000000010001010000000001000101000000000100010100000000010001010000000001000101000000000100010100000000010001010000000001000101000000000100010100000000010001010000000001000101000000000100010100000000010001010000000001000101000000000100010100000000010001010000000001000101000000000100010100000000010001010000000001000101000000000100010100000000010001010000000001000111000000000100010100000000 b"
18
#640510
0>
#641000
1>
08
#641500
18
#641510
0>
#642000
1>
b100 \"
08
#642500
b1000000000000000100000000000000010000000000000001000000000000000100000000000000010000000000000001000000000000000100000000000000010000000000000001000000000000000100000000000000010000000000000001000000000000000100000000000000010000000000000001000000000000000100000000000000010000000000000001000000000000000100000000000000010000000000000001000000000000000100000000000000010000000000000001000000000000000100000000000000010000000000000001000000000000000100000000000000010000000000000001000000000000000100000000000000 b"
18
#642510
0>
#643000
1>
b101 \"
08
#643500
b111100000000000011110000000000001111000000000000111100000000000011110000000000001111000000000000111100000000000011110000000000001111000000000000111100000000000011110000000000001111000000000000111100000000000011110000000000001111000000000000111100000000000011110000000000001111000000000000111100000000000011110000000000001111000000000000111100000000000011110000000000001111000000000001000001011100000100000101110000010000010111000001000001011100000100000101110000010000010111000001000111011001000100000101110000 b"
18
#643510
0>
#644000
1>
b110 \"
08
#644500
b111100000000000011110000000000001111000000000000111100000000000011110000000000001111000000000000111100000000000011110000000000001111000000000000111100000000000011110000000000001111000000000000111100000000000011110000000000001111000000000000111100000000000011110000000000001111000000000000111100000000000011110000000000001111000000000000111100000000000011110000000000001111000000000000111000000000000011100000000000001110000000000000111000000000000011100000000000001110000000000000111100000000000011100000000000 b"
18
#644510
0>
#645000
1>
b10 \"
08
#645500
b1000101000000000100010100000000010001010000000001000101000000000100010100000000010001010000000001000101000000000100010100000000010001010000000001000101000000000100010100000000010001010000000001000101000000000100010100000000010001010000000001000101000000000100010100000000010001010000000001000101000000000100010100000000010001010000000001000101000000000100010100000000010001010000000001000101000000000100010100000000010001010000000001000101000000000100010100000000010001010000000001000111000000000100010100000000 b"
18
#645510
0>
#646000
1>
08
#646500
18
#646510
0>
#647000
1>
b100 \"
08
#647500
b1000000000000000100000000000000010000000000000001000000000000000100000000000000010000000000000001000000000000000100000000000000010000000000000001000000000000000100000000000000010000000000000001000000000000000100000000000000010000000000000001000000000000000100000000000000010000000000000001000000000000000100000000000000010000000000000001000000000000000100000000000000010000000000000001000000000000000100000000000000010000000000000001000000000000000100000000000000010000000000000001000000000000000100000000000000 b"
18
#647510
0>
#648000
1>
b101 \"
08
#648500
b111100000000000011110000000000001111000000000000111100000000000011110000000000001111000000000000111100000000000011110000000000001111000000000000111100000000000011110000000000001111000000000000111100000000000011110000000000001111000000000000111100000000000011110000000000001111000000000000111100000000000011110000000000001111000000000000111100000000000011110000000000001111000000000001000001011100000100000101110000010000010111000001000001011100000100000101110000010000010111000001000111011001000100000101110000 b"
18
#648510
0>
#649000
1>
b110 \"
08
#649500
b111100000000000011110000000000001111000000000000111100000000000011110000000000001111000000000000111100000000000011110000000000001111000000000000111100000000000011110000000000001111000000000000111100000000000011110000000000001111000000000000111100000000000011110000000000001111000000000000111100000000000011110000000000001111000000000000111100000000000011110000000000001111000000000000111000000000000011100000000000001110000000000000111000000000000011100000000000001110000000000000111100000000000011100000000000 b"
18
#649510
0>
#650000
1>
b10 \"
08
#650500
b1000101000000000100010100000000010001010000000001000101000000000100010100000000010001010000000001000101000000000100010100000000010001010000000001000101000000000100010100000000010001010000000001000101000000000100010100000000010001010000000001000101000000000100010100000000010001010000000001000101000000000100010100000000010001010000000001000101000000000100010100000000010001010000000001000101000000000100010100000000010001010000000001000101000000000100010100000000010001010000000001000111000000000100010100000000 b"
18
#650510
0>
#651000
1>
08
#651500
18
#651510
0>
#652000
1>
b100 \"
08
#652500
b1000000000000000100000000000000010000000000000001000000000000000100000000000000010000000000000001000000000000000100000000000000010000000000000001000000000000000100000000000000010000000000000001000000000000000100000000000000010000000000000001000000000000000100000000000000010000000000000001000000000000000100000000000000010000000000000001000000000000000100000000000000010000000000000001000000000000000100000000000000010000000000000001000000000000000100000000000000010000000000000001000000000000000100000000000000 b"
18
#652510
0>
#653000
1>
b101 \"
08
#653500
b111100000000000011110000000000001111000000000000111100000000000011110000000000001111000000000000111100000000000011110000000000001111000000000000111100000000000011110000000000001111000000000000111100000000000011110000000000001111000000000000111100000000000011110000000000001111000000000000111100000000000011110000000000001111000000000000111100000000000011110000000000001111000000000001000001011100000100000101110000010000010111000001000001011100000100000101110000010000010111000001000111011001000100000101110000 b"
18
#653510
0>
#654000
1>
b110 \"
08
#654500
b111100000000000011110000000000001111000000000000111100000000000011110000000000001111000000000000111100000000000011110000000000001111000000000000111100000000000011110000000000001111000000000000111100000000000011110000000000001111000000000000111100000000000011110000000000001111000000000000111100000000000011110000000000001111000000000000111100000000000011110000000000001111000000000000111000000000000011100000000000001110000000000000111000000000000011100000000000001110000000000000111100000000000011100000000000 b"
18
#654510
0>
#655000
1>
b10 \"
08
#655500
b1000101000000000100010100000000010001010000000001000101000000000100010100000000010001010000000001000101000000000100010100000000010001010000000001000101000000000100010100000000010001010000000001000101000000000100010100000000010001010000000001000101000000000100010100000000010001010000000001000101000000000100010100000000010001010000000001000101000000000100010100000000010001010000000001000101000000000100010100000000010001010000000001000101000000000100010100000000010001010000000001000111000000000100010100000000 b"
18
#655510
0>
#656000
1>
08
#656500
18
#656510
0>
#657000
1>
b100 \"
08
#657500
b1000000000000000100000000000000010000000000000001000000000000000100000000000000010000000000000001000000000000000100000000000000010000000000000001000000000000000100000000000000010000000000000001000000000000000100000000000000010000000000000001000000000000000100000000000000010000000000000001000000000000000100000000000000010000000000000001000000000000000100000000000000010000000000000001000000000000000100000000000000010000000000000001000000000000000100000000000000010000000000000001000000000000000100000000000000 b"
18
#657510
0>
#658000
1>
b101 \"
08
#658500
b111100000000000011110000000000001111000000000000111100000000000011110000000000001111000000000000111100000000000011110000000000001111000000000000111100000000000011110000000000001111000000000000111100000000000011110000000000001111000000000000111100000000000011110000000000001111000000000000111100000000000011110000000000001111000000000000111100000000000011110000000000001111000000000001000001011100000100000101110000010000010111000001000001011100000100000101110000010000010111000001000111011001000100000101110000 b"
18
#658510
0>
#659000
1>
b110 \"
08
#659500
b111100000000000011110000000000001111000000000000111100000000000011110000000000001111000000000000111100000000000011110000000000001111000000000000111100000000000011110000000000001111000000000000111100000000000011110000000000001111000000000000111100000000000011110000000000001111000000000000111100000000000011110000000000001111000000000000111100000000000011110000000000001111000000000000111000000000000011100000000000001110000000000000111000000000000011100000000000001110000000000000111100000000000011100000000000 b"
18
#659510
0>
#660000
1>
b10 \"
08
#660500
b1000101000000000100010100000000010001010000000001000101000000000100010100000000010001010000000001000101000000000100010100000000010001010000000001000101000000000100010100000000010001010000000001000101000000000100010100000000010001010000000001000101000000000100010100000000010001010000000001000101000000000100010100000000010001010000000001000101000000000100010100000000010001010000000001000101000000000100010100000000010001010000000001000101000000000100010100000000010001010000000001000111000000000100010100000000 b"
18
#660510
0>
#661000
08
#661500
01
18
#662000
08
#662500
18
#663000
08
#663500
18
