self exe links to: /workspace/MLX_dev/build/fig24-qkv-orin-folding/mlx_fig24_schedule_witness
self exe links to: /workspace/MLX_dev/build/fig24-qkv-orin-folding/mlx_fig24_schedule_witness
11.0


        *** GPGPU-Sim Simulator Version 4.2.0  [build gpgpu-sim_git-commit-68e1cd3_modified_1.0] ***


GPGPU-Sim PTX: simulation mode 0 (can change with PTX_SIM_MODE_FUNC environment variable:
               1=functional simulation only, 0=detailed performance simulator)
GPGPU-Sim PTX: overriding embedded ptx with ptx file (PTX_SIM_USE_PTX_FILE is set)
GPGPU-Sim: Configuration options:

-save_embedded_ptx                      0 # saves ptx files embedded in binary as <n>.ptx
-keep                                   0 # keep intermediate files created by GPGPU-Sim when interfacing with external programs
-gpgpu_ptx_save_converted_ptxplus                    0 # Saved converted ptxplus to a file
-gpgpu_occupancy_sm_number                   86 # The SM number to pass to ptxas when getting register usage for computing GPU occupancy. This parameter is required in the config.
-ptx_opcode_latency_int           4,4,4,4,21 # Opcode latencies for integers <ADD,MAX,MUL,MAD,DIV,SHFL>Default 1,1,19,25,145,32
-ptx_opcode_latency_fp           4,4,4,4,39 # Opcode latencies for single precision floating points <ADD,MAX,MUL,MAD,DIV>Default 1,1,1,1,30
-ptx_opcode_latency_dp      64,64,64,64,330 # Opcode latencies for double precision floating points <ADD,MAX,MUL,MAD,DIV>Default 8,8,8,8,335
-ptx_opcode_latency_sfu                   21 # Opcode latencies for SFU instructionsDefault 8
-ptx_opcode_latency_tesnor                   64 # Opcode latencies for Tensor instructionsDefault 64
-ptx_opcode_initiation_int            2,2,2,2,2 # Opcode initiation intervals for integers <ADD,MAX,MUL,MAD,DIV,SHFL>Default 1,1,4,4,32,4
-ptx_opcode_initiation_fp            1,1,1,1,2 # Opcode initiation intervals for single precision floating points <ADD,MAX,MUL,MAD,DIV>Default 1,1,1,1,5
-ptx_opcode_initiation_dp      64,64,64,64,130 # Opcode initiation intervals for double precision floating points <ADD,MAX,MUL,MAD,DIV>Default 8,8,8,8,130
-ptx_opcode_initiation_sfu                    8 # Opcode initiation intervals for sfu instructionsDefault 8
-ptx_opcode_initiation_tensor                   64 # Opcode initiation intervals for tensor instructionsDefault 64
-cdp_latency         7200,8000,100,12000,1600 # CDP API latency <cudaStreamCreateWithFlags, cudaGetParameterBufferV2_init_perWarp, cudaGetParameterBufferV2_perKernel, cudaLaunchDeviceV2_init_perWarp, cudaLaunchDevicV2_perKernel>Default 7200,8000,100,12000,1600
-network_mode                           2 # Interconnection network mode
-inter_config_file                   mesh # Interconnection network config file
-icnt_in_buffer_limit                  512 # in_buffer_limit
-icnt_out_buffer_limit                  512 # out_buffer_limit
-icnt_subnets                           2 # subnets
-icnt_arbiter_algo                      1 # arbiter_algo
-icnt_verbose                           0 # inct_verbose
-icnt_grant_cycles                      1 # grant_cycles
-gpgpu_ptx_use_cuobjdump                    1 # Use cuobjdump to extract ptx and sass from binaries
-gpgpu_experimental_lib_support                    0 # Try to extract code from cuda libraries [Broken because of unknown cudaGetExportTable]
-checkpoint_option                      0 #  checkpointing flag (0 = no checkpoint)
-checkpoint_kernel                      1 #  checkpointing during execution of which kernel (1- 1st kernel)
-checkpoint_CTA                         0 #  checkpointing after # of CTA (< less than total CTA)
-resume_option                          0 #  resume flag (0 = no resume)
-resume_kernel                          0 #  Resume from which kernel (1= 1st kernel)
-resume_CTA                             0 #  resume from which CTA 
-checkpoint_CTA_t                       0 #  resume from which CTA 
-checkpoint_insn_Y                      0 #  resume from which CTA 
-gpgpu_ptx_convert_to_ptxplus                    0 # Convert SASS (native ISA) to ptxplus and run ptxplus
-gpgpu_ptx_force_max_capability                   86 # Force maximum compute capability
-gpgpu_ptx_inst_debug_to_file                    0 # Dump executed instructions' debug information to file
-gpgpu_ptx_inst_debug_file       inst_debug.txt # Executed instructions' debug output file
-gpgpu_ptx_inst_debug_thread_uid                    1 # Thread UID for executed instructions' debug output
-gpgpu_simd_model                       1 # 1 = post-dominator
-gpgpu_shader_core_pipeline              1536:32 # shader core pipeline config, i.e., {<nthread>:<warpsize>}
-gpgpu_tex_cache:l1  N:4:128:256,L:R:m:N:L,T:512:8,128:2 # per-shader L1 texture cache  (READ-ONLY) config  {<nsets>:<bsize>:<assoc>,<rep>:<wr>:<alloc>:<wr_alloc>,<mshr>:<N>:<merge>,<mq>:<rf>}
-gpgpu_const_cache:l1 N:128:64:8,L:R:f:N:L,S:2:64,4 # per-shader L1 constant memory cache  (READ-ONLY) config  {<nsets>:<bsize>:<assoc>,<rep>:<wr>:<alloc>:<wr_alloc>,<mshr>:<N>:<merge>,<mq>} 
-gpgpu_cache:il1     N:64:128:16,L:R:f:N:L,S:2:48,4 # shader L1 instruction cache config  {<nsets>:<bsize>:<assoc>,<rep>:<wr>:<alloc>:<wr_alloc>,<mshr>:<N>:<merge>,<mq>} 
-gpgpu_cache:dl1     S:4:128:256,L:T:m:L:L,A:384:48,16:0,32 # per-shader L1 data cache config  {<nsets>:<bsize>:<assoc>,<rep>:<wr>:<alloc>:<wr_alloc>,<mshr>:<N>:<merge>,<mq> | none}
-gpgpu_l1_cache_write_ratio                   25 # L1D write ratio
-gpgpu_l1_banks                         4 # The number of L1 cache banks
-gpgpu_l1_banks_byte_interleaving                   32 # l1 banks byte interleaving granularity
-gpgpu_l1_banks_hashing_function                    0 # l1 banks hashing function
-gpgpu_l1_latency                      39 # L1 Hit Latency
-gpgpu_smem_latency                    29 # smem Latency
-gpgpu_cache:dl1PrefL1                 none # per-shader L1 data cache config  {<nsets>:<bsize>:<assoc>,<rep>:<wr>:<alloc>:<wr_alloc>,<mshr>:<N>:<merge>,<mq> | none}
-gpgpu_cache:dl1PrefShared                 none # per-shader L1 data cache config  {<nsets>:<bsize>:<assoc>,<rep>:<wr>:<alloc>:<wr_alloc>,<mshr>:<N>:<merge>,<mq> | none}
-gpgpu_gmem_skip_L1D                    0 # global memory access skip L1D cache (implements -Xptxas -dlcm=cg, default=no skip)
-gpgpu_perfect_mem                      0 # enable perfect memory mode (no cache miss)
-n_regfile_gating_group                    4 # group of lanes that should be read/written together)
-gpgpu_clock_gated_reg_file                    0 # enable clock gated reg file for power calculations
-gpgpu_clock_gated_lanes                    0 # enable clock gated lanes for power calculations
-gpgpu_shader_registers                65536 # Number of registers per shader core. Limits number of concurrent CTAs. (default 8192)
-gpgpu_registers_per_block                65536 # Maximum number of registers per CTA. (default 8192)
-gpgpu_ignore_resources_limitation                    0 # gpgpu_ignore_resources_limitation (default 0)
-gpgpu_shader_cta                      32 # Maximum number of concurrent CTAs in shader (default 32)
-gpgpu_num_cta_barriers                   16 # Maximum number of named barriers per CTA (default 16)
-gpgpu_n_clusters                      16 # number of processing clusters
-gpgpu_n_cores_per_cluster                    1 # number of simd cores per cluster
-gpgpu_n_cluster_ejection_buffer_size                   32 # number of packets in ejection buffer
-gpgpu_n_ldst_response_buffer_size                    2 # number of response packets in ld/st unit ejection buffer
-gpgpu_shmem_per_block                49152 # Size of shared memory per thread block or CTA (default 48kB)
-gpgpu_shmem_size                  102400 # Size of shared memory per shader core (default 16kB)
-gpgpu_shmem_option      0,8,16,32,64,100 # Option list of shared memory sizes
-gpgpu_unified_l1d_size                  128 # Size of unified data cache(L1D + shared memory) in KB
-gpgpu_adaptive_cache_config                    1 # adaptive_cache_config
-gpgpu_shmem_sizeDefault               102400 # Size of shared memory per shader core (default 16kB)
-gpgpu_shmem_size_PrefL1                16384 # Size of shared memory per shader core (default 16kB)
-gpgpu_shmem_size_PrefShared                16384 # Size of shared memory per shader core (default 16kB)
-gpgpu_shmem_num_banks                   32 # Number of banks in the shared memory in each shader core (default 16)
-gpgpu_shmem_limited_broadcast                    0 # Limit shared memory to do one broadcast per cycle (default on)
-gpgpu_shmem_warp_parts                    1 # Number of portions a warp is divided into for shared memory bank conflict check 
-gpgpu_mem_unit_ports                    1 # The number of memory transactions allowed per core cycle
-gpgpu_shmem_warp_parts                    1 # Number of portions a warp is divided into for shared memory bank conflict check 
-gpgpu_warpdistro_shader                   -1 # Specify which shader core to collect the warp size distribution from
-gpgpu_warp_issue_shader                    0 # Specify which shader core to collect the warp issue distribution from
-gpgpu_local_mem_map                    1 # Mapping from local memory space address to simulated GPU physical address space (default = enabled)
-gpgpu_num_reg_banks                    8 # Number of register banks (default = 8)
-gpgpu_reg_bank_use_warp_id                    0 # Use warp ID in mapping registers to banks (default = off)
-gpgpu_sub_core_model                    1 # Sub Core Volta/Pascal model (default = off)
-gpgpu_enable_specialized_operand_collector                    0 # enable_specialized_operand_collector
-gpgpu_operand_collector_num_units_sp                    4 # number of collector units (default = 4)
-gpgpu_operand_collector_num_units_dp                    0 # number of collector units (default = 0)
-gpgpu_operand_collector_num_units_sfu                    4 # number of collector units (default = 4)
-gpgpu_operand_collector_num_units_int                    0 # number of collector units (default = 0)
-gpgpu_operand_collector_num_units_tensor_core                    4 # number of collector units (default = 4)
-gpgpu_operand_collector_num_units_mem                    2 # number of collector units (default = 2)
-gpgpu_operand_collector_num_units_gen                    8 # number of collector units (default = 0)
-gpgpu_operand_collector_num_in_ports_sp                    1 # number of collector unit in ports (default = 1)
-gpgpu_operand_collector_num_in_ports_dp                    0 # number of collector unit in ports (default = 0)
-gpgpu_operand_collector_num_in_ports_sfu                    1 # number of collector unit in ports (default = 1)
-gpgpu_operand_collector_num_in_ports_int                    0 # number of collector unit in ports (default = 0)
-gpgpu_operand_collector_num_in_ports_tensor_core                    1 # number of collector unit in ports (default = 1)
-gpgpu_operand_collector_num_in_ports_mem                    1 # number of collector unit in ports (default = 1)
-gpgpu_operand_collector_num_in_ports_gen                    8 # number of collector unit in ports (default = 0)
-gpgpu_operand_collector_num_out_ports_sp                    1 # number of collector unit in ports (default = 1)
-gpgpu_operand_collector_num_out_ports_dp                    0 # number of collector unit in ports (default = 0)
-gpgpu_operand_collector_num_out_ports_sfu                    1 # number of collector unit in ports (default = 1)
-gpgpu_operand_collector_num_out_ports_int                    0 # number of collector unit in ports (default = 0)
-gpgpu_operand_collector_num_out_ports_tensor_core                    1 # number of collector unit in ports (default = 1)
-gpgpu_operand_collector_num_out_ports_mem                    1 # number of collector unit in ports (default = 1)
-gpgpu_operand_collector_num_out_ports_gen                    8 # number of collector unit in ports (default = 0)
-gpgpu_coalesce_arch                   86 # Coalescing arch (GT200 = 13, Fermi = 20)
-gpgpu_num_sched_per_core                    4 # Number of warp schedulers per core
-gpgpu_max_insn_issue_per_warp                    1 # Max number of instructions that can be issued per warp in one cycle by scheduler (either 1 or 2)
-gpgpu_dual_issue_diff_exec_units                    1 # should dual issue use two different execution unit resources (Default = 1)
-gpgpu_simt_core_sim_order                    1 # Select the simulation order of cores in a cluster (0=Fix, 1=Round-Robin)
-gpgpu_pipeline_widths 4,4,4,4,4,4,4,4,4,4,8,4,4 # Pipeline widths ID_OC_SP,ID_OC_DP,ID_OC_INT,ID_OC_SFU,ID_OC_MEM,OC_EX_SP,OC_EX_DP,OC_EX_INT,OC_EX_SFU,OC_EX_MEM,EX_WB,ID_OC_TENSOR_CORE,OC_EX_TENSOR_CORE
-gpgpu_tensor_core_avail                    1 # Tensor Core Available (default=0)
-gpgpu_num_sp_units                     4 # Number of SP units (default=1)
-gpgpu_num_dp_units                     4 # Number of DP units (default=0)
-gpgpu_num_int_units                    4 # Number of INT units (default=0)
-gpgpu_num_sfu_units                    4 # Number of SF units (default=1)
-gpgpu_num_tensor_core_units                    4 # Number of tensor_core units (default=1)
-gpgpu_num_mem_units                    1 # Number if ldst units (default=1) WARNING: not hooked up to anything
-gpgpu_scheduler                      lrr # Scheduler configuration: < lrr | gto | two_level_active > If two_level_active:<num_active_warps>:<inner_prioritization>:<outer_prioritization>For complete list of prioritization values see shader.h enum scheduler_prioritization_typeDefault: gto
-gpgpu_concurrent_kernel_sm                    0 # Support concurrent kernels on a SM (default = disabled)
-gpgpu_perfect_inst_const_cache                    1 # perfect inst and const cache mode, so all inst and const hits in the cache(default = disabled)
-gpgpu_inst_fetch_throughput                    4 # the number of fetched intruction per warp each cycle
-gpgpu_reg_file_port_throughput                    2 # the number ports of the register file
-specialized_unit_1         0,4,4,4,4,BRA # specialized unit config {<enabled>,<num_units>:<latency>:<initiation>,<ID_OC_SPEC>:<OC_EX_SPEC>,<NAME>}
-specialized_unit_2         0,4,4,4,4,BRA # specialized unit config {<enabled>,<num_units>:<latency>:<initiation>,<ID_OC_SPEC>:<OC_EX_SPEC>,<NAME>}
-specialized_unit_3         0,4,4,4,4,BRA # specialized unit config {<enabled>,<num_units>:<latency>:<initiation>,<ID_OC_SPEC>:<OC_EX_SPEC>,<NAME>}
-specialized_unit_4         0,4,4,4,4,BRA # specialized unit config {<enabled>,<num_units>:<latency>:<initiation>,<ID_OC_SPEC>:<OC_EX_SPEC>,<NAME>}
-specialized_unit_5         0,4,4,4,4,BRA # specialized unit config {<enabled>,<num_units>:<latency>:<initiation>,<ID_OC_SPEC>:<OC_EX_SPEC>,<NAME>}
-specialized_unit_6         0,4,4,4,4,BRA # specialized unit config {<enabled>,<num_units>:<latency>:<initiation>,<ID_OC_SPEC>:<OC_EX_SPEC>,<NAME>}
-specialized_unit_7         0,4,4,4,4,BRA # specialized unit config {<enabled>,<num_units>:<latency>:<initiation>,<ID_OC_SPEC>:<OC_EX_SPEC>,<NAME>}
-specialized_unit_8         0,4,4,4,4,BRA # specialized unit config {<enabled>,<num_units>:<latency>:<initiation>,<ID_OC_SPEC>:<OC_EX_SPEC>,<NAME>}
-gpgpu_perf_sim_memcpy                    1 # Fill the L2 cache on memcpy
-gpgpu_simple_dram_model                    0 # simple_dram_model with fixed latency and BW
-gpgpu_dram_scheduler                    1 # 0 = fifo, 1 = FR-FCFS (defaul)
-gpgpu_dram_partition_queues          64:64:64:64 # i2$:$2d:d2$:$2i
-l2_ideal                               0 # Use a ideal L2 cache that always hit
-gpgpu_cache:dl2     S:64:128:16,L:B:m:L:P,A:192:4,32:0,32 # unified banked L2 data cache config  {<nsets>:<bsize>:<assoc>,<rep>:<wr>:<alloc>:<wr_alloc>,<mshr>:<N>:<merge>,<mq>}
-gpgpu_cache:dl2_texture_only                    0 # L2 cache used for texture only
-gpgpu_n_mem                           16 # number of memory modules (e.g. memory controllers) in gpu
-gpgpu_n_sub_partition_per_mchannel                    2 # number of memory subpartition in each memory module
-gpgpu_n_mem_per_ctrlr                    1 # number of memory chips per memory controller
-gpgpu_memlatency_stat                   14 # track and display latency statistics 0x2 enables MC, 0x4 enables queue logs
-gpgpu_frfcfs_dram_sched_queue_size                   64 # 0 = unlimited (default); # entries per chip
-gpgpu_dram_return_queue_size                  192 # 0 = unlimited (default); # entries per chip
-gpgpu_dram_buswidth                    2 # default = 4 bytes (8 bytes per cycle at DDR)
-gpgpu_dram_burst_length                   16 # Burst length of each DRAM request (default = 4 data bus cycle)
-dram_data_command_freq_ratio                    4 # Frequency ratio between DRAM data bus and command bus (default = 2 times, i.e. DDR)
-gpgpu_dram_timing_opt nbk=16:CCD=4:RRD=12:RCD=24:RAS=55:RP=24:RC=78:CL=24:WL=8:CDLR=10:WR=24:nbkgrp=4:CCDL=6:RTPL=4 # DRAM timing parameters = {nbk:tCCD:tRRD:tRCD:tRAS:tRP:tRC:CL:WL:tCDLR:tWR:nbkgrp:tCCDL:tRTPL}
-gpgpu_l2_rop_latency                  187 # ROP queue latency (default 85)
-dram_latency                         254 # DRAM latency (default 30)
-dram_dual_bus_interface                    0 # dual_bus_interface (default = 0) 
-dram_bnk_indexing_policy                    0 # dram_bnk_indexing_policy (0 = normal indexing, 1 = Xoring with the higher bits) (Default = 0)
-dram_bnkgrp_indexing_policy                    1 # dram_bnkgrp_indexing_policy (0 = take higher bits, 1 = take lower bits) (Default = 0)
-dram_seperate_write_queue_enable                    0 # Seperate_Write_Queue_Enable
-dram_write_queue_size             32:28:16 # Write_Queue_Size
-dram_elimnate_rw_turnaround                    0 # elimnate_rw_turnaround i.e set tWTR and tRTW = 0
-icnt_flit_size                        40 # icnt_flit_size
-SST_mode                               0 # SST mode
-gpgpu_mem_addr_mapping dramid@8;00000000.00000000.00000000.00000000.0000RRRR.RRRRRRRR.RBBBCCCC.BCCSSSSS # mapping memory address to dram model {dramid@<start bit>;<memory address map>}
-gpgpu_mem_addr_test                    0 # run sweep test to check address mapping for aliased address
-gpgpu_mem_address_mask                    1 # 0 = old addressing mask, 1 = new addressing mask, 2 = new add. mask + flipped bank sel and chip sel bits
-gpgpu_memory_partition_indexing                    2 # 0 = no indexing, 1 = bitwise xoring, 2 = IPoly, 3 = custom indexing
-accelwattch_xml_file accelwattch_sass_sim.xml # AccelWattch XML file
-power_simulation_enabled                    0 # Turn on power simulator (1=On, 0=Off)
-power_per_cycle_dump                    0 # Dump detailed power output each cycle
-hw_perf_file_name            hw_perf.csv # Hardware Performance Statistics file
-hw_perf_bench_name                       # Kernel Name in Hardware Performance Statistics file
-power_simulation_mode                    0 # Switch performance counter input for power simulation (0=Sim, 1=HW, 2=HW-Sim Hybrid)
-dvfs_enabled                           0 # Turn on DVFS for power model
-aggregate_power_stats                    0 # Accumulate power across all kernels
-accelwattch_hybrid_perfsim_L1_RH                    0 # Get L1 Read Hits for Accelwattch-Hybrid from Accel-Sim
-accelwattch_hybrid_perfsim_L1_RM                    0 # Get L1 Read Misses for Accelwattch-Hybrid from Accel-Sim
-accelwattch_hybrid_perfsim_L1_WH                    0 # Get L1 Write Hits for Accelwattch-Hybrid from Accel-Sim
-accelwattch_hybrid_perfsim_L1_WM                    0 # Get L1 Write Misses for Accelwattch-Hybrid from Accel-Sim
-accelwattch_hybrid_perfsim_L2_RH                    0 # Get L2 Read Hits for Accelwattch-Hybrid from Accel-Sim
-accelwattch_hybrid_perfsim_L2_RM                    0 # Get L2 Read Misses for Accelwattch-Hybrid from Accel-Sim
-accelwattch_hybrid_perfsim_L2_WH                    0 # Get L2 Write Hits for Accelwattch-Hybrid from Accel-Sim
-accelwattch_hybrid_perfsim_L2_WM                    0 # Get L2 Write Misses for Accelwattch-Hybrid from Accel-Sim
-accelwattch_hybrid_perfsim_CC_ACC                    0 # Get Constant Cache Acesses for Accelwattch-Hybrid from Accel-Sim
-accelwattch_hybrid_perfsim_SHARED_ACC                    0 # Get Shared Memory Acesses for Accelwattch-Hybrid from Accel-Sim
-accelwattch_hybrid_perfsim_DRAM_RD                    0 # Get DRAM Reads for Accelwattch-Hybrid from Accel-Sim
-accelwattch_hybrid_perfsim_DRAM_WR                    0 # Get DRAM Writes for Accelwattch-Hybrid from Accel-Sim
-accelwattch_hybrid_perfsim_NOC                    0 # Get Interconnect Acesses for Accelwattch-Hybrid from Accel-Sim
-accelwattch_hybrid_perfsim_PIPE_DUTY                    0 # Get Pipeline Duty Cycle Acesses for Accelwattch-Hybrid from Accel-Sim
-accelwattch_hybrid_perfsim_NUM_SM_IDLE                    0 # Get Number of Idle SMs for Accelwattch-Hybrid from Accel-Sim
-accelwattch_hybrid_perfsim_CYCLES                    0 # Get Executed Cycles for Accelwattch-Hybrid from Accel-Sim
-accelwattch_hybrid_perfsim_VOLTAGE                    0 # Get Chip Voltage for Accelwattch-Hybrid from Accel-Sim
-power_trace_enabled                    0 # produce a file for the power trace (1=On, 0=Off)
-power_trace_zlevel                     6 # Compression level of the power trace output log (0=no comp, 9=highest)
-steady_power_levels_enabled                    0 # produce a file for the steady power levels (1=On, 0=Off)
-steady_state_definition                  8:4 # allowed deviation:number of samples
-gpgpu_max_cycle                        0 # terminates gpu simulation early (0 = no limit)
-gpgpu_max_insn                         0 # terminates gpu simulation early (0 = no limit)
-gpgpu_max_cta                          0 # terminates gpu simulation early (0 = no limit)
-gpgpu_max_completed_cta                    0 # terminates gpu simulation early (0 = no limit)
-gpgpu_runtime_stat                   500 # display runtime statistics such as dram utilization {<freq>:<flag>}
-liveness_message_freq                    1 # Minimum number of seconds between simulation liveness messages (0 = always print)
-gpgpu_compute_capability_major                    8 # Major compute capability version number
-gpgpu_compute_capability_minor                    6 # Minor compute capability version number
-gpgpu_flush_l1_cache                    1 # Flush L1 cache at the end of each kernel call
-gpgpu_flush_l2_cache                    0 # Flush L2 cache at the end of each kernel call
-gpgpu_deadlock_detect                    1 # Stop the simulation at deadlock (1=on (default), 0=off)
-gpgpu_ptx_instruction_classification                    0 # if enabled will classify ptx instruction types per kernel (Max 255 kernels now)
-gpgpu_ptx_sim_mode                     0 # Select between Performance (default) or Functional simulation (1)
-gpgpu_clock_domains  1300:1300:1300:1600 # Clock Domain Frequencies in MhZ {<Core Clock>:<ICNT Clock>:<L2 Clock>:<DRAM Clock>}
-gpgpu_max_concurrent_kernel                  128 # maximum kernels that can run concurrently on GPU, set this value according to max resident grids for your compute capability
-gpgpu_cflog_interval                    0 # Interval between each snapshot in control flow logger
-visualizer_enabled                     0 # Turn on visualizer output (1=On, 0=Off)
-visualizer_outputfile                 NULL # Specifies the output log file for visualizer
-visualizer_zlevel                      6 # Compression level of the visualizer output log (0=no comp, 9=highest)
-gpgpu_stack_size_limit                 1024 # GPU thread stack size
-gpgpu_heap_size_limit              8388608 # GPU malloc heap size 
-gpgpu_runtime_sync_depth_limit                    2 # GPU device runtime synchronize depth
-gpgpu_runtime_pending_launch_count_limit                 2048 # GPU device runtime pending launch count
-trace_enabled                          0 # Turn on traces
-trace_components                    none # comma seperated list of traces to enable. Complete list found in trace_streams.tup. Default none
-trace_sampling_core                    0 # The core which is printed using CORE_DPRINTF. Default 0
-trace_sampling_memory_partition                   -1 # The memory partition which is printed using MEMPART_DPRINTF. Default -1 (i.e. all)
-enable_ptx_file_line_stats                    1 # Turn on PTX source line statistic profiling. (1 = On)
-ptx_line_stats_filename gpgpu_inst_stats.txt # Output file for PTX source line statistics.
-gpgpu_kernel_launch_latency                 5000 # Kernel launch latency in cycles. Default: 0
-gpgpu_cdp_enabled                      0 # Turn on CDP
-gpgpu_TB_launch_latency                    0 # thread block launch latency in cycles. Default: 0
DRAM Timing Options:
nbk                                    16 # number of banks
CCD                                     4 # column to column delay
RRD                                 6a015c36b0a99a5bdbbc336fb990526a  /workspace/MLX_dev/build/fig24-qkv-orin-folding/mlx_fig24_schedule_witness
Extracting PTX file and ptxas options    1: mlx_fig24_schedule_witness.1.sm_86.ptx -arch=sm_86
   12 # minimal delay between activation of rows in different banks
RCD                                    24 # row to column delay
RAS                                    55 # time needed to activate row
RP                                     24 # time needed to precharge (deactivate) row
RC                                     78 # row cycle time
CDLR                                   10 # switching from write to read (changes tWTR)
WR                                     24 # last data-in to row precharge
CL                                     24 # CAS latency
WL                                      8 # Write latency
nbkgrp                                  4 # number of bank groups
CCDL                                    6 # column to column delay between accesses to different bank groups
RTPL                                    4 # read to precharge delay between accesses to different bank groups
Total number of memory sub partition = 32
addr_dec_mask[CHIP]  = 0000000000000f00 	high:12 low:8
addr_dec_mask[BK]    = 0000000000070080 	high:19 low:7
addr_dec_mask[ROW]   = 00000000fff80000 	high:32 low:19
addr_dec_mask[COL]   = 000000000000f07f 	high:16 low:0
addr_dec_mask[BURST] = 000000000000001f 	high:5 low:0
sub_partition_id_mask = 0000000000000080
GPGPU-Sim uArch: clock freqs: 1300000000.000000:1300000000.000000:1300000000.000000:1600000000.000000
GPGPU-Sim uArch: clock periods: 0.00000000076923076923:0.00000000076923076923:0.00000000076923076923:0.00000000062500000000
*** Initializing Memory Statistics ***
GPGPU-Sim uArch: performance model initialization complete.
GPGPU-Sim PTX: __cudaRegisterFatBinary, fat_cubin_handle = 1, filename=default
self exe links to: /workspace/MLX_dev/build/fig24-qkv-orin-folding/mlx_fig24_schedule_witness
Running md5sum using "md5sum /workspace/MLX_dev/build/fig24-qkv-orin-folding/mlx_fig24_schedule_witness "
self exe links to: /workspace/MLX_dev/build/fig24-qkv-orin-folding/mlx_fig24_schedule_witness
Extracting specific PTX file named mlx_fig24_schedule_witness.1.sm_86.ptx 
GPGPU-Sim PTX: __cudaRegisterFunction _Z10bsmm_stagePKfPfii : hostFun 0x0x5b08efc02030, fat_cubin_handle = 1
GPGPU-Sim PTX: Parsing mlx_fig24_schedule_witness.1.sm_86.ptx
GPGPU-Sim PTX: instruction assembly for function '_Z10bsmm_stagePKfPfii'...   done.
GPGPU-Sim PTX: finished parsing EMBEDDED .ptx file mlx_fig24_schedule_witness.1.sm_86.ptx
GPGPU-Sim PTX: loading globals with explicit initializers... 
GPGPU-Sim PTX: finished loading globals (0 bytes total).
GPGPU-Sim PTX: loading constants with explicit initializers...  done.
GPGPU-Sim PTX: Loading PTXInfo from mlx_fig24_schedule_witness.1.sm_86.ptx
GPGPU-Sim PTX: Kernel '_Z10bsmm_stagePKfPfii' : regs=14, lmem=0, smem=0, cmem=376
self exe links to: /workspace/MLX_dev/build/fig24-qkv-orin-folding/mlx_fig24_schedule_witness
self exe links to: /workspace/MLX_dev/build/fig24-qkv-orin-folding/mlx_fig24_schedule_witness
11.0
GPGPU-Sim PTX: __cudaRegisterFatBinary, fat_cubin_handle = 2, filename=default
GPGPU-Sim PTX: __cudaRegisterFunction __nv_static_44__570e7b9d_22_cuda_device_runtime_cu_8b1a5d37__Z16memcpy_3d_deviceImLi1ELi1ELi1EEvPKhPhT_S3_S3_S3_S3_S3_S3_jjjjjjjjS3_S1_S2_ : hostFun 0x0x5b08efc07ce0, fat_cubin_handle = 2
Warning: cannot find deviceFun __nv_static_44__570e7b9d_22_cuda_device_runtime_cu_8b1a5d37__Z16memcpy_3d_deviceImLi1ELi1ELi1EEvPKhPhT_S3_S3_S3_S3_S3_S3_jjjjjjjjS3_S1_S2_
GPGPU-Sim PTX: __cudaRegisterFunction __nv_static_44__570e7b9d_22_cuda_device_runtime_cu_8b1a5d37__Z16memcpy_3d_deviceImLi1ELi1ELi0EEvPKhPhT_S3_S3_S3_S3_S3_S3_jjjjjjjjS3_S1_S2_ : hostFun 0x0x5b08efc079b0, fat_cubin_handle = 2
Warning: cannot find deviceFun __nv_static_44__570e7b9d_22_cuda_device_runtime_cu_8b1a5d37__Z16memcpy_3d_deviceImLi1ELi1ELi0EEvPKhPhT_S3_S3_S3_S3_S3_S3_jjjjjjjjS3_S1_S2_
GPGPU-Sim PTX: __cudaRegisterFunction __nv_static_44__570e7b9d_22_cuda_device_runtime_cu_8b1a5d37__Z16memcpy_3d_deviceImLi1ELi0ELi1EEvPKhPhT_S3_S3_S3_S3_S3_S3_jjjjjjjjS3_S1_S2_ : hostFun 0x0x5b08efc07680, fat_cubin_handle = 2
Warning: cannot find deviceFun __nv_static_44__570e7b9d_22_cuda_device_runtime_cu_8b1a5d37__Z16memcpy_3d_deviceImLi1ELi0ELi1EEvPKhPhT_S3_S3_S3_S3_S3_S3_jjjjjjjjS3_S1_S2_
GPGPU-Sim PTX: __cudaRegisterFunction __nv_static_44__570e7b9d_22_cuda_device_runtime_cu_8b1a5d37__Z16memcpy_3d_deviceImLi1ELi0ELi0EEvPKhPhT_S3_S3_S3_S3_S3_S3_jjjjjjjjS3_S1_S2_ : hostFun 0x0x5b08efc07350, fat_cubin_handle = 2
Warning: cannot find deviceFun __nv_static_44__570e7b9d_22_cuda_device_runtime_cu_8b1a5d37__Z16memcpy_3d_deviceImLi1ELi0ELi0EEvPKhPhT_S3_S3_S3_S3_S3_S3_jjjjjjjjS3_S1_S2_
GPGPU-Sim PTX: __cudaRegisterFunction __nv_static_44__570e7b9d_22_cuda_device_runtime_cu_8b1a5d37__Z16memcpy_3d_deviceImLi0ELi1ELi1EEvPKhPhT_S3_S3_S3_S3_S3_S3_jjjjjjjjS3_S1_S2_ : hostFun 0x0x5b08efc07020, fat_cubin_handle = 2
Warning: cannot find deviceFun __nv_static_44__570e7b9d_22_cuda_device_runtime_cu_8b1a5d37__Z16memcpy_3d_deviceImLi0ELi1ELi1EEvPKhPhT_S3_S3_S3_S3_S3_S3_jjjjjjjjS3_S1_S2_
GPGPU-Sim PTX: __cudaRegisterFunction __nv_static_44__570e7b9d_22_cuda_device_runtime_cu_8b1a5d37__Z16memcpy_3d_deviceImLi0ELi1ELi0EEvPKhPhT_S3_S3_S3_S3_S3_S3_jjjjjjjjS3_S1_S2_ : hostFun 0x0x5b08efc06cf0, fat_cubin_handle = 2
Warning: cannot find deviceFun __nv_static_44__570e7b9d_22_cuda_device_runtime_cu_8b1a5d37__Z16memcpy_3d_deviceImLi0ELi1ELi0EEvPKhPhT_S3_S3_S3_S3_S3_S3_jjjjjjjjS3_S1_S2_
GPGPU-Sim PTX: __cudaRegisterFunction __nv_static_44__570e7b9d_22_cuda_device_runtime_cu_8b1a5d37__Z16memcpy_3d_deviceImLi0ELi0ELi1EEvPKhPhT_S3_S3_S3_S3_S3_S3_jjjjjjjjS3_S1_S2_ : hostFun 0x0x5b08efc069c0, fat_cubin_handle = 2
Warning: cannot find deviceFun __nv_static_44__570e7b9d_22_cuda_device_runtime_cu_8b1a5d37__Z16memcpy_3d_deviceImLi0ELi0ELi1EEvPKhPhT_S3_S3_S3_S3_S3_S3_jjjjjjjjS3_S1_S2_
GPGPU-Sim PTX: __cudaRegisterFunction __nv_static_44__570e7b9d_22_cuda_device_runtime_cu_8b1a5d37__Z16memcpy_3d_deviceImLi0ELi0ELi0EEvPKhPhT_S3_S3_S3_S3_S3_S3_jjjjjjjjS3_S1_S2_ : hostFun 0x0x5b08efc06690, fat_cubin_handle = 2
Warning: cannot find deviceFun __nv_static_44__570e7b9d_22_cuda_device_runtime_cu_8b1a5d37__Z16memcpy_3d_deviceImLi0ELi0ELi0EEvPKhPhT_S3_S3_S3_S3_S3_S3_jjjjjjjjS3_S1_S2_
GPGPU-Sim PTX: __cudaRegisterFunction __nv_static_44__570e7b9d_22_cuda_device_runtime_cu_8b1a5d37__Z16memcpy_3d_deviceIjLi1ELi1ELi1EEvPKhPhT_S3_S3_S3_S3_S3_S3_jjjjjjjjS3_S1_S2_ : hostFun 0x0x5b08efc06380, fat_cubin_handle = 2
Warning: cannot find deviceFun __nv_static_44__570e7b9d_22_cuda_device_runtime_cu_8b1a5d37__Z16memcpy_3d_deviceIjLi1ELi1ELi1EEvPKhPhT_S3_S3_S3_S3_S3_S3_jjjjjjjjS3_S1_S2_
GPGPU-Sim PTX: __cudaRegisterFunction __nv_static_44__570e7b9d_22_cuda_device_runtime_cu_8b1a5d37__Z16memcpy_3d_deviceIjLi1ELi1ELi0EEvPKhPhT_S3_S3_S3_S3_S3_S3_jjjjjjjjS3_S1_S2_ : hostFun 0x0x5b08efc06070, fat_cubin_handle = 2
Warning: cannot find deviceFun __nv_static_44__570e7b9d_22_cuda_device_runtime_cu_8b1a5d37__Z16memcpy_3d_deviceIjLi1ELi1ELi0EEvPKhPhT_S3_S3_S3_S3_S3_S3_jjjjjjjjS3_S1_S2_
GPGPU-Sim PTX: __cudaRegisterFunction __nv_static_44__570e7b9d_22_cuda_device_runtime_cu_8b1a5d37__Z16memcpy_3d_deviceIjLi1ELi0ELi1EEvPKhPhT_S3_S3_S3_S3_S3_S3_jjjjjjjjS3_S1_S2_ : hostFun 0x0x5b08efc05d60, fat_cubin_handle = 2
Warning: cannot find deviceFun __nv_static_44__570e7b9d_22_cuda_device_runtime_cu_8b1a5d37__Z16memcpy_3d_deviceIjLi1ELi0ELi1EEvPKhPhT_S3_S3_S3_S3_S3_S3_jjjjjjjjS3_S1_S2_
GPGPU-Sim PTX: __cudaRegisterFunction __nv_static_44__570e7b9d_22_cuda_device_runtime_cu_8b1a5d37__Z16memcpy_3d_deviceIjLi1ELi0ELi0EEvPKhPhT_S3_S3_S3_S3_S3_S3_jjjjjjjjS3_S1_S2_ : hostFun 0x0x5b08efc05a50, fat_cubin_handle = 2
Warning: cannot find deviceFun __nv_static_44__570e7b9d_22_cuda_device_runtime_cu_8b1a5d37__Z16memcpy_3d_deviceIjLi1ELi0ELi0EEvPKhPhT_S3_S3_S3_S3_S3_S3_jjjjjjjjS3_S1_S2_
GPGPU-Sim PTX: __cudaRegisterFunction __nv_static_44__570e7b9d_22_cuda_device_runtime_cu_8b1a5d37__Z16memcpy_3d_deviceIjLi0ELi1ELi1EEvPKhPhT_S3_S3_S3_S3_S3_S3_jjjjjjjjS3_S1_S2_ : hostFun 0x0x5b08efc05740, fat_cubin_handle = 2
Warning: cannot find deviceFun __nv_static_44__570e7b9d_22_cuda_device_runtime_cu_8b1a5d37__Z16memcpy_3d_deviceIjLi0ELi1ELi1EEvPKhPhT_S3_S3_S3_S3_S3_S3_jjjjjjjjS3_S1_S2_
GPGPU-Sim PTX: __cudaRegisterFunction __nv_static_44__570e7b9d_22_cuda_device_runtime_cu_8b1a5d37__Z16memcpy_3d_deviceIjLi0ELi1ELi0EEvPKhPhT_S3_S3_S3_S3_S3_S3_jjjjjjjjS3_S1_S2_ : hostFun 0x0x5b08efc05430, fat_cubin_handle = 2
Warning: cannot find deviceFun __nv_static_44__570e7b9d_22_cuda_device_runtime_cu_8b1a5d37__Z16memcpy_3d_deviceIjLi0ELi1ELi0EEvPKhPhT_S3_S3_S3_S3_S3_S3_jjjjjjjjS3_S1_S2_
GPGPU-Sim PTX: __cudaRegisterFunction __nv_static_44__570e7b9d_22_cuda_device_runtime_cu_8b1a5d37__Z16memcpy_3d_deviceIjLi0ELi0ELi1EEvPKhPhT_S3_S3_S3_S3_S3_S3_jjjjjjjjS3_S1_S2_ : hostFun 0x0x5b08efc05120, fat_cubin_handle = 2
Warning: cannot find deviceFun __nv_static_44__570e7b9d_22_cuda_device_runtime_cu_8b1a5d37__Z16memcpy_3d_deviceIjLi0ELi0ELi1EEvPKhPhT_S3_S3_S3_S3_S3_S3_jjjjjjjjS3_S1_S2_
GPGPU-Sim PTX: __cudaRegisterFunction __nv_static_44__570e7b9d_22_cuda_device_runtime_cu_8b1a5d37__Z16memcpy_3d_deviceIjLi0ELi0ELi0EEvPKhPhT_S3_S3_S3_S3_S3_S3_jjjjjjjjS3_S1_S2_ : hostFun 0x0x5b08efc04e10, fat_cubin_handle = 2
Warning: cannot find deviceFun __nv_static_44__570e7b9d_22_cuda_device_runtime_cu_8b1a5d37__Z16memcpy_3d_deviceIjLi0ELi0ELi0EEvPKhPhT_S3_S3_S3_S3_S3_S3_jjjjjjjjS3_S1_S2_
GPGPU-Sim PTX: __cudaRegisterFunction __nv_static_44__570e7b9d_22_cuda_device_runtime_cu_8b1a5d37__Z16memset_3d_deviceImLi1ELi1ELi1EEvPhhjT_S1_S1_S1_S1_jjjjjjjS1_S0_ : hostFun 0x0x5b08efc04bc0, fat_cubin_handle = 2
Warning: cannot find deviceFun __nv_static_44__570e7b9d_22_cuda_device_runtime_cu_8b1a5d37__Z16memset_3d_deviceImLi1ELi1ELi1EEvPhhjT_S1_S1_S1_S1_jjjjjjjS1_S0_
GPGPU-Sim PTX: __cudaRegisterFunction __nv_static_44__570e7b9d_22_cuda_device_runtime_cu_8b1a5d37__Z16memset_3d_deviceImLi1ELi1ELi0EEvPhhjT_S1_S1_S1_S1_jjjjjjjS1_S0_ : hostFun 0x0x5b08efc04970, fat_cubin_handle = 2
Warning: cannot find deviceFun __nv_static_44__570e7b9d_22_cuda_device_runtime_cu_8b1a5d37__Z16memset_3d_deviceImLi1ELi1ELi0EEvPhhjT_S1_S1_S1_S1_jjjjjjjS1_S0_
GPGPU-Sim PTX: __cudaRegisterFunction __nv_static_44__570e7b9d_22_cuda_device_runtime_cu_8b1a5d37__Z16memset_3d_deviceImLi1ELi0ELi1EEvPhhjT_S1_S1_S1_S1_jjjjjjjS1_S0_ : hostFun 0x0x5b08efc04720, fat_cubin_handle = 2
Warning: cannot find deviceFun __nv_static_44__570e7b9d_22_cuda_device_runtime_cu_8b1a5d37__Z16memset_3d_deviceImLi1ELi0ELi1EEvPhhjT_S1_S1_S1_S1_jjjjjjjS1_S0_
GPGPU-Sim PTX: __cudaRegisterFunction __nv_static_44__570e7b9d_22_cuda_device_runtime_cu_8b1a5d37__Z16memset_3d_deviceImLi1ELi0ELi0EEvPhhjT_S1_S1_S1_S1_jjjjjjjS1_S0_ : hostFun 0x0x5b08efc044d0, fat_cubin_handle = 2
Warning: cannot find deviceFun __nv_static_44__570e7b9d_22_cuda_device_runtime_cu_8b1a5d37__Z16memset_3d_deviceImLi1ELi0ELi0EEvPhhjT_S1_S1_S1_S1_jjjjjjjS1_S0_
GPGPU-Sim PTX: __cudaRegisterFunction __nv_static_44__570e7b9d_22_cuda_device_runtime_cu_8b1a5d37__Z16memset_3d_deviceImLi0ELi1ELi1EEvPhhjT_S1_S1_S1_S1_jjjjjjjS1_S0_ : hostFun 0x0x5b08efc04280, fat_cubin_handle = 2
Warning: cannot find deviceFun __nv_static_44__570e7b9d_22_cuda_device_runtime_cu_8b1a5d37__Z16memset_3d_deviceImLi0ELi1ELi1EEvPhhjT_S1_S1_S1_S1_jjjjjjjS1_S0_
GPGPU-Sim PTX: __cudaRegisterFunction __nv_static_44__570e7b9d_22_cuda_device_runtime_cu_8b1a5d37__Z16memset_3d_deviceImLi0ELi1ELi0EEvPhhjT_S1_S1_S1_S1_jjjjjjjS1_S0_ : hostFun 0x0x5b08efc04030, fat_cubin_handle = 2
Warning: cannot find deviceFun __nv_static_44__570e7b9d_22_cuda_device_runtime_cu_8b1a5d37__Z16memset_3d_deviceImLi0ELi1ELi0EEvPhhjT_S1_S1_S1_S1_jjjjjjjS1_S0_
GPGPU-Sim PTX: __cudaRegisterFunction __nv_static_44__570e7b9d_22_cuda_device_runtime_cu_8b1a5d37__Z16memset_3d_deviceImLi0ELi0ELi1EEvPhhjT_S1_S1_S1_S1_jjjjjjjS1_S0_ : hostFun 0x0x5b08efc03de0, fat_cubin_handle = 2
Warning: cannot find deviceFun __nv_static_44__570e7b9d_22_cuda_device_runtime_cu_8b1a5d37__Z16memset_3d_deviceImLi0ELi0ELi1EEvPhhjT_S1_S1_S1_S1_jjjjjjjS1_S0_
GPGPU-Sim PTX: __cudaRegisterFunction __nv_static_44__570e7b9d_22_cuda_device_runtime_cu_8b1a5d37__Z16memset_3d_deviceImLi0ELi0ELi0EEvPhhjT_S1_S1_S1_S1_jjjjjjjS1_S0_ : hostFun 0x0x5b08efc03b90, fat_cubin_handle = 2
Warning: cannot find deviceFun __nv_static_44__570e7b9d_22_cuda_device_runtime_cu_8b1a5d37__Z16memset_3d_deviceImLi0ELi0ELi0EEvPhhjT_S1_S1_S1_S1_jjjjjjjS1_S0_
GPGPU-Sim PTX: __cudaRegisterFunction __nv_static_44__570e7b9d_22_cuda_device_runtime_cu_8b1a5d37__Z16memset_3d_deviceIjLi1ELi1ELi1EEvPhhjT_S1_S1_S1_S1_jjjjjjjS1_S0_ : hostFun 0x0x5b08efc03970, fat_cubin_handle = 2
Warning: cannot find deviceFun __nv_static_44__570e7b9d_22_cuda_device_runtime_cu_8b1a5d37__Z16memset_3d_deviceIjLi1ELi1ELi1EEvPhhjT_S1_S1_S1_S1_jjjjjjjS1_S0_
GPGPU-Sim PTX: __cudaRegisterFunction __nv_static_44__570e7b9d_22_cuda_device_runtime_cu_8b1a5d37__Z16memset_3d_deviceIjLi1ELi1ELi0EEvPhhjT_S1_S1_S1_S1_jjjjjjjS1_S0_ : hostFun 0x0x5b08efc03750, fat_cubin_handle = 2
Warning: cannot find deviceFun __nv_static_44__570e7b9d_22_cuda_device_runtime_cu_8b1a5d37__Z16memset_3d_deviceIjLi1ELi1ELi0EEvPhhjT_S1_S1_S1_S1_jjjjjjjS1_S0_
GPGPU-Sim PTX: __cudaRegisterFunction __nv_static_44__570e7b9d_22_cuda_device_runtime_cu_8b1a5d37__Z16memset_3d_deviceIjLi1ELi0ELi1EEvPhhjT_S1_S1_S1_S1_jjjjjjjS1_S0_ : hostFun 0x0x5b08efc03530, fat_cubin_handle = 2
Warning: cannot find deviceFun __nv_static_44__570e7b9d_22_cuda_device_runtime_cu_8b1a5d37__Z16memset_3d_deviceIjLi1ELi0ELi1EEvPhhjT_S1_S1_S1_S1_jjjjjjjS1_S0_
GPGPU-Sim PTX: __cudaRegisterFunction __nv_static_44__570e7b9d_22_cuda_device_runtime_cu_8b1a5d37__Z16memset_3d_deviceIjLi1ELi0ELi0EEvPhhjT_S1_S1_S1_S1_jjjjjjjS1_S0_ : hostFun 0x0x5b08efc03310, fat_cubin_handle = 2
Warning: cannot find deviceFun __nv_static_44__570e7b9d_22_cuda_device_runtime_cu_8b1a5d37__Z16memset_3d_deviceIjLi1ELi0ELi0EEvPhhjT_S1_S1_S1_S1_jjjjjjjS1_S0_
GPGPU-Sim PTX: __cudaRegisterFunction __nv_static_44__570e7b9d_22_cuda_device_runtime_cu_8b1a5d37__Z16memset_3d_deviceIjLi0ELi1ELi1EEvPhhjT_S1_S1_S1_S1_jjjjjjjS1_S0_ : hostFun 0x0x5b08efc030f0, fat_cubin_handle = 2
Warning: cannot find deviceFun __nv_static_44__570e7b9d_22_cuda_device_runtime_cu_8b1a5d37__Z16memset_3d_deviceIjLi0ELi1ELi1EEvPhhjT_S1_S1_S1_S1_jjjjjjjS1_S0_
GPGPU-Sim PTX: __cudaRegisterFunction __nv_static_44__570e7b9d_22_cuda_device_runtime_cu_8b1a5d37__Z16memset_3d_deviceIjLi0ELi1ELi0EEvPhhjT_S1_S1_S1_S1_jjjjjjjS1_S0_ : hostFun 0x0x5b08efc02ed0, fat_cubin_handle = 2
Warning: cannot find deviceFun __nv_static_44__570e7b9d_22_cuda_device_runtime_cu_8b1a5d37__Z16memset_3d_deviceIjLi0ELi1ELi0EEvPhhjT_S1_S1_S1_S1_jjjjjjjS1_S0_
GPGPU-Sim PTX: __cudaRegisterFunction __nv_static_44__570e7b9d_22_cuda_device_runtime_cu_8b1a5d37__Z16memset_3d_deviceIjLi0ELi0ELi1EEvPhhjT_S1_S1_S1_S1_jjjjjjjS1_S0_ : hostFun 0x0x5b08efc02cb0, fat_cubin_handle = 2
Warning: cannot find deviceFun __nv_static_44__570e7b9d_22_cuda_device_runtime_cu_8b1a5d37__Z16memset_3d_deviceIjLi0ELi0ELi1EEvPhhjT_S1_S1_S1_S1_jjjjjjjS1_S0_
GPGPU-Sim PTX: __cudaRegisterFunction __nv_static_44__570e7b9d_22_cuda_device_runtime_cu_8b1a5d37__Z16memset_3d_deviceIjLi0ELi0ELi0EEvPhhjT_S1_S1_S1_S1_jjjjjjjS1_S0_ : hostFun 0x0x5b08efc02a90, fat_cubin_handle = 2
Warning: cannot find deviceFun __nv_static_44__570e7b9d_22_cuda_device_runtime_cu_8b1a5d37__Z16memset_3d_deviceIjLi0ELi0ELi0EEvPhhjT_S1_S1_S1_S1_jjjjjjjS1_S0_
GPGPU-Sim PTX: __cudaRegisterVar: hostVar = 0x5b08efcfa1a0; deviceAddress = __nv_static_44__570e7b9d_22_cuda_device_runtime_cu_8b1a5d37_set_kernel32; deviceName = __nv_static_44__570e7b9d_22_cuda_device_runtime_cu_8b1a5d37_set_kernel32
GPGPU-Sim PTX: __cudaRegisterVar: Registering const memory space of 64 bytes
GPGPU-Sim PTX registering global __nv_static_44__570e7b9d_22_cuda_device_runtime_cu_8b1a5d37_set_kernel32 hostVar to name mapping
GPGPU-Sim PTX: __cudaRegisterVar: hostVar = 0x5b08efcfa160; deviceAddress = __nv_static_44__570e7b9d_22_cuda_device_runtime_cu_8b1a5d37_set_kernel64; deviceName = __nv_static_44__570e7b9d_22_cuda_device_runtime_cu_8b1a5d37_set_kernel64
GPGPU-Sim PTX: __cudaRegisterVar: Registering const memory space of 64 bytes
GPGPU-Sim PTX registering global __nv_static_44__570e7b9d_22_cuda_device_runtime_cu_8b1a5d37_set_kernel64 hostVar to name mapping
GPGPU-Sim PTX: __cudaRegisterVar: hostVar = 0x5b08efcfa120; deviceAddress = __nv_static_44__570e7b9d_22_cuda_device_runtime_cu_8b1a5d37_cpy_kernel32; deviceName = __nv_static_44__570e7b9d_22_cuda_device_runtime_cu_8b1a5d37_cpy_kernel32
GPGPU-Sim PTX: __cudaRegisterVar: Registering const memory space of 64 bytes
GPGPU-Sim PTX registering global __nv_static_44__570e7b9d_22_cuda_device_runtime_cu_8b1a5d37_cpy_kernel32 hostVar to name mapping
GPGPU-Sim PTX: __cudaRegisterVar: hostVar = 0x5b08efcfa0e0; deviceAddress = __nv_static_44__570e7b9d_22_cuda_device_runtime_cu_8b1a5d37_cpy_kernel64; deviceName = __nv_static_44__570e7b9d_22_cuda_device_runtime_cu_8b1a5d37_cpy_kernel64
GPGPU-Sim PTX: __cudaRegisterVar: Registering const memory space of 64 bytes
GPGPU-Sim PTX registering global __nv_static_44__570e7b9d_22_cuda_device_runtime_cu_8b1a5d37_cpy_kernel64 hostVar to name mapping
GPGPU-Sim PTX: __cudaRegisterVar: hostVar = 0x5b08efcf90e0; deviceAddress = __nv_static_44__570e7b9d_22_cuda_device_runtime_cu_8b1a5d37_cudartErrorTableArr; deviceName = __nv_static_44__570e7b9d_22_cuda_device_runtime_cu_8b1a5d37_cudartErrorTableArr
GPGPU-Sim PTX: __cudaRegisterVar: Registering const memory space of 3000 bytes
GPGPU-Sim PTX registering global __nv_static_44__570e7b9d_22_cuda_device_runtime_cu_8b1a5d37_cudartErrorTableArr hostVar to name mapping
GPGPU-Sim PTX: __cudaRegisterVar: hostVar = 0x5b08efcfa0d0; deviceAddress = cudartErrorTable; deviceName = cudartErrorTable
GPGPU-Sim PTX: __cudaRegisterVar: Registering const memory space of 8 bytes
GPGPU-Sim PTX registering global cudartErrorTable hostVar to name mapping
GPGPU-Sim PTX: __cudaRegisterVar: hostVar = 0x5b08efc0c988; deviceAddress = cudartErrorTableEntryCount; deviceName = cudartErrorTableEntryCount
GPGPU-Sim PTX: __cudaRegisterVar: Registering const memory space of 4 bytes
GPGPU-Sim PTX registering global cudartErrorTableEntryCount hostVar to name mapping
GPGPU-Sim PTX: __cudaRegisterVar: hostVar = 0x5b08efc0c920; deviceAddress = __nv_static_44__570e7b9d_22_cuda_device_runtime_cu_8b1a5d37_cudartErrorCnpMapArr; deviceName = __nv_static_44__570e7b9d_22_cuda_device_runtime_cu_8b1a5d37_cudartErrorCnpMapArr
GPGPU-Sim PTX: __cudaRegisterVar: Registering const memory space of 104 bytes
GPGPU-Sim PTX registering global __nv_static_44__570e7b9d_22_cuda_device_runtime_cu_8b1a5d37_cudartErrorCnpMapArr hostVar to name mapping
GPGPU-Sim PTX: __cudaRegisterVar: hostVar = 0x5b08efcfa0c8; deviceAddress = cudartErrorCnpMap; deviceName = cudartErrorCnpMap
GPGPU-Sim PTX: __cudaRegisterVar: Registering const memory space of 8 bytes
GPGPU-Sim PTX registering global cudartErrorCnpMap hostVar to name mapping
GPGPU-Sim PTX: __cudaRegisterVar: hostVar = 0x5b08efc0c900; deviceAddress = cudartErrorCnpMapEntryCount; deviceName = cudartErrorCnpMapEntryCount
GPGPU-Sim PTX: __cudaRegisterVar: Registering const memory space of 4 bytes
GPGPU-Sim PTX registering global cudartErrorCnpMapEntryCount hostVar to name mapping
GPGPU-Sim PTX: __cudaRegisterVar: hostVar = 0x5b08efcfa0c0; deviceAddress = __CNPRT_VERSION_NUMBER__; deviceName = __CNPRT_VERSION_NUMBER__
GPGPU-Sim PTX: __cudaRegisterVar: Registering const memory space of 4 bytes
GPGPU-Sim PTX registering global __CNPRT_VERSION_NUMBER__ hostVar to name mapping
GPGPU-Sim PTX: Setting up arguments for 8 bytes starting at 0x7ffe862312c0..
GPGPU-Sim PTX: Setting up arguments for 8 bytes starting at 0x7ffe862312c8..
GPGPU-Sim PTX: Setting up arguments for 4 bytes starting at 0x7ffe862312a8..
GPGPU-Sim PTX: Setting up arguments for 4 bytes starting at 0x7ffe862312ac..

GPGPU-Sim PTX: cudaLaunch for 0x0x5b08efc02030 (mode=performance simulation) on stream 0
GPGPU-Sim PTX: finding reconvergence points for '_Z10bsmm_stagePKfPfii'...
GPGPU-Sim PTX: Finding dominators for '_Z10bsmm_stagePKfPfii'...
GPGPU-Sim PTX: Finding immediate dominators for '_Z10bsmm_stagePKfPfii'...
GPGPU-Sim PTX: Finding postdominators for '_Z10bsmm_stagePKfPfii'...
GPGPU-Sim PTX: Finding immediate postdominators for '_Z10bsmm_stagePKfPfii'...
GPGPU-Sim PTX: pre-decoding instructions for '_Z10bsmm_stagePKfPfii'...
GPGPU-Sim PTX: reconvergence points for _Z10bsmm_stagePKfPfii...
GPGPU-Sim PTX:  1 (potential) branch divergence @  PC=0x048 (mlx_fig24_schedule_witness.1.sm_86.ptx:37) @%p1 bra $L__BB0_2;
GPGPU-Sim PTX:    immediate post dominator      @  PC=0x100 (mlx_fig24_schedule_witness.1.sm_86.ptx:63) ret;
GPGPU-Sim PTX: ... end of reconvergence points for _Z10bsmm_stagePKfPfii
GPGPU-Sim PTX: ... done pre-decoding instructions for '_Z10bsmm_stagePKfPfii'.
GPGPU-Sim PTX: pushing kernel '_Z10bsmm_stagePKfPfii' to stream 0, gridDim= (2048,1,1) blockDim = (128,1,1) 
GPGPU-Sim uArch: Shader 0 bind to kernel 1 '_Z10bsmm_stagePKfPfii'
GPGPU-Sim uArch: CTA/core = 12, limited by: threads
GPGPU-Sim: Reconfigure L1 cache to 128KB
GPGPU-Sim uArch: Shader 1 bind to kernel 1 '_Z10bsmm_stagePKfPfii'
GPGPU-Sim uArch: Shader 2 bind to kernel 1 '_Z10bsmm_stagePKfPfii'
GPGPU-Sim uArch: Shader 3 bind to kernel 1 '_Z10bsmm_stagePKfPfii'
GPGPU-Sim uArch: Shader 4 bind to kernel 1 '_Z10bsmm_stagePKfPfii'
GPGPU-Sim uArch: Shader 5 bind to kernel 1 '_Z10bsmm_stagePKfPfii'
GPGPU-Sim uArch: Shader 6 bind to kernel 1 '_Z10bsmm_stagePKfPfii'
GPGPU-Sim uArch: Shader 7 bind to kernel 1 '_Z10bsmm_stagePKfPfii'
GPGPU-Sim uArch: Shader 8 bind to kernel 1 '_Z10bsmm_stagePKfPfii'
GPGPU-Sim uArch: Shader 9 bind to kernel 1 '_Z10bsmm_stagePKfPfii'
GPGPU-Sim uArch: Shader 10 bind to kernel 1 '_Z10bsmm_stagePKfPfii'
GPGPU-Sim uArch: Shader 11 bind to kernel 1 '_Z10bsmm_stagePKfPfii'
GPGPU-Sim uArch: Shader 12 bind to kernel 1 '_Z10bsmm_stagePKfPfii'
GPGPU-Sim uArch: Shader 13 bind to kernel 1 '_Z10bsmm_stagePKfPfii'
GPGPU-Sim uArch: Shader 14 bind to kernel 1 '_Z10bsmm_stagePKfPfii'
GPGPU-Sim uArch: Shader 15 bind to kernel 1 '_Z10bsmm_stagePKfPfii'
Destroy streams for kernel 1: size 0
kernel_name = _Z10bsmm_stagePKfPfii 
kernel_launch_uid = 1 
kernel_stream_id = 0
gpu_sim_cycle = 15861
gpu_sim_insn = 8388608
gpu_ipc =     528.8827
gpu_tot_sim_cycle = 15861
gpu_tot_sim_insn = 8388608
gpu_tot_ipc =     528.8827
gpu_tot_issued_cta = 2048
gpu_occupancy = 93.1962% 
gpu_tot_occupancy = 93.1962% 
max_total_param_size = 0
gpu_stall_dramfull = 0
gpu_stall_icnt2sh    = 0
partiton_level_parallism =       4.1319
partiton_level_parallism_total  =       4.1319
partiton_level_parallism_util =       6.8146
partiton_level_parallism_util_total  =       6.8146
L2_BW  =     171.8869 GB/Sec
L2_BW_total  =     171.8869 GB/Sec
gpu_total_sim_rate=645277

========= Core cache stats =========
L1I_cache:
	L1I_total_cache_accesses = 0
	L1I_total_cache_misses = 0
	L1I_total_cache_pending_hits = 0
	L1I_total_cache_reservation_fails = 0
L1D_cache:
	L1D_cache_core[0]: Access = 6048, Miss = 4032, Miss_rate = 0.667, Pending_hits = 0, Reservation_fails = 2770
	L1D_cache_core[1]: Access = 5712, Miss = 3808, Miss_rate = 0.667, Pending_hits = 0, Reservation_fails = 3105
	L1D_cache_core[2]: Access = 6000, Miss = 4000, Miss_rate = 0.667, Pending_hits = 0, Reservation_fails = 2827
	L1D_cache_core[3]: Access = 6864, Miss = 4576, Miss_rate = 0.667, Pending_hits = 0, Reservation_fails = 1939
	L1D_cache_core[4]: Access = 6720, Miss = 4480, Miss_rate = 0.667, Pending_hits = 0, Reservation_fails = 2337
	L1D_cache_core[5]: Access = 5712, Miss = 3808, Miss_rate = 0.667, Pending_hits = 0, Reservation_fails = 3275
	L1D_cache_core[6]: Access = 6240, Miss = 4160, Miss_rate = 0.667, Pending_hits = 0, Reservation_fails = 3275
	L1D_cache_core[7]: Access = 6288, Miss = 4192, Miss_rate = 0.667, Pending_hits = 0, Reservation_fails = 2657
	L1D_cache_core[8]: Access = 6816, Miss = 4544, Miss_rate = 0.667, Pending_hits = 0, Reservation_fails = 1937
	L1D_cache_core[9]: Access = 6384, Miss = 4256, Miss_rate = 0.667, Pending_hits = 0, Reservation_fails = 2575
	L1D_cache_core[10]: Access = 5952, Miss = 3968, Miss_rate = 0.667, Pending_hits = 0, Reservation_fails = 2844
	L1D_cache_core[11]: Access = 5616, Miss = 3744, Miss_rate = 0.667, Pending_hits = 0, Reservation_fails = 3221
	L1D_cache_core[12]: Access = 6096, Miss = 4064, Miss_rate = 0.667, Pending_hits = 0, Reservation_fails = 2645
	L1D_cache_core[13]: Access = 6384, Miss = 4256, Miss_rate = 0.667, Pending_hits = 0, Reservation_fails = 2908
	L1D_cache_core[14]: Access = 5904, Miss = 3936, Miss_rate = 0.667, Pending_hits = 0, Reservation_fails = 2812
	L1D_cache_core[15]: Access = 5568, Miss = 3712, Miss_rate = 0.667, Pending_hits = 0, Reservation_fails = 2943
	L1D_total_cache_accesses = 98304
	L1D_total_cache_misses = 65536
	L1D_total_cache_miss_rate = 0.6667
	L1D_total_cache_pending_hits = 0
	L1D_total_cache_reservation_fails = 44070
	L1D_cache_data_port_util = 0.191
	L1D_cache_fill_port_util = 0.191
L1C_cache:
	L1C_total_cache_accesses = 0
	L1C_total_cache_misses = 0
	L1C_total_cache_pending_hits = 0
	L1C_total_cache_reservation_fails = 0
L1T_cache:
	L1T_total_cache_accesses = 0
	L1T_total_cache_misses = 0
	L1T_total_cache_pending_hits = 0
	L1T_total_cache_reservation_fails = 0

Total_core_cache_stats:
	Total_core_cache_stats_breakdown[GLOBAL_ACC_R][HIT] = 32768
	Total_core_cache_stats_breakdown[GLOBAL_ACC_R][HIT_RESERVED] = 0
	Total_core_cache_stats_breakdown[GLOBAL_ACC_R][MISS] = 8192
	Total_core_cache_stats_breakdown[GLOBAL_ACC_R][RESERVATION_FAIL] = 31848
	Total_core_cache_stats_breakdown[GLOBAL_ACC_R][SECTOR_MISS] = 24576
	Total_core_cache_stats_breakdown[GLOBAL_ACC_R][MSHR_HIT] = 0
	Total_core_cache_stats_breakdown[LOCAL_ACC_R][HIT] = 0
	Total_core_cache_stats_breakdown[LOCAL_ACC_R][HIT_RESERVED] = 0
	Total_core_cache_stats_breakdown[LOCAL_ACC_R][MISS] = 0
	Total_core_cache_stats_breakdown[LOCAL_ACC_R][RESERVATION_FAIL] = 0
	Total_core_cache_stats_breakdown[LOCAL_ACC_R][SECTOR_MISS] = 0
	Total_core_cache_stats_breakdown[LOCAL_ACC_R][MSHR_HIT] = 0
	Total_core_cache_stats_breakdown[CONST_ACC_R][HIT] = 0
	Total_core_cache_stats_breakdown[CONST_ACC_R][HIT_RESERVED] = 0
	Total_core_cache_stats_breakdown[CONST_ACC_R][MISS] = 0
	Total_core_cache_stats_breakdown[CONST_ACC_R][RESERVATION_FAIL] = 0
	Total_core_cache_stats_breakdown[CONST_ACC_R][SECTOR_MISS] = 0
	Total_core_cache_stats_breakdown[CONST_ACC_R][MSHR_HIT] = 0
	Total_core_cache_stats_breakdown[TEXTURE_ACC_R][HIT] = 0
	Total_core_cache_stats_breakdown[TEXTURE_ACC_R][HIT_RESERVED] = 0
	Total_core_cache_stats_breakdown[TEXTURE_ACC_R][MISS] = 0
	Total_core_cache_stats_breakdown[TEXTURE_ACC_R][RESERVATION_FAIL] = 0
	Total_core_cache_stats_breakdown[TEXTURE_ACC_R][SECTOR_MISS] = 0
	Total_core_cache_stats_breakdown[TEXTURE_ACC_R][MSHR_HIT] = 0
	Total_core_cache_stats_breakdown[GLOBAL_ACC_W][HIT] = 0
	Total_core_cache_stats_breakdown[GLOBAL_ACC_W][HIT_RESERVED] = 0
	Total_core_cache_stats_breakdown[GLOBAL_ACC_W][MISS] = 8192
	Total_core_cache_stats_breakdown[GLOBAL_ACC_W][RESERVATION_FAIL] = 12222
	Total_core_cache_stats_breakdown[GLOBAL_ACC_W][SECTOR_MISS] = 24576
	Total_core_cache_stats_breakdown[GLOBAL_ACC_W][MSHR_HIT] = 0
	Total_core_cache_stats_breakdown[LOCAL_ACC_W][HIT] = 0
	Total_core_cache_stats_breakdown[LOCAL_ACC_W][HIT_RESERVED] = 0
	Total_core_cache_stats_breakdown[LOCAL_ACC_W][MISS] = 0
	Total_core_cache_stats_breakdown[LOCAL_ACC_W][RESERVATION_FAIL] = 0
	Total_core_cache_stats_breakdown[LOCAL_ACC_W][SECTOR_MISS] = 0
	Total_core_cache_stats_breakdown[LOCAL_ACC_W][MSHR_HIT] = 0
	Total_core_cache_stats_breakdown[L1_WRBK_ACC][HIT] = 0
	Total_core_cache_stats_breakdown[L1_WRBK_ACC][HIT_RESERVED] = 0
	Total_core_cache_stats_breakdown[L1_WRBK_ACC][MISS] = 0
	Total_core_cache_stats_breakdown[L1_WRBK_ACC][RESERVATION_FAIL] = 0
	Total_core_cache_stats_breakdown[L1_WRBK_ACC][SECTOR_MISS] = 0
	Total_core_cache_stats_breakdown[L1_WRBK_ACC][MSHR_HIT] = 0
	Total_core_cache_stats_breakdown[L2_WRBK_ACC][HIT] = 0
	Total_core_cache_stats_breakdown[L2_WRBK_ACC][HIT_RESERVED] = 0
	Total_core_cache_stats_breakdown[L2_WRBK_ACC][MISS] = 0
	Total_core_cache_stats_breakdown[L2_WRBK_ACC][RESERVATION_FAIL] = 0
	Total_core_cache_stats_breakdown[L2_WRBK_ACC][SECTOR_MISS] = 0
	Total_core_cache_stats_breakdown[L2_WRBK_ACC][MSHR_HIT] = 0
	Total_core_cache_stats_breakdown[INST_ACC_R][HIT] = 0
	Total_core_cache_stats_breakdown[INST_ACC_R][HIT_RESERVED] = 0
	Total_core_cache_stats_breakdown[INST_ACC_R][MISS] = 0
	Total_core_cache_stats_breakdown[INST_ACC_R][RESERVATION_FAIL] = 0
	Total_core_cache_stats_breakdown[INST_ACC_R][SECTOR_MISS] = 0
	Total_core_cache_stats_breakdown[INST_ACC_R][MSHR_HIT] = 0
	Total_core_cache_stats_breakdown[L1_WR_ALLOC_R][HIT] = 0
	Total_core_cache_stats_breakdown[L1_WR_ALLOC_R][HIT_RESERVED] = 0
	Total_core_cache_stats_breakdown[L1_WR_ALLOC_R][MISS] = 0
	Total_core_cache_stats_breakdown[L1_WR_ALLOC_R][RESERVATION_FAIL] = 0
	Total_core_cache_stats_breakdown[L1_WR_ALLOC_R][SECTOR_MISS] = 0
	Total_core_cache_stats_breakdown[L1_WR_ALLOC_R][MSHR_HIT] = 0
	Total_core_cache_stats_breakdown[L2_WR_ALLOC_R][HIT] = 0
	Total_core_cache_stats_breakdown[L2_WR_ALLOC_R][HIT_RESERVED] = 0
	Total_core_cache_stats_breakdown[L2_WR_ALLOC_R][MISS] = 0
	Total_core_cache_stats_breakdown[L2_WR_ALLOC_R][RESERVATION_FAIL] = 0
	Total_core_cache_stats_breakdown[L2_WR_ALLOC_R][SECTOR_MISS] = 0
	Total_core_cache_stats_breakdown[L2_WR_ALLOC_R][MSHR_HIT] = 0
	Total_core_cache_stats_breakdown[GLOBAL_ACC_R][TOTAL_ACCESS] = 65536
	Total_core_cache_stats_breakdown[GLOBAL_ACC_W][TOTAL_ACCESS] = 32768

Total_core_cache_fail_stats:
	Total_core_cache_fail_stats_breakdown[GLOBAL_ACC_R][MISS_QUEUE_FULL] = 31848
	Total_core_cache_fail_stats_breakdown[GLOBAL_ACC_W][MISS_QUEUE_FULL] = 12222
ctas_completed 2048, Shader 0 warp_id issue ditsribution:
warp_id:
0, 1, 2, 3, 4, 5, 6, 7, 8, 9, 10, 11, 12, 13, 14, 15, 16, 17, 18, 19, 20, 21, 22, 23, 24, 25, 26, 27, 28, 29, 30, 31, 32, 33, 34, 35, 36, 37, 38, 39, 40, 41, 42, 43, 44, 45, 46, 47, 
distro:
363, 363, 363, 363, 363, 363, 363, 363, 330, 330, 330, 330, 330, 330, 330, 330, 363, 363, 363, 363, 330, 330, 330, 330, 330, 330, 330, 330, 363, 363, 363, 363, 363, 363, 363, 363, 363, 363, 363, 363, 330, 330, 330, 330, 330, 330, 330, 330, 
gpgpu_n_tot_thrd_icount = 8650752
gpgpu_n_tot_w_icount = 270336
gpgpu_n_stall_shd_mem = 292
gpgpu_n_mem_read_local = 0
gpgpu_n_mem_write_local = 0
gpgpu_n_mem_read_global = 32768
gpgpu_n_mem_write_global = 32768
gpgpu_n_mem_texture = 0
gpgpu_n_mem_const = 0
gpgpu_n_load_insn  = 524288
gpgpu_n_store_insn = 262144
gpgpu_n_shmem_insn = 0
gpgpu_n_sstarr_insn = 0
gpgpu_n_tex_insn = 0
gpgpu_n_const_mem_insn = 0
gpgpu_n_param_mem_insn = 1048576
gpgpu_n_shmem_bkconflict = 0
gpgpu_n_l1cache_bkconflict = 292
gpgpu_n_intrawarp_mshr_merge = 0
gpgpu_n_cmem_portconflict = 0
gpgpu_stall_shd_mem[c_mem][resource_stall] = 0
gpgpu_stall_shd_mem[s_mem][bk_conf] = 0
gpgpu_stall_shd_mem[gl_mem][resource_stall] = 292
gpgpu_stall_shd_mem[gl_mem][coal_stall] = 0
gpgpu_stall_shd_mem[gl_mem][data_port_stall] = 0
gpu_reg_bank_conflict_stalls = 0
Warp Occupancy Distribution:
Stall:95578	W0_Idle:21777	W0_Scoreboard:297393	W1:0	W2:0	W3:0	W4:0	W5:0	W6:0	W7:0	W8:0	W9:0	W10:0	W11:0	W12:0	W13:0	W14:0	W15:0	W16:0	W17:0	W18:0	W19:0	W20:0	W21:0	W22:0	W23:0	W24:0	W25:0	W26:0	W27:0	W28:0	W29:0	W30:0	W31:0	W32:270336
single_issue_nums: WS0:67584	WS1:67584	WS2:67584	WS3:67584	
dual_issue_nums: WS0:0	WS1:0	WS2:0	WS3:0	
traffic_breakdown_coretomem[GLOBAL_ACC_R] = 262144 {8:32768,}
traffic_breakdown_coretomem[GLOBAL_ACC_W] = 1310720 {40:32768,}
traffic_breakdown_memtocore[GLOBAL_ACC_R] = 1310720 {40:32768,}
traffic_breakdown_memtocore[GLOBAL_ACC_W] = 262144 {8:32768,}
maxmflatency = 464 
max_icnt2mem_latency = 230 
maxmrqlatency = 0 
max_icnt2sh_latency = 141 
averagemflatency = 271 
avg_icnt2mem_latency = 70 
avg_icnt2sh_latency = 13 
mrq_lat_table:0 	0 	0 	0 	0 	0 	0 	0 	0 	0 	0 	0 	0 	0 	0 	0 	0 	0 	0 	0 	0 	0 	0 	0 	0 	0 	0 	0 	0 	0 	0 	0 	
dq_lat_table:0 	0 	0 	0 	0 	0 	0 	0 	0 	0 	0 	0 	0 	0 	0 	0 	0 	0 	0 	0 	0 	0 	0 	0 	0 	0 	0 	0 	0 	0 	0 	0 	
mf_lat_table:0 	0 	0 	0 	0 	0 	0 	31856 	33680 	0 	0 	0 	0 	0 	0 	0 	0 	0 	0 	0 	0 	0 	0 	0 	0 	0 	0 	0 	0 	0 	0 	0 	
icnt2mem_lat_table:0 	0 	0 	0 	0 	42684 	17880 	4972 	0 	0 	0 	0 	0 	0 	0 	0 	0 	0 	0 	0 	0 	0 	0 	0 	
icnt2sh_lat_table:0 	20082 	12424 	14297 	11793 	6178 	753 	9 	0 	0 	0 	0 	0 	0 	0 	0 	0 	0 	0 	0 	0 	0 	0 	0 	
mf_lat_pw_table:0 	0 	0 	0 	0 	0 	0 	1 	19 	0 	0 	0 	0 	0 	0 	0 	0 	0 	0 	0 	0 	0 	0 	0 	0 	0 	0 	0 	0 	0 	0 	0 	
maximum concurrent accesses to same row:
dram[0]:         0         0         0         0         0         0         0         0         0         0         0         0         0         0         0         0 
dram[1]:         0         0         0         0         0         0         0         0         0         0         0         0         0         0         0         0 
dram[2]:         0         0         0         0         0         0         0         0         0         0         0         0         0         0         0         0 
dram[3]:         0         0         0         0         0         0         0         0         0         0         0         0         0         0         0         0 
dram[4]:         0         0         0         0         0         0         0         0         0         0         0         0         0         0         0         0 
dram[5]:         0         0         0         0         0         0         0         0         0         0         0         0         0         0         0         0 
dram[6]:         0         0         0         0         0         0         0         0         0         0         0         0         0         0         0         0 
dram[7]:         0         0         0         0         0         0         0         0         0         0         0         0         0         0         0         0 
dram[8]:         0         0         0         0         0         0         0         0         0         0         0         0         0         0         0         0 
dram[9]:         0         0         0         0         0         0         0         0         0         0         0         0         0         0         0         0 
dram[10]:         0         0         0         0         0         0         0         0         0         0         0         0         0         0         0         0 
dram[11]:         0         0         0         0         0         0         0         0         0         0         0         0         0         0         0         0 
dram[12]:         0         0         0         0         0         0         0         0         0         0         0         0         0         0         0         0 
dram[13]:         0         0         0         0         0         0         0         0         0         0         0         0         0         0         0         0 
dram[14]:         0         0         0         0         0         0         0         0         0         0         0         0         0         0         0         0 
dram[15]:         0         0         0         0         0         0         0         0         0         0         0         0         0         0         0         0 
maximum service time to same row:
dram[0]:         0         0         0         0         0         0         0         0         0         0         0         0         0         0         0         0 
dram[1]:         0         0         0         0         0         0         0         0         0         0         0         0         0         0         0         0 
dram[2]:         0         0         0         0         0         0         0         0         0         0         0         0         0         0         0         0 
dram[3]:         0         0         0         0         0         0         0         0         0         0         0         0         0         0         0         0 
dram[4]:         0         0         0         0         0         0         0         0         0         0         0         0         0         0         0         0 
dram[5]:         0         0         0         0         0         0         0         0         0         0         0         0         0         0         0         0 
dram[6]:         0         0         0         0         0         0         0         0         0         0         0         0         0         0         0         0 
dram[7]:         0         0         0         0         0         0         0         0         0         0         0         0         0         0         0         0 
dram[8]:         0         0         0         0         0         0         0         0         0         0         0         0         0         0         0         0 
dram[9]:         0         0         0         0         0         0         0         0         0         0         0         0         0         0         0         0 
dram[10]:         0         0         0         0         0         0         0         0         0         0         0         0         0         0         0         0 
dram[11]:         0         0         0         0         0         0         0         0         0         0         0         0         0         0         0         0 
dram[12]:         0         0         0         0         0         0         0         0         0         0         0         0         0         0         0         0 
dram[13]:         0         0         0         0         0         0         0         0         0         0         0         0         0         0         0         0 
dram[14]:         0         0         0         0         0         0         0         0         0         0         0         0         0         0         0         0 
dram[15]:         0         0         0         0         0         0         0         0         0         0         0         0         0         0         0         0 
average row accesses per activate:
dram[0]:      -nan      -nan      -nan      -nan      -nan      -nan      -nan      -nan      -nan      -nan      -nan      -nan      -nan      -nan      -nan      -nan 
dram[1]:      -nan      -nan      -nan      -nan      -nan      -nan      -nan      -nan      -nan      -nan      -nan      -nan      -nan      -nan      -nan      -nan 
dram[2]:      -nan      -nan      -nan      -nan      -nan      -nan      -nan      -nan      -nan      -nan      -nan      -nan      -nan      -nan      -nan      -nan 
dram[3]:      -nan      -nan      -nan      -nan      -nan      -nan      -nan      -nan      -nan      -nan      -nan      -nan      -nan      -nan      -nan      -nan 
dram[4]:      -nan      -nan      -nan      -nan      -nan      -nan      -nan      -nan      -nan      -nan      -nan      -nan      -nan      -nan      -nan      -nan 
dram[5]:      -nan      -nan      -nan      -nan      -nan      -nan      -nan      -nan      -nan      -nan      -nan      -nan      -nan      -nan      -nan      -nan 
dram[6]:      -nan      -nan      -nan      -nan      -nan      -nan      -nan      -nan      -nan      -nan      -nan      -nan      -nan      -nan      -nan      -nan 
dram[7]:      -nan      -nan      -nan      -nan      -nan      -nan      -nan      -nan      -nan      -nan      -nan      -nan      -nan      -nan      -nan      -nan 
dram[8]:      -nan      -nan      -nan      -nan      -nan      -nan      -nan      -nan      -nan      -nan      -nan      -nan      -nan      -nan      -nan      -nan 
dram[9]:      -nan      -nan      -nan      -nan      -nan      -nan      -nan      -nan      -nan      -nan      -nan      -nan      -nan      -nan      -nan      -nan 
dram[10]:      -nan      -nan      -nan      -nan      -nan      -nan      -nan      -nan      -nan      -nan      -nan      -nan      -nan      -nan      -nan      -nan 
dram[11]:      -nan      -nan      -nan      -nan      -nan      -nan      -nan      -nan      -nan      -nan      -nan      -nan      -nan      -nan      -nan      -nan 
dram[12]:      -nan      -nan      -nan      -nan      -nan      -nan      -nan      -nan      -nan      -nan      -nan      -nan      -nan      -nan      -nan      -nan 
dram[13]:      -nan      -nan      -nan      -nan      -nan      -nan      -nan      -nan      -nan      -nan      -nan      -nan      -nan      -nan      -nan      -nan 
dram[14]:      -nan      -nan      -nan      -nan      -nan      -nan      -nan      -nan      -nan      -nan      -nan      -nan      -nan      -nan      -nan      -nan 
dram[15]:      -nan      -nan      -nan      -nan      -nan      -nan      -nan      -nan      -nan      -nan      -nan      -nan      -nan      -nan      -nan      -nan 
average row locality = 0/0 = -nan
number of total memory accesses made:
dram[0]:         0         0         0         0         0         0         0         0         0         0         0         0         0         0         0         0 
dram[1]:         0         0         0         0         0         0         0         0         0         0         0         0         0         0         0         0 
dram[2]:         0         0         0         0         0         0         0         0         0         0         0         0         0         0         0         0 
dram[3]:         0         0         0         0         0         0         0         0         0         0         0         0         0         0         0         0 
dram[4]:         0         0         0         0         0         0         0         0         0         0         0         0         0         0         0         0 
dram[5]:         0         0         0         0         0         0         0         0         0         0         0         0         0         0         0         0 
dram[6]:         0         0         0         0         0         0         0         0         0         0         0         0         0         0         0         0 
dram[7]:         0         0         0         0         0         0         0         0         0         0         0         0         0         0         0         0 
dram[8]:         0         0         0         0         0         0         0         0         0         0         0         0         0         0         0         0 
dram[9]:         0         0         0         0         0         0         0         0         0         0         0         0         0         0         0         0 
dram[10]:         0         0         0         0         0         0         0         0         0         0         0         0         0         0         0         0 
dram[11]:         0         0         0         0         0         0         0         0         0         0         0         0         0         0         0         0 
dram[12]:         0         0         0         0         0         0         0         0         0         0         0         0         0         0         0         0 
dram[13]:         0         0         0         0         0         0         0         0         0         0         0         0         0         0         0         0 
dram[14]:         0         0         0         0         0         0         0         0         0         0         0         0         0         0         0         0 
dram[15]:         0         0         0         0         0         0         0         0         0         0         0         0         0         0         0         0 
total accesses: 0
min_bank_accesses = 0!
min_chip_accesses = 0!
number of total read accesses:
dram[0]:         0         0         0         0         0         0         0         0         0         0         0         0         0         0         0         0 
dram[1]:         0         0         0         0         0         0         0         0         0         0         0         0         0         0         0         0 
dram[2]:         0         0         0         0         0         0         0         0         0         0         0         0         0         0         0         0 
dram[3]:         0         0         0         0         0         0         0         0         0         0         0         0         0         0         0         0 
dram[4]:         0         0         0         0         0         0         0         0         0         0         0         0         0         0         0         0 
dram[5]:         0         0         0         0         0         0         0         0         0         0         0         0         0         0         0         0 
dram[6]:         0         0         0         0         0         0         0         0         0         0         0         0         0         0         0         0 
dram[7]:         0         0         0         0         0         0         0         0         0         0         0         0         0         0         0         0 
dram[8]:         0         0         0         0         0         0         0         0         0         0         0         0         0         0         0         0 
dram[9]:         0         0         0         0         0         0         0         0         0         0         0         0         0         0         0         0 
dram[10]:         0         0         0         0         0         0         0         0         0         0         0         0         0         0         0         0 
dram[11]:         0         0         0         0         0         0         0         0         0         0         0         0         0         0         0         0 
dram[12]:         0         0         0         0         0         0         0         0         0         0         0         0         0         0         0         0 
dram[13]:         0         0         0         0         0         0         0         0         0         0         0         0         0         0         0         0 
dram[14]:         0         0         0         0         0         0         0         0         0         0         0         0         0         0         0         0 
dram[15]:         0         0         0         0         0         0         0         0         0         0         0         0         0         0         0         0 
total dram reads = 0
min_bank_accesses = 0!
min_chip_accesses = 0!
number of total write accesses:
dram[0]:         0         0         0         0         0         0         0         0         0         0         0         0         0         0         0         0 
dram[1]:         0         0         0         0         0         0         0         0         0         0         0         0         0         0         0         0 
dram[2]:         0         0         0         0         0         0         0         0         0         0         0         0         0         0         0         0 
dram[3]:         0         0         0         0         0         0         0         0         0         0         0         0         0         0         0         0 
dram[4]:         0         0         0         0         0         0         0         0         0         0         0         0         0         0         0         0 
dram[5]:         0         0         0         0         0         0         0         0         0         0         0         0         0         0         0         0 
dram[6]:         0         0         0         0         0         0         0         0         0         0         0         0         0         0         0         0 
dram[7]:         0         0         0         0         0         0         0         0         0         0         0         0         0         0         0         0 
dram[8]:         0         0         0         0         0         0         0         0         0         0         0         0         0         0         0         0 
dram[9]:         0         0         0         0         0         0         0         0         0         0         0         0         0         0         0         0 
dram[10]:         0         0         0         0         0         0         0         0         0         0         0         0         0         0         0         0 
dram[11]:         0         0         0         0         0         0         0         0         0         0         0         0         0         0         0         0 
dram[12]:         0         0         0         0         0         0         0         0         0         0         0         0         0         0         0         0 
dram[13]:         0         0         0         0         0         0         0         0         0         0         0         0         0         0         0         0 
dram[14]:         0         0         0         0         0         0         0         0         0         0         0         0         0         0         0         0 
dram[15]:         0         0         0         0         0         0         0         0         0         0         0         0         0         0         0         0 
total dram writes = 0
min_bank_accesses = 0!
min_chip_accesses = 0!
average mf latency per bank:
dram[0]:     none      none      none      none      none      none      none      none      none      none      none      none      none      none      none      none  
dram[1]:     none      none      none      none      none      none      none      none      none      none      none      none      none      none      none      none  
dram[2]:     none      none      none      none      none      none      none      none      none      none      none      none      none      none      none      none  
dram[3]:     none      none      none      none      none      none      none      none      none      none      none      none      none      none      none      none  
dram[4]:     none      none      none      none      none      none      none      none      none      none      none      none      none      none      none      none  
dram[5]:     none      none      none      none      none      none      none      none      none      none      none      none      none      none      none      none  
dram[6]:     none      none      none      none      none      none      none      none      none      none      none      none      none      none      none      none  
dram[7]:     none      none      none      none      none      none      none      none      none      none      none      none      none      none      none      none  
dram[8]:     none      none      none      none      none      none      none      none      none      none      none      none      none      none      none      none  
dram[9]:     none      none      none      none      none      none      none      none      none      none      none      none      none      none      none      none  
dram[10]:     none      none      none      none      none      none      none      none      none      none      none      none      none      none      none      none  
dram[11]:     none      none      none      none      none      none      none      none      none      none      none      none      none      none      none      none  
dram[12]:     none      none      none      none      none      none      none      none      none      none      none      none      none      none      none      none  
dram[13]:     none      none      none      none      none      none      none      none      none      none      none      none      none      none      none      none  
dram[14]:     none      none      none      none      none      none      none      none      none      none      none      none      none      none      none      none  
dram[15]:     none      none      none      none      none      none      none      none      none      none      none      none      none      none      none      none  
maximum mf latency per bank:
dram[0]:        438       435       438       435       398       396       397       402       416       420       388       400       370       375       363       370
dram[1]:        458       448       456       464       418       411       409       406       437       425       375       393       420       401       373       381
dram[2]:        431       441       434       421       411       415       416       420       448       423       350       363       369       356       380       364
dram[3]:        453       453       419       448       386       386       368       380       385       379       362       364       370       382       371       364
dram[4]:        449       437       448       451       392       417       375       380       379       391       373       382       378       375       377       366
dram[5]:        455       452       448       448       426       413       378       379       392       391       382       363       372       377       379       377
dram[6]:        462       442       443       434       391       436       442       456       365       379       372       362       364       388       371       375
dram[7]:        443       458       426       448       393       395       389       380       425       443       368       376       379       373       361       362
dram[8]:        439       455       427       438       400       404       371       376       373       366       360       363       376       381       369       377
dram[9]:        453       446       451       454       415       420       409       386       365       378       363       366       370       372       370       368
dram[10]:        434       434       433       438       377       373       384       384       367       383       385       384       376       374       370       363
dram[11]:        424       426       429       421       377       377       407       399       396       379       369       396       372       386       360       354
dram[12]:        436       434       421       419       384       384       381       395       357       359       368       368       364       415       375       376
dram[13]:        461       456       445       450       394       388       400       384       384       387       372       386       369       382       381       370
dram[14]:        435       426       411       409       400       414       389       398       371       383       362       360       385       379       362       362
dram[15]:        460       457       437       446       417       408       385       390       385       384       362       360       396       365       360       366
Memory Partition 0: 
Cache L2_bank_000:
MSHR contents

Cache L2_bank_001:
MSHR contents

In Dram Latency Queue (total = 0): 
DRAM[0]: 16 bks, busW=2 BL=16 CL=24, tRRD=12 tCCD=4, tRCD=24 tRAS=55 tRP=24 tRC=78
n_cmd=19521 n_nop=19521 n_act=0 n_pre=0 n_ref_event=0 n_req=0 n_rd=0 n_rd_L2_A=0 n_write=0 n_wr_bk=0 bw_util=0
n_activity=0 dram_eff=-nan
bk0: 0a 19521i bk1: 0a 19521i bk2: 0a 19521i bk3: 0a 19521i bk4: 0a 19521i bk5: 0a 19521i bk6: 0a 19521i bk7: 0a 19521i bk8: 0a 19521i bk9: 0a 19521i bk10: 0a 19521i bk11: 0a 19521i bk12: 0a 19521i bk13: 0a 19521i bk14: 0a 19521i bk15: 0a 19521i 

------------------------------------------------------------------------

Row_Buffer_Locality = -nan
Row_Buffer_Locality_read = -nan
Row_Buffer_Locality_write = -nan
Bank_Level_Parallism = -nan
Bank_Level_Parallism_Col = -nan
Bank_Level_Parallism_Ready = -nan
write_to_read_ratio_blp_rw_average = -nan
GrpLevelPara = -nan 

BW Util details:
bwutil = 0.000000 
total_CMD = 19521 
util_bw = 0 
Wasted_Col = 0 
Wasted_Row = 0 
Idle = 19521 

BW Util Bottlenecks: 
RCDc_limit = 0 
RCDWRc_limit = 0 
WTRc_limit = 0 
RTWc_limit = 0 
CCDLc_limit = 0 
rwq = 0 
CCDLc_limit_alone = 0 
WTRc_limit_alone = 0 
RTWc_limit_alone = 0 

Commands details: 
total_CMD = 19521 
n_nop = 19521 
Read = 0 
Write = 0 
L2_Alloc = 0 
L2_WB = 0 
n_act = 0 
n_pre = 0 
n_ref = 0 
n_req = 0 
total_req = 0 

Dual Bus Interface Util: 
issued_total_row = 0 
issued_total_col = 0 
Row_Bus_Util =  0.000000 
CoL_Bus_Util = 0.000000 
Either_Row_CoL_Bus_Util = 0.000000 
Issued_on_Two_Bus_Simul_Util = 0.000000 
issued_two_Eff = -nan 
queue_avg = 0.000000 


dram_util_bins: 0 0 0 0 0 0 0 0 0 0
dram_eff_bins: 0 0 0 0 0 0 0 0 0 0
mrqq: max=0 avg=0
Memory Partition 1: 
Cache L2_bank_002:
MSHR contents

Cache L2_bank_003:
MSHR contents

In Dram Latency Queue (total = 0): 
DRAM[1]: 16 bks, busW=2 BL=16 CL=24, tRRD=12 tCCD=4, tRCD=24 tRAS=55 tRP=24 tRC=78
n_cmd=19521 n_nop=19521 n_act=0 n_pre=0 n_ref_event=0 n_req=0 n_rd=0 n_rd_L2_A=0 n_write=0 n_wr_bk=0 bw_util=0
n_activity=0 dram_eff=-nan
bk0: 0a 19521i bk1: 0a 19521i bk2: 0a 19521i bk3: 0a 19521i bk4: 0a 19521i bk5: 0a 19521i bk6: 0a 19521i bk7: 0a 19521i bk8: 0a 19521i bk9: 0a 19521i bk10: 0a 19521i bk11: 0a 19521i bk12: 0a 19521i bk13: 0a 19521i bk14: 0a 19521i bk15: 0a 19521i 

------------------------------------------------------------------------

Row_Buffer_Locality = -nan
Row_Buffer_Locality_read = -nan
Row_Buffer_Locality_write = -nan
Bank_Level_Parallism = -nan
Bank_Level_Parallism_Col = -nan
Bank_Level_Parallism_Ready = -nan
write_to_read_ratio_blp_rw_average = -nan
GrpLevelPara = -nan 

BW Util details:
bwutil = 0.000000 
total_CMD = 19521 
util_bw = 0 
Wasted_Col = 0 
Wasted_Row = 0 
Idle = 19521 

BW Util Bottlenecks: 
RCDc_limit = 0 
RCDWRc_limit = 0 
WTRc_limit = 0 
RTWc_limit = 0 
CCDLc_limit = 0 
rwq = 0 
CCDLc_limit_alone = 0 
WTRc_limit_alone = 0 
RTWc_limit_alone = 0 

Commands details: 
total_CMD = 19521 
n_nop = 19521 
Read = 0 
Write = 0 
L2_Alloc = 0 
L2_WB = 0 
n_act = 0 
n_pre = 0 
n_ref = 0 
n_req = 0 
total_req = 0 

Dual Bus Interface Util: 
issued_total_row = 0 
issued_total_col = 0 
Row_Bus_Util =  0.000000 
CoL_Bus_Util = 0.000000 
Either_Row_CoL_Bus_Util = 0.000000 
Issued_on_Two_Bus_Simul_Util = 0.000000 
issued_two_Eff = -nan 
queue_avg = 0.000000 


dram_util_bins: 0 0 0 0 0 0 0 0 0 0
dram_eff_bins: 0 0 0 0 0 0 0 0 0 0
mrqq: max=0 avg=0
Memory Partition 2: 
Cache L2_bank_004:
MSHR contents

Cache L2_bank_005:
MSHR contents

In Dram Latency Queue (total = 0): 
DRAM[2]: 16 bks, busW=2 BL=16 CL=24, tRRD=12 tCCD=4, tRCD=24 tRAS=55 tRP=24 tRC=78
n_cmd=19521 n_nop=19521 n_act=0 n_pre=0 n_ref_event=0 n_req=0 n_rd=0 n_rd_L2_A=0 n_write=0 n_wr_bk=0 bw_util=0
n_activity=0 dram_eff=-nan
bk0: 0a 19521i bk1: 0a 19521i bk2: 0a 19521i bk3: 0a 19521i bk4: 0a 19521i bk5: 0a 19521i bk6: 0a 19521i bk7: 0a 19521i bk8: 0a 19521i bk9: 0a 19521i bk10: 0a 19521i bk11: 0a 19521i bk12: 0a 19521i bk13: 0a 19521i bk14: 0a 19521i bk15: 0a 19521i 

------------------------------------------------------------------------

Row_Buffer_Locality = -nan
Row_Buffer_Locality_read = -nan
Row_Buffer_Locality_write = -nan
Bank_Level_Parallism = -nan
Bank_Level_Parallism_Col = -nan
Bank_Level_Parallism_Ready = -nan
write_to_read_ratio_blp_rw_average = -nan
GrpLevelPara = -nan 

BW Util details:
bwutil = 0.000000 
total_CMD = 19521 
util_bw = 0 
Wasted_Col = 0 
Wasted_Row = 0 
Idle = 19521 

BW Util Bottlenecks: 
RCDc_limit = 0 
RCDWRc_limit = 0 
WTRc_limit = 0 
RTWc_limit = 0 
CCDLc_limit = 0 
rwq = 0 
CCDLc_limit_alone = 0 
WTRc_limit_alone = 0 
RTWc_limit_alone = 0 

Commands details: 
total_CMD = 19521 
n_nop = 19521 
Read = 0 
Write = 0 
L2_Alloc = 0 
L2_WB = 0 
n_act = 0 
n_pre = 0 
n_ref = 0 
n_req = 0 
total_req = 0 

Dual Bus Interface Util: 
issued_total_row = 0 
issued_total_col = 0 
Row_Bus_Util =  0.000000 
CoL_Bus_Util = 0.000000 
Either_Row_CoL_Bus_Util = 0.000000 
Issued_on_Two_Bus_Simul_Util = 0.000000 
issued_two_Eff = -nan 
queue_avg = 0.000000 


dram_util_bins: 0 0 0 0 0 0 0 0 0 0
dram_eff_bins: 0 0 0 0 0 0 0 0 0 0
mrqq: max=0 avg=0
Memory Partition 3: 
Cache L2_bank_006:
MSHR contents

Cache L2_bank_007:
MSHR contents

In Dram Latency Queue (total = 0): 
DRAM[3]: 16 bks, busW=2 BL=16 CL=24, tRRD=12 tCCD=4, tRCD=24 tRAS=55 tRP=24 tRC=78
n_cmd=19521 n_nop=19521 n_act=0 n_pre=0 n_ref_event=0 n_req=0 n_rd=0 n_rd_L2_A=0 n_write=0 n_wr_bk=0 bw_util=0
n_activity=0 dram_eff=-nan
bk0: 0a 19521i bk1: 0a 19521i bk2: 0a 19521i bk3: 0a 19521i bk4: 0a 19521i bk5: 0a 19521i bk6: 0a 19521i bk7: 0a 19521i bk8: 0a 19521i bk9: 0a 19521i bk10: 0a 19521i bk11: 0a 19521i bk12: 0a 19521i bk13: 0a 19521i bk14: 0a 19521i bk15: 0a 19521i 

------------------------------------------------------------------------

Row_Buffer_Locality = -nan
Row_Buffer_Locality_read = -nan
Row_Buffer_Locality_write = -nan
Bank_Level_Parallism = -nan
Bank_Level_Parallism_Col = -nan
Bank_Level_Parallism_Ready = -nan
write_to_read_ratio_blp_rw_average = -nan
GrpLevelPara = -nan 

BW Util details:
bwutil = 0.000000 
total_CMD = 19521 
util_bw = 0 
Wasted_Col = 0 
Wasted_Row = 0 
Idle = 19521 

BW Util Bottlenecks: 
RCDc_limit = 0 
RCDWRc_limit = 0 
WTRc_limit = 0 
RTWc_limit = 0 
CCDLc_limit = 0 
rwq = 0 
CCDLc_limit_alone = 0 
WTRc_limit_alone = 0 
RTWc_limit_alone = 0 

Commands details: 
total_CMD = 19521 
n_nop = 19521 
Read = 0 
Write = 0 
L2_Alloc = 0 
L2_WB = 0 
n_act = 0 
n_pre = 0 
n_ref = 0 
n_req = 0 
total_req = 0 

Dual Bus Interface Util: 
issued_total_row = 0 
issued_total_col = 0 
Row_Bus_Util =  0.000000 
CoL_Bus_Util = 0.000000 
Either_Row_CoL_Bus_Util = 0.000000 
Issued_on_Two_Bus_Simul_Util = 0.000000 
issued_two_Eff = -nan 
queue_avg = 0.000000 


dram_util_bins: 0 0 0 0 0 0 0 0 0 0
dram_eff_bins: 0 0 0 0 0 0 0 0 0 0
mrqq: max=0 avg=0
Memory Partition 4: 
Cache L2_bank_008:
MSHR contents

Cache L2_bank_009:
MSHR contents

In Dram Latency Queue (total = 0): 
DRAM[4]: 16 bks, busW=2 BL=16 CL=24, tRRD=12 tCCD=4, tRCD=24 tRAS=55 tRP=24 tRC=78
n_cmd=19521 n_nop=19521 n_act=0 n_pre=0 n_ref_event=0 n_req=0 n_rd=0 n_rd_L2_A=0 n_write=0 n_wr_bk=0 bw_util=0
n_activity=0 dram_eff=-nan
bk0: 0a 19521i bk1: 0a 19521i bk2: 0a 19521i bk3: 0a 19521i bk4: 0a 19521i bk5: 0a 19521i bk6: 0a 19521i bk7: 0a 19521i bk8: 0a 19521i bk9: 0a 19521i bk10: 0a 19521i bk11: 0a 19521i bk12: 0a 19521i bk13: 0a 19521i bk14: 0a 19521i bk15: 0a 19521i 

------------------------------------------------------------------------

Row_Buffer_Locality = -nan
Row_Buffer_Locality_read = -nan
Row_Buffer_Locality_write = -nan
Bank_Level_Parallism = -nan
Bank_Level_Parallism_Col = -nan
Bank_Level_Parallism_Ready = -nan
write_to_read_ratio_blp_rw_average = -nan
GrpLevelPara = -nan 

BW Util details:
bwutil = 0.000000 
total_CMD = 19521 
util_bw = 0 
Wasted_Col = 0 
Wasted_Row = 0 
Idle = 19521 

BW Util Bottlenecks: 
RCDc_limit = 0 
RCDWRc_limit = 0 
WTRc_limit = 0 
RTWc_limit = 0 
CCDLc_limit = 0 
rwq = 0 
CCDLc_limit_alone = 0 
WTRc_limit_alone = 0 
RTWc_limit_alone = 0 

Commands details: 
total_CMD = 19521 
n_nop = 19521 
Read = 0 
Write = 0 
L2_Alloc = 0 
L2_WB = 0 
n_act = 0 
n_pre = 0 
n_ref = 0 
n_req = 0 
total_req = 0 

Dual Bus Interface Util: 
issued_total_row = 0 
issued_total_col = 0 
Row_Bus_Util =  0.000000 
CoL_Bus_Util = 0.000000 
Either_Row_CoL_Bus_Util = 0.000000 
Issued_on_Two_Bus_Simul_Util = 0.000000 
issued_two_Eff = -nan 
queue_avg = 0.000000 


dram_util_bins: 0 0 0 0 0 0 0 0 0 0
dram_eff_bins: 0 0 0 0 0 0 0 0 0 0
mrqq: max=0 avg=0
Memory Partition 5: 
Cache L2_bank_010:
MSHR contents

Cache L2_bank_011:
MSHR contents

In Dram Latency Queue (total = 0): 
DRAM[5]: 16 bks, busW=2 BL=16 CL=24, tRRD=12 tCCD=4, tRCD=24 tRAS=55 tRP=24 tRC=78
n_cmd=19521 n_nop=19521 n_act=0 n_pre=0 n_ref_event=0 n_req=0 n_rd=0 n_rd_L2_A=0 n_write=0 n_wr_bk=0 bw_util=0
n_activity=0 dram_eff=-nan
bk0: 0a 19521i bk1: 0a 19521i bk2: 0a 19521i bk3: 0a 19521i bk4: 0a 19521i bk5: 0a 19521i bk6: 0a 19521i bk7: 0a 19521i bk8: 0a 19521i bk9: 0a 19521i bk10: 0a 19521i bk11: 0a 19521i bk12: 0a 19521i bk13: 0a 19521i bk14: 0a 19521i bk15: 0a 19521i 

------------------------------------------------------------------------

Row_Buffer_Locality = -nan
Row_Buffer_Locality_read = -nan
Row_Buffer_Locality_write = -nan
Bank_Level_Parallism = -nan
Bank_Level_Parallism_Col = -nan
Bank_Level_Parallism_Ready = -nan
write_to_read_ratio_blp_rw_average = -nan
GrpLevelPara = -nan 

BW Util details:
bwutil = 0.000000 
total_CMD = 19521 
util_bw = 0 
Wasted_Col = 0 
Wasted_Row = 0 
Idle = 19521 

BW Util Bottlenecks: 
RCDc_limit = 0 
RCDWRc_limit = 0 
WTRc_limit = 0 
RTWc_limit = 0 
CCDLc_limit = 0 
rwq = 0 
CCDLc_limit_alone = 0 
WTRc_limit_alone = 0 
RTWc_limit_alone = 0 

Commands details: 
total_CMD = 19521 
n_nop = 19521 
Read = 0 
Write = 0 
L2_Alloc = 0 
L2_WB = 0 
n_act = 0 
n_pre = 0 
n_ref = 0 
n_req = 0 
total_req = 0 

Dual Bus Interface Util: 
issued_total_row = 0 
issued_total_col = 0 
Row_Bus_Util =  0.000000 
CoL_Bus_Util = 0.000000 
Either_Row_CoL_Bus_Util = 0.000000 
Issued_on_Two_Bus_Simul_Util = 0.000000 
issued_two_Eff = -nan 
queue_avg = 0.000000 


dram_util_bins: 0 0 0 0 0 0 0 0 0 0
dram_eff_bins: 0 0 0 0 0 0 0 0 0 0
mrqq: max=0 avg=0
Memory Partition 6: 
Cache L2_bank_012:
MSHR contents

Cache L2_bank_013:
MSHR contents

In Dram Latency Queue (total = 0): 
DRAM[6]: 16 bks, busW=2 BL=16 CL=24, tRRD=12 tCCD=4, tRCD=24 tRAS=55 tRP=24 tRC=78
n_cmd=19521 n_nop=19521 n_act=0 n_pre=0 n_ref_event=0 n_req=0 n_rd=0 n_rd_L2_A=0 n_write=0 n_wr_bk=0 bw_util=0
n_activity=0 dram_eff=-nan
bk0: 0a 19521i bk1: 0a 19521i bk2: 0a 19521i bk3: 0a 19521i bk4: 0a 19521i bk5: 0a 19521i bk6: 0a 19521i bk7: 0a 19521i bk8: 0a 19521i bk9: 0a 19521i bk10: 0a 19521i bk11: 0a 19521i bk12: 0a 19521i bk13: 0a 19521i bk14: 0a 19521i bk15: 0a 19521i 

------------------------------------------------------------------------

Row_Buffer_Locality = -nan
Row_Buffer_Locality_read = -nan
Row_Buffer_Locality_write = -nan
Bank_Level_Parallism = -nan
Bank_Level_Parallism_Col = -nan
Bank_Level_Parallism_Ready = -nan
write_to_read_ratio_blp_rw_average = -nan
GrpLevelPara = -nan 

BW Util details:
bwutil = 0.000000 
total_CMD = 19521 
util_bw = 0 
Wasted_Col = 0 
Wasted_Row = 0 
Idle = 19521 

BW Util Bottlenecks: 
RCDc_limit = 0 
RCDWRc_limit = 0 
WTRc_limit = 0 
RTWc_limit = 0 
CCDLc_limit = 0 
rwq = 0 
CCDLc_limit_alone = 0 
WTRc_limit_alone = 0 
RTWc_limit_alone = 0 

Commands details: 
total_CMD = 19521 
n_nop = 19521 
Read = 0 
Write = 0 
L2_Alloc = 0 
L2_WB = 0 
n_act = 0 
n_pre = 0 
n_ref = 0 
n_req = 0 
total_req = 0 

Dual Bus Interface Util: 
issued_total_row = 0 
issued_total_col = 0 
Row_Bus_Util =  0.000000 
CoL_Bus_Util = 0.000000 
Either_Row_CoL_Bus_Util = 0.000000 
Issued_on_Two_Bus_Simul_Util = 0.000000 
issued_two_Eff = -nan 
queue_avg = 0.000000 


dram_util_bins: 0 0 0 0 0 0 0 0 0 0
dram_eff_bins: 0 0 0 0 0 0 0 0 0 0
mrqq: max=0 avg=0
Memory Partition 7: 
Cache L2_bank_014:
MSHR contents

Cache L2_bank_015:
MSHR contents

In Dram Latency Queue (total = 0): 
DRAM[7]: 16 bks, busW=2 BL=16 CL=24, tRRD=12 tCCD=4, tRCD=24 tRAS=55 tRP=24 tRC=78
n_cmd=19521 n_nop=19521 n_act=0 n_pre=0 n_ref_event=0 n_req=0 n_rd=0 n_rd_L2_A=0 n_write=0 n_wr_bk=0 bw_util=0
n_activity=0 dram_eff=-nan
bk0: 0a 19521i bk1: 0a 19521i bk2: 0a 19521i bk3: 0a 19521i bk4: 0a 19521i bk5: 0a 19521i bk6: 0a 19521i bk7: 0a 19521i bk8: 0a 19521i bk9: 0a 19521i bk10: 0a 19521i bk11: 0a 19521i bk12: 0a 19521i bk13: 0a 19521i bk14: 0a 19521i bk15: 0a 19521i 

------------------------------------------------------------------------

Row_Buffer_Locality = -nan
Row_Buffer_Locality_read = -nan
Row_Buffer_Locality_write = -nan
Bank_Level_Parallism = -nan
Bank_Level_Parallism_Col = -nan
Bank_Level_Parallism_Ready = -nan
write_to_read_ratio_blp_rw_average = -nan
GrpLevelPara = -nan 

BW Util details:
bwutil = 0.000000 
total_CMD = 19521 
util_bw = 0 
Wasted_Col = 0 
Wasted_Row = 0 
Idle = 19521 

BW Util Bottlenecks: 
RCDc_limit = 0 
RCDWRc_limit = 0 
WTRc_limit = 0 
RTWc_limit = 0 
CCDLc_limit = 0 
rwq = 0 
CCDLc_limit_alone = 0 
WTRc_limit_alone = 0 
RTWc_limit_alone = 0 

Commands details: 
total_CMD = 19521 
n_nop = 19521 
Read = 0 
Write = 0 
L2_Alloc = 0 
L2_WB = 0 
n_act = 0 
n_pre = 0 
n_ref = 0 
n_req = 0 
total_req = 0 

Dual Bus Interface Util: 
issued_total_row = 0 
issued_total_col = 0 
Row_Bus_Util =  0.000000 
CoL_Bus_Util = 0.000000 
Either_Row_CoL_Bus_Util = 0.000000 
Issued_on_Two_Bus_Simul_Util = 0.000000 
issued_two_Eff = -nan 
queue_avg = 0.000000 


dram_util_bins: 0 0 0 0 0 0 0 0 0 0
dram_eff_bins: 0 0 0 0 0 0 0 0 0 0
mrqq: max=0 avg=0
Memory Partition 8: 
Cache L2_bank_016:
MSHR contents

Cache L2_bank_017:
MSHR contents

In Dram Latency Queue (total = 0): 
DRAM[8]: 16 bks, busW=2 BL=16 CL=24, tRRD=12 tCCD=4, tRCD=24 tRAS=55 tRP=24 tRC=78
n_cmd=19521 n_nop=19521 n_act=0 n_pre=0 n_ref_event=0 n_req=0 n_rd=0 n_rd_L2_A=0 n_write=0 n_wr_bk=0 bw_util=0
n_activity=0 dram_eff=-nan
bk0: 0a 19521i bk1: 0a 19521i bk2: 0a 19521i bk3: 0a 19521i bk4: 0a 19521i bk5: 0a 19521i bk6: 0a 19521i bk7: 0a 19521i bk8: 0a 19521i bk9: 0a 19521i bk10: 0a 19521i bk11: 0a 19521i bk12: 0a 19521i bk13: 0a 19521i bk14: 0a 19521i bk15: 0a 19521i 

------------------------------------------------------------------------

Row_Buffer_Locality = -nan
Row_Buffer_Locality_read = -nan
Row_Buffer_Locality_write = -nan
Bank_Level_Parallism = -nan
Bank_Level_Parallism_Col = -nan
Bank_Level_Parallism_Ready = -nan
write_to_read_ratio_blp_rw_average = -nan
GrpLevelPara = -nan 

BW Util details:
bwutil = 0.000000 
total_CMD = 19521 
util_bw = 0 
Wasted_Col = 0 
Wasted_Row = 0 
Idle = 19521 

BW Util Bottlenecks: 
RCDc_limit = 0 
RCDWRc_limit = 0 
WTRc_limit = 0 
RTWc_limit = 0 
CCDLc_limit = 0 
rwq = 0 
CCDLc_limit_alone = 0 
WTRc_limit_alone = 0 
RTWc_limit_alone = 0 

Commands details: 
total_CMD = 19521 
n_nop = 19521 
Read = 0 
Write = 0 
L2_Alloc = 0 
L2_WB = 0 
n_act = 0 
n_pre = 0 
n_ref = 0 
n_req = 0 
total_req = 0 

Dual Bus Interface Util: 
issued_total_row = 0 
issued_total_col = 0 
Row_Bus_Util =  0.000000 
CoL_Bus_Util = 0.000000 
Either_Row_CoL_Bus_Util = 0.000000 
Issued_on_Two_Bus_Simul_Util = 0.000000 
issued_two_Eff = -nan 
queue_avg = 0.000000 


dram_util_bins: 0 0 0 0 0 0 0 0 0 0
dram_eff_bins: 0 0 0 0 0 0 0 0 0 0
mrqq: max=0 avg=0
Memory Partition 9: 
Cache L2_bank_018:
MSHR contents

Cache L2_bank_019:
MSHR contents

In Dram Latency Queue (total = 0): 
DRAM[9]: 16 bks, busW=2 BL=16 CL=24, tRRD=12 tCCD=4, tRCD=24 tRAS=55 tRP=24 tRC=78
n_cmd=19521 n_nop=19521 n_act=0 n_pre=0 n_ref_event=0 n_req=0 n_rd=0 n_rd_L2_A=0 n_write=0 n_wr_bk=0 bw_util=0
n_activity=0 dram_eff=-nan
bk0: 0a 19521i bk1: 0a 19521i bk2: 0a 19521i bk3: 0a 19521i bk4: 0a 19521i bk5: 0a 19521i bk6: 0a 19521i bk7: 0a 19521i bk8: 0a 19521i bk9: 0a 19521i bk10: 0a 19521i bk11: 0a 19521i bk12: 0a 19521i bk13: 0a 19521i bk14: 0a 19521i bk15: 0a 19521i 

------------------------------------------------------------------------

Row_Buffer_Locality = -nan
Row_Buffer_Locality_read = -nan
Row_Buffer_Locality_write = -nan
Bank_Level_Parallism = -nan
Bank_Level_Parallism_Col = -nan
Bank_Level_Parallism_Ready = -nan
write_to_read_ratio_blp_rw_average = -nan
GrpLevelPara = -nan 

BW Util details:
bwutil = 0.000000 
total_CMD = 19521 
util_bw = 0 
Wasted_Col = 0 
Wasted_Row = 0 
Idle = 19521 

BW Util Bottlenecks: 
RCDc_limit = 0 
RCDWRc_limit = 0 
WTRc_limit = 0 
RTWc_limit = 0 
CCDLc_limit = 0 
rwq = 0 
CCDLc_limit_alone = 0 
WTRc_limit_alone = 0 
RTWc_limit_alone = 0 

Commands details: 
total_CMD = 19521 
n_nop = 19521 
Read = 0 
Write = 0 
L2_Alloc = 0 
L2_WB = 0 
n_act = 0 
n_pre = 0 
n_ref = 0 
n_req = 0 
total_req = 0 

Dual Bus Interface Util: 
issued_total_row = 0 
issued_total_col = 0 
Row_Bus_Util =  0.000000 
CoL_Bus_Util = 0.000000 
Either_Row_CoL_Bus_Util = 0.000000 
Issued_on_Two_Bus_Simul_Util = 0.000000 
issued_two_Eff = -nan 
queue_avg = 0.000000 


dram_util_bins: 0 0 0 0 0 0 0 0 0 0
dram_eff_bins: 0 0 0 0 0 0 0 0 0 0
mrqq: max=0 avg=0
Memory Partition 10: 
Cache L2_bank_020:
MSHR contents

Cache L2_bank_021:
MSHR contents

In Dram Latency Queue (total = 0): 
DRAM[10]: 16 bks, busW=2 BL=16 CL=24, tRRD=12 tCCD=4, tRCD=24 tRAS=55 tRP=24 tRC=78
n_cmd=19521 n_nop=19521 n_act=0 n_pre=0 n_ref_event=0 n_req=0 n_rd=0 n_rd_L2_A=0 n_write=0 n_wr_bk=0 bw_util=0
n_activity=0 dram_eff=-nan
bk0: 0a 19521i bk1: 0a 19521i bk2: 0a 19521i bk3: 0a 19521i bk4: 0a 19521i bk5: 0a 19521i bk6: 0a 19521i bk7: 0a 19521i bk8: 0a 19521i bk9: 0a 19521i bk10: 0a 19521i bk11: 0a 19521i bk12: 0a 19521i bk13: 0a 19521i bk14: 0a 19521i bk15: 0a 19521i 

------------------------------------------------------------------------

Row_Buffer_Locality = -nan
Row_Buffer_Locality_read = -nan
Row_Buffer_Locality_write = -nan
Bank_Level_Parallism = -nan
Bank_Level_Parallism_Col = -nan
Bank_Level_Parallism_Ready = -nan
write_to_read_ratio_blp_rw_average = -nan
GrpLevelPara = -nan 

BW Util details:
bwutil = 0.000000 
total_CMD = 19521 
util_bw = 0 
Wasted_Col = 0 
Wasted_Row = 0 
Idle = 19521 

BW Util Bottlenecks: 
RCDc_limit = 0 
RCDWRc_limit = 0 
WTRc_limit = 0 
RTWc_limit = 0 
CCDLc_limit = 0 
rwq = 0 
CCDLc_limit_alone = 0 
WTRc_limit_alone = 0 
RTWc_limit_alone = 0 

Commands details: 
total_CMD = 19521 
n_nop = 19521 
Read = 0 
Write = 0 
L2_Alloc = 0 
L2_WB = 0 
n_act = 0 
n_pre = 0 
n_ref = 0 
n_req = 0 
total_req = 0 

Dual Bus Interface Util: 
issued_total_row = 0 
issued_total_col = 0 
Row_Bus_Util =  0.000000 
CoL_Bus_Util = 0.000000 
Either_Row_CoL_Bus_Util = 0.000000 
Issued_on_Two_Bus_Simul_Util = 0.000000 
issued_two_Eff = -nan 
queue_avg = 0.000000 


dram_util_bins: 0 0 0 0 0 0 0 0 0 0
dram_eff_bins: 0 0 0 0 0 0 0 0 0 0
mrqq: max=0 avg=0
Memory Partition 11: 
Cache L2_bank_022:
MSHR contents

Cache L2_bank_023:
MSHR contents

In Dram Latency Queue (total = 0): 
DRAM[11]: 16 bks, busW=2 BL=16 CL=24, tRRD=12 tCCD=4, tRCD=24 tRAS=55 tRP=24 tRC=78
n_cmd=19521 n_nop=19521 n_act=0 n_pre=0 n_ref_event=0 n_req=0 n_rd=0 n_rd_L2_A=0 n_write=0 n_wr_bk=0 bw_util=0
n_activity=0 dram_eff=-nan
bk0: 0a 19521i bk1: 0a 19521i bk2: 0a 19521i bk3: 0a 19521i bk4: 0a 19521i bk5: 0a 19521i bk6: 0a 19521i bk7: 0a 19521i bk8: 0a 19521i bk9: 0a 19521i bk10: 0a 19521i bk11: 0a 19521i bk12: 0a 19521i bk13: 0a 19521i bk14: 0a 19521i bk15: 0a 19521i 

------------------------------------------------------------------------

Row_Buffer_Locality = -nan
Row_Buffer_Locality_read = -nan
Row_Buffer_Locality_write = -nan
Bank_Level_Parallism = -nan
Bank_Level_Parallism_Col = -nan
Bank_Level_Parallism_Ready = -nan
write_to_read_ratio_blp_rw_average = -nan
GrpLevelPara = -nan 

BW Util details:
bwutil = 0.000000 
total_CMD = 19521 
util_bw = 0 
Wasted_Col = 0 
Wasted_Row = 0 
Idle = 19521 

BW Util Bottlenecks: 
RCDc_limit = 0 
RCDWRc_limit = 0 
WTRc_limit = 0 
RTWc_limit = 0 
CCDLc_limit = 0 
rwq = 0 
CCDLc_limit_alone = 0 
WTRc_limit_alone = 0 
RTWc_limit_alone = 0 

Commands details: 
total_CMD = 19521 
n_nop = 19521 
Read = 0 
Write = 0 
L2_Alloc = 0 
L2_WB = 0 
n_act = 0 
n_pre = 0 
n_ref = 0 
n_req = 0 
total_req = 0 

Dual Bus Interface Util: 
issued_total_row = 0 
issued_total_col = 0 
Row_Bus_Util =  0.000000 
CoL_Bus_Util = 0.000000 
Either_Row_CoL_Bus_Util = 0.000000 
Issued_on_Two_Bus_Simul_Util = 0.000000 
issued_two_Eff = -nan 
queue_avg = 0.000000 


dram_util_bins: 0 0 0 0 0 0 0 0 0 0
dram_eff_bins: 0 0 0 0 0 0 0 0 0 0
mrqq: max=0 avg=0
Memory Partition 12: 
Cache L2_bank_024:
MSHR contents

Cache L2_bank_025:
MSHR contents

In Dram Latency Queue (total = 0): 
DRAM[12]: 16 bks, busW=2 BL=16 CL=24, tRRD=12 tCCD=4, tRCD=24 tRAS=55 tRP=24 tRC=78
n_cmd=19521 n_nop=19521 n_act=0 n_pre=0 n_ref_event=0 n_req=0 n_rd=0 n_rd_L2_A=0 n_write=0 n_wr_bk=0 bw_util=0
n_activity=0 dram_eff=-nan
bk0: 0a 19521i bk1: 0a 19521i bk2: 0a 19521i bk3: 0a 19521i bk4: 0a 19521i bk5: 0a 19521i bk6: 0a 19521i bk7: 0a 19521i bk8: 0a 19521i bk9: 0a 19521i bk10: 0a 19521i bk11: 0a 19521i bk12: 0a 19521i bk13: 0a 19521i bk14: 0a 19521i bk15: 0a 19521i 

------------------------------------------------------------------------

Row_Buffer_Locality = -nan
Row_Buffer_Locality_read = -nan
Row_Buffer_Locality_write = -nan
Bank_Level_Parallism = -nan
Bank_Level_Parallism_Col = -nan
Bank_Level_Parallism_Ready = -nan
write_to_read_ratio_blp_rw_average = -nan
GrpLevelPara = -nan 

BW Util details:
bwutil = 0.000000 
total_CMD = 19521 
util_bw = 0 
Wasted_Col = 0 
Wasted_Row = 0 
Idle = 19521 

BW Util Bottlenecks: 
RCDc_limit = 0 
RCDWRc_limit = 0 
WTRc_limit = 0 
RTWc_limit = 0 
CCDLc_limit = 0 
rwq = 0 
CCDLc_limit_alone = 0 
WTRc_limit_alone = 0 
RTWc_limit_alone = 0 

Commands details: 
total_CMD = 19521 
n_nop = 19521 
Read = 0 
Write = 0 
L2_Alloc = 0 
L2_WB = 0 
n_act = 0 
n_pre = 0 
n_ref = 0 
n_req = 0 
total_req = 0 

Dual Bus Interface Util: 
issued_total_row = 0 
issued_total_col = 0 
Row_Bus_Util =  0.000000 
CoL_Bus_Util = 0.000000 
Either_Row_CoL_Bus_Util = 0.000000 
Issued_on_Two_Bus_Simul_Util = 0.000000 
issued_two_Eff = -nan 
queue_avg = 0.000000 


dram_util_bins: 0 0 0 0 0 0 0 0 0 0
dram_eff_bins: 0 0 0 0 0 0 0 0 0 0
mrqq: max=0 avg=0
Memory Partition 13: 
Cache L2_bank_026:
MSHR contents

Cache L2_bank_027:
MSHR contents

In Dram Latency Queue (total = 0): 
DRAM[13]: 16 bks, busW=2 BL=16 CL=24, tRRD=12 tCCD=4, tRCD=24 tRAS=55 tRP=24 tRC=78
n_cmd=19521 n_nop=19521 n_act=0 n_pre=0 n_ref_event=0 n_req=0 n_rd=0 n_rd_L2_A=0 n_write=0 n_wr_bk=0 bw_util=0
n_activity=0 dram_eff=-nan
bk0: 0a 19521i bk1: 0a 19521i bk2: 0a 19521i bk3: 0a 19521i bk4: 0a 19521i bk5: 0a 19521i bk6: 0a 19521i bk7: 0a 19521i bk8: 0a 19521i bk9: 0a 19521i bk10: 0a 19521i bk11: 0a 19521i bk12: 0a 19521i bk13: 0a 19521i bk14: 0a 19521i bk15: 0a 19521i 

------------------------------------------------------------------------

Row_Buffer_Locality = -nan
Row_Buffer_Locality_read = -nan
Row_Buffer_Locality_write = -nan
Bank_Level_Parallism = -nan
Bank_Level_Parallism_Col = -nan
Bank_Level_Parallism_Ready = -nan
write_to_read_ratio_blp_rw_average = -nan
GrpLevelPara = -nan 

BW Util details:
bwutil = 0.000000 
total_CMD = 19521 
util_bw = 0 
Wasted_Col = 0 
Wasted_Row = 0 
Idle = 19521 

BW Util Bottlenecks: 
RCDc_limit = 0 
RCDWRc_limit = 0 
WTRc_limit = 0 
RTWc_limit = 0 
CCDLc_limit = 0 
rwq = 0 
CCDLc_limit_alone = 0 
WTRc_limit_alone = 0 
RTWc_limit_alone = 0 

Commands details: 
total_CMD = 19521 
n_nop = 19521 
Read = 0 
Write = 0 
L2_Alloc = 0 
L2_WB = 0 
n_act = 0 
n_pre = 0 
n_ref = 0 
n_req = 0 
total_req = 0 

Dual Bus Interface Util: 
issued_total_row = 0 
issued_total_col = 0 
Row_Bus_Util =  0.000000 
CoL_Bus_Util = 0.000000 
Either_Row_CoL_Bus_Util = 0.000000 
Issued_on_Two_Bus_Simul_Util = 0.000000 
issued_two_Eff = -nan 
queue_avg = 0.000000 


dram_util_bins: 0 0 0 0 0 0 0 0 0 0
dram_eff_bins: 0 0 0 0 0 0 0 0 0 0
mrqq: max=0 avg=0
Memory Partition 14: 
Cache L2_bank_028:
MSHR contents

Cache L2_bank_029:
MSHR contents

In Dram Latency Queue (total = 0): 
DRAM[14]: 16 bks, busW=2 BL=16 CL=24, tRRD=12 tCCD=4, tRCD=24 tRAS=55 tRP=24 tRC=78
n_cmd=19521 n_nop=19521 n_act=0 n_pre=0 n_ref_event=0 n_req=0 n_rd=0 n_rd_L2_A=0 n_write=0 n_wr_bk=0 bw_util=0
n_activity=0 dram_eff=-nan
bk0: 0a 19521i bk1: 0a 19521i bk2: 0a 19521i bk3: 0a 19521i bk4: 0a 19521i bk5: 0a 19521i bk6: 0a 19521i bk7: 0a 19521i bk8: 0a 19521i bk9: 0a 19521i bk10: 0a 19521i bk11: 0a 19521i bk12: 0a 19521i bk13: 0a 19521i bk14: 0a 19521i bk15: 0a 19521i 

------------------------------------------------------------------------

Row_Buffer_Locality = -nan
Row_Buffer_Locality_read = -nan
Row_Buffer_Locality_write = -nan
Bank_Level_Parallism = -nan
Bank_Level_Parallism_Col = -nan
Bank_Level_Parallism_Ready = -nan
write_to_read_ratio_blp_rw_average = -nan
GrpLevelPara = -nan 

BW Util details:
bwutil = 0.000000 
total_CMD = 19521 
util_bw = 0 
Wasted_Col = 0 
Wasted_Row = 0 
Idle = 19521 

BW Util Bottlenecks: 
RCDc_limit = 0 
RCDWRc_limit = 0 
WTRc_limit = 0 
RTWc_limit = 0 
CCDLc_limit = 0 
rwq = 0 
CCDLc_limit_alone = 0 
WTRc_limit_alone = 0 
RTWc_limit_alone = 0 

Commands details: 
total_CMD = 19521 
n_nop = 19521 
Read = 0 
Write = 0 
L2_Alloc = 0 
L2_WB = 0 
n_act = 0 
n_pre = 0 
n_ref = 0 
n_req = 0 
total_req = 0 

Dual Bus Interface Util: 
issued_total_row = 0 
issued_total_col = 0 
Row_Bus_Util =  0.000000 
CoL_Bus_Util = 0.000000 
Either_Row_CoL_Bus_Util = 0.000000 
Issued_on_Two_Bus_Simul_Util = 0.000000 
issued_two_Eff = -nan 
queue_avg = 0.000000 


dram_util_bins: 0 0 0 0 0 0 0 0 0 0
dram_eff_bins: 0 0 0 0 0 0 0 0 0 0
mrqq: max=0 avg=0
Memory Partition 15: 
Cache L2_bank_030:
MSHR contents

Cache L2_bank_031:
MSHR contents

In Dram Latency Queue (total = 0): 
DRAM[15]: 16 bks, busW=2 BL=16 CL=24, tRRD=12 tCCD=4, tRCD=24 tRAS=55 tRP=24 tRC=78
n_cmd=19521 n_nop=19521 n_act=0 n_pre=0 n_ref_event=0 n_req=0 n_rd=0 n_rd_L2_A=0 n_write=0 n_wr_bk=0 bw_util=0
n_activity=0 dram_eff=-nan
bk0: 0a 19521i bk1: 0a 19521i bk2: 0a 19521i bk3: 0a 19521i bk4: 0a 19521i bk5: 0a 19521i bk6: 0a 19521i bk7: 0a 19521i bk8: 0a 19521i bk9: 0a 19521i bk10: 0a 19521i bk11: 0a 19521i bk12: 0a 19521i bk13: 0a 19521i bk14: 0a 19521i bk15: 0a 19521i 

------------------------------------------------------------------------

Row_Buffer_Locality = -nan
Row_Buffer_Locality_read = -nan
Row_Buffer_Locality_write = -nan
Bank_Level_Parallism = -nan
Bank_Level_Parallism_Col = -nan
Bank_Level_Parallism_Ready = -nan
write_to_read_ratio_blp_rw_average = -nan
GrpLevelPara = -nan 

BW Util details:
bwutil = 0.000000 
total_CMD = 19521 
util_bw = 0 
Wasted_Col = 0 
Wasted_Row = 0 
Idle = 19521 

BW Util Bottlenecks: 
RCDc_limit = 0 
RCDWRc_limit = 0 
WTRc_limit = 0 
RTWc_limit = 0 
CCDLc_limit = 0 
rwq = 0 
CCDLc_limit_alone = 0 
WTRc_limit_alone = 0 
RTWc_limit_alone = 0 

Commands details: 
total_CMD = 19521 
n_nop = 19521 
Read = 0 
Write = 0 
L2_Alloc = 0 
L2_WB = 0 
n_act = 0 
n_pre = 0 
n_ref = 0 
n_req = 0 
total_req = 0 

Dual Bus Interface Util: 
issued_total_row = 0 
issued_total_col = 0 
Row_Bus_Util =  0.000000 
CoL_Bus_Util = 0.000000 
Either_Row_CoL_Bus_Util = 0.000000 
Issued_on_Two_Bus_Simul_Util = 0.000000 
issued_two_Eff = -nan 
queue_avg = 0.000000 


dram_util_bins: 0 0 0 0 0 0 0 0 0 0
dram_eff_bins: 0 0 0 0 0 0 0 0 0 0
mrqq: max=0 avg=0

========= L2 cache stats =========
L2_cache_bank[0]: Access = 2048, Miss = 1024, Miss_rate = 0.500, Pending_hits = 0, Reservation_fails = 0
L2_cache_bank[1]: Access = 2048, Miss = 1024, Miss_rate = 0.500, Pending_hits = 0, Reservation_fails = 0
L2_cache_bank[2]: Access = 2048, Miss = 1024, Miss_rate = 0.500, Pending_hits = 0, Reservation_fails = 0
L2_cache_bank[3]: Access = 2048, Miss = 1024, Miss_rate = 0.500, Pending_hits = 0, Reservation_fails = 0
L2_cache_bank[4]: Access = 2048, Miss = 1024, Miss_rate = 0.500, Pending_hits = 0, Reservation_fails = 0
L2_cache_bank[5]: Access = 2048, Miss = 1024, Miss_rate = 0.500, Pending_hits = 0, Reservation_fails = 0
L2_cache_bank[6]: Access = 2048, Miss = 1024, Miss_rate = 0.500, Pending_hits = 0, Reservation_fails = 0
L2_cache_bank[7]: Access = 2048, Miss = 1024, Miss_rate = 0.500, Pending_hits = 0, Reservation_fails = 0
L2_cache_bank[8]: Access = 2048, Miss = 1024, Miss_rate = 0.500, Pending_hits = 0, Reservation_fails = 0
L2_cache_bank[9]: Access = 2048, Miss = 1024, Miss_rate = 0.500, Pending_hits = 0, Reservation_fails = 0
L2_cache_bank[10]: Access = 2048, Miss = 1024, Miss_rate = 0.500, Pending_hits = 0, Reservation_fails = 0
L2_cache_bank[11]: Access = 2048, Miss = 1024, Miss_rate = 0.500, Pending_hits = 0, Reservation_fails = 0
L2_cache_bank[12]: Access = 2048, Miss = 1024, Miss_rate = 0.500, Pending_hits = 0, Reservation_fails = 0
L2_cache_bank[13]: Access = 2048, Miss = 1024, Miss_rate = 0.500, Pending_hits = 0, Reservation_fails = 0
L2_cache_bank[14]: Access = 2048, Miss = 1024, Miss_rate = 0.500, Pending_hits = 0, Reservation_fails = 0
L2_cache_bank[15]: Access = 2048, Miss = 1024, Miss_rate = 0.500, Pending_hits = 0, Reservation_fails = 0
L2_cache_bank[16]: Access = 2048, Miss = 1024, Miss_rate = 0.500, Pending_hits = 0, Reservation_fails = 0
L2_cache_bank[17]: Access = 2048, Miss = 1024, Miss_rate = 0.500, Pending_hits = 0, Reservation_fails = 0
L2_cache_bank[18]: Access = 2048, Miss = 1024, Miss_rate = 0.500, Pending_hits = 0, Reservation_fails = 0
L2_cache_bank[19]: Access = 2048, Miss = 1024, Miss_rate = 0.500, Pending_hits = 0, Reservation_fails = 0
L2_cache_bank[20]: Access = 2048, Miss = 1024, Miss_rate = 0.500, Pending_hits = 0, Reservation_fails = 0
L2_cache_bank[21]: Access = 2048, Miss = 1024, Miss_rate = 0.500, Pending_hits = 0, Reservation_fails = 0
L2_cache_bank[22]: Access = 2048, Miss = 1024, Miss_rate = 0.500, Pending_hits = 0, Reservation_fails = 0
L2_cache_bank[23]: Access = 2048, Miss = 1024, Miss_rate = 0.500, Pending_hits = 0, Reservation_fails = 0
L2_cache_bank[24]: Access = 2048, Miss = 1024, Miss_rate = 0.500, Pending_hits = 0, Reservation_fails = 0
L2_cache_bank[25]: Access = 2048, Miss = 1024, Miss_rate = 0.500, Pending_hits = 0, Reservation_fails = 0
L2_cache_bank[26]: Access = 2048, Miss = 1024, Miss_rate = 0.500, Pending_hits = 0, Reservation_fails = 0
L2_cache_bank[27]: Access = 2048, Miss = 1024, Miss_rate = 0.500, Pending_hits = 0, Reservation_fails = 0
L2_cache_bank[28]: Access = 2048, Miss = 1024, Miss_rate = 0.500, Pending_hits = 0, Reservation_fails = 0
L2_cache_bank[29]: Access = 2048, Miss = 1024, Miss_rate = 0.500, Pending_hits = 0, Reservation_fails = 0
L2_cache_bank[30]: Access = 2048, Miss = 1024, Miss_rate = 0.500, Pending_hits = 0, Reservation_fails = 0
L2_cache_bank[31]: Access = 2048, Miss = 1024, Miss_rate = 0.500, Pending_hits = 0, Reservation_fails = 0
L2_total_cache_accesses = 65536
L2_total_cache_misses = 32768
L2_total_cache_miss_rate = 0.5000
L2_total_cache_pending_hits = 0
L2_total_cache_reservation_fails = 0
L2_total_cache_breakdown:
	L2_cache_stats_breakdown[GLOBAL_ACC_R][HIT] = 32768
	L2_cache_stats_breakdown[GLOBAL_ACC_R][HIT_RESERVED] = 0
	L2_cache_stats_breakdown[GLOBAL_ACC_R][MISS] = 0
	L2_cache_stats_breakdown[GLOBAL_ACC_R][RESERVATION_FAIL] = 0
	L2_cache_stats_breakdown[GLOBAL_ACC_R][SECTOR_MISS] = 0
	L2_cache_stats_breakdown[GLOBAL_ACC_R][MSHR_HIT] = 0
	L2_cache_stats_breakdown[LOCAL_ACC_R][HIT] = 0
	L2_cache_stats_breakdown[LOCAL_ACC_R][HIT_RESERVED] = 0
	L2_cache_stats_breakdown[LOCAL_ACC_R][MISS] = 0
	L2_cache_stats_breakdown[LOCAL_ACC_R][RESERVATION_FAIL] = 0
	L2_cache_stats_breakdown[LOCAL_ACC_R][SECTOR_MISS] = 0
	L2_cache_stats_breakdown[LOCAL_ACC_R][MSHR_HIT] = 0
	L2_cache_stats_breakdown[CONST_ACC_R][HIT] = 0
	L2_cache_stats_breakdown[CONST_ACC_R][HIT_RESERVED] = 0
	L2_cache_stats_breakdown[CONST_ACC_R][MISS] = 0
	L2_cache_stats_breakdown[CONST_ACC_R][RESERVATION_FAIL] = 0
	L2_cache_stats_breakdown[CONST_ACC_R][SECTOR_MISS] = 0
	L2_cache_stats_breakdown[CONST_ACC_R][MSHR_HIT] = 0
	L2_cache_stats_breakdown[TEXTURE_ACC_R][HIT] = 0
	L2_cache_stats_breakdown[TEXTURE_ACC_R][HIT_RESERVED] = 0
	L2_cache_stats_breakdown[TEXTURE_ACC_R][MISS] = 0
	L2_cache_stats_breakdown[TEXTURE_ACC_R][RESERVATION_FAIL] = 0
	L2_cache_stats_breakdown[TEXTURE_ACC_R][SECTOR_MISS] = 0
	L2_cache_stats_breakdown[TEXTURE_ACC_R][MSHR_HIT] = 0
	L2_cache_stats_breakdown[GLOBAL_ACC_W][HIT] = 0
	L2_cache_stats_breakdown[GLOBAL_ACC_W][HIT_RESERVED] = 0
	L2_cache_stats_breakdown[GLOBAL_ACC_W][MISS] = 8192
	L2_cache_stats_breakdown[GLOBAL_ACC_W][RESERVATION_FAIL] = 0
	L2_cache_stats_breakdown[GLOBAL_ACC_W][SECTOR_MISS] = 24576
	L2_cache_stats_breakdown[GLOBAL_ACC_W][MSHR_HIT] = 0
	L2_cache_stats_breakdown[LOCAL_ACC_W][HIT] = 0
	L2_cache_stats_breakdown[LOCAL_ACC_W][HIT_RESERVED] = 0
	L2_cache_stats_breakdown[LOCAL_ACC_W][MISS] = 0
	L2_cache_stats_breakdown[LOCAL_ACC_W][RESERVATION_FAIL] = 0
	L2_cache_stats_breakdown[LOCAL_ACC_W][SECTOR_MISS] = 0
	L2_cache_stats_breakdown[LOCAL_ACC_W][MSHR_HIT] = 0
	L2_cache_stats_breakdown[L1_WRBK_ACC][HIT] = 0
	L2_cache_stats_breakdown[L1_WRBK_ACC][HIT_RESERVED] = 0
	L2_cache_stats_breakdown[L1_WRBK_ACC][MISS] = 0
	L2_cache_stats_breakdown[L1_WRBK_ACC][RESERVATION_FAIL] = 0
	L2_cache_stats_breakdown[L1_WRBK_ACC][SECTOR_MISS] = 0
	L2_cache_stats_breakdown[L1_WRBK_ACC][MSHR_HIT] = 0
	L2_cache_stats_breakdown[L2_WRBK_ACC][HIT] = 0
	L2_cache_stats_breakdown[L2_WRBK_ACC][HIT_RESERVED] = 0
	L2_cache_stats_breakdown[L2_WRBK_ACC][MISS] = 0
	L2_cache_stats_breakdown[L2_WRBK_ACC][RESERVATION_FAIL] = 0
	L2_cache_stats_breakdown[L2_WRBK_ACC][SECTOR_MISS] = 0
	L2_cache_stats_breakdown[L2_WRBK_ACC][MSHR_HIT] = 0
	L2_cache_stats_breakdown[INST_ACC_R][HIT] = 0
	L2_cache_stats_breakdown[INST_ACC_R][HIT_RESERVED] = 0
	L2_cache_stats_breakdown[INST_ACC_R][MISS] = 0
	L2_cache_stats_breakdown[INST_ACC_R][RESERVATION_FAIL] = 0
	L2_cache_stats_breakdown[INST_ACC_R][SECTOR_MISS] = 0
	L2_cache_stats_breakdown[INST_ACC_R][MSHR_HIT] = 0
	L2_cache_stats_breakdown[L1_WR_ALLOC_R][HIT] = 0
	L2_cache_stats_breakdown[L1_WR_ALLOC_R][HIT_RESERVED] = 0
	L2_cache_stats_breakdown[L1_WR_ALLOC_R][MISS] = 0
	L2_cache_stats_breakdown[L1_WR_ALLOC_R][RESERVATION_FAIL] = 0
	L2_cache_stats_breakdown[L1_WR_ALLOC_R][SECTOR_MISS] = 0
	L2_cache_stats_breakdown[L1_WR_ALLOC_R][MSHR_HIT] = 0
	L2_cache_stats_breakdown[L2_WR_ALLOC_R][HIT] = 0
	L2_cache_stats_breakdown[L2_WR_ALLOC_R][HIT_RESERVED] = 0
	L2_cache_stats_breakdown[L2_WR_ALLOC_R][MISS] = 0
	L2_cache_stats_breakdown[L2_WR_ALLOC_R][RESERVATION_FAIL] = 0
	L2_cache_stats_breakdown[L2_WR_ALLOC_R][SECTOR_MISS] = 0
	L2_cache_stats_breakdown[L2_WR_ALLOC_R][MSHR_HIT] = 0
	L2_cache_stats_breakdown[GLOBAL_ACC_R][TOTAL_ACCESS] = 32768
	L2_cache_stats_breakdown[GLOBAL_ACC_W][TOTAL_ACCESS] = 32768
L2_total_cache_reservation_fail_breakdown:
L2_cache_data_port_util = 0.065
L2_cache_fill_port_util = 0.000

icnt_total_pkts_mem_to_simt=65536
icnt_total_pkts_simt_to_mem=65536
LD_mem_lat_dist  0 0 0 0 0 0 0 0 0 0 0 0 0 0 0 0 0 0 0 0 0 0 0 0 0 0 0
ST_mem_lat_dist  0 0 0 0 0 0 0 0 0 0 0 0 0 0 0 0 0 0 0 0 0 0 0 0 0 0 0
----------------------------Interconnect-DETAILS--------------------------------
Req_Network_injected_packets_num = 65536
Req_Network_cycles = 15861
Req_Network_injected_packets_per_cycle =       4.1319 
Req_Network_conflicts_per_cycle =       0.7655
Req_Network_conflicts_per_cycle_util =       1.2626
Req_Bank_Level_Parallism =       6.8146
Req_Network_in_buffer_full_per_cycle =       0.0000
Req_Network_in_buffer_avg_util =       1.2464
Req_Network_out_buffer_full_per_cycle =       0.0000
Req_Network_out_buffer_avg_util =       0.1291

Reply_Network_injected_packets_num = 65536
Reply_Network_cycles = 15861
Reply_Network_injected_packets_per_cycle =        4.1319
Reply_Network_conflicts_per_cycle =        7.0675
Reply_Network_conflicts_per_cycle_util =      11.5101
Reply_Bank_Level_Parallism =       6.7292
Reply_Network_in_buffer_full_per_cycle =       0.0000
Reply_Network_in_buffer_avg_util =       1.4196
Reply_Network_out_buffer_full_per_cycle =       0.0000
Reply_Network_out_buffer_avg_util =       0.2582
----------------------------END-of-Interconnect-DETAILS-------------------------


gpgpu_simulation_time = 0 days, 0 hrs, 0 min, 13 sec (13 sec)
gpgpu_simulation_rate = 645277 (inst/sec)
gpgpu_simulation_rate = 1220 (cycle/sec)
gpgpu_silicon_slowdown = 1065573x
GPGPU-Sim: synchronize waiting for inactive GPU simulation
GPGPU-Sim API: Stream Manager State
GPGPU-Sim: detected inactive GPU simulation thread
GPGPU-Sim PTX: Setting up arguments for 8 bytes starting at 0x7ffe862312c0..
GPGPU-Sim PTX: Setting up arguments for 8 bytes starting at 0x7ffe862312c8..
GPGPU-Sim PTX: Setting up arguments for 4 bytes starting at 0x7ffe862312a8..
GPGPU-Sim PTX: Setting up arguments for 4 bytes starting at 0x7ffe862312ac..

GPGPU-Sim PTX: cudaLaunch for 0x0x5b08efc02030 (mode=performance simulation) on stream 0
GPGPU-Sim PTX: PDOM analysis already done for _Z10bsmm_stagePKfPfii 
GPGPU-Sim PTX: pushing kernel '_Z10bsmm_stagePKfPfii' to stream 0, gridDim= (2048,1,1) blockDim = (128,1,1) 
GPGPU-Sim uArch: Shader 3 bind to kernel 2 '_Z10bsmm_stagePKfPfii'
GPGPU-Sim: Reconfigure L1 cache to 128KB
GPGPU-Sim uArch: Shader 4 bind to kernel 2 '_Z10bsmm_stagePKfPfii'
GPGPU-Sim uArch: Shader 5 bind to kernel 2 '_Z10bsmm_stagePKfPfii'
GPGPU-Sim uArch: Shader 6 bind to kernel 2 '_Z10bsmm_stagePKfPfii'
GPGPU-Sim uArch: Shader 7 bind to kernel 2 '_Z10bsmm_stagePKfPfii'
GPGPU-Sim uArch: Shader 8 bind to kernel 2 '_Z10bsmm_stagePKfPfii'
GPGPU-Sim uArch: Shader 9 bind to kernel 2 '_Z10bsmm_stagePKfPfii'
GPGPU-Sim uArch: Shader 10 bind to kernel 2 '_Z10bsmm_stagePKfPfii'
GPGPU-Sim uArch: Shader 11 bind to kernel 2 '_Z10bsmm_stagePKfPfii'
GPGPU-Sim uArch: Shader 12 bind to kernel 2 '_Z10bsmm_stagePKfPfii'
GPGPU-Sim uArch: Shader 13 bind to kernel 2 '_Z10bsmm_stagePKfPfii'
GPGPU-Sim uArch: Shader 14 bind to kernel 2 '_Z10bsmm_stagePKfPfii'
GPGPU-Sim uArch: Shader 15 bind to kernel 2 '_Z10bsmm_stagePKfPfii'
GPGPU-Sim uArch: Shader 0 bind to kernel 2 '_Z10bsmm_stagePKfPfii'
GPGPU-Sim uArch: Shader 1 bind to kernel 2 '_Z10bsmm_stagePKfPfii'
GPGPU-Sim uArch: Shader 2 bind to kernel 2 '_Z10bsmm_stagePKfPfii'
Destroy streams for kernel 2: size 0
kernel_name = _Z10bsmm_stagePKfPfii 
kernel_launch_uid = 2 
kernel_stream_id = 134392205836976
gpu_sim_cycle = 15475
gpu_sim_insn = 8388608
gpu_ipc =     542.0748
gpu_tot_sim_cycle = 31336
gpu_tot_sim_insn = 16777216
gpu_tot_ipc =     535.3975
gpu_tot_issued_cta = 4096
gpu_occupancy = 93.2137% 
gpu_tot_occupancy = 93.2048% 
max_total_param_size = 0
gpu_stall_dramfull = 0
gpu_stall_icnt2sh    = 0
partiton_level_parallism =       4.2350
partiton_level_parallism_total  =       4.1828
partiton_level_parallism_util =       6.9980
partiton_level_parallism_util_total  =       6.9051
L2_BW  =     176.1743 GB/Sec
L2_BW_total  =     174.0042 GB/Sec
gpu_total_sim_rate=645277

========= Core cache stats =========
L1I_cache:
	L1I_total_cache_accesses = 0
	L1I_total_cache_misses = 0
	L1I_total_cache_pending_hits = 0
	L1I_total_cache_reservation_fails = 0
L1D_cache:
	L1D_cache_core[0]: Access = 12288, Miss = 8192, Miss_rate = 0.667, Pending_hits = 0, Reservation_fails = 5015
	L1D_cache_core[1]: Access = 11424, Miss = 7616, Miss_rate = 0.667, Pending_hits = 0, Reservation_fails = 6172
	L1D_cache_core[2]: Access = 12432, Miss = 8288, Miss_rate = 0.667, Pending_hits = 0, Reservation_fails = 5603
	L1D_cache_core[3]: Access = 13104, Miss = 8736, Miss_rate = 0.667, Pending_hits = 0, Reservation_fails = 4308
	L1D_cache_core[4]: Access = 12816, Miss = 8544, Miss_rate = 0.667, Pending_hits = 0, Reservation_fails = 5043
	L1D_cache_core[5]: Access = 11952, Miss = 7968, Miss_rate = 0.667, Pending_hits = 0, Reservation_fails = 5668
	L1D_cache_core[6]: Access = 12864, Miss = 8576, Miss_rate = 0.667, Pending_hits = 0, Reservation_fails = 5272
	L1D_cache_core[7]: Access = 12048, Miss = 8032, Miss_rate = 0.667, Pending_hits = 0, Reservation_fails = 5653
	L1D_cache_core[8]: Access = 13248, Miss = 8832, Miss_rate = 0.667, Pending_hits = 0, Reservation_fails = 4174
	L1D_cache_core[9]: Access = 13536, Miss = 9024, Miss_rate = 0.667, Pending_hits = 0, Reservation_fails = 4066
	L1D_cache_core[10]: Access = 11616, Miss = 7744, Miss_rate = 0.667, Pending_hits = 0, Reservation_fails = 5702
	L1D_cache_core[11]: Access = 11328, Miss = 7552, Miss_rate = 0.667, Pending_hits = 0, Reservation_fails = 6168
	L1D_cache_core[12]: Access = 12480, Miss = 8320, Miss_rate = 0.667, Pending_hits = 0, Reservation_fails = 4852
	L1D_cache_core[13]: Access = 12384, Miss = 8256, Miss_rate = 0.667, Pending_hits = 0, Reservation_fails = 5309
	L1D_cache_core[14]: Access = 11808, Miss = 7872, Miss_rate = 0.667, Pending_hits = 0, Reservation_fails = 5591
	L1D_cache_core[15]: Access = 11280, Miss = 7520, Miss_rate = 0.667, Pending_hits = 0, Reservation_fails = 6200
	L1D_total_cache_accesses = 196608
	L1D_total_cache_misses = 131072
	L1D_total_cache_miss_rate = 0.6667
	L1D_total_cache_pending_hits = 0
	L1D_total_cache_reservation_fails = 84796
	L1D_cache_data_port_util = 0.195
	L1D_cache_fill_port_util = 0.195
L1C_cache:
	L1C_total_cache_accesses = 0
	L1C_total_cache_misses = 0
	L1C_total_cache_pending_hits = 0
	L1C_total_cache_reservation_fails = 0
L1T_cache:
	L1T_total_cache_accesses = 0
	L1T_total_cache_misses = 0
	L1T_total_cache_pending_hits = 0
	L1T_total_cache_reservation_fails = 0

Total_core_cache_stats:
	Total_core_cache_stats_breakdown[GLOBAL_ACC_R][HIT] = 32768
	Total_core_cache_stats_breakdown[GLOBAL_ACC_R][HIT_RESERVED] = 0
	Total_core_cache_stats_breakdown[GLOBAL_ACC_R][MISS] = 8192
	Total_core_cache_stats_breakdown[GLOBAL_ACC_R][RESERVATION_FAIL] = 30488
	Total_core_cache_stats_breakdown[GLOBAL_ACC_R][SECTOR_MISS] = 24576
	Total_core_cache_stats_breakdown[GLOBAL_ACC_R][MSHR_HIT] = 0
	Total_core_cache_stats_breakdown[LOCAL_ACC_R][HIT] = 0
	Total_core_cache_stats_breakdown[LOCAL_ACC_R][HIT_RESERVED] = 0
	Total_core_cache_stats_breakdown[LOCAL_ACC_R][MISS] = 0
	Total_core_cache_stats_breakdown[LOCAL_ACC_R][RESERVATION_FAIL] = 0
	Total_core_cache_stats_breakdown[LOCAL_ACC_R][SECTOR_MISS] = 0
	Total_core_cache_stats_breakdown[LOCAL_ACC_R][MSHR_HIT] = 0
	Total_core_cache_stats_breakdown[CONST_ACC_R][HIT] = 0
	Total_core_cache_stats_breakdown[CONST_ACC_R][HIT_RESERVED] = 0
	Total_core_cache_stats_breakdown[CONST_ACC_R][MISS] = 0
	Total_core_cache_stats_breakdown[CONST_ACC_R][RESERVATION_FAIL] = 0
	Total_core_cache_stats_breakdown[CONST_ACC_R][SECTOR_MISS] = 0
	Total_core_cache_stats_breakdown[CONST_ACC_R][MSHR_HIT] = 0
	Total_core_cache_stats_breakdown[TEXTURE_ACC_R][HIT] = 0
	Total_core_cache_stats_breakdown[TEXTURE_ACC_R][HIT_RESERVED] = 0
	Total_core_cache_stats_breakdown[TEXTURE_ACC_R][MISS] = 0
	Total_core_cache_stats_breakdown[TEXTURE_ACC_R][RESERVATION_FAIL] = 0
	Total_core_cache_stats_breakdown[TEXTURE_ACC_R][SECTOR_MISS] = 0
	Total_core_cache_stats_breakdown[TEXTURE_ACC_R][MSHR_HIT] = 0
	Total_core_cache_stats_breakdown[GLOBAL_ACC_W][HIT] = 0
	Total_core_cache_stats_breakdown[GLOBAL_ACC_W][HIT_RESERVED] = 0
	Total_core_cache_stats_breakdown[GLOBAL_ACC_W][MISS] = 8192
	Total_core_cache_stats_breakdown[GLOBAL_ACC_W][RESERVATION_FAIL] = 10238
	Total_core_cache_stats_breakdown[GLOBAL_ACC_W][SECTOR_MISS] = 24576
	Total_core_cache_stats_breakdown[GLOBAL_ACC_W][MSHR_HIT] = 0
	Total_core_cache_stats_breakdown[LOCAL_ACC_W][HIT] = 0
	Total_core_cache_stats_breakdown[LOCAL_ACC_W][HIT_RESERVED] = 0
	Total_core_cache_stats_breakdown[LOCAL_ACC_W][MISS] = 0
	Total_core_cache_stats_breakdown[LOCAL_ACC_W][RESERVATION_FAIL] = 0
	Total_core_cache_stats_breakdown[LOCAL_ACC_W][SECTOR_MISS] = 0
	Total_core_cache_stats_breakdown[LOCAL_ACC_W][MSHR_HIT] = 0
	Total_core_cache_stats_breakdown[L1_WRBK_ACC][HIT] = 0
	Total_core_cache_stats_breakdown[L1_WRBK_ACC][HIT_RESERVED] = 0
	Total_core_cache_stats_breakdown[L1_WRBK_ACC][MISS] = 0
	Total_core_cache_stats_breakdown[L1_WRBK_ACC][RESERVATION_FAIL] = 0
	Total_core_cache_stats_breakdown[L1_WRBK_ACC][SECTOR_MISS] = 0
	Total_core_cache_stats_breakdown[L1_WRBK_ACC][MSHR_HIT] = 0
	Total_core_cache_stats_breakdown[L2_WRBK_ACC][HIT] = 0
	Total_core_cache_stats_breakdown[L2_WRBK_ACC][HIT_RESERVED] = 0
	Total_core_cache_stats_breakdown[L2_WRBK_ACC][MISS] = 0
	Total_core_cache_stats_breakdown[L2_WRBK_ACC][RESERVATION_FAIL] = 0
	Total_core_cache_stats_breakdown[L2_WRBK_ACC][SECTOR_MISS] = 0
	Total_core_cache_stats_breakdown[L2_WRBK_ACC][MSHR_HIT] = 0
	Total_core_cache_stats_breakdown[INST_ACC_R][HIT] = 0
	Total_core_cache_stats_breakdown[INST_ACC_R][HIT_RESERVED] = 0
	Total_core_cache_stats_breakdown[INST_ACC_R][MISS] = 0
	Total_core_cache_stats_breakdown[INST_ACC_R][RESERVATION_FAIL] = 0
	Total_core_cache_stats_breakdown[INST_ACC_R][SECTOR_MISS] = 0
	Total_core_cache_stats_breakdown[INST_ACC_R][MSHR_HIT] = 0
	Total_core_cache_stats_breakdown[L1_WR_ALLOC_R][HIT] = 0
	Total_core_cache_stats_breakdown[L1_WR_ALLOC_R][HIT_RESERVED] = 0
	Total_core_cache_stats_breakdown[L1_WR_ALLOC_R][MISS] = 0
	Total_core_cache_stats_breakdown[L1_WR_ALLOC_R][RESERVATION_FAIL] = 0
	Total_core_cache_stats_breakdown[L1_WR_ALLOC_R][SECTOR_MISS] = 0
	Total_core_cache_stats_breakdown[L1_WR_ALLOC_R][MSHR_HIT] = 0
	Total_core_cache_stats_breakdown[L2_WR_ALLOC_R][HIT] = 0
	Total_core_cache_stats_breakdown[L2_WR_ALLOC_R][HIT_RESERVED] = 0
	Total_core_cache_stats_breakdown[L2_WR_ALLOC_R][MISS] = 0
	Total_core_cache_stats_breakdown[L2_WR_ALLOC_R][RESERVATION_FAIL] = 0
	Total_core_cache_stats_breakdown[L2_WR_ALLOC_R][SECTOR_MISS] = 0
	Total_core_cache_stats_breakdown[L2_WR_ALLOC_R][MSHR_HIT] = 0
	Total_core_cache_stats_breakdown[GLOBAL_ACC_R][TOTAL_ACCESS] = 65536
	Total_core_cache_stats_breakdown[GLOBAL_ACC_W][TOTAL_ACCESS] = 32768

Total_core_cache_fail_stats:
	Total_core_cache_fail_stats_breakdown[GLOBAL_ACC_R][MISS_QUEUE_FULL] = 30488
	Total_core_cache_fail_stats_breakdown[GLOBAL_ACC_W][MISS_QUEUE_FULL] = 10238
ctas_completed 4096, Shader 0 warp_id issue ditsribution:
warp_id:
0, 1, 2, 3, 4, 5, 6, 7, 8, 9, 10, 11, 12, 13, 14, 15, 16, 17, 18, 19, 20, 21, 22, 23, 24, 25, 26, 27, 28, 29, 30, 31, 32, 33, 34, 35, 36, 37, 38, 39, 40, 41, 42, 43, 44, 45, 46, 47, 
distro:
726, 726, 726, 726, 693, 693, 693, 693, 693, 693, 693, 693, 660, 660, 660, 660, 726, 726, 726, 726, 726, 726, 726, 726, 693, 693, 693, 693, 726, 726, 726, 726, 726, 726, 726, 726, 726, 726, 726, 726, 693, 693, 693, 693, 660, 660, 660, 660, 
gpgpu_n_tot_thrd_icount = 17301504
gpgpu_n_tot_w_icount = 540672
gpgpu_n_stall_shd_mem = 1289
gpgpu_n_mem_read_local = 0
gpgpu_n_mem_write_local = 0
gpgpu_n_mem_read_global = 65536
gpgpu_n_mem_write_global = 65536
gpgpu_n_mem_texture = 0
gpgpu_n_mem_const = 0
gpgpu_n_load_insn  = 1048576
gpgpu_n_store_insn = 524288
gpgpu_n_shmem_insn = 0
gpgpu_n_sstarr_insn = 0
gpgpu_n_tex_insn = 0
gpgpu_n_const_mem_insn = 0
gpgpu_n_param_mem_insn = 2097152
gpgpu_n_shmem_bkconflict = 0
gpgpu_n_l1cache_bkconflict = 1289
gpgpu_n_intrawarp_mshr_merge = 0
gpgpu_n_cmem_portconflict = 0
gpgpu_stall_shd_mem[c_mem][resource_stall] = 0
gpgpu_stall_shd_mem[s_mem][bk_conf] = 0
gpgpu_stall_shd_mem[gl_mem][resource_stall] = 1289
gpgpu_stall_shd_mem[gl_mem][coal_stall] = 0
gpgpu_stall_shd_mem[gl_mem][data_port_stall] = 0
gpu_reg_bank_conflict_stalls = 0
Warp Occupancy Distribution:
Stall:185200	W0_Idle:40974	W0_Scoreboard:577602	W1:0	W2:0	W3:0	W4:0	W5:0	W6:0	W7:0	W8:0	W9:0	W10:0	W11:0	W12:0	W13:0	W14:0	W15:0	W16:0	W17:0	W18:0	W19:0	W20:0	W21:0	W22:0	W23:0	W24:0	W25:0	W26:0	W27:0	W28:0	W29:0	W30:0	W31:0	W32:540672
single_issue_nums: WS0:135168	WS1:135168	WS2:135168	WS3:135168	
dual_issue_nums: WS0:0	WS1:0	WS2:0	WS3:0	
traffic_breakdown_coretomem[GLOBAL_ACC_R] = 524288 {8:65536,}
traffic_breakdown_coretomem[GLOBAL_ACC_W] = 2621440 {40:65536,}
traffic_breakdown_memtocore[GLOBAL_ACC_R] = 2621440 {40:65536,}
traffic_breakdown_memtocore[GLOBAL_ACC_W] = 524288 {8:65536,}
maxmflatency = 491 
max_icnt2mem_latency = 230 
maxmrqlatency = 0 
max_icnt2sh_latency = 162 
averagemflatency = 268 
avg_icnt2mem_latency = 67 
avg_icnt2sh_latency = 12 
mrq_lat_table:0 	0 	0 	0 	0 	0 	0 	0 	0 	0 	0 	0 	0 	0 	0 	0 	0 	0 	0 	0 	0 	0 	0 	0 	0 	0 	0 	0 	0 	0 	0 	0 	
dq_lat_table:0 	0 	0 	0 	0 	0 	0 	0 	0 	0 	0 	0 	0 	0 	0 	0 	0 	0 	0 	0 	0 	0 	0 	0 	0 	0 	0 	0 	0 	0 	0 	0 	
mf_lat_table:0 	0 	0 	0 	0 	0 	0 	65704 	65368 	0 	0 	0 	0 	0 	0 	0 	0 	0 	0 	0 	0 	0 	0 	0 	0 	0 	0 	0 	0 	0 	0 	0 	
icnt2mem_lat_table:0 	0 	0 	0 	0 	87321 	35013 	8738 	0 	0 	0 	0 	0 	0 	0 	0 	0 	0 	0 	0 	0 	0 	0 	0 	
icnt2sh_lat_table:0 	41460 	25490 	27778 	22986 	11808 	1523 	27 	0 	0 	0 	0 	0 	0 	0 	0 	0 	0 	0 	0 	0 	0 	0 	0 	
mf_lat_pw_table:0 	0 	0 	0 	0 	0 	0 	3 	37 	0 	0 	0 	0 	0 	0 	0 	0 	0 	0 	0 	0 	0 	0 	0 	0 	0 	0 	0 	0 	0 	0 	0 	
maximum concurrent accesses to same row:
dram[0]:         0         0         0         0         0         0         0         0         0         0         0         0         0         0         0         0 
dram[1]:         0         0         0         0         0         0         0         0         0         0         0         0         0         0         0         0 
dram[2]:         0         0         0         0         0         0         0         0         0         0         0         0         0         0         0         0 
dram[3]:         0         0         0         0         0         0         0         0         0         0         0         0         0         0         0         0 
dram[4]:         0         0         0         0         0         0         0         0         0         0         0         0         0         0         0         0 
dram[5]:         0         0         0         0         0         0         0         0         0         0         0         0         0         0         0         0 
dram[6]:         0         0         0         0         0         0         0         0         0         0         0         0         0         0         0         0 
dram[7]:         0         0         0         0         0         0         0         0         0         0         0         0         0         0         0         0 
dram[8]:         0         0         0         0         0         0         0         0         0         0         0         0         0         0         0         0 
dram[9]:         0         0         0         0         0         0         0         0         0         0         0         0         0         0         0         0 
dram[10]:         0         0         0         0         0         0         0         0         0         0         0         0         0         0         0         0 
dram[11]:         0         0         0         0         0         0         0         0         0         0         0         0         0         0         0         0 
dram[12]:         0         0         0         0         0         0         0         0         0         0         0         0         0         0         0         0 
dram[13]:         0         0         0         0         0         0         0         0         0         0         0         0         0         0         0         0 
dram[14]:         0         0         0         0         0         0         0         0         0         0         0         0         0         0         0         0 
dram[15]:         0         0         0         0         0         0         0         0         0         0         0         0         0         0         0         0 
maximum service time to same row:
dram[0]:         0         0         0         0         0         0         0         0         0         0         0         0         0         0         0         0 
dram[1]:         0         0         0         0         0         0         0         0         0         0         0         0         0         0         0         0 
dram[2]:         0         0         0         0         0         0         0         0         0         0         0         0         0         0         0         0 
dram[3]:         0         0         0         0         0         0         0         0         0         0         0         0         0         0         0         0 
dram[4]:         0         0         0         0         0         0         0         0         0         0         0         0         0         0         0         0 
dram[5]:         0         0         0         0         0         0         0         0         0         0         0         0         0         0         0         0 
dram[6]:         0         0         0         0         0         0         0         0         0         0         0         0         0         0         0         0 
dram[7]:         0         0         0         0         0         0         0         0         0         0         0         0         0         0         0         0 
dram[8]:         0         0         0         0         0         0         0         0         0         0         0         0         0         0         0         0 
dram[9]:         0         0         0         0         0         0         0         0         0         0         0         0         0         0         0         0 
dram[10]:         0         0         0         0         0         0         0         0         0         0         0         0         0         0         0         0 
dram[11]:         0         0         0         0         0         0         0         0         0         0         0         0         0         0         0         0 
dram[12]:         0         0         0         0         0         0         0         0         0         0         0         0         0         0         0         0 
dram[13]:         0         0         0         0         0         0         0         0         0         0         0         0         0         0         0         0 
dram[14]:         0         0         0         0         0         0         0         0         0         0         0         0         0         0         0         0 
dram[15]:         0         0         0         0         0         0         0         0         0         0         0         0         0         0         0         0 
average row accesses per activate:
dram[0]:      -nan      -nan      -nan      -nan      -nan      -nan      -nan      -nan      -nan      -nan      -nan      -nan      -nan      -nan      -nan      -nan 
dram[1]:      -nan      -nan      -nan      -nan      -nan      -nan      -nan      -nan      -nan      -nan      -nan      -nan      -nan      -nan      -nan      -nan 
dram[2]:      -nan      -nan      -nan      -nan      -nan      -nan      -nan      -nan      -nan      -nan      -nan      -nan      -nan      -nan      -nan      -nan 
dram[3]:      -nan      -nan      -nan      -nan      -nan      -nan      -nan      -nan      -nan      -nan      -nan      -nan      -nan      -nan      -nan      -nan 
dram[4]:      -nan      -nan      -nan      -nan      -nan      -nan      -nan      -nan      -nan      -nan      -nan      -nan      -nan      -nan      -nan      -nan 
dram[5]:      -nan      -nan      -nan      -nan      -nan      -nan      -nan      -nan      -nan      -nan      -nan      -nan      -nan      -nan      -nan      -nan 
dram[6]:      -nan      -nan      -nan      -nan      -nan      -nan      -nan      -nan      -nan      -nan      -nan      -nan      -nan      -nan      -nan      -nan 
dram[7]:      -nan      -nan      -nan      -nan      -nan      -nan      -nan      -nan      -nan      -nan      -nan      -nan      -nan      -nan      -nan      -nan 
dram[8]:      -nan      -nan      -nan      -nan      -nan      -nan      -nan      -nan      -nan      -nan      -nan      -nan      -nan      -nan      -nan      -nan 
dram[9]:      -nan      -nan      -nan      -nan      -nan      -nan      -nan      -nan      -nan      -nan      -nan      -nan      -nan      -nan      -nan      -nan 
dram[10]:      -nan      -nan      -nan      -nan      -nan      -nan      -nan      -nan      -nan      -nan      -nan      -nan      -nan      -nan      -nan      -nan 
dram[11]:      -nan      -nan      -nan      -nan      -nan      -nan      -nan      -nan      -nan      -nan      -nan      -nan      -nan      -nan      -nan      -nan 
dram[12]:      -nan      -nan      -nan      -nan      -nan      -nan      -nan      -nan      -nan      -nan      -nan      -nan      -nan      -nan      -nan      -nan 
dram[13]:      -nan      -nan      -nan      -nan      -nan      -nan      -nan      -nan      -nan      -nan      -nan      -nan      -nan      -nan      -nan      -nan 
dram[14]:      -nan      -nan      -nan      -nan      -nan      -nan      -nan      -nan      -nan      -nan      -nan      -nan      -nan      -nan      -nan      -nan 
dram[15]:      -nan      -nan      -nan      -nan      -nan      -nan      -nan      -nan      -nan      -nan      -nan      -nan      -nan      -nan      -nan      -nan 
average row locality = 0/0 = -nan
number of total memory accesses made:
dram[0]:         0         0         0         0         0         0         0         0         0         0         0         0         0         0         0         0 
dram[1]:         0         0         0         0         0         0         0         0         0         0         0         0         0         0         0         0 
dram[2]:         0         0         0         0         0         0         0         0         0         0         0         0         0         0         0         0 
dram[3]:         0         0         0         0         0         0         0         0         0         0         0         0         0         0         0         0 
dram[4]:         0         0         0         0         0         0         0         0         0         0         0         0         0         0         0         0 
dram[5]:         0         0         0         0         0         0         0         0         0         0         0         0         0         0         0         0 
dram[6]:         0         0         0         0         0         0         0         0         0         0         0         0         0         0         0         0 
dram[7]:         0         0         0         0         0         0         0         0         0         0         0         0         0         0         0         0 
dram[8]:         0         0         0         0         0         0         0         0         0         0         0         0         0         0         0         0 
dram[9]:         0         0         0         0         0         0         0         0         0         0         0         0         0         0         0         0 
dram[10]:         0         0         0         0         0         0         0         0         0         0         0         0         0         0         0         0 
dram[11]:         0         0         0         0         0         0         0         0         0         0         0         0         0         0         0         0 
dram[12]:         0         0         0         0         0         0         0         0         0         0         0         0         0         0         0         0 
dram[13]:         0         0         0         0         0         0         0         0         0         0         0         0         0         0         0         0 
dram[14]:         0         0         0         0         0         0         0         0         0         0         0         0         0         0         0         0 
dram[15]:         0         0         0         0         0         0         0         0         0         0         0         0         0         0         0         0 
total accesses: 0
min_bank_accesses = 0!
min_chip_accesses = 0!
number of total read accesses:
dram[0]:         0         0         0         0         0         0         0         0         0         0         0         0         0         0         0         0 
dram[1]:         0         0         0         0         0         0         0         0         0         0         0         0         0         0         0         0 
dram[2]:         0         0         0         0         0         0         0         0         0         0         0         0         0         0         0         0 
dram[3]:         0         0         0         0         0         0         0         0         0         0         0         0         0         0         0         0 
dram[4]:         0         0         0         0         0         0         0         0         0         0         0         0         0         0         0         0 
dram[5]:         0         0         0         0         0         0         0         0         0         0         0         0         0         0         0         0 
dram[6]:         0         0         0         0         0         0         0         0         0         0         0         0         0         0         0         0 
dram[7]:         0         0         0         0         0         0         0         0         0         0         0         0         0         0         0         0 
dram[8]:         0         0         0         0         0         0         0         0         0         0         0         0         0         0         0         0 
dram[9]:         0         0         0         0         0         0         0         0         0         0         0         0         0         0         0         0 
dram[10]:         0         0         0         0         0         0         0         0         0         0         0         0         0         0         0         0 
dram[11]:         0         0         0         0         0         0         0         0         0         0         0         0         0         0         0         0 
dram[12]:         0         0         0         0         0         0         0         0         0         0         0         0         0         0         0         0 
dram[13]:         0         0         0         0         0         0         0         0         0         0         0         0         0         0         0         0 
dram[14]:         0         0         0         0         0         0         0         0         0         0         0         0         0         0         0         0 
dram[15]:         0         0         0         0         0         0         0         0         0         0         0         0         0         0         0         0 
total dram reads = 0
min_bank_accesses = 0!
min_chip_accesses = 0!
number of total write accesses:
dram[0]:         0         0         0         0         0         0         0         0         0         0         0         0         0         0         0         0 
dram[1]:         0         0         0         0         0         0         0         0         0         0         0         0         0         0         0         0 
dram[2]:         0         0         0         0         0         0         0         0         0         0         0         0         0         0         0         0 
dram[3]:         0         0         0         0         0         0         0         0         0         0         0         0         0         0         0         0 
dram[4]:         0         0         0         0         0         0         0         0         0         0         0         0         0         0         0         0 
dram[5]:         0         0         0         0         0         0         0         0         0         0         0         0         0         0         0         0 
dram[6]:         0         0         0         0         0         0         0         0         0         0         0         0         0         0         0         0 
dram[7]:         0         0         0         0         0         0         0         0         0         0         0         0         0         0         0         0 
dram[8]:         0         0         0         0         0         0         0         0         0         0         0         0         0         0         0         0 
dram[9]:         0         0         0         0         0         0         0         0         0         0         0         0         0         0         0         0 
dram[10]:         0         0         0         0         0         0         0         0         0         0         0         0         0         0         0         0 
dram[11]:         0         0         0         0         0         0         0         0         0         0         0         0         0         0         0         0 
dram[12]:         0         0         0         0         0         0         0         0         0         0         0         0         0         0         0         0 
dram[13]:         0         0         0         0         0         0         0         0         0         0         0         0         0         0         0         0 
dram[14]:         0         0         0         0         0         0         0         0         0         0         0         0         0         0         0         0 
dram[15]:         0         0         0         0         0         0         0         0         0         0         0         0         0         0         0         0 
total dram writes = 0
min_bank_accesses = 0!
min_chip_accesses = 0!
average mf latency per bank:
dram[0]:     none      none      none      none      none      none      none      none      none      none      none      none      none      none      none      none  
dram[1]:     none      none      none      none      none      none      none      none      none      none      none      none      none      none      none      none  
dram[2]:     none      none      none      none      none      none      none      none      none      none      none      none      none      none      none      none  
dram[3]:     none      none      none      none      none      none      none      none      none      none      none      none      none      none      none      none  
dram[4]:     none      none      none      none      none      none      none      none      none      none      none      none      none      none      none      none  
dram[5]:     none      none      none      none      none      none      none      none      none      none      none      none      none      none      none      none  
dram[6]:     none      none      none      none      none      none      none      none      none      none      none      none      none      none      none      none  
dram[7]:     none      none      none      none      none      none      none      none      none      none      none      none      none      none      none      none  
dram[8]:     none      none      none      none      none      none      none      none      none      none      none      none      none      none      none      none  
dram[9]:     none      none      none      none      none      none      none      none      none      none      none      none      none      none      none      none  
dram[10]:     none      none      none      none      none      none      none      none      none      none      none      none      none      none      none      none  
dram[11]:     none      none      none      none      none      none      none      none      none      none      none      none      none      none      none      none  
dram[12]:     none      none      none      none      none      none      none      none      none      none      none      none      none      none      none      none  
dram[13]:     none      none      none      none      none      none      none      none      none      none      none      none      none      none      none      none  
dram[14]:     none      none      none      none      none      none      none      none      none      none      none      none      none      none      none      none  
dram[15]:     none      none      none      none      none      none      none      none      none      none      none      none      none      none      none      none  
maximum mf latency per bank:
dram[0]:        438       439       438       435       421       409       397       402       416       420       388       400       379       375       378       385
dram[1]:        458       448       456       464       418       411       409       406       437       425       381       393       420       401       377       384
dram[2]:        431       441       434       434       411       415       470       491       471       440       369       363       370       397       380       368
dram[3]:        453       453       419       448       393       386       382       380       385       396       377       364       378       382       403       383
dram[4]:        449       437       448       451       423       426       375       380       389       391       373       382       378       375       403       392
dram[5]:        455       452       448       448       427       424       378       379       398       392       382       381       373       377       379       377
dram[6]:        462       442       443       434       391       436       442       456       365       379       384       362       364       388       385       375
dram[7]:        443       458       426       448       418       434       389       380       425       443       378       376       379       373       387       368
dram[8]:        439       455       427       438       400       404       387       376       374       366       360       363       376       381       412       408
dram[9]:        453       446       451       454       415       420       409       386       379       378       363       379       375       372       370       368
dram[10]:        447       445       433       438       404       410       415       416       368       383       385       384       376       374       391       388
dram[11]:        424       426       429       421       388       377       407       399       396       379       369       396       372       386       370       372
dram[12]:        436       434       421       419       401       426       427       400       423       424       368       368       366       415       396       376
dram[13]:        461       456       445       450       410       417       400       384       394       392       372       386       369       382       388       382
dram[14]:        435       435       421       422       400       414       389       398       371       383       362       364       385       379       370       373
dram[15]:        460       457       437       446       417       415       385       390       385       384       373       371       396       365       360       366
Memory Partition 0: 
Cache L2_bank_000:
MSHR contents

Cache L2_bank_001:
MSHR contents

In Dram Latency Queue (total = 0): 
DRAM[0]: 16 bks, busW=2 BL=16 CL=24, tRRD=12 tCCD=4, tRCD=24 tRAS=55 tRP=24 tRC=78
n_cmd=38566 n_nop=38566 n_act=0 n_pre=0 n_ref_event=0 n_req=0 n_rd=0 n_rd_L2_A=0 n_write=0 n_wr_bk=0 bw_util=0
n_activity=0 dram_eff=-nan
bk0: 0a 38566i bk1: 0a 38566i bk2: 0a 38566i bk3: 0a 38566i bk4: 0a 38566i bk5: 0a 38566i bk6: 0a 38566i bk7: 0a 38566i bk8: 0a 38566i bk9: 0a 38566i bk10: 0a 38566i bk11: 0a 38566i bk12: 0a 38566i bk13: 0a 38566i bk14: 0a 38566i bk15: 0a 38566i 

------------------------------------------------------------------------

Row_Buffer_Locality = -nan
Row_Buffer_Locality_read = -nan
Row_Buffer_Locality_write = -nan
Bank_Level_Parallism = -nan
Bank_Level_Parallism_Col = -nan
Bank_Level_Parallism_Ready = -nan
write_to_read_ratio_blp_rw_average = -nan
GrpLevelPara = -nan 

BW Util details:
bwutil = 0.000000 
total_CMD = 38566 
util_bw = 0 
Wasted_Col = 0 
Wasted_Row = 0 
Idle = 38566 

BW Util Bottlenecks: 
RCDc_limit = 0 
RCDWRc_limit = 0 
WTRc_limit = 0 
RTWc_limit = 0 
CCDLc_limit = 0 
rwq = 0 
CCDLc_limit_alone = 0 
WTRc_limit_alone = 0 
RTWc_limit_alone = 0 

Commands details: 
total_CMD = 38566 
n_nop = 38566 
Read = 0 
Write = 0 
L2_Alloc = 0 
L2_WB = 0 
n_act = 0 
n_pre = 0 
n_ref = 0 
n_req = 0 
total_req = 0 

Dual Bus Interface Util: 
issued_total_row = 0 
issued_total_col = 0 
Row_Bus_Util =  0.000000 
CoL_Bus_Util = 0.000000 
Either_Row_CoL_Bus_Util = 0.000000 
Issued_on_Two_Bus_Simul_Util = 0.000000 
issued_two_Eff = -nan 
queue_avg = 0.000000 


dram_util_bins: 0 0 0 0 0 0 0 0 0 0
dram_eff_bins: 0 0 0 0 0 0 0 0 0 0
mrqq: max=0 avg=0
Memory Partition 1: 
Cache L2_bank_002:
MSHR contents

Cache L2_bank_003:
MSHR contents

In Dram Latency Queue (total = 0): 
DRAM[1]: 16 bks, busW=2 BL=16 CL=24, tRRD=12 tCCD=4, tRCD=24 tRAS=55 tRP=24 tRC=78
n_cmd=38566 n_nop=38566 n_act=0 n_pre=0 n_ref_event=0 n_req=0 n_rd=0 n_rd_L2_A=0 n_write=0 n_wr_bk=0 bw_util=0
n_activity=0 dram_eff=-nan
bk0: 0a 38566i bk1: 0a 38566i bk2: 0a 38566i bk3: 0a 38566i bk4: 0a 38566i bk5: 0a 38566i bk6: 0a 38566i bk7: 0a 38566i bk8: 0a 38566i bk9: 0a 38566i bk10: 0a 38566i bk11: 0a 38566i bk12: 0a 38566i bk13: 0a 38566i bk14: 0a 38566i bk15: 0a 38566i 

------------------------------------------------------------------------

Row_Buffer_Locality = -nan
Row_Buffer_Locality_read = -nan
Row_Buffer_Locality_write = -nan
Bank_Level_Parallism = -nan
Bank_Level_Parallism_Col = -nan
Bank_Level_Parallism_Ready = -nan
write_to_read_ratio_blp_rw_average = -nan
GrpLevelPara = -nan 

BW Util details:
bwutil = 0.000000 
total_CMD = 38566 
util_bw = 0 
Wasted_Col = 0 
Wasted_Row = 0 
Idle = 38566 

BW Util Bottlenecks: 
RCDc_limit = 0 
RCDWRc_limit = 0 
WTRc_limit = 0 
RTWc_limit = 0 
CCDLc_limit = 0 
rwq = 0 
CCDLc_limit_alone = 0 
WTRc_limit_alone = 0 
RTWc_limit_alone = 0 

Commands details: 
total_CMD = 38566 
n_nop = 38566 
Read = 0 
Write = 0 
L2_Alloc = 0 
L2_WB = 0 
n_act = 0 
n_pre = 0 
n_ref = 0 
n_req = 0 
total_req = 0 

Dual Bus Interface Util: 
issued_total_row = 0 
issued_total_col = 0 
Row_Bus_Util =  0.000000 
CoL_Bus_Util = 0.000000 
Either_Row_CoL_Bus_Util = 0.000000 
Issued_on_Two_Bus_Simul_Util = 0.000000 
issued_two_Eff = -nan 
queue_avg = 0.000000 


dram_util_bins: 0 0 0 0 0 0 0 0 0 0
dram_eff_bins: 0 0 0 0 0 0 0 0 0 0
mrqq: max=0 avg=0
Memory Partition 2: 
Cache L2_bank_004:
MSHR contents

Cache L2_bank_005:
MSHR contents

In Dram Latency Queue (total = 0): 
DRAM[2]: 16 bks, busW=2 BL=16 CL=24, tRRD=12 tCCD=4, tRCD=24 tRAS=55 tRP=24 tRC=78
n_cmd=38566 n_nop=38566 n_act=0 n_pre=0 n_ref_event=0 n_req=0 n_rd=0 n_rd_L2_A=0 n_write=0 n_wr_bk=0 bw_util=0
n_activity=0 dram_eff=-nan
bk0: 0a 38566i bk1: 0a 38566i bk2: 0a 38566i bk3: 0a 38566i bk4: 0a 38566i bk5: 0a 38566i bk6: 0a 38566i bk7: 0a 38566i bk8: 0a 38566i bk9: 0a 38566i bk10: 0a 38566i bk11: 0a 38566i bk12: 0a 38566i bk13: 0a 38566i bk14: 0a 38566i bk15: 0a 38566i 

------------------------------------------------------------------------

Row_Buffer_Locality = -nan
Row_Buffer_Locality_read = -nan
Row_Buffer_Locality_write = -nan
Bank_Level_Parallism = -nan
Bank_Level_Parallism_Col = -nan
Bank_Level_Parallism_Ready = -nan
write_to_read_ratio_blp_rw_average = -nan
GrpLevelPara = -nan 

BW Util details:
bwutil = 0.000000 
total_CMD = 38566 
util_bw = 0 
Wasted_Col = 0 
Wasted_Row = 0 
Idle = 38566 

BW Util Bottlenecks: 
RCDc_limit = 0 
RCDWRc_limit = 0 
WTRc_limit = 0 
RTWc_limit = 0 
CCDLc_limit = 0 
rwq = 0 
CCDLc_limit_alone = 0 
WTRc_limit_alone = 0 
RTWc_limit_alone = 0 

Commands details: 
total_CMD = 38566 
n_nop = 38566 
Read = 0 
Write = 0 
L2_Alloc = 0 
L2_WB = 0 
n_act = 0 
n_pre = 0 
n_ref = 0 
n_req = 0 
total_req = 0 

Dual Bus Interface Util: 
issued_total_row = 0 
issued_total_col = 0 
Row_Bus_Util =  0.000000 
CoL_Bus_Util = 0.000000 
Either_Row_CoL_Bus_Util = 0.000000 
Issued_on_Two_Bus_Simul_Util = 0.000000 
issued_two_Eff = -nan 
queue_avg = 0.000000 


dram_util_bins: 0 0 0 0 0 0 0 0 0 0
dram_eff_bins: 0 0 0 0 0 0 0 0 0 0
mrqq: max=0 avg=0
Memory Partition 3: 
Cache L2_bank_006:
MSHR contents

Cache L2_bank_007:
MSHR contents

In Dram Latency Queue (total = 0): 
DRAM[3]: 16 bks, busW=2 BL=16 CL=24, tRRD=12 tCCD=4, tRCD=24 tRAS=55 tRP=24 tRC=78
n_cmd=38566 n_nop=38566 n_act=0 n_pre=0 n_ref_event=0 n_req=0 n_rd=0 n_rd_L2_A=0 n_write=0 n_wr_bk=0 bw_util=0
n_activity=0 dram_eff=-nan
bk0: 0a 38566i bk1: 0a 38566i bk2: 0a 38566i bk3: 0a 38566i bk4: 0a 38566i bk5: 0a 38566i bk6: 0a 38566i bk7: 0a 38566i bk8: 0a 38566i bk9: 0a 38566i bk10: 0a 38566i bk11: 0a 38566i bk12: 0a 38566i bk13: 0a 38566i bk14: 0a 38566i bk15: 0a 38566i 

------------------------------------------------------------------------

Row_Buffer_Locality = -nan
Row_Buffer_Locality_read = -nan
Row_Buffer_Locality_write = -nan
Bank_Level_Parallism = -nan
Bank_Level_Parallism_Col = -nan
Bank_Level_Parallism_Ready = -nan
write_to_read_ratio_blp_rw_average = -nan
GrpLevelPara = -nan 

BW Util details:
bwutil = 0.000000 
total_CMD = 38566 
util_bw = 0 
Wasted_Col = 0 
Wasted_Row = 0 
Idle = 38566 

BW Util Bottlenecks: 
RCDc_limit = 0 
RCDWRc_limit = 0 
WTRc_limit = 0 
RTWc_limit = 0 
CCDLc_limit = 0 
rwq = 0 
CCDLc_limit_alone = 0 
WTRc_limit_alone = 0 
RTWc_limit_alone = 0 

Commands details: 
total_CMD = 38566 
n_nop = 38566 
Read = 0 
Write = 0 
L2_Alloc = 0 
L2_WB = 0 
n_act = 0 
n_pre = 0 
n_ref = 0 
n_req = 0 
total_req = 0 

Dual Bus Interface Util: 
issued_total_row = 0 
issued_total_col = 0 
Row_Bus_Util =  0.000000 
CoL_Bus_Util = 0.000000 
Either_Row_CoL_Bus_Util = 0.000000 
Issued_on_Two_Bus_Simul_Util = 0.000000 
issued_two_Eff = -nan 
queue_avg = 0.000000 


dram_util_bins: 0 0 0 0 0 0 0 0 0 0
dram_eff_bins: 0 0 0 0 0 0 0 0 0 0
mrqq: max=0 avg=0
Memory Partition 4: 
Cache L2_bank_008:
MSHR contents

Cache L2_bank_009:
MSHR contents

In Dram Latency Queue (total = 0): 
DRAM[4]: 16 bks, busW=2 BL=16 CL=24, tRRD=12 tCCD=4, tRCD=24 tRAS=55 tRP=24 tRC=78
n_cmd=38566 n_nop=38566 n_act=0 n_pre=0 n_ref_event=0 n_req=0 n_rd=0 n_rd_L2_A=0 n_write=0 n_wr_bk=0 bw_util=0
n_activity=0 dram_eff=-nan
bk0: 0a 38566i bk1: 0a 38566i bk2: 0a 38566i bk3: 0a 38566i bk4: 0a 38566i bk5: 0a 38566i bk6: 0a 38566i bk7: 0a 38566i bk8: 0a 38566i bk9: 0a 38566i bk10: 0a 38566i bk11: 0a 38566i bk12: 0a 38566i bk13: 0a 38566i bk14: 0a 38566i bk15: 0a 38566i 

------------------------------------------------------------------------

Row_Buffer_Locality = -nan
Row_Buffer_Locality_read = -nan
Row_Buffer_Locality_write = -nan
Bank_Level_Parallism = -nan
Bank_Level_Parallism_Col = -nan
Bank_Level_Parallism_Ready = -nan
write_to_read_ratio_blp_rw_average = -nan
GrpLevelPara = -nan 

BW Util details:
bwutil = 0.000000 
total_CMD = 38566 
util_bw = 0 
Wasted_Col = 0 
Wasted_Row = 0 
Idle = 38566 

BW Util Bottlenecks: 
RCDc_limit = 0 
RCDWRc_limit = 0 
WTRc_limit = 0 
RTWc_limit = 0 
CCDLc_limit = 0 
rwq = 0 
CCDLc_limit_alone = 0 
WTRc_limit_alone = 0 
RTWc_limit_alone = 0 

Commands details: 
total_CMD = 38566 
n_nop = 38566 
Read = 0 
Write = 0 
L2_Alloc = 0 
L2_WB = 0 
n_act = 0 
n_pre = 0 
n_ref = 0 
n_req = 0 
total_req = 0 

Dual Bus Interface Util: 
issued_total_row = 0 
issued_total_col = 0 
Row_Bus_Util =  0.000000 
CoL_Bus_Util = 0.000000 
Either_Row_CoL_Bus_Util = 0.000000 
Issued_on_Two_Bus_Simul_Util = 0.000000 
issued_two_Eff = -nan 
queue_avg = 0.000000 


dram_util_bins: 0 0 0 0 0 0 0 0 0 0
dram_eff_bins: 0 0 0 0 0 0 0 0 0 0
mrqq: max=0 avg=0
Memory Partition 5: 
Cache L2_bank_010:
MSHR contents

Cache L2_bank_011:
MSHR contents

In Dram Latency Queue (total = 0): 
DRAM[5]: 16 bks, busW=2 BL=16 CL=24, tRRD=12 tCCD=4, tRCD=24 tRAS=55 tRP=24 tRC=78
n_cmd=38566 n_nop=38566 n_act=0 n_pre=0 n_ref_event=0 n_req=0 n_rd=0 n_rd_L2_A=0 n_write=0 n_wr_bk=0 bw_util=0
n_activity=0 dram_eff=-nan
bk0: 0a 38566i bk1: 0a 38566i bk2: 0a 38566i bk3: 0a 38566i bk4: 0a 38566i bk5: 0a 38566i bk6: 0a 38566i bk7: 0a 38566i bk8: 0a 38566i bk9: 0a 38566i bk10: 0a 38566i bk11: 0a 38566i bk12: 0a 38566i bk13: 0a 38566i bk14: 0a 38566i bk15: 0a 38566i 

------------------------------------------------------------------------

Row_Buffer_Locality = -nan
Row_Buffer_Locality_read = -nan
Row_Buffer_Locality_write = -nan
Bank_Level_Parallism = -nan
Bank_Level_Parallism_Col = -nan
Bank_Level_Parallism_Ready = -nan
write_to_read_ratio_blp_rw_average = -nan
GrpLevelPara = -nan 

BW Util details:
bwutil = 0.000000 
total_CMD = 38566 
util_bw = 0 
Wasted_Col = 0 
Wasted_Row = 0 
Idle = 38566 

BW Util Bottlenecks: 
RCDc_limit = 0 
RCDWRc_limit = 0 
WTRc_limit = 0 
RTWc_limit = 0 
CCDLc_limit = 0 
rwq = 0 
CCDLc_limit_alone = 0 
WTRc_limit_alone = 0 
RTWc_limit_alone = 0 

Commands details: 
total_CMD = 38566 
n_nop = 38566 
Read = 0 
Write = 0 
L2_Alloc = 0 
L2_WB = 0 
n_act = 0 
n_pre = 0 
n_ref = 0 
n_req = 0 
total_req = 0 

Dual Bus Interface Util: 
issued_total_row = 0 
issued_total_col = 0 
Row_Bus_Util =  0.000000 
CoL_Bus_Util = 0.000000 
Either_Row_CoL_Bus_Util = 0.000000 
Issued_on_Two_Bus_Simul_Util = 0.000000 
issued_two_Eff = -nan 
queue_avg = 0.000000 


dram_util_bins: 0 0 0 0 0 0 0 0 0 0
dram_eff_bins: 0 0 0 0 0 0 0 0 0 0
mrqq: max=0 avg=0
Memory Partition 6: 
Cache L2_bank_012:
MSHR contents

Cache L2_bank_013:
MSHR contents

In Dram Latency Queue (total = 0): 
DRAM[6]: 16 bks, busW=2 BL=16 CL=24, tRRD=12 tCCD=4, tRCD=24 tRAS=55 tRP=24 tRC=78
n_cmd=38566 n_nop=38566 n_act=0 n_pre=0 n_ref_event=0 n_req=0 n_rd=0 n_rd_L2_A=0 n_write=0 n_wr_bk=0 bw_util=0
n_activity=0 dram_eff=-nan
bk0: 0a 38566i bk1: 0a 38566i bk2: 0a 38566i bk3: 0a 38566i bk4: 0a 38566i bk5: 0a 38566i bk6: 0a 38566i bk7: 0a 38566i bk8: 0a 38566i bk9: 0a 38566i bk10: 0a 38566i bk11: 0a 38566i bk12: 0a 38566i bk13: 0a 38566i bk14: 0a 38566i bk15: 0a 38566i 

------------------------------------------------------------------------

Row_Buffer_Locality = -nan
Row_Buffer_Locality_read = -nan
Row_Buffer_Locality_write = -nan
Bank_Level_Parallism = -nan
Bank_Level_Parallism_Col = -nan
Bank_Level_Parallism_Ready = -nan
write_to_read_ratio_blp_rw_average = -nan
GrpLevelPara = -nan 

BW Util details:
bwutil = 0.000000 
total_CMD = 38566 
util_bw = 0 
Wasted_Col = 0 
Wasted_Row = 0 
Idle = 38566 

BW Util Bottlenecks: 
RCDc_limit = 0 
RCDWRc_limit = 0 
WTRc_limit = 0 
RTWc_limit = 0 
CCDLc_limit = 0 
rwq = 0 
CCDLc_limit_alone = 0 
WTRc_limit_alone = 0 
RTWc_limit_alone = 0 

Commands details: 
total_CMD = 38566 
n_nop = 38566 
Read = 0 
Write = 0 
L2_Alloc = 0 
L2_WB = 0 
n_act = 0 
n_pre = 0 
n_ref = 0 
n_req = 0 
total_req = 0 

Dual Bus Interface Util: 
issued_total_row = 0 
issued_total_col = 0 
Row_Bus_Util =  0.000000 
CoL_Bus_Util = 0.000000 
Either_Row_CoL_Bus_Util = 0.000000 
Issued_on_Two_Bus_Simul_Util = 0.000000 
issued_two_Eff = -nan 
queue_avg = 0.000000 


dram_util_bins: 0 0 0 0 0 0 0 0 0 0
dram_eff_bins: 0 0 0 0 0 0 0 0 0 0
mrqq: max=0 avg=0
Memory Partition 7: 
Cache L2_bank_014:
MSHR contents

Cache L2_bank_015:
MSHR contents

In Dram Latency Queue (total = 0): 
DRAM[7]: 16 bks, busW=2 BL=16 CL=24, tRRD=12 tCCD=4, tRCD=24 tRAS=55 tRP=24 tRC=78
n_cmd=38566 n_nop=38566 n_act=0 n_pre=0 n_ref_event=0 n_req=0 n_rd=0 n_rd_L2_A=0 n_write=0 n_wr_bk=0 bw_util=0
n_activity=0 dram_eff=-nan
bk0: 0a 38566i bk1: 0a 38566i bk2: 0a 38566i bk3: 0a 38566i bk4: 0a 38566i bk5: 0a 38566i bk6: 0a 38566i bk7: 0a 38566i bk8: 0a 38566i bk9: 0a 38566i bk10: 0a 38566i bk11: 0a 38566i bk12: 0a 38566i bk13: 0a 38566i bk14: 0a 38566i bk15: 0a 38566i 

------------------------------------------------------------------------

Row_Buffer_Locality = -nan
Row_Buffer_Locality_read = -nan
Row_Buffer_Locality_write = -nan
Bank_Level_Parallism = -nan
Bank_Level_Parallism_Col = -nan
Bank_Level_Parallism_Ready = -nan
write_to_read_ratio_blp_rw_average = -nan
GrpLevelPara = -nan 

BW Util details:
bwutil = 0.000000 
total_CMD = 38566 
util_bw = 0 
Wasted_Col = 0 
Wasted_Row = 0 
Idle = 38566 

BW Util Bottlenecks: 
RCDc_limit = 0 
RCDWRc_limit = 0 
WTRc_limit = 0 
RTWc_limit = 0 
CCDLc_limit = 0 
rwq = 0 
CCDLc_limit_alone = 0 
WTRc_limit_alone = 0 
RTWc_limit_alone = 0 

Commands details: 
total_CMD = 38566 
n_nop = 38566 
Read = 0 
Write = 0 
L2_Alloc = 0 
L2_WB = 0 
n_act = 0 
n_pre = 0 
n_ref = 0 
n_req = 0 
total_req = 0 

Dual Bus Interface Util: 
issued_total_row = 0 
issued_total_col = 0 
Row_Bus_Util =  0.000000 
CoL_Bus_Util = 0.000000 
Either_Row_CoL_Bus_Util = 0.000000 
Issued_on_Two_Bus_Simul_Util = 0.000000 
issued_two_Eff = -nan 
queue_avg = 0.000000 


dram_util_bins: 0 0 0 0 0 0 0 0 0 0
dram_eff_bins: 0 0 0 0 0 0 0 0 0 0
mrqq: max=0 avg=0
Memory Partition 8: 
Cache L2_bank_016:
MSHR contents

Cache L2_bank_017:
MSHR contents

In Dram Latency Queue (total = 0): 
DRAM[8]: 16 bks, busW=2 BL=16 CL=24, tRRD=12 tCCD=4, tRCD=24 tRAS=55 tRP=24 tRC=78
n_cmd=38566 n_nop=38566 n_act=0 n_pre=0 n_ref_event=0 n_req=0 n_rd=0 n_rd_L2_A=0 n_write=0 n_wr_bk=0 bw_util=0
n_activity=0 dram_eff=-nan
bk0: 0a 38566i bk1: 0a 38566i bk2: 0a 38566i bk3: 0a 38566i bk4: 0a 38566i bk5: 0a 38566i bk6: 0a 38566i bk7: 0a 38566i bk8: 0a 38566i bk9: 0a 38566i bk10: 0a 38566i bk11: 0a 38566i bk12: 0a 38566i bk13: 0a 38566i bk14: 0a 38566i bk15: 0a 38566i 

------------------------------------------------------------------------

Row_Buffer_Locality = -nan
Row_Buffer_Locality_read = -nan
Row_Buffer_Locality_write = -nan
Bank_Level_Parallism = -nan
Bank_Level_Parallism_Col = -nan
Bank_Level_Parallism_Ready = -nan
write_to_read_ratio_blp_rw_average = -nan
GrpLevelPara = -nan 

BW Util details:
bwutil = 0.000000 
total_CMD = 38566 
util_bw = 0 
Wasted_Col = 0 
Wasted_Row = 0 
Idle = 38566 

BW Util Bottlenecks: 
RCDc_limit = 0 
RCDWRc_limit = 0 
WTRc_limit = 0 
RTWc_limit = 0 
CCDLc_limit = 0 
rwq = 0 
CCDLc_limit_alone = 0 
WTRc_limit_alone = 0 
RTWc_limit_alone = 0 

Commands details: 
total_CMD = 38566 
n_nop = 38566 
Read = 0 
Write = 0 
L2_Alloc = 0 
L2_WB = 0 
n_act = 0 
n_pre = 0 
n_ref = 0 
n_req = 0 
total_req = 0 

Dual Bus Interface Util: 
issued_total_row = 0 
issued_total_col = 0 
Row_Bus_Util =  0.000000 
CoL_Bus_Util = 0.000000 
Either_Row_CoL_Bus_Util = 0.000000 
Issued_on_Two_Bus_Simul_Util = 0.000000 
issued_two_Eff = -nan 
queue_avg = 0.000000 


dram_util_bins: 0 0 0 0 0 0 0 0 0 0
dram_eff_bins: 0 0 0 0 0 0 0 0 0 0
mrqq: max=0 avg=0
Memory Partition 9: 
Cache L2_bank_018:
MSHR contents

Cache L2_bank_019:
MSHR contents

In Dram Latency Queue (total = 0): 
DRAM[9]: 16 bks, busW=2 BL=16 CL=24, tRRD=12 tCCD=4, tRCD=24 tRAS=55 tRP=24 tRC=78
n_cmd=38566 n_nop=38566 n_act=0 n_pre=0 n_ref_event=0 n_req=0 n_rd=0 n_rd_L2_A=0 n_write=0 n_wr_bk=0 bw_util=0
n_activity=0 dram_eff=-nan
bk0: 0a 38566i bk1: 0a 38566i bk2: 0a 38566i bk3: 0a 38566i bk4: 0a 38566i bk5: 0a 38566i bk6: 0a 38566i bk7: 0a 38566i bk8: 0a 38566i bk9: 0a 38566i bk10: 0a 38566i bk11: 0a 38566i bk12: 0a 38566i bk13: 0a 38566i bk14: 0a 38566i bk15: 0a 38566i 

------------------------------------------------------------------------

Row_Buffer_Locality = -nan
Row_Buffer_Locality_read = -nan
Row_Buffer_Locality_write = -nan
Bank_Level_Parallism = -nan
Bank_Level_Parallism_Col = -nan
Bank_Level_Parallism_Ready = -nan
write_to_read_ratio_blp_rw_average = -nan
GrpLevelPara = -nan 

BW Util details:
bwutil = 0.000000 
total_CMD = 38566 
util_bw = 0 
Wasted_Col = 0 
Wasted_Row = 0 
Idle = 38566 

BW Util Bottlenecks: 
RCDc_limit = 0 
RCDWRc_limit = 0 
WTRc_limit = 0 
RTWc_limit = 0 
CCDLc_limit = 0 
rwq = 0 
CCDLc_limit_alone = 0 
WTRc_limit_alone = 0 
RTWc_limit_alone = 0 

Commands details: 
total_CMD = 38566 
n_nop = 38566 
Read = 0 
Write = 0 
L2_Alloc = 0 
L2_WB = 0 
n_act = 0 
n_pre = 0 
n_ref = 0 
n_req = 0 
total_req = 0 

Dual Bus Interface Util: 
issued_total_row = 0 
issued_total_col = 0 
Row_Bus_Util =  0.000000 
CoL_Bus_Util = 0.000000 
Either_Row_CoL_Bus_Util = 0.000000 
Issued_on_Two_Bus_Simul_Util = 0.000000 
issued_two_Eff = -nan 
queue_avg = 0.000000 


dram_util_bins: 0 0 0 0 0 0 0 0 0 0
dram_eff_bins: 0 0 0 0 0 0 0 0 0 0
mrqq: max=0 avg=0
Memory Partition 10: 
Cache L2_bank_020:
MSHR contents

Cache L2_bank_021:
MSHR contents

In Dram Latency Queue (total = 0): 
DRAM[10]: 16 bks, busW=2 BL=16 CL=24, tRRD=12 tCCD=4, tRCD=24 tRAS=55 tRP=24 tRC=78
n_cmd=38566 n_nop=38566 n_act=0 n_pre=0 n_ref_event=0 n_req=0 n_rd=0 n_rd_L2_A=0 n_write=0 n_wr_bk=0 bw_util=0
n_activity=0 dram_eff=-nan
bk0: 0a 38566i bk1: 0a 38566i bk2: 0a 38566i bk3: 0a 38566i bk4: 0a 38566i bk5: 0a 38566i bk6: 0a 38566i bk7: 0a 38566i bk8: 0a 38566i bk9: 0a 38566i bk10: 0a 38566i bk11: 0a 38566i bk12: 0a 38566i bk13: 0a 38566i bk14: 0a 38566i bk15: 0a 38566i 

------------------------------------------------------------------------

Row_Buffer_Locality = -nan
Row_Buffer_Locality_read = -nan
Row_Buffer_Locality_write = -nan
Bank_Level_Parallism = -nan
Bank_Level_Parallism_Col = -nan
Bank_Level_Parallism_Ready = -nan
write_to_read_ratio_blp_rw_average = -nan
GrpLevelPara = -nan 

BW Util details:
bwutil = 0.000000 
total_CMD = 38566 
util_bw = 0 
Wasted_Col = 0 
Wasted_Row = 0 
Idle = 38566 

BW Util Bottlenecks: 
RCDc_limit = 0 
RCDWRc_limit = 0 
WTRc_limit = 0 
RTWc_limit = 0 
CCDLc_limit = 0 
rwq = 0 
CCDLc_limit_alone = 0 
WTRc_limit_alone = 0 
RTWc_limit_alone = 0 

Commands details: 
total_CMD = 38566 
n_nop = 38566 
Read = 0 
Write = 0 
L2_Alloc = 0 
L2_WB = 0 
n_act = 0 
n_pre = 0 
n_ref = 0 
n_req = 0 
total_req = 0 

Dual Bus Interface Util: 
issued_total_row = 0 
issued_total_col = 0 
Row_Bus_Util =  0.000000 
CoL_Bus_Util = 0.000000 
Either_Row_CoL_Bus_Util = 0.000000 
Issued_on_Two_Bus_Simul_Util = 0.000000 
issued_two_Eff = -nan 
queue_avg = 0.000000 


dram_util_bins: 0 0 0 0 0 0 0 0 0 0
dram_eff_bins: 0 0 0 0 0 0 0 0 0 0
mrqq: max=0 avg=0
Memory Partition 11: 
Cache L2_bank_022:
MSHR contents

Cache L2_bank_023:
MSHR contents

In Dram Latency Queue (total = 0): 
DRAM[11]: 16 bks, busW=2 BL=16 CL=24, tRRD=12 tCCD=4, tRCD=24 tRAS=55 tRP=24 tRC=78
n_cmd=38566 n_nop=38566 n_act=0 n_pre=0 n_ref_event=0 n_req=0 n_rd=0 n_rd_L2_A=0 n_write=0 n_wr_bk=0 bw_util=0
n_activity=0 dram_eff=-nan
bk0: 0a 38566i bk1: 0a 38566i bk2: 0a 38566i bk3: 0a 38566i bk4: 0a 38566i bk5: 0a 38566i bk6: 0a 38566i bk7: 0a 38566i bk8: 0a 38566i bk9: 0a 38566i bk10: 0a 38566i bk11: 0a 38566i bk12: 0a 38566i bk13: 0a 38566i bk14: 0a 38566i bk15: 0a 38566i 

------------------------------------------------------------------------

Row_Buffer_Locality = -nan
Row_Buffer_Locality_read = -nan
Row_Buffer_Locality_write = -nan
Bank_Level_Parallism = -nan
Bank_Level_Parallism_Col = -nan
Bank_Level_Parallism_Ready = -nan
write_to_read_ratio_blp_rw_average = -nan
GrpLevelPara = -nan 

BW Util details:
bwutil = 0.000000 
total_CMD = 38566 
util_bw = 0 
Wasted_Col = 0 
Wasted_Row = 0 
Idle = 38566 

BW Util Bottlenecks: 
RCDc_limit = 0 
RCDWRc_limit = 0 
WTRc_limit = 0 
RTWc_limit = 0 
CCDLc_limit = 0 
rwq = 0 
CCDLc_limit_alone = 0 
WTRc_limit_alone = 0 
RTWc_limit_alone = 0 

Commands details: 
total_CMD = 38566 
n_nop = 38566 
Read = 0 
Write = 0 
L2_Alloc = 0 
L2_WB = 0 
n_act = 0 
n_pre = 0 
n_ref = 0 
n_req = 0 
total_req = 0 

Dual Bus Interface Util: 
issued_total_row = 0 
issued_total_col = 0 
Row_Bus_Util =  0.000000 
CoL_Bus_Util = 0.000000 
Either_Row_CoL_Bus_Util = 0.000000 
Issued_on_Two_Bus_Simul_Util = 0.000000 
issued_two_Eff = -nan 
queue_avg = 0.000000 


dram_util_bins: 0 0 0 0 0 0 0 0 0 0
dram_eff_bins: 0 0 0 0 0 0 0 0 0 0
mrqq: max=0 avg=0
Memory Partition 12: 
Cache L2_bank_024:
MSHR contents

Cache L2_bank_025:
MSHR contents

In Dram Latency Queue (total = 0): 
DRAM[12]: 16 bks, busW=2 BL=16 CL=24, tRRD=12 tCCD=4, tRCD=24 tRAS=55 tRP=24 tRC=78
n_cmd=38566 n_nop=38566 n_act=0 n_pre=0 n_ref_event=0 n_req=0 n_rd=0 n_rd_L2_A=0 n_write=0 n_wr_bk=0 bw_util=0
n_activity=0 dram_eff=-nan
bk0: 0a 38566i bk1: 0a 38566i bk2: 0a 38566i bk3: 0a 38566i bk4: 0a 38566i bk5: 0a 38566i bk6: 0a 38566i bk7: 0a 38566i bk8: 0a 38566i bk9: 0a 38566i bk10: 0a 38566i bk11: 0a 38566i bk12: 0a 38566i bk13: 0a 38566i bk14: 0a 38566i bk15: 0a 38566i 

------------------------------------------------------------------------

Row_Buffer_Locality = -nan
Row_Buffer_Locality_read = -nan
Row_Buffer_Locality_write = -nan
Bank_Level_Parallism = -nan
Bank_Level_Parallism_Col = -nan
Bank_Level_Parallism_Ready = -nan
write_to_read_ratio_blp_rw_average = -nan
GrpLevelPara = -nan 

BW Util details:
bwutil = 0.000000 
total_CMD = 38566 
util_bw = 0 
Wasted_Col = 0 
Wasted_Row = 0 
Idle = 38566 

BW Util Bottlenecks: 
RCDc_limit = 0 
RCDWRc_limit = 0 
WTRc_limit = 0 
RTWc_limit = 0 
CCDLc_limit = 0 
rwq = 0 
CCDLc_limit_alone = 0 
WTRc_limit_alone = 0 
RTWc_limit_alone = 0 

Commands details: 
total_CMD = 38566 
n_nop = 38566 
Read = 0 
Write = 0 
L2_Alloc = 0 
L2_WB = 0 
n_act = 0 
n_pre = 0 
n_ref = 0 
n_req = 0 
total_req = 0 

Dual Bus Interface Util: 
issued_total_row = 0 
issued_total_col = 0 
Row_Bus_Util =  0.000000 
CoL_Bus_Util = 0.000000 
Either_Row_CoL_Bus_Util = 0.000000 
Issued_on_Two_Bus_Simul_Util = 0.000000 
issued_two_Eff = -nan 
queue_avg = 0.000000 


dram_util_bins: 0 0 0 0 0 0 0 0 0 0
dram_eff_bins: 0 0 0 0 0 0 0 0 0 0
mrqq: max=0 avg=0
Memory Partition 13: 
Cache L2_bank_026:
MSHR contents

Cache L2_bank_027:
MSHR contents

In Dram Latency Queue (total = 0): 
DRAM[13]: 16 bks, busW=2 BL=16 CL=24, tRRD=12 tCCD=4, tRCD=24 tRAS=55 tRP=24 tRC=78
n_cmd=38566 n_nop=38566 n_act=0 n_pre=0 n_ref_event=0 n_req=0 n_rd=0 n_rd_L2_A=0 n_write=0 n_wr_bk=0 bw_util=0
n_activity=0 dram_eff=-nan
bk0: 0a 38566i bk1: 0a 38566i bk2: 0a 38566i bk3: 0a 38566i bk4: 0a 38566i bk5: 0a 38566i bk6: 0a 38566i bk7: 0a 38566i bk8: 0a 38566i bk9: 0a 38566i bk10: 0a 38566i bk11: 0a 38566i bk12: 0a 38566i bk13: 0a 38566i bk14: 0a 38566i bk15: 0a 38566i 

------------------------------------------------------------------------

Row_Buffer_Locality = -nan
Row_Buffer_Locality_read = -nan
Row_Buffer_Locality_write = -nan
Bank_Level_Parallism = -nan
Bank_Level_Parallism_Col = -nan
Bank_Level_Parallism_Ready = -nan
write_to_read_ratio_blp_rw_average = -nan
GrpLevelPara = -nan 

BW Util details:
bwutil = 0.000000 
total_CMD = 38566 
util_bw = 0 
Wasted_Col = 0 
Wasted_Row = 0 
Idle = 38566 

BW Util Bottlenecks: 
RCDc_limit = 0 
RCDWRc_limit = 0 
WTRc_limit = 0 
RTWc_limit = 0 
CCDLc_limit = 0 
rwq = 0 
CCDLc_limit_alone = 0 
WTRc_limit_alone = 0 
RTWc_limit_alone = 0 

Commands details: 
total_CMD = 38566 
n_nop = 38566 
Read = 0 
Write = 0 
L2_Alloc = 0 
L2_WB = 0 
n_act = 0 
n_pre = 0 
n_ref = 0 
n_req = 0 
total_req = 0 

Dual Bus Interface Util: 
issued_total_row = 0 
issued_total_col = 0 
Row_Bus_Util =  0.000000 
CoL_Bus_Util = 0.000000 
Either_Row_CoL_Bus_Util = 0.000000 
Issued_on_Two_Bus_Simul_Util = 0.000000 
issued_two_Eff = -nan 
queue_avg = 0.000000 


dram_util_bins: 0 0 0 0 0 0 0 0 0 0
dram_eff_bins: 0 0 0 0 0 0 0 0 0 0
mrqq: max=0 avg=0
Memory Partition 14: 
Cache L2_bank_028:
MSHR contents

Cache L2_bank_029:
MSHR contents

In Dram Latency Queue (total = 0): 
DRAM[14]: 16 bks, busW=2 BL=16 CL=24, tRRD=12 tCCD=4, tRCD=24 tRAS=55 tRP=24 tRC=78
n_cmd=38566 n_nop=38566 n_act=0 n_pre=0 n_ref_event=0 n_req=0 n_rd=0 n_rd_L2_A=0 n_write=0 n_wr_bk=0 bw_util=0
n_activity=0 dram_eff=-nan
bk0: 0a 38566i bk1: 0a 38566i bk2: 0a 38566i bk3: 0a 38566i bk4: 0a 38566i bk5: 0a 38566i bk6: 0a 38566i bk7: 0a 38566i bk8: 0a 38566i bk9: 0a 38566i bk10: 0a 38566i bk11: 0a 38566i bk12: 0a 38566i bk13: 0a 38566i bk14: 0a 38566i bk15: 0a 38566i 

------------------------------------------------------------------------

Row_Buffer_Locality = -nan
Row_Buffer_Locality_read = -nan
Row_Buffer_Locality_write = -nan
Bank_Level_Parallism = -nan
Bank_Level_Parallism_Col = -nan
Bank_Level_Parallism_Ready = -nan
write_to_read_ratio_blp_rw_average = -nan
GrpLevelPara = -nan 

BW Util details:
bwutil = 0.000000 
total_CMD = 38566 
util_bw = 0 
Wasted_Col = 0 
Wasted_Row = 0 
Idle = 38566 

BW Util Bottlenecks: 
RCDc_limit = 0 
RCDWRc_limit = 0 
WTRc_limit = 0 
RTWc_limit = 0 
CCDLc_limit = 0 
rwq = 0 
CCDLc_limit_alone = 0 
WTRc_limit_alone = 0 
RTWc_limit_alone = 0 

Commands details: 
total_CMD = 38566 
n_nop = 38566 
Read = 0 
Write = 0 
L2_Alloc = 0 
L2_WB = 0 
n_act = 0 
n_pre = 0 
n_ref = 0 
n_req = 0 
total_req = 0 

Dual Bus Interface Util: 
issued_total_row = 0 
issued_total_col = 0 
Row_Bus_Util =  0.000000 
CoL_Bus_Util = 0.000000 
Either_Row_CoL_Bus_Util = 0.000000 
Issued_on_Two_Bus_Simul_Util = 0.000000 
issued_two_Eff = -nan 
queue_avg = 0.000000 


dram_util_bins: 0 0 0 0 0 0 0 0 0 0
dram_eff_bins: 0 0 0 0 0 0 0 0 0 0
mrqq: max=0 avg=0
Memory Partition 15: 
Cache L2_bank_030:
MSHR contents

Cache L2_bank_031:
MSHR contents

In Dram Latency Queue (total = 0): 
DRAM[15]: 16 bks, busW=2 BL=16 CL=24, tRRD=12 tCCD=4, tRCD=24 tRAS=55 tRP=24 tRC=78
n_cmd=38566 n_nop=38566 n_act=0 n_pre=0 n_ref_event=0 n_req=0 n_rd=0 n_rd_L2_A=0 n_write=0 n_wr_bk=0 bw_util=0
n_activity=0 dram_eff=-nan
bk0: 0a 38566i bk1: 0a 38566i bk2: 0a 38566i bk3: 0a 38566i bk4: 0a 38566i bk5: 0a 38566i bk6: 0a 38566i bk7: 0a 38566i bk8: 0a 38566i bk9: 0a 38566i bk10: 0a 38566i bk11: 0a 38566i bk12: 0a 38566i bk13: 0a 38566i bk14: 0a 38566i bk15: 0a 38566i 

------------------------------------------------------------------------

Row_Buffer_Locality = -nan
Row_Buffer_Locality_read = -nan
Row_Buffer_Locality_write = -nan
Bank_Level_Parallism = -nan
Bank_Level_Parallism_Col = -nan
Bank_Level_Parallism_Ready = -nan
write_to_read_ratio_blp_rw_average = -nan
GrpLevelPara = -nan 

BW Util details:
bwutil = 0.000000 
total_CMD = 38566 
util_bw = 0 
Wasted_Col = 0 
Wasted_Row = 0 
Idle = 38566 

BW Util Bottlenecks: 
RCDc_limit = 0 
RCDWRc_limit = 0 
WTRc_limit = 0 
RTWc_limit = 0 
CCDLc_limit = 0 
rwq = 0 
CCDLc_limit_alone = 0 
WTRc_limit_alone = 0 
RTWc_limit_alone = 0 

Commands details: 
total_CMD = 38566 
n_nop = 38566 
Read = 0 
Write = 0 
L2_Alloc = 0 
L2_WB = 0 
n_act = 0 
n_pre = 0 
n_ref = 0 
n_req = 0 
total_req = 0 

Dual Bus Interface Util: 
issued_total_row = 0 
issued_total_col = 0 
Row_Bus_Util =  0.000000 
CoL_Bus_Util = 0.000000 
Either_Row_CoL_Bus_Util = 0.000000 
Issued_on_Two_Bus_Simul_Util = 0.000000 
issued_two_Eff = -nan 
queue_avg = 0.000000 


dram_util_bins: 0 0 0 0 0 0 0 0 0 0
dram_eff_bins: 0 0 0 0 0 0 0 0 0 0
mrqq: max=0 avg=0

========= L2 cache stats =========
L2_cache_bank[0]: Access = 4096, Miss = 1024, Miss_rate = 0.250, Pending_hits = 0, Reservation_fails = 0
L2_cache_bank[1]: Access = 4096, Miss = 1024, Miss_rate = 0.250, Pending_hits = 0, Reservation_fails = 0
L2_cache_bank[2]: Access = 4096, Miss = 1024, Miss_rate = 0.250, Pending_hits = 0, Reservation_fails = 0
L2_cache_bank[3]: Access = 4096, Miss = 1024, Miss_rate = 0.250, Pending_hits = 0, Reservation_fails = 0
L2_cache_bank[4]: Access = 4096, Miss = 1024, Miss_rate = 0.250, Pending_hits = 0, Reservation_fails = 0
L2_cache_bank[5]: Access = 4096, Miss = 1024, Miss_rate = 0.250, Pending_hits = 0, Reservation_fails = 0
L2_cache_bank[6]: Access = 4096, Miss = 1024, Miss_rate = 0.250, Pending_hits = 0, Reservation_fails = 0
L2_cache_bank[7]: Access = 4096, Miss = 1024, Miss_rate = 0.250, Pending_hits = 0, Reservation_fails = 0
L2_cache_bank[8]: Access = 4096, Miss = 1024, Miss_rate = 0.250, Pending_hits = 0, Reservation_fails = 0
L2_cache_bank[9]: Access = 4096, Miss = 1024, Miss_rate = 0.250, Pending_hits = 0, Reservation_fails = 0
L2_cache_bank[10]: Access = 4096, Miss = 1024, Miss_rate = 0.250, Pending_hits = 0, Reservation_fails = 0
L2_cache_bank[11]: Access = 4096, Miss = 1024, Miss_rate = 0.250, Pending_hits = 0, Reservation_fails = 0
L2_cache_bank[12]: Access = 4096, Miss = 1024, Miss_rate = 0.250, Pending_hits = 0, Reservation_fails = 0
L2_cache_bank[13]: Access = 4096, Miss = 1024, Miss_rate = 0.250, Pending_hits = 0, Reservation_fails = 0
L2_cache_bank[14]: Access = 4096, Miss = 1024, Miss_rate = 0.250, Pending_hits = 0, Reservation_fails = 0
L2_cache_bank[15]: Access = 4096, Miss = 1024, Miss_rate = 0.250, Pending_hits = 0, Reservation_fails = 0
L2_cache_bank[16]: Access = 4096, Miss = 1024, Miss_rate = 0.250, Pending_hits = 0, Reservation_fails = 0
L2_cache_bank[17]: Access = 4096, Miss = 1024, Miss_rate = 0.250, Pending_hits = 0, Reservation_fails = 0
L2_cache_bank[18]: Access = 4096, Miss = 1024, Miss_rate = 0.250, Pending_hits = 0, Reservation_fails = 0
L2_cache_bank[19]: Access = 4096, Miss = 1024, Miss_rate = 0.250, Pending_hits = 0, Reservation_fails = 0
L2_cache_bank[20]: Access = 4096, Miss = 1024, Miss_rate = 0.250, Pending_hits = 0, Reservation_fails = 0
L2_cache_bank[21]: Access = 4096, Miss = 1024, Miss_rate = 0.250, Pending_hits = 0, Reservation_fails = 0
L2_cache_bank[22]: Access = 4096, Miss = 1024, Miss_rate = 0.250, Pending_hits = 0, Reservation_fails = 0
L2_cache_bank[23]: Access = 4096, Miss = 1024, Miss_rate = 0.250, Pending_hits = 0, Reservation_fails = 0
L2_cache_bank[24]: Access = 4096, Miss = 1024, Miss_rate = 0.250, Pending_hits = 0, Reservation_fails = 0
L2_cache_bank[25]: Access = 4096, Miss = 1024, Miss_rate = 0.250, Pending_hits = 0, Reservation_fails = 0
L2_cache_bank[26]: Access = 4096, Miss = 1024, Miss_rate = 0.250, Pending_hits = 0, Reservation_fails = 0
L2_cache_bank[27]: Access = 4096, Miss = 1024, Miss_rate = 0.250, Pending_hits = 0, Reservation_fails = 0
L2_cache_bank[28]: Access = 4096, Miss = 1024, Miss_rate = 0.250, Pending_hits = 0, Reservation_fails = 0
L2_cache_bank[29]: Access = 4096, Miss = 1024, Miss_rate = 0.250, Pending_hits = 0, Reservation_fails = 0
L2_cache_bank[30]: Access = 4096, Miss = 1024, Miss_rate = 0.250, Pending_hits = 0, Reservation_fails = 0
L2_cache_bank[31]: Access = 4096, Miss = 1024, Miss_rate = 0.250, Pending_hits = 0, Reservation_fails = 0
L2_total_cache_accesses = 131072
L2_total_cache_misses = 32768
L2_total_cache_miss_rate = 0.2500
L2_total_cache_pending_hits = 0
L2_total_cache_reservation_fails = 0
L2_total_cache_breakdown:
	L2_cache_stats_breakdown[GLOBAL_ACC_R][HIT] = 32768
	L2_cache_stats_breakdown[GLOBAL_ACC_R][HIT_RESERVED] = 0
	L2_cache_stats_breakdown[GLOBAL_ACC_R][MISS] = 0
	L2_cache_stats_breakdown[GLOBAL_ACC_R][RESERVATION_FAIL] = 0
	L2_cache_stats_breakdown[GLOBAL_ACC_R][SECTOR_MISS] = 0
	L2_cache_stats_breakdown[GLOBAL_ACC_R][MSHR_HIT] = 0
	L2_cache_stats_breakdown[LOCAL_ACC_R][HIT] = 0
	L2_cache_stats_breakdown[LOCAL_ACC_R][HIT_RESERVED] = 0
	L2_cache_stats_breakdown[LOCAL_ACC_R][MISS] = 0
	L2_cache_stats_breakdown[LOCAL_ACC_R][RESERVATION_FAIL] = 0
	L2_cache_stats_breakdown[LOCAL_ACC_R][SECTOR_MISS] = 0
	L2_cache_stats_breakdown[LOCAL_ACC_R][MSHR_HIT] = 0
	L2_cache_stats_breakdown[CONST_ACC_R][HIT] = 0
	L2_cache_stats_breakdown[CONST_ACC_R][HIT_RESERVED] = 0
	L2_cache_stats_breakdown[CONST_ACC_R][MISS] = 0
	L2_cache_stats_breakdown[CONST_ACC_R][RESERVATION_FAIL] = 0
	L2_cache_stats_breakdown[CONST_ACC_R][SECTOR_MISS] = 0
	L2_cache_stats_breakdown[CONST_ACC_R][MSHR_HIT] = 0
	L2_cache_stats_breakdown[TEXTURE_ACC_R][HIT] = 0
	L2_cache_stats_breakdown[TEXTURE_ACC_R][HIT_RESERVED] = 0
	L2_cache_stats_breakdown[TEXTURE_ACC_R][MISS] = 0
	L2_cache_stats_breakdown[TEXTURE_ACC_R][RESERVATION_FAIL] = 0
	L2_cache_stats_breakdown[TEXTURE_ACC_R][SECTOR_MISS] = 0
	L2_cache_stats_breakdown[TEXTURE_ACC_R][MSHR_HIT] = 0
	L2_cache_stats_breakdown[GLOBAL_ACC_W][HIT] = 32768
	L2_cache_stats_breakdown[GLOBAL_ACC_W][HIT_RESERVED] = 0
	L2_cache_stats_breakdown[GLOBAL_ACC_W][MISS] = 0
	L2_cache_stats_breakdown[GLOBAL_ACC_W][RESERVATION_FAIL] = 0
	L2_cache_stats_breakdown[GLOBAL_ACC_W][SECTOR_MISS] = 0
	L2_cache_stats_breakdown[GLOBAL_ACC_W][MSHR_HIT] = 0
	L2_cache_stats_breakdown[LOCAL_ACC_W][HIT] = 0
	L2_cache_stats_breakdown[LOCAL_ACC_W][HIT_RESERVED] = 0
	L2_cache_stats_breakdown[LOCAL_ACC_W][MISS] = 0
	L2_cache_stats_breakdown[LOCAL_ACC_W][RESERVATION_FAIL] = 0
	L2_cache_stats_breakdown[LOCAL_ACC_W][SECTOR_MISS] = 0
	L2_cache_stats_breakdown[LOCAL_ACC_W][MSHR_HIT] = 0
	L2_cache_stats_breakdown[L1_WRBK_ACC][HIT] = 0
	L2_cache_stats_breakdown[L1_WRBK_ACC][HIT_RESERVED] = 0
	L2_cache_stats_breakdown[L1_WRBK_ACC][MISS] = 0
	L2_cache_stats_breakdown[L1_WRBK_ACC][RESERVATION_FAIL] = 0
	L2_cache_stats_breakdown[L1_WRBK_ACC][SECTOR_MISS] = 0
	L2_cache_stats_breakdown[L1_WRBK_ACC][MSHR_HIT] = 0
	L2_cache_stats_breakdown[L2_WRBK_ACC][HIT] = 0
	L2_cache_stats_breakdown[L2_WRBK_ACC][HIT_RESERVED] = 0
	L2_cache_stats_breakdown[L2_WRBK_ACC][MISS] = 0
	L2_cache_stats_breakdown[L2_WRBK_ACC][RESERVATION_FAIL] = 0
	L2_cache_stats_breakdown[L2_WRBK_ACC][SECTOR_MISS] = 0
	L2_cache_stats_breakdown[L2_WRBK_ACC][MSHR_HIT] = 0
	L2_cache_stats_breakdown[INST_ACC_R][HIT] = 0
	L2_cache_stats_breakdown[INST_ACC_R][HIT_RESERVED] = 0
	L2_cache_stats_breakdown[INST_ACC_R][MISS] = 0
	L2_cache_stats_breakdown[INST_ACC_R][RESERVATION_FAIL] = 0
	L2_cache_stats_breakdown[INST_ACC_R][SECTOR_MISS] = 0
	L2_cache_stats_breakdown[INST_ACC_R][MSHR_HIT] = 0
	L2_cache_stats_breakdown[L1_WR_ALLOC_R][HIT] = 0
	L2_cache_stats_breakdown[L1_WR_ALLOC_R][HIT_RESERVED] = 0
	L2_cache_stats_breakdown[L1_WR_ALLOC_R][MISS] = 0
	L2_cache_stats_breakdown[L1_WR_ALLOC_R][RESERVATION_FAIL] = 0
	L2_cache_stats_breakdown[L1_WR_ALLOC_R][SECTOR_MISS] = 0
	L2_cache_stats_breakdown[L1_WR_ALLOC_R][MSHR_HIT] = 0
	L2_cache_stats_breakdown[L2_WR_ALLOC_R][HIT] = 0
	L2_cache_stats_breakdown[L2_WR_ALLOC_R][HIT_RESERVED] = 0
	L2_cache_stats_breakdown[L2_WR_ALLOC_R][MISS] = 0
	L2_cache_stats_breakdown[L2_WR_ALLOC_R][RESERVATION_FAIL] = 0
	L2_cache_stats_breakdown[L2_WR_ALLOC_R][SECTOR_MISS] = 0
	L2_cache_stats_breakdown[L2_WR_ALLOC_R][MSHR_HIT] = 0
	L2_cache_stats_breakdown[GLOBAL_ACC_R][TOTAL_ACCESS] = 32768
	L2_cache_stats_breakdown[GLOBAL_ACC_W][TOTAL_ACCESS] = 32768
L2_total_cache_reservation_fail_breakdown:
L2_cache_data_port_util = 0.098
L2_cache_fill_port_util = 0.000

icnt_total_pkts_mem_to_simt=131072
icnt_total_pkts_simt_to_mem=131072
LD_mem_lat_dist  0 0 0 0 0 0 0 0 0 0 0 0 0 0 0 0 0 0 0 0 0 0 0 0 0 0 0
ST_mem_lat_dist  0 0 0 0 0 0 0 0 0 0 0 0 0 0 0 0 0 0 0 0 0 0 0 0 0 0 0
----------------------------Interconnect-DETAILS--------------------------------
Req_Network_injected_packets_num = 131072
Req_Network_cycles = 31336
Req_Network_injected_packets_per_cycle =       4.1828 
Req_Network_conflicts_per_cycle =       0.7735
Req_Network_conflicts_per_cycle_util =       1.2768
Req_Bank_Level_Parallism =       6.9051
Req_Network_in_buffer_full_per_cycle =       0.0000
Req_Network_in_buffer_avg_util =       1.1166
Req_Network_out_buffer_full_per_cycle =       0.0000
Req_Network_out_buffer_avg_util =       0.1307

Reply_Network_injected_packets_num = 131072
Reply_Network_cycles = 31336
Reply_Network_injected_packets_per_cycle =        4.1828
Reply_Network_conflicts_per_cycle =        6.9269
Reply_Network_conflicts_per_cycle_util =      11.3141
Reply_Bank_Level_Parallism =       6.8320
Reply_Network_in_buffer_full_per_cycle =       0.0000
Reply_Network_in_buffer_avg_util =       1.4006
Reply_Network_out_buffer_full_per_cycle =       0.0000
Reply_Network_out_buffer_avg_util =       0.2614
----------------------------END-of-Interconnect-DETAILS-------------------------


gpgpu_simulation_time = 0 days, 0 hrs, 0 min, 26 sec (26 sec)
gpgpu_simulation_rate = 645277 (inst/sec)
gpgpu_simulation_rate = 1205 (cycle/sec)
gpgpu_silicon_slowdown = 1078838x
GPGPU-Sim: synchronize waiting for inactive GPU simulation
GPGPU-Sim API: Stream Manager State
GPGPU-Sim: detected inactive GPU simulation thread
GPGPU-Sim PTX: Setting up arguments for 8 bytes starting at 0x7ffe862312c0..
GPGPU-Sim PTX: Setting up arguments for 8 bytes starting at 0x7ffe862312c8..
GPGPU-Sim PTX: Setting up arguments for 4 bytes starting at 0x7ffe862312a8..
GPGPU-Sim PTX: Setting up arguments for 4 bytes starting at 0x7ffe862312ac..

GPGPU-Sim PTX: cudaLaunch for 0x0x5b08efc02030 (mode=performance simulation) on stream 0
GPGPU-Sim PTX: PDOM analysis already done for _Z10bsmm_stagePKfPfii 
GPGPU-Sim PTX: pushing kernel '_Z10bsmm_stagePKfPfii' to stream 0, gridDim= (2048,1,1) blockDim = (128,1,1) 
GPGPU-Sim uArch: Shader 5 bind to kernel 3 '_Z10bsmm_stagePKfPfii'
GPGPU-Sim: Reconfigure L1 cache to 128KB
GPGPU-Sim uArch: Shader 6 bind to kernel 3 '_Z10bsmm_stagePKfPfii'
GPGPU-Sim uArch: Shader 7 bind to kernel 3 '_Z10bsmm_stagePKfPfii'
GPGPU-Sim uArch: Shader 8 bind to kernel 3 '_Z10bsmm_stagePKfPfii'
GPGPU-Sim uArch: Shader 9 bind to kernel 3 '_Z10bsmm_stagePKfPfii'
GPGPU-Sim uArch: Shader 10 bind to kernel 3 '_Z10bsmm_stagePKfPfii'
GPGPU-Sim uArch: Shader 11 bind to kernel 3 '_Z10bsmm_stagePKfPfii'
GPGPU-Sim uArch: Shader 12 bind to kernel 3 '_Z10bsmm_stagePKfPfii'
GPGPU-Sim uArch: Shader 13 bind to kernel 3 '_Z10bsmm_stagePKfPfii'
GPGPU-Sim uArch: Shader 14 bind to kernel 3 '_Z10bsmm_stagePKfPfii'
GPGPU-Sim uArch: Shader 15 bind to kernel 3 '_Z10bsmm_stagePKfPfii'
GPGPU-Sim uArch: Shader 0 bind to kernel 3 '_Z10bsmm_stagePKfPfii'
GPGPU-Sim uArch: Shader 1 bind to kernel 3 '_Z10bsmm_stagePKfPfii'
GPGPU-Sim uArch: Shader 2 bind to kernel 3 '_Z10bsmm_stagePKfPfii'
GPGPU-Sim uArch: Shader 3 bind to kernel 3 '_Z10bsmm_stagePKfPfii'
GPGPU-Sim uArch: Shader 4 bind to kernel 3 '_Z10bsmm_stagePKfPfii'
Destroy streams for kernel 3: size 0
kernel_name = _Z10bsmm_stagePKfPfii 
kernel_launch_uid = 3 
kernel_stream_id = 100094747292024
gpu_sim_cycle = 15227
gpu_sim_insn = 8388608
gpu_ipc =     550.9035
gpu_tot_sim_cycle = 46563
gpu_tot_sim_insn = 25165824
gpu_tot_ipc =     540.4683
gpu_tot_issued_cta = 6144
gpu_occupancy = 93.2738% 
gpu_tot_occupancy = 93.2273% 
max_total_param_size = 0
gpu_stall_dramfull = 0
gpu_stall_icnt2sh    = 0
partiton_level_parallism =       4.3039
partiton_level_parallism_total  =       4.2224
partiton_level_parallism_util =       7.1986
partiton_level_parallism_util_total  =       7.0002
L2_BW  =     179.0436 GB/Sec
L2_BW_total  =     175.6522 GB/Sec
gpu_total_sim_rate=645277

========= Core cache stats =========
L1I_cache:
	L1I_total_cache_accesses = 0
	L1I_total_cache_misses = 0
	L1I_total_cache_pending_hits = 0
	L1I_total_cache_reservation_fails = 0
L1D_cache:
	L1D_cache_core[0]: Access = 18192, Miss = 12128, Miss_rate = 0.667, Pending_hits = 0, Reservation_fails = 7625
	L1D_cache_core[1]: Access = 17328, Miss = 11552, Miss_rate = 0.667, Pending_hits = 0, Reservation_fails = 8950
	L1D_cache_core[2]: Access = 19152, Miss = 12768, Miss_rate = 0.667, Pending_hits = 0, Reservation_fails = 7373
	L1D_cache_core[3]: Access = 19104, Miss = 12736, Miss_rate = 0.667, Pending_hits = 0, Reservation_fails = 7063
	L1D_cache_core[4]: Access = 19344, Miss = 12896, Miss_rate = 0.667, Pending_hits = 0, Reservation_fails = 7235
	L1D_cache_core[5]: Access = 18192, Miss = 12128, Miss_rate = 0.667, Pending_hits = 0, Reservation_fails = 8254
	L1D_cache_core[6]: Access = 18624, Miss = 12416, Miss_rate = 0.667, Pending_hits = 0, Reservation_fails = 8068
	L1D_cache_core[7]: Access = 18144, Miss = 12096, Miss_rate = 0.667, Pending_hits = 0, Reservation_fails = 7863
	L1D_cache_core[8]: Access = 19632, Miss = 13088, Miss_rate = 0.667, Pending_hits = 0, Reservation_fails = 6539
	L1D_cache_core[9]: Access = 20112, Miss = 13408, Miss_rate = 0.667, Pending_hits = 0, Reservation_fails = 6006
	L1D_cache_core[10]: Access = 16752, Miss = 11168, Miss_rate = 0.667, Pending_hits = 0, Reservation_fails = 8657
	L1D_cache_core[11]: Access = 17472, Miss = 11648, Miss_rate = 0.667, Pending_hits = 0, Reservation_fails = 8701
	L1D_cache_core[12]: Access = 18576, Miss = 12384, Miss_rate = 0.667, Pending_hits = 0, Reservation_fails = 7467
	L1D_cache_core[13]: Access = 19008, Miss = 12672, Miss_rate = 0.667, Pending_hits = 0, Reservation_fails = 7358
	L1D_cache_core[14]: Access = 18288, Miss = 12192, Miss_rate = 0.667, Pending_hits = 0, Reservation_fails = 7590
	L1D_cache_core[15]: Access = 16992, Miss = 11328, Miss_rate = 0.667, Pending_hits = 0, Reservation_fails = 9117
	L1D_total_cache_accesses = 294912
	L1D_total_cache_misses = 196608
	L1D_total_cache_miss_rate = 0.6667
	L1D_total_cache_pending_hits = 0
	L1D_total_cache_reservation_fails = 123866
	L1D_cache_data_port_util = 0.197
	L1D_cache_fill_port_util = 0.197
L1C_cache:
	L1C_total_cache_accesses = 0
	L1C_total_cache_misses = 0
	L1C_total_cache_pending_hits = 0
	L1C_total_cache_reservation_fails = 0
L1T_cache:
	L1T_total_cache_accesses = 0
	L1T_total_cache_misses = 0
	L1T_total_cache_pending_hits = 0
	L1T_total_cache_reservation_fails = 0

Total_core_cache_stats:
	Total_core_cache_stats_breakdown[GLOBAL_ACC_R][HIT] = 32768
	Total_core_cache_stats_breakdown[GLOBAL_ACC_R][HIT_RESERVED] = 0
	Total_core_cache_stats_breakdown[GLOBAL_ACC_R][MISS] = 8192
	Total_core_cache_stats_breakdown[GLOBAL_ACC_R][RESERVATION_FAIL] = 29561
	Total_core_cache_stats_breakdown[GLOBAL_ACC_R][SECTOR_MISS] = 24576
	Total_core_cache_stats_breakdown[GLOBAL_ACC_R][MSHR_HIT] = 0
	Total_core_cache_stats_breakdown[LOCAL_ACC_R][HIT] = 0
	Total_core_cache_stats_breakdown[LOCAL_ACC_R][HIT_RESERVED] = 0
	Total_core_cache_stats_breakdown[LOCAL_ACC_R][MISS] = 0
	Total_core_cache_stats_breakdown[LOCAL_ACC_R][RESERVATION_FAIL] = 0
	Total_core_cache_stats_breakdown[LOCAL_ACC_R][SECTOR_MISS] = 0
	Total_core_cache_stats_breakdown[LOCAL_ACC_R][MSHR_HIT] = 0
	Total_core_cache_stats_breakdown[CONST_ACC_R][HIT] = 0
	Total_core_cache_stats_breakdown[CONST_ACC_R][HIT_RESERVED] = 0
	Total_core_cache_stats_breakdown[CONST_ACC_R][MISS] = 0
	Total_core_cache_stats_breakdown[CONST_ACC_R][RESERVATION_FAIL] = 0
	Total_core_cache_stats_breakdown[CONST_ACC_R][SECTOR_MISS] = 0
	Total_core_cache_stats_breakdown[CONST_ACC_R][MSHR_HIT] = 0
	Total_core_cache_stats_breakdown[TEXTURE_ACC_R][HIT] = 0
	Total_core_cache_stats_breakdown[TEXTURE_ACC_R][HIT_RESERVED] = 0
	Total_core_cache_stats_breakdown[TEXTURE_ACC_R][MISS] = 0
	Total_core_cache_stats_breakdown[TEXTURE_ACC_R][RESERVATION_FAIL] = 0
	Total_core_cache_stats_breakdown[TEXTURE_ACC_R][SECTOR_MISS] = 0
	Total_core_cache_stats_breakdown[TEXTURE_ACC_R][MSHR_HIT] = 0
	Total_core_cache_stats_breakdown[GLOBAL_ACC_W][HIT] = 0
	Total_core_cache_stats_breakdown[GLOBAL_ACC_W][HIT_RESERVED] = 0
	Total_core_cache_stats_breakdown[GLOBAL_ACC_W][MISS] = 8192
	Total_core_cache_stats_breakdown[GLOBAL_ACC_W][RESERVATION_FAIL] = 9509
	Total_core_cache_stats_breakdown[GLOBAL_ACC_W][SECTOR_MISS] = 24576
	Total_core_cache_stats_breakdown[GLOBAL_ACC_W][MSHR_HIT] = 0
	Total_core_cache_stats_breakdown[LOCAL_ACC_W][HIT] = 0
	Total_core_cache_stats_breakdown[LOCAL_ACC_W][HIT_RESERVED] = 0
	Total_core_cache_stats_breakdown[LOCAL_ACC_W][MISS] = 0
	Total_core_cache_stats_breakdown[LOCAL_ACC_W][RESERVATION_FAIL] = 0
	Total_core_cache_stats_breakdown[LOCAL_ACC_W][SECTOR_MISS] = 0
	Total_core_cache_stats_breakdown[LOCAL_ACC_W][MSHR_HIT] = 0
	Total_core_cache_stats_breakdown[L1_WRBK_ACC][HIT] = 0
	Total_core_cache_stats_breakdown[L1_WRBK_ACC][HIT_RESERVED] = 0
	Total_core_cache_stats_breakdown[L1_WRBK_ACC][MISS] = 0
	Total_core_cache_stats_breakdown[L1_WRBK_ACC][RESERVATION_FAIL] = 0
	Total_core_cache_stats_breakdown[L1_WRBK_ACC][SECTOR_MISS] = 0
	Total_core_cache_stats_breakdown[L1_WRBK_ACC][MSHR_HIT] = 0
	Total_core_cache_stats_breakdown[L2_WRBK_ACC][HIT] = 0
	Total_core_cache_stats_breakdown[L2_WRBK_ACC][HIT_RESERVED] = 0
	Total_core_cache_stats_breakdown[L2_WRBK_ACC][MISS] = 0
	Total_core_cache_stats_breakdown[L2_WRBK_ACC][RESERVATION_FAIL] = 0
	Total_core_cache_stats_breakdown[L2_WRBK_ACC][SECTOR_MISS] = 0
	Total_core_cache_stats_breakdown[L2_WRBK_ACC][MSHR_HIT] = 0
	Total_core_cache_stats_breakdown[INST_ACC_R][HIT] = 0
	Total_core_cache_stats_breakdown[INST_ACC_R][HIT_RESERVED] = 0
	Total_core_cache_stats_breakdown[INST_ACC_R][MISS] = 0
	Total_core_cache_stats_breakdown[INST_ACC_R][RESERVATION_FAIL] = 0
	Total_core_cache_stats_breakdown[INST_ACC_R][SECTOR_MISS] = 0
	Total_core_cache_stats_breakdown[INST_ACC_R][MSHR_HIT] = 0
	Total_core_cache_stats_breakdown[L1_WR_ALLOC_R][HIT] = 0
	Total_core_cache_stats_breakdown[L1_WR_ALLOC_R][HIT_RESERVED] = 0
	Total_core_cache_stats_breakdown[L1_WR_ALLOC_R][MISS] = 0
	Total_core_cache_stats_breakdown[L1_WR_ALLOC_R][RESERVATION_FAIL] = 0
	Total_core_cache_stats_breakdown[L1_WR_ALLOC_R][SECTOR_MISS] = 0
	Total_core_cache_stats_breakdown[L1_WR_ALLOC_R][MSHR_HIT] = 0
	Total_core_cache_stats_breakdown[L2_WR_ALLOC_R][HIT] = 0
	Total_core_cache_stats_breakdown[L2_WR_ALLOC_R][HIT_RESERVED] = 0
	Total_core_cache_stats_breakdown[L2_WR_ALLOC_R][MISS] = 0
	Total_core_cache_stats_breakdown[L2_WR_ALLOC_R][RESERVATION_FAIL] = 0
	Total_core_cache_stats_breakdown[L2_WR_ALLOC_R][SECTOR_MISS] = 0
	Total_core_cache_stats_breakdown[L2_WR_ALLOC_R][MSHR_HIT] = 0
	Total_core_cache_stats_breakdown[GLOBAL_ACC_R][TOTAL_ACCESS] = 65536
	Total_core_cache_stats_breakdown[GLOBAL_ACC_W][TOTAL_ACCESS] = 32768

Total_core_cache_fail_stats:
	Total_core_cache_fail_stats_breakdown[GLOBAL_ACC_R][MISS_QUEUE_FULL] = 29561
	Total_core_cache_fail_stats_breakdown[GLOBAL_ACC_W][MISS_QUEUE_FULL] = 9509
ctas_completed 6144, Shader 0 warp_id issue ditsribution:
warp_id:
0, 1, 2, 3, 4, 5, 6, 7, 8, 9, 10, 11, 12, 13, 14, 15, 16, 17, 18, 19, 20, 21, 22, 23, 24, 25, 26, 27, 28, 29, 30, 31, 32, 33, 34, 35, 36, 37, 38, 39, 40, 41, 42, 43, 44, 45, 46, 47, 
distro:
1089, 1089, 1089, 1089, 1023, 1023, 1023, 1023, 1056, 1056, 1056, 1056, 990, 990, 990, 990, 1023, 1023, 1023, 1023, 1089, 1089, 1089, 1089, 1056, 1056, 1056, 1056, 1089, 1089, 1089, 1089, 1056, 1056, 1056, 1056, 1056, 1056, 1056, 1056, 1023, 1023, 1023, 1023, 957, 957, 957, 957, 
gpgpu_n_tot_thrd_icount = 25952256
gpgpu_n_tot_w_icount = 811008
gpgpu_n_stall_shd_mem = 2233
gpgpu_n_mem_read_local = 0
gpgpu_n_mem_write_local = 0
gpgpu_n_mem_read_global = 98304
gpgpu_n_mem_write_global = 98304
gpgpu_n_mem_texture = 0
gpgpu_n_mem_const = 0
gpgpu_n_load_insn  = 1572864
gpgpu_n_store_insn = 786432
gpgpu_n_shmem_insn = 0
gpgpu_n_sstarr_insn = 0
gpgpu_n_tex_insn = 0
gpgpu_n_const_mem_insn = 0
gpgpu_n_param_mem_insn = 3145728
gpgpu_n_shmem_bkconflict = 0
gpgpu_n_l1cache_bkconflict = 2233
gpgpu_n_intrawarp_mshr_merge = 0
gpgpu_n_cmem_portconflict = 0
gpgpu_stall_shd_mem[c_mem][resource_stall] = 0
gpgpu_stall_shd_mem[s_mem][bk_conf] = 0
gpgpu_stall_shd_mem[gl_mem][resource_stall] = 2233
gpgpu_stall_shd_mem[gl_mem][coal_stall] = 0
gpgpu_stall_shd_mem[gl_mem][data_port_stall] = 0
gpu_reg_bank_conflict_stalls = 0
Warp Occupancy Distribution:
Stall:270064	W0_Idle:59993	W0_Scoreboard:850699	W1:0	W2:0	W3:0	W4:0	W5:0	W6:0	W7:0	W8:0	W9:0	W10:0	W11:0	W12:0	W13:0	W14:0	W15:0	W16:0	W17:0	W18:0	W19:0	W20:0	W21:0	W22:0	W23:0	W24:0	W25:0	W26:0	W27:0	W28:0	W29:0	W30:0	W31:0	W32:811008
single_issue_nums: WS0:202752	WS1:202752	WS2:202752	WS3:202752	
dual_issue_nums: WS0:0	WS1:0	WS2:0	WS3:0	
traffic_breakdown_coretomem[GLOBAL_ACC_R] = 786432 {8:98304,}
traffic_breakdown_coretomem[GLOBAL_ACC_W] = 3932160 {40:98304,}
traffic_breakdown_memtocore[GLOBAL_ACC_R] = 3932160 {40:98304,}
traffic_breakdown_memtocore[GLOBAL_ACC_W] = 786432 {8:98304,}
maxmflatency = 491 
max_icnt2mem_latency = 230 
maxmrqlatency = 0 
max_icnt2sh_latency = 162 
averagemflatency = 267 
avg_icnt2mem_latency = 66 
avg_icnt2sh_latency = 12 
mrq_lat_table:0 	0 	0 	0 	0 	0 	0 	0 	0 	0 	0 	0 	0 	0 	0 	0 	0 	0 	0 	0 	0 	0 	0 	0 	0 	0 	0 	0 	0 	0 	0 	0 	
dq_lat_table:0 	0 	0 	0 	0 	0 	0 	0 	0 	0 	0 	0 	0 	0 	0 	0 	0 	0 	0 	0 	0 	0 	0 	0 	0 	0 	0 	0 	0 	0 	0 	0 	
mf_lat_table:0 	0 	0 	0 	0 	0 	0 	99767 	96841 	0 	0 	0 	0 	0 	0 	0 	0 	0 	0 	0 	0 	0 	0 	0 	0 	0 	0 	0 	0 	0 	0 	0 	
icnt2mem_lat_table:0 	0 	0 	0 	0 	132739 	51460 	12409 	0 	0 	0 	0 	0 	0 	0 	0 	0 	0 	0 	0 	0 	0 	0 	0 	
icnt2sh_lat_table:0 	62947 	38002 	41401 	34499 	17302 	2430 	27 	0 	0 	0 	0 	0 	0 	0 	0 	0 	0 	0 	0 	0 	0 	0 	0 	
mf_lat_pw_table:0 	0 	0 	0 	0 	0 	0 	6 	54 	0 	0 	0 	0 	0 	0 	0 	0 	0 	0 	0 	0 	0 	0 	0 	0 	0 	0 	0 	0 	0 	0 	0 	
maximum concurrent accesses to same row:
dram[0]:         0         0         0         0         0         0         0         0         0         0         0         0         0         0         0         0 
dram[1]:         0         0         0         0         0         0         0         0         0         0         0         0         0         0         0         0 
dram[2]:         0         0         0         0         0         0         0         0         0         0         0         0         0         0         0         0 
dram[3]:         0         0         0         0         0         0         0         0         0         0         0         0         0         0         0         0 
dram[4]:         0         0         0         0         0         0         0         0         0         0         0         0         0         0         0         0 
dram[5]:         0         0         0         0         0         0         0         0         0         0         0         0         0         0         0         0 
dram[6]:         0         0         0         0         0         0         0         0         0         0         0         0         0         0         0         0 
dram[7]:         0         0         0         0         0         0         0         0         0         0         0         0         0         0         0         0 
dram[8]:         0         0         0         0         0         0         0         0         0         0         0         0         0         0         0         0 
dram[9]:         0         0         0         0         0         0         0         0         0         0         0         0         0         0         0         0 
dram[10]:         0         0         0         0         0         0         0         0         0         0         0         0         0         0         0         0 
dram[11]:         0         0         0         0         0         0         0         0         0         0         0         0         0         0         0         0 
dram[12]:         0         0         0         0         0         0         0         0         0         0         0         0         0         0         0         0 
dram[13]:         0         0         0         0         0         0         0         0         0         0         0         0         0         0         0         0 
dram[14]:         0         0         0         0         0         0         0         0         0         0         0         0         0         0         0         0 
dram[15]:         0         0         0         0         0         0         0         0         0         0         0         0         0         0         0         0 
maximum service time to same row:
dram[0]:         0         0         0         0         0         0         0         0         0         0         0         0         0         0         0         0 
dram[1]:         0         0         0         0         0         0         0         0         0         0         0         0         0         0         0         0 
dram[2]:         0         0         0         0         0         0         0         0         0         0         0         0         0         0         0         0 
dram[3]:         0         0         0         0         0         0         0         0         0         0         0         0         0         0         0         0 
dram[4]:         0         0         0         0         0         0         0         0         0         0         0         0         0         0         0         0 
dram[5]:         0         0         0         0         0         0         0         0         0         0         0         0         0         0         0         0 
dram[6]:         0         0         0         0         0         0         0         0         0         0         0         0         0         0         0         0 
dram[7]:         0         0         0         0         0         0         0         0         0         0         0         0         0         0         0         0 
dram[8]:         0         0         0         0         0         0         0         0         0         0         0         0         0         0         0         0 
dram[9]:         0         0         0         0         0         0         0         0         0         0         0         0         0         0         0         0 
dram[10]:         0         0         0         0         0         0         0         0         0         0         0         0         0         0         0         0 
dram[11]:         0         0         0         0         0         0         0         0         0         0         0         0         0         0         0         0 
dram[12]:         0         0         0         0         0         0         0         0         0         0         0         0         0         0         0         0 
dram[13]:         0         0         0         0         0         0         0         0         0         0         0         0         0         0         0         0 
dram[14]:         0         0         0         0         0         0         0         0         0         0         0         0         0         0         0         0 
dram[15]:         0         0         0         0         0         0         0         0         0         0         0         0         0         0         0         0 
average row accesses per activate:
dram[0]:      -nan      -nan      -nan      -nan      -nan      -nan      -nan      -nan      -nan      -nan      -nan      -nan      -nan      -nan      -nan      -nan 
dram[1]:      -nan      -nan      -nan      -nan      -nan      -nan      -nan      -nan      -nan      -nan      -nan      -nan      -nan      -nan      -nan      -nan 
dram[2]:      -nan      -nan      -nan      -nan      -nan      -nan      -nan      -nan      -nan      -nan      -nan      -nan      -nan      -nan      -nan      -nan 
dram[3]:      -nan      -nan      -nan      -nan      -nan      -nan      -nan      -nan      -nan      -nan      -nan      -nan      -nan      -nan      -nan      -nan 
dram[4]:      -nan      -nan      -nan      -nan      -nan      -nan      -nan      -nan      -nan      -nan      -nan      -nan      -nan      -nan      -nan      -nan 
dram[5]:      -nan      -nan      -nan      -nan      -nan      -nan      -nan      -nan      -nan      -nan      -nan      -nan      -nan      -nan      -nan      -nan 
dram[6]:      -nan      -nan      -nan      -nan      -nan      -nan      -nan      -nan      -nan      -nan      -nan      -nan      -nan      -nan      -nan      -nan 
dram[7]:      -nan      -nan      -nan      -nan      -nan      -nan      -nan      -nan      -nan      -nan      -nan      -nan      -nan      -nan      -nan      -nan 
dram[8]:      -nan      -nan      -nan      -nan      -nan      -nan      -nan      -nan      -nan      -nan      -nan      -nan      -nan      -nan      -nan      -nan 
dram[9]:      -nan      -nan      -nan      -nan      -nan      -nan      -nan      -nan      -nan      -nan      -nan      -nan      -nan      -nan      -nan      -nan 
dram[10]:      -nan      -nan      -nan      -nan      -nan      -nan      -nan      -nan      -nan      -nan      -nan      -nan      -nan      -nan      -nan      -nan 
dram[11]:      -nan      -nan      -nan      -nan      -nan      -nan      -nan      -nan      -nan      -nan      -nan      -nan      -nan      -nan      -nan      -nan 
dram[12]:      -nan      -nan      -nan      -nan      -nan      -nan      -nan      -nan      -nan      -nan      -nan      -nan      -nan      -nan      -nan      -nan 
dram[13]:      -nan      -nan      -nan      -nan      -nan      -nan      -nan      -nan      -nan      -nan      -nan      -nan      -nan      -nan      -nan      -nan 
dram[14]:      -nan      -nan      -nan      -nan      -nan      -nan      -nan      -nan      -nan      -nan      -nan      -nan      -nan      -nan      -nan      -nan 
dram[15]:      -nan      -nan      -nan      -nan      -nan      -nan      -nan      -nan      -nan      -nan      -nan      -nan      -nan      -nan      -nan      -nan 
average row locality = 0/0 = -nan
number of total memory accesses made:
dram[0]:         0         0         0         0         0         0         0         0         0         0         0         0         0         0         0         0 
dram[1]:         0         0         0         0         0         0         0         0         0         0         0         0         0         0         0         0 
dram[2]:         0         0         0         0         0         0         0         0         0         0         0         0         0         0         0         0 
dram[3]:         0         0         0         0         0         0         0         0         0         0         0         0         0         0         0         0 
dram[4]:         0         0         0         0         0         0         0         0         0         0         0         0         0         0         0         0 
dram[5]:         0         0         0         0         0         0         0         0         0         0         0         0         0         0         0         0 
dram[6]:         0         0         0         0         0         0         0         0         0         0         0         0         0         0         0         0 
dram[7]:         0         0         0         0         0         0         0         0         0         0         0         0         0         0         0         0 
dram[8]:         0         0         0         0         0         0         0         0         0         0         0         0         0         0         0         0 
dram[9]:         0         0         0         0         0         0         0         0         0         0         0         0         0         0         0         0 
dram[10]:         0         0         0         0         0         0         0         0         0         0         0         0         0         0         0         0 
dram[11]:         0         0         0         0         0         0         0         0         0         0         0         0         0         0         0         0 
dram[12]:         0         0         0         0         0         0         0         0         0         0         0         0         0         0         0         0 
dram[13]:         0         0         0         0         0         0         0         0         0         0         0         0         0         0         0         0 
dram[14]:         0         0         0         0         0         0         0         0         0         0         0         0         0         0         0         0 
dram[15]:         0         0         0         0         0         0         0         0         0         0         0         0         0         0         0         0 
total accesses: 0
min_bank_accesses = 0!
min_chip_accesses = 0!
number of total read accesses:
dram[0]:         0         0         0         0         0         0         0         0         0         0         0         0         0         0         0         0 
dram[1]:         0         0         0         0         0         0         0         0         0         0         0         0         0         0         0         0 
dram[2]:         0         0         0         0         0         0         0         0         0         0         0         0         0         0         0         0 
dram[3]:         0         0         0         0         0         0         0         0         0         0         0         0         0         0         0         0 
dram[4]:         0         0         0         0         0         0         0         0         0         0         0         0         0         0         0         0 
dram[5]:         0         0         0         0         0         0         0         0         0         0         0         0         0         0         0         0 
dram[6]:         0         0         0         0         0         0         0         0         0         0         0         0         0         0         0         0 
dram[7]:         0         0         0         0         0         0         0         0         0         0         0         0         0         0         0         0 
dram[8]:         0         0         0         0         0         0         0         0         0         0         0         0         0         0         0         0 
dram[9]:         0         0         0         0         0         0         0         0         0         0         0         0         0         0         0         0 
dram[10]:         0         0         0         0         0         0         0         0         0         0         0         0         0         0         0         0 
dram[11]:         0         0         0         0         0         0         0         0         0         0         0         0         0         0         0         0 
dram[12]:         0         0         0         0         0         0         0         0         0         0         0         0         0         0         0         0 
dram[13]:         0         0         0         0         0         0         0         0         0         0         0         0         0         0         0         0 
dram[14]:         0         0         0         0         0         0         0         0         0         0         0         0         0         0         0         0 
dram[15]:         0         0         0         0         0         0         0         0         0         0         0         0         0         0         0         0 
total dram reads = 0
min_bank_accesses = 0!
min_chip_accesses = 0!
number of total write accesses:
dram[0]:         0         0         0         0         0         0         0         0         0         0         0         0         0         0         0         0 
dram[1]:         0         0         0         0         0         0         0         0         0         0         0         0         0         0         0         0 
dram[2]:         0         0         0         0         0         0         0         0         0         0         0         0         0         0         0         0 
dram[3]:         0         0         0         0         0         0         0         0         0         0         0         0         0         0         0         0 
dram[4]:         0         0         0         0         0         0         0         0         0         0         0         0         0         0         0         0 
dram[5]:         0         0         0         0         0         0         0         0         0         0         0         0         0         0         0         0 
dram[6]:         0         0         0         0         0         0         0         0         0         0         0         0         0         0         0         0 
dram[7]:         0         0         0         0         0         0         0         0         0         0         0         0         0         0         0         0 
dram[8]:         0         0         0         0         0         0         0         0         0         0         0         0         0         0         0         0 
dram[9]:         0         0         0         0         0         0         0         0         0         0         0         0         0         0         0         0 
dram[10]:         0         0         0         0         0         0         0         0         0         0         0         0         0         0         0         0 
dram[11]:         0         0         0         0         0         0         0         0         0         0         0         0         0         0         0         0 
dram[12]:         0         0         0         0         0         0         0         0         0         0         0         0         0         0         0         0 
dram[13]:         0         0         0         0         0         0         0         0         0         0         0         0         0         0         0         0 
dram[14]:         0         0         0         0         0         0         0         0         0         0         0         0         0         0         0         0 
dram[15]:         0         0         0         0         0         0         0         0         0         0         0         0         0         0         0         0 
total dram writes = 0
min_bank_accesses = 0!
min_chip_accesses = 0!
average mf latency per bank:
dram[0]:     none      none      none      none      none      none      none      none      none      none      none      none      none      none      none      none  
dram[1]:     none      none      none      none      none      none      none      none      none      none      none      none      none      none      none      none  
dram[2]:     none      none      none      none      none      none      none      none      none      none      none      none      none      none      none      none  
dram[3]:     none      none      none      none      none      none      none      none      none      none      none      none      none      none      none      none  
dram[4]:     none      none      none      none      none      none      none      none      none      none      none      none      none      none      none      none  
dram[5]:     none      none      none      none      none      none      none      none      none      none      none      none      none      none      none      none  
dram[6]:     none      none      none      none      none      none      none      none      none      none      none      none      none      none      none      none  
dram[7]:     none      none      none      none      none      none      none      none      none      none      none      none      none      none      none      none  
dram[8]:     none      none      none      none      none      none      none      none      none      none      none      none      none      none      none      none  
dram[9]:     none      none      none      none      none      none      none      none      none      none      none      none      none      none      none      none  
dram[10]:     none      none      none      none      none      none      none      none      none      none      none      none      none      none      none      none  
dram[11]:     none      none      none      none      none      none      none      none      none      none      none      none      none      none      none      none  
dram[12]:     none      none      none      none      none      none      none      none      none      none      none      none      none      none      none      none  
dram[13]:     none      none      none      none      none      none      none      none      none      none      none      none      none      none      none      none  
dram[14]:     none      none      none      none      none      none      none      none      none      none      none      none      none      none      none      none  
dram[15]:     none      none      none      none      none      none      none      none      none      none      none      none      none      none      none      none  
maximum mf latency per bank:
dram[0]:        446       447       440       435       421       415       397       402       416       420       388       400       379       377       378       385
dram[1]:        458       448       456       464       424       422       409       406       437       425       381       393       420       401       377       384
dram[2]:        431       441       434       434       411       415       470       491       471       440       394       390       389       397       402       382
dram[3]:        453       453       419       448       411       408       382       382       387       396       381       394       407       382       403       383
dram[4]:        449       437       448       451       423       426       375       387       389       391       373       382       378       375       403       405
dram[5]:        455       452       448       448       427       424       391       390       398       392       382       381       373       377       379       377
dram[6]:        462       442       443       434       415       436       442       456       402       430       385       370       364       388       385       388
dram[7]:        443       458       426       448       418       434       394       405       425       443       386       376       379       373       411       369
dram[8]:        439       455       427       438       400       404       387       388       394       401       374       377       377       381       412       408
dram[9]:        453       446       451       454       415       420       409       386       391       387       421       419       375       372       371       383
dram[10]:        447       445       433       438       423       427       415       416       417       407       386       407       396       382       391       388
dram[11]:        424       426       430       435       444       443       407       399       396       379       382       419       421       432       370       372
dram[12]:        436       434       421       419       417       426       427       400       423       424       368       368       366       415       396       376
dram[13]:        461       456       445       450       410       417       400       396       394       392       372       386       369       382       388       382
dram[14]:        435       435       421       422       400       414       419       411       420       419       362       374       385       379       398       409
dram[15]:        460       457       437       446       417       415       401       390       406       399       377       404       396       375       434       423
Memory Partition 0: 
Cache L2_bank_000:
MSHR contents

Cache L2_bank_001:
MSHR contents

In Dram Latency Queue (total = 0): 
DRAM[0]: 16 bks, busW=2 BL=16 CL=24, tRRD=12 tCCD=4, tRCD=24 tRAS=55 tRP=24 tRC=78
n_cmd=57306 n_nop=57306 n_act=0 n_pre=0 n_ref_event=0 n_req=0 n_rd=0 n_rd_L2_A=0 n_write=0 n_wr_bk=0 bw_util=0
n_activity=0 dram_eff=-nan
bk0: 0a 57306i bk1: 0a 57306i bk2: 0a 57306i bk3: 0a 57306i bk4: 0a 57306i bk5: 0a 57306i bk6: 0a 57306i bk7: 0a 57306i bk8: 0a 57306i bk9: 0a 57306i bk10: 0a 57306i bk11: 0a 57306i bk12: 0a 57306i bk13: 0a 57306i bk14: 0a 57306i bk15: 0a 57306i 

------------------------------------------------------------------------

Row_Buffer_Locality = -nan
Row_Buffer_Locality_read = -nan
Row_Buffer_Locality_write = -nan
Bank_Level_Parallism = -nan
Bank_Level_Parallism_Col = -nan
Bank_Level_Parallism_Ready = -nan
write_to_read_ratio_blp_rw_average = -nan
GrpLevelPara = -nan 

BW Util details:
bwutil = 0.000000 
total_CMD = 57306 
util_bw = 0 
Wasted_Col = 0 
Wasted_Row = 0 
Idle = 57306 

BW Util Bottlenecks: 
RCDc_limit = 0 
RCDWRc_limit = 0 
WTRc_limit = 0 
RTWc_limit = 0 
CCDLc_limit = 0 
rwq = 0 
CCDLc_limit_alone = 0 
WTRc_limit_alone = 0 
RTWc_limit_alone = 0 

Commands details: 
total_CMD = 57306 
n_nop = 57306 
Read = 0 
Write = 0 
L2_Alloc = 0 
L2_WB = 0 
n_act = 0 
n_pre = 0 
n_ref = 0 
n_req = 0 
total_req = 0 

Dual Bus Interface Util: 
issued_total_row = 0 
issued_total_col = 0 
Row_Bus_Util =  0.000000 
CoL_Bus_Util = 0.000000 
Either_Row_CoL_Bus_Util = 0.000000 
Issued_on_Two_Bus_Simul_Util = 0.000000 
issued_two_Eff = -nan 
queue_avg = 0.000000 


dram_util_bins: 0 0 0 0 0 0 0 0 0 0
dram_eff_bins: 0 0 0 0 0 0 0 0 0 0
mrqq: max=0 avg=0
Memory Partition 1: 
Cache L2_bank_002:
MSHR contents

Cache L2_bank_003:
MSHR contents

In Dram Latency Queue (total = 0): 
DRAM[1]: 16 bks, busW=2 BL=16 CL=24, tRRD=12 tCCD=4, tRCD=24 tRAS=55 tRP=24 tRC=78
n_cmd=57306 n_nop=57306 n_act=0 n_pre=0 n_ref_event=0 n_req=0 n_rd=0 n_rd_L2_A=0 n_write=0 n_wr_bk=0 bw_util=0
n_activity=0 dram_eff=-nan
bk0: 0a 57306i bk1: 0a 57306i bk2: 0a 57306i bk3: 0a 57306i bk4: 0a 57306i bk5: 0a 57306i bk6: 0a 57306i bk7: 0a 57306i bk8: 0a 57306i bk9: 0a 57306i bk10: 0a 57306i bk11: 0a 57306i bk12: 0a 57306i bk13: 0a 57306i bk14: 0a 57306i bk15: 0a 57306i 

------------------------------------------------------------------------

Row_Buffer_Locality = -nan
Row_Buffer_Locality_read = -nan
Row_Buffer_Locality_write = -nan
Bank_Level_Parallism = -nan
Bank_Level_Parallism_Col = -nan
Bank_Level_Parallism_Ready = -nan
write_to_read_ratio_blp_rw_average = -nan
GrpLevelPara = -nan 

BW Util details:
bwutil = 0.000000 
total_CMD = 57306 
util_bw = 0 
Wasted_Col = 0 
Wasted_Row = 0 
Idle = 57306 

BW Util Bottlenecks: 
RCDc_limit = 0 
RCDWRc_limit = 0 
WTRc_limit = 0 
RTWc_limit = 0 
CCDLc_limit = 0 
rwq = 0 
CCDLc_limit_alone = 0 
WTRc_limit_alone = 0 
RTWc_limit_alone = 0 

Commands details: 
total_CMD = 57306 
n_nop = 57306 
Read = 0 
Write = 0 
L2_Alloc = 0 
L2_WB = 0 
n_act = 0 
n_pre = 0 
n_ref = 0 
n_req = 0 
total_req = 0 

Dual Bus Interface Util: 
issued_total_row = 0 
issued_total_col = 0 
Row_Bus_Util =  0.000000 
CoL_Bus_Util = 0.000000 
Either_Row_CoL_Bus_Util = 0.000000 
Issued_on_Two_Bus_Simul_Util = 0.000000 
issued_two_Eff = -nan 
queue_avg = 0.000000 


dram_util_bins: 0 0 0 0 0 0 0 0 0 0
dram_eff_bins: 0 0 0 0 0 0 0 0 0 0
mrqq: max=0 avg=0
Memory Partition 2: 
Cache L2_bank_004:
MSHR contents

Cache L2_bank_005:
MSHR contents

In Dram Latency Queue (total = 0): 
DRAM[2]: 16 bks, busW=2 BL=16 CL=24, tRRD=12 tCCD=4, tRCD=24 tRAS=55 tRP=24 tRC=78
n_cmd=57306 n_nop=57306 n_act=0 n_pre=0 n_ref_event=0 n_req=0 n_rd=0 n_rd_L2_A=0 n_write=0 n_wr_bk=0 bw_util=0
n_activity=0 dram_eff=-nan
bk0: 0a 57306i bk1: 0a 57306i bk2: 0a 57306i bk3: 0a 57306i bk4: 0a 57306i bk5: 0a 57306i bk6: 0a 57306i bk7: 0a 57306i bk8: 0a 57306i bk9: 0a 57306i bk10: 0a 57306i bk11: 0a 57306i bk12: 0a 57306i bk13: 0a 57306i bk14: 0a 57306i bk15: 0a 57306i 

------------------------------------------------------------------------

Row_Buffer_Locality = -nan
Row_Buffer_Locality_read = -nan
Row_Buffer_Locality_write = -nan
Bank_Level_Parallism = -nan
Bank_Level_Parallism_Col = -nan
Bank_Level_Parallism_Ready = -nan
write_to_read_ratio_blp_rw_average = -nan
GrpLevelPara = -nan 

BW Util details:
bwutil = 0.000000 
total_CMD = 57306 
util_bw = 0 
Wasted_Col = 0 
Wasted_Row = 0 
Idle = 57306 

BW Util Bottlenecks: 
RCDc_limit = 0 
RCDWRc_limit = 0 
WTRc_limit = 0 
RTWc_limit = 0 
CCDLc_limit = 0 
rwq = 0 
CCDLc_limit_alone = 0 
WTRc_limit_alone = 0 
RTWc_limit_alone = 0 

Commands details: 
total_CMD = 57306 
n_nop = 57306 
Read = 0 
Write = 0 
L2_Alloc = 0 
L2_WB = 0 
n_act = 0 
n_pre = 0 
n_ref = 0 
n_req = 0 
total_req = 0 

Dual Bus Interface Util: 
issued_total_row = 0 
issued_total_col = 0 
Row_Bus_Util =  0.000000 
CoL_Bus_Util = 0.000000 
Either_Row_CoL_Bus_Util = 0.000000 
Issued_on_Two_Bus_Simul_Util = 0.000000 
issued_two_Eff = -nan 
queue_avg = 0.000000 


dram_util_bins: 0 0 0 0 0 0 0 0 0 0
dram_eff_bins: 0 0 0 0 0 0 0 0 0 0
mrqq: max=0 avg=0
Memory Partition 3: 
Cache L2_bank_006:
MSHR contents

Cache L2_bank_007:
MSHR contents

In Dram Latency Queue (total = 0): 
DRAM[3]: 16 bks, busW=2 BL=16 CL=24, tRRD=12 tCCD=4, tRCD=24 tRAS=55 tRP=24 tRC=78
n_cmd=57306 n_nop=57306 n_act=0 n_pre=0 n_ref_event=0 n_req=0 n_rd=0 n_rd_L2_A=0 n_write=0 n_wr_bk=0 bw_util=0
n_activity=0 dram_eff=-nan
bk0: 0a 57306i bk1: 0a 57306i bk2: 0a 57306i bk3: 0a 57306i bk4: 0a 57306i bk5: 0a 57306i bk6: 0a 57306i bk7: 0a 57306i bk8: 0a 57306i bk9: 0a 57306i bk10: 0a 57306i bk11: 0a 57306i bk12: 0a 57306i bk13: 0a 57306i bk14: 0a 57306i bk15: 0a 57306i 

------------------------------------------------------------------------

Row_Buffer_Locality = -nan
Row_Buffer_Locality_read = -nan
Row_Buffer_Locality_write = -nan
Bank_Level_Parallism = -nan
Bank_Level_Parallism_Col = -nan
Bank_Level_Parallism_Ready = -nan
write_to_read_ratio_blp_rw_average = -nan
GrpLevelPara = -nan 

BW Util details:
bwutil = 0.000000 
total_CMD = 57306 
util_bw = 0 
Wasted_Col = 0 
Wasted_Row = 0 
Idle = 57306 

BW Util Bottlenecks: 
RCDc_limit = 0 
RCDWRc_limit = 0 
WTRc_limit = 0 
RTWc_limit = 0 
CCDLc_limit = 0 
rwq = 0 
CCDLc_limit_alone = 0 
WTRc_limit_alone = 0 
RTWc_limit_alone = 0 

Commands details: 
total_CMD = 57306 
n_nop = 57306 
Read = 0 
Write = 0 
L2_Alloc = 0 
L2_WB = 0 
n_act = 0 
n_pre = 0 
n_ref = 0 
n_req = 0 
total_req = 0 

Dual Bus Interface Util: 
issued_total_row = 0 
issued_total_col = 0 
Row_Bus_Util =  0.000000 
CoL_Bus_Util = 0.000000 
Either_Row_CoL_Bus_Util = 0.000000 
Issued_on_Two_Bus_Simul_Util = 0.000000 
issued_two_Eff = -nan 
queue_avg = 0.000000 


dram_util_bins: 0 0 0 0 0 0 0 0 0 0
dram_eff_bins: 0 0 0 0 0 0 0 0 0 0
mrqq: max=0 avg=0
Memory Partition 4: 
Cache L2_bank_008:
MSHR contents

Cache L2_bank_009:
MSHR contents

In Dram Latency Queue (total = 0): 
DRAM[4]: 16 bks, busW=2 BL=16 CL=24, tRRD=12 tCCD=4, tRCD=24 tRAS=55 tRP=24 tRC=78
n_cmd=57306 n_nop=57306 n_act=0 n_pre=0 n_ref_event=0 n_req=0 n_rd=0 n_rd_L2_A=0 n_write=0 n_wr_bk=0 bw_util=0
n_activity=0 dram_eff=-nan
bk0: 0a 57306i bk1: 0a 57306i bk2: 0a 57306i bk3: 0a 57306i bk4: 0a 57306i bk5: 0a 57306i bk6: 0a 57306i bk7: 0a 57306i bk8: 0a 57306i bk9: 0a 57306i bk10: 0a 57306i bk11: 0a 57306i bk12: 0a 57306i bk13: 0a 57306i bk14: 0a 57306i bk15: 0a 57306i 

------------------------------------------------------------------------

Row_Buffer_Locality = -nan
Row_Buffer_Locality_read = -nan
Row_Buffer_Locality_write = -nan
Bank_Level_Parallism = -nan
Bank_Level_Parallism_Col = -nan
Bank_Level_Parallism_Ready = -nan
write_to_read_ratio_blp_rw_average = -nan
GrpLevelPara = -nan 

BW Util details:
bwutil = 0.000000 
total_CMD = 57306 
util_bw = 0 
Wasted_Col = 0 
Wasted_Row = 0 
Idle = 57306 

BW Util Bottlenecks: 
RCDc_limit = 0 
RCDWRc_limit = 0 
WTRc_limit = 0 
RTWc_limit = 0 
CCDLc_limit = 0 
rwq = 0 
CCDLc_limit_alone = 0 
WTRc_limit_alone = 0 
RTWc_limit_alone = 0 

Commands details: 
total_CMD = 57306 
n_nop = 57306 
Read = 0 
Write = 0 
L2_Alloc = 0 
L2_WB = 0 
n_act = 0 
n_pre = 0 
n_ref = 0 
n_req = 0 
total_req = 0 

Dual Bus Interface Util: 
issued_total_row = 0 
issued_total_col = 0 
Row_Bus_Util =  0.000000 
CoL_Bus_Util = 0.000000 
Either_Row_CoL_Bus_Util = 0.000000 
Issued_on_Two_Bus_Simul_Util = 0.000000 
issued_two_Eff = -nan 
queue_avg = 0.000000 


dram_util_bins: 0 0 0 0 0 0 0 0 0 0
dram_eff_bins: 0 0 0 0 0 0 0 0 0 0
mrqq: max=0 avg=0
Memory Partition 5: 
Cache L2_bank_010:
MSHR contents

Cache L2_bank_011:
MSHR contents

In Dram Latency Queue (total = 0): 
DRAM[5]: 16 bks, busW=2 BL=16 CL=24, tRRD=12 tCCD=4, tRCD=24 tRAS=55 tRP=24 tRC=78
n_cmd=57306 n_nop=57306 n_act=0 n_pre=0 n_ref_event=0 n_req=0 n_rd=0 n_rd_L2_A=0 n_write=0 n_wr_bk=0 bw_util=0
n_activity=0 dram_eff=-nan
bk0: 0a 57306i bk1: 0a 57306i bk2: 0a 57306i bk3: 0a 57306i bk4: 0a 57306i bk5: 0a 57306i bk6: 0a 57306i bk7: 0a 57306i bk8: 0a 57306i bk9: 0a 57306i bk10: 0a 57306i bk11: 0a 57306i bk12: 0a 57306i bk13: 0a 57306i bk14: 0a 57306i bk15: 0a 57306i 

------------------------------------------------------------------------

Row_Buffer_Locality = -nan
Row_Buffer_Locality_read = -nan
Row_Buffer_Locality_write = -nan
Bank_Level_Parallism = -nan
Bank_Level_Parallism_Col = -nan
Bank_Level_Parallism_Ready = -nan
write_to_read_ratio_blp_rw_average = -nan
GrpLevelPara = -nan 

BW Util details:
bwutil = 0.000000 
total_CMD = 57306 
util_bw = 0 
Wasted_Col = 0 
Wasted_Row = 0 
Idle = 57306 

BW Util Bottlenecks: 
RCDc_limit = 0 
RCDWRc_limit = 0 
WTRc_limit = 0 
RTWc_limit = 0 
CCDLc_limit = 0 
rwq = 0 
CCDLc_limit_alone = 0 
WTRc_limit_alone = 0 
RTWc_limit_alone = 0 

Commands details: 
total_CMD = 57306 
n_nop = 57306 
Read = 0 
Write = 0 
L2_Alloc = 0 
L2_WB = 0 
n_act = 0 
n_pre = 0 
n_ref = 0 
n_req = 0 
total_req = 0 

Dual Bus Interface Util: 
issued_total_row = 0 
issued_total_col = 0 
Row_Bus_Util =  0.000000 
CoL_Bus_Util = 0.000000 
Either_Row_CoL_Bus_Util = 0.000000 
Issued_on_Two_Bus_Simul_Util = 0.000000 
issued_two_Eff = -nan 
queue_avg = 0.000000 


dram_util_bins: 0 0 0 0 0 0 0 0 0 0
dram_eff_bins: 0 0 0 0 0 0 0 0 0 0
mrqq: max=0 avg=0
Memory Partition 6: 
Cache L2_bank_012:
MSHR contents

Cache L2_bank_013:
MSHR contents

In Dram Latency Queue (total = 0): 
DRAM[6]: 16 bks, busW=2 BL=16 CL=24, tRRD=12 tCCD=4, tRCD=24 tRAS=55 tRP=24 tRC=78
n_cmd=57306 n_nop=57306 n_act=0 n_pre=0 n_ref_event=0 n_req=0 n_rd=0 n_rd_L2_A=0 n_write=0 n_wr_bk=0 bw_util=0
n_activity=0 dram_eff=-nan
bk0: 0a 57306i bk1: 0a 57306i bk2: 0a 57306i bk3: 0a 57306i bk4: 0a 57306i bk5: 0a 57306i bk6: 0a 57306i bk7: 0a 57306i bk8: 0a 57306i bk9: 0a 57306i bk10: 0a 57306i bk11: 0a 57306i bk12: 0a 57306i bk13: 0a 57306i bk14: 0a 57306i bk15: 0a 57306i 

------------------------------------------------------------------------

Row_Buffer_Locality = -nan
Row_Buffer_Locality_read = -nan
Row_Buffer_Locality_write = -nan
Bank_Level_Parallism = -nan
Bank_Level_Parallism_Col = -nan
Bank_Level_Parallism_Ready = -nan
write_to_read_ratio_blp_rw_average = -nan
GrpLevelPara = -nan 

BW Util details:
bwutil = 0.000000 
total_CMD = 57306 
util_bw = 0 
Wasted_Col = 0 
Wasted_Row = 0 
Idle = 57306 

BW Util Bottlenecks: 
RCDc_limit = 0 
RCDWRc_limit = 0 
WTRc_limit = 0 
RTWc_limit = 0 
CCDLc_limit = 0 
rwq = 0 
CCDLc_limit_alone = 0 
WTRc_limit_alone = 0 
RTWc_limit_alone = 0 

Commands details: 
total_CMD = 57306 
n_nop = 57306 
Read = 0 
Write = 0 
L2_Alloc = 0 
L2_WB = 0 
n_act = 0 
n_pre = 0 
n_ref = 0 
n_req = 0 
total_req = 0 

Dual Bus Interface Util: 
issued_total_row = 0 
issued_total_col = 0 
Row_Bus_Util =  0.000000 
CoL_Bus_Util = 0.000000 
Either_Row_CoL_Bus_Util = 0.000000 
Issued_on_Two_Bus_Simul_Util = 0.000000 
issued_two_Eff = -nan 
queue_avg = 0.000000 


dram_util_bins: 0 0 0 0 0 0 0 0 0 0
dram_eff_bins: 0 0 0 0 0 0 0 0 0 0
mrqq: max=0 avg=0
Memory Partition 7: 
Cache L2_bank_014:
MSHR contents

Cache L2_bank_015:
MSHR contents

In Dram Latency Queue (total = 0): 
DRAM[7]: 16 bks, busW=2 BL=16 CL=24, tRRD=12 tCCD=4, tRCD=24 tRAS=55 tRP=24 tRC=78
n_cmd=57306 n_nop=57306 n_act=0 n_pre=0 n_ref_event=0 n_req=0 n_rd=0 n_rd_L2_A=0 n_write=0 n_wr_bk=0 bw_util=0
n_activity=0 dram_eff=-nan
bk0: 0a 57306i bk1: 0a 57306i bk2: 0a 57306i bk3: 0a 57306i bk4: 0a 57306i bk5: 0a 57306i bk6: 0a 57306i bk7: 0a 57306i bk8: 0a 57306i bk9: 0a 57306i bk10: 0a 57306i bk11: 0a 57306i bk12: 0a 57306i bk13: 0a 57306i bk14: 0a 57306i bk15: 0a 57306i 

------------------------------------------------------------------------

Row_Buffer_Locality = -nan
Row_Buffer_Locality_read = -nan
Row_Buffer_Locality_write = -nan
Bank_Level_Parallism = -nan
Bank_Level_Parallism_Col = -nan
Bank_Level_Parallism_Ready = -nan
write_to_read_ratio_blp_rw_average = -nan
GrpLevelPara = -nan 

BW Util details:
bwutil = 0.000000 
total_CMD = 57306 
util_bw = 0 
Wasted_Col = 0 
Wasted_Row = 0 
Idle = 57306 

BW Util Bottlenecks: 
RCDc_limit = 0 
RCDWRc_limit = 0 
WTRc_limit = 0 
RTWc_limit = 0 
CCDLc_limit = 0 
rwq = 0 
CCDLc_limit_alone = 0 
WTRc_limit_alone = 0 
RTWc_limit_alone = 0 

Commands details: 
total_CMD = 57306 
n_nop = 57306 
Read = 0 
Write = 0 
L2_Alloc = 0 
L2_WB = 0 
n_act = 0 
n_pre = 0 
n_ref = 0 
n_req = 0 
total_req = 0 

Dual Bus Interface Util: 
issued_total_row = 0 
issued_total_col = 0 
Row_Bus_Util =  0.000000 
CoL_Bus_Util = 0.000000 
Either_Row_CoL_Bus_Util = 0.000000 
Issued_on_Two_Bus_Simul_Util = 0.000000 
issued_two_Eff = -nan 
queue_avg = 0.000000 


dram_util_bins: 0 0 0 0 0 0 0 0 0 0
dram_eff_bins: 0 0 0 0 0 0 0 0 0 0
mrqq: max=0 avg=0
Memory Partition 8: 
Cache L2_bank_016:
MSHR contents

Cache L2_bank_017:
MSHR contents

In Dram Latency Queue (total = 0): 
DRAM[8]: 16 bks, busW=2 BL=16 CL=24, tRRD=12 tCCD=4, tRCD=24 tRAS=55 tRP=24 tRC=78
n_cmd=57306 n_nop=57306 n_act=0 n_pre=0 n_ref_event=0 n_req=0 n_rd=0 n_rd_L2_A=0 n_write=0 n_wr_bk=0 bw_util=0
n_activity=0 dram_eff=-nan
bk0: 0a 57306i bk1: 0a 57306i bk2: 0a 57306i bk3: 0a 57306i bk4: 0a 57306i bk5: 0a 57306i bk6: 0a 57306i bk7: 0a 57306i bk8: 0a 57306i bk9: 0a 57306i bk10: 0a 57306i bk11: 0a 57306i bk12: 0a 57306i bk13: 0a 57306i bk14: 0a 57306i bk15: 0a 57306i 

------------------------------------------------------------------------

Row_Buffer_Locality = -nan
Row_Buffer_Locality_read = -nan
Row_Buffer_Locality_write = -nan
Bank_Level_Parallism = -nan
Bank_Level_Parallism_Col = -nan
Bank_Level_Parallism_Ready = -nan
write_to_read_ratio_blp_rw_average = -nan
GrpLevelPara = -nan 

BW Util details:
bwutil = 0.000000 
total_CMD = 57306 
util_bw = 0 
Wasted_Col = 0 
Wasted_Row = 0 
Idle = 57306 

BW Util Bottlenecks: 
RCDc_limit = 0 
RCDWRc_limit = 0 
WTRc_limit = 0 
RTWc_limit = 0 
CCDLc_limit = 0 
rwq = 0 
CCDLc_limit_alone = 0 
WTRc_limit_alone = 0 
RTWc_limit_alone = 0 

Commands details: 
total_CMD = 57306 
n_nop = 57306 
Read = 0 
Write = 0 
L2_Alloc = 0 
L2_WB = 0 
n_act = 0 
n_pre = 0 
n_ref = 0 
n_req = 0 
total_req = 0 

Dual Bus Interface Util: 
issued_total_row = 0 
issued_total_col = 0 
Row_Bus_Util =  0.000000 
CoL_Bus_Util = 0.000000 
Either_Row_CoL_Bus_Util = 0.000000 
Issued_on_Two_Bus_Simul_Util = 0.000000 
issued_two_Eff = -nan 
queue_avg = 0.000000 


dram_util_bins: 0 0 0 0 0 0 0 0 0 0
dram_eff_bins: 0 0 0 0 0 0 0 0 0 0
mrqq: max=0 avg=0
Memory Partition 9: 
Cache L2_bank_018:
MSHR contents

Cache L2_bank_019:
MSHR contents

In Dram Latency Queue (total = 0): 
DRAM[9]: 16 bks, busW=2 BL=16 CL=24, tRRD=12 tCCD=4, tRCD=24 tRAS=55 tRP=24 tRC=78
n_cmd=57306 n_nop=57306 n_act=0 n_pre=0 n_ref_event=0 n_req=0 n_rd=0 n_rd_L2_A=0 n_write=0 n_wr_bk=0 bw_util=0
n_activity=0 dram_eff=-nan
bk0: 0a 57306i bk1: 0a 57306i bk2: 0a 57306i bk3: 0a 57306i bk4: 0a 57306i bk5: 0a 57306i bk6: 0a 57306i bk7: 0a 57306i bk8: 0a 57306i bk9: 0a 57306i bk10: 0a 57306i bk11: 0a 57306i bk12: 0a 57306i bk13: 0a 57306i bk14: 0a 57306i bk15: 0a 57306i 

------------------------------------------------------------------------

Row_Buffer_Locality = -nan
Row_Buffer_Locality_read = -nan
Row_Buffer_Locality_write = -nan
Bank_Level_Parallism = -nan
Bank_Level_Parallism_Col = -nan
Bank_Level_Parallism_Ready = -nan
write_to_read_ratio_blp_rw_average = -nan
GrpLevelPara = -nan 

BW Util details:
bwutil = 0.000000 
total_CMD = 57306 
util_bw = 0 
Wasted_Col = 0 
Wasted_Row = 0 
Idle = 57306 

BW Util Bottlenecks: 
RCDc_limit = 0 
RCDWRc_limit = 0 
WTRc_limit = 0 
RTWc_limit = 0 
CCDLc_limit = 0 
rwq = 0 
CCDLc_limit_alone = 0 
WTRc_limit_alone = 0 
RTWc_limit_alone = 0 

Commands details: 
total_CMD = 57306 
n_nop = 57306 
Read = 0 
Write = 0 
L2_Alloc = 0 
L2_WB = 0 
n_act = 0 
n_pre = 0 
n_ref = 0 
n_req = 0 
total_req = 0 

Dual Bus Interface Util: 
issued_total_row = 0 
issued_total_col = 0 
Row_Bus_Util =  0.000000 
CoL_Bus_Util = 0.000000 
Either_Row_CoL_Bus_Util = 0.000000 
Issued_on_Two_Bus_Simul_Util = 0.000000 
issued_two_Eff = -nan 
queue_avg = 0.000000 


dram_util_bins: 0 0 0 0 0 0 0 0 0 0
dram_eff_bins: 0 0 0 0 0 0 0 0 0 0
mrqq: max=0 avg=0
Memory Partition 10: 
Cache L2_bank_020:
MSHR contents

Cache L2_bank_021:
MSHR contents

In Dram Latency Queue (total = 0): 
DRAM[10]: 16 bks, busW=2 BL=16 CL=24, tRRD=12 tCCD=4, tRCD=24 tRAS=55 tRP=24 tRC=78
n_cmd=57306 n_nop=57306 n_act=0 n_pre=0 n_ref_event=0 n_req=0 n_rd=0 n_rd_L2_A=0 n_write=0 n_wr_bk=0 bw_util=0
n_activity=0 dram_eff=-nan
bk0: 0a 57306i bk1: 0a 57306i bk2: 0a 57306i bk3: 0a 57306i bk4: 0a 57306i bk5: 0a 57306i bk6: 0a 57306i bk7: 0a 57306i bk8: 0a 57306i bk9: 0a 57306i bk10: 0a 57306i bk11: 0a 57306i bk12: 0a 57306i bk13: 0a 57306i bk14: 0a 57306i bk15: 0a 57306i 

------------------------------------------------------------------------

Row_Buffer_Locality = -nan
Row_Buffer_Locality_read = -nan
Row_Buffer_Locality_write = -nan
Bank_Level_Parallism = -nan
Bank_Level_Parallism_Col = -nan
Bank_Level_Parallism_Ready = -nan
write_to_read_ratio_blp_rw_average = -nan
GrpLevelPara = -nan 

BW Util details:
bwutil = 0.000000 
total_CMD = 57306 
util_bw = 0 
Wasted_Col = 0 
Wasted_Row = 0 
Idle = 57306 

BW Util Bottlenecks: 
RCDc_limit = 0 
RCDWRc_limit = 0 
WTRc_limit = 0 
RTWc_limit = 0 
CCDLc_limit = 0 
rwq = 0 
CCDLc_limit_alone = 0 
WTRc_limit_alone = 0 
RTWc_limit_alone = 0 

Commands details: 
total_CMD = 57306 
n_nop = 57306 
Read = 0 
Write = 0 
L2_Alloc = 0 
L2_WB = 0 
n_act = 0 
n_pre = 0 
n_ref = 0 
n_req = 0 
total_req = 0 

Dual Bus Interface Util: 
issued_total_row = 0 
issued_total_col = 0 
Row_Bus_Util =  0.000000 
CoL_Bus_Util = 0.000000 
Either_Row_CoL_Bus_Util = 0.000000 
Issued_on_Two_Bus_Simul_Util = 0.000000 
issued_two_Eff = -nan 
queue_avg = 0.000000 


dram_util_bins: 0 0 0 0 0 0 0 0 0 0
dram_eff_bins: 0 0 0 0 0 0 0 0 0 0
mrqq: max=0 avg=0
Memory Partition 11: 
Cache L2_bank_022:
MSHR contents

Cache L2_bank_023:
MSHR contents

In Dram Latency Queue (total = 0): 
DRAM[11]: 16 bks, busW=2 BL=16 CL=24, tRRD=12 tCCD=4, tRCD=24 tRAS=55 tRP=24 tRC=78
n_cmd=57306 n_nop=57306 n_act=0 n_pre=0 n_ref_event=0 n_req=0 n_rd=0 n_rd_L2_A=0 n_write=0 n_wr_bk=0 bw_util=0
n_activity=0 dram_eff=-nan
bk0: 0a 57306i bk1: 0a 57306i bk2: 0a 57306i bk3: 0a 57306i bk4: 0a 57306i bk5: 0a 57306i bk6: 0a 57306i bk7: 0a 57306i bk8: 0a 57306i bk9: 0a 57306i bk10: 0a 57306i bk11: 0a 57306i bk12: 0a 57306i bk13: 0a 57306i bk14: 0a 57306i bk15: 0a 57306i 

------------------------------------------------------------------------

Row_Buffer_Locality = -nan
Row_Buffer_Locality_read = -nan
Row_Buffer_Locality_write = -nan
Bank_Level_Parallism = -nan
Bank_Level_Parallism_Col = -nan
Bank_Level_Parallism_Ready = -nan
write_to_read_ratio_blp_rw_average = -nan
GrpLevelPara = -nan 

BW Util details:
bwutil = 0.000000 
total_CMD = 57306 
util_bw = 0 
Wasted_Col = 0 
Wasted_Row = 0 
Idle = 57306 

BW Util Bottlenecks: 
RCDc_limit = 0 
RCDWRc_limit = 0 
WTRc_limit = 0 
RTWc_limit = 0 
CCDLc_limit = 0 
rwq = 0 
CCDLc_limit_alone = 0 
WTRc_limit_alone = 0 
RTWc_limit_alone = 0 

Commands details: 
total_CMD = 57306 
n_nop = 57306 
Read = 0 
Write = 0 
L2_Alloc = 0 
L2_WB = 0 
n_act = 0 
n_pre = 0 
n_ref = 0 
n_req = 0 
total_req = 0 

Dual Bus Interface Util: 
issued_total_row = 0 
issued_total_col = 0 
Row_Bus_Util =  0.000000 
CoL_Bus_Util = 0.000000 
Either_Row_CoL_Bus_Util = 0.000000 
Issued_on_Two_Bus_Simul_Util = 0.000000 
issued_two_Eff = -nan 
queue_avg = 0.000000 


dram_util_bins: 0 0 0 0 0 0 0 0 0 0
dram_eff_bins: 0 0 0 0 0 0 0 0 0 0
mrqq: max=0 avg=0
Memory Partition 12: 
Cache L2_bank_024:
MSHR contents

Cache L2_bank_025:
MSHR contents

In Dram Latency Queue (total = 0): 
DRAM[12]: 16 bks, busW=2 BL=16 CL=24, tRRD=12 tCCD=4, tRCD=24 tRAS=55 tRP=24 tRC=78
n_cmd=57306 n_nop=57306 n_act=0 n_pre=0 n_ref_event=0 n_req=0 n_rd=0 n_rd_L2_A=0 n_write=0 n_wr_bk=0 bw_util=0
n_activity=0 dram_eff=-nan
bk0: 0a 57306i bk1: 0a 57306i bk2: 0a 57306i bk3: 0a 57306i bk4: 0a 57306i bk5: 0a 57306i bk6: 0a 57306i bk7: 0a 57306i bk8: 0a 57306i bk9: 0a 57306i bk10: 0a 57306i bk11: 0a 57306i bk12: 0a 57306i bk13: 0a 57306i bk14: 0a 57306i bk15: 0a 57306i 

------------------------------------------------------------------------

Row_Buffer_Locality = -nan
Row_Buffer_Locality_read = -nan
Row_Buffer_Locality_write = -nan
Bank_Level_Parallism = -nan
Bank_Level_Parallism_Col = -nan
Bank_Level_Parallism_Ready = -nan
write_to_read_ratio_blp_rw_average = -nan
GrpLevelPara = -nan 

BW Util details:
bwutil = 0.000000 
total_CMD = 57306 
util_bw = 0 
Wasted_Col = 0 
Wasted_Row = 0 
Idle = 57306 

BW Util Bottlenecks: 
RCDc_limit = 0 
RCDWRc_limit = 0 
WTRc_limit = 0 
RTWc_limit = 0 
CCDLc_limit = 0 
rwq = 0 
CCDLc_limit_alone = 0 
WTRc_limit_alone = 0 
RTWc_limit_alone = 0 

Commands details: 
total_CMD = 57306 
n_nop = 57306 
Read = 0 
Write = 0 
L2_Alloc = 0 
L2_WB = 0 
n_act = 0 
n_pre = 0 
n_ref = 0 
n_req = 0 
total_req = 0 

Dual Bus Interface Util: 
issued_total_row = 0 
issued_total_col = 0 
Row_Bus_Util =  0.000000 
CoL_Bus_Util = 0.000000 
Either_Row_CoL_Bus_Util = 0.000000 
Issued_on_Two_Bus_Simul_Util = 0.000000 
issued_two_Eff = -nan 
queue_avg = 0.000000 


dram_util_bins: 0 0 0 0 0 0 0 0 0 0
dram_eff_bins: 0 0 0 0 0 0 0 0 0 0
mrqq: max=0 avg=0
Memory Partition 13: 
Cache L2_bank_026:
MSHR contents

Cache L2_bank_027:
MSHR contents

In Dram Latency Queue (total = 0): 
DRAM[13]: 16 bks, busW=2 BL=16 CL=24, tRRD=12 tCCD=4, tRCD=24 tRAS=55 tRP=24 tRC=78
n_cmd=57306 n_nop=57306 n_act=0 n_pre=0 n_ref_event=0 n_req=0 n_rd=0 n_rd_L2_A=0 n_write=0 n_wr_bk=0 bw_util=0
n_activity=0 dram_eff=-nan
bk0: 0a 57306i bk1: 0a 57306i bk2: 0a 57306i bk3: 0a 57306i bk4: 0a 57306i bk5: 0a 57306i bk6: 0a 57306i bk7: 0a 57306i bk8: 0a 57306i bk9: 0a 57306i bk10: 0a 57306i bk11: 0a 57306i bk12: 0a 57306i bk13: 0a 57306i bk14: 0a 57306i bk15: 0a 57306i 

------------------------------------------------------------------------

Row_Buffer_Locality = -nan
Row_Buffer_Locality_read = -nan
Row_Buffer_Locality_write = -nan
Bank_Level_Parallism = -nan
Bank_Level_Parallism_Col = -nan
Bank_Level_Parallism_Ready = -nan
write_to_read_ratio_blp_rw_average = -nan
GrpLevelPara = -nan 

BW Util details:
bwutil = 0.000000 
total_CMD = 57306 
util_bw = 0 
Wasted_Col = 0 
Wasted_Row = 0 
Idle = 57306 

BW Util Bottlenecks: 
RCDc_limit = 0 
RCDWRc_limit = 0 
WTRc_limit = 0 
RTWc_limit = 0 
CCDLc_limit = 0 
rwq = 0 
CCDLc_limit_alone = 0 
WTRc_limit_alone = 0 
RTWc_limit_alone = 0 

Commands details: 
total_CMD = 57306 
n_nop = 57306 
Read = 0 
Write = 0 
L2_Alloc = 0 
L2_WB = 0 
n_act = 0 
n_pre = 0 
n_ref = 0 
n_req = 0 
total_req = 0 

Dual Bus Interface Util: 
issued_total_row = 0 
issued_total_col = 0 
Row_Bus_Util =  0.000000 
CoL_Bus_Util = 0.000000 
Either_Row_CoL_Bus_Util = 0.000000 
Issued_on_Two_Bus_Simul_Util = 0.000000 
issued_two_Eff = -nan 
queue_avg = 0.000000 


dram_util_bins: 0 0 0 0 0 0 0 0 0 0
dram_eff_bins: 0 0 0 0 0 0 0 0 0 0
mrqq: max=0 avg=0
Memory Partition 14: 
Cache L2_bank_028:
MSHR contents

Cache L2_bank_029:
MSHR contents

In Dram Latency Queue (total = 0): 
DRAM[14]: 16 bks, busW=2 BL=16 CL=24, tRRD=12 tCCD=4, tRCD=24 tRAS=55 tRP=24 tRC=78
n_cmd=57306 n_nop=57306 n_act=0 n_pre=0 n_ref_event=0 n_req=0 n_rd=0 n_rd_L2_A=0 n_write=0 n_wr_bk=0 bw_util=0
n_activity=0 dram_eff=-nan
bk0: 0a 57306i bk1: 0a 57306i bk2: 0a 57306i bk3: 0a 57306i bk4: 0a 57306i bk5: 0a 57306i bk6: 0a 57306i bk7: 0a 57306i bk8: 0a 57306i bk9: 0a 57306i bk10: 0a 57306i bk11: 0a 57306i bk12: 0a 57306i bk13: 0a 57306i bk14: 0a 57306i bk15: 0a 57306i 

------------------------------------------------------------------------

Row_Buffer_Locality = -nan
Row_Buffer_Locality_read = -nan
Row_Buffer_Locality_write = -nan
Bank_Level_Parallism = -nan
Bank_Level_Parallism_Col = -nan
Bank_Level_Parallism_Ready = -nan
write_to_read_ratio_blp_rw_average = -nan
GrpLevelPara = -nan 

BW Util details:
bwutil = 0.000000 
total_CMD = 57306 
util_bw = 0 
Wasted_Col = 0 
Wasted_Row = 0 
Idle = 57306 

BW Util Bottlenecks: 
RCDc_limit = 0 
RCDWRc_limit = 0 
WTRc_limit = 0 
RTWc_limit = 0 
CCDLc_limit = 0 
rwq = 0 
CCDLc_limit_alone = 0 
WTRc_limit_alone = 0 
RTWc_limit_alone = 0 

Commands details: 
total_CMD = 57306 
n_nop = 57306 
Read = 0 
Write = 0 
L2_Alloc = 0 
L2_WB = 0 
n_act = 0 
n_pre = 0 
n_ref = 0 
n_req = 0 
total_req = 0 

Dual Bus Interface Util: 
issued_total_row = 0 
issued_total_col = 0 
Row_Bus_Util =  0.000000 
CoL_Bus_Util = 0.000000 
Either_Row_CoL_Bus_Util = 0.000000 
Issued_on_Two_Bus_Simul_Util = 0.000000 
issued_two_Eff = -nan 
queue_avg = 0.000000 


dram_util_bins: 0 0 0 0 0 0 0 0 0 0
dram_eff_bins: 0 0 0 0 0 0 0 0 0 0
mrqq: max=0 avg=0
Memory Partition 15: 
Cache L2_bank_030:
MSHR contents

Cache L2_bank_031:
MSHR contents

In Dram Latency Queue (total = 0): 
DRAM[15]: 16 bks, busW=2 BL=16 CL=24, tRRD=12 tCCD=4, tRCD=24 tRAS=55 tRP=24 tRC=78
n_cmd=57306 n_nop=57306 n_act=0 n_pre=0 n_ref_event=0 n_req=0 n_rd=0 n_rd_L2_A=0 n_write=0 n_wr_bk=0 bw_util=0
n_activity=0 dram_eff=-nan
bk0: 0a 57306i bk1: 0a 57306i bk2: 0a 57306i bk3: 0a 57306i bk4: 0a 57306i bk5: 0a 57306i bk6: 0a 57306i bk7: 0a 57306i bk8: 0a 57306i bk9: 0a 57306i bk10: 0a 57306i bk11: 0a 57306i bk12: 0a 57306i bk13: 0a 57306i bk14: 0a 57306i bk15: 0a 57306i 

------------------------------------------------------------------------

Row_Buffer_Locality = -nan
Row_Buffer_Locality_read = -nan
Row_Buffer_Locality_write = -nan
Bank_Level_Parallism = -nan
Bank_Level_Parallism_Col = -nan
Bank_Level_Parallism_Ready = -nan
write_to_read_ratio_blp_rw_average = -nan
GrpLevelPara = -nan 

BW Util details:
bwutil = 0.000000 
total_CMD = 57306 
util_bw = 0 
Wasted_Col = 0 
Wasted_Row = 0 
Idle = 57306 

BW Util Bottlenecks: 
RCDc_limit = 0 
RCDWRc_limit = 0 
WTRc_limit = 0 
RTWc_limit = 0 
CCDLc_limit = 0 
rwq = 0 
CCDLc_limit_alone = 0 
WTRc_limit_alone = 0 
RTWc_limit_alone = 0 

Commands details: 
total_CMD = 57306 
n_nop = 57306 
Read = 0 
Write = 0 
L2_Alloc = 0 
L2_WB = 0 
n_act = 0 
n_pre = 0 
n_ref = 0 
n_req = 0 
total_req = 0 

Dual Bus Interface Util: 
issued_total_row = 0 
issued_total_col = 0 
Row_Bus_Util =  0.000000 
CoL_Bus_Util = 0.000000 
Either_Row_CoL_Bus_Util = 0.000000 
Issued_on_Two_Bus_Simul_Util = 0.000000 
issued_two_Eff = -nan 
queue_avg = 0.000000 


dram_util_bins: 0 0 0 0 0 0 0 0 0 0
dram_eff_bins: 0 0 0 0 0 0 0 0 0 0
mrqq: max=0 avg=0

========= L2 cache stats =========
L2_cache_bank[0]: Access = 6144, Miss = 1024, Miss_rate = 0.167, Pending_hits = 0, Reservation_fails = 0
L2_cache_bank[1]: Access = 6144, Miss = 1024, Miss_rate = 0.167, Pending_hits = 0, Reservation_fails = 0
L2_cache_bank[2]: Access = 6144, Miss = 1024, Miss_rate = 0.167, Pending_hits = 0, Reservation_fails = 0
L2_cache_bank[3]: Access = 6144, Miss = 1024, Miss_rate = 0.167, Pending_hits = 0, Reservation_fails = 0
L2_cache_bank[4]: Access = 6144, Miss = 1024, Miss_rate = 0.167, Pending_hits = 0, Reservation_fails = 0
L2_cache_bank[5]: Access = 6144, Miss = 1024, Miss_rate = 0.167, Pending_hits = 0, Reservation_fails = 0
L2_cache_bank[6]: Access = 6144, Miss = 1024, Miss_rate = 0.167, Pending_hits = 0, Reservation_fails = 0
L2_cache_bank[7]: Access = 6144, Miss = 1024, Miss_rate = 0.167, Pending_hits = 0, Reservation_fails = 0
L2_cache_bank[8]: Access = 6144, Miss = 1024, Miss_rate = 0.167, Pending_hits = 0, Reservation_fails = 0
L2_cache_bank[9]: Access = 6144, Miss = 1024, Miss_rate = 0.167, Pending_hits = 0, Reservation_fails = 0
L2_cache_bank[10]: Access = 6144, Miss = 1024, Miss_rate = 0.167, Pending_hits = 0, Reservation_fails = 0
L2_cache_bank[11]: Access = 6144, Miss = 1024, Miss_rate = 0.167, Pending_hits = 0, Reservation_fails = 0
L2_cache_bank[12]: Access = 6144, Miss = 1024, Miss_rate = 0.167, Pending_hits = 0, Reservation_fails = 0
L2_cache_bank[13]: Access = 6144, Miss = 1024, Miss_rate = 0.167, Pending_hits = 0, Reservation_fails = 0
L2_cache_bank[14]: Access = 6144, Miss = 1024, Miss_rate = 0.167, Pending_hits = 0, Reservation_fails = 0
L2_cache_bank[15]: Access = 6144, Miss = 1024, Miss_rate = 0.167, Pending_hits = 0, Reservation_fails = 0
L2_cache_bank[16]: Access = 6144, Miss = 1024, Miss_rate = 0.167, Pending_hits = 0, Reservation_fails = 0
L2_cache_bank[17]: Access = 6144, Miss = 1024, Miss_rate = 0.167, Pending_hits = 0, Reservation_fails = 0
L2_cache_bank[18]: Access = 6144, Miss = 1024, Miss_rate = 0.167, Pending_hits = 0, Reservation_fails = 0
L2_cache_bank[19]: Access = 6144, Miss = 1024, Miss_rate = 0.167, Pending_hits = 0, Reservation_fails = 0
L2_cache_bank[20]: Access = 6144, Miss = 1024, Miss_rate = 0.167, Pending_hits = 0, Reservation_fails = 0
L2_cache_bank[21]: Access = 6144, Miss = 1024, Miss_rate = 0.167, Pending_hits = 0, Reservation_fails = 0
L2_cache_bank[22]: Access = 6144, Miss = 1024, Miss_rate = 0.167, Pending_hits = 0, Reservation_fails = 0
L2_cache_bank[23]: Access = 6144, Miss = 1024, Miss_rate = 0.167, Pending_hits = 0, Reservation_fails = 0
L2_cache_bank[24]: Access = 6144, Miss = 1024, Miss_rate = 0.167, Pending_hits = 0, Reservation_fails = 0
L2_cache_bank[25]: Access = 6144, Miss = 1024, Miss_rate = 0.167, Pending_hits = 0, Reservation_fails = 0
L2_cache_bank[26]: Access = 6144, Miss = 1024, Miss_rate = 0.167, Pending_hits = 0, Reservation_fails = 0
L2_cache_bank[27]: Access = 6144, Miss = 1024, Miss_rate = 0.167, Pending_hits = 0, Reservation_fails = 0
L2_cache_bank[28]: Access = 6144, Miss = 1024, Miss_rate = 0.167, Pending_hits = 0, Reservation_fails = 0
L2_cache_bank[29]: Access = 6144, Miss = 1024, Miss_rate = 0.167, Pending_hits = 0, Reservation_fails = 0
L2_cache_bank[30]: Access = 6144, Miss = 1024, Miss_rate = 0.167, Pending_hits = 0, Reservation_fails = 0
L2_cache_bank[31]: Access = 6144, Miss = 1024, Miss_rate = 0.167, Pending_hits = 0, Reservation_fails = 0
L2_total_cache_accesses = 196608
L2_total_cache_misses = 32768
L2_total_cache_miss_rate = 0.1667
L2_total_cache_pending_hits = 0
L2_total_cache_reservation_fails = 0
L2_total_cache_breakdown:
	L2_cache_stats_breakdown[GLOBAL_ACC_R][HIT] = 32768
	L2_cache_stats_breakdown[GLOBAL_ACC_R][HIT_RESERVED] = 0
	L2_cache_stats_breakdown[GLOBAL_ACC_R][MISS] = 0
	L2_cache_stats_breakdown[GLOBAL_ACC_R][RESERVATION_FAIL] = 0
	L2_cache_stats_breakdown[GLOBAL_ACC_R][SECTOR_MISS] = 0
	L2_cache_stats_breakdown[GLOBAL_ACC_R][MSHR_HIT] = 0
	L2_cache_stats_breakdown[LOCAL_ACC_R][HIT] = 0
	L2_cache_stats_breakdown[LOCAL_ACC_R][HIT_RESERVED] = 0
	L2_cache_stats_breakdown[LOCAL_ACC_R][MISS] = 0
	L2_cache_stats_breakdown[LOCAL_ACC_R][RESERVATION_FAIL] = 0
	L2_cache_stats_breakdown[LOCAL_ACC_R][SECTOR_MISS] = 0
	L2_cache_stats_breakdown[LOCAL_ACC_R][MSHR_HIT] = 0
	L2_cache_stats_breakdown[CONST_ACC_R][HIT] = 0
	L2_cache_stats_breakdown[CONST_ACC_R][HIT_RESERVED] = 0
	L2_cache_stats_breakdown[CONST_ACC_R][MISS] = 0
	L2_cache_stats_breakdown[CONST_ACC_R][RESERVATION_FAIL] = 0
	L2_cache_stats_breakdown[CONST_ACC_R][SECTOR_MISS] = 0
	L2_cache_stats_breakdown[CONST_ACC_R][MSHR_HIT] = 0
	L2_cache_stats_breakdown[TEXTURE_ACC_R][HIT] = 0
	L2_cache_stats_breakdown[TEXTURE_ACC_R][HIT_RESERVED] = 0
	L2_cache_stats_breakdown[TEXTURE_ACC_R][MISS] = 0
	L2_cache_stats_breakdown[TEXTURE_ACC_R][RESERVATION_FAIL] = 0
	L2_cache_stats_breakdown[TEXTURE_ACC_R][SECTOR_MISS] = 0
	L2_cache_stats_breakdown[TEXTURE_ACC_R][MSHR_HIT] = 0
	L2_cache_stats_breakdown[GLOBAL_ACC_W][HIT] = 32768
	L2_cache_stats_breakdown[GLOBAL_ACC_W][HIT_RESERVED] = 0
	L2_cache_stats_breakdown[GLOBAL_ACC_W][MISS] = 0
	L2_cache_stats_breakdown[GLOBAL_ACC_W][RESERVATION_FAIL] = 0
	L2_cache_stats_breakdown[GLOBAL_ACC_W][SECTOR_MISS] = 0
	L2_cache_stats_breakdown[GLOBAL_ACC_W][MSHR_HIT] = 0
	L2_cache_stats_breakdown[LOCAL_ACC_W][HIT] = 0
	L2_cache_stats_breakdown[LOCAL_ACC_W][HIT_RESERVED] = 0
	L2_cache_stats_breakdown[LOCAL_ACC_W][MISS] = 0
	L2_cache_stats_breakdown[LOCAL_ACC_W][RESERVATION_FAIL] = 0
	L2_cache_stats_breakdown[LOCAL_ACC_W][SECTOR_MISS] = 0
	L2_cache_stats_breakdown[LOCAL_ACC_W][MSHR_HIT] = 0
	L2_cache_stats_breakdown[L1_WRBK_ACC][HIT] = 0
	L2_cache_stats_breakdown[L1_WRBK_ACC][HIT_RESERVED] = 0
	L2_cache_stats_breakdown[L1_WRBK_ACC][MISS] = 0
	L2_cache_stats_breakdown[L1_WRBK_ACC][RESERVATION_FAIL] = 0
	L2_cache_stats_breakdown[L1_WRBK_ACC][SECTOR_MISS] = 0
	L2_cache_stats_breakdown[L1_WRBK_ACC][MSHR_HIT] = 0
	L2_cache_stats_breakdown[L2_WRBK_ACC][HIT] = 0
	L2_cache_stats_breakdown[L2_WRBK_ACC][HIT_RESERVED] = 0
	L2_cache_stats_breakdown[L2_WRBK_ACC][MISS] = 0
	L2_cache_stats_breakdown[L2_WRBK_ACC][RESERVATION_FAIL] = 0
	L2_cache_stats_breakdown[L2_WRBK_ACC][SECTOR_MISS] = 0
	L2_cache_stats_breakdown[L2_WRBK_ACC][MSHR_HIT] = 0
	L2_cache_stats_breakdown[INST_ACC_R][HIT] = 0
	L2_cache_stats_breakdown[INST_ACC_R][HIT_RESERVED] = 0
	L2_cache_stats_breakdown[INST_ACC_R][MISS] = 0
	L2_cache_stats_breakdown[INST_ACC_R][RESERVATION_FAIL] = 0
	L2_cache_stats_breakdown[INST_ACC_R][SECTOR_MISS] = 0
	L2_cache_stats_breakdown[INST_ACC_R][MSHR_HIT] = 0
	L2_cache_stats_breakdown[L1_WR_ALLOC_R][HIT] = 0
	L2_cache_stats_breakdown[L1_WR_ALLOC_R][HIT_RESERVED] = 0
	L2_cache_stats_breakdown[L1_WR_ALLOC_R][MISS] = 0
	L2_cache_stats_breakdown[L1_WR_ALLOC_R][RESERVATION_FAIL] = 0
	L2_cache_stats_breakdown[L1_WR_ALLOC_R][SECTOR_MISS] = 0
	L2_cache_stats_breakdown[L1_WR_ALLOC_R][MSHR_HIT] = 0
	L2_cache_stats_breakdown[L2_WR_ALLOC_R][HIT] = 0
	L2_cache_stats_breakdown[L2_WR_ALLOC_R][HIT_RESERVED] = 0
	L2_cache_stats_breakdown[L2_WR_ALLOC_R][MISS] = 0
	L2_cache_stats_breakdown[L2_WR_ALLOC_R][RESERVATION_FAIL] = 0
	L2_cache_stats_breakdown[L2_WR_ALLOC_R][SECTOR_MISS] = 0
	L2_cache_stats_breakdown[L2_WR_ALLOC_R][MSHR_HIT] = 0
	L2_cache_stats_breakdown[GLOBAL_ACC_R][TOTAL_ACCESS] = 32768
	L2_cache_stats_breakdown[GLOBAL_ACC_W][TOTAL_ACCESS] = 32768
L2_total_cache_reservation_fail_breakdown:
L2_cache_data_port_util = 0.110
L2_cache_fill_port_util = 0.000

icnt_total_pkts_mem_to_simt=196608
icnt_total_pkts_simt_to_mem=196608
LD_mem_lat_dist  0 0 0 0 0 0 0 0 0 0 0 0 0 0 0 0 0 0 0 0 0 0 0 0 0 0 0
ST_mem_lat_dist  0 0 0 0 0 0 0 0 0 0 0 0 0 0 0 0 0 0 0 0 0 0 0 0 0 0 0
----------------------------Interconnect-DETAILS--------------------------------
Req_Network_injected_packets_num = 196608
Req_Network_cycles = 46563
Req_Network_injected_packets_per_cycle =       4.2224 
Req_Network_conflicts_per_cycle =       0.7924
Req_Network_conflicts_per_cycle_util =       1.3137
Req_Bank_Level_Parallism =       7.0002
Req_Network_in_buffer_full_per_cycle =       0.0000
Req_Network_in_buffer_avg_util =       1.1109
Req_Network_out_buffer_full_per_cycle =       0.0000
Req_Network_out_buffer_avg_util =       0.1320

Reply_Network_injected_packets_num = 196608
Reply_Network_cycles = 46563
Reply_Network_injected_packets_per_cycle =        4.2224
Reply_Network_conflicts_per_cycle =        6.8117
Reply_Network_conflicts_per_cycle_util =      11.1660
Reply_Bank_Level_Parallism =       6.9216
Reply_Network_in_buffer_full_per_cycle =       0.0000
Reply_Network_in_buffer_avg_util =       1.4102
Reply_Network_out_buffer_full_per_cycle =       0.0000
Reply_Network_out_buffer_avg_util =       0.2639
----------------------------END-of-Interconnect-DETAILS-------------------------


gpgpu_simulation_time = 0 days, 0 hrs, 0 min, 39 sec (39 sec)
gpgpu_simulation_rate = 645277 (inst/sec)
gpgpu_simulation_rate = 1193 (cycle/sec)
gpgpu_silicon_slowdown = 1089689x
GPGPU-Sim: synchronize waiting for inactive GPU simulation
GPGPU-Sim API: Stream Manager State
GPGPU-Sim: detected inactive GPU simulation thread
GPGPU-Sim PTX: Setting up arguments for 8 bytes starting at 0x7ffe862312c0..
GPGPU-Sim PTX: Setting up arguments for 8 bytes starting at 0x7ffe862312c8..
GPGPU-Sim PTX: Setting up arguments for 4 bytes starting at 0x7ffe862312a8..
GPGPU-Sim PTX: Setting up arguments for 4 bytes starting at 0x7ffe862312ac..

GPGPU-Sim PTX: cudaLaunch for 0x0x5b08efc02030 (mode=performance simulation) on stream 0
GPGPU-Sim PTX: PDOM analysis already done for _Z10bsmm_stagePKfPfii 
GPGPU-Sim PTX: pushing kernel '_Z10bsmm_stagePKfPfii' to stream 0, gridDim= (2048,1,1) blockDim = (128,1,1) 
GPGPU-Sim uArch: Shader 7 bind to kernel 4 '_Z10bsmm_stagePKfPfii'
GPGPU-Sim: Reconfigure L1 cache to 128KB
GPGPU-Sim uArch: Shader 8 bind to kernel 4 '_Z10bsmm_stagePKfPfii'
GPGPU-Sim uArch: Shader 9 bind to kernel 4 '_Z10bsmm_stagePKfPfii'
GPGPU-Sim uArch: Shader 10 bind to kernel 4 '_Z10bsmm_stagePKfPfii'
GPGPU-Sim uArch: Shader 11 bind to kernel 4 '_Z10bsmm_stagePKfPfii'
GPGPU-Sim uArch: Shader 12 bind to kernel 4 '_Z10bsmm_stagePKfPfii'
GPGPU-Sim uArch: Shader 13 bind to kernel 4 '_Z10bsmm_stagePKfPfii'
GPGPU-Sim uArch: Shader 14 bind to kernel 4 '_Z10bsmm_stagePKfPfii'
GPGPU-Sim uArch: Shader 15 bind to kernel 4 '_Z10bsmm_stagePKfPfii'
GPGPU-Sim uArch: Shader 0 bind to kernel 4 '_Z10bsmm_stagePKfPfii'
GPGPU-Sim uArch: Shader 1 bind to kernel 4 '_Z10bsmm_stagePKfPfii'
GPGPU-Sim uArch: Shader 2 bind to kernel 4 '_Z10bsmm_stagePKfPfii'
GPGPU-Sim uArch: Shader 3 bind to kernel 4 '_Z10bsmm_stagePKfPfii'
GPGPU-Sim uArch: Shader 4 bind to kernel 4 '_Z10bsmm_stagePKfPfii'
GPGPU-Sim uArch: Shader 5 bind to kernel 4 '_Z10bsmm_stagePKfPfii'
GPGPU-Sim uArch: Shader 6 bind to kernel 4 '_Z10bsmm_stagePKfPfii'
Destroy streams for kernel 4: size 0
kernel_name = _Z10bsmm_stagePKfPfii 
kernel_launch_uid = 4 
kernel_stream_id = 100094747292024
gpu_sim_cycle = 15326
gpu_sim_insn = 8388608
gpu_ipc =     547.3449
gpu_tot_sim_cycle = 61889
gpu_tot_sim_insn = 33554432
gpu_tot_ipc =     542.1712
gpu_tot_issued_cta = 8192
gpu_occupancy = 93.0124% 
gpu_tot_occupancy = 93.1743% 
max_total_param_size = 0
gpu_stall_dramfull = 0
gpu_stall_icnt2sh    = 0
partiton_level_parallism =       4.2761
partiton_level_parallism_total  =       4.2357
partiton_level_parallism_util =       7.0529
partiton_level_parallism_util_total  =       7.0133
L2_BW  =     177.8871 GB/Sec
L2_BW_total  =     176.2056 GB/Sec
gpu_total_sim_rate=633102

========= Core cache stats =========
L1I_cache:
	L1I_total_cache_accesses = 0
	L1I_total_cache_misses = 0
	L1I_total_cache_pending_hits = 0
	L1I_total_cache_reservation_fails = 0
L1D_cache:
	L1D_cache_core[0]: Access = 24432, Miss = 16288, Miss_rate = 0.667, Pending_hits = 0, Reservation_fails = 9706
	L1D_cache_core[1]: Access = 23952, Miss = 15968, Miss_rate = 0.667, Pending_hits = 0, Reservation_fails = 10984
	L1D_cache_core[2]: Access = 24864, Miss = 16576, Miss_rate = 0.667, Pending_hits = 0, Reservation_fails = 10602
	L1D_cache_core[3]: Access = 24192, Miss = 16128, Miss_rate = 0.667, Pending_hits = 0, Reservation_fails = 9896
	L1D_cache_core[4]: Access = 25536, Miss = 17024, Miss_rate = 0.667, Pending_hits = 0, Reservation_fails = 9491
	L1D_cache_core[5]: Access = 24432, Miss = 16288, Miss_rate = 0.667, Pending_hits = 0, Reservation_fails = 10851
	L1D_cache_core[6]: Access = 24816, Miss = 16544, Miss_rate = 0.667, Pending_hits = 0, Reservation_fails = 10074
	L1D_cache_core[7]: Access = 23904, Miss = 15936, Miss_rate = 0.667, Pending_hits = 0, Reservation_fails = 10600
	L1D_cache_core[8]: Access = 26112, Miss = 17408, Miss_rate = 0.667, Pending_hits = 0, Reservation_fails = 8734
	L1D_cache_core[9]: Access = 26016, Miss = 17344, Miss_rate = 0.667, Pending_hits = 0, Reservation_fails = 8845
	L1D_cache_core[10]: Access = 23040, Miss = 15360, Miss_rate = 0.667, Pending_hits = 0, Reservation_fails = 11203
	L1D_cache_core[11]: Access = 24192, Miss = 16128, Miss_rate = 0.667, Pending_hits = 0, Reservation_fails = 10649
	L1D_cache_core[12]: Access = 24288, Miss = 16192, Miss_rate = 0.667, Pending_hits = 0, Reservation_fails = 10502
	L1D_cache_core[13]: Access = 25584, Miss = 17056, Miss_rate = 0.667, Pending_hits = 0, Reservation_fails = 9350
	L1D_cache_core[14]: Access = 24624, Miss = 16416, Miss_rate = 0.667, Pending_hits = 0, Reservation_fails = 9899
	L1D_cache_core[15]: Access = 23232, Miss = 15488, Miss_rate = 0.667, Pending_hits = 0, Reservation_fails = 11349
	L1D_total_cache_accesses = 393216
	L1D_total_cache_misses = 262144
	L1D_total_cache_miss_rate = 0.6667
	L1D_total_cache_pending_hits = 0
	L1D_total_cache_reservation_fails = 162735
	L1D_cache_data_port_util = 0.198
	L1D_cache_fill_port_util = 0.198
L1C_cache:
	L1C_total_cache_accesses = 0
	L1C_total_cache_misses = 0
	L1C_total_cache_pending_hits = 0
	L1C_total_cache_reservation_fails = 0
L1T_cache:
	L1T_total_cache_accesses = 0
	L1T_total_cache_misses = 0
	L1T_total_cache_pending_hits = 0
	L1T_total_cache_reservation_fails = 0

Total_core_cache_stats:
	Total_core_cache_stats_breakdown[GLOBAL_ACC_R][HIT] = 65536
	Total_core_cache_stats_breakdown[GLOBAL_ACC_R][HIT_RESERVED] = 0
	Total_core_cache_stats_breakdown[GLOBAL_ACC_R][MISS] = 16384
	Total_core_cache_stats_breakdown[GLOBAL_ACC_R][RESERVATION_FAIL] = 59255
	Total_core_cache_stats_breakdown[GLOBAL_ACC_R][SECTOR_MISS] = 49152
	Total_core_cache_stats_breakdown[GLOBAL_ACC_R][MSHR_HIT] = 0
	Total_core_cache_stats_breakdown[LOCAL_ACC_R][HIT] = 0
	Total_core_cache_stats_breakdown[LOCAL_ACC_R][HIT_RESERVED] = 0
	Total_core_cache_stats_breakdown[LOCAL_ACC_R][MISS] = 0
	Total_core_cache_stats_breakdown[LOCAL_ACC_R][RESERVATION_FAIL] = 0
	Total_core_cache_stats_breakdown[LOCAL_ACC_R][SECTOR_MISS] = 0
	Total_core_cache_stats_breakdown[LOCAL_ACC_R][MSHR_HIT] = 0
	Total_core_cache_stats_breakdown[CONST_ACC_R][HIT] = 0
	Total_core_cache_stats_breakdown[CONST_ACC_R][HIT_RESERVED] = 0
	Total_core_cache_stats_breakdown[CONST_ACC_R][MISS] = 0
	Total_core_cache_stats_breakdown[CONST_ACC_R][RESERVATION_FAIL] = 0
	Total_core_cache_stats_breakdown[CONST_ACC_R][SECTOR_MISS] = 0
	Total_core_cache_stats_breakdown[CONST_ACC_R][MSHR_HIT] = 0
	Total_core_cache_stats_breakdown[TEXTURE_ACC_R][HIT] = 0
	Total_core_cache_stats_breakdown[TEXTURE_ACC_R][HIT_RESERVED] = 0
	Total_core_cache_stats_breakdown[TEXTURE_ACC_R][MISS] = 0
	Total_core_cache_stats_breakdown[TEXTURE_ACC_R][RESERVATION_FAIL] = 0
	Total_core_cache_stats_breakdown[TEXTURE_ACC_R][SECTOR_MISS] = 0
	Total_core_cache_stats_breakdown[TEXTURE_ACC_R][MSHR_HIT] = 0
	Total_core_cache_stats_breakdown[GLOBAL_ACC_W][HIT] = 0
	Total_core_cache_stats_breakdown[GLOBAL_ACC_W][HIT_RESERVED] = 0
	Total_core_cache_stats_breakdown[GLOBAL_ACC_W][MISS] = 16384
	Total_core_cache_stats_breakdown[GLOBAL_ACC_W][RESERVATION_FAIL] = 18684
	Total_core_cache_stats_breakdown[GLOBAL_ACC_W][SECTOR_MISS] = 49152
	Total_core_cache_stats_breakdown[GLOBAL_ACC_W][MSHR_HIT] = 0
	Total_core_cache_stats_breakdown[LOCAL_ACC_W][HIT] = 0
	Total_core_cache_stats_breakdown[LOCAL_ACC_W][HIT_RESERVED] = 0
	Total_core_cache_stats_breakdown[LOCAL_ACC_W][MISS] = 0
	Total_core_cache_stats_breakdown[LOCAL_ACC_W][RESERVATION_FAIL] = 0
	Total_core_cache_stats_breakdown[LOCAL_ACC_W][SECTOR_MISS] = 0
	Total_core_cache_stats_breakdown[LOCAL_ACC_W][MSHR_HIT] = 0
	Total_core_cache_stats_breakdown[L1_WRBK_ACC][HIT] = 0
	Total_core_cache_stats_breakdown[L1_WRBK_ACC][HIT_RESERVED] = 0
	Total_core_cache_stats_breakdown[L1_WRBK_ACC][MISS] = 0
	Total_core_cache_stats_breakdown[L1_WRBK_ACC][RESERVATION_FAIL] = 0
	Total_core_cache_stats_breakdown[L1_WRBK_ACC][SECTOR_MISS] = 0
	Total_core_cache_stats_breakdown[L1_WRBK_ACC][MSHR_HIT] = 0
	Total_core_cache_stats_breakdown[L2_WRBK_ACC][HIT] = 0
	Total_core_cache_stats_breakdown[L2_WRBK_ACC][HIT_RESERVED] = 0
	Total_core_cache_stats_breakdown[L2_WRBK_ACC][MISS] = 0
	Total_core_cache_stats_breakdown[L2_WRBK_ACC][RESERVATION_FAIL] = 0
	Total_core_cache_stats_breakdown[L2_WRBK_ACC][SECTOR_MISS] = 0
	Total_core_cache_stats_breakdown[L2_WRBK_ACC][MSHR_HIT] = 0
	Total_core_cache_stats_breakdown[INST_ACC_R][HIT] = 0
	Total_core_cache_stats_breakdown[INST_ACC_R][HIT_RESERVED] = 0
	Total_core_cache_stats_breakdown[INST_ACC_R][MISS] = 0
	Total_core_cache_stats_breakdown[INST_ACC_R][RESERVATION_FAIL] = 0
	Total_core_cache_stats_breakdown[INST_ACC_R][SECTOR_MISS] = 0
	Total_core_cache_stats_breakdown[INST_ACC_R][MSHR_HIT] = 0
	Total_core_cache_stats_breakdown[L1_WR_ALLOC_R][HIT] = 0
	Total_core_cache_stats_breakdown[L1_WR_ALLOC_R][HIT_RESERVED] = 0
	Total_core_cache_stats_breakdown[L1_WR_ALLOC_R][MISS] = 0
	Total_core_cache_stats_breakdown[L1_WR_ALLOC_R][RESERVATION_FAIL] = 0
	Total_core_cache_stats_breakdown[L1_WR_ALLOC_R][SECTOR_MISS] = 0
	Total_core_cache_stats_breakdown[L1_WR_ALLOC_R][MSHR_HIT] = 0
	Total_core_cache_stats_breakdown[L2_WR_ALLOC_R][HIT] = 0
	Total_core_cache_stats_breakdown[L2_WR_ALLOC_R][HIT_RESERVED] = 0
	Total_core_cache_stats_breakdown[L2_WR_ALLOC_R][MISS] = 0
	Total_core_cache_stats_breakdown[L2_WR_ALLOC_R][RESERVATION_FAIL] = 0
	Total_core_cache_stats_breakdown[L2_WR_ALLOC_R][SECTOR_MISS] = 0
	Total_core_cache_stats_breakdown[L2_WR_ALLOC_R][MSHR_HIT] = 0
	Total_core_cache_stats_breakdown[GLOBAL_ACC_R][TOTAL_ACCESS] = 131072
	Total_core_cache_stats_breakdown[GLOBAL_ACC_W][TOTAL_ACCESS] = 65536

Total_core_cache_fail_stats:
	Total_core_cache_fail_stats_breakdown[GLOBAL_ACC_R][MISS_QUEUE_FULL] = 59255
	Total_core_cache_fail_stats_breakdown[GLOBAL_ACC_W][MISS_QUEUE_FULL] = 18684
ctas_completed 8192, Shader 0 warp_id issue ditsribution:
warp_id:
0, 1, 2, 3, 4, 5, 6, 7, 8, 9, 10, 11, 12, 13, 14, 15, 16, 17, 18, 19, 20, 21, 22, 23, 24, 25, 26, 27, 28, 29, 30, 31, 32, 33, 34, 35, 36, 37, 38, 39, 40, 41, 42, 43, 44, 45, 46, 47, 
distro:
1452, 1452, 1452, 1452, 1353, 1353, 1353, 1353, 1419, 1419, 1419, 1419, 1353, 1353, 1353, 1353, 1386, 1386, 1386, 1386, 1452, 1452, 1452, 1452, 1386, 1386, 1386, 1386, 1485, 1485, 1485, 1485, 1419, 1419, 1419, 1419, 1419, 1419, 1419, 1419, 1386, 1386, 1386, 1386, 1287, 1287, 1287, 1287, 
gpgpu_n_tot_thrd_icount = 34603008
gpgpu_n_tot_w_icount = 1081344
gpgpu_n_stall_shd_mem = 3040
gpgpu_n_mem_read_local = 0
gpgpu_n_mem_write_local = 0
gpgpu_n_mem_read_global = 131072
gpgpu_n_mem_write_global = 131072
gpgpu_n_mem_texture = 0
gpgpu_n_mem_const = 0
gpgpu_n_load_insn  = 2097152
gpgpu_n_store_insn = 1048576
gpgpu_n_shmem_insn = 0
gpgpu_n_sstarr_insn = 0
gpgpu_n_tex_insn = 0
gpgpu_n_const_mem_insn = 0
gpgpu_n_param_mem_insn = 4194304
gpgpu_n_shmem_bkconflict = 0
gpgpu_n_l1cache_bkconflict = 3040
gpgpu_n_intrawarp_mshr_merge = 0
gpgpu_n_cmem_portconflict = 0
gpgpu_stall_shd_mem[c_mem][resource_stall] = 0
gpgpu_stall_shd_mem[s_mem][bk_conf] = 0
gpgpu_stall_shd_mem[gl_mem][resource_stall] = 3040
gpgpu_stall_shd_mem[gl_mem][coal_stall] = 0
gpgpu_stall_shd_mem[gl_mem][data_port_stall] = 0
gpu_reg_bank_conflict_stalls = 0
Warp Occupancy Distribution:
Stall:357442	W0_Idle:77861	W0_Scoreboard:1125949	W1:0	W2:0	W3:0	W4:0	W5:0	W6:0	W7:0	W8:0	W9:0	W10:0	W11:0	W12:0	W13:0	W14:0	W15:0	W16:0	W17:0	W18:0	W19:0	W20:0	W21:0	W22:0	W23:0	W24:0	W25:0	W26:0	W27:0	W28:0	W29:0	W30:0	W31:0	W32:1081344
single_issue_nums: WS0:270336	WS1:270336	WS2:270336	WS3:270336	
dual_issue_nums: WS0:0	WS1:0	WS2:0	WS3:0	
traffic_breakdown_coretomem[GLOBAL_ACC_R] = 1048576 {8:131072,}
traffic_breakdown_coretomem[GLOBAL_ACC_W] = 5242880 {40:131072,}
traffic_breakdown_memtocore[GLOBAL_ACC_R] = 5242880 {40:131072,}
traffic_breakdown_memtocore[GLOBAL_ACC_W] = 1048576 {8:131072,}
maxmflatency = 491 
max_icnt2mem_latency = 230 
maxmrqlatency = 0 
max_icnt2sh_latency = 162 
averagemflatency = 267 
avg_icnt2mem_latency = 66 
avg_icnt2sh_latency = 12 
mrq_lat_table:0 	0 	0 	0 	0 	0 	0 	0 	0 	0 	0 	0 	0 	0 	0 	0 	0 	0 	0 	0 	0 	0 	0 	0 	0 	0 	0 	0 	0 	0 	0 	0 	
dq_lat_table:0 	0 	0 	0 	0 	0 	0 	0 	0 	0 	0 	0 	0 	0 	0 	0 	0 	0 	0 	0 	0 	0 	0 	0 	0 	0 	0 	0 	0 	0 	0 	0 	
mf_lat_table:0 	0 	0 	0 	0 	0 	0 	135070 	127074 	0 	0 	0 	0 	0 	0 	0 	0 	0 	0 	0 	0 	0 	0 	0 	0 	0 	0 	0 	0 	0 	0 	0 	
icnt2mem_lat_table:0 	0 	0 	0 	0 	178276 	68027 	15841 	0 	0 	0 	0 	0 	0 	0 	0 	0 	0 	0 	0 	0 	0 	0 	0 	
icnt2sh_lat_table:0 	85116 	51304 	55059 	44647 	22769 	3220 	29 	0 	0 	0 	0 	0 	0 	0 	0 	0 	0 	0 	0 	0 	0 	0 	0 	
mf_lat_pw_table:0 	0 	0 	0 	0 	0 	0 	11 	69 	0 	0 	0 	0 	0 	0 	0 	0 	0 	0 	0 	0 	0 	0 	0 	0 	0 	0 	0 	0 	0 	0 	0 	
maximum concurrent accesses to same row:
dram[0]:         0         0         0         0         0         0         0         0         0         0         0         0         0         0         0         0 
dram[1]:         0         0         0         0         0         0         0         0         0         0         0         0         0         0         0         0 
dram[2]:         0         0         0         0         0         0         0         0         0         0         0         0         0         0         0         0 
dram[3]:         0         0         0         0         0         0         0         0         0         0         0         0         0         0         0         0 
dram[4]:         0         0         0         0         0         0         0         0         0         0         0         0         0         0         0         0 
dram[5]:         0         0         0         0         0         0         0         0         0         0         0         0         0         0         0         0 
dram[6]:         0         0         0         0         0         0         0         0         0         0         0         0         0         0         0         0 
dram[7]:         0         0         0         0         0         0         0         0         0         0         0         0         0         0         0         0 
dram[8]:         0         0         0         0         0         0         0         0         0         0         0         0         0         0         0         0 
dram[9]:         0         0         0         0         0         0         0         0         0         0         0         0         0         0         0         0 
dram[10]:         0         0         0         0         0         0         0         0         0         0         0         0         0         0         0         0 
dram[11]:         0         0         0         0         0         0         0         0         0         0         0         0         0         0         0         0 
dram[12]:         0         0         0         0         0         0         0         0         0         0         0         0         0         0         0         0 
dram[13]:         0         0         0         0         0         0         0         0         0         0         0         0         0         0         0         0 
dram[14]:         0         0         0         0         0         0         0         0         0         0         0         0         0         0         0         0 
dram[15]:         0         0         0         0         0         0         0         0         0         0         0         0         0         0         0         0 
maximum service time to same row:
dram[0]:         0         0         0         0         0         0         0         0         0         0         0         0         0         0         0         0 
dram[1]:         0         0         0         0         0         0         0         0         0         0         0         0         0         0         0         0 
dram[2]:         0         0         0         0         0         0         0         0         0         0         0         0         0         0         0         0 
dram[3]:         0         0         0         0         0         0         0         0         0         0         0         0         0         0         0         0 
dram[4]:         0         0         0         0         0         0         0         0         0         0         0         0         0         0         0         0 
dram[5]:         0         0         0         0         0         0         0         0         0         0         0         0         0         0         0         0 
dram[6]:         0         0         0         0         0         0         0         0         0         0         0         0         0         0         0         0 
dram[7]:         0         0         0         0         0         0         0         0         0         0         0         0         0         0         0         0 
dram[8]:         0         0         0         0         0         0         0         0         0         0         0         0         0         0         0         0 
dram[9]:         0         0         0         0         0         0         0         0         0         0         0         0         0         0         0         0 
dram[10]:         0         0         0         0         0         0         0         0         0         0         0         0         0         0         0         0 
dram[11]:         0         0         0         0         0         0         0         0         0         0         0         0         0         0         0         0 
dram[12]:         0         0         0         0         0         0         0         0         0         0         0         0         0         0         0         0 
dram[13]:         0         0         0         0         0         0         0         0         0         0         0         0         0         0         0         0 
dram[14]:         0         0         0         0         0         0         0         0         0         0         0         0         0         0         0         0 
dram[15]:         0         0         0         0         0         0         0         0         0         0         0         0         0         0         0         0 
average row accesses per activate:
dram[0]:      -nan      -nan      -nan      -nan      -nan      -nan      -nan      -nan      -nan      -nan      -nan      -nan      -nan      -nan      -nan      -nan 
dram[1]:      -nan      -nan      -nan      -nan      -nan      -nan      -nan      -nan      -nan      -nan      -nan      -nan      -nan      -nan      -nan      -nan 
dram[2]:      -nan      -nan      -nan      -nan      -nan      -nan      -nan      -nan      -nan      -nan      -nan      -nan      -nan      -nan      -nan      -nan 
dram[3]:      -nan      -nan      -nan      -nan      -nan      -nan      -nan      -nan      -nan      -nan      -nan      -nan      -nan      -nan      -nan      -nan 
dram[4]:      -nan      -nan      -nan      -nan      -nan      -nan      -nan      -nan      -nan      -nan      -nan      -nan      -nan      -nan      -nan      -nan 
dram[5]:      -nan      -nan      -nan      -nan      -nan      -nan      -nan      -nan      -nan      -nan      -nan      -nan      -nan      -nan      -nan      -nan 
dram[6]:      -nan      -nan      -nan      -nan      -nan      -nan      -nan      -nan      -nan      -nan      -nan      -nan      -nan      -nan      -nan      -nan 
dram[7]:      -nan      -nan      -nan      -nan      -nan      -nan      -nan      -nan      -nan      -nan      -nan      -nan      -nan      -nan      -nan      -nan 
dram[8]:      -nan      -nan      -nan      -nan      -nan      -nan      -nan      -nan      -nan      -nan      -nan      -nan      -nan      -nan      -nan      -nan 
dram[9]:      -nan      -nan      -nan      -nan      -nan      -nan      -nan      -nan      -nan      -nan      -nan      -nan      -nan      -nan      -nan      -nan 
dram[10]:      -nan      -nan      -nan      -nan      -nan      -nan      -nan      -nan      -nan      -nan      -nan      -nan      -nan      -nan      -nan      -nan 
dram[11]:      -nan      -nan      -nan      -nan      -nan      -nan      -nan      -nan      -nan      -nan      -nan      -nan      -nan      -nan      -nan      -nan 
dram[12]:      -nan      -nan      -nan      -nan      -nan      -nan      -nan      -nan      -nan      -nan      -nan      -nan      -nan      -nan      -nan      -nan 
dram[13]:      -nan      -nan      -nan      -nan      -nan      -nan      -nan      -nan      -nan      -nan      -nan      -nan      -nan      -nan      -nan      -nan 
dram[14]:      -nan      -nan      -nan      -nan      -nan      -nan      -nan      -nan      -nan      -nan      -nan      -nan      -nan      -nan      -nan      -nan 
dram[15]:      -nan      -nan      -nan      -nan      -nan      -nan      -nan      -nan      -nan      -nan      -nan      -nan      -nan      -nan      -nan      -nan 
average row locality = 0/0 = -nan
number of total memory accesses made:
dram[0]:         0         0         0         0         0         0         0         0         0         0         0         0         0         0         0         0 
dram[1]:         0         0         0         0         0         0         0         0         0         0         0         0         0         0         0         0 
dram[2]:         0         0         0         0         0         0         0         0         0         0         0         0         0         0         0         0 
dram[3]:         0         0         0         0         0         0         0         0         0         0         0         0         0         0         0         0 
dram[4]:         0         0         0         0         0         0         0         0         0         0         0         0         0         0         0         0 
dram[5]:         0         0         0         0         0         0         0         0         0         0         0         0         0         0         0         0 
dram[6]:         0         0         0         0         0         0         0         0         0         0         0         0         0         0         0         0 
dram[7]:         0         0         0         0         0         0         0         0         0         0         0         0         0         0         0         0 
dram[8]:         0         0         0         0         0         0         0         0         0         0         0         0         0         0         0         0 
dram[9]:         0         0         0         0         0         0         0         0         0         0         0         0         0         0         0         0 
dram[10]:         0         0         0         0         0         0         0         0         0         0         0         0         0         0         0         0 
dram[11]:         0         0         0         0         0         0         0         0         0         0         0         0         0         0         0         0 
dram[12]:         0         0         0         0         0         0         0         0         0         0         0         0         0         0         0         0 
dram[13]:         0         0         0         0         0         0         0         0         0         0         0         0         0         0         0         0 
dram[14]:         0         0         0         0         0         0         0         0         0         0         0         0         0         0         0         0 
dram[15]:         0         0         0         0         0         0         0         0         0         0         0         0         0         0         0         0 
total accesses: 0
min_bank_accesses = 0!
min_chip_accesses = 0!
number of total read accesses:
dram[0]:         0         0         0         0         0         0         0         0         0         0         0         0         0         0         0         0 
dram[1]:         0         0         0         0         0         0         0         0         0         0         0         0         0         0         0         0 
dram[2]:         0         0         0         0         0         0         0         0         0         0         0         0         0         0         0         0 
dram[3]:         0         0         0         0         0         0         0         0         0         0         0         0         0         0         0         0 
dram[4]:         0         0         0         0         0         0         0         0         0         0         0         0         0         0         0         0 
dram[5]:         0         0         0         0         0         0         0         0         0         0         0         0         0         0         0         0 
dram[6]:         0         0         0         0         0         0         0         0         0         0         0         0         0         0         0         0 
dram[7]:         0         0         0         0         0         0         0         0         0         0         0         0         0         0         0         0 
dram[8]:         0         0         0         0         0         0         0         0         0         0         0         0         0         0         0         0 
dram[9]:         0         0         0         0         0         0         0         0         0         0         0         0         0         0         0         0 
dram[10]:         0         0         0         0         0         0         0         0         0         0         0         0         0         0         0         0 
dram[11]:         0         0         0         0         0         0         0         0         0         0         0         0         0         0         0         0 
dram[12]:         0         0         0         0         0         0         0         0         0         0         0         0         0         0         0         0 
dram[13]:         0         0         0         0         0         0         0         0         0         0         0         0         0         0         0         0 
dram[14]:         0         0         0         0         0         0         0         0         0         0         0         0         0         0         0         0 
dram[15]:         0         0         0         0         0         0         0         0         0         0         0         0         0         0         0         0 
total dram reads = 0
min_bank_accesses = 0!
min_chip_accesses = 0!
number of total write accesses:
dram[0]:         0         0         0         0         0         0         0         0         0         0         0         0         0         0         0         0 
dram[1]:         0         0         0         0         0         0         0         0         0         0         0         0         0         0         0         0 
dram[2]:         0         0         0         0         0         0         0         0         0         0         0         0         0         0         0         0 
dram[3]:         0         0         0         0         0         0         0         0         0         0         0         0         0         0         0         0 
dram[4]:         0         0         0         0         0         0         0         0         0         0         0         0         0         0         0         0 
dram[5]:         0         0         0         0         0         0         0         0         0         0         0         0         0         0         0         0 
dram[6]:         0         0         0         0         0         0         0         0         0         0         0         0         0         0         0         0 
dram[7]:         0         0         0         0         0         0         0         0         0         0         0         0         0         0         0         0 
dram[8]:         0         0         0         0         0         0         0         0         0         0         0         0         0         0         0         0 
dram[9]:         0         0         0         0         0         0         0         0         0         0         0         0         0         0         0         0 
dram[10]:         0         0         0         0         0         0         0         0         0         0         0         0         0         0         0         0 
dram[11]:         0         0         0         0         0         0         0         0         0         0         0         0         0         0         0         0 
dram[12]:         0         0         0         0         0         0         0         0         0         0         0         0         0         0         0         0 
dram[13]:         0         0         0         0         0         0         0         0         0         0         0         0         0         0         0         0 
dram[14]:         0         0         0         0         0         0         0         0         0         0         0         0         0         0         0         0 
dram[15]:         0         0         0         0         0         0         0         0         0         0         0         0         0         0         0         0 
total dram writes = 0
min_bank_accesses = 0!
min_chip_accesses = 0!
average mf latency per bank:
dram[0]:     none      none      none      none      none      none      none      none      none      none      none      none      none      none      none      none  
dram[1]:     none      none      none      none      none      none      none      none      none      none      none      none      none      none      none      none  
dram[2]:     none      none      none      none      none      none      none      none      none      none      none      none      none      none      none      none  
dram[3]:     none      none      none      none      none      none      none      none      none      none      none      none      none      none      none      none  
dram[4]:     none      none      none      none      none      none      none      none      none      none      none      none      none      none      none      none  
dram[5]:     none      none      none      none      none      none      none      none      none      none      none      none      none      none      none      none  
dram[6]:     none      none      none      none      none      none      none      none      none      none      none      none      none      none      none      none  
dram[7]:     none      none      none      none      none      none      none      none      none      none      none      none      none      none      none      none  
dram[8]:     none      none      none      none      none      none      none      none      none      none      none      none      none      none      none      none  
dram[9]:     none      none      none      none      none      none      none      none      none      none      none      none      none      none      none      none  
dram[10]:     none      none      none      none      none      none      none      none      none      none      none      none      none      none      none      none  
dram[11]:     none      none      none      none      none      none      none      none      none      none      none      none      none      none      none      none  
dram[12]:     none      none      none      none      none      none      none      none      none      none      none      none      none      none      none      none  
dram[13]:     none      none      none      none      none      none      none      none      none      none      none      none      none      none      none      none  
dram[14]:     none      none      none      none      none      none      none      none      none      none      none      none      none      none      none      none  
dram[15]:     none      none      none      none      none      none      none      none      none      none      none      none      none      none      none      none  
maximum mf latency per bank:
dram[0]:        446       447       440       435       421       415       397       402       416       420       424       402       435       434       378       390
dram[1]:        458       448       456       464       424       422       409       406       437       425       381       393       420       401       386       384
dram[2]:        432       441       434       434       411       415       470       491       471       440       394       390       389       397       402       382
dram[3]:        453       453       419       448       411       408       407       397       387       396       425       426       407       382       403       391
dram[4]:        449       437       448       451       423       426       388       387       391       391       373       382       378       375       403       405
dram[5]:        455       452       448       448       427       424       408       392       398       392       382       382       387       408       379       377
dram[6]:        462       442       443       434       415       436       442       456       402       430       385       370       366       388       385       388
dram[7]:        443       458       449       448       418       434       394       405       425       443       386       376       379       373       411       369
dram[8]:        463       458       454       443       400       404       387       399       394       401       374       377       377       381       412       408
dram[9]:        453       476       451       454       415       420       409       386       391       387       421       419       375       372       380       383
dram[10]:        447       445       433       438       423       427       415       416       417       407       386       407       396       382       391       389
dram[11]:        435       438       439       435       444       443       414       406       415       411       382       419       421       432       370       387
dram[12]:        458       466       448       455       417       426       427       400       423       424       368       368       388       415       396       399
dram[13]:        468       464       463       468       410       417       400       396       394       392       372       386       370       382       388       390
dram[14]:        446       446       448       436       400       414       419       411       420       419       386       411       385       383       398       409
dram[15]:        460       472       446       467       417       415       411       424       406       399       409       438       396       400       434       423
Memory Partition 0: 
Cache L2_bank_000:
MSHR contents

Cache L2_bank_001:
MSHR contents

In Dram Latency Queue (total = 0): 
DRAM[0]: 16 bks, busW=2 BL=16 CL=24, tRRD=12 tCCD=4, tRCD=24 tRAS=55 tRP=24 tRC=78
n_cmd=76168 n_nop=76168 n_act=0 n_pre=0 n_ref_event=0 n_req=0 n_rd=0 n_rd_L2_A=0 n_write=0 n_wr_bk=0 bw_util=0
n_activity=0 dram_eff=-nan
bk0: 0a 76168i bk1: 0a 76168i bk2: 0a 76168i bk3: 0a 76168i bk4: 0a 76168i bk5: 0a 76168i bk6: 0a 76168i bk7: 0a 76168i bk8: 0a 76168i bk9: 0a 76168i bk10: 0a 76168i bk11: 0a 76168i bk12: 0a 76168i bk13: 0a 76168i bk14: 0a 76168i bk15: 0a 76168i 

------------------------------------------------------------------------

Row_Buffer_Locality = -nan
Row_Buffer_Locality_read = -nan
Row_Buffer_Locality_write = -nan
Bank_Level_Parallism = -nan
Bank_Level_Parallism_Col = -nan
Bank_Level_Parallism_Ready = -nan
write_to_read_ratio_blp_rw_average = -nan
GrpLevelPara = -nan 

BW Util details:
bwutil = 0.000000 
total_CMD = 76168 
util_bw = 0 
Wasted_Col = 0 
Wasted_Row = 0 
Idle = 76168 

BW Util Bottlenecks: 
RCDc_limit = 0 
RCDWRc_limit = 0 
WTRc_limit = 0 
RTWc_limit = 0 
CCDLc_limit = 0 
rwq = 0 
CCDLc_limit_alone = 0 
WTRc_limit_alone = 0 
RTWc_limit_alone = 0 

Commands details: 
total_CMD = 76168 
n_nop = 76168 
Read = 0 
Write = 0 
L2_Alloc = 0 
L2_WB = 0 
n_act = 0 
n_pre = 0 
n_ref = 0 
n_req = 0 
total_req = 0 

Dual Bus Interface Util: 
issued_total_row = 0 
issued_total_col = 0 
Row_Bus_Util =  0.000000 
CoL_Bus_Util = 0.000000 
Either_Row_CoL_Bus_Util = 0.000000 
Issued_on_Two_Bus_Simul_Util = 0.000000 
issued_two_Eff = -nan 
queue_avg = 0.000000 


dram_util_bins: 0 0 0 0 0 0 0 0 0 0
dram_eff_bins: 0 0 0 0 0 0 0 0 0 0
mrqq: max=0 avg=0
Memory Partition 1: 
Cache L2_bank_002:
MSHR contents

Cache L2_bank_003:
MSHR contents

In Dram Latency Queue (total = 0): 
DRAM[1]: 16 bks, busW=2 BL=16 CL=24, tRRD=12 tCCD=4, tRCD=24 tRAS=55 tRP=24 tRC=78
n_cmd=76168 n_nop=76168 n_act=0 n_pre=0 n_ref_event=0 n_req=0 n_rd=0 n_rd_L2_A=0 n_write=0 n_wr_bk=0 bw_util=0
n_activity=0 dram_eff=-nan
bk0: 0a 76168i bk1: 0a 76168i bk2: 0a 76168i bk3: 0a 76168i bk4: 0a 76168i bk5: 0a 76168i bk6: 0a 76168i bk7: 0a 76168i bk8: 0a 76168i bk9: 0a 76168i bk10: 0a 76168i bk11: 0a 76168i bk12: 0a 76168i bk13: 0a 76168i bk14: 0a 76168i bk15: 0a 76168i 

------------------------------------------------------------------------

Row_Buffer_Locality = -nan
Row_Buffer_Locality_read = -nan
Row_Buffer_Locality_write = -nan
Bank_Level_Parallism = -nan
Bank_Level_Parallism_Col = -nan
Bank_Level_Parallism_Ready = -nan
write_to_read_ratio_blp_rw_average = -nan
GrpLevelPara = -nan 

BW Util details:
bwutil = 0.000000 
total_CMD = 76168 
util_bw = 0 
Wasted_Col = 0 
Wasted_Row = 0 
Idle = 76168 

BW Util Bottlenecks: 
RCDc_limit = 0 
RCDWRc_limit = 0 
WTRc_limit = 0 
RTWc_limit = 0 
CCDLc_limit = 0 
rwq = 0 
CCDLc_limit_alone = 0 
WTRc_limit_alone = 0 
RTWc_limit_alone = 0 

Commands details: 
total_CMD = 76168 
n_nop = 76168 
Read = 0 
Write = 0 
L2_Alloc = 0 
L2_WB = 0 
n_act = 0 
n_pre = 0 
n_ref = 0 
n_req = 0 
total_req = 0 

Dual Bus Interface Util: 
issued_total_row = 0 
issued_total_col = 0 
Row_Bus_Util =  0.000000 
CoL_Bus_Util = 0.000000 
Either_Row_CoL_Bus_Util = 0.000000 
Issued_on_Two_Bus_Simul_Util = 0.000000 
issued_two_Eff = -nan 
queue_avg = 0.000000 


dram_util_bins: 0 0 0 0 0 0 0 0 0 0
dram_eff_bins: 0 0 0 0 0 0 0 0 0 0
mrqq: max=0 avg=0
Memory Partition 2: 
Cache L2_bank_004:
MSHR contents

Cache L2_bank_005:
MSHR contents

In Dram Latency Queue (total = 0): 
DRAM[2]: 16 bks, busW=2 BL=16 CL=24, tRRD=12 tCCD=4, tRCD=24 tRAS=55 tRP=24 tRC=78
n_cmd=76168 n_nop=76168 n_act=0 n_pre=0 n_ref_event=0 n_req=0 n_rd=0 n_rd_L2_A=0 n_write=0 n_wr_bk=0 bw_util=0
n_activity=0 dram_eff=-nan
bk0: 0a 76168i bk1: 0a 76168i bk2: 0a 76168i bk3: 0a 76168i bk4: 0a 76168i bk5: 0a 76168i bk6: 0a 76168i bk7: 0a 76168i bk8: 0a 76168i bk9: 0a 76168i bk10: 0a 76168i bk11: 0a 76168i bk12: 0a 76168i bk13: 0a 76168i bk14: 0a 76168i bk15: 0a 76168i 

------------------------------------------------------------------------

Row_Buffer_Locality = -nan
Row_Buffer_Locality_read = -nan
Row_Buffer_Locality_write = -nan
Bank_Level_Parallism = -nan
Bank_Level_Parallism_Col = -nan
Bank_Level_Parallism_Ready = -nan
write_to_read_ratio_blp_rw_average = -nan
GrpLevelPara = -nan 

BW Util details:
bwutil = 0.000000 
total_CMD = 76168 
util_bw = 0 
Wasted_Col = 0 
Wasted_Row = 0 
Idle = 76168 

BW Util Bottlenecks: 
RCDc_limit = 0 
RCDWRc_limit = 0 
WTRc_limit = 0 
RTWc_limit = 0 
CCDLc_limit = 0 
rwq = 0 
CCDLc_limit_alone = 0 
WTRc_limit_alone = 0 
RTWc_limit_alone = 0 

Commands details: 
total_CMD = 76168 
n_nop = 76168 
Read = 0 
Write = 0 
L2_Alloc = 0 
L2_WB = 0 
n_act = 0 
n_pre = 0 
n_ref = 0 
n_req = 0 
total_req = 0 

Dual Bus Interface Util: 
issued_total_row = 0 
issued_total_col = 0 
Row_Bus_Util =  0.000000 
CoL_Bus_Util = 0.000000 
Either_Row_CoL_Bus_Util = 0.000000 
Issued_on_Two_Bus_Simul_Util = 0.000000 
issued_two_Eff = -nan 
queue_avg = 0.000000 


dram_util_bins: 0 0 0 0 0 0 0 0 0 0
dram_eff_bins: 0 0 0 0 0 0 0 0 0 0
mrqq: max=0 avg=0
Memory Partition 3: 
Cache L2_bank_006:
MSHR contents

Cache L2_bank_007:
MSHR contents

In Dram Latency Queue (total = 0): 
DRAM[3]: 16 bks, busW=2 BL=16 CL=24, tRRD=12 tCCD=4, tRCD=24 tRAS=55 tRP=24 tRC=78
n_cmd=76168 n_nop=76168 n_act=0 n_pre=0 n_ref_event=0 n_req=0 n_rd=0 n_rd_L2_A=0 n_write=0 n_wr_bk=0 bw_util=0
n_activity=0 dram_eff=-nan
bk0: 0a 76168i bk1: 0a 76168i bk2: 0a 76168i bk3: 0a 76168i bk4: 0a 76168i bk5: 0a 76168i bk6: 0a 76168i bk7: 0a 76168i bk8: 0a 76168i bk9: 0a 76168i bk10: 0a 76168i bk11: 0a 76168i bk12: 0a 76168i bk13: 0a 76168i bk14: 0a 76168i bk15: 0a 76168i 

------------------------------------------------------------------------

Row_Buffer_Locality = -nan
Row_Buffer_Locality_read = -nan
Row_Buffer_Locality_write = -nan
Bank_Level_Parallism = -nan
Bank_Level_Parallism_Col = -nan
Bank_Level_Parallism_Ready = -nan
write_to_read_ratio_blp_rw_average = -nan
GrpLevelPara = -nan 

BW Util details:
bwutil = 0.000000 
total_CMD = 76168 
util_bw = 0 
Wasted_Col = 0 
Wasted_Row = 0 
Idle = 76168 

BW Util Bottlenecks: 
RCDc_limit = 0 
RCDWRc_limit = 0 
WTRc_limit = 0 
RTWc_limit = 0 
CCDLc_limit = 0 
rwq = 0 
CCDLc_limit_alone = 0 
WTRc_limit_alone = 0 
RTWc_limit_alone = 0 

Commands details: 
total_CMD = 76168 
n_nop = 76168 
Read = 0 
Write = 0 
L2_Alloc = 0 
L2_WB = 0 
n_act = 0 
n_pre = 0 
n_ref = 0 
n_req = 0 
total_req = 0 

Dual Bus Interface Util: 
issued_total_row = 0 
issued_total_col = 0 
Row_Bus_Util =  0.000000 
CoL_Bus_Util = 0.000000 
Either_Row_CoL_Bus_Util = 0.000000 
Issued_on_Two_Bus_Simul_Util = 0.000000 
issued_two_Eff = -nan 
queue_avg = 0.000000 


dram_util_bins: 0 0 0 0 0 0 0 0 0 0
dram_eff_bins: 0 0 0 0 0 0 0 0 0 0
mrqq: max=0 avg=0
Memory Partition 4: 
Cache L2_bank_008:
MSHR contents

Cache L2_bank_009:
MSHR contents

In Dram Latency Queue (total = 0): 
DRAM[4]: 16 bks, busW=2 BL=16 CL=24, tRRD=12 tCCD=4, tRCD=24 tRAS=55 tRP=24 tRC=78
n_cmd=76168 n_nop=76168 n_act=0 n_pre=0 n_ref_event=0 n_req=0 n_rd=0 n_rd_L2_A=0 n_write=0 n_wr_bk=0 bw_util=0
n_activity=0 dram_eff=-nan
bk0: 0a 76168i bk1: 0a 76168i bk2: 0a 76168i bk3: 0a 76168i bk4: 0a 76168i bk5: 0a 76168i bk6: 0a 76168i bk7: 0a 76168i bk8: 0a 76168i bk9: 0a 76168i bk10: 0a 76168i bk11: 0a 76168i bk12: 0a 76168i bk13: 0a 76168i bk14: 0a 76168i bk15: 0a 76168i 

------------------------------------------------------------------------

Row_Buffer_Locality = -nan
Row_Buffer_Locality_read = -nan
Row_Buffer_Locality_write = -nan
Bank_Level_Parallism = -nan
Bank_Level_Parallism_Col = -nan
Bank_Level_Parallism_Ready = -nan
write_to_read_ratio_blp_rw_average = -nan
GrpLevelPara = -nan 

BW Util details:
bwutil = 0.000000 
total_CMD = 76168 
util_bw = 0 
Wasted_Col = 0 
Wasted_Row = 0 
Idle = 76168 

BW Util Bottlenecks: 
RCDc_limit = 0 
RCDWRc_limit = 0 
WTRc_limit = 0 
RTWc_limit = 0 
CCDLc_limit = 0 
rwq = 0 
CCDLc_limit_alone = 0 
WTRc_limit_alone = 0 
RTWc_limit_alone = 0 

Commands details: 
total_CMD = 76168 
n_nop = 76168 
Read = 0 
Write = 0 
L2_Alloc = 0 
L2_WB = 0 
n_act = 0 
n_pre = 0 
n_ref = 0 
n_req = 0 
total_req = 0 

Dual Bus Interface Util: 
issued_total_row = 0 
issued_total_col = 0 
Row_Bus_Util =  0.000000 
CoL_Bus_Util = 0.000000 
Either_Row_CoL_Bus_Util = 0.000000 
Issued_on_Two_Bus_Simul_Util = 0.000000 
issued_two_Eff = -nan 
queue_avg = 0.000000 


dram_util_bins: 0 0 0 0 0 0 0 0 0 0
dram_eff_bins: 0 0 0 0 0 0 0 0 0 0
mrqq: max=0 avg=0
Memory Partition 5: 
Cache L2_bank_010:
MSHR contents

Cache L2_bank_011:
MSHR contents

In Dram Latency Queue (total = 0): 
DRAM[5]: 16 bks, busW=2 BL=16 CL=24, tRRD=12 tCCD=4, tRCD=24 tRAS=55 tRP=24 tRC=78
n_cmd=76168 n_nop=76168 n_act=0 n_pre=0 n_ref_event=0 n_req=0 n_rd=0 n_rd_L2_A=0 n_write=0 n_wr_bk=0 bw_util=0
n_activity=0 dram_eff=-nan
bk0: 0a 76168i bk1: 0a 76168i bk2: 0a 76168i bk3: 0a 76168i bk4: 0a 76168i bk5: 0a 76168i bk6: 0a 76168i bk7: 0a 76168i bk8: 0a 76168i bk9: 0a 76168i bk10: 0a 76168i bk11: 0a 76168i bk12: 0a 76168i bk13: 0a 76168i bk14: 0a 76168i bk15: 0a 76168i 

------------------------------------------------------------------------

Row_Buffer_Locality = -nan
Row_Buffer_Locality_read = -nan
Row_Buffer_Locality_write = -nan
Bank_Level_Parallism = -nan
Bank_Level_Parallism_Col = -nan
Bank_Level_Parallism_Ready = -nan
write_to_read_ratio_blp_rw_average = -nan
GrpLevelPara = -nan 

BW Util details:
bwutil = 0.000000 
total_CMD = 76168 
util_bw = 0 
Wasted_Col = 0 
Wasted_Row = 0 
Idle = 76168 

BW Util Bottlenecks: 
RCDc_limit = 0 
RCDWRc_limit = 0 
WTRc_limit = 0 
RTWc_limit = 0 
CCDLc_limit = 0 
rwq = 0 
CCDLc_limit_alone = 0 
WTRc_limit_alone = 0 
RTWc_limit_alone = 0 

Commands details: 
total_CMD = 76168 
n_nop = 76168 
Read = 0 
Write = 0 
L2_Alloc = 0 
L2_WB = 0 
n_act = 0 
n_pre = 0 
n_ref = 0 
n_req = 0 
total_req = 0 

Dual Bus Interface Util: 
issued_total_row = 0 
issued_total_col = 0 
Row_Bus_Util =  0.000000 
CoL_Bus_Util = 0.000000 
Either_Row_CoL_Bus_Util = 0.000000 
Issued_on_Two_Bus_Simul_Util = 0.000000 
issued_two_Eff = -nan 
queue_avg = 0.000000 


dram_util_bins: 0 0 0 0 0 0 0 0 0 0
dram_eff_bins: 0 0 0 0 0 0 0 0 0 0
mrqq: max=0 avg=0
Memory Partition 6: 
Cache L2_bank_012:
MSHR contents

Cache L2_bank_013:
MSHR contents

In Dram Latency Queue (total = 0): 
DRAM[6]: 16 bks, busW=2 BL=16 CL=24, tRRD=12 tCCD=4, tRCD=24 tRAS=55 tRP=24 tRC=78
n_cmd=76168 n_nop=76168 n_act=0 n_pre=0 n_ref_event=0 n_req=0 n_rd=0 n_rd_L2_A=0 n_write=0 n_wr_bk=0 bw_util=0
n_activity=0 dram_eff=-nan
bk0: 0a 76168i bk1: 0a 76168i bk2: 0a 76168i bk3: 0a 76168i bk4: 0a 76168i bk5: 0a 76168i bk6: 0a 76168i bk7: 0a 76168i bk8: 0a 76168i bk9: 0a 76168i bk10: 0a 76168i bk11: 0a 76168i bk12: 0a 76168i bk13: 0a 76168i bk14: 0a 76168i bk15: 0a 76168i 

------------------------------------------------------------------------

Row_Buffer_Locality = -nan
Row_Buffer_Locality_read = -nan
Row_Buffer_Locality_write = -nan
Bank_Level_Parallism = -nan
Bank_Level_Parallism_Col = -nan
Bank_Level_Parallism_Ready = -nan
write_to_read_ratio_blp_rw_average = -nan
GrpLevelPara = -nan 

BW Util details:
bwutil = 0.000000 
total_CMD = 76168 
util_bw = 0 
Wasted_Col = 0 
Wasted_Row = 0 
Idle = 76168 

BW Util Bottlenecks: 
RCDc_limit = 0 
RCDWRc_limit = 0 
WTRc_limit = 0 
RTWc_limit = 0 
CCDLc_limit = 0 
rwq = 0 
CCDLc_limit_alone = 0 
WTRc_limit_alone = 0 
RTWc_limit_alone = 0 

Commands details: 
total_CMD = 76168 
n_nop = 76168 
Read = 0 
Write = 0 
L2_Alloc = 0 
L2_WB = 0 
n_act = 0 
n_pre = 0 
n_ref = 0 
n_req = 0 
total_req = 0 

Dual Bus Interface Util: 
issued_total_row = 0 
issued_total_col = 0 
Row_Bus_Util =  0.000000 
CoL_Bus_Util = 0.000000 
Either_Row_CoL_Bus_Util = 0.000000 
Issued_on_Two_Bus_Simul_Util = 0.000000 
issued_two_Eff = -nan 
queue_avg = 0.000000 


dram_util_bins: 0 0 0 0 0 0 0 0 0 0
dram_eff_bins: 0 0 0 0 0 0 0 0 0 0
mrqq: max=0 avg=0
Memory Partition 7: 
Cache L2_bank_014:
MSHR contents

Cache L2_bank_015:
MSHR contents

In Dram Latency Queue (total = 0): 
DRAM[7]: 16 bks, busW=2 BL=16 CL=24, tRRD=12 tCCD=4, tRCD=24 tRAS=55 tRP=24 tRC=78
n_cmd=76168 n_nop=76168 n_act=0 n_pre=0 n_ref_event=0 n_req=0 n_rd=0 n_rd_L2_A=0 n_write=0 n_wr_bk=0 bw_util=0
n_activity=0 dram_eff=-nan
bk0: 0a 76168i bk1: 0a 76168i bk2: 0a 76168i bk3: 0a 76168i bk4: 0a 76168i bk5: 0a 76168i bk6: 0a 76168i bk7: 0a 76168i bk8: 0a 76168i bk9: 0a 76168i bk10: 0a 76168i bk11: 0a 76168i bk12: 0a 76168i bk13: 0a 76168i bk14: 0a 76168i bk15: 0a 76168i 

------------------------------------------------------------------------

Row_Buffer_Locality = -nan
Row_Buffer_Locality_read = -nan
Row_Buffer_Locality_write = -nan
Bank_Level_Parallism = -nan
Bank_Level_Parallism_Col = -nan
Bank_Level_Parallism_Ready = -nan
write_to_read_ratio_blp_rw_average = -nan
GrpLevelPara = -nan 

BW Util details:
bwutil = 0.000000 
total_CMD = 76168 
util_bw = 0 
Wasted_Col = 0 
Wasted_Row = 0 
Idle = 76168 

BW Util Bottlenecks: 
RCDc_limit = 0 
RCDWRc_limit = 0 
WTRc_limit = 0 
RTWc_limit = 0 
CCDLc_limit = 0 
rwq = 0 
CCDLc_limit_alone = 0 
WTRc_limit_alone = 0 
RTWc_limit_alone = 0 

Commands details: 
total_CMD = 76168 
n_nop = 76168 
Read = 0 
Write = 0 
L2_Alloc = 0 
L2_WB = 0 
n_act = 0 
n_pre = 0 
n_ref = 0 
n_req = 0 
total_req = 0 

Dual Bus Interface Util: 
issued_total_row = 0 
issued_total_col = 0 
Row_Bus_Util =  0.000000 
CoL_Bus_Util = 0.000000 
Either_Row_CoL_Bus_Util = 0.000000 
Issued_on_Two_Bus_Simul_Util = 0.000000 
issued_two_Eff = -nan 
queue_avg = 0.000000 


dram_util_bins: 0 0 0 0 0 0 0 0 0 0
dram_eff_bins: 0 0 0 0 0 0 0 0 0 0
mrqq: max=0 avg=0
Memory Partition 8: 
Cache L2_bank_016:
MSHR contents

Cache L2_bank_017:
MSHR contents

In Dram Latency Queue (total = 0): 
DRAM[8]: 16 bks, busW=2 BL=16 CL=24, tRRD=12 tCCD=4, tRCD=24 tRAS=55 tRP=24 tRC=78
n_cmd=76168 n_nop=76168 n_act=0 n_pre=0 n_ref_event=0 n_req=0 n_rd=0 n_rd_L2_A=0 n_write=0 n_wr_bk=0 bw_util=0
n_activity=0 dram_eff=-nan
bk0: 0a 76168i bk1: 0a 76168i bk2: 0a 76168i bk3: 0a 76168i bk4: 0a 76168i bk5: 0a 76168i bk6: 0a 76168i bk7: 0a 76168i bk8: 0a 76168i bk9: 0a 76168i bk10: 0a 76168i bk11: 0a 76168i bk12: 0a 76168i bk13: 0a 76168i bk14: 0a 76168i bk15: 0a 76168i 

------------------------------------------------------------------------

Row_Buffer_Locality = -nan
Row_Buffer_Locality_read = -nan
Row_Buffer_Locality_write = -nan
Bank_Level_Parallism = -nan
Bank_Level_Parallism_Col = -nan
Bank_Level_Parallism_Ready = -nan
write_to_read_ratio_blp_rw_average = -nan
GrpLevelPara = -nan 

BW Util details:
bwutil = 0.000000 
total_CMD = 76168 
util_bw = 0 
Wasted_Col = 0 
Wasted_Row = 0 
Idle = 76168 

BW Util Bottlenecks: 
RCDc_limit = 0 
RCDWRc_limit = 0 
WTRc_limit = 0 
RTWc_limit = 0 
CCDLc_limit = 0 
rwq = 0 
CCDLc_limit_alone = 0 
WTRc_limit_alone = 0 
RTWc_limit_alone = 0 

Commands details: 
total_CMD = 76168 
n_nop = 76168 
Read = 0 
Write = 0 
L2_Alloc = 0 
L2_WB = 0 
n_act = 0 
n_pre = 0 
n_ref = 0 
n_req = 0 
total_req = 0 

Dual Bus Interface Util: 
issued_total_row = 0 
issued_total_col = 0 
Row_Bus_Util =  0.000000 
CoL_Bus_Util = 0.000000 
Either_Row_CoL_Bus_Util = 0.000000 
Issued_on_Two_Bus_Simul_Util = 0.000000 
issued_two_Eff = -nan 
queue_avg = 0.000000 


dram_util_bins: 0 0 0 0 0 0 0 0 0 0
dram_eff_bins: 0 0 0 0 0 0 0 0 0 0
mrqq: max=0 avg=0
Memory Partition 9: 
Cache L2_bank_018:
MSHR contents

Cache L2_bank_019:
MSHR contents

In Dram Latency Queue (total = 0): 
DRAM[9]: 16 bks, busW=2 BL=16 CL=24, tRRD=12 tCCD=4, tRCD=24 tRAS=55 tRP=24 tRC=78
n_cmd=76168 n_nop=76168 n_act=0 n_pre=0 n_ref_event=0 n_req=0 n_rd=0 n_rd_L2_A=0 n_write=0 n_wr_bk=0 bw_util=0
n_activity=0 dram_eff=-nan
bk0: 0a 76168i bk1: 0a 76168i bk2: 0a 76168i bk3: 0a 76168i bk4: 0a 76168i bk5: 0a 76168i bk6: 0a 76168i bk7: 0a 76168i bk8: 0a 76168i bk9: 0a 76168i bk10: 0a 76168i bk11: 0a 76168i bk12: 0a 76168i bk13: 0a 76168i bk14: 0a 76168i bk15: 0a 76168i 

------------------------------------------------------------------------

Row_Buffer_Locality = -nan
Row_Buffer_Locality_read = -nan
Row_Buffer_Locality_write = -nan
Bank_Level_Parallism = -nan
Bank_Level_Parallism_Col = -nan
Bank_Level_Parallism_Ready = -nan
write_to_read_ratio_blp_rw_average = -nan
GrpLevelPara = -nan 

BW Util details:
bwutil = 0.000000 
total_CMD = 76168 
util_bw = 0 
Wasted_Col = 0 
Wasted_Row = 0 
Idle = 76168 

BW Util Bottlenecks: 
RCDc_limit = 0 
RCDWRc_limit = 0 
WTRc_limit = 0 
RTWc_limit = 0 
CCDLc_limit = 0 
rwq = 0 
CCDLc_limit_alone = 0 
WTRc_limit_alone = 0 
RTWc_limit_alone = 0 

Commands details: 
total_CMD = 76168 
n_nop = 76168 
Read = 0 
Write = 0 
L2_Alloc = 0 
L2_WB = 0 
n_act = 0 
n_pre = 0 
n_ref = 0 
n_req = 0 
total_req = 0 

Dual Bus Interface Util: 
issued_total_row = 0 
issued_total_col = 0 
Row_Bus_Util =  0.000000 
CoL_Bus_Util = 0.000000 
Either_Row_CoL_Bus_Util = 0.000000 
Issued_on_Two_Bus_Simul_Util = 0.000000 
issued_two_Eff = -nan 
queue_avg = 0.000000 


dram_util_bins: 0 0 0 0 0 0 0 0 0 0
dram_eff_bins: 0 0 0 0 0 0 0 0 0 0
mrqq: max=0 avg=0
Memory Partition 10: 
Cache L2_bank_020:
MSHR contents

Cache L2_bank_021:
MSHR contents

In Dram Latency Queue (total = 0): 
DRAM[10]: 16 bks, busW=2 BL=16 CL=24, tRRD=12 tCCD=4, tRCD=24 tRAS=55 tRP=24 tRC=78
n_cmd=76168 n_nop=76168 n_act=0 n_pre=0 n_ref_event=0 n_req=0 n_rd=0 n_rd_L2_A=0 n_write=0 n_wr_bk=0 bw_util=0
n_activity=0 dram_eff=-nan
bk0: 0a 76168i bk1: 0a 76168i bk2: 0a 76168i bk3: 0a 76168i bk4: 0a 76168i bk5: 0a 76168i bk6: 0a 76168i bk7: 0a 76168i bk8: 0a 76168i bk9: 0a 76168i bk10: 0a 76168i bk11: 0a 76168i bk12: 0a 76168i bk13: 0a 76168i bk14: 0a 76168i bk15: 0a 76168i 

------------------------------------------------------------------------

Row_Buffer_Locality = -nan
Row_Buffer_Locality_read = -nan
Row_Buffer_Locality_write = -nan
Bank_Level_Parallism = -nan
Bank_Level_Parallism_Col = -nan
Bank_Level_Parallism_Ready = -nan
write_to_read_ratio_blp_rw_average = -nan
GrpLevelPara = -nan 

BW Util details:
bwutil = 0.000000 
total_CMD = 76168 
util_bw = 0 
Wasted_Col = 0 
Wasted_Row = 0 
Idle = 76168 

BW Util Bottlenecks: 
RCDc_limit = 0 
RCDWRc_limit = 0 
WTRc_limit = 0 
RTWc_limit = 0 
CCDLc_limit = 0 
rwq = 0 
CCDLc_limit_alone = 0 
WTRc_limit_alone = 0 
RTWc_limit_alone = 0 

Commands details: 
total_CMD = 76168 
n_nop = 76168 
Read = 0 
Write = 0 
L2_Alloc = 0 
L2_WB = 0 
n_act = 0 
n_pre = 0 
n_ref = 0 
n_req = 0 
total_req = 0 

Dual Bus Interface Util: 
issued_total_row = 0 
issued_total_col = 0 
Row_Bus_Util =  0.000000 
CoL_Bus_Util = 0.000000 
Either_Row_CoL_Bus_Util = 0.000000 
Issued_on_Two_Bus_Simul_Util = 0.000000 
issued_two_Eff = -nan 
queue_avg = 0.000000 


dram_util_bins: 0 0 0 0 0 0 0 0 0 0
dram_eff_bins: 0 0 0 0 0 0 0 0 0 0
mrqq: max=0 avg=0
Memory Partition 11: 
Cache L2_bank_022:
MSHR contents

Cache L2_bank_023:
MSHR contents

In Dram Latency Queue (total = 0): 
DRAM[11]: 16 bks, busW=2 BL=16 CL=24, tRRD=12 tCCD=4, tRCD=24 tRAS=55 tRP=24 tRC=78
n_cmd=76168 n_nop=76168 n_act=0 n_pre=0 n_ref_event=0 n_req=0 n_rd=0 n_rd_L2_A=0 n_write=0 n_wr_bk=0 bw_util=0
n_activity=0 dram_eff=-nan
bk0: 0a 76168i bk1: 0a 76168i bk2: 0a 76168i bk3: 0a 76168i bk4: 0a 76168i bk5: 0a 76168i bk6: 0a 76168i bk7: 0a 76168i bk8: 0a 76168i bk9: 0a 76168i bk10: 0a 76168i bk11: 0a 76168i bk12: 0a 76168i bk13: 0a 76168i bk14: 0a 76168i bk15: 0a 76168i 

------------------------------------------------------------------------

Row_Buffer_Locality = -nan
Row_Buffer_Locality_read = -nan
Row_Buffer_Locality_write = -nan
Bank_Level_Parallism = -nan
Bank_Level_Parallism_Col = -nan
Bank_Level_Parallism_Ready = -nan
write_to_read_ratio_blp_rw_average = -nan
GrpLevelPara = -nan 

BW Util details:
bwutil = 0.000000 
total_CMD = 76168 
util_bw = 0 
Wasted_Col = 0 
Wasted_Row = 0 
Idle = 76168 

BW Util Bottlenecks: 
RCDc_limit = 0 
RCDWRc_limit = 0 
WTRc_limit = 0 
RTWc_limit = 0 
CCDLc_limit = 0 
rwq = 0 
CCDLc_limit_alone = 0 
WTRc_limit_alone = 0 
RTWc_limit_alone = 0 

Commands details: 
total_CMD = 76168 
n_nop = 76168 
Read = 0 
Write = 0 
L2_Alloc = 0 
L2_WB = 0 
n_act = 0 
n_pre = 0 
n_ref = 0 
n_req = 0 
total_req = 0 

Dual Bus Interface Util: 
issued_total_row = 0 
issued_total_col = 0 
Row_Bus_Util =  0.000000 
CoL_Bus_Util = 0.000000 
Either_Row_CoL_Bus_Util = 0.000000 
Issued_on_Two_Bus_Simul_Util = 0.000000 
issued_two_Eff = -nan 
queue_avg = 0.000000 


dram_util_bins: 0 0 0 0 0 0 0 0 0 0
dram_eff_bins: 0 0 0 0 0 0 0 0 0 0
mrqq: max=0 avg=0
Memory Partition 12: 
Cache L2_bank_024:
MSHR contents

Cache L2_bank_025:
MSHR contents

In Dram Latency Queue (total = 0): 
DRAM[12]: 16 bks, busW=2 BL=16 CL=24, tRRD=12 tCCD=4, tRCD=24 tRAS=55 tRP=24 tRC=78
n_cmd=76168 n_nop=76168 n_act=0 n_pre=0 n_ref_event=0 n_req=0 n_rd=0 n_rd_L2_A=0 n_write=0 n_wr_bk=0 bw_util=0
n_activity=0 dram_eff=-nan
bk0: 0a 76168i bk1: 0a 76168i bk2: 0a 76168i bk3: 0a 76168i bk4: 0a 76168i bk5: 0a 76168i bk6: 0a 76168i bk7: 0a 76168i bk8: 0a 76168i bk9: 0a 76168i bk10: 0a 76168i bk11: 0a 76168i bk12: 0a 76168i bk13: 0a 76168i bk14: 0a 76168i bk15: 0a 76168i 

------------------------------------------------------------------------

Row_Buffer_Locality = -nan
Row_Buffer_Locality_read = -nan
Row_Buffer_Locality_write = -nan
Bank_Level_Parallism = -nan
Bank_Level_Parallism_Col = -nan
Bank_Level_Parallism_Ready = -nan
write_to_read_ratio_blp_rw_average = -nan
GrpLevelPara = -nan 

BW Util details:
bwutil = 0.000000 
total_CMD = 76168 
util_bw = 0 
Wasted_Col = 0 
Wasted_Row = 0 
Idle = 76168 

BW Util Bottlenecks: 
RCDc_limit = 0 
RCDWRc_limit = 0 
WTRc_limit = 0 
RTWc_limit = 0 
CCDLc_limit = 0 
rwq = 0 
CCDLc_limit_alone = 0 
WTRc_limit_alone = 0 
RTWc_limit_alone = 0 

Commands details: 
total_CMD = 76168 
n_nop = 76168 
Read = 0 
Write = 0 
L2_Alloc = 0 
L2_WB = 0 
n_act = 0 
n_pre = 0 
n_ref = 0 
n_req = 0 
total_req = 0 

Dual Bus Interface Util: 
issued_total_row = 0 
issued_total_col = 0 
Row_Bus_Util =  0.000000 
CoL_Bus_Util = 0.000000 
Either_Row_CoL_Bus_Util = 0.000000 
Issued_on_Two_Bus_Simul_Util = 0.000000 
issued_two_Eff = -nan 
queue_avg = 0.000000 


dram_util_bins: 0 0 0 0 0 0 0 0 0 0
dram_eff_bins: 0 0 0 0 0 0 0 0 0 0
mrqq: max=0 avg=0
Memory Partition 13: 
Cache L2_bank_026:
MSHR contents

Cache L2_bank_027:
MSHR contents

In Dram Latency Queue (total = 0): 
DRAM[13]: 16 bks, busW=2 BL=16 CL=24, tRRD=12 tCCD=4, tRCD=24 tRAS=55 tRP=24 tRC=78
n_cmd=76168 n_nop=76168 n_act=0 n_pre=0 n_ref_event=0 n_req=0 n_rd=0 n_rd_L2_A=0 n_write=0 n_wr_bk=0 bw_util=0
n_activity=0 dram_eff=-nan
bk0: 0a 76168i bk1: 0a 76168i bk2: 0a 76168i bk3: 0a 76168i bk4: 0a 76168i bk5: 0a 76168i bk6: 0a 76168i bk7: 0a 76168i bk8: 0a 76168i bk9: 0a 76168i bk10: 0a 76168i bk11: 0a 76168i bk12: 0a 76168i bk13: 0a 76168i bk14: 0a 76168i bk15: 0a 76168i 

------------------------------------------------------------------------

Row_Buffer_Locality = -nan
Row_Buffer_Locality_read = -nan
Row_Buffer_Locality_write = -nan
Bank_Level_Parallism = -nan
Bank_Level_Parallism_Col = -nan
Bank_Level_Parallism_Ready = -nan
write_to_read_ratio_blp_rw_average = -nan
GrpLevelPara = -nan 

BW Util details:
bwutil = 0.000000 
total_CMD = 76168 
util_bw = 0 
Wasted_Col = 0 
Wasted_Row = 0 
Idle = 76168 

BW Util Bottlenecks: 
RCDc_limit = 0 
RCDWRc_limit = 0 
WTRc_limit = 0 
RTWc_limit = 0 
CCDLc_limit = 0 
rwq = 0 
CCDLc_limit_alone = 0 
WTRc_limit_alone = 0 
RTWc_limit_alone = 0 

Commands details: 
total_CMD = 76168 
n_nop = 76168 
Read = 0 
Write = 0 
L2_Alloc = 0 
L2_WB = 0 
n_act = 0 
n_pre = 0 
n_ref = 0 
n_req = 0 
total_req = 0 

Dual Bus Interface Util: 
issued_total_row = 0 
issued_total_col = 0 
Row_Bus_Util =  0.000000 
CoL_Bus_Util = 0.000000 
Either_Row_CoL_Bus_Util = 0.000000 
Issued_on_Two_Bus_Simul_Util = 0.000000 
issued_two_Eff = -nan 
queue_avg = 0.000000 


dram_util_bins: 0 0 0 0 0 0 0 0 0 0
dram_eff_bins: 0 0 0 0 0 0 0 0 0 0
mrqq: max=0 avg=0
Memory Partition 14: 
Cache L2_bank_028:
MSHR contents

Cache L2_bank_029:
MSHR contents

In Dram Latency Queue (total = 0): 
DRAM[14]: 16 bks, busW=2 BL=16 CL=24, tRRD=12 tCCD=4, tRCD=24 tRAS=55 tRP=24 tRC=78
n_cmd=76168 n_nop=76168 n_act=0 n_pre=0 n_ref_event=0 n_req=0 n_rd=0 n_rd_L2_A=0 n_write=0 n_wr_bk=0 bw_util=0
n_activity=0 dram_eff=-nan
bk0: 0a 76168i bk1: 0a 76168i bk2: 0a 76168i bk3: 0a 76168i bk4: 0a 76168i bk5: 0a 76168i bk6: 0a 76168i bk7: 0a 76168i bk8: 0a 76168i bk9: 0a 76168i bk10: 0a 76168i bk11: 0a 76168i bk12: 0a 76168i bk13: 0a 76168i bk14: 0a 76168i bk15: 0a 76168i 

------------------------------------------------------------------------

Row_Buffer_Locality = -nan
Row_Buffer_Locality_read = -nan
Row_Buffer_Locality_write = -nan
Bank_Level_Parallism = -nan
Bank_Level_Parallism_Col = -nan
Bank_Level_Parallism_Ready = -nan
write_to_read_ratio_blp_rw_average = -nan
GrpLevelPara = -nan 

BW Util details:
bwutil = 0.000000 
total_CMD = 76168 
util_bw = 0 
Wasted_Col = 0 
Wasted_Row = 0 
Idle = 76168 

BW Util Bottlenecks: 
RCDc_limit = 0 
RCDWRc_limit = 0 
WTRc_limit = 0 
RTWc_limit = 0 
CCDLc_limit = 0 
rwq = 0 
CCDLc_limit_alone = 0 
WTRc_limit_alone = 0 
RTWc_limit_alone = 0 

Commands details: 
total_CMD = 76168 
n_nop = 76168 
Read = 0 
Write = 0 
L2_Alloc = 0 
L2_WB = 0 
n_act = 0 
n_pre = 0 
n_ref = 0 
n_req = 0 
total_req = 0 

Dual Bus Interface Util: 
issued_total_row = 0 
issued_total_col = 0 
Row_Bus_Util =  0.000000 
CoL_Bus_Util = 0.000000 
Either_Row_CoL_Bus_Util = 0.000000 
Issued_on_Two_Bus_Simul_Util = 0.000000 
issued_two_Eff = -nan 
queue_avg = 0.000000 


dram_util_bins: 0 0 0 0 0 0 0 0 0 0
dram_eff_bins: 0 0 0 0 0 0 0 0 0 0
mrqq: max=0 avg=0
Memory Partition 15: 
Cache L2_bank_030:
MSHR contents

Cache L2_bank_031:
MSHR contents

In Dram Latency Queue (total = 0): 
DRAM[15]: 16 bks, busW=2 BL=16 CL=24, tRRD=12 tCCD=4, tRCD=24 tRAS=55 tRP=24 tRC=78
n_cmd=76168 n_nop=76168 n_act=0 n_pre=0 n_ref_event=0 n_req=0 n_rd=0 n_rd_L2_A=0 n_write=0 n_wr_bk=0 bw_util=0
n_activity=0 dram_eff=-nan
bk0: 0a 76168i bk1: 0a 76168i bk2: 0a 76168i bk3: 0a 76168i bk4: 0a 76168i bk5: 0a 76168i bk6: 0a 76168i bk7: 0a 76168i bk8: 0a 76168i bk9: 0a 76168i bk10: 0a 76168i bk11: 0a 76168i bk12: 0a 76168i bk13: 0a 76168i bk14: 0a 76168i bk15: 0a 76168i 

------------------------------------------------------------------------

Row_Buffer_Locality = -nan
Row_Buffer_Locality_read = -nan
Row_Buffer_Locality_write = -nan
Bank_Level_Parallism = -nan
Bank_Level_Parallism_Col = -nan
Bank_Level_Parallism_Ready = -nan
write_to_read_ratio_blp_rw_average = -nan
GrpLevelPara = -nan 

BW Util details:
bwutil = 0.000000 
total_CMD = 76168 
util_bw = 0 
Wasted_Col = 0 
Wasted_Row = 0 
Idle = 76168 

BW Util Bottlenecks: 
RCDc_limit = 0 
RCDWRc_limit = 0 
WTRc_limit = 0 
RTWc_limit = 0 
CCDLc_limit = 0 
rwq = 0 
CCDLc_limit_alone = 0 
WTRc_limit_alone = 0 
RTWc_limit_alone = 0 

Commands details: 
total_CMD = 76168 
n_nop = 76168 
Read = 0 
Write = 0 
L2_Alloc = 0 
L2_WB = 0 
n_act = 0 
n_pre = 0 
n_ref = 0 
n_req = 0 
total_req = 0 

Dual Bus Interface Util: 
issued_total_row = 0 
issued_total_col = 0 
Row_Bus_Util =  0.000000 
CoL_Bus_Util = 0.000000 
Either_Row_CoL_Bus_Util = 0.000000 
Issued_on_Two_Bus_Simul_Util = 0.000000 
issued_two_Eff = -nan 
queue_avg = 0.000000 


dram_util_bins: 0 0 0 0 0 0 0 0 0 0
dram_eff_bins: 0 0 0 0 0 0 0 0 0 0
mrqq: max=0 avg=0

========= L2 cache stats =========
L2_cache_bank[0]: Access = 8192, Miss = 1024, Miss_rate = 0.125, Pending_hits = 0, Reservation_fails = 0
L2_cache_bank[1]: Access = 8192, Miss = 1024, Miss_rate = 0.125, Pending_hits = 0, Reservation_fails = 0
L2_cache_bank[2]: Access = 8192, Miss = 1024, Miss_rate = 0.125, Pending_hits = 0, Reservation_fails = 0
L2_cache_bank[3]: Access = 8192, Miss = 1024, Miss_rate = 0.125, Pending_hits = 0, Reservation_fails = 0
L2_cache_bank[4]: Access = 8192, Miss = 1024, Miss_rate = 0.125, Pending_hits = 0, Reservation_fails = 0
L2_cache_bank[5]: Access = 8192, Miss = 1024, Miss_rate = 0.125, Pending_hits = 0, Reservation_fails = 0
L2_cache_bank[6]: Access = 8192, Miss = 1024, Miss_rate = 0.125, Pending_hits = 0, Reservation_fails = 0
L2_cache_bank[7]: Access = 8192, Miss = 1024, Miss_rate = 0.125, Pending_hits = 0, Reservation_fails = 0
L2_cache_bank[8]: Access = 8192, Miss = 1024, Miss_rate = 0.125, Pending_hits = 0, Reservation_fails = 0
L2_cache_bank[9]: Access = 8192, Miss = 1024, Miss_rate = 0.125, Pending_hits = 0, Reservation_fails = 0
L2_cache_bank[10]: Access = 8192, Miss = 1024, Miss_rate = 0.125, Pending_hits = 0, Reservation_fails = 0
L2_cache_bank[11]: Access = 8192, Miss = 1024, Miss_rate = 0.125, Pending_hits = 0, Reservation_fails = 0
L2_cache_bank[12]: Access = 8192, Miss = 1024, Miss_rate = 0.125, Pending_hits = 0, Reservation_fails = 0
L2_cache_bank[13]: Access = 8192, Miss = 1024, Miss_rate = 0.125, Pending_hits = 0, Reservation_fails = 0
L2_cache_bank[14]: Access = 8192, Miss = 1024, Miss_rate = 0.125, Pending_hits = 0, Reservation_fails = 0
L2_cache_bank[15]: Access = 8192, Miss = 1024, Miss_rate = 0.125, Pending_hits = 0, Reservation_fails = 0
L2_cache_bank[16]: Access = 8192, Miss = 1024, Miss_rate = 0.125, Pending_hits = 0, Reservation_fails = 0
L2_cache_bank[17]: Access = 8192, Miss = 1024, Miss_rate = 0.125, Pending_hits = 0, Reservation_fails = 0
L2_cache_bank[18]: Access = 8192, Miss = 1024, Miss_rate = 0.125, Pending_hits = 0, Reservation_fails = 0
L2_cache_bank[19]: Access = 8192, Miss = 1024, Miss_rate = 0.125, Pending_hits = 0, Reservation_fails = 0
L2_cache_bank[20]: Access = 8192, Miss = 1024, Miss_rate = 0.125, Pending_hits = 0, Reservation_fails = 0
L2_cache_bank[21]: Access = 8192, Miss = 1024, Miss_rate = 0.125, Pending_hits = 0, Reservation_fails = 0
L2_cache_bank[22]: Access = 8192, Miss = 1024, Miss_rate = 0.125, Pending_hits = 0, Reservation_fails = 0
L2_cache_bank[23]: Access = 8192, Miss = 1024, Miss_rate = 0.125, Pending_hits = 0, Reservation_fails = 0
L2_cache_bank[24]: Access = 8192, Miss = 1024, Miss_rate = 0.125, Pending_hits = 0, Reservation_fails = 0
L2_cache_bank[25]: Access = 8192, Miss = 1024, Miss_rate = 0.125, Pending_hits = 0, Reservation_fails = 0
L2_cache_bank[26]: Access = 8192, Miss = 1024, Miss_rate = 0.125, Pending_hits = 0, Reservation_fails = 0
L2_cache_bank[27]: Access = 8192, Miss = 1024, Miss_rate = 0.125, Pending_hits = 0, Reservation_fails = 0
L2_cache_bank[28]: Access = 8192, Miss = 1024, Miss_rate = 0.125, Pending_hits = 0, Reservation_fails = 0
L2_cache_bank[29]: Access = 8192, Miss = 1024, Miss_rate = 0.125, Pending_hits = 0, Reservation_fails = 0
L2_cache_bank[30]: Access = 8192, Miss = 1024, Miss_rate = 0.125, Pending_hits = 0, Reservation_fails = 0
L2_cache_bank[31]: Access = 8192, Miss = 1024, Miss_rate = 0.125, Pending_hits = 0, Reservation_fails = 0
L2_total_cache_accesses = 262144
L2_total_cache_misses = 32768
L2_total_cache_miss_rate = 0.1250
L2_total_cache_pending_hits = 0
L2_total_cache_reservation_fails = 0
L2_total_cache_breakdown:
	L2_cache_stats_breakdown[GLOBAL_ACC_R][HIT] = 65536
	L2_cache_stats_breakdown[GLOBAL_ACC_R][HIT_RESERVED] = 0
	L2_cache_stats_breakdown[GLOBAL_ACC_R][MISS] = 0
	L2_cache_stats_breakdown[GLOBAL_ACC_R][RESERVATION_FAIL] = 0
	L2_cache_stats_breakdown[GLOBAL_ACC_R][SECTOR_MISS] = 0
	L2_cache_stats_breakdown[GLOBAL_ACC_R][MSHR_HIT] = 0
	L2_cache_stats_breakdown[LOCAL_ACC_R][HIT] = 0
	L2_cache_stats_breakdown[LOCAL_ACC_R][HIT_RESERVED] = 0
	L2_cache_stats_breakdown[LOCAL_ACC_R][MISS] = 0
	L2_cache_stats_breakdown[LOCAL_ACC_R][RESERVATION_FAIL] = 0
	L2_cache_stats_breakdown[LOCAL_ACC_R][SECTOR_MISS] = 0
	L2_cache_stats_breakdown[LOCAL_ACC_R][MSHR_HIT] = 0
	L2_cache_stats_breakdown[CONST_ACC_R][HIT] = 0
	L2_cache_stats_breakdown[CONST_ACC_R][HIT_RESERVED] = 0
	L2_cache_stats_breakdown[CONST_ACC_R][MISS] = 0
	L2_cache_stats_breakdown[CONST_ACC_R][RESERVATION_FAIL] = 0
	L2_cache_stats_breakdown[CONST_ACC_R][SECTOR_MISS] = 0
	L2_cache_stats_breakdown[CONST_ACC_R][MSHR_HIT] = 0
	L2_cache_stats_breakdown[TEXTURE_ACC_R][HIT] = 0
	L2_cache_stats_breakdown[TEXTURE_ACC_R][HIT_RESERVED] = 0
	L2_cache_stats_breakdown[TEXTURE_ACC_R][MISS] = 0
	L2_cache_stats_breakdown[TEXTURE_ACC_R][RESERVATION_FAIL] = 0
	L2_cache_stats_breakdown[TEXTURE_ACC_R][SECTOR_MISS] = 0
	L2_cache_stats_breakdown[TEXTURE_ACC_R][MSHR_HIT] = 0
	L2_cache_stats_breakdown[GLOBAL_ACC_W][HIT] = 65536
	L2_cache_stats_breakdown[GLOBAL_ACC_W][HIT_RESERVED] = 0
	L2_cache_stats_breakdown[GLOBAL_ACC_W][MISS] = 0
	L2_cache_stats_breakdown[GLOBAL_ACC_W][RESERVATION_FAIL] = 0
	L2_cache_stats_breakdown[GLOBAL_ACC_W][SECTOR_MISS] = 0
	L2_cache_stats_breakdown[GLOBAL_ACC_W][MSHR_HIT] = 0
	L2_cache_stats_breakdown[LOCAL_ACC_W][HIT] = 0
	L2_cache_stats_breakdown[LOCAL_ACC_W][HIT_RESERVED] = 0
	L2_cache_stats_breakdown[LOCAL_ACC_W][MISS] = 0
	L2_cache_stats_breakdown[LOCAL_ACC_W][RESERVATION_FAIL] = 0
	L2_cache_stats_breakdown[LOCAL_ACC_W][SECTOR_MISS] = 0
	L2_cache_stats_breakdown[LOCAL_ACC_W][MSHR_HIT] = 0
	L2_cache_stats_breakdown[L1_WRBK_ACC][HIT] = 0
	L2_cache_stats_breakdown[L1_WRBK_ACC][HIT_RESERVED] = 0
	L2_cache_stats_breakdown[L1_WRBK_ACC][MISS] = 0
	L2_cache_stats_breakdown[L1_WRBK_ACC][RESERVATION_FAIL] = 0
	L2_cache_stats_breakdown[L1_WRBK_ACC][SECTOR_MISS] = 0
	L2_cache_stats_breakdown[L1_WRBK_ACC][MSHR_HIT] = 0
	L2_cache_stats_breakdown[L2_WRBK_ACC][HIT] = 0
	L2_cache_stats_breakdown[L2_WRBK_ACC][HIT_RESERVED] = 0
	L2_cache_stats_breakdown[L2_WRBK_ACC][MISS] = 0
	L2_cache_stats_breakdown[L2_WRBK_ACC][RESERVATION_FAIL] = 0
	L2_cache_stats_breakdown[L2_WRBK_ACC][SECTOR_MISS] = 0
	L2_cache_stats_breakdown[L2_WRBK_ACC][MSHR_HIT] = 0
	L2_cache_stats_breakdown[INST_ACC_R][HIT] = 0
	L2_cache_stats_breakdown[INST_ACC_R][HIT_RESERVED] = 0
	L2_cache_stats_breakdown[INST_ACC_R][MISS] = 0
	L2_cache_stats_breakdown[INST_ACC_R][RESERVATION_FAIL] = 0
	L2_cache_stats_breakdown[INST_ACC_R][SECTOR_MISS] = 0
	L2_cache_stats_breakdown[INST_ACC_R][MSHR_HIT] = 0
	L2_cache_stats_breakdown[L1_WR_ALLOC_R][HIT] = 0
	L2_cache_stats_breakdown[L1_WR_ALLOC_R][HIT_RESERVED] = 0
	L2_cache_stats_breakdown[L1_WR_ALLOC_R][MISS] = 0
	L2_cache_stats_breakdown[L1_WR_ALLOC_R][RESERVATION_FAIL] = 0
	L2_cache_stats_breakdown[L1_WR_ALLOC_R][SECTOR_MISS] = 0
	L2_cache_stats_breakdown[L1_WR_ALLOC_R][MSHR_HIT] = 0
	L2_cache_stats_breakdown[L2_WR_ALLOC_R][HIT] = 0
	L2_cache_stats_breakdown[L2_WR_ALLOC_R][HIT_RESERVED] = 0
	L2_cache_stats_breakdown[L2_WR_ALLOC_R][MISS] = 0
	L2_cache_stats_breakdown[L2_WR_ALLOC_R][RESERVATION_FAIL] = 0
	L2_cache_stats_breakdown[L2_WR_ALLOC_R][SECTOR_MISS] = 0
	L2_cache_stats_breakdown[L2_WR_ALLOC_R][MSHR_HIT] = 0
	L2_cache_stats_breakdown[GLOBAL_ACC_R][TOTAL_ACCESS] = 65536
	L2_cache_stats_breakdown[GLOBAL_ACC_W][TOTAL_ACCESS] = 65536
L2_total_cache_reservation_fail_breakdown:
L2_cache_data_port_util = 0.116
L2_cache_fill_port_util = 0.000

icnt_total_pkts_mem_to_simt=262144
icnt_total_pkts_simt_to_mem=262144
LD_mem_lat_dist  0 0 0 0 0 0 0 0 0 0 0 0 0 0 0 0 0 0 0 0 0 0 0 0 0 0 0
ST_mem_lat_dist  0 0 0 0 0 0 0 0 0 0 0 0 0 0 0 0 0 0 0 0 0 0 0 0 0 0 0
----------------------------Interconnect-DETAILS--------------------------------
Req_Network_injected_packets_num = 262144
Req_Network_cycles = 61889
Req_Network_injected_packets_per_cycle =       4.2357 
Req_Network_conflicts_per_cycle =       0.7907
Req_Network_conflicts_per_cycle_util =       1.3092
Req_Bank_Level_Parallism =       7.0133
Req_Network_in_buffer_full_per_cycle =       0.0000
Req_Network_in_buffer_avg_util =       1.1041
Req_Network_out_buffer_full_per_cycle =       0.0000
Req_Network_out_buffer_avg_util =       0.1324

Reply_Network_injected_packets_num = 262144
Reply_Network_cycles = 61889
Reply_Network_injected_packets_per_cycle =        4.2357
Reply_Network_conflicts_per_cycle =        6.7185
Reply_Network_conflicts_per_cycle_util =      10.9939
Reply_Bank_Level_Parallism =       6.9312
Reply_Network_in_buffer_full_per_cycle =       0.0000
Reply_Network_in_buffer_avg_util =       1.3927
Reply_Network_out_buffer_full_per_cycle =       0.0000
Reply_Network_out_buffer_avg_util =       0.2647
----------------------------END-of-Interconnect-DETAILS-------------------------


gpgpu_simulation_time = 0 days, 0 hrs, 0 min, 53 sec (53 sec)
gpgpu_simulation_rate = 633102 (inst/sec)
gpgpu_simulation_rate = 1167 (cycle/sec)
gpgpu_silicon_slowdown = 1113967x
GPGPU-Sim: synchronize waiting for inactive GPU simulation
GPGPU-Sim API: Stream Manager State
GPGPU-Sim: detected inactive GPU simulation thread
GPGPU-Sim PTX: Setting up arguments for 8 bytes starting at 0x7ffe862312c0..
GPGPU-Sim PTX: Setting up arguments for 8 bytes starting at 0x7ffe862312c8..
GPGPU-Sim PTX: Setting up arguments for 4 bytes starting at 0x7ffe862312a8..
GPGPU-Sim PTX: Setting up arguments for 4 bytes starting at 0x7ffe862312ac..

GPGPU-Sim PTX: cudaLaunch for 0x0x5b08efc02030 (mode=performance simulation) on stream 0
GPGPU-Sim PTX: PDOM analysis already done for _Z10bsmm_stagePKfPfii 
GPGPU-Sim PTX: pushing kernel '_Z10bsmm_stagePKfPfii' to stream 0, gridDim= (2048,1,1) blockDim = (128,1,1) 
GPGPU-Sim uArch: Shader 7 bind to kernel 5 '_Z10bsmm_stagePKfPfii'
GPGPU-Sim: Reconfigure L1 cache to 128KB
GPGPU-Sim uArch: Shader 8 bind to kernel 5 '_Z10bsmm_stagePKfPfii'
GPGPU-Sim uArch: Shader 9 bind to kernel 5 '_Z10bsmm_stagePKfPfii'
GPGPU-Sim uArch: Shader 10 bind to kernel 5 '_Z10bsmm_stagePKfPfii'
GPGPU-Sim uArch: Shader 11 bind to kernel 5 '_Z10bsmm_stagePKfPfii'
GPGPU-Sim uArch: Shader 12 bind to kernel 5 '_Z10bsmm_stagePKfPfii'
GPGPU-Sim uArch: Shader 13 bind to kernel 5 '_Z10bsmm_stagePKfPfii'
GPGPU-Sim uArch: Shader 14 bind to kernel 5 '_Z10bsmm_stagePKfPfii'
GPGPU-Sim uArch: Shader 15 bind to kernel 5 '_Z10bsmm_stagePKfPfii'
GPGPU-Sim uArch: Shader 0 bind to kernel 5 '_Z10bsmm_stagePKfPfii'
GPGPU-Sim uArch: Shader 1 bind to kernel 5 '_Z10bsmm_stagePKfPfii'
GPGPU-Sim uArch: Shader 2 bind to kernel 5 '_Z10bsmm_stagePKfPfii'
GPGPU-Sim uArch: Shader 3 bind to kernel 5 '_Z10bsmm_stagePKfPfii'
GPGPU-Sim uArch: Shader 4 bind to kernel 5 '_Z10bsmm_stagePKfPfii'
GPGPU-Sim uArch: Shader 5 bind to kernel 5 '_Z10bsmm_stagePKfPfii'
GPGPU-Sim uArch: Shader 6 bind to kernel 5 '_Z10bsmm_stagePKfPfii'
Destroy streams for kernel 5: size 0
kernel_name = _Z10bsmm_stagePKfPfii 
kernel_launch_uid = 5 
kernel_stream_id = 100094747292024
gpu_sim_cycle = 15497
gpu_sim_insn = 8388608
gpu_ipc =     541.3053
gpu_tot_sim_cycle = 77386
gpu_tot_sim_insn = 41943040
gpu_tot_ipc =     541.9978
gpu_tot_issued_cta = 10240
gpu_occupancy = 92.9952% 
gpu_tot_occupancy = 93.1384% 
max_total_param_size = 0
gpu_stall_dramfull = 0
gpu_stall_icnt2sh    = 0
partiton_level_parallism =       4.2289
partiton_level_parallism_total  =       4.2344
partiton_level_parallism_util =       7.0010
partiton_level_parallism_util_total  =       7.0108
L2_BW  =     175.9242 GB/Sec
L2_BW_total  =     176.1493 GB/Sec
gpu_total_sim_rate=635500

========= Core cache stats =========
L1I_cache:
	L1I_total_cache_accesses = 0
	L1I_total_cache_misses = 0
	L1I_total_cache_pending_hits = 0
	L1I_total_cache_reservation_fails = 0
L1D_cache:
	L1D_cache_core[0]: Access = 30432, Miss = 20288, Miss_rate = 0.667, Pending_hits = 0, Reservation_fails = 12201
	L1D_cache_core[1]: Access = 30672, Miss = 20448, Miss_rate = 0.667, Pending_hits = 0, Reservation_fails = 13007
	L1D_cache_core[2]: Access = 31152, Miss = 20768, Miss_rate = 0.667, Pending_hits = 0, Reservation_fails = 12867
	L1D_cache_core[3]: Access = 30720, Miss = 20480, Miss_rate = 0.667, Pending_hits = 0, Reservation_fails = 11820
	L1D_cache_core[4]: Access = 32064, Miss = 21376, Miss_rate = 0.667, Pending_hits = 0, Reservation_fails = 11496
	L1D_cache_core[5]: Access = 30576, Miss = 20384, Miss_rate = 0.667, Pending_hits = 0, Reservation_fails = 13694
	L1D_cache_core[6]: Access = 31296, Miss = 20864, Miss_rate = 0.667, Pending_hits = 0, Reservation_fails = 12206
	L1D_cache_core[7]: Access = 29520, Miss = 19680, Miss_rate = 0.667, Pending_hits = 0, Reservation_fails = 13524
	L1D_cache_core[8]: Access = 31728, Miss = 21152, Miss_rate = 0.667, Pending_hits = 0, Reservation_fails = 11669
	L1D_cache_core[9]: Access = 31680, Miss = 21120, Miss_rate = 0.667, Pending_hits = 0, Reservation_fails = 11917
	L1D_cache_core[10]: Access = 29280, Miss = 19520, Miss_rate = 0.667, Pending_hits = 0, Reservation_fails = 13637
	L1D_cache_core[11]: Access = 30192, Miss = 20128, Miss_rate = 0.667, Pending_hits = 0, Reservation_fails = 13468
	L1D_cache_core[12]: Access = 30192, Miss = 20128, Miss_rate = 0.667, Pending_hits = 0, Reservation_fails = 13381
	L1D_cache_core[13]: Access = 31776, Miss = 21184, Miss_rate = 0.667, Pending_hits = 0, Reservation_fails = 11949
	L1D_cache_core[14]: Access = 31248, Miss = 20832, Miss_rate = 0.667, Pending_hits = 0, Reservation_fails = 12325
	L1D_cache_core[15]: Access = 28992, Miss = 19328, Miss_rate = 0.667, Pending_hits = 0, Reservation_fails = 14229
	L1D_total_cache_accesses = 491520
	L1D_total_cache_misses = 327680
	L1D_total_cache_miss_rate = 0.6667
	L1D_total_cache_pending_hits = 0
	L1D_total_cache_reservation_fails = 203390
	L1D_cache_data_port_util = 0.198
	L1D_cache_fill_port_util = 0.198
L1C_cache:
	L1C_total_cache_accesses = 0
	L1C_total_cache_misses = 0
	L1C_total_cache_pending_hits = 0
	L1C_total_cache_reservation_fails = 0
L1T_cache:
	L1T_total_cache_accesses = 0
	L1T_total_cache_misses = 0
	L1T_total_cache_pending_hits = 0
	L1T_total_cache_reservation_fails = 0

Total_core_cache_stats:
	Total_core_cache_stats_breakdown[GLOBAL_ACC_R][HIT] = 98304
	Total_core_cache_stats_breakdown[GLOBAL_ACC_R][HIT_RESERVED] = 0
	Total_core_cache_stats_breakdown[GLOBAL_ACC_R][MISS] = 24576
	Total_core_cache_stats_breakdown[GLOBAL_ACC_R][RESERVATION_FAIL] = 89365
	Total_core_cache_stats_breakdown[GLOBAL_ACC_R][SECTOR_MISS] = 73728
	Total_core_cache_stats_breakdown[GLOBAL_ACC_R][MSHR_HIT] = 0
	Total_core_cache_stats_breakdown[LOCAL_ACC_R][HIT] = 0
	Total_core_cache_stats_breakdown[LOCAL_ACC_R][HIT_RESERVED] = 0
	Total_core_cache_stats_breakdown[LOCAL_ACC_R][MISS] = 0
	Total_core_cache_stats_breakdown[LOCAL_ACC_R][RESERVATION_FAIL] = 0
	Total_core_cache_stats_breakdown[LOCAL_ACC_R][SECTOR_MISS] = 0
	Total_core_cache_stats_breakdown[LOCAL_ACC_R][MSHR_HIT] = 0
	Total_core_cache_stats_breakdown[CONST_ACC_R][HIT] = 0
	Total_core_cache_stats_breakdown[CONST_ACC_R][HIT_RESERVED] = 0
	Total_core_cache_stats_breakdown[CONST_ACC_R][MISS] = 0
	Total_core_cache_stats_breakdown[CONST_ACC_R][RESERVATION_FAIL] = 0
	Total_core_cache_stats_breakdown[CONST_ACC_R][SECTOR_MISS] = 0
	Total_core_cache_stats_breakdown[CONST_ACC_R][MSHR_HIT] = 0
	Total_core_cache_stats_breakdown[TEXTURE_ACC_R][HIT] = 0
	Total_core_cache_stats_breakdown[TEXTURE_ACC_R][HIT_RESERVED] = 0
	Total_core_cache_stats_breakdown[TEXTURE_ACC_R][MISS] = 0
	Total_core_cache_stats_breakdown[TEXTURE_ACC_R][RESERVATION_FAIL] = 0
	Total_core_cache_stats_breakdown[TEXTURE_ACC_R][SECTOR_MISS] = 0
	Total_core_cache_stats_breakdown[TEXTURE_ACC_R][MSHR_HIT] = 0
	Total_core_cache_stats_breakdown[GLOBAL_ACC_W][HIT] = 0
	Total_core_cache_stats_breakdown[GLOBAL_ACC_W][HIT_RESERVED] = 0
	Total_core_cache_stats_breakdown[GLOBAL_ACC_W][MISS] = 24576
	Total_core_cache_stats_breakdown[GLOBAL_ACC_W][RESERVATION_FAIL] = 29229
	Total_core_cache_stats_breakdown[GLOBAL_ACC_W][SECTOR_MISS] = 73728
	Total_core_cache_stats_breakdown[GLOBAL_ACC_W][MSHR_HIT] = 0
	Total_core_cache_stats_breakdown[LOCAL_ACC_W][HIT] = 0
	Total_core_cache_stats_breakdown[LOCAL_ACC_W][HIT_RESERVED] = 0
	Total_core_cache_stats_breakdown[LOCAL_ACC_W][MISS] = 0
	Total_core_cache_stats_breakdown[LOCAL_ACC_W][RESERVATION_FAIL] = 0
	Total_core_cache_stats_breakdown[LOCAL_ACC_W][SECTOR_MISS] = 0
	Total_core_cache_stats_breakdown[LOCAL_ACC_W][MSHR_HIT] = 0
	Total_core_cache_stats_breakdown[L1_WRBK_ACC][HIT] = 0
	Total_core_cache_stats_breakdown[L1_WRBK_ACC][HIT_RESERVED] = 0
	Total_core_cache_stats_breakdown[L1_WRBK_ACC][MISS] = 0
	Total_core_cache_stats_breakdown[L1_WRBK_ACC][RESERVATION_FAIL] = 0
	Total_core_cache_stats_breakdown[L1_WRBK_ACC][SECTOR_MISS] = 0
	Total_core_cache_stats_breakdown[L1_WRBK_ACC][MSHR_HIT] = 0
	Total_core_cache_stats_breakdown[L2_WRBK_ACC][HIT] = 0
	Total_core_cache_stats_breakdown[L2_WRBK_ACC][HIT_RESERVED] = 0
	Total_core_cache_stats_breakdown[L2_WRBK_ACC][MISS] = 0
	Total_core_cache_stats_breakdown[L2_WRBK_ACC][RESERVATION_FAIL] = 0
	Total_core_cache_stats_breakdown[L2_WRBK_ACC][SECTOR_MISS] = 0
	Total_core_cache_stats_breakdown[L2_WRBK_ACC][MSHR_HIT] = 0
	Total_core_cache_stats_breakdown[INST_ACC_R][HIT] = 0
	Total_core_cache_stats_breakdown[INST_ACC_R][HIT_RESERVED] = 0
	Total_core_cache_stats_breakdown[INST_ACC_R][MISS] = 0
	Total_core_cache_stats_breakdown[INST_ACC_R][RESERVATION_FAIL] = 0
	Total_core_cache_stats_breakdown[INST_ACC_R][SECTOR_MISS] = 0
	Total_core_cache_stats_breakdown[INST_ACC_R][MSHR_HIT] = 0
	Total_core_cache_stats_breakdown[L1_WR_ALLOC_R][HIT] = 0
	Total_core_cache_stats_breakdown[L1_WR_ALLOC_R][HIT_RESERVED] = 0
	Total_core_cache_stats_breakdown[L1_WR_ALLOC_R][MISS] = 0
	Total_core_cache_stats_breakdown[L1_WR_ALLOC_R][RESERVATION_FAIL] = 0
	Total_core_cache_stats_breakdown[L1_WR_ALLOC_R][SECTOR_MISS] = 0
	Total_core_cache_stats_breakdown[L1_WR_ALLOC_R][MSHR_HIT] = 0
	Total_core_cache_stats_breakdown[L2_WR_ALLOC_R][HIT] = 0
	Total_core_cache_stats_breakdown[L2_WR_ALLOC_R][HIT_RESERVED] = 0
	Total_core_cache_stats_breakdown[L2_WR_ALLOC_R][MISS] = 0
	Total_core_cache_stats_breakdown[L2_WR_ALLOC_R][RESERVATION_FAIL] = 0
	Total_core_cache_stats_breakdown[L2_WR_ALLOC_R][SECTOR_MISS] = 0
	Total_core_cache_stats_breakdown[L2_WR_ALLOC_R][MSHR_HIT] = 0
	Total_core_cache_stats_breakdown[GLOBAL_ACC_R][TOTAL_ACCESS] = 196608
	Total_core_cache_stats_breakdown[GLOBAL_ACC_W][TOTAL_ACCESS] = 98304

Total_core_cache_fail_stats:
	Total_core_cache_fail_stats_breakdown[GLOBAL_ACC_R][MISS_QUEUE_FULL] = 89365
	Total_core_cache_fail_stats_breakdown[GLOBAL_ACC_W][MISS_QUEUE_FULL] = 29229
ctas_completed 10240, Shader 0 warp_id issue ditsribution:
warp_id:
0, 1, 2, 3, 4, 5, 6, 7, 8, 9, 10, 11, 12, 13, 14, 15, 16, 17, 18, 19, 20, 21, 22, 23, 24, 25, 26, 27, 28, 29, 30, 31, 32, 33, 34, 35, 36, 37, 38, 39, 40, 41, 42, 43, 44, 45, 46, 47, 
distro:
1848, 1848, 1848, 1848, 1683, 1683, 1683, 1683, 1782, 1782, 1782, 1782, 1683, 1683, 1683, 1683, 1749, 1749, 1749, 1749, 1815, 1815, 1815, 1815, 1749, 1749, 1749, 1749, 1815, 1815, 1815, 1815, 1749, 1749, 1749, 1749, 1749, 1749, 1749, 1749, 1716, 1716, 1716, 1716, 1584, 1584, 1584, 1584, 
gpgpu_n_tot_thrd_icount = 43253760
gpgpu_n_tot_w_icount = 1351680
gpgpu_n_stall_shd_mem = 3706
gpgpu_n_mem_read_local = 0
gpgpu_n_mem_write_local = 0
gpgpu_n_mem_read_global = 163840
gpgpu_n_mem_write_global = 163840
gpgpu_n_mem_texture = 0
gpgpu_n_mem_const = 0
gpgpu_n_load_insn  = 2621440
gpgpu_n_store_insn = 1310720
gpgpu_n_shmem_insn = 0
gpgpu_n_sstarr_insn = 0
gpgpu_n_tex_insn = 0
gpgpu_n_const_mem_insn = 0
gpgpu_n_param_mem_insn = 5242880
gpgpu_n_shmem_bkconflict = 0
gpgpu_n_l1cache_bkconflict = 3706
gpgpu_n_intrawarp_mshr_merge = 0
gpgpu_n_cmem_portconflict = 0
gpgpu_stall_shd_mem[c_mem][resource_stall] = 0
gpgpu_stall_shd_mem[s_mem][bk_conf] = 0
gpgpu_stall_shd_mem[gl_mem][resource_stall] = 3706
gpgpu_stall_shd_mem[gl_mem][coal_stall] = 0
gpgpu_stall_shd_mem[gl_mem][data_port_stall] = 0
gpu_reg_bank_conflict_stalls = 0
Warp Occupancy Distribution:
Stall:448600	W0_Idle:98118	W0_Scoreboard:1407598	W1:0	W2:0	W3:0	W4:0	W5:0	W6:0	W7:0	W8:0	W9:0	W10:0	W11:0	W12:0	W13:0	W14:0	W15:0	W16:0	W17:0	W18:0	W19:0	W20:0	W21:0	W22:0	W23:0	W24:0	W25:0	W26:0	W27:0	W28:0	W29:0	W30:0	W31:0	W32:1351680
single_issue_nums: WS0:337920	WS1:337920	WS2:337920	WS3:337920	
dual_issue_nums: WS0:0	WS1:0	WS2:0	WS3:0	
traffic_breakdown_coretomem[GLOBAL_ACC_R] = 1310720 {8:163840,}
traffic_breakdown_coretomem[GLOBAL_ACC_W] = 6553600 {40:163840,}
traffic_breakdown_memtocore[GLOBAL_ACC_R] = 6553600 {40:163840,}
traffic_breakdown_memtocore[GLOBAL_ACC_W] = 1310720 {8:163840,}
maxmflatency = 491 
max_icnt2mem_latency = 230 
maxmrqlatency = 0 
max_icnt2sh_latency = 162 
averagemflatency = 267 
avg_icnt2mem_latency = 66 
avg_icnt2sh_latency = 12 
mrq_lat_table:0 	0 	0 	0 	0 	0 	0 	0 	0 	0 	0 	0 	0 	0 	0 	0 	0 	0 	0 	0 	0 	0 	0 	0 	0 	0 	0 	0 	0 	0 	0 	0 	
dq_lat_table:0 	0 	0 	0 	0 	0 	0 	0 	0 	0 	0 	0 	0 	0 	0 	0 	0 	0 	0 	0 	0 	0 	0 	0 	0 	0 	0 	0 	0 	0 	0 	0 	
mf_lat_table:0 	0 	0 	0 	0 	0 	0 	169229 	158451 	0 	0 	0 	0 	0 	0 	0 	0 	0 	0 	0 	0 	0 	0 	0 	0 	0 	0 	0 	0 	0 	0 	0 	
icnt2mem_lat_table:0 	0 	0 	0 	0 	223041 	84857 	19782 	0 	0 	0 	0 	0 	0 	0 	0 	0 	0 	0 	0 	0 	0 	0 	0 	
icnt2sh_lat_table:0 	106139 	64472 	68872 	55764 	28265 	4124 	44 	0 	0 	0 	0 	0 	0 	0 	0 	0 	0 	0 	0 	0 	0 	0 	0 	
mf_lat_pw_table:0 	0 	0 	0 	0 	0 	0 	14 	86 	0 	0 	0 	0 	0 	0 	0 	0 	0 	0 	0 	0 	0 	0 	0 	0 	0 	0 	0 	0 	0 	0 	0 	
maximum concurrent accesses to same row:
dram[0]:         0         0         0         0         0         0         0         0         0         0         0         0         0         0         0         0 
dram[1]:         0         0         0         0         0         0         0         0         0         0         0         0         0         0         0         0 
dram[2]:         0         0         0         0         0         0         0         0         0         0         0         0         0         0         0         0 
dram[3]:         0         0         0         0         0         0         0         0         0         0         0         0         0         0         0         0 
dram[4]:         0         0         0         0         0         0         0         0         0         0         0         0         0         0         0         0 
dram[5]:         0         0         0         0         0         0         0         0         0         0         0         0         0         0         0         0 
dram[6]:         0         0         0         0         0         0         0         0         0         0         0         0         0         0         0         0 
dram[7]:         0         0         0         0         0         0         0         0         0         0         0         0         0         0         0         0 
dram[8]:         0         0         0         0         0         0         0         0         0         0         0         0         0         0         0         0 
dram[9]:         0         0         0         0         0         0         0         0         0         0         0         0         0         0         0         0 
dram[10]:         0         0         0         0         0         0         0         0         0         0         0         0         0         0         0         0 
dram[11]:         0         0         0         0         0         0         0         0         0         0         0         0         0         0         0         0 
dram[12]:         0         0         0         0         0         0         0         0         0         0         0         0         0         0         0         0 
dram[13]:         0         0         0         0         0         0         0         0         0         0         0         0         0         0         0         0 
dram[14]:         0         0         0         0         0         0         0         0         0         0         0         0         0         0         0         0 
dram[15]:         0         0         0         0         0         0         0         0         0         0         0         0         0         0         0         0 
maximum service time to same row:
dram[0]:         0         0         0         0         0         0         0         0         0         0         0         0         0         0         0         0 
dram[1]:         0         0         0         0         0         0         0         0         0         0         0         0         0         0         0         0 
dram[2]:         0         0         0         0         0         0         0         0         0         0         0         0         0         0         0         0 
dram[3]:         0         0         0         0         0         0         0         0         0         0         0         0         0         0         0         0 
dram[4]:         0         0         0         0         0         0         0         0         0         0         0         0         0         0         0         0 
dram[5]:         0         0         0         0         0         0         0         0         0         0         0         0         0         0         0         0 
dram[6]:         0         0         0         0         0         0         0         0         0         0         0         0         0         0         0         0 
dram[7]:         0         0         0         0         0         0         0         0         0         0         0         0         0         0         0         0 
dram[8]:         0         0         0         0         0         0         0         0         0         0         0         0         0         0         0         0 
dram[9]:         0         0         0         0         0         0         0         0         0         0         0         0         0         0         0         0 
dram[10]:         0         0         0         0         0         0         0         0         0         0         0         0         0         0         0         0 
dram[11]:         0         0         0         0         0         0         0         0         0         0         0         0         0         0         0         0 
dram[12]:         0         0         0         0         0         0         0         0         0         0         0         0         0         0         0         0 
dram[13]:         0         0         0         0         0         0         0         0         0         0         0         0         0         0         0         0 
dram[14]:         0         0         0         0         0         0         0         0         0         0         0         0         0         0         0         0 
dram[15]:         0         0         0         0         0         0         0         0         0         0         0         0         0         0         0         0 
average row accesses per activate:
dram[0]:      -nan      -nan      -nan      -nan      -nan      -nan      -nan      -nan      -nan      -nan      -nan      -nan      -nan      -nan      -nan      -nan 
dram[1]:      -nan      -nan      -nan      -nan      -nan      -nan      -nan      -nan      -nan      -nan      -nan      -nan      -nan      -nan      -nan      -nan 
dram[2]:      -nan      -nan      -nan      -nan      -nan      -nan      -nan      -nan      -nan      -nan      -nan      -nan      -nan      -nan      -nan      -nan 
dram[3]:      -nan      -nan      -nan      -nan      -nan      -nan      -nan      -nan      -nan      -nan      -nan      -nan      -nan      -nan      -nan      -nan 
dram[4]:      -nan      -nan      -nan      -nan      -nan      -nan      -nan      -nan      -nan      -nan      -nan      -nan      -nan      -nan      -nan      -nan 
dram[5]:      -nan      -nan      -nan      -nan      -nan      -nan      -nan      -nan      -nan      -nan      -nan      -nan      -nan      -nan      -nan      -nan 
dram[6]:      -nan      -nan      -nan      -nan      -nan      -nan      -nan      -nan      -nan      -nan      -nan      -nan      -nan      -nan      -nan      -nan 
dram[7]:      -nan      -nan      -nan      -nan      -nan      -nan      -nan      -nan      -nan      -nan      -nan      -nan      -nan      -nan      -nan      -nan 
dram[8]:      -nan      -nan      -nan      -nan      -nan      -nan      -nan      -nan      -nan      -nan      -nan      -nan      -nan      -nan      -nan      -nan 
dram[9]:      -nan      -nan      -nan      -nan      -nan      -nan      -nan      -nan      -nan      -nan      -nan      -nan      -nan      -nan      -nan      -nan 
dram[10]:      -nan      -nan      -nan      -nan      -nan      -nan      -nan      -nan      -nan      -nan      -nan      -nan      -nan      -nan      -nan      -nan 
dram[11]:      -nan      -nan      -nan      -nan      -nan      -nan      -nan      -nan      -nan      -nan      -nan      -nan      -nan      -nan      -nan      -nan 
dram[12]:      -nan      -nan      -nan      -nan      -nan      -nan      -nan      -nan      -nan      -nan      -nan      -nan      -nan      -nan      -nan      -nan 
dram[13]:      -nan      -nan      -nan      -nan      -nan      -nan      -nan      -nan      -nan      -nan      -nan      -nan      -nan      -nan      -nan      -nan 
dram[14]:      -nan      -nan      -nan      -nan      -nan      -nan      -nan      -nan      -nan      -nan      -nan      -nan      -nan      -nan      -nan      -nan 
dram[15]:      -nan      -nan      -nan      -nan      -nan      -nan      -nan      -nan      -nan      -nan      -nan      -nan      -nan      -nan      -nan      -nan 
average row locality = 0/0 = -nan
number of total memory accesses made:
dram[0]:         0         0         0         0         0         0         0         0         0         0         0         0         0         0         0         0 
dram[1]:         0         0         0         0         0         0         0         0         0         0         0         0         0         0         0         0 
dram[2]:         0         0         0         0         0         0         0         0         0         0         0         0         0         0         0         0 
dram[3]:         0         0         0         0         0         0         0         0         0         0         0         0         0         0         0         0 
dram[4]:         0         0         0         0         0         0         0         0         0         0         0         0         0         0         0         0 
dram[5]:         0         0         0         0         0         0         0         0         0         0         0         0         0         0         0         0 
dram[6]:         0         0         0         0         0         0         0         0         0         0         0         0         0         0         0         0 
dram[7]:         0         0         0         0         0         0         0         0         0         0         0         0         0         0         0         0 
dram[8]:         0         0         0         0         0         0         0         0         0         0         0         0         0         0         0         0 
dram[9]:         0         0         0         0         0         0         0         0         0         0         0         0         0         0         0         0 
dram[10]:         0         0         0         0         0         0         0         0         0         0         0         0         0         0         0         0 
dram[11]:         0         0         0         0         0         0         0         0         0         0         0         0         0         0         0         0 
dram[12]:         0         0         0         0         0         0         0         0         0         0         0         0         0         0         0         0 
dram[13]:         0         0         0         0         0         0         0         0         0         0         0         0         0         0         0         0 
dram[14]:         0         0         0         0         0         0         0         0         0         0         0         0         0         0         0         0 
dram[15]:         0         0         0         0         0         0         0         0         0         0         0         0         0         0         0         0 
total accesses: 0
min_bank_accesses = 0!
min_chip_accesses = 0!
number of total read accesses:
dram[0]:         0         0         0         0         0         0         0         0         0         0         0         0         0         0         0         0 
dram[1]:         0         0         0         0         0         0         0         0         0         0         0         0         0         0         0         0 
dram[2]:         0         0         0         0         0         0         0         0         0         0         0         0         0         0         0         0 
dram[3]:         0         0         0         0         0         0         0         0         0         0         0         0         0         0         0         0 
dram[4]:         0         0         0         0         0         0         0         0         0         0         0         0         0         0         0         0 
dram[5]:         0         0         0         0         0         0         0         0         0         0         0         0         0         0         0         0 
dram[6]:         0         0         0         0         0         0         0         0         0         0         0         0         0         0         0         0 
dram[7]:         0         0         0         0         0         0         0         0         0         0         0         0         0         0         0         0 
dram[8]:         0         0         0         0         0         0         0         0         0         0         0         0         0         0         0         0 
dram[9]:         0         0         0         0         0         0         0         0         0         0         0         0         0         0         0         0 
dram[10]:         0         0         0         0         0         0         0         0         0         0         0         0         0         0         0         0 
dram[11]:         0         0         0         0         0         0         0         0         0         0         0         0         0         0         0         0 
dram[12]:         0         0         0         0         0         0         0         0         0         0         0         0         0         0         0         0 
dram[13]:         0         0         0         0         0         0         0         0         0         0         0         0         0         0         0         0 
dram[14]:         0         0         0         0         0         0         0         0         0         0         0         0         0         0         0         0 
dram[15]:         0         0         0         0         0         0         0         0         0         0         0         0         0         0         0         0 
total dram reads = 0
min_bank_accesses = 0!
min_chip_accesses = 0!
number of total write accesses:
dram[0]:         0         0         0         0         0         0         0         0         0         0         0         0         0         0         0         0 
dram[1]:         0         0         0         0         0         0         0         0         0         0         0         0         0         0         0         0 
dram[2]:         0         0         0         0         0         0         0         0         0         0         0         0         0         0         0         0 
dram[3]:         0         0         0         0         0         0         0         0         0         0         0         0         0         0         0         0 
dram[4]:         0         0         0         0         0         0         0         0         0         0         0         0         0         0         0         0 
dram[5]:         0         0         0         0         0         0         0         0         0         0         0         0         0         0         0         0 
dram[6]:         0         0         0         0         0         0         0         0         0         0         0         0         0         0         0         0 
dram[7]:         0         0         0         0         0         0         0         0         0         0         0         0         0         0         0         0 
dram[8]:         0         0         0         0         0         0         0         0         0         0         0         0         0         0         0         0 
dram[9]:         0         0         0         0         0         0         0         0         0         0         0         0         0         0         0         0 
dram[10]:         0         0         0         0         0         0         0         0         0         0         0         0         0         0         0         0 
dram[11]:         0         0         0         0         0         0         0         0         0         0         0         0         0         0         0         0 
dram[12]:         0         0         0         0         0         0         0         0         0         0         0         0         0         0         0         0 
dram[13]:         0         0         0         0         0         0         0         0         0         0         0         0         0         0         0         0 
dram[14]:         0         0         0         0         0         0         0         0         0         0         0         0         0         0         0         0 
dram[15]:         0         0         0         0         0         0         0         0         0         0         0         0         0         0         0         0 
total dram writes = 0
min_bank_accesses = 0!
min_chip_accesses = 0!
average mf latency per bank:
dram[0]:     none      none      none      none      none      none      none      none      none      none      none      none      none      none      none      none  
dram[1]:     none      none      none      none      none      none      none      none      none      none      none      none      none      none      none      none  
dram[2]:     none      none      none      none      none      none      none      none      none      none      none      none      none      none      none      none  
dram[3]:     none      none      none      none      none      none      none      none      none      none      none      none      none      none      none      none  
dram[4]:     none      none      none      none      none      none      none      none      none      none      none      none      none      none      none      none  
dram[5]:     none      none      none      none      none      none      none      none      none      none      none      none      none      none      none      none  
dram[6]:     none      none      none      none      none      none      none      none      none      none      none      none      none      none      none      none  
dram[7]:     none      none      none      none      none      none      none      none      none      none      none      none      none      none      none      none  
dram[8]:     none      none      none      none      none      none      none      none      none      none      none      none      none      none      none      none  
dram[9]:     none      none      none      none      none      none      none      none      none      none      none      none      none      none      none      none  
dram[10]:     none      none      none      none      none      none      none      none      none      none      none      none      none      none      none      none  
dram[11]:     none      none      none      none      none      none      none      none      none      none      none      none      none      none      none      none  
dram[12]:     none      none      none      none      none      none      none      none      none      none      none      none      none      none      none      none  
dram[13]:     none      none      none      none      none      none      none      none      none      none      none      none      none      none      none      none  
dram[14]:     none      none      none      none      none      none      none      none      none      none      none      none      none      none      none      none  
dram[15]:     none      none      none      none      none      none      none      none      none      none      none      none      none      none      none      none  
maximum mf latency per bank:
dram[0]:        446       454       446       460       421       415       397       402       416       420       424       402       435       434       381       390
dram[1]:        458       448       456       464       424       422       409       406       437       425       420       393       420       401       387       384
dram[2]:        469       441       434       434       411       415       470       491       471       440       410       442       422       397       402       387
dram[3]:        453       461       430       448       411       408       407       397       387       396       425       426       407       419       403       391
dram[4]:        449       437       448       461       465       463       388       387       391       391       393       417       378       375       403       405
dram[5]:        455       459       448       448       427       424       408       392       398       392       400       400       387       408       405       383
dram[6]:        462       442       443       434       415       436       442       456       402       430       419       403       394       388       385       388
dram[7]:        472       458       449       448       418       434       394       405       425       443       386       376       379       373       411       382
dram[8]:        463       458       454       443       400       404       387       399       394       401       381       377       377       381       412       408
dram[9]:        453       476       451       454       415       420       409       391       392       398       421       419       375       372       380       383
dram[10]:        447       457       448       457       423       427       415       416       417       407       439       447       396       382       391       389
dram[11]:        447       438       466       451       444       443       414       406       415       411       404       419       421       432       370       387
dram[12]:        458       466       448       455       443       426       427       402       423       424       372       380       388       415       400       399
dram[13]:        468       464       463       468       410       417       408       400       395       392       390       386       370       382       388       390
dram[14]:        463       446       448       439       409       414       419       411       420       419       386       411       385       383       398       409
dram[15]:        460       472       446       467       417       416       411       424       406       399       409       438       396       400       434       423
Memory Partition 0: 
Cache L2_bank_000:
MSHR contents

Cache L2_bank_001:
MSHR contents

In Dram Latency Queue (total = 0): 
DRAM[0]: 16 bks, busW=2 BL=16 CL=24, tRRD=12 tCCD=4, tRCD=24 tRAS=55 tRP=24 tRC=78
n_cmd=95241 n_nop=95241 n_act=0 n_pre=0 n_ref_event=0 n_req=0 n_rd=0 n_rd_L2_A=0 n_write=0 n_wr_bk=0 bw_util=0
n_activity=0 dram_eff=-nan
bk0: 0a 95241i bk1: 0a 95241i bk2: 0a 95241i bk3: 0a 95241i bk4: 0a 95241i bk5: 0a 95241i bk6: 0a 95241i bk7: 0a 95241i bk8: 0a 95241i bk9: 0a 95241i bk10: 0a 95241i bk11: 0a 95241i bk12: 0a 95241i bk13: 0a 95241i bk14: 0a 95241i bk15: 0a 95241i 

------------------------------------------------------------------------

Row_Buffer_Locality = -nan
Row_Buffer_Locality_read = -nan
Row_Buffer_Locality_write = -nan
Bank_Level_Parallism = -nan
Bank_Level_Parallism_Col = -nan
Bank_Level_Parallism_Ready = -nan
write_to_read_ratio_blp_rw_average = -nan
GrpLevelPara = -nan 

BW Util details:
bwutil = 0.000000 
total_CMD = 95241 
util_bw = 0 
Wasted_Col = 0 
Wasted_Row = 0 
Idle = 95241 

BW Util Bottlenecks: 
RCDc_limit = 0 
RCDWRc_limit = 0 
WTRc_limit = 0 
RTWc_limit = 0 
CCDLc_limit = 0 
rwq = 0 
CCDLc_limit_alone = 0 
WTRc_limit_alone = 0 
RTWc_limit_alone = 0 

Commands details: 
total_CMD = 95241 
n_nop = 95241 
Read = 0 
Write = 0 
L2_Alloc = 0 
L2_WB = 0 
n_act = 0 
n_pre = 0 
n_ref = 0 
n_req = 0 
total_req = 0 

Dual Bus Interface Util: 
issued_total_row = 0 
issued_total_col = 0 
Row_Bus_Util =  0.000000 
CoL_Bus_Util = 0.000000 
Either_Row_CoL_Bus_Util = 0.000000 
Issued_on_Two_Bus_Simul_Util = 0.000000 
issued_two_Eff = -nan 
queue_avg = 0.000000 


dram_util_bins: 0 0 0 0 0 0 0 0 0 0
dram_eff_bins: 0 0 0 0 0 0 0 0 0 0
mrqq: max=0 avg=0
Memory Partition 1: 
Cache L2_bank_002:
MSHR contents

Cache L2_bank_003:
MSHR contents

In Dram Latency Queue (total = 0): 
DRAM[1]: 16 bks, busW=2 BL=16 CL=24, tRRD=12 tCCD=4, tRCD=24 tRAS=55 tRP=24 tRC=78
n_cmd=95241 n_nop=95241 n_act=0 n_pre=0 n_ref_event=0 n_req=0 n_rd=0 n_rd_L2_A=0 n_write=0 n_wr_bk=0 bw_util=0
n_activity=0 dram_eff=-nan
bk0: 0a 95241i bk1: 0a 95241i bk2: 0a 95241i bk3: 0a 95241i bk4: 0a 95241i bk5: 0a 95241i bk6: 0a 95241i bk7: 0a 95241i bk8: 0a 95241i bk9: 0a 95241i bk10: 0a 95241i bk11: 0a 95241i bk12: 0a 95241i bk13: 0a 95241i bk14: 0a 95241i bk15: 0a 95241i 

------------------------------------------------------------------------

Row_Buffer_Locality = -nan
Row_Buffer_Locality_read = -nan
Row_Buffer_Locality_write = -nan
Bank_Level_Parallism = -nan
Bank_Level_Parallism_Col = -nan
Bank_Level_Parallism_Ready = -nan
write_to_read_ratio_blp_rw_average = -nan
GrpLevelPara = -nan 

BW Util details:
bwutil = 0.000000 
total_CMD = 95241 
util_bw = 0 
Wasted_Col = 0 
Wasted_Row = 0 
Idle = 95241 

BW Util Bottlenecks: 
RCDc_limit = 0 
RCDWRc_limit = 0 
WTRc_limit = 0 
RTWc_limit = 0 
CCDLc_limit = 0 
rwq = 0 
CCDLc_limit_alone = 0 
WTRc_limit_alone = 0 
RTWc_limit_alone = 0 

Commands details: 
total_CMD = 95241 
n_nop = 95241 
Read = 0 
Write = 0 
L2_Alloc = 0 
L2_WB = 0 
n_act = 0 
n_pre = 0 
n_ref = 0 
n_req = 0 
total_req = 0 

Dual Bus Interface Util: 
issued_total_row = 0 
issued_total_col = 0 
Row_Bus_Util =  0.000000 
CoL_Bus_Util = 0.000000 
Either_Row_CoL_Bus_Util = 0.000000 
Issued_on_Two_Bus_Simul_Util = 0.000000 
issued_two_Eff = -nan 
queue_avg = 0.000000 


dram_util_bins: 0 0 0 0 0 0 0 0 0 0
dram_eff_bins: 0 0 0 0 0 0 0 0 0 0
mrqq: max=0 avg=0
Memory Partition 2: 
Cache L2_bank_004:
MSHR contents

Cache L2_bank_005:
MSHR contents

In Dram Latency Queue (total = 0): 
DRAM[2]: 16 bks, busW=2 BL=16 CL=24, tRRD=12 tCCD=4, tRCD=24 tRAS=55 tRP=24 tRC=78
n_cmd=95241 n_nop=95241 n_act=0 n_pre=0 n_ref_event=0 n_req=0 n_rd=0 n_rd_L2_A=0 n_write=0 n_wr_bk=0 bw_util=0
n_activity=0 dram_eff=-nan
bk0: 0a 95241i bk1: 0a 95241i bk2: 0a 95241i bk3: 0a 95241i bk4: 0a 95241i bk5: 0a 95241i bk6: 0a 95241i bk7: 0a 95241i bk8: 0a 95241i bk9: 0a 95241i bk10: 0a 95241i bk11: 0a 95241i bk12: 0a 95241i bk13: 0a 95241i bk14: 0a 95241i bk15: 0a 95241i 

------------------------------------------------------------------------

Row_Buffer_Locality = -nan
Row_Buffer_Locality_read = -nan
Row_Buffer_Locality_write = -nan
Bank_Level_Parallism = -nan
Bank_Level_Parallism_Col = -nan
Bank_Level_Parallism_Ready = -nan
write_to_read_ratio_blp_rw_average = -nan
GrpLevelPara = -nan 

BW Util details:
bwutil = 0.000000 
total_CMD = 95241 
util_bw = 0 
Wasted_Col = 0 
Wasted_Row = 0 
Idle = 95241 

BW Util Bottlenecks: 
RCDc_limit = 0 
RCDWRc_limit = 0 
WTRc_limit = 0 
RTWc_limit = 0 
CCDLc_limit = 0 
rwq = 0 
CCDLc_limit_alone = 0 
WTRc_limit_alone = 0 
RTWc_limit_alone = 0 

Commands details: 
total_CMD = 95241 
n_nop = 95241 
Read = 0 
Write = 0 
L2_Alloc = 0 
L2_WB = 0 
n_act = 0 
n_pre = 0 
n_ref = 0 
n_req = 0 
total_req = 0 

Dual Bus Interface Util: 
issued_total_row = 0 
issued_total_col = 0 
Row_Bus_Util =  0.000000 
CoL_Bus_Util = 0.000000 
Either_Row_CoL_Bus_Util = 0.000000 
Issued_on_Two_Bus_Simul_Util = 0.000000 
issued_two_Eff = -nan 
queue_avg = 0.000000 


dram_util_bins: 0 0 0 0 0 0 0 0 0 0
dram_eff_bins: 0 0 0 0 0 0 0 0 0 0
mrqq: max=0 avg=0
Memory Partition 3: 
Cache L2_bank_006:
MSHR contents

Cache L2_bank_007:
MSHR contents

In Dram Latency Queue (total = 0): 
DRAM[3]: 16 bks, busW=2 BL=16 CL=24, tRRD=12 tCCD=4, tRCD=24 tRAS=55 tRP=24 tRC=78
n_cmd=95241 n_nop=95241 n_act=0 n_pre=0 n_ref_event=0 n_req=0 n_rd=0 n_rd_L2_A=0 n_write=0 n_wr_bk=0 bw_util=0
n_activity=0 dram_eff=-nan
bk0: 0a 95241i bk1: 0a 95241i bk2: 0a 95241i bk3: 0a 95241i bk4: 0a 95241i bk5: 0a 95241i bk6: 0a 95241i bk7: 0a 95241i bk8: 0a 95241i bk9: 0a 95241i bk10: 0a 95241i bk11: 0a 95241i bk12: 0a 95241i bk13: 0a 95241i bk14: 0a 95241i bk15: 0a 95241i 

------------------------------------------------------------------------

Row_Buffer_Locality = -nan
Row_Buffer_Locality_read = -nan
Row_Buffer_Locality_write = -nan
Bank_Level_Parallism = -nan
Bank_Level_Parallism_Col = -nan
Bank_Level_Parallism_Ready = -nan
write_to_read_ratio_blp_rw_average = -nan
GrpLevelPara = -nan 

BW Util details:
bwutil = 0.000000 
total_CMD = 95241 
util_bw = 0 
Wasted_Col = 0 
Wasted_Row = 0 
Idle = 95241 

BW Util Bottlenecks: 
RCDc_limit = 0 
RCDWRc_limit = 0 
WTRc_limit = 0 
RTWc_limit = 0 
CCDLc_limit = 0 
rwq = 0 
CCDLc_limit_alone = 0 
WTRc_limit_alone = 0 
RTWc_limit_alone = 0 

Commands details: 
total_CMD = 95241 
n_nop = 95241 
Read = 0 
Write = 0 
L2_Alloc = 0 
L2_WB = 0 
n_act = 0 
n_pre = 0 
n_ref = 0 
n_req = 0 
total_req = 0 

Dual Bus Interface Util: 
issued_total_row = 0 
issued_total_col = 0 
Row_Bus_Util =  0.000000 
CoL_Bus_Util = 0.000000 
Either_Row_CoL_Bus_Util = 0.000000 
Issued_on_Two_Bus_Simul_Util = 0.000000 
issued_two_Eff = -nan 
queue_avg = 0.000000 


dram_util_bins: 0 0 0 0 0 0 0 0 0 0
dram_eff_bins: 0 0 0 0 0 0 0 0 0 0
mrqq: max=0 avg=0
Memory Partition 4: 
Cache L2_bank_008:
MSHR contents

Cache L2_bank_009:
MSHR contents

In Dram Latency Queue (total = 0): 
DRAM[4]: 16 bks, busW=2 BL=16 CL=24, tRRD=12 tCCD=4, tRCD=24 tRAS=55 tRP=24 tRC=78
n_cmd=95241 n_nop=95241 n_act=0 n_pre=0 n_ref_event=0 n_req=0 n_rd=0 n_rd_L2_A=0 n_write=0 n_wr_bk=0 bw_util=0
n_activity=0 dram_eff=-nan
bk0: 0a 95241i bk1: 0a 95241i bk2: 0a 95241i bk3: 0a 95241i bk4: 0a 95241i bk5: 0a 95241i bk6: 0a 95241i bk7: 0a 95241i bk8: 0a 95241i bk9: 0a 95241i bk10: 0a 95241i bk11: 0a 95241i bk12: 0a 95241i bk13: 0a 95241i bk14: 0a 95241i bk15: 0a 95241i 

------------------------------------------------------------------------

Row_Buffer_Locality = -nan
Row_Buffer_Locality_read = -nan
Row_Buffer_Locality_write = -nan
Bank_Level_Parallism = -nan
Bank_Level_Parallism_Col = -nan
Bank_Level_Parallism_Ready = -nan
write_to_read_ratio_blp_rw_average = -nan
GrpLevelPara = -nan 

BW Util details:
bwutil = 0.000000 
total_CMD = 95241 
util_bw = 0 
Wasted_Col = 0 
Wasted_Row = 0 
Idle = 95241 

BW Util Bottlenecks: 
RCDc_limit = 0 
RCDWRc_limit = 0 
WTRc_limit = 0 
RTWc_limit = 0 
CCDLc_limit = 0 
rwq = 0 
CCDLc_limit_alone = 0 
WTRc_limit_alone = 0 
RTWc_limit_alone = 0 

Commands details: 
total_CMD = 95241 
n_nop = 95241 
Read = 0 
Write = 0 
L2_Alloc = 0 
L2_WB = 0 
n_act = 0 
n_pre = 0 
n_ref = 0 
n_req = 0 
total_req = 0 

Dual Bus Interface Util: 
issued_total_row = 0 
issued_total_col = 0 
Row_Bus_Util =  0.000000 
CoL_Bus_Util = 0.000000 
Either_Row_CoL_Bus_Util = 0.000000 
Issued_on_Two_Bus_Simul_Util = 0.000000 
issued_two_Eff = -nan 
queue_avg = 0.000000 


dram_util_bins: 0 0 0 0 0 0 0 0 0 0
dram_eff_bins: 0 0 0 0 0 0 0 0 0 0
mrqq: max=0 avg=0
Memory Partition 5: 
Cache L2_bank_010:
MSHR contents

Cache L2_bank_011:
MSHR contents

In Dram Latency Queue (total = 0): 
DRAM[5]: 16 bks, busW=2 BL=16 CL=24, tRRD=12 tCCD=4, tRCD=24 tRAS=55 tRP=24 tRC=78
n_cmd=95241 n_nop=95241 n_act=0 n_pre=0 n_ref_event=0 n_req=0 n_rd=0 n_rd_L2_A=0 n_write=0 n_wr_bk=0 bw_util=0
n_activity=0 dram_eff=-nan
bk0: 0a 95241i bk1: 0a 95241i bk2: 0a 95241i bk3: 0a 95241i bk4: 0a 95241i bk5: 0a 95241i bk6: 0a 95241i bk7: 0a 95241i bk8: 0a 95241i bk9: 0a 95241i bk10: 0a 95241i bk11: 0a 95241i bk12: 0a 95241i bk13: 0a 95241i bk14: 0a 95241i bk15: 0a 95241i 

------------------------------------------------------------------------

Row_Buffer_Locality = -nan
Row_Buffer_Locality_read = -nan
Row_Buffer_Locality_write = -nan
Bank_Level_Parallism = -nan
Bank_Level_Parallism_Col = -nan
Bank_Level_Parallism_Ready = -nan
write_to_read_ratio_blp_rw_average = -nan
GrpLevelPara = -nan 

BW Util details:
bwutil = 0.000000 
total_CMD = 95241 
util_bw = 0 
Wasted_Col = 0 
Wasted_Row = 0 
Idle = 95241 

BW Util Bottlenecks: 
RCDc_limit = 0 
RCDWRc_limit = 0 
WTRc_limit = 0 
RTWc_limit = 0 
CCDLc_limit = 0 
rwq = 0 
CCDLc_limit_alone = 0 
WTRc_limit_alone = 0 
RTWc_limit_alone = 0 

Commands details: 
total_CMD = 95241 
n_nop = 95241 
Read = 0 
Write = 0 
L2_Alloc = 0 
L2_WB = 0 
n_act = 0 
n_pre = 0 
n_ref = 0 
n_req = 0 
total_req = 0 

Dual Bus Interface Util: 
issued_total_row = 0 
issued_total_col = 0 
Row_Bus_Util =  0.000000 
CoL_Bus_Util = 0.000000 
Either_Row_CoL_Bus_Util = 0.000000 
Issued_on_Two_Bus_Simul_Util = 0.000000 
issued_two_Eff = -nan 
queue_avg = 0.000000 


dram_util_bins: 0 0 0 0 0 0 0 0 0 0
dram_eff_bins: 0 0 0 0 0 0 0 0 0 0
mrqq: max=0 avg=0
Memory Partition 6: 
Cache L2_bank_012:
MSHR contents

Cache L2_bank_013:
MSHR contents

In Dram Latency Queue (total = 0): 
DRAM[6]: 16 bks, busW=2 BL=16 CL=24, tRRD=12 tCCD=4, tRCD=24 tRAS=55 tRP=24 tRC=78
n_cmd=95241 n_nop=95241 n_act=0 n_pre=0 n_ref_event=0 n_req=0 n_rd=0 n_rd_L2_A=0 n_write=0 n_wr_bk=0 bw_util=0
n_activity=0 dram_eff=-nan
bk0: 0a 95241i bk1: 0a 95241i bk2: 0a 95241i bk3: 0a 95241i bk4: 0a 95241i bk5: 0a 95241i bk6: 0a 95241i bk7: 0a 95241i bk8: 0a 95241i bk9: 0a 95241i bk10: 0a 95241i bk11: 0a 95241i bk12: 0a 95241i bk13: 0a 95241i bk14: 0a 95241i bk15: 0a 95241i 

------------------------------------------------------------------------

Row_Buffer_Locality = -nan
Row_Buffer_Locality_read = -nan
Row_Buffer_Locality_write = -nan
Bank_Level_Parallism = -nan
Bank_Level_Parallism_Col = -nan
Bank_Level_Parallism_Ready = -nan
write_to_read_ratio_blp_rw_average = -nan
GrpLevelPara = -nan 

BW Util details:
bwutil = 0.000000 
total_CMD = 95241 
util_bw = 0 
Wasted_Col = 0 
Wasted_Row = 0 
Idle = 95241 

BW Util Bottlenecks: 
RCDc_limit = 0 
RCDWRc_limit = 0 
WTRc_limit = 0 
RTWc_limit = 0 
CCDLc_limit = 0 
rwq = 0 
CCDLc_limit_alone = 0 
WTRc_limit_alone = 0 
RTWc_limit_alone = 0 

Commands details: 
total_CMD = 95241 
n_nop = 95241 
Read = 0 
Write = 0 
L2_Alloc = 0 
L2_WB = 0 
n_act = 0 
n_pre = 0 
n_ref = 0 
n_req = 0 
total_req = 0 

Dual Bus Interface Util: 
issued_total_row = 0 
issued_total_col = 0 
Row_Bus_Util =  0.000000 
CoL_Bus_Util = 0.000000 
Either_Row_CoL_Bus_Util = 0.000000 
Issued_on_Two_Bus_Simul_Util = 0.000000 
issued_two_Eff = -nan 
queue_avg = 0.000000 


dram_util_bins: 0 0 0 0 0 0 0 0 0 0
dram_eff_bins: 0 0 0 0 0 0 0 0 0 0
mrqq: max=0 avg=0
Memory Partition 7: 
Cache L2_bank_014:
MSHR contents

Cache L2_bank_015:
MSHR contents

In Dram Latency Queue (total = 0): 
DRAM[7]: 16 bks, busW=2 BL=16 CL=24, tRRD=12 tCCD=4, tRCD=24 tRAS=55 tRP=24 tRC=78
n_cmd=95241 n_nop=95241 n_act=0 n_pre=0 n_ref_event=0 n_req=0 n_rd=0 n_rd_L2_A=0 n_write=0 n_wr_bk=0 bw_util=0
n_activity=0 dram_eff=-nan
bk0: 0a 95241i bk1: 0a 95241i bk2: 0a 95241i bk3: 0a 95241i bk4: 0a 95241i bk5: 0a 95241i bk6: 0a 95241i bk7: 0a 95241i bk8: 0a 95241i bk9: 0a 95241i bk10: 0a 95241i bk11: 0a 95241i bk12: 0a 95241i bk13: 0a 95241i bk14: 0a 95241i bk15: 0a 95241i 

------------------------------------------------------------------------

Row_Buffer_Locality = -nan
Row_Buffer_Locality_read = -nan
Row_Buffer_Locality_write = -nan
Bank_Level_Parallism = -nan
Bank_Level_Parallism_Col = -nan
Bank_Level_Parallism_Ready = -nan
write_to_read_ratio_blp_rw_average = -nan
GrpLevelPara = -nan 

BW Util details:
bwutil = 0.000000 
total_CMD = 95241 
util_bw = 0 
Wasted_Col = 0 
Wasted_Row = 0 
Idle = 95241 

BW Util Bottlenecks: 
RCDc_limit = 0 
RCDWRc_limit = 0 
WTRc_limit = 0 
RTWc_limit = 0 
CCDLc_limit = 0 
rwq = 0 
CCDLc_limit_alone = 0 
WTRc_limit_alone = 0 
RTWc_limit_alone = 0 

Commands details: 
total_CMD = 95241 
n_nop = 95241 
Read = 0 
Write = 0 
L2_Alloc = 0 
L2_WB = 0 
n_act = 0 
n_pre = 0 
n_ref = 0 
n_req = 0 
total_req = 0 

Dual Bus Interface Util: 
issued_total_row = 0 
issued_total_col = 0 
Row_Bus_Util =  0.000000 
CoL_Bus_Util = 0.000000 
Either_Row_CoL_Bus_Util = 0.000000 
Issued_on_Two_Bus_Simul_Util = 0.000000 
issued_two_Eff = -nan 
queue_avg = 0.000000 


dram_util_bins: 0 0 0 0 0 0 0 0 0 0
dram_eff_bins: 0 0 0 0 0 0 0 0 0 0
mrqq: max=0 avg=0
Memory Partition 8: 
Cache L2_bank_016:
MSHR contents

Cache L2_bank_017:
MSHR contents

In Dram Latency Queue (total = 0): 
DRAM[8]: 16 bks, busW=2 BL=16 CL=24, tRRD=12 tCCD=4, tRCD=24 tRAS=55 tRP=24 tRC=78
n_cmd=95241 n_nop=95241 n_act=0 n_pre=0 n_ref_event=0 n_req=0 n_rd=0 n_rd_L2_A=0 n_write=0 n_wr_bk=0 bw_util=0
n_activity=0 dram_eff=-nan
bk0: 0a 95241i bk1: 0a 95241i bk2: 0a 95241i bk3: 0a 95241i bk4: 0a 95241i bk5: 0a 95241i bk6: 0a 95241i bk7: 0a 95241i bk8: 0a 95241i bk9: 0a 95241i bk10: 0a 95241i bk11: 0a 95241i bk12: 0a 95241i bk13: 0a 95241i bk14: 0a 95241i bk15: 0a 95241i 

------------------------------------------------------------------------

Row_Buffer_Locality = -nan
Row_Buffer_Locality_read = -nan
Row_Buffer_Locality_write = -nan
Bank_Level_Parallism = -nan
Bank_Level_Parallism_Col = -nan
Bank_Level_Parallism_Ready = -nan
write_to_read_ratio_blp_rw_average = -nan
GrpLevelPara = -nan 

BW Util details:
bwutil = 0.000000 
total_CMD = 95241 
util_bw = 0 
Wasted_Col = 0 
Wasted_Row = 0 
Idle = 95241 

BW Util Bottlenecks: 
RCDc_limit = 0 
RCDWRc_limit = 0 
WTRc_limit = 0 
RTWc_limit = 0 
CCDLc_limit = 0 
rwq = 0 
CCDLc_limit_alone = 0 
WTRc_limit_alone = 0 
RTWc_limit_alone = 0 

Commands details: 
total_CMD = 95241 
n_nop = 95241 
Read = 0 
Write = 0 
L2_Alloc = 0 
L2_WB = 0 
n_act = 0 
n_pre = 0 
n_ref = 0 
n_req = 0 
total_req = 0 

Dual Bus Interface Util: 
issued_total_row = 0 
issued_total_col = 0 
Row_Bus_Util =  0.000000 
CoL_Bus_Util = 0.000000 
Either_Row_CoL_Bus_Util = 0.000000 
Issued_on_Two_Bus_Simul_Util = 0.000000 
issued_two_Eff = -nan 
queue_avg = 0.000000 


dram_util_bins: 0 0 0 0 0 0 0 0 0 0
dram_eff_bins: 0 0 0 0 0 0 0 0 0 0
mrqq: max=0 avg=0
Memory Partition 9: 
Cache L2_bank_018:
MSHR contents

Cache L2_bank_019:
MSHR contents

In Dram Latency Queue (total = 0): 
DRAM[9]: 16 bks, busW=2 BL=16 CL=24, tRRD=12 tCCD=4, tRCD=24 tRAS=55 tRP=24 tRC=78
n_cmd=95241 n_nop=95241 n_act=0 n_pre=0 n_ref_event=0 n_req=0 n_rd=0 n_rd_L2_A=0 n_write=0 n_wr_bk=0 bw_util=0
n_activity=0 dram_eff=-nan
bk0: 0a 95241i bk1: 0a 95241i bk2: 0a 95241i bk3: 0a 95241i bk4: 0a 95241i bk5: 0a 95241i bk6: 0a 95241i bk7: 0a 95241i bk8: 0a 95241i bk9: 0a 95241i bk10: 0a 95241i bk11: 0a 95241i bk12: 0a 95241i bk13: 0a 95241i bk14: 0a 95241i bk15: 0a 95241i 

------------------------------------------------------------------------

Row_Buffer_Locality = -nan
Row_Buffer_Locality_read = -nan
Row_Buffer_Locality_write = -nan
Bank_Level_Parallism = -nan
Bank_Level_Parallism_Col = -nan
Bank_Level_Parallism_Ready = -nan
write_to_read_ratio_blp_rw_average = -nan
GrpLevelPara = -nan 

BW Util details:
bwutil = 0.000000 
total_CMD = 95241 
util_bw = 0 
Wasted_Col = 0 
Wasted_Row = 0 
Idle = 95241 

BW Util Bottlenecks: 
RCDc_limit = 0 
RCDWRc_limit = 0 
WTRc_limit = 0 
RTWc_limit = 0 
CCDLc_limit = 0 
rwq = 0 
CCDLc_limit_alone = 0 
WTRc_limit_alone = 0 
RTWc_limit_alone = 0 

Commands details: 
total_CMD = 95241 
n_nop = 95241 
Read = 0 
Write = 0 
L2_Alloc = 0 
L2_WB = 0 
n_act = 0 
n_pre = 0 
n_ref = 0 
n_req = 0 
total_req = 0 

Dual Bus Interface Util: 
issued_total_row = 0 
issued_total_col = 0 
Row_Bus_Util =  0.000000 
CoL_Bus_Util = 0.000000 
Either_Row_CoL_Bus_Util = 0.000000 
Issued_on_Two_Bus_Simul_Util = 0.000000 
issued_two_Eff = -nan 
queue_avg = 0.000000 


dram_util_bins: 0 0 0 0 0 0 0 0 0 0
dram_eff_bins: 0 0 0 0 0 0 0 0 0 0
mrqq: max=0 avg=0
Memory Partition 10: 
Cache L2_bank_020:
MSHR contents

Cache L2_bank_021:
MSHR contents

In Dram Latency Queue (total = 0): 
DRAM[10]: 16 bks, busW=2 BL=16 CL=24, tRRD=12 tCCD=4, tRCD=24 tRAS=55 tRP=24 tRC=78
n_cmd=95241 n_nop=95241 n_act=0 n_pre=0 n_ref_event=0 n_req=0 n_rd=0 n_rd_L2_A=0 n_write=0 n_wr_bk=0 bw_util=0
n_activity=0 dram_eff=-nan
bk0: 0a 95241i bk1: 0a 95241i bk2: 0a 95241i bk3: 0a 95241i bk4: 0a 95241i bk5: 0a 95241i bk6: 0a 95241i bk7: 0a 95241i bk8: 0a 95241i bk9: 0a 95241i bk10: 0a 95241i bk11: 0a 95241i bk12: 0a 95241i bk13: 0a 95241i bk14: 0a 95241i bk15: 0a 95241i 

------------------------------------------------------------------------

Row_Buffer_Locality = -nan
Row_Buffer_Locality_read = -nan
Row_Buffer_Locality_write = -nan
Bank_Level_Parallism = -nan
Bank_Level_Parallism_Col = -nan
Bank_Level_Parallism_Ready = -nan
write_to_read_ratio_blp_rw_average = -nan
GrpLevelPara = -nan 

BW Util details:
bwutil = 0.000000 
total_CMD = 95241 
util_bw = 0 
Wasted_Col = 0 
Wasted_Row = 0 
Idle = 95241 

BW Util Bottlenecks: 
RCDc_limit = 0 
RCDWRc_limit = 0 
WTRc_limit = 0 
RTWc_limit = 0 
CCDLc_limit = 0 
rwq = 0 
CCDLc_limit_alone = 0 
WTRc_limit_alone = 0 
RTWc_limit_alone = 0 

Commands details: 
total_CMD = 95241 
n_nop = 95241 
Read = 0 
Write = 0 
L2_Alloc = 0 
L2_WB = 0 
n_act = 0 
n_pre = 0 
n_ref = 0 
n_req = 0 
total_req = 0 

Dual Bus Interface Util: 
issued_total_row = 0 
issued_total_col = 0 
Row_Bus_Util =  0.000000 
CoL_Bus_Util = 0.000000 
Either_Row_CoL_Bus_Util = 0.000000 
Issued_on_Two_Bus_Simul_Util = 0.000000 
issued_two_Eff = -nan 
queue_avg = 0.000000 


dram_util_bins: 0 0 0 0 0 0 0 0 0 0
dram_eff_bins: 0 0 0 0 0 0 0 0 0 0
mrqq: max=0 avg=0
Memory Partition 11: 
Cache L2_bank_022:
MSHR contents

Cache L2_bank_023:
MSHR contents

In Dram Latency Queue (total = 0): 
DRAM[11]: 16 bks, busW=2 BL=16 CL=24, tRRD=12 tCCD=4, tRCD=24 tRAS=55 tRP=24 tRC=78
n_cmd=95241 n_nop=95241 n_act=0 n_pre=0 n_ref_event=0 n_req=0 n_rd=0 n_rd_L2_A=0 n_write=0 n_wr_bk=0 bw_util=0
n_activity=0 dram_eff=-nan
bk0: 0a 95241i bk1: 0a 95241i bk2: 0a 95241i bk3: 0a 95241i bk4: 0a 95241i bk5: 0a 95241i bk6: 0a 95241i bk7: 0a 95241i bk8: 0a 95241i bk9: 0a 95241i bk10: 0a 95241i bk11: 0a 95241i bk12: 0a 95241i bk13: 0a 95241i bk14: 0a 95241i bk15: 0a 95241i 

------------------------------------------------------------------------

Row_Buffer_Locality = -nan
Row_Buffer_Locality_read = -nan
Row_Buffer_Locality_write = -nan
Bank_Level_Parallism = -nan
Bank_Level_Parallism_Col = -nan
Bank_Level_Parallism_Ready = -nan
write_to_read_ratio_blp_rw_average = -nan
GrpLevelPara = -nan 

BW Util details:
bwutil = 0.000000 
total_CMD = 95241 
util_bw = 0 
Wasted_Col = 0 
Wasted_Row = 0 
Idle = 95241 

BW Util Bottlenecks: 
RCDc_limit = 0 
RCDWRc_limit = 0 
WTRc_limit = 0 
RTWc_limit = 0 
CCDLc_limit = 0 
rwq = 0 
CCDLc_limit_alone = 0 
WTRc_limit_alone = 0 
RTWc_limit_alone = 0 

Commands details: 
total_CMD = 95241 
n_nop = 95241 
Read = 0 
Write = 0 
L2_Alloc = 0 
L2_WB = 0 
n_act = 0 
n_pre = 0 
n_ref = 0 
n_req = 0 
total_req = 0 

Dual Bus Interface Util: 
issued_total_row = 0 
issued_total_col = 0 
Row_Bus_Util =  0.000000 
CoL_Bus_Util = 0.000000 
Either_Row_CoL_Bus_Util = 0.000000 
Issued_on_Two_Bus_Simul_Util = 0.000000 
issued_two_Eff = -nan 
queue_avg = 0.000000 


dram_util_bins: 0 0 0 0 0 0 0 0 0 0
dram_eff_bins: 0 0 0 0 0 0 0 0 0 0
mrqq: max=0 avg=0
Memory Partition 12: 
Cache L2_bank_024:
MSHR contents

Cache L2_bank_025:
MSHR contents

In Dram Latency Queue (total = 0): 
DRAM[12]: 16 bks, busW=2 BL=16 CL=24, tRRD=12 tCCD=4, tRCD=24 tRAS=55 tRP=24 tRC=78
n_cmd=95241 n_nop=95241 n_act=0 n_pre=0 n_ref_event=0 n_req=0 n_rd=0 n_rd_L2_A=0 n_write=0 n_wr_bk=0 bw_util=0
n_activity=0 dram_eff=-nan
bk0: 0a 95241i bk1: 0a 95241i bk2: 0a 95241i bk3: 0a 95241i bk4: 0a 95241i bk5: 0a 95241i bk6: 0a 95241i bk7: 0a 95241i bk8: 0a 95241i bk9: 0a 95241i bk10: 0a 95241i bk11: 0a 95241i bk12: 0a 95241i bk13: 0a 95241i bk14: 0a 95241i bk15: 0a 95241i 

------------------------------------------------------------------------

Row_Buffer_Locality = -nan
Row_Buffer_Locality_read = -nan
Row_Buffer_Locality_write = -nan
Bank_Level_Parallism = -nan
Bank_Level_Parallism_Col = -nan
Bank_Level_Parallism_Ready = -nan
write_to_read_ratio_blp_rw_average = -nan
GrpLevelPara = -nan 

BW Util details:
bwutil = 0.000000 
total_CMD = 95241 
util_bw = 0 
Wasted_Col = 0 
Wasted_Row = 0 
Idle = 95241 

BW Util Bottlenecks: 
RCDc_limit = 0 
RCDWRc_limit = 0 
WTRc_limit = 0 
RTWc_limit = 0 
CCDLc_limit = 0 
rwq = 0 
CCDLc_limit_alone = 0 
WTRc_limit_alone = 0 
RTWc_limit_alone = 0 

Commands details: 
total_CMD = 95241 
n_nop = 95241 
Read = 0 
Write = 0 
L2_Alloc = 0 
L2_WB = 0 
n_act = 0 
n_pre = 0 
n_ref = 0 
n_req = 0 
total_req = 0 

Dual Bus Interface Util: 
issued_total_row = 0 
issued_total_col = 0 
Row_Bus_Util =  0.000000 
CoL_Bus_Util = 0.000000 
Either_Row_CoL_Bus_Util = 0.000000 
Issued_on_Two_Bus_Simul_Util = 0.000000 
issued_two_Eff = -nan 
queue_avg = 0.000000 


dram_util_bins: 0 0 0 0 0 0 0 0 0 0
dram_eff_bins: 0 0 0 0 0 0 0 0 0 0
mrqq: max=0 avg=0
Memory Partition 13: 
Cache L2_bank_026:
MSHR contents

Cache L2_bank_027:
MSHR contents

In Dram Latency Queue (total = 0): 
DRAM[13]: 16 bks, busW=2 BL=16 CL=24, tRRD=12 tCCD=4, tRCD=24 tRAS=55 tRP=24 tRC=78
n_cmd=95241 n_nop=95241 n_act=0 n_pre=0 n_ref_event=0 n_req=0 n_rd=0 n_rd_L2_A=0 n_write=0 n_wr_bk=0 bw_util=0
n_activity=0 dram_eff=-nan
bk0: 0a 95241i bk1: 0a 95241i bk2: 0a 95241i bk3: 0a 95241i bk4: 0a 95241i bk5: 0a 95241i bk6: 0a 95241i bk7: 0a 95241i bk8: 0a 95241i bk9: 0a 95241i bk10: 0a 95241i bk11: 0a 95241i bk12: 0a 95241i bk13: 0a 95241i bk14: 0a 95241i bk15: 0a 95241i 

------------------------------------------------------------------------

Row_Buffer_Locality = -nan
Row_Buffer_Locality_read = -nan
Row_Buffer_Locality_write = -nan
Bank_Level_Parallism = -nan
Bank_Level_Parallism_Col = -nan
Bank_Level_Parallism_Ready = -nan
write_to_read_ratio_blp_rw_average = -nan
GrpLevelPara = -nan 

BW Util details:
bwutil = 0.000000 
total_CMD = 95241 
util_bw = 0 
Wasted_Col = 0 
Wasted_Row = 0 
Idle = 95241 

BW Util Bottlenecks: 
RCDc_limit = 0 
RCDWRc_limit = 0 
WTRc_limit = 0 
RTWc_limit = 0 
CCDLc_limit = 0 
rwq = 0 
CCDLc_limit_alone = 0 
WTRc_limit_alone = 0 
RTWc_limit_alone = 0 

Commands details: 
total_CMD = 95241 
n_nop = 95241 
Read = 0 
Write = 0 
L2_Alloc = 0 
L2_WB = 0 
n_act = 0 
n_pre = 0 
n_ref = 0 
n_req = 0 
total_req = 0 

Dual Bus Interface Util: 
issued_total_row = 0 
issued_total_col = 0 
Row_Bus_Util =  0.000000 
CoL_Bus_Util = 0.000000 
Either_Row_CoL_Bus_Util = 0.000000 
Issued_on_Two_Bus_Simul_Util = 0.000000 
issued_two_Eff = -nan 
queue_avg = 0.000000 


dram_util_bins: 0 0 0 0 0 0 0 0 0 0
dram_eff_bins: 0 0 0 0 0 0 0 0 0 0
mrqq: max=0 avg=0
Memory Partition 14: 
Cache L2_bank_028:
MSHR contents

Cache L2_bank_029:
MSHR contents

In Dram Latency Queue (total = 0): 
DRAM[14]: 16 bks, busW=2 BL=16 CL=24, tRRD=12 tCCD=4, tRCD=24 tRAS=55 tRP=24 tRC=78
n_cmd=95241 n_nop=95241 n_act=0 n_pre=0 n_ref_event=0 n_req=0 n_rd=0 n_rd_L2_A=0 n_write=0 n_wr_bk=0 bw_util=0
n_activity=0 dram_eff=-nan
bk0: 0a 95241i bk1: 0a 95241i bk2: 0a 95241i bk3: 0a 95241i bk4: 0a 95241i bk5: 0a 95241i bk6: 0a 95241i bk7: 0a 95241i bk8: 0a 95241i bk9: 0a 95241i bk10: 0a 95241i bk11: 0a 95241i bk12: 0a 95241i bk13: 0a 95241i bk14: 0a 95241i bk15: 0a 95241i 

------------------------------------------------------------------------

Row_Buffer_Locality = -nan
Row_Buffer_Locality_read = -nan
Row_Buffer_Locality_write = -nan
Bank_Level_Parallism = -nan
Bank_Level_Parallism_Col = -nan
Bank_Level_Parallism_Ready = -nan
write_to_read_ratio_blp_rw_average = -nan
GrpLevelPara = -nan 

BW Util details:
bwutil = 0.000000 
total_CMD = 95241 
util_bw = 0 
Wasted_Col = 0 
Wasted_Row = 0 
Idle = 95241 

BW Util Bottlenecks: 
RCDc_limit = 0 
RCDWRc_limit = 0 
WTRc_limit = 0 
RTWc_limit = 0 
CCDLc_limit = 0 
rwq = 0 
CCDLc_limit_alone = 0 
WTRc_limit_alone = 0 
RTWc_limit_alone = 0 

Commands details: 
total_CMD = 95241 
n_nop = 95241 
Read = 0 
Write = 0 
L2_Alloc = 0 
L2_WB = 0 
n_act = 0 
n_pre = 0 
n_ref = 0 
n_req = 0 
total_req = 0 

Dual Bus Interface Util: 
issued_total_row = 0 
issued_total_col = 0 
Row_Bus_Util =  0.000000 
CoL_Bus_Util = 0.000000 
Either_Row_CoL_Bus_Util = 0.000000 
Issued_on_Two_Bus_Simul_Util = 0.000000 
issued_two_Eff = -nan 
queue_avg = 0.000000 


dram_util_bins: 0 0 0 0 0 0 0 0 0 0
dram_eff_bins: 0 0 0 0 0 0 0 0 0 0
mrqq: max=0 avg=0
Memory Partition 15: 
Cache L2_bank_030:
MSHR contents

Cache L2_bank_031:
MSHR contents

In Dram Latency Queue (total = 0): 
DRAM[15]: 16 bks, busW=2 BL=16 CL=24, tRRD=12 tCCD=4, tRCD=24 tRAS=55 tRP=24 tRC=78
n_cmd=95241 n_nop=95241 n_act=0 n_pre=0 n_ref_event=0 n_req=0 n_rd=0 n_rd_L2_A=0 n_write=0 n_wr_bk=0 bw_util=0
n_activity=0 dram_eff=-nan
bk0: 0a 95241i bk1: 0a 95241i bk2: 0a 95241i bk3: 0a 95241i bk4: 0a 95241i bk5: 0a 95241i bk6: 0a 95241i bk7: 0a 95241i bk8: 0a 95241i bk9: 0a 95241i bk10: 0a 95241i bk11: 0a 95241i bk12: 0a 95241i bk13: 0a 95241i bk14: 0a 95241i bk15: 0a 95241i 

------------------------------------------------------------------------

Row_Buffer_Locality = -nan
Row_Buffer_Locality_read = -nan
Row_Buffer_Locality_write = -nan
Bank_Level_Parallism = -nan
Bank_Level_Parallism_Col = -nan
Bank_Level_Parallism_Ready = -nan
write_to_read_ratio_blp_rw_average = -nan
GrpLevelPara = -nan 

BW Util details:
bwutil = 0.000000 
total_CMD = 95241 
util_bw = 0 
Wasted_Col = 0 
Wasted_Row = 0 
Idle = 95241 

BW Util Bottlenecks: 
RCDc_limit = 0 
RCDWRc_limit = 0 
WTRc_limit = 0 
RTWc_limit = 0 
CCDLc_limit = 0 
rwq = 0 
CCDLc_limit_alone = 0 
WTRc_limit_alone = 0 
RTWc_limit_alone = 0 

Commands details: 
total_CMD = 95241 
n_nop = 95241 
Read = 0 
Write = 0 
L2_Alloc = 0 
L2_WB = 0 
n_act = 0 
n_pre = 0 
n_ref = 0 
n_req = 0 
total_req = 0 

Dual Bus Interface Util: 
issued_total_row = 0 
issued_total_col = 0 
Row_Bus_Util =  0.000000 
CoL_Bus_Util = 0.000000 
Either_Row_CoL_Bus_Util = 0.000000 
Issued_on_Two_Bus_Simul_Util = 0.000000 
issued_two_Eff = -nan 
queue_avg = 0.000000 


dram_util_bins: 0 0 0 0 0 0 0 0 0 0
dram_eff_bins: 0 0 0 0 0 0 0 0 0 0
mrqq: max=0 avg=0

========= L2 cache stats =========
L2_cache_bank[0]: Access = 10240, Miss = 1024, Miss_rate = 0.100, Pending_hits = 0, Reservation_fails = 0
L2_cache_bank[1]: Access = 10240, Miss = 1024, Miss_rate = 0.100, Pending_hits = 0, Reservation_fails = 0
L2_cache_bank[2]: Access = 10240, Miss = 1024, Miss_rate = 0.100, Pending_hits = 0, Reservation_fails = 0
L2_cache_bank[3]: Access = 10240, Miss = 1024, Miss_rate = 0.100, Pending_hits = 0, Reservation_fails = 0
L2_cache_bank[4]: Access = 10240, Miss = 1024, Miss_rate = 0.100, Pending_hits = 0, Reservation_fails = 0
L2_cache_bank[5]: Access = 10240, Miss = 1024, Miss_rate = 0.100, Pending_hits = 0, Reservation_fails = 0
L2_cache_bank[6]: Access = 10240, Miss = 1024, Miss_rate = 0.100, Pending_hits = 0, Reservation_fails = 0
L2_cache_bank[7]: Access = 10240, Miss = 1024, Miss_rate = 0.100, Pending_hits = 0, Reservation_fails = 0
L2_cache_bank[8]: Access = 10240, Miss = 1024, Miss_rate = 0.100, Pending_hits = 0, Reservation_fails = 0
L2_cache_bank[9]: Access = 10240, Miss = 1024, Miss_rate = 0.100, Pending_hits = 0, Reservation_fails = 0
L2_cache_bank[10]: Access = 10240, Miss = 1024, Miss_rate = 0.100, Pending_hits = 0, Reservation_fails = 0
L2_cache_bank[11]: Access = 10240, Miss = 1024, Miss_rate = 0.100, Pending_hits = 0, Reservation_fails = 0
L2_cache_bank[12]: Access = 10240, Miss = 1024, Miss_rate = 0.100, Pending_hits = 0, Reservation_fails = 0
L2_cache_bank[13]: Access = 10240, Miss = 1024, Miss_rate = 0.100, Pending_hits = 0, Reservation_fails = 0
L2_cache_bank[14]: Access = 10240, Miss = 1024, Miss_rate = 0.100, Pending_hits = 0, Reservation_fails = 0
L2_cache_bank[15]: Access = 10240, Miss = 1024, Miss_rate = 0.100, Pending_hits = 0, Reservation_fails = 0
L2_cache_bank[16]: Access = 10240, Miss = 1024, Miss_rate = 0.100, Pending_hits = 0, Reservation_fails = 0
L2_cache_bank[17]: Access = 10240, Miss = 1024, Miss_rate = 0.100, Pending_hits = 0, Reservation_fails = 0
L2_cache_bank[18]: Access = 10240, Miss = 1024, Miss_rate = 0.100, Pending_hits = 0, Reservation_fails = 0
L2_cache_bank[19]: Access = 10240, Miss = 1024, Miss_rate = 0.100, Pending_hits = 0, Reservation_fails = 0
L2_cache_bank[20]: Access = 10240, Miss = 1024, Miss_rate = 0.100, Pending_hits = 0, Reservation_fails = 0
L2_cache_bank[21]: Access = 10240, Miss = 1024, Miss_rate = 0.100, Pending_hits = 0, Reservation_fails = 0
L2_cache_bank[22]: Access = 10240, Miss = 1024, Miss_rate = 0.100, Pending_hits = 0, Reservation_fails = 0
L2_cache_bank[23]: Access = 10240, Miss = 1024, Miss_rate = 0.100, Pending_hits = 0, Reservation_fails = 0
L2_cache_bank[24]: Access = 10240, Miss = 1024, Miss_rate = 0.100, Pending_hits = 0, Reservation_fails = 0
L2_cache_bank[25]: Access = 10240, Miss = 1024, Miss_rate = 0.100, Pending_hits = 0, Reservation_fails = 0
L2_cache_bank[26]: Access = 10240, Miss = 1024, Miss_rate = 0.100, Pending_hits = 0, Reservation_fails = 0
L2_cache_bank[27]: Access = 10240, Miss = 1024, Miss_rate = 0.100, Pending_hits = 0, Reservation_fails = 0
L2_cache_bank[28]: Access = 10240, Miss = 1024, Miss_rate = 0.100, Pending_hits = 0, Reservation_fails = 0
L2_cache_bank[29]: Access = 10240, Miss = 1024, Miss_rate = 0.100, Pending_hits = 0, Reservation_fails = 0
L2_cache_bank[30]: Access = 10240, Miss = 1024, Miss_rate = 0.100, Pending_hits = 0, Reservation_fails = 0
L2_cache_bank[31]: Access = 10240, Miss = 1024, Miss_rate = 0.100, Pending_hits = 0, Reservation_fails = 0
L2_total_cache_accesses = 327680
L2_total_cache_misses = 32768
L2_total_cache_miss_rate = 0.1000
L2_total_cache_pending_hits = 0
L2_total_cache_reservation_fails = 0
L2_total_cache_breakdown:
	L2_cache_stats_breakdown[GLOBAL_ACC_R][HIT] = 98304
	L2_cache_stats_breakdown[GLOBAL_ACC_R][HIT_RESERVED] = 0
	L2_cache_stats_breakdown[GLOBAL_ACC_R][MISS] = 0
	L2_cache_stats_breakdown[GLOBAL_ACC_R][RESERVATION_FAIL] = 0
	L2_cache_stats_breakdown[GLOBAL_ACC_R][SECTOR_MISS] = 0
	L2_cache_stats_breakdown[GLOBAL_ACC_R][MSHR_HIT] = 0
	L2_cache_stats_breakdown[LOCAL_ACC_R][HIT] = 0
	L2_cache_stats_breakdown[LOCAL_ACC_R][HIT_RESERVED] = 0
	L2_cache_stats_breakdown[LOCAL_ACC_R][MISS] = 0
	L2_cache_stats_breakdown[LOCAL_ACC_R][RESERVATION_FAIL] = 0
	L2_cache_stats_breakdown[LOCAL_ACC_R][SECTOR_MISS] = 0
	L2_cache_stats_breakdown[LOCAL_ACC_R][MSHR_HIT] = 0
	L2_cache_stats_breakdown[CONST_ACC_R][HIT] = 0
	L2_cache_stats_breakdown[CONST_ACC_R][HIT_RESERVED] = 0
	L2_cache_stats_breakdown[CONST_ACC_R][MISS] = 0
	L2_cache_stats_breakdown[CONST_ACC_R][RESERVATION_FAIL] = 0
	L2_cache_stats_breakdown[CONST_ACC_R][SECTOR_MISS] = 0
	L2_cache_stats_breakdown[CONST_ACC_R][MSHR_HIT] = 0
	L2_cache_stats_breakdown[TEXTURE_ACC_R][HIT] = 0
	L2_cache_stats_breakdown[TEXTURE_ACC_R][HIT_RESERVED] = 0
	L2_cache_stats_breakdown[TEXTURE_ACC_R][MISS] = 0
	L2_cache_stats_breakdown[TEXTURE_ACC_R][RESERVATION_FAIL] = 0
	L2_cache_stats_breakdown[TEXTURE_ACC_R][SECTOR_MISS] = 0
	L2_cache_stats_breakdown[TEXTURE_ACC_R][MSHR_HIT] = 0
	L2_cache_stats_breakdown[GLOBAL_ACC_W][HIT] = 98304
	L2_cache_stats_breakdown[GLOBAL_ACC_W][HIT_RESERVED] = 0
	L2_cache_stats_breakdown[GLOBAL_ACC_W][MISS] = 0
	L2_cache_stats_breakdown[GLOBAL_ACC_W][RESERVATION_FAIL] = 0
	L2_cache_stats_breakdown[GLOBAL_ACC_W][SECTOR_MISS] = 0
	L2_cache_stats_breakdown[GLOBAL_ACC_W][MSHR_HIT] = 0
	L2_cache_stats_breakdown[LOCAL_ACC_W][HIT] = 0
	L2_cache_stats_breakdown[LOCAL_ACC_W][HIT_RESERVED] = 0
	L2_cache_stats_breakdown[LOCAL_ACC_W][MISS] = 0
	L2_cache_stats_breakdown[LOCAL_ACC_W][RESERVATION_FAIL] = 0
	L2_cache_stats_breakdown[LOCAL_ACC_W][SECTOR_MISS] = 0
	L2_cache_stats_breakdown[LOCAL_ACC_W][MSHR_HIT] = 0
	L2_cache_stats_breakdown[L1_WRBK_ACC][HIT] = 0
	L2_cache_stats_breakdown[L1_WRBK_ACC][HIT_RESERVED] = 0
	L2_cache_stats_breakdown[L1_WRBK_ACC][MISS] = 0
	L2_cache_stats_breakdown[L1_WRBK_ACC][RESERVATION_FAIL] = 0
	L2_cache_stats_breakdown[L1_WRBK_ACC][SECTOR_MISS] = 0
	L2_cache_stats_breakdown[L1_WRBK_ACC][MSHR_HIT] = 0
	L2_cache_stats_breakdown[L2_WRBK_ACC][HIT] = 0
	L2_cache_stats_breakdown[L2_WRBK_ACC][HIT_RESERVED] = 0
	L2_cache_stats_breakdown[L2_WRBK_ACC][MISS] = 0
	L2_cache_stats_breakdown[L2_WRBK_ACC][RESERVATION_FAIL] = 0
	L2_cache_stats_breakdown[L2_WRBK_ACC][SECTOR_MISS] = 0
	L2_cache_stats_breakdown[L2_WRBK_ACC][MSHR_HIT] = 0
	L2_cache_stats_breakdown[INST_ACC_R][HIT] = 0
	L2_cache_stats_breakdown[INST_ACC_R][HIT_RESERVED] = 0
	L2_cache_stats_breakdown[INST_ACC_R][MISS] = 0
	L2_cache_stats_breakdown[INST_ACC_R][RESERVATION_FAIL] = 0
	L2_cache_stats_breakdown[INST_ACC_R][SECTOR_MISS] = 0
	L2_cache_stats_breakdown[INST_ACC_R][MSHR_HIT] = 0
	L2_cache_stats_breakdown[L1_WR_ALLOC_R][HIT] = 0
	L2_cache_stats_breakdown[L1_WR_ALLOC_R][HIT_RESERVED] = 0
	L2_cache_stats_breakdown[L1_WR_ALLOC_R][MISS] = 0
	L2_cache_stats_breakdown[L1_WR_ALLOC_R][RESERVATION_FAIL] = 0
	L2_cache_stats_breakdown[L1_WR_ALLOC_R][SECTOR_MISS] = 0
	L2_cache_stats_breakdown[L1_WR_ALLOC_R][MSHR_HIT] = 0
	L2_cache_stats_breakdown[L2_WR_ALLOC_R][HIT] = 0
	L2_cache_stats_breakdown[L2_WR_ALLOC_R][HIT_RESERVED] = 0
	L2_cache_stats_breakdown[L2_WR_ALLOC_R][MISS] = 0
	L2_cache_stats_breakdown[L2_WR_ALLOC_R][RESERVATION_FAIL] = 0
	L2_cache_stats_breakdown[L2_WR_ALLOC_R][SECTOR_MISS] = 0
	L2_cache_stats_breakdown[L2_WR_ALLOC_R][MSHR_HIT] = 0
	L2_cache_stats_breakdown[GLOBAL_ACC_R][TOTAL_ACCESS] = 98304
	L2_cache_stats_breakdown[GLOBAL_ACC_W][TOTAL_ACCESS] = 98304
L2_total_cache_reservation_fail_breakdown:
L2_cache_data_port_util = 0.119
L2_cache_fill_port_util = 0.000

icnt_total_pkts_mem_to_simt=327680
icnt_total_pkts_simt_to_mem=327680
LD_mem_lat_dist  0 0 0 0 0 0 0 0 0 0 0 0 0 0 0 0 0 0 0 0 0 0 0 0 0 0 0
ST_mem_lat_dist  0 0 0 0 0 0 0 0 0 0 0 0 0 0 0 0 0 0 0 0 0 0 0 0 0 0 0
----------------------------Interconnect-DETAILS--------------------------------
Req_Network_injected_packets_num = 327680
Req_Network_cycles = 77386
Req_Network_injected_packets_per_cycle =       4.2344 
Req_Network_conflicts_per_cycle =       0.7887
Req_Network_conflicts_per_cycle_util =       1.3059
Req_Bank_Level_Parallism =       7.0108
Req_Network_in_buffer_full_per_cycle =       0.0000
Req_Network_in_buffer_avg_util =       1.0811
Req_Network_out_buffer_full_per_cycle =       0.0000
Req_Network_out_buffer_avg_util =       0.1323

Reply_Network_injected_packets_num = 327680
Reply_Network_cycles = 77386
Reply_Network_injected_packets_per_cycle =        4.2344
Reply_Network_conflicts_per_cycle =        6.7275
Reply_Network_conflicts_per_cycle_util =      11.0108
Reply_Bank_Level_Parallism =       6.9303
Reply_Network_in_buffer_full_per_cycle =       0.0000
Reply_Network_in_buffer_avg_util =       1.3918
Reply_Network_out_buffer_full_per_cycle =       0.0000
Reply_Network_out_buffer_avg_util =       0.2646
----------------------------END-of-Interconnect-DETAILS-------------------------


gpgpu_simulation_time = 0 days, 0 hrs, 1 min, 6 sec (66 sec)
gpgpu_simulation_rate = 635500 (inst/sec)
gpgpu_simulation_rate = 1172 (cycle/sec)
gpgpu_silicon_slowdown = 1109215x
GPGPU-Sim: synchronize waiting for inactive GPU simulation
GPGPU-Sim API: Stream Manager State
GPGPU-Sim: detected inactive GPU simulation thread
MLX_FIG24_SCHEDULE_SUMMARY {"count":262144,"stages":5,"block_threads":128,"ctas_per_stage":2048,"total_ctas":10240,"scalar_fma":3932160,"checksum":152043.255711496,"reference":152043.258497179,"relative_error":1.83216454696e-08}
GPGPU-Sim: *** exit detected ***
