$date
  generated by MLX scope extractor
$end
$version
  mlxsim H199 exact transition subset
$end
$timescale
	1ps
$end
$scope module component_activity $end
$var wire 1 8 clk $end
$var wire 4 a" op_i [3:0] $end
$var wire 1 K rst_n $end
$var wire 1 > valid_i $end
$var wire 128 c" vector_a_i [127:0] $end
$var wire 128 d" vector_b_i [127:0] $end
$var wire 128 e" vector_c_i [127:0] $end
$var wire 256 g" high_precision_result_o [255:0] $end
$var reg 1 2 illegal_o $end
$var reg 1 1 valid_o $end
$var reg 128 h" vector_result_o [127:0] $end
$upscope $end
$enddefinitions $end
#0
$dumpvars
bx h"
bx g"
b1000010000000000100001000000000010000100000000001000010000000000100001000000000010000100000000001000010000000000100001000000000 e"
b1000000000000000100000000000000010000000000000001000000000000000100000000000000010000000000000001000000000000000100000000000000 d"
b111100000000000011110000000000001111000000000000111100000000000011110000000000001111000000000001000000000000000011110000000000 c"
b0 a"
0K
0>
08
x2
x1
$end
#500
02
b0 h"
01
18
#1000
08
#1500
18
#2000
08
#2500
1K
18
#3000
08
#3500
18
#4000
08
#4500
18
#5000
08
#5500
18
#6000
08
#6500
18
#7000
08
#7500
18
#8000
08
#8010
#8020
#8030
#8040
#8050
#8500
18
#9000
08
#9500
18
#10000
08
#10500
18
#11000
08
#11500
18
#12000
08
#12500
18
#13000
08
#13500
18
#14000
08
#14500
18
#15000
08
#15500
18
#16000
08
#16500
18
#17000
08
#17500
18
#18000
08
#18500
18
#19000
1>
b10 a"
b111100000011100011110000001101001111000000110000111100000010110011110000001010001111000000100100111100000010000011110000000111 e"
b111100000010100011110000001001001111000000100000111100000001110011110000000110001111000000010100111100000001000011110000000011 d"
b111100000010000011110000000111001111000000011000111100000001010011110000000100001111000000001100111100000000100011110000000001 c"
08
#19500
b1000000000100000100000000001110010000000000110101000000000010110100000000001010010000000000100001000000000001110100000000000101 h"
11
18
#19510
0>
#20000
1>
b111100000101010011110000010100001111000001001100111100000100100011110000010001001111000001000000111100000011110011110000001110 e"
b111100000011010011110000001100001111000000101100111100000010100011110000001001001111000000100000111100000001110011110000000110 d"
b111100000010010011110000001000001111000000011100111100000001100011110000000101001111000000010000111100000000110011110000000010 c"
08
#20500
b1000000000101010100000000010100010000000001001001000000000100010100000000001111010000000000111001000000000011000100000000001011 h"
18
#20510
0>
#21000
1>
b111100000111000011110000011011001111000001101000111100000110010011110000011000001111000001011100111100000101100011110000010101 e"
b111100000100000011110000001111001111000000111000111100000011010011110000001100001111000000101100111100000010100011110000001001 d"
b111100000010100011110000001001001111000000100000111100000001110011110000000110001111000000010100111100000001000011110000000011 c"
08
#21500
b1000000000110110100000000011001010000000001100001000000000101100100000000010101010000000001001101000000000100100100000000010000 h"
18
#21510
0>
#22000
08
#22500
01
18
#23000
08
#23500
18
#24000
1>
b111100001000110011110000100010001111000010000100111100001000000011110000011111001111000001111000111100000111010011110000011100 e"
b111100000100110011110000010010001111000001000100111100000100000011110000001111001111000000111000111100000011010011110000001100 d"
b111100000010110011110000001010001111000000100100111100000010000011110000000111001111000000011000111100000001010011110000000100 c"
08
#24500
b1000000001000000100000000011111010000000001110101000000000111000100000000011010010000000001100101000000000101110100000000010110 h"
11
18
#24510
0>
#25000
1>
b111100001010100011110000101001001111000010100000111100001001110011110000100110001111000010010100111100001001000011110000100011 e"
b111100000101100011110000010101001111000001010000111100000100110011110000010010001111000001000100111100000100000011110000001111 d"
b111100000011000011110000001011001111000000101000111100000010010011110000001000001111000000011100111100000001100011110000000101 c"
08
#25500
b1000000001001100100000000100100010000000010001101000000001000010100000000100000010000000001111001000000000111010100000000011011 h"
18
#25510
0>
#26000
1>
b111100001100010011110000110000001111000010111100111100001011100011110000101101001111000010110000111100001010110011110000101010 e"
b111100000110010011110000011000001111000001011100111100000101100011110000010101001111000001010000111100000100110011110000010010 d"
b111100000011010011110000001100001111000000101100111100000010100011110000001001001111000000100000111100000001110011110000000110 c"
08
#26500
b1000000001010110100000000101010010000000010100001000000001001110100000000100101010000000010010001000000001000100100000000100001 h"
18
#26510
0>
#27000
1>
b111100001110000011110000110111001111000011011000111100001101010011110000110100001111000011001100111100001100100011110000110001 e"
b111100000111000011110000011011001111000001101000111100000110010011110000011000001111000001011100111100000101100011110000010101 d"
b111100000011100011110000001101001111000000110000111100000010110011110000001010001111000000100100111100000010000011110000000111 c"
08
#27500
b1000000001100010100000000101111010000000010111001000000001011000100000000101011010000000010100101000000001010000100000000100110 h"
18
#27510
0>
#28000
08
#28500
01
18
#29000
08
#29500
18
#30000
1>
b111100001111110011110000111110001111000011110100111100001111000011110000111011001111000011101000111100001110010011110000111000 e"
b111100000111110011110000011110001111000001110100111100000111000011110000011011001111000001101000111100000110010011110000011000 d"
b111100000011110011110000001110001111000000110100111100000011000011110000001011001111000000101000111100000010010011110000001000 c"
08
#30500
b1000000001101100100000000110101010000000011001101000000001100100100000000110000010000000010111101000000001011010100000000101100 h"
11
18
#30510
0>
#31000
1>
b111100010001100011110001000101001111000100010000111100010000110011110001000010001111000100000100111100010000000011110000111111 e"
b111100001000100011110000100001001111000010000000111100000111110011110000011110001111000001110100111100000111000011110000011011 d"
b111100000100000011110000001111001111000000111000111100000011010011110000001100001111000000101100111100000010100011110000001001 c"
08
#31500
b1000000001111000100000000111010010000000011100101000000001101110100000000110110010000000011010001000000001100110100000000110001 h"
18
#31510
0>
#32000
1>
b111100010011010011110001001100001111000100101100111100010010100011110001001001001111000100100000111100010001110011110001000110 e"
b111100001001010011110000100100001111000010001100111100001000100011110000100001001111000010000000111100000111110011110000011110 d"
b111100000100010011110000010000001111000000111100111100000011100011110000001101001111000000110000111100000010110011110000001010 c"
08
#32500
b1000000010000010100000001000000010000000011111001000000001111010100000000111011010000000011101001000000001110000100000000110111 h"
18
#32510
0>
#33000
1>
b111100010101000011110001010011001111000101001000111100010100010011110001010000001111000100111100111100010011100011110001001101 e"
b111100001010000011110000100111001111000010011000111100001001010011110000100100001111000010001100111100001000100011110000100001 d"
b111100000100100011110000010001001111000001000000111100000011110011110000001110001111000000110100111100000011000011110000001011 c"
08
#33500
b1000000010001110100000001000101010000000100010001000000010000100100000001000001010000000011111101000000001111100100000000111100 h"
18
#33510
0>
#34000
08
#34500
01
18
#35000
08
#35500
18
#36000
1>
b111100010110110011110001011010001111000101100100111100010110000011110001010111001111000101011000111100010101010011110001010100 e"
b111100001010110011110000101010001111000010100100111100001010000011110000100111001111000010011000111100001001010011110000100100 d"
b111100000100110011110000010010001111000001000100111100000100000011110000001111001111000000111000111100000011010011110000001100 c"
08
#36500
b1000000010011000100000001001011010000000100100101000000010010000100000001000110010000000100010101000000010000110100000001000010 h"
11
18
#36510
0>
#37000
1>
b111100011000100011110001100001001111000110000000111100010111110011110001011110001111000101110100111100010111000011110001011011 e"
b111100001011100011110000101101001111000010110000111100001010110011110000101010001111000010100100111100001010000011110000100111 d"
b111100000101000011110000010011001111000001001000111100000100010011110000010000001111000000111100111100000011100011110000001101 c"
08
#37500
b1000000010100100100000001010000010000000100111101000000010011010100000001001100010000000100101001000000010010010100000001000111 h"
18
#37510
0>
#38000
1>
b111100011010010011110001101000001111000110011100111100011001100011110001100101001111000110010000111100011000110011110001100010 e"
b111100001100010011110000110000001111000010111100111100001011100011110000101101001111000010110000111100001010110011110000101010 d"
b111100000101010011110000010100001111000001001100111100000100100011110000010001001111000001000000111100000011110011110000001110 c"
08
#38500
b1000000010110000100000001010110010000000101010001000000010100110100000001010001010000000101000001000000010011100100000001001101 h"
18
#38510
0>
#39000
1>
b111100011100000011110001101111001111000110111000111100011011010011110001101100001111000110101100111100011010100011110001101001 e"
b111100001101000011110000110011001111000011001000111100001100010011110000110000001111000010111100111100001011100011110000101101 d"
b111100000101100011110000010101001111000001010000111100000100110011110000010010001111000001000100111100000100000011110000001111 c"
08
#39500
b1000000010111010100000001011100010000000101101001000000010110000100000001010111010000000101010101000000010101000100000001010010 h"
18
#39510
0>
#40000
08
#40500
01
18
#41000
08
#41500
18
#42000
1>
b111100011101110011110001110110001111000111010100111100011101000011110001110011001111000111001000111100011100010011110001110000 e"
b111100001101110011110000110110001111000011010100111100001101000011110000110011001111000011001000111100001100010011110000110000 d"
b111100000101110011110000010110001111000001010100111100000101000011110000010011001111000001001000111100000100010011110000010000 c"
08
#42500
b1000000011000110100000001100001010000000110000001000000010111100100000001011100010000000101101101000000010110010100000001011000 h"
11
18
#42510
0>
#43000
1>
b111100011111100011110001111101001111000111110000111100011110110011110001111010001111000111100100111100011110000011110001110111 e"
b111100001110100011110000111001001111000011100000111100001101110011110000110110001111000011010100111100001101000011110000110011 d"
b111100000110000011110000010111001111000001011000111100000101010011110000010100001111000001001100111100000100100011110000010001 c"
08
#43500
b1000000011010000100000001100111010000000110010101000000011001000100000001100010010000000110000001000000010111110100000001011101 h"
18
#43510
0>
#44000
1>
b111100100001010011110010000100001111001000001100111100100000100011110010000001001111001000000000111100011111110011110001111110 e"
b111100001111010011110000111100001111000011101100111100001110100011110000111001001111000011100000111100001101110011110000110110 d"
b111100000110010011110000011000001111000001011100111100000101100011110000010101001111000001010000111100000100110011110000010010 c"
08
#44500
b1000000011011100100000001101100010000000110101101000000011010010100000001101000010000000110011001000000011001010100000001100011 h"
18
#44510
0>
#45000
1>
b111100100011000011110010001011001111001000101000111100100010010011110010001000001111001000011100111100100001100011110010000101 e"
b111100010000000011110000111111001111000011111000111100001111010011110000111100001111000011101100111100001110100011110000111001 d"
b111100000110100011110000011001001111000001100000111100000101110011110000010110001111000001010100111100000101000011110000010011 c"
08
#45500
b1000000011100110100000001110010010000000111000001000000011011110100000001101101010000000110110001000000011010100100000001101001 h"
18
#45510
0>
#46000
08
#46500
01
18
#47000
08
#47500
18
#48000
1>
b111100100100110011110010010010001111001001000100111100100100000011110010001111001111001000111000111100100011010011110010001100 e"
b111100010000110011110001000010001111000100000100111100010000000011110000111111001111000011111000111100001111010011110000111100 d"
b111100000110110011110000011010001111000001100100111100000110000011110000010111001111000001011000111100000101010011110000010100 c"
08
#48500
b1000000011110010100000001110111010000000111011001000000011101000100000001110011010000000111000101000000011100000100000001101110 h"
11
18
#48510
0>
#49000
1>
b111100100110100011110010011001001111001001100000111100100101110011110010010110001111001001010100111100100101000011110010010011 e"
b111100010001100011110001000101001111000100010000111100010000110011110001000010001111000100000100111100010000000011110000111111 d"
b111100000111000011110000011011001111000001101000111100000110010011110000011000001111000001011100111100000101100011110000010101 c"
08
#49500
b1000000011111100100000001111101010000000111101101000000011110100100000001111000010000000111011101000000011101010100000001110100 h"
18
#49510
0>
#50000
1>
b111100101000010011110010100000001111001001111100111100100111100011110010011101001111001001110000111100100110110011110010011010 e"
b111100010010010011110001001000001111000100011100111100010001100011110001000101001111000100010000111100010000110011110001000010 d"
b111100000111010011110000011100001111000001101100111100000110100011110000011001001111000001100000111100000101110011110000010110 c"
08
#50500
b1000000100001000100000010000010010000001000000101000000011111110100000001111110010000000111110001000000011110110100000001111001 h"
18
#50510
0>
#51000
1>
b111100101010000011110010100111001111001010011000111100101001010011110010100100001111001010001100111100101000100011110010100001 e"
b111100010011000011110001001011001111000100101000111100010010010011110001001000001111000100011100111100010001100011110001000101 d"
b111100000111100011110000011101001111000001110000111100000110110011110000011010001111000001100100111100000110000011110000010111 c"
08
#51500
b1000000100010100100000010001000010000001000011101000000100001010100000010000011010000001000001001000000100000000100000001111111 h"
18
#51510
0>
#52000
08
#52500
01
18
#53000
08
#53500
18
#54000
1>
b111100101011110011110010101110001111001010110100111100101011000011110010101011001111001010101000111100101010010011110010101000 e"
b111100010011110011110001001110001111000100110100111100010011000011110001001011001111000100101000111100010010010011110001001000 d"
b111100000111110011110000011110001111000001110100111100000111000011110000011011001111000001101000111100000110010011110000011000 c"
08
#54500
b1000000100011110100000010001110010000001000110001000000100010110100000010001001010000001000011101000000100001100100000010000100 h"
11
18
#54510
0>
#55000
1>
b111100101101100011110010110101001111001011010000111100101100110011110010110010001111001011000100111100101100000011110010101111 e"
b111100010100100011110001010001001111000101000000111100010011110011110001001110001111000100110100111100010011000011110001001011 d"
b111100001000000011110000011111001111000001111000111100000111010011110000011100001111000001101100111100000110100011110000011001 c"
08
#55500
b1000000100101010100000010010011010000001001001001000000100100000100000010001111010000001000110101000000100010110100000010001010 h"
18
#55510
0>
#56000
1>
b111100101111010011110010111100001111001011101100111100101110100011110010111001001111001011100000111100101101110011110010110110 e"
b111100010101010011110001010100001111000101001100111100010100100011110001010001001111000101000000111100010011110011110001001110 d"
b111100001000010011110000100000001111000001111100111100000111100011110000011101001111000001110000111100000110110011110000011010 c"
08
#56500
b1000000100110100100000010011001010000001001011101000000100101100100000010010100010000001001001101000000100100010100000010001111 h"
18
#56510
0>
#57000
1>
b111100110001000011110011000011001111001100001000111100110000010011110011000000001111001011111100111100101111100011110010111101 e"
b111100010110000011110001010111001111000101011000111100010101010011110001010100001111000101001100111100010100100011110001010001 d"
b111100001000100011110000100001001111000010000000111100000111110011110000011110001111000001110100111100000111000011110000011011 c"
08
#57500
b1000000101000000100000010011110010000001001110101000000100110110100000010011010010000001001100001000000100101110100000010010101 h"
18
#57510
0>
#58000
08
#58500
01
18
#59000
08
#59500
18
#60000
1>
b111100110010110011110011001010001111001100100100111100110010000011110011000111001111001100011000111100110001010011110011000100 e"
b111100010110110011110001011010001111000101100100111100010110000011110001010111001111000101011000111100010101010011110001010100 d"
b111100001000110011110000100010001111000010000100111100001000000011110000011111001111000001111000111100000111010011110000011100 c"
08
#60500
b1000000101001100100000010100100010000001010001001000000101000010100000010011111010000001001111001000000100111000100000010011011 h"
11
18
#60510
0>
#61000
1>
b111100110100100011110011010001001111001101000000111100110011110011110011001110001111001100110100111100110011000011110011001011 e"
b111100010111100011110001011101001111000101110000111100010110110011110001011010001111000101100100111100010110000011110001010111 d"
b111100001001000011110000100011001111000010001000111100001000010011110000100000001111000001111100111100000111100011110000011101 c"
08
#61500
b1000000101010110100000010101010010000001010100001000000101001100100000010100101010000001010001101000000101000100100000010100000 h"
18
#61510
0>
#62000
1>
b111100110110010011110011011000001111001101011100111100110101100011110011010101001111001101010000111100110100110011110011010010 e"
b111100011000010011110001100000001111000101111100111100010111100011110001011101001111000101110000111100010110110011110001011010 d"
b111100001001010011110000100100001111000010001100111100001000100011110000100001001111000010000000111100000111110011110000011110 c"
08
#62500
b1000000101100010100000010101111010000001010111001000000101011000100000010101010010000001010100101000000101001110100000010100110 h"
18
#62510
0>
#63000
1>
b111100111000000011110011011111001111001101111000111100110111010011110011011100001111001101101100111100110110100011110011011001 e"
b111100011001000011110001100011001111000110001000111100011000010011110001100000001111000101111100111100010111100011110001011101 d"
b111100001001100011110000100101001111000010010000111100001000110011110000100010001111000010000100111100001000000011110000011111 c"
08
#63500
b1000000101101100100000010110101010000001011001101000000101100100100000010110000010000001010111101000000101011010100000010101011 h"
18
#63510
0>
#64000
08
#64500
01
18
#65000
08
#65500
18
#66000
1>
b111100111001110011110011100110001111001110010100111100111001000011110011100011001111001110001000111100111000010011110011100000 e"
b111100011001110011110001100110001111000110010100111100011001000011110001100011001111000110001000111100011000010011110001100000 d"
b111100001001110011110000100110001111000010010100111100001001000011110000100011001111000010001000111100001000010011110000100000 c"
08
#66500
b1000000101111000100000010111010010000001011100101000000101101110100000010110110010000001011010001000000101100110100000010110001 h"
11
18
#66510
0>
#67000
1>
b111100111011100011110011101101001111001110110000111100111010110011110011101010001111001110100100111100111010000011110011100111 e"
b111100011010100011110001101001001111000110100000111100011001110011110001100110001111000110010100111100011001000011110001100011 d"
b111100001010000011110000100111001111000010011000111100001001010011110000100100001111000010001100111100001000100011110000100001 c"
08
#67500
b1000000110000100100000011000000010000001011111001000000101111010100000010111011010000001011101001000000101110000100000010110111 h"
18
#67510
0>
#68000
1>
b111100111101010011110011110100001111001111001100111100111100100011110011110001001111001111000000111100111011110011110011101110 e"
b111100011011010011110001101100001111000110101100111100011010100011110001101001001111000110100000111100011001110011110001100110 d"
b111100001010010011110000101000001111000010011100111100001001100011110000100101001111000010010000111100001000110011110000100010 c"
08
#68500
b1000000110001110100000011000110010000001100010001000000110000100100000011000001010000001011111101000000101111100100000010111100 h"
18
#68510
0>
#69000
1>
b111100111111000011110011111011001111001111101000111100111110010011110011111000001111001111011100111100111101100011110011110101 e"
b111100011100000011110001101111001111000110111000111100011011010011110001101100001111000110101100111100011010100011110001101001 d"
b111100001010100011110000101001001111000010100000111100001001110011110000100110001111000010010100111100001001000011110000100011 c"
08
#69500
b1000000110011010100000011001011010000001100101001000000110010000100000011000111010000001100010101000000110000110100000011000010 h"
18
#69510
0>
#70000
08
#70500
01
18
#71000
08
#71500
18
#72000
1>
b111101000000110011110100000010001111010000000100111101000000000011110011111111001111001111111000111100111111010011110011111100 e"
b111100011100110011110001110010001111000111000100111100011100000011110001101111001111000110111000111100011011010011110001101100 d"
b111100001010110011110000101010001111000010100100111100001010000011110000100111001111000010011000111100001001010011110000100100 c"
08
#72500
b1000000110100100100000011010001010000001100111101000000110011100100000011001100010000001100101101000000110010010100000011000111 h"
11
18
#72510
0>
#73000
1>
b111101000010100011110100001001001111010000100000111101000001110011110100000110001111010000010100111101000001000011110100000011 e"
b111100011101100011110001110101001111000111010000111100011100110011110001110010001111000111000100111100011100000011110001101111 d"
b111100001011000011110000101011001111000010101000111100001010010011110000101000001111000010011100111100001001100011110000100101 c"
08
#73500
b1000000110110000100000011010110010000001101010101000000110100110100000011010010010000001101000001000000110011110100000011001101 h"
18
#73510
0>
#74000
1>
b111101000100010011110100010000001111010000111100111101000011100011110100001101001111010000110000111101000010110011110100001010 e"
b111100011110010011110001111000001111000111011100111100011101100011110001110101001111000111010000111100011100110011110001110010 d"
b111100001011010011110000101100001111000010101100111100001010100011110000101001001111000010100000111100001001110011110000100110 c"
08
#74500
b1000000110111100100000011011100010000001101101001000000110110010100000011010111010000001101011001000000110101000100000011010011 h"
18
#74510
0>
#75000
1>
b111101000110000011110100010111001111010001011000111101000101010011110100010100001111010001001100111101000100100011110100010001 e"
b111100011111000011110001111011001111000111101000111100011110010011110001111000001111000111011100111100011101100011110001110101 d"
b111100001011100011110000101101001111000010110000111100001010110011110000101010001111000010100100111100001010000011110000100111 c"
08
#75500
b1000000111000110100000011100010010000001110000001000000110111110100000011011101010000001101101101000000110110100100000011011000 h"
18
#75510
0>
#76000
08
#76500
01
18
#77000
08
#77500
18
#78000
1>
b111101000111110011110100011110001111010001110100111101000111000011110100011011001111010001101000111101000110010011110100011000 e"
b111100011111110011110001111110001111000111110100111100011111000011110001111011001111000111101000111100011110010011110001111000 d"
b111100001011110011110000101110001111000010110100111100001011000011110000101011001111000010101000111100001010010011110000101000 c"
08
#78500
b1000000111010010100000011100111010000001110011001000000111001000100000011100011010000001110000101000000110111110100000011011110 h"
11
18
#78510
0>
#79000
1>
b111101001001100011110100100101001111010010010000111101001000110011110100100010001111010010000100111101001000000011110100011111 e"
b111100100000100011110010000001001111001000000000111100011111110011110001111110001111000111110100111100011111000011110001111011 d"
b111100001100000011110000101111001111000010111000111100001011010011110000101100001111000010101100111100001010100011110000101001 c"
08
#79500
b1000000111011110100000011101101010000001110101101000000111010100100000011101000010000001110011101000000111001010100000011100011 h"
18
#79510
0>
#80000
1>
b111101001011010011110100101100001111010010101100111101001010100011110100101001001111010010100000111101001001110011110100100110 e"
b111100100001010011110010000100001111001000001100111100100000100011110010000001001111001000000000111100011111110011110001111110 d"
b111100001100010011110000110000001111000010111100111100001011100011110000101101001111000010110000111100001010110011110000101010 c"
08
#80500
b1000000111101000100000011110011010000001111000101000000111011110100000011101110010000001110110001000000111010110100000011101001 h"
18
#80510
0>
#81000
1>
b111101001101000011110100110011001111010011001000111101001100010011110100110000001111010010111100111101001011100011110100101101 e"
b111100100010000011110010000111001111001000011000111100100001010011110010000100001111001000001100111100100000100011110010000001 d"
b111100001100100011110000110001001111000011000000111100001011110011110000101110001111000010110100111100001011000011110000101011 c"
08
#81500
b1000000111110100100000011111000010000001111011101000000111101010100000011110011010000001111001001000000111100000100000011101111 h"
18
#81510
0>
#82000
08
#82500
01
18
#83000
08
#83500
18
#84000
1>
b111101001110110011110100111010001111010011100100111101001110000011110100110111001111010011011000111101001101010011110100110100 e"
b111100100010110011110010001010001111001000100100111100100010000011110010000111001111001000011000111100100001010011110010000100 d"
b111100001100110011110000110010001111000011000100111100001100000011110000101111001111000010111000111100001011010011110000101100 c"
08
#84500
b1000000111111110100000011111110010000001111110001000000111110110100000011111001010000001111100001000000111101100100000011110100 h"
11
18
#84510
0>
#85000
1>
b111101010000100011110101000001001111010100000000111101001111110011110100111110001111010011110100111101001111000011110100111011 e"
b111100100011100011110010001101001111001000110000111100100010110011110010001010001111001000100100111100100010000011110010000111 d"
b111100001101000011110000110011001111000011001000111100001100010011110000110000001111000010111100111100001011100011110000101101 c"
08
#85500
b1000001000001010100000100000100010000010000001001000001000000000100000011111111010000001111110101000000111111000100000011111010 h"
18
#85510
0>
#86000
1>
b111101010010010011110101001000001111010100011100111101010001100011110101000101001111010100010000111101010000110011110101000010 e"
b111100100100010011110010010000001111001000111100111100100011100011110010001101001111001000110000111100100010110011110010001010 d"
b111100001101010011110000110100001111000011001100111100001100100011110000110001001111000011000000111100001011110011110000101110 c"
08
#86500
b1000001000010110100000100001001010000010000100001000001000001100100000100000100010000010000001101000001000000010100000100000000 h"
18
#86510
0>
#87000
1>
b111101010100000011110101001111001111010100111000111101010011010011110101001100001111010100101100111101010010100011110101001001 e"
b111100100101000011110010010011001111001001001000111100100100010011110010010000001111001000111100111100100011100011110010001101 d"
b111100001101100011110000110101001111000011010000111100001100110011110000110010001111000011000100111100001100000011110000101111 c"
08
#87500
b1000001000100000100000100001111010000010000110101000001000011000100000100001010010000010000100001000001000001110100000100000101 h"
18
#87510
0>
#88000
08
#88500
01
18
#89000
08
#89500
18
#90000
1>
b111101010101110011110101010110001111010101010100111101010101000011110101010011001111010101001000111101010100010011110101010000 e"
b111100100101110011110010010110001111001001010100111100100101000011110010010011001111001001001000111100100100010011110010010000 d"
b111100001101110011110000110110001111000011010100111100001101000011110000110011001111000011001000111100001100010011110000110000 c"
08
#90500
b1000001000101100100000100010100010000010001001101000001000100010100000100010000010000010000111001000001000011000100000100001011 h"
11
18
#90510
0>
#91000
1>
b111101010111100011110101011101001111010101110000111101010110110011110101011010001111010101100100111101010110000011110101010111 e"
b111100100110100011110010011001001111001001100000111100100101110011110010010110001111001001010100111100100101000011110010010011 d"
b111100001110000011110000110111001111000011011000111100001101010011110000110100001111000011001100111100001100100011110000110001 c"
08
#91500
b1000001000111000100000100011010010000010001100101000001000101110100000100010101010000010001010001000001000100100100000100010001 h"
18
#91510
0>
#92000
1>
b111101011001010011110101100100001111010110001100111101011000100011110101100001001111010110000000111101010111110011110101011110 e"
b111100100111010011110010011100001111001001101100111100100110100011110010011001001111001001100000111100100101110011110010010110 d"
b111100001110010011110000111000001111000011011100111100001101100011110000110101001111000011010000111100001100110011110000110010 c"
08
#92500
b1000001001000010100000100100000010000010001111001000001000111010100000100011011010000010001100101000001000110000100000100010110 h"
18
#92510
0>
#93000
1>
b111101011011000011110101101011001111010110101000111101011010010011110101101000001111010110011100111101011001100011110101100101 e"
b111100101000000011110010011111001111001001111000111100100111010011110010011100001111001001101100111100100110100011110010011001 d"
b111100001110100011110000111001001111000011100000111100001101110011110000110110001111000011010100111100001101000011110000110011 c"
08
#93500
b1000001001001110100000100100101010000010010010001000001001000100100000100100001010000010001111101000001000111010100000100011100 h"
18
#93510
0>
#94000
08
#94500
01
18
#95000
08
#95500
18
#96000
1>
b111101011100110011110101110010001111010111000100111101011100000011110101101111001111010110111000111101011011010011110101101100 e"
b111100101000110011110010100010001111001010000100111100101000000011110010011111001111001001111000111100100111010011110010011100 d"
b111100001110110011110000111010001111000011100100111100001110000011110000110111001111000011011000111100001101010011110000110100 c"
08
#96500
b1000001001011010100000100101011010000010010100101000001001010000100000100100110010000010010010101000001001000110100000100100001 h"
11
18
#96510
0>
#97000
1>
b111101011110100011110101111001001111010111100000111101011101110011110101110110001111010111010100111101011101000011110101110011 e"
b111100101001100011110010100101001111001010010000111100101000110011110010100010001111001010000100111100101000000011110010011111 d"
b111100001111000011110000111011001111000011101000111100001110010011110000111000001111000011011100111100001101100011110000110101 c"
08
#97500
b1000001001100100100000100110001010000010010111101000001001011100100000100101100010000010010101001000001001010010100000100100111 h"
18
#97510
0>
#98000
1>
b111101100000010011110110000000001111010111111100111101011111100011110101111101001111010111110000111101011110110011110101111010 e"
b111100101010010011110010101000001111001010011100111100101001100011110010100101001111001010010000111100101000110011110010100010 d"
b111100001111010011110000111100001111000011101100111100001110100011110000111001001111000011100000111100001101110011110000110110 c"
08
#98500
b1000001001110000100000100110110010000010011010101000001001100110100000100110010010000010011000001000001001011100100000100101101 h"
18
#98510
0>
#99000
1>
b111101100010000011110110000111001111011000011000111101100001010011110110000100001111011000001100111101100000100011110110000001 e"
b111100101011000011110010101011001111001010101000111100101010010011110010101000001111001010011100111100101001100011110010100101 d"
b111100001111100011110000111101001111000011110000111100001110110011110000111010001111000011100100111100001110000011110000110111 c"
08
#99500
b1000001001111100100000100111100010000010011101001000001001110010100000100110111010000010011011001000001001101000100000100110010 h"
18
#99510
0>
#100000
08
#100500
01
18
#101000
08
#101500
18
#102000
1>
b111101100011110011110110001110001111011000110100111101100011000011110110001011001111011000101000111101100010010011110110001000 e"
b111100101011110011110010101110001111001010110100111100101011000011110010101011001111001010101000111100101010010011110010101000 d"
b111100001111110011110000111110001111000011110100111100001111000011110000111011001111000011101000111100001110010011110000111000 c"
08
#102500
b1000001010000110100000101000010010000010100000001000001001111110100000100111101010000010011101101000001001110100100000100111000 h"
11
18
#102510
0>
#103000
1>
b111101100101100011110110010101001111011001010000111101100100110011110110010010001111011001000100111101100100000011110110001111 e"
b111100101100100011110010110001001111001011000000111100101011110011110010101110001111001010110100111100101011000011110010101011 d"
b111100010000000011110000111111001111000011111000111100001111010011110000111100001111000011101100111100001110100011110000111001 c"
08
#103500
b1000001010010010100000101000111010000010100011001000001010001000100000101000011010000010100000101000001001111110100000100111110 h"
18
#103510
0>
#104000
1>
b111101100111010011110110011100001111011001101100111101100110100011110110011001001111011001100000111101100101110011110110010110 e"
b111100101101010011110010110100001111001011001100111100101100100011110010110001001111001011000000111100101011110011110010101110 d"
b111100010000010011110001000000001111000011111100111100001111100011110000111101001111000011110000111100001110110011110000111010 c"
08
#104500
b1000001010011110100000101001101010000010100110001000001010010100100000101001000010000010100011101000001010001010100000101000011 h"
18
#104510
0>
#105000
1>
b111101101001000011110110100011001111011010001000111101101000010011110110100000001111011001111100111101100111100011110110011101 e"
b111100101110000011110010110111001111001011011000111100101101010011110010110100001111001011001100111100101100100011110010110001 d"
b111100010000100011110001000001001111000100000000111100001111110011110000111110001111000011110100111100001111000011110000111011 c"
08
#105500
b1000001010101000100000101010011010000010101000101000001010100000100000101001110010000010100110001000001010010110100000101001001 h"
18
#105510
0>
#106000
08
#106500
01
18
#107000
08
#107500
18
#108000
1>
b111101101010110011110110101010001111011010100100111101101010000011110110100111001111011010011000111101101001010011110110100100 e"
b111100101110110011110010111010001111001011100100111100101110000011110010110111001111001011011000111100101101010011110010110100 d"
b111100010000110011110001000010001111000100000100111100010000000011110000111111001111000011111000111100001111010011110000111100 c"
08
#108500
b1000001010110100100000101011000010000010101011101000001010101010100000101010100010000010101001001000001010100000100000101001111 h"
11
18
#108510
0>
#109000
1>
b111101101100100011110110110001001111011011000000111101101011110011110110101110001111011010110100111101101011000011110110101011 e"
b111100101111100011110010111101001111001011110000111100101110110011110010111010001111001011100100111100101110000011110010110111 d"
b111100010001000011110001000011001111000100001000111100010000010011110001000000001111000011111100111100001111100011110000111101 c"
08
#109500
b1000001011000000100000101011110010000010101110101000001010110110100000101011001010000010101100001000001010101100100000101010100 h"
18
#109510
0>
#110000
1>
b111101101110010011110110111000001111011011011100111101101101100011110110110101001111011011010000111101101100110011110110110010 e"
b111100110000010011110011000000001111001011111100111100101111100011110010111101001111001011110000111100101110110011110010111010 d"
b111100010001010011110001000100001111000100001100111100010000100011110001000001001111000100000000111100001111110011110000111110 c"
08
#110500
b1000001011001100100000101100100010000010110001001000001011000010100000101011111010000010101110101000001010111000100000101011010 h"
18
#110510
0>
#111000
1>
b111101110000000011110110111111001111011011111000111101101111010011110110111100001111011011101100111101101110100011110110111001 e"
b111100110001000011110011000011001111001100001000111100110000010011110011000000001111001011111100111100101111100011110010111101 d"
b111100010001100011110001000101001111000100010000111100010000110011110001000010001111000100000100111100010000000011110000111111 c"
08
#111500
b1000001011010110100000101101010010000010110100001000001011001100100000101100101010000010110001101000001011000010100000101100000 h"
18
#111510
0>
#112000
08
#112500
01
18
#113000
08
#113500
18
#114000
1>
b111101110001110011110111000110001111011100010100111101110001000011110111000011001111011100001000111101110000010011110111000000 e"
b111100110001110011110011000110001111001100010100111100110001000011110011000011001111001100001000111100110000010011110011000000 d"
b111100010001110011110001000110001111000100010100111100010001000011110001000011001111000100001000111100010000010011110001000000 c"
08
#114500
b1000001011100010100000101101111010000010110111001000001011011000100000101101010010000010110100101000001011001110100000101100110 h"
11
18
#114510
0>
#115000
1>
b111101110011100011110111001101001111011100110000111101110010110011110111001010001111011100100100111101110010000011110111000111 e"
b111100110010100011110011001001001111001100100000111100110001110011110011000110001111001100010100111100110001000011110011000011 d"
b111100010010000011110001000111001111000100011000111100010001010011110001000100001111000100001100111100010000100011110001000001 c"
08
#115500
b1000001011101110100000101110101010000010111001101000001011100100100000101110000010000010110111001000001011011010100000101101011 h"
18
#115510
0>
#116000
1>
b111101110101010011110111010100001111011101001100111101110100100011110111010001001111011101000000111101110011110011110111001110 e"
b111100110011010011110011001100001111001100101100111100110010100011110011001001001111001100100000111100110001110011110011000110 d"
b111100010010010011110001001000001111000100011100111100010001100011110001000101001111000100010000111100010000110011110001000010 c"
08
#116500
b1000001011111000100000101111011010000010111100101000001011101110100000101110110010000010111010001000001011100110100000101110001 h"
18
#116510
0>
#117000
1>
b111101110111000011110111011011001111011101101000111101110110010011110111011000001111011101011100111101110101100011110111010101 e"
b111100110100000011110011001111001111001100111000111100110011010011110011001100001111001100101100111100110010100011110011001001 d"
b111100010010100011110001001001001111000100100000111100010001110011110001000110001111000100010100111100010001000011110001000011 c"
08
#117500
b1000001100000100100000110000000010000010111111101000001011111010100000101111011010000010111101001000001011110000100000101110111 h"
18
#117510
0>
#118000
08
#118500
01
18
#119000
08
#119500
18
#120000
1>
b111101111000110011110111100010001111011110000100111101111000000011110111011111001111011101111000111101110111010011110111011100 e"
b111100110100110011110011010010001111001101000100111100110100000011110011001111001111001100111000111100110011010011110011001100 d"
b111100010010110011110001001010001111000100100100111100010010000011110001000111001111000100011000111100010001010011110001000100 c"
08
#120500
b1000001100010000100000110000110010000011000010001000001100000110100000110000001010000011000000001000001011111100100000101111100 h"
11
18
#120510
0>
#121000
1>
b111101111010100011110111101001001111011110100000111101111001110011110111100110001111011110010100111101111001000011110111100011 e"
b111100110101100011110011010101001111001101010000111100110100110011110011010010001111001101000100111100110100000011110011001111 d"
b111100010011000011110001001011001111000100101000111100010010010011110001001000001111000100011100111100010001100011110001000101 c"
08
#121500
b1000001100011010100000110001100010000011000101001000001100010010100000110000111010000011000010101000001100001000100000110000010 h"
18
#121510
0>
#122000
1>
b111101111100010011110111110000001111011110111100111101111011100011110111101101001111011110110000111101111010110011110111101010 e"
b111100110110010011110011011000001111001101011100111100110101100011110011010101001111001101010000111100110100110011110011010010 d"
b111100010011010011110001001100001111000100101100111100010010100011110001001001001111000100100000111100010001110011110001000110 c"
08
#122500
b1000001100100110100000110010010010000011001000001000001100011100100000110001101010000011000101101000001100010010100000110001000 h"
18
#122510
0>
#123000
1>
b111101111110000011110111110111001111011111011000111101111101010011110111110100001111011111001100111101111100100011110111110001 e"
b111100110111000011110011011011001111001101101000111100110110010011110011011000001111001101011100111100110101100011110011010101 d"
b111100010011100011110001001101001111000100110000111100010010110011110001001010001111000100100100111100010010000011110001000111 c"
08
#123500
b1000001100110010100000110010111010000011001011001000001100101000100000110010010010000011001000101000001100011110100000110001101 h"
18
#123510
0>
#124000
08
#124500
01
18
#125000
08
#125500
18
#126000
1>
b111101111111110011110111111110001111011111110100111101111111000011110111111011001111011111101000111101111110010011110111111000 e"
b111100110111110011110011011110001111001101110100111100110111000011110011011011001111001101101000111100110110010011110011011000 d"
b111100010011110011110001001110001111000100110100111100010011000011110001001011001111000100101000111100010010010011110001001000 c"
08
#126500
b1000001100111110100000110011101010000011001101101000001100110100100000110011000010000011001011001000001100101010100000110010011 h"
11
18
#126510
0>
#127000
1>
b111110000001100011111000000101001111100000010000111110000000110011111000000010001111100000000100111110000000000011110111111111 e"
b111100111000100011110011100001001111001110000000111100110111110011110011011110001111001101110100111100110111000011110011011011 d"
b111100010100000011110001001111001111000100111000111100010011010011110001001100001111000100101100111100010010100011110001001001 c"
08
#127500
b1000001101001000100000110100011010000011010000101000001100111110100000110011110010000011001110001000001100110100100000110011001 h"
18
#127510
0>
#128000
1>
b111110000011010011111000001100001111100000101100111110000010100011111000001001001111100000100000111110000001110011111000000110 e"
b111100111001010011110011100100001111001110001100111100111000100011110011100001001111001110000000111100110111110011110011011110 d"
b111100010100010011110001010000001111000100111100111100010011100011110001001101001111000100110000111100010010110011110001001010 c"
08
#128500
b1000001101010100100000110101000010000011010011101000001101001010100000110100011010000011010001001000001101000000100000110011111 h"
18
#128510
0>
#129000
1>
b111110000101000011111000010011001111100001001000111110000100010011111000010000001111100000111100111110000011100011111000001101 e"
b111100111010000011110011100111001111001110011000111100111001010011110011100100001111001110001100111100111000100011110011100001 d"
b111100010100100011110001010001001111000101000000111100010011110011110001001110001111000100110100111100010011000011110001001011 c"
08
#129500
b1000001101100000100000110101110010000011010110001000001101010110100000110101001010000011010100001000001101001100100000110100100 h"
18
#129510
0>
#130000
08
#130500
01
18
#131000
08
#131500
18
#132000
1>
b111110000110110011111000011010001111100001100100111110000110000011111000010111001111100001011000111110000101010011111000010100 e"
b111100111010110011110011101010001111001110100100111100111010000011110011100111001111001110011000111100111001010011110011100100 d"
b111100010100110011110001010010001111000101000100111100010100000011110001001111001111000100111000111100010011010011110001001100 c"
08
#132500
b1000001101101100100000110110100010000011011001001000001101100010100000110101111010000011010110101000001101011000100000110101010 h"
11
18
#132510
0>
#133000
1>
b111110001000100011111000100001001111100010000000111110000111110011111000011110001111100001110100111110000111000011111000011011 e"
b111100111011100011110011101101001111001110110000111100111010110011110011101010001111001110100100111100111010000011110011100111 d"
b111100010101000011110001010011001111000101001000111100010100010011110001010000001111000100111100111100010011100011110001001101 c"
08
#133500
b1000001101110110100000110111010010000011011100001000001101101100100000110110101010000011011001101000001101100010100000110110000 h"
18
#133510
0>
#134000
1>
b111110001010010011111000101000001111100010011100111110001001100011111000100101001111100010010000111110001000110011111000100010 e"
b111100111100010011110011110000001111001110111100111100111011100011110011101101001111001110110000111100111010110011110011101010 d"
b111100010101010011110001010100001111000101001100111100010100100011110001010001001111000101000000111100010011110011110001001110 c"
08
#134500
b1000001110000010100000110111111010000011011111001000001101111000100000110111010010000011011100101000001101101110100000110110101 h"
18
#134510
0>
#135000
1>
b111110001100000011111000101111001111100010111000111110001011010011111000101100001111100010101100111110001010100011111000101001 e"
b111100111101000011110011110011001111001111001000111100111100010011110011110000001111001110111100111100111011100011110011101101 d"
b111100010101100011110001010101001111000101010000111100010100110011110001010010001111000101000100111100010100000011110001001111 c"
08
#135500
b1000001110001110100000111000101010000011100001101000001110000100100000111000000010000011011111001000001101111010100000110111011 h"
18
#135510
0>
#136000
08
#136500
01
18
#137000
08
#137500
18
#138000
1>
b111110001101110011111000110110001111100011010100111110001101000011111000110011001111100011001000111110001100010011111000110000 e"
b111100111101110011110011110110001111001111010100111100111101000011110011110011001111001111001000111100111100010011110011110000 d"
b111100010101110011110001010110001111000101010100111100010101000011110001010011001111000101001000111100010100010011110001010000 c"
08
#138500
b1000001110011000100000111001011010000011100100101000001110010000100000111000110010000011100010001000001110000110100000111000001 h"
11
18
#138510
0>
#139000
1>
b111110001111100011111000111101001111100011110000111110001110110011111000111010001111100011100100111110001110000011111000110111 e"
b111100111110100011110011111001001111001111100000111100111101110011110011110110001111001111010100111100111101000011110011110011 d"
b111100010110000011110001010111001111000101011000111100010101010011110001010100001111000101001100111100010100100011110001010001 c"
08
#139500
b1000001110100100100000111010001010000011100111101000001110011010100000111001100010000011100101001000001110010000100000111000111 h"
18
#139510
0>
#140000
1>
b111110010001010011111001000100001111100100001100111110010000100011111001000001001111100100000000111110001111110011111000111110 e"
b111100111111010011110011111100001111001111101100111100111110100011110011111001001111001111100000111100111101110011110011110110 d"
b111100010110010011110001011000001111000101011100111100010101100011110001010101001111000101010000111100010100110011110001010010 c"
08
#140500
b1000001110110000100000111010110010000011101010101000001110100110100000111010001010000011101000001000001110011100100000111001100 h"
18
#140510
0>
#141000
1>
b111110010011000011111001001011001111100100101000111110010010010011111001001000001111100100011100111110010001100011111001000101 e"
b111101000000000011110011111111001111001111111000111100111111010011110011111100001111001111101100111100111110100011110011111001 d"
b111100010110100011110001011001001111000101100000111100010101110011110001010110001111000101010100111100010101000011110001010011 c"
08
#141500
b1000001110111100100000111011100010000011101101001000001110110010100000111010111010000011101010101000001110101000100000111010010 h"
18
#141510
0>
#142000
08
#142500
01
18
#143000
08
#143500
18
#144000
1>
b111110010100110011111001010010001111100101000100111110010100000011111001001111001111100100111000111110010011010011111001001100 e"
b111101000000110011110100000010001111010000000100111101000000000011110011111111001111001111111000111100111111010011110011111100 d"
b111100010110110011110001011010001111000101100100111100010110000011110001010111001111000101011000111100010101010011110001010100 c"
08
#144500
b1000001111001000100000111100010010000011110000001000001110111110100000111011101010000011101101101000001110110100100000111011000 h"
11
18
#144510
0>
#145000
1>
b111110010110100011111001011001001111100101100000111110010101110011111001010110001111100101010100111110010101000011111001010011 e"
b111101000001100011110100000101001111010000010000111101000000110011110100000010001111010000000100111101000000000011110011111111 d"
b111100010111000011110001011011001111000101101000111100010110010011110001011000001111000101011100111100010101100011110001010101 c"
08
#145500
b1000001111010010100000111101000010000011110011001000001111001000100000111100011010000011110000101000001110111110100000111011110 h"
18
#145510
0>
#146000
1>
b111110011000010011111001100000001111100101111100111110010111100011111001011101001111100101110000111110010110110011111001011010 e"
b111101000010010011110100001000001111010000011100111101000001100011110100000101001111010000010000111101000000110011110100000010 d"
b111100010111010011110001011100001111000101101100111100010110100011110001011001001111000101100000111100010101110011110001010110 c"
08
#146500
b1000001111011110100000111101101010000011110110001000001111010100100000111101000010000011110011101000001111001010100000111100011 h"
18
#146510
0>
#147000
1>
b111110011010000011111001100111001111100110011000111110011001010011111001100100001111100110001100111110011000100011111001100001 e"
b111101000011000011110100001011001111010000101000111101000010010011110100001000001111010000011100111101000001100011110100000101 d"
b111100010111100011110001011101001111000101110000111100010110110011110001011010001111000101100100111100010110000011110001010111 c"
08
#147500
b1000001111101010100000111110011010000011111000101000001111100000100000111101110010000011110110001000001111010110100000111101001 h"
18
#147510
0>
#148000
08
#148500
01
18
#149000
08
#149500
18
#150000
1>
b111110011011110011111001101110001111100110110100111110011011000011111001101011001111100110101000111110011010010011111001101000 e"
b111101000011110011110100001110001111010000110100111101000011000011110100001011001111010000101000111101000010010011110100001000 d"
b111100010111110011110001011110001111000101110100111100010111000011110001011011001111000101101000111100010110010011110001011000 c"
08
#150500
b1000001111110110100000111111001010000011111011101000001111101100100000111110100010000011111001001000001111100010100000111101111 h"
11
18
#150510
0>
#151000
1>
b111110011101100011111001110101001111100111010000111110011100110011111001110010001111100111000100111110011100000011111001101111 e"
b111101000100100011110100010001001111010001000000111101000011110011110100001110001111010000110100111101000011000011110100001011 d"
b111100011000000011110001011111001111000101111000111100010111010011110001011100001111000101101100111100010110100011110001011001 c"
08
#151500
b1000010000000000100000111111111010000011111110101000001111110110100000111111010010000011111100001000001111101100100000111110101 h"
18
#151510
0>
#152000
1>
b111110011111010011111001111100001111100111101100111110011110100011111001111001001111100111100000111110011101110011111001110110 e"
b111101000101010011110100010100001111010001001100111101000100100011110100010001001111010001000000111101000011110011110100001110 d"
b111100011000010011110001100000001111000101111100111100010111100011110001011101001111000101110000111100010110110011110001011010 c"
08
#152500
b1000010000001100100001000000100010000100000001101000010000000010100000111111111010000011111111001000001111111000100000111111010 h"
18
#152510
0>
#153000
1>
b111110100001000011111010000011001111101000001000111110100000010011111010000000001111100111111100111110011111100011111001111101 e"
b111101000110000011110100010111001111010001011000111101000101010011110100010100001111010001001100111101000100100011110100010001 d"
b111100011000100011110001100001001111000110000000111100010111110011110001011110001111000101110100111100010111000011110001011011 c"
08
#153500
b1000010000011000100001000001010010000100000100101000010000001110100001000000101010000100000001101000010000000100100001000000000 h"
18
#153510
0>
#154000
08
#154500
01
18
#155000
08
#155500
18
#156000
1>
b111110100010110011111010001010001111101000100100111110100010000011111010000111001111101000011000111110100001010011111010000100 e"
b111101000110110011110100011010001111010001100100111101000110000011110100010111001111010001011000111101000101010011110100010100 d"
b111100011000110011110001100010001111000110000100111100011000000011110001011111001111000101111000111100010111010011110001011100 c"
08
#156500
b1000010000100100100001000010000010000100000111001000010000011010100001000001011010000100000100101000010000010000100001000000110 h"
11
18
#156510
0>
#157000
1>
b111110100100100011111010010001001111101001000000111110100011110011111010001110001111101000110100111110100011000011111010001011 e"
b111101000111100011110100011101001111010001110000111101000110110011110100011010001111010001100100111101000110000011110100010111 d"
b111100011001000011110001100011001111000110001000111100011000010011110001100000001111000101111100111100010111100011110001011101 c"
08
#157500
b1000010000101110100001000010110010000100001010001000010000100100100001000010001010000100000111101000010000011010100001000001100 h"
18
#157510
0>
#158000
1>
b111110100110010011111010011000001111101001011100111110100101100011111010010101001111101001010000111110100100110011111010010010 e"
b111101001000010011110100100000001111010001111100111101000111100011110100011101001111010001110000111101000110110011110100011010 d"
b111100011001010011110001100100001111000110001100111100011000100011110001100001001111000110000000111100010111110011110001011110 c"
08
#158500
b1000010000111010100001000011100010000100001101001000010000110000100001000010110010000100001010101000010000100110100001000010001 h"
18
#158510
0>
#159000
1>
b111110101000000011111010011111001111101001111000111110100111010011111010011100001111101001101100111110100110100011111010011001 e"
b111101001001000011110100100011001111010010001000111101001000010011110100100000001111010001111100111101000111100011110100011101 d"
b111100011001100011110001100101001111000110010000111100011000110011110001100010001111000110000100111100011000000011110001011111 c"
08
#159500
b1000010001000110100001000100001010000100010000001000010000111100100001000011100010000100001101101000010000110010100001000010111 h"
18
#159510
0>
#160000
08
#160500
01
18
#161000
08
#161500
18
#162000
1>
b111110101001110011111010100110001111101010010100111110101001000011111010100011001111101010001000111110101000010011111010100000 e"
b111101001001110011110100100110001111010010010100111101001001000011110100100011001111010010001000111101001000010011110100100000 d"
b111100011001110011110001100110001111000110010100111100011001000011110001100011001111000110001000111100011000010011110001100000 c"
08
#162500
b1000010001010010100001000100111010000100010010101000010001001000100001000100010010000100010000001000010000111110100001000011101 h"
11
18
#162510
0>
#163000
1>
b111110101011100011111010101101001111101010110000111110101010110011111010101010001111101010100100111110101010000011111010100111 e"
b111101001010100011110100101001001111010010100000111101001001110011110100100110001111010010010100111101001001000011110100100011 d"
b111100011010000011110001100111001111000110011000111100011001010011110001100100001111000110001100111100011000100011110001100001 c"
08
#163500
b1000010001011110100001000101101010000100010101101000010001010100100001000101000010000100010011001000010001001000100001000100011 h"
18
#163510
0>
#164000
1>
b111110101101010011111010110100001111101011001100111110101100100011111010110001001111101011000000111110101011110011111010101110 e"
b111101001011010011110100101100001111010010101100111101001010100011110100101001001111010010100000111101001001110011110100100110 d"
b111100011010010011110001101000001111000110011100111100011001100011110001100101001111000110010000111100011000110011110001100010 c"
08
#164500
b1000010001101000100001000110011010000100011000101000010001011110100001000101110010000100010110001000010001010100100001000101001 h"
18
#164510
0>
#165000
1>
b111110101111000011111010111011001111101011101000111110101110010011111010111000001111101011011100111110101101100011111010110101 e"
b111101001100000011110100101111001111010010111000111101001011010011110100101100001111010010101100111101001010100011110100101001 d"
b111100011010100011110001101001001111000110100000111100011001110011110001100110001111000110010100111100011001000011110001100011 c"
08
#165500
b1000010001110100100001000111001010000100011011101000010001101010100001000110011010000100011001001000010001100000100001000101110 h"
18
#165510
0>
#166000
08
#166500
01
18
#167000
08
#167500
18
#168000
1>
b111110110000110011111011000010001111101100000100111110110000000011111010111111001111101011111000111110101111010011111010111100 e"
b111101001100110011110100110010001111010011000100111101001100000011110100101111001111010010111000111101001011010011110100101100 d"
b111100011010110011110001101010001111000110100100111100011010000011110001100111001111000110011000111100011001010011110001100100 c"
08
#168500
b1000010010000000100001000111110010000100011110101000010001110110100001000111001010000100011100001000010001101100100001000110100 h"
11
18
#168510
0>
#169000
1>
b111110110010100011111011001001001111101100100000111110110001110011111011000110001111101100010100111110110001000011111011000011 e"
b111101001101100011110100110101001111010011010000111101001100110011110100110010001111010011000100111101001100000011110100101111 d"
b111100011011000011110001101011001111000110101000111100011010010011110001101000001111000110011100111100011001100011110001100101 c"
08
#169500
b1000010010001100100001001000100010000100100001001000010010000010100001000111111010000100011110101000010001111000100001000111010 h"
18
#169510
0>
#170000
1>
b111110110100010011111011010000001111101100111100111110110011100011111011001101001111101100110000111110110010110011111011001010 e"
b111101001110010011110100111000001111010011011100111101001101100011110100110101001111010011010000111101001100110011110100110010 d"
b111100011011010011110001101100001111000110101100111100011010100011110001101001001111000110100000111100011001110011110001100110 c"
08
#170500
b1000010010011000100001001001010010000100100100001000010010001110100001001000101010000100100001101000010010000010100001001000000 h"
18
#170510
0>
#171000
1>
b111110110110000011111011010111001111101101011000111110110101010011111011010100001111101101001100111110110100100011111011010001 e"
b111101001111000011110100111011001111010011101000111101001110010011110100111000001111010011011100111101001101100011110100110101 d"
b111100011011100011110001101101001111000110110000111100011010110011110001101010001111000110100100111100011010000011110001100111 c"
08
#171500
b1000010010100010100001001010000010000100100111001000010010011000100001001001011010000100100100101000010010001110100001001000110 h"
18
#171510
0>
#172000
08
#172500
01
18
#173000
08
#173500
18
#174000
1>
b111110110111110011111011011110001111101101110100111110110111000011111011011011001111101101101000111110110110010011111011011000 e"
b111101001111110011110100111110001111010011110100111101001111000011110100111011001111010011101000111101001110010011110100111000 d"
b111100011011110011110001101110001111000110110100111100011011000011110001101011001111000110101000111100011010010011110001101000 c"
08
#174500
b1000010010101110100001001010110010000100101010001000010010100100100001001010000010000100100111101000010010011010100001001001011 h"
11
18
#174510
0>
#175000
1>
b111110111001100011111011100101001111101110010000111110111000110011111011100010001111101110000100111110111000000011111011011111 e"
b111101010000100011110101000001001111010100000000111101001111110011110100111110001111010011110100111101001111000011110100111011 d"
b111100011100000011110001101111001111000110111000111100011011010011110001101100001111000110101100111100011010100011110001101001 c"
08
#175500
b1000010010111010100001001011011010000100101101001000010010110000100001001010110010000100101010101000010010100110100001001010001 h"
18
#175510
0>
#176000
1>
b111110111011010011111011101100001111101110101100111110111010100011111011101001001111101110100000111110111001110011111011100110 e"
b111101010001010011110101000100001111010100001100111101010000100011110101000001001111010100000000111101001111110011110100111110 d"
b111100011100010011110001110000001111000110111100111100011011100011110001101101001111000110110000111100011010110011110001101010 c"
08
#176500
b1000010011000110100001001100001010000100110000001000010010111100100001001011100010000100101101001000010010110010100001001010111 h"
18
#176510
0>
#177000
1>
b111110111101000011111011110011001111101111001000111110111100010011111011110000001111101110111100111110111011100011111011101101 e"
b111101010010000011110101000111001111010100011000111101010001010011110101000100001111010100001100111101010000100011110101000001 d"
b111100011100100011110001110001001111000111000000111100011011110011110001101110001111000110110100111100011011000011110001101011 c"
08
#177500
b1000010011010010100001001100111010000100110010101000010011001000100001001100010010000100110000001000010010111100100001001011101 h"
18
#177510
0>
#178000
08
#178500
01
18
#179000
08
#179500
18
#180000
1>
b111110111110110011111011111010001111101111100100111110111110000011111011110111001111101111011000111110111101010011111011110100 e"
b111101010010110011110101001010001111010100100100111101010010000011110101000111001111010100011000111101010001010011110101000100 d"
b111100011100110011110001110010001111000111000100111100011100000011110001101111001111000110111000111100011011010011110001101100 c"
08
#180500
b1000010011011110100001001101101010000100110101101000010011010010100001001101000010000100110011001000010011001000100001001100011 h"
11
18
#180510
0>
#181000
1>
b111111000000100011111100000001001111110000000000111110111111110011111011111110001111101111110100111110111111000011111011111011 e"
b111101010011100011110101001101001111010100110000111101010010110011110101001010001111010100100100111101010010000011110101000111 d"
b111100011101000011110001110011001111000111001000111100011100010011110001110000001111000110111100111100011011100011110001101101 c"
08
#181500
b1000010011101000100001001110011010000100111000101000010011011110100001001101110010000100110110001000010011010100100001001101000 h"
18
#181510
0>
#182000
1>
b111111000010010011111100001000001111110000011100111111000001100011111100000101001111110000010000111111000000110011111100000010 e"
b111101010100010011110101010000001111010100111100111101010011100011110101001101001111010100110000111101010010110011110101001010 d"
b111100011101010011110001110100001111000111001100111100011100100011110001110001001111000111000000111100011011110011110001101110 c"
08
#182500
b1000010011110100100001001111001010000100111011101000010011101010100001001110011010000100111001001000010011100000100001001101110 h"
18
#182510
0>
#183000
1>
b111111000100000011111100001111001111110000111000111111000011010011111100001100001111110000101100111111000010100011111100001001 e"
b111101010101000011110101010011001111010101001000111101010100010011110101010000001111010100111100111101010011100011110101001101 d"
b111100011101100011110001110101001111000111010000111100011100110011110001110010001111000111000100111100011100000011110001101111 c"
08
#183500
b1000010100000000100001001111110010000100111110101000010011110110100001001111001010000100111011101000010011101100100001001110100 h"
18
#183510
0>
#184000
08
#184500
01
18
#185000
08
#185500
18
#186000
1>
b111111000101110011111100010110001111110001010100111111000101000011111100010011001111110001001000111111000100010011111100010000 e"
b111101010101110011110101010110001111010101010100111101010101000011110101010011001111010101001000111101010100010011110101010000 d"
b111100011101110011110001110110001111000111010100111100011101000011110001110011001111000111001000111100011100010011110001110000 c"
08
#186500
b1000010100001100100001010000100010000101000001001000010100000010100001001111111010000100111110101000010011111000100001001111010 h"
11
18
#186510
0>
#187000
1>
b111111000111100011111100011101001111110001110000111111000110110011111100011010001111110001100100111111000110000011111100010111 e"
b111101010110100011110101011001001111010101100000111101010101110011110101010110001111010101010100111101010101000011110101010011 d"
b111100011110000011110001110111001111000111011000111100011101010011110001110100001111000111001100111100011100100011110001110001 c"
08
#187500
b1000010100011000100001010001010010000101000100001000010100001110100001010000101010000101000001101000010100000010100001010000000 h"
18
#187510
0>
#188000
1>
b111111001001010011111100100100001111110010001100111111001000100011111100100001001111110010000000111111000111110011111100011110 e"
b111101010111010011110101011100001111010101101100111101010110100011110101011001001111010101100000111101010101110011110101010110 d"
b111100011110010011110001111000001111000111011100111100011101100011110001110101001111000111010000111100011100110011110001110010 c"
08
#188500
b1000010100100100100001010010000010000101000111001000010100011000100001010001011010000101000100101000010100001110100001010000110 h"
18
#188510
0>
#189000
1>
b111111001011000011111100101011001111110010101000111111001010010011111100101000001111110010011100111111001001100011111100100101 e"
b111101011000000011110101011111001111010101111000111101010111010011110101011100001111010101101100111101010110100011110101011001 d"
b111100011110100011110001111001001111000111100000111100011101110011110001110110001111000111010100111100011101000011110001110011 c"
08
#189500
b1000010100101110100001010010110010000101001010001000010100100100100001010010001010000101000111101000010100011010100001010001011 h"
18
#189510
0>
#190000
08
#190500
01
18
#191000
08
#191500
18
#192000
1>
b111111001100110011111100110010001111110011000100111111001100000011111100101111001111110010111000111111001011010011111100101100 e"
b111101011000110011110101100010001111010110000100111101011000000011110101011111001111010101111000111101010111010011110101011100 d"
b111100011110110011110001111010001111000111100100111100011110000011110001110111001111000111011000111100011101010011110001110100 c"
08
#192500
b1000010100111010100001010011100010000101001101001000010100110000100001010010110010000101001010101000010100100110100001010010001 h"
11
18
#192510
0>
#193000
1>
b111111001110100011111100111001001111110011100000111111001101110011111100110110001111110011010100111111001101000011111100110011 e"
b111101011001100011110101100101001111010110010000111101011000110011110101100010001111010110000100111101011000000011110101011111 d"
b111100011111000011110001111011001111000111101000111100011110010011110001111000001111000111011100111100011101100011110001110101 c"
08
#193500
b1000010101000110100001010100001010000101010000001000010100111100100001010011100010000101001101101000010100110010100001010010111 h"
18
#193510
0>
#194000
1>
b111111010000010011111101000000001111110011111100111111001111100011111100111101001111110011110000111111001110110011111100111010 e"
b111101011010010011110101101000001111010110011100111101011001100011110101100101001111010110010000111101011000110011110101100010 d"
b111100011111010011110001111100001111000111101100111100011110100011110001111001001111000111100000111100011101110011110001110110 c"
08
#194500
b1000010101010010100001010100111010000101010011001000010101001000100001010100010010000101010000001000010100111110100001010011101 h"
18
#194510
0>
#195000
1>
b111111010010000011111101000111001111110100011000111111010001010011111101000100001111110100001100111111010000100011111101000001 e"
b111101011011000011110101101011001111010110101000111101011010010011110101101000001111010110011100111101011001100011110101100101 d"
b111100011111100011110001111101001111000111110000111100011110110011110001111010001111000111100100111100011110000011110001110111 c"
08
#195500
b1000010101011110100001010101101010000101010101101000010101010100100001010101000010000101010011001000010101001000100001010100011 h"
18
#195510
0>
#196000
08
#196500
01
18
#197000
08
#197500
18
#198000
1>
b111111010011110011111101001110001111110100110100111111010011000011111101001011001111110100101000111111010010010011111101001000 e"
b111101011011110011110101101110001111010110110100111101011011000011110101101011001111010110101000111101011010010011110101101000 d"
b111100011111110011110001111110001111000111110100111100011111000011110001111011001111000111101000111100011110010011110001111000 c"
08
#198500
b1000010101101010100001010110011010000101011000101000010101100000100001010101110010000101010110001000010101010100100001010101001 h"
11
18
#198510
0>
#199000
1>
b111111010101100011111101010101001111110101010000111111010100110011111101010010001111110101000100111111010100000011111101001111 e"
b111101011100100011110101110001001111010111000000111101011011110011110101101110001111010110110100111101011011000011110101101011 d"
b111100100000000011110001111111001111000111111000111100011111010011110001111100001111000111101100111100011110100011110001111001 c"
08
#199500
b1000010101110110100001010111001010000101011011101000010101101010100001010110100010000101011001001000010101100000100001010101110 h"
18
#199510
0>
#200000
1>
b111111010111010011111101011100001111110101101100111111010110100011111101011001001111110101100000111111010101110011111101010110 e"
b111101011101010011110101110100001111010111001100111101011100100011110101110001001111010111000000111101011011110011110101101110 d"
b111100100000010011110010000000001111000111111100111100011111100011110001111101001111000111110000111100011110110011110001111010 c"
08
#200500
b1000010110000000100001010111111010000101011110101000010101110110100001010111010010000101011100001000010101101100100001010110100 h"
18
#200510
0>
#201000
1>
b111111011001000011111101100011001111110110001000111111011000010011111101100000001111110101111100111111010111100011111101011101 e"
b111101011110000011110101110111001111010111011000111101011101010011110101110100001111010111001100111101011100100011110101110001 d"
b111100100000100011110010000001001111001000000000111100011111110011110001111110001111000111110100111100011111000011110001111011 c"
08
#201500
b1000010110001100100001011000101010000101100001101000010110000010100001010111111010000101011111001000010101111000100001010111010 h"
18
#201510
0>
#202000
08
#202500
01
18
#203000
08
#203500
18
#204000
1>
b111111011010110011111101101010001111110110100100111111011010000011111101100111001111110110011000111111011001010011111101100100 e"
b111101011110110011110101111010001111010111100100111101011110000011110101110111001111010111011000111101011101010011110101110100 d"
b111100100000110011110010000010001111001000000100111100100000000011110001111111001111000111111000111100011111010011110001111100 c"
08
#204500
b1000010110011000100001011001010010000101100100101000010110001110100001011000101010000101100010001000010110000100100001011000000 h"
11
18
#204510
0>
#205000
1>
b111111011100100011111101110001001111110111000000111111011011110011111101101110001111110110110100111111011011000011111101101011 e"
b111101011111100011110101111101001111010111110000111101011110110011110101111010001111010111100100111101011110000011110101110111 d"
b111100100001000011110010000011001111001000001000111100100000010011110010000000001111000111111100111100011111100011110001111101 c"
08
#205500
b1000010110100100100001011010000010000101100111101000010110011010100001011001011010000101100100101000010110010000100001011000110 h"
18
#205510
0>
#206000
1>
b111111011110010011111101111000001111110111011100111111011101100011111101110101001111110111010000111111011100110011111101110010 e"
b111101100000010011110110000000001111010111111100111101011111100011110101111101001111010111110000111101011110110011110101111010 d"
b111100100001010011110010000100001111001000001100111100100000100011110010000001001111001000000000111100011111110011110001111110 c"
08
#206500
b1000010110110000100001011010110010000101101010001000010110100110100001011010001010000101100111101000010110011100100001011001100 h"
18
#206510
0>
#207000
1>
b111111100000000011111101111111001111110111111000111111011111010011111101111100001111110111101100111111011110100011111101111001 e"
b111101100001000011110110000011001111011000001000111101100000010011110110000000001111010111111100111101011111100011110101111101 d"
b111100100001100011110010000101001111001000010000111100100000110011110010000010001111001000000100111100100000000011110001111111 c"
08
#207500
b1000010110111100100001011011100010000101101101001000010110110010100001011010111010000101101010101000010110100110100001011010010 h"
18
#207510
0>
#208000
08
#208500
01
18
#209000
08
#209500
18
#210000
1>
b111111100001110011111110000110001111111000010100111111100001000011111110000011001111111000001000111111100000010011111110000000 e"
b111101100001110011110110000110001111011000010100111101100001000011110110000011001111011000001000111101100000010011110110000000 d"
b111100100001110011110010000110001111001000010100111100100001000011110010000011001111001000001000111100100000010011110010000000 c"
08
#210500
b1000010111001000100001011100010010000101110000001000010110111110100001011011101010000101101101101000010110110010100001011011000 h"
11
18
#210510
0>
#211000
1>
b111111100011100011111110001101001111111000110000111111100010110011111110001010001111111000100100111111100010000011111110000111 e"
b111101100010100011110110001001001111011000100000111101100001110011110110000110001111011000010100111101100001000011110110000011 d"
b111100100010000011110010000111001111001000011000111100100001010011110010000100001111001000001100111100100000100011110010000001 c"
08
#211500
b1000010111010100100001011101000010000101110011001000010111001000100001011100011010000101110000101000010110111110100001011011101 h"
18
#211510
0>
#212000
1>
b111111100101010011111110010100001111111001001100111111100100100011111110010001001111111001000000111111100011110011111110001110 e"
b111101100011010011110110001100001111011000101100111101100010100011110110001001001111011000100000111101100001110011110110000110 d"
b111100100010010011110010001000001111001000011100111100100001100011110010000101001111001000010000111100100000110011110010000010 c"
08
#212500
b1000010111100000100001011101110010000101110110001000010111010100100001011101001010000101110011101000010111001010100001011100011 h"
18
#212510
0>
#213000
1>
b111111100111000011111110011011001111111001101000111111100110010011111110011000001111111001011100111111100101100011111110010101 e"
b111101100100000011110110001111001111011000111000111101100011010011110110001100001111011000101100111101100010100011110110001001 d"
b111100100010100011110010001001001111001000100000111100100001110011110010000110001111001000010100111100100001000011110010000011 c"
08
#213500
b1000010111101010100001011110100010000101111001001000010111100000100001011101110010000101110110101000010111010110100001011101001 h"
18
#213510
0>
#214000
08
#214500
01
18
#215000
08
#215500
18
#216000
1>
b111111101000110011111110100010001111111010000100111111101000000011111110011111001111111001111000111111100111010011111110011100 e"
b111101100100110011110110010010001111011001000100111101100100000011110110001111001111011000111000111101100011010011110110001100 d"
b111100100010110011110010001010001111001000100100111100100010000011110010000111001111001000011000111100100001010011110010000100 c"
08
#216500
b1000010111110110100001011111010010000101111100001000010111101100100001011110100010000101111001101000010111100010100001011101111 h"
11
18
#216510
0>
#217000
1>
b111111101010100011111110101001001111111010100000111111101001110011111110100110001111111010010100111111101001000011111110100011 e"
b111101100101100011110110010101001111011001010000111101100100110011110110010010001111011001000100111101100100000011110110001111 d"
b111100100011000011110010001011001111001000101000111100100010010011110010001000001111001000011100111100100001100011110010000101 c"
08
#217500
b1000011000000010100001011111111010000101111111001000010111111000100001011111010010000101111100001000010111101110100001011110101 h"
18
#217510
0>
#218000
1>
b111111101100010011111110110000001111111010111100111111101011100011111110101101001111111010110000111111101010110011111110101010 e"
b111101100110010011110110011000001111011001011100111101100101100011110110010101001111011001010000111101100100110011110110010010 d"
b111100100011010011110010001100001111001000101100111100100010100011110010001001001111001000100000111100100001110011110010000110 c"
08
#218500
b1000011000001110100001100000101010000110000010001000011000000100100001100000000010000101111111001000010111111010100001011111011 h"
18
#218510
0>
#219000
1>
b111111101110000011111110110111001111111011011000111111101101010011111110110100001111111011001100111111101100100011111110110001 e"
b111101100111000011110110011011001111011001101000111101100110010011110110011000001111011001011100111101100101100011110110010101 d"
b111100100011100011110010001101001111001000110000111100100010110011110010001010001111001000100100111100100010000011110010000111 c"
08
#219500
b1000011000011010100001100001011010000110000101001000011000010000100001100000110010000110000010001000011000000100100001100000001 h"
18
#219510
0>
#220000
08
#220500
01
18
#221000
08
#221500
18
#222000
1>
b111111101111110011111110111110001111111011110100111111101111000011111110111011001111111011101000111111101110010011111110111000 e"
b111101100111110011110110011110001111011001110100111101100111000011110110011011001111011001101000111101100110010011110110011000 d"
b111100100011110011110010001110001111001000110100111100100011000011110010001011001111001000101000111100100010010011110010001000 c"
08
#222500
b1000011000100110100001100010001010000110000111101000011000011100100001100001100010000110000101001000011000010000100001100000111 h"
11
18
#222510
0>
#223000
1>
b111111110001100011111111000101001111111100010000111111110000110011111111000010001111111100000100111111110000000011111110111111 e"
b111101101000100011110110100001001111011010000000111101100111110011110110011110001111011001110100111101100111000011110110011011 d"
b111100100100000011110010001111001111001000111000111100100011010011110010001100001111001000101100111100100010100011110010001001 c"
08
#223500
b1000011000110010100001100010111010000110001010101000011000101000100001100010010010000110001000001000011000011100100001100001100 h"
18
#223510
0>
#224000
1>
b111111110011010011111111001100001111111100101100111111110010100011111111001001001111111100100000111111110001110011111111000110 e"
b111101101001010011110110100100001111011010001100111101101000100011110110100001001111011010000000111101100111110011110110011110 d"
b111100100100010011110010010000001111001000111100111100100011100011110010001101001111001000110000111100100010110011110010001010 c"
08
#224500
b1000011000111110100001100011101010000110001101101000011000110010100001100011000010000110001011001000011000101000100001100010010 h"
18
#224510
0>
#225000
1>
b111111110101000011111111010011001111111101001000111111110100010011111111010000001111111100111100111111110011100011111111001101 e"
b111101101010000011110110100111001111011010011000111101101001010011110110100100001111011010001100111101101000100011110110100001 d"
b111100100100100011110010010001001111001001000000111100100011110011110010001110001111001000110100111100100011000011110010001011 c"
08
#225500
b1000011001001010100001100100011010000110010000101000011000111110100001100011110010000110001110001000011000110100100001100011000 h"
18
#225510
0>
#226000
08
#226500
01
18
#227000
08
#227500
18
#228000
1>
b111111110110110011111111011010001111111101100100111111110110000011111111010111001111111101011000111111110101010011111111010100 e"
b111101101010110011110110101010001111011010100100111101101010000011110110100111001111011010011000111101101001010011110110100100 d"
b111100100100110011110010010010001111001001000100111100100100000011110010001111001111001000111000111100100011010011110010001100 c"
08
#228500
b1000011001010110100001100101001010000110010011101000011001001010100001100100100010000110010001001000011001000000100001100011110 h"
11
18
#228510
0>
#229000
1>
b111111111000100011111111100001001111111110000000111111110111110011111111011110001111111101110100111111110111000011111111011011 e"
b111101101011100011110110101101001111011010110000111101101010110011110110101010001111011010100100111101101010000011110110100111 d"
b111100100101000011110010010011001111001001001000111100100100010011110010010000001111001000111100111100100011100011110010001101 c"
08
#229500
b1000011001100010100001100101111010000110010110101000011001010110100001100101001010000110010100001000011001001100100001100100100 h"
18
#229510
0>
#230000
1>
b111111111010010011111111101000001111111110011100111111111001100011111111100101001111111110010000111111111000110011111111100010 e"
b111101101100010011110110110000001111011010111100111101101011100011110110101101001111011010110000111101101010110011110110101010 d"
b111100100101010011110010010100001111001001001100111100100100100011110010010001001111001001000000111100100011110011110010001110 c"
08
#230500
b1000011001101110100001100110101010000110011001101000011001100010100001100101111010000110010111001000011001011000100001100101010 h"
18
#230510
0>
#231000
1>
b111111111100000011111111101111001111111110111000111111111011010011111111101100001111111110101100111111111010100011111111101001 e"
b111101101101000011110110110011001111011011001000111101101100010011110110110000001111011010111100111101101011100011110110101101 d"
b111100100101100011110010010101001111001001010000111100100100110011110010010010001111001001000100111100100100000011110010001111 c"
08
#231500
b1000011001111000100001100111011010000110011100101000011001101110100001100110101010000110011010001000011001100100100001100110000 h"
18
#231510
0>
#232000
08
#232500
01
18
#233000
08
#233500
18
#234000
1>
b111111111101110011111111110110001111111111010100111111111101000011111111110011001111111111001000111111111100010011111111110000 e"
b111101101101110011110110110110001111011011010100111101101101000011110110110011001111011011001000111101101100010011110110110000 d"
b111100100101110011110010010110001111001001010100111100100101000011110010010011001111001001001000111100100100010011110010010000 c"
08
#234500
b1000011010000100100001101000001010000110011111101000011001111010100001100111011010000110011100101000011001110000100001100110110 h"
11
18
#234510
0>
#235000
1>
b111111111111100011111111111101001111111111110000111111111110110011111111111010001111111111100100111111111110000011111111110111 e"
b111101101110100011110110111001001111011011100000111101101101110011110110110110001111011011010100111101101101000011110110110011 d"
b111100100110000011110010010111001111001001011000111100100101010011110010010100001111001001001100111100100100100011110010010001 c"
08
#235500
b1000011010010000100001101000111010000110100010101000011010000110100001101000001010000110011111101000011001111100100001100111100 h"
18
#235510
0>
#236000
1>
b111100000001010011110000000100001111000000001100111100000000100011110000000001001111000000000000111111111111110011111111111110 e"
b111101101111010011110110111100001111011011101100111101101110100011110110111001001111011011100000111101101101110011110110110110 d"
b111100100110010011110010011000001111001001011100111100100101100011110010010101001111001001010000111100100100110011110010010010 c"
08
#236500
b1000001010011100100000101001100010000010100101101000001010010010100000101000111010000010100010101000011010001000100001101000010 h"
18
#236510
0>
#237000
1>
b111100000011000011110000001011001111000000101000111100000010010011110000001000001111000000011100111100000001100011110000000101 e"
b111101110000000011110110111111001111011011111000111101101111010011110110111100001111011011101100111101101110100011110110111001 d"
b111100100110100011110010011001001111001001100000111100100101110011110010010110001111001001010100111100100101000011110010010011 c"
08
#237500
b1000001010101000100000101010010010000010101000101000001010011110100000101001101010000010100101101000001010010010100000101001000 h"
18
#237510
0>
#238000
08
#238500
01
18
#239000
08
#239500
18
#240000
1>
b111100000100110011110000010010001111000001000100111100000100000011110000001111001111000000111000111100000011010011110000001100 e"
b111101110000110011110111000010001111011100000100111101110000000011110110111111001111011011111000111101101111010011110110111100 d"
b111100100110110011110010011010001111001001100100111100100110000011110010010111001111001001011000111100100101010011110010010100 c"
08
#240500
b1000001010110100100000101011000010000010101011101000001010101010100000101010011010000010101000101000001010011110100000101001110 h"
11
18
#240510
0>
#241000
1>
b111100000110100011110000011001001111000001100000111100000101110011110000010110001111000001010100111100000101000011110000010011 e"
b111101110001100011110111000101001111011100010000111101110000110011110111000010001111011100000100111101110000000011110110111111 d"
b111100100111000011110010011011001111001001101000111100100110010011110010011000001111001001011100111100100101100011110010010101 c"
08
#241500
b1000001011000000100000101011110010000010101110001000001010110110100000101011001010000010101011101000001010101010100000101010100 h"
18
#241510
0>
#242000
1>
b111100001000010011110000100000001111000001111100111100000111100011110000011101001111000001110000111100000110110011110000011010 e"
b111101110010010011110111001000001111011100011100111101110001100011110111000101001111011100010000111101110000110011110111000010 d"
b111100100111010011110010011100001111001001101100111100100110100011110010011001001111001001100000111100100101110011110010010110 c"
08
#242500
b1000001011001100100000101100100010000010110001001000001011000010100000101011111010000010101110101000001010110110100000101011001 h"
18
#242510
0>
#243000
1>
b111100001010000011110000100111001111000010011000111100001001010011110000100100001111000010001100111100001000100011110000100001 e"
b111101110011000011110111001011001111011100101000111101110010010011110111001000001111011100011100111101110001100011110111000101 d"
b111100100111100011110010011101001111001001110000111100100110110011110010011010001111001001100100111100100110000011110010010111 c"
08
#243500
b1000001011011000100000101101010010000010110100001000001011001110100000101100101010000010110001101000001011000010100000101011111 h"
18
#243510
0>
#244000
08
#244500
01
18
#245000
08
#245500
18
#246000
1>
b111100001011110011110000101110001111000010110100111100001011000011110000101011001111000010101000111100001010010011110000101000 e"
b111101110011110011110111001110001111011100110100111101110011000011110111001011001111011100101000111101110010010011110111001000 d"
b111100100111110011110010011110001111001001110100111100100111000011110010011011001111001001101000111100100110010011110010011000 c"
08
#246500
b1000001011100100100000101110000010000010110111001000001011011010100000101101011010000010110100101000001011001110100000101100101 h"
11
18
#246510
0>
#247000
1>
b111100001101100011110000110101001111000011010000111100001100110011110000110010001111000011000100111100001100000011110000101111 e"
b111101110100100011110111010001001111011101000000111101110011110011110111001110001111011100110100111101110011000011110111001011 d"
b111100101000000011110010011111001111001001111000111100100111010011110010011100001111001001101100111100100110100011110010011001 c"
08
#247500
b1000001011110000100000101110110010000010111010001000001011100100100000101110001010000010110111101000001011011010100000101101011 h"
18
#247510
0>
#248000
1>
b111100001111010011110000111100001111000011101100111100001110100011110000111001001111000011100000111100001101110011110000110110 e"
b111101110101010011110111010100001111011101001100111101110100100011110111010001001111011101000000111101110011110011110111001110 d"
b111100101000010011110010100000001111001001111100111100100111100011110010011101001111001001110000111100100110110011110010011010 c"
08
#248500
b1000001011111100100000101111100010000010111101001000001011110000100000101110111010000010111010101000001011100110100000101110001 h"
18
#248510
0>
#249000
1>
b111100010001000011110001000011001111000100001000111100010000010011110001000000001111000011111100111100001111100011110000111101 e"
b111101110110000011110111010111001111011101011000111101110101010011110111010100001111011101001100111101110100100011110111010001 d"
b111100101000100011110010100001001111001010000000111100100111110011110010011110001111001001110100111100100111000011110010011011 c"
08
#249500
b1000001100001000100000110000010010000011000000001000001011111100100000101111101010000010111101101000001011110010100000101110111 h"
18
#249510
0>
#250000
08
#250500
01
18
#251000
08
#251500
18
#252000
1>
b111100010010110011110001001010001111000100100100111100010010000011110001000111001111000100011000111100010001010011110001000100 e"
b111101110110110011110111011010001111011101100100111101110110000011110111010111001111011101011000111101110101010011110111010100 d"
b111100101000110011110010100010001111001010000100111100101000000011110010011111001111001001111000111100100111010011110010011100 c"
08
#252500
b1000001100010100100000110001000010000011000011001000001100001000100000110000011010000011000000101000001011111110100000101111101 h"
11
18
#252510
0>
#253000
1>
b111100010100100011110001010001001111000101000000111100010011110011110001001110001111000100110100111100010011000011110001001011 e"
b111101110111100011110111011101001111011101110000111101110110110011110111011010001111011101100100111101110110000011110111010111 d"
b111100101001000011110010100011001111001010001000111100101000010011110010100000001111001001111100111100100111100011110010011101 c"
08
#253500
b1000001100100000100000110001110010000011000110001000001100010100100000110001001010000011000011101000001100001010100000110000011 h"
18
#253510
0>
#254000
1>
b111100010110010011110001011000001111000101011100111100010101100011110001010101001111000101010000111100010100110011110001010010 e"
b111101111000010011110111100000001111011101111100111101110111100011110111011101001111011101110000111101110110110011110111011010 d"
b111100101001010011110010100100001111001010001100111100101000100011110010100001001111001010000000111100100111110011110010011110 c"
08
#254500
b1000001100101100100000110010100010000011001001001000001100100000100000110001110010000011000110101000001100010110100000110001001 h"
18
#254510
0>
#255000
1>
b111100011000000011110001011111001111000101111000111100010111010011110001011100001111000101101100111100010110100011110001011001 e"
b111101111001000011110111100011001111011110001000111101111000010011110111100000001111011101111100111101110111100011110111011101 d"
b111100101001100011110010100101001111001010010000111100101000110011110010100010001111001010000100111100101000000011110010011111 c"
08
#255500
b1000001100111000100000110011010010000011001100001000001100101100100000110010100010000011001001101000001100100010100000110001111 h"
18
#255510
0>
#256000
08
#256500
01
18
#257000
08
#257500
18
#258000
1>
b111100011001110011110001100110001111000110010100111100011001000011110001100011001111000110001000111100011000010011110001100000 e"
b111101111001110011110111100110001111011110010100111101111001000011110111100011001111011110001000111101111000010011110111100000 d"
b111100101001110011110010100110001111001010010100111100101001000011110010100011001111001010001000111100101000010011110010100000 c"
08
#258500
b1000001101000100100000110100000010000011001111001000001100111000100000110011010010000011001100101000001100101110100000110010101 h"
11
18
#258510
0>
#259000
1>
b111100011011100011110001101101001111000110110000111100011010110011110001101010001111000110100100111100011010000011110001100111 e"
b111101111010100011110111101001001111011110100000111101111001110011110111100110001111011110010100111101111001000011110111100011 d"
b111100101010000011110010100111001111001010011000111100101001010011110010100100001111001010001100111100101000100011110010100001 c"
08
#259500
b1000001101010000100000110100110010000011010010001000001101000100100000110100000010000011001111101000001100111010100000110011011 h"
18
#259510
0>
#260000
1>
b111100011101010011110001110100001111000111001100111100011100100011110001110001001111000111000000111100011011110011110001101110 e"
b111101111011010011110111101100001111011110101100111101111010100011110111101001001111011110100000111101111001110011110111100110 d"
b111100101010010011110010101000001111001010011100111100101001100011110010100101001111001010010000111100101000110011110010100010 c"
08
#260500
b1000001101011100100000110101100010000011010101001000001101010000100000110100110010000011010010101000001101000110100000110100001 h"
18
#260510
0>
#261000
1>
b111100011111000011110001111011001111000111101000111100011110010011110001111000001111000111011100111100011101100011110001110101 e"
b111101111100000011110111101111001111011110111000111101111011010011110111101100001111011110101100111101111010100011110111101001 d"
b111100101010100011110010101001001111001010100000111100101001110011110010100110001111001010010100111100101001000011110010100011 c"
08
#261500
b1000001101101000100000110110010010000011011000001000001101011100100000110101100010000011010101101000001101010010100000110100111 h"
18
#261510
0>
#262000
08
#262500
01
18
#263000
08
#263500
18
#264000
1>
b111100100000110011110010000010001111001000000100111100100000000011110001111111001111000111111000111100011111010011110001111100 e"
b111101111100110011110111110010001111011111000100111101111100000011110111101111001111011110111000111101111011010011110111101100 d"
b111100101010110011110010101010001111001010100100111100101010000011110010100111001111001010011000111100101001010011110010100100 c"
08
#264500
b1000001101110100100000110111000010000011011011001000001101101000100000110110010010000011011000101000001101011110100000110101101 h"
11
18
#264510
0>
#265000
1>
b111100100010100011110010001001001111001000100000111100100001110011110010000110001111001000010100111100100001000011110010000011 e"
b111101111101100011110111110101001111011111010000111101111100110011110111110010001111011111000100111101111100000011110111101111 d"
b111100101011000011110010101011001111001010101000111100101010010011110010101000001111001010011100111100101001100011110010100101 c"
08
#265500
b1000001110000000100000110111110010000011011110001000001101110100100000110111000010000011011011101000001101101010100000110110011 h"
18
#265510
0>
#266000
1>
b111100100100010011110010010000001111001000111100111100100011100011110010001101001111001000110000111100100010110011110010001010 e"
b111101111110010011110111111000001111011111011100111101111101100011110111110101001111011111010000111101111100110011110111110010 d"
b111100101011010011110010101100001111001010101100111100101010100011110010101001001111001010100000111100101001110011110010100110 c"
08
#266500
b1000001110001100100000111000100010000011100001001000001110000000100000110111110010000011011110101000001101110110100000110111001 h"
18
#266510
0>
#267000
1>
b111100100110000011110010010111001111001001011000111100100101010011110010010100001111001001001100111100100100100011110010010001 e"
b111101111111000011110111111011001111011111101000111101111110010011110111111000001111011111011100111101111101100011110111110101 d"
b111100101011100011110010101101001111001010110000111100101010110011110010101010001111001010100100111100101010000011110010100111 c"
08
#267500
b1000001110011000100000111001010010000011100100001000001110001100100000111000100010000011100001101000001110000010100000110111111 h"
18
#267510
0>
#268000
08
#268500
01
18
#269000
08
#269500
18
#270000
1>
b111100100111110011110010011110001111001001110100111100100111000011110010011011001111001001101000111100100110010011110010011000 e"
b111101111111110011110111111110001111011111110100111101111111000011110111111011001111011111101000111101111110010011110111111000 d"
b111100101011110011110010101110001111001010110100111100101011000011110010101011001111001010101000111100101010010011110010101000 c"
08
#270500
b1000001110100100100000111010000010000011100111001000001110011000100000111001010010000011100100101000001110001110100000111000101 h"
11
18
#270510
0>
#271000
1>
b111100101001100011110010100101001111001010010000111100101000110011110010100010001111001010000100111100101000000011110010011111 e"
b111110000000100011111000000001001111100000000000111101111111110011110111111110001111011111110100111101111111000011110111111011 d"
b111100101100000011110010101111001111001010111000111100101011010011110010101100001111001010101100111100101010100011110010101001 c"
08
#271500
b1000001110110000100000111010110010000011101010001000001110100100100000111010000010000011100111001000001110011010100000111001011 h"
18
#271510
0>
#272000
1>
b111100101011010011110010101100001111001010101100111100101010100011110010101001001111001010100000111100101001110011110010100110 e"
b111110000001010011111000000100001111100000001100111110000000100011111000000001001111100000000000111101111111110011110111111110 d"
b111100101100010011110010110000001111001010111100111100101011100011110010101101001111001010110000111100101010110011110010101010 c"
08
#272500
b1000001110111100100000111011100010000011101101001000001110110000100000111010110010000011101010101000001110100110100000111010001 h"
18
#272510
0>
#273000
1>
b111100101101000011110010110011001111001011001000111100101100010011110010110000001111001010111100111100101011100011110010101101 e"
b111110000010000011111000000111001111100000011000111110000001010011111000000100001111100000001100111110000000100011111000000001 d"
b111100101100100011110010110001001111001011000000111100101011110011110010101110001111001010110100111100101011000011110010101011 c"
08
#273500
b1000001111001000100000111100010010000011110000001000001110111100100000111011100010000011101101101000001110110010100000111010111 h"
18
#273510
0>
#274000
08
#274500
01
18
#275000
08
#275500
18
#276000
1>
b111100101110110011110010111010001111001011100100111100101110000011110010110111001111001011011000111100101101010011110010110100 e"
b111110000010110011111000001010001111100000100100111110000010000011111000000111001111100000011000111110000001010011111000000100 d"
b111100101100110011110010110010001111001011000100111100101100000011110010101111001111001010111000111100101011010011110010101100 c"
08
#276500
b1000001111010100100000111101000010000011110011001000001111001000100000111100010010000011110000101000001110111110100000111011101 h"
11
18
#276510
0>
#277000
1>
b111100110000100011110011000001001111001100000000111100101111110011110010111110001111001011110100111100101111000011110010111011 e"
b111110000011100011111000001101001111100000110000111110000010110011111000001010001111100000100100111110000010000011111000000111 d"
b111100101101000011110010110011001111001011001000111100101100010011110010110000001111001010111100111100101011100011110010101101 c"
08
#277500
b1000001111100000100000111101110010000011110110001000001111010100100000111101000010000011110011101000001111001010100000111100011 h"
18
#277510
0>
#278000
1>
b111100110010010011110011001000001111001100011100111100110001100011110011000101001111001100010000111100110000110011110011000010 e"
b111110000100010011111000010000001111100000111100111110000011100011111000001101001111100000110000111110000010110011111000001010 d"
b111100101101010011110010110100001111001011001100111100101100100011110010110001001111001011000000111100101011110011110010101110 c"
08
#278500
b1000001111101100100000111110100010000011111001001000001111100000100000111101110010000011110110101000001111010110100000111101001 h"
18
#278510
0>
#279000
1>
b111100110100000011110011001111001111001100111000111100110011010011110011001100001111001100101100111100110010100011110011001001 e"
b111110000101000011111000010011001111100001001000111110000100010011111000010000001111100000111100111110000011100011111000001101 d"
b111100101101100011110010110101001111001011010000111100101100110011110010110010001111001011000100111100101100000011110010101111 c"
08
#279500
b1000001111111000100000111111010010000011111100001000001111101100100000111110100010000011111001101000001111100010100000111101111 h"
18
#279510
0>
#280000
08
#280500
01
18
#281000
08
#281500
18
#282000
1>
b111100110101110011110011010110001111001101010100111100110101000011110011010011001111001101001000111100110100010011110011010000 e"
b111110000101110011111000010110001111100001010100111110000101000011111000010011001111100001001000111110000100010011111000010000 d"
b111100101101110011110010110110001111001011010100111100101101000011110010110011001111001011001000111100101100010011110010110000 c"
08
#282500
b1000010000000100100001000000000010000011111111001000001111111000100000111111010010000011111100101000001111101110100000111110101 h"
11
18
#282510
0>
#283000
1>
b111100110111100011110011011101001111001101110000111100110110110011110011011010001111001101100100111100110110000011110011010111 e"
b111110000110100011111000011001001111100001100000111110000101110011111000010110001111100001010100111110000101000011111000010011 d"
b111100101110000011110010110111001111001011011000111100101101010011110010110100001111001011001100111100101100100011110010110001 c"
08
#283500
b1000010000010000100001000000110010000100000010001000010000000100100001000000000010000011111111101000001111111010100000111111011 h"
18
#283510
0>
#284000
1>
b111100111001010011110011100100001111001110001100111100111000100011110011100001001111001110000000111100110111110011110011011110 e"
b111110000111010011111000011100001111100001101100111110000110100011111000011001001111100001100000111110000101110011111000010110 d"
b111100101110010011110010111000001111001011011100111100101101100011110010110101001111001011010000111100101100110011110010110010 c"
08
#284500
b1000010000011100100001000001100010000100000101001000010000010000100001000000110010000100000010101000010000000110100001000000001 h"
18
#284510
0>
#285000
1>
b111100111011000011110011101011001111001110101000111100111010010011110011101000001111001110011100111100111001100011110011100101 e"
b111110001000000011111000011111001111100001111000111110000111010011111000011100001111100001101100111110000110100011111000011001 d"
b111100101110100011110010111001001111001011100000111100101101110011110010110110001111001011010100111100101101000011110010110011 c"
08
#285500
b1000010000101000100001000010010010000100001000001000010000011100100001000001100010000100000101101000010000010010100001000000111 h"
18
#285510
0>
#286000
08
#286500
01
18
#287000
08
#287500
18
#288000
1>
b111100111100110011110011110010001111001111000100111100111100000011110011101111001111001110111000111100111011010011110011101100 e"
b111110001000110011111000100010001111100010000100111110001000000011111000011111001111100001111000111110000111010011111000011100 d"
b111100101110110011110010111010001111001011100100111100101110000011110010110111001111001011011000111100101101010011110010110100 c"
08
#288500
b1000010000110100100001000011000010000100001011001000010000101000100001000010011010000100001000101000010000011110100001000001101 h"
11
18
#288510
0>
#289000
1>
b111100111110100011110011111001001111001111100000111100111101110011110011110110001111001111010100111100111101000011110011110011 e"
b111110001001100011111000100101001111100010010000111110001000110011111000100010001111100010000100111110001000000011111000011111 d"
b111100101111000011110010111011001111001011101000111100101110010011110010111000001111001011011100111100101101100011110010110101 c"
08
#289500
b1000010001000000100001000011110010000100001110001000010000110100100001000011001010000100001011101000010000101010100001000010011 h"
18
#289510
0>
#290000
1>
b111101000000010011110100000000001111001111111100111100111111100011110011111101001111001111110000111100111110110011110011111010 e"
b111110001010010011111000101000001111100010011100111110001001100011111000100101001111100010010000111110001000110011111000100010 d"
b111100101111010011110010111100001111001011101100111100101110100011110010111001001111001011100000111100101101110011110010110110 c"
08
#290500
b1000010001001100100001000100100010000100010001001000010001000000100001000011111010000100001110101000010000110110100001000011001 h"
18
#290510
0>
#291000
1>
b111101000010000011110100000111001111010000011000111101000001010011110100000100001111010000001100111101000000100011110100000001 e"
b111110001011000011111000101011001111100010101000111110001010010011111000101000001111100010011100111110001001100011111000100101 d"
b111100101111100011110010111101001111001011110000111100101110110011110010111010001111001011100100111100101110000011110010110111 c"
08
#291500
b1000010001011000100001000101010010000100010100001000010001001100100001000100101010000100010001101000010001000010100001000011111 h"
18
#291510
0>
#292000
08
#292500
01
18
#293000
08
#293500
18
#294000
1>
b111101000011110011110100001110001111010000110100111101000011000011110100001011001111010000101000111101000010010011110100001000 e"
b111110001011110011111000101110001111100010110100111110001011000011111000101011001111100010101000111110001010010011111000101000 d"
b111100101111110011110010111110001111001011110100111100101111000011110010111011001111001011101000111100101110010011110010111000 c"
08
#294500
b1000010001100100100001000110000010000100010111001000010001011010100001000101011010000100010100101000010001001110100001000100101 h"
11
18
#294510
0>
#295000
1>
b111101000101100011110100010101001111010001010000111101000100110011110100010010001111010001000100111101000100000011110100001111 e"
b111110001100100011111000110001001111100011000000111110001011110011111000101110001111100010110100111110001011000011111000101011 d"
b111100110000000011110010111111001111001011111000111100101111010011110010111100001111001011101100111100101110100011110010111001 c"
08
#295500
b1000010001110000100001000110110010000100011010001000010001100110100001000110001010000100010111101000010001011010100001000101011 h"
18
#295510
0>
#296000
1>
b111101000111010011110100011100001111010001101100111101000110100011110100011001001111010001100000111101000101110011110100010110 e"
b111110001101010011111000110100001111100011001100111110001100100011111000110001001111100011000000111110001011110011111000101110 d"
b111100110000010011110011000000001111001011111100111100101111100011110010111101001111001011110000111100101110110011110010111010 c"
08
#296500
b1000010001111100100001000111100010000100011101101000010001110010100001000110111010000100011010101000010001100110100001000110001 h"
18
#296510
0>
#297000
1>
b111101001001000011110100100011001111010010001000111101001000010011110100100000001111010001111100111101000111100011110100011101 e"
b111110001110000011111000110111001111100011011000111110001101010011111000110100001111100011001100111110001100100011111000110001 d"
b111100110000100011110011000001001111001100000000111100101111110011110010111110001111001011110100111100101111000011110010111011 c"
08
#297500
b1000010010001000100001001000010010000100100000101000010001111110100001000111101010000100011101101000010001110010100001000110111 h"
18
#297510
0>
#298000
08
#298500
01
18
#299000
08
#299500
18
#300000
1>
b111101001010110011110100101010001111010010100100111101001010000011110100100111001111010010011000111101001001010011110100100100 e"
b111110001110110011111000111010001111100011100100111110001110000011111000110111001111100011011000111110001101010011111000110100 d"
b111100110000110011110011000010001111001100000100111100110000000011110010111111001111001011111000111100101111010011110010111100 c"
08
#300500
b1000010010010100100001001001000010000100100011101000010010001010100001001000011010000100100000101000010001111110100001000111101 h"
11
18
#300510
0>
#301000
1>
b111101001100100011110100110001001111010011000000111101001011110011110100101110001111010010110100111101001011000011110100101011 e"
b111110001111100011111000111101001111100011110000111110001110110011111000111010001111100011100100111110001110000011111000110111 d"
b111100110001000011110011000011001111001100001000111100110000010011110011000000001111001011111100111100101111100011110010111101 c"
08
#301500
b1000010010100000100001001001111010000100100110101000010010010110100001001001001010000100100011101000010010001010100001001000011 h"
18
#301510
0>
#302000
1>
b111101001110010011110100111000001111010011011100111101001101100011110100110101001111010011010000111101001100110011110100110010 e"
b111110010000010011111001000000001111100011111100111110001111100011111000111101001111100011110000111110001110110011111000111010 d"
b111100110001010011110011000100001111001100001100111100110000100011110011000001001111001100000000111100101111110011110010111110 c"
08
#302500
b1000010010101110100001001010101010000100101001101000010010100010100001001001111010000100100110101000010010010110100001001001001 h"
18
#302510
0>
#303000
1>
b111101010000000011110100111111001111010011111000111101001111010011110100111100001111010011101100111101001110100011110100111001 e"
b111110010001000011111001000011001111100100001000111110010000010011111001000000001111100011111100111110001111100011111000111101 d"
b111100110001100011110011000101001111001100010000111100110000110011110011000010001111001100000100111100110000000011110010111111 c"
08
#303500
b1000010010111010100001001011011010000100101100101000010010101110100001001010101010000100101001101000010010100010100001001001111 h"
18
#303510
0>
#304000
08
#304500
01
18
#305000
08
#305500
18
#306000
1>
b111101010001110011110101000110001111010100010100111101010001000011110101000011001111010100001000111101010000010011110101000000 e"
b111110010001110011111001000110001111100100010100111110010001000011111001000011001111100100001000111110010000010011111001000000 d"
b111100110001110011110011000110001111001100010100111100110001000011110011000011001111001100001000111100110000010011110011000000 c"
08
#306500
b1000010011000110100001001100001010000100101111101000010010111010100001001011011010000100101100101000010010101110100001001010110 h"
11
18
#306510
0>
#307000
1>
b111101010011100011110101001101001111010100110000111101010010110011110101001010001111010100100100111101010010000011110101000111 e"
b111110010010100011111001001001001111100100100000111110010001110011111001000110001111100100010100111110010001000011111001000011 d"
b111100110010000011110011000111001111001100011000111100110001010011110011000100001111001100001100111100110000100011110011000001 c"
08
#307500
b1000010011010010100001001100111010000100110010101000010011000110100001001100001010000100101111101000010010111010100001001011100 h"
18
#307510
0>
#308000
1>
b111101010101010011110101010100001111010101001100111101010100100011110101010001001111010101000000111101010011110011110101001110 e"
b111110010011010011111001001100001111100100101100111110010010100011111001001001001111100100100000111110010001110011111001000110 d"
b111100110010010011110011001000001111001100011100111100110001100011110011000101001111001100010000111100110000110011110011000010 c"
08
#308500
b1000010011011110100001001101101010000100110101101000010011010010100001001100111010000100110010101000010011001000100001001100010 h"
18
#308510
0>
#309000
1>
b111101010111000011110101011011001111010101101000111101010110010011110101011000001111010101011100111101010101100011110101010101 e"
b111110010100000011111001001111001111100100111000111110010011010011111001001100001111100100101100111110010010100011111001001001 d"
b111100110010100011110011001001001111001100100000111100110001110011110011000110001111001100010100111100110001000011110011000011 c"
08
#309500
b1000010011101010100001001110011010000100111000101000010011011110100001001101101010000100110101101000010011010100100001001101000 h"
18
#309510
0>
#310000
08
#310500
01
18
#311000
08
#311500
18
#312000
1>
b111101011000110011110101100010001111010110000100111101011000000011110101011111001111010101111000111101010111010011110101011100 e"
b111110010100110011111001010010001111100101000100111110010100000011111001001111001111100100111000111110010011010011111001001100 d"
b111100110010110011110011001010001111001100100100111100110010000011110011000111001111001100011000111100110001010011110011000100 c"
08
#312500
b1000010011110110100001001111001010000100111011101000010011101010100001001110011010000100111001001000010011100000100001001101110 h"
11
18
#312510
0>
#313000
1>
b111101011010100011110101101001001111010110100000111101011001110011110101100110001111010110010100111101011001000011110101100011 e"
b111110010101100011111001010101001111100101010000111110010100110011111001010010001111100101000100111110010100000011111001001111 d"
b111100110011000011110011001011001111001100101000111100110010010011110011001000001111001100011100111100110001100011110011000101 c"
08
#313500
b1000010100000010100001001111111010000100111110101000010011110110100001001111010010000100111100001000010011101100100001001110100 h"
18
#313510
0>
#314000
1>
b111101011100010011110101110000001111010110111100111101011011100011110101101101001111010110110000111101011010110011110101101010 e"
b111110010110010011111001011000001111100101011100111110010101100011111001010101001111100101010000111110010100110011111001010010 d"
b111100110011010011110011001100001111001100101100111100110010100011110011001001001111001100100000111100110001110011110011000110 c"
08
#314500
b1000010100001110100001010000101010000101000001101000010100000010100001010000000010000100111111001000010011111000100001001111010 h"
18
#314510
0>
#315000
1>
b111101011110000011110101110111001111010111011000111101011101010011110101110100001111010111001100111101011100100011110101110001 e"
b111110010111000011111001011011001111100101101000111110010110010011111001011000001111100101011100111110010101100011111001010101 d"
b111100110011100011110011001101001111001100110000111100110010110011110011001010001111001100100100111100110010000011110011000111 c"
08
#315500
b1000010100011010100001010001011010000101000100101000010100010000100001010000110010000101000010001000010100000100100001010000000 h"
18
#315510
0>
#316000
08
#316500
01
18
#317000
08
#317500
18
#318000
1>
b111101011111110011110101111110001111010111110100111101011111000011110101111011001111010111101000111101011110010011110101111000 e"
b111110010111110011111001011110001111100101110100111110010111000011111001011011001111100101101000111110010110010011111001011000 d"
b111100110011110011110011001110001111001100110100111100110011000011110011001011001111001100101000111100110010010011110011001000 c"
08
#318500
b1000010100100110100001010010001010000101001000001000010100011100100001010001100010000101000101001000010100010000100001010000110 h"
11
18
#318510
0>
#319000
1>
b111101100001100011110110000101001111011000010000111101100000110011110110000010001111011000000100111101100000000011110101111111 e"
b111110011000100011111001100001001111100110000000111110010111110011111001011110001111100101110100111110010111000011111001011011 d"
b111100110100000011110011001111001111001100111000111100110011010011110011001100001111001100101100111100110010100011110011001001 c"
08
#319500
b1000010100110010100001010011000010000101001011001000010100101000100001010010010010000101001000001000010100011100100001010001100 h"
18
#319510
0>
#320000
1>
b111101100011010011110110001100001111011000101100111101100010100011110110001001001111011000100000111101100001110011110110000110 e"
b111110011001010011111001100100001111100110001100111110011000100011111001100001001111100110000000111110010111110011111001011110 d"
b111100110100010011110011010000001111001100111100111100110011100011110011001101001111001100110000111100110010110011110011001010 c"
08
#320500
b1000010101000000100001010011110010000101001110001000010100110100100001010011000010000101001011001000010100101000100001010010010 h"
18
#320510
0>
#321000
1>
b111101100101000011110110010011001111011001001000111101100100010011110110010000001111011000111100111101100011100011110110001101 e"
b111110011010000011111001100111001111100110011000111110011001010011111001100100001111100110001100111110011000100011111001100001 d"
b111100110100100011110011010001001111001101000000111100110011110011110011001110001111001100110100111100110011000011110011001011 c"
08
#321500
b1000010101001100100001010100100010000101010001001000010101000000100001010011110010000101001110001000010100110100100001010011000 h"
18
#321510
0>
#322000
08
#322500
01
18
#323000
08
#323500
18
#324000
1>
b111101100110110011110110011010001111011001100100111101100110000011110110010111001111011001011000111101100101010011110110010100 e"
b111110011010110011111001101010001111100110100100111110011010000011111001100111001111100110011000111110011001010011111001100100 d"
b111100110100110011110011010010001111001101000100111100110100000011110011001111001111001100111000111100110011010011110011001100 c"
08
#324500
b1000010101011000100001010101010010000101010100001000010101001100100001010100100010000101010001001000010101000000100001010011110 h"
11
18
#324510
0>
#325000
1>
b111101101000100011110110100001001111011010000000111101100111110011110110011110001111011001110100111101100111000011110110011011 e"
b111110011011100011111001101101001111100110110000111110011010110011111001101010001111100110100100111110011010000011111001100111 d"
b111100110101000011110011010011001111001101001000111100110100010011110011010000001111001100111100111100110011100011110011001101 c"
08
#325500
b1000010101100100100001010110000010000101010111001000010101011000100001010101010010000101010100001000010101001100100001010100101 h"
18
#325510
0>
#326000
1>
b111101101010010011110110101000001111011010011100111101101001100011110110100101001111011010010000111101101000110011110110100010 e"
b111110011100010011111001110000001111100110111100111110011011100011111001101101001111100110110000111110011010110011111001101010 d"
b111100110101010011110011010100001111001101001100111100110100100011110011010001001111001101000000111100110011110011110011001110 c"
08
#326500
b1000010101110000100001010110110010000101011010001000010101100100100001010110000010000101010111001000010101011010100001010101011 h"
18
#326510
0>
#327000
1>
b111101101100000011110110101111001111011010111000111101101011010011110110101100001111011010101100111101101010100011110110101001 e"
b111110011101000011111001110011001111100111001000111110011100010011111001110000001111100110111100111110011011100011111001101101 d"
b111100110101100011110011010101001111001101010000111100110100110011110011010010001111001101000100111100110100000011110011001111 c"
08
#327500
b1000010101111100100001010111100010000101011101001000010101110000100001010110110010000101011010101000010101100110100001010110001 h"
18
#327510
0>
#328000
08
#328500
01
18
#329000
08
#329500
18
#330000
1>
b111101101101110011110110110110001111011011010100111101101101000011110110110011001111011011001000111101101100010011110110110000 e"
b111110011101110011111001110110001111100111010100111110011101000011111001110011001111100111001000111110011100010011111001110000 d"
b111100110101110011110011010110001111001101010100111100110101000011110011010011001111001101001000111100110100010011110011010000 c"
08
#330500
b1000010110001000100001011000010010000101100000001000010101111110100001010111101010000101011101101000010101110010100001010110111 h"
11
18
#330510
0>
#331000
1>
b111101101111100011110110111101001111011011110000111101101110110011110110111010001111011011100100111101101110000011110110110111 e"
b111110011110100011111001111001001111100111100000111110011101110011111001110110001111100111010100111110011101000011111001110011 d"
b111100110110000011110011010111001111001101011000111100110101010011110011010100001111001101001100111100110100100011110011010001 c"
08
#331500
b1000010110010100100001011001000010000101100011101000010110001010100001011000011010000101100000101000010101111110100001010111101 h"
18
#331510
0>
#332000
1>
b111101110001010011110111000100001111011100001100111101110000100011110111000001001111011100000000111101101111110011110110111110 e"
b111110011111010011111001111100001111100111101100111110011110100011111001111001001111100111100000111110011101110011111001110110 d"
b111100110110010011110011011000001111001101011100111100110101100011110011010101001111001101010000111100110100110011110011010010 c"
08
#332500
b1000010110100000100001011001111010000101100110101000010110010110100001011001001010000101100011101000010110001010100001011000011 h"
18
#332510
0>
#333000
1>
b111101110011000011110111001011001111011100101000111101110010010011110111001000001111011100011100111101110001100011110111000101 e"
b111110100000000011111001111111001111100111111000111110011111010011111001111100001111100111101100111110011110100011111001111001 d"
b111100110110100011110011011001001111001101100000111100110101110011110011010110001111001101010100111100110101000011110011010011 c"
08
#333500
b1000010110101110100001011010101010000101101001101000010110100010100001011001111010000101100110101000010110010110100001011001001 h"
18
#333510
0>
#334000
08
#334500
01
18
#335000
08
#335500
18
#336000
1>
b111101110100110011110111010010001111011101000100111101110100000011110111001111001111011100111000111101110011010011110111001100 e"
b111110100000110011111010000010001111101000000100111110100000000011111001111111001111100111111000111110011111010011111001111100 d"
b111100110110110011110011011010001111001101100100111100110110000011110011010111001111001101011000111100110101010011110011010100 c"
08
#336500
b1000010110111010100001011011011010000101101100101000010110101110100001011010101010000101101001101000010110100010100001011001111 h"
11
18
#336510
0>
#337000
1>
b111101110110100011110111011001001111011101100000111101110101110011110111010110001111011101010100111101110101000011110111010011 e"
b111110100001100011111010000101001111101000010000111110100000110011111010000010001111101000000100111110100000000011111001111111 d"
b111100110111000011110011011011001111001101101000111100110110010011110011011000001111001101011100111100110101100011110011010101 c"
08
#337500
b1000010111000110100001011100001010000101101111101000010110111010100001011011011010000101101100101000010110101110100001011010101 h"
18
#337510
0>
#338000
1>
b111101111000010011110111100000001111011101111100111101110111100011110111011101001111011101110000111101110110110011110111011010 e"
b111110100010010011111010001000001111101000011100111110100001100011111010000101001111101000010000111110100000110011111010000010 d"
b111100110111010011110011011100001111001101101100111100110110100011110011011001001111001101100000111100110101110011110011010110 c"
08
#338500
b1000010111010010100001011100111010000101110010101000010111000110100001011100001010000101101111101000010110111100100001011011100 h"
18
#338510
0>
#339000
1>
b111101111010000011110111100111001111011110011000111101111001010011110111100100001111011110001100111101111000100011110111100001 e"
b111110100011000011111010001011001111101000101000111110100010010011111010001000001111101000011100111110100001100011111010000101 d"
b111100110111100011110011011101001111001101110000111100110110110011110011011010001111001101100100111100110110000011110011010111 c"
08
#339500
b1000010111011110100001011101101010000101110101101000010111010010100001011100111010000101110011001000010111001000100001011100010 h"
18
#339510
0>
#340000
08
#340500
01
18
#341000
08
#341500
18
#342000
1>
b111101111011110011110111101110001111011110110100111101111011000011110111101011001111011110101000111101111010010011110111101000 e"
b111110100011110011111010001110001111101000110100111110100011000011111010001011001111101000101000111110100010010011111010001000 d"
b111100110111110011110011011110001111001101110100111100110111000011110011011011001111001101101000111100110110010011110011011000 c"
08
#342500
b1000010111101010100001011110011010000101111000101000010111100000100001011101110010000101110110001000010111010100100001011101000 h"
11
18
#342510
0>
#343000
1>
b111101111101100011110111110101001111011111010000111101111100110011110111110010001111011111000100111101111100000011110111101111 e"
b111110100100100011111010010001001111101001000000111110100011110011111010001110001111101000110100111110100011000011111010001011 d"
b111100111000000011110011011111001111001101111000111100110111010011110011011100001111001101101100111100110110100011110011011001 c"
08
#343500
b1000010111110110100001011111010010000101111100001000010111101100100001011110100010000101111001001000010111100000100001011101110 h"
18
#343510
0>
#344000
1>
b111101111111010011110111111100001111011111101100111101111110100011110111111001001111011111100000111101111101110011110111110110 e"
b111110100101010011111010010100001111101001001100111110100100100011111010010001001111101001000000111110100011110011111010001110 d"
b111100111000010011110011100000001111001101111100111100110111100011110011011101001111001101110000111100110110110011110011011010 c"
08
#344500
b1000011000000010100001100000000010000101111110101000010111111000100001011111010010000101111100001000010111101100100001011110100 h"
18
#344510
0>
#345000
1>
b111110000001000011111000000011001111100000001000111110000000010011111000000000001111011111111100111101111111100011110111111101 e"
b111110100110000011111010010111001111101001011000111110100101010011111010010100001111101001001100111110100100100011111010010001 d"
b111100111000100011110011100001001111001110000000111100110111110011110011011110001111001101110100111100110111000011110011011011 c"
08
#345500
b1000011000010000100001100000101010000110000010001000011000000010100001100000000010000101111111001000010111111000100001011111010 h"
18
#345510
0>
#346000
08
#346500
01
18
#347000
08
#347500
18
#348000
1>
b111110000010110011111000001010001111100000100100111110000010000011111000000111001111100000011000111110000001010011111000000100 e"
b111110100110110011111010011010001111101001100100111110100110000011111010010111001111101001011000111110100101010011111010010100 d"
b111100111000110011110011100010001111001110000100111100111000000011110011011111001111001101111000111100110111010011110011011100 c"
08
#348500
b1000011000011010100001100001100010000110000101001000011000010000100001100000110010000110000010001000011000000100100001100000000 h"
11
18
#348510
0>
#349000
1>
b111110000100100011111000010001001111100001000000111110000011110011111000001110001111100000110100111110000011000011111000001011 e"
b111110100111100011111010011101001111101001110000111110100110110011111010011010001111101001100100111110100110000011111010010111 d"
b111100111001000011110011100011001111001110001000111100111000010011110011100000001111001101111100111100110111100011110011011101 c"
08
#349500
b1000011000101000100001100010010010000110001000001000011000011100100001100001100010000110000101001000011000010000100001100000110 h"
18
#349510
0>
#350000
1>
b111110000110010011111000011000001111100001011100111110000101100011111000010101001111100001010000111110000100110011111000010010 e"
b111110101000010011111010100000001111101001111100111110100111100011111010011101001111101001110000111110100110110011111010011010 d"
b111100111001010011110011100100001111001110001100111100111000100011110011100001001111001110000000111100110111110011110011011110 c"
08
#350500
b1000011000110100100001100011000010000110001011001000011000101000100001100010010010000110001000101000011000011100100001100001101 h"
18
#350510
0>
#351000
1>
b111110001000000011111000011111001111100001111000111110000111010011111000011100001111100001101100111110000110100011111000011001 e"
b111110101001000011111010100011001111101010001000111110101000010011111010100000001111101001111100111110100111100011111010011101 d"
b111100111001100011110011100101001111001110010000111100111000110011110011100010001111001110000100111100111000000011110011011111 c"
08
#351500
b1000011001000000100001100011110010000110001110101000011000110100100001100011001010000110001011001000011000101010100001100010010 h"
18
#351510
0>
#352000
08
#352500
01
18
#353000
08
#353500
18
#354000
1>
b111110001001110011111000100110001111100010010100111110001001000011111000100011001111100010001000111110001000010011111000100000 e"
b111110101001110011111010100110001111101010010100111110101001000011111010100011001111101010001000111110101000010011111010100000 d"
b111100111001110011110011100110001111001110010100111100111001000011110011100011001111001110001000111100111000010011110011100000 c"
08
#354500
b1000011001001100100001100100101010000110010001001000011001000010100001100011110010000110001110101000011000110100100001100011001 h"
11
18
#354510
0>
#355000
1>
b111110001011100011111000101101001111100010110000111110001010110011111000101010001111100010100100111110001010000011111000100111 e"
b111110101010100011111010101001001111101010100000111110101001110011111010100110001111101010010100111110101001000011111010100011 d"
b111100111010000011110011100111001111001110011000111100111001010011110011100100001111001110001100111100111000100011110011100001 c"
08
#355500
b1000011001011010100001100101010010000110010100101000011001001100100001100100101010000110010001101000011001000010100001100011111 h"
18
#355510
0>
#356000
1>
b111110001101010011111000110100001111100011001100111110001100100011111000110001001111100011000000111110001011110011111000101110 e"
b111110101011010011111010101100001111101010101100111110101010100011111010101001001111101010100000111110101001110011111010100110 d"
b111100111010010011110011101000001111001110011100111100111001100011110011100101001111001110010000111100111000110011110011100010 c"
08
#356500
b1000011001100100100001100110001010000110010111101000011001011010100001100101011010000110010100101000011001001110100001100100101 h"
18
#356510
0>
#357000
1>
b111110001111000011111000111011001111100011101000111110001110010011111000111000001111100011011100111110001101100011111000110101 e"
b111110101100000011111010101111001111101010111000111110101011010011111010101100001111101010101100111110101010100011111010101001 d"
b111100111010100011110011101001001111001110100000111100111001110011110011100110001111001110010100111100111001000011110011100011 c"
08
#357500
b1000011001110010100001100110111010000110011010101000011001100110100001100110001010000110010111101000011001011010100001100101011 h"
18
#357510
0>
#358000
08
#358500
01
18
#359000
08
#359500
18
#360000
1>
b111110010000110011111001000010001111100100000100111110010000000011111000111111001111100011111000111110001111010011111000111100 e"
b111110101100110011111010110010001111101011000100111110101100000011111010101111001111101010111000111110101011010011111010101100 d"
b111100111010110011110011101010001111001110100100111100111010000011110011100111001111001110011000111100111001010011110011100100 c"
08
#360500
b1000011001111110100001100111101010000110011101101000011001110010100001100110111010000110011011001000011001100110100001100110010 h"
11
18
#360510
0>
#361000
1>
b111110010010100011111001001001001111100100100000111110010001110011111001000110001111100100010100111110010001000011111001000011 e"
b111110101101100011111010110101001111101011010000111110101100110011111010110010001111101011000100111110101100000011111010101111 d"
b111100111011000011110011101011001111001110101000111100111010010011110011101000001111001110011100111100111001100011110011100101 c"
08
#361500
b1000011010001010100001101000011010000110100001001000011001111110100001100111110010000110011101101000011001110100100001100110111 h"
18
#361510
0>
#362000
1>
b111110010100010011111001010000001111100100111100111110010011100011111001001101001111100100110000111110010010110011111001001010 e"
b111110101110010011111010111000001111101011011100111110101101100011111010110101001111101011010000111110101100110011111010110010 d"
b111100111011010011110011101100001111001110101100111100111010100011110011101001001111001110100000111100111001110011110011100110 c"
08
#362500
b1000011010010110100001101001010010000110100011101000011010001100100001101000011010000110100001001000011001111110100001100111110 h"
18
#362510
0>
#363000
1>
b111110010110000011111001010111001111100101011000111110010101010011111001010100001111100101001100111110010100100011111001010001 e"
b111110101111000011111010111011001111101011101000111110101110010011111010111000001111101011011100111110101101100011111010110101 d"
b111100111011100011110011101101001111001110110000111100111010110011110011101010001111001110100100111100111010000011110011100111 c"
08
#363500
b1000011010100100100001101001111010000110100111001000011010010110100001101001010010000110100100001000011010001100100001101000100 h"
18
#363510
0>
#364000
08
#364500
01
18
#365000
08
#365500
18
#366000
1>
b111110010111110011111001011110001111100101110100111110010111000011111001011011001111100101101000111110010110010011111001011000 e"
b111110101111110011111010111110001111101011110100111110101111000011111010111011001111101011101000111110101110010011111010111000 d"
b111100111011110011110011101110001111001110110100111100111011000011110011101011001111001110101000111100111010010011110011101000 c"
08
#366500
b1000011010110000100001101010110010000110101010001000011010100100100001101010000010000110100111001000011010011000100001101001010 h"
11
18
#366510
0>
#367000
1>
b111110011001100011111001100101001111100110010000111110011000110011111001100010001111100110000100111110011000000011111001011111 e"
b111110110000100011111011000001001111101100000000111110101111110011111010111110001111101011110100111110101111000011111010111011 d"
b111100111100000011110011101111001111001110111000111100111011010011110011101100001111001110101100111100111010100011110011101001 c"
08
#367500
b1000011010111100100001101011100010000110101101001000011010110000100001101010110010000110101010001000011010100100100001101010000 h"
18
#367510
0>
#368000
1>
b111110011011010011111001101100001111100110101100111110011010100011111001101001001111100110100000111110011001110011111001100110 e"
b111110110001010011111011000100001111101100001100111110110000100011111011000001001111101100000000111110101111110011111010111110 d"
b111100111100010011110011110000001111001110111100111100111011100011110011101101001111001110110000111100111010110011110011101010 c"
08
#368500
b1000011011001000100001101100010010000110110000001000011010111110100001101011100010000110101101101000011010110000100001101010111 h"
18
#368510
0>
#369000
1>
b111110011101000011111001110011001111100111001000111110011100010011111001110000001111100110111100111110011011100011111001101101 e"
b111110110010000011111011000111001111101100011000111110110001010011111011000100001111101100001100111110110000100011111011000001 d"
b111100111100100011110011110001001111001111000000111100111011110011110011101110001111001110110100111100111011000011110011101011 c"
08
#369500
b1000011011010110100001101101000010000110110011101000011011001000100001101100011010000110110000001000011010111110100001101011100 h"
18
#369510
0>
#370000
08
#370500
01
18
#371000
08
#371500
18
#372000
1>
b111110011110110011111001111010001111100111100100111110011110000011111001110111001111100111011000111110011101010011111001110100 e"
b111110110010110011111011001010001111101100100100111110110010000011111011000111001111101100011000111110110001010011111011000100 d"
b111100111100110011110011110010001111001111000100111100111100000011110011101111001111001110111000111100111011010011110011101100 c"
08
#372500
b1000011011100000100001101101111010000110110110001000011011010110100001101101000010000110110011101000011011001010100001101100011 h"
11
18
#372510
0>
#373000
1>
b111110100000100011111010000001001111101000000000111110011111110011111001111110001111100111110100111110011111000011111001111011 e"
b111110110011100011111011001101001111101100110000111110110010110011111011001010001111101100100100111110110010000011111011000111 d"
b111100111101000011110011110011001111001111001000111100111100010011110011110000001111001110111100111100111011100011110011101101 c"
08
#373500
b1000011011101110100001101110101010000110111001101000011011100010100001101101111010000110110110101000011011010110100001101101001 h"
18
#373510
0>
#374000
1>
b111110100010010011111010001000001111101000011100111110100001100011111010000101001111101000010000111110100000110011111010000010 e"
b111110110100010011111011010000001111101100111100111110110011100011111011001101001111101100110000111110110010110011111011001010 d"
b111100111101010011110011110100001111001111001100111100111100100011110011110001001111001111000000111100111011110011110011101110 c"
08
#374500
b1000011011111010100001101111011010000110111100101000011011101110100001101110101010000110111001101000011011100010100001101101111 h"
18
#374510
0>
#375000
1>
b111110100100000011111010001111001111101000111000111110100011010011111010001100001111101000101100111110100010100011111010001001 e"
b111110110101000011111011010011001111101101001000111110110100010011111011010000001111101100111100111110110011100011111011001101 d"
b111100111101100011110011110101001111001111010000111100111100110011110011110010001111001111000100111100111100000011110011101111 c"
08
#375500
b1000011100000110100001110000001010000111000000001000011011111010100001101111100010000110111100101000011011110000100001101110101 h"
18
#375510
0>
#376000
08
#376500
01
18
#377000
08
#377500
18
#378000
1>
b111110100101110011111010010110001111101001010100111110100101000011111010010011001111101001001000111110100100010011111010010000 e"
b111110110101110011111011010110001111101101010100111110110101000011111011010011001111101101001000111110110100010011111011010000 d"
b111100111101110011110011110110001111001111010100111100111101000011110011110011001111001111001000111100111100010011110011110000 c"
08
#378500
b1000011100010010100001110001000010000111000010101000011100001000100001110000001010000111000000001000011011111010100001101111100 h"
11
18
#378510
0>
#379000
1>
b111110100111100011111010011101001111101001110000111110100110110011111010011010001111101001100100111110100110000011111010010111 e"
b111110110110100011111011011001001111101101100000111110110101110011111011010110001111101101010100111110110101000011111011010011 d"
b111100111110000011110011110111001111001111011000111100111101010011110011110100001111001111001100111100111100100011110011110001 c"
08
#379500
b1000011100100000100001110001101010000111000110001000011100010010100001110001000010000111000011001000011100001000100001110000010 h"
18
#379510
0>
#380000
1>
b111110101001010011111010100100001111101010001100111110101000100011111010100001001111101010000000111110100111110011111010011110 e"
b111110110111010011111011011100001111101101101100111110110110100011111011011001001111101101100000111110110101110011111011010110 d"
b111100111110010011110011111000001111001111011100111100111101100011110011110101001111001111010000111100111100110011110011110010 c"
08
#380500
b1000011100101100100001110010100010000111001001001000011100100000100001110001110010000111000110001000011100010100100001110001000 h"
18
#380510
0>
#381000
1>
b111110101011000011111010101011001111101010101000111110101010010011111010101000001111101010011100111110101001100011111010100101 e"
b111110111000000011111011011111001111101101111000111110110111010011111011011100001111101101101100111110110110100011111011011001 d"
b111100111110100011110011111001001111001111100000111100111101110011110011110110001111001111010100111100111101000011110011110011 c"
08
#381500
b1000011100111000100001110011010010000111001100001000011100101100100001110010100010000111001001001000011100100000100001110001110 h"
18
#381510
0>
#382000
08
#382500
01
18
#383000
08
#383500
18
#384000
1>
b111110101100110011111010110010001111101011000100111110101100000011111010101111001111101010111000111110101011010011111010101100 e"
b111110111000110011111011100010001111101110000100111110111000000011111011011111001111101101111000111110110111010011111011011100 d"
b111100111110110011110011111010001111001111100100111100111110000011110011110111001111001111011000111100111101010011110011110100 c"
08
#384500
b1000011101000100100001110100001010000111001111001000011100111010100001110011010010000111001100101000011100101100100001110010101 h"
11
18
#384510
0>
#385000
1>
b111110101110100011111010111001001111101011100000111110101101110011111010110110001111101011010100111110101101000011111010110011 e"
b111110111001100011111011100101001111101110010000111110111000110011111011100010001111101110000100111110111000000011111011011111 d"
b111100111111000011110011111011001111001111101000111100111110010011110011111000001111001111011100111100111101100011110011110101 c"
08
#385500
b1000011101010010100001110100110010000111010010101000011101000100100001110100001010000111001111001000011100111010100001110011010 h"
18
#385510
0>
#386000
1>
b111110110000010011111011000000001111101011111100111110101111100011111010111101001111101011110000111110101110110011111010111010 e"
b111110111010010011111011101000001111101110011100111110111001100011111011100101001111101110010000111110111000110011111011100010 d"
b111100111111010011110011111100001111001111101100111100111110100011110011111001001111001111100000111100111101110011110011110110 c"
08
#386500
b1000011101011110100001110101101010000111010101101000011101010010100001110100111010000111010010101000011101000110100001110100001 h"
18
#386510
0>
#387000
1>
b111110110010000011111011000111001111101100011000111110110001010011111011000100001111101100001100111110110000100011111011000001 e"
b111110111011000011111011101011001111101110101000111110111010010011111011101000001111101110011100111110111001100011111011100101 d"
b111100111111100011110011111101001111001111110000111100111110110011110011111010001111001111100100111100111110000011110011110111 c"
08
#387500
b1000011101101010100001110110011010000111011000101000011101011110100001110101101010000111010101101000011101010010100001110100111 h"
18
#387510
0>
#388000
08
#388500
01
18
#389000
08
#389500
18
#390000
1>
b111110110011110011111011001110001111101100110100111110110011000011111011001011001111101100101000111110110010010011111011001000 e"
b111110111011110011111011101110001111101110110100111110111011000011111011101011001111101110101000111110111010010011111011101000 d"
b111100111111110011110011111110001111001111110100111100111111000011110011111011001111001111101000111100111110010011110011111000 c"
08
#390500
b1000011101110110100001110111010010000111011011101000011101101100100001110110011010000111011001001000011101011110100001110101110 h"
11
18
#390510
0>
#391000
1>
b111110110101100011111011010101001111101101010000111110110100110011111011010010001111101101000100111110110100000011111011001111 e"
b111110111100100011111011110001001111101111000000111110111011110011111011101110001111101110110100111110111011000011111011101011 d"
b111101000000000011110011111111001111001111111000111100111111010011110011111100001111001111101100111100111110100011110011111001 c"
08
#391500
b1000011110000100100001110111111010000111011111001000011101110110100001110111010010000111011011101000011101101100100001110110011 h"
18
#391510
0>
#392000
1>
b111110110111010011111011011100001111101101101100111110110110100011111011011001001111101101100000111110110101110011111011010110 e"
b111110111101010011111011110100001111101111001100111110111100100011111011110001001111101111000000111110111011110011111011101110 d"
b111101000000010011110100000000001111001111111100111100111111100011110011111101001111001111110000111100111110110011110011111010 c"
08
#392500
b1000011110001110100001111000110010000111100010001000011110000100100001111000000010000111011111001000011101111000100001110111010 h"
18
#392510
0>
#393000
1>
b111110111001000011111011100011001111101110001000111110111000010011111011100000001111101101111100111110110111100011111011011101 e"
b111110111110000011111011110111001111101111011000111110111101010011111011110100001111101111001100111110111100100011111011110001 d"
b111101000000100011110100000001001111010000000000111100111111110011110011111110001111001111110100111100111111000011110011111011 c"
08
#393500
b1000011110011100100001111001100010000111100101001000011110010000100001111000110010000111100010001000011110000100100001111000000 h"
18
#393510
0>
#394000
08
#394500
01
18
#395000
08
#395500
18
#396000
1>
b111110111010110011111011101010001111101110100100111110111010000011111011100111001111101110011000111110111001010011111011100100 e"
b111110111110110011111011111010001111101111100100111110111110000011111011110111001111101111011000111110111101010011111011110100 d"
b111101000000110011110100000010001111010000000100111101000000000011110011111111001111001111111000111100111111010011110011111100 c"
08
#396500
b1000011110101000100001111010010010000111101000001000011110011110100001111001100010000111100101101000011110010000100001111000111 h"
11
18
#396510
0>
#397000
1>
b111110111100100011111011110001001111101111000000111110111011110011111011101110001111101110110100111110111011000011111011101011 e"
b111110111111100011111011111101001111101111110000111110111110110011111011111010001111101111100100111110111110000011111011110111 d"
b111101000001000011110100000011001111010000001000111101000000010011110100000000001111001111111100111100111111100011110011111101 c"
08
#397500
b1000011110110110100001111011000010000111101011101000011110101000100001111010011010000111101000001000011110011110100001111001100 h"
18
#397510
0>
#398000
1>
b111110111110010011111011111000001111101111011100111110111101100011111011110101001111101111010000111110111100110011111011110010 e"
b111111000000010011111100000000001111101111111100111110111111100011111011111101001111101111110000111110111110110011111011111010 d"
b111101000001010011110100000100001111010000001100111101000000100011110100000001001111010000000000111100111111110011110011111110 c"
08
#398500
b1000011111000010100001111011111010000111101110001000011110110110100001111011000010000111101011101000011110101010100001111010011 h"
18
#398510
0>
#399000
1>
b111111000000000011111011111111001111101111111000111110111111010011111011111100001111101111101100111110111110100011111011111001 e"
b111111000001000011111100000011001111110000001000111111000000010011111100000000001111101111111100111110111111100011111011111101 d"
b111101000001100011110100000101001111010000010000111101000000110011110100000010001111010000000100111101000000000011110011111111 c"
08
#399500
b1000011111001110100001111100101010000111110001101000011111000010100001111011111010000111101110101000011110110110100001111011001 h"
18
#399510
0>
#400000
08
#400500
01
18
#401000
08
#401500
18
#402000
1>
b111111000001110011111100000110001111110000010100111111000001000011111100000011001111110000001000111111000000010011111100000000 e"
b111111000001110011111100000110001111110000010100111111000001000011111100000011001111110000001000111111000000010011111100000000 d"
b111101000001110011110100000110001111010000010100111101000001000011110100000011001111010000001000111101000000010011110100000000 c"
08
#402500
b1000011111011010100001111101100010000111110100101000011111010000100001111100101010000111110010001000011111000010100001111100000 h"
11
18
#402510
0>
#403000
1>
b111111000011100011111100001101001111110000110000111111000010110011111100001010001111110000100100111111000010000011111100000111 e"
b111111000010100011111100001001001111110000100000111111000001110011111100000110001111110000010100111111000001000011111100000011 d"
b111101000010000011110100000111001111010000011000111101000001010011110100000100001111010000001100111101000000100011110100000001 c"
08
#403500
b1000011111101000100001111110001010000111111000001000011111011010100001111101100010000111110100101000011111010000100001111100101 h"
18
#403510
0>
#404000
1>
b111111000101010011111100010100001111110001001100111111000100100011111100010001001111110001000000111111000011110011111100001110 e"
b111111000011010011111100001100001111110000101100111111000010100011111100001001001111110000100000111111000001110011111100000110 d"
b111101000010010011110100001000001111010000011100111101000001100011110100000101001111010000010000111101000000110011110100000010 c"
08
#404500
b1000011111110100100001111111000010000111111011001000011111101000100001111110010010000111111000001000011111011100100001111101100 h"
18
#404510
0>
#405000
1>
b111111000111000011111100011011001111110001101000111111000110010011111100011000001111110001011100111111000101100011111100010101 e"
b111111000100000011111100001111001111110000111000111111000011010011111100001100001111110000101100111111000010100011111100001001 d"
b111101000010100011110100001001001111010000100000111101000001110011110100000110001111010000010100111101000001000011110100000011 c"
08
#405500
b1000100000000000100001111111110010000111111110001000011111110100100001111111000010000111111011001000011111101000100001111110010 h"
18
#405510
0>
#406000
08
#406500
01
18
#407000
08
#407500
18
#408000
1>
b111111001000110011111100100010001111110010000100111111001000000011111100011111001111110001111000111111000111010011111100011100 e"
b111111000100110011111100010010001111110001000100111111000100000011111100001111001111110000111000111111000011010011111100001100 d"
b111101000010110011110100001010001111010000100100111101000010000011110100000111001111010000011000111101000001010011110100000100 c"
08
#408500
b1000100000000110100010000000010010001000000000101000100000000000100001111111110010000111111110101000011111110100100001111111001 h"
11
18
#408510
0>
#409000
1>
b111111001010100011111100101001001111110010100000111111001001110011111100100110001111110010010100111111001001000011111100100011 e"
b111111000101100011111100010101001111110001010000111111000100110011111100010010001111110001000100111111000100000011111100001111 d"
b111101000011000011110100001011001111010000101000111101000010010011110100001000001111010000011100111101000001100011110100000101 c"
08
#409500
b1000100000001100100010000000101010001000000010001000100000000110100010000000010010001000000000101000100000000000100001111111110 h"
18
#409510
0>
#410000
1>
b111111001100010011111100110000001111110010111100111111001011100011111100101101001111110010110000111111001010110011111100101010 e"
b111111000110010011111100011000001111110001011100111111000101100011111100010101001111110001010000111111000100110011111100010010 d"
b111101000011010011110100001100001111010000101100111101000010100011110100001001001111010000100000111101000001110011110100000110 c"
08
#410500
b1000100000010010100010000001000010001000000011101000100000001100100010000000101010001000000010001000100000000110100010000000010 h"
18
#410510
0>
#411000
1>
b111111001110000011111100110111001111110011011000111111001101010011111100110100001111110011001100111111001100100011111100110001 e"
b111111000111000011111100011011001111110001101000111111000110010011111100011000001111110001011100111111000101100011111100010101 d"
b111101000011100011110100001101001111010000110000111101000010110011110100001010001111010000100100111101000010000011110100000111 c"
08
#411500
b1000100000011000100010000001011010001000000101001000100000010010100010000001000010001000000011101000100000001100100010000000101 h"
18
#411510
0>
#412000
08
#412500
01
18
#413000
08
#413500
18
#414000
1>
b111111001111110011111100111110001111110011110100111111001111000011111100111011001111110011101000111111001110010011111100111000 e"
b111111000111110011111100011110001111110001110100111111000111000011111100011011001111110001101000111111000110010011111100011000 d"
b111101000011110011110100001110001111010000110100111101000011000011110100001011001111010000101000111101000010010011110100001000 c"
08
#414500
b1000100000011110100010000001111010001000000110101000100000011010100010000001011010001000000101101000100000010010100010000001001 h"
11
18
#414510
0>
#415000
1>
b111111010001100011111101000101001111110100010000111111010000110011111101000010001111110100000100111111010000000011111100111111 e"
b111111001000100011111100100001001111110010000000111111000111110011111100011110001111110001110100111111000111000011111100011011 d"
b111101000100000011110100001111001111010000111000111101000011010011110100001100001111010000101100111101000010100011110100001001 c"
08
#415500
b1000100000100110100010000010001010001000001000101000100000011110100010000001111010001000000110101000100000011010100010000001011 h"
18
#415510
0>
#416000
1>
b111111010011010011111101001100001111110100101100111111010010100011111101001001001111110100100000111111010001110011111101000110 e"
b111111001001010011111100100100001111110010001100111111001000100011111100100001001111110010000000111111000111110011111100011110 d"
b111101000100010011110100010000001111010000111100111101000011100011110100001101001111010000110000111101000010110011110100001010 c"
08
#416500
b1000100000101100100010000010101010001000001010001000100000100110100010000010010010001000001000101000100000100000100010000001111 h"
18
#416510
0>
#417000
1>
b111111010101000011111101010011001111110101001000111111010100010011111101010000001111110100111100111111010011100011111101001101 e"
b111111001010000011111100100111001111110010011000111111001001010011111100100100001111110010001100111111001000100011111100100001 d"
b111101000100100011110100010001001111010001000000111101000011110011110100001110001111010000110100111101000011000011110100001011 c"
08
#417500
b1000100000110010100010000011000010001000001011101000100000101100100010000010101010001000001010001000100000100110100010000010010 h"
18
#417510
0>
#418000
08
#418500
01
18
#419000
08
#419500
18
#420000
1>
b111111010110110011111101011010001111110101100100111111010110000011111101010111001111110101011000111111010101010011111101010100 e"
b111111001010110011111100101010001111110010100100111111001010000011111100100111001111110010011000111111001001010011111100100100 d"
b111101000100110011110100010010001111010001000100111101000100000011110100001111001111010000111000111101000011010011110100001100 c"
08
#420500
b1000100000111000100010000011011010001000001101001000100000110010100010000011000010001000001011101000100000101100100010000010101 h"
11
18
#420510
0>
#421000
1>
b111111011000100011111101100001001111110110000000111111010111110011111101011110001111110101110100111111010111000011111101011011 e"
b111111001011100011111100101101001111110010110000111111001010110011111100101010001111110010100100111111001010000011111100100111 d"
b111101000101000011110100010011001111010001001000111101000100010011110100010000001111010000111100111101000011100011110100001101 c"
08
#421500
b1000100000111110100010000011110010001000001110101000100000111000100010000011011010001000001101001000100000110010100010000011000 h"
18
#421510
0>
#422000
1>
b111111011010010011111101101000001111110110011100111111011001100011111101100101001111110110010000111111011000110011111101100010 e"
b111111001100010011111100110000001111110010111100111111001011100011111100101101001111110010110000111111001010110011111100101010 d"
b111101000101010011110100010100001111010001001100111101000100100011110100010001001111010001000000111101000011110011110100001110 c"
08
#422500
b1000100001000100100010000100001010001000010000001000100000111110100010000011110010001000001110101000100000111000100010000011011 h"
18
#422510
0>
#423000
1>
b111111011100000011111101101111001111110110111000111111011011010011111101101100001111110110101100111111011010100011111101101001 e"
b111111001101000011111100110011001111110011001000111111001100010011111100110000001111110010111100111111001011100011111100101101 d"
b111101000101100011110100010101001111010001010000111101000100110011110100010010001111010001000100111101000100000011110100001111 c"
08
#423500
b1000100001001100100010000100100010001000010010001000100001000100100010000100010010001000010000001000100001000000100010000011110 h"
18
#423510
0>
#424000
08
#424500
01
18
#425000
08
#425500
18
#426000
1>
b111111011101110011111101110110001111110111010100111111011101000011111101110011001111110111001000111111011100010011111101110000 e"
b111111001101110011111100110110001111110011010100111111001101000011111100110011001111110011001000111111001100010011111100110000 d"
b111101000101110011110100010110001111010001010100111101000101000011110100010011001111010001001000111101000100010011110100010000 c"
08
#426500
b1000100001010010100010000101000010001000010011101000100001001100100010000100100010001000010010001000100001000100100010000100010 h"
11
18
#426510
0>
#427000
1>
b111111011111100011111101111101001111110111110000111111011110110011111101111010001111110111100100111111011110000011111101110111 e"
b111111001110100011111100111001001111110011100000111111001101110011111100110110001111110011010100111111001101000011111100110011 d"
b111101000110000011110100010111001111010001011000111101000101010011110100010100001111010001001100111101000100100011110100010001 c"
08
#427500
b1000100001011000100010000101011010001000010101001000100001010010100010000101000010001000010011101000100001001100100010000100101 h"
18
#427510
0>
#428000
1>
b111111100001010011111110000100001111111000001100111111100000100011111110000001001111111000000000111111011111110011111101111110 e"
b111111001111010011111100111100001111110011101100111111001110100011111100111001001111110011100000111111001101110011111100110110 d"
b111101000110010011110100011000001111010001011100111101000101100011110100010101001111010001010000111101000100110011110100010010 c"
08
#428500
b1000100001011110100010000101110010001000010110101000100001011000100010000101011010001000010101001000100001010010100010000101000 h"
18
#428510
0>
#429000
1>
b111111100011000011111110001011001111111000101000111111100010010011111110001000001111111000011100111111100001100011111110000101 e"
b111111010000000011111100111111001111110011111000111111001111010011111100111100001111110011101100111111001110100011111100111001 d"
b111101000110100011110100011001001111010001100000111101000101110011110100010110001111010001010100111101000101000011110100010011 c"
08
#429500
b1000100001100100100010000110001010001000011000001000100001011110100010000101110010001000010110101000100001011000100010000101011 h"
18
#429510
0>
#430000
08
#430500
01
18
#431000
08
#431500
18
#432000
1>
b111111100100110011111110010010001111111001000100111111100100000011111110001111001111111000111000111111100011010011111110001100 e"
b111111010000110011111101000010001111110100000100111111010000000011111100111111001111110011111000111111001111010011111100111100 d"
b111101000110110011110100011010001111010001100100111101000110000011110100010111001111010001011000111101000101010011110100010100 c"
08
#432500
b1000100001101010100010000110100010001000011001101000100001100100100010000110001010001000011000001000100001011110100010000101110 h"
11
18
#432510
0>
#433000
1>
b111111100110100011111110011001001111111001100000111111100101110011111110010110001111111001010100111111100101000011111110010011 e"
b111111010001100011111101000101001111110100010000111111010000110011111101000010001111110100000100111111010000000011111100111111 d"
b111101000111000011110100011011001111010001101000111101000110010011110100011000001111010001011100111101000101100011110100010101 c"
08
#433500
b1000100001110010100010000110111010001000011011101000100001101010100010000110101010001000011001101000100001100100100010000110001 h"
18
#433510
0>
#434000
1>
b111111101000010011111110100000001111111001111100111111100111100011111110011101001111111001110000111111100110110011111110011010 e"
b111111010010010011111101001000001111110100011100111111010001100011111101000101001111110100010000111111010000110011111101000010 d"
b111101000111010011110100011100001111010001101100111101000110100011110100011001001111010001100000111101000101110011110100010110 c"
08
#434500
b1000100001111000100010000111011010001000011100101000100001110010100010000110111010001000011011101000100001101010100010000110101 h"
18
#434510
0>
#435000
1>
b111111101010000011111110100111001111111010011000111111101001010011111110100100001111111010001100111111101000100011111110100001 e"
b111111010011000011111101001011001111110100101000111111010010010011111101001000001111110100011100111111010001100011111101000101 d"
b111101000111100011110100011101001111010001110000111101000110110011110100011010001111010001100100111101000110000011110100010111 c"
08
#435500
b1000100001111110100010000111110010001000011110101000100001111000100010000111011010001000011101001000100001110010100010000111000 h"
18
#435510
0>
#436000
08
#436500
01
18
#437000
08
#437500
18
#438000
1>
b111111101011110011111110101110001111111010110100111111101011000011111110101011001111111010101000111111101010010011111110101000 e"
b111111010011110011111101001110001111110100110100111111010011000011111101001011001111110100101000111111010010010011111101001000 d"
b111101000111110011110100011110001111010001110100111101000111000011110100011011001111010001101000111101000110010011110100011000 c"
08
#438500
b1000100010000100100010001000001010001000100000001000100001111110100010000111110010001000011110101000100001111000100010000111011 h"
11
18
#438510
0>
#439000
1>
b111111101101100011111110110101001111111011010000111111101100110011111110110010001111111011000100111111101100000011111110101111 e"
b111111010100100011111101010001001111110101000000111111010011110011111101001110001111110100110100111111010011000011111101001011 d"
b111101001000000011110100011111001111010001111000111101000111010011110100011100001111010001101100111101000110100011110100011001 c"
08
#439500
b1000100010001010100010001000100010001000100001101000100010000100100010001000001010001000100000001000100001111110100010000111110 h"
18
#439510
0>
#440000
1>
b111111101111010011111110111100001111111011101100111111101110100011111110111001001111111011100000111111101101110011111110110110 e"
b111111010101010011111101010100001111110101001100111111010100100011111101010001001111110101000000111111010011110011111101001110 d"
b111101001000010011110100100000001111010001111100111101000111100011110100011101001111010001110000111101000110110011110100011010 c"
08
#440500
b1000100010010000100010001000111010001000100011001000100010001010100010001000100010001000100001101000100010000100100010001000001 h"
18
#440510
0>
#441000
1>
b111111110001000011111111000011001111111100001000111111110000010011111111000000001111111011111100111111101111100011111110111101 e"
b111111010110000011111101010111001111110101011000111111010101010011111101010100001111110101001100111111010100100011111101010001 d"
b111101001000100011110100100001001111010010000000111101000111110011110100011110001111010001110100111101000111000011110100011011 c"
08
#441500
b1000100010011000100010001001010010001000100101001000100010010000100010001000111010001000100011001000100010001010100010001000100 h"
18
#441510
0>
#442000
08
#442500
01
18
#443000
08
#443500
18
#444000
1>
b111111110010110011111111001010001111111100100100111111110010000011111111000111001111111100011000111111110001010011111111000100 e"
b111111010110110011111101011010001111110101100100111111010110000011111101010111001111110101011000111111010101010011111101010100 d"
b111101001000110011110100100010001111010010000100111101001000000011110100011111001111010001111000111101000111010011110100011100 c"
08
#444500
b1000100010011110100010001001110010001000100110001000100010011000100010001001010010001000100101001000100010010000100010001001000 h"
11
18
#444510
0>
#445000
1>
b111111110100100011111111010001001111111101000000111111110011110011111111001110001111111100110100111111110011000011111111001011 e"
b111111010111100011111101011101001111110101110000111111010110110011111101011010001111110101100100111111010110000011111101010111 d"
b111101001001000011110100100011001111010010001000111101001000010011110100100000001111010001111100111101000111100011110100011101 c"
08
#445500
b1000100010100100100010001010001010001000101000001000100010011110100010001001110010001000100110101000100010011000100010001001010 h"
18
#445510
0>
#446000
1>
b111111110110010011111111011000001111111101011100111111110101100011111111010101001111111101010000111111110100110011111111010010 e"
b111111011000010011111101100000001111110101111100111111010111100011111101011101001111110101110000111111010110110011111101011010 d"
b111101001001010011110100100100001111010010001100111101001000100011110100100001001111010010000000111101000111110011110100011110 c"
08
#446500
b1000100010101010100010001010100010001000101001101000100010100100100010001010001010001000101000001000100010011110100010001001110 h"
18
#446510
0>
#447000
1>
b111111111000000011111111011111001111111101111000111111110111010011111111011100001111111101101100111111110110100011111111011001 e"
b111111011001000011111101100011001111110110001000111111011000010011111101100000001111110101111100111111010111100011111101011101 d"
b111101001001100011110100100101001111010010010000111101001000110011110100100010001111010010000100111101001000000011110100011111 c"
08
#447500
b1000100010110000100010001010111010001000101011001000100010101010100010001010100010001000101001101000100010100100100010001010001 h"
18
#447510
0>
#448000
08
#448500
01
18
#449000
08
#449500
18
#450000
1>
b111111111001110011111111100110001111111110010100111111111001000011111111100011001111111110001000111111111000010011111111100000 e"
b111111011001110011111101100110001111110110010100111111011001000011111101100011001111110110001000111111011000010011111101100000 d"
b111101001001110011110100100110001111010010010100111101001001000011110100100011001111010010001000111101001000010011110100100000 c"
08
#450500
b1000100010110110100010001011010010001000101100101000100010110000100010001010111010001000101011001000100010101010100010001010100 h"
11
18
#450510
0>
#451000
1>
b111111111011100011111111101101001111111110110000111111111010110011111111101010001111111110100100111111111010000011111111100111 e"
b111111011010100011111101101001001111110110100000111111011001110011111101100110001111110110010100111111011001000011111101100011 d"
b111101001010000011110100100111001111010010011000111101001001010011110100100100001111010010001100111101001000100011110100100001 c"
08
#451500
b1000100010111110100010001011101010001000101110101000100010110110100010001011011010001000101100101000100010110000100010001010111 h"
18
#451510
0>
#452000
1>
b111111111101010011111111110100001111111111001100111111111100100011111111110001001111111111000000111111111011110011111111101110 e"
b111111011011010011111101101100001111110110101100111111011010100011111101101001001111110110100000111111011001110011111101100110 d"
b111101001010010011110100101000001111010010011100111101001001100011110100100101001111010010010000111101001000110011110100100010 c"
08
#452500
b1000100011000100100010001100001010001000110000001000100010111110100010001011101010001000101110101000100010110110100010001011011 h"
18
#452510
0>
#453000
1>
b111111111111000011111111111011001111111111101000111111111110010011111111111000001111111111011100111111111101100011111111110101 e"
b111111011100000011111101101111001111110110111000111111011011010011111101101100001111110110101100111111011010100011111101101001 d"
b111101001010100011110100101001001111010010100000111101001001110011110100100110001111010010010100111101001001000011110100100011 c"
08
#453500
b1000100011001010100010001100100010001000110001101000100011000100100010001100001010001000110000001000100010111110100010001011110 h"
18
#453510
0>
#454000
08
#454500
01
18
#455000
08
#455500
18
#456000
1>
b111100000000110011110000000010001111000000000100111100000000000011111111111111001111111111111000111111111111010011111111111100 e"
b111111011100110011111101110010001111110111000100111111011100000011111101101111001111110110111000111111011011010011111101101100 d"
b111101001010110011110100101010001111010010100100111101001010000011110100100111001111010010011000111101001001010011110100100100 c"
08
#456500
b1000010110100000100001011001111010000101100110001000010110010110100010001100100010001000110001101000100011000100100010001100001 h"
11
18
#456510
0>
#457000
1>
b111100000010100011110000001001001111000000100000111100000001110011110000000110001111000000010100111100000001000011110000000011 e"
b111111011101100011111101110101001111110111010000111111011100110011111101110010001111110111000100111111011100000011111101101111 d"
b111101001011000011110100101011001111010010101000111101001010010011110100101000001111010010011100111101001001100011110100100101 c"
08
#457500
b1000010110101110100001011010101010000101101001101000010110100010100001011001111010000101100110001000010110010110100001011001000 h"
18
#457510
0>
#458000
1>
b111100000100010011110000010000001111000000111100111100000011100011110000001101001111000000110000111100000010110011110000001010 e"
b111111011110010011111101111000001111110111011100111111011101100011111101110101001111110111010000111111011100110011111101110010 d"
b111101001011010011110100101100001111010010101100111101001010100011110100101001001111010010100000111101001001110011110100100110 c"
08
#458500
b1000010110111010100001011011100010000101101100101000010110101110100001011010101010000101101001101000010110100010100001011001111 h"
18
#458510
0>
#459000
1>
b111100000110000011110000010111001111000001011000111100000101010011110000010100001111000001001100111100000100100011110000010001 e"
b111111011111000011111101111011001111110111101000111111011110010011111101111000001111110111011100111111011101100011111101110101 d"
b111101001011100011110100101101001111010010110000111101001010110011110100101010001111010010100100111101001010000011110100100111 c"
08
#459500
b1000010111001000100001011100001010000101110000001000010110111010100001011011100010000101101100101000010110110000100001011010101 h"
18
#459510
0>
#460000
08
#460500
01
18
#461000
08
#461500
18
#462000
1>
b111100000111110011110000011110001111000001110100111100000111000011110000011011001111000001101000111100000110010011110000011000 e"
b111111011111110011111101111110001111110111110100111111011111000011111101111011001111110111101000111111011110010011111101111000 d"
b111101001011110011110100101110001111010010110100111101001011000011110100101011001111010010101000111101001010010011110100101000 c"
08
#462500
b1000010111010100100001011101000010000101110011001000010111001000100001011100010010000101110000001000010110111010100001011011100 h"
11
18
#462510
0>
#463000
1>
b111100001001100011110000100101001111000010010000111100001000110011110000100010001111000010000100111100001000000011110000011111 e"
b111111100000100011111110000001001111111000000000111111011111110011111101111110001111110111110100111111011111000011111101111011 d"
b111101001100000011110100101111001111010010111000111101001011010011110100101100001111010010101100111101001010100011110100101001 c"
08
#463500
b1000010111100010100001011101110010000101110110101000010111010100100001011101000010000101110011001000010111001000100001011100010 h"
18
#463510
0>
#464000
1>
b111100001011010011110000101100001111000010101100111100001010100011110000101001001111000010100000111100001001110011110000100110 e"
b111111100001010011111110000100001111111000001100111111100000100011111110000001001111111000000000111111011111110011111101111110 d"
b111101001100010011110100110000001111010010111100111101001011100011110100101101001111010010110000111101001010110011110100101010 c"
08
#464500
b1000010111101110100001011110101010000101111001101000010111100010100001011101110010000101110110101000010111010100100001011101001 h"
18
#464510
0>
#465000
1>
b111100001101000011110000110011001111000011001000111100001100010011110000110000001111000010111100111100001011100011110000101101 e"
b111111100010000011111110000111001111111000011000111111100001010011111110000100001111111000001100111111100000100011111110000001 d"
b111101001100100011110100110001001111010011000000111101001011110011110100101110001111010010110100111101001011000011110100101011 c"
08
#465500
b1000010111111100100001011111011010000101111100101000010111101110100001011110101010000101111001101000010111100010100001011101110 h"
18
#465510
0>
#466000
08
#466500
01
18
#467000
08
#467500
18
#468000
1>
b111100001110110011110000111010001111000011100100111100001110000011110000110111001111000011011000111100001101010011110000110100 e"
b111111100010110011111110001010001111111000100100111111100010000011111110000111001111111000011000111111100001010011111110000100 d"
b111101001100110011110100110010001111010011000100111101001100000011110100101111001111010010111000111101001011010011110100101100 c"
08
#468500
b1000011000000110100001100000010010000101111111101000010111111100100001011111011010000101111101001000010111101110100001011110101 h"
11
18
#468510
0>
#469000
1>
b111100010000100011110001000001001111000100000000111100001111110011110000111110001111000011110100111100001111000011110000111011 e"
b111111100011100011111110001101001111111000110000111111100010110011111110001010001111111000100100111111100010000011111110000111 d"
b111101001101000011110100110011001111010011001000111101001100010011110100110000001111010010111100111101001011100011110100101101 c"
08
#469500
b1000011000010100100001100001000010000110000011001000011000001000100001100000010010000101111111101000010111111100100001011111011 h"
18
#469510
0>
#470000
1>
b111100010010010011110001001000001111000100011100111100010001100011110001000101001111000100010000111100010000110011110001000010 e"
b111111100100010011111110010000001111111000111100111111100011100011111110001101001111111000110000111111100010110011111110001010 d"
b111101001101010011110100110100001111010011001100111101001100100011110100110001001111010011000000111101001011110011110100101110 c"
08
#470500
b1000011000100000100001100001111010000110000110001000011000010100100001100001000010000110000011001000011000001000100001100000010 h"
18
#470510
0>
#471000
1>
b111100010100000011110001001111001111000100111000111100010011010011110001001100001111000100101100111100010010100011110001001001 e"
b111111100101000011111110010011001111111001001000111111100100010011111110010000001111111000111100111111100011100011111110001101 d"
b111101001101100011110100110101001111010011010000111101001100110011110100110010001111010011000100111101001100000011110100101111 c"
08
#471500
b1000011000101110100001100010101010000110001001101000011000100000100001100001111010000110000110001000011000010110100001100001000 h"
18
#471510
0>
#472000
08
#472500
01
18
#473000
08
#473500
18
#474000
1>
b111100010101110011110001010110001111000101010100111100010101000011110001010011001111000101001000111100010100010011110001010000 e"
b111111100101110011111110010110001111111001010100111111100101000011111110010011001111111001001000111111100100010011111110010000 d"
b111101001101110011110100110110001111010011010100111101001101000011110100110011001111010011001000111101001100010011110100110000 c"
08
#474500
b1000011000111010100001100011011010000110001100101000011000101110100001100010101010000110001001101000011000100000100001100001111 h"
11
18
#474510
0>
#475000
1>
b111100010111100011110001011101001111000101110000111100010110110011110001011010001111000101100100111100010110000011110001010111 e"
b111111100110100011111110011001001111111001100000111111100101110011111110010110001111111001010100111111100101000011111110010011 d"
b111101001110000011110100110111001111010011011000111101001101010011110100110100001111010011001100111101001100100011110100110001 c"
08
#475500
b1000011001001000100001100100001010000110010000001000011000111010100001100011100010000110001100101000011000101110100001100010101 h"
18
#475510
0>
#476000
1>
b111100011001010011110001100100001111000110001100111100011000100011110001100001001111000110000000111100010111110011110001011110 e"
b111111100111010011111110011100001111111001101100111111100110100011111110011001001111111001100000111111100101110011111110010110 d"
b111101001110010011110100111000001111010011011100111101001101100011110100110101001111010011010000111101001100110011110100110010 c"
08
#476500
b1000011001010100100001100101000010000110010011001000011001001000100001100100001010000110010000001000011000111010100001100011100 h"
18
#476510
0>
#477000
1>
b111100011011000011110001101011001111000110101000111100011010010011110001101000001111000110011100111100011001100011110001100101 e"
b111111101000000011111110011111001111111001111000111111100111010011111110011100001111111001101100111111100110100011111110011001 d"
b111101001110100011110100111001001111010011100000111101001101110011110100110110001111010011010100111101001101000011110100110011 c"
08
#477500
b1000011001100010100001100101110010000110010110101000011001010100100001100101000010000110010011001000011001001000100001100100010 h"
18
#477510
0>
#478000
08
#478500
01
18
#479000
08
#479500
18
#480000
1>
b111100011100110011110001110010001111000111000100111100011100000011110001101111001111000110111000111100011011010011110001101100 e"
b111111101000110011111110100010001111111010000100111111101000000011111110011111001111111001111000111111100111010011111110011100 d"
b111101001110110011110100111010001111010011100100111101001110000011110100110111001111010011011000111101001101010011110100110100 c"
08
#480500
b1000011001101110100001100110101010000110011001001000011001100010100001100101110010000110010110101000011001010100100001100101000 h"
11
18
#480510
0>
#481000
1>
b111100011110100011110001111001001111000111100000111100011101110011110001110110001111000111010100111100011101000011110001110011 e"
b111111101001100011111110100101001111111010010000111111101000110011111110100010001111111010000100111111101000000011111110011111 d"
b111101001111000011110100111011001111010011101000111101001110010011110100111000001111010011011100111101001101100011110100110101 c"
08
#481500
b1000011001111100100001100111011010000110011100101000011001101110100001100110101010000110011001101000011001100010100001100101110 h"
18
#481510
0>
#482000
1>
b111100100000010011110010000000001111000111111100111100011111100011110001111101001111000111110000111100011110110011110001111010 e"
b111111101010010011111110101000001111111010011100111111101001100011111110100101001111111010010000111111101000110011111110100010 d"
b111101001111010011110100111100001111010011101100111101001110100011110100111001001111010011100000111101001101110011110100110110 c"
08
#482500
b1000011010001000100001101000010010000110011111101000011001111100100001100111011010000110011100101000011001101110100001100110101 h"
18
#482510
0>
#483000
1>
b111100100010000011110010000111001111001000011000111100100001010011110010000100001111001000001100111100100000100011110010000001 e"
b111111101011000011111110101011001111111010101000111111101010010011111110101000001111111010011100111111101001100011111110100101 d"
b111101001111100011110100111101001111010011110000111101001110110011110100111010001111010011100100111101001110000011110100110111 c"
08
#483500
b1000011010010100100001101001000010000110100011001000011010001000100001101000010010000110011111101000011001111100100001100111011 h"
18
#483510
0>
#484000
08
#484500
01
18
#485000
08
#485500
18
#486000
1>
b111100100011110011110010001110001111001000110100111100100011000011110010001011001111001000101000111100100010010011110010001000 e"
b111111101011110011111110101110001111111010110100111111101011000011111110101011001111111010101000111111101010010011111110101000 d"
b111101001111110011110100111110001111010011110100111101001111000011110100111011001111010011101000111101001110010011110100111000 c"
08
#486500
b1000011010100000100001101001111010000110100110001000011010010110100001101001000010000110100011001000011010001000100001101000010 h"
11
18
#486510
0>
#487000
1>
b111100100101100011110010010101001111001001010000111100100100110011110010010010001111001001000100111100100100000011110010001111 e"
b111111101100100011111110110001001111111011000000111111101011110011111110101110001111111010110100111111101011000011111110101011 d"
b111101010000000011110100111111001111010011111000111101001111010011110100111100001111010011101100111101001110100011110100111001 c"
08
#487500
b1000011010101110100001101010101010000110101001101000011010100000100001101001111010000110100110001000011010010110100001101001000 h"
18
#487510
0>
#488000
1>
b111100100111010011110010011100001111001001101100111100100110100011110010011001001111001001100000111100100101110011110010010110 e"
b111111101101010011111110110100001111111011001100111111101100100011111110110001001111111011000000111111101011110011111110101110 d"
b111101010000010011110101000000001111010011111100111101001111100011110100111101001111010011110000111101001110110011110100111010 c"
08
#488500
b1000011010111010100001101011100010000110101100101000011010101110100001101010101010000110101001101000011010100010100001101001111 h"
18
#488510
0>
#489000
1>
b111100101001000011110010100011001111001010001000111100101000010011110010100000001111001001111100111100100111100011110010011101 e"
b111111101110000011111110110111001111111011011000111111101101010011111110110100001111111011001100111111101100100011111110110001 d"
b111101010000100011110101000001001111010100000000111101001111110011110100111110001111010011110100111101001111000011110100111011 c"
08
#489500
b1000011011001000100001101100010010000110110000001000011010111010100001101011100010000110101100101000011010101110100001101010101 h"
18
#489510
0>
#490000
08
#490500
01
18
#491000
08
#491500
18
#492000
1>
b111100101010110011110010101010001111001010100100111100101010000011110010100111001111001010011000111100101001010011110010100100 e"
b111111101110110011111110111010001111111011100100111111101110000011111110110111001111111011011000111111101101010011111110110100 d"
b111101010000110011110101000010001111010100000100111101010000000011110100111111001111010011111000111101001111010011110100111100 c"
08
#492500
b1000011011010100100001101101000010000110110011001000011011001000100001101100010010000110110000001000011010111010100001101011100 h"
11
18
#492510
0>
#493000
1>
b111100101100100011110010110001001111001011000000111100101011110011110010101110001111001010110100111100101011000011110010101011 e"
b111111101111100011111110111101001111111011110000111111101110110011111110111010001111111011100100111111101110000011111110110111 d"
b111101010001000011110101000011001111010100001000111101010000010011110101000000001111010011111100111101001111100011110100111101 c"
08
#493500
b1000011011100010100001101101110010000110110110101000011011010100100001101101001010000110110011001000011011001000100001101100010 h"
18
#493510
0>
#494000
1>
b111100101110010011110010111000001111001011011100111100101101100011110010110101001111001011010000111100101100110011110010110010 e"
b111111110000010011111111000000001111111011111100111111101111100011111110111101001111111011110000111111101110110011111110111010 d"
b111101010001010011110101000100001111010100001100111101010000100011110101000001001111010100000000111101001111110011110100111110 c"
08
#494500
b1000011011101110100001101110101010000110111001101000011011100010100001101101110010000110110110101000011011010100100001101101001 h"
18
#494510
0>
#495000
1>
b111100110000000011110010111111001111001011111000111100101111010011110010111100001111001011101100111100101110100011110010111001 e"
b111111110001000011111111000011001111111100001000111111110000010011111111000000001111111011111100111111101111100011111110111101 d"
b111101010001100011110101000101001111010100010000111101010000110011110101000010001111010100000100111101010000000011110100111111 c"
08
#495500
b1000011011111100100001101111011010000110111101001000011011101110100001101110101010000110111001101000011011100010100001101101111 h"
18
#495510
0>
#496000
08
#496500
01
18
#497000
08
#497500
18
#498000
1>
b111100110001110011110011000110001111001100010100111100110001000011110011000011001111001100001000111100110000010011110011000000 e"
b111111110001110011111111000110001111111100010100111111110001000011111111000011001111111100001000111111110000010011111111000000 d"
b111101010001110011110101000110001111010100010100111101010001000011110101000011001111010100001000111101010000010011110101000000 c"
08
#498500
b1000011100001000100001110000010010000111000000001000011011111100100001101111011010000110111101001000011011101110100001101110110 h"
11
18
#498510
0>
#499000
1>
b111100110011100011110011001101001111001100110000111100110010110011110011001010001111001100100100111100110010000011110011000111 e"
b111111110010100011111111001001001111111100100000111111110001110011111111000110001111111100010100111111110001000011111111000011 d"
b111101010010000011110101000111001111010100011000111101010001010011110101000100001111010100001100111101010000100011110101000001 c"
08
#499500
b1000011100010110100001110001000010000111000011101000011100001000100001110000010010000111000000001000011011111100100001101111011 h"
18
#499510
0>
#500000
1>
b111100110101010011110011010100001111001101001100111100110100100011110011010001001111001101000000111100110011110011110011001110 e"
b111111110011010011111111001100001111111100101100111111110010100011111111001001001111111100100000111111110001110011111111000110 d"
b111101010010010011110101001000001111010100011100111101010001100011110101000101001111010100010000111101010000110011110101000010 c"
08
#500500
b1000011100100010100001110001111010000111000110101000011100010110100001110001000010000111000011101000011100001000100001110000010 h"
18
#500510
0>
#501000
1>
b111100110111000011110011011011001111001101101000111100110110010011110011011000001111001101011100111100110101100011110011010101 e"
b111111110100000011111111001111001111111100111000111111110011010011111111001100001111111100101100111111110010100011111111001001 d"
b111101010010100011110101001001001111010100100000111101010001110011110101000110001111010100010100111101010001000011110101000011 c"
08
#501500
b1000011100110000100001110010101010000111001001101000011100100010100001110001111010000111000110101000011100010110100001110001000 h"
18
#501510
0>
#502000
08
#502500
01
18
#503000
08
#503500
18
#504000
1>
b111100111000110011110011100010001111001110000100111100111000000011110011011111001111001101111000111100110111010011110011011100 e"
b111111110100110011111111010010001111111101000100111111110100000011111111001111001111111100111000111111110011010011111111001100 d"
b111101010010110011110101001010001111010100100100111101010010000011110101000111001111010100011000111101010001010011110101000100 c"
08
#504500
b1000011100111100100001110011100010000111001100101000011100110000100001110010101010000111001010001000011100100010100001110001111 h"
11
18
#504510
0>
#505000
1>
b111100111010100011110011101001001111001110100000111100111001110011110011100110001111001110010100111100111001000011110011100011 e"
b111111110101100011111111010101001111111101010000111111110100110011111111010010001111111101000100111111110100000011111111001111 d"
b111101010011000011110101001011001111010100101000111101010010010011110101001000001111010100011100111101010001100011110101000101 c"
08
#505500
b1000011101001010100001110100010010000111010000001000011100111100100001110011100010000111001100101000011100110000100001110010101 h"
18
#505510
0>
#506000
1>
b111100111100010011110011110000001111001110111100111100111011100011110011101101001111001110110000111100111010110011110011101010 e"
b111111110110010011111111011000001111111101011100111111110101100011111111010101001111111101010000111111110100110011111111010010 d"
b111101010011010011110101001100001111010100101100111101010010100011110101001001001111010100100000111101010001110011110101000110 c"
08
#506500
b1000011101010110100001110101001010000111010011001000011101001010100001110100010010000111010000001000011100111100100001110011100 h"
18
#506510
0>
#507000
1>
b111100111110000011110011110111001111001111011000111100111101010011110011110100001111001111001100111100111100100011110011110001 e"
b111111110111000011111111011011001111111101101000111111110110010011111111011000001111111101011100111111110101100011111111010101 d"
b111101010011100011110101001101001111010100110000111101010010110011110101001010001111010100100100111101010010000011110101000111 c"
08
#507500
b1000011101100100100001110101111010000111010110101000011101010110100001110101001010000111010011001000011101001010100001110100010 h"
18
#507510
0>
#508000
08
#508500
01
18
#509000
08
#509500
18
#510000
1>
b111100111111110011110011111110001111001111110100111100111111000011110011111011001111001111101000111100111110010011110011111000 e"
b111111110111110011111111011110001111111101110100111111110111000011111111011011001111111101101000111111110110010011111111011000 d"
b111101010011110011110101001110001111010100110100111101010011000011110101001011001111010100101000111101010010010011110101001000 c"
08
#510500
b1000011101110000100001110110110010000111011001101000011101100100100001110101111010000111010110101000011101010110100001110101001 h"
11
18
#510510
0>
#511000
1>
b111101000001100011110100000101001111010000010000111101000000110011110100000010001111010000000100111101000000000011110011111111 e"
b111111111000100011111111100001001111111110000000111111110111110011111111011110001111111101110100111111110111000011111111011011 d"
b111101010100000011110101001111001111010100111000111101010011010011110101001100001111010100101100111101010010100011110101001001 c"
08
#511500
b1000011101111110100001110111100010000111011101001000011101110000100001110110110010000111011001101000011101100100100001110101111 h"
18
#511510
0>
#512000
1>
b111101000011010011110100001100001111010000101100111101000010100011110100001001001111010000100000111101000001110011110100000110 e"
b111111111001010011111111100100001111111110001100111111111000100011111111100001001111111110000000111111110111110011111111011110 d"
b111101010100010011110101010000001111010100111100111101010011100011110101001101001111010100110000111101010010110011110101001010 c"
08
#512500
b1000011110001010100001111000011010000111100000001000011101111110100001110111100010000111011101001000011101110000100001110110110 h"
18
#512510
0>
#513000
1>
b111101000101000011110100010011001111010001001000111101000100010011110100010000001111010000111100111101000011100011110100001101 e"
b111111111010000011111111100111001111111110011000111111111001010011111111100100001111111110001100111111111000100011111111100001 d"
b111101010100100011110101010001001111010101000000111101010011110011110101001110001111010100110100111101010011000011110101001011 c"
08
#513500
b1000011110011000100001111001001010000111100011101000011110001010100001111000011010000111100000001000011101111110100001110111100 h"
18
#513510
0>
#514000
08
#514500
01
18
#515000
08
#515500
18
#516000
1>
b111101000110110011110100011010001111010001100100111101000110000011110100010111001111010001011000111101000101010011110100010100 e"
b111111111010110011111111101010001111111110100100111111111010000011111111100111001111111110011000111111111001010011111111100100 d"
b111101010100110011110101010010001111010101000100111101010100000011110101001111001111010100111000111101010011010011110101001100 c"
08
#516500
b1000011110100100100001111010000010000111100110101000011110011000100001111001001010000111100011101000011110001010100001111000011 h"
11
18
#516510
0>
#517000
1>
b111101001000100011110100100001001111010010000000111101000111110011110100011110001111010001110100111101000111000011110100011011 e"
b111111111011100011111111101101001111111110110000111111111010110011111111101010001111111110100100111111111010000011111111100111 d"
b111101010101000011110101010011001111010101001000111101010100010011110101010000001111010100111100111101010011100011110101001101 c"
08
#517500
b1000011110110010100001111010110010000111101010001000011110100100100001111010000010000111100110101000011110011000100001111001001 h"
18
#517510
0>
#518000
1>
b111101001010010011110100101000001111010010011100111101001001100011110100100101001111010010010000111101001000110011110100100010 e"
b111111111100010011111111110000001111111110111100111111111011100011111111101101001111111110110000111111111010110011111111101010 d"
b111101010101010011110101010100001111010101001100111101010100100011110101010001001111010101000000111101010011110011110101001110 c"
08
#518500
b1000011110111110100001111011101010000111101101001000011110110010100001111010110010000111101010001000011110100100100001111010000 h"
18
#518510
0>
#519000
1>
b111101001100000011110100101111001111010010111000111101001011010011110100101100001111010010101100111101001010100011110100101001 e"
b111111111101000011111111110011001111111111001000111111111100010011111111110000001111111110111100111111111011100011111111101101 d"
b111101010101100011110101010101001111010101010000111101010100110011110101010010001111010101000100111101010100000011110101001111 c"
08
#519500
b1000011111001010100001111100011010000111110000101000011110111110100001111011101010000111101101001000011110110010100001111010110 h"
18
#519510
0>
#520000
08
#520500
01
18
#521000
08
#521500
18
#522000
1>
b111101001101110011110100110110001111010011010100111101001101000011110100110011001111010011001000111101001100010011110100110000 e"
b111111111101110011111111110110001111111111010100111111111101000011111111110011001111111111001000111111111100010011111111110000 d"
b111101010101110011110101010110001111010101010100111101010101000011110101010011001111010101001000111101010100010011110101010000 c"
08
#522500
b1000011111010110100001111101010010000111110011101000011111001100100001111100011010000111110000101000011110111110100001111011101 h"
11
18
#522510
0>
#523000
1>
b111101001111100011110100111101001111010011110000111101001110110011110100111010001111010011100100111101001110000011110100110111 e"
b111111111110100011111111111001001111111111100000111111111101110011111111110110001111111111010100111111111101000011111111110011 d"
b111101010110000011110101010111001111010101011000111101010101010011110101010100001111010101001100111101010100100011110101010001 c"
08
#523500
b1000011111100100100001111110000010000111110111001000011111011000100001111101010010000111110011101000011111001100100001111100011 h"
18
#523510
0>
#524000
1>
b111101010001010011110101000100001111010100001100111101010000100011110101000001001111010100000000111101001111110011110100111110 e"
b111111111111010011111111111100001111111111101100111111111110100011111111111001001111111111100000111111111101110011111111110110 d"
b111101010110010011110101011000001111010101011100111101010101100011110101010101001111010101010000111101010100110011110101010010 c"
08
#524500
b1000011111110000100001111110111010000111111010001000011111100100100001111110000010000111110111001000011111011000100001111101010 h"
18
#524510
0>
#525000
1>
b111101010011000011110101001011001111010100101000111101010010010011110101001000001111010100011100111101010001100011110101000101 e"
b111100000000000011111111111111001111111111111000111111111111010011111111111100001111111111101100111111111110100011111111111001 d"
b111101010110100011110101011001001111010101100000111101010101110011110101010110001111010101010100111101010101000011110101010011 c"
08
#525500
b1000001010100110100001111111101010000111111101101000011111110000100001111110111010000111111010001000011111100110100001111110000 h"
18
#525510
0>
#526000
08
#526500
01
18
#527000
08
#527500
18
#528000
1>
b111101010100110011110101010010001111010101000100111101010100000011110101001111001111010100111000111101010011010011110101001100 e"
b111100000000110011110000000010001111000000000100111100000000000011111111111111001111111111111000111111111111010011111111111100 d"
b111101010110110011110101011010001111010101100100111101010110000011110101010111001111010101011000111101010101010011110101010100 c"
08
#528500
b1000001010110010100000101010111010000010101010101000001010101000100001111111101010000111111101101000011111110010100001111110111 h"
11
18
#528510
0>
#529000
1>
b111101010110100011110101011001001111010101100000111101010101110011110101010110001111010101010100111101010101000011110101010011 e"
b111100000001100011110000000101001111000000010000111100000000110011110000000010001111000000000100111100000000000011111111111111 d"
b111101010111000011110101011011001111010101101000111101010110010011110101011000001111010101011100111101010101100011110101010101 c"
08
#529500
b1000001010111110100000101011101010000010101101101000001010110100100000101011000010000010101011001000001010101010100001111111101 h"
18
#529510
0>
#530000
1>
b111101011000010011110101100000001111010101111100111101010111100011110101011101001111010101110000111101010110110011110101011010 e"
b111100000010010011110000001000001111000000011100111100000001100011110000000101001111000000010000111100000000110011110000000010 d"
b111101010111010011110101011100001111010101101100111101010110100011110101011001001111010101100000111101010101110011110101010110 c"
08
#530500
b1000001011001010100000101100011010000010110000101000001011000000100000101011110010000010101110001000001010110110100000101011001 h"
18
#530510
0>
#531000
1>
b111101011010000011110101100111001111010110011000111101011001010011110101100100001111010110001100111101011000100011110101100001 e"
b111100000011000011110000001011001111000000101000111100000010010011110000001000001111000000011100111100000001100011110000000101 d"
b111101010111100011110101011101001111010101110000111101010110110011110101011010001111010101100100111101010110000011110101010111 c"
08
#531500
b1000001011010110100000101101001010000010110011101000001011001100100000101100100010000010110001001000001011000010100000101011111 h"
18
#531510
0>
#532000
08
#532500
01
18
#533000
08
#533500
18
#534000
1>
b111101011011110011110101101110001111010110110100111101011011000011110101101011001111010110101000111101011010010011110101101000 e"
b111100000011110011110000001110001111000000110100111100000011000011110000001011001111000000101000111100000010010011110000001000 d"
b111101010111110011110101011110001111010101110100111101010111000011110101011011001111010101101000111101010110010011110101011000 c"
08
#534500
b1000001011100010100000101101111010000010110110101000001011011000100000101101010010000010110100001000001011001110100000101100101 h"
11
18
#534510
0>
#535000
1>
b111101011101100011110101110101001111010111010000111101011100110011110101110010001111010111000100111101011100000011110101101111 e"
b111100000100100011110000010001001111000001000000111100000011110011110000001110001111000000110100111100000011000011110000001011 d"
b111101011000000011110101011111001111010101111000111101010111010011110101011100001111010101101100111101010110100011110101011001 c"
08
#535500
b1000001011101110100000101110101010000010111001101000001011100100100000101110000010000010110111001000001011011010100000101101011 h"
18
#535510
0>
#536000
1>
b111101011111010011110101111100001111010111101100111101011110100011110101111001001111010111100000111101011101110011110101110110 e"
b111100000101010011110000010100001111000001001100111100000100100011110000010001001111000001000000111100000011110011110000001110 d"
b111101011000010011110101100000001111010101111100111101010111100011110101011101001111010101110000111101010110110011110101011010 c"
08
#536500
b1000001011111010100000101111011010000010111100101000001011110000100000101110110010000010111010001000001011100110100000101110001 h"
18
#536510
0>
#537000
1>
b111101100001000011110110000011001111011000001000111101100000010011110110000000001111010111111100111101011111100011110101111101 e"
b111100000110000011110000010111001111000001011000111100000101010011110000010100001111000001001100111100000100100011110000010001 d"
b111101011000100011110101100001001111010110000000111101010111110011110101011110001111010101110100111101010111000011110101011011 c"
08
#537500
b1000001100000110100000110000001010000010111111101000001011111100100000101111100010000010111101001000001011110010100000101110111 h"
18
#537510
0>
#538000
08
#538500
01
18
#539000
08
#539500
18
#540000
1>
b111101100010110011110110001010001111011000100100111101100010000011110110000111001111011000011000111101100001010011110110000100 e"
b111100000110110011110000011010001111000001100100111100000110000011110000010111001111000001011000111100000101010011110000010100 d"
b111101011000110011110101100010001111010110000100111101011000000011110101011111001111010101111000111101010111010011110101011100 c"
08
#540500
b1000001100010010100000110000111010000011000010101000001100001000100000110000010010000011000000001000001011111110100000101111101 h"
11
18
#540510
0>
#541000
1>
b111101100100100011110110010001001111011001000000111101100011110011110110001110001111011000110100111101100011000011110110001011 e"
b111100000111100011110000011101001111000001110000111100000110110011110000011010001111000001100100111100000110000011110000010111 d"
b111101011001000011110101100011001111010110001000111101011000010011110101100000001111010101111100111101010111100011110101011101 c"
08
#541500
b1000001100011110100000110001101010000011000101101000001100010100100000110001000010000011000011001000001100001010100000110000011 h"
18
#541510
0>
#542000
1>
b111101100110010011110110011000001111011001011100111101100101100011110110010101001111011001010000111101100100110011110110010010 e"
b111100001000010011110000100000001111000001111100111100000111100011110000011101001111000001110000111100000110110011110000011010 d"
b111101011001010011110101100100001111010110001100111101011000100011110101100001001111010110000000111101010111110011110101011110 c"
08
#542500
b1000001100101010100000110010011010000011001000101000001100100000100000110001110010000011000110001000001100010110100000110001001 h"
18
#542510
0>
#543000
1>
b111101101000000011110110011111001111011001111000111101100111010011110110011100001111011001101100111101100110100011110110011001 e"
b111100001001000011110000100011001111000010001000111100001000010011110000100000001111000001111100111100000111100011110000011101 d"
b111101011001100011110101100101001111010110010000111101011000110011110101100010001111010110000100111101011000000011110101011111 c"
08
#543500
b1000001100110110100000110011001010000011001011101000001100101100100000110010100010000011001001001000001100100010100000110001111 h"
18
#543510
0>
#544000
08
#544500
01
18
#545000
08
#545500
18
#546000
1>
b111101101001110011110110100110001111011010010100111101101001000011110110100011001111011010001000111101101000010011110110100000 e"
b111100001001110011110000100110001111000010010100111100001001000011110000100011001111000010001000111100001000010011110000100000 d"
b111101011001110011110101100110001111010110010100111101011001000011110101100011001111010110001000111101011000010011110101100000 c"
08
#546500
b1000001101000010100000110011111010000011001110101000001100111000100000110011010010000011001100001000001100101110100000110010101 h"
11
18
#546510
0>
#547000
1>
b111101101011100011110110101101001111011010110000111101101010110011110110101010001111011010100100111101101010000011110110100111 e"
b111100001010100011110000101001001111000010100000111100001001110011110000100110001111000010010100111100001001000011110000100011 d"
b111101011010000011110101100111001111010110011000111101011001010011110101100100001111010110001100111101011000100011110101100001 c"
08
#547500
b1000001101001110100000110100101010000011010001101000001101000100100000110100000010000011001111001000001100111010100000110011011 h"
18
#547510
0>
#548000
1>
b111101101101010011110110110100001111011011001100111101101100100011110110110001001111011011000000111101101011110011110110101110 e"
b111100001011010011110000101100001111000010101100111100001010100011110000101001001111000010100000111100001001110011110000100110 d"
b111101011010010011110101101000001111010110011100111101011001100011110101100101001111010110010000111101011000110011110101100010 c"
08
#548500
b1000001101011010100000110101011010000011010101001000001101010000100000110100110010000011010010001000001101000110100000110100001 h"
18
#548510
0>
#549000
1>
b111101101111000011110110111011001111011011101000111101101110010011110110111000001111011011011100111101101101100011110110110101 e"
b111100001100000011110000101111001111000010111000111100001011010011110000101100001111000010101100111100001010100011110000101001 d"
b111101011010100011110101101001001111010110100000111101011001110011110101100110001111010110010100111101011001000011110101100011 c"
08
#549500
b1000001101100110100000110110001010000011011000001000001101011100100000110101100010000011010101001000001101010010100000110100111 h"
18
#549510
0>
#550000
08
#550500
01
18
#551000
08
#551500
18
#552000
1>
b111101110000110011110111000010001111011100000100111101110000000011110110111111001111011011111000111101101111010011110110111100 e"
b111100001100110011110000110010001111000011000100111100001100000011110000101111001111000010111000111100001011010011110000101100 d"
b111101011010110011110101101010001111010110100100111101011010000011110101100111001111010110011000111101011001010011110101100100 c"
08
#552500
b1000001101110010100000110110111010000011011011001000001101101000100000110110010010000011011000101000001101011110100000110101101 h"
11
18
#552510
0>
#553000
1>
b111101110010100011110111001001001111011100100000111101110001110011110111000110001111011100010100111101110001000011110111000011 e"
b111100001101100011110000110101001111000011010000111100001100110011110000110010001111000011000100111100001100000011110000101111 d"
b111101011011000011110101101011001111010110101000111101011010010011110101101000001111010110011100111101011001100011110101100101 c"
08
#553500
b1000001101111110100000110111101010000011011110001000001101110100100000110111000010000011011011101000001101101010100000110110011 h"
18
#553510
0>
#554000
1>
b111101110100010011110111010000001111011100111100111101110011100011110111001101001111011100110000111101110010110011110111001010 e"
b111100001110010011110000111000001111000011011100111100001101100011110000110101001111000011010000111100001100110011110000110010 d"
b111101011011010011110101101100001111010110101100111101011010100011110101101001001111010110100000111101011001110011110101100110 c"
08
#554500
b1000001110001010100000111000011010000011100001001000001110000000100000110111110010000011011110101000001101110110100000110111001 h"
18
#554510
0>
#555000
1>
b111101110110000011110111010111001111011101011000111101110101010011110111010100001111011101001100111101110100100011110111010001 e"
b111100001111000011110000111011001111000011101000111100001110010011110000111000001111000011011100111100001101100011110000110101 d"
b111101011011100011110101101101001111010110110000111101011010110011110101101010001111010110100100111101011010000011110101100111 c"
08
#555500
b1000001110010110100000111001010010000011100100001000001110001100100000111000100010000011100001101000001110000010100000110111111 h"
18
#555510
0>
#556000
08
#556500
01
18
#557000
08
#557500
18
#558000
1>
b111101110111110011110111011110001111011101110100111101110111000011110111011011001111011101101000111101110110010011110111011000 e"
b111100001111110011110000111110001111000011110100111100001111000011110000111011001111000011101000111100001110010011110000111000 d"
b111101011011110011110101101110001111010110110100111101011011000011110101101011001111010110101000111101011010010011110101101000 c"
08
#558500
b1000001110100010100000111010000010000011100111001000001110011000100000111001010010000011100100101000001110001110100000111000101 h"
11
18
#558510
0>
#559000
1>
b111101111001100011110111100101001111011110010000111101111000110011110111100010001111011110000100111101111000000011110111011111 e"
b111100010000100011110001000001001111000100000000111100001111110011110000111110001111000011110100111100001111000011110000111011 d"
b111101011100000011110101101111001111010110111000111101011011010011110101101100001111010110101100111101011010100011110101101001 c"
08
#559500
b1000001110101110100000111010110010000011101010001000001110100100100000111010001010000011100111101000001110011010100000111001011 h"
18
#559510
0>
#560000
1>
b111101111011010011110111101100001111011110101100111101111010100011110111101001001111011110100000111101111001110011110111100110 e"
b111100010001010011110001000100001111000100001100111100010000100011110001000001001111000100000000111100001111110011110000111110 d"
b111101011100010011110101110000001111010110111100111101011011100011110101101101001111010110110000111101011010110011110101101010 c"
08
#560500
b1000001110111010100000111011100010000011101101001000001110110000100000111010111010000011101010101000001110100110100000111010001 h"
18
#560510
0>
#561000
1>
b111101111101000011110111110011001111011111001000111101111100010011110111110000001111011110111100111101111011100011110111101101 e"
b111100010010000011110001000111001111000100011000111100010001010011110001000100001111000100001100111100010000100011110001000001 d"
b111101011100100011110101110001001111010111000000111101011011110011110101101110001111010110110100111101011011000011110101101011 c"
08
#561500
b1000001111001000100000111100010010000011110000001000001110111100100000111011101010000011101101101000001110110010100000111011000 h"
18
#561510
0>
#562000
08
#562500
01
18
#563000
08
#563500
18
#564000
1>
b111101111110110011110111111010001111011111100100111101111110000011110111110111001111011111011000111101111101010011110111110100 e"
b111100010010110011110001001010001111000100100100111100010010000011110001000111001111000100011000111100010001010011110001000100 d"
b111101011100110011110101110010001111010111000100111101011100000011110101101111001111010110111000111101011011010011110101101100 c"
08
#564500
b1000001111010100100000111101000010000011110011001000001111001000100000111100011010000011110000101000001110111110100000111011110 h"
11
18
#564510
0>
#565000
1>
b111110000000100011111000000001001111100000000000111101111111110011110111111110001111011111110100111101111111000011110111111011 e"
b111100010011100011110001001101001111000100110000111100010010110011110001001010001111000100100100111100010010000011110001000111 d"
b111101011101000011110101110011001111010111001000111101011100010011110101110000001111010110111100111101011011100011110101101101 c"
08
#565500
b1000001111100000100000111101110010000011110110001000001111010110100000111101001010000011110011101000001111001010100000111100100 h"
18
#565510
0>
#566000
1>
b111110000010010011111000001000001111100000011100111110000001100011111000000101001111100000010000111110000000110011111000000010 e"
b111100010100010011110001010000001111000100111100111100010011100011110001001101001111000100110000111100010010110011110001001010 d"
b111101011101010011110101110100001111010111001100111101011100100011110101110001001111010111000000111101011011110011110101101110 c"
08
#566500
b1000001111101100100000111110100010000011111001001000001111100010100000111101111010000011110110101000001111010110100000111101010 h"
18
#566510
0>
#567000
1>
b111110000100000011111000001111001111100000111000111110000011010011111000001100001111100000101100111110000010100011111000001001 e"
b111100010101000011110001010011001111000101001000111100010100010011110001010000001111000100111100111100010011100011110001001101 d"
b111101011101100011110101110101001111010111010000111101011100110011110101110010001111010111000100111101011100000011110101101111 c"
08
#567500
b1000001111111000100000111111010010000011111100001000001111101110100000111110101010000011111001101000001111100100100000111110000 h"
18
#567510
0>
#568000
08
#568500
01
18
#569000
08
#569500
18
#570000
1>
b111110000101110011111000010110001111100001010100111110000101000011111000010011001111100001001000111110000100010011111000010000 e"
b111100010101110011110001010110001111000101010100111100010101000011110001010011001111000101001000111100010100010011110001010000 d"
b111101011101110011110101110110001111010111010100111101011101000011110101110011001111010111001000111101011100010011110101110000 c"
08
#570500
b1000010000000100100001000000000010000011111111001000001111111010100000111111011010000011111100101000001111110000100000111110110 h"
11
18
#570510
0>
#571000
1>
b111110000111100011111000011101001111100001110000111110000110110011111000011010001111100001100100111110000110000011111000010111 e"
b111100010110100011110001011001001111000101100000111100010101110011110001010110001111000101010100111100010101000011110001010011 d"
b111101011110000011110101110111001111010111011000111101011101010011110101110100001111010111001100111101011100100011110101110001 c"
08
#571500
b1000010000010000100001000000110010000100000010101000010000000110100001000000001010000011111111101000001111111100100000111111100 h"
18
#571510
0>
#572000
1>
b111110001001010011111000100100001111100010001100111110001000100011111000100001001111100010000000111110000111110011111000011110 e"
b111100010111010011110001011100001111000101101100111100010110100011110001011001001111000101100000111100010101110011110001010110 d"
b111101011110010011110101111000001111010111011100111101011101100011110101110101001111010111010000111101011100110011110101110010 c"
08
#572500
b1000010000011100100001000001100010000100000101101000010000010010100001000000111010000100000010101000010000001000100001000000010 h"
18
#572510
0>
#573000
1>
b111110001011000011111000101011001111100010101000111110001010010011111000101000001111100010011100111110001001100011111000100101 e"
b111100011000000011110001011111001111000101111000111100010111010011110001011100001111000101101100111100010110100011110001011001 d"
b111101011110100011110101111001001111010111100000111101011101110011110101110110001111010111010100111101011101000011110101110011 c"
08
#573500
b1000010000101000100001000010010010000100001000101000010000011110100001000001101010000100000110001000010000010100100001000001000 h"
18
#573510
0>
#574000
08
#574500
01
18
#575000
08
#575500
18
#576000
1>
b111110001100110011111000110010001111100011000100111110001100000011111000101111001111100010111000111110001011010011111000101100 e"
b111100011000110011110001100010001111000110000100111100011000000011110001011111001111000101111000111100010111010011110001011100 d"
b111101011110110011110101111010001111010111100100111101011110000011110101110111001111010111011000111101011101010011110101110100 c"
08
#576500
b1000010000110100100001000011001010000100001011101000010000101010100001000010011010000100001001001000010000100000100001000001110 h"
11
18
#576510
0>
#577000
1>
b111110001110100011111000111001001111100011100000111110001101110011111000110110001111100011010100111110001101000011111000110011 e"
b111100011001100011110001100101001111000110010000111100011000110011110001100010001111000110000100111100011000000011110001011111 d"
b111101011111000011110101111011001111010111101000111101011110010011110101111000001111010111011100111101011101100011110101110101 c"
08
#577500
b1000010001000000100001000011111010000100001110101000010000110110100001000011001010000100001100001000010000101100100001000010100 h"
18
#577510
0>
#578000
1>
b111110010000010011111001000000001111100011111100111110001111100011111000111101001111100011110000111110001110110011111000111010 e"
b111100011010010011110001101000001111000110011100111100011001100011110001100101001111000110010000111100011000110011110001100010 d"
b111101011111010011110101111100001111010111101100111101011110100011110101111001001111010111100000111101011101110011110101110110 c"
08
#578500
b1000010001001110100001000100101010000100010001101000010001000010100001000100000010000100001111001000010000111000100001000011010 h"
18
#578510
0>
#579000
1>
b111110010010000011111001000111001111100100011000111110010001010011111001000100001111100100001100111110010000100011111001000001 e"
b111100011011000011110001101011001111000110101000111100011010010011110001101000001111000110011100111100011001100011110001100101 d"
b111101011111100011110101111101001111010111110000111101011110110011110101111010001111010111100100111101011110000011110101110111 c"
08
#579500
b1000010001011010100001000101011010000100010100101000010001001110100001000100110010000100010010001000010001000100100001000100000 h"
18
#579510
0>
#580000
08
#580500
01
18
#581000
08
#581500
18
#582000
1>
b111110010011110011111001001110001111100100110100111110010011000011111001001011001111100100101000111110010010010011111001001000 e"
b111100011011110011110001101110001111000110110100111100011011000011110001101011001111000110101000111100011010010011110001101000 d"
b111101011111110011110101111110001111010111110100111101011111000011110101111011001111010111101000111101011110010011110101111000 c"
08
#582500
b1000010001100110100001000110001010000100010111101000010001011100100001000101100010000100010101001000010001010000100001000100111 h"
11
18
#582510
0>
#583000
1>
b111110010101100011111001010101001111100101010000111110010100110011111001010010001111100101000100111110010100000011111001001111 e"
b111100011100100011110001110001001111000111000000111100011011110011110001101110001111000110110100111100011011000011110001101011 d"
b111101100000000011110101111111001111010111111000111101011111010011110101111100001111010111101100111101011110100011110101111001 c"
08
#583500
b1000010001110010100001000110111010000100011010101000010001101000100001000110010010000100011000001000010001011100100001000101101 h"
18
#583510
0>
#584000
1>
b111110010111010011111001011100001111100101101100111110010110100011111001011001001111100101100000111110010101110011111001010110 e"
b111100011101010011110001110100001111000111001100111100011100100011110001110001001111000111000000111100011011110011110001101110 d"
b111101100000010011110110000000001111010111111100111101011111100011110101111101001111010111110000111101011110110011110101111010 c"
08
#584500
b1000010001111110100001000111101010000100011110001000010001110100100001000111000010000100011011001000010001101010100001000110011 h"
18
#584510
0>
#585000
1>
b111110011001000011111001100011001111100110001000111110011000010011111001100000001111100101111100111110010111100011111001011101 e"
b111100011110000011110001110111001111000111011000111100011101010011110001110100001111000111001100111100011100100011110001110001 d"
b111101100000100011110110000001001111011000000000111101011111110011110101111110001111010111110100111101011111000011110101111011 c"
08
#585500
b1000010010001010100001001000011010000100100001001000010010000000100001000111110010000100011110001000010001110110100001000111001 h"
18
#585510
0>
#586000
08
#586500
01
18
#587000
08
#587500
18
#588000
1>
b111110011010110011111001101010001111100110100100111110011010000011111001100111001111100110011000111110011001010011111001100100 e"
b111100011110110011110001111010001111000111100100111100011110000011110001110111001111000111011000111100011101010011110001110100 d"
b111101100000110011110110000010001111011000000100111101100000000011110101111111001111010111111000111101011111010011110101111100 c"
08
#588500
b1000010010010110100001001001001010000100100100001000010010001100100001001000100010000100100001101000010010000010100001000111111 h"
11
18
#588510
0>
#589000
1>
b111110011100100011111001110001001111100111000000111110011011110011111001101110001111100110110100111110011011000011111001101011 e"
b111100011111100011110001111101001111000111110000111100011110110011110001111010001111000111100100111100011110000011110001110111 d"
b111101100001000011110110000011001111011000001000111101100000010011110110000000001111010111111100111101011111100011110101111101 c"
08
#589500
b1000010010100010100001001010000010000100100111001000010010011000100001001001010010000100100100101000010010001110100001001000101 h"
18
#589510
0>
#590000
1>
b111110011110010011111001111000001111100111011100111110011101100011111001110101001111100111010000111110011100110011111001110010 e"
b111100100000010011110010000000001111000111111100111100011111100011110001111101001111000111110000111100011110110011110001111010 d"
b111101100001010011110110000100001111011000001100111101100000100011110110000001001111011000000000111101011111110011110101111110 c"
08
#590500
b1000010010110000100001001010110010000100101010001000010010100100100001001010000010000100100111101000010010011010100001001001011 h"
18
#590510
0>
#591000
1>
b111110100000000011111001111111001111100111111000111110011111010011111001111100001111100111101100111110011110100011111001111001 e"
b111100100001000011110010000011001111001000001000111100100000010011110010000000001111000111111100111100011111100011110001111101 d"
b111101100001100011110110000101001111011000010000111101100000110011110110000010001111011000000100111101100000000011110101111111 c"
08
#591500
b1000010010111100100001001011100010000100101101001000010010110000100001001010111010000100101010101000010010100110100001001010001 h"
18
#591510
0>
#592000
08
#592500
01
18
#593000
08
#593500
18
#594000
1>
b111110100001110011111010000110001111101000010100111110100001000011111010000011001111101000001000111110100000010011111010000000 e"
b111100100001110011110010000110001111001000010100111100100001000011110010000011001111001000001000111100100000010011110010000000 d"
b111101100001110011110110000110001111011000010100111101100001000011110110000011001111011000001000111101100000010011110110000000 c"
08
#594500
b1000010011001000100001001100010010000100110000001000010010111110100001001011101010000100101101101000010010110010100001001011000 h"
11
18
#594510
0>
#595000
1>
b111110100011100011111010001101001111101000110000111110100010110011111010001010001111101000100100111110100010000011111010000111 e"
b111100100010100011110010001001001111001000100000111100100001110011110010000110001111001000010100111100100001000011110010000011 d"
b111101100010000011110110000111001111011000011000111101100001010011110110000100001111011000001100111101100000100011110110000001 c"
08
#595500
b1000010011010100100001001101000010000100110011001000010011001010100001001100011010000100110000101000010010111110100001001011110 h"
18
#595510
0>
#596000
1>
b111110100101010011111010010100001111101001001100111110100100100011111010010001001111101001000000111110100011110011111010001110 e"
b111100100011010011110010001100001111001000101100111100100010100011110010001001001111001000100000111100100001110011110010000110 d"
b111101100010010011110110001000001111011000011100111101100001100011110110000101001111011000010000111101100000110011110110000010 c"
08
#596500
b1000010011100000100001001101110010000100110110101000010011010110100001001101001010000100110011101000010011001100100001001100100 h"
18
#596510
0>
#597000
1>
b111110100111000011111010011011001111101001101000111110100110010011111010011000001111101001011100111110100101100011111010010101 e"
b111100100100000011110010001111001111001000111000111100100011010011110010001100001111001000101100111100100010100011110010001001 d"
b111101100010100011110110001001001111011000100000111101100001110011110110000110001111011000010100111101100001000011110110000011 c"
08
#597500
b1000010011101100100001001110100010000100111001101000010011100010100001001101111010000100110110101000010011011000100001001101010 h"
18
#597510
0>
#598000
08
#598500
01
18
#599000
08
#599500
18
#600000
1>
b111110101000110011111010100010001111101010000100111110101000000011111010011111001111101001111000111110100111010011111010011100 e"
b111100100100110011110010010010001111001001000100111100100100000011110010001111001111001000111000111100100011010011110010001100 d"
b111101100010110011110110001010001111011000100100111101100010000011110110000111001111011000011000111101100001010011110110000100 c"
08
#600500
b1000010011111000100001001111011010000100111100101000010011101110100001001110101010000100111010001000010011100100100001001110000 h"
11
18
#600510
0>
#601000
1>
b111110101010100011111010101001001111101010100000111110101001110011111010100110001111101010010100111110101001000011111010100011 e"
b111100100101100011110010010101001111001001010000111100100100110011110010010010001111001001000100111100100100000011110010001111 d"
b111101100011000011110110001011001111011000101000111101100010010011110110001000001111011000011100111101100001100011110110000101 c"
08
#601500
b1000010100000110100001010000001010000100111111101000010011111010100001001111011010000100111101001000010011110000100001001110110 h"
18
#601510
0>
#602000
1>
b111110101100010011111010110000001111101010111100111110101011100011111010101101001111101010110000111110101010110011111010101010 e"
b111100100110010011110010011000001111001001011100111100100101100011110010010101001111001001010000111100100100110011110010010010 d"
b111101100011010011110110001100001111011000101100111101100010100011110110001001001111011000100000111101100001110011110110000110 c"
08
#602500
b1000010100010010100001010000111010000101000010101000010100000110100001010000010010000101000000001000010011111100100001001111100 h"
18
#602510
0>
#603000
1>
b111110101110000011111010110111001111101011011000111110101101010011111010110100001111101011001100111110101100100011111010110001 e"
b111100100111000011110010011011001111001001101000111100100110010011110010011000001111001001011100111100100101100011110010010101 d"
b111101100011100011110110001101001111011000110000111101100010110011110110001010001111011000100100111101100010000011110110000111 c"
08
#603500
b1000010100011110100001010001101010000101000101101000010100010100100001010001000010000101000011001000010100001000100001010000010 h"
18
#603510
0>
#604000
08
#604500
01
18
#605000
08
#605500
18
#606000
1>
b111110101111110011111010111110001111101011110100111110101111000011111010111011001111101011101000111110101110010011111010111000 e"
b111100100111110011110010011110001111001001110100111100100111000011110010011011001111001001101000111100100110010011110010011000 d"
b111101100011110011110110001110001111011000110100111101100011000011110110001011001111011000101000111101100010010011110110001000 c"
08
#606500
b1000010100101010100001010010011010000101001000101000010100100000100001010001110010000101000110001000010100010100100001010001001 h"
11
18
#606510
0>
#607000
1>
b111110110001100011111011000101001111101100010000111110110000110011111011000010001111101100000100111110110000000011111010111111 e"
b111100101000100011110010100001001111001010000000111100100111110011110010011110001111001001110100111100100111000011110010011011 d"
b111101100100000011110110001111001111011000111000111101100011010011110110001100001111011000101100111101100010100011110110001001 c"
08
#607500
b1000010100110110100001010011001010000101001100001000010100101100100001010010100010000101001001001000010100100010100001010001111 h"
18
#607510
0>
#608000
1>
b111110110011010011111011001100001111101100101100111110110010100011111011001001001111101100100000111110110001110011111011000110 e"
b111100101001010011110010100100001111001010001100111100101000100011110010100001001111001010000000111100100111110011110010011110 d"
b111101100100010011110110010000001111011000111100111101100011100011110110001101001111011000110000111101100010110011110110001010 c"
08
#608500
b1000010101000010100001010100000010000101001111001000010100111000100001010011010010000101001100001000010100101110100001010010101 h"
18
#608510
0>
#609000
1>
b111110110101000011111011010011001111101101001000111110110100010011111011010000001111101100111100111110110011100011111011001101 e"
b111100101010000011110010100111001111001010011000111100101001010011110010100100001111001010001100111100101000100011110010100001 d"
b111101100100100011110110010001001111011001000000111101100011110011110110001110001111011000110100111101100011000011110110001011 c"
08
#609500
b1000010101001110100001010100110010000101010010001000010101000100100001010100000010000101001111101000010100111010100001010011011 h"
18
#609510
0>
#610000
08
#610500
01
18
#611000
08
#611500
18
#612000
1>
b111110110110110011111011011010001111101101100100111110110110000011111011010111001111101101011000111110110101010011111011010100 e"
b111100101010110011110010101010001111001010100100111100101010000011110010100111001111001010011000111100101001010011110010100100 d"
b111101100100110011110110010010001111011001000100111101100100000011110110001111001111011000111000111101100011010011110110001100 c"
08
#612500
b1000010101011100100001010101100010000101010101001000010101010000100001010100111010000101010010101000010101000110100001010100001 h"
11
18
#612510
0>
#613000
1>
b111110111000100011111011100001001111101110000000111110110111110011111011011110001111101101110100111110110111000011111011011011 e"
b111100101011100011110010101101001111001010110000111100101010110011110010101010001111001010100100111100101010000011110010100111 d"
b111101100101000011110110010011001111011001001000111101100100010011110110010000001111011000111100111101100011100011110110001101 c"
08
#613500
b1000010101101000100001010110010010000101011000001000010101011100100001010101101010000101010101101000010101010010100001010100111 h"
18
#613510
0>
#614000
1>
b111110111010010011111011101000001111101110011100111110111001100011111011100101001111101110010000111110111000110011111011100010 e"
b111100101100010011110010110000001111001010111100111100101011100011110010101101001111001010110000111100101010110011110010101010 d"
b111101100101010011110110010100001111011001001100111101100100100011110110010001001111011001000000111101100011110011110110001110 c"
08
#614500
b1000010101110100100001010111000010000101011011001000010101101010100001010110011010000101011000101000010101011110100001010101110 h"
18
#614510
0>
#615000
1>
b111110111100000011111011101111001111101110111000111110111011010011111011101100001111101110101100111110111010100011111011101001 e"
b111100101101000011110010110011001111001011001000111100101100010011110010110000001111001010111100111100101011100011110010101101 d"
b111101100101100011110110010101001111011001010000111101100100110011110110010010001111011001000100111101100100000011110110001111 c"
08
#615500
b1000010110000000100001010111110010000101011110101000010101110110100001010111001010000101011011101000010101101010100001010110100 h"
18
#615510
0>
#616000
08
#616500
01
18
#617000
08
#617500
18
#618000
1>
b111110111101110011111011110110001111101111010100111110111101000011111011110011001111101111001000111110111100010011111011110000 e"
b111100101101110011110010110110001111001011010100111100101101000011110010110011001111001011001000111100101100010011110010110000 d"
b111101100101110011110110010110001111011001010100111101100101000011110110010011001111011001001000111101100100010011110110010000 c"
08
#618500
b1000010110001100100001011000101010000101100001101000010110000010100001010111111010000101011110101000010101111000100001010111010 h"
11
18
#618510
0>
#619000
1>
b111110111111100011111011111101001111101111110000111110111110110011111011111010001111101111100100111110111110000011111011110111 e"
b111100101110100011110010111001001111001011100000111100101101110011110010110110001111001011010100111100101101000011110010110011 d"
b111101100110000011110110010111001111011001011000111101100101010011110110010100001111011001001100111101100100100011110110010001 c"
08
#619500
b1000010110011010100001011001011010000101100100101000010110001110100001011000101010000101100010001000010110000100100001011000000 h"
18
#619510
0>
#620000
1>
b111111000001010011111100000100001111110000001100111111000000100011111100000001001111110000000000111110111111110011111011111110 e"
b111100101111010011110010111100001111001011101100111100101110100011110010111001001111001011100000111100101101110011110010110110 d"
b111101100110010011110110011000001111011001011100111101100101100011110110010101001111011001010000111101100100110011110110010010 c"
08
#620500
b1000010110100110100001011010001010000101100111101000010110011010100001011001100010000101100101001000010110010000100001011000110 h"
18
#620510
0>
#621000
1>
b111111000011000011111100001011001111110000101000111111000010010011111100001000001111110000011100111111000001100011111100000101 e"
b111100110000000011110010111111001111001011111000111100101111010011110010111100001111001011101100111100101110100011110010111001 d"
b111101100110100011110110011001001111011001100000111101100101110011110110010110001111011001010100111101100101000011110110010011 c"
08
#621500
b1000010110110010100001011010111010000101101010101000010110101000100001011010010010000101101000001000010110011100100001011001100 h"
18
#621510
0>
#622000
08
#622500
01
18
#623000
08
#623500
18
#624000
1>
b111111000100110011111100010010001111110001000100111111000100000011111100001111001111110000111000111111000011010011111100001100 e"
b111100110000110011110011000010001111001100000100111100110000000011110010111111001111001011111000111100101111010011110010111100 d"
b111101100110110011110110011010001111011001100100111101100110000011110110010111001111011001011000111101100101010011110110010100 c"
08
#624500
b1000010110111110100001011011101010000101101110001000010110110100100001011011000010000101101011001000010110101000100001011010011 h"
11
18
#624510
0>
#625000
1>
b111111000110100011111100011001001111110001100000111111000101110011111100010110001111110001010100111111000101000011111100010011 e"
b111100110001100011110011000101001111001100010000111100110000110011110011000010001111001100000100111100110000000011110010111111 d"
b111101100111000011110110011011001111011001101000111101100110010011110110011000001111011001011100111101100101100011110110010101 c"
08
#625500
b1000010111001010100001011100100010000101110001001000010111000000100001011011110010000101101110001000010110110110100001011011001 h"
18
#625510
0>
#626000
1>
b111111001000010011111100100000001111110001111100111111000111100011111100011101001111110001110000111111000110110011111100011010 e"
b111100110010010011110011001000001111001100011100111100110001100011110011000101001111001100010000111100110000110011110011000010 d"
b111101100111010011110110011100001111011001101100111101100110100011110110011001001111011001100000111101100101110011110110010110 c"
08
#626500
b1000010111011000100001011101010010000101110100001000010111001100100001011100100010000101110001101000010111000010100001011011111 h"
18
#626510
0>
#627000
1>
b111111001010000011111100100111001111110010011000111111001001010011111100100100001111110010001100111111001000100011111100100001 e"
b111100110011000011110011001011001111001100101000111100110010010011110011001000001111001100011100111100110001100011110011000101 d"
b111101100111100011110110011101001111011001110000111101100110110011110110011010001111011001100100111101100110000011110110010111 c"
08
#627500
b1000010111100100100001011110000010000101110111001000010111011000100001011101011010000101110100101000010111001110100001011100101 h"
18
#627510
0>
#628000
08
#628500
01
18
#629000
08
#629500
18
#630000
1>
b111111001011110011111100101110001111110010110100111111001011000011111100101011001111110010101000111111001010010011111100101000 e"
b111100110011110011110011001110001111001100110100111100110011000011110011001011001111001100101000111100110010010011110011001000 d"
b111101100111110011110110011110001111011001110100111101100111000011110110011011001111011001101000111101100110010011110110011000 c"
08
#630500
b1000010111110000100001011110110010000101111010001000010111100110100001011110001010000101110111101000010111011010100001011101011 h"
11
18
#630510
0>
#631000
1>
b111111001101100011111100110101001111110011010000111111001100110011111100110010001111110011000100111111001100000011111100101111 e"
b111100110100100011110011010001001111001101000000111100110011110011110011001110001111001100110100111100110011000011110011001011 d"
b111101101000000011110110011111001111011001111000111101100111010011110110011100001111011001101100111101100110100011110110011001 c"
08
#631500
b1000010111111100100001011111100010000101111101101000010111110010100001011110111010000101111010101000010111100110100001011110010 h"
18
#631510
0>
#632000
1>
b111111001111010011111100111100001111110011101100111111001110100011111100111001001111110011100000111111001101110011111100110110 e"
b111100110101010011110011010100001111001101001100111100110100100011110011010001001111001101000000111100110011110011110011001110 d"
b111101101000010011110110100000001111011001111100111101100111100011110110011101001111011001110000111101100110110011110110011010 c"
08
#632500
b1000011000001000100001100000011010000110000000101000010111111110100001011111101010000101111101101000010111110100100001011111000 h"
18
#632510
0>
#633000
1>
b111111010001000011111101000011001111110100001000111111010000010011111101000000001111110011111100111111001111100011111100111101 e"
b111100110110000011110011010111001111001101011000111100110101010011110011010100001111001101001100111100110100100011110011010001 d"
b111101101000100011110110100001001111011010000000111101100111110011110110011110001111011001110100111101100111000011110110011011 c"
08
#633500
b1000011000010110100001100001001010000110000011101000011000001010100001100000011010000110000001001000011000000000100001011111110 h"
18
#633510
0>
#634000
08
#634500
01
18
#635000
08
#635500
18
#636000
1>
b111111010010110011111101001010001111110100100100111111010010000011111101000111001111110100011000111111010001010011111101000100 e"
b111100110110110011110011011010001111001101100100111100110110000011110011010111001111001101011000111100110101010011110011010100 d"
b111101101000110011110110100010001111011010000100111101101000000011110110011111001111011001111000111101100111010011110110011100 c"
08
#636500
b1000011000100010100001100001111010000110000110101000011000010110100001100001010010000110000100001000011000001100100001100000100 h"
11
18
#636510
0>
#637000
1>
b111111010100100011111101010001001111110101000000111111010011110011111101001110001111110100110100111111010011000011111101001011 e"
b111100110111100011110011011101001111001101110000111100110110110011110011011010001111001101100100111100110110000011110011010111 d"
b111101101001000011110110100011001111011010001000111101101000010011110110100000001111011001111100111101100111100011110110011101 c"
08
#637500
b1000011000101110100001100010101010000110001001101000011000100100100001100010000010000110000111001000011000011000100001100001010 h"
18
#637510
0>
#638000
1>
b111111010110010011111101011000001111110101011100111111010101100011111101010101001111110101010000111111010100110011111101010010 e"
b111100111000010011110011100000001111001101111100111100110111100011110011011101001111001101110000111100110110110011110011011010 d"
b111101101001010011110110100100001111011010001100111101101000100011110110100001001111011010000000111101100111110011110110011110 c"
08
#638500
b1000011000111010100001100011011010000110001101001000011000110000100001100010110010000110001010001000011000100100100001100010001 h"
18
#638510
0>
#639000
1>
b111111011000000011111101011111001111110101111000111111010111010011111101011100001111110101101100111111010110100011111101011001 e"
b111100111001000011110011100011001111001110001000111100111000010011110011100000001111001101111100111100110111100011110011011101 d"
b111101101001100011110110100101001111011010010000111101101000110011110110100010001111011010000100111101101000000011110110011111 c"
08
#639500
b1000011001000110100001100100010010000110010000001000011000111100100001100011100010000110001101001000011000110010100001100010111 h"
18
#639510
0>
#640000
08
#640500
01
18
#641000
08
#641500
18
#642000
1>
b111111011001110011111101100110001111110110010100111111011001000011111101100011001111110110001000111111011000010011111101100000 e"
b111100111001110011110011100110001111001110010100111100111001000011110011100011001111001110001000111100111000010011110011100000 d"
b111101101001110011110110100110001111011010010100111101101001000011110110100011001111011010001000111101101000010011110110100000 c"
08
#642500
b1000011001010100100001100101000010000110010011001000011001001000100001100100010010000110010000101000011000111110100001100011101 h"
11
18
#642510
0>
#643000
1>
b111111011011100011111101101101001111110110110000111111011010110011111101101010001111110110100100111111011010000011111101100111 e"
b111100111010100011110011101001001111001110100000111100111001110011110011100110001111001110010100111100111001000011110011100011 d"
b111101101010000011110110100111001111011010011000111101101001010011110110100100001111011010001100111101101000100011110110100001 c"
08
#643500
b1000011001100000100001100101110010000110010110001000011001010100100001100101001010000110010011101000011001001010100001100100011 h"
18
#643510
0>
#644000
1>
b111111011101010011111101110100001111110111001100111111011100100011111101110001001111110111000000111111011011110011111101101110 e"
b111100111011010011110011101100001111001110101100111100111010100011110011101001001111001110100000111100111001110011110011100110 d"
b111101101010010011110110101000001111011010011100111101101001100011110110100101001111011010010000111101101000110011110110100010 c"
08
#644500
b1000011001101100100001100110100010000110011001101000011001100010100001100101111010000110010110101000011001010110100001100101001 h"
18
#644510
0>
#645000
1>
b111111011111000011111101111011001111110111101000111111011110010011111101111000001111110111011100111111011101100011111101110101 e"
b111100111100000011110011101111001111001110111000111100111011010011110011101100001111001110101100111100111010100011110011101001 d"
b111101101010100011110110101001001111011010100000111101101001110011110110100110001111011010010100111101101001000011110110100011 c"
08
#645500
b1000011001111000100001100111011010000110011100101000011001101110100001100110101010000110011001101000011001100010100001100110000 h"
18
#645510
0>
#646000
08
#646500
01
18
#647000
08
#647500
18
#648000
1>
b111111100000110011111110000010001111111000000100111111100000000011111101111111001111110111111000111111011111010011111101111100 e"
b111100111100110011110011110010001111001111000100111100111100000011110011101111001111001110111000111100111011010011110011101100 d"
b111101101010110011110110101010001111011010100100111101101010000011110110100111001111011010011000111101101001010011110110100100 c"
08
#648500
b1000011010000110100001101000001010000110011111101000011001111010100001100111011010000110011101001000011001110000100001100110110 h"
11
18
#648510
0>
#649000
1>
b111111100010100011111110001001001111111000100000111111100001110011111110000110001111111000010100111111100001000011111110000011 e"
b111100111101100011110011110101001111001111010000111100111100110011110011110010001111001111000100111100111100000011110011101111 d"
b111101101011000011110110101011001111011010101000111101101010010011110110101000001111011010011100111101101001100011110110100101 c"
08
#649500
b1000011010010010100001101000111010000110100010101000011010000110100001101000010010000110100000001000011001111100100001100111100 h"
18
#649510
0>
#650000
1>
b111111100100010011111110010000001111111000111100111111100011100011111110001101001111111000110000111111100010110011111110001010 e"
b111100111110010011110011111000001111001111011100111100111101100011110011110101001111001111010000111100111100110011110011110010 d"
b111101101011010011110110101100001111011010101100111101101010100011110110101001001111011010100000111101101001110011110110100110 c"
08
#650500
b1000011010011110100001101001101010000110100101101000011010010100100001101001000010000110100011001000011010001000100001101000010 h"
18
#650510
0>
#651000
1>
b111111100110000011111110010111001111111001011000111111100101010011111110010100001111111001001100111111100100100011111110010001 e"
b111100111111000011110011111011001111001111101000111100111110010011110011111000001111001111011100111100111101100011110011110101 d"
b111101101011100011110110101101001111011010110000111101101010110011110110101010001111011010100100111101101010000011110110100111 c"
08
#651500
b1000011010101010100001101010100010000110101001001000011010100000100001101001110010000110100110001000011010010100100001101001001 h"
18
#651510
0>
#652000
08
#652500
01
18
#653000
08
#653500
18
#654000
1>
b111111100111110011111110011110001111111001110100111111100111000011111110011011001111111001101000111111100110010011111110011000 e"
b111100111111110011110011111110001111001111110100111100111111000011110011111011001111001111101000111100111110010011110011111000 d"
b111101101011110011110110101110001111011010110100111101101011000011110110101011001111011010101000111101101010010011110110101000 c"
08
#654500
b1000011010111000100001101011010010000110101100001000011010101100100001101010100010000110101001101000011010100010100001101001111 h"
11
18
#654510
0>
#655000
1>
b111111101001100011111110100101001111111010010000111111101000110011111110100010001111111010000100111111101000000011111110011111 e"
b111101000000100011110100000001001111010000000000111100111111110011110011111110001111001111110100111100111111000011110011111011 d"
b111101101100000011110110101111001111011010111000111101101011010011110110101100001111011010101100111101101010100011110110101001 c"
08
#655500
b1000011011000100100001101100000010000110101111001000011010111000100001101011011010000110101100101000011010101110100001101010101 h"
18
#655510
0>
#656000
1>
b111111101011010011111110101100001111111010101100111111101010100011111110101001001111111010100000111111101001110011111110100110 e"
b111101000001010011110100000100001111010000001100111101000000100011110100000001001111010000000000111100111111110011110011111110 d"
b111101101100010011110110110000001111011010111100111101101011100011110110101101001111011010110000111101101010110011110110101010 c"
08
#656500
b1000011011010000100001101100110010000110110010101000011011000110100001101100001010000110101111101000011010111010100001101011011 h"
18
#656510
0>
#657000
1>
b111111101101000011111110110011001111111011001000111111101100010011111110110000001111111010111100111111101011100011111110101101 e"
b111101000010000011110100000111001111010000011000111101000001010011110100000100001111010000001100111101000000100011110100000001 d"
b111101101100100011110110110001001111011011000000111101101011110011110110101110001111011010110100111101101011000011110110101011 c"
08
#657500
b1000011011011100100001101101101010000110110101101000011011010010100001101100111010000110110010101000011011000110100001101100010 h"
18
#657510
0>
#658000
08
#658500
01
18
#659000
08
#659500
18
#660000
1>
b111111101110110011111110111010001111111011100100111111101110000011111110110111001111111011011000111111101101010011111110110100 e"
b111101000010110011110100001010001111010000100100111101000010000011110100000111001111010000011000111101000001010011110100000100 d"
b111101101100110011110110110010001111011011000100111101101100000011110110101111001111011010111000111101101011010011110110101100 c"
08
#660500
b1000011011101010100001101110011010000110111000101000011011011110100001101101101010000110110110001000011011010100100001101101000 h"
11
18
#660510
0>
#661000
1>
b111111110000100011111111000001001111111100000000111111101111110011111110111110001111111011110100111111101111000011111110111011 e"
b111101000011100011110100001101001111010000110000111101000010110011110100001010001111010000100100111101000010000011110100000111 d"
b111101101101000011110110110011001111011011001000111101101100010011110110110000001111011010111100111101101011100011110110101101 c"
08
#661500
b1000011011110110100001101111001010000110111011101000011011101010100001101110100010000110111001001000011011100000100001101101110 h"
18
#661510
0>
#662000
1>
b111111110010010011111111001000001111111100011100111111110001100011111111000101001111111100010000111111110000110011111111000010 e"
b111101000100010011110100010000001111010000111100111101000011100011110100001101001111010000110000111101000010110011110100001010 d"
b111101101101010011110110110100001111011011001100111101101100100011110110110001001111011011000000111101101011110011110110101110 c"
08
#662500
b1000011100000010100001101111111010000110111111001000011011111000100001101111010010000110111100001000011011101100100001101110100 h"
18
#662510
0>
#663000
1>
b111111110100000011111111001111001111111100111000111111110011010011111111001100001111111100101100111111110010100011111111001001 e"
b111101000101000011110100010011001111010001001000111101000100010011110100010000001111010000111100111101000011100011110100001101 d"
b111101101101100011110110110101001111011011010000111101101100110011110110110010001111011011000100111101101100000011110110101111 c"
08
#663500
b1000011100010000100001110000110010000111000010001000011100000100100001110000000010000110111111001000011011111000100001101111011 h"
18
#663510
0>
#664000
08
#664500
01
18
#665000
08
#665500
18
#666000
1>
b111111110101110011111111010110001111111101010100111111110101000011111111010011001111111101001000111111110100010011111111010000 e"
b111101000101110011110100010110001111010001010100111101000101000011110100010011001111010001001000111101000100010011110100010000 d"
b111101101101110011110110110110001111011011010100111101101101000011110110110011001111011011001000111101101100010011110110110000 c"
08
#666500
b1000011100011100100001110001100010000111000101001000011100010000100001110000110010000111000010101000011100000110100001110000001 h"
11
18
#666510
0>
#667000
1>
b111111110111100011111111011101001111111101110000111111110110110011111111011010001111111101100100111111110110000011111111010111 e"
b111101000110100011110100011001001111010001100000111101000101110011110100010110001111010001010100111101000101000011110100010011 d"
b111101101110000011110110110111001111011011011000111101101101010011110110110100001111011011001100111101101100100011110110110001 c"
08
#667500
b1000011100101000100001110010010010000111001000001000011100011110100001110001101010000111000101101000011100010010100001110000111 h"
18
#667510
0>
#668000
1>
b111111111001010011111111100100001111111110001100111111111000100011111111100001001111111110000000111111110111110011111111011110 e"
b111101000111010011110100011100001111010001101100111101000110100011110100011001001111010001100000111101000101110011110100010110 d"
b111101101110010011110110111000001111011011011100111101101101100011110110110101001111011011010000111101101100110011110110110010 c"
08
#668500
b1000011100110100100001110011001010000111001011101000011100101010100001110010011010000111001000101000011100011110100001110001101 h"
18
#668510
0>
#669000
1>
b111111111011000011111111101011001111111110101000111111111010010011111111101000001111111110011100111111111001100011111111100101 e"
b111101001000000011110100011111001111010001111000111101000111010011110100011100001111010001101100111101000110100011110100011001 d"
b111101101110100011110110111001001111011011100000111101101101110011110110110110001111011011010100111101101101000011110110110011 c"
08
#669500
b1000011101000010100001110011111010000111001110101000011100110110100001110011001010000111001011101000011100101100100001110010100 h"
18
#669510
0>
#670000
08
#670500
01
18
#671000
08
#671500
18
#672000
1>
b111111111100110011111111110010001111111111000100111111111100000011111111101111001111111110111000111111111011010011111111101100 e"
b111101001000110011110100100010001111010010000100111101001000000011110100011111001111010001111000111101000111010011110100011100 d"
b111101101110110011110110111010001111011011100100111101101110000011110110110111001111011011011000111101101101010011110110110100 c"
08
#672500
b1000011101001110100001110100101010000111010001101000011101000010100001110100000010000111001111001000011100111000100001110011010 h"
11
18
#672510
0>
#673000
1>
b111111111110100011111111111001001111111111100000111111111101110011111111110110001111111111010100111111111101000011111111110011 e"
b111101001001100011110100100101001111010010010000111101001000110011110100100010001111010010000100111101001000000011110100011111 d"
b111101101111000011110110111011001111011011101000111101101110010011110110111000001111011011011100111101101101100011110110110101 c"
08
#673500
b1000011101011010100001110101011010000111010101001000011101010000100001110100110010000111010010001000011101000100100001110100000 h"
18
#673510
0>
#674000
1>
b111100000000010011110000000000001111111111111100111111111111100011111111111101001111111111110000111111111110110011111111111010 e"
b111101001010010011110100101000001111010010011100111101001001100011110100100101001111010010010000111101001000110011110100100010 d"
b111101101111010011110110111100001111011011101100111101101110100011110110111001001111011011100000111101101101110011110110110110 c"
08
#674500
b1000001101101000100000110110010010000111011000001000011101011100100001110101100010000111010101001000011101010000100001110100111 h"
18
#674510
0>
#675000
1>
b111100000010000011110000000111001111000000011000111100000001010011110000000100001111000000001100111100000000100011110000000001 e"
b111101001011000011110100101011001111010010101000111101001010010011110100101000001111010010011100111101001001100011110100100101 d"
b111101101111100011110110111101001111011011110000111101101110110011110110111010001111011011100100111101101110000011110110110111 c"
08
#675500
b1000001101110100100000110111000010000011011011001000001101101000100000110110010010000011011000101000001101011110100000110101101 h"
18
#675510
0>
#676000
08
#676500
01
18
#677000
08
#677500
18
#678000
1>
b111100000011110011110000001110001111000000110100111100000011000011110000001011001111000000101000111100000010010011110000001000 e"
b111101001011110011110100101110001111010010110100111101001011000011110100101011001111010010101000111101001010010011110100101000 d"
b111101101111110011110110111110001111011011110100111101101111000011110110111011001111011011101000111101101110010011110110111000 c"
08
#678500
b1000001110000000100000110111110010000011011110001000001101110110100000110111001010000011011011101000001101101010100000110110011 h"
11
18
#678510
0>
#679000
1>
b111100000101100011110000010101001111000001010000111100000100110011110000010010001111000001000100111100000100000011110000001111 e"
b111101001100100011110100110001001111010011000000111101001011110011110100101110001111010010110100111101001011000011110100101011 d"
b111101110000000011110110111111001111011011111000111101101111010011110110111100001111011011101100111101101110100011110110111001 c"
08
#679500
b1000001110001100100000111000101010000011100001101000001110000010100000110111111010000011011110101000001101110110100000110111001 h"
18
#679510
0>
#680000
1>
b111100000111010011110000011100001111000001101100111100000110100011110000011001001111000001100000111100000101110011110000010110 e"
b111101001101010011110100110100001111010011001100111101001100100011110100110001001111010011000000111101001011110011110100101110 d"
b111101110000010011110111000000001111011011111100111101101111100011110110111101001111011011110000111101101110110011110110111010 c"
08
#680500
b1000001110011010100000111001011010000011100100101000001110001110100000111000101010000011100001101000001110000100100000111000000 h"
18
#680510
0>
#681000
1>
b111100001001000011110000100011001111000010001000111100001000010011110000100000001111000001111100111100000111100011110000011101 e"
b111101001110000011110100110111001111010011011000111101001101010011110100110100001111010011001100111101001100100011110100110001 d"
b111101110000100011110111000001001111011100000000111101101111110011110110111110001111011011110100111101101111000011110110111011 c"
08
#681500
b1000001110100110100000111010001010000011100111101000001110011010100000111001100010000011100101001000001110010000100000111000110 h"
18
#681510
0>
#682000
08
#682500
01
18
#683000
08
#683500
18
#684000
1>
b111100001010110011110000101010001111000010100100111100001010000011110000100111001111000010011000111100001001010011110000100100 e"
b111101001110110011110100111010001111010011100100111101001110000011110100110111001111010011011000111101001101010011110100110100 d"
b111101110000110011110111000010001111011100000100111101110000000011110110111111001111011011111000111101101111010011110110111100 c"
08
#684500
b1000001110110010100000111010111010000011101011001000001110101000100000111010010010000011101000001000001110011100100000111001100 h"
11
18
#684510
0>
#685000
1>
b111100001100100011110000110001001111000011000000111100001011110011110000101110001111000010110100111100001011000011110000101011 e"
b111101001111100011110100111101001111010011110000111101001110110011110100111010001111010011100100111101001110000011110100110111 d"
b111101110001000011110111000011001111011100001000111101110000010011110111000000001111011011111100111101101111100011110110111101 c"
08
#685500
b1000001111000000100000111011110010000011101110001000001110110100100000111011000010000011101011001000001110101000100000111010011 h"
18
#685510
0>
#686000
1>
b111100001110010011110000111000001111000011011100111100001101100011110000110101001111000011010000111100001100110011110000110010 e"
b111101010000010011110101000000001111010011111100111101001111100011110100111101001111010011110000111101001110110011110100111010 d"
b111101110001010011110111000100001111011100001100111101110000100011110111000001001111011100000000111101101111110011110110111110 c"
08
#686500
b1000001111001100100000111100100010000011110001001000001111000000100000111011110010000011101110101000001110110110100000111011001 h"
18
#686510
0>
#687000
1>
b111100010000000011110000111111001111000011111000111100001111010011110000111100001111000011101100111100001110100011110000111001 e"
b111101010001000011110101000011001111010100001000111101010000010011110101000000001111010011111100111101001111100011110100111101 d"
b111101110001100011110111000101001111011100010000111101110000110011110111000010001111011100000100111101110000000011110110111111 c"
08
#687500
b1000001111011000100000111101010010000011110100101000001111001110100000111100101010000011110001101000001111000010100000111011111 h"
18
#687510
0>
#688000
08
#688500
01
18
#689000
08
#689500
18
#690000
1>
b111100010001110011110001000110001111000100010100111100010001000011110001000011001111000100001000111100010000010011110001000000 e"
b111101010001110011110101000110001111010100010100111101010001000011110101000011001111010100001000111101010000010011110101000000 d"
b111101110001110011110111000110001111011100010100111101110001000011110111000011001111011100001000111101110000010011110111000000 c"
08
#690500
b1000001111100110100000111110001010000011110111101000001111011010100000111101011010000011110100101000001111001110100000111100110 h"
11
18
#690510
0>
#691000
1>
b111100010011100011110001001101001111000100110000111100010010110011110001001010001111000100100100111100010010000011110001000111 e"
b111101010010100011110101001001001111010100100000111101010001110011110101000110001111010100010100111101010001000011110101000011 d"
b111101110010000011110111000111001111011100011000111101110001010011110111000100001111011100001100111101110000100011110111000001 c"
08
#691500
b1000001111110010100000111110111010000011111010101000001111100110100000111110001010000011111000001000001111011100100000111101100 h"
18
#691510
0>
#692000
1>
b111100010101010011110001010100001111000101001100111100010100100011110001010001001111000101000000111100010011110011110001001110 e"
b111101010011010011110101001100001111010100101100111101010010100011110101001001001111010100100000111101010001110011110101000110 d"
b111101110010010011110111001000001111011100011100111101110001100011110111000101001111011100010000111101110000110011110111000010 c"
08
#692500
b1000001111111110100000111111101010000011111110001000001111110100100000111111000010000011111011001000001111101000100000111110010 h"
18
#692510
0>
#693000
1>
b111100010111000011110001011011001111000101101000111100010110010011110001011000001111000101011100111100010101100011110001010101 e"
b111101010100000011110101001111001111010100111000111101010011010011110101001100001111010100101100111101010010100011110101001001 d"
b111101110010100011110111001001001111011100100000111101110001110011110111000110001111011100010100111101110001000011110111000011 c"
08
#693500
b1000010000001100100001000000100010000100000001001000010000000000100000111111110010000011111110001000001111110100100000111111000 h"
18
#693510
0>
#694000
08
#694500
01
18
#695000
08
#695500
18
#696000
1>
b111100011000110011110001100010001111000110000100111100011000000011110001011111001111000101111000111100010111010011110001011100 e"
b111101010100110011110101010010001111010101000100111101010100000011110101001111001111010100111000111101010011010011110101001100 d"
b111101110010110011110111001010001111011100100100111101110010000011110111000111001111011100011000111101110001010011110111000100 c"
08
#696500
b1000010000011000100001000001010010000100000100001000010000001100100001000000100010000100000001101000010000000010100000111111111 h"
11
18
#696510
0>
#697000
1>
b111100011010100011110001101001001111000110100000111100011001110011110001100110001111000110010100111100011001000011110001100011 e"
b111101010101100011110101010101001111010101010000111101010100110011110101010010001111010101000100111101010100000011110101001111 d"
b111101110011000011110111001011001111011100101000111101110010010011110111001000001111011100011100111101110001100011110111000101 c"
08
#697500
b1000010000100100100001000010000010000100000111101000010000011010100001000001011010000100000100101000010000001110100001000000101 h"
18
#697510
0>
#698000
1>
b111100011100010011110001110000001111000110111100111100011011100011110001101101001111000110110000111100011010110011110001101010 e"
b111101010110010011110101011000001111010101011100111101010101100011110101010101001111010101010000111101010100110011110101010010 d"
b111101110011010011110111001100001111011100101100111101110010100011110111001001001111011100100000111101110001110011110111000110 c"
08
#698500
b1000010000110010100001000010111010000100001010101000010000100110100001000010001010000100000111101000010000011010100001000001011 h"
18
#698510
0>
#699000
1>
b111100011110000011110001110111001111000111011000111100011101010011110001110100001111000111001100111100011100100011110001110001 e"
b111101010111000011110101011011001111010101101000111101010110010011110101011000001111010101011100111101010101100011110101010101 d"
b111101110011100011110111001101001111011100110000111101110010110011110111001010001111011100100100111101110010000011110111000111 c"
08
#699500
b1000010000111110100001000011101010000100001101101000010000110010100001000010111010000100001011001000010000101000100001000010010 h"
18
#699510
0>
#700000
08
#700500
01
18
#701000
08
#701500
18
#702000
1>
b111100011111110011110001111110001111000111110100111100011111000011110001111011001111000111101000111100011110010011110001111000 e"
b111101010111110011110101011110001111010101110100111101010111000011110101011011001111010101101000111101010110010011110101011000 d"
b111101110011110011110111001110001111011100110100111101110011000011110111001011001111011100101000111101110010010011110111001000 c"
08
#702500
b1000010001001010100001000100011010000100010001001000010001000000100001000011110010000100001110001000010000110100100001000011000 h"
11
18
#702510
0>
#703000
1>
b111100100001100011110010000101001111001000010000111100100000110011110010000010001111001000000100111100100000000011110001111111 e"
b111101011000100011110101100001001111010110000000111101010111110011110101011110001111010101110100111101010111000011110101011011 d"
b111101110100000011110111001111001111011100111000111101110011010011110111001100001111011100101100111101110010100011110111001001 c"
08
#703500
b1000010001011000100001000101010010000100010100001000010001001100100001000100100010000100010001001000010001000000100001000011110 h"
18
#703510
0>
#704000
1>
b111100100011010011110010001100001111001000101100111100100010100011110010001001001111001000100000111100100001110011110010000110 e"
b111101011001010011110101100100001111010110001100111101011000100011110101100001001111010110000000111101010111110011110101011110 d"
b111101110100010011110111010000001111011100111100111101110011100011110111001101001111011100110000111101110010110011110111001010 c"
08
#704500
b1000010001100100100001000110000010000100010111001000010001011000100001000101010010000100010100101000010001001110100001000100101 h"
18
#704510
0>
#705000
1>
b111100100101000011110010010011001111001001001000111100100100010011110010010000001111001000111100111100100011100011110010001101 e"
b111101011010000011110101100111001111010110011000111101011001010011110101100100001111010110001100111101011000100011110101100001 d"
b111101110100100011110111010001001111011101000000111101110011110011110111001110001111011100110100111101110011000011110111001011 c"
08
#705500
b1000010001110000100001000110111010000100011010101000010001100110100001000110001010000100010111101000010001011010100001000101011 h"
18
#705510
0>
#706000
08
#706500
01
18
#707000
08
#707500
18
#708000
1>
b111100100110110011110010011010001111001001100100111100100110000011110010010111001111001001011000111100100101010011110010010100 e"
b111101011010110011110101101010001111010110100100111101011010000011110101100111001111010110011000111101011001010011110101100100 d"
b111101110100110011110111010010001111011101000100111101110100000011110111001111001111011100111000111101110011010011110111001100 c"
08
#708500
b1000010001111110100001000111101010000100011101101000010001110010100001000110111010000100011010101000010001100110100001000110001 h"
11
18
#708510
0>
#709000
1>
b111100101000100011110010100001001111001010000000111100100111110011110010011110001111001001110100111100100111000011110010011011 e"
b111101011011100011110101101101001111010110110000111101011010110011110101101010001111010110100100111101011010000011110101100111 d"
b111101110101000011110111010011001111011101001000111101110100010011110111010000001111011100111100111101110011100011110111001101 c"
08
#709500
b1000010010001010100001001000011010000100100000101000010001111110100001000111110010000100011110001000010001110100100001000111000 h"
18
#709510
0>
#710000
1>
b111100101010010011110010101000001111001010011100111100101001100011110010100101001111001010010000111100101000110011110010100010 e"
b111101011100010011110101110000001111010110111100111101011011100011110101101101001111010110110000111101011010110011110101101010 d"
b111101110101010011110111010100001111011101001100111101110100100011110111010001001111011101000000111101110011110011110111001110 c"
08
#710500
b1000010010011000100001001001010010000100100100001000010010001100100001001000100010000100100001001000010010000000100001000111110 h"
18
#710510
0>
#711000
1>
b111100101100000011110010101111001111001010111000111100101011010011110010101100001111001010101100111100101010100011110010101001 e"
b111101011101000011110101110011001111010111001000111101011100010011110101110000001111010110111100111101011011100011110101101101 d"
b111101110101100011110111010101001111011101010000111101110100110011110111010010001111011101000100111101110100000011110111001111 c"
08
#711500
b1000010010100100100001001010000010000100100111001000010010011000100001001001010010000100100100001000010010001100100001001000101 h"
18
#711510
0>
#712000
08
#712500
01
18
#713000
08
#713500
18
#714000
1>
b111100101101110011110010110110001111001011010100111100101101000011110010110011001111001011001000111100101100010011110010110000 e"
b111101011101110011110101110110001111010111010100111101011101000011110101110011001111010111001000111101011100010011110101110000 d"
b111101110101110011110111010110001111011101010100111101110101000011110111010011001111011101001000111101110100010011110111010000 c"
08
#714500
b1000010010110000100001001010110010000100101010001000010010100110100001001010001010000100100111101000010010011010100001001001011 h"
11
18
#714510
0>
#715000
1>
b111100101111100011110010111101001111001011110000111100101110110011110010111010001111001011100100111100101110000011110010110111 e"
b111101011110100011110101111001001111010111100000111101011101110011110101110110001111010111010100111101011101000011110101110011 d"
b111101110110000011110111010111001111011101011000111101110101010011110111010100001111011101001100111101110100100011110111010001 c"
08
#715500
b1000010010111110100001001011101010000100101101101000010010110010100001001010111010000100101010101000010010100110100001001010001 h"
18
#715510
0>
#716000
1>
b111100110001010011110011000100001111001100001100111100110000100011110011000001001111001100000000111100101111110011110010111110 e"
b111101011111010011110101111100001111010111101100111101011110100011110101111001001111010111100000111101011101110011110101110110 d"
b111101110110010011110111011000001111011101011100111101110101100011110111010101001111011101010000111101110100110011110111010010 c"
08
#716500
b1000010011001000100001001100011010000100110000101000010010111110100001001011101010000100101101101000010010110100100001001011000 h"
18
#716510
0>
#717000
1>
b111100110011000011110011001011001111001100101000111100110010010011110011001000001111001100011100111100110001100011110011000101 e"
b111101100000000011110101111111001111010111111000111101011111010011110101111100001111010111101100111101011110100011110101111001 d"
b111101110110100011110111011001001111011101100000111101110101110011110111010110001111011101010100111101110101000011110111010011 c"
08
#717500
b1000010011010110100001001101001010000100110100001000010011001010100001001100100010000100110001001000010011000000100001001011110 h"
18
#717510
0>
#718000
08
#718500
01
18
#719000
08
#719500
18
#720000
1>
b111100110100110011110011010010001111001101000100111100110100000011110011001111001111001100111000111100110011010011110011001100 e"
b111101100000110011110110000010001111011000000100111101100000000011110101111111001111010111111000111101011111010011110101111100 d"
b111101110110110011110111011010001111011101100100111101110110000011110111010111001111011101011000111101110101010011110111010100 c"
08
#720500
b1000010011100010100001001110000010000100110110101000010011011000100001001101010010000100110100001000010011001100100001001100100 h"
11
18
#720510
0>
#721000
1>
b111100110110100011110011011001001111001101100000111100110101110011110011010110001111001101010100111100110101000011110011010011 e"
b111101100001100011110110000101001111011000010000111101100000110011110110000010001111011000000100111101100000000011110101111111 d"
b111101110111000011110111011011001111011101101000111101110110010011110111011000001111011101011100111101110101100011110111010101 c"
08
#721500
b1000010011110000100001001110110010000100111010001000010011100100100001001110000010000100110111001000010011011010100001001101010 h"
18
#721510
0>
#722000
1>
b111100111000010011110011100000001111001101111100111100110111100011110011011101001111001101110000111100110110110011110011011010 e"
b111101100010010011110110001000001111011000011100111101100001100011110110000101001111011000010000111101100000110011110110000010 d"
b111101110111010011110111011100001111011101101100111101110110100011110111011001001111011101100000111101110101110011110111010110 c"
08
#722500
b1000010011111100100001001111101010000100111101001000010011110010100001001110110010000100111010101000010011100110100001001110001 h"
18
#722510
0>
#723000
1>
b111100111010000011110011100111001111001110011000111100111001010011110011100100001111001110001100111100111000100011110011100001 e"
b111101100011000011110110001011001111011000101000111101100010010011110110001000001111011000011100111101100001100011110110000101 d"
b111101110111100011110111011101001111011101110000111101110110110011110111011010001111011101100100111101110110000011110111010111 c"
08
#723500
b1000010100001010100001010000010010000101000000101000010011111110100001001111101010000100111101101000010011110010100001001110111 h"
18
#723510
0>
#724000
08
#724500
01
18
#725000
08
#725500
18
#726000
1>
b111100111011110011110011101110001111001110110100111100111011000011110011101011001111001110101000111100111010010011110011101000 e"
b111101100011110011110110001110001111011000110100111101100011000011110110001011001111011000101000111101100010010011110110001000 d"
b111101110111110011110111011110001111011101110100111101110111000011110111011011001111011101101000111101110110010011110111011000 c"
08
#726500
b1000010100010110100001010001001010000101000011101000010100001100100001010000011010000101000001001000010011111110100001001111110 h"
11
18
#726510
0>
#727000
1>
b111100111101100011110011110101001111001111010000111100111100110011110011110010001111001111000100111100111100000011110011101111 e"
b111101100100100011110110010001001111011001000000111101100011110011110110001110001111011000110100111101100011000011110110001011 d"
b111101111000000011110111011111001111011101111000111101110111010011110111011100001111011101101100111101110110100011110111011001 c"
08
#727500
b1000010100100100100001010001111010000101000111001000010100010110100001010001010010000101000100001000010100001100100001010000100 h"
18
#727510
0>
#728000
1>
b111100111111010011110011111100001111001111101100111100111110100011110011111001001111001111100000111100111101110011110011110110 e"
b111101100101010011110110010100001111011001001100111101100100100011110110010001001111011001000000111101100011110011110110001110 d"
b111101111000010011110111100000001111011101111100111101110111100011110111011101001111011101110000111101110110110011110111011010 c"
08
#728500
b1000010100110000100001010010110010000101001010001000010100100100100001010010000010000101000111001000010100011000100001010001011 h"
18
#728510
0>
#729000
1>
b111101000001000011110100000011001111010000001000111101000000010011110100000000001111001111111100111100111111100011110011111101 e"
b111101100110000011110110010111001111011001011000111101100101010011110110010100001111011001001100111101100100100011110110010001 d"
b111101111000100011110111100001001111011110000000111101110111110011110111011110001111011101110100111101110111000011110111011011 c"
08
#729500
b1000010100111110100001010011100010000101001101101000010100110000100001010010111010000101001010001000010100100110100001010010001 h"
18
#729510
0>
#730000
08
#730500
01
18
#731000
08
#731500
18
#732000
1>
b111101000010110011110100001010001111010000100100111101000010000011110100000111001111010000011000111101000001010011110100000100 e"
b111101100110110011110110011010001111011001100100111101100110000011110110010111001111011001011000111101100101010011110110010100 d"
b111101111000110011110111100010001111011110000100111101111000000011110111011111001111011101111000111101110111010011110111011100 c"
08
#732500
b1000010101001000100001010100011010000101010000101000010100111110100001010011101010000101001101101000010100110010100001010010111 h"
11
18
#732510
0>
#733000
1>
b111101000100100011110100010001001111010001000000111101000011110011110100001110001111010000110100111101000011000011110100001011 e"
b111101100111100011110110011101001111011001110000111101100110110011110110011010001111011001100100111101100110000011110110010111 d"
b111101111001000011110111100011001111011110001000111101111000010011110111100000001111011101111100111101110111100011110111011101 c"
08
#733500
b1000010101010110100001010101001010000101010011101000010101001010100001010100100010000101010000101000010101000000100001010011101 h"
18
#733510
0>
#734000
1>
b111101000110010011110100011000001111010001011100111101000101100011110100010101001111010001010000111101000100110011110100010010 e"
b111101101000010011110110100000001111011001111100111101100111100011110110011101001111011001110000111101100110110011110110011010 d"
b111101111001010011110111100100001111011110001100111101111000100011110111100001001111011110000000111101110111110011110111011110 c"
08
#734500
b1000010101100010100001010110000010000101010110101000010101011000100001010101001010000101010100001000010101001100100001010100100 h"
18
#734510
0>
#735000
1>
b111101001000000011110100011111001111010001111000111101000111010011110100011100001111010001101100111101000110100011110100011001 e"
b111101101001000011110110100011001111011010001000111101101000010011110110100000001111011001111100111101100111100011110110011101 d"
b111101111001100011110111100101001111011110010000111101111000110011110111100010001111011110000100111101111000000011110111011111 c"
08
#735500
b1000010101110000100001010110110010000101011010001000010101100100100001010110000010000101010111001000010101011010100001010101010 h"
18
#735510
0>
#736000
08
#736500
01
18
#737000
08
#737500
18
#738000
1>
b111101001001110011110100100110001111010010010100111101001001000011110100100011001111010010001000111101001000010011110100100000 e"
b111101101001110011110110100110001111011010010100111101101001000011110110100011001111011010001000111101101000010011110110100000 d"
b111101111001110011110111100110001111011110010100111101111001000011110111100011001111011110001000111101111000010011110111100000 c"
08
#738500
b1000010101111100100001010111101010000101011101001000010101110010100001010110110010000101011010101000010101100100100001010110001 h"
11
18
#738510
0>
#739000
1>
b111101001011100011110100101101001111010010110000111101001010110011110100101010001111010010100100111101001010000011110100100111 e"
b111101101010100011110110101001001111011010100000111101101001110011110110100110001111011010010100111101101001000011110110100011 d"
b111101111010000011110111100111001111011110011000111101111001010011110111100100001111011110001100111101111000100011110111100001 c"
08
#739500
b1000010110001010100001011000011010000101100000101000010101111110100001010111101010000101011101101000010101110010100001010110111 h"
18
#739510
0>
#740000
1>
b111101001101010011110100110100001111010011001100111101001100100011110100110001001111010011000000111101001011110011110100101110 e"
b111101101011010011110110101100001111011010101100111101101010100011110110101001001111011010100000111101101001110011110110100110 d"
b111101111010010011110111101000001111011110011100111101111001100011110111100101001111011110010000111101111000110011110111100010 c"
08
#740500
b1000010110010110100001011001001010000101100011101000010110001100100001011000011010000101100001001000010101111110100001010111110 h"
18
#740510
0>
#741000
1>
b111101001111000011110100111011001111010011101000111101001110010011110100111000001111010011011100111101001101100011110100110101 e"
b111101101100000011110110101111001111011010111000111101101011010011110110101100001111011010101100111101101010100011110110101001 d"
b111101111010100011110111101001001111011110100000111101111001110011110111100110001111011110010100111101111001000011110111100011 c"
08
#741500
b1000010110100100100001011001111010000101100111001000010110011000100001011001010010000101100100001000010110001100100001011000100 h"
18
#741510
0>
#742000
08
#742500
01
18
#743000
08
#743500
18
#744000
1>
b111101010000110011110101000010001111010100000100111101010000000011110100111111001111010011111000111101001111010011110100111100 e"
b111101101100110011110110110010001111011011000100111101101100000011110110101111001111011010111000111101101011010011110110101100 d"
b111101111010110011110111101010001111011110100100111101111010000011110111100111001111011110011000111101111001010011110111100100 c"
08
#744500
b1000010110110000100001011010110010000101101010001000010110100100100001011010000010000101100111101000010110011000100001011001011 h"
11
18
#744510
0>
#745000
1>
b111101010010100011110101001001001111010100100000111101010001110011110101000110001111010100010100111101010001000011110101000011 e"
b111101101101100011110110110101001111011011010000111101101100110011110110110010001111011011000100111101101100000011110110101111 d"
b111101111011000011110111101011001111011110101000111101111010010011110111101000001111011110011100111101111001100011110111100101 c"
08
#745500
b1000010110111110100001011011100010000101101101101000010110110000100001011010111010000101101010001000010110100110100001011010001 h"
18
#745510
0>
#746000
1>
b111101010100010011110101010000001111010100111100111101010011100011110101001101001111010100110000111101010010110011110101001010 e"
b111101101110010011110110111000001111011011011100111101101101100011110110110101001111011011010000111101101100110011110110110010 d"
b111101111011010011110111101100001111011110101100111101111010100011110111101001001111011110100000111101111001110011110111100110 c"
08
#746500
b1000010111001010100001011100011010000101110000101000010110111110100001011011101010000101101101101000010110110010100001011010111 h"
18
#746510
0>
#747000
1>
b111101010110000011110101010111001111010101011000111101010101010011110101010100001111010101001100111101010100100011110101010001 e"
b111101101111000011110110111011001111011011101000111101101110010011110110111000001111011011011100111101101101100011110110110101 d"
b111101111011100011110111101101001111011110110000111101111010110011110111101010001111011110100100111101111010000011110111100111 c"
08
#747500
b1000010111011000100001011101001010000101110100001000010111001010100001011100100010000101110000101000010111000000100001011011101 h"
18
#747510
0>
#748000
08
#748500
01
18
#749000
08
#749500
18
#750000
1>
b111101010111110011110101011110001111010101110100111101010111000011110101011011001111010101101000111101010110010011110101011000 e"
b111101101111110011110110111110001111011011110100111101101111000011110110111011001111011011101000111101101110010011110110111000 d"
b111101111011110011110111101110001111011110110100111101111011000011110111101011001111011110101000111101111010010011110111101000 c"
08
#750500
b1000010111100100100001011110000010000101110111001000010111011000100001011101010010000101110100001000010111001100100001011100100 h"
11
18
#750510
0>
#751000
1>
b111101011001100011110101100101001111010110010000111101011000110011110101100010001111010110000100111101011000000011110101011111 e"
b111101110000100011110111000001001111011100000000111101101111110011110110111110001111011011110100111101101111000011110110111011 d"
b111101111100000011110111101111001111011110111000111101111011010011110111101100001111011110101100111101111010100011110111101001 c"
08
#751500
b1000010111110000100001011110110010000101111010101000010111100100100001011110001010000101110111001000010111011010100001011101010 h"
18
#751510
0>
#752000
1>
b111101011011010011110101101100001111010110101100111101011010100011110101101001001111010110100000111101011001110011110101100110 e"
b111101110001010011110111000100001111011100001100111101110000100011110111000001001111011100000000111101101111110011110110111110 d"
b111101111100010011110111110000001111011110111100111101111011100011110111101101001111011110110000111101111010110011110111101010 c"
08
#752500
b1000010111111100100001011111101010000101111101101000010111110010100001011110111010000101111010101000010111100110100001011110001 h"
18
#752510
0>
#753000
1>
b111101011101000011110101110011001111010111001000111101011100010011110101110000001111010110111100111101011011100011110101101101 e"
b111101110010000011110111000111001111011100011000111101110001010011110111000100001111011100001100111101110000100011110111000001 d"
b111101111100100011110111110001001111011111000000111101111011110011110111101110001111011110110100111101111011000011110111101011 c"
08
#753500
b1000011000001010100001100000011010000110000000101000010111111110100001011111110010000101111101101000010111110100100001011110111 h"
18
#753510
0>
#754000
08
#754500
01
18
#755000
08
#755500
18
#756000
1>
b111101011110110011110101111010001111010111100100111101011110000011110101110111001111010111011000111101011101010011110101110100 e"
b111101110010110011110111001010001111011100100100111101110010000011110111000111001111011100011000111101110001010011110111000100 d"
b111101111100110011110111110010001111011111000100111101111100000011110111101111001111011110111000111101111011010011110111101100 c"
08
#756500
b1000011000010110100001100001010010000110000011101000011000001100100001100000011010000110000001001000011000000000100001011111110 h"
11
18
#756510
0>
#757000
1>
b111101100000100011110110000001001111011000000000111101011111110011110101111110001111010111110100111101011111000011110101111011 e"
b111101110011100011110111001101001111011100110000111101110010110011110111001010001111011100100100111101110010000011110111000111 d"
b111101111101000011110111110011001111011111001000111101111100010011110111110000001111011110111100111101111011100011110111101101 c"
08
#757500
b1000011000100100100001100010000010000110000111001000011000011000100001100001010010000110000100001000011000001100100001100000100 h"
18
#757510
0>
#758000
1>
b111101100010010011110110001000001111011000011100111101100001100011110110000101001111011000010000111101100000110011110110000010 e"
b111101110100010011110111010000001111011100111100111101110011100011110111001101001111011100110000111101110010110011110111001010 d"
b111101111101010011110111110100001111011111001100111101111100100011110111110001001111011111000000111101111011110011110111101110 c"
08
#758500
b1000011000110000100001100010111010000110001010001000011000100110100001100010000010000110000111101000011000011000100001100001011 h"
18
#758510
0>
#759000
1>
b111101100100000011110110001111001111011000111000111101100011010011110110001100001111011000101100111101100010100011110110001001 e"
b111101110101000011110111010011001111011101001000111101110100010011110111010000001111011100111100111101110011100011110111001101 d"
b111101111101100011110111110101001111011111010000111101111100110011110111110010001111011111000100111101111100000011110111101111 c"
08
#759500
b1000011000111110100001100011101010000110001101101000011000110010100001100010111010000110001010101000011000100110100001100010001 h"
18
#759510
0>
#760000
08
#760500
01
18
#761000
08
#761500
18
#762000
1>
b111101100101110011110110010110001111011001010100111101100101000011110110010011001111011001001000111101100100010011110110010000 e"
b111101110101110011110111010110001111011101010100111101110101000011110111010011001111011101001000111101110100010011110111010000 d"
b111101111101110011110111110110001111011111010100111101111101000011110111110011001111011111001000111101111100010011110111110000 c"
08
#762500
b1000011001001010100001100100100010000110010000101000011001000000100001100011101010000110001110001000011000110010100001100011000 h"
11
18
#762510
0>
#763000
1>
b111101100111100011110110011101001111011001110000111101100110110011110110011010001111011001100100111101100110000011110110010111 e"
b111101110110100011110111011001001111011101100000111101110101110011110111010110001111011101010100111101110101000011110111010011 d"
b111101111110000011110111110111001111011111011000111101111101010011110111110100001111011111001100111101111100100011110111110001 c"
08
#763500
b1000011001011000100001100101010010000110010100001000011001001100100001100100100010000110010001001000011001000000100001100011110 h"
18
#763510
0>
#764000
1>
b111101101001010011110110100100001111011010001100111101101000100011110110100001001111011010000000111101100111110011110110011110 e"
b111101110111010011110111011100001111011101101100111101110110100011110111011001001111011101100000111101110101110011110111010110 d"
b111101111110010011110111111000001111011111011100111101111101100011110111110101001111011111010000111101111100110011110111110010 c"
08
#764500
b1000011001100100100001100110001010000110010111001000011001011010100001100101010010000110010100101000011001001100100001100100101 h"
18
#764510
0>
#765000
1>
b111101101011000011110110101011001111011010101000111101101010010011110110101000001111011010011100111101101001100011110110100101 e"
b111101111000000011110111011111001111011101111000111101110111010011110111011100001111011101101100111101110110100011110111011001 d"
b111101111110100011110111111001001111011111100000111101111101110011110111110110001111011111010100111101111101000011110111110011 c"
08
#765500
b1000011001110010100001100110111010000110011010101000011001100110100001100110001010000110010111101000011001011010100001100101011 h"
18
#765510
0>
#766000
08
#766500
01
18
#767000
08
#767500
18
#768000
1>
b111101101100110011110110110010001111011011000100111101101100000011110110101111001111011010111000111101101011010011110110101100 e"
b111101111000110011110111100010001111011110000100111101111000000011110111011111001111011101111000111101110111010011110111011100 d"
b111101111110110011110111111010001111011111100100111101111110000011110111110111001111011111011000111101111101010011110111110100 c"
08
#768500
b1000011001111110100001100111110010000110011101101000011001110100100001100110111010000110011011001000011001100110100001100110010 h"
11
18
#768510
0>
#769000
1>
b111101101110100011110110111001001111011011100000111101101101110011110110110110001111011011010100111101101101000011110110110011 e"
b111101111001100011110111100101001111011110010000111101111000110011110111100010001111011110000100111101111000000011110111011111 d"
b111101111111000011110111111011001111011111101000111101111110010011110111111000001111011111011100111101111101100011110111110101 c"
08
#769500
b1000011010001100100001101000100010000110100001001000011010000000100001100111110010000110011110001000011001110100100001100111000 h"
18
#769510
0>
#770000
1>
b111101110000010011110111000000001111011011111100111101101111100011110110111101001111011011110000111101101110110011110110111010 e"
b111101111010010011110111101000001111011110011100111101111001100011110111100101001111011110010000111101111000110011110111100010 d"
b111101111111010011110111111100001111011111101100111101111110100011110111111001001111011111100000111101111101110011110111110110 c"
08
#770500
b1000011010011000100001101001011010000110100100001000011010001110100001101000100010000110100001101000011010000000100001100111111 h"
18
#770510
0>
#771000
1>
b111101110010000011110111000111001111011100011000111101110001010011110111000100001111011100001100111101110000100011110111000001 e"
b111101111011000011110111101011001111011110101000111101111010010011110111101000001111011110011100111101111001100011110111100101 d"
b111101111111100011110111111101001111011111110000111101111110110011110111111010001111011111100100111101111110000011110111110111 c"
08
#771500
b1000011010100110100001101010001010000110100111101000011010011010100001101001011010000110100100101000011010001110100001101000101 h"
18
#771510
0>
#772000
08
#772500
01
18
#773000
08
#773500
18
#774000
1>
b111101110011110011110111001110001111011100110100111101110011000011110111001011001111011100101000111101110010010011110111001000 e"
b111101111011110011110111101110001111011110110100111101111011000011110111101011001111011110101000111101111010010011110111101000 d"
b111101111111110011110111111110001111011111110100111101111111000011110111111011001111011111101000111101111110010011110111111000 c"
08
#774500
b1000011010110010100001101011000010000110101010101000011010101000100001101010001010000110101000001000011010011010100001101001100 h"
11
18
#774510
0>
#775000
1>
b111101110101100011110111010101001111011101010000111101110100110011110111010010001111011101000100111101110100000011110111001111 e"
b111101111100100011110111110001001111011111000000111101111011110011110111101110001111011110110100111101111011000011110111101011 d"
b111110000000000011110111111111001111011111111000111101111111010011110111111100001111011111101100111101111110100011110111111001 c"
08
#775500
b1000011011000000100001101011110010000110101110001000011010110100100001101011000010000110101011001000011010101000100001101010010 h"
18
#775510
0>
#776000
1>
b111101110111010011110111011100001111011101101100111101110110100011110111011001001111011101100000111101110101110011110111010110 e"
b111101111101010011110111110100001111011111001100111101111100100011110111110001001111011111000000111101111011110011110111101110 d"
b111110000000010011111000000000001111011111111100111101111111100011110111111101001111011111110000111101111110110011110111111010 c"
08
#776500
b1000011011001100100001101100101010000110110001001000011011000010100001101011110010000110101110101000011010110100100001101011001 h"
18
#776510
0>
#777000
1>
b111101111001000011110111100011001111011110001000111101111000010011110111100000001111011101111100111101110111100011110111011101 e"
b111101111110000011110111110111001111011111011000111101111101010011110111110100001111011111001100111101111100100011110111110001 d"
b111110000000100011111000000001001111100000000000111101111111110011110111111110001111011111110100111101111111000011110111111011 c"
08
#777500
b1000011011011010100001101101010010000110110100101000011011001110100001101100101010000110110001101000011011000010100001101011111 h"
18
#777510
0>
#778000
08
#778500
01
18
#779000
08
#779500
18
#780000
1>
b111101111010110011110111101010001111011110100100111101111010000011110111100111001111011110011000111101111001010011110111100100 e"
b111101111110110011110111111010001111011111100100111101111110000011110111110111001111011111011000111101111101010011110111110100 d"
b111110000000110011111000000010001111100000000100111110000000000011110111111111001111011111111000111101111111010011110111111100 c"
08
#780500
b1000011011100110100001101110001010000110110111101000011011011100100001101101011010000110110101001000011011001110100001101100110 h"
11
18
#780510
0>
#781000
1>
b111101111100100011110111110001001111011111000000111101111011110011110111101110001111011110110100111101111011000011110111101011 e"
b111101111111100011110111111101001111011111110000111101111110110011110111111010001111011111100100111101111110000011110111110111 d"
b111110000001000011111000000011001111100000001000111110000000010011111000000000001111011111111100111101111111100011110111111101 c"
08
#781500
b1000011011110100100001101110111010000110111011001000011011100110100001101110010010000110111000001000011011011100100001101101100 h"
18
#781510
0>
#782000
1>
b111101111110010011110111111000001111011111011100111101111101100011110111110101001111011111010000111101111100110011110111110010 e"
b111110000000010011111000000000001111011111111100111101111111100011110111111101001111011111110000111101111110110011110111111010 d"
b111110000001010011111000000100001111100000001100111110000000100011111000000001001111100000000000111101111111110011110111111110 c"
08
#782500
b1000011100000000100001101111111010000110111110001000011011110100100001101111000010000110111011101000011011101000100001101110011 h"
18
#782510
0>
#783000
1>
b111110000000000011110111111111001111011111111000111101111111010011110111111100001111011111101100111101111110100011110111111001 e"
b111110000001000011111000000011001111100000001000111110000000010011111000000000001111011111111100111101111111100011110111111101 d"
b111110000001100011111000000101001111100000010000111110000000110011111000000010001111100000000100111110000000000011110111111111 c"
08
#783500
b1000011100001110100001110000101010000111000001101000011100000010100001101111111010000110111110001000011011110110100001101111001 h"
18
#783510
0>
#784000
08
#784500
01
18
#785000
08
#785500
18
#786000
1>
b111110000001110011111000000110001111100000010100111110000001000011111000000011001111100000001000111110000000010011111000000000 e"
b111110000001110011111000000110001111100000010100111110000001000011111000000011001111100000001000111110000000010011111000000000 d"
b111110000001110011111000000110001111100000010100111110000001000011111000000011001111100000001000111110000000010011111000000000 c"
08
#786500
b1000011100011010100001110001100010000111000100101000011100010000100001110000101010000111000010001000011100000010100001110000000 h"
11
18
#786510
0>
#787000
1>
b110 a"
b111110000011100011111000001101001111100000110000111110000010110011111000001010001111100000100100111110000010000011111000000111 e"
b111110000010100011111000001001001111100000100000111110000001110011111000000110001111100000010100111110000001000011111000000011 d"
b111110000010000011111000000111001111100000011000111110000001010011111000000100001111100000001100111110000000100011111000000001 c"
08
#787500
b111110000010000011111000000111001111100000011000111110000001010011111000000100001111100000001100111110000000100011111000000001 h"
12
18
#787510
0>
#788000
08
#788500
02
01
18
#789000
08
#789500
18
#790000
08
#790500
18
