self exe links to: /workspace/MLX_dev/build/fig24-qkv-orin-postcache/mlx_fig24_schedule_witness
self exe links to: /workspace/MLX_dev/build/fig24-qkv-orin-postcache/mlx_fig24_schedule_witness
11.0


        *** GPGPU-Sim Simulator Version 4.2.0  [build gpgpu-sim_git-commit-68e1cd3_modified_1.0] ***


GPGPU-Sim PTX: simulation mode 0 (can change with PTX_SIM_MODE_FUNC environment variable:
               1=functional simulation only, 0=detailed performance simulator)
GPGPU-Sim PTX: overriding embedded ptx with ptx file (PTX_SIM_USE_PTX_FILE is set)
GPGPU-Sim: Configuration options:

-save_embedded_ptx                      0 # saves ptx files embedded in binary as <n>.ptx
-keep                                   0 # keep intermediate files created by GPGPU-Sim when interfacing with external programs
-gpgpu_ptx_save_converted_ptxplus                    0 # Saved converted ptxplus to a file
-gpgpu_occupancy_sm_number                   86 # The SM number to pass to ptxas when getting register usage for computing GPU occupancy. This parameter is required in the config.
-ptx_opcode_latency_int           4,4,4,4,21 # Opcode latencies for integers <ADD,MAX,MUL,MAD,DIV,SHFL>Default 1,1,19,25,145,32
-ptx_opcode_latency_fp           4,4,4,4,39 # Opcode latencies for single precision floating points <ADD,MAX,MUL,MAD,DIV>Default 1,1,1,1,30
-ptx_opcode_latency_dp      64,64,64,64,330 # Opcode latencies for double precision floating points <ADD,MAX,MUL,MAD,DIV>Default 8,8,8,8,335
-ptx_opcode_latency_sfu                   21 # Opcode latencies for SFU instructionsDefault 8
-ptx_opcode_latency_tesnor                   64 # Opcode latencies for Tensor instructionsDefault 64
-ptx_opcode_initiation_int            2,2,2,2,2 # Opcode initiation intervals for integers <ADD,MAX,MUL,MAD,DIV,SHFL>Default 1,1,4,4,32,4
-ptx_opcode_initiation_fp            1,1,1,1,2 # Opcode initiation intervals for single precision floating points <ADD,MAX,MUL,MAD,DIV>Default 1,1,1,1,5
-ptx_opcode_initiation_dp      64,64,64,64,130 # Opcode initiation intervals for double precision floating points <ADD,MAX,MUL,MAD,DIV>Default 8,8,8,8,130
-ptx_opcode_initiation_sfu                    8 # Opcode initiation intervals for sfu instructionsDefault 8
-ptx_opcode_initiation_tensor                   64 # Opcode initiation intervals for tensor instructionsDefault 64
-cdp_latency         7200,8000,100,12000,1600 # CDP API latency <cudaStreamCreateWithFlags, cudaGetParameterBufferV2_init_perWarp, cudaGetParameterBufferV2_perKernel, cudaLaunchDeviceV2_init_perWarp, cudaLaunchDevicV2_perKernel>Default 7200,8000,100,12000,1600
-network_mode                           2 # Interconnection network mode
-inter_config_file                   mesh # Interconnection network config file
-icnt_in_buffer_limit                  512 # in_buffer_limit
-icnt_out_buffer_limit                  512 # out_buffer_limit
-icnt_subnets                           2 # subnets
-icnt_arbiter_algo                      1 # arbiter_algo
-icnt_verbose                           0 # inct_verbose
-icnt_grant_cycles                      1 # grant_cycles
-gpgpu_ptx_use_cuobjdump                    1 # Use cuobjdump to extract ptx and sass from binaries
-gpgpu_experimental_lib_support                    0 # Try to extract code from cuda libraries [Broken because of unknown cudaGetExportTable]
-checkpoint_option                      0 #  checkpointing flag (0 = no checkpoint)
-checkpoint_kernel                      1 #  checkpointing during execution of which kernel (1- 1st kernel)
-checkpoint_CTA                         0 #  checkpointing after # of CTA (< less than total CTA)
-resume_option                          0 #  resume flag (0 = no resume)
-resume_kernel                          0 #  Resume from which kernel (1= 1st kernel)
-resume_CTA                             0 #  resume from which CTA 
-checkpoint_CTA_t                       0 #  resume from which CTA 
-checkpoint_insn_Y                      0 #  resume from which CTA 
-gpgpu_ptx_convert_to_ptxplus                    0 # Convert SASS (native ISA) to ptxplus and run ptxplus
-gpgpu_ptx_force_max_capability                   86 # Force maximum compute capability
-gpgpu_ptx_inst_debug_to_file                    0 # Dump executed instructions' debug information to file
-gpgpu_ptx_inst_debug_file       inst_debug.txt # Executed instructions' debug output file
-gpgpu_ptx_inst_debug_thread_uid                    1 # Thread UID for executed instructions' debug output
-gpgpu_simd_model                       1 # 1 = post-dominator
-gpgpu_shader_core_pipeline              1536:32 # shader core pipeline config, i.e., {<nthread>:<warpsize>}
-gpgpu_tex_cache:l1  N:4:128:256,L:R:m:N:L,T:512:8,128:2 # per-shader L1 texture cache  (READ-ONLY) config  {<nsets>:<bsize>:<assoc>,<rep>:<wr>:<alloc>:<wr_alloc>,<mshr>:<N>:<merge>,<mq>:<rf>}
-gpgpu_const_cache:l1 N:128:64:8,L:R:f:N:L,S:2:64,4 # per-shader L1 constant memory cache  (READ-ONLY) config  {<nsets>:<bsize>:<assoc>,<rep>:<wr>:<alloc>:<wr_alloc>,<mshr>:<N>:<merge>,<mq>} 
-gpgpu_cache:il1     N:64:128:16,L:R:f:N:L,S:2:48,4 # shader L1 instruction cache config  {<nsets>:<bsize>:<assoc>,<rep>:<wr>:<alloc>:<wr_alloc>,<mshr>:<N>:<merge>,<mq>} 
-gpgpu_cache:dl1     S:4:128:256,L:T:m:L:L,A:384:48,16:0,32 # per-shader L1 data cache config  {<nsets>:<bsize>:<assoc>,<rep>:<wr>:<alloc>:<wr_alloc>,<mshr>:<N>:<merge>,<mq> | none}
-gpgpu_l1_cache_write_ratio                   25 # L1D write ratio
-gpgpu_l1_banks                         4 # The number of L1 cache banks
-gpgpu_l1_banks_byte_interleaving                   32 # l1 banks byte interleaving granularity
-gpgpu_l1_banks_hashing_function                    0 # l1 banks hashing function
-gpgpu_l1_latency                      39 # L1 Hit Latency
-gpgpu_smem_latency                    29 # smem Latency
-gpgpu_cache:dl1PrefL1                 none # per-shader L1 data cache config  {<nsets>:<bsize>:<assoc>,<rep>:<wr>:<alloc>:<wr_alloc>,<mshr>:<N>:<merge>,<mq> | none}
-gpgpu_cache:dl1PrefShared                 none # per-shader L1 data cache config  {<nsets>:<bsize>:<assoc>,<rep>:<wr>:<alloc>:<wr_alloc>,<mshr>:<N>:<merge>,<mq> | none}
-gpgpu_gmem_skip_L1D                    0 # global memory access skip L1D cache (implements -Xptxas -dlcm=cg, default=no skip)
-gpgpu_perfect_mem                      0 # enable perfect memory mode (no cache miss)
-n_regfile_gating_group                    4 # group of lanes that should be read/written together)
-gpgpu_clock_gated_reg_file                    0 # enable clock gated reg file for power calculations
-gpgpu_clock_gated_lanes                    0 # enable clock gated lanes for power calculations
-gpgpu_shader_registers                65536 # Number of registers per shader core. Limits number of concurrent CTAs. (default 8192)
-gpgpu_registers_per_block                65536 # Maximum number of registers per CTA. (default 8192)
-gpgpu_ignore_resources_limitation                    0 # gpgpu_ignore_resources_limitation (default 0)
-gpgpu_shader_cta                      32 # Maximum number of concurrent CTAs in shader (default 32)
-gpgpu_num_cta_barriers                   16 # Maximum number of named barriers per CTA (default 16)
-gpgpu_n_clusters                      16 # number of processing clusters
-gpgpu_n_cores_per_cluster                    1 # number of simd cores per cluster
-gpgpu_n_cluster_ejection_buffer_size                   32 # number of packets in ejection buffer
-gpgpu_n_ldst_response_buffer_size                    2 # number of response packets in ld/st unit ejection buffer
-gpgpu_shmem_per_block                49152 # Size of shared memory per thread block or CTA (default 48kB)
-gpgpu_shmem_size                  102400 # Size of shared memory per shader core (default 16kB)
-gpgpu_shmem_option      0,8,16,32,64,100 # Option list of shared memory sizes
-gpgpu_unified_l1d_size                  128 # Size of unified data cache(L1D + shared memory) in KB
-gpgpu_adaptive_cache_config                    1 # adaptive_cache_config
-gpgpu_shmem_sizeDefault               102400 # Size of shared memory per shader core (default 16kB)
-gpgpu_shmem_size_PrefL1                16384 # Size of shared memory per shader core (default 16kB)
-gpgpu_shmem_size_PrefShared                16384 # Size of shared memory per shader core (default 16kB)
-gpgpu_shmem_num_banks                   32 # Number of banks in the shared memory in each shader core (default 16)
-gpgpu_shmem_limited_broadcast                    0 # Limit shared memory to do one broadcast per cycle (default on)
-gpgpu_shmem_warp_parts                    1 # Number of portions a warp is divided into for shared memory bank conflict check 
-gpgpu_mem_unit_ports                    1 # The number of memory transactions allowed per core cycle
-gpgpu_shmem_warp_parts                    1 # Number of portions a warp is divided into for shared memory bank conflict check 
-gpgpu_warpdistro_shader                   -1 # Specify which shader core to collect the warp size distribution from
-gpgpu_warp_issue_shader                    0 # Specify which shader core to collect the warp issue distribution from
-gpgpu_local_mem_map                    1 # Mapping from local memory space address to simulated GPU physical address space (default = enabled)
-gpgpu_num_reg_banks                    8 # Number of register banks (default = 8)
-gpgpu_reg_bank_use_warp_id                    0 # Use warp ID in mapping registers to banks (default = off)
-gpgpu_sub_core_model                    1 # Sub Core Volta/Pascal model (default = off)
-gpgpu_enable_specialized_operand_collector                    0 # enable_specialized_operand_collector
-gpgpu_operand_collector_num_units_sp                    4 # number of collector units (default = 4)
-gpgpu_operand_collector_num_units_dp                    0 # number of collector units (default = 0)
-gpgpu_operand_collector_num_units_sfu                    4 # number of collector units (default = 4)
-gpgpu_operand_collector_num_units_int                    0 # number of collector units (default = 0)
-gpgpu_operand_collector_num_units_tensor_core                    4 # number of collector units (default = 4)
-gpgpu_operand_collector_num_units_mem                    2 # number of collector units (default = 2)
-gpgpu_operand_collector_num_units_gen                    8 # number of collector units (default = 0)
-gpgpu_operand_collector_num_in_ports_sp                    1 # number of collector unit in ports (default = 1)
-gpgpu_operand_collector_num_in_ports_dp                    0 # number of collector unit in ports (default = 0)
-gpgpu_operand_collector_num_in_ports_sfu                    1 # number of collector unit in ports (default = 1)
-gpgpu_operand_collector_num_in_ports_int                    0 # number of collector unit in ports (default = 0)
-gpgpu_operand_collector_num_in_ports_tensor_core                    1 # number of collector unit in ports (default = 1)
-gpgpu_operand_collector_num_in_ports_mem                    1 # number of collector unit in ports (default = 1)
-gpgpu_operand_collector_num_in_ports_gen                    8 # number of collector unit in ports (default = 0)
-gpgpu_operand_collector_num_out_ports_sp                    1 # number of collector unit in ports (default = 1)
-gpgpu_operand_collector_num_out_ports_dp                    0 # number of collector unit in ports (default = 0)
-gpgpu_operand_collector_num_out_ports_sfu                    1 # number of collector unit in ports (default = 1)
-gpgpu_operand_collector_num_out_ports_int                    0 # number of collector unit in ports (default = 0)
-gpgpu_operand_collector_num_out_ports_tensor_core                    1 # number of collector unit in ports (default = 1)
-gpgpu_operand_collector_num_out_ports_mem                    1 # number of collector unit in ports (default = 1)
-gpgpu_operand_collector_num_out_ports_gen                    8 # number of collector unit in ports (default = 0)
-gpgpu_coalesce_arch                   86 # Coalescing arch (GT200 = 13, Fermi = 20)
-gpgpu_num_sched_per_core                    4 # Number of warp schedulers per core
-gpgpu_max_insn_issue_per_warp                    1 # Max number of instructions that can be issued per warp in one cycle by scheduler (either 1 or 2)
-gpgpu_dual_issue_diff_exec_units                    1 # should dual issue use two different execution unit resources (Default = 1)
-gpgpu_simt_core_sim_order                    1 # Select the simulation order of cores in a cluster (0=Fix, 1=Round-Robin)
-gpgpu_pipeline_widths 4,4,4,4,4,4,4,4,4,4,8,4,4 # Pipeline widths ID_OC_SP,ID_OC_DP,ID_OC_INT,ID_OC_SFU,ID_OC_MEM,OC_EX_SP,OC_EX_DP,OC_EX_INT,OC_EX_SFU,OC_EX_MEM,EX_WB,ID_OC_TENSOR_CORE,OC_EX_TENSOR_CORE
-gpgpu_tensor_core_avail                    1 # Tensor Core Available (default=0)
-gpgpu_num_sp_units                     4 # Number of SP units (default=1)
-gpgpu_num_dp_units                     4 # Number of DP units (default=0)
-gpgpu_num_int_units                    4 # Number of INT units (default=0)
-gpgpu_num_sfu_units                    4 # Number of SF units (default=1)
-gpgpu_num_tensor_core_units                    4 # Number of tensor_core units (default=1)
-gpgpu_num_mem_units                    1 # Number if ldst units (default=1) WARNING: not hooked up to anything
-gpgpu_scheduler                      lrr # Scheduler configuration: < lrr | gto | two_level_active > If two_level_active:<num_active_warps>:<inner_prioritization>:<outer_prioritization>For complete list of prioritization values see shader.h enum scheduler_prioritization_typeDefault: gto
-gpgpu_concurrent_kernel_sm                    0 # Support concurrent kernels on a SM (default = disabled)
-gpgpu_perfect_inst_const_cache                    1 # perfect inst and const cache mode, so all inst and const hits in the cache(default = disabled)
-gpgpu_inst_fetch_throughput                    4 # the number of fetched intruction per warp each cycle
-gpgpu_reg_file_port_throughput                    2 # the number ports of the register file
-specialized_unit_1         0,4,4,4,4,BRA # specialized unit config {<enabled>,<num_units>:<latency>:<initiation>,<ID_OC_SPEC>:<OC_EX_SPEC>,<NAME>}
-specialized_unit_2         0,4,4,4,4,BRA # specialized unit config {<enabled>,<num_units>:<latency>:<initiation>,<ID_OC_SPEC>:<OC_EX_SPEC>,<NAME>}
-specialized_unit_3         0,4,4,4,4,BRA # specialized unit config {<enabled>,<num_units>:<latency>:<initiation>,<ID_OC_SPEC>:<OC_EX_SPEC>,<NAME>}
-specialized_unit_4         0,4,4,4,4,BRA # specialized unit config {<enabled>,<num_units>:<latency>:<initiation>,<ID_OC_SPEC>:<OC_EX_SPEC>,<NAME>}
-specialized_unit_5         0,4,4,4,4,BRA # specialized unit config {<enabled>,<num_units>:<latency>:<initiation>,<ID_OC_SPEC>:<OC_EX_SPEC>,<NAME>}
-specialized_unit_6         0,4,4,4,4,BRA # specialized unit config {<enabled>,<num_units>:<latency>:<initiation>,<ID_OC_SPEC>:<OC_EX_SPEC>,<NAME>}
-specialized_unit_7         0,4,4,4,4,BRA # specialized unit config {<enabled>,<num_units>:<latency>:<initiation>,<ID_OC_SPEC>:<OC_EX_SPEC>,<NAME>}
-specialized_unit_8         0,4,4,4,4,BRA # specialized unit config {<enabled>,<num_units>:<latency>:<initiation>,<ID_OC_SPEC>:<OC_EX_SPEC>,<NAME>}
-gpgpu_perf_sim_memcpy                    1 # Fill the L2 cache on memcpy
-gpgpu_simple_dram_model                    0 # simple_dram_model with fixed latency and BW
-gpgpu_dram_scheduler                    1 # 0 = fifo, 1 = FR-FCFS (defaul)
-gpgpu_dram_partition_queues          64:64:64:64 # i2$:$2d:d2$:$2i
-l2_ideal                               0 # Use a ideal L2 cache that always hit
-gpgpu_cache:dl2     S:64:128:16,L:B:m:L:P,A:192:4,32:0,32 # unified banked L2 data cache config  {<nsets>:<bsize>:<assoc>,<rep>:<wr>:<alloc>:<wr_alloc>,<mshr>:<N>:<merge>,<mq>}
-gpgpu_cache:dl2_texture_only                    0 # L2 cache used for texture only
-gpgpu_n_mem                           16 # number of memory modules (e.g. memory controllers) in gpu
-gpgpu_n_sub_partition_per_mchannel                    2 # number of memory subpartition in each memory module
-gpgpu_n_mem_per_ctrlr                    1 # number of memory chips per memory controller
-gpgpu_memlatency_stat                   14 # track and display latency statistics 0x2 enables MC, 0x4 enables queue logs
-gpgpu_frfcfs_dram_sched_queue_size                   64 # 0 = unlimited (default); # entries per chip
-gpgpu_dram_return_queue_size                  192 # 0 = unlimited (default); # entries per chip
-gpgpu_dram_buswidth                    2 # default = 4 bytes (8 bytes per cycle at DDR)
-gpgpu_dram_burst_length                   16 # Burst length of each DRAM request (default = 4 data bus cycle)
-dram_data_command_freq_ratio                    4 # Frequency ratio between DRAM data bus and command bus (default = 2 times, i.e. DDR)
-gpgpu_dram_timing_opt nbk=16:CCD=4:RRD=12:RCD=24:RAS=55:RP=24:RC=78:CL=24:WL=8:CDLR=10:WR=24:nbkgrp=4:CCDL=6:RTPL=4 # DRAM timing parameters = {nbk:tCCD:tRRD:tRCD:tRAS:tRP:tRC:CL:WL:tCDLR:tWR:nbkgrp:tCCDL:tRTPL}
-gpgpu_l2_rop_latency                  187 # ROP queue latency (default 85)
-dram_latency                         254 # DRAM latency (default 30)
-dram_dual_bus_interface                    0 # dual_bus_interface (default = 0) 
-dram_bnk_indexing_policy                    0 # dram_bnk_indexing_policy (0 = normal indexing, 1 = Xoring with the higher bits) (Default = 0)
-dram_bnkgrp_indexing_policy                    1 # dram_bnkgrp_indexing_policy (0 = take higher bits, 1 = take lower bits) (Default = 0)
-dram_seperate_write_queue_enable                    0 # Seperate_Write_Queue_Enable
-dram_write_queue_size             32:28:16 # Write_Queue_Size
-dram_elimnate_rw_turnaround                    0 # elimnate_rw_turnaround i.e set tWTR and tRTW = 0
-icnt_flit_size                        40 # icnt_flit_size
-SST_mode                               0 # SST mode
-gpgpu_mem_addr_mapping dramid@8;00000000.00000000.00000000.00000000.0000RRRR.RRRRRRRR.RBBBCCCC.BCCSSSSS # mapping memory address to dram model {dramid@<start bit>;<memory address map>}
-gpgpu_mem_addr_test                    0 # run sweep test to check address mapping for aliased address
-gpgpu_mem_address_mask                    1 # 0 = old addressing mask, 1 = new addressing mask, 2 = new add. mask + flipped bank sel and chip sel bits
-gpgpu_memory_partition_indexing                    2 # 0 = no indexing, 1 = bitwise xoring, 2 = IPoly, 3 = custom indexing
-accelwattch_xml_file accelwattch_sass_sim.xml # AccelWattch XML file
-power_simulation_enabled                    0 # Turn on power simulator (1=On, 0=Off)
-power_per_cycle_dump                    0 # Dump detailed power output each cycle
-hw_perf_file_name            hw_perf.csv # Hardware Performance Statistics file
-hw_perf_bench_name                       # Kernel Name in Hardware Performance Statistics file
-power_simulation_mode                    0 # Switch performance counter input for power simulation (0=Sim, 1=HW, 2=HW-Sim Hybrid)
-dvfs_enabled                           0 # Turn on DVFS for power model
-aggregate_power_stats                    0 # Accumulate power across all kernels
-accelwattch_hybrid_perfsim_L1_RH                    0 # Get L1 Read Hits for Accelwattch-Hybrid from Accel-Sim
-accelwattch_hybrid_perfsim_L1_RM                    0 # Get L1 Read Misses for Accelwattch-Hybrid from Accel-Sim
-accelwattch_hybrid_perfsim_L1_WH                    0 # Get L1 Write Hits for Accelwattch-Hybrid from Accel-Sim
-accelwattch_hybrid_perfsim_L1_WM                    0 # Get L1 Write Misses for Accelwattch-Hybrid from Accel-Sim
-accelwattch_hybrid_perfsim_L2_RH                    0 # Get L2 Read Hits for Accelwattch-Hybrid from Accel-Sim
-accelwattch_hybrid_perfsim_L2_RM                    0 # Get L2 Read Misses for Accelwattch-Hybrid from Accel-Sim
-accelwattch_hybrid_perfsim_L2_WH                    0 # Get L2 Write Hits for Accelwattch-Hybrid from Accel-Sim
-accelwattch_hybrid_perfsim_L2_WM                    0 # Get L2 Write Misses for Accelwattch-Hybrid from Accel-Sim
-accelwattch_hybrid_perfsim_CC_ACC                    0 # Get Constant Cache Acesses for Accelwattch-Hybrid from Accel-Sim
-accelwattch_hybrid_perfsim_SHARED_ACC                    0 # Get Shared Memory Acesses for Accelwattch-Hybrid from Accel-Sim
-accelwattch_hybrid_perfsim_DRAM_RD                    0 # Get DRAM Reads for Accelwattch-Hybrid from Accel-Sim
-accelwattch_hybrid_perfsim_DRAM_WR                    0 # Get DRAM Writes for Accelwattch-Hybrid from Accel-Sim
-accelwattch_hybrid_perfsim_NOC                    0 # Get Interconnect Acesses for Accelwattch-Hybrid from Accel-Sim
-accelwattch_hybrid_perfsim_PIPE_DUTY                    0 # Get Pipeline Duty Cycle Acesses for Accelwattch-Hybrid from Accel-Sim
-accelwattch_hybrid_perfsim_NUM_SM_IDLE                    0 # Get Number of Idle SMs for Accelwattch-Hybrid from Accel-Sim
-accelwattch_hybrid_perfsim_CYCLES                    0 # Get Executed Cycles for Accelwattch-Hybrid from Accel-Sim
-accelwattch_hybrid_perfsim_VOLTAGE                    0 # Get Chip Voltage for Accelwattch-Hybrid from Accel-Sim
-power_trace_enabled                    0 # produce a file for the power trace (1=On, 0=Off)
-power_trace_zlevel                     6 # Compression level of the power trace output log (0=no comp, 9=highest)
-steady_power_levels_enabled                    0 # produce a file for the steady power levels (1=On, 0=Off)
-steady_state_definition                  8:4 # allowed deviation:number of samples
-gpgpu_max_cycle                        0 # terminates gpu simulation early (0 = no limit)
-gpgpu_max_insn                         0 # terminates gpu simulation early (0 = no limit)
-gpgpu_max_cta                          0 # terminates gpu simulation early (0 = no limit)
-gpgpu_max_completed_cta                    0 # terminates gpu simulation early (0 = no limit)
-gpgpu_runtime_stat                   500 # display runtime statistics such as dram utilization {<freq>:<flag>}
-liveness_message_freq                    1 # Minimum number of seconds between simulation liveness messages (0 = always print)
-gpgpu_compute_capability_major                    8 # Major compute capability version number
-gpgpu_compute_capability_minor                    6 # Minor compute capability version number
-gpgpu_flush_l1_cache                    1 # Flush L1 cache at the end of each kernel call
-gpgpu_flush_l2_cache                    0 # Flush L2 cache at the end of each kernel call
-gpgpu_deadlock_detect                    1 # Stop the simulation at deadlock (1=on (default), 0=off)
-gpgpu_ptx_instruction_classification                    0 # if enabled will classify ptx instruction types per kernel (Max 255 kernels now)
-gpgpu_ptx_sim_mode                     0 # Select between Performance (default) or Functional simulation (1)
-gpgpu_clock_domains  1300:1300:1300:1600 # Clock Domain Frequencies in MhZ {<Core Clock>:<ICNT Clock>:<L2 Clock>:<DRAM Clock>}
-gpgpu_max_concurrent_kernel                  128 # maximum kernels that can run concurrently on GPU, set this value according to max resident grids for your compute capability
-gpgpu_cflog_interval                    0 # Interval between each snapshot in control flow logger
-visualizer_enabled                     0 # Turn on visualizer output (1=On, 0=Off)
-visualizer_outputfile                 NULL # Specifies the output log file for visualizer
-visualizer_zlevel                      6 # Compression level of the visualizer output log (0=no comp, 9=highest)
-gpgpu_stack_size_limit                 1024 # GPU thread stack size
-gpgpu_heap_size_limit              8388608 # GPU malloc heap size 
-gpgpu_runtime_sync_depth_limit                    2 # GPU device runtime synchronize depth
-gpgpu_runtime_pending_launch_count_limit                 2048 # GPU device runtime pending launch count
-trace_enabled                          0 # Turn on traces
-trace_components                    none # comma seperated list of traces to enable. Complete list found in trace_streams.tup. Default none
-trace_sampling_core                    0 # The core which is printed using CORE_DPRINTF. Default 0
-trace_sampling_memory_partition                   -1 # The memory partition which is printed using MEMPART_DPRINTF. Default -1 (i.e. all)
-enable_ptx_file_line_stats                    1 # Turn on PTX source line statistic profiling. (1 = On)
-ptx_line_stats_filename gpgpu_inst_stats.txt # Output file for PTX source line statistics.
-gpgpu_kernel_launch_latency                 5000 # Kernel launch latency in cycles. Default: 0
-gpgpu_cdp_enabled                      0 # Turn on CDP
-gpgpu_TB_launch_latency                    0 # thread block launch latency in cycles. Default: 0
DRAM Timing Options:
nbk                                    16 # number of banks
CCD                                     4 # column to column delay
RRD                                 daddd2aac1fe41a468dd2b1be0fc6966  /workspace/MLX_dev/build/fig24-qkv-orin-postcache/mlx_fig24_schedule_witness
Extracting PTX file and ptxas options    1: mlx_fig24_schedule_witness.1.sm_86.ptx -arch=sm_86
   12 # minimal delay between activation of rows in different banks
RCD                                    24 # row to column delay
RAS                                    55 # time needed to activate row
RP                                     24 # time needed to precharge (deactivate) row
RC                                     78 # row cycle time
CDLR                                   10 # switching from write to read (changes tWTR)
WR                                     24 # last data-in to row precharge
CL                                     24 # CAS latency
WL                                      8 # Write latency
nbkgrp                                  4 # number of bank groups
CCDL                                    6 # column to column delay between accesses to different bank groups
RTPL                                    4 # read to precharge delay between accesses to different bank groups
Total number of memory sub partition = 32
addr_dec_mask[CHIP]  = 0000000000000f00 	high:12 low:8
addr_dec_mask[BK]    = 0000000000070080 	high:19 low:7
addr_dec_mask[ROW]   = 00000000fff80000 	high:32 low:19
addr_dec_mask[COL]   = 000000000000f07f 	high:16 low:0
addr_dec_mask[BURST] = 000000000000001f 	high:5 low:0
sub_partition_id_mask = 0000000000000080
GPGPU-Sim uArch: clock freqs: 1300000000.000000:1300000000.000000:1300000000.000000:1600000000.000000
GPGPU-Sim uArch: clock periods: 0.00000000076923076923:0.00000000076923076923:0.00000000076923076923:0.00000000062500000000
*** Initializing Memory Statistics ***
GPGPU-Sim uArch: performance model initialization complete.
GPGPU-Sim PTX: __cudaRegisterFatBinary, fat_cubin_handle = 1, filename=default
self exe links to: /workspace/MLX_dev/build/fig24-qkv-orin-postcache/mlx_fig24_schedule_witness
Running md5sum using "md5sum /workspace/MLX_dev/build/fig24-qkv-orin-postcache/mlx_fig24_schedule_witness "
self exe links to: /workspace/MLX_dev/build/fig24-qkv-orin-postcache/mlx_fig24_schedule_witness
Extracting specific PTX file named mlx_fig24_schedule_witness.1.sm_86.ptx 
GPGPU-Sim PTX: __cudaRegisterFunction _Z10bsmm_stagePKfPfii : hostFun 0x0x6123e05cd030, fat_cubin_handle = 1
GPGPU-Sim PTX: Parsing mlx_fig24_schedule_witness.1.sm_86.ptx
GPGPU-Sim PTX: instruction assembly for function '_Z10bsmm_stagePKfPfii'...   done.
GPGPU-Sim PTX: finished parsing EMBEDDED .ptx file mlx_fig24_schedule_witness.1.sm_86.ptx
GPGPU-Sim PTX: loading globals with explicit initializers... 
GPGPU-Sim PTX: finished loading globals (0 bytes total).
GPGPU-Sim PTX: loading constants with explicit initializers...  done.
GPGPU-Sim PTX: Loading PTXInfo from mlx_fig24_schedule_witness.1.sm_86.ptx
GPGPU-Sim PTX: Kernel '_Z10bsmm_stagePKfPfii' : regs=14, lmem=0, smem=0, cmem=376
self exe links to: /workspace/MLX_dev/build/fig24-qkv-orin-postcache/mlx_fig24_schedule_witness
self exe links to: /workspace/MLX_dev/build/fig24-qkv-orin-postcache/mlx_fig24_schedule_witness
11.0
GPGPU-Sim PTX: __cudaRegisterFatBinary, fat_cubin_handle = 2, filename=default
GPGPU-Sim PTX: __cudaRegisterFunction __nv_static_44__570e7b9d_22_cuda_device_runtime_cu_8b1a5d37__Z16memcpy_3d_deviceImLi1ELi1ELi1EEvPKhPhT_S3_S3_S3_S3_S3_S3_jjjjjjjjS3_S1_S2_ : hostFun 0x0x6123e05d2ce0, fat_cubin_handle = 2
Warning: cannot find deviceFun __nv_static_44__570e7b9d_22_cuda_device_runtime_cu_8b1a5d37__Z16memcpy_3d_deviceImLi1ELi1ELi1EEvPKhPhT_S3_S3_S3_S3_S3_S3_jjjjjjjjS3_S1_S2_
GPGPU-Sim PTX: __cudaRegisterFunction __nv_static_44__570e7b9d_22_cuda_device_runtime_cu_8b1a5d37__Z16memcpy_3d_deviceImLi1ELi1ELi0EEvPKhPhT_S3_S3_S3_S3_S3_S3_jjjjjjjjS3_S1_S2_ : hostFun 0x0x6123e05d29b0, fat_cubin_handle = 2
Warning: cannot find deviceFun __nv_static_44__570e7b9d_22_cuda_device_runtime_cu_8b1a5d37__Z16memcpy_3d_deviceImLi1ELi1ELi0EEvPKhPhT_S3_S3_S3_S3_S3_S3_jjjjjjjjS3_S1_S2_
GPGPU-Sim PTX: __cudaRegisterFunction __nv_static_44__570e7b9d_22_cuda_device_runtime_cu_8b1a5d37__Z16memcpy_3d_deviceImLi1ELi0ELi1EEvPKhPhT_S3_S3_S3_S3_S3_S3_jjjjjjjjS3_S1_S2_ : hostFun 0x0x6123e05d2680, fat_cubin_handle = 2
Warning: cannot find deviceFun __nv_static_44__570e7b9d_22_cuda_device_runtime_cu_8b1a5d37__Z16memcpy_3d_deviceImLi1ELi0ELi1EEvPKhPhT_S3_S3_S3_S3_S3_S3_jjjjjjjjS3_S1_S2_
GPGPU-Sim PTX: __cudaRegisterFunction __nv_static_44__570e7b9d_22_cuda_device_runtime_cu_8b1a5d37__Z16memcpy_3d_deviceImLi1ELi0ELi0EEvPKhPhT_S3_S3_S3_S3_S3_S3_jjjjjjjjS3_S1_S2_ : hostFun 0x0x6123e05d2350, fat_cubin_handle = 2
Warning: cannot find deviceFun __nv_static_44__570e7b9d_22_cuda_device_runtime_cu_8b1a5d37__Z16memcpy_3d_deviceImLi1ELi0ELi0EEvPKhPhT_S3_S3_S3_S3_S3_S3_jjjjjjjjS3_S1_S2_
GPGPU-Sim PTX: __cudaRegisterFunction __nv_static_44__570e7b9d_22_cuda_device_runtime_cu_8b1a5d37__Z16memcpy_3d_deviceImLi0ELi1ELi1EEvPKhPhT_S3_S3_S3_S3_S3_S3_jjjjjjjjS3_S1_S2_ : hostFun 0x0x6123e05d2020, fat_cubin_handle = 2
Warning: cannot find deviceFun __nv_static_44__570e7b9d_22_cuda_device_runtime_cu_8b1a5d37__Z16memcpy_3d_deviceImLi0ELi1ELi1EEvPKhPhT_S3_S3_S3_S3_S3_S3_jjjjjjjjS3_S1_S2_
GPGPU-Sim PTX: __cudaRegisterFunction __nv_static_44__570e7b9d_22_cuda_device_runtime_cu_8b1a5d37__Z16memcpy_3d_deviceImLi0ELi1ELi0EEvPKhPhT_S3_S3_S3_S3_S3_S3_jjjjjjjjS3_S1_S2_ : hostFun 0x0x6123e05d1cf0, fat_cubin_handle = 2
Warning: cannot find deviceFun __nv_static_44__570e7b9d_22_cuda_device_runtime_cu_8b1a5d37__Z16memcpy_3d_deviceImLi0ELi1ELi0EEvPKhPhT_S3_S3_S3_S3_S3_S3_jjjjjjjjS3_S1_S2_
GPGPU-Sim PTX: __cudaRegisterFunction __nv_static_44__570e7b9d_22_cuda_device_runtime_cu_8b1a5d37__Z16memcpy_3d_deviceImLi0ELi0ELi1EEvPKhPhT_S3_S3_S3_S3_S3_S3_jjjjjjjjS3_S1_S2_ : hostFun 0x0x6123e05d19c0, fat_cubin_handle = 2
Warning: cannot find deviceFun __nv_static_44__570e7b9d_22_cuda_device_runtime_cu_8b1a5d37__Z16memcpy_3d_deviceImLi0ELi0ELi1EEvPKhPhT_S3_S3_S3_S3_S3_S3_jjjjjjjjS3_S1_S2_
GPGPU-Sim PTX: __cudaRegisterFunction __nv_static_44__570e7b9d_22_cuda_device_runtime_cu_8b1a5d37__Z16memcpy_3d_deviceImLi0ELi0ELi0EEvPKhPhT_S3_S3_S3_S3_S3_S3_jjjjjjjjS3_S1_S2_ : hostFun 0x0x6123e05d1690, fat_cubin_handle = 2
Warning: cannot find deviceFun __nv_static_44__570e7b9d_22_cuda_device_runtime_cu_8b1a5d37__Z16memcpy_3d_deviceImLi0ELi0ELi0EEvPKhPhT_S3_S3_S3_S3_S3_S3_jjjjjjjjS3_S1_S2_
GPGPU-Sim PTX: __cudaRegisterFunction __nv_static_44__570e7b9d_22_cuda_device_runtime_cu_8b1a5d37__Z16memcpy_3d_deviceIjLi1ELi1ELi1EEvPKhPhT_S3_S3_S3_S3_S3_S3_jjjjjjjjS3_S1_S2_ : hostFun 0x0x6123e05d1380, fat_cubin_handle = 2
Warning: cannot find deviceFun __nv_static_44__570e7b9d_22_cuda_device_runtime_cu_8b1a5d37__Z16memcpy_3d_deviceIjLi1ELi1ELi1EEvPKhPhT_S3_S3_S3_S3_S3_S3_jjjjjjjjS3_S1_S2_
GPGPU-Sim PTX: __cudaRegisterFunction __nv_static_44__570e7b9d_22_cuda_device_runtime_cu_8b1a5d37__Z16memcpy_3d_deviceIjLi1ELi1ELi0EEvPKhPhT_S3_S3_S3_S3_S3_S3_jjjjjjjjS3_S1_S2_ : hostFun 0x0x6123e05d1070, fat_cubin_handle = 2
Warning: cannot find deviceFun __nv_static_44__570e7b9d_22_cuda_device_runtime_cu_8b1a5d37__Z16memcpy_3d_deviceIjLi1ELi1ELi0EEvPKhPhT_S3_S3_S3_S3_S3_S3_jjjjjjjjS3_S1_S2_
GPGPU-Sim PTX: __cudaRegisterFunction __nv_static_44__570e7b9d_22_cuda_device_runtime_cu_8b1a5d37__Z16memcpy_3d_deviceIjLi1ELi0ELi1EEvPKhPhT_S3_S3_S3_S3_S3_S3_jjjjjjjjS3_S1_S2_ : hostFun 0x0x6123e05d0d60, fat_cubin_handle = 2
Warning: cannot find deviceFun __nv_static_44__570e7b9d_22_cuda_device_runtime_cu_8b1a5d37__Z16memcpy_3d_deviceIjLi1ELi0ELi1EEvPKhPhT_S3_S3_S3_S3_S3_S3_jjjjjjjjS3_S1_S2_
GPGPU-Sim PTX: __cudaRegisterFunction __nv_static_44__570e7b9d_22_cuda_device_runtime_cu_8b1a5d37__Z16memcpy_3d_deviceIjLi1ELi0ELi0EEvPKhPhT_S3_S3_S3_S3_S3_S3_jjjjjjjjS3_S1_S2_ : hostFun 0x0x6123e05d0a50, fat_cubin_handle = 2
Warning: cannot find deviceFun __nv_static_44__570e7b9d_22_cuda_device_runtime_cu_8b1a5d37__Z16memcpy_3d_deviceIjLi1ELi0ELi0EEvPKhPhT_S3_S3_S3_S3_S3_S3_jjjjjjjjS3_S1_S2_
GPGPU-Sim PTX: __cudaRegisterFunction __nv_static_44__570e7b9d_22_cuda_device_runtime_cu_8b1a5d37__Z16memcpy_3d_deviceIjLi0ELi1ELi1EEvPKhPhT_S3_S3_S3_S3_S3_S3_jjjjjjjjS3_S1_S2_ : hostFun 0x0x6123e05d0740, fat_cubin_handle = 2
Warning: cannot find deviceFun __nv_static_44__570e7b9d_22_cuda_device_runtime_cu_8b1a5d37__Z16memcpy_3d_deviceIjLi0ELi1ELi1EEvPKhPhT_S3_S3_S3_S3_S3_S3_jjjjjjjjS3_S1_S2_
GPGPU-Sim PTX: __cudaRegisterFunction __nv_static_44__570e7b9d_22_cuda_device_runtime_cu_8b1a5d37__Z16memcpy_3d_deviceIjLi0ELi1ELi0EEvPKhPhT_S3_S3_S3_S3_S3_S3_jjjjjjjjS3_S1_S2_ : hostFun 0x0x6123e05d0430, fat_cubin_handle = 2
Warning: cannot find deviceFun __nv_static_44__570e7b9d_22_cuda_device_runtime_cu_8b1a5d37__Z16memcpy_3d_deviceIjLi0ELi1ELi0EEvPKhPhT_S3_S3_S3_S3_S3_S3_jjjjjjjjS3_S1_S2_
GPGPU-Sim PTX: __cudaRegisterFunction __nv_static_44__570e7b9d_22_cuda_device_runtime_cu_8b1a5d37__Z16memcpy_3d_deviceIjLi0ELi0ELi1EEvPKhPhT_S3_S3_S3_S3_S3_S3_jjjjjjjjS3_S1_S2_ : hostFun 0x0x6123e05d0120, fat_cubin_handle = 2
Warning: cannot find deviceFun __nv_static_44__570e7b9d_22_cuda_device_runtime_cu_8b1a5d37__Z16memcpy_3d_deviceIjLi0ELi0ELi1EEvPKhPhT_S3_S3_S3_S3_S3_S3_jjjjjjjjS3_S1_S2_
GPGPU-Sim PTX: __cudaRegisterFunction __nv_static_44__570e7b9d_22_cuda_device_runtime_cu_8b1a5d37__Z16memcpy_3d_deviceIjLi0ELi0ELi0EEvPKhPhT_S3_S3_S3_S3_S3_S3_jjjjjjjjS3_S1_S2_ : hostFun 0x0x6123e05cfe10, fat_cubin_handle = 2
Warning: cannot find deviceFun __nv_static_44__570e7b9d_22_cuda_device_runtime_cu_8b1a5d37__Z16memcpy_3d_deviceIjLi0ELi0ELi0EEvPKhPhT_S3_S3_S3_S3_S3_S3_jjjjjjjjS3_S1_S2_
GPGPU-Sim PTX: __cudaRegisterFunction __nv_static_44__570e7b9d_22_cuda_device_runtime_cu_8b1a5d37__Z16memset_3d_deviceImLi1ELi1ELi1EEvPhhjT_S1_S1_S1_S1_jjjjjjjS1_S0_ : hostFun 0x0x6123e05cfbc0, fat_cubin_handle = 2
Warning: cannot find deviceFun __nv_static_44__570e7b9d_22_cuda_device_runtime_cu_8b1a5d37__Z16memset_3d_deviceImLi1ELi1ELi1EEvPhhjT_S1_S1_S1_S1_jjjjjjjS1_S0_
GPGPU-Sim PTX: __cudaRegisterFunction __nv_static_44__570e7b9d_22_cuda_device_runtime_cu_8b1a5d37__Z16memset_3d_deviceImLi1ELi1ELi0EEvPhhjT_S1_S1_S1_S1_jjjjjjjS1_S0_ : hostFun 0x0x6123e05cf970, fat_cubin_handle = 2
Warning: cannot find deviceFun __nv_static_44__570e7b9d_22_cuda_device_runtime_cu_8b1a5d37__Z16memset_3d_deviceImLi1ELi1ELi0EEvPhhjT_S1_S1_S1_S1_jjjjjjjS1_S0_
GPGPU-Sim PTX: __cudaRegisterFunction __nv_static_44__570e7b9d_22_cuda_device_runtime_cu_8b1a5d37__Z16memset_3d_deviceImLi1ELi0ELi1EEvPhhjT_S1_S1_S1_S1_jjjjjjjS1_S0_ : hostFun 0x0x6123e05cf720, fat_cubin_handle = 2
Warning: cannot find deviceFun __nv_static_44__570e7b9d_22_cuda_device_runtime_cu_8b1a5d37__Z16memset_3d_deviceImLi1ELi0ELi1EEvPhhjT_S1_S1_S1_S1_jjjjjjjS1_S0_
GPGPU-Sim PTX: __cudaRegisterFunction __nv_static_44__570e7b9d_22_cuda_device_runtime_cu_8b1a5d37__Z16memset_3d_deviceImLi1ELi0ELi0EEvPhhjT_S1_S1_S1_S1_jjjjjjjS1_S0_ : hostFun 0x0x6123e05cf4d0, fat_cubin_handle = 2
Warning: cannot find deviceFun __nv_static_44__570e7b9d_22_cuda_device_runtime_cu_8b1a5d37__Z16memset_3d_deviceImLi1ELi0ELi0EEvPhhjT_S1_S1_S1_S1_jjjjjjjS1_S0_
GPGPU-Sim PTX: __cudaRegisterFunction __nv_static_44__570e7b9d_22_cuda_device_runtime_cu_8b1a5d37__Z16memset_3d_deviceImLi0ELi1ELi1EEvPhhjT_S1_S1_S1_S1_jjjjjjjS1_S0_ : hostFun 0x0x6123e05cf280, fat_cubin_handle = 2
Warning: cannot find deviceFun __nv_static_44__570e7b9d_22_cuda_device_runtime_cu_8b1a5d37__Z16memset_3d_deviceImLi0ELi1ELi1EEvPhhjT_S1_S1_S1_S1_jjjjjjjS1_S0_
GPGPU-Sim PTX: __cudaRegisterFunction __nv_static_44__570e7b9d_22_cuda_device_runtime_cu_8b1a5d37__Z16memset_3d_deviceImLi0ELi1ELi0EEvPhhjT_S1_S1_S1_S1_jjjjjjjS1_S0_ : hostFun 0x0x6123e05cf030, fat_cubin_handle = 2
Warning: cannot find deviceFun __nv_static_44__570e7b9d_22_cuda_device_runtime_cu_8b1a5d37__Z16memset_3d_deviceImLi0ELi1ELi0EEvPhhjT_S1_S1_S1_S1_jjjjjjjS1_S0_
GPGPU-Sim PTX: __cudaRegisterFunction __nv_static_44__570e7b9d_22_cuda_device_runtime_cu_8b1a5d37__Z16memset_3d_deviceImLi0ELi0ELi1EEvPhhjT_S1_S1_S1_S1_jjjjjjjS1_S0_ : hostFun 0x0x6123e05cede0, fat_cubin_handle = 2
Warning: cannot find deviceFun __nv_static_44__570e7b9d_22_cuda_device_runtime_cu_8b1a5d37__Z16memset_3d_deviceImLi0ELi0ELi1EEvPhhjT_S1_S1_S1_S1_jjjjjjjS1_S0_
GPGPU-Sim PTX: __cudaRegisterFunction __nv_static_44__570e7b9d_22_cuda_device_runtime_cu_8b1a5d37__Z16memset_3d_deviceImLi0ELi0ELi0EEvPhhjT_S1_S1_S1_S1_jjjjjjjS1_S0_ : hostFun 0x0x6123e05ceb90, fat_cubin_handle = 2
Warning: cannot find deviceFun __nv_static_44__570e7b9d_22_cuda_device_runtime_cu_8b1a5d37__Z16memset_3d_deviceImLi0ELi0ELi0EEvPhhjT_S1_S1_S1_S1_jjjjjjjS1_S0_
GPGPU-Sim PTX: __cudaRegisterFunction __nv_static_44__570e7b9d_22_cuda_device_runtime_cu_8b1a5d37__Z16memset_3d_deviceIjLi1ELi1ELi1EEvPhhjT_S1_S1_S1_S1_jjjjjjjS1_S0_ : hostFun 0x0x6123e05ce970, fat_cubin_handle = 2
Warning: cannot find deviceFun __nv_static_44__570e7b9d_22_cuda_device_runtime_cu_8b1a5d37__Z16memset_3d_deviceIjLi1ELi1ELi1EEvPhhjT_S1_S1_S1_S1_jjjjjjjS1_S0_
GPGPU-Sim PTX: __cudaRegisterFunction __nv_static_44__570e7b9d_22_cuda_device_runtime_cu_8b1a5d37__Z16memset_3d_deviceIjLi1ELi1ELi0EEvPhhjT_S1_S1_S1_S1_jjjjjjjS1_S0_ : hostFun 0x0x6123e05ce750, fat_cubin_handle = 2
Warning: cannot find deviceFun __nv_static_44__570e7b9d_22_cuda_device_runtime_cu_8b1a5d37__Z16memset_3d_deviceIjLi1ELi1ELi0EEvPhhjT_S1_S1_S1_S1_jjjjjjjS1_S0_
GPGPU-Sim PTX: __cudaRegisterFunction __nv_static_44__570e7b9d_22_cuda_device_runtime_cu_8b1a5d37__Z16memset_3d_deviceIjLi1ELi0ELi1EEvPhhjT_S1_S1_S1_S1_jjjjjjjS1_S0_ : hostFun 0x0x6123e05ce530, fat_cubin_handle = 2
Warning: cannot find deviceFun __nv_static_44__570e7b9d_22_cuda_device_runtime_cu_8b1a5d37__Z16memset_3d_deviceIjLi1ELi0ELi1EEvPhhjT_S1_S1_S1_S1_jjjjjjjS1_S0_
GPGPU-Sim PTX: __cudaRegisterFunction __nv_static_44__570e7b9d_22_cuda_device_runtime_cu_8b1a5d37__Z16memset_3d_deviceIjLi1ELi0ELi0EEvPhhjT_S1_S1_S1_S1_jjjjjjjS1_S0_ : hostFun 0x0x6123e05ce310, fat_cubin_handle = 2
Warning: cannot find deviceFun __nv_static_44__570e7b9d_22_cuda_device_runtime_cu_8b1a5d37__Z16memset_3d_deviceIjLi1ELi0ELi0EEvPhhjT_S1_S1_S1_S1_jjjjjjjS1_S0_
GPGPU-Sim PTX: __cudaRegisterFunction __nv_static_44__570e7b9d_22_cuda_device_runtime_cu_8b1a5d37__Z16memset_3d_deviceIjLi0ELi1ELi1EEvPhhjT_S1_S1_S1_S1_jjjjjjjS1_S0_ : hostFun 0x0x6123e05ce0f0, fat_cubin_handle = 2
Warning: cannot find deviceFun __nv_static_44__570e7b9d_22_cuda_device_runtime_cu_8b1a5d37__Z16memset_3d_deviceIjLi0ELi1ELi1EEvPhhjT_S1_S1_S1_S1_jjjjjjjS1_S0_
GPGPU-Sim PTX: __cudaRegisterFunction __nv_static_44__570e7b9d_22_cuda_device_runtime_cu_8b1a5d37__Z16memset_3d_deviceIjLi0ELi1ELi0EEvPhhjT_S1_S1_S1_S1_jjjjjjjS1_S0_ : hostFun 0x0x6123e05cded0, fat_cubin_handle = 2
Warning: cannot find deviceFun __nv_static_44__570e7b9d_22_cuda_device_runtime_cu_8b1a5d37__Z16memset_3d_deviceIjLi0ELi1ELi0EEvPhhjT_S1_S1_S1_S1_jjjjjjjS1_S0_
GPGPU-Sim PTX: __cudaRegisterFunction __nv_static_44__570e7b9d_22_cuda_device_runtime_cu_8b1a5d37__Z16memset_3d_deviceIjLi0ELi0ELi1EEvPhhjT_S1_S1_S1_S1_jjjjjjjS1_S0_ : hostFun 0x0x6123e05cdcb0, fat_cubin_handle = 2
Warning: cannot find deviceFun __nv_static_44__570e7b9d_22_cuda_device_runtime_cu_8b1a5d37__Z16memset_3d_deviceIjLi0ELi0ELi1EEvPhhjT_S1_S1_S1_S1_jjjjjjjS1_S0_
GPGPU-Sim PTX: __cudaRegisterFunction __nv_static_44__570e7b9d_22_cuda_device_runtime_cu_8b1a5d37__Z16memset_3d_deviceIjLi0ELi0ELi0EEvPhhjT_S1_S1_S1_S1_jjjjjjjS1_S0_ : hostFun 0x0x6123e05cda90, fat_cubin_handle = 2
Warning: cannot find deviceFun __nv_static_44__570e7b9d_22_cuda_device_runtime_cu_8b1a5d37__Z16memset_3d_deviceIjLi0ELi0ELi0EEvPhhjT_S1_S1_S1_S1_jjjjjjjS1_S0_
GPGPU-Sim PTX: __cudaRegisterVar: hostVar = 0x6123e06c51a0; deviceAddress = __nv_static_44__570e7b9d_22_cuda_device_runtime_cu_8b1a5d37_set_kernel32; deviceName = __nv_static_44__570e7b9d_22_cuda_device_runtime_cu_8b1a5d37_set_kernel32
GPGPU-Sim PTX: __cudaRegisterVar: Registering const memory space of 64 bytes
GPGPU-Sim PTX registering global __nv_static_44__570e7b9d_22_cuda_device_runtime_cu_8b1a5d37_set_kernel32 hostVar to name mapping
GPGPU-Sim PTX: __cudaRegisterVar: hostVar = 0x6123e06c5160; deviceAddress = __nv_static_44__570e7b9d_22_cuda_device_runtime_cu_8b1a5d37_set_kernel64; deviceName = __nv_static_44__570e7b9d_22_cuda_device_runtime_cu_8b1a5d37_set_kernel64
GPGPU-Sim PTX: __cudaRegisterVar: Registering const memory space of 64 bytes
GPGPU-Sim PTX registering global __nv_static_44__570e7b9d_22_cuda_device_runtime_cu_8b1a5d37_set_kernel64 hostVar to name mapping
GPGPU-Sim PTX: __cudaRegisterVar: hostVar = 0x6123e06c5120; deviceAddress = __nv_static_44__570e7b9d_22_cuda_device_runtime_cu_8b1a5d37_cpy_kernel32; deviceName = __nv_static_44__570e7b9d_22_cuda_device_runtime_cu_8b1a5d37_cpy_kernel32
GPGPU-Sim PTX: __cudaRegisterVar: Registering const memory space of 64 bytes
GPGPU-Sim PTX registering global __nv_static_44__570e7b9d_22_cuda_device_runtime_cu_8b1a5d37_cpy_kernel32 hostVar to name mapping
GPGPU-Sim PTX: __cudaRegisterVar: hostVar = 0x6123e06c50e0; deviceAddress = __nv_static_44__570e7b9d_22_cuda_device_runtime_cu_8b1a5d37_cpy_kernel64; deviceName = __nv_static_44__570e7b9d_22_cuda_device_runtime_cu_8b1a5d37_cpy_kernel64
GPGPU-Sim PTX: __cudaRegisterVar: Registering const memory space of 64 bytes
GPGPU-Sim PTX registering global __nv_static_44__570e7b9d_22_cuda_device_runtime_cu_8b1a5d37_cpy_kernel64 hostVar to name mapping
GPGPU-Sim PTX: __cudaRegisterVar: hostVar = 0x6123e06c40e0; deviceAddress = __nv_static_44__570e7b9d_22_cuda_device_runtime_cu_8b1a5d37_cudartErrorTableArr; deviceName = __nv_static_44__570e7b9d_22_cuda_device_runtime_cu_8b1a5d37_cudartErrorTableArr
GPGPU-Sim PTX: __cudaRegisterVar: Registering const memory space of 3000 bytes
GPGPU-Sim PTX registering global __nv_static_44__570e7b9d_22_cuda_device_runtime_cu_8b1a5d37_cudartErrorTableArr hostVar to name mapping
GPGPU-Sim PTX: __cudaRegisterVar: hostVar = 0x6123e06c50d0; deviceAddress = cudartErrorTable; deviceName = cudartErrorTable
GPGPU-Sim PTX: __cudaRegisterVar: Registering const memory space of 8 bytes
GPGPU-Sim PTX registering global cudartErrorTable hostVar to name mapping
GPGPU-Sim PTX: __cudaRegisterVar: hostVar = 0x6123e05d7988; deviceAddress = cudartErrorTableEntryCount; deviceName = cudartErrorTableEntryCount
GPGPU-Sim PTX: __cudaRegisterVar: Registering const memory space of 4 bytes
GPGPU-Sim PTX registering global cudartErrorTableEntryCount hostVar to name mapping
GPGPU-Sim PTX: __cudaRegisterVar: hostVar = 0x6123e05d7920; deviceAddress = __nv_static_44__570e7b9d_22_cuda_device_runtime_cu_8b1a5d37_cudartErrorCnpMapArr; deviceName = __nv_static_44__570e7b9d_22_cuda_device_runtime_cu_8b1a5d37_cudartErrorCnpMapArr
GPGPU-Sim PTX: __cudaRegisterVar: Registering const memory space of 104 bytes
GPGPU-Sim PTX registering global __nv_static_44__570e7b9d_22_cuda_device_runtime_cu_8b1a5d37_cudartErrorCnpMapArr hostVar to name mapping
GPGPU-Sim PTX: __cudaRegisterVar: hostVar = 0x6123e06c50c8; deviceAddress = cudartErrorCnpMap; deviceName = cudartErrorCnpMap
GPGPU-Sim PTX: __cudaRegisterVar: Registering const memory space of 8 bytes
GPGPU-Sim PTX registering global cudartErrorCnpMap hostVar to name mapping
GPGPU-Sim PTX: __cudaRegisterVar: hostVar = 0x6123e05d7900; deviceAddress = cudartErrorCnpMapEntryCount; deviceName = cudartErrorCnpMapEntryCount
GPGPU-Sim PTX: __cudaRegisterVar: Registering const memory space of 4 bytes
GPGPU-Sim PTX registering global cudartErrorCnpMapEntryCount hostVar to name mapping
GPGPU-Sim PTX: __cudaRegisterVar: hostVar = 0x6123e06c50c0; deviceAddress = __CNPRT_VERSION_NUMBER__; deviceName = __CNPRT_VERSION_NUMBER__
GPGPU-Sim PTX: __cudaRegisterVar: Registering const memory space of 4 bytes
GPGPU-Sim PTX registering global __CNPRT_VERSION_NUMBER__ hostVar to name mapping
GPGPU-Sim PTX: Setting up arguments for 8 bytes starting at 0x7ffd0a493b40..
GPGPU-Sim PTX: Setting up arguments for 8 bytes starting at 0x7ffd0a493b48..
GPGPU-Sim PTX: Setting up arguments for 4 bytes starting at 0x7ffd0a493b28..
GPGPU-Sim PTX: Setting up arguments for 4 bytes starting at 0x7ffd0a493b2c..

GPGPU-Sim PTX: cudaLaunch for 0x0x6123e05cd030 (mode=performance simulation) on stream 0
GPGPU-Sim PTX: finding reconvergence points for '_Z10bsmm_stagePKfPfii'...
GPGPU-Sim PTX: Finding dominators for '_Z10bsmm_stagePKfPfii'...
GPGPU-Sim PTX: Finding immediate dominators for '_Z10bsmm_stagePKfPfii'...
GPGPU-Sim PTX: Finding postdominators for '_Z10bsmm_stagePKfPfii'...
GPGPU-Sim PTX: Finding immediate postdominators for '_Z10bsmm_stagePKfPfii'...
GPGPU-Sim PTX: pre-decoding instructions for '_Z10bsmm_stagePKfPfii'...
GPGPU-Sim PTX: reconvergence points for _Z10bsmm_stagePKfPfii...
GPGPU-Sim PTX:  1 (potential) branch divergence @  PC=0x048 (mlx_fig24_schedule_witness.1.sm_86.ptx:37) @%p1 bra $L__BB0_2;
GPGPU-Sim PTX:    immediate post dominator      @  PC=0x100 (mlx_fig24_schedule_witness.1.sm_86.ptx:63) ret;
GPGPU-Sim PTX: ... end of reconvergence points for _Z10bsmm_stagePKfPfii
GPGPU-Sim PTX: ... done pre-decoding instructions for '_Z10bsmm_stagePKfPfii'.
GPGPU-Sim PTX: pushing kernel '_Z10bsmm_stagePKfPfii' to stream 0, gridDim= (32768,1,1) blockDim = (128,1,1) 
GPGPU-Sim uArch: Shader 0 bind to kernel 1 '_Z10bsmm_stagePKfPfii'
GPGPU-Sim uArch: CTA/core = 12, limited by: threads
GPGPU-Sim: Reconfigure L1 cache to 128KB
GPGPU-Sim uArch: Shader 1 bind to kernel 1 '_Z10bsmm_stagePKfPfii'
GPGPU-Sim uArch: Shader 2 bind to kernel 1 '_Z10bsmm_stagePKfPfii'
GPGPU-Sim uArch: Shader 3 bind to kernel 1 '_Z10bsmm_stagePKfPfii'
GPGPU-Sim uArch: Shader 4 bind to kernel 1 '_Z10bsmm_stagePKfPfii'
GPGPU-Sim uArch: Shader 5 bind to kernel 1 '_Z10bsmm_stagePKfPfii'
GPGPU-Sim uArch: Shader 6 bind to kernel 1 '_Z10bsmm_stagePKfPfii'
GPGPU-Sim uArch: Shader 7 bind to kernel 1 '_Z10bsmm_stagePKfPfii'
GPGPU-Sim uArch: Shader 8 bind to kernel 1 '_Z10bsmm_stagePKfPfii'
GPGPU-Sim uArch: Shader 9 bind to kernel 1 '_Z10bsmm_stagePKfPfii'
GPGPU-Sim uArch: Shader 10 bind to kernel 1 '_Z10bsmm_stagePKfPfii'
GPGPU-Sim uArch: Shader 11 bind to kernel 1 '_Z10bsmm_stagePKfPfii'
GPGPU-Sim uArch: Shader 12 bind to kernel 1 '_Z10bsmm_stagePKfPfii'
GPGPU-Sim uArch: Shader 13 bind to kernel 1 '_Z10bsmm_stagePKfPfii'
GPGPU-Sim uArch: Shader 14 bind to kernel 1 '_Z10bsmm_stagePKfPfii'
GPGPU-Sim uArch: Shader 15 bind to kernel 1 '_Z10bsmm_stagePKfPfii'
Destroy streams for kernel 1: size 0
kernel_name = _Z10bsmm_stagePKfPfii 
kernel_launch_uid = 1 
kernel_stream_id = 0
gpu_sim_cycle = 227821
gpu_sim_insn = 134217728
gpu_ipc =     589.1368
gpu_tot_sim_cycle = 227821
gpu_tot_sim_insn = 134217728
gpu_tot_ipc =     589.1368
gpu_tot_issued_cta = 32768
gpu_occupancy = 94.3847% 
gpu_tot_occupancy = 94.3847% 
max_total_param_size = 0
gpu_stall_dramfull = 0
gpu_stall_icnt2sh    = 0
partiton_level_parallism =       4.6026
partiton_level_parallism_total  =       4.6026
partiton_level_parallism_util =       4.9193
partiton_level_parallism_util_total  =       4.9193
L2_BW  =     191.4695 GB/Sec
L2_BW_total  =     191.4695 GB/Sec
gpu_total_sim_rate=633102

========= Core cache stats =========
L1I_cache:
	L1I_total_cache_accesses = 0
	L1I_total_cache_misses = 0
	L1I_total_cache_pending_hits = 0
	L1I_total_cache_reservation_fails = 0
L1D_cache:
	L1D_cache_core[0]: Access = 98256, Miss = 65504, Miss_rate = 0.667, Pending_hits = 0, Reservation_fails = 11367
	L1D_cache_core[1]: Access = 98880, Miss = 65920, Miss_rate = 0.667, Pending_hits = 0, Reservation_fails = 9684
	L1D_cache_core[2]: Access = 97680, Miss = 65120, Miss_rate = 0.667, Pending_hits = 0, Reservation_fails = 11887
	L1D_cache_core[3]: Access = 98688, Miss = 65792, Miss_rate = 0.667, Pending_hits = 0, Reservation_fails = 10164
	L1D_cache_core[4]: Access = 98256, Miss = 65504, Miss_rate = 0.667, Pending_hits = 0, Reservation_fails = 10504
	L1D_cache_core[5]: Access = 99072, Miss = 66048, Miss_rate = 0.667, Pending_hits = 0, Reservation_fails = 9650
	L1D_cache_core[6]: Access = 98352, Miss = 65568, Miss_rate = 0.667, Pending_hits = 0, Reservation_fails = 10627
	L1D_cache_core[7]: Access = 98112, Miss = 65408, Miss_rate = 0.667, Pending_hits = 0, Reservation_fails = 9487
	L1D_cache_core[8]: Access = 98256, Miss = 65504, Miss_rate = 0.667, Pending_hits = 0, Reservation_fails = 10215
	L1D_cache_core[9]: Access = 98016, Miss = 65344, Miss_rate = 0.667, Pending_hits = 0, Reservation_fails = 9775
	L1D_cache_core[10]: Access = 98784, Miss = 65856, Miss_rate = 0.667, Pending_hits = 0, Reservation_fails = 9594
	L1D_cache_core[11]: Access = 97968, Miss = 65312, Miss_rate = 0.667, Pending_hits = 0, Reservation_fails = 10531
	L1D_cache_core[12]: Access = 98112, Miss = 65408, Miss_rate = 0.667, Pending_hits = 0, Reservation_fails = 10744
	L1D_cache_core[13]: Access = 98304, Miss = 65536, Miss_rate = 0.667, Pending_hits = 0, Reservation_fails = 10400
	L1D_cache_core[14]: Access = 98112, Miss = 65408, Miss_rate = 0.667, Pending_hits = 0, Reservation_fails = 12228
	L1D_cache_core[15]: Access = 98016, Miss = 65344, Miss_rate = 0.667, Pending_hits = 0, Reservation_fails = 10313
	L1D_total_cache_accesses = 1572864
	L1D_total_cache_misses = 1048576
	L1D_total_cache_miss_rate = 0.6667
	L1D_total_cache_pending_hits = 0
	L1D_total_cache_reservation_fails = 167170
	L1D_cache_data_port_util = 0.147
	L1D_cache_fill_port_util = 0.147
L1C_cache:
	L1C_total_cache_accesses = 0
	L1C_total_cache_misses = 0
	L1C_total_cache_pending_hits = 0
	L1C_total_cache_reservation_fails = 0
L1T_cache:
	L1T_total_cache_accesses = 0
	L1T_total_cache_misses = 0
	L1T_total_cache_pending_hits = 0
	L1T_total_cache_reservation_fails = 0

Total_core_cache_stats:
	Total_core_cache_stats_breakdown[GLOBAL_ACC_R][HIT] = 524288
	Total_core_cache_stats_breakdown[GLOBAL_ACC_R][HIT_RESERVED] = 0
	Total_core_cache_stats_breakdown[GLOBAL_ACC_R][MISS] = 131072
	Total_core_cache_stats_breakdown[GLOBAL_ACC_R][RESERVATION_FAIL] = 153763
	Total_core_cache_stats_breakdown[GLOBAL_ACC_R][SECTOR_MISS] = 393216
	Total_core_cache_stats_breakdown[GLOBAL_ACC_R][MSHR_HIT] = 0
	Total_core_cache_stats_breakdown[LOCAL_ACC_R][HIT] = 0
	Total_core_cache_stats_breakdown[LOCAL_ACC_R][HIT_RESERVED] = 0
	Total_core_cache_stats_breakdown[LOCAL_ACC_R][MISS] = 0
	Total_core_cache_stats_breakdown[LOCAL_ACC_R][RESERVATION_FAIL] = 0
	Total_core_cache_stats_breakdown[LOCAL_ACC_R][SECTOR_MISS] = 0
	Total_core_cache_stats_breakdown[LOCAL_ACC_R][MSHR_HIT] = 0
	Total_core_cache_stats_breakdown[CONST_ACC_R][HIT] = 0
	Total_core_cache_stats_breakdown[CONST_ACC_R][HIT_RESERVED] = 0
	Total_core_cache_stats_breakdown[CONST_ACC_R][MISS] = 0
	Total_core_cache_stats_breakdown[CONST_ACC_R][RESERVATION_FAIL] = 0
	Total_core_cache_stats_breakdown[CONST_ACC_R][SECTOR_MISS] = 0
	Total_core_cache_stats_breakdown[CONST_ACC_R][MSHR_HIT] = 0
	Total_core_cache_stats_breakdown[TEXTURE_ACC_R][HIT] = 0
	Total_core_cache_stats_breakdown[TEXTURE_ACC_R][HIT_RESERVED] = 0
	Total_core_cache_stats_breakdown[TEXTURE_ACC_R][MISS] = 0
	Total_core_cache_stats_breakdown[TEXTURE_ACC_R][RESERVATION_FAIL] = 0
	Total_core_cache_stats_breakdown[TEXTURE_ACC_R][SECTOR_MISS] = 0
	Total_core_cache_stats_breakdown[TEXTURE_ACC_R][MSHR_HIT] = 0
	Total_core_cache_stats_breakdown[GLOBAL_ACC_W][HIT] = 0
	Total_core_cache_stats_breakdown[GLOBAL_ACC_W][HIT_RESERVED] = 0
	Total_core_cache_stats_breakdown[GLOBAL_ACC_W][MISS] = 131072
	Total_core_cache_stats_breakdown[GLOBAL_ACC_W][RESERVATION_FAIL] = 13407
	Total_core_cache_stats_breakdown[GLOBAL_ACC_W][SECTOR_MISS] = 393216
	Total_core_cache_stats_breakdown[GLOBAL_ACC_W][MSHR_HIT] = 0
	Total_core_cache_stats_breakdown[LOCAL_ACC_W][HIT] = 0
	Total_core_cache_stats_breakdown[LOCAL_ACC_W][HIT_RESERVED] = 0
	Total_core_cache_stats_breakdown[LOCAL_ACC_W][MISS] = 0
	Total_core_cache_stats_breakdown[LOCAL_ACC_W][RESERVATION_FAIL] = 0
	Total_core_cache_stats_breakdown[LOCAL_ACC_W][SECTOR_MISS] = 0
	Total_core_cache_stats_breakdown[LOCAL_ACC_W][MSHR_HIT] = 0
	Total_core_cache_stats_breakdown[L1_WRBK_ACC][HIT] = 0
	Total_core_cache_stats_breakdown[L1_WRBK_ACC][HIT_RESERVED] = 0
	Total_core_cache_stats_breakdown[L1_WRBK_ACC][MISS] = 0
	Total_core_cache_stats_breakdown[L1_WRBK_ACC][RESERVATION_FAIL] = 0
	Total_core_cache_stats_breakdown[L1_WRBK_ACC][SECTOR_MISS] = 0
	Total_core_cache_stats_breakdown[L1_WRBK_ACC][MSHR_HIT] = 0
	Total_core_cache_stats_breakdown[L2_WRBK_ACC][HIT] = 0
	Total_core_cache_stats_breakdown[L2_WRBK_ACC][HIT_RESERVED] = 0
	Total_core_cache_stats_breakdown[L2_WRBK_ACC][MISS] = 0
	Total_core_cache_stats_breakdown[L2_WRBK_ACC][RESERVATION_FAIL] = 0
	Total_core_cache_stats_breakdown[L2_WRBK_ACC][SECTOR_MISS] = 0
	Total_core_cache_stats_breakdown[L2_WRBK_ACC][MSHR_HIT] = 0
	Total_core_cache_stats_breakdown[INST_ACC_R][HIT] = 0
	Total_core_cache_stats_breakdown[INST_ACC_R][HIT_RESERVED] = 0
	Total_core_cache_stats_breakdown[INST_ACC_R][MISS] = 0
	Total_core_cache_stats_breakdown[INST_ACC_R][RESERVATION_FAIL] = 0
	Total_core_cache_stats_breakdown[INST_ACC_R][SECTOR_MISS] = 0
	Total_core_cache_stats_breakdown[INST_ACC_R][MSHR_HIT] = 0
	Total_core_cache_stats_breakdown[L1_WR_ALLOC_R][HIT] = 0
	Total_core_cache_stats_breakdown[L1_WR_ALLOC_R][HIT_RESERVED] = 0
	Total_core_cache_stats_breakdown[L1_WR_ALLOC_R][MISS] = 0
	Total_core_cache_stats_breakdown[L1_WR_ALLOC_R][RESERVATION_FAIL] = 0
	Total_core_cache_stats_breakdown[L1_WR_ALLOC_R][SECTOR_MISS] = 0
	Total_core_cache_stats_breakdown[L1_WR_ALLOC_R][MSHR_HIT] = 0
	Total_core_cache_stats_breakdown[L2_WR_ALLOC_R][HIT] = 0
	Total_core_cache_stats_breakdown[L2_WR_ALLOC_R][HIT_RESERVED] = 0
	Total_core_cache_stats_breakdown[L2_WR_ALLOC_R][MISS] = 0
	Total_core_cache_stats_breakdown[L2_WR_ALLOC_R][RESERVATION_FAIL] = 0
	Total_core_cache_stats_breakdown[L2_WR_ALLOC_R][SECTOR_MISS] = 0
	Total_core_cache_stats_breakdown[L2_WR_ALLOC_R][MSHR_HIT] = 0
	Total_core_cache_stats_breakdown[GLOBAL_ACC_R][TOTAL_ACCESS] = 1048576
	Total_core_cache_stats_breakdown[GLOBAL_ACC_W][TOTAL_ACCESS] = 524288

Total_core_cache_fail_stats:
	Total_core_cache_fail_stats_breakdown[GLOBAL_ACC_R][MISS_QUEUE_FULL] = 153763
	Total_core_cache_fail_stats_breakdown[GLOBAL_ACC_W][MISS_QUEUE_FULL] = 13407
ctas_completed 32768, Shader 0 warp_id issue ditsribution:
warp_id:
0, 1, 2, 3, 4, 5, 6, 7, 8, 9, 10, 11, 12, 13, 14, 15, 16, 17, 18, 19, 20, 21, 22, 23, 24, 25, 26, 27, 28, 29, 30, 31, 32, 33, 34, 35, 36, 37, 38, 39, 40, 41, 42, 43, 44, 45, 46, 47, 
distro:
5643, 5643, 5643, 5643, 5676, 5676, 5676, 5676, 5610, 5610, 5610, 5610, 5709, 5709, 5709, 5709, 5577, 5577, 5577, 5577, 5643, 5643, 5643, 5643, 5643, 5643, 5643, 5643, 5610, 5610, 5610, 5610, 5610, 5610, 5610, 5610, 5643, 5643, 5643, 5643, 5544, 5544, 5544, 5544, 5643, 5643, 5643, 5643, 
gpgpu_n_tot_thrd_icount = 138412032
gpgpu_n_tot_w_icount = 4325376
gpgpu_n_stall_shd_mem = 0
gpgpu_n_mem_read_local = 0
gpgpu_n_mem_write_local = 0
gpgpu_n_mem_read_global = 524288
gpgpu_n_mem_write_global = 524288
gpgpu_n_mem_texture = 0
gpgpu_n_mem_const = 0
gpgpu_n_load_insn  = 8388608
gpgpu_n_store_insn = 4194304
gpgpu_n_shmem_insn = 0
gpgpu_n_sstarr_insn = 0
gpgpu_n_tex_insn = 0
gpgpu_n_const_mem_insn = 0
gpgpu_n_param_mem_insn = 16777216
gpgpu_n_shmem_bkconflict = 0
gpgpu_n_l1cache_bkconflict = 0
gpgpu_n_intrawarp_mshr_merge = 0
gpgpu_n_cmem_portconflict = 0
gpgpu_stall_shd_mem[c_mem][resource_stall] = 0
gpgpu_stall_shd_mem[s_mem][bk_conf] = 0
gpgpu_stall_shd_mem[gl_mem][resource_stall] = 0
gpgpu_stall_shd_mem[gl_mem][coal_stall] = 0
gpgpu_stall_shd_mem[gl_mem][data_port_stall] = 0
gpu_reg_bank_conflict_stalls = 0
Warp Occupancy Distribution:
Stall:911459	W0_Idle:18179	W0_Scoreboard:8999746	W1:0	W2:0	W3:0	W4:0	W5:0	W6:0	W7:0	W8:0	W9:0	W10:0	W11:0	W12:0	W13:0	W14:0	W15:0	W16:0	W17:0	W18:0	W19:0	W20:0	W21:0	W22:0	W23:0	W24:0	W25:0	W26:0	W27:0	W28:0	W29:0	W30:0	W31:0	W32:4325376
single_issue_nums: WS0:1081344	WS1:1081344	WS2:1081344	WS3:1081344	
dual_issue_nums: WS0:0	WS1:0	WS2:0	WS3:0	
traffic_breakdown_coretomem[GLOBAL_ACC_R] = 4194304 {8:524288,}
traffic_breakdown_coretomem[GLOBAL_ACC_W] = 20971520 {40:524288,}
traffic_breakdown_memtocore[GLOBAL_ACC_R] = 20971520 {40:524288,}
traffic_breakdown_memtocore[GLOBAL_ACC_W] = 4194304 {8:524288,}
maxmflatency = 2013 
max_icnt2mem_latency = 214 
maxmrqlatency = 1467 
max_icnt2sh_latency = 131 
averagemflatency = 498 
avg_icnt2mem_latency = 49 
avg_mrq_latency = 176 
avg_icnt2sh_latency = 4 
mrq_lat_table:48019 	4790 	12423 	21046 	30424 	45898 	77704 	260178 	123778 	14106 	399 	0 	0 	0 	0 	0 	0 	0 	0 	0 	0 	0 	0 	0 	0 	0 	0 	0 	0 	0 	0 	0 	
dq_lat_table:0 	0 	0 	0 	0 	0 	0 	0 	0 	0 	0 	0 	0 	0 	0 	0 	0 	0 	0 	0 	0 	0 	0 	0 	0 	0 	0 	0 	0 	0 	0 	0 	
mf_lat_table:0 	0 	0 	0 	0 	0 	0 	483334 	41924 	511698 	11620 	0 	0 	0 	0 	0 	0 	0 	0 	0 	0 	0 	0 	0 	0 	0 	0 	0 	0 	0 	0 	0 	
icnt2mem_lat_table:0 	0 	0 	0 	0 	985760 	61100 	1716 	0 	0 	0 	0 	0 	0 	0 	0 	0 	0 	0 	0 	0 	0 	0 	0 	
icnt2sh_lat_table:0 	786880 	149203 	69719 	33082 	9121 	570 	1 	0 	0 	0 	0 	0 	0 	0 	0 	0 	0 	0 	0 	0 	0 	0 	0 	
mf_lat_pw_table:0 	0 	0 	0 	0 	0 	0 	1 	241 	202 	0 	0 	0 	0 	0 	0 	0 	0 	0 	0 	0 	0 	0 	0 	0 	0 	0 	0 	0 	0 	0 	0 	
maximum concurrent accesses to same row:
dram[0]:        64        64        64        64        64        64        64        64        64        64        64        64        64        64        64        64 
dram[1]:        64        64        64        64        64        64        64        64        64        64        64        64        64        64        64        64 
dram[2]:        64        64        64        64        64        64        64        64        64        64        64        64        64        64        64        64 
dram[3]:        64        64        64        64        64        64        64        64        64        64        64        64        64        64        64        64 
dram[4]:        64        64        64        64        64        64        64        64        64        64        64        64        64        64        64        64 
dram[5]:        64        64        64        64        64        64        64        64        64        64        64        64        64        64        64        64 
dram[6]:        64        64        64        64        64        64        64        64        64        64        64        64        64        64        64        64 
dram[7]:        64        64        64        64        64        64        64        64        64        64        64        64        64        64        64        64 
dram[8]:        64        64        64        64        64        64        64        64        64        64        64        64        64        64        64        64 
dram[9]:        64        64        64        64        64        64        64        64        64        64        64        64        64        64        64        64 
dram[10]:        64        64        64        64        64        64        64        64        64        64        64        64        64        64        64        64 
dram[11]:        64        64        64        64        64        64        64        64        64        64        64        64        64        64        64        64 
dram[12]:        64        64        64        64        64        64        64        64        64        64        64        64        64        64        64        64 
dram[13]:        64        64        64        64        64        64        64        64        64        64        64        64        64        64        64        64 
dram[14]:        64        64        64        64        64        64        64        64        64        64        64        64        64        64        64        64 
dram[15]:        64        64        64        64        64        64        64        64        64        64        64        64        64        64        64        64 
maximum service time to same row:
dram[0]:      6112      6099      6382      6641      7435      7443      7929      7935      8728      8732      9597      9589     10145     10153     10894     10896 
dram[1]:      6118      6111      6567      6568      7431      7439      7924      7912      8723      8736      9583      9579     10158     10149     10881     10886 
dram[2]:      6126      6089      6775      6762      7426      7365      7920      7922      8754      8745      9581      9573     10144     10151     10873     10876 
dram[3]:      6202      6185      6597      6568      7358      7371      7926      7917      8749      8757      9568      9562     10132     10136     10863     10867 
dram[4]:      6132      6124      6541      6491      7491      7458      7959      7948      8728      8732      9584      9579     10083     10090     10916     10925 
dram[5]:      6024      6050      6492      6554      7471      7484      7935      7952      8737      8741      9585      9575     10075     10071     10920     10928 
dram[6]:      6042      6121      6712      6726      7445      7431      7926      7934      8778      8786      9564      9581     10101     10116     10911     10903 
dram[7]:      6109      6109      6597      6693      7438      7442      7938      7930      8787      8794      9555      9577     10106     10112     10907     10923 
dram[8]:      6026      6023      6603      6611      7436      7462      7917      7921      8718      8708      9551      9557     10288     10283     10914     10905 
dram[9]:      6123      6123      6776      6706      7467      7431      7904      7913      8714      8723      9566      9562     10299     10295     10919     10909 
dram[10]:      6173      6004      6581      6560      7448      7484      7915      7911      8701      8705      9567      9573     10347     10331     10959     10963 
dram[11]:      6079      6100      6529      6847      7466      7461      7903      7907      8709      8715      9559      9577     10335     10339     10967     10955 
dram[12]:      5933      6010      6586      6656      7406      7412      7909      7915      8758      8766      9542      9533     10165     10173     10893     10911 
dram[13]:      6135      6142      6600      6611      7415      7427      7917      7922      8770      8762      9529      9538     10161     10169     10903     10898 
dram[14]:      6074      6057      6712      6690      7336      7341      7925      7924      8719      8722      9529      9518     10184     10197     10886     10892 
dram[15]:      6129      6118      6560      6536      7345      7349      7916      7920      8714      8726      9525      9521     10201     10181     10896     10903 
average row accesses per activate:
dram[0]: 40.258064 40.258064 27.428572 28.363636 36.173912 36.705883 27.428572 27.130434 39.619049 39.619049 28.044945 28.363636 37.742424 37.757576 28.044945 29.023256 
dram[1]: 39.000000 39.000000 29.364706 28.689655 34.666668 34.666668 27.733334 28.363636 39.000000 39.000000 27.733334 28.044945 38.921875 38.906250 28.329546 28.643679 
dram[2]: 39.000000 39.000000 29.364706 29.714285 34.666668 34.666668 27.733334 27.733334 39.000000 39.000000 27.428572 27.733334 35.542858 35.542858 27.733334 27.733334 
dram[3]: 40.258064 40.258064 27.428572 26.838709 36.173912 36.173912 27.733334 26.838709 38.400002 38.400002 28.044945 28.044945 36.632355 38.323078 29.364706 28.689655 
dram[4]: 40.258064 39.000000 28.044945 27.130434 35.657143 35.657143 28.689655 27.428572 39.000000 39.000000 26.553192 27.733334 36.632355 36.632355 27.130434 26.553192 
dram[5]: 39.000000 39.000000 26.553192 26.553192 35.154930 35.154930 26.273684 26.553192 38.400002 38.400002 28.363636 28.044945 36.573528 36.588234 27.733334 28.044945 
dram[6]: 39.619049 40.258064 29.023256 29.023256 36.705883 36.705883 28.689655 28.689655 40.258064 40.258064 25.731958 26.273684 37.727272 36.632355 27.428572 26.838709 
dram[7]: 39.000000 39.000000 28.363636 28.363636 35.657143 35.657143 25.731958 25.731958 38.400002 38.400002 27.428572 27.428572 37.651516 36.558823 26.000000 27.130434 
dram[8]: 39.000000 39.000000 27.733334 28.044945 36.705883 36.705883 27.130434 27.428572 40.258064 40.258064 27.130434 26.838709 38.307693 38.307693 27.130434 27.130434 
dram[9]: 40.258064 40.258064 29.364706 29.023256 36.705883 35.657143 26.838709 27.130434 40.258064 40.258064 29.023256 28.363636 37.119404 36.558823 28.363636 27.428572 
dram[10]: 39.000000 39.000000 25.731958 26.553192 36.705883 36.173912 25.731958 25.731958 40.258064 40.258064 27.428572 28.044945 37.772728 38.937500 29.011627 29.352942 
dram[11]: 40.258064 40.258064 27.130434 28.044945 35.657143 35.657143 27.130434 26.273684 40.258064 40.258064 28.044945 27.733334 37.757576 37.757576 27.733334 28.044945 
dram[12]: 37.818180 39.000000 27.130434 26.838709 35.657143 35.657143 26.000000 25.469387 39.000000 39.000000 27.733334 27.428572 37.681820 36.617645 26.553192 26.273684 
dram[13]: 40.258064 40.258064 28.363636 28.044945 36.705883 35.657143 27.428572 27.428572 40.258064 40.258064 27.130434 26.838709 37.681820 37.681820 26.838709 26.000000 
dram[14]: 40.258064 40.258064 29.364706 29.023256 35.657143 35.657143 27.428572 27.733334 41.599998 41.599998 26.838709 27.428572 37.757576 37.208954 27.428572 27.428572 
dram[15]: 39.000000 39.000000 29.023256 27.733334 37.253731 37.253731 28.689655 27.733334 37.818180 37.818180 27.428572 27.733334 35.571430 35.585712 26.273684 27.130434 
average row locality = 638765/20000 = 31.938250
number of total memory accesses made:
dram[0]:         0         0         0         0         0         0         0         0         0         0         0         0         0         0         0         0 
dram[1]:         0         0         0         0         0         0         0         0         0         0         0         0         0         0         0         0 
dram[2]:         0         0         0         0         0         0         0         0         0         0         0         0         0         0         0         0 
dram[3]:         0         0         0         0         0         0         0         0         0         0         0         0         0         0         0         0 
dram[4]:         0         0         0         0         0         0         0         0         0         0         0         0         0         0         0         0 
dram[5]:         0         0         0         0         0         0         0         0         0         0         0         0         0         0         0         0 
dram[6]:         0         0         0         0         0         0         0         0         0         0         0         0         0         0         0         0 
dram[7]:         0         0         0         0         0         0         0         0         0         0         0         0         0         0         0         0 
dram[8]:         0         0         0         0         0         0         0         0         0         0         0         0         0         0         0         0 
dram[9]:         0         0         0         0         0         0         0         0         0         0         0         0         0         0         0         0 
dram[10]:         0         0         0         0         0         0         0         0         0         0         0         0         0         0         0         0 
dram[11]:         0         0         0         0         0         0         0         0         0         0         0         0         0         0         0         0 
dram[12]:         0         0         0         0         0         0         0         0         0         0         0         0         0         0         0         0 
dram[13]:         0         0         0         0         0         0         0         0         0         0         0         0         0         0         0         0 
dram[14]:         0         0         0         0         0         0         0         0         0         0         0         0         0         0         0         0 
dram[15]:         0         0         0         0         0         0         0         0         0         0         0         0         0         0         0         0 
total accesses: 0
min_bank_accesses = 0!
min_chip_accesses = 0!
number of total read accesses:
dram[0]:      2048      2048      2048      2048      2048      2048      2048      2048      2048      2048      2048      2048      2048      2048      2048      2048 
dram[1]:      2048      2048      2048      2048      2048      2048      2048      2048      2048      2048      2048      2048      2048      2048      2048      2048 
dram[2]:      2048      2048      2048      2048      2048      2048      2048      2048      2048      2048      2048      2048      2048      2048      2048      2048 
dram[3]:      2048      2048      2048      2048      2048      2048      2048      2048      2048      2048      2048      2048      2048      2048      2048      2048 
dram[4]:      2048      2048      2048      2048      2048      2048      2048      2048      2048      2048      2048      2048      2048      2048      2048      2048 
dram[5]:      2048      2048      2048      2048      2048      2048      2048      2048      2048      2048      2048      2048      2048      2048      2048      2048 
dram[6]:      2048      2048      2048      2048      2048      2048      2048      2048      2048      2048      2048      2048      2048      2048      2048      2048 
dram[7]:      2048      2048      2048      2048      2048      2048      2048      2048      2048      2048      2048      2048      2048      2048      2048      2048 
dram[8]:      2048      2048      2048      2048      2048      2048      2048      2048      2048      2048      2048      2048      2048      2048      2048      2048 
dram[9]:      2048      2048      2048      2048      2048      2048      2048      2048      2048      2048      2048      2048      2048      2048      2048      2048 
dram[10]:      2048      2048      2048      2048      2048      2048      2048      2048      2048      2048      2048      2048      2048      2048      2048      2048 
dram[11]:      2048      2048      2048      2048      2048      2048      2048      2048      2048      2048      2048      2048      2048      2048      2048      2048 
dram[12]:      2048      2048      2048      2048      2048      2048      2048      2048      2048      2048      2048      2048      2048      2048      2048      2048 
dram[13]:      2048      2048      2048      2048      2048      2048      2048      2048      2048      2048      2048      2048      2048      2048      2048      2048 
dram[14]:      2048      2048      2048      2048      2048      2048      2048      2048      2048      2048      2048      2048      2048      2048      2048      2048 
dram[15]:      2048      2048      2048      2048      2048      2048      2048      2048      2048      2048      2048      2048      2048      2048      2048      2048 
total dram reads = 524288
bank skew: 2048/2048 = 1.00
chip skew: 32768/32768 = 1.00
number of total write accesses:
dram[0]:      1792      1792      1792      1792      1792      1792      1792      1792      1792      1792      1792      1792      1776      1780      1792      1792 
dram[1]:      1792      1792      1792      1792      1792      1792      1792      1792      1792      1792      1792      1792      1780      1780      1792      1792 
dram[2]:      1792      1792      1792      1792      1792      1792      1792      1792      1792      1792      1792      1792      1760      1764      1792      1792 
dram[3]:      1792      1792      1792      1792      1792      1792      1792      1792      1792      1792      1792      1792      1780      1780      1792      1792 
dram[4]:      1792      1792      1792      1792      1792      1792      1792      1792      1792      1792      1792      1792      1772      1776      1792      1792 
dram[5]:      1792      1792      1792      1792      1792      1792      1792      1792      1792      1792      1792      1792      1760      1764      1792      1792 
dram[6]:      1792      1792      1792      1792      1792      1792      1792      1792      1792      1792      1792      1792      1772      1772      1792      1792 
dram[7]:      1792      1792      1792      1792      1792      1792      1792      1792      1792      1792      1792      1792      1752      1756      1792      1792 
dram[8]:      1792      1792      1792      1792      1792      1792      1792      1792      1792      1792      1792      1792      1772      1772      1792      1792 
dram[9]:      1792      1792      1792      1792      1792      1792      1792      1792      1792      1792      1792      1792      1756      1760      1792      1792 
dram[10]:      1792      1792      1792      1792      1792      1792      1792      1792      1792      1792      1792      1792      1792      1792      1792      1792 
dram[11]:      1792      1792      1792      1792      1792      1792      1792      1792      1792      1792      1792      1792      1776      1776      1792      1792 
dram[12]:      1792      1792      1792      1792      1792      1792      1792      1792      1792      1792      1792      1792      1760      1772      1792      1792 
dram[13]:      1792      1792      1792      1792      1792      1792      1792      1792      1792      1792      1792      1792      1760      1756      1792      1792 
dram[14]:      1792      1792      1792      1792      1792      1792      1792      1792      1792      1792      1792      1792      1780      1780      1792      1792 
dram[15]:      1792      1792      1792      1792      1792      1792      1792      1792      1792      1792      1792      1792      1772      1776      1792      1792 
total dram writes = 458084
bank skew: 1792/1752 = 1.02
chip skew: 28672/28596 = 1.00
average mf latency per bank:
dram[0]:        535       542       543       544       538       541       545       545       534       542       551       555       540       547       541       558
dram[1]:        529       534       538       541       534       541       546       540       524       527       534       541       522       527       524       533
dram[2]:        529       534       536       536       519       522       525       518       510       518       526       529       522       529       538       544
dram[3]:        513       519       529       531       526       529       534       537       526       532       526       531       513       519       515       516
dram[4]:        527       534       533       533       538       544       546       544       515       526       531       539       523       531       545       539
dram[5]:        531       537       534       541       532       548       541       548       538       544       544       547       537       542       528       534
dram[6]:        520       525       526       532       518       522       525       529       507       512       525       524       523       523       518       522
dram[7]:        522       528       529       535       524       527       528       532       529       537       536       541       532       538       527       529
dram[8]:        540       546       552       546       535       542       532       535       524       529       538       536       528       536       542       541
dram[9]:        529       534       532       531       522       522       538       546       530       536       541       544       539       530       533       533
dram[10]:        526       531       541       533       540       550       537       543       532       539       529       530       516       525       543       539
dram[11]:        519       524       519       525       505       511       523       518       507       513       527       528       520       526       527       528
dram[12]:        531       536       548       549       540       546       538       537       530       535       547       542       534       540       536       534
dram[13]:        538       546       539       547       532       536       542       548       531       535       536       539       525       535       532       535
dram[14]:        516       521       531       533       514       519       524       525       514       518       519       522       519       527       519       519
dram[15]:        514       519       530       537       527       533       536       533       512       515       535       539       530       536       530       533
maximum mf latency per bank:
dram[0]:       1151      1153      1109      1122      1787      1773      1329      1444      1165      1217      1202      1216      1123      1122      1300      1472
dram[1]:       1318      1321      1240      1187      1222      1228      1575      1217      1112      1103      1202      1883      1554      1583      1097      1476
dram[2]:       1359      1364      1147      1161      1112      1114      1636      1240      1238      1241      1124      1150      1414      1414      1386      1373
dram[3]:       1160      1167      1178      1166      1391      1392      1228      1207      1128      1145      1061      1078      1229      1368      1195      1183
dram[4]:       1157      1163      1277      1184      1512      1517      1634      1661      1150      1150      1991      1466      1220      1222      1572      1311
dram[5]:       1402      1403      1156      1223      1211      1214      1035      1154      1190      1190      1251      1171      1164      1165      1517      1527
dram[6]:       1830      1330      1180      1195      1233      1234      1209      1224      1194      1197      1126      1126      1547      1156      1169      1529
dram[7]:       1400      1455      1083      1111      1195      1202      1067      1086      1773      1915      1124      1151      1366      1403      1854      1190
dram[8]:       1298      1304      1990      1790      1350      1468      1125      1154      1136      1138      1212      1261      1409      1408      1309      1185
dram[9]:       1168      1173      1875      1119      1734      1729      1162      1196      1106      1108      1184      1198      1540      1160      1139      1125
dram[10]:       1234      1236      1810      1822      1373      1779      1343      1345      1179      1177      1668      1576      1370      1477      1737      1181
dram[11]:       1186      1189      1114      1122      1293      1296      1521      1308      1181      1179      1234      1236      1087      1084      1403      1422
dram[12]:       1266      1265      1355      1329      1232      1280      1308      1319      1185      1189      1326      1115      1101      1103      1343      1339
dram[13]:       1325      1327      1150      2013      1342      1771      1061      1073      1131      1134      1140      1151      1145      1139      1202      1198
dram[14]:       1381      1406      1183      1215      1185      1184      1219      1227      1196      1199      1137      1158      1135      1982      1481      1212
dram[15]:       1146      1148      1392      1393      1583      1575      1398      1182      1302      1262      1277      1301      1205      1216      1194      1195
Memory Partition 0: 
Cache L2_bank_000:
MSHR contents

Cache L2_bank_001:
MSHR contents

In Dram Latency Queue (total = 7): 
Ready @ 227828 -   mf: uid=3915614, sid4294967295:w4294967295, part=0, addr=0xc1de3f00, store, size=128, L2_WRBK  status = IN_PARTITION_DRAM_LATENCY_QUEUE (227574), 
Ready @ 227851 -   mf: uid=3915641, sid4294967295:w4294967295, part=0, addr=0xc1de5800, store, size=128, L2_WRBK  status = IN_PARTITION_DRAM_LATENCY_QUEUE (227597), 
Ready @ 227869 -   mf: uid=3915661, sid4294967295:w4294967295, part=0, addr=0xc1de5880, store, size=128, L2_WRBK  status = IN_PARTITION_DRAM_LATENCY_QUEUE (227615), 
Ready @ 227876 -   mf: uid=3915670, sid4294967295:w4294967295, part=0, addr=0xc1de6a80, store, size=128, L2_WRBK  status = IN_PARTITION_DRAM_LATENCY_QUEUE (227622), 
Ready @ 227884 -   mf: uid=3915685, sid4294967295:w4294967295, part=0, addr=0xc1de6a00, store, size=128, L2_WRBK  status = IN_PARTITION_DRAM_LATENCY_QUEUE (227630), 
Ready @ 227894 -   mf: uid=3915697, sid4294967295:w4294967295, part=0, addr=0xc1de7a80, store, size=128, L2_WRBK  status = IN_PARTITION_DRAM_LATENCY_QUEUE (227640), 
Ready @ 227898 -   mf: uid=3915704, sid4294967295:w4294967295, part=0, addr=0xc1de7a00, store, size=128, L2_WRBK  status = IN_PARTITION_DRAM_LATENCY_QUEUE (227644), 
DRAM[0]: 16 bks, busW=2 BL=16 CL=24, tRRD=12 tCCD=4, tRCD=24 tRAS=55 tRP=24 tRC=78
n_cmd=280394 n_nop=216581 n_act=1233 n_pre=1217 n_ref_event=0 n_req=39929 n_rd=32768 n_rd_L2_A=0 n_write=0 n_wr_bk=28629 bw_util=0.8759
n_activity=266962 dram_eff=0.9199
bk0: 2048a 220990i bk1: 2048a 221879i bk2: 2048a 226730i bk3: 2048a 228118i bk4: 2048a 222869i bk5: 2048a 222495i bk6: 2048a 229469i bk7: 2048a 229498i bk8: 2048a 219923i bk9: 2048a 219306i bk10: 2048a 227800i bk11: 2048a 228231i bk12: 2048a 224136i bk13: 2048a 221984i bk14: 2048a 230553i bk15: 2048a 229537i 

------------------------------------------------------------------------

Row_Buffer_Locality = 0.969119
Row_Buffer_Locality_read = 0.980377
Row_Buffer_Locality_write = 0.917586
Bank_Level_Parallism = 3.518261
Bank_Level_Parallism_Col = 3.406968
Bank_Level_Parallism_Ready = 1.520481
write_to_read_ratio_blp_rw_average = 0.464463
GrpLevelPara = 2.932084 

BW Util details:
bwutil = 0.875868 
total_CMD = 280394 
util_bw = 245588 
Wasted_Col = 14217 
Wasted_Row = 3061 
Idle = 17528 

BW Util Bottlenecks: 
RCDc_limit = 3178 
RCDWRc_limit = 1456 
WTRc_limit = 10976 
RTWc_limit = 10085 
CCDLc_limit = 6696 
rwq = 0 
CCDLc_limit_alone = 5670 
WTRc_limit_alone = 10483 
RTWc_limit_alone = 9552 

Commands details: 
total_CMD = 280394 
n_nop = 216581 
Read = 32768 
Write = 0 
L2_Alloc = 0 
L2_WB = 28629 
n_act = 1233 
n_pre = 1217 
n_ref = 0 
n_req = 39929 
total_req = 61397 

Dual Bus Interface Util: 
issued_total_row = 2450 
issued_total_col = 61397 
Row_Bus_Util =  0.008738 
CoL_Bus_Util = 0.218967 
Either_Row_CoL_Bus_Util = 0.227583 
Issued_on_Two_Bus_Simul_Util = 0.000121 
issued_two_Eff = 0.000533 
queue_avg = 33.082275 


dram_util_bins: 0 0 0 0 0 0 0 0 0 0
dram_eff_bins: 0 0 0 0 0 0 0 0 0 0
mrqq: max=64 avg=33.0823
Memory Partition 1: 
Cache L2_bank_002:
MSHR contents

Cache L2_bank_003:
MSHR contents

In Dram Latency Queue (total = 6): 
Ready @ 227821 -   mf: uid=3915604, sid4294967295:w4294967295, part=1, addr=0xc1de5900, store, size=128, L2_WRBK  status = IN_PARTITION_DRAM_LATENCY_QUEUE (227567), 
Ready @ 227825 -   mf: uid=3915610, sid4294967295:w4294967295, part=1, addr=0xc1de5980, store, size=128, L2_WRBK  status = IN_PARTITION_DRAM_LATENCY_QUEUE (227571), 
Ready @ 227839 -   mf: uid=3915632, sid4294967295:w4294967295, part=1, addr=0xc1de6b80, store, size=128, L2_WRBK  status = IN_PARTITION_DRAM_LATENCY_QUEUE (227585), 
Ready @ 227843 -   mf: uid=3915635, sid4294967295:w4294967295, part=1, addr=0xc1de6b00, store, size=128, L2_WRBK  status = IN_PARTITION_DRAM_LATENCY_QUEUE (227589), 
Ready @ 227872 -   mf: uid=3915665, sid4294967295:w4294967295, part=1, addr=0xc1de7b80, store, size=128, L2_WRBK  status = IN_PARTITION_DRAM_LATENCY_QUEUE (227618), 
Ready @ 227880 -   mf: uid=3915678, sid4294967295:w4294967295, part=1, addr=0xc1de7b00, store, size=128, L2_WRBK  status = IN_PARTITION_DRAM_LATENCY_QUEUE (227626), 
DRAM[1]: 16 bks, busW=2 BL=16 CL=24, tRRD=12 tCCD=4, tRCD=24 tRAS=55 tRP=24 tRC=78
n_cmd=280394 n_nop=216636 n_act=1232 n_pre=1216 n_ref_event=0 n_req=39930 n_rd=32768 n_rd_L2_A=0 n_write=0 n_wr_bk=28590 bw_util=0.8753
n_activity=267094 dram_eff=0.9189
bk0: 2048a 220700i bk1: 2048a 220821i bk2: 2048a 229998i bk3: 2048a 230439i bk4: 2048a 222054i bk5: 2048a 222903i bk6: 2048a 228416i bk7: 2048a 231218i bk8: 2048a 223201i bk9: 2048a 222114i bk10: 2048a 227318i bk11: 2048a 226295i bk12: 2048a 222880i bk13: 2048a 223011i bk14: 2048a 229616i bk15: 2048a 228208i 

------------------------------------------------------------------------

Row_Buffer_Locality = 0.969137
Row_Buffer_Locality_read = 0.980438
Row_Buffer_Locality_write = 0.917343
Bank_Level_Parallism = 3.495557
Bank_Level_Parallism_Col = 3.378905
Bank_Level_Parallism_Ready = 1.487063
write_to_read_ratio_blp_rw_average = 0.470042
GrpLevelPara = 2.894192 

BW Util details:
bwutil = 0.875311 
total_CMD = 280394 
util_bw = 245431 
Wasted_Col = 14926 
Wasted_Row = 2588 
Idle = 17449 

BW Util Bottlenecks: 
RCDc_limit = 3248 
RCDWRc_limit = 1565 
WTRc_limit = 11845 
RTWc_limit = 9973 
CCDLc_limit = 7562 
rwq = 0 
CCDLc_limit_alone = 6297 
WTRc_limit_alone = 11021 
RTWc_limit_alone = 9532 

Commands details: 
total_CMD = 280394 
n_nop = 216636 
Read = 32768 
Write = 0 
L2_Alloc = 0 
L2_WB = 28590 
n_act = 1232 
n_pre = 1216 
n_ref = 0 
n_req = 39930 
total_req = 61358 

Dual Bus Interface Util: 
issued_total_row = 2448 
issued_total_col = 61358 
Row_Bus_Util =  0.008731 
CoL_Bus_Util = 0.218828 
Either_Row_CoL_Bus_Util = 0.227387 
Issued_on_Two_Bus_Simul_Util = 0.000171 
issued_two_Eff = 0.000753 
queue_avg = 31.667315 


dram_util_bins: 0 0 0 0 0 0 0 0 0 0
dram_eff_bins: 0 0 0 0 0 0 0 0 0 0
mrqq: max=64 avg=31.6673
Memory Partition 2: 
Cache L2_bank_004:
MSHR contents

Cache L2_bank_005:
MSHR contents

In Dram Latency Queue (total = 15): 
Ready @ 227825 -   mf: uid=3915611, sid4294967295:w4294967295, part=2, addr=0xc1de1f80, store, size=128, L2_WRBK  status = IN_PARTITION_DRAM_LATENCY_QUEUE (227571), 
Ready @ 227832 -   mf: uid=3915620, sid4294967295:w4294967295, part=2, addr=0xc1de1f00, store, size=128, L2_WRBK  status = IN_PARTITION_DRAM_LATENCY_QUEUE (227578), 
Ready @ 227836 -   mf: uid=3915624, sid4294967295:w4294967295, part=2, addr=0xc1de0f00, store, size=128, L2_WRBK  status = IN_PARTITION_DRAM_LATENCY_QUEUE (227582), 
Ready @ 227864 -   mf: uid=3915652, sid4294967295:w4294967295, part=2, addr=0xc1de2d00, store, size=128, L2_WRBK  status = IN_PARTITION_DRAM_LATENCY_QUEUE (227610), 
Ready @ 227869 -   mf: uid=3915662, sid4294967295:w4294967295, part=2, addr=0xc1de3d80, store, size=128, L2_WRBK  status = IN_PARTITION_DRAM_LATENCY_QUEUE (227615), 
Ready @ 227876 -   mf: uid=3915671, sid4294967295:w4294967295, part=2, addr=0xc1de3d00, store, size=128, L2_WRBK  status = IN_PARTITION_DRAM_LATENCY_QUEUE (227622), 
Ready @ 227888 -   mf: uid=3915691, sid4294967295:w4294967295, part=2, addr=0xc1de2d80, store, size=128, L2_WRBK  status = IN_PARTITION_DRAM_LATENCY_QUEUE (227634), 
Ready @ 227900 -   mf: uid=3915708, sid4294967295:w4294967295, part=2, addr=0xc1de4a80, store, size=128, L2_WRBK  status = IN_PARTITION_DRAM_LATENCY_QUEUE (227646), 
Ready @ 227904 -   mf: uid=3915713, sid4294967295:w4294967295, part=2, addr=0xc1de4a00, store, size=128, L2_WRBK  status = IN_PARTITION_DRAM_LATENCY_QUEUE (227650), 
Ready @ 227951 -   mf: uid=3915742, sid4294967295:w4294967295, part=2, addr=0xc1de6880, store, size=128, L2_WRBK  status = IN_PARTITION_DRAM_LATENCY_QUEUE (227697), 
Ready @ 227955 -   mf: uid=3915745, sid4294967295:w4294967295, part=2, addr=0xc1de6800, store, size=128, L2_WRBK  status = IN_PARTITION_DRAM_LATENCY_QUEUE (227701), 
Ready @ 227959 -   mf: uid=3915746, sid4294967295:w4294967295, part=2, addr=0xc1de5a80, store, size=128, L2_WRBK  status = IN_PARTITION_DRAM_LATENCY_QUEUE (227705), 
Ready @ 227962 -   mf: uid=3915747, sid4294967295:w4294967295, part=2, addr=0xc1de5a00, store, size=128, L2_WRBK  status = IN_PARTITION_DRAM_LATENCY_QUEUE (227708), 
Ready @ 227976 -   mf: uid=3915755, sid4294967295:w4294967295, part=2, addr=0xc1de7880, store, size=128, L2_WRBK  status = IN_PARTITION_DRAM_LATENCY_QUEUE (227722), 
Ready @ 227981 -   mf: uid=3915757, sid4294967295:w4294967295, part=2, addr=0xc1de7800, store, size=128, L2_WRBK  status = IN_PARTITION_DRAM_LATENCY_QUEUE (227727), 
DRAM[2]: 16 bks, busW=2 BL=16 CL=24, tRRD=12 tCCD=4, tRCD=24 tRAS=55 tRP=24 tRC=78
n_cmd=280394 n_nop=216589 n_act=1250 n_pre=1234 n_ref_event=0 n_req=39921 n_rd=32768 n_rd_L2_A=0 n_write=0 n_wr_bk=28605 bw_util=0.8755
n_activity=266577 dram_eff=0.9209
bk0: 2048a 223489i bk1: 2048a 224160i bk2: 2048a 227404i bk3: 2048a 230426i bk4: 2048a 224792i bk5: 2048a 225689i bk6: 2048a 230522i bk7: 2048a 231522i bk8: 2048a 223865i bk9: 2048a 222908i bk10: 2048a 227742i bk11: 2048a 228556i bk12: 2048a 225172i bk13: 2048a 225119i bk14: 2048a 229826i bk15: 2048a 230297i 

------------------------------------------------------------------------

Row_Buffer_Locality = 0.968687
Row_Buffer_Locality_read = 0.980072
Row_Buffer_Locality_write = 0.916527
Bank_Level_Parallism = 3.419849
Bank_Level_Parallism_Col = 3.300238
Bank_Level_Parallism_Ready = 1.477304
write_to_read_ratio_blp_rw_average = 0.461146
GrpLevelPara = 2.861214 

BW Util details:
bwutil = 0.875525 
total_CMD = 280394 
util_bw = 245489 
Wasted_Col = 14081 
Wasted_Row = 2732 
Idle = 18092 

BW Util Bottlenecks: 
RCDc_limit = 3030 
RCDWRc_limit = 1764 
WTRc_limit = 11271 
RTWc_limit = 8554 
CCDLc_limit = 7020 
rwq = 0 
CCDLc_limit_alone = 5790 
WTRc_limit_alone = 10471 
RTWc_limit_alone = 8124 

Commands details: 
total_CMD = 280394 
n_nop = 216589 
Read = 32768 
Write = 0 
L2_Alloc = 0 
L2_WB = 28605 
n_act = 1250 
n_pre = 1234 
n_ref = 0 
n_req = 39921 
total_req = 61373 

Dual Bus Interface Util: 
issued_total_row = 2484 
issued_total_col = 61373 
Row_Bus_Util =  0.008859 
CoL_Bus_Util = 0.218881 
Either_Row_CoL_Bus_Util = 0.227555 
Issued_on_Two_Bus_Simul_Util = 0.000185 
issued_two_Eff = 0.000815 
queue_avg = 30.227972 


dram_util_bins: 0 0 0 0 0 0 0 0 0 0
dram_eff_bins: 0 0 0 0 0 0 0 0 0 0
mrqq: max=64 avg=30.228
Memory Partition 3: 
Cache L2_bank_006:
MSHR contents

Cache L2_bank_007:
MSHR contents

In Dram Latency Queue (total = 6): 
Ready @ 227836 -   mf: uid=3915625, sid4294967295:w4294967295, part=3, addr=0xc1de5b80, store, size=128, L2_WRBK  status = IN_PARTITION_DRAM_LATENCY_QUEUE (227582), 
Ready @ 227845 -   mf: uid=3915636, sid4294967295:w4294967295, part=3, addr=0xc1de5b00, store, size=128, L2_WRBK  status = IN_PARTITION_DRAM_LATENCY_QUEUE (227591), 
Ready @ 227862 -   mf: uid=3915648, sid4294967295:w4294967295, part=3, addr=0xc1de6980, store, size=128, L2_WRBK  status = IN_PARTITION_DRAM_LATENCY_QUEUE (227608), 
Ready @ 227866 -   mf: uid=3915656, sid4294967295:w4294967295, part=3, addr=0xc1de6900, store, size=128, L2_WRBK  status = IN_PARTITION_DRAM_LATENCY_QUEUE (227612), 
Ready @ 227888 -   mf: uid=3915692, sid4294967295:w4294967295, part=3, addr=0xc1de7980, store, size=128, L2_WRBK  status = IN_PARTITION_DRAM_LATENCY_QUEUE (227634), 
Ready @ 227892 -   mf: uid=3915695, sid4294967295:w4294967295, part=3, addr=0xc1de7900, store, size=128, L2_WRBK  status = IN_PARTITION_DRAM_LATENCY_QUEUE (227638), 
DRAM[3]: 16 bks, busW=2 BL=16 CL=24, tRRD=12 tCCD=4, tRCD=24 tRAS=55 tRP=24 tRC=78
n_cmd=280394 n_nop=216565 n_act=1242 n_pre=1226 n_ref_event=0 n_req=39930 n_rd=32768 n_rd_L2_A=0 n_write=0 n_wr_bk=28630 bw_util=0.8759
n_activity=266560 dram_eff=0.9213
bk0: 2048a 224995i bk1: 2048a 224439i bk2: 2048a 228932i bk3: 2048a 229607i bk4: 2048a 226146i bk5: 2048a 226030i bk6: 2048a 229651i bk7: 2048a 229656i bk8: 2048a 225543i bk9: 2048a 224992i bk10: 2048a 230597i bk11: 2048a 231650i bk12: 2048a 225763i bk13: 2048a 224095i bk14: 2048a 231171i bk15: 2048a 231869i 

------------------------------------------------------------------------

Row_Buffer_Locality = 0.968892
Row_Buffer_Locality_read = 0.980255
Row_Buffer_Locality_write = 0.916876
Bank_Level_Parallism = 3.372800
Bank_Level_Parallism_Col = 3.250804
Bank_Level_Parallism_Ready = 1.481328
write_to_read_ratio_blp_rw_average = 0.456858
GrpLevelPara = 2.811654 

BW Util details:
bwutil = 0.875882 
total_CMD = 280394 
util_bw = 245592 
Wasted_Col = 13978 
Wasted_Row = 2361 
Idle = 18463 

BW Util Bottlenecks: 
RCDc_limit = 2915 
RCDWRc_limit = 1643 
WTRc_limit = 11199 
RTWc_limit = 9161 
CCDLc_limit = 6725 
rwq = 0 
CCDLc_limit_alone = 5627 
WTRc_limit_alone = 10580 
RTWc_limit_alone = 8682 

Commands details: 
total_CMD = 280394 
n_nop = 216565 
Read = 32768 
Write = 0 
L2_Alloc = 0 
L2_WB = 28630 
n_act = 1242 
n_pre = 1226 
n_ref = 0 
n_req = 39930 
total_req = 61398 

Dual Bus Interface Util: 
issued_total_row = 2468 
issued_total_col = 61398 
Row_Bus_Util =  0.008802 
CoL_Bus_Util = 0.218970 
Either_Row_CoL_Bus_Util = 0.227640 
Issued_on_Two_Bus_Simul_Util = 0.000132 
issued_two_Eff = 0.000580 
queue_avg = 29.840422 


dram_util_bins: 0 0 0 0 0 0 0 0 0 0
dram_eff_bins: 0 0 0 0 0 0 0 0 0 0
mrqq: max=64 avg=29.8404
Memory Partition 4: 
Cache L2_bank_008:
MSHR contents

Cache L2_bank_009:
MSHR contents

In Dram Latency Queue (total = 9): 
Ready @ 227829 -   mf: uid=3915617, sid4294967295:w4294967295, part=4, addr=0xc1de3b00, store, size=128, L2_WRBK  status = IN_PARTITION_DRAM_LATENCY_QUEUE (227575), 
Ready @ 227832 -   mf: uid=3915621, sid4294967295:w4294967295, part=4, addr=0xc1de4c00, store, size=128, L2_WRBK  status = IN_PARTITION_DRAM_LATENCY_QUEUE (227578), 
Ready @ 227839 -   mf: uid=3915633, sid4294967295:w4294967295, part=4, addr=0xc1de3b80, store, size=128, L2_WRBK  status = IN_PARTITION_DRAM_LATENCY_QUEUE (227585), 
Ready @ 227872 -   mf: uid=3915666, sid4294967295:w4294967295, part=4, addr=0xc1de5c80, store, size=128, L2_WRBK  status = IN_PARTITION_DRAM_LATENCY_QUEUE (227618), 
Ready @ 227880 -   mf: uid=3915679, sid4294967295:w4294967295, part=4, addr=0xc1de5c00, store, size=128, L2_WRBK  status = IN_PARTITION_DRAM_LATENCY_QUEUE (227626), 
Ready @ 227883 -   mf: uid=3915682, sid4294967295:w4294967295, part=4, addr=0xc1de6e00, store, size=128, L2_WRBK  status = IN_PARTITION_DRAM_LATENCY_QUEUE (227629), 
Ready @ 227890 -   mf: uid=3915693, sid4294967295:w4294967295, part=4, addr=0xc1de6e80, store, size=128, L2_WRBK  status = IN_PARTITION_DRAM_LATENCY_QUEUE (227636), 
Ready @ 227907 -   mf: uid=3915714, sid4294967295:w4294967295, part=4, addr=0xc1de7e00, store, size=128, L2_WRBK  status = IN_PARTITION_DRAM_LATENCY_QUEUE (227653), 
Ready @ 227914 -   mf: uid=3915716, sid4294967295:w4294967295, part=4, addr=0xc1de7e80, store, size=128, L2_WRBK  status = IN_PARTITION_DRAM_LATENCY_QUEUE (227660), 
DRAM[4]: 16 bks, busW=2 BL=16 CL=24, tRRD=12 tCCD=4, tRCD=24 tRAS=55 tRP=24 tRC=78
n_cmd=280394 n_nop=216538 n_act=1259 n_pre=1243 n_ref_event=0 n_req=39927 n_rd=32768 n_rd_L2_A=0 n_write=0 n_wr_bk=28627 bw_util=0.8758
n_activity=267112 dram_eff=0.9194
bk0: 2048a 222567i bk1: 2048a 223364i bk2: 2048a 227996i bk3: 2048a 227236i bk4: 2048a 224095i bk5: 2048a 221988i bk6: 2048a 228130i bk7: 2048a 228847i bk8: 2048a 220598i bk9: 2048a 221038i bk10: 2048a 229005i bk11: 2048a 228758i bk12: 2048a 224990i bk13: 2048a 223564i bk14: 2048a 231232i bk15: 2048a 232089i 

------------------------------------------------------------------------

Row_Buffer_Locality = 0.968467
Row_Buffer_Locality_read = 0.980042
Row_Buffer_Locality_write = 0.915479
Bank_Level_Parallism = 3.469719
Bank_Level_Parallism_Col = 3.345605
Bank_Level_Parallism_Ready = 1.484203
write_to_read_ratio_blp_rw_average = 0.457768
GrpLevelPara = 2.917312 

BW Util details:
bwutil = 0.875839 
total_CMD = 280394 
util_bw = 245577 
Wasted_Col = 15095 
Wasted_Row = 2371 
Idle = 17351 

BW Util Bottlenecks: 
RCDc_limit = 3097 
RCDWRc_limit = 1780 
WTRc_limit = 11533 
RTWc_limit = 10083 
CCDLc_limit = 8128 
rwq = 0 
CCDLc_limit_alone = 6657 
WTRc_limit_alone = 10669 
RTWc_limit_alone = 9476 

Commands details: 
total_CMD = 280394 
n_nop = 216538 
Read = 32768 
Write = 0 
L2_Alloc = 0 
L2_WB = 28627 
n_act = 1259 
n_pre = 1243 
n_ref = 0 
n_req = 39927 
total_req = 61395 

Dual Bus Interface Util: 
issued_total_row = 2502 
issued_total_col = 61395 
Row_Bus_Util =  0.008923 
CoL_Bus_Util = 0.218960 
Either_Row_CoL_Bus_Util = 0.227737 
Issued_on_Two_Bus_Simul_Util = 0.000146 
issued_two_Eff = 0.000642 
queue_avg = 31.285473 


dram_util_bins: 0 0 0 0 0 0 0 0 0 0
dram_eff_bins: 0 0 0 0 0 0 0 0 0 0
mrqq: max=64 avg=31.2855
Memory Partition 5: 
Cache L2_bank_010:
MSHR contents

Cache L2_bank_011:
MSHR contents

In Dram Latency Queue (total = 15): 
Ready @ 227834 -   mf: uid=3915623, sid4294967295:w4294967295, part=5, addr=0xc1de1800, store, size=128, L2_WRBK  status = IN_PARTITION_DRAM_LATENCY_QUEUE (227580), 
Ready @ 227868 -   mf: uid=3915658, sid4294967295:w4294967295, part=5, addr=0xc1de0880, store, size=128, L2_WRBK  status = IN_PARTITION_DRAM_LATENCY_QUEUE (227614), 
Ready @ 227876 -   mf: uid=3915672, sid4294967295:w4294967295, part=5, addr=0xc1de0800, store, size=128, L2_WRBK  status = IN_PARTITION_DRAM_LATENCY_QUEUE (227622), 
Ready @ 227883 -   mf: uid=3915683, sid4294967295:w4294967295, part=5, addr=0xc1de2a80, store, size=128, L2_WRBK  status = IN_PARTITION_DRAM_LATENCY_QUEUE (227629), 
Ready @ 227886 -   mf: uid=3915686, sid4294967295:w4294967295, part=5, addr=0xc1de2a00, store, size=128, L2_WRBK  status = IN_PARTITION_DRAM_LATENCY_QUEUE (227632), 
Ready @ 227895 -   mf: uid=3915701, sid4294967295:w4294967295, part=5, addr=0xc1de4d80, store, size=128, L2_WRBK  status = IN_PARTITION_DRAM_LATENCY_QUEUE (227641), 
Ready @ 227901 -   mf: uid=3915710, sid4294967295:w4294967295, part=5, addr=0xc1de4d00, store, size=128, L2_WRBK  status = IN_PARTITION_DRAM_LATENCY_QUEUE (227647), 
Ready @ 227926 -   mf: uid=3915724, sid4294967295:w4294967295, part=5, addr=0xc1de3a80, store, size=128, L2_WRBK  status = IN_PARTITION_DRAM_LATENCY_QUEUE (227672), 
Ready @ 227930 -   mf: uid=3915728, sid4294967295:w4294967295, part=5, addr=0xc1de3a00, store, size=128, L2_WRBK  status = IN_PARTITION_DRAM_LATENCY_QUEUE (227676), 
Ready @ 227944 -   mf: uid=3915737, sid4294967295:w4294967295, part=5, addr=0xc1de5d80, store, size=128, L2_WRBK  status = IN_PARTITION_DRAM_LATENCY_QUEUE (227690), 
Ready @ 227949 -   mf: uid=3915741, sid4294967295:w4294967295, part=5, addr=0xc1de5d00, store, size=128, L2_WRBK  status = IN_PARTITION_DRAM_LATENCY_QUEUE (227695), 
Ready @ 227976 -   mf: uid=3915756, sid4294967295:w4294967295, part=5, addr=0xc1de6f80, store, size=128, L2_WRBK  status = IN_PARTITION_DRAM_LATENCY_QUEUE (227722), 
Ready @ 227987 -   mf: uid=3915759, sid4294967295:w4294967295, part=5, addr=0xc1de6f00, store, size=128, L2_WRBK  status = IN_PARTITION_DRAM_LATENCY_QUEUE (227733), 
Ready @ 228002 -   mf: uid=3915766, sid4294967295:w4294967295, part=5, addr=0xc1de7f00, store, size=128, L2_WRBK  status = IN_PARTITION_DRAM_LATENCY_QUEUE (227748), 
Ready @ 228011 -   mf: uid=3915768, sid4294967295:w4294967295, part=5, addr=0xc1de7f80, store, size=128, L2_WRBK  status = IN_PARTITION_DRAM_LATENCY_QUEUE (227757), 
DRAM[5]: 16 bks, busW=2 BL=16 CL=24, tRRD=12 tCCD=4, tRCD=24 tRAS=55 tRP=24 tRC=78
n_cmd=280394 n_nop=216543 n_act=1269 n_pre=1253 n_ref_event=0 n_req=39921 n_rd=32768 n_rd_L2_A=0 n_write=0 n_wr_bk=28597 bw_util=0.8754
n_activity=266753 dram_eff=0.9202
bk0: 2048a 222203i bk1: 2048a 220838i bk2: 2048a 225530i bk3: 2048a 226654i bk4: 2048a 223291i bk5: 2048a 221949i bk6: 2048a 228647i bk7: 2048a 228453i bk8: 2048a 219824i bk9: 2048a 219194i bk10: 2048a 227662i bk11: 2048a 228049i bk12: 2048a 223502i bk13: 2048a 223417i bk14: 2048a 230693i bk15: 2048a 231902i 

------------------------------------------------------------------------

Row_Buffer_Locality = 0.968211
Row_Buffer_Locality_read = 0.979736
Row_Buffer_Locality_write = 0.915396
Bank_Level_Parallism = 3.525097
Bank_Level_Parallism_Col = 3.402632
Bank_Level_Parallism_Ready = 1.523470
write_to_read_ratio_blp_rw_average = 0.462695
GrpLevelPara = 2.928301 

BW Util details:
bwutil = 0.875411 
total_CMD = 280394 
util_bw = 245460 
Wasted_Col = 14593 
Wasted_Row = 2688 
Idle = 17653 

BW Util Bottlenecks: 
RCDc_limit = 3194 
RCDWRc_limit = 1679 
WTRc_limit = 10301 
RTWc_limit = 10398 
CCDLc_limit = 6937 
rwq = 0 
CCDLc_limit_alone = 5909 
WTRc_limit_alone = 9875 
RTWc_limit_alone = 9796 

Commands details: 
total_CMD = 280394 
n_nop = 216543 
Read = 32768 
Write = 0 
L2_Alloc = 0 
L2_WB = 28597 
n_act = 1269 
n_pre = 1253 
n_ref = 0 
n_req = 39921 
total_req = 61365 

Dual Bus Interface Util: 
issued_total_row = 2522 
issued_total_col = 61365 
Row_Bus_Util =  0.008994 
CoL_Bus_Util = 0.218853 
Either_Row_CoL_Bus_Util = 0.227719 
Issued_on_Two_Bus_Simul_Util = 0.000128 
issued_two_Eff = 0.000564 
queue_avg = 32.042847 


dram_util_bins: 0 0 0 0 0 0 0 0 0 0
dram_eff_bins: 0 0 0 0 0 0 0 0 0 0
mrqq: max=64 avg=32.0428
Memory Partition 6: 
Cache L2_bank_012:
MSHR contents

Cache L2_bank_013:
MSHR contents

In Dram Latency Queue (total = 10): 
Ready @ 227824 -   mf: uid=3915609, sid4294967295:w4294967295, part=6, addr=0xc1de2980, store, size=128, L2_WRBK  status = IN_PARTITION_DRAM_LATENCY_QUEUE (227570), 
Ready @ 227824 -   mf: uid=3915608, sid4294967295:w4294967295, part=6, addr=0xc1de3900, store, size=128, L2_WRBK  status = IN_PARTITION_DRAM_LATENCY_QUEUE (227570), 
Ready @ 227847 -   mf: uid=3915638, sid4294967295:w4294967295, part=6, addr=0xc1de5e80, store, size=128, L2_WRBK  status = IN_PARTITION_DRAM_LATENCY_QUEUE (227593), 
Ready @ 227872 -   mf: uid=3915667, sid4294967295:w4294967295, part=6, addr=0xc1de4e00, store, size=128, L2_WRBK  status = IN_PARTITION_DRAM_LATENCY_QUEUE (227618), 
Ready @ 227877 -   mf: uid=3915675, sid4294967295:w4294967295, part=6, addr=0xc1de5e00, store, size=128, L2_WRBK  status = IN_PARTITION_DRAM_LATENCY_QUEUE (227623), 
Ready @ 227878 -   mf: uid=3915676, sid4294967295:w4294967295, part=6, addr=0xc1de4e80, store, size=128, L2_WRBK  status = IN_PARTITION_DRAM_LATENCY_QUEUE (227624), 
Ready @ 227896 -   mf: uid=3915703, sid4294967295:w4294967295, part=6, addr=0xc1de6c80, store, size=128, L2_WRBK  status = IN_PARTITION_DRAM_LATENCY_QUEUE (227642), 
Ready @ 227900 -   mf: uid=3915709, sid4294967295:w4294967295, part=6, addr=0xc1de6c00, store, size=128, L2_WRBK  status = IN_PARTITION_DRAM_LATENCY_QUEUE (227646), 
Ready @ 227929 -   mf: uid=3915725, sid4294967295:w4294967295, part=6, addr=0xc1de7c80, store, size=128, L2_WRBK  status = IN_PARTITION_DRAM_LATENCY_QUEUE (227675), 
Ready @ 227952 -   mf: uid=3915743, sid4294967295:w4294967295, part=6, addr=0xc1de7c00, store, size=128, L2_WRBK  status = IN_PARTITION_DRAM_LATENCY_QUEUE (227698), 
DRAM[6]: 16 bks, busW=2 BL=16 CL=24, tRRD=12 tCCD=4, tRCD=24 tRAS=55 tRP=24 tRC=78
n_cmd=280394 n_nop=216572 n_act=1241 n_pre=1225 n_ref_event=0 n_req=39926 n_rd=32768 n_rd_L2_A=0 n_write=0 n_wr_bk=28622 bw_util=0.8758
n_activity=266462 dram_eff=0.9216
bk0: 2048a 221129i bk1: 2048a 220765i bk2: 2048a 229349i bk3: 2048a 228732i bk4: 2048a 224810i bk5: 2048a 225453i bk6: 2048a 230696i bk7: 2048a 231073i bk8: 2048a 226067i bk9: 2048a 225453i bk10: 2048a 232034i bk11: 2048a 232243i bk12: 2048a 225388i bk13: 2048a 225895i bk14: 2048a 232151i bk15: 2048a 230351i 

------------------------------------------------------------------------

Row_Buffer_Locality = 0.968917
Row_Buffer_Locality_read = 0.980286
Row_Buffer_Locality_write = 0.916865
Bank_Level_Parallism = 3.382447
Bank_Level_Parallism_Col = 3.265507
Bank_Level_Parallism_Ready = 1.457070
write_to_read_ratio_blp_rw_average = 0.472583
GrpLevelPara = 2.834857 

BW Util details:
bwutil = 0.875768 
total_CMD = 280394 
util_bw = 245557 
Wasted_Col = 13863 
Wasted_Row = 2729 
Idle = 18245 

BW Util Bottlenecks: 
RCDc_limit = 3211 
RCDWRc_limit = 1908 
WTRc_limit = 10925 
RTWc_limit = 8298 
CCDLc_limit = 6734 
rwq = 0 
CCDLc_limit_alone = 5408 
WTRc_limit_alone = 9975 
RTWc_limit_alone = 7922 

Commands details: 
total_CMD = 280394 
n_nop = 216572 
Read = 32768 
Write = 0 
L2_Alloc = 0 
L2_WB = 28622 
n_act = 1241 
n_pre = 1225 
n_ref = 0 
n_req = 39926 
total_req = 61390 

Dual Bus Interface Util: 
issued_total_row = 2466 
issued_total_col = 61390 
Row_Bus_Util =  0.008795 
CoL_Bus_Util = 0.218942 
Either_Row_CoL_Bus_Util = 0.227615 
Issued_on_Two_Bus_Simul_Util = 0.000121 
issued_two_Eff = 0.000533 
queue_avg = 28.767054 


dram_util_bins: 0 0 0 0 0 0 0 0 0 0
dram_eff_bins: 0 0 0 0 0 0 0 0 0 0
mrqq: max=64 avg=28.7671
Memory Partition 7: 
Cache L2_bank_014:
MSHR contents

Cache L2_bank_015:
MSHR contents

In Dram Latency Queue (total = 19): 
Ready @ 227838 -   mf: uid=3915630, sid4294967295:w4294967295, part=7, addr=0xc1def780, store, size=128, L2_WRBK  status = IN_PARTITION_DRAM_LATENCY_QUEUE (227584), 
Ready @ 227855 -   mf: uid=3915643, sid4294967295:w4294967295, part=7, addr=0xc1ded500, store, size=128, L2_WRBK  status = IN_PARTITION_DRAM_LATENCY_QUEUE (227601), 
Ready @ 227862 -   mf: uid=3915649, sid4294967295:w4294967295, part=7, addr=0xc1de0a80, store, size=128, L2_WRBK  status = IN_PARTITION_DRAM_LATENCY_QUEUE (227608), 
Ready @ 227868 -   mf: uid=3915659, sid4294967295:w4294967295, part=7, addr=0xc1def700, store, size=128, L2_WRBK  status = IN_PARTITION_DRAM_LATENCY_QUEUE (227614), 
Ready @ 227887 -   mf: uid=3915688, sid4294967295:w4294967295, part=7, addr=0xc1de1a80, store, size=128, L2_WRBK  status = IN_PARTITION_DRAM_LATENCY_QUEUE (227633), 
Ready @ 227894 -   mf: uid=3915698, sid4294967295:w4294967295, part=7, addr=0xc1de0a00, store, size=128, L2_WRBK  status = IN_PARTITION_DRAM_LATENCY_QUEUE (227640), 
Ready @ 227914 -   mf: uid=3915717, sid4294967295:w4294967295, part=7, addr=0xc1de2880, store, size=128, L2_WRBK  status = IN_PARTITION_DRAM_LATENCY_QUEUE (227660), 
Ready @ 227919 -   mf: uid=3915721, sid4294967295:w4294967295, part=7, addr=0xc1de1a00, store, size=128, L2_WRBK  status = IN_PARTITION_DRAM_LATENCY_QUEUE (227665), 
Ready @ 227940 -   mf: uid=3915731, sid4294967295:w4294967295, part=7, addr=0xc1de3880, store, size=128, L2_WRBK  status = IN_PARTITION_DRAM_LATENCY_QUEUE (227686), 
Ready @ 227942 -   mf: uid=3915734, sid4294967295:w4294967295, part=7, addr=0xc1de2800, store, size=128, L2_WRBK  status = IN_PARTITION_DRAM_LATENCY_QUEUE (227688), 
Ready @ 227965 -   mf: uid=3915748, sid4294967295:w4294967295, part=7, addr=0xc1de5f80, store, size=128, L2_WRBK  status = IN_PARTITION_DRAM_LATENCY_QUEUE (227711), 
Ready @ 227972 -   mf: uid=3915753, sid4294967295:w4294967295, part=7, addr=0xc1de3800, store, size=128, L2_WRBK  status = IN_PARTITION_DRAM_LATENCY_QUEUE (227718), 
Ready @ 227992 -   mf: uid=3915761, sid4294967295:w4294967295, part=7, addr=0xc1de4f80, store, size=128, L2_WRBK  status = IN_PARTITION_DRAM_LATENCY_QUEUE (227738), 
Ready @ 228001 -   mf: uid=3915765, sid4294967295:w4294967295, part=7, addr=0xc1de4f00, store, size=128, L2_WRBK  status = IN_PARTITION_DRAM_LATENCY_QUEUE (227747), 
Ready @ 228018 -   mf: uid=3915770, sid4294967295:w4294967295, part=7, addr=0xc1de6d80, store, size=128, L2_WRBK  status = IN_PARTITION_DRAM_LATENCY_QUEUE (227764), 
Ready @ 228023 -   mf: uid=3915772, sid4294967295:w4294967295, part=7, addr=0xc1de5f00, store, size=128, L2_WRBK  status = IN_PARTITION_DRAM_LATENCY_QUEUE (227769), 
Ready @ 228044 -   mf: uid=3915774, sid4294967295:w4294967295, part=7, addr=0xc1de7d80, store, size=128, L2_WRBK  status = IN_PARTITION_DRAM_LATENCY_QUEUE (227790), 
Ready @ 228047 -   mf: uid=3915775, sid4294967295:w4294967295, part=7, addr=0xc1de6d00, store, size=128, L2_WRBK  status = IN_PARTITION_DRAM_LATENCY_QUEUE (227793), 
Ready @ 228067 -   mf: uid=3915776, sid4294967295:w4294967295, part=7, addr=0xc1de7d00, store, size=128, L2_WRBK  status = IN_PARTITION_DRAM_LATENCY_QUEUE (227813), 
DRAM[7]: 16 bks, busW=2 BL=16 CL=24, tRRD=12 tCCD=4, tRCD=24 tRAS=55 tRP=24 tRC=78
n_cmd=280394 n_nop=216553 n_act=1272 n_pre=1256 n_ref_event=0 n_req=39917 n_rd=32768 n_rd_L2_A=0 n_write=0 n_wr_bk=28582 bw_util=0.8752
n_activity=266593 dram_eff=0.9205
bk0: 2048a 223545i bk1: 2048a 221579i bk2: 2048a 227161i bk3: 2048a 227094i bk4: 2048a 225348i bk5: 2048a 225794i bk6: 2048a 229680i bk7: 2048a 231659i bk8: 2048a 220050i bk9: 2048a 219061i bk10: 2048a 227982i bk11: 2048a 230199i bk12: 2048a 224171i bk13: 2048a 222870i bk14: 2048a 227452i bk15: 2048a 228059i 

------------------------------------------------------------------------

Row_Buffer_Locality = 0.968132
Row_Buffer_Locality_read = 0.979980
Row_Buffer_Locality_write = 0.913810
Bank_Level_Parallism = 3.493105
Bank_Level_Parallism_Col = 3.371269
Bank_Level_Parallism_Ready = 1.497877
write_to_read_ratio_blp_rw_average = 0.461628
GrpLevelPara = 2.909312 

BW Util details:
bwutil = 0.875197 
total_CMD = 280394 
util_bw = 245400 
Wasted_Col = 14430 
Wasted_Row = 2561 
Idle = 18003 

BW Util Bottlenecks: 
RCDc_limit = 3057 
RCDWRc_limit = 1685 
WTRc_limit = 11868 
RTWc_limit = 9045 
CCDLc_limit = 6920 
rwq = 0 
CCDLc_limit_alone = 5893 
WTRc_limit_alone = 11267 
RTWc_limit_alone = 8619 

Commands details: 
total_CMD = 280394 
n_nop = 216553 
Read = 32768 
Write = 0 
L2_Alloc = 0 
L2_WB = 28582 
n_act = 1272 
n_pre = 1256 
n_ref = 0 
n_req = 39917 
total_req = 61350 

Dual Bus Interface Util: 
issued_total_row = 2528 
issued_total_col = 61350 
Row_Bus_Util =  0.009016 
CoL_Bus_Util = 0.218799 
Either_Row_CoL_Bus_Util = 0.227683 
Issued_on_Two_Bus_Simul_Util = 0.000132 
issued_two_Eff = 0.000580 
queue_avg = 31.000025 


dram_util_bins: 0 0 0 0 0 0 0 0 0 0
dram_eff_bins: 0 0 0 0 0 0 0 0 0 0
mrqq: max=64 avg=31
Memory Partition 8: 
Cache L2_bank_016:
MSHR contents

Cache L2_bank_017:
MSHR contents

In Dram Latency Queue (total = 10): 
Ready @ 227827 -   mf: uid=3915613, sid4294967295:w4294967295, part=8, addr=0xc1de3780, store, size=128, L2_WRBK  status = IN_PARTITION_DRAM_LATENCY_QUEUE (227573), 
Ready @ 227828 -   mf: uid=3915615, sid4294967295:w4294967295, part=8, addr=0xc1de3700, store, size=128, L2_WRBK  status = IN_PARTITION_DRAM_LATENCY_QUEUE (227574), 
Ready @ 227861 -   mf: uid=3915647, sid4294967295:w4294967295, part=8, addr=0xc1de4080, store, size=128, L2_WRBK  status = IN_PARTITION_DRAM_LATENCY_QUEUE (227607), 
Ready @ 227864 -   mf: uid=3915653, sid4294967295:w4294967295, part=8, addr=0xc1de4000, store, size=128, L2_WRBK  status = IN_PARTITION_DRAM_LATENCY_QUEUE (227610), 
Ready @ 227872 -   mf: uid=3915668, sid4294967295:w4294967295, part=8, addr=0xc1de5080, store, size=128, L2_WRBK  status = IN_PARTITION_DRAM_LATENCY_QUEUE (227618), 
Ready @ 227876 -   mf: uid=3915673, sid4294967295:w4294967295, part=8, addr=0xc1de5000, store, size=128, L2_WRBK  status = IN_PARTITION_DRAM_LATENCY_QUEUE (227622), 
Ready @ 227898 -   mf: uid=3915705, sid4294967295:w4294967295, part=8, addr=0xc1de7280, store, size=128, L2_WRBK  status = IN_PARTITION_DRAM_LATENCY_QUEUE (227644), 
Ready @ 227902 -   mf: uid=3915711, sid4294967295:w4294967295, part=8, addr=0xc1de7200, store, size=128, L2_WRBK  status = IN_PARTITION_DRAM_LATENCY_QUEUE (227648), 
Ready @ 227944 -   mf: uid=3915738, sid4294967295:w4294967295, part=8, addr=0xc1de6200, store, size=128, L2_WRBK  status = IN_PARTITION_DRAM_LATENCY_QUEUE (227690), 
Ready @ 227948 -   mf: uid=3915740, sid4294967295:w4294967295, part=8, addr=0xc1de6280, store, size=128, L2_WRBK  status = IN_PARTITION_DRAM_LATENCY_QUEUE (227694), 
DRAM[8]: 16 bks, busW=2 BL=16 CL=24, tRRD=12 tCCD=4, tRCD=24 tRAS=55 tRP=24 tRC=78
n_cmd=280394 n_nop=216553 n_act=1249 n_pre=1233 n_ref_event=0 n_req=39926 n_rd=32768 n_rd_L2_A=0 n_write=0 n_wr_bk=28620 bw_util=0.8757
n_activity=267290 dram_eff=0.9187
bk0: 2048a 219135i bk1: 2048a 219408i bk2: 2048a 226927i bk3: 2048a 227253i bk4: 2048a 224589i bk5: 2048a 223931i bk6: 2048a 230820i bk7: 2048a 229834i bk8: 2048a 222743i bk9: 2048a 221336i bk10: 2048a 229753i bk11: 2048a 228925i bk12: 2048a 224241i bk13: 2048a 222948i bk14: 2048a 230155i bk15: 2048a 230605i 

------------------------------------------------------------------------

Row_Buffer_Locality = 0.968716
Row_Buffer_Locality_read = 0.980133
Row_Buffer_Locality_write = 0.916434
Bank_Level_Parallism = 3.483720
Bank_Level_Parallism_Col = 3.365920
Bank_Level_Parallism_Ready = 1.484491
write_to_read_ratio_blp_rw_average = 0.464039
GrpLevelPara = 2.894475 

BW Util details:
bwutil = 0.875739 
total_CMD = 280394 
util_bw = 245550 
Wasted_Col = 14622 
Wasted_Row = 2739 
Idle = 17483 

BW Util Bottlenecks: 
RCDc_limit = 3268 
RCDWRc_limit = 1804 
WTRc_limit = 11709 
RTWc_limit = 9137 
CCDLc_limit = 7431 
rwq = 0 
CCDLc_limit_alone = 6073 
WTRc_limit_alone = 10847 
RTWc_limit_alone = 8641 

Commands details: 
total_CMD = 280394 
n_nop = 216553 
Read = 32768 
Write = 0 
L2_Alloc = 0 
L2_WB = 28620 
n_act = 1249 
n_pre = 1233 
n_ref = 0 
n_req = 39926 
total_req = 61388 

Dual Bus Interface Util: 
issued_total_row = 2482 
issued_total_col = 61388 
Row_Bus_Util =  0.008852 
CoL_Bus_Util = 0.218935 
Either_Row_CoL_Bus_Util = 0.227683 
Issued_on_Two_Bus_Simul_Util = 0.000103 
issued_two_Eff = 0.000454 
queue_avg = 32.008240 


dram_util_bins: 0 0 0 0 0 0 0 0 0 0
dram_eff_bins: 0 0 0 0 0 0 0 0 0 0
mrqq: max=64 avg=32.0082
Memory Partition 9: 
Cache L2_bank_018:
MSHR contents

Cache L2_bank_019:
MSHR contents

In Dram Latency Queue (total = 17): 
Ready @ 227821 -   mf: uid=3915605, sid4294967295:w4294967295, part=9, addr=0xc1de0480, store, size=128, L2_WRBK  status = IN_PARTITION_DRAM_LATENCY_QUEUE (227567), 
Ready @ 227831 -   mf: uid=3915618, sid4294967295:w4294967295, part=9, addr=0xc1def900, store, size=128, L2_WRBK  status = IN_PARTITION_DRAM_LATENCY_QUEUE (227577), 
Ready @ 227863 -   mf: uid=3915650, sid4294967295:w4294967295, part=9, addr=0xc1de2680, store, size=128, L2_WRBK  status = IN_PARTITION_DRAM_LATENCY_QUEUE (227609), 
Ready @ 227870 -   mf: uid=3915663, sid4294967295:w4294967295, part=9, addr=0xc1de0400, store, size=128, L2_WRBK  status = IN_PARTITION_DRAM_LATENCY_QUEUE (227616), 
Ready @ 227886 -   mf: uid=3915687, sid4294967295:w4294967295, part=9, addr=0xc1de3680, store, size=128, L2_WRBK  status = IN_PARTITION_DRAM_LATENCY_QUEUE (227632), 
Ready @ 227887 -   mf: uid=3915689, sid4294967295:w4294967295, part=9, addr=0xc1de2600, store, size=128, L2_WRBK  status = IN_PARTITION_DRAM_LATENCY_QUEUE (227633), 
Ready @ 227894 -   mf: uid=3915699, sid4294967295:w4294967295, part=9, addr=0xc1de4180, store, size=128, L2_WRBK  status = IN_PARTITION_DRAM_LATENCY_QUEUE (227640), 
Ready @ 227922 -   mf: uid=3915723, sid4294967295:w4294967295, part=9, addr=0xc1de1480, store, size=128, L2_WRBK  status = IN_PARTITION_DRAM_LATENCY_QUEUE (227668), 
Ready @ 227929 -   mf: uid=3915726, sid4294967295:w4294967295, part=9, addr=0xc1de3600, store, size=128, L2_WRBK  status = IN_PARTITION_DRAM_LATENCY_QUEUE (227675), 
Ready @ 227943 -   mf: uid=3915736, sid4294967295:w4294967295, part=9, addr=0xc1de1400, store, size=128, L2_WRBK  status = IN_PARTITION_DRAM_LATENCY_QUEUE (227689), 
Ready @ 227944 -   mf: uid=3915735, sid4294967295:w4294967295, part=9, addr=0xc1de5180, store, size=128, L2_WRBK  status = IN_PARTITION_DRAM_LATENCY_QUEUE (227690), 
Ready @ 227953 -   mf: uid=3915744, sid4294967295:w4294967295, part=9, addr=0xc1de4100, store, size=128, L2_WRBK  status = IN_PARTITION_DRAM_LATENCY_QUEUE (227699), 
Ready @ 227970 -   mf: uid=3915751, sid4294967295:w4294967295, part=9, addr=0xc1de7380, store, size=128, L2_WRBK  status = IN_PARTITION_DRAM_LATENCY_QUEUE (227716), 
Ready @ 227985 -   mf: uid=3915758, sid4294967295:w4294967295, part=9, addr=0xc1de5100, store, size=128, L2_WRBK  status = IN_PARTITION_DRAM_LATENCY_QUEUE (227731), 
Ready @ 227996 -   mf: uid=3915763, sid4294967295:w4294967295, part=9, addr=0xc1de6380, store, size=128, L2_WRBK  status = IN_PARTITION_DRAM_LATENCY_QUEUE (227742), 
Ready @ 228006 -   mf: uid=3915767, sid4294967295:w4294967295, part=9, addr=0xc1de7300, store, size=128, L2_WRBK  status = IN_PARTITION_DRAM_LATENCY_QUEUE (227752), 
Ready @ 228024 -   mf: uid=3915773, sid4294967295:w4294967295, part=9, addr=0xc1de6300, store, size=128, L2_WRBK  status = IN_PARTITION_DRAM_LATENCY_QUEUE (227770), 
DRAM[9]: 16 bks, busW=2 BL=16 CL=24, tRRD=12 tCCD=4, tRCD=24 tRAS=55 tRP=24 tRC=78
n_cmd=280394 n_nop=216630 n_act=1230 n_pre=1214 n_ref_event=0 n_req=39919 n_rd=32768 n_rd_L2_A=0 n_write=0 n_wr_bk=28591 bw_util=0.8753
n_activity=266712 dram_eff=0.9202
bk0: 2048a 222436i bk1: 2048a 222506i bk2: 2048a 227698i bk3: 2048a 228946i bk4: 2048a 224202i bk5: 2048a 224436i bk6: 2048a 227987i bk7: 2048a 228238i bk8: 2048a 221269i bk9: 2048a 222449i bk10: 2048a 228329i bk11: 2048a 229802i bk12: 2048a 226365i bk13: 2048a 227499i bk14: 2048a 231797i bk15: 2048a 230954i 

------------------------------------------------------------------------

Row_Buffer_Locality = 0.969186
Row_Buffer_Locality_read = 0.980530
Row_Buffer_Locality_write = 0.917191
Bank_Level_Parallism = 3.443461
Bank_Level_Parallism_Col = 3.322381
Bank_Level_Parallism_Ready = 1.498626
write_to_read_ratio_blp_rw_average = 0.463077
GrpLevelPara = 2.894428 

BW Util details:
bwutil = 0.875325 
total_CMD = 280394 
util_bw = 245433 
Wasted_Col = 14536 
Wasted_Row = 2360 
Idle = 18065 

BW Util Bottlenecks: 
RCDc_limit = 2712 
RCDWRc_limit = 1642 
WTRc_limit = 11866 
RTWc_limit = 9290 
CCDLc_limit = 7407 
rwq = 0 
CCDLc_limit_alone = 6073 
WTRc_limit_alone = 10965 
RTWc_limit_alone = 8857 

Commands details: 
total_CMD = 280394 
n_nop = 216630 
Read = 32768 
Write = 0 
L2_Alloc = 0 
L2_WB = 28591 
n_act = 1230 
n_pre = 1214 
n_ref = 0 
n_req = 39919 
total_req = 61359 

Dual Bus Interface Util: 
issued_total_row = 2444 
issued_total_col = 61359 
Row_Bus_Util =  0.008716 
CoL_Bus_Util = 0.218831 
Either_Row_CoL_Bus_Util = 0.227409 
Issued_on_Two_Bus_Simul_Util = 0.000139 
issued_two_Eff = 0.000612 
queue_avg = 31.183580 


dram_util_bins: 0 0 0 0 0 0 0 0 0 0
dram_eff_bins: 0 0 0 0 0 0 0 0 0 0
mrqq: max=64 avg=31.1836
Memory Partition 10: 
Cache L2_bank_020:
MSHR contents

Cache L2_bank_021:
MSHR contents

In Dram Latency Queue (total = 0): 
DRAM[10]: 16 bks, busW=2 BL=16 CL=24, tRRD=12 tCCD=4, tRCD=24 tRAS=55 tRP=24 tRC=78
n_cmd=280394 n_nop=216554 n_act=1255 n_pre=1239 n_ref_event=0 n_req=39936 n_rd=32768 n_rd_L2_A=0 n_write=0 n_wr_bk=28623 bw_util=0.8758
n_activity=267149 dram_eff=0.9192
bk0: 2048a 224346i bk1: 2048a 223646i bk2: 2048a 226676i bk3: 2048a 227575i bk4: 2048a 223639i bk5: 2048a 222174i bk6: 2048a 228027i bk7: 2048a 228375i bk8: 2048a 220016i bk9: 2048a 218998i bk10: 2048a 227302i bk11: 2048a 227881i bk12: 2048a 223410i bk13: 2048a 221393i bk14: 2048a 229048i bk15: 2048a 231105i 

------------------------------------------------------------------------

Row_Buffer_Locality = 0.968568
Row_Buffer_Locality_read = 0.979919
Row_Buffer_Locality_write = 0.916608
Bank_Level_Parallism = 3.519399
Bank_Level_Parallism_Col = 3.402013
Bank_Level_Parallism_Ready = 1.501431
write_to_read_ratio_blp_rw_average = 0.459354
GrpLevelPara = 2.903745 

BW Util details:
bwutil = 0.875782 
total_CMD = 280394 
util_bw = 245564 
Wasted_Col = 14443 
Wasted_Row = 2799 
Idle = 17588 

BW Util Bottlenecks: 
RCDc_limit = 3010 
RCDWRc_limit = 1822 
WTRc_limit = 11208 
RTWc_limit = 10125 
CCDLc_limit = 7288 
rwq = 0 
CCDLc_limit_alone = 5896 
WTRc_limit_alone = 10504 
RTWc_limit_alone = 9437 

Commands details: 
total_CMD = 280394 
n_nop = 216554 
Read = 32768 
Write = 0 
L2_Alloc = 0 
L2_WB = 28623 
n_act = 1255 
n_pre = 1239 
n_ref = 0 
n_req = 39936 
total_req = 61391 

Dual Bus Interface Util: 
issued_total_row = 2494 
issued_total_col = 61391 
Row_Bus_Util =  0.008895 
CoL_Bus_Util = 0.218945 
Either_Row_CoL_Bus_Util = 0.227680 
Issued_on_Two_Bus_Simul_Util = 0.000160 
issued_two_Eff = 0.000705 
queue_avg = 31.910587 


dram_util_bins: 0 0 0 0 0 0 0 0 0 0
dram_eff_bins: 0 0 0 0 0 0 0 0 0 0
mrqq: max=64 avg=31.9106
Memory Partition 11: 
Cache L2_bank_022:
MSHR contents

Cache L2_bank_023:
MSHR contents

In Dram Latency Queue (total = 8): 
Ready @ 227831 -   mf: uid=3915619, sid4294967295:w4294967295, part=11, addr=0xc1de5300, store, size=128, L2_WRBK  status = IN_PARTITION_DRAM_LATENCY_QUEUE (227577), 
Ready @ 227847 -   mf: uid=3915639, sid4294967295:w4294967295, part=11, addr=0xc1de4380, store, size=128, L2_WRBK  status = IN_PARTITION_DRAM_LATENCY_QUEUE (227593), 
Ready @ 227863 -   mf: uid=3915651, sid4294967295:w4294967295, part=11, addr=0xc1de5380, store, size=128, L2_WRBK  status = IN_PARTITION_DRAM_LATENCY_QUEUE (227609), 
Ready @ 227867 -   mf: uid=3915657, sid4294967295:w4294967295, part=11, addr=0xc1de4300, store, size=128, L2_WRBK  status = IN_PARTITION_DRAM_LATENCY_QUEUE (227613), 
Ready @ 227871 -   mf: uid=3915664, sid4294967295:w4294967295, part=11, addr=0xc1de7100, store, size=128, L2_WRBK  status = IN_PARTITION_DRAM_LATENCY_QUEUE (227617), 
Ready @ 227894 -   mf: uid=3915700, sid4294967295:w4294967295, part=11, addr=0xc1de7180, store, size=128, L2_WRBK  status = IN_PARTITION_DRAM_LATENCY_QUEUE (227640), 
Ready @ 227898 -   mf: uid=3915706, sid4294967295:w4294967295, part=11, addr=0xc1de6100, store, size=128, L2_WRBK  status = IN_PARTITION_DRAM_LATENCY_QUEUE (227644), 
Ready @ 227921 -   mf: uid=3915722, sid4294967295:w4294967295, part=11, addr=0xc1de6180, store, size=128, L2_WRBK  status = IN_PARTITION_DRAM_LATENCY_QUEUE (227667), 
DRAM[11]: 16 bks, busW=2 BL=16 CL=24, tRRD=12 tCCD=4, tRCD=24 tRAS=55 tRP=24 tRC=78
n_cmd=280394 n_nop=216562 n_act=1246 n_pre=1230 n_ref_event=0 n_req=39928 n_rd=32768 n_rd_L2_A=0 n_write=0 n_wr_bk=28635 bw_util=0.876
n_activity=267089 dram_eff=0.9196
bk0: 2048a 222546i bk1: 2048a 221885i bk2: 2048a 229236i bk3: 2048a 228767i bk4: 2048a 226821i bk5: 2048a 225676i bk6: 2048a 229980i bk7: 2048a 229648i bk8: 2048a 225659i bk9: 2048a 223961i bk10: 2048a 231951i bk11: 2048a 231731i bk12: 2048a 225197i bk13: 2048a 223855i bk14: 2048a 231008i bk15: 2048a 231486i 

------------------------------------------------------------------------

Row_Buffer_Locality = 0.968794
Row_Buffer_Locality_read = 0.980194
Row_Buffer_Locality_write = 0.916620
Bank_Level_Parallism = 3.385697
Bank_Level_Parallism_Col = 3.265832
Bank_Level_Parallism_Ready = 1.454247
write_to_read_ratio_blp_rw_average = 0.462622
GrpLevelPara = 2.829959 

BW Util details:
bwutil = 0.875953 
total_CMD = 280394 
util_bw = 245612 
Wasted_Col = 14448 
Wasted_Row = 2534 
Idle = 17800 

BW Util Bottlenecks: 
RCDc_limit = 2915 
RCDWRc_limit = 1820 
WTRc_limit = 11850 
RTWc_limit = 9208 
CCDLc_limit = 7237 
rwq = 0 
CCDLc_limit_alone = 5806 
WTRc_limit_alone = 11031 
RTWc_limit_alone = 8596 

Commands details: 
total_CMD = 280394 
n_nop = 216562 
Read = 32768 
Write = 0 
L2_Alloc = 0 
L2_WB = 28635 
n_act = 1246 
n_pre = 1230 
n_ref = 0 
n_req = 39928 
total_req = 61403 

Dual Bus Interface Util: 
issued_total_row = 2476 
issued_total_col = 61403 
Row_Bus_Util =  0.008830 
CoL_Bus_Util = 0.218988 
Either_Row_CoL_Bus_Util = 0.227651 
Issued_on_Two_Bus_Simul_Util = 0.000168 
issued_two_Eff = 0.000736 
queue_avg = 28.000631 


dram_util_bins: 0 0 0 0 0 0 0 0 0 0
dram_eff_bins: 0 0 0 0 0 0 0 0 0 0
mrqq: max=64 avg=28.0006
Memory Partition 12: 
Cache L2_bank_024:
MSHR contents

Cache L2_bank_025:
MSHR contents

In Dram Latency Queue (total = 13): 
Ready @ 227821 -   mf: uid=3915606, sid4294967295:w4294967295, part=12, addr=0xc1defc80, store, size=128, L2_WRBK  status = IN_PARTITION_DRAM_LATENCY_QUEUE (227567), 
Ready @ 227838 -   mf: uid=3915631, sid4294967295:w4294967295, part=12, addr=0xc1de4480, store, size=128, L2_WRBK  status = IN_PARTITION_DRAM_LATENCY_QUEUE (227584), 
Ready @ 227850 -   mf: uid=3915640, sid4294967295:w4294967295, part=12, addr=0xc1defc00, store, size=128, L2_WRBK  status = IN_PARTITION_DRAM_LATENCY_QUEUE (227596), 
Ready @ 227865 -   mf: uid=3915655, sid4294967295:w4294967295, part=12, addr=0xc1de1100, store, size=128, L2_WRBK  status = IN_PARTITION_DRAM_LATENCY_QUEUE (227611), 
Ready @ 227880 -   mf: uid=3915680, sid4294967295:w4294967295, part=12, addr=0xc1de2300, store, size=128, L2_WRBK  status = IN_PARTITION_DRAM_LATENCY_QUEUE (227626), 
Ready @ 227887 -   mf: uid=3915690, sid4294967295:w4294967295, part=12, addr=0xc1de5480, store, size=128, L2_WRBK  status = IN_PARTITION_DRAM_LATENCY_QUEUE (227633), 
Ready @ 227893 -   mf: uid=3915696, sid4294967295:w4294967295, part=12, addr=0xc1de6680, store, size=128, L2_WRBK  status = IN_PARTITION_DRAM_LATENCY_QUEUE (227639), 
Ready @ 227915 -   mf: uid=3915718, sid4294967295:w4294967295, part=12, addr=0xc1de7680, store, size=128, L2_WRBK  status = IN_PARTITION_DRAM_LATENCY_QUEUE (227661), 
Ready @ 227929 -   mf: uid=3915727, sid4294967295:w4294967295, part=12, addr=0xc1de4400, store, size=128, L2_WRBK  status = IN_PARTITION_DRAM_LATENCY_QUEUE (227675), 
Ready @ 227946 -   mf: uid=3915739, sid4294967295:w4294967295, part=12, addr=0xc1de3300, store, size=128, L2_WRBK  status = IN_PARTITION_DRAM_LATENCY_QUEUE (227692), 
Ready @ 227969 -   mf: uid=3915750, sid4294967295:w4294967295, part=12, addr=0xc1de6600, store, size=128, L2_WRBK  status = IN_PARTITION_DRAM_LATENCY_QUEUE (227715), 
Ready @ 227970 -   mf: uid=3915752, sid4294967295:w4294967295, part=12, addr=0xc1de5400, store, size=128, L2_WRBK  status = IN_PARTITION_DRAM_LATENCY_QUEUE (227716), 
Ready @ 227988 -   mf: uid=3915760, sid4294967295:w4294967295, part=12, addr=0xc1de7600, store, size=128, L2_WRBK  status = IN_PARTITION_DRAM_LATENCY_QUEUE (227734), 
DRAM[12]: 16 bks, busW=2 BL=16 CL=24, tRRD=12 tCCD=4, tRCD=24 tRAS=55 tRP=24 tRC=78
n_cmd=280394 n_nop=216517 n_act=1281 n_pre=1265 n_ref_event=0 n_req=39923 n_rd=32768 n_rd_L2_A=0 n_write=0 n_wr_bk=28608 bw_util=0.8756
n_activity=266716 dram_eff=0.9205
bk0: 2048a 222520i bk1: 2048a 221658i bk2: 2048a 228400i bk3: 2048a 227734i bk4: 2048a 225020i bk5: 2048a 223867i bk6: 2048a 228189i bk7: 2048a 227686i bk8: 2048a 221264i bk9: 2048a 221033i bk10: 2048a 228242i bk11: 2048a 229210i bk12: 2048a 224167i bk13: 2048a 223200i bk14: 2048a 228351i bk15: 2048a 228179i 

------------------------------------------------------------------------

Row_Buffer_Locality = 0.967912
Row_Buffer_Locality_read = 0.979645
Row_Buffer_Locality_write = 0.914162
Bank_Level_Parallism = 3.503025
Bank_Level_Parallism_Col = 3.383228
Bank_Level_Parallism_Ready = 1.556614
write_to_read_ratio_blp_rw_average = 0.452989
GrpLevelPara = 2.915994 

BW Util details:
bwutil = 0.875568 
total_CMD = 280394 
util_bw = 245504 
Wasted_Col = 14117 
Wasted_Row = 2855 
Idle = 17918 

BW Util Bottlenecks: 
RCDc_limit = 3261 
RCDWRc_limit = 1484 
WTRc_limit = 11207 
RTWc_limit = 9063 
CCDLc_limit = 6964 
rwq = 0 
CCDLc_limit_alone = 5718 
WTRc_limit_alone = 10543 
RTWc_limit_alone = 8481 

Commands details: 
total_CMD = 280394 
n_nop = 216517 
Read = 32768 
Write = 0 
L2_Alloc = 0 
L2_WB = 28608 
n_act = 1281 
n_pre = 1265 
n_ref = 0 
n_req = 39923 
total_req = 61376 

Dual Bus Interface Util: 
issued_total_row = 2546 
issued_total_col = 61376 
Row_Bus_Util =  0.009080 
CoL_Bus_Util = 0.218892 
Either_Row_CoL_Bus_Util = 0.227812 
Issued_on_Two_Bus_Simul_Util = 0.000160 
issued_two_Eff = 0.000704 
queue_avg = 32.178593 


dram_util_bins: 0 0 0 0 0 0 0 0 0 0
dram_eff_bins: 0 0 0 0 0 0 0 0 0 0
mrqq: max=64 avg=32.1786
Memory Partition 13: 
Cache L2_bank_026:
MSHR contents

Cache L2_bank_027:
MSHR contents

In Dram Latency Queue (total = 17): 
Ready @ 227846 -   mf: uid=3915637, sid4294967295:w4294967295, part=13, addr=0xc1defd80, store, size=128, L2_WRBK  status = IN_PARTITION_DRAM_LATENCY_QUEUE (227592), 
Ready @ 227853 -   mf: uid=3915642, sid4294967295:w4294967295, part=13, addr=0xc1defd00, store, size=128, L2_WRBK  status = IN_PARTITION_DRAM_LATENCY_QUEUE (227599), 
Ready @ 227859 -   mf: uid=3915644, sid4294967295:w4294967295, part=13, addr=0xc1de0080, store, size=128, L2_WRBK  status = IN_PARTITION_DRAM_LATENCY_QUEUE (227605), 
Ready @ 227876 -   mf: uid=3915674, sid4294967295:w4294967295, part=13, addr=0xc1de2200, store, size=128, L2_WRBK  status = IN_PARTITION_DRAM_LATENCY_QUEUE (227622), 
Ready @ 227890 -   mf: uid=3915694, sid4294967295:w4294967295, part=13, addr=0xc1de1000, store, size=128, L2_WRBK  status = IN_PARTITION_DRAM_LATENCY_QUEUE (227636), 
Ready @ 227903 -   mf: uid=3915712, sid4294967295:w4294967295, part=13, addr=0xc1de3280, store, size=128, L2_WRBK  status = IN_PARTITION_DRAM_LATENCY_QUEUE (227649), 
Ready @ 227908 -   mf: uid=3915715, sid4294967295:w4294967295, part=13, addr=0xc1de1080, store, size=128, L2_WRBK  status = IN_PARTITION_DRAM_LATENCY_QUEUE (227654), 
Ready @ 227915 -   mf: uid=3915719, sid4294967295:w4294967295, part=13, addr=0xc1de3200, store, size=128, L2_WRBK  status = IN_PARTITION_DRAM_LATENCY_QUEUE (227661), 
Ready @ 227918 -   mf: uid=3915720, sid4294967295:w4294967295, part=13, addr=0xc1de2280, store, size=128, L2_WRBK  status = IN_PARTITION_DRAM_LATENCY_QUEUE (227664), 
Ready @ 227936 -   mf: uid=3915729, sid4294967295:w4294967295, part=13, addr=0xc1de4500, store, size=128, L2_WRBK  status = IN_PARTITION_DRAM_LATENCY_QUEUE (227682), 
Ready @ 227940 -   mf: uid=3915732, sid4294967295:w4294967295, part=13, addr=0xc1de4580, store, size=128, L2_WRBK  status = IN_PARTITION_DRAM_LATENCY_QUEUE (227686), 
Ready @ 227966 -   mf: uid=3915749, sid4294967295:w4294967295, part=13, addr=0xc1de5500, store, size=128, L2_WRBK  status = IN_PARTITION_DRAM_LATENCY_QUEUE (227712), 
Ready @ 227974 -   mf: uid=3915754, sid4294967295:w4294967295, part=13, addr=0xc1de5580, store, size=128, L2_WRBK  status = IN_PARTITION_DRAM_LATENCY_QUEUE (227720), 
Ready @ 227995 -   mf: uid=3915762, sid4294967295:w4294967295, part=13, addr=0xc1de6780, store, size=128, L2_WRBK  status = IN_PARTITION_DRAM_LATENCY_QUEUE (227741), 
Ready @ 227999 -   mf: uid=3915764, sid4294967295:w4294967295, part=13, addr=0xc1de6700, store, size=128, L2_WRBK  status = IN_PARTITION_DRAM_LATENCY_QUEUE (227745), 
Ready @ 228014 -   mf: uid=3915769, sid4294967295:w4294967295, part=13, addr=0xc1de7700, store, size=128, L2_WRBK  status = IN_PARTITION_DRAM_LATENCY_QUEUE (227760), 
Ready @ 228018 -   mf: uid=3915771, sid4294967295:w4294967295, part=13, addr=0xc1de7780, store, size=128, L2_WRBK  status = IN_PARTITION_DRAM_LATENCY_QUEUE (227764), 
DRAM[13]: 16 bks, busW=2 BL=16 CL=24, tRRD=12 tCCD=4, tRCD=24 tRAS=55 tRP=24 tRC=78
n_cmd=280394 n_nop=216592 n_act=1251 n_pre=1235 n_ref_event=0 n_req=39919 n_rd=32768 n_rd_L2_A=0 n_write=0 n_wr_bk=28593 bw_util=0.8754
n_activity=266407 dram_eff=0.9213
bk0: 2048a 218636i bk1: 2048a 217506i bk2: 2048a 227500i bk3: 2048a 225608i bk4: 2048a 224921i bk5: 2048a 223600i bk6: 2048a 227906i bk7: 2048a 229382i bk8: 2048a 220951i bk9: 2048a 220448i bk10: 2048a 229197i bk11: 2048a 229423i bk12: 2048a 223348i bk13: 2048a 223736i bk14: 2048a 227197i bk15: 2048a 228205i 

------------------------------------------------------------------------

Row_Buffer_Locality = 0.968661
Row_Buffer_Locality_read = 0.980103
Row_Buffer_Locality_write = 0.916224
Bank_Level_Parallism = 3.550264
Bank_Level_Parallism_Col = 3.434335
Bank_Level_Parallism_Ready = 1.524252
write_to_read_ratio_blp_rw_average = 0.468781
GrpLevelPara = 2.939244 

BW Util details:
bwutil = 0.875354 
total_CMD = 280394 
util_bw = 245442 
Wasted_Col = 13916 
Wasted_Row = 2856 
Idle = 18180 

BW Util Bottlenecks: 
RCDc_limit = 3319 
RCDWRc_limit = 1697 
WTRc_limit = 11134 
RTWc_limit = 8872 
CCDLc_limit = 6605 
rwq = 0 
CCDLc_limit_alone = 5384 
WTRc_limit_alone = 10422 
RTWc_limit_alone = 8363 

Commands details: 
total_CMD = 280394 
n_nop = 216592 
Read = 32768 
Write = 0 
L2_Alloc = 0 
L2_WB = 28593 
n_act = 1251 
n_pre = 1235 
n_ref = 0 
n_req = 39919 
total_req = 61361 

Dual Bus Interface Util: 
issued_total_row = 2486 
issued_total_col = 61361 
Row_Bus_Util =  0.008866 
CoL_Bus_Util = 0.218838 
Either_Row_CoL_Bus_Util = 0.227544 
Issued_on_Two_Bus_Simul_Util = 0.000160 
issued_two_Eff = 0.000705 
queue_avg = 32.008366 


dram_util_bins: 0 0 0 0 0 0 0 0 0 0
dram_eff_bins: 0 0 0 0 0 0 0 0 0 0
mrqq: max=64 avg=32.0084
Memory Partition 14: 
Cache L2_bank_028:
MSHR contents

Cache L2_bank_029:
MSHR contents

In Dram Latency Queue (total = 6): 
Ready @ 227825 -   mf: uid=3915612, sid4294967295:w4294967295, part=14, addr=0xc1de5680, store, size=128, L2_WRBK  status = IN_PARTITION_DRAM_LATENCY_QUEUE (227571), 
Ready @ 227842 -   mf: uid=3915634, sid4294967295:w4294967295, part=14, addr=0xc1de5600, store, size=128, L2_WRBK  status = IN_PARTITION_DRAM_LATENCY_QUEUE (227588), 
Ready @ 227860 -   mf: uid=3915646, sid4294967295:w4294967295, part=14, addr=0xc1de7480, store, size=128, L2_WRBK  status = IN_PARTITION_DRAM_LATENCY_QUEUE (227606), 
Ready @ 227864 -   mf: uid=3915654, sid4294967295:w4294967295, part=14, addr=0xc1de7400, store, size=128, L2_WRBK  status = IN_PARTITION_DRAM_LATENCY_QUEUE (227610), 
Ready @ 227879 -   mf: uid=3915677, sid4294967295:w4294967295, part=14, addr=0xc1de6480, store, size=128, L2_WRBK  status = IN_PARTITION_DRAM_LATENCY_QUEUE (227625), 
Ready @ 227883 -   mf: uid=3915684, sid4294967295:w4294967295, part=14, addr=0xc1de6400, store, size=128, L2_WRBK  status = IN_PARTITION_DRAM_LATENCY_QUEUE (227629), 
DRAM[14]: 16 bks, busW=2 BL=16 CL=24, tRRD=12 tCCD=4, tRCD=24 tRAS=55 tRP=24 tRC=78
n_cmd=280394 n_nop=216575 n_act=1235 n_pre=1219 n_ref_event=0 n_req=39930 n_rd=32768 n_rd_L2_A=0 n_write=0 n_wr_bk=28641 bw_util=0.876
n_activity=266509 dram_eff=0.9217
bk0: 2048a 225829i bk1: 2048a 225563i bk2: 2048a 231622i bk3: 2048a 232798i bk4: 2048a 226120i bk5: 2048a 226014i bk6: 2048a 230318i bk7: 2048a 231705i bk8: 2048a 224676i bk9: 2048a 223317i bk10: 2048a 229830i bk11: 2048a 231341i bk12: 2048a 229365i bk13: 2048a 227779i bk14: 2048a 227224i bk15: 2048a 228761i 

------------------------------------------------------------------------

Row_Buffer_Locality = 0.969070
Row_Buffer_Locality_read = 0.980469
Row_Buffer_Locality_write = 0.916911
Bank_Level_Parallism = 3.342283
Bank_Level_Parallism_Col = 3.226723
Bank_Level_Parallism_Ready = 1.488111
write_to_read_ratio_blp_rw_average = 0.449716
GrpLevelPara = 2.810782 

BW Util details:
bwutil = 0.876039 
total_CMD = 280394 
util_bw = 245634 
Wasted_Col = 13948 
Wasted_Row = 2531 
Idle = 18281 

BW Util Bottlenecks: 
RCDc_limit = 2726 
RCDWRc_limit = 1929 
WTRc_limit = 11667 
RTWc_limit = 8152 
CCDLc_limit = 6942 
rwq = 0 
CCDLc_limit_alone = 5764 
WTRc_limit_alone = 11017 
RTWc_limit_alone = 7624 

Commands details: 
total_CMD = 280394 
n_nop = 216575 
Read = 32768 
Write = 0 
L2_Alloc = 0 
L2_WB = 28641 
n_act = 1235 
n_pre = 1219 
n_ref = 0 
n_req = 39930 
total_req = 61409 

Dual Bus Interface Util: 
issued_total_row = 2454 
issued_total_col = 61409 
Row_Bus_Util =  0.008752 
CoL_Bus_Util = 0.219010 
Either_Row_CoL_Bus_Util = 0.227605 
Issued_on_Two_Bus_Simul_Util = 0.000157 
issued_two_Eff = 0.000689 
queue_avg = 28.758448 


dram_util_bins: 0 0 0 0 0 0 0 0 0 0
dram_eff_bins: 0 0 0 0 0 0 0 0 0 0
mrqq: max=64 avg=28.7584
Memory Partition 15: 
Cache L2_bank_030:
MSHR contents

Cache L2_bank_031:
MSHR contents

In Dram Latency Queue (total = 9): 
Ready @ 227828 -   mf: uid=3915616, sid4294967295:w4294967295, part=15, addr=0xc1de3000, store, size=128, L2_WRBK  status = IN_PARTITION_DRAM_LATENCY_QUEUE (227574), 
Ready @ 227859 -   mf: uid=3915645, sid4294967295:w4294967295, part=15, addr=0xc1de4780, store, size=128, L2_WRBK  status = IN_PARTITION_DRAM_LATENCY_QUEUE (227605), 
Ready @ 227868 -   mf: uid=3915660, sid4294967295:w4294967295, part=15, addr=0xc1de5780, store, size=128, L2_WRBK  status = IN_PARTITION_DRAM_LATENCY_QUEUE (227614), 
Ready @ 227875 -   mf: uid=3915669, sid4294967295:w4294967295, part=15, addr=0xc1de4700, store, size=128, L2_WRBK  status = IN_PARTITION_DRAM_LATENCY_QUEUE (227621), 
Ready @ 227882 -   mf: uid=3915681, sid4294967295:w4294967295, part=15, addr=0xc1de5700, store, size=128, L2_WRBK  status = IN_PARTITION_DRAM_LATENCY_QUEUE (227628), 
Ready @ 227895 -   mf: uid=3915702, sid4294967295:w4294967295, part=15, addr=0xc1de7580, store, size=128, L2_WRBK  status = IN_PARTITION_DRAM_LATENCY_QUEUE (227641), 
Ready @ 227899 -   mf: uid=3915707, sid4294967295:w4294967295, part=15, addr=0xc1de7500, store, size=128, L2_WRBK  status = IN_PARTITION_DRAM_LATENCY_QUEUE (227645), 
Ready @ 227936 -   mf: uid=3915730, sid4294967295:w4294967295, part=15, addr=0xc1de6580, store, size=128, L2_WRBK  status = IN_PARTITION_DRAM_LATENCY_QUEUE (227682), 
Ready @ 227940 -   mf: uid=3915733, sid4294967295:w4294967295, part=15, addr=0xc1de6500, store, size=128, L2_WRBK  status = IN_PARTITION_DRAM_LATENCY_QUEUE (227686), 
DRAM[15]: 16 bks, busW=2 BL=16 CL=24, tRRD=12 tCCD=4, tRCD=24 tRAS=55 tRP=24 tRC=78
n_cmd=280394 n_nop=216550 n_act=1255 n_pre=1239 n_ref_event=0 n_req=39927 n_rd=32768 n_rd_L2_A=0 n_write=0 n_wr_bk=28621 bw_util=0.8758
n_activity=266771 dram_eff=0.9205
bk0: 2048a 223570i bk1: 2048a 224241i bk2: 2048a 231259i bk3: 2048a 230699i bk4: 2048a 224274i bk5: 2048a 222610i bk6: 2048a 228510i bk7: 2048a 228618i bk8: 2048a 226082i bk9: 2048a 225138i bk10: 2048a 228971i bk11: 2048a 227306i bk12: 2048a 225459i bk13: 2048a 225027i bk14: 2048a 230960i bk15: 2048a 231260i 

------------------------------------------------------------------------

Row_Buffer_Locality = 0.968566
Row_Buffer_Locality_read = 0.980103
Row_Buffer_Locality_write = 0.915747
Bank_Level_Parallism = 3.407263
Bank_Level_Parallism_Col = 3.286782
Bank_Level_Parallism_Ready = 1.483415
write_to_read_ratio_blp_rw_average = 0.461400
GrpLevelPara = 2.867049 

BW Util details:
bwutil = 0.875753 
total_CMD = 280394 
util_bw = 245554 
Wasted_Col = 14328 
Wasted_Row = 2614 
Idle = 17898 

BW Util Bottlenecks: 
RCDc_limit = 3190 
RCDWRc_limit = 1684 
WTRc_limit = 10881 
RTWc_limit = 8638 
CCDLc_limit = 6901 
rwq = 0 
CCDLc_limit_alone = 5849 
WTRc_limit_alone = 10265 
RTWc_limit_alone = 8202 

Commands details: 
total_CMD = 280394 
n_nop = 216550 
Read = 32768 
Write = 0 
L2_Alloc = 0 
L2_WB = 28621 
n_act = 1255 
n_pre = 1239 
n_ref = 0 
n_req = 39927 
total_req = 61389 

Dual Bus Interface Util: 
issued_total_row = 2494 
issued_total_col = 61389 
Row_Bus_Util =  0.008895 
CoL_Bus_Util = 0.218938 
Either_Row_CoL_Bus_Util = 0.227694 
Issued_on_Two_Bus_Simul_Util = 0.000139 
issued_two_Eff = 0.000611 
queue_avg = 30.072105 


dram_util_bins: 0 0 0 0 0 0 0 0 0 0
dram_eff_bins: 0 0 0 0 0 0 0 0 0 0
mrqq: max=64 avg=30.0721

========= L2 cache stats =========
L2_cache_bank[0]: Access = 32768, Miss = 32768, Miss_rate = 1.000, Pending_hits = 0, Reservation_fails = 0
L2_cache_bank[1]: Access = 32768, Miss = 32768, Miss_rate = 1.000, Pending_hits = 0, Reservation_fails = 0
L2_cache_bank[2]: Access = 32768, Miss = 32768, Miss_rate = 1.000, Pending_hits = 0, Reservation_fails = 0
L2_cache_bank[3]: Access = 32768, Miss = 32768, Miss_rate = 1.000, Pending_hits = 0, Reservation_fails = 0
L2_cache_bank[4]: Access = 32768, Miss = 32768, Miss_rate = 1.000, Pending_hits = 0, Reservation_fails = 0
L2_cache_bank[5]: Access = 32768, Miss = 32768, Miss_rate = 1.000, Pending_hits = 0, Reservation_fails = 0
L2_cache_bank[6]: Access = 32768, Miss = 32768, Miss_rate = 1.000, Pending_hits = 0, Reservation_fails = 0
L2_cache_bank[7]: Access = 32768, Miss = 32768, Miss_rate = 1.000, Pending_hits = 0, Reservation_fails = 0
L2_cache_bank[8]: Access = 32768, Miss = 32768, Miss_rate = 1.000, Pending_hits = 0, Reservation_fails = 0
L2_cache_bank[9]: Access = 32768, Miss = 32768, Miss_rate = 1.000, Pending_hits = 0, Reservation_fails = 0
L2_cache_bank[10]: Access = 32768, Miss = 32768, Miss_rate = 1.000, Pending_hits = 0, Reservation_fails = 0
L2_cache_bank[11]: Access = 32768, Miss = 32768, Miss_rate = 1.000, Pending_hits = 0, Reservation_fails = 0
L2_cache_bank[12]: Access = 32768, Miss = 32768, Miss_rate = 1.000, Pending_hits = 0, Reservation_fails = 0
L2_cache_bank[13]: Access = 32768, Miss = 32768, Miss_rate = 1.000, Pending_hits = 0, Reservation_fails = 0
L2_cache_bank[14]: Access = 32768, Miss = 32768, Miss_rate = 1.000, Pending_hits = 0, Reservation_fails = 0
L2_cache_bank[15]: Access = 32768, Miss = 32768, Miss_rate = 1.000, Pending_hits = 0, Reservation_fails = 0
L2_cache_bank[16]: Access = 32768, Miss = 32768, Miss_rate = 1.000, Pending_hits = 0, Reservation_fails = 0
L2_cache_bank[17]: Access = 32768, Miss = 32768, Miss_rate = 1.000, Pending_hits = 0, Reservation_fails = 0
L2_cache_bank[18]: Access = 32768, Miss = 32768, Miss_rate = 1.000, Pending_hits = 0, Reservation_fails = 0
L2_cache_bank[19]: Access = 32768, Miss = 32768, Miss_rate = 1.000, Pending_hits = 0, Reservation_fails = 0
L2_cache_bank[20]: Access = 32768, Miss = 32768, Miss_rate = 1.000, Pending_hits = 0, Reservation_fails = 0
L2_cache_bank[21]: Access = 32768, Miss = 32768, Miss_rate = 1.000, Pending_hits = 0, Reservation_fails = 0
L2_cache_bank[22]: Access = 32768, Miss = 32768, Miss_rate = 1.000, Pending_hits = 0, Reservation_fails = 0
L2_cache_bank[23]: Access = 32768, Miss = 32768, Miss_rate = 1.000, Pending_hits = 0, Reservation_fails = 0
L2_cache_bank[24]: Access = 32768, Miss = 32768, Miss_rate = 1.000, Pending_hits = 0, Reservation_fails = 0
L2_cache_bank[25]: Access = 32768, Miss = 32768, Miss_rate = 1.000, Pending_hits = 0, Reservation_fails = 0
L2_cache_bank[26]: Access = 32768, Miss = 32768, Miss_rate = 1.000, Pending_hits = 0, Reservation_fails = 0
L2_cache_bank[27]: Access = 32768, Miss = 32768, Miss_rate = 1.000, Pending_hits = 0, Reservation_fails = 0
L2_cache_bank[28]: Access = 32768, Miss = 32768, Miss_rate = 1.000, Pending_hits = 0, Reservation_fails = 0
L2_cache_bank[29]: Access = 32768, Miss = 32768, Miss_rate = 1.000, Pending_hits = 0, Reservation_fails = 0
L2_cache_bank[30]: Access = 32768, Miss = 32768, Miss_rate = 1.000, Pending_hits = 0, Reservation_fails = 0
L2_cache_bank[31]: Access = 32768, Miss = 32768, Miss_rate = 1.000, Pending_hits = 0, Reservation_fails = 0
L2_total_cache_accesses = 1048576
L2_total_cache_misses = 1048576
L2_total_cache_miss_rate = 1.0000
L2_total_cache_pending_hits = 0
L2_total_cache_reservation_fails = 0
L2_total_cache_breakdown:
	L2_cache_stats_breakdown[GLOBAL_ACC_R][HIT] = 0
	L2_cache_stats_breakdown[GLOBAL_ACC_R][HIT_RESERVED] = 0
	L2_cache_stats_breakdown[GLOBAL_ACC_R][MISS] = 131072
	L2_cache_stats_breakdown[GLOBAL_ACC_R][RESERVATION_FAIL] = 0
	L2_cache_stats_breakdown[GLOBAL_ACC_R][SECTOR_MISS] = 393216
	L2_cache_stats_breakdown[GLOBAL_ACC_R][MSHR_HIT] = 0
	L2_cache_stats_breakdown[LOCAL_ACC_R][HIT] = 0
	L2_cache_stats_breakdown[LOCAL_ACC_R][HIT_RESERVED] = 0
	L2_cache_stats_breakdown[LOCAL_ACC_R][MISS] = 0
	L2_cache_stats_breakdown[LOCAL_ACC_R][RESERVATION_FAIL] = 0
	L2_cache_stats_breakdown[LOCAL_ACC_R][SECTOR_MISS] = 0
	L2_cache_stats_breakdown[LOCAL_ACC_R][MSHR_HIT] = 0
	L2_cache_stats_breakdown[CONST_ACC_R][HIT] = 0
	L2_cache_stats_breakdown[CONST_ACC_R][HIT_RESERVED] = 0
	L2_cache_stats_breakdown[CONST_ACC_R][MISS] = 0
	L2_cache_stats_breakdown[CONST_ACC_R][RESERVATION_FAIL] = 0
	L2_cache_stats_breakdown[CONST_ACC_R][SECTOR_MISS] = 0
	L2_cache_stats_breakdown[CONST_ACC_R][MSHR_HIT] = 0
	L2_cache_stats_breakdown[TEXTURE_ACC_R][HIT] = 0
	L2_cache_stats_breakdown[TEXTURE_ACC_R][HIT_RESERVED] = 0
	L2_cache_stats_breakdown[TEXTURE_ACC_R][MISS] = 0
	L2_cache_stats_breakdown[TEXTURE_ACC_R][RESERVATION_FAIL] = 0
	L2_cache_stats_breakdown[TEXTURE_ACC_R][SECTOR_MISS] = 0
	L2_cache_stats_breakdown[TEXTURE_ACC_R][MSHR_HIT] = 0
	L2_cache_stats_breakdown[GLOBAL_ACC_W][HIT] = 0
	L2_cache_stats_breakdown[GLOBAL_ACC_W][HIT_RESERVED] = 0
	L2_cache_stats_breakdown[GLOBAL_ACC_W][MISS] = 131072
	L2_cache_stats_breakdown[GLOBAL_ACC_W][RESERVATION_FAIL] = 0
	L2_cache_stats_breakdown[GLOBAL_ACC_W][SECTOR_MISS] = 393216
	L2_cache_stats_breakdown[GLOBAL_ACC_W][MSHR_HIT] = 0
	L2_cache_stats_breakdown[LOCAL_ACC_W][HIT] = 0
	L2_cache_stats_breakdown[LOCAL_ACC_W][HIT_RESERVED] = 0
	L2_cache_stats_breakdown[LOCAL_ACC_W][MISS] = 0
	L2_cache_stats_breakdown[LOCAL_ACC_W][RESERVATION_FAIL] = 0
	L2_cache_stats_breakdown[LOCAL_ACC_W][SECTOR_MISS] = 0
	L2_cache_stats_breakdown[LOCAL_ACC_W][MSHR_HIT] = 0
	L2_cache_stats_breakdown[L1_WRBK_ACC][HIT] = 0
	L2_cache_stats_breakdown[L1_WRBK_ACC][HIT_RESERVED] = 0
	L2_cache_stats_breakdown[L1_WRBK_ACC][MISS] = 0
	L2_cache_stats_breakdown[L1_WRBK_ACC][RESERVATION_FAIL] = 0
	L2_cache_stats_breakdown[L1_WRBK_ACC][SECTOR_MISS] = 0
	L2_cache_stats_breakdown[L1_WRBK_ACC][MSHR_HIT] = 0
	L2_cache_stats_breakdown[L2_WRBK_ACC][HIT] = 0
	L2_cache_stats_breakdown[L2_WRBK_ACC][HIT_RESERVED] = 0
	L2_cache_stats_breakdown[L2_WRBK_ACC][MISS] = 0
	L2_cache_stats_breakdown[L2_WRBK_ACC][RESERVATION_FAIL] = 0
	L2_cache_stats_breakdown[L2_WRBK_ACC][SECTOR_MISS] = 0
	L2_cache_stats_breakdown[L2_WRBK_ACC][MSHR_HIT] = 0
	L2_cache_stats_breakdown[INST_ACC_R][HIT] = 0
	L2_cache_stats_breakdown[INST_ACC_R][HIT_RESERVED] = 0
	L2_cache_stats_breakdown[INST_ACC_R][MISS] = 0
	L2_cache_stats_breakdown[INST_ACC_R][RESERVATION_FAIL] = 0
	L2_cache_stats_breakdown[INST_ACC_R][SECTOR_MISS] = 0
	L2_cache_stats_breakdown[INST_ACC_R][MSHR_HIT] = 0
	L2_cache_stats_breakdown[L1_WR_ALLOC_R][HIT] = 0
	L2_cache_stats_breakdown[L1_WR_ALLOC_R][HIT_RESERVED] = 0
	L2_cache_stats_breakdown[L1_WR_ALLOC_R][MISS] = 0
	L2_cache_stats_breakdown[L1_WR_ALLOC_R][RESERVATION_FAIL] = 0
	L2_cache_stats_breakdown[L1_WR_ALLOC_R][SECTOR_MISS] = 0
	L2_cache_stats_breakdown[L1_WR_ALLOC_R][MSHR_HIT] = 0
	L2_cache_stats_breakdown[L2_WR_ALLOC_R][HIT] = 0
	L2_cache_stats_breakdown[L2_WR_ALLOC_R][HIT_RESERVED] = 0
	L2_cache_stats_breakdown[L2_WR_ALLOC_R][MISS] = 0
	L2_cache_stats_breakdown[L2_WR_ALLOC_R][RESERVATION_FAIL] = 0
	L2_cache_stats_breakdown[L2_WR_ALLOC_R][SECTOR_MISS] = 0
	L2_cache_stats_breakdown[L2_WR_ALLOC_R][MSHR_HIT] = 0
	L2_cache_stats_breakdown[GLOBAL_ACC_R][TOTAL_ACCESS] = 524288
	L2_cache_stats_breakdown[GLOBAL_ACC_W][TOTAL_ACCESS] = 524288
L2_total_cache_reservation_fail_breakdown:
L2_cache_data_port_util = 0.062
L2_cache_fill_port_util = 0.072

icnt_total_pkts_mem_to_simt=1048576
icnt_total_pkts_simt_to_mem=1048576
LD_mem_lat_dist  0 0 0 0 0 0 0 0 0 0 0 0 0 0 0 0 0 0 0 0 0 0 0 0 0 0 0
ST_mem_lat_dist  0 0 0 0 0 0 0 0 0 0 0 0 0 0 0 0 0 0 0 0 0 0 0 0 0 0 0
----------------------------Interconnect-DETAILS--------------------------------
Req_Network_injected_packets_num = 1048576
Req_Network_cycles = 227821
Req_Network_injected_packets_per_cycle =       4.6026 
Req_Network_conflicts_per_cycle =       0.5455
Req_Network_conflicts_per_cycle_util =       0.5830
Req_Bank_Level_Parallism =       4.9193
Req_Network_in_buffer_full_per_cycle =       0.0000
Req_Network_in_buffer_avg_util =       0.3400
Req_Network_out_buffer_full_per_cycle =       0.0000
Req_Network_out_buffer_avg_util =       0.1438

Reply_Network_injected_packets_num = 1048576
Reply_Network_cycles = 227821
Reply_Network_injected_packets_per_cycle =        4.6026
Reply_Network_conflicts_per_cycle =        2.9923
Reply_Network_conflicts_per_cycle_util =       3.2727
Reply_Bank_Level_Parallism =       5.0339
Reply_Network_in_buffer_full_per_cycle =       0.0000
Reply_Network_in_buffer_avg_util =       0.3101
Reply_Network_out_buffer_full_per_cycle =       0.0000
Reply_Network_out_buffer_avg_util =       0.2877
----------------------------END-of-Interconnect-DETAILS-------------------------


gpgpu_simulation_time = 0 days, 0 hrs, 3 min, 32 sec (212 sec)
gpgpu_simulation_rate = 633102 (inst/sec)
gpgpu_simulation_rate = 1074 (cycle/sec)
gpgpu_silicon_slowdown = 1210428x
GPGPU-Sim: synchronize waiting for inactive GPU simulation
GPGPU-Sim API: Stream Manager State
GPGPU-Sim: detected inactive GPU simulation thread
GPGPU-Sim PTX: Setting up arguments for 8 bytes starting at 0x7ffd0a493b40..
GPGPU-Sim PTX: Setting up arguments for 8 bytes starting at 0x7ffd0a493b48..
GPGPU-Sim PTX: Setting up arguments for 4 bytes starting at 0x7ffd0a493b28..
GPGPU-Sim PTX: Setting up arguments for 4 bytes starting at 0x7ffd0a493b2c..

GPGPU-Sim PTX: cudaLaunch for 0x0x6123e05cd030 (mode=performance simulation) on stream 0
GPGPU-Sim PTX: PDOM analysis already done for _Z10bsmm_stagePKfPfii 
GPGPU-Sim PTX: pushing kernel '_Z10bsmm_stagePKfPfii' to stream 0, gridDim= (32768,1,1) blockDim = (128,1,1) 
GPGPU-Sim uArch: Shader 15 bind to kernel 2 '_Z10bsmm_stagePKfPfii'
GPGPU-Sim: Reconfigure L1 cache to 128KB
GPGPU-Sim uArch: Shader 0 bind to kernel 2 '_Z10bsmm_stagePKfPfii'
GPGPU-Sim uArch: Shader 1 bind to kernel 2 '_Z10bsmm_stagePKfPfii'
GPGPU-Sim uArch: Shader 2 bind to kernel 2 '_Z10bsmm_stagePKfPfii'
GPGPU-Sim uArch: Shader 3 bind to kernel 2 '_Z10bsmm_stagePKfPfii'
GPGPU-Sim uArch: Shader 4 bind to kernel 2 '_Z10bsmm_stagePKfPfii'
GPGPU-Sim uArch: Shader 5 bind to kernel 2 '_Z10bsmm_stagePKfPfii'
GPGPU-Sim uArch: Shader 6 bind to kernel 2 '_Z10bsmm_stagePKfPfii'
GPGPU-Sim uArch: Shader 7 bind to kernel 2 '_Z10bsmm_stagePKfPfii'
GPGPU-Sim uArch: Shader 8 bind to kernel 2 '_Z10bsmm_stagePKfPfii'
GPGPU-Sim uArch: Shader 9 bind to kernel 2 '_Z10bsmm_stagePKfPfii'
GPGPU-Sim uArch: Shader 10 bind to kernel 2 '_Z10bsmm_stagePKfPfii'
GPGPU-Sim uArch: Shader 11 bind to kernel 2 '_Z10bsmm_stagePKfPfii'
GPGPU-Sim uArch: Shader 12 bind to kernel 2 '_Z10bsmm_stagePKfPfii'
GPGPU-Sim uArch: Shader 13 bind to kernel 2 '_Z10bsmm_stagePKfPfii'
GPGPU-Sim uArch: Shader 14 bind to kernel 2 '_Z10bsmm_stagePKfPfii'
Destroy streams for kernel 2: size 0
kernel_name = _Z10bsmm_stagePKfPfii 
kernel_launch_uid = 2 
kernel_stream_id = 134850373903056
gpu_sim_cycle = 233027
gpu_sim_insn = 134217728
gpu_ipc =     575.9750
gpu_tot_sim_cycle = 460848
gpu_tot_sim_insn = 268435456
gpu_tot_ipc =     582.4816
gpu_tot_issued_cta = 65536
gpu_occupancy = 94.2696% 
gpu_tot_occupancy = 94.3265% 
max_total_param_size = 0
gpu_stall_dramfull = 0
gpu_stall_icnt2sh    = 0
partiton_level_parallism =       4.4998
partiton_level_parallism_total  =       4.5506
partiton_level_parallism_util =       4.8091
partiton_level_parallism_util_total  =       4.8636
L2_BW  =     187.1919 GB/Sec
L2_BW_total  =     189.3065 GB/Sec
gpu_total_sim_rate=631612

========= Core cache stats =========
L1I_cache:
	L1I_total_cache_accesses = 0
	L1I_total_cache_misses = 0
	L1I_total_cache_pending_hits = 0
	L1I_total_cache_reservation_fails = 0
L1D_cache:
	L1D_cache_core[0]: Access = 196608, Miss = 131072, Miss_rate = 0.667, Pending_hits = 0, Reservation_fails = 20933
	L1D_cache_core[1]: Access = 196656, Miss = 131104, Miss_rate = 0.667, Pending_hits = 0, Reservation_fails = 19329
	L1D_cache_core[2]: Access = 196128, Miss = 130752, Miss_rate = 0.667, Pending_hits = 0, Reservation_fails = 21395
	L1D_cache_core[3]: Access = 196608, Miss = 131072, Miss_rate = 0.667, Pending_hits = 0, Reservation_fails = 21012
	L1D_cache_core[4]: Access = 196704, Miss = 131136, Miss_rate = 0.667, Pending_hits = 0, Reservation_fails = 19066
	L1D_cache_core[5]: Access = 197472, Miss = 131648, Miss_rate = 0.667, Pending_hits = 0, Reservation_fails = 18944
	L1D_cache_core[6]: Access = 196848, Miss = 131232, Miss_rate = 0.667, Pending_hits = 0, Reservation_fails = 20091
	L1D_cache_core[7]: Access = 196752, Miss = 131168, Miss_rate = 0.667, Pending_hits = 0, Reservation_fails = 17922
	L1D_cache_core[8]: Access = 196368, Miss = 130912, Miss_rate = 0.667, Pending_hits = 0, Reservation_fails = 19558
	L1D_cache_core[9]: Access = 196560, Miss = 131040, Miss_rate = 0.667, Pending_hits = 0, Reservation_fails = 20208
	L1D_cache_core[10]: Access = 196944, Miss = 131296, Miss_rate = 0.667, Pending_hits = 0, Reservation_fails = 17948
	L1D_cache_core[11]: Access = 196416, Miss = 130944, Miss_rate = 0.667, Pending_hits = 0, Reservation_fails = 18904
	L1D_cache_core[12]: Access = 196128, Miss = 130752, Miss_rate = 0.667, Pending_hits = 0, Reservation_fails = 20788
	L1D_cache_core[13]: Access = 196560, Miss = 131040, Miss_rate = 0.667, Pending_hits = 0, Reservation_fails = 19217
	L1D_cache_core[14]: Access = 196656, Miss = 131104, Miss_rate = 0.667, Pending_hits = 0, Reservation_fails = 20180
	L1D_cache_core[15]: Access = 196320, Miss = 130880, Miss_rate = 0.667, Pending_hits = 0, Reservation_fails = 19514
	L1D_total_cache_accesses = 3145728
	L1D_total_cache_misses = 2097152
	L1D_total_cache_miss_rate = 0.6667
	L1D_total_cache_pending_hits = 0
	L1D_total_cache_reservation_fails = 315009
	L1D_cache_data_port_util = 0.145
	L1D_cache_fill_port_util = 0.145
L1C_cache:
	L1C_total_cache_accesses = 0
	L1C_total_cache_misses = 0
	L1C_total_cache_pending_hits = 0
	L1C_total_cache_reservation_fails = 0
L1T_cache:
	L1T_total_cache_accesses = 0
	L1T_total_cache_misses = 0
	L1T_total_cache_pending_hits = 0
	L1T_total_cache_reservation_fails = 0

Total_core_cache_stats:
	Total_core_cache_stats_breakdown[GLOBAL_ACC_R][HIT] = 524288
	Total_core_cache_stats_breakdown[GLOBAL_ACC_R][HIT_RESERVED] = 0
	Total_core_cache_stats_breakdown[GLOBAL_ACC_R][MISS] = 131072
	Total_core_cache_stats_breakdown[GLOBAL_ACC_R][RESERVATION_FAIL] = 137748
	Total_core_cache_stats_breakdown[GLOBAL_ACC_R][SECTOR_MISS] = 393216
	Total_core_cache_stats_breakdown[GLOBAL_ACC_R][MSHR_HIT] = 0
	Total_core_cache_stats_breakdown[LOCAL_ACC_R][HIT] = 0
	Total_core_cache_stats_breakdown[LOCAL_ACC_R][HIT_RESERVED] = 0
	Total_core_cache_stats_breakdown[LOCAL_ACC_R][MISS] = 0
	Total_core_cache_stats_breakdown[LOCAL_ACC_R][RESERVATION_FAIL] = 0
	Total_core_cache_stats_breakdown[LOCAL_ACC_R][SECTOR_MISS] = 0
	Total_core_cache_stats_breakdown[LOCAL_ACC_R][MSHR_HIT] = 0
	Total_core_cache_stats_breakdown[CONST_ACC_R][HIT] = 0
	Total_core_cache_stats_breakdown[CONST_ACC_R][HIT_RESERVED] = 0
	Total_core_cache_stats_breakdown[CONST_ACC_R][MISS] = 0
	Total_core_cache_stats_breakdown[CONST_ACC_R][RESERVATION_FAIL] = 0
	Total_core_cache_stats_breakdown[CONST_ACC_R][SECTOR_MISS] = 0
	Total_core_cache_stats_breakdown[CONST_ACC_R][MSHR_HIT] = 0
	Total_core_cache_stats_breakdown[TEXTURE_ACC_R][HIT] = 0
	Total_core_cache_stats_breakdown[TEXTURE_ACC_R][HIT_RESERVED] = 0
	Total_core_cache_stats_breakdown[TEXTURE_ACC_R][MISS] = 0
	Total_core_cache_stats_breakdown[TEXTURE_ACC_R][RESERVATION_FAIL] = 0
	Total_core_cache_stats_breakdown[TEXTURE_ACC_R][SECTOR_MISS] = 0
	Total_core_cache_stats_breakdown[TEXTURE_ACC_R][MSHR_HIT] = 0
	Total_core_cache_stats_breakdown[GLOBAL_ACC_W][HIT] = 0
	Total_core_cache_stats_breakdown[GLOBAL_ACC_W][HIT_RESERVED] = 0
	Total_core_cache_stats_breakdown[GLOBAL_ACC_W][MISS] = 131072
	Total_core_cache_stats_breakdown[GLOBAL_ACC_W][RESERVATION_FAIL] = 10091
	Total_core_cache_stats_breakdown[GLOBAL_ACC_W][SECTOR_MISS] = 393216
	Total_core_cache_stats_breakdown[GLOBAL_ACC_W][MSHR_HIT] = 0
	Total_core_cache_stats_breakdown[LOCAL_ACC_W][HIT] = 0
	Total_core_cache_stats_breakdown[LOCAL_ACC_W][HIT_RESERVED] = 0
	Total_core_cache_stats_breakdown[LOCAL_ACC_W][MISS] = 0
	Total_core_cache_stats_breakdown[LOCAL_ACC_W][RESERVATION_FAIL] = 0
	Total_core_cache_stats_breakdown[LOCAL_ACC_W][SECTOR_MISS] = 0
	Total_core_cache_stats_breakdown[LOCAL_ACC_W][MSHR_HIT] = 0
	Total_core_cache_stats_breakdown[L1_WRBK_ACC][HIT] = 0
	Total_core_cache_stats_breakdown[L1_WRBK_ACC][HIT_RESERVED] = 0
	Total_core_cache_stats_breakdown[L1_WRBK_ACC][MISS] = 0
	Total_core_cache_stats_breakdown[L1_WRBK_ACC][RESERVATION_FAIL] = 0
	Total_core_cache_stats_breakdown[L1_WRBK_ACC][SECTOR_MISS] = 0
	Total_core_cache_stats_breakdown[L1_WRBK_ACC][MSHR_HIT] = 0
	Total_core_cache_stats_breakdown[L2_WRBK_ACC][HIT] = 0
	Total_core_cache_stats_breakdown[L2_WRBK_ACC][HIT_RESERVED] = 0
	Total_core_cache_stats_breakdown[L2_WRBK_ACC][MISS] = 0
	Total_core_cache_stats_breakdown[L2_WRBK_ACC][RESERVATION_FAIL] = 0
	Total_core_cache_stats_breakdown[L2_WRBK_ACC][SECTOR_MISS] = 0
	Total_core_cache_stats_breakdown[L2_WRBK_ACC][MSHR_HIT] = 0
	Total_core_cache_stats_breakdown[INST_ACC_R][HIT] = 0
	Total_core_cache_stats_breakdown[INST_ACC_R][HIT_RESERVED] = 0
	Total_core_cache_stats_breakdown[INST_ACC_R][MISS] = 0
	Total_core_cache_stats_breakdown[INST_ACC_R][RESERVATION_FAIL] = 0
	Total_core_cache_stats_breakdown[INST_ACC_R][SECTOR_MISS] = 0
	Total_core_cache_stats_breakdown[INST_ACC_R][MSHR_HIT] = 0
	Total_core_cache_stats_breakdown[L1_WR_ALLOC_R][HIT] = 0
	Total_core_cache_stats_breakdown[L1_WR_ALLOC_R][HIT_RESERVED] = 0
	Total_core_cache_stats_breakdown[L1_WR_ALLOC_R][MISS] = 0
	Total_core_cache_stats_breakdown[L1_WR_ALLOC_R][RESERVATION_FAIL] = 0
	Total_core_cache_stats_breakdown[L1_WR_ALLOC_R][SECTOR_MISS] = 0
	Total_core_cache_stats_breakdown[L1_WR_ALLOC_R][MSHR_HIT] = 0
	Total_core_cache_stats_breakdown[L2_WR_ALLOC_R][HIT] = 0
	Total_core_cache_stats_breakdown[L2_WR_ALLOC_R][HIT_RESERVED] = 0
	Total_core_cache_stats_breakdown[L2_WR_ALLOC_R][MISS] = 0
	Total_core_cache_stats_breakdown[L2_WR_ALLOC_R][RESERVATION_FAIL] = 0
	Total_core_cache_stats_breakdown[L2_WR_ALLOC_R][SECTOR_MISS] = 0
	Total_core_cache_stats_breakdown[L2_WR_ALLOC_R][MSHR_HIT] = 0
	Total_core_cache_stats_breakdown[GLOBAL_ACC_R][TOTAL_ACCESS] = 1048576
	Total_core_cache_stats_breakdown[GLOBAL_ACC_W][TOTAL_ACCESS] = 524288

Total_core_cache_fail_stats:
	Total_core_cache_fail_stats_breakdown[GLOBAL_ACC_R][MISS_QUEUE_FULL] = 137748
	Total_core_cache_fail_stats_breakdown[GLOBAL_ACC_W][MISS_QUEUE_FULL] = 10091
ctas_completed 65536, Shader 0 warp_id issue ditsribution:
warp_id:
0, 1, 2, 3, 4, 5, 6, 7, 8, 9, 10, 11, 12, 13, 14, 15, 16, 17, 18, 19, 20, 21, 22, 23, 24, 25, 26, 27, 28, 29, 30, 31, 32, 33, 34, 35, 36, 37, 38, 39, 40, 41, 42, 43, 44, 45, 46, 47, 
distro:
11220, 11220, 11220, 11220, 11253, 11253, 11253, 11253, 11253, 11253, 11253, 11253, 11352, 11352, 11352, 11352, 11220, 11220, 11220, 11220, 11286, 11286, 11286, 11286, 11286, 11286, 11286, 11286, 11253, 11253, 11253, 11253, 11286, 11286, 11286, 11286, 11286, 11286, 11286, 11286, 11220, 11220, 11220, 11220, 11253, 11253, 11253, 11253, 
gpgpu_n_tot_thrd_icount = 276824064
gpgpu_n_tot_w_icount = 8650752
gpgpu_n_stall_shd_mem = 1105
gpgpu_n_mem_read_local = 0
gpgpu_n_mem_write_local = 0
gpgpu_n_mem_read_global = 1048576
gpgpu_n_mem_write_global = 1048576
gpgpu_n_mem_texture = 0
gpgpu_n_mem_const = 0
gpgpu_n_load_insn  = 16777216
gpgpu_n_store_insn = 8388608
gpgpu_n_shmem_insn = 0
gpgpu_n_sstarr_insn = 0
gpgpu_n_tex_insn = 0
gpgpu_n_const_mem_insn = 0
gpgpu_n_param_mem_insn = 33554432
gpgpu_n_shmem_bkconflict = 0
gpgpu_n_l1cache_bkconflict = 1105
gpgpu_n_intrawarp_mshr_merge = 0
gpgpu_n_cmem_portconflict = 0
gpgpu_stall_shd_mem[c_mem][resource_stall] = 0
gpgpu_stall_shd_mem[s_mem][bk_conf] = 0
gpgpu_stall_shd_mem[gl_mem][resource_stall] = 1105
gpgpu_stall_shd_mem[gl_mem][coal_stall] = 0
gpgpu_stall_shd_mem[gl_mem][data_port_stall] = 0
gpu_reg_bank_conflict_stalls = 0
Warp Occupancy Distribution:
Stall:1805465	W0_Idle:38720	W0_Scoreboard:18348943	W1:0	W2:0	W3:0	W4:0	W5:0	W6:0	W7:0	W8:0	W9:0	W10:0	W11:0	W12:0	W13:0	W14:0	W15:0	W16:0	W17:0	W18:0	W19:0	W20:0	W21:0	W22:0	W23:0	W24:0	W25:0	W26:0	W27:0	W28:0	W29:0	W30:0	W31:0	W32:8650752
single_issue_nums: WS0:2162688	WS1:2162688	WS2:2162688	WS3:2162688	
dual_issue_nums: WS0:0	WS1:0	WS2:0	WS3:0	
traffic_breakdown_coretomem[GLOBAL_ACC_R] = 8388608 {8:1048576,}
traffic_breakdown_coretomem[GLOBAL_ACC_W] = 41943040 {40:1048576,}
traffic_breakdown_memtocore[GLOBAL_ACC_R] = 41943040 {40:1048576,}
traffic_breakdown_memtocore[GLOBAL_ACC_W] = 8388608 {8:1048576,}
maxmflatency = 2013 
max_icnt2mem_latency = 214 
maxmrqlatency = 1467 
max_icnt2sh_latency = 150 
averagemflatency = 506 
avg_icnt2mem_latency = 49 
avg_mrq_latency = 187 
avg_icnt2sh_latency = 4 
mrq_lat_table:81588 	7258 	16882 	31079 	53289 	88169 	165670 	555712 	259541 	34006 	953 	0 	0 	0 	0 	0 	0 	0 	0 	0 	0 	0 	0 	0 	0 	0 	0 	0 	0 	0 	0 	0 	
dq_lat_table:0 	0 	0 	0 	0 	0 	0 	0 	0 	0 	0 	0 	0 	0 	0 	0 	0 	0 	0 	0 	0 	0 	0 	0 	0 	0 	0 	0 	0 	0 	0 	0 	
mf_lat_table:0 	0 	0 	0 	0 	0 	0 	967817 	81862 	1017738 	29735 	0 	0 	0 	0 	0 	0 	0 	0 	0 	0 	0 	0 	0 	0 	0 	0 	0 	0 	0 	0 	0 	
icnt2mem_lat_table:0 	0 	0 	0 	0 	1977856 	116102 	3194 	0 	0 	0 	0 	0 	0 	0 	0 	0 	0 	0 	0 	0 	0 	0 	0 	
icnt2sh_lat_table:0 	1581743 	294933 	136682 	64478 	17898 	1410 	8 	0 	0 	0 	0 	0 	0 	0 	0 	0 	0 	0 	0 	0 	0 	0 	0 	
mf_lat_pw_table:0 	0 	0 	0 	0 	0 	0 	4 	470 	426 	0 	0 	0 	0 	0 	0 	0 	0 	0 	0 	0 	0 	0 	0 	0 	0 	0 	0 	0 	0 	0 	0 	
maximum concurrent accesses to same row:
dram[0]:        64        64        64        64        64        64        64        64        64        64        64        64        64        64        64        64 
dram[1]:        64        64        64        64        64        64        64        64        64        64        64        64        64        64        64        64 
dram[2]:        64        64        64        64        64        64        64        64        64        64        64        64        64        64        64        64 
dram[3]:        64        64        64        64        64        64        64        64        64        64        64        64        64        64        64        64 
dram[4]:        64        64        64        64        64        64        64        64        64        64        64        64        64        64        64        64 
dram[5]:        64        64        64        64        64        64        64        64        64        64        64        64        64        64        64        64 
dram[6]:        64        64        64        64        64        64        64        64        64        64        64        64        64        64        64        64 
dram[7]:        64        64        64        64        64        64        64        64        64        64        64        64        64        64        64        64 
dram[8]:        64        64        64        64        64        64        64        64        64        64        64        64        64        64        64        64 
dram[9]:        64        64        64        64        64        64        64        64        64        64        64        64        64        64        64        64 
dram[10]:        64        64        64        64        64        64        64        64        64        64        64        64        64        64        64        64 
dram[11]:        64        64        64        64        64        64        64        64        64        64        64        64        64        64        64        64 
dram[12]:        64        64        64        64        64        64        64        64        64        64        64        64        64        64        64        64 
dram[13]:        64        64        64        64        64        64        64        64        64        64        64        64        64        64        64        64 
dram[14]:        64        64        64        64        64        64        64        64        64        64        64        64        64        64        64        64 
dram[15]:        64        64        64        64        64        64        64        64        64        64        64        64        64        64        64        64 
maximum service time to same row:
dram[0]:      6198      6195      6433      6641      7435      7443      7929      7935      8728      8732      9597      9589     10145     10153     10894     10896 
dram[1]:      6118      6111      6567      6568      7431      7439      7924      7912      8723      8736      9583      9579     10158     10149     10881     10886 
dram[2]:      6126      6102      6775      6762      7426      7365      7920      7922      8754      8745      9581      9573     10144     10151     10873     10876 
dram[3]:      6202      6185      6597      6568      7358      7371      7926      7917      8749      8757      9568      9562     10132     10136     10863     10867 
dram[4]:      6264      6261      6541      6553      7491      7458      7959      7948      8728      8732      9584      9579     10083     10090     10916     10925 
dram[5]:      6099      6076      6492      6554      7471      7484      7935      7952      8737      8741      9585      9575     10075     10071     10920     10928 
dram[6]:      6058      6121      6712      6726      7445      7431      7926      7934      8778      8786      9564      9581     10101     10116     10911     10903 
dram[7]:      6109      6109      6597      6693      7438      7442      7938      7930      8787      8794      9555      9577     10106     10112     10907     10923 
dram[8]:      6066      6055      6603      6611      7436      7462      7917      7921      8718      8708      9551      9557     10288     10283     10914     10905 
dram[9]:      6303      6293      6776      6706      7467      7431      7904      7913      8714      8723      9566      9562     10299     10295     10919     10909 
dram[10]:      6177      6157      6581      6560      7448      7484      7915      7911      8701      8705      9567      9573     10347     10331     10959     10963 
dram[11]:      6079      6100      6535      6847      7466      7461      7903      7907      8709      8715      9559      9577     10335     10339     10967     10955 
dram[12]:      6099      6071      6586      6656      7406      7412      7909      7915      8758      8766      9542      9533     10165     10173     10893     10911 
dram[13]:      6238      6211      6600      6611      7415      7427      7917      7922      8770      8762      9529      9538     10161     10169     10903     10898 
dram[14]:      6074      6065      6712      6690      7336      7341      7925      7924      8719      8722      9529      9518     10184     10197     10886     10892 
dram[15]:      6129      6118      6560      6541      7345      7349      7916      7920      8714      8726      9525      9521     10201     10181     10896     10903 
average row accesses per activate:
dram[0]: 39.500000 39.500000 27.037434 27.329729 35.858154 35.858154 26.196892 26.196892 38.015038 38.015038 27.037434 27.182796 37.154411 36.630436 26.610527 26.465969 
dram[1]: 39.500000 39.500000 27.628416 27.780220 34.630138 34.630138 26.893618 26.610527 37.731342 37.451851 27.037434 26.893618 37.686565 37.679104 26.610527 26.751324 
dram[2]: 39.500000 39.500000 27.933702 28.088888 34.394558 34.394558 26.893618 27.182796 37.451851 38.015038 27.182796 27.182796 36.071430 36.071430 26.751324 26.751324 
dram[3]: 38.595421 38.892307 27.780220 27.478260 35.605633 36.114285 26.196892 25.535353 37.451851 38.015038 27.780220 27.478260 36.572464 37.377777 26.471205 26.061855 
dram[4]: 39.500000 38.892307 27.628416 27.329729 35.858154 35.356644 26.893618 26.061855 38.303032 38.303032 27.478260 28.088888 36.897812 36.905109 26.751324 26.333334 
dram[5]: 38.303032 38.303032 26.751324 26.751324 36.114285 35.605633 25.795918 26.061855 36.905109 36.905109 28.564972 28.404495 36.294964 36.832115 26.061855 26.333334 
dram[6]: 39.193798 39.500000 28.088888 27.780220 36.637680 37.176472 27.329729 27.628416 38.303032 38.303032 26.333334 26.610527 37.392593 36.854015 26.893618 26.751324 
dram[7]: 38.303032 37.731342 27.478260 27.628416 35.605633 36.114285 25.928205 25.928205 36.905109 36.905109 27.628416 27.478260 37.437038 36.352516 26.610527 27.329729 
dram[8]: 39.500000 39.500000 26.333334 26.333334 37.176472 37.176472 26.333334 26.333334 38.892307 38.892307 27.329729 26.751324 37.422222 37.414814 26.605263 26.605263 
dram[9]: 38.892307 39.500000 27.329729 27.182796 36.637680 36.114285 25.280001 25.407036 38.892307 38.892307 28.404495 27.933702 36.623188 36.630436 27.037434 26.751324 
dram[10]: 38.595421 38.892307 26.196892 26.471205 36.637680 36.905109 26.196892 26.061855 38.892307 38.303032 27.329729 27.780220 36.345325 37.154411 26.751324 27.182796 
dram[11]: 40.126984 40.126984 26.893618 27.478260 36.114285 36.114285 26.471205 26.061855 39.500000 38.892307 28.088888 27.933702 37.132355 36.854015 26.471205 26.471205 
dram[12]: 38.303032 38.892307 26.751324 26.471205 35.605633 36.114285 25.795918 25.795918 38.892307 38.303032 27.780220 28.088888 36.572464 36.572464 25.795918 25.795918 
dram[13]: 38.892307 39.500000 28.245810 28.245810 36.114285 35.605633 26.196892 26.333334 39.500000 39.500000 27.182796 26.751324 36.586956 36.594204 26.751324 26.061855 
dram[14]: 40.126984 39.811024 28.245810 27.933702 35.858154 35.356644 27.478260 27.329729 39.500000 40.126984 26.751324 26.751324 36.294964 36.035713 26.751324 26.751324 
dram[15]: 38.892307 38.892307 26.893618 26.893618 36.905109 36.905109 27.182796 26.893618 38.303032 38.303032 26.751324 27.037434 36.330936 35.570423 25.795918 25.795918 
average row locality = 1294147/41317 = 31.322386
number of total memory accesses made:
dram[0]:         0         0         0         0         0         0         0         0         0         0         0         0         0         0         0         0 
dram[1]:         0         0         0         0         0         0         0         0         0         0         0         0         0         0         0         0 
dram[2]:         0         0         0         0         0         0         0         0         0         0         0         0         0         0         0         0 
dram[3]:         0         0         0         0         0         0         0         0         0         0         0         0         0         0         0         0 
dram[4]:         0         0         0         0         0         0         0         0         0         0         0         0         0         0         0         0 
dram[5]:         0         0         0         0         0         0         0         0         0         0         0         0         0         0         0         0 
dram[6]:         0         0         0         0         0         0         0         0         0         0         0         0         0         0         0         0 
dram[7]:         0         0         0         0         0         0         0         0         0         0         0         0         0         0         0         0 
dram[8]:         0         0         0         0         0         0         0         0         0         0         0         0         0         0         0         0 
dram[9]:         0         0         0         0         0         0         0         0         0         0         0         0         0         0         0         0 
dram[10]:         0         0         0         0         0         0         0         0         0         0         0         0         0         0         0         0 
dram[11]:         0         0         0         0         0         0         0         0         0         0         0         0         0         0         0         0 
dram[12]:         0         0         0         0         0         0         0         0         0         0         0         0         0         0         0         0 
dram[13]:         0         0         0         0         0         0         0         0         0         0         0         0         0         0         0         0 
dram[14]:         0         0         0         0         0         0         0         0         0         0         0         0         0         0         0         0 
dram[15]:         0         0         0         0         0         0         0         0         0         0         0         0         0         0         0         0 
total accesses: 0
min_bank_accesses = 0!
min_chip_accesses = 0!
number of total read accesses:
dram[0]:      4096      4096      4096      4096      4096      4096      4096      4096      4096      4096      4096      4096      4096      4096      4096      4096 
dram[1]:      4096      4096      4096      4096      4096      4096      4096      4096      4096      4096      4096      4096      4096      4096      4096      4096 
dram[2]:      4096      4096      4096      4096      4096      4096      4096      4096      4096      4096      4096      4096      4096      4096      4096      4096 
dram[3]:      4096      4096      4096      4096      4096      4096      4096      4096      4096      4096      4096      4096      4096      4096      4096      4096 
dram[4]:      4096      4096      4096      4096      4096      4096      4096      4096      4096      4096      4096      4096      4096      4096      4096      4096 
dram[5]:      4096      4096      4096      4096      4096      4096      4096      4096      4096      4096      4096      4096      4096      4096      4096      4096 
dram[6]:      4096      4096      4096      4096      4096      4096      4096      4096      4096      4096      4096      4096      4096      4096      4096      4096 
dram[7]:      4096      4096      4096      4096      4096      4096      4096      4096      4096      4096      4096      4096      4096      4096      4096      4096 
dram[8]:      4096      4096      4096      4096      4096      4096      4096      4096      4096      4096      4096      4096      4096      4096      4096      4096 
dram[9]:      4096      4096      4096      4096      4096      4096      4096      4096      4096      4096      4096      4096      4096      4096      4096      4096 
dram[10]:      4096      4096      4096      4096      4096      4096      4096      4096      4096      4096      4096      4096      4096      4096      4096      4096 
dram[11]:      4096      4096      4096      4096      4096      4096      4096      4096      4096      4096      4096      4096      4096      4096      4096      4096 
dram[12]:      4096      4096      4096      4096      4096      4096      4096      4096      4096      4096      4096      4096      4096      4096      4096      4096 
dram[13]:      4096      4096      4096      4096      4096      4096      4096      4096      4096      4096      4096      4096      4096      4096      4096      4096 
dram[14]:      4096      4096      4096      4096      4096      4096      4096      4096      4096      4096      4096      4096      4096      4096      4096      4096 
dram[15]:      4096      4096      4096      4096      4096      4096      4096      4096      4096      4096      4096      4096      4096      4096      4096      4096 
total dram reads = 1048576
bank skew: 4096/4096 = 1.00
chip skew: 65536/65536 = 1.00
number of total write accesses:
dram[0]:      3840      3840      3840      3840      3840      3840      3840      3840      3840      3840      3840      3840      3840      3840      3840      3840 
dram[1]:      3840      3840      3840      3840      3840      3840      3840      3840      3840      3840      3840      3840      3816      3812      3840      3840 
dram[2]:      3840      3840      3840      3840      3840      3840      3840      3840      3840      3840      3840      3840      3816      3820      3840      3840 
dram[3]:      3840      3840      3840      3840      3840      3840      3840      3840      3840      3840      3840      3840      3808      3808      3840      3840 
dram[4]:      3840      3840      3840      3840      3840      3840      3840      3840      3840      3840      3840      3840      3840      3840      3840      3840 
dram[5]:      3840      3840      3840      3840      3840      3840      3840      3840      3840      3840      3840      3840      3800      3800      3840      3840 
dram[6]:      3840      3840      3840      3840      3840      3840      3840      3840      3840      3840      3840      3840      3812      3812      3840      3840 
dram[7]:      3840      3840      3840      3840      3840      3840      3840      3840      3840      3840      3840      3840      3832      3832      3840      3840 
dram[8]:      3840      3840      3840      3840      3840      3840      3840      3840      3840      3840      3840      3840      3832      3832      3840      3840 
dram[9]:      3840      3840      3840      3840      3840      3840      3840      3840      3840      3840      3840      3840      3840      3840      3840      3840 
dram[10]:      3840      3840      3840      3840      3840      3840      3840      3840      3840      3840      3840      3840      3828      3832      3840      3840 
dram[11]:      3840      3840      3840      3840      3840      3840      3840      3840      3840      3840      3840      3840      3824      3824      3840      3840 
dram[12]:      3840      3840      3840      3840      3840      3840      3840      3840      3840      3840      3840      3840      3808      3808      3840      3840 
dram[13]:      3840      3840      3840      3840      3840      3840      3840      3840      3840      3840      3840      3840      3816      3816      3840      3840 
dram[14]:      3840      3840      3840      3840      3840      3840      3840      3840      3840      3840      3840      3840      3800      3800      3840      3840 
dram[15]:      3840      3840      3840      3840      3840      3840      3840      3840      3840      3840      3840      3840      3820      3820      3840      3840 
total dram writes = 982428
bank skew: 3840/3800 = 1.01
chip skew: 61440/61360 = 1.00
average mf latency per bank:
dram[0]:        521       526       532       534       526       531       525       526       515       522       528       530       519       527       525       531
dram[1]:        518       523       531       533       527       531       532       527       517       521       522       529       522       529       522       526
dram[2]:        517       522       530       532       514       519       517       515       504       510       521       523       513       519       525       529
dram[3]:        514       521       526       526       523       526       520       525       512       517       518       521       507       513       513       516
dram[4]:        508       513       516       517       511       514       519       520       499       507       512       517       504       507       519       514
dram[5]:        528       535       535       541       527       537       535       541       527       531       534       533       527       530       521       532
dram[6]:        518       522       540       531       521       526       525       523       509       514       535       525       520       523       526       529
dram[7]:        508       513       526       529       519       523       511       521       514       521       527       529       514       521       522       525
dram[8]:        524       530       537       534       524       531       531       528       512       519       529       530       522       530       534       534
dram[9]:        507       511       513       513       508       510       516       522       506       511       518       521       510       507       514       515
dram[10]:        522       526       530       528       525       531       526       528       518       524       527       530       515       523       532       531
dram[11]:        518       524       527       530       512       517       523       523       505       511       526       529       519       525       525       526
dram[12]:        516       520       535       531       524       529       531       533       520       525       530       528       526       532       527       520
dram[13]:        519       525       524       530       518       522       527       531       514       518       521       523       518       526       523       527
dram[14]:        508       513       524       522       509       513       521       521       513       517       522       519       521       529       516       517
dram[15]:        508       514       519       523       516       523       527       527       501       506       524       523       523       529       523       526
maximum mf latency per bank:
dram[0]:       1321      1327      1427      1432      1787      1773      1329      1444      1199      1217      1234      1243      1147      1156      1300      1472
dram[1]:       1318      1321      1240      1187      1242      1246      1575      1217      1386      1377      1309      1883      1593      1597      1467      1479
dram[2]:       1359      1364      1147      1161      1421      1430      1636      1240      1457      1483      1278      1703      1414      1414      1386      1373
dram[3]:       1355      1268      1291      1291      1431      1431      1228      1207      1128      1145      1206      1227      1229      1368      1229      1226
dram[4]:       1357      1382      1772      1791      1512      1517      1634      1661      1150      1177      1991      1466      1453      1247      1572      1431
dram[5]:       1402      1403      1278      1241      1476      1477      1812      1193      1791      1789      1394      1276      1494      1496      1517      1527
dram[6]:       1830      1334      1986      1372      1403      1539      1892      1224      1194      1197      1785      1325      1547      1314      1454      1529
dram[7]:       1400      1455      1343      1345      1419      1423      1172      1461      1773      1915      1303      1242      1366      1403      1854      1455
dram[8]:       1298      1304      1990      1790      1350      1468      1684      1695      1835      1895      1323      1824      1409      1408      1898      1185
dram[9]:       1261      1252      1875      1179      1734      1729      1932      1870      1340      1409      1833      1848      1540      1160      1377      1388
dram[10]:       1234      1236      1810      1822      1655      1779      1343      1345      1218      1235      1668      1576      1370      1477      1766      1181
dram[11]:       1186      1189      1252      1257      1293      1296      1521      1308      1269      1273      1260      1252      1539      1541      1403      1422
dram[12]:       1266      1265      1803      1329      1232      1280      1308      1319      1285      1760      1326      1219      1553      1581      1426      1339
dram[13]:       1367      1327      1237      2013      1535      1771      1174      1138      1160      1167      1140      1151      1304      1299      1202      1198
dram[14]:       1381      1406      1757      1215      1483      1345      1373      1227      1196      1199      1848      1811      1372      1982      1481      1212
dram[15]:       1436      1443      1404      1410      1583      1575      1398      1185      1302      1262      1277      1301      1205      1216      1194      1830
Memory Partition 0: 
Cache L2_bank_000:
MSHR contents

Cache L2_bank_001:
MSHR contents

In Dram Latency Queue (total = 0): 
DRAM[0]: 16 bks, busW=2 BL=16 CL=24, tRRD=12 tCCD=4, tRCD=24 tRAS=55 tRP=24 tRC=78
n_cmd=567196 n_nop=435165 n_act=2590 n_pre=2574 n_ref_event=0 n_req=80896 n_rd=65536 n_rd_L2_A=0 n_write=0 n_wr_bk=61405 bw_util=0.8952
n_activity=545713 dram_eff=0.9305
bk0: 4096a 448046i bk1: 4096a 446949i bk2: 4096a 455077i bk3: 4096a 455954i bk4: 4096a 447050i bk5: 4096a 446539i bk6: 4096a 458675i bk7: 4096a 458629i bk8: 4096a 443272i bk9: 4096a 441903i bk10: 4096a 453813i bk11: 4096a 452773i bk12: 4096a 451376i bk13: 4096a 448837i bk14: 4096a 460382i bk15: 4096a 459094i 

------------------------------------------------------------------------

Row_Buffer_Locality = 0.967982
Row_Buffer_Locality_read = 0.980011
Row_Buffer_Locality_write = 0.916640
Bank_Level_Parallism = 3.564864
Bank_Level_Parallism_Col = 3.442658
Bank_Level_Parallism_Ready = 1.521063
write_to_read_ratio_blp_rw_average = 0.475066
GrpLevelPara = 2.980002 

BW Util details:
bwutil = 0.895218 
total_CMD = 567196 
util_bw = 507762 
Wasted_Col = 27967 
Wasted_Row = 5206 
Idle = 26261 

BW Util Bottlenecks: 
RCDc_limit = 5209 
RCDWRc_limit = 3359 
WTRc_limit = 24026 
RTWc_limit = 20738 
CCDLc_limit = 12571 
rwq = 0 
CCDLc_limit_alone = 10219 
WTRc_limit_alone = 22733 
RTWc_limit_alone = 19679 

Commands details: 
total_CMD = 567196 
n_nop = 435165 
Read = 65536 
Write = 0 
L2_Alloc = 0 
L2_WB = 61405 
n_act = 2590 
n_pre = 2574 
n_ref = 0 
n_req = 80896 
total_req = 126941 

Dual Bus Interface Util: 
issued_total_row = 5164 
issued_total_col = 126941 
Row_Bus_Util =  0.009104 
CoL_Bus_Util = 0.223804 
Either_Row_CoL_Bus_Util = 0.232778 
Issued_on_Two_Bus_Simul_Util = 0.000130 
issued_two_Eff = 0.000560 
queue_avg = 33.482605 


dram_util_bins: 0 0 0 0 0 0 0 0 0 0
dram_eff_bins: 0 0 0 0 0 0 0 0 0 0
mrqq: max=64 avg=33.4826
Memory Partition 1: 
Cache L2_bank_002:
MSHR contents

Cache L2_bank_003:
MSHR contents

In Dram Latency Queue (total = 13): 
Ready @ 460879 -   mf: uid=7848917, sid4294967295:w4294967295, part=1, addr=0xc0de2380, store, size=128, L2_WRBK  status = IN_PARTITION_DRAM_LATENCY_QUEUE (460625), 
Ready @ 460884 -   mf: uid=7848925, sid4294967295:w4294967295, part=1, addr=0xc0de1180, store, size=128, L2_WRBK  status = IN_PARTITION_DRAM_LATENCY_QUEUE (460630), 
Ready @ 460906 -   mf: uid=7848947, sid4294967295:w4294967295, part=1, addr=0xc0de3380, store, size=128, L2_WRBK  status = IN_PARTITION_DRAM_LATENCY_QUEUE (460652), 
Ready @ 460917 -   mf: uid=7848956, sid4294967295:w4294967295, part=1, addr=0xc0de2300, store, size=128, L2_WRBK  status = IN_PARTITION_DRAM_LATENCY_QUEUE (460663), 
Ready @ 460927 -   mf: uid=7848962, sid4294967295:w4294967295, part=1, addr=0xc0de5480, store, size=128, L2_WRBK  status = IN_PARTITION_DRAM_LATENCY_QUEUE (460673), 
Ready @ 460943 -   mf: uid=7848977, sid4294967295:w4294967295, part=1, addr=0xc0de3300, store, size=128, L2_WRBK  status = IN_PARTITION_DRAM_LATENCY_QUEUE (460689), 
Ready @ 460952 -   mf: uid=7848983, sid4294967295:w4294967295, part=1, addr=0xc0de4480, store, size=128, L2_WRBK  status = IN_PARTITION_DRAM_LATENCY_QUEUE (460698), 
Ready @ 460978 -   mf: uid=7849001, sid4294967295:w4294967295, part=1, addr=0xc0de6680, store, size=128, L2_WRBK  status = IN_PARTITION_DRAM_LATENCY_QUEUE (460724), 
Ready @ 460987 -   mf: uid=7849009, sid4294967295:w4294967295, part=1, addr=0xc0de4400, store, size=128, L2_WRBK  status = IN_PARTITION_DRAM_LATENCY_QUEUE (460733), 
Ready @ 460995 -   mf: uid=7849011, sid4294967295:w4294967295, part=1, addr=0xc0de5400, store, size=128, L2_WRBK  status = IN_PARTITION_DRAM_LATENCY_QUEUE (460741), 
Ready @ 461006 -   mf: uid=7849019, sid4294967295:w4294967295, part=1, addr=0xc0de7680, store, size=128, L2_WRBK  status = IN_PARTITION_DRAM_LATENCY_QUEUE (460752), 
Ready @ 461017 -   mf: uid=7849024, sid4294967295:w4294967295, part=1, addr=0xc0de6600, store, size=128, L2_WRBK  status = IN_PARTITION_DRAM_LATENCY_QUEUE (460763), 
Ready @ 461036 -   mf: uid=7849030, sid4294967295:w4294967295, part=1, addr=0xc0de7600, store, size=128, L2_WRBK  status = IN_PARTITION_DRAM_LATENCY_QUEUE (460782), 
DRAM[1]: 16 bks, busW=2 BL=16 CL=24, tRRD=12 tCCD=4, tRCD=24 tRAS=55 tRP=24 tRC=78
n_cmd=567196 n_nop=435234 n_act=2582 n_pre=2566 n_ref_event=0 n_req=80883 n_rd=65536 n_rd_L2_A=0 n_write=0 n_wr_bk=61388 bw_util=0.8951
n_activity=546157 dram_eff=0.9296
bk0: 4096a 443738i bk1: 4096a 443209i bk2: 4096a 455056i bk3: 4096a 456603i bk4: 4096a 444102i bk5: 4096a 444435i bk6: 4096a 457609i bk7: 4096a 458315i bk8: 4096a 445520i bk9: 4096a 444641i bk10: 4096a 452279i bk11: 4096a 451133i bk12: 4096a 446574i bk13: 4096a 446834i bk14: 4096a 458156i bk15: 4096a 456622i 

------------------------------------------------------------------------

Row_Buffer_Locality = 0.968077
Row_Buffer_Locality_read = 0.980042
Row_Buffer_Locality_write = 0.916987
Bank_Level_Parallism = 3.605646
Bank_Level_Parallism_Col = 3.480226
Bank_Level_Parallism_Ready = 1.511205
write_to_read_ratio_blp_rw_average = 0.476362
GrpLevelPara = 2.991400 

BW Util details:
bwutil = 0.895098 
total_CMD = 567196 
util_bw = 507696 
Wasted_Col = 29233 
Wasted_Row = 4424 
Idle = 25843 

BW Util Bottlenecks: 
RCDc_limit = 5032 
RCDWRc_limit = 3451 
WTRc_limit = 26292 
RTWc_limit = 21349 
CCDLc_limit = 14055 
rwq = 0 
CCDLc_limit_alone = 11394 
WTRc_limit_alone = 24571 
RTWc_limit_alone = 20409 

Commands details: 
total_CMD = 567196 
n_nop = 435234 
Read = 65536 
Write = 0 
L2_Alloc = 0 
L2_WB = 61388 
n_act = 2582 
n_pre = 2566 
n_ref = 0 
n_req = 80883 
total_req = 126924 

Dual Bus Interface Util: 
issued_total_row = 5148 
issued_total_col = 126924 
Row_Bus_Util =  0.009076 
CoL_Bus_Util = 0.223774 
Either_Row_CoL_Bus_Util = 0.232657 
Issued_on_Two_Bus_Simul_Util = 0.000194 
issued_two_Eff = 0.000834 
queue_avg = 33.340862 


dram_util_bins: 0 0 0 0 0 0 0 0 0 0
dram_eff_bins: 0 0 0 0 0 0 0 0 0 0
mrqq: max=64 avg=33.3409
Memory Partition 2: 
Cache L2_bank_004:
MSHR contents

Cache L2_bank_005:
MSHR contents

In Dram Latency Queue (total = 11): 
Ready @ 460850 -   mf: uid=7848877, sid4294967295:w4294967295, part=2, addr=0xc0de3000, store, size=128, L2_WRBK  status = IN_PARTITION_DRAM_LATENCY_QUEUE (460596), 
Ready @ 460867 -   mf: uid=7848907, sid4294967295:w4294967295, part=2, addr=0xc0de2000, store, size=128, L2_WRBK  status = IN_PARTITION_DRAM_LATENCY_QUEUE (460613), 
Ready @ 460880 -   mf: uid=7848920, sid4294967295:w4294967295, part=2, addr=0xc0de3080, store, size=128, L2_WRBK  status = IN_PARTITION_DRAM_LATENCY_QUEUE (460626), 
Ready @ 460887 -   mf: uid=7848930, sid4294967295:w4294967295, part=2, addr=0xc0de5780, store, size=128, L2_WRBK  status = IN_PARTITION_DRAM_LATENCY_QUEUE (460633), 
Ready @ 460891 -   mf: uid=7848933, sid4294967295:w4294967295, part=2, addr=0xc0de5700, store, size=128, L2_WRBK  status = IN_PARTITION_DRAM_LATENCY_QUEUE (460637), 
Ready @ 460911 -   mf: uid=7848952, sid4294967295:w4294967295, part=2, addr=0xc0de4780, store, size=128, L2_WRBK  status = IN_PARTITION_DRAM_LATENCY_QUEUE (460657), 
Ready @ 460916 -   mf: uid=7848955, sid4294967295:w4294967295, part=2, addr=0xc0de4700, store, size=128, L2_WRBK  status = IN_PARTITION_DRAM_LATENCY_QUEUE (460662), 
Ready @ 460939 -   mf: uid=7848974, sid4294967295:w4294967295, part=2, addr=0xc0de7580, store, size=128, L2_WRBK  status = IN_PARTITION_DRAM_LATENCY_QUEUE (460685), 
Ready @ 460944 -   mf: uid=7848978, sid4294967295:w4294967295, part=2, addr=0xc0de6500, store, size=128, L2_WRBK  status = IN_PARTITION_DRAM_LATENCY_QUEUE (460690), 
Ready @ 460966 -   mf: uid=7848994, sid4294967295:w4294967295, part=2, addr=0xc0de6580, store, size=128, L2_WRBK  status = IN_PARTITION_DRAM_LATENCY_QUEUE (460712), 
Ready @ 460968 -   mf: uid=7848997, sid4294967295:w4294967295, part=2, addr=0xc0de7500, store, size=128, L2_WRBK  status = IN_PARTITION_DRAM_LATENCY_QUEUE (460714), 
DRAM[2]: 16 bks, busW=2 BL=16 CL=24, tRRD=12 tCCD=4, tRCD=24 tRAS=55 tRP=24 tRC=78
n_cmd=567196 n_nop=435231 n_act=2583 n_pre=2567 n_ref_event=0 n_req=80885 n_rd=65536 n_rd_L2_A=0 n_write=0 n_wr_bk=61386 bw_util=0.8951
n_activity=545408 dram_eff=0.9308
bk0: 4096a 446637i bk1: 4096a 446441i bk2: 4096a 457279i bk3: 4096a 459789i bk4: 4096a 451548i bk5: 4096a 451786i bk6: 4096a 460630i bk7: 4096a 461818i bk8: 4096a 447811i bk9: 4096a 446013i bk10: 4096a 451546i bk11: 4096a 452814i bk12: 4096a 452348i bk13: 4096a 451394i bk14: 4096a 460910i bk15: 4096a 460526i 

------------------------------------------------------------------------

Row_Buffer_Locality = 0.968065
Row_Buffer_Locality_read = 0.979996
Row_Buffer_Locality_write = 0.917123
Bank_Level_Parallism = 3.512523
Bank_Level_Parallism_Col = 3.387500
Bank_Level_Parallism_Ready = 1.493083
write_to_read_ratio_blp_rw_average = 0.468620
GrpLevelPara = 2.946278 

BW Util details:
bwutil = 0.895084 
total_CMD = 567196 
util_bw = 507686 
Wasted_Col = 27921 
Wasted_Row = 4725 
Idle = 26864 

BW Util Bottlenecks: 
RCDc_limit = 4932 
RCDWRc_limit = 3599 
WTRc_limit = 25504 
RTWc_limit = 19507 
CCDLc_limit = 13342 
rwq = 0 
CCDLc_limit_alone = 10559 
WTRc_limit_alone = 23695 
RTWc_limit_alone = 18533 

Commands details: 
total_CMD = 567196 
n_nop = 435231 
Read = 65536 
Write = 0 
L2_Alloc = 0 
L2_WB = 61386 
n_act = 2583 
n_pre = 2567 
n_ref = 0 
n_req = 80885 
total_req = 126922 

Dual Bus Interface Util: 
issued_total_row = 5150 
issued_total_col = 126922 
Row_Bus_Util =  0.009080 
CoL_Bus_Util = 0.223771 
Either_Row_CoL_Bus_Util = 0.232662 
Issued_on_Two_Bus_Simul_Util = 0.000189 
issued_two_Eff = 0.000811 
queue_avg = 32.410851 


dram_util_bins: 0 0 0 0 0 0 0 0 0 0
dram_eff_bins: 0 0 0 0 0 0 0 0 0 0
mrqq: max=64 avg=32.4109
Memory Partition 3: 
Cache L2_bank_006:
MSHR contents

Cache L2_bank_007:
MSHR contents

In Dram Latency Queue (total = 16): 
Ready @ 460848 -   mf: uid=7848869, sid4294967295:w4294967295, part=3, addr=0xc0deee80, store, size=128, L2_WRBK  status = IN_PARTITION_DRAM_LATENCY_QUEUE (460594), 
Ready @ 460856 -   mf: uid=7848885, sid4294967295:w4294967295, part=3, addr=0xc0deee00, store, size=128, L2_WRBK  status = IN_PARTITION_DRAM_LATENCY_QUEUE (460602), 
Ready @ 460878 -   mf: uid=7848916, sid4294967295:w4294967295, part=3, addr=0xc0de1380, store, size=128, L2_WRBK  status = IN_PARTITION_DRAM_LATENCY_QUEUE (460624), 
Ready @ 460882 -   mf: uid=7848923, sid4294967295:w4294967295, part=3, addr=0xc0de1300, store, size=128, L2_WRBK  status = IN_PARTITION_DRAM_LATENCY_QUEUE (460628), 
Ready @ 460902 -   mf: uid=7848944, sid4294967295:w4294967295, part=3, addr=0xc0de2180, store, size=128, L2_WRBK  status = IN_PARTITION_DRAM_LATENCY_QUEUE (460648), 
Ready @ 460929 -   mf: uid=7848965, sid4294967295:w4294967295, part=3, addr=0xc0de3100, store, size=128, L2_WRBK  status = IN_PARTITION_DRAM_LATENCY_QUEUE (460675), 
Ready @ 460936 -   mf: uid=7848970, sid4294967295:w4294967295, part=3, addr=0xc0de2100, store, size=128, L2_WRBK  status = IN_PARTITION_DRAM_LATENCY_QUEUE (460682), 
Ready @ 460937 -   mf: uid=7848972, sid4294967295:w4294967295, part=3, addr=0xc0de3180, store, size=128, L2_WRBK  status = IN_PARTITION_DRAM_LATENCY_QUEUE (460683), 
Ready @ 460955 -   mf: uid=7848985, sid4294967295:w4294967295, part=3, addr=0xc0de5600, store, size=128, L2_WRBK  status = IN_PARTITION_DRAM_LATENCY_QUEUE (460701), 
Ready @ 460960 -   mf: uid=7848990, sid4294967295:w4294967295, part=3, addr=0xc0de4680, store, size=128, L2_WRBK  status = IN_PARTITION_DRAM_LATENCY_QUEUE (460706), 
Ready @ 460983 -   mf: uid=7849005, sid4294967295:w4294967295, part=3, addr=0xc0de4600, store, size=128, L2_WRBK  status = IN_PARTITION_DRAM_LATENCY_QUEUE (460729), 
Ready @ 460984 -   mf: uid=7849007, sid4294967295:w4294967295, part=3, addr=0xc0de5680, store, size=128, L2_WRBK  status = IN_PARTITION_DRAM_LATENCY_QUEUE (460730), 
Ready @ 461004 -   mf: uid=7849016, sid4294967295:w4294967295, part=3, addr=0xc0de7480, store, size=128, L2_WRBK  status = IN_PARTITION_DRAM_LATENCY_QUEUE (460750), 
Ready @ 461008 -   mf: uid=7849020, sid4294967295:w4294967295, part=3, addr=0xc0de6400, store, size=128, L2_WRBK  status = IN_PARTITION_DRAM_LATENCY_QUEUE (460754), 
Ready @ 461032 -   mf: uid=7849027, sid4294967295:w4294967295, part=3, addr=0xc0de6480, store, size=128, L2_WRBK  status = IN_PARTITION_DRAM_LATENCY_QUEUE (460778), 
Ready @ 461033 -   mf: uid=7849028, sid4294967295:w4294967295, part=3, addr=0xc0de7400, store, size=128, L2_WRBK  status = IN_PARTITION_DRAM_LATENCY_QUEUE (460779), 
DRAM[3]: 16 bks, busW=2 BL=16 CL=24, tRRD=12 tCCD=4, tRCD=24 tRAS=55 tRP=24 tRC=78
n_cmd=567196 n_nop=435222 n_act=2592 n_pre=2576 n_ref_event=0 n_req=80880 n_rd=65536 n_rd_L2_A=0 n_write=0 n_wr_bk=61354 bw_util=0.8949
n_activity=545203 dram_eff=0.931
bk0: 4096a 449923i bk1: 4096a 450034i bk2: 4096a 457606i bk3: 4096a 457374i bk4: 4096a 450580i bk5: 4096a 450087i bk6: 4096a 460476i bk7: 4096a 460613i bk8: 4096a 449994i bk9: 4096a 448282i bk10: 4096a 454084i bk11: 4096a 454368i bk12: 4096a 451996i bk13: 4096a 448728i bk14: 4096a 456957i bk15: 4096a 458120i 

------------------------------------------------------------------------

Row_Buffer_Locality = 0.967951
Row_Buffer_Locality_read = 0.979965
Row_Buffer_Locality_write = 0.916629
Bank_Level_Parallism = 3.516126
Bank_Level_Parallism_Col = 3.390482
Bank_Level_Parallism_Ready = 1.512713
write_to_read_ratio_blp_rw_average = 0.464548
GrpLevelPara = 2.944259 

BW Util details:
bwutil = 0.894858 
total_CMD = 567196 
util_bw = 507559 
Wasted_Col = 27690 
Wasted_Row = 4518 
Idle = 27429 

BW Util Bottlenecks: 
RCDc_limit = 4772 
RCDWRc_limit = 3376 
WTRc_limit = 24601 
RTWc_limit = 19861 
CCDLc_limit = 12771 
rwq = 0 
CCDLc_limit_alone = 10441 
WTRc_limit_alone = 23249 
RTWc_limit_alone = 18883 

Commands details: 
total_CMD = 567196 
n_nop = 435222 
Read = 65536 
Write = 0 
L2_Alloc = 0 
L2_WB = 61354 
n_act = 2592 
n_pre = 2576 
n_ref = 0 
n_req = 80880 
total_req = 126890 

Dual Bus Interface Util: 
issued_total_row = 5168 
issued_total_col = 126890 
Row_Bus_Util =  0.009111 
CoL_Bus_Util = 0.223715 
Either_Row_CoL_Bus_Util = 0.232678 
Issued_on_Two_Bus_Simul_Util = 0.000148 
issued_two_Eff = 0.000636 
queue_avg = 32.088131 


dram_util_bins: 0 0 0 0 0 0 0 0 0 0
dram_eff_bins: 0 0 0 0 0 0 0 0 0 0
mrqq: max=64 avg=32.0881
Memory Partition 4: 
Cache L2_bank_008:
MSHR contents

Cache L2_bank_009:
MSHR contents

In Dram Latency Queue (total = 0): 
DRAM[4]: 16 bks, busW=2 BL=16 CL=24, tRRD=12 tCCD=4, tRCD=24 tRAS=55 tRP=24 tRC=78
n_cmd=567196 n_nop=435173 n_act=2575 n_pre=2559 n_ref_event=0 n_req=80896 n_rd=65536 n_rd_L2_A=0 n_write=0 n_wr_bk=61432 bw_util=0.8954
n_activity=545334 dram_eff=0.9313
bk0: 4096a 450128i bk1: 4096a 449276i bk2: 4096a 455506i bk3: 4096a 456643i bk4: 4096a 450548i bk5: 4096a 450022i bk6: 4096a 461310i bk7: 4096a 461217i bk8: 4096a 448977i bk9: 4096a 448485i bk10: 4096a 460682i bk11: 4096a 460777i bk12: 4096a 456250i bk13: 4096a 455082i bk14: 4096a 462170i bk15: 4096a 464035i 

------------------------------------------------------------------------

Row_Buffer_Locality = 0.968169
Row_Buffer_Locality_read = 0.980087
Row_Buffer_Locality_write = 0.917312
Bank_Level_Parallism = 3.455030
Bank_Level_Parallism_Col = 3.330198
Bank_Level_Parallism_Ready = 1.470925
write_to_read_ratio_blp_rw_average = 0.464215
GrpLevelPara = 2.928949 

BW Util details:
bwutil = 0.895408 
total_CMD = 567196 
util_bw = 507871 
Wasted_Col = 27690 
Wasted_Row = 4501 
Idle = 27134 

BW Util Bottlenecks: 
RCDc_limit = 4793 
RCDWRc_limit = 3866 
WTRc_limit = 24277 
RTWc_limit = 18756 
CCDLc_limit = 13061 
rwq = 0 
CCDLc_limit_alone = 10571 
WTRc_limit_alone = 22773 
RTWc_limit_alone = 17770 

Commands details: 
total_CMD = 567196 
n_nop = 435173 
Read = 65536 
Write = 0 
L2_Alloc = 0 
L2_WB = 61432 
n_act = 2575 
n_pre = 2559 
n_ref = 0 
n_req = 80896 
total_req = 126968 

Dual Bus Interface Util: 
issued_total_row = 5134 
issued_total_col = 126968 
Row_Bus_Util =  0.009052 
CoL_Bus_Util = 0.223852 
Either_Row_CoL_Bus_Util = 0.232764 
Issued_on_Two_Bus_Simul_Util = 0.000139 
issued_two_Eff = 0.000598 
queue_avg = 30.546301 


dram_util_bins: 0 0 0 0 0 0 0 0 0 0
dram_eff_bins: 0 0 0 0 0 0 0 0 0 0
mrqq: max=64 avg=30.5463
Memory Partition 5: 
Cache L2_bank_010:
MSHR contents

Cache L2_bank_011:
MSHR contents

In Dram Latency Queue (total = 20): 
Ready @ 460849 -   mf: uid=7848875, sid4294967295:w4294967295, part=5, addr=0xc0dee880, store, size=128, L2_WRBK  status = IN_PARTITION_DRAM_LATENCY_QUEUE (460595), 
Ready @ 460853 -   mf: uid=7848883, sid4294967295:w4294967295, part=5, addr=0xc0dee800, store, size=128, L2_WRBK  status = IN_PARTITION_DRAM_LATENCY_QUEUE (460599), 
Ready @ 460872 -   mf: uid=7848911, sid4294967295:w4294967295, part=5, addr=0xc0def880, store, size=128, L2_WRBK  status = IN_PARTITION_DRAM_LATENCY_QUEUE (460618), 
Ready @ 460876 -   mf: uid=7848914, sid4294967295:w4294967295, part=5, addr=0xc0def800, store, size=128, L2_WRBK  status = IN_PARTITION_DRAM_LATENCY_QUEUE (460622), 
Ready @ 460901 -   mf: uid=7848941, sid4294967295:w4294967295, part=5, addr=0xc0de0500, store, size=128, L2_WRBK  status = IN_PARTITION_DRAM_LATENCY_QUEUE (460647), 
Ready @ 460905 -   mf: uid=7848946, sid4294967295:w4294967295, part=5, addr=0xc0de0580, store, size=128, L2_WRBK  status = IN_PARTITION_DRAM_LATENCY_QUEUE (460651), 
Ready @ 460928 -   mf: uid=7848963, sid4294967295:w4294967295, part=5, addr=0xc0de1500, store, size=128, L2_WRBK  status = IN_PARTITION_DRAM_LATENCY_QUEUE (460674), 
Ready @ 460932 -   mf: uid=7848967, sid4294967295:w4294967295, part=5, addr=0xc0de1580, store, size=128, L2_WRBK  status = IN_PARTITION_DRAM_LATENCY_QUEUE (460678), 
Ready @ 460962 -   mf: uid=7848992, sid4294967295:w4294967295, part=5, addr=0xc0de2780, store, size=128, L2_WRBK  status = IN_PARTITION_DRAM_LATENCY_QUEUE (460708), 
Ready @ 460966 -   mf: uid=7848995, sid4294967295:w4294967295, part=5, addr=0xc0de2700, store, size=128, L2_WRBK  status = IN_PARTITION_DRAM_LATENCY_QUEUE (460712), 
Ready @ 460974 -   mf: uid=7848999, sid4294967295:w4294967295, part=5, addr=0xc0de3780, store, size=128, L2_WRBK  status = IN_PARTITION_DRAM_LATENCY_QUEUE (460720), 
Ready @ 460978 -   mf: uid=7849002, sid4294967295:w4294967295, part=5, addr=0xc0de3700, store, size=128, L2_WRBK  status = IN_PARTITION_DRAM_LATENCY_QUEUE (460724), 
Ready @ 461000 -   mf: uid=7849014, sid4294967295:w4294967295, part=5, addr=0xc0de4080, store, size=128, L2_WRBK  status = IN_PARTITION_DRAM_LATENCY_QUEUE (460746), 
Ready @ 461005 -   mf: uid=7849017, sid4294967295:w4294967295, part=5, addr=0xc0de4000, store, size=128, L2_WRBK  status = IN_PARTITION_DRAM_LATENCY_QUEUE (460751), 
Ready @ 461026 -   mf: uid=7849025, sid4294967295:w4294967295, part=5, addr=0xc0de5080, store, size=128, L2_WRBK  status = IN_PARTITION_DRAM_LATENCY_QUEUE (460772), 
Ready @ 461042 -   mf: uid=7849032, sid4294967295:w4294967295, part=5, addr=0xc0de5000, store, size=128, L2_WRBK  status = IN_PARTITION_DRAM_LATENCY_QUEUE (460788), 
Ready @ 461052 -   mf: uid=7849034, sid4294967295:w4294967295, part=5, addr=0xc0de6280, store, size=128, L2_WRBK  status = IN_PARTITION_DRAM_LATENCY_QUEUE (460798), 
Ready @ 461056 -   mf: uid=7849035, sid4294967295:w4294967295, part=5, addr=0xc0de6200, store, size=128, L2_WRBK  status = IN_PARTITION_DRAM_LATENCY_QUEUE (460802), 
Ready @ 461078 -   mf: uid=7849038, sid4294967295:w4294967295, part=5, addr=0xc0de7280, store, size=128, L2_WRBK  status = IN_PARTITION_DRAM_LATENCY_QUEUE (460824), 
Ready @ 461082 -   mf: uid=7849039, sid4294967295:w4294967295, part=5, addr=0xc0de7200, store, size=128, L2_WRBK  status = IN_PARTITION_DRAM_LATENCY_QUEUE (460828), 
DRAM[5]: 16 bks, busW=2 BL=16 CL=24, tRRD=12 tCCD=4, tRCD=24 tRAS=55 tRP=24 tRC=78
n_cmd=567196 n_nop=435190 n_act=2605 n_pre=2589 n_ref_event=0 n_req=80876 n_rd=65536 n_rd_L2_A=0 n_write=0 n_wr_bk=61351 bw_util=0.8948
n_activity=545851 dram_eff=0.9298
bk0: 4096a 442618i bk1: 4096a 440369i bk2: 4096a 449983i bk3: 4096a 453508i bk4: 4096a 446752i bk5: 4096a 444680i bk6: 4096a 452081i bk7: 4096a 455347i bk8: 4096a 440799i bk9: 4096a 440243i bk10: 4096a 451977i bk11: 4096a 453724i bk12: 4096a 446965i bk13: 4096a 446086i bk14: 4096a 461542i bk15: 4096a 460363i 

------------------------------------------------------------------------

Row_Buffer_Locality = 0.967790
Row_Buffer_Locality_read = 0.979828
Row_Buffer_Locality_write = 0.916357
Bank_Level_Parallism = 3.637362
Bank_Level_Parallism_Col = 3.512877
Bank_Level_Parallism_Ready = 1.542815
write_to_read_ratio_blp_rw_average = 0.481962
GrpLevelPara = 3.015793 

BW Util details:
bwutil = 0.894837 
total_CMD = 567196 
util_bw = 507545 
Wasted_Col = 28771 
Wasted_Row = 5053 
Idle = 25827 

BW Util Bottlenecks: 
RCDc_limit = 5465 
RCDWRc_limit = 3344 
WTRc_limit = 23680 
RTWc_limit = 22091 
CCDLc_limit = 13242 
rwq = 0 
CCDLc_limit_alone = 11128 
WTRc_limit_alone = 22626 
RTWc_limit_alone = 21031 

Commands details: 
total_CMD = 567196 
n_nop = 435190 
Read = 65536 
Write = 0 
L2_Alloc = 0 
L2_WB = 61351 
n_act = 2605 
n_pre = 2589 
n_ref = 0 
n_req = 80876 
total_req = 126887 

Dual Bus Interface Util: 
issued_total_row = 5194 
issued_total_col = 126887 
Row_Bus_Util =  0.009157 
CoL_Bus_Util = 0.223709 
Either_Row_CoL_Bus_Util = 0.232734 
Issued_on_Two_Bus_Simul_Util = 0.000132 
issued_two_Eff = 0.000568 
queue_avg = 34.399792 


dram_util_bins: 0 0 0 0 0 0 0 0 0 0
dram_eff_bins: 0 0 0 0 0 0 0 0 0 0
mrqq: max=64 avg=34.3998
Memory Partition 6: 
Cache L2_bank_012:
MSHR contents

Cache L2_bank_013:
MSHR contents

In Dram Latency Queue (total = 14): 
Ready @ 460852 -   mf: uid=7848878, sid4294967295:w4294967295, part=6, addr=0xc0deeb80, store, size=128, L2_WRBK  status = IN_PARTITION_DRAM_LATENCY_QUEUE (460598), 
Ready @ 460859 -   mf: uid=7848889, sid4294967295:w4294967295, part=6, addr=0xc0de0600, store, size=128, L2_WRBK  status = IN_PARTITION_DRAM_LATENCY_QUEUE (460605), 
Ready @ 460880 -   mf: uid=7848921, sid4294967295:w4294967295, part=6, addr=0xc0de2480, store, size=128, L2_WRBK  status = IN_PARTITION_DRAM_LATENCY_QUEUE (460626), 
Ready @ 460886 -   mf: uid=7848927, sid4294967295:w4294967295, part=6, addr=0xc0de3400, store, size=128, L2_WRBK  status = IN_PARTITION_DRAM_LATENCY_QUEUE (460632), 
Ready @ 460893 -   mf: uid=7848935, sid4294967295:w4294967295, part=6, addr=0xc0de3480, store, size=128, L2_WRBK  status = IN_PARTITION_DRAM_LATENCY_QUEUE (460639), 
Ready @ 460896 -   mf: uid=7848938, sid4294967295:w4294967295, part=6, addr=0xc0de2400, store, size=128, L2_WRBK  status = IN_PARTITION_DRAM_LATENCY_QUEUE (460642), 
Ready @ 460919 -   mf: uid=7848957, sid4294967295:w4294967295, part=6, addr=0xc0de4380, store, size=128, L2_WRBK  status = IN_PARTITION_DRAM_LATENCY_QUEUE (460665), 
Ready @ 460923 -   mf: uid=7848960, sid4294967295:w4294967295, part=6, addr=0xc0de4300, store, size=128, L2_WRBK  status = IN_PARTITION_DRAM_LATENCY_QUEUE (460669), 
Ready @ 460951 -   mf: uid=7848981, sid4294967295:w4294967295, part=6, addr=0xc0de6180, store, size=128, L2_WRBK  status = IN_PARTITION_DRAM_LATENCY_QUEUE (460697), 
Ready @ 460955 -   mf: uid=7848986, sid4294967295:w4294967295, part=6, addr=0xc0de6100, store, size=128, L2_WRBK  status = IN_PARTITION_DRAM_LATENCY_QUEUE (460701), 
Ready @ 460970 -   mf: uid=7848998, sid4294967295:w4294967295, part=6, addr=0xc0de5380, store, size=128, L2_WRBK  status = IN_PARTITION_DRAM_LATENCY_QUEUE (460716), 
Ready @ 460974 -   mf: uid=7849000, sid4294967295:w4294967295, part=6, addr=0xc0de5300, store, size=128, L2_WRBK  status = IN_PARTITION_DRAM_LATENCY_QUEUE (460720), 
Ready @ 460996 -   mf: uid=7849013, sid4294967295:w4294967295, part=6, addr=0xc0de7180, store, size=128, L2_WRBK  status = IN_PARTITION_DRAM_LATENCY_QUEUE (460742), 
Ready @ 461002 -   mf: uid=7849015, sid4294967295:w4294967295, part=6, addr=0xc0de7100, store, size=128, L2_WRBK  status = IN_PARTITION_DRAM_LATENCY_QUEUE (460748), 
DRAM[6]: 16 bks, busW=2 BL=16 CL=24, tRRD=12 tCCD=4, tRCD=24 tRAS=55 tRP=24 tRC=78
n_cmd=567196 n_nop=435266 n_act=2556 n_pre=2540 n_ref_event=0 n_req=80882 n_rd=65536 n_rd_L2_A=0 n_write=0 n_wr_bk=61376 bw_util=0.895
n_activity=545569 dram_eff=0.9305
bk0: 4096a 442844i bk1: 4096a 442444i bk2: 4096a 453289i bk3: 4096a 456383i bk4: 4096a 444540i bk5: 4096a 444174i bk6: 4096a 458996i bk7: 4096a 461375i bk8: 4096a 448766i bk9: 4096a 446247i bk10: 4096a 450674i bk11: 4096a 453156i bk12: 4096a 446141i bk13: 4096a 445703i bk14: 4096a 458705i bk15: 4096a 457508i 

------------------------------------------------------------------------

Row_Buffer_Locality = 0.968398
Row_Buffer_Locality_read = 0.980255
Row_Buffer_Locality_write = 0.917758
Bank_Level_Parallism = 3.597385
Bank_Level_Parallism_Col = 3.477686
Bank_Level_Parallism_Ready = 1.509835
write_to_read_ratio_blp_rw_average = 0.480512
GrpLevelPara = 2.983141 

BW Util details:
bwutil = 0.895013 
total_CMD = 567196 
util_bw = 507645 
Wasted_Col = 28359 
Wasted_Row = 4851 
Idle = 26341 

BW Util Bottlenecks: 
RCDc_limit = 5355 
RCDWRc_limit = 3432 
WTRc_limit = 24464 
RTWc_limit = 21386 
CCDLc_limit = 13671 
rwq = 0 
CCDLc_limit_alone = 10906 
WTRc_limit_alone = 22933 
RTWc_limit_alone = 20152 

Commands details: 
total_CMD = 567196 
n_nop = 435266 
Read = 65536 
Write = 0 
L2_Alloc = 0 
L2_WB = 61376 
n_act = 2556 
n_pre = 2540 
n_ref = 0 
n_req = 80882 
total_req = 126912 

Dual Bus Interface Util: 
issued_total_row = 5096 
issued_total_col = 126912 
Row_Bus_Util =  0.008985 
CoL_Bus_Util = 0.223753 
Either_Row_CoL_Bus_Util = 0.232600 
Issued_on_Two_Bus_Simul_Util = 0.000138 
issued_two_Eff = 0.000591 
queue_avg = 33.264141 


dram_util_bins: 0 0 0 0 0 0 0 0 0 0
dram_eff_bins: 0 0 0 0 0 0 0 0 0 0
mrqq: max=64 avg=33.2641
Memory Partition 7: 
Cache L2_bank_014:
MSHR contents

Cache L2_bank_015:
MSHR contents

In Dram Latency Queue (total = 4): 
Ready @ 460858 -   mf: uid=7848887, sid4294967295:w4294967295, part=7, addr=0xc0de5280, store, size=128, L2_WRBK  status = IN_PARTITION_DRAM_LATENCY_QUEUE (460604), 
Ready @ 460862 -   mf: uid=7848897, sid4294967295:w4294967295, part=7, addr=0xc0de5200, store, size=128, L2_WRBK  status = IN_PARTITION_DRAM_LATENCY_QUEUE (460608), 
Ready @ 460875 -   mf: uid=7848913, sid4294967295:w4294967295, part=7, addr=0xc0de7000, store, size=128, L2_WRBK  status = IN_PARTITION_DRAM_LATENCY_QUEUE (460621), 
Ready @ 460879 -   mf: uid=7848918, sid4294967295:w4294967295, part=7, addr=0xc0de7080, store, size=128, L2_WRBK  status = IN_PARTITION_DRAM_LATENCY_QUEUE (460625), 
DRAM[7]: 16 bks, busW=2 BL=16 CL=24, tRRD=12 tCCD=4, tRCD=24 tRAS=55 tRP=24 tRC=78
n_cmd=567196 n_nop=435157 n_act=2595 n_pre=2579 n_ref_event=0 n_req=80892 n_rd=65536 n_rd_L2_A=0 n_write=0 n_wr_bk=61414 bw_util=0.8953
n_activity=545238 dram_eff=0.9313
bk0: 4096a 449469i bk1: 4096a 446525i bk2: 4096a 453790i bk3: 4096a 455788i bk4: 4096a 452591i bk5: 4096a 452978i bk6: 4096a 458629i bk7: 4096a 462630i bk8: 4096a 443137i bk9: 4096a 440198i bk10: 4096a 454364i bk11: 4096a 457341i bk12: 4096a 450147i bk13: 4096a 446752i bk14: 4096a 453354i bk15: 4096a 456149i 

------------------------------------------------------------------------

Row_Buffer_Locality = 0.967920
Row_Buffer_Locality_read = 0.980087
Row_Buffer_Locality_write = 0.915988
Bank_Level_Parallism = 3.559753
Bank_Level_Parallism_Col = 3.434127
Bank_Level_Parallism_Ready = 1.509565
write_to_read_ratio_blp_rw_average = 0.472227
GrpLevelPara = 2.969772 

BW Util details:
bwutil = 0.895281 
total_CMD = 567196 
util_bw = 507797 
Wasted_Col = 28006 
Wasted_Row = 4411 
Idle = 26982 

BW Util Bottlenecks: 
RCDc_limit = 5126 
RCDWRc_limit = 3333 
WTRc_limit = 25393 
RTWc_limit = 20031 
CCDLc_limit = 12662 
rwq = 0 
CCDLc_limit_alone = 10258 
WTRc_limit_alone = 24097 
RTWc_limit_alone = 18923 

Commands details: 
total_CMD = 567196 
n_nop = 435157 
Read = 65536 
Write = 0 
L2_Alloc = 0 
L2_WB = 61414 
n_act = 2595 
n_pre = 2579 
n_ref = 0 
n_req = 80892 
total_req = 126950 

Dual Bus Interface Util: 
issued_total_row = 5174 
issued_total_col = 126950 
Row_Bus_Util =  0.009122 
CoL_Bus_Util = 0.223820 
Either_Row_CoL_Bus_Util = 0.232793 
Issued_on_Two_Bus_Simul_Util = 0.000150 
issued_two_Eff = 0.000644 
queue_avg = 32.647072 


dram_util_bins: 0 0 0 0 0 0 0 0 0 0
dram_eff_bins: 0 0 0 0 0 0 0 0 0 0
mrqq: max=64 avg=32.6471
Memory Partition 8: 
Cache L2_bank_016:
MSHR contents

Cache L2_bank_017:
MSHR contents

In Dram Latency Queue (total = 4): 
Ready @ 460861 -   mf: uid=7848896, sid4294967295:w4294967295, part=8, addr=0xc0de6f80, store, size=128, L2_WRBK  status = IN_PARTITION_DRAM_LATENCY_QUEUE (460607), 
Ready @ 460865 -   mf: uid=7848905, sid4294967295:w4294967295, part=8, addr=0xc0de6f00, store, size=128, L2_WRBK  status = IN_PARTITION_DRAM_LATENCY_QUEUE (460611), 
Ready @ 460880 -   mf: uid=7848922, sid4294967295:w4294967295, part=8, addr=0xc0de7f80, store, size=128, L2_WRBK  status = IN_PARTITION_DRAM_LATENCY_QUEUE (460626), 
Ready @ 460884 -   mf: uid=7848926, sid4294967295:w4294967295, part=8, addr=0xc0de7f00, store, size=128, L2_WRBK  status = IN_PARTITION_DRAM_LATENCY_QUEUE (460630), 
DRAM[8]: 16 bks, busW=2 BL=16 CL=24, tRRD=12 tCCD=4, tRCD=24 tRAS=55 tRP=24 tRC=78
n_cmd=567196 n_nop=435208 n_act=2580 n_pre=2564 n_ref_event=0 n_req=80892 n_rd=65536 n_rd_L2_A=0 n_write=0 n_wr_bk=61382 bw_util=0.8951
n_activity=546176 dram_eff=0.9295
bk0: 4096a 443839i bk1: 4096a 443867i bk2: 4096a 451981i bk3: 4096a 453201i bk4: 4096a 446827i bk5: 4096a 444590i bk6: 4096a 456700i bk7: 4096a 456794i bk8: 4096a 444451i bk9: 4096a 442144i bk10: 4096a 455178i bk11: 4096a 453963i bk12: 4096a 447889i bk13: 4096a 447363i bk14: 4096a 457157i bk15: 4096a 459475i 

------------------------------------------------------------------------

Row_Buffer_Locality = 0.968103
Row_Buffer_Locality_read = 0.980057
Row_Buffer_Locality_write = 0.917063
Bank_Level_Parallism = 3.605959
Bank_Level_Parallism_Col = 3.482500
Bank_Level_Parallism_Ready = 1.511297
write_to_read_ratio_blp_rw_average = 0.473548
GrpLevelPara = 2.997655 

BW Util details:
bwutil = 0.895056 
total_CMD = 567196 
util_bw = 507671 
Wasted_Col = 28786 
Wasted_Row = 4761 
Idle = 25978 

BW Util Bottlenecks: 
RCDc_limit = 5350 
RCDWRc_limit = 3541 
WTRc_limit = 26188 
RTWc_limit = 20364 
CCDLc_limit = 13843 
rwq = 0 
CCDLc_limit_alone = 11107 
WTRc_limit_alone = 24617 
RTWc_limit_alone = 19199 

Commands details: 
total_CMD = 567196 
n_nop = 435208 
Read = 65536 
Write = 0 
L2_Alloc = 0 
L2_WB = 61382 
n_act = 2580 
n_pre = 2564 
n_ref = 0 
n_req = 80892 
total_req = 126918 

Dual Bus Interface Util: 
issued_total_row = 5144 
issued_total_col = 126918 
Row_Bus_Util =  0.009069 
CoL_Bus_Util = 0.223764 
Either_Row_CoL_Bus_Util = 0.232703 
Issued_on_Two_Bus_Simul_Util = 0.000130 
issued_two_Eff = 0.000561 
queue_avg = 33.809315 


dram_util_bins: 0 0 0 0 0 0 0 0 0 0
dram_eff_bins: 0 0 0 0 0 0 0 0 0 0
mrqq: max=64 avg=33.8093
Memory Partition 9: 
Cache L2_bank_018:
MSHR contents

Cache L2_bank_019:
MSHR contents

In Dram Latency Queue (total = 0): 
DRAM[9]: 16 bks, busW=2 BL=16 CL=24, tRRD=12 tCCD=4, tRCD=24 tRAS=55 tRP=24 tRC=78
n_cmd=567196 n_nop=435181 n_act=2577 n_pre=2561 n_ref_event=0 n_req=80896 n_rd=65536 n_rd_L2_A=0 n_write=0 n_wr_bk=61426 bw_util=0.8954
n_activity=545306 dram_eff=0.9313
bk0: 4096a 453461i bk1: 4096a 453477i bk2: 4096a 455247i bk3: 4096a 458326i bk4: 4096a 451805i bk5: 4096a 451402i bk6: 4096a 460113i bk7: 4096a 460832i bk8: 4096a 448150i bk9: 4096a 449791i bk10: 4096a 458735i bk11: 4096a 460381i bk12: 4096a 454822i bk13: 4096a 455839i bk14: 4096a 458953i bk15: 4096a 458595i 

------------------------------------------------------------------------

Row_Buffer_Locality = 0.968143
Row_Buffer_Locality_read = 0.980118
Row_Buffer_Locality_write = 0.917041
Bank_Level_Parallism = 3.458894
Bank_Level_Parallism_Col = 3.334209
Bank_Level_Parallism_Ready = 1.487275
write_to_read_ratio_blp_rw_average = 0.468071
GrpLevelPara = 2.926850 

BW Util details:
bwutil = 0.895366 
total_CMD = 567196 
util_bw = 507847 
Wasted_Col = 27452 
Wasted_Row = 4486 
Idle = 27411 

BW Util Bottlenecks: 
RCDc_limit = 4730 
RCDWRc_limit = 3854 
WTRc_limit = 24377 
RTWc_limit = 18206 
CCDLc_limit = 12535 
rwq = 0 
CCDLc_limit_alone = 10148 
WTRc_limit_alone = 22793 
RTWc_limit_alone = 17403 

Commands details: 
total_CMD = 567196 
n_nop = 435181 
Read = 65536 
Write = 0 
L2_Alloc = 0 
L2_WB = 61426 
n_act = 2577 
n_pre = 2561 
n_ref = 0 
n_req = 80896 
total_req = 126962 

Dual Bus Interface Util: 
issued_total_row = 5138 
issued_total_col = 126962 
Row_Bus_Util =  0.009059 
CoL_Bus_Util = 0.223841 
Either_Row_CoL_Bus_Util = 0.232750 
Issued_on_Two_Bus_Simul_Util = 0.000150 
issued_two_Eff = 0.000644 
queue_avg = 30.592762 


dram_util_bins: 0 0 0 0 0 0 0 0 0 0
dram_eff_bins: 0 0 0 0 0 0 0 0 0 0
mrqq: max=64 avg=30.5928
Memory Partition 10: 
Cache L2_bank_020:
MSHR contents

Cache L2_bank_021:
MSHR contents

In Dram Latency Queue (total = 5): 
Ready @ 460858 -   mf: uid=7848888, sid4294967295:w4294967295, part=10, addr=0xc0de5f00, store, size=128, L2_WRBK  status = IN_PARTITION_DRAM_LATENCY_QUEUE (460604), 
Ready @ 460865 -   mf: uid=7848906, sid4294967295:w4294967295, part=10, addr=0xc0de6d80, store, size=128, L2_WRBK  status = IN_PARTITION_DRAM_LATENCY_QUEUE (460611), 
Ready @ 460871 -   mf: uid=7848910, sid4294967295:w4294967295, part=10, addr=0xc0de6d00, store, size=128, L2_WRBK  status = IN_PARTITION_DRAM_LATENCY_QUEUE (460617), 
Ready @ 460886 -   mf: uid=7848928, sid4294967295:w4294967295, part=10, addr=0xc0de7d80, store, size=128, L2_WRBK  status = IN_PARTITION_DRAM_LATENCY_QUEUE (460632), 
Ready @ 460892 -   mf: uid=7848934, sid4294967295:w4294967295, part=10, addr=0xc0de7d00, store, size=128, L2_WRBK  status = IN_PARTITION_DRAM_LATENCY_QUEUE (460638), 
DRAM[10]: 16 bks, busW=2 BL=16 CL=24, tRRD=12 tCCD=4, tRCD=24 tRAS=55 tRP=24 tRC=78
n_cmd=567196 n_nop=435181 n_act=2586 n_pre=2570 n_ref_event=0 n_req=80891 n_rd=65536 n_rd_L2_A=0 n_write=0 n_wr_bk=61408 bw_util=0.8952
n_activity=545940 dram_eff=0.9301
bk0: 4096a 445404i bk1: 4096a 445010i bk2: 4096a 454989i bk3: 4096a 456243i bk4: 4096a 446792i bk5: 4096a 445680i bk6: 4096a 456612i bk7: 4096a 457306i bk8: 4096a 441093i bk9: 4096a 439049i bk10: 4096a 450702i bk11: 4096a 453327i bk12: 4096a 448659i bk13: 4096a 445542i bk14: 4096a 459422i bk15: 4096a 461004i 

------------------------------------------------------------------------

Row_Buffer_Locality = 0.968030
Row_Buffer_Locality_read = 0.979935
Row_Buffer_Locality_write = 0.917215
Bank_Level_Parallism = 3.606045
Bank_Level_Parallism_Col = 3.486191
Bank_Level_Parallism_Ready = 1.521551
write_to_read_ratio_blp_rw_average = 0.480559
GrpLevelPara = 2.978252 

BW Util details:
bwutil = 0.895239 
total_CMD = 567196 
util_bw = 507775 
Wasted_Col = 27826 
Wasted_Row = 5227 
Idle = 26368 

BW Util Bottlenecks: 
RCDc_limit = 5135 
RCDWRc_limit = 3527 
WTRc_limit = 24151 
RTWc_limit = 21002 
CCDLc_limit = 12997 
rwq = 0 
CCDLc_limit_alone = 10392 
WTRc_limit_alone = 22680 
RTWc_limit_alone = 19868 

Commands details: 
total_CMD = 567196 
n_nop = 435181 
Read = 65536 
Write = 0 
L2_Alloc = 0 
L2_WB = 61408 
n_act = 2586 
n_pre = 2570 
n_ref = 0 
n_req = 80891 
total_req = 126944 

Dual Bus Interface Util: 
issued_total_row = 5156 
issued_total_col = 126944 
Row_Bus_Util =  0.009090 
CoL_Bus_Util = 0.223810 
Either_Row_CoL_Bus_Util = 0.232750 
Issued_on_Two_Bus_Simul_Util = 0.000150 
issued_two_Eff = 0.000644 
queue_avg = 33.760738 


dram_util_bins: 0 0 0 0 0 0 0 0 0 0
dram_eff_bins: 0 0 0 0 0 0 0 0 0 0
mrqq: max=64 avg=33.7607
Memory Partition 11: 
Cache L2_bank_022:
MSHR contents

Cache L2_bank_023:
MSHR contents

In Dram Latency Queue (total = 8): 
Ready @ 460864 -   mf: uid=7848904, sid4294967295:w4294967295, part=11, addr=0xc0de4e80, store, size=128, L2_WRBK  status = IN_PARTITION_DRAM_LATENCY_QUEUE (460610), 
Ready @ 460882 -   mf: uid=7848924, sid4294967295:w4294967295, part=11, addr=0xc0de4e00, store, size=128, L2_WRBK  status = IN_PARTITION_DRAM_LATENCY_QUEUE (460628), 
Ready @ 460893 -   mf: uid=7848936, sid4294967295:w4294967295, part=11, addr=0xc0de5e80, store, size=128, L2_WRBK  status = IN_PARTITION_DRAM_LATENCY_QUEUE (460639), 
Ready @ 460901 -   mf: uid=7848942, sid4294967295:w4294967295, part=11, addr=0xc0de5e00, store, size=128, L2_WRBK  status = IN_PARTITION_DRAM_LATENCY_QUEUE (460647), 
Ready @ 460912 -   mf: uid=7848953, sid4294967295:w4294967295, part=11, addr=0xc0de6c80, store, size=128, L2_WRBK  status = IN_PARTITION_DRAM_LATENCY_QUEUE (460658), 
Ready @ 460920 -   mf: uid=7848958, sid4294967295:w4294967295, part=11, addr=0xc0de6c00, store, size=128, L2_WRBK  status = IN_PARTITION_DRAM_LATENCY_QUEUE (460666), 
Ready @ 460937 -   mf: uid=7848973, sid4294967295:w4294967295, part=11, addr=0xc0de7c80, store, size=128, L2_WRBK  status = IN_PARTITION_DRAM_LATENCY_QUEUE (460683), 
Ready @ 460941 -   mf: uid=7848976, sid4294967295:w4294967295, part=11, addr=0xc0de7c00, store, size=128, L2_WRBK  status = IN_PARTITION_DRAM_LATENCY_QUEUE (460687), 
DRAM[11]: 16 bks, busW=2 BL=16 CL=24, tRRD=12 tCCD=4, tRCD=24 tRAS=55 tRP=24 tRC=78
n_cmd=567196 n_nop=435265 n_act=2563 n_pre=2547 n_ref_event=0 n_req=80888 n_rd=65536 n_rd_L2_A=0 n_write=0 n_wr_bk=61383 bw_util=0.8951
n_activity=546052 dram_eff=0.9297
bk0: 4096a 443228i bk1: 4096a 441797i bk2: 4096a 455888i bk3: 4096a 454419i bk4: 4096a 448983i bk5: 4096a 447344i bk6: 4096a 459153i bk7: 4096a 457404i bk8: 4096a 445220i bk9: 4096a 442010i bk10: 4096a 458970i bk11: 4096a 458821i bk12: 4096a 446477i bk13: 4096a 444838i bk14: 4096a 457262i bk15: 4096a 457437i 

------------------------------------------------------------------------

Row_Buffer_Locality = 0.968312
Row_Buffer_Locality_read = 0.980209
Row_Buffer_Locality_write = 0.917508
Bank_Level_Parallism = 3.582270
Bank_Level_Parallism_Col = 3.461308
Bank_Level_Parallism_Ready = 1.499371
write_to_read_ratio_blp_rw_average = 0.487005
GrpLevelPara = 2.966321 

BW Util details:
bwutil = 0.895063 
total_CMD = 567196 
util_bw = 507675 
Wasted_Col = 28173 
Wasted_Row = 5067 
Idle = 26281 

BW Util Bottlenecks: 
RCDc_limit = 5380 
RCDWRc_limit = 3327 
WTRc_limit = 25245 
RTWc_limit = 21265 
CCDLc_limit = 13360 
rwq = 0 
CCDLc_limit_alone = 10337 
WTRc_limit_alone = 23417 
RTWc_limit_alone = 20070 

Commands details: 
total_CMD = 567196 
n_nop = 435265 
Read = 65536 
Write = 0 
L2_Alloc = 0 
L2_WB = 61383 
n_act = 2563 
n_pre = 2547 
n_ref = 0 
n_req = 80888 
total_req = 126919 

Dual Bus Interface Util: 
issued_total_row = 5110 
issued_total_col = 126919 
Row_Bus_Util =  0.009009 
CoL_Bus_Util = 0.223766 
Either_Row_CoL_Bus_Util = 0.232602 
Issued_on_Two_Bus_Simul_Util = 0.000173 
issued_two_Eff = 0.000743 
queue_avg = 32.348316 


dram_util_bins: 0 0 0 0 0 0 0 0 0 0
dram_eff_bins: 0 0 0 0 0 0 0 0 0 0
mrqq: max=64 avg=32.3483
Memory Partition 12: 
Cache L2_bank_024:
MSHR contents

Cache L2_bank_025:
MSHR contents

In Dram Latency Queue (total = 16): 
Ready @ 460853 -   mf: uid=7848884, sid4294967295:w4294967295, part=12, addr=0xc0de0c80, store, size=128, L2_WRBK  status = IN_PARTITION_DRAM_LATENCY_QUEUE (460599), 
Ready @ 460890 -   mf: uid=7848932, sid4294967295:w4294967295, part=12, addr=0xc0def100, store, size=128, L2_WRBK  status = IN_PARTITION_DRAM_LATENCY_QUEUE (460636), 
Ready @ 460897 -   mf: uid=7848939, sid4294967295:w4294967295, part=12, addr=0xc0de1c00, store, size=128, L2_WRBK  status = IN_PARTITION_DRAM_LATENCY_QUEUE (460643), 
Ready @ 460904 -   mf: uid=7848945, sid4294967295:w4294967295, part=12, addr=0xc0de2e80, store, size=128, L2_WRBK  status = IN_PARTITION_DRAM_LATENCY_QUEUE (460650), 
Ready @ 460906 -   mf: uid=7848948, sid4294967295:w4294967295, part=12, addr=0xc0de2e00, store, size=128, L2_WRBK  status = IN_PARTITION_DRAM_LATENCY_QUEUE (460652), 
Ready @ 460910 -   mf: uid=7848951, sid4294967295:w4294967295, part=12, addr=0xc0de1c80, store, size=128, L2_WRBK  status = IN_PARTITION_DRAM_LATENCY_QUEUE (460656), 
Ready @ 460928 -   mf: uid=7848964, sid4294967295:w4294967295, part=12, addr=0xc0de3e80, store, size=128, L2_WRBK  status = IN_PARTITION_DRAM_LATENCY_QUEUE (460674), 
Ready @ 460932 -   mf: uid=7848968, sid4294967295:w4294967295, part=12, addr=0xc0de3e00, store, size=128, L2_WRBK  status = IN_PARTITION_DRAM_LATENCY_QUEUE (460678), 
Ready @ 460956 -   mf: uid=7848987, sid4294967295:w4294967295, part=12, addr=0xc0de5980, store, size=128, L2_WRBK  status = IN_PARTITION_DRAM_LATENCY_QUEUE (460702), 
Ready @ 460960 -   mf: uid=7848991, sid4294967295:w4294967295, part=12, addr=0xc0de5900, store, size=128, L2_WRBK  status = IN_PARTITION_DRAM_LATENCY_QUEUE (460706), 
Ready @ 460979 -   mf: uid=7849004, sid4294967295:w4294967295, part=12, addr=0xc0de4980, store, size=128, L2_WRBK  status = IN_PARTITION_DRAM_LATENCY_QUEUE (460725), 
Ready @ 460984 -   mf: uid=7849008, sid4294967295:w4294967295, part=12, addr=0xc0de4900, store, size=128, L2_WRBK  status = IN_PARTITION_DRAM_LATENCY_QUEUE (460730), 
Ready @ 461005 -   mf: uid=7849018, sid4294967295:w4294967295, part=12, addr=0xc0de6b80, store, size=128, L2_WRBK  status = IN_PARTITION_DRAM_LATENCY_QUEUE (460751), 
Ready @ 461009 -   mf: uid=7849021, sid4294967295:w4294967295, part=12, addr=0xc0de6b00, store, size=128, L2_WRBK  status = IN_PARTITION_DRAM_LATENCY_QUEUE (460755), 
Ready @ 461030 -   mf: uid=7849026, sid4294967295:w4294967295, part=12, addr=0xc0de7b80, store, size=128, L2_WRBK  status = IN_PARTITION_DRAM_LATENCY_QUEUE (460776), 
Ready @ 461035 -   mf: uid=7849029, sid4294967295:w4294967295, part=12, addr=0xc0de7b00, store, size=128, L2_WRBK  status = IN_PARTITION_DRAM_LATENCY_QUEUE (460781), 
DRAM[12]: 16 bks, busW=2 BL=16 CL=24, tRRD=12 tCCD=4, tRCD=24 tRAS=55 tRP=24 tRC=78
n_cmd=567196 n_nop=435195 n_act=2608 n_pre=2592 n_ref_event=0 n_req=80880 n_rd=65536 n_rd_L2_A=0 n_write=0 n_wr_bk=61364 bw_util=0.8949
n_activity=545635 dram_eff=0.9303
bk0: 4096a 444489i bk1: 4096a 444015i bk2: 4096a 453697i bk3: 4096a 454462i bk4: 4096a 449104i bk5: 4096a 447250i bk6: 4096a 455139i bk7: 4096a 455934i bk8: 4096a 445281i bk9: 4096a 444591i bk10: 4096a 454458i bk11: 4096a 455350i bk12: 4096a 446432i bk13: 4096a 445857i bk14: 4096a 457155i bk15: 4096a 459495i 

------------------------------------------------------------------------

Row_Buffer_Locality = 0.967754
Row_Buffer_Locality_read = 0.979843
Row_Buffer_Locality_write = 0.916113
Bank_Level_Parallism = 3.594089
Bank_Level_Parallism_Col = 3.467907
Bank_Level_Parallism_Ready = 1.527079
write_to_read_ratio_blp_rw_average = 0.469042
GrpLevelPara = 2.992548 

BW Util details:
bwutil = 0.894929 
total_CMD = 567196 
util_bw = 507599 
Wasted_Col = 28466 
Wasted_Row = 4747 
Idle = 26384 

BW Util Bottlenecks: 
RCDc_limit = 5478 
RCDWRc_limit = 3216 
WTRc_limit = 24990 
RTWc_limit = 20904 
CCDLc_limit = 13223 
rwq = 0 
CCDLc_limit_alone = 10712 
WTRc_limit_alone = 23538 
RTWc_limit_alone = 19845 

Commands details: 
total_CMD = 567196 
n_nop = 435195 
Read = 65536 
Write = 0 
L2_Alloc = 0 
L2_WB = 61364 
n_act = 2608 
n_pre = 2592 
n_ref = 0 
n_req = 80880 
total_req = 126900 

Dual Bus Interface Util: 
issued_total_row = 5200 
issued_total_col = 126900 
Row_Bus_Util =  0.009168 
CoL_Bus_Util = 0.223732 
Either_Row_CoL_Bus_Util = 0.232726 
Issued_on_Two_Bus_Simul_Util = 0.000175 
issued_two_Eff = 0.000750 
queue_avg = 33.675407 


dram_util_bins: 0 0 0 0 0 0 0 0 0 0
dram_eff_bins: 0 0 0 0 0 0 0 0 0 0
mrqq: max=64 avg=33.6754
Memory Partition 13: 
Cache L2_bank_026:
MSHR contents

Cache L2_bank_027:
MSHR contents

In Dram Latency Queue (total = 12): 
Ready @ 460863 -   mf: uid=7848898, sid4294967295:w4294967295, part=13, addr=0xc0de2f00, store, size=128, L2_WRBK  status = IN_PARTITION_DRAM_LATENCY_QUEUE (460609), 
Ready @ 460867 -   mf: uid=7848908, sid4294967295:w4294967295, part=13, addr=0xc0de1d80, store, size=128, L2_WRBK  status = IN_PARTITION_DRAM_LATENCY_QUEUE (460613), 
Ready @ 460889 -   mf: uid=7848931, sid4294967295:w4294967295, part=13, addr=0xc0de3f80, store, size=128, L2_WRBK  status = IN_PARTITION_DRAM_LATENCY_QUEUE (460635), 
Ready @ 460909 -   mf: uid=7848949, sid4294967295:w4294967295, part=13, addr=0xc0de5800, store, size=128, L2_WRBK  status = IN_PARTITION_DRAM_LATENCY_QUEUE (460655), 
Ready @ 460922 -   mf: uid=7848959, sid4294967295:w4294967295, part=13, addr=0xc0de3f00, store, size=128, L2_WRBK  status = IN_PARTITION_DRAM_LATENCY_QUEUE (460668), 
Ready @ 460929 -   mf: uid=7848966, sid4294967295:w4294967295, part=13, addr=0xc0de5880, store, size=128, L2_WRBK  status = IN_PARTITION_DRAM_LATENCY_QUEUE (460675), 
Ready @ 460936 -   mf: uid=7848971, sid4294967295:w4294967295, part=13, addr=0xc0de4800, store, size=128, L2_WRBK  status = IN_PARTITION_DRAM_LATENCY_QUEUE (460682), 
Ready @ 460951 -   mf: uid=7848982, sid4294967295:w4294967295, part=13, addr=0xc0de4880, store, size=128, L2_WRBK  status = IN_PARTITION_DRAM_LATENCY_QUEUE (460697), 
Ready @ 460954 -   mf: uid=7848984, sid4294967295:w4294967295, part=13, addr=0xc0de6a80, store, size=128, L2_WRBK  status = IN_PARTITION_DRAM_LATENCY_QUEUE (460700), 
Ready @ 460958 -   mf: uid=7848989, sid4294967295:w4294967295, part=13, addr=0xc0de6a00, store, size=128, L2_WRBK  status = IN_PARTITION_DRAM_LATENCY_QUEUE (460704), 
Ready @ 460978 -   mf: uid=7849003, sid4294967295:w4294967295, part=13, addr=0xc0de7a80, store, size=128, L2_WRBK  status = IN_PARTITION_DRAM_LATENCY_QUEUE (460724), 
Ready @ 460983 -   mf: uid=7849006, sid4294967295:w4294967295, part=13, addr=0xc0de7a00, store, size=128, L2_WRBK  status = IN_PARTITION_DRAM_LATENCY_QUEUE (460729), 
DRAM[13]: 16 bks, busW=2 BL=16 CL=24, tRRD=12 tCCD=4, tRCD=24 tRAS=55 tRP=24 tRC=78
n_cmd=567196 n_nop=435235 n_act=2573 n_pre=2557 n_ref_event=0 n_req=80884 n_rd=65536 n_rd_L2_A=0 n_write=0 n_wr_bk=61381 bw_util=0.895
n_activity=545398 dram_eff=0.9308
bk0: 4096a 442633i bk1: 4096a 441621i bk2: 4096a 455187i bk3: 4096a 453449i bk4: 4096a 452527i bk5: 4096a 449603i bk6: 4096a 456765i bk7: 4096a 459575i bk8: 4096a 444289i bk9: 4096a 442331i bk10: 4096a 455800i bk11: 4096a 455895i bk12: 4096a 445645i bk13: 4096a 446217i bk14: 4096a 455202i bk15: 4096a 456036i 

------------------------------------------------------------------------

Row_Buffer_Locality = 0.968189
Row_Buffer_Locality_read = 0.980087
Row_Buffer_Locality_write = 0.917378
Bank_Level_Parallism = 3.597085
Bank_Level_Parallism_Col = 3.475330
Bank_Level_Parallism_Ready = 1.515988
write_to_read_ratio_blp_rw_average = 0.477299
GrpLevelPara = 2.976305 

BW Util details:
bwutil = 0.895049 
total_CMD = 567196 
util_bw = 507666 
Wasted_Col = 27866 
Wasted_Row = 4959 
Idle = 26705 

BW Util Bottlenecks: 
RCDc_limit = 5335 
RCDWRc_limit = 3502 
WTRc_limit = 25211 
RTWc_limit = 19974 
CCDLc_limit = 12914 
rwq = 0 
CCDLc_limit_alone = 10202 
WTRc_limit_alone = 23621 
RTWc_limit_alone = 18852 

Commands details: 
total_CMD = 567196 
n_nop = 435235 
Read = 65536 
Write = 0 
L2_Alloc = 0 
L2_WB = 61381 
n_act = 2573 
n_pre = 2557 
n_ref = 0 
n_req = 80884 
total_req = 126917 

Dual Bus Interface Util: 
issued_total_row = 5130 
issued_total_col = 126917 
Row_Bus_Util =  0.009044 
CoL_Bus_Util = 0.223762 
Either_Row_CoL_Bus_Util = 0.232655 
Issued_on_Two_Bus_Simul_Util = 0.000152 
issued_two_Eff = 0.000652 
queue_avg = 33.006329 


dram_util_bins: 0 0 0 0 0 0 0 0 0 0
dram_eff_bins: 0 0 0 0 0 0 0 0 0 0
mrqq: max=64 avg=33.0063
Memory Partition 14: 
Cache L2_bank_028:
MSHR contents

Cache L2_bank_029:
MSHR contents

In Dram Latency Queue (total = 20): 
Ready @ 460859 -   mf: uid=7848890, sid4294967295:w4294967295, part=14, addr=0xc0dee380, store, size=128, L2_WRBK  status = IN_PARTITION_DRAM_LATENCY_QUEUE (460605), 
Ready @ 460863 -   mf: uid=7848899, sid4294967295:w4294967295, part=14, addr=0xc0dee300, store, size=128, L2_WRBK  status = IN_PARTITION_DRAM_LATENCY_QUEUE (460609), 
Ready @ 460886 -   mf: uid=7848929, sid4294967295:w4294967295, part=14, addr=0xc0def300, store, size=128, L2_WRBK  status = IN_PARTITION_DRAM_LATENCY_QUEUE (460632), 
Ready @ 460894 -   mf: uid=7848937, sid4294967295:w4294967295, part=14, addr=0xc0def380, store, size=128, L2_WRBK  status = IN_PARTITION_DRAM_LATENCY_QUEUE (460640), 
Ready @ 460909 -   mf: uid=7848950, sid4294967295:w4294967295, part=14, addr=0xc0de0e00, store, size=128, L2_WRBK  status = IN_PARTITION_DRAM_LATENCY_QUEUE (460655), 
Ready @ 460913 -   mf: uid=7848954, sid4294967295:w4294967295, part=14, addr=0xc0de0e80, store, size=128, L2_WRBK  status = IN_PARTITION_DRAM_LATENCY_QUEUE (460659), 
Ready @ 460940 -   mf: uid=7848975, sid4294967295:w4294967295, part=14, addr=0xc0de1e00, store, size=128, L2_WRBK  status = IN_PARTITION_DRAM_LATENCY_QUEUE (460686), 
Ready @ 460944 -   mf: uid=7848979, sid4294967295:w4294967295, part=14, addr=0xc0de1e80, store, size=128, L2_WRBK  status = IN_PARTITION_DRAM_LATENCY_QUEUE (460690), 
Ready @ 460962 -   mf: uid=7848993, sid4294967295:w4294967295, part=14, addr=0xc0de3c00, store, size=128, L2_WRBK  status = IN_PARTITION_DRAM_LATENCY_QUEUE (460708), 
Ready @ 460966 -   mf: uid=7848996, sid4294967295:w4294967295, part=14, addr=0xc0de3c80, store, size=128, L2_WRBK  status = IN_PARTITION_DRAM_LATENCY_QUEUE (460712), 
Ready @ 460991 -   mf: uid=7849010, sid4294967295:w4294967295, part=14, addr=0xc0de2c80, store, size=128, L2_WRBK  status = IN_PARTITION_DRAM_LATENCY_QUEUE (460737), 
Ready @ 460995 -   mf: uid=7849012, sid4294967295:w4294967295, part=14, addr=0xc0de2c00, store, size=128, L2_WRBK  status = IN_PARTITION_DRAM_LATENCY_QUEUE (460741), 
Ready @ 461013 -   mf: uid=7849022, sid4294967295:w4294967295, part=14, addr=0xc0de4b00, store, size=128, L2_WRBK  status = IN_PARTITION_DRAM_LATENCY_QUEUE (460759), 
Ready @ 461015 -   mf: uid=7849023, sid4294967295:w4294967295, part=14, addr=0xc0de5b80, store, size=128, L2_WRBK  status = IN_PARTITION_DRAM_LATENCY_QUEUE (460761), 
Ready @ 461038 -   mf: uid=7849031, sid4294967295:w4294967295, part=14, addr=0xc0de5b00, store, size=128, L2_WRBK  status = IN_PARTITION_DRAM_LATENCY_QUEUE (460784), 
Ready @ 461048 -   mf: uid=7849033, sid4294967295:w4294967295, part=14, addr=0xc0de4b80, store, size=128, L2_WRBK  status = IN_PARTITION_DRAM_LATENCY_QUEUE (460794), 
Ready @ 461064 -   mf: uid=7849036, sid4294967295:w4294967295, part=14, addr=0xc0de7900, store, size=128, L2_WRBK  status = IN_PARTITION_DRAM_LATENCY_QUEUE (460810), 
Ready @ 461068 -   mf: uid=7849037, sid4294967295:w4294967295, part=14, addr=0xc0de7980, store, size=128, L2_WRBK  status = IN_PARTITION_DRAM_LATENCY_QUEUE (460814), 
Ready @ 461090 -   mf: uid=7849040, sid4294967295:w4294967295, part=14, addr=0xc0de6900, store, size=128, L2_WRBK  status = IN_PARTITION_DRAM_LATENCY_QUEUE (460836), 
Ready @ 461094 -   mf: uid=7849041, sid4294967295:w4294967295, part=14, addr=0xc0de6980, store, size=128, L2_WRBK  status = IN_PARTITION_DRAM_LATENCY_QUEUE (460840), 
DRAM[14]: 16 bks, busW=2 BL=16 CL=24, tRRD=12 tCCD=4, tRCD=24 tRAS=55 tRP=24 tRC=78
n_cmd=567196 n_nop=435306 n_act=2555 n_pre=2539 n_ref_event=0 n_req=80876 n_rd=65536 n_rd_L2_A=0 n_write=0 n_wr_bk=61345 bw_util=0.8948
n_activity=544915 dram_eff=0.9314
bk0: 4096a 450335i bk1: 4096a 451164i bk2: 4096a 456235i bk3: 4096a 460575i bk4: 4096a 452035i bk5: 4096a 451595i bk6: 4096a 459702i bk7: 4096a 462479i bk8: 4096a 447225i bk9: 4096a 444963i bk10: 4096a 456792i bk11: 4096a 458347i bk12: 4096a 451496i bk13: 4096a 449200i bk14: 4096a 458701i bk15: 4096a 459676i 

------------------------------------------------------------------------

Row_Buffer_Locality = 0.968408
Row_Buffer_Locality_read = 0.980225
Row_Buffer_Locality_write = 0.917916
Bank_Level_Parallism = 3.494287
Bank_Level_Parallism_Col = 3.371918
Bank_Level_Parallism_Ready = 1.501923
write_to_read_ratio_blp_rw_average = 0.465992
GrpLevelPara = 2.935028 

BW Util details:
bwutil = 0.894795 
total_CMD = 567196 
util_bw = 507522 
Wasted_Col = 27821 
Wasted_Row = 4457 
Idle = 27396 

BW Util Bottlenecks: 
RCDc_limit = 4593 
RCDWRc_limit = 3721 
WTRc_limit = 25399 
RTWc_limit = 18850 
CCDLc_limit = 13127 
rwq = 0 
CCDLc_limit_alone = 10597 
WTRc_limit_alone = 24005 
RTWc_limit_alone = 17714 

Commands details: 
total_CMD = 567196 
n_nop = 435306 
Read = 65536 
Write = 0 
L2_Alloc = 0 
L2_WB = 61345 
n_act = 2555 
n_pre = 2539 
n_ref = 0 
n_req = 80876 
total_req = 126881 

Dual Bus Interface Util: 
issued_total_row = 5094 
issued_total_col = 126881 
Row_Bus_Util =  0.008981 
CoL_Bus_Util = 0.223699 
Either_Row_CoL_Bus_Util = 0.232530 
Issued_on_Two_Bus_Simul_Util = 0.000150 
issued_two_Eff = 0.000644 
queue_avg = 31.651831 


dram_util_bins: 0 0 0 0 0 0 0 0 0 0
dram_eff_bins: 0 0 0 0 0 0 0 0 0 0
mrqq: max=64 avg=31.6518
Memory Partition 15: 
Cache L2_bank_030:
MSHR contents

Cache L2_bank_031:
MSHR contents

In Dram Latency Queue (total = 10): 
Ready @ 460870 -   mf: uid=7848909, sid4294967295:w4294967295, part=15, addr=0xc0de2d80, store, size=128, L2_WRBK  status = IN_PARTITION_DRAM_LATENCY_QUEUE (460616), 
Ready @ 460873 -   mf: uid=7848912, sid4294967295:w4294967295, part=15, addr=0xc0de2d00, store, size=128, L2_WRBK  status = IN_PARTITION_DRAM_LATENCY_QUEUE (460619), 
Ready @ 460877 -   mf: uid=7848915, sid4294967295:w4294967295, part=15, addr=0xc0de5a80, store, size=128, L2_WRBK  status = IN_PARTITION_DRAM_LATENCY_QUEUE (460623), 
Ready @ 460879 -   mf: uid=7848919, sid4294967295:w4294967295, part=15, addr=0xc0de4a00, store, size=128, L2_WRBK  status = IN_PARTITION_DRAM_LATENCY_QUEUE (460625), 
Ready @ 460897 -   mf: uid=7848940, sid4294967295:w4294967295, part=15, addr=0xc0de4a80, store, size=128, L2_WRBK  status = IN_PARTITION_DRAM_LATENCY_QUEUE (460643), 
Ready @ 460901 -   mf: uid=7848943, sid4294967295:w4294967295, part=15, addr=0xc0de5a00, store, size=128, L2_WRBK  status = IN_PARTITION_DRAM_LATENCY_QUEUE (460647), 
Ready @ 460925 -   mf: uid=7848961, sid4294967295:w4294967295, part=15, addr=0xc0de7880, store, size=128, L2_WRBK  status = IN_PARTITION_DRAM_LATENCY_QUEUE (460671), 
Ready @ 460933 -   mf: uid=7848969, sid4294967295:w4294967295, part=15, addr=0xc0de7800, store, size=128, L2_WRBK  status = IN_PARTITION_DRAM_LATENCY_QUEUE (460679), 
Ready @ 460948 -   mf: uid=7848980, sid4294967295:w4294967295, part=15, addr=0xc0de6880, store, size=128, L2_WRBK  status = IN_PARTITION_DRAM_LATENCY_QUEUE (460694), 
Ready @ 460956 -   mf: uid=7848988, sid4294967295:w4294967295, part=15, addr=0xc0de6800, store, size=128, L2_WRBK  status = IN_PARTITION_DRAM_LATENCY_QUEUE (460702), 
DRAM[15]: 16 bks, busW=2 BL=16 CL=24, tRRD=12 tCCD=4, tRCD=24 tRAS=55 tRP=24 tRC=78
n_cmd=567196 n_nop=435177 n_act=2597 n_pre=2581 n_ref_event=0 n_req=80886 n_rd=65536 n_rd_L2_A=0 n_write=0 n_wr_bk=61390 bw_util=0.8951
n_activity=545433 dram_eff=0.9308
bk0: 4096a 450117i bk1: 4096a 449942i bk2: 4096a 457006i bk3: 4096a 457559i bk4: 4096a 446973i bk5: 4096a 444696i bk6: 4096a 458895i bk7: 4096a 458282i bk8: 4096a 449990i bk9: 4096a 448246i bk10: 4096a 455437i bk11: 4096a 454933i bk12: 4096a 448338i bk13: 4096a 446428i bk14: 4096a 459122i bk15: 4096a 458191i 

------------------------------------------------------------------------

Row_Buffer_Locality = 0.967893
Row_Buffer_Locality_read = 0.979919
Row_Buffer_Locality_write = 0.916542
Bank_Level_Parallism = 3.539777
Bank_Level_Parallism_Col = 3.413010
Bank_Level_Parallism_Ready = 1.505971
write_to_read_ratio_blp_rw_average = 0.470613
GrpLevelPara = 2.966155 

BW Util details:
bwutil = 0.895112 
total_CMD = 567196 
util_bw = 507703 
Wasted_Col = 28141 
Wasted_Row = 4557 
Idle = 26795 

BW Util Bottlenecks: 
RCDc_limit = 4984 
RCDWRc_limit = 3580 
WTRc_limit = 24566 
RTWc_limit = 19841 
CCDLc_limit = 12947 
rwq = 0 
CCDLc_limit_alone = 10595 
WTRc_limit_alone = 23220 
RTWc_limit_alone = 18835 

Commands details: 
total_CMD = 567196 
n_nop = 435177 
Read = 65536 
Write = 0 
L2_Alloc = 0 
L2_WB = 61390 
n_act = 2597 
n_pre = 2581 
n_ref = 0 
n_req = 80886 
total_req = 126926 

Dual Bus Interface Util: 
issued_total_row = 5178 
issued_total_col = 126926 
Row_Bus_Util =  0.009129 
CoL_Bus_Util = 0.223778 
Either_Row_CoL_Bus_Util = 0.232757 
Issued_on_Two_Bus_Simul_Util = 0.000150 
issued_two_Eff = 0.000644 
queue_avg = 32.123909 


dram_util_bins: 0 0 0 0 0 0 0 0 0 0
dram_eff_bins: 0 0 0 0 0 0 0 0 0 0
mrqq: max=64 avg=32.1239

========= L2 cache stats =========
L2_cache_bank[0]: Access = 65536, Miss = 65536, Miss_rate = 1.000, Pending_hits = 0, Reservation_fails = 0
L2_cache_bank[1]: Access = 65536, Miss = 65536, Miss_rate = 1.000, Pending_hits = 0, Reservation_fails = 0
L2_cache_bank[2]: Access = 65536, Miss = 65536, Miss_rate = 1.000, Pending_hits = 0, Reservation_fails = 0
L2_cache_bank[3]: Access = 65536, Miss = 65536, Miss_rate = 1.000, Pending_hits = 0, Reservation_fails = 0
L2_cache_bank[4]: Access = 65536, Miss = 65536, Miss_rate = 1.000, Pending_hits = 0, Reservation_fails = 0
L2_cache_bank[5]: Access = 65536, Miss = 65536, Miss_rate = 1.000, Pending_hits = 0, Reservation_fails = 0
L2_cache_bank[6]: Access = 65536, Miss = 65536, Miss_rate = 1.000, Pending_hits = 0, Reservation_fails = 0
L2_cache_bank[7]: Access = 65536, Miss = 65536, Miss_rate = 1.000, Pending_hits = 0, Reservation_fails = 0
L2_cache_bank[8]: Access = 65536, Miss = 65536, Miss_rate = 1.000, Pending_hits = 0, Reservation_fails = 0
L2_cache_bank[9]: Access = 65536, Miss = 65536, Miss_rate = 1.000, Pending_hits = 0, Reservation_fails = 0
L2_cache_bank[10]: Access = 65536, Miss = 65536, Miss_rate = 1.000, Pending_hits = 0, Reservation_fails = 0
L2_cache_bank[11]: Access = 65536, Miss = 65536, Miss_rate = 1.000, Pending_hits = 0, Reservation_fails = 0
L2_cache_bank[12]: Access = 65536, Miss = 65536, Miss_rate = 1.000, Pending_hits = 0, Reservation_fails = 0
L2_cache_bank[13]: Access = 65536, Miss = 65536, Miss_rate = 1.000, Pending_hits = 0, Reservation_fails = 0
L2_cache_bank[14]: Access = 65536, Miss = 65536, Miss_rate = 1.000, Pending_hits = 0, Reservation_fails = 0
L2_cache_bank[15]: Access = 65536, Miss = 65536, Miss_rate = 1.000, Pending_hits = 0, Reservation_fails = 0
L2_cache_bank[16]: Access = 65536, Miss = 65536, Miss_rate = 1.000, Pending_hits = 0, Reservation_fails = 0
L2_cache_bank[17]: Access = 65536, Miss = 65536, Miss_rate = 1.000, Pending_hits = 0, Reservation_fails = 0
L2_cache_bank[18]: Access = 65536, Miss = 65536, Miss_rate = 1.000, Pending_hits = 0, Reservation_fails = 0
L2_cache_bank[19]: Access = 65536, Miss = 65536, Miss_rate = 1.000, Pending_hits = 0, Reservation_fails = 0
L2_cache_bank[20]: Access = 65536, Miss = 65536, Miss_rate = 1.000, Pending_hits = 0, Reservation_fails = 0
L2_cache_bank[21]: Access = 65536, Miss = 65536, Miss_rate = 1.000, Pending_hits = 0, Reservation_fails = 0
L2_cache_bank[22]: Access = 65536, Miss = 65536, Miss_rate = 1.000, Pending_hits = 0, Reservation_fails = 0
L2_cache_bank[23]: Access = 65536, Miss = 65536, Miss_rate = 1.000, Pending_hits = 0, Reservation_fails = 0
L2_cache_bank[24]: Access = 65536, Miss = 65536, Miss_rate = 1.000, Pending_hits = 0, Reservation_fails = 0
L2_cache_bank[25]: Access = 65536, Miss = 65536, Miss_rate = 1.000, Pending_hits = 0, Reservation_fails = 0
L2_cache_bank[26]: Access = 65536, Miss = 65536, Miss_rate = 1.000, Pending_hits = 0, Reservation_fails = 0
L2_cache_bank[27]: Access = 65536, Miss = 65536, Miss_rate = 1.000, Pending_hits = 0, Reservation_fails = 0
L2_cache_bank[28]: Access = 65536, Miss = 65536, Miss_rate = 1.000, Pending_hits = 0, Reservation_fails = 0
L2_cache_bank[29]: Access = 65536, Miss = 65536, Miss_rate = 1.000, Pending_hits = 0, Reservation_fails = 0
L2_cache_bank[30]: Access = 65536, Miss = 65536, Miss_rate = 1.000, Pending_hits = 0, Reservation_fails = 0
L2_cache_bank[31]: Access = 65536, Miss = 65536, Miss_rate = 1.000, Pending_hits = 0, Reservation_fails = 0
L2_total_cache_accesses = 2097152
L2_total_cache_misses = 2097152
L2_total_cache_miss_rate = 1.0000
L2_total_cache_pending_hits = 0
L2_total_cache_reservation_fails = 0
L2_total_cache_breakdown:
	L2_cache_stats_breakdown[GLOBAL_ACC_R][HIT] = 0
	L2_cache_stats_breakdown[GLOBAL_ACC_R][HIT_RESERVED] = 0
	L2_cache_stats_breakdown[GLOBAL_ACC_R][MISS] = 131072
	L2_cache_stats_breakdown[GLOBAL_ACC_R][RESERVATION_FAIL] = 0
	L2_cache_stats_breakdown[GLOBAL_ACC_R][SECTOR_MISS] = 393216
	L2_cache_stats_breakdown[GLOBAL_ACC_R][MSHR_HIT] = 0
	L2_cache_stats_breakdown[LOCAL_ACC_R][HIT] = 0
	L2_cache_stats_breakdown[LOCAL_ACC_R][HIT_RESERVED] = 0
	L2_cache_stats_breakdown[LOCAL_ACC_R][MISS] = 0
	L2_cache_stats_breakdown[LOCAL_ACC_R][RESERVATION_FAIL] = 0
	L2_cache_stats_breakdown[LOCAL_ACC_R][SECTOR_MISS] = 0
	L2_cache_stats_breakdown[LOCAL_ACC_R][MSHR_HIT] = 0
	L2_cache_stats_breakdown[CONST_ACC_R][HIT] = 0
	L2_cache_stats_breakdown[CONST_ACC_R][HIT_RESERVED] = 0
	L2_cache_stats_breakdown[CONST_ACC_R][MISS] = 0
	L2_cache_stats_breakdown[CONST_ACC_R][RESERVATION_FAIL] = 0
	L2_cache_stats_breakdown[CONST_ACC_R][SECTOR_MISS] = 0
	L2_cache_stats_breakdown[CONST_ACC_R][MSHR_HIT] = 0
	L2_cache_stats_breakdown[TEXTURE_ACC_R][HIT] = 0
	L2_cache_stats_breakdown[TEXTURE_ACC_R][HIT_RESERVED] = 0
	L2_cache_stats_breakdown[TEXTURE_ACC_R][MISS] = 0
	L2_cache_stats_breakdown[TEXTURE_ACC_R][RESERVATION_FAIL] = 0
	L2_cache_stats_breakdown[TEXTURE_ACC_R][SECTOR_MISS] = 0
	L2_cache_stats_breakdown[TEXTURE_ACC_R][MSHR_HIT] = 0
	L2_cache_stats_breakdown[GLOBAL_ACC_W][HIT] = 0
	L2_cache_stats_breakdown[GLOBAL_ACC_W][HIT_RESERVED] = 0
	L2_cache_stats_breakdown[GLOBAL_ACC_W][MISS] = 131072
	L2_cache_stats_breakdown[GLOBAL_ACC_W][RESERVATION_FAIL] = 0
	L2_cache_stats_breakdown[GLOBAL_ACC_W][SECTOR_MISS] = 393216
	L2_cache_stats_breakdown[GLOBAL_ACC_W][MSHR_HIT] = 0
	L2_cache_stats_breakdown[LOCAL_ACC_W][HIT] = 0
	L2_cache_stats_breakdown[LOCAL_ACC_W][HIT_RESERVED] = 0
	L2_cache_stats_breakdown[LOCAL_ACC_W][MISS] = 0
	L2_cache_stats_breakdown[LOCAL_ACC_W][RESERVATION_FAIL] = 0
	L2_cache_stats_breakdown[LOCAL_ACC_W][SECTOR_MISS] = 0
	L2_cache_stats_breakdown[LOCAL_ACC_W][MSHR_HIT] = 0
	L2_cache_stats_breakdown[L1_WRBK_ACC][HIT] = 0
	L2_cache_stats_breakdown[L1_WRBK_ACC][HIT_RESERVED] = 0
	L2_cache_stats_breakdown[L1_WRBK_ACC][MISS] = 0
	L2_cache_stats_breakdown[L1_WRBK_ACC][RESERVATION_FAIL] = 0
	L2_cache_stats_breakdown[L1_WRBK_ACC][SECTOR_MISS] = 0
	L2_cache_stats_breakdown[L1_WRBK_ACC][MSHR_HIT] = 0
	L2_cache_stats_breakdown[L2_WRBK_ACC][HIT] = 0
	L2_cache_stats_breakdown[L2_WRBK_ACC][HIT_RESERVED] = 0
	L2_cache_stats_breakdown[L2_WRBK_ACC][MISS] = 0
	L2_cache_stats_breakdown[L2_WRBK_ACC][RESERVATION_FAIL] = 0
	L2_cache_stats_breakdown[L2_WRBK_ACC][SECTOR_MISS] = 0
	L2_cache_stats_breakdown[L2_WRBK_ACC][MSHR_HIT] = 0
	L2_cache_stats_breakdown[INST_ACC_R][HIT] = 0
	L2_cache_stats_breakdown[INST_ACC_R][HIT_RESERVED] = 0
	L2_cache_stats_breakdown[INST_ACC_R][MISS] = 0
	L2_cache_stats_breakdown[INST_ACC_R][RESERVATION_FAIL] = 0
	L2_cache_stats_breakdown[INST_ACC_R][SECTOR_MISS] = 0
	L2_cache_stats_breakdown[INST_ACC_R][MSHR_HIT] = 0
	L2_cache_stats_breakdown[L1_WR_ALLOC_R][HIT] = 0
	L2_cache_stats_breakdown[L1_WR_ALLOC_R][HIT_RESERVED] = 0
	L2_cache_stats_breakdown[L1_WR_ALLOC_R][MISS] = 0
	L2_cache_stats_breakdown[L1_WR_ALLOC_R][RESERVATION_FAIL] = 0
	L2_cache_stats_breakdown[L1_WR_ALLOC_R][SECTOR_MISS] = 0
	L2_cache_stats_breakdown[L1_WR_ALLOC_R][MSHR_HIT] = 0
	L2_cache_stats_breakdown[L2_WR_ALLOC_R][HIT] = 0
	L2_cache_stats_breakdown[L2_WR_ALLOC_R][HIT_RESERVED] = 0
	L2_cache_stats_breakdown[L2_WR_ALLOC_R][MISS] = 0
	L2_cache_stats_breakdown[L2_WR_ALLOC_R][RESERVATION_FAIL] = 0
	L2_cache_stats_breakdown[L2_WR_ALLOC_R][SECTOR_MISS] = 0
	L2_cache_stats_breakdown[L2_WR_ALLOC_R][MSHR_HIT] = 0
	L2_cache_stats_breakdown[GLOBAL_ACC_R][TOTAL_ACCESS] = 524288
	L2_cache_stats_breakdown[GLOBAL_ACC_W][TOTAL_ACCESS] = 524288
L2_total_cache_reservation_fail_breakdown:
L2_cache_data_port_util = 0.066
L2_cache_fill_port_util = 0.071

icnt_total_pkts_mem_to_simt=2097152
icnt_total_pkts_simt_to_mem=2097152
LD_mem_lat_dist  0 0 0 0 0 0 0 0 0 0 0 0 0 0 0 0 0 0 0 0 0 0 0 0 0 0 0
ST_mem_lat_dist  0 0 0 0 0 0 0 0 0 0 0 0 0 0 0 0 0 0 0 0 0 0 0 0 0 0 0
----------------------------Interconnect-DETAILS--------------------------------
Req_Network_injected_packets_num = 2097152
Req_Network_cycles = 460848
Req_Network_injected_packets_per_cycle =       4.5506 
Req_Network_conflicts_per_cycle =       0.5367
Req_Network_conflicts_per_cycle_util =       0.5737
Req_Bank_Level_Parallism =       4.8636
Req_Network_in_buffer_full_per_cycle =       0.0000
Req_Network_in_buffer_avg_util =       0.3338
Req_Network_out_buffer_full_per_cycle =       0.0000
Req_Network_out_buffer_avg_util =       0.1422

Reply_Network_injected_packets_num = 2097152
Reply_Network_cycles = 460848
Reply_Network_injected_packets_per_cycle =        4.5506
Reply_Network_conflicts_per_cycle =        2.8894
Reply_Network_conflicts_per_cycle_util =       3.1591
Reply_Bank_Level_Parallism =       4.9755
Reply_Network_in_buffer_full_per_cycle =       0.0000
Reply_Network_in_buffer_avg_util =       0.3028
Reply_Network_out_buffer_full_per_cycle =       0.0000
Reply_Network_out_buffer_avg_util =       0.2844
----------------------------END-of-Interconnect-DETAILS-------------------------


gpgpu_simulation_time = 0 days, 0 hrs, 7 min, 5 sec (425 sec)
gpgpu_simulation_rate = 631612 (inst/sec)
gpgpu_simulation_rate = 1084 (cycle/sec)
gpgpu_silicon_slowdown = 1199261x
GPGPU-Sim: synchronize waiting for inactive GPU simulation
GPGPU-Sim API: Stream Manager State
GPGPU-Sim: detected inactive GPU simulation thread
GPGPU-Sim PTX: Setting up arguments for 8 bytes starting at 0x7ffd0a493b40..
GPGPU-Sim PTX: Setting up arguments for 8 bytes starting at 0x7ffd0a493b48..
GPGPU-Sim PTX: Setting up arguments for 4 bytes starting at 0x7ffd0a493b28..
GPGPU-Sim PTX: Setting up arguments for 4 bytes starting at 0x7ffd0a493b2c..

GPGPU-Sim PTX: cudaLaunch for 0x0x6123e05cd030 (mode=performance simulation) on stream 0
GPGPU-Sim PTX: PDOM analysis already done for _Z10bsmm_stagePKfPfii 
GPGPU-Sim PTX: pushing kernel '_Z10bsmm_stagePKfPfii' to stream 0, gridDim= (32768,1,1) blockDim = (128,1,1) 
GPGPU-Sim uArch: Shader 15 bind to kernel 3 '_Z10bsmm_stagePKfPfii'
GPGPU-Sim: Reconfigure L1 cache to 128KB
GPGPU-Sim uArch: Shader 0 bind to kernel 3 '_Z10bsmm_stagePKfPfii'
GPGPU-Sim uArch: Shader 1 bind to kernel 3 '_Z10bsmm_stagePKfPfii'
GPGPU-Sim uArch: Shader 2 bind to kernel 3 '_Z10bsmm_stagePKfPfii'
GPGPU-Sim uArch: Shader 3 bind to kernel 3 '_Z10bsmm_stagePKfPfii'
GPGPU-Sim uArch: Shader 4 bind to kernel 3 '_Z10bsmm_stagePKfPfii'
GPGPU-Sim uArch: Shader 5 bind to kernel 3 '_Z10bsmm_stagePKfPfii'
GPGPU-Sim uArch: Shader 6 bind to kernel 3 '_Z10bsmm_stagePKfPfii'
GPGPU-Sim uArch: Shader 7 bind to kernel 3 '_Z10bsmm_stagePKfPfii'
GPGPU-Sim uArch: Shader 8 bind to kernel 3 '_Z10bsmm_stagePKfPfii'
GPGPU-Sim uArch: Shader 9 bind to kernel 3 '_Z10bsmm_stagePKfPfii'
GPGPU-Sim uArch: Shader 10 bind to kernel 3 '_Z10bsmm_stagePKfPfii'
GPGPU-Sim uArch: Shader 11 bind to kernel 3 '_Z10bsmm_stagePKfPfii'
GPGPU-Sim uArch: Shader 12 bind to kernel 3 '_Z10bsmm_stagePKfPfii'
GPGPU-Sim uArch: Shader 13 bind to kernel 3 '_Z10bsmm_stagePKfPfii'
GPGPU-Sim uArch: Shader 14 bind to kernel 3 '_Z10bsmm_stagePKfPfii'
Destroy streams for kernel 3: size 0
kernel_name = _Z10bsmm_stagePKfPfii 
kernel_launch_uid = 3 
kernel_stream_id = 106807373537656
gpu_sim_cycle = 233639
gpu_sim_insn = 134217728
gpu_ipc =     574.4663
gpu_tot_sim_cycle = 694487
gpu_tot_sim_insn = 402653184
gpu_tot_ipc =     579.7850
gpu_tot_issued_cta = 98304
gpu_occupancy = 94.2379% 
gpu_tot_occupancy = 94.2967% 
max_total_param_size = 0
gpu_stall_dramfull = 0
gpu_stall_icnt2sh    = 0
partiton_level_parallism =       4.4880
partiton_level_parallism_total  =       4.5296
partiton_level_parallism_util =       4.8237
partiton_level_parallism_util_total  =       4.8502
L2_BW  =     186.7015 GB/Sec
L2_BW_total  =     188.4301 GB/Sec
gpu_total_sim_rate=633102

========= Core cache stats =========
L1I_cache:
	L1I_total_cache_accesses = 0
	L1I_total_cache_misses = 0
	L1I_total_cache_pending_hits = 0
	L1I_total_cache_reservation_fails = 0
L1D_cache:
	L1D_cache_core[0]: Access = 295008, Miss = 196672, Miss_rate = 0.667, Pending_hits = 0, Reservation_fails = 32197
	L1D_cache_core[1]: Access = 294720, Miss = 196480, Miss_rate = 0.667, Pending_hits = 0, Reservation_fails = 29823
	L1D_cache_core[2]: Access = 294192, Miss = 196128, Miss_rate = 0.667, Pending_hits = 0, Reservation_fails = 32295
	L1D_cache_core[3]: Access = 295104, Miss = 196736, Miss_rate = 0.667, Pending_hits = 0, Reservation_fails = 31995
	L1D_cache_core[4]: Access = 295248, Miss = 196832, Miss_rate = 0.667, Pending_hits = 0, Reservation_fails = 30167
	L1D_cache_core[5]: Access = 295776, Miss = 197184, Miss_rate = 0.667, Pending_hits = 0, Reservation_fails = 29538
	L1D_cache_core[6]: Access = 295200, Miss = 196800, Miss_rate = 0.667, Pending_hits = 0, Reservation_fails = 29359
	L1D_cache_core[7]: Access = 295056, Miss = 196704, Miss_rate = 0.667, Pending_hits = 0, Reservation_fails = 27389
	L1D_cache_core[8]: Access = 295056, Miss = 196704, Miss_rate = 0.667, Pending_hits = 0, Reservation_fails = 28839
	L1D_cache_core[9]: Access = 294960, Miss = 196640, Miss_rate = 0.667, Pending_hits = 0, Reservation_fails = 29638
	L1D_cache_core[10]: Access = 295248, Miss = 196832, Miss_rate = 0.667, Pending_hits = 0, Reservation_fails = 27516
	L1D_cache_core[11]: Access = 295056, Miss = 196704, Miss_rate = 0.667, Pending_hits = 0, Reservation_fails = 27793
	L1D_cache_core[12]: Access = 294432, Miss = 196288, Miss_rate = 0.667, Pending_hits = 0, Reservation_fails = 31340
	L1D_cache_core[13]: Access = 294336, Miss = 196224, Miss_rate = 0.667, Pending_hits = 0, Reservation_fails = 29087
	L1D_cache_core[14]: Access = 295104, Miss = 196736, Miss_rate = 0.667, Pending_hits = 0, Reservation_fails = 30525
	L1D_cache_core[15]: Access = 294096, Miss = 196064, Miss_rate = 0.667, Pending_hits = 0, Reservation_fails = 30442
	L1D_total_cache_accesses = 4718592
	L1D_total_cache_misses = 3145728
	L1D_total_cache_miss_rate = 0.6667
	L1D_total_cache_pending_hits = 0
	L1D_total_cache_reservation_fails = 477943
	L1D_cache_data_port_util = 0.145
	L1D_cache_fill_port_util = 0.145
L1C_cache:
	L1C_total_cache_accesses = 0
	L1C_total_cache_misses = 0
	L1C_total_cache_pending_hits = 0
	L1C_total_cache_reservation_fails = 0
L1T_cache:
	L1T_total_cache_accesses = 0
	L1T_total_cache_misses = 0
	L1T_total_cache_pending_hits = 0
	L1T_total_cache_reservation_fails = 0

Total_core_cache_stats:
	Total_core_cache_stats_breakdown[GLOBAL_ACC_R][HIT] = 524288
	Total_core_cache_stats_breakdown[GLOBAL_ACC_R][HIT_RESERVED] = 0
	Total_core_cache_stats_breakdown[GLOBAL_ACC_R][MISS] = 131072
	Total_core_cache_stats_breakdown[GLOBAL_ACC_R][RESERVATION_FAIL] = 152290
	Total_core_cache_stats_breakdown[GLOBAL_ACC_R][SECTOR_MISS] = 393216
	Total_core_cache_stats_breakdown[GLOBAL_ACC_R][MSHR_HIT] = 0
	Total_core_cache_stats_breakdown[LOCAL_ACC_R][HIT] = 0
	Total_core_cache_stats_breakdown[LOCAL_ACC_R][HIT_RESERVED] = 0
	Total_core_cache_stats_breakdown[LOCAL_ACC_R][MISS] = 0
	Total_core_cache_stats_breakdown[LOCAL_ACC_R][RESERVATION_FAIL] = 0
	Total_core_cache_stats_breakdown[LOCAL_ACC_R][SECTOR_MISS] = 0
	Total_core_cache_stats_breakdown[LOCAL_ACC_R][MSHR_HIT] = 0
	Total_core_cache_stats_breakdown[CONST_ACC_R][HIT] = 0
	Total_core_cache_stats_breakdown[CONST_ACC_R][HIT_RESERVED] = 0
	Total_core_cache_stats_breakdown[CONST_ACC_R][MISS] = 0
	Total_core_cache_stats_breakdown[CONST_ACC_R][RESERVATION_FAIL] = 0
	Total_core_cache_stats_breakdown[CONST_ACC_R][SECTOR_MISS] = 0
	Total_core_cache_stats_breakdown[CONST_ACC_R][MSHR_HIT] = 0
	Total_core_cache_stats_breakdown[TEXTURE_ACC_R][HIT] = 0
	Total_core_cache_stats_breakdown[TEXTURE_ACC_R][HIT_RESERVED] = 0
	Total_core_cache_stats_breakdown[TEXTURE_ACC_R][MISS] = 0
	Total_core_cache_stats_breakdown[TEXTURE_ACC_R][RESERVATION_FAIL] = 0
	Total_core_cache_stats_breakdown[TEXTURE_ACC_R][SECTOR_MISS] = 0
	Total_core_cache_stats_breakdown[TEXTURE_ACC_R][MSHR_HIT] = 0
	Total_core_cache_stats_breakdown[GLOBAL_ACC_W][HIT] = 0
	Total_core_cache_stats_breakdown[GLOBAL_ACC_W][HIT_RESERVED] = 0
	Total_core_cache_stats_breakdown[GLOBAL_ACC_W][MISS] = 131072
	Total_core_cache_stats_breakdown[GLOBAL_ACC_W][RESERVATION_FAIL] = 10644
	Total_core_cache_stats_breakdown[GLOBAL_ACC_W][SECTOR_MISS] = 393216
	Total_core_cache_stats_breakdown[GLOBAL_ACC_W][MSHR_HIT] = 0
	Total_core_cache_stats_breakdown[LOCAL_ACC_W][HIT] = 0
	Total_core_cache_stats_breakdown[LOCAL_ACC_W][HIT_RESERVED] = 0
	Total_core_cache_stats_breakdown[LOCAL_ACC_W][MISS] = 0
	Total_core_cache_stats_breakdown[LOCAL_ACC_W][RESERVATION_FAIL] = 0
	Total_core_cache_stats_breakdown[LOCAL_ACC_W][SECTOR_MISS] = 0
	Total_core_cache_stats_breakdown[LOCAL_ACC_W][MSHR_HIT] = 0
	Total_core_cache_stats_breakdown[L1_WRBK_ACC][HIT] = 0
	Total_core_cache_stats_breakdown[L1_WRBK_ACC][HIT_RESERVED] = 0
	Total_core_cache_stats_breakdown[L1_WRBK_ACC][MISS] = 0
	Total_core_cache_stats_breakdown[L1_WRBK_ACC][RESERVATION_FAIL] = 0
	Total_core_cache_stats_breakdown[L1_WRBK_ACC][SECTOR_MISS] = 0
	Total_core_cache_stats_breakdown[L1_WRBK_ACC][MSHR_HIT] = 0
	Total_core_cache_stats_breakdown[L2_WRBK_ACC][HIT] = 0
	Total_core_cache_stats_breakdown[L2_WRBK_ACC][HIT_RESERVED] = 0
	Total_core_cache_stats_breakdown[L2_WRBK_ACC][MISS] = 0
	Total_core_cache_stats_breakdown[L2_WRBK_ACC][RESERVATION_FAIL] = 0
	Total_core_cache_stats_breakdown[L2_WRBK_ACC][SECTOR_MISS] = 0
	Total_core_cache_stats_breakdown[L2_WRBK_ACC][MSHR_HIT] = 0
	Total_core_cache_stats_breakdown[INST_ACC_R][HIT] = 0
	Total_core_cache_stats_breakdown[INST_ACC_R][HIT_RESERVED] = 0
	Total_core_cache_stats_breakdown[INST_ACC_R][MISS] = 0
	Total_core_cache_stats_breakdown[INST_ACC_R][RESERVATION_FAIL] = 0
	Total_core_cache_stats_breakdown[INST_ACC_R][SECTOR_MISS] = 0
	Total_core_cache_stats_breakdown[INST_ACC_R][MSHR_HIT] = 0
	Total_core_cache_stats_breakdown[L1_WR_ALLOC_R][HIT] = 0
	Total_core_cache_stats_breakdown[L1_WR_ALLOC_R][HIT_RESERVED] = 0
	Total_core_cache_stats_breakdown[L1_WR_ALLOC_R][MISS] = 0
	Total_core_cache_stats_breakdown[L1_WR_ALLOC_R][RESERVATION_FAIL] = 0
	Total_core_cache_stats_breakdown[L1_WR_ALLOC_R][SECTOR_MISS] = 0
	Total_core_cache_stats_breakdown[L1_WR_ALLOC_R][MSHR_HIT] = 0
	Total_core_cache_stats_breakdown[L2_WR_ALLOC_R][HIT] = 0
	Total_core_cache_stats_breakdown[L2_WR_ALLOC_R][HIT_RESERVED] = 0
	Total_core_cache_stats_breakdown[L2_WR_ALLOC_R][MISS] = 0
	Total_core_cache_stats_breakdown[L2_WR_ALLOC_R][RESERVATION_FAIL] = 0
	Total_core_cache_stats_breakdown[L2_WR_ALLOC_R][SECTOR_MISS] = 0
	Total_core_cache_stats_breakdown[L2_WR_ALLOC_R][MSHR_HIT] = 0
	Total_core_cache_stats_breakdown[GLOBAL_ACC_R][TOTAL_ACCESS] = 1048576
	Total_core_cache_stats_breakdown[GLOBAL_ACC_W][TOTAL_ACCESS] = 524288

Total_core_cache_fail_stats:
	Total_core_cache_fail_stats_breakdown[GLOBAL_ACC_R][MISS_QUEUE_FULL] = 152290
	Total_core_cache_fail_stats_breakdown[GLOBAL_ACC_W][MISS_QUEUE_FULL] = 10644
ctas_completed 98304, Shader 0 warp_id issue ditsribution:
warp_id:
0, 1, 2, 3, 4, 5, 6, 7, 8, 9, 10, 11, 12, 13, 14, 15, 16, 17, 18, 19, 20, 21, 22, 23, 24, 25, 26, 27, 28, 29, 30, 31, 32, 33, 34, 35, 36, 37, 38, 39, 40, 41, 42, 43, 44, 45, 46, 47, 
distro:
16830, 16830, 16830, 16830, 16896, 16896, 16896, 16896, 16896, 16896, 16896, 16896, 16995, 16995, 16995, 16995, 16929, 16929, 16929, 16929, 16929, 16929, 16929, 16929, 16896, 16896, 16896, 16896, 16896, 16896, 16896, 16896, 16929, 16929, 16929, 16929, 16863, 16863, 16863, 16863, 16863, 16863, 16863, 16863, 16896, 16896, 16896, 16896, 
gpgpu_n_tot_thrd_icount = 415236096
gpgpu_n_tot_w_icount = 12976128
gpgpu_n_stall_shd_mem = 2320
gpgpu_n_mem_read_local = 0
gpgpu_n_mem_write_local = 0
gpgpu_n_mem_read_global = 1572864
gpgpu_n_mem_write_global = 1572864
gpgpu_n_mem_texture = 0
gpgpu_n_mem_const = 0
gpgpu_n_load_insn  = 25165824
gpgpu_n_store_insn = 12582912
gpgpu_n_shmem_insn = 0
gpgpu_n_sstarr_insn = 0
gpgpu_n_tex_insn = 0
gpgpu_n_const_mem_insn = 0
gpgpu_n_param_mem_insn = 50331648
gpgpu_n_shmem_bkconflict = 0
gpgpu_n_l1cache_bkconflict = 2320
gpgpu_n_intrawarp_mshr_merge = 0
gpgpu_n_cmem_portconflict = 0
gpgpu_stall_shd_mem[c_mem][resource_stall] = 0
gpgpu_stall_shd_mem[s_mem][bk_conf] = 0
gpgpu_stall_shd_mem[gl_mem][resource_stall] = 2320
gpgpu_stall_shd_mem[gl_mem][coal_stall] = 0
gpgpu_stall_shd_mem[gl_mem][data_port_stall] = 0
gpu_reg_bank_conflict_stalls = 0
Warp Occupancy Distribution:
Stall:2726194	W0_Idle:58436	W0_Scoreboard:27710066	W1:0	W2:0	W3:0	W4:0	W5:0	W6:0	W7:0	W8:0	W9:0	W10:0	W11:0	W12:0	W13:0	W14:0	W15:0	W16:0	W17:0	W18:0	W19:0	W20:0	W21:0	W22:0	W23:0	W24:0	W25:0	W26:0	W27:0	W28:0	W29:0	W30:0	W31:0	W32:12976128
single_issue_nums: WS0:3244032	WS1:3244032	WS2:3244032	WS3:3244032	
dual_issue_nums: WS0:0	WS1:0	WS2:0	WS3:0	
traffic_breakdown_coretomem[GLOBAL_ACC_R] = 12582912 {8:1572864,}
traffic_breakdown_coretomem[GLOBAL_ACC_W] = 62914560 {40:1572864,}
traffic_breakdown_memtocore[GLOBAL_ACC_R] = 62914560 {40:1572864,}
traffic_breakdown_memtocore[GLOBAL_ACC_W] = 12582912 {8:1572864,}
maxmflatency = 2017 
max_icnt2mem_latency = 214 
maxmrqlatency = 1484 
max_icnt2sh_latency = 150 
averagemflatency = 508 
avg_icnt2mem_latency = 49 
avg_mrq_latency = 189 
avg_icnt2sh_latency = 4 
mrq_lat_table:115611 	9749 	21116 	40717 	75864 	131937 	250811 	851450 	398789 	52124 	1374 	0 	0 	0 	0 	0 	0 	0 	0 	0 	0 	0 	0 	0 	0 	0 	0 	0 	0 	0 	0 	0 	
dq_lat_table:0 	0 	0 	0 	0 	0 	0 	0 	0 	0 	0 	0 	0 	0 	0 	0 	0 	0 	0 	0 	0 	0 	0 	0 	0 	0 	0 	0 	0 	0 	0 	0 	
mf_lat_table:0 	0 	0 	0 	0 	0 	0 	1450261 	123811 	1526515 	45141 	0 	0 	0 	0 	0 	0 	0 	0 	0 	0 	0 	0 	0 	0 	0 	0 	0 	0 	0 	0 	0 	
icnt2mem_lat_table:0 	0 	0 	0 	0 	2963568 	177338 	4822 	0 	0 	0 	0 	0 	0 	0 	0 	0 	0 	0 	0 	0 	0 	0 	0 	
icnt2sh_lat_table:0 	2374168 	439885 	203241 	98240 	27953 	2233 	8 	0 	0 	0 	0 	0 	0 	0 	0 	0 	0 	0 	0 	0 	0 	0 	0 	
mf_lat_pw_table:0 	0 	0 	0 	0 	0 	0 	8 	692 	657 	0 	0 	0 	0 	0 	0 	0 	0 	0 	0 	0 	0 	0 	0 	0 	0 	0 	0 	0 	0 	0 	0 	
maximum concurrent accesses to same row:
dram[0]:        64        64        64        64        64        64        64        64        64        64        64        64        64        64        64        64 
dram[1]:        64        64        64        64        64        64        64        64        64        64        64        64        64        64        64        64 
dram[2]:        64        64        64        64        64        64        64        64        64        64        64        64        64        64        64        64 
dram[3]:        64        64        64        64        64        64        64        64        64        64        64        64        64        64        64        64 
dram[4]:        64        64        64        64        64        64        64        64        64        64        64        64        64        64        64        64 
dram[5]:        64        64        64        64        64        64        64        64        64        64        64        64        64        64        64        64 
dram[6]:        64        64        64        64        64        64        64        64        64        64        64        64        64        64        64        64 
dram[7]:        64        64        64        64        64        64        64        64        64        64        64        64        64        64        64        64 
dram[8]:        64        64        64        64        64        64        64        64        64        64        64        64        64        64        64        64 
dram[9]:        64        64        64        64        64        64        64        64        64        64        64        64        64        64        64        64 
dram[10]:        64        64        64        64        64        64        64        64        64        64        64        64        64        64        64        64 
dram[11]:        64        64        64        64        64        64        64        64        64        64        64        64        64        64        64        64 
dram[12]:        64        64        64        64        64        64        64        64        64        64        64        64        64        64        64        64 
dram[13]:        64        64        64        64        64        64        64        64        64        64        64        64        64        64        64        64 
dram[14]:        64        64        64        64        64        64        64        64        64        64        64        64        64        64        64        64 
dram[15]:        64        64        64        64        64        64        64        64        64        64        64        64        64        64        64        64 
maximum service time to same row:
dram[0]:      6198      6195      6635      6641      7435      7443      7929      7935      8728      8732      9597      9589     10145     10153     10894     10896 
dram[1]:      6183      6192      6861      6922      7431      7439      7924      7912      8723      8736      9583      9579     10158     10149     10881     10886 
dram[2]:      6141      6119      6775      6762      7426      7365      7920      7922      8754      8745      9581      9573     10144     10151     10873     10876 
dram[3]:      6281      6185      6597      6568      7358      7371      7926      7917      8749      8757      9568      9562     10132     10136     10863     10867 
dram[4]:      6264      6462      6780      6817      7491      7458      7959      7948      8728      8732      9584      9579     10083     10090     10916     10925 
dram[5]:      6102      6133      6669      6685      7471      7484      7935      7952      8737      8741      9585      9575     10075     10071     10920     10928 
dram[6]:      6149      6144      6712      6726      7445      7431      7926      7934      8778      8786      9564      9581     10101     10116     10911     10903 
dram[7]:      6129      6324      6738      6757      7438      7442      7938      7930      8787      8794      9555      9577     10106     10112     10907     10923 
dram[8]:      6203      6241      6674      6764      7436      7462      7917      7921      8718      8708      9551      9557     10288     10283     10914     10905 
dram[9]:      6303      6293      6776      6706      7467      7431      7904      7913      8714      8723      9566      9562     10299     10295     10919     10909 
dram[10]:      6263      6226      6762      6779      7448      7484      7915      7911      8701      8705      9567      9573     10347     10331     10959     10963 
dram[11]:      6209      6200      6535      6847      7466      7461      7903      7907      8709      8715      9559      9577     10335     10339     10967     10955 
dram[12]:      6158      6185      6586      6656      7406      7412      7909      7915      8758      8766      9542      9533     10165     10173     10893     10911 
dram[13]:      6238      6211      6600      6611      7415      7427      7917      7922      8770      8762      9529      9538     10161     10169     10903     10898 
dram[14]:      6201      6214      6712      6690      7336      7341      7925      7924      8719      8722      9529      9518     10184     10197     10886     10892 
dram[15]:      6207      6190      6560      6590      7345      7349      7916      7920      8714      8726      9525      9521     10201     10181     10896     10903 
average row accesses per activate:
dram[0]: 38.857143 38.857143 26.816902 26.816902 36.266666 36.266666 26.629370 26.629370 37.517242 37.517242 26.911661 27.200001 35.924530 35.588783 26.444445 26.352942 
dram[1]: 39.666668 39.666668 27.694546 27.795620 35.924530 35.924530 26.911661 26.816902 38.080002 37.890549 26.722807 26.911661 36.586540 36.591347 26.171822 26.171822 
dram[2]: 39.257732 39.257732 27.297491 27.494585 35.096775 35.096775 26.352942 26.536585 36.792271 37.702969 27.007092 26.816902 35.588783 35.588783 27.007092 27.103203 
dram[3]: 39.056412 38.857143 27.007092 27.007092 35.924530 36.266666 26.629370 26.262070 37.151218 37.517242 28.000000 27.897436 35.872643 36.392345 26.082191 25.904762 
dram[4]: 38.464645 38.464645 27.897436 27.494585 35.755867 35.423256 26.536585 25.816950 38.857143 38.857143 27.494585 27.795620 36.435406 36.440193 26.262070 25.729731 
dram[5]: 38.464645 38.464645 26.629370 26.536585 36.266666 35.924530 25.557047 25.729731 37.151218 36.792271 27.795620 27.795620 36.052132 36.228573 26.171822 26.262070 
dram[6]: 39.056412 39.257732 27.594202 27.494585 36.970875 37.333332 26.536585 26.722807 38.080002 38.080002 26.722807 26.816902 36.763287 36.071091 27.007092 26.911661 
dram[7]: 38.080002 37.702969 27.694546 27.897436 36.266666 36.615383 26.171822 25.993174 36.792271 36.792271 27.297491 27.395683 36.440193 36.094788 27.007092 27.103203 
dram[8]: 39.666668 39.666668 26.629370 26.816902 36.970875 36.970875 25.904762 25.904762 38.080002 38.464645 27.594202 26.911661 36.406700 36.758453 26.536585 26.722807 
dram[9]: 38.857143 38.857143 27.395683 27.395683 36.615383 36.615383 25.904762 25.816950 38.659897 38.857143 27.694546 27.200001 36.066349 35.891510 27.494585 27.200001 
dram[10]: 38.659897 38.857143 26.171822 26.352942 36.615383 36.792271 26.444445 26.536585 38.464645 38.080002 26.911661 27.395683 36.066349 36.591347 26.816902 27.007092 
dram[11]: 40.084209 40.084209 26.816902 27.395683 36.266666 36.266666 26.444445 26.352942 38.464645 38.080002 28.312267 28.312267 36.591347 36.061611 26.536585 27.200001 
dram[12]: 38.857143 39.257732 26.911661 26.911661 36.266666 36.615383 25.993174 25.729731 38.464645 38.080002 27.795620 28.000000 36.242859 36.247620 26.352942 26.444445 
dram[13]: 38.857143 38.857143 27.594202 27.795620 36.615383 36.615383 26.082191 26.352942 38.857143 38.857143 26.536585 26.444445 36.233334 36.238094 26.444445 26.171822 
dram[14]: 39.257732 39.056412 27.795620 27.594202 36.440193 36.094788 26.816902 26.629370 38.857143 39.257732 26.722807 26.722807 36.047394 35.537384 26.262070 26.171822 
dram[15]: 38.857143 38.857143 26.629370 26.629370 36.440193 36.440193 26.911661 26.816902 37.702969 37.702969 26.536585 26.536585 36.094788 35.423256 26.536585 26.536585 
average row locality = 1949542/62459 = 31.213148
number of total memory accesses made:
dram[0]:         0         0         0         0         0         0         0         0         0         0         0         0         0         0         0         0 
dram[1]:         0         0         0         0         0         0         0         0         0         0         0         0         0         0         0         0 
dram[2]:         0         0         0         0         0         0         0         0         0         0         0         0         0         0         0         0 
dram[3]:         0         0         0         0         0         0         0         0         0         0         0         0         0         0         0         0 
dram[4]:         0         0         0         0         0         0         0         0         0         0         0         0         0         0         0         0 
dram[5]:         0         0         0         0         0         0         0         0         0         0         0         0         0         0         0         0 
dram[6]:         0         0         0         0         0         0         0         0         0         0         0         0         0         0         0         0 
dram[7]:         0         0         0         0         0         0         0         0         0         0         0         0         0         0         0         0 
dram[8]:         0         0         0         0         0         0         0         0         0         0         0         0         0         0         0         0 
dram[9]:         0         0         0         0         0         0         0         0         0         0         0         0         0         0         0         0 
dram[10]:         0         0         0         0         0         0         0         0         0         0         0         0         0         0         0         0 
dram[11]:         0         0         0         0         0         0         0         0         0         0         0         0         0         0         0         0 
dram[12]:         0         0         0         0         0         0         0         0         0         0         0         0         0         0         0         0 
dram[13]:         0         0         0         0         0         0         0         0         0         0         0         0         0         0         0         0 
dram[14]:         0         0         0         0         0         0         0         0         0         0         0         0         0         0         0         0 
dram[15]:         0         0         0         0         0         0         0         0         0         0         0         0         0         0         0         0 
total accesses: 0
min_bank_accesses = 0!
min_chip_accesses = 0!
number of total read accesses:
dram[0]:      6144      6144      6144      6144      6144      6144      6144      6144      6144      6144      6144      6144      6144      6144      6144      6144 
dram[1]:      6144      6144      6144      6144      6144      6144      6144      6144      6144      6144      6144      6144      6144      6144      6144      6144 
dram[2]:      6144      6144      6144      6144      6144      6144      6144      6144      6144      6144      6144      6144      6144      6144      6144      6144 
dram[3]:      6144      6144      6144      6144      6144      6144      6144      6144      6144      6144      6144      6144      6144      6144      6144      6144 
dram[4]:      6144      6144      6144      6144      6144      6144      6144      6144      6144      6144      6144      6144      6144      6144      6144      6144 
dram[5]:      6144      6144      6144      6144      6144      6144      6144      6144      6144      6144      6144      6144      6144      6144      6144      6144 
dram[6]:      6144      6144      6144      6144      6144      6144      6144      6144      6144      6144      6144      6144      6144      6144      6144      6144 
dram[7]:      6144      6144      6144      6144      6144      6144      6144      6144      6144      6144      6144      6144      6144      6144      6144      6144 
dram[8]:      6144      6144      6144      6144      6144      6144      6144      6144      6144      6144      6144      6144      6144      6144      6144      6144 
dram[9]:      6144      6144      6144      6144      6144      6144      6144      6144      6144      6144      6144      6144      6144      6144      6144      6144 
dram[10]:      6144      6144      6144      6144      6144      6144      6144      6144      6144      6144      6144      6144      6144      6144      6144      6144 
dram[11]:      6144      6144      6144      6144      6144      6144      6144      6144      6144      6144      6144      6144      6144      6144      6144      6144 
dram[12]:      6144      6144      6144      6144      6144      6144      6144      6144      6144      6144      6144      6144      6144      6144      6144      6144 
dram[13]:      6144      6144      6144      6144      6144      6144      6144      6144      6144      6144      6144      6144      6144      6144      6144      6144 
dram[14]:      6144      6144      6144      6144      6144      6144      6144      6144      6144      6144      6144      6144      6144      6144      6144      6144 
dram[15]:      6144      6144      6144      6144      6144      6144      6144      6144      6144      6144      6144      6144      6144      6144      6144      6144 
total dram reads = 1572864
bank skew: 6144/6144 = 1.00
chip skew: 98304/98304 = 1.00
number of total write accesses:
dram[0]:      5888      5888      5888      5888      5888      5888      5888      5888      5888      5888      5888      5888      5888      5888      5888      5888 
dram[1]:      5888      5888      5888      5888      5888      5888      5888      5888      5888      5888      5888      5888      5864      5872      5888      5888 
dram[2]:      5888      5888      5888      5888      5888      5888      5888      5888      5888      5888      5888      5888      5888      5888      5888      5888 
dram[3]:      5888      5888      5888      5888      5888      5888      5888      5888      5888      5888      5888      5888      5844      5852      5888      5888 
dram[4]:      5888      5888      5888      5888      5888      5888      5888      5888      5888      5888      5888      5888      5888      5888      5888      5888 
dram[5]:      5888      5888      5888      5888      5888      5888      5888      5888      5888      5888      5888      5888      5852      5860      5888      5888 
dram[6]:      5888      5888      5888      5888      5888      5888      5888      5888      5888      5888      5888      5888      5864      5872      5888      5888 
dram[7]:      5888      5888      5888      5888      5888      5888      5888      5888      5888      5888      5888      5888      5888      5888      5888      5888 
dram[8]:      5888      5888      5888      5888      5888      5888      5888      5888      5888      5888      5888      5888      5860      5860      5888      5888 
dram[9]:      5888      5888      5888      5888      5888      5888      5888      5888      5888      5888      5888      5888      5864      5864      5888      5888 
dram[10]:      5888      5888      5888      5888      5888      5888      5888      5888      5888      5888      5888      5888      5864      5868      5888      5888 
dram[11]:      5888      5888      5888      5888      5888      5888      5888      5888      5888      5888      5888      5888      5868      5860      5888      5888 
dram[12]:      5888      5888      5888      5888      5888      5888      5888      5888      5888      5888      5888      5888      5872      5872      5888      5888 
dram[13]:      5888      5888      5888      5888      5888      5888      5888      5888      5888      5888      5888      5888      5860      5868      5888      5888 
dram[14]:      5888      5888      5888      5888      5888      5888      5888      5888      5888      5888      5888      5888      5848      5844      5888      5888 
dram[15]:      5888      5888      5888      5888      5888      5888      5888      5888      5888      5888      5888      5888      5888      5888      5888      5888 
total dram writes = 1506744
bank skew: 5888/5844 = 1.01
chip skew: 94208/94124 = 1.00
average mf latency per bank:
dram[0]:        520       525       526       526       518       523       523       525       512       518       526       531       517       524       523       527
dram[1]:        523       529       531       534       531       535       531       533       516       521       526       534       524       529       525       533
dram[2]:        513       518       526       530       517       522       514       514       501       506       524       526       512       517       520       524
dram[3]:        512       519       522       522       516       520       518       520       509       515       518       521       508       512       513       516
dram[4]:        506       511       515       518       512       515       518       520       502       509       514       516       505       509       511       510
dram[5]:        516       521       522       526       517       525       523       528       515       520       526       527       517       525       511       520
dram[6]:        518       523       529       525       523       528       526       524       513       518       531       527       515       516       526       524
dram[7]:        506       511       520       524       514       519       506       513       507       513       522       527       511       520       520       519
dram[8]:        513       518       525       524       518       524       522       521       509       515       522       523       514       521       521       523
dram[9]:        503       507       514       514       510       513       511       513       503       508       517       518       510       510       512       513
dram[10]:        514       517       520       521       519       526       521       523       512       517       519       522       506       512       518       518
dram[11]:        513       518       521       525       516       521       521       521       507       512       529       529       516       522       522       523
dram[12]:        513       517       528       526       524       527       532       531       519       524       532       532       520       526       522       520
dram[13]:        518       524       525       527       517       523       522       526       515       518       522       523       516       523       518       520
dram[14]:        504       510       522       520       507       511       517       518       511       515       518       516       513       520       513       518
dram[15]:        508       513       515       518       516       522       524       525       504       508       523       523       516       521       518       521
maximum mf latency per bank:
dram[0]:       1321      1327      1542      1432      1787      1773      1558      1571      1199      1217      1257      1432      1407      1408      1300      1472
dram[1]:       1470      1495      1304      1325      1550      1551      1575      1686      1386      1377      1681      1883      1593      1597      1467      1778
dram[2]:       1359      1364      1151      1161      1421      1430      1636      1240      1457      1483      1278      1703      1414      1414      1386      1373
dram[3]:       1355      1268      1291      1291      1431      1431      1286      1237      1128      1151      1206      1227      1229      1368      1229      1226
dram[4]:       1357      1382      1772      1791      1512      1517      1634      1661      1396      1395      1991      1466      1453      1247      1572      1431
dram[5]:       1402      1403      1792      1241      1476      1477      1812      1193      1791      1789      1394      1276      1494      1922      1517      1527
dram[6]:       1830      1334      1986      1372      1522      1539      1892      1225      1194      1197      1785      1546      1547      1314      1539      1529
dram[7]:       1400      1455      1343      1345      1419      1423      1172      1461      1773      1915      1303      1242      1366      1650      1854      1510
dram[8]:       1305      1310      1990      1790      1350      1468      1684      1695      1835      1895      1323      1824      1709      1408      1898      1185
dram[9]:       1261      1252      1875      1396      1734      1729      1932      1870      1383      1409      1833      1848      1540      1181      1377      1388
dram[10]:       1234      1236      1810      1822      1655      1779      1733      1738      1326      1368      1668      1576      1370      1477      1766      1197
dram[11]:       1308      1317      1252      1308      1445      1444      1879      1308      1269      1273      1305      1252      1539      1541      1403      1422
dram[12]:       1266      1265      1897      1772      1618      1441      1308      1319      1285      1760      1326      1325      1553      1581      1426      2017
dram[13]:       1367      1327      1333      2013      1535      1771      1174      1204      1296      1291      1155      1151      1304      1299      1202      1198
dram[14]:       1381      1406      1757      1215      1483      1345      1373      1263      1444      1407      1848      1811      1372      1982      1481      1638
dram[15]:       1436      1443      1404      1410      1583      1575      1566      1188      1399      1370      1277      1301      1205      1868      1246      1830
Memory Partition 0: 
Cache L2_bank_000:
MSHR contents

Cache L2_bank_001:
MSHR contents

In Dram Latency Queue (total = 0): 
DRAM[0]: 16 bks, busW=2 BL=16 CL=24, tRRD=12 tCCD=4, tRCD=24 tRAS=55 tRP=24 tRC=78
n_cmd=854751 n_nop=654532 n_act=3924 n_pre=3908 n_ref_event=0 n_req=121856 n_rd=98304 n_rd_L2_A=0 n_write=0 n_wr_bk=94207 bw_util=0.9009
n_activity=825206 dram_eff=0.9332
bk0: 6144a 673617i bk1: 6144a 671640i bk2: 6144a 683625i bk3: 6144a 684070i bk4: 6144a 673953i bk5: 6144a 673039i bk6: 6144a 688713i bk7: 6144a 689400i bk8: 6144a 662991i bk9: 6144a 661424i bk10: 6144a 682236i bk11: 6144a 680430i bk12: 6144a 678421i bk13: 6144a 675538i bk14: 6144a 688473i bk15: 6144a 687571i 

------------------------------------------------------------------------

Row_Buffer_Locality = 0.967798
Row_Buffer_Locality_read = 0.979950
Row_Buffer_Locality_write = 0.917077
Bank_Level_Parallism = 3.588955
Bank_Level_Parallism_Col = 3.465432
Bank_Level_Parallism_Ready = 1.522153
write_to_read_ratio_blp_rw_average = 0.483727
GrpLevelPara = 2.998529 

BW Util details:
bwutil = 0.900899 
total_CMD = 854751 
util_bw = 770044 
Wasted_Col = 42188 
Wasted_Row = 7531 
Idle = 34988 

BW Util Bottlenecks: 
RCDc_limit = 7296 
RCDWRc_limit = 5187 
WTRc_limit = 36993 
RTWc_limit = 31841 
CCDLc_limit = 18872 
rwq = 0 
CCDLc_limit_alone = 15212 
WTRc_limit_alone = 34964 
RTWc_limit_alone = 30210 

Commands details: 
total_CMD = 854751 
n_nop = 654532 
Read = 98304 
Write = 0 
L2_Alloc = 0 
L2_WB = 94207 
n_act = 3924 
n_pre = 3908 
n_ref = 0 
n_req = 121856 
total_req = 192511 

Dual Bus Interface Util: 
issued_total_row = 7832 
issued_total_col = 192511 
Row_Bus_Util =  0.009163 
CoL_Bus_Util = 0.225225 
Either_Row_CoL_Bus_Util = 0.234242 
Issued_on_Two_Bus_Simul_Util = 0.000145 
issued_two_Eff = 0.000619 
queue_avg = 34.055073 


dram_util_bins: 0 0 0 0 0 0 0 0 0 0
dram_eff_bins: 0 0 0 0 0 0 0 0 0 0
mrqq: max=64 avg=34.0551
Memory Partition 1: 
Cache L2_bank_002:
MSHR contents

Cache L2_bank_003:
MSHR contents

In Dram Latency Queue (total = 10): 
Ready @ 694497 -   mf: uid=11782269, sid4294967295:w4294967295, part=1, addr=0xc1de1c80, store, size=128, L2_WRBK  status = IN_PARTITION_DRAM_LATENCY_QUEUE (694243), 
Ready @ 694502 -   mf: uid=11782277, sid4294967295:w4294967295, part=1, addr=0xc1de3e00, store, size=128, L2_WRBK  status = IN_PARTITION_DRAM_LATENCY_QUEUE (694248), 
Ready @ 694525 -   mf: uid=11782301, sid4294967295:w4294967295, part=1, addr=0xc1de1c00, store, size=128, L2_WRBK  status = IN_PARTITION_DRAM_LATENCY_QUEUE (694271), 
Ready @ 694547 -   mf: uid=11782317, sid4294967295:w4294967295, part=1, addr=0xc1de5980, store, size=128, L2_WRBK  status = IN_PARTITION_DRAM_LATENCY_QUEUE (694293), 
Ready @ 694551 -   mf: uid=11782319, sid4294967295:w4294967295, part=1, addr=0xc1de6b80, store, size=128, L2_WRBK  status = IN_PARTITION_DRAM_LATENCY_QUEUE (694297), 
Ready @ 694555 -   mf: uid=11782324, sid4294967295:w4294967295, part=1, addr=0xc1de4900, store, size=128, L2_WRBK  status = IN_PARTITION_DRAM_LATENCY_QUEUE (694301), 
Ready @ 694577 -   mf: uid=11782343, sid4294967295:w4294967295, part=1, addr=0xc1de7b80, store, size=128, L2_WRBK  status = IN_PARTITION_DRAM_LATENCY_QUEUE (694323), 
Ready @ 694590 -   mf: uid=11782357, sid4294967295:w4294967295, part=1, addr=0xc1de6b00, store, size=128, L2_WRBK  status = IN_PARTITION_DRAM_LATENCY_QUEUE (694336), 
Ready @ 694597 -   mf: uid=11782360, sid4294967295:w4294967295, part=1, addr=0xc1de5900, store, size=128, L2_WRBK  status = IN_PARTITION_DRAM_LATENCY_QUEUE (694343), 
Ready @ 694619 -   mf: uid=11782374, sid4294967295:w4294967295, part=1, addr=0xc1de7b00, store, size=128, L2_WRBK  status = IN_PARTITION_DRAM_LATENCY_QUEUE (694365), 
DRAM[1]: 16 bks, busW=2 BL=16 CL=24, tRRD=12 tCCD=4, tRCD=24 tRAS=55 tRP=24 tRC=78
n_cmd=854751 n_nop=654682 n_act=3891 n_pre=3875 n_ref_event=0 n_req=121846 n_rd=98304 n_rd_L2_A=0 n_write=0 n_wr_bk=94160 bw_util=0.9007
n_activity=825762 dram_eff=0.9323
bk0: 6144a 666255i bk1: 6144a 665574i bk2: 6144a 681082i bk3: 6144a 683674i bk4: 6144a 666774i bk5: 6144a 665719i bk6: 6144a 688714i bk7: 6144a 688666i bk8: 6144a 663646i bk9: 6144a 662557i bk10: 6144a 679665i bk11: 6144a 678517i bk12: 6144a 669689i bk13: 6144a 669141i bk14: 6144a 684434i bk15: 6144a 683411i 

------------------------------------------------------------------------

Row_Buffer_Locality = 0.968066
Row_Buffer_Locality_read = 0.980092
Row_Buffer_Locality_write = 0.917845
Bank_Level_Parallism = 3.656533
Bank_Level_Parallism_Col = 3.532519
Bank_Level_Parallism_Ready = 1.530177
write_to_read_ratio_blp_rw_average = 0.486825
GrpLevelPara = 3.029116 

BW Util details:
bwutil = 0.900679 
total_CMD = 854751 
util_bw = 769856 
Wasted_Col = 43593 
Wasted_Row = 6910 
Idle = 34392 

BW Util Bottlenecks: 
RCDc_limit = 7486 
RCDWRc_limit = 5016 
WTRc_limit = 40165 
RTWc_limit = 33263 
CCDLc_limit = 21000 
rwq = 0 
CCDLc_limit_alone = 16984 
WTRc_limit_alone = 37631 
RTWc_limit_alone = 31781 

Commands details: 
total_CMD = 854751 
n_nop = 654682 
Read = 98304 
Write = 0 
L2_Alloc = 0 
L2_WB = 94160 
n_act = 3891 
n_pre = 3875 
n_ref = 0 
n_req = 121846 
total_req = 192464 

Dual Bus Interface Util: 
issued_total_row = 7766 
issued_total_col = 192464 
Row_Bus_Util =  0.009086 
CoL_Bus_Util = 0.225170 
Either_Row_CoL_Bus_Util = 0.234067 
Issued_on_Two_Bus_Simul_Util = 0.000188 
issued_two_Eff = 0.000805 
queue_avg = 35.070049 


dram_util_bins: 0 0 0 0 0 0 0 0 0 0
dram_eff_bins: 0 0 0 0 0 0 0 0 0 0
mrqq: max=64 avg=35.07
Memory Partition 2: 
Cache L2_bank_004:
MSHR contents

Cache L2_bank_005:
MSHR contents

In Dram Latency Queue (total = 0): 
DRAM[2]: 16 bks, busW=2 BL=16 CL=24, tRRD=12 tCCD=4, tRCD=24 tRAS=55 tRP=24 tRC=78
n_cmd=854751 n_nop=654577 n_act=3920 n_pre=3904 n_ref_event=0 n_req=121856 n_rd=98304 n_rd_L2_A=0 n_write=0 n_wr_bk=94208 bw_util=0.9009
n_activity=824757 dram_eff=0.9337
bk0: 6144a 671410i bk1: 6144a 670472i bk2: 6144a 684559i bk3: 6144a 686503i bk4: 6144a 676749i bk5: 6144a 675188i bk6: 6144a 692494i bk7: 6144a 693288i bk8: 6144a 668488i bk9: 6144a 667596i bk10: 6144a 678998i bk11: 6144a 679799i bk12: 6144a 679170i bk13: 6144a 678239i bk14: 6144a 691018i bk15: 6144a 691453i 

------------------------------------------------------------------------

Row_Buffer_Locality = 0.967831
Row_Buffer_Locality_read = 0.979930
Row_Buffer_Locality_write = 0.917332
Bank_Level_Parallism = 3.556983
Bank_Level_Parallism_Col = 3.432092
Bank_Level_Parallism_Ready = 1.511663
write_to_read_ratio_blp_rw_average = 0.475717
GrpLevelPara = 2.978467 

BW Util details:
bwutil = 0.900903 
total_CMD = 854751 
util_bw = 770048 
Wasted_Col = 41801 
Wasted_Row = 6949 
Idle = 35953 

BW Util Bottlenecks: 
RCDc_limit = 7115 
RCDWRc_limit = 5435 
WTRc_limit = 38863 
RTWc_limit = 30489 
CCDLc_limit = 19293 
rwq = 0 
CCDLc_limit_alone = 15340 
WTRc_limit_alone = 36445 
RTWc_limit_alone = 28954 

Commands details: 
total_CMD = 854751 
n_nop = 654577 
Read = 98304 
Write = 0 
L2_Alloc = 0 
L2_WB = 94208 
n_act = 3920 
n_pre = 3904 
n_ref = 0 
n_req = 121856 
total_req = 192512 

Dual Bus Interface Util: 
issued_total_row = 7824 
issued_total_col = 192512 
Row_Bus_Util =  0.009154 
CoL_Bus_Util = 0.225226 
Either_Row_CoL_Bus_Util = 0.234190 
Issued_on_Two_Bus_Simul_Util = 0.000190 
issued_two_Eff = 0.000809 
queue_avg = 33.045006 


dram_util_bins: 0 0 0 0 0 0 0 0 0 0
dram_eff_bins: 0 0 0 0 0 0 0 0 0 0
mrqq: max=64 avg=33.045
Memory Partition 3: 
Cache L2_bank_006:
MSHR contents

Cache L2_bank_007:
MSHR contents

In Dram Latency Queue (total = 20): 
Ready @ 694493 -   mf: uid=11782261, sid4294967295:w4294967295, part=3, addr=0xc1ded100, store, size=128, L2_WRBK  status = IN_PARTITION_DRAM_LATENCY_QUEUE (694239), 
Ready @ 694502 -   mf: uid=11782278, sid4294967295:w4294967295, part=3, addr=0xc1def300, store, size=128, L2_WRBK  status = IN_PARTITION_DRAM_LATENCY_QUEUE (694248), 
Ready @ 694514 -   mf: uid=11782295, sid4294967295:w4294967295, part=3, addr=0xc1dee380, store, size=128, L2_WRBK  status = IN_PARTITION_DRAM_LATENCY_QUEUE (694260), 
Ready @ 694530 -   mf: uid=11782304, sid4294967295:w4294967295, part=3, addr=0xc1dee300, store, size=128, L2_WRBK  status = IN_PARTITION_DRAM_LATENCY_QUEUE (694276), 
Ready @ 694537 -   mf: uid=11782309, sid4294967295:w4294967295, part=3, addr=0xc1de0e80, store, size=128, L2_WRBK  status = IN_PARTITION_DRAM_LATENCY_QUEUE (694283), 
Ready @ 694553 -   mf: uid=11782321, sid4294967295:w4294967295, part=3, addr=0xc1de0e00, store, size=128, L2_WRBK  status = IN_PARTITION_DRAM_LATENCY_QUEUE (694299), 
Ready @ 694568 -   mf: uid=11782336, sid4294967295:w4294967295, part=3, addr=0xc1de1e80, store, size=128, L2_WRBK  status = IN_PARTITION_DRAM_LATENCY_QUEUE (694314), 
Ready @ 694583 -   mf: uid=11782349, sid4294967295:w4294967295, part=3, addr=0xc1de1e00, store, size=128, L2_WRBK  status = IN_PARTITION_DRAM_LATENCY_QUEUE (694329), 
Ready @ 694589 -   mf: uid=11782356, sid4294967295:w4294967295, part=3, addr=0xc1de4b80, store, size=128, L2_WRBK  status = IN_PARTITION_DRAM_LATENCY_QUEUE (694335), 
Ready @ 694605 -   mf: uid=11782365, sid4294967295:w4294967295, part=3, addr=0xc1de4b00, store, size=128, L2_WRBK  status = IN_PARTITION_DRAM_LATENCY_QUEUE (694351), 
Ready @ 694615 -   mf: uid=11782372, sid4294967295:w4294967295, part=3, addr=0xc1de2c80, store, size=128, L2_WRBK  status = IN_PARTITION_DRAM_LATENCY_QUEUE (694361), 
Ready @ 694647 -   mf: uid=11782387, sid4294967295:w4294967295, part=3, addr=0xc1de3c80, store, size=128, L2_WRBK  status = IN_PARTITION_DRAM_LATENCY_QUEUE (694393), 
Ready @ 694667 -   mf: uid=11782399, sid4294967295:w4294967295, part=3, addr=0xc1de2c00, store, size=128, L2_WRBK  status = IN_PARTITION_DRAM_LATENCY_QUEUE (694413), 
Ready @ 694673 -   mf: uid=11782402, sid4294967295:w4294967295, part=3, addr=0xc1de6900, store, size=128, L2_WRBK  status = IN_PARTITION_DRAM_LATENCY_QUEUE (694419), 
Ready @ 694686 -   mf: uid=11782407, sid4294967295:w4294967295, part=3, addr=0xc1de6980, store, size=128, L2_WRBK  status = IN_PARTITION_DRAM_LATENCY_QUEUE (694432), 
Ready @ 694693 -   mf: uid=11782408, sid4294967295:w4294967295, part=3, addr=0xc1de5b80, store, size=128, L2_WRBK  status = IN_PARTITION_DRAM_LATENCY_QUEUE (694439), 
Ready @ 694703 -   mf: uid=11782409, sid4294967295:w4294967295, part=3, addr=0xc1de3c00, store, size=128, L2_WRBK  status = IN_PARTITION_DRAM_LATENCY_QUEUE (694449), 
Ready @ 694710 -   mf: uid=11782411, sid4294967295:w4294967295, part=3, addr=0xc1de5b00, store, size=128, L2_WRBK  status = IN_PARTITION_DRAM_LATENCY_QUEUE (694456), 
Ready @ 694719 -   mf: uid=11782412, sid4294967295:w4294967295, part=3, addr=0xc1de7980, store, size=128, L2_WRBK  status = IN_PARTITION_DRAM_LATENCY_QUEUE (694465), 
Ready @ 694733 -   mf: uid=11782415, sid4294967295:w4294967295, part=3, addr=0xc1de7900, store, size=128, L2_WRBK  status = IN_PARTITION_DRAM_LATENCY_QUEUE (694479), 
DRAM[3]: 16 bks, busW=2 BL=16 CL=24, tRRD=12 tCCD=4, tRCD=24 tRAS=55 tRP=24 tRC=78
n_cmd=854751 n_nop=654645 n_act=3913 n_pre=3897 n_ref_event=0 n_req=121836 n_rd=98304 n_rd_L2_A=0 n_write=0 n_wr_bk=94123 bw_util=0.9005
n_activity=824355 dram_eff=0.9337
bk0: 6144a 673958i bk1: 6144a 673799i bk2: 6144a 687698i bk3: 6144a 689269i bk4: 6144a 676204i bk5: 6144a 674651i bk6: 6144a 693624i bk7: 6144a 695351i bk8: 6144a 673949i bk9: 6144a 671445i bk10: 6144a 686124i bk11: 6144a 687113i bk12: 6144a 677234i bk13: 6144a 674120i bk14: 6144a 687522i bk15: 6144a 689596i 

------------------------------------------------------------------------

Row_Buffer_Locality = 0.967883
Row_Buffer_Locality_read = 0.979960
Row_Buffer_Locality_write = 0.917428
Bank_Level_Parallism = 3.527081
Bank_Level_Parallism_Col = 3.401097
Bank_Level_Parallism_Ready = 1.515473
write_to_read_ratio_blp_rw_average = 0.471944
GrpLevelPara = 2.954248 

BW Util details:
bwutil = 0.900506 
total_CMD = 854751 
util_bw = 769708 
Wasted_Col = 41861 
Wasted_Row = 6683 
Idle = 36499 

BW Util Bottlenecks: 
RCDc_limit = 7096 
RCDWRc_limit = 5135 
WTRc_limit = 37214 
RTWc_limit = 31775 
CCDLc_limit = 18843 
rwq = 0 
CCDLc_limit_alone = 15276 
WTRc_limit_alone = 35217 
RTWc_limit_alone = 30205 

Commands details: 
total_CMD = 854751 
n_nop = 654645 
Read = 98304 
Write = 0 
L2_Alloc = 0 
L2_WB = 94123 
n_act = 3913 
n_pre = 3897 
n_ref = 0 
n_req = 121836 
total_req = 192427 

Dual Bus Interface Util: 
issued_total_row = 7810 
issued_total_col = 192427 
Row_Bus_Util =  0.009137 
CoL_Bus_Util = 0.225126 
Either_Row_CoL_Bus_Util = 0.234110 
Issued_on_Two_Bus_Simul_Util = 0.000153 
issued_two_Eff = 0.000655 
queue_avg = 32.826832 


dram_util_bins: 0 0 0 0 0 0 0 0 0 0
dram_eff_bins: 0 0 0 0 0 0 0 0 0 0
mrqq: max=64 avg=32.8268
Memory Partition 4: 
Cache L2_bank_008:
MSHR contents

Cache L2_bank_009:
MSHR contents

In Dram Latency Queue (total = 0): 
DRAM[4]: 16 bks, busW=2 BL=16 CL=24, tRRD=12 tCCD=4, tRCD=24 tRAS=55 tRP=24 tRC=78
n_cmd=854751 n_nop=654587 n_act=3903 n_pre=3887 n_ref_event=0 n_req=121856 n_rd=98304 n_rd_L2_A=0 n_write=0 n_wr_bk=94199 bw_util=0.9009
n_activity=824666 dram_eff=0.9337
bk0: 6144a 677978i bk1: 6144a 675942i bk2: 6144a 687252i bk3: 6144a 687651i bk4: 6144a 674785i bk5: 6144a 673960i bk6: 6144a 690965i bk7: 6144a 692372i bk8: 6144a 671841i bk9: 6144a 670807i bk10: 6144a 688886i bk11: 6144a 689682i bk12: 6144a 682479i bk13: 6144a 679869i bk14: 6144a 692107i bk15: 6144a 694584i 

------------------------------------------------------------------------

Row_Buffer_Locality = 0.967970
Row_Buffer_Locality_read = 0.980001
Row_Buffer_Locality_write = 0.917753
Bank_Level_Parallism = 3.501152
Bank_Level_Parallism_Col = 3.376662
Bank_Level_Parallism_Ready = 1.489593
write_to_read_ratio_blp_rw_average = 0.474073
GrpLevelPara = 2.954510 

BW Util details:
bwutil = 0.900861 
total_CMD = 854751 
util_bw = 770012 
Wasted_Col = 41861 
Wasted_Row = 6803 
Idle = 36075 

BW Util Bottlenecks: 
RCDc_limit = 6995 
RCDWRc_limit = 5782 
WTRc_limit = 37148 
RTWc_limit = 29076 
CCDLc_limit = 19445 
rwq = 0 
CCDLc_limit_alone = 15714 
WTRc_limit_alone = 34898 
RTWc_limit_alone = 27595 

Commands details: 
total_CMD = 854751 
n_nop = 654587 
Read = 98304 
Write = 0 
L2_Alloc = 0 
L2_WB = 94199 
n_act = 3903 
n_pre = 3887 
n_ref = 0 
n_req = 121856 
total_req = 192503 

Dual Bus Interface Util: 
issued_total_row = 7790 
issued_total_col = 192503 
Row_Bus_Util =  0.009114 
CoL_Bus_Util = 0.225215 
Either_Row_CoL_Bus_Util = 0.234178 
Issued_on_Two_Bus_Simul_Util = 0.000151 
issued_two_Eff = 0.000644 
queue_avg = 31.661182 


dram_util_bins: 0 0 0 0 0 0 0 0 0 0
dram_eff_bins: 0 0 0 0 0 0 0 0 0 0
mrqq: max=64 avg=31.6612
Memory Partition 5: 
Cache L2_bank_010:
MSHR contents

Cache L2_bank_011:
MSHR contents

In Dram Latency Queue (total = 16): 
Ready @ 694491 -   mf: uid=11782259, sid4294967295:w4294967295, part=5, addr=0xc1de0800, store, size=128, L2_WRBK  status = IN_PARTITION_DRAM_LATENCY_QUEUE (694237), 
Ready @ 694501 -   mf: uid=11782275, sid4294967295:w4294967295, part=5, addr=0xc1de1800, store, size=128, L2_WRBK  status = IN_PARTITION_DRAM_LATENCY_QUEUE (694247), 
Ready @ 694516 -   mf: uid=11782297, sid4294967295:w4294967295, part=5, addr=0xc1de2a80, store, size=128, L2_WRBK  status = IN_PARTITION_DRAM_LATENCY_QUEUE (694262), 
Ready @ 694539 -   mf: uid=11782310, sid4294967295:w4294967295, part=5, addr=0xc1de2a00, store, size=128, L2_WRBK  status = IN_PARTITION_DRAM_LATENCY_QUEUE (694285), 
Ready @ 694542 -   mf: uid=11782313, sid4294967295:w4294967295, part=5, addr=0xc1def580, store, size=128, L2_WRBK  status = IN_PARTITION_DRAM_LATENCY_QUEUE (694288), 
Ready @ 694551 -   mf: uid=11782320, sid4294967295:w4294967295, part=5, addr=0xc1def500, store, size=128, L2_WRBK  status = IN_PARTITION_DRAM_LATENCY_QUEUE (694297), 
Ready @ 694564 -   mf: uid=11782329, sid4294967295:w4294967295, part=5, addr=0xc1de3a80, store, size=128, L2_WRBK  status = IN_PARTITION_DRAM_LATENCY_QUEUE (694310), 
Ready @ 694579 -   mf: uid=11782345, sid4294967295:w4294967295, part=5, addr=0xc1de3a00, store, size=128, L2_WRBK  status = IN_PARTITION_DRAM_LATENCY_QUEUE (694325), 
Ready @ 694587 -   mf: uid=11782354, sid4294967295:w4294967295, part=5, addr=0xc1de5d80, store, size=128, L2_WRBK  status = IN_PARTITION_DRAM_LATENCY_QUEUE (694333), 
Ready @ 694603 -   mf: uid=11782363, sid4294967295:w4294967295, part=5, addr=0xc1de5d00, store, size=128, L2_WRBK  status = IN_PARTITION_DRAM_LATENCY_QUEUE (694349), 
Ready @ 694614 -   mf: uid=11782371, sid4294967295:w4294967295, part=5, addr=0xc1de7f80, store, size=128, L2_WRBK  status = IN_PARTITION_DRAM_LATENCY_QUEUE (694360), 
Ready @ 694629 -   mf: uid=11782379, sid4294967295:w4294967295, part=5, addr=0xc1de7f00, store, size=128, L2_WRBK  status = IN_PARTITION_DRAM_LATENCY_QUEUE (694375), 
Ready @ 694665 -   mf: uid=11782398, sid4294967295:w4294967295, part=5, addr=0xc1de6f80, store, size=128, L2_WRBK  status = IN_PARTITION_DRAM_LATENCY_QUEUE (694411), 
Ready @ 694665 -   mf: uid=11782397, sid4294967295:w4294967295, part=5, addr=0xc1de4d80, store, size=128, L2_WRBK  status = IN_PARTITION_DRAM_LATENCY_QUEUE (694411), 
Ready @ 694672 -   mf: uid=11782400, sid4294967295:w4294967295, part=5, addr=0xc1de6f00, store, size=128, L2_WRBK  status = IN_PARTITION_DRAM_LATENCY_QUEUE (694418), 
Ready @ 694681 -   mf: uid=11782405, sid4294967295:w4294967295, part=5, addr=0xc1de4d00, store, size=128, L2_WRBK  status = IN_PARTITION_DRAM_LATENCY_QUEUE (694427), 
DRAM[5]: 16 bks, busW=2 BL=16 CL=24, tRRD=12 tCCD=4, tRCD=24 tRAS=55 tRP=24 tRC=78
n_cmd=854751 n_nop=654547 n_act=3947 n_pre=3931 n_ref_event=0 n_req=121840 n_rd=98304 n_rd_L2_A=0 n_write=0 n_wr_bk=94139 bw_util=0.9006
n_activity=825052 dram_eff=0.933
bk0: 6144a 669664i bk1: 6144a 666419i bk2: 6144a 678409i bk3: 6144a 682085i bk4: 6144a 671806i bk5: 6144a 669550i bk6: 6144a 683992i bk7: 6144a 688342i bk8: 6144a 667792i bk9: 6144a 666480i bk10: 6144a 682727i bk11: 6144a 684391i bk12: 6144a 671187i bk13: 6144a 667433i bk14: 6144a 692325i bk15: 6144a 690075i 

------------------------------------------------------------------------

Row_Buffer_Locality = 0.967605
Row_Buffer_Locality_read = 0.979818
Row_Buffer_Locality_write = 0.916592
Bank_Level_Parallism = 3.616705
Bank_Level_Parallism_Col = 3.491606
Bank_Level_Parallism_Ready = 1.530158
write_to_read_ratio_blp_rw_average = 0.482774
GrpLevelPara = 3.002193 

BW Util details:
bwutil = 0.900580 
total_CMD = 854751 
util_bw = 769771 
Wasted_Col = 42497 
Wasted_Row = 7313 
Idle = 35170 

BW Util Bottlenecks: 
RCDc_limit = 7722 
RCDWRc_limit = 5053 
WTRc_limit = 36601 
RTWc_limit = 33217 
CCDLc_limit = 19286 
rwq = 0 
CCDLc_limit_alone = 15797 
WTRc_limit_alone = 34803 
RTWc_limit_alone = 31526 

Commands details: 
total_CMD = 854751 
n_nop = 654547 
Read = 98304 
Write = 0 
L2_Alloc = 0 
L2_WB = 94139 
n_act = 3947 
n_pre = 3931 
n_ref = 0 
n_req = 121840 
total_req = 192443 

Dual Bus Interface Util: 
issued_total_row = 7878 
issued_total_col = 192443 
Row_Bus_Util =  0.009217 
CoL_Bus_Util = 0.225145 
Either_Row_CoL_Bus_Util = 0.234225 
Issued_on_Two_Bus_Simul_Util = 0.000137 
issued_two_Eff = 0.000584 
queue_avg = 33.391449 


dram_util_bins: 0 0 0 0 0 0 0 0 0 0
dram_eff_bins: 0 0 0 0 0 0 0 0 0 0
mrqq: max=64 avg=33.3914
Memory Partition 6: 
Cache L2_bank_012:
MSHR contents

Cache L2_bank_013:
MSHR contents

In Dram Latency Queue (total = 10): 
Ready @ 694494 -   mf: uid=11782262, sid4294967295:w4294967295, part=6, addr=0xc1de3980, store, size=128, L2_WRBK  status = IN_PARTITION_DRAM_LATENCY_QUEUE (694240), 
Ready @ 694499 -   mf: uid=11782272, sid4294967295:w4294967295, part=6, addr=0xc1de2900, store, size=128, L2_WRBK  status = IN_PARTITION_DRAM_LATENCY_QUEUE (694245), 
Ready @ 694512 -   mf: uid=11782293, sid4294967295:w4294967295, part=6, addr=0xc1de4e00, store, size=128, L2_WRBK  status = IN_PARTITION_DRAM_LATENCY_QUEUE (694258), 
Ready @ 694514 -   mf: uid=11782296, sid4294967295:w4294967295, part=6, addr=0xc1de5e80, store, size=128, L2_WRBK  status = IN_PARTITION_DRAM_LATENCY_QUEUE (694260), 
Ready @ 694544 -   mf: uid=11782315, sid4294967295:w4294967295, part=6, addr=0xc1de6c80, store, size=128, L2_WRBK  status = IN_PARTITION_DRAM_LATENCY_QUEUE (694290), 
Ready @ 694548 -   mf: uid=11782318, sid4294967295:w4294967295, part=6, addr=0xc1de5e00, store, size=128, L2_WRBK  status = IN_PARTITION_DRAM_LATENCY_QUEUE (694294), 
Ready @ 694565 -   mf: uid=11782331, sid4294967295:w4294967295, part=6, addr=0xc1de3900, store, size=128, L2_WRBK  status = IN_PARTITION_DRAM_LATENCY_QUEUE (694311), 
Ready @ 694567 -   mf: uid=11782333, sid4294967295:w4294967295, part=6, addr=0xc1de7c80, store, size=128, L2_WRBK  status = IN_PARTITION_DRAM_LATENCY_QUEUE (694313), 
Ready @ 694586 -   mf: uid=11782351, sid4294967295:w4294967295, part=6, addr=0xc1de6c00, store, size=128, L2_WRBK  status = IN_PARTITION_DRAM_LATENCY_QUEUE (694332), 
Ready @ 694604 -   mf: uid=11782364, sid4294967295:w4294967295, part=6, addr=0xc1de7c00, store, size=128, L2_WRBK  status = IN_PARTITION_DRAM_LATENCY_QUEUE (694350), 
DRAM[6]: 16 bks, busW=2 BL=16 CL=24, tRRD=12 tCCD=4, tRCD=24 tRAS=55 tRP=24 tRC=78
n_cmd=854751 n_nop=654697 n_act=3876 n_pre=3860 n_ref_event=0 n_req=121846 n_rd=98304 n_rd_L2_A=0 n_write=0 n_wr_bk=94160 bw_util=0.9007
n_activity=825078 dram_eff=0.9331
bk0: 6144a 664126i bk1: 6144a 663019i bk2: 6144a 681275i bk3: 6144a 685644i bk4: 6144a 667647i bk5: 6144a 666527i bk6: 6144a 690101i bk7: 6144a 692157i bk8: 6144a 671617i bk9: 6144a 668201i bk10: 6144a 679138i bk11: 6144a 678832i bk12: 6144a 671480i bk13: 6144a 670988i bk14: 6144a 687183i bk15: 6144a 686118i 

------------------------------------------------------------------------

Row_Buffer_Locality = 0.968189
Row_Buffer_Locality_read = 0.980143
Row_Buffer_Locality_write = 0.918270
Bank_Level_Parallism = 3.627651
Bank_Level_Parallism_Col = 3.507438
Bank_Level_Parallism_Ready = 1.518744
write_to_read_ratio_blp_rw_average = 0.485086
GrpLevelPara = 3.004298 

BW Util details:
bwutil = 0.900679 
total_CMD = 854751 
util_bw = 769856 
Wasted_Col = 42456 
Wasted_Row = 7267 
Idle = 35172 

BW Util Bottlenecks: 
RCDc_limit = 7665 
RCDWRc_limit = 5331 
WTRc_limit = 37631 
RTWc_limit = 32342 
CCDLc_limit = 19995 
rwq = 0 
CCDLc_limit_alone = 15898 
WTRc_limit_alone = 35446 
RTWc_limit_alone = 30430 

Commands details: 
total_CMD = 854751 
n_nop = 654697 
Read = 98304 
Write = 0 
L2_Alloc = 0 
L2_WB = 94160 
n_act = 3876 
n_pre = 3860 
n_ref = 0 
n_req = 121846 
total_req = 192464 

Dual Bus Interface Util: 
issued_total_row = 7736 
issued_total_col = 192464 
Row_Bus_Util =  0.009051 
CoL_Bus_Util = 0.225170 
Either_Row_CoL_Bus_Util = 0.234049 
Issued_on_Two_Bus_Simul_Util = 0.000171 
issued_two_Eff = 0.000730 
queue_avg = 34.076271 


dram_util_bins: 0 0 0 0 0 0 0 0 0 0
dram_eff_bins: 0 0 0 0 0 0 0 0 0 0
mrqq: max=64 avg=34.0763
Memory Partition 7: 
Cache L2_bank_014:
MSHR contents

Cache L2_bank_015:
MSHR contents

In Dram Latency Queue (total = 0): 
DRAM[7]: 16 bks, busW=2 BL=16 CL=24, tRRD=12 tCCD=4, tRCD=24 tRAS=55 tRP=24 tRC=78
n_cmd=854751 n_nop=654571 n_act=3906 n_pre=3890 n_ref_event=0 n_req=121856 n_rd=98304 n_rd_L2_A=0 n_write=0 n_wr_bk=94208 bw_util=0.9009
n_activity=824252 dram_eff=0.9342
bk0: 6144a 677318i bk1: 6144a 673056i bk2: 6144a 686602i bk3: 6144a 688376i bk4: 6144a 680237i bk5: 6144a 679080i bk6: 6144a 691400i bk7: 6144a 695565i bk8: 6144a 669599i bk9: 6144a 666218i bk10: 6144a 681749i bk11: 6144a 686272i bk12: 6144a 674569i bk13: 6144a 670262i bk14: 6144a 682641i bk15: 6144a 687125i 

------------------------------------------------------------------------

Row_Buffer_Locality = 0.967946
Row_Buffer_Locality_read = 0.980082
Row_Buffer_Locality_write = 0.917289
Bank_Level_Parallism = 3.552981
Bank_Level_Parallism_Col = 3.428564
Bank_Level_Parallism_Ready = 1.515277
write_to_read_ratio_blp_rw_average = 0.477477
GrpLevelPara = 2.971522 

BW Util details:
bwutil = 0.900903 
total_CMD = 854751 
util_bw = 770048 
Wasted_Col = 41598 
Wasted_Row = 6661 
Idle = 36444 

BW Util Bottlenecks: 
RCDc_limit = 7217 
RCDWRc_limit = 5153 
WTRc_limit = 38866 
RTWc_limit = 29626 
CCDLc_limit = 19006 
rwq = 0 
CCDLc_limit_alone = 15256 
WTRc_limit_alone = 36613 
RTWc_limit_alone = 28129 

Commands details: 
total_CMD = 854751 
n_nop = 654571 
Read = 98304 
Write = 0 
L2_Alloc = 0 
L2_WB = 94208 
n_act = 3906 
n_pre = 3890 
n_ref = 0 
n_req = 121856 
total_req = 192512 

Dual Bus Interface Util: 
issued_total_row = 7796 
issued_total_col = 192512 
Row_Bus_Util =  0.009121 
CoL_Bus_Util = 0.225226 
Either_Row_CoL_Bus_Util = 0.234197 
Issued_on_Two_Bus_Simul_Util = 0.000150 
issued_two_Eff = 0.000639 
queue_avg = 32.777931 


dram_util_bins: 0 0 0 0 0 0 0 0 0 0
dram_eff_bins: 0 0 0 0 0 0 0 0 0 0
mrqq: max=64 avg=32.7779
Memory Partition 8: 
Cache L2_bank_016:
MSHR contents

Cache L2_bank_017:
MSHR contents

In Dram Latency Queue (total = 14): 
Ready @ 694487 -   mf: uid=11782246, sid4294967295:w4294967295, part=8, addr=0xc1def880, store, size=128, L2_WRBK  status = IN_PARTITION_DRAM_LATENCY_QUEUE (694233), 
Ready @ 694494 -   mf: uid=11782263, sid4294967295:w4294967295, part=8, addr=0xc1de0500, store, size=128, L2_WRBK  status = IN_PARTITION_DRAM_LATENCY_QUEUE (694240), 
Ready @ 694501 -   mf: uid=11782276, sid4294967295:w4294967295, part=8, addr=0xc1de3780, store, size=128, L2_WRBK  status = IN_PARTITION_DRAM_LATENCY_QUEUE (694247), 
Ready @ 694518 -   mf: uid=11782298, sid4294967295:w4294967295, part=8, addr=0xc1de1500, store, size=128, L2_WRBK  status = IN_PARTITION_DRAM_LATENCY_QUEUE (694264), 
Ready @ 694543 -   mf: uid=11782314, sid4294967295:w4294967295, part=8, addr=0xc1de3700, store, size=128, L2_WRBK  status = IN_PARTITION_DRAM_LATENCY_QUEUE (694289), 
Ready @ 694553 -   mf: uid=11782322, sid4294967295:w4294967295, part=8, addr=0xc1de1580, store, size=128, L2_WRBK  status = IN_PARTITION_DRAM_LATENCY_QUEUE (694299), 
Ready @ 694583 -   mf: uid=11782350, sid4294967295:w4294967295, part=8, addr=0xc1de5080, store, size=128, L2_WRBK  status = IN_PARTITION_DRAM_LATENCY_QUEUE (694329), 
Ready @ 694605 -   mf: uid=11782366, sid4294967295:w4294967295, part=8, addr=0xc1de6280, store, size=128, L2_WRBK  status = IN_PARTITION_DRAM_LATENCY_QUEUE (694351), 
Ready @ 694621 -   mf: uid=11782375, sid4294967295:w4294967295, part=8, addr=0xc1de5000, store, size=128, L2_WRBK  status = IN_PARTITION_DRAM_LATENCY_QUEUE (694367), 
Ready @ 694623 -   mf: uid=11782376, sid4294967295:w4294967295, part=8, addr=0xc1de6200, store, size=128, L2_WRBK  status = IN_PARTITION_DRAM_LATENCY_QUEUE (694369), 
Ready @ 694631 -   mf: uid=11782381, sid4294967295:w4294967295, part=8, addr=0xc1de7280, store, size=128, L2_WRBK  status = IN_PARTITION_DRAM_LATENCY_QUEUE (694377), 
Ready @ 694655 -   mf: uid=11782394, sid4294967295:w4294967295, part=8, addr=0xc1de7200, store, size=128, L2_WRBK  status = IN_PARTITION_DRAM_LATENCY_QUEUE (694401), 
Ready @ 694662 -   mf: uid=11782396, sid4294967295:w4294967295, part=8, addr=0xc1de4080, store, size=128, L2_WRBK  status = IN_PARTITION_DRAM_LATENCY_QUEUE (694408), 
Ready @ 694672 -   mf: uid=11782401, sid4294967295:w4294967295, part=8, addr=0xc1de4000, store, size=128, L2_WRBK  status = IN_PARTITION_DRAM_LATENCY_QUEUE (694418), 
DRAM[8]: 16 bks, busW=2 BL=16 CL=24, tRRD=12 tCCD=4, tRCD=24 tRAS=55 tRP=24 tRC=78
n_cmd=854751 n_nop=654635 n_act=3899 n_pre=3883 n_ref_event=0 n_req=121842 n_rd=98304 n_rd_L2_A=0 n_write=0 n_wr_bk=94150 bw_util=0.9006
n_activity=825357 dram_eff=0.9327
bk0: 6144a 670450i bk1: 6144a 669794i bk2: 6144a 681464i bk3: 6144a 683835i bk4: 6144a 673768i bk5: 6144a 672143i bk6: 6144a 687313i bk7: 6144a 690374i bk8: 6144a 671762i bk9: 6144a 667411i bk10: 6144a 686429i bk11: 6144a 686768i bk12: 6144a 671445i bk13: 6144a 673513i bk14: 6144a 686213i bk15: 6144a 690533i 

------------------------------------------------------------------------

Row_Buffer_Locality = 0.968000
Row_Buffer_Locality_read = 0.980052
Row_Buffer_Locality_write = 0.917665
Bank_Level_Parallism = 3.580725
Bank_Level_Parallism_Col = 3.457758
Bank_Level_Parallism_Ready = 1.511012
write_to_read_ratio_blp_rw_average = 0.481097
GrpLevelPara = 2.981375 

BW Util details:
bwutil = 0.900632 
total_CMD = 854751 
util_bw = 769816 
Wasted_Col = 42534 
Wasted_Row = 7114 
Idle = 35287 

BW Util Bottlenecks: 
RCDc_limit = 7488 
RCDWRc_limit = 5490 
WTRc_limit = 39454 
RTWc_limit = 30850 
CCDLc_limit = 19835 
rwq = 0 
CCDLc_limit_alone = 15688 
WTRc_limit_alone = 36924 
RTWc_limit_alone = 29233 

Commands details: 
total_CMD = 854751 
n_nop = 654635 
Read = 98304 
Write = 0 
L2_Alloc = 0 
L2_WB = 94150 
n_act = 3899 
n_pre = 3883 
n_ref = 0 
n_req = 121842 
total_req = 192454 

Dual Bus Interface Util: 
issued_total_row = 7782 
issued_total_col = 192454 
Row_Bus_Util =  0.009104 
CoL_Bus_Util = 0.225158 
Either_Row_CoL_Bus_Util = 0.234122 
Issued_on_Two_Bus_Simul_Util = 0.000140 
issued_two_Eff = 0.000600 
queue_avg = 33.160835 


dram_util_bins: 0 0 0 0 0 0 0 0 0 0
dram_eff_bins: 0 0 0 0 0 0 0 0 0 0
mrqq: max=64 avg=33.1608
Memory Partition 9: 
Cache L2_bank_018:
MSHR contents

Cache L2_bank_019:
MSHR contents

In Dram Latency Queue (total = 12): 
Ready @ 694512 -   mf: uid=11782294, sid4294967295:w4294967295, part=9, addr=0xc1de1480, store, size=128, L2_WRBK  status = IN_PARTITION_DRAM_LATENCY_QUEUE (694258), 
Ready @ 694523 -   mf: uid=11782300, sid4294967295:w4294967295, part=9, addr=0xc1de2600, store, size=128, L2_WRBK  status = IN_PARTITION_DRAM_LATENCY_QUEUE (694269), 
Ready @ 694532 -   mf: uid=11782307, sid4294967295:w4294967295, part=9, addr=0xc1de1400, store, size=128, L2_WRBK  status = IN_PARTITION_DRAM_LATENCY_QUEUE (694278), 
Ready @ 694539 -   mf: uid=11782311, sid4294967295:w4294967295, part=9, addr=0xc1de2680, store, size=128, L2_WRBK  status = IN_PARTITION_DRAM_LATENCY_QUEUE (694285), 
Ready @ 694567 -   mf: uid=11782334, sid4294967295:w4294967295, part=9, addr=0xc1de6300, store, size=128, L2_WRBK  status = IN_PARTITION_DRAM_LATENCY_QUEUE (694313), 
Ready @ 694570 -   mf: uid=11782337, sid4294967295:w4294967295, part=9, addr=0xc1de6380, store, size=128, L2_WRBK  status = IN_PARTITION_DRAM_LATENCY_QUEUE (694316), 
Ready @ 694587 -   mf: uid=11782355, sid4294967295:w4294967295, part=9, addr=0xc1de5100, store, size=128, L2_WRBK  status = IN_PARTITION_DRAM_LATENCY_QUEUE (694333), 
Ready @ 694592 -   mf: uid=11782358, sid4294967295:w4294967295, part=9, addr=0xc1de5180, store, size=128, L2_WRBK  status = IN_PARTITION_DRAM_LATENCY_QUEUE (694338), 
Ready @ 694624 -   mf: uid=11782377, sid4294967295:w4294967295, part=9, addr=0xc1de7300, store, size=128, L2_WRBK  status = IN_PARTITION_DRAM_LATENCY_QUEUE (694370), 
Ready @ 694636 -   mf: uid=11782382, sid4294967295:w4294967295, part=9, addr=0xc1de4180, store, size=128, L2_WRBK  status = IN_PARTITION_DRAM_LATENCY_QUEUE (694382), 
Ready @ 694643 -   mf: uid=11782385, sid4294967295:w4294967295, part=9, addr=0xc1de7380, store, size=128, L2_WRBK  status = IN_PARTITION_DRAM_LATENCY_QUEUE (694389), 
Ready @ 694650 -   mf: uid=11782389, sid4294967295:w4294967295, part=9, addr=0xc1de4100, store, size=128, L2_WRBK  status = IN_PARTITION_DRAM_LATENCY_QUEUE (694396), 
DRAM[9]: 16 bks, busW=2 BL=16 CL=24, tRRD=12 tCCD=4, tRCD=24 tRAS=55 tRP=24 tRC=78
n_cmd=854751 n_nop=654678 n_act=3881 n_pre=3865 n_ref_event=0 n_req=121844 n_rd=98304 n_rd_L2_A=0 n_write=0 n_wr_bk=94152 bw_util=0.9006
n_activity=824420 dram_eff=0.9338
bk0: 6144a 684100i bk1: 6144a 682902i bk2: 6144a 684685i bk3: 6144a 687926i bk4: 6144a 675411i bk5: 6144a 675020i bk6: 6144a 692972i bk7: 6144a 695382i bk8: 6144a 673467i bk9: 6144a 673521i bk10: 6144a 686784i bk11: 6144a 689493i bk12: 6144a 680116i bk13: 6144a 680866i bk14: 6144a 688665i bk15: 6144a 688691i 

------------------------------------------------------------------------

Row_Buffer_Locality = 0.968148
Row_Buffer_Locality_read = 0.980133
Row_Buffer_Locality_write = 0.918093
Bank_Level_Parallism = 3.492702
Bank_Level_Parallism_Col = 3.369007
Bank_Level_Parallism_Ready = 1.496848
write_to_read_ratio_blp_rw_average = 0.474257
GrpLevelPara = 2.945719 

BW Util details:
bwutil = 0.900641 
total_CMD = 854751 
util_bw = 769823 
Wasted_Col = 41664 
Wasted_Row = 6647 
Idle = 36617 

BW Util Bottlenecks: 
RCDc_limit = 6763 
RCDWRc_limit = 5606 
WTRc_limit = 38939 
RTWc_limit = 28543 
CCDLc_limit = 18905 
rwq = 0 
CCDLc_limit_alone = 15034 
WTRc_limit_alone = 36431 
RTWc_limit_alone = 27180 

Commands details: 
total_CMD = 854751 
n_nop = 654678 
Read = 98304 
Write = 0 
L2_Alloc = 0 
L2_WB = 94152 
n_act = 3881 
n_pre = 3865 
n_ref = 0 
n_req = 121844 
total_req = 192456 

Dual Bus Interface Util: 
issued_total_row = 7746 
issued_total_col = 192456 
Row_Bus_Util =  0.009062 
CoL_Bus_Util = 0.225160 
Either_Row_CoL_Bus_Util = 0.234072 
Issued_on_Two_Bus_Simul_Util = 0.000151 
issued_two_Eff = 0.000645 
queue_avg = 31.414341 


dram_util_bins: 0 0 0 0 0 0 0 0 0 0
dram_eff_bins: 0 0 0 0 0 0 0 0 0 0
mrqq: max=64 avg=31.4143
Memory Partition 10: 
Cache L2_bank_020:
MSHR contents

Cache L2_bank_021:
MSHR contents

In Dram Latency Queue (total = 11): 
Ready @ 694531 -   mf: uid=11782306, sid4294967295:w4294967295, part=10, addr=0xc1de6080, store, size=128, L2_WRBK  status = IN_PARTITION_DRAM_LATENCY_QUEUE (694277), 
Ready @ 694560 -   mf: uid=11782327, sid4294967295:w4294967295, part=10, addr=0xc1de2500, store, size=128, L2_WRBK  status = IN_PARTITION_DRAM_LATENCY_QUEUE (694306), 
Ready @ 694581 -   mf: uid=11782348, sid4294967295:w4294967295, part=10, addr=0xc1de3580, store, size=128, L2_WRBK  status = IN_PARTITION_DRAM_LATENCY_QUEUE (694327), 
Ready @ 694582 -   mf: uid=11782347, sid4294967295:w4294967295, part=10, addr=0xc1de6000, store, size=128, L2_WRBK  status = IN_PARTITION_DRAM_LATENCY_QUEUE (694328), 
Ready @ 694586 -   mf: uid=11782352, sid4294967295:w4294967295, part=10, addr=0xc1de5280, store, size=128, L2_WRBK  status = IN_PARTITION_DRAM_LATENCY_QUEUE (694332), 
Ready @ 694605 -   mf: uid=11782367, sid4294967295:w4294967295, part=10, addr=0xc1de5200, store, size=128, L2_WRBK  status = IN_PARTITION_DRAM_LATENCY_QUEUE (694351), 
Ready @ 694612 -   mf: uid=11782369, sid4294967295:w4294967295, part=10, addr=0xc1de7080, store, size=128, L2_WRBK  status = IN_PARTITION_DRAM_LATENCY_QUEUE (694358), 
Ready @ 694640 -   mf: uid=11782383, sid4294967295:w4294967295, part=10, addr=0xc1de3500, store, size=128, L2_WRBK  status = IN_PARTITION_DRAM_LATENCY_QUEUE (694386), 
Ready @ 694647 -   mf: uid=11782388, sid4294967295:w4294967295, part=10, addr=0xc1de4280, store, size=128, L2_WRBK  status = IN_PARTITION_DRAM_LATENCY_QUEUE (694393), 
Ready @ 694654 -   mf: uid=11782393, sid4294967295:w4294967295, part=10, addr=0xc1de7000, store, size=128, L2_WRBK  status = IN_PARTITION_DRAM_LATENCY_QUEUE (694400), 
Ready @ 694676 -   mf: uid=11782404, sid4294967295:w4294967295, part=10, addr=0xc1de4200, store, size=128, L2_WRBK  status = IN_PARTITION_DRAM_LATENCY_QUEUE (694422), 
DRAM[10]: 16 bks, busW=2 BL=16 CL=24, tRRD=12 tCCD=4, tRCD=24 tRAS=55 tRP=24 tRC=78
n_cmd=854751 n_nop=654612 n_act=3907 n_pre=3891 n_ref_event=0 n_req=121845 n_rd=98304 n_rd_L2_A=0 n_write=0 n_wr_bk=94164 bw_util=0.9007
n_activity=825111 dram_eff=0.9331
bk0: 6144a 674699i bk1: 6144a 673588i bk2: 6144a 685664i bk3: 6144a 688309i bk4: 6144a 674080i bk5: 6144a 672044i bk6: 6144a 685902i bk7: 6144a 686461i bk8: 6144a 664479i bk9: 6144a 663699i bk10: 6144a 682238i bk11: 6144a 685028i bk12: 6144a 676740i bk13: 6144a 673157i bk14: 6144a 691583i bk15: 6144a 692339i 

------------------------------------------------------------------------

Row_Buffer_Locality = 0.967935
Row_Buffer_Locality_read = 0.979899
Row_Buffer_Locality_write = 0.917973
Bank_Level_Parallism = 3.574540
Bank_Level_Parallism_Col = 3.453429
Bank_Level_Parallism_Ready = 1.512777
write_to_read_ratio_blp_rw_average = 0.482219
GrpLevelPara = 2.973082 

BW Util details:
bwutil = 0.900697 
total_CMD = 854751 
util_bw = 769872 
Wasted_Col = 41676 
Wasted_Row = 7488 
Idle = 35715 

BW Util Bottlenecks: 
RCDc_limit = 7443 
RCDWRc_limit = 5355 
WTRc_limit = 38089 
RTWc_limit = 30978 
CCDLc_limit = 19240 
rwq = 0 
CCDLc_limit_alone = 15231 
WTRc_limit_alone = 35769 
RTWc_limit_alone = 29289 

Commands details: 
total_CMD = 854751 
n_nop = 654612 
Read = 98304 
Write = 0 
L2_Alloc = 0 
L2_WB = 94164 
n_act = 3907 
n_pre = 3891 
n_ref = 0 
n_req = 121845 
total_req = 192468 

Dual Bus Interface Util: 
issued_total_row = 7798 
issued_total_col = 192468 
Row_Bus_Util =  0.009123 
CoL_Bus_Util = 0.225174 
Either_Row_CoL_Bus_Util = 0.234149 
Issued_on_Two_Bus_Simul_Util = 0.000149 
issued_two_Eff = 0.000635 
queue_avg = 33.063660 


dram_util_bins: 0 0 0 0 0 0 0 0 0 0
dram_eff_bins: 0 0 0 0 0 0 0 0 0 0
mrqq: max=64 avg=33.0637
Memory Partition 11: 
Cache L2_bank_022:
MSHR contents

Cache L2_bank_023:
MSHR contents

In Dram Latency Queue (total = 12): 
Ready @ 694487 -   mf: uid=11782247, sid4294967295:w4294967295, part=11, addr=0xc1deeb80, store, size=128, L2_WRBK  status = IN_PARTITION_DRAM_LATENCY_QUEUE (694233), 
Ready @ 694504 -   mf: uid=11782290, sid4294967295:w4294967295, part=11, addr=0xc1de6100, store, size=128, L2_WRBK  status = IN_PARTITION_DRAM_LATENCY_QUEUE (694250), 
Ready @ 694511 -   mf: uid=11782291, sid4294967295:w4294967295, part=11, addr=0xc1de2480, store, size=128, L2_WRBK  status = IN_PARTITION_DRAM_LATENCY_QUEUE (694257), 
Ready @ 694525 -   mf: uid=11782302, sid4294967295:w4294967295, part=11, addr=0xc1de5300, store, size=128, L2_WRBK  status = IN_PARTITION_DRAM_LATENCY_QUEUE (694271), 
Ready @ 694535 -   mf: uid=11782308, sid4294967295:w4294967295, part=11, addr=0xc1de6180, store, size=128, L2_WRBK  status = IN_PARTITION_DRAM_LATENCY_QUEUE (694281), 
Ready @ 694561 -   mf: uid=11782328, sid4294967295:w4294967295, part=11, addr=0xc1de7100, store, size=128, L2_WRBK  status = IN_PARTITION_DRAM_LATENCY_QUEUE (694307), 
Ready @ 694566 -   mf: uid=11782332, sid4294967295:w4294967295, part=11, addr=0xc1de5380, store, size=128, L2_WRBK  status = IN_PARTITION_DRAM_LATENCY_QUEUE (694312), 
Ready @ 694577 -   mf: uid=11782344, sid4294967295:w4294967295, part=11, addr=0xc1de3400, store, size=128, L2_WRBK  status = IN_PARTITION_DRAM_LATENCY_QUEUE (694323), 
Ready @ 694597 -   mf: uid=11782361, sid4294967295:w4294967295, part=11, addr=0xc1de7180, store, size=128, L2_WRBK  status = IN_PARTITION_DRAM_LATENCY_QUEUE (694343), 
Ready @ 694606 -   mf: uid=11782368, sid4294967295:w4294967295, part=11, addr=0xc1de4300, store, size=128, L2_WRBK  status = IN_PARTITION_DRAM_LATENCY_QUEUE (694352), 
Ready @ 694630 -   mf: uid=11782380, sid4294967295:w4294967295, part=11, addr=0xc1de3480, store, size=128, L2_WRBK  status = IN_PARTITION_DRAM_LATENCY_QUEUE (694376), 
Ready @ 694652 -   mf: uid=11782392, sid4294967295:w4294967295, part=11, addr=0xc1de4380, store, size=128, L2_WRBK  status = IN_PARTITION_DRAM_LATENCY_QUEUE (694398), 
DRAM[11]: 16 bks, busW=2 BL=16 CL=24, tRRD=12 tCCD=4, tRCD=24 tRAS=55 tRP=24 tRC=78
n_cmd=854751 n_nop=654727 n_act=3861 n_pre=3845 n_ref_event=0 n_req=121844 n_rd=98304 n_rd_L2_A=0 n_write=0 n_wr_bk=94153 bw_util=0.9006
n_activity=825480 dram_eff=0.9326
bk0: 6144a 669417i bk1: 6144a 667856i bk2: 6144a 683338i bk3: 6144a 681856i bk4: 6144a 671949i bk5: 6144a 669376i bk6: 6144a 687135i bk7: 6144a 687451i bk8: 6144a 666411i bk9: 6144a 663183i bk10: 6144a 688158i bk11: 6144a 689239i bk12: 6144a 671626i bk13: 6144a 668897i bk14: 6144a 687578i bk15: 6144a 689213i 

------------------------------------------------------------------------

Row_Buffer_Locality = 0.968312
Row_Buffer_Locality_read = 0.980225
Row_Buffer_Locality_write = 0.918564
Bank_Level_Parallism = 3.604438
Bank_Level_Parallism_Col = 3.482461
Bank_Level_Parallism_Ready = 1.509630
write_to_read_ratio_blp_rw_average = 0.489173
GrpLevelPara = 2.986172 

BW Util details:
bwutil = 0.900646 
total_CMD = 854751 
util_bw = 769828 
Wasted_Col = 42643 
Wasted_Row = 7234 
Idle = 35046 

BW Util Bottlenecks: 
RCDc_limit = 7693 
RCDWRc_limit = 5052 
WTRc_limit = 39679 
RTWc_limit = 32340 
CCDLc_limit = 19903 
rwq = 0 
CCDLc_limit_alone = 15423 
WTRc_limit_alone = 36901 
RTWc_limit_alone = 30638 

Commands details: 
total_CMD = 854751 
n_nop = 654727 
Read = 98304 
Write = 0 
L2_Alloc = 0 
L2_WB = 94153 
n_act = 3861 
n_pre = 3845 
n_ref = 0 
n_req = 121844 
total_req = 192457 

Dual Bus Interface Util: 
issued_total_row = 7706 
issued_total_col = 192457 
Row_Bus_Util =  0.009015 
CoL_Bus_Util = 0.225161 
Either_Row_CoL_Bus_Util = 0.234014 
Issued_on_Two_Bus_Simul_Util = 0.000163 
issued_two_Eff = 0.000695 
queue_avg = 33.248547 


dram_util_bins: 0 0 0 0 0 0 0 0 0 0
dram_eff_bins: 0 0 0 0 0 0 0 0 0 0
mrqq: max=64 avg=33.2485
Memory Partition 12: 
Cache L2_bank_024:
MSHR contents

Cache L2_bank_025:
MSHR contents

In Dram Latency Queue (total = 8): 
Ready @ 694487 -   mf: uid=11782248, sid4294967295:w4294967295, part=12, addr=0xc1de4480, store, size=128, L2_WRBK  status = IN_PARTITION_DRAM_LATENCY_QUEUE (694233), 
Ready @ 694503 -   mf: uid=11782280, sid4294967295:w4294967295, part=12, addr=0xc1de2300, store, size=128, L2_WRBK  status = IN_PARTITION_DRAM_LATENCY_QUEUE (694249), 
Ready @ 694511 -   mf: uid=11782292, sid4294967295:w4294967295, part=12, addr=0xc1de5480, store, size=128, L2_WRBK  status = IN_PARTITION_DRAM_LATENCY_QUEUE (694257), 
Ready @ 694558 -   mf: uid=11782326, sid4294967295:w4294967295, part=12, addr=0xc1de6680, store, size=128, L2_WRBK  status = IN_PARTITION_DRAM_LATENCY_QUEUE (694304), 
Ready @ 694564 -   mf: uid=11782330, sid4294967295:w4294967295, part=12, addr=0xc1de5400, store, size=128, L2_WRBK  status = IN_PARTITION_DRAM_LATENCY_QUEUE (694310), 
Ready @ 694572 -   mf: uid=11782339, sid4294967295:w4294967295, part=12, addr=0xc1de7680, store, size=128, L2_WRBK  status = IN_PARTITION_DRAM_LATENCY_QUEUE (694318), 
Ready @ 694573 -   mf: uid=11782341, sid4294967295:w4294967295, part=12, addr=0xc1de6600, store, size=128, L2_WRBK  status = IN_PARTITION_DRAM_LATENCY_QUEUE (694319), 
Ready @ 694580 -   mf: uid=11782346, sid4294967295:w4294967295, part=12, addr=0xc1de7600, store, size=128, L2_WRBK  status = IN_PARTITION_DRAM_LATENCY_QUEUE (694326), 
DRAM[12]: 16 bks, busW=2 BL=16 CL=24, tRRD=12 tCCD=4, tRCD=24 tRAS=55 tRP=24 tRC=78
n_cmd=854751 n_nop=654624 n_act=3904 n_pre=3888 n_ref_event=0 n_req=121848 n_rd=98304 n_rd_L2_A=0 n_write=0 n_wr_bk=94170 bw_util=0.9007
n_activity=825288 dram_eff=0.9329
bk0: 6144a 668814i bk1: 6144a 667816i bk2: 6144a 681428i bk3: 6144a 681771i bk4: 6144a 672720i bk5: 6144a 669851i bk6: 6144a 681741i bk7: 6144a 683938i bk8: 6144a 666745i bk9: 6144a 664594i bk10: 6144a 683767i bk11: 6144a 684468i bk12: 6144a 668480i bk13: 6144a 667688i bk14: 6144a 686008i bk15: 6144a 689156i 

------------------------------------------------------------------------

Row_Buffer_Locality = 0.967960
Row_Buffer_Locality_read = 0.980011
Row_Buffer_Locality_write = 0.917640
Bank_Level_Parallism = 3.631902
Bank_Level_Parallism_Col = 3.507576
Bank_Level_Parallism_Ready = 1.532231
write_to_read_ratio_blp_rw_average = 0.480346
GrpLevelPara = 3.020789 

BW Util details:
bwutil = 0.900725 
total_CMD = 854751 
util_bw = 769895 
Wasted_Col = 43065 
Wasted_Row = 6960 
Idle = 34831 

BW Util Bottlenecks: 
RCDc_limit = 7934 
RCDWRc_limit = 4690 
WTRc_limit = 37743 
RTWc_limit = 33822 
CCDLc_limit = 19859 
rwq = 0 
CCDLc_limit_alone = 15820 
WTRc_limit_alone = 35459 
RTWc_limit_alone = 32067 

Commands details: 
total_CMD = 854751 
n_nop = 654624 
Read = 98304 
Write = 0 
L2_Alloc = 0 
L2_WB = 94170 
n_act = 3904 
n_pre = 3888 
n_ref = 0 
n_req = 121848 
total_req = 192474 

Dual Bus Interface Util: 
issued_total_row = 7792 
issued_total_col = 192474 
Row_Bus_Util =  0.009116 
CoL_Bus_Util = 0.225181 
Either_Row_CoL_Bus_Util = 0.234135 
Issued_on_Two_Bus_Simul_Util = 0.000163 
issued_two_Eff = 0.000695 
queue_avg = 34.443127 


dram_util_bins: 0 0 0 0 0 0 0 0 0 0
dram_eff_bins: 0 0 0 0 0 0 0 0 0 0
mrqq: max=64 avg=34.4431
Memory Partition 13: 
Cache L2_bank_026:
MSHR contents

Cache L2_bank_027:
MSHR contents

In Dram Latency Queue (total = 12): 
Ready @ 694497 -   mf: uid=11782270, sid4294967295:w4294967295, part=13, addr=0xc1de2280, store, size=128, L2_WRBK  status = IN_PARTITION_DRAM_LATENCY_QUEUE (694243), 
Ready @ 694503 -   mf: uid=11782281, sid4294967295:w4294967295, part=13, addr=0xc1de3200, store, size=128, L2_WRBK  status = IN_PARTITION_DRAM_LATENCY_QUEUE (694249), 
Ready @ 694518 -   mf: uid=11782299, sid4294967295:w4294967295, part=13, addr=0xc1de0000, store, size=128, L2_WRBK  status = IN_PARTITION_DRAM_LATENCY_QUEUE (694264), 
Ready @ 694526 -   mf: uid=11782303, sid4294967295:w4294967295, part=13, addr=0xc1de4580, store, size=128, L2_WRBK  status = IN_PARTITION_DRAM_LATENCY_QUEUE (694272), 
Ready @ 694557 -   mf: uid=11782325, sid4294967295:w4294967295, part=13, addr=0xc1de4500, store, size=128, L2_WRBK  status = IN_PARTITION_DRAM_LATENCY_QUEUE (694303), 
Ready @ 694567 -   mf: uid=11782335, sid4294967295:w4294967295, part=13, addr=0xc1de2200, store, size=128, L2_WRBK  status = IN_PARTITION_DRAM_LATENCY_QUEUE (694313), 
Ready @ 694572 -   mf: uid=11782340, sid4294967295:w4294967295, part=13, addr=0xc1de5580, store, size=128, L2_WRBK  status = IN_PARTITION_DRAM_LATENCY_QUEUE (694318), 
Ready @ 694574 -   mf: uid=11782342, sid4294967295:w4294967295, part=13, addr=0xc1de7780, store, size=128, L2_WRBK  status = IN_PARTITION_DRAM_LATENCY_QUEUE (694320), 
Ready @ 694597 -   mf: uid=11782362, sid4294967295:w4294967295, part=13, addr=0xc1de6780, store, size=128, L2_WRBK  status = IN_PARTITION_DRAM_LATENCY_QUEUE (694343), 
Ready @ 694613 -   mf: uid=11782370, sid4294967295:w4294967295, part=13, addr=0xc1de5500, store, size=128, L2_WRBK  status = IN_PARTITION_DRAM_LATENCY_QUEUE (694359), 
Ready @ 694617 -   mf: uid=11782373, sid4294967295:w4294967295, part=13, addr=0xc1de7700, store, size=128, L2_WRBK  status = IN_PARTITION_DRAM_LATENCY_QUEUE (694363), 
Ready @ 694651 -   mf: uid=11782391, sid4294967295:w4294967295, part=13, addr=0xc1de6700, store, size=128, L2_WRBK  status = IN_PARTITION_DRAM_LATENCY_QUEUE (694397), 
DRAM[13]: 16 bks, busW=2 BL=16 CL=24, tRRD=12 tCCD=4, tRCD=24 tRAS=55 tRP=24 tRC=78
n_cmd=854751 n_nop=654630 n_act=3905 n_pre=3889 n_ref_event=0 n_req=121844 n_rd=98304 n_rd_L2_A=0 n_write=0 n_wr_bk=94155 bw_util=0.9007
n_activity=824594 dram_eff=0.9336
bk0: 6144a 666777i bk1: 6144a 666229i bk2: 6144a 680348i bk3: 6144a 678912i bk4: 6144a 678324i bk5: 6144a 675329i bk6: 6144a 684789i bk7: 6144a 689408i bk8: 6144a 664282i bk9: 6144a 661248i bk10: 6144a 684976i bk11: 6144a 685886i bk12: 6144a 670066i bk13: 6144a 669954i bk14: 6144a 685087i bk15: 6144a 686839i 

------------------------------------------------------------------------

Row_Buffer_Locality = 0.967951
Row_Buffer_Locality_read = 0.980042
Row_Buffer_Locality_write = 0.917456
Bank_Level_Parallism = 3.625675
Bank_Level_Parallism_Col = 3.502699
Bank_Level_Parallism_Ready = 1.533917
write_to_read_ratio_blp_rw_average = 0.481746
GrpLevelPara = 3.002215 

BW Util details:
bwutil = 0.900655 
total_CMD = 854751 
util_bw = 769834 
Wasted_Col = 41800 
Wasted_Row = 7242 
Idle = 35875 

BW Util Bottlenecks: 
RCDc_limit = 7587 
RCDWRc_limit = 5351 
WTRc_limit = 38411 
RTWc_limit = 30931 
CCDLc_limit = 19204 
rwq = 0 
CCDLc_limit_alone = 15161 
WTRc_limit_alone = 36198 
RTWc_limit_alone = 29101 

Commands details: 
total_CMD = 854751 
n_nop = 654630 
Read = 98304 
Write = 0 
L2_Alloc = 0 
L2_WB = 94155 
n_act = 3905 
n_pre = 3889 
n_ref = 0 
n_req = 121844 
total_req = 192459 

Dual Bus Interface Util: 
issued_total_row = 7794 
issued_total_col = 192459 
Row_Bus_Util =  0.009118 
CoL_Bus_Util = 0.225164 
Either_Row_CoL_Bus_Util = 0.234128 
Issued_on_Two_Bus_Simul_Util = 0.000154 
issued_two_Eff = 0.000660 
queue_avg = 33.683315 


dram_util_bins: 0 0 0 0 0 0 0 0 0 0
dram_eff_bins: 0 0 0 0 0 0 0 0 0 0
mrqq: max=64 avg=33.6833
Memory Partition 14: 
Cache L2_bank_028:
MSHR contents

Cache L2_bank_029:
MSHR contents

In Dram Latency Queue (total = 21): 
Ready @ 694495 -   mf: uid=11782264, sid4294967295:w4294967295, part=14, addr=0xc1de0300, store, size=128, L2_WRBK  status = IN_PARTITION_DRAM_LATENCY_QUEUE (694241), 
Ready @ 694497 -   mf: uid=11782271, sid4294967295:w4294967295, part=14, addr=0xc1dedc80, store, size=128, L2_WRBK  status = IN_PARTITION_DRAM_LATENCY_QUEUE (694243), 
Ready @ 694502 -   mf: uid=11782279, sid4294967295:w4294967295, part=14, addr=0xc1deee80, store, size=128, L2_WRBK  status = IN_PARTITION_DRAM_LATENCY_QUEUE (694248), 
Ready @ 694530 -   mf: uid=11782305, sid4294967295:w4294967295, part=14, addr=0xc1deee00, store, size=128, L2_WRBK  status = IN_PARTITION_DRAM_LATENCY_QUEUE (694276), 
Ready @ 694540 -   mf: uid=11782312, sid4294967295:w4294967295, part=14, addr=0xc1de0380, store, size=128, L2_WRBK  status = IN_PARTITION_DRAM_LATENCY_QUEUE (694286), 
Ready @ 694546 -   mf: uid=11782316, sid4294967295:w4294967295, part=14, addr=0xc1de1300, store, size=128, L2_WRBK  status = IN_PARTITION_DRAM_LATENCY_QUEUE (694292), 
Ready @ 694554 -   mf: uid=11782323, sid4294967295:w4294967295, part=14, addr=0xc1de1380, store, size=128, L2_WRBK  status = IN_PARTITION_DRAM_LATENCY_QUEUE (694300), 
Ready @ 694571 -   mf: uid=11782338, sid4294967295:w4294967295, part=14, addr=0xc1defe00, store, size=128, L2_WRBK  status = IN_PARTITION_DRAM_LATENCY_QUEUE (694317), 
Ready @ 694586 -   mf: uid=11782353, sid4294967295:w4294967295, part=14, addr=0xc1defe80, store, size=128, L2_WRBK  status = IN_PARTITION_DRAM_LATENCY_QUEUE (694332), 
Ready @ 694595 -   mf: uid=11782359, sid4294967295:w4294967295, part=14, addr=0xc1de2100, store, size=128, L2_WRBK  status = IN_PARTITION_DRAM_LATENCY_QUEUE (694341), 
Ready @ 694625 -   mf: uid=11782378, sid4294967295:w4294967295, part=14, addr=0xc1de2180, store, size=128, L2_WRBK  status = IN_PARTITION_DRAM_LATENCY_QUEUE (694371), 
Ready @ 694641 -   mf: uid=11782384, sid4294967295:w4294967295, part=14, addr=0xc1de6400, store, size=128, L2_WRBK  status = IN_PARTITION_DRAM_LATENCY_QUEUE (694387), 
Ready @ 694646 -   mf: uid=11782386, sid4294967295:w4294967295, part=14, addr=0xc1de3180, store, size=128, L2_WRBK  status = IN_PARTITION_DRAM_LATENCY_QUEUE (694392), 
Ready @ 694650 -   mf: uid=11782390, sid4294967295:w4294967295, part=14, addr=0xc1de3100, store, size=128, L2_WRBK  status = IN_PARTITION_DRAM_LATENCY_QUEUE (694396), 
Ready @ 694657 -   mf: uid=11782395, sid4294967295:w4294967295, part=14, addr=0xc1de6480, store, size=128, L2_WRBK  status = IN_PARTITION_DRAM_LATENCY_QUEUE (694403), 
Ready @ 694674 -   mf: uid=11782403, sid4294967295:w4294967295, part=14, addr=0xc1de4600, store, size=128, L2_WRBK  status = IN_PARTITION_DRAM_LATENCY_QUEUE (694420), 
Ready @ 694684 -   mf: uid=11782406, sid4294967295:w4294967295, part=14, addr=0xc1de4680, store, size=128, L2_WRBK  status = IN_PARTITION_DRAM_LATENCY_QUEUE (694430), 
Ready @ 694709 -   mf: uid=11782410, sid4294967295:w4294967295, part=14, addr=0xc1de5680, store, size=128, L2_WRBK  status = IN_PARTITION_DRAM_LATENCY_QUEUE (694455), 
Ready @ 694719 -   mf: uid=11782413, sid4294967295:w4294967295, part=14, addr=0xc1de7400, store, size=128, L2_WRBK  status = IN_PARTITION_DRAM_LATENCY_QUEUE (694465), 
Ready @ 694726 -   mf: uid=11782414, sid4294967295:w4294967295, part=14, addr=0xc1de5600, store, size=128, L2_WRBK  status = IN_PARTITION_DRAM_LATENCY_QUEUE (694472), 
Ready @ 694733 -   mf: uid=11782416, sid4294967295:w4294967295, part=14, addr=0xc1de7480, store, size=128, L2_WRBK  status = IN_PARTITION_DRAM_LATENCY_QUEUE (694479), 
DRAM[14]: 16 bks, busW=2 BL=16 CL=24, tRRD=12 tCCD=4, tRCD=24 tRAS=55 tRP=24 tRC=78
n_cmd=854751 n_nop=654686 n_act=3895 n_pre=3879 n_ref_event=0 n_req=121835 n_rd=98304 n_rd_L2_A=0 n_write=0 n_wr_bk=94122 bw_util=0.9005
n_activity=824464 dram_eff=0.9336
bk0: 6144a 674844i bk1: 6144a 675585i bk2: 6144a 688283i bk3: 6144a 691775i bk4: 6144a 679552i bk5: 6144a 677121i bk6: 6144a 690393i bk7: 6144a 691653i bk8: 6144a 670630i bk9: 6144a 667435i bk10: 6144a 686887i bk11: 6144a 688520i bk12: 6144a 679397i bk13: 6144a 676131i bk14: 6144a 688219i bk15: 6144a 687352i 

------------------------------------------------------------------------

Row_Buffer_Locality = 0.968031
Row_Buffer_Locality_read = 0.980103
Row_Buffer_Locality_write = 0.917598
Bank_Level_Parallism = 3.522605
Bank_Level_Parallism_Col = 3.399447
Bank_Level_Parallism_Ready = 1.507763
write_to_read_ratio_blp_rw_average = 0.474459
GrpLevelPara = 2.951660 

BW Util details:
bwutil = 0.900501 
total_CMD = 854751 
util_bw = 769704 
Wasted_Col = 41877 
Wasted_Row = 6994 
Idle = 36176 

BW Util Bottlenecks: 
RCDc_limit = 6993 
RCDWRc_limit = 5642 
WTRc_limit = 38915 
RTWc_limit = 29408 
CCDLc_limit = 19596 
rwq = 0 
CCDLc_limit_alone = 15638 
WTRc_limit_alone = 36706 
RTWc_limit_alone = 27659 

Commands details: 
total_CMD = 854751 
n_nop = 654686 
Read = 98304 
Write = 0 
L2_Alloc = 0 
L2_WB = 94122 
n_act = 3895 
n_pre = 3879 
n_ref = 0 
n_req = 121835 
total_req = 192426 

Dual Bus Interface Util: 
issued_total_row = 7774 
issued_total_col = 192426 
Row_Bus_Util =  0.009095 
CoL_Bus_Util = 0.225125 
Either_Row_CoL_Bus_Util = 0.234062 
Issued_on_Two_Bus_Simul_Util = 0.000158 
issued_two_Eff = 0.000675 
queue_avg = 32.361874 


dram_util_bins: 0 0 0 0 0 0 0 0 0 0
dram_eff_bins: 0 0 0 0 0 0 0 0 0 0
mrqq: max=64 avg=32.3619
Memory Partition 15: 
Cache L2_bank_030:
MSHR contents

Cache L2_bank_031:
MSHR contents

In Dram Latency Queue (total = 0): 
DRAM[15]: 16 bks, busW=2 BL=16 CL=24, tRRD=12 tCCD=4, tRCD=24 tRAS=55 tRP=24 tRC=78
n_cmd=854751 n_nop=654537 n_act=3927 n_pre=3911 n_ref_event=0 n_req=121856 n_rd=98304 n_rd_L2_A=0 n_write=0 n_wr_bk=94208 bw_util=0.9009
n_activity=824746 dram_eff=0.9337
bk0: 6144a 674320i bk1: 6144a 673035i bk2: 6144a 683615i bk3: 6144a 685193i bk4: 6144a 674303i bk5: 6144a 670616i bk6: 6144a 689133i bk7: 6144a 688461i bk8: 6144a 671513i bk9: 6144a 668114i bk10: 6144a 684833i bk11: 6144a 683606i bk12: 6144a 674617i bk13: 6144a 672053i bk14: 6144a 689678i bk15: 6144a 689887i 

------------------------------------------------------------------------

Row_Buffer_Locality = 0.967773
Row_Buffer_Locality_read = 0.979909
Row_Buffer_Locality_write = 0.917120
Bank_Level_Parallism = 3.571529
Bank_Level_Parallism_Col = 3.446404
Bank_Level_Parallism_Ready = 1.511952
write_to_read_ratio_blp_rw_average = 0.480154
GrpLevelPara = 2.989110 

BW Util details:
bwutil = 0.900903 
total_CMD = 854751 
util_bw = 770048 
Wasted_Col = 41558 
Wasted_Row = 7271 
Idle = 35874 

BW Util Bottlenecks: 
RCDc_limit = 7164 
RCDWRc_limit = 5280 
WTRc_limit = 37434 
RTWc_limit = 30027 
CCDLc_limit = 18396 
rwq = 0 
CCDLc_limit_alone = 14965 
WTRc_limit_alone = 35431 
RTWc_limit_alone = 28599 

Commands details: 
total_CMD = 854751 
n_nop = 654537 
Read = 98304 
Write = 0 
L2_Alloc = 0 
L2_WB = 94208 
n_act = 3927 
n_pre = 3911 
n_ref = 0 
n_req = 121856 
total_req = 192512 

Dual Bus Interface Util: 
issued_total_row = 7838 
issued_total_col = 192512 
Row_Bus_Util =  0.009170 
CoL_Bus_Util = 0.225226 
Either_Row_CoL_Bus_Util = 0.234237 
Issued_on_Two_Bus_Simul_Util = 0.000159 
issued_two_Eff = 0.000679 
queue_avg = 32.837540 


dram_util_bins: 0 0 0 0 0 0 0 0 0 0
dram_eff_bins: 0 0 0 0 0 0 0 0 0 0
mrqq: max=64 avg=32.8375

========= L2 cache stats =========
L2_cache_bank[0]: Access = 98304, Miss = 98304, Miss_rate = 1.000, Pending_hits = 0, Reservation_fails = 0
L2_cache_bank[1]: Access = 98304, Miss = 98304, Miss_rate = 1.000, Pending_hits = 0, Reservation_fails = 0
L2_cache_bank[2]: Access = 98304, Miss = 98304, Miss_rate = 1.000, Pending_hits = 0, Reservation_fails = 0
L2_cache_bank[3]: Access = 98304, Miss = 98304, Miss_rate = 1.000, Pending_hits = 0, Reservation_fails = 0
L2_cache_bank[4]: Access = 98304, Miss = 98304, Miss_rate = 1.000, Pending_hits = 0, Reservation_fails = 0
L2_cache_bank[5]: Access = 98304, Miss = 98304, Miss_rate = 1.000, Pending_hits = 0, Reservation_fails = 0
L2_cache_bank[6]: Access = 98304, Miss = 98304, Miss_rate = 1.000, Pending_hits = 0, Reservation_fails = 0
L2_cache_bank[7]: Access = 98304, Miss = 98304, Miss_rate = 1.000, Pending_hits = 0, Reservation_fails = 0
L2_cache_bank[8]: Access = 98304, Miss = 98304, Miss_rate = 1.000, Pending_hits = 0, Reservation_fails = 0
L2_cache_bank[9]: Access = 98304, Miss = 98304, Miss_rate = 1.000, Pending_hits = 0, Reservation_fails = 0
L2_cache_bank[10]: Access = 98304, Miss = 98304, Miss_rate = 1.000, Pending_hits = 0, Reservation_fails = 0
L2_cache_bank[11]: Access = 98304, Miss = 98304, Miss_rate = 1.000, Pending_hits = 0, Reservation_fails = 0
L2_cache_bank[12]: Access = 98304, Miss = 98304, Miss_rate = 1.000, Pending_hits = 0, Reservation_fails = 0
L2_cache_bank[13]: Access = 98304, Miss = 98304, Miss_rate = 1.000, Pending_hits = 0, Reservation_fails = 0
L2_cache_bank[14]: Access = 98304, Miss = 98304, Miss_rate = 1.000, Pending_hits = 0, Reservation_fails = 0
L2_cache_bank[15]: Access = 98304, Miss = 98304, Miss_rate = 1.000, Pending_hits = 0, Reservation_fails = 0
L2_cache_bank[16]: Access = 98304, Miss = 98304, Miss_rate = 1.000, Pending_hits = 0, Reservation_fails = 0
L2_cache_bank[17]: Access = 98304, Miss = 98304, Miss_rate = 1.000, Pending_hits = 0, Reservation_fails = 0
L2_cache_bank[18]: Access = 98304, Miss = 98304, Miss_rate = 1.000, Pending_hits = 0, Reservation_fails = 0
L2_cache_bank[19]: Access = 98304, Miss = 98304, Miss_rate = 1.000, Pending_hits = 0, Reservation_fails = 0
L2_cache_bank[20]: Access = 98304, Miss = 98304, Miss_rate = 1.000, Pending_hits = 0, Reservation_fails = 0
L2_cache_bank[21]: Access = 98304, Miss = 98304, Miss_rate = 1.000, Pending_hits = 0, Reservation_fails = 0
L2_cache_bank[22]: Access = 98304, Miss = 98304, Miss_rate = 1.000, Pending_hits = 0, Reservation_fails = 0
L2_cache_bank[23]: Access = 98304, Miss = 98304, Miss_rate = 1.000, Pending_hits = 0, Reservation_fails = 0
L2_cache_bank[24]: Access = 98304, Miss = 98304, Miss_rate = 1.000, Pending_hits = 0, Reservation_fails = 0
L2_cache_bank[25]: Access = 98304, Miss = 98304, Miss_rate = 1.000, Pending_hits = 0, Reservation_fails = 0
L2_cache_bank[26]: Access = 98304, Miss = 98304, Miss_rate = 1.000, Pending_hits = 0, Reservation_fails = 0
L2_cache_bank[27]: Access = 98304, Miss = 98304, Miss_rate = 1.000, Pending_hits = 0, Reservation_fails = 0
L2_cache_bank[28]: Access = 98304, Miss = 98304, Miss_rate = 1.000, Pending_hits = 0, Reservation_fails = 0
L2_cache_bank[29]: Access = 98304, Miss = 98304, Miss_rate = 1.000, Pending_hits = 0, Reservation_fails = 0
L2_cache_bank[30]: Access = 98304, Miss = 98304, Miss_rate = 1.000, Pending_hits = 0, Reservation_fails = 0
L2_cache_bank[31]: Access = 98304, Miss = 98304, Miss_rate = 1.000, Pending_hits = 0, Reservation_fails = 0
L2_total_cache_accesses = 3145728
L2_total_cache_misses = 3145728
L2_total_cache_miss_rate = 1.0000
L2_total_cache_pending_hits = 0
L2_total_cache_reservation_fails = 0
L2_total_cache_breakdown:
	L2_cache_stats_breakdown[GLOBAL_ACC_R][HIT] = 0
	L2_cache_stats_breakdown[GLOBAL_ACC_R][HIT_RESERVED] = 0
	L2_cache_stats_breakdown[GLOBAL_ACC_R][MISS] = 131072
	L2_cache_stats_breakdown[GLOBAL_ACC_R][RESERVATION_FAIL] = 0
	L2_cache_stats_breakdown[GLOBAL_ACC_R][SECTOR_MISS] = 393216
	L2_cache_stats_breakdown[GLOBAL_ACC_R][MSHR_HIT] = 0
	L2_cache_stats_breakdown[LOCAL_ACC_R][HIT] = 0
	L2_cache_stats_breakdown[LOCAL_ACC_R][HIT_RESERVED] = 0
	L2_cache_stats_breakdown[LOCAL_ACC_R][MISS] = 0
	L2_cache_stats_breakdown[LOCAL_ACC_R][RESERVATION_FAIL] = 0
	L2_cache_stats_breakdown[LOCAL_ACC_R][SECTOR_MISS] = 0
	L2_cache_stats_breakdown[LOCAL_ACC_R][MSHR_HIT] = 0
	L2_cache_stats_breakdown[CONST_ACC_R][HIT] = 0
	L2_cache_stats_breakdown[CONST_ACC_R][HIT_RESERVED] = 0
	L2_cache_stats_breakdown[CONST_ACC_R][MISS] = 0
	L2_cache_stats_breakdown[CONST_ACC_R][RESERVATION_FAIL] = 0
	L2_cache_stats_breakdown[CONST_ACC_R][SECTOR_MISS] = 0
	L2_cache_stats_breakdown[CONST_ACC_R][MSHR_HIT] = 0
	L2_cache_stats_breakdown[TEXTURE_ACC_R][HIT] = 0
	L2_cache_stats_breakdown[TEXTURE_ACC_R][HIT_RESERVED] = 0
	L2_cache_stats_breakdown[TEXTURE_ACC_R][MISS] = 0
	L2_cache_stats_breakdown[TEXTURE_ACC_R][RESERVATION_FAIL] = 0
	L2_cache_stats_breakdown[TEXTURE_ACC_R][SECTOR_MISS] = 0
	L2_cache_stats_breakdown[TEXTURE_ACC_R][MSHR_HIT] = 0
	L2_cache_stats_breakdown[GLOBAL_ACC_W][HIT] = 0
	L2_cache_stats_breakdown[GLOBAL_ACC_W][HIT_RESERVED] = 0
	L2_cache_stats_breakdown[GLOBAL_ACC_W][MISS] = 131072
	L2_cache_stats_breakdown[GLOBAL_ACC_W][RESERVATION_FAIL] = 0
	L2_cache_stats_breakdown[GLOBAL_ACC_W][SECTOR_MISS] = 393216
	L2_cache_stats_breakdown[GLOBAL_ACC_W][MSHR_HIT] = 0
	L2_cache_stats_breakdown[LOCAL_ACC_W][HIT] = 0
	L2_cache_stats_breakdown[LOCAL_ACC_W][HIT_RESERVED] = 0
	L2_cache_stats_breakdown[LOCAL_ACC_W][MISS] = 0
	L2_cache_stats_breakdown[LOCAL_ACC_W][RESERVATION_FAIL] = 0
	L2_cache_stats_breakdown[LOCAL_ACC_W][SECTOR_MISS] = 0
	L2_cache_stats_breakdown[LOCAL_ACC_W][MSHR_HIT] = 0
	L2_cache_stats_breakdown[L1_WRBK_ACC][HIT] = 0
	L2_cache_stats_breakdown[L1_WRBK_ACC][HIT_RESERVED] = 0
	L2_cache_stats_breakdown[L1_WRBK_ACC][MISS] = 0
	L2_cache_stats_breakdown[L1_WRBK_ACC][RESERVATION_FAIL] = 0
	L2_cache_stats_breakdown[L1_WRBK_ACC][SECTOR_MISS] = 0
	L2_cache_stats_breakdown[L1_WRBK_ACC][MSHR_HIT] = 0
	L2_cache_stats_breakdown[L2_WRBK_ACC][HIT] = 0
	L2_cache_stats_breakdown[L2_WRBK_ACC][HIT_RESERVED] = 0
	L2_cache_stats_breakdown[L2_WRBK_ACC][MISS] = 0
	L2_cache_stats_breakdown[L2_WRBK_ACC][RESERVATION_FAIL] = 0
	L2_cache_stats_breakdown[L2_WRBK_ACC][SECTOR_MISS] = 0
	L2_cache_stats_breakdown[L2_WRBK_ACC][MSHR_HIT] = 0
	L2_cache_stats_breakdown[INST_ACC_R][HIT] = 0
	L2_cache_stats_breakdown[INST_ACC_R][HIT_RESERVED] = 0
	L2_cache_stats_breakdown[INST_ACC_R][MISS] = 0
	L2_cache_stats_breakdown[INST_ACC_R][RESERVATION_FAIL] = 0
	L2_cache_stats_breakdown[INST_ACC_R][SECTOR_MISS] = 0
	L2_cache_stats_breakdown[INST_ACC_R][MSHR_HIT] = 0
	L2_cache_stats_breakdown[L1_WR_ALLOC_R][HIT] = 0
	L2_cache_stats_breakdown[L1_WR_ALLOC_R][HIT_RESERVED] = 0
	L2_cache_stats_breakdown[L1_WR_ALLOC_R][MISS] = 0
	L2_cache_stats_breakdown[L1_WR_ALLOC_R][RESERVATION_FAIL] = 0
	L2_cache_stats_breakdown[L1_WR_ALLOC_R][SECTOR_MISS] = 0
	L2_cache_stats_breakdown[L1_WR_ALLOC_R][MSHR_HIT] = 0
	L2_cache_stats_breakdown[L2_WR_ALLOC_R][HIT] = 0
	L2_cache_stats_breakdown[L2_WR_ALLOC_R][HIT_RESERVED] = 0
	L2_cache_stats_breakdown[L2_WR_ALLOC_R][MISS] = 0
	L2_cache_stats_breakdown[L2_WR_ALLOC_R][RESERVATION_FAIL] = 0
	L2_cache_stats_breakdown[L2_WR_ALLOC_R][SECTOR_MISS] = 0
	L2_cache_stats_breakdown[L2_WR_ALLOC_R][MSHR_HIT] = 0
	L2_cache_stats_breakdown[GLOBAL_ACC_R][TOTAL_ACCESS] = 524288
	L2_cache_stats_breakdown[GLOBAL_ACC_W][TOTAL_ACCESS] = 524288
L2_total_cache_reservation_fail_breakdown:
L2_cache_data_port_util = 0.067
L2_cache_fill_port_util = 0.071

icnt_total_pkts_mem_to_simt=3145728
icnt_total_pkts_simt_to_mem=3145728
LD_mem_lat_dist  0 0 0 0 0 0 0 0 0 0 0 0 0 0 0 0 0 0 0 0 0 0 0 0 0 0 0
ST_mem_lat_dist  0 0 0 0 0 0 0 0 0 0 0 0 0 0 0 0 0 0 0 0 0 0 0 0 0 0 0
----------------------------Interconnect-DETAILS--------------------------------
Req_Network_injected_packets_num = 3145728
Req_Network_cycles = 694487
Req_Network_injected_packets_per_cycle =       4.5296 
Req_Network_conflicts_per_cycle =       0.5358
Req_Network_conflicts_per_cycle_util =       0.5737
Req_Bank_Level_Parallism =       4.8502
Req_Network_in_buffer_full_per_cycle =       0.0000
Req_Network_in_buffer_avg_util =       0.3339
Req_Network_out_buffer_full_per_cycle =       0.0000
Req_Network_out_buffer_avg_util =       0.1415

Reply_Network_injected_packets_num = 3145728
Reply_Network_cycles = 694487
Reply_Network_injected_packets_per_cycle =        4.5296
Reply_Network_conflicts_per_cycle =        2.8621
Reply_Network_conflicts_per_cycle_util =       3.1372
Reply_Bank_Level_Parallism =       4.9649
Reply_Network_in_buffer_full_per_cycle =       0.0000
Reply_Network_in_buffer_avg_util =       0.3045
Reply_Network_out_buffer_full_per_cycle =       0.0000
Reply_Network_out_buffer_avg_util =       0.2831
----------------------------END-of-Interconnect-DETAILS-------------------------


gpgpu_simulation_time = 0 days, 0 hrs, 10 min, 36 sec (636 sec)
gpgpu_simulation_rate = 633102 (inst/sec)
gpgpu_simulation_rate = 1091 (cycle/sec)
gpgpu_silicon_slowdown = 1191567x
GPGPU-Sim: synchronize waiting for inactive GPU simulation
GPGPU-Sim API: Stream Manager State
GPGPU-Sim: detected inactive GPU simulation thread
GPGPU-Sim PTX: Setting up arguments for 8 bytes starting at 0x7ffd0a493b40..
GPGPU-Sim PTX: Setting up arguments for 8 bytes starting at 0x7ffd0a493b48..
GPGPU-Sim PTX: Setting up arguments for 4 bytes starting at 0x7ffd0a493b28..
GPGPU-Sim PTX: Setting up arguments for 4 bytes starting at 0x7ffd0a493b2c..

GPGPU-Sim PTX: cudaLaunch for 0x0x6123e05cd030 (mode=performance simulation) on stream 0
GPGPU-Sim PTX: PDOM analysis already done for _Z10bsmm_stagePKfPfii 
GPGPU-Sim PTX: pushing kernel '_Z10bsmm_stagePKfPfii' to stream 0, gridDim= (32768,1,1) blockDim = (128,1,1) 
GPGPU-Sim uArch: Shader 10 bind to kernel 4 '_Z10bsmm_stagePKfPfii'
GPGPU-Sim: Reconfigure L1 cache to 128KB
GPGPU-Sim uArch: Shader 11 bind to kernel 4 '_Z10bsmm_stagePKfPfii'
GPGPU-Sim uArch: Shader 12 bind to kernel 4 '_Z10bsmm_stagePKfPfii'
GPGPU-Sim uArch: Shader 13 bind to kernel 4 '_Z10bsmm_stagePKfPfii'
GPGPU-Sim uArch: Shader 14 bind to kernel 4 '_Z10bsmm_stagePKfPfii'
GPGPU-Sim uArch: Shader 15 bind to kernel 4 '_Z10bsmm_stagePKfPfii'
GPGPU-Sim uArch: Shader 0 bind to kernel 4 '_Z10bsmm_stagePKfPfii'
GPGPU-Sim uArch: Shader 1 bind to kernel 4 '_Z10bsmm_stagePKfPfii'
GPGPU-Sim uArch: Shader 2 bind to kernel 4 '_Z10bsmm_stagePKfPfii'
GPGPU-Sim uArch: Shader 3 bind to kernel 4 '_Z10bsmm_stagePKfPfii'
GPGPU-Sim uArch: Shader 4 bind to kernel 4 '_Z10bsmm_stagePKfPfii'
GPGPU-Sim uArch: Shader 5 bind to kernel 4 '_Z10bsmm_stagePKfPfii'
GPGPU-Sim uArch: Shader 6 bind to kernel 4 '_Z10bsmm_stagePKfPfii'
GPGPU-Sim uArch: Shader 7 bind to kernel 4 '_Z10bsmm_stagePKfPfii'
GPGPU-Sim uArch: Shader 8 bind to kernel 4 '_Z10bsmm_stagePKfPfii'
GPGPU-Sim uArch: Shader 9 bind to kernel 4 '_Z10bsmm_stagePKfPfii'
Destroy streams for kernel 4: size 0
kernel_name = _Z10bsmm_stagePKfPfii 
kernel_launch_uid = 4 
kernel_stream_id = 106807373537656
gpu_sim_cycle = 233291
gpu_sim_insn = 134217728
gpu_ipc =     575.3232
gpu_tot_sim_cycle = 927778
gpu_tot_sim_insn = 536870912
gpu_tot_ipc =     578.6631
gpu_tot_issued_cta = 131072
gpu_occupancy = 94.5388% 
gpu_tot_occupancy = 94.3576% 
max_total_param_size = 0
gpu_stall_dramfull = 0
gpu_stall_icnt2sh    = 0
partiton_level_parallism =       4.4947
partiton_level_parallism_total  =       4.5208
partiton_level_parallism_util =       4.8563
partiton_level_parallism_util_total  =       4.8517
L2_BW  =     186.9800 GB/Sec
L2_BW_total  =     188.0655 GB/Sec
gpu_total_sim_rate=646054

========= Core cache stats =========
L1I_cache:
	L1I_total_cache_accesses = 0
	L1I_total_cache_misses = 0
	L1I_total_cache_pending_hits = 0
	L1I_total_cache_reservation_fails = 0
L1D_cache:
	L1D_cache_core[0]: Access = 393168, Miss = 262112, Miss_rate = 0.667, Pending_hits = 0, Reservation_fails = 42820
	L1D_cache_core[1]: Access = 392784, Miss = 261856, Miss_rate = 0.667, Pending_hits = 0, Reservation_fails = 40442
	L1D_cache_core[2]: Access = 392448, Miss = 261632, Miss_rate = 0.667, Pending_hits = 0, Reservation_fails = 42334
	L1D_cache_core[3]: Access = 393264, Miss = 262176, Miss_rate = 0.667, Pending_hits = 0, Reservation_fails = 42192
	L1D_cache_core[4]: Access = 393456, Miss = 262304, Miss_rate = 0.667, Pending_hits = 0, Reservation_fails = 39239
	L1D_cache_core[5]: Access = 394080, Miss = 262720, Miss_rate = 0.667, Pending_hits = 0, Reservation_fails = 38771
	L1D_cache_core[6]: Access = 393552, Miss = 262368, Miss_rate = 0.667, Pending_hits = 0, Reservation_fails = 39774
	L1D_cache_core[7]: Access = 393456, Miss = 262304, Miss_rate = 0.667, Pending_hits = 0, Reservation_fails = 36675
	L1D_cache_core[8]: Access = 393552, Miss = 262368, Miss_rate = 0.667, Pending_hits = 0, Reservation_fails = 39502
	L1D_cache_core[9]: Access = 393408, Miss = 262272, Miss_rate = 0.667, Pending_hits = 0, Reservation_fails = 39877
	L1D_cache_core[10]: Access = 393744, Miss = 262496, Miss_rate = 0.667, Pending_hits = 0, Reservation_fails = 36706
	L1D_cache_core[11]: Access = 393360, Miss = 262240, Miss_rate = 0.667, Pending_hits = 0, Reservation_fails = 36906
	L1D_cache_core[12]: Access = 393120, Miss = 262080, Miss_rate = 0.667, Pending_hits = 0, Reservation_fails = 40702
	L1D_cache_core[13]: Access = 392592, Miss = 261728, Miss_rate = 0.667, Pending_hits = 0, Reservation_fails = 38735
	L1D_cache_core[14]: Access = 393168, Miss = 262112, Miss_rate = 0.667, Pending_hits = 0, Reservation_fails = 39796
	L1D_cache_core[15]: Access = 392304, Miss = 261536, Miss_rate = 0.667, Pending_hits = 0, Reservation_fails = 40370
	L1D_total_cache_accesses = 6291456
	L1D_total_cache_misses = 4194304
	L1D_total_cache_miss_rate = 0.6667
	L1D_total_cache_pending_hits = 0
	L1D_total_cache_reservation_fails = 634841
	L1D_cache_data_port_util = 0.144
	L1D_cache_fill_port_util = 0.144
L1C_cache:
	L1C_total_cache_accesses = 0
	L1C_total_cache_misses = 0
	L1C_total_cache_pending_hits = 0
	L1C_total_cache_reservation_fails = 0
L1T_cache:
	L1T_total_cache_accesses = 0
	L1T_total_cache_misses = 0
	L1T_total_cache_pending_hits = 0
	L1T_total_cache_reservation_fails = 0

Total_core_cache_stats:
	Total_core_cache_stats_breakdown[GLOBAL_ACC_R][HIT] = 1048576
	Total_core_cache_stats_breakdown[GLOBAL_ACC_R][HIT_RESERVED] = 0
	Total_core_cache_stats_breakdown[GLOBAL_ACC_R][MISS] = 262144
	Total_core_cache_stats_breakdown[GLOBAL_ACC_R][RESERVATION_FAIL] = 298083
	Total_core_cache_stats_breakdown[GLOBAL_ACC_R][SECTOR_MISS] = 786432
	Total_core_cache_stats_breakdown[GLOBAL_ACC_R][MSHR_HIT] = 0
	Total_core_cache_stats_breakdown[LOCAL_ACC_R][HIT] = 0
	Total_core_cache_stats_breakdown[LOCAL_ACC_R][HIT_RESERVED] = 0
	Total_core_cache_stats_breakdown[LOCAL_ACC_R][MISS] = 0
	Total_core_cache_stats_breakdown[LOCAL_ACC_R][RESERVATION_FAIL] = 0
	Total_core_cache_stats_breakdown[LOCAL_ACC_R][SECTOR_MISS] = 0
	Total_core_cache_stats_breakdown[LOCAL_ACC_R][MSHR_HIT] = 0
	Total_core_cache_stats_breakdown[CONST_ACC_R][HIT] = 0
	Total_core_cache_stats_breakdown[CONST_ACC_R][HIT_RESERVED] = 0
	Total_core_cache_stats_breakdown[CONST_ACC_R][MISS] = 0
	Total_core_cache_stats_breakdown[CONST_ACC_R][RESERVATION_FAIL] = 0
	Total_core_cache_stats_breakdown[CONST_ACC_R][SECTOR_MISS] = 0
	Total_core_cache_stats_breakdown[CONST_ACC_R][MSHR_HIT] = 0
	Total_core_cache_stats_breakdown[TEXTURE_ACC_R][HIT] = 0
	Total_core_cache_stats_breakdown[TEXTURE_ACC_R][HIT_RESERVED] = 0
	Total_core_cache_stats_breakdown[TEXTURE_ACC_R][MISS] = 0
	Total_core_cache_stats_breakdown[TEXTURE_ACC_R][RESERVATION_FAIL] = 0
	Total_core_cache_stats_breakdown[TEXTURE_ACC_R][SECTOR_MISS] = 0
	Total_core_cache_stats_breakdown[TEXTURE_ACC_R][MSHR_HIT] = 0
	Total_core_cache_stats_breakdown[GLOBAL_ACC_W][HIT] = 0
	Total_core_cache_stats_breakdown[GLOBAL_ACC_W][HIT_RESERVED] = 0
	Total_core_cache_stats_breakdown[GLOBAL_ACC_W][MISS] = 262144
	Total_core_cache_stats_breakdown[GLOBAL_ACC_W][RESERVATION_FAIL] = 21749
	Total_core_cache_stats_breakdown[GLOBAL_ACC_W][SECTOR_MISS] = 786432
	Total_core_cache_stats_breakdown[GLOBAL_ACC_W][MSHR_HIT] = 0
	Total_core_cache_stats_breakdown[LOCAL_ACC_W][HIT] = 0
	Total_core_cache_stats_breakdown[LOCAL_ACC_W][HIT_RESERVED] = 0
	Total_core_cache_stats_breakdown[LOCAL_ACC_W][MISS] = 0
	Total_core_cache_stats_breakdown[LOCAL_ACC_W][RESERVATION_FAIL] = 0
	Total_core_cache_stats_breakdown[LOCAL_ACC_W][SECTOR_MISS] = 0
	Total_core_cache_stats_breakdown[LOCAL_ACC_W][MSHR_HIT] = 0
	Total_core_cache_stats_breakdown[L1_WRBK_ACC][HIT] = 0
	Total_core_cache_stats_breakdown[L1_WRBK_ACC][HIT_RESERVED] = 0
	Total_core_cache_stats_breakdown[L1_WRBK_ACC][MISS] = 0
	Total_core_cache_stats_breakdown[L1_WRBK_ACC][RESERVATION_FAIL] = 0
	Total_core_cache_stats_breakdown[L1_WRBK_ACC][SECTOR_MISS] = 0
	Total_core_cache_stats_breakdown[L1_WRBK_ACC][MSHR_HIT] = 0
	Total_core_cache_stats_breakdown[L2_WRBK_ACC][HIT] = 0
	Total_core_cache_stats_breakdown[L2_WRBK_ACC][HIT_RESERVED] = 0
	Total_core_cache_stats_breakdown[L2_WRBK_ACC][MISS] = 0
	Total_core_cache_stats_breakdown[L2_WRBK_ACC][RESERVATION_FAIL] = 0
	Total_core_cache_stats_breakdown[L2_WRBK_ACC][SECTOR_MISS] = 0
	Total_core_cache_stats_breakdown[L2_WRBK_ACC][MSHR_HIT] = 0
	Total_core_cache_stats_breakdown[INST_ACC_R][HIT] = 0
	Total_core_cache_stats_breakdown[INST_ACC_R][HIT_RESERVED] = 0
	Total_core_cache_stats_breakdown[INST_ACC_R][MISS] = 0
	Total_core_cache_stats_breakdown[INST_ACC_R][RESERVATION_FAIL] = 0
	Total_core_cache_stats_breakdown[INST_ACC_R][SECTOR_MISS] = 0
	Total_core_cache_stats_breakdown[INST_ACC_R][MSHR_HIT] = 0
	Total_core_cache_stats_breakdown[L1_WR_ALLOC_R][HIT] = 0
	Total_core_cache_stats_breakdown[L1_WR_ALLOC_R][HIT_RESERVED] = 0
	Total_core_cache_stats_breakdown[L1_WR_ALLOC_R][MISS] = 0
	Total_core_cache_stats_breakdown[L1_WR_ALLOC_R][RESERVATION_FAIL] = 0
	Total_core_cache_stats_breakdown[L1_WR_ALLOC_R][SECTOR_MISS] = 0
	Total_core_cache_stats_breakdown[L1_WR_ALLOC_R][MSHR_HIT] = 0
	Total_core_cache_stats_breakdown[L2_WR_ALLOC_R][HIT] = 0
	Total_core_cache_stats_breakdown[L2_WR_ALLOC_R][HIT_RESERVED] = 0
	Total_core_cache_stats_breakdown[L2_WR_ALLOC_R][MISS] = 0
	Total_core_cache_stats_breakdown[L2_WR_ALLOC_R][RESERVATION_FAIL] = 0
	Total_core_cache_stats_breakdown[L2_WR_ALLOC_R][SECTOR_MISS] = 0
	Total_core_cache_stats_breakdown[L2_WR_ALLOC_R][MSHR_HIT] = 0
	Total_core_cache_stats_breakdown[GLOBAL_ACC_R][TOTAL_ACCESS] = 2097152
	Total_core_cache_stats_breakdown[GLOBAL_ACC_W][TOTAL_ACCESS] = 1048576

Total_core_cache_fail_stats:
	Total_core_cache_fail_stats_breakdown[GLOBAL_ACC_R][MISS_QUEUE_FULL] = 298083
	Total_core_cache_fail_stats_breakdown[GLOBAL_ACC_W][MISS_QUEUE_FULL] = 21749
ctas_completed 131072, Shader 0 warp_id issue ditsribution:
warp_id:
0, 1, 2, 3, 4, 5, 6, 7, 8, 9, 10, 11, 12, 13, 14, 15, 16, 17, 18, 19, 20, 21, 22, 23, 24, 25, 26, 27, 28, 29, 30, 31, 32, 33, 34, 35, 36, 37, 38, 39, 40, 41, 42, 43, 44, 45, 46, 47, 
distro:
22407, 22407, 22407, 22407, 22506, 22506, 22506, 22506, 22539, 22539, 22539, 22539, 22605, 22605, 22605, 22605, 22605, 22605, 22605, 22605, 22572, 22572, 22572, 22572, 22506, 22506, 22506, 22506, 22539, 22539, 22539, 22539, 22539, 22539, 22539, 22539, 22473, 22473, 22473, 22473, 22506, 22506, 22506, 22506, 22506, 22506, 22506, 22506, 
gpgpu_n_tot_thrd_icount = 553648128
gpgpu_n_tot_w_icount = 17301504
gpgpu_n_stall_shd_mem = 3425
gpgpu_n_mem_read_local = 0
gpgpu_n_mem_write_local = 0
gpgpu_n_mem_read_global = 2097152
gpgpu_n_mem_write_global = 2097152
gpgpu_n_mem_texture = 0
gpgpu_n_mem_const = 0
gpgpu_n_load_insn  = 33554432
gpgpu_n_store_insn = 16777216
gpgpu_n_shmem_insn = 0
gpgpu_n_sstarr_insn = 0
gpgpu_n_tex_insn = 0
gpgpu_n_const_mem_insn = 0
gpgpu_n_param_mem_insn = 67108864
gpgpu_n_shmem_bkconflict = 0
gpgpu_n_l1cache_bkconflict = 3425
gpgpu_n_intrawarp_mshr_merge = 0
gpgpu_n_cmem_portconflict = 0
gpgpu_stall_shd_mem[c_mem][resource_stall] = 0
gpgpu_stall_shd_mem[s_mem][bk_conf] = 0
gpgpu_stall_shd_mem[gl_mem][resource_stall] = 3425
gpgpu_stall_shd_mem[gl_mem][coal_stall] = 0
gpgpu_stall_shd_mem[gl_mem][data_port_stall] = 0
gpu_reg_bank_conflict_stalls = 0
Warp Occupancy Distribution:
Stall:3627162	W0_Idle:76659	W0_Scoreboard:37070243	W1:0	W2:0	W3:0	W4:0	W5:0	W6:0	W7:0	W8:0	W9:0	W10:0	W11:0	W12:0	W13:0	W14:0	W15:0	W16:0	W17:0	W18:0	W19:0	W20:0	W21:0	W22:0	W23:0	W24:0	W25:0	W26:0	W27:0	W28:0	W29:0	W30:0	W31:0	W32:17301504
single_issue_nums: WS0:4325376	WS1:4325376	WS2:4325376	WS3:4325376	
dual_issue_nums: WS0:0	WS1:0	WS2:0	WS3:0	
traffic_breakdown_coretomem[GLOBAL_ACC_R] = 16777216 {8:2097152,}
traffic_breakdown_coretomem[GLOBAL_ACC_W] = 83886080 {40:2097152,}
traffic_breakdown_memtocore[GLOBAL_ACC_R] = 83886080 {40:2097152,}
traffic_breakdown_memtocore[GLOBAL_ACC_W] = 16777216 {8:2097152,}
maxmflatency = 2203 
max_icnt2mem_latency = 214 
maxmrqlatency = 1505 
max_icnt2sh_latency = 150 
averagemflatency = 510 
avg_icnt2mem_latency = 49 
avg_mrq_latency = 191 
avg_icnt2sh_latency = 4 
mrq_lat_table:148753 	12049 	25151 	49827 	97839 	172901 	334073 	1155162 	536795 	70439 	1844 	0 	0 	0 	0 	0 	0 	0 	0 	0 	0 	0 	0 	0 	0 	0 	0 	0 	0 	0 	0 	0 	
dq_lat_table:0 	0 	0 	0 	0 	0 	0 	0 	0 	0 	0 	0 	0 	0 	0 	0 	0 	0 	0 	0 	0 	0 	0 	0 	0 	0 	0 	0 	0 	0 	0 	0 	
mf_lat_table:0 	0 	0 	0 	0 	0 	0 	1932886 	165571 	2034942 	60901 	4 	0 	0 	0 	0 	0 	0 	0 	0 	0 	0 	0 	0 	0 	0 	0 	0 	0 	0 	0 	0 	
icnt2mem_lat_table:0 	0 	0 	0 	0 	3952665 	235315 	6324 	0 	0 	0 	0 	0 	0 	0 	0 	0 	0 	0 	0 	0 	0 	0 	0 	
icnt2sh_lat_table:0 	3167336 	584003 	270695 	132121 	37298 	2843 	8 	0 	0 	0 	0 	0 	0 	0 	0 	0 	0 	0 	0 	0 	0 	0 	0 	
mf_lat_pw_table:0 	0 	0 	0 	0 	0 	0 	12 	918 	883 	0 	0 	0 	0 	0 	0 	0 	0 	0 	0 	0 	0 	0 	0 	0 	0 	0 	0 	0 	0 	0 	0 	
maximum concurrent accesses to same row:
dram[0]:        64        64        64        64        64        64        64        64        64        64        64        64        64        64        64        64 
dram[1]:        64        64        64        64        64        64        64        64        64        64        64        64        64        64        64        64 
dram[2]:        64        64        64        64        64        64        64        64        64        64        64        64        64        64        64        64 
dram[3]:        64        64        64        64        64        64        64        64        64        64        64        64        64        64        64        64 
dram[4]:        64        64        64        64        64        64        64        64        64        64        64        64        64        64        64        64 
dram[5]:        64        64        64        64        64        64        64        64        64        64        64        64        64        64        64        64 
dram[6]:        64        64        64        64        64        64        64        64        64        64        64        64        64        64        64        64 
dram[7]:        64        64        64        64        64        64        64        64        64        64        64        64        64        64        64        64 
dram[8]:        64        64        64        64        64        64        64        64        64        64        64        64        64        64        64        64 
dram[9]:        64        64        64        64        64        64        64        64        64        64        64        64        64        64        64        64 
dram[10]:        64        64        64        64        64        64        64        64        64        64        64        64        64        64        64        64 
dram[11]:        64        64        64        64        64        64        64        64        64        64        64        64        64        64        64        64 
dram[12]:        64        64        64        64        64        64        64        64        64        64        64        64        64        64        64        64 
dram[13]:        64        64        64        64        64        64        64        64        64        64        64        64        64        64        64        64 
dram[14]:        64        64        64        64        64        64        64        64        64        64        64        64        64        64        64        64 
dram[15]:        64        64        64        64        64        64        64        64        64        64        64        64        64        64        64        64 
maximum service time to same row:
dram[0]:      6198      6195      6635      6641      7435      7443      7929      7935      8728      8732      9597      9589     10145     10153     10894     10896 
dram[1]:      6183      6192      6861      6922      7431      7439      7924      7912      8723      8736      9583      9579     10158     10149     10881     10886 
dram[2]:      6141      6119      6775      6762      7426      7365      7920      7922      8754      8745      9581      9573     10144     10151     10873     10876 
dram[3]:      6390      6185      6597      6568      7358      7371      7926      7917      8749      8757      9568      9562     10132     10136     10863     10867 
dram[4]:      6264      6462      6780      6817      7491      7458      7959      7948      8728      8732      9584      9579     10083     10090     10916     10925 
dram[5]:      6154      6171      6669      6685      7471      7484      7935      7952      8737      8741      9585      9575     10075     10071     10920     10928 
dram[6]:      6149      6144      6712      6726      7445      7431      7926      7934      8778      8786      9564      9581     10101     10116     10911     10903 
dram[7]:      6129      6324      6738      6757      7438      7442      7938      7930      8787      8794      9555      9577     10106     10112     10907     10923 
dram[8]:      6203      6241      6674      6764      7436      7462      7917      7921      8718      8708      9551      9557     10288     10283     10914     10905 
dram[9]:      6303      6293      6776      6706      7467      7431      7904      7913      8714      8723      9566      9562     10299     10295     10919     10909 
dram[10]:      6263      6226      6762      6779      7448      7484      7915      7911      8701      8705      9567      9573     10347     10331     10959     10963 
dram[11]:      6209      6200      6544      6847      7466      7461      7903      7907      8709      8715      9559      9577     10335     10339     10967     10955 
dram[12]:      6252      6254      6586      6656      7406      7412      7909      7915      8758      8766      9542      9533     10165     10173     10893     10911 
dram[13]:      6238      6211      6600      6611      7415      7427      7917      7922      8770      8762      9529      9538     10161     10169     10903     10898 
dram[14]:      6201      6214      6712      6690      7336      7341      7925      7924      8719      8722      9529      9518     10184     10197     10886     10892 
dram[15]:      6224      6190      6560      6590      7345      7349      7916      7920      8714      8726      9525      9521     10201     10181     10896     10903 
average row accesses per activate:
dram[0]: 38.839695 38.839695 27.281502 27.281502 36.604317 36.342857 26.500000 26.294573 37.274727 37.828995 27.136000 27.428572 36.056736 35.806339 26.778948 26.636126 
dram[1]: 39.441860 39.441860 27.652174 27.652174 36.085106 36.342857 26.849604 26.778948 38.545456 38.400002 26.849604 26.992043 36.317856 36.317856 26.089743 25.954082 
dram[2]: 39.441860 39.441860 27.428572 27.577236 35.456448 35.456448 26.362694 26.708662 36.736462 37.411766 26.920635 26.708662 35.813381 35.809860 26.778948 26.708662 
dram[3]: 39.289574 39.138462 27.428572 27.577236 36.342857 36.604317 26.500000 26.226805 36.869564 37.411766 27.803278 27.879452 36.081562 36.469536 26.294573 25.959183 
dram[4]: 38.839695 38.839695 28.110497 28.110497 35.957596 35.705265 26.294573 25.762026 38.839695 38.839695 27.354839 27.428572 36.192169 36.188614 26.226805 25.893129 
dram[5]: 38.839695 38.839695 27.136000 27.208555 36.342857 35.830986 25.696970 25.959183 37.003635 36.736462 27.577236 27.577236 35.929329 36.188614 26.569191 26.500000 
dram[6]: 38.988506 39.138462 27.727520 27.652174 36.342857 36.604317 26.569191 26.849604 38.255638 38.255638 26.569191 26.569191 36.589928 36.070923 26.500000 26.362694 
dram[7]: 38.255638 38.255638 27.727520 28.033058 36.342857 36.342857 26.431170 26.226805 36.736462 37.003635 27.577236 27.502703 36.433693 36.174377 26.778948 26.708662 
dram[8]: 39.595329 39.595329 27.063829 26.992043 36.869564 37.138687 26.092308 26.092308 38.255638 38.545456 27.354839 26.778948 36.060284 36.317856 26.431170 26.638744 
dram[9]: 38.988506 38.988506 27.208555 27.281502 36.085106 36.085106 26.025576 25.893129 38.988506 39.138462 27.136000 26.778948 35.680702 35.552448 26.992043 26.992043 
dram[10]: 38.988506 38.839695 26.920635 26.920635 36.736462 37.003635 26.362694 26.431170 38.545456 38.255638 27.136000 27.281502 36.202847 36.458782 27.050531 26.907408 
dram[11]: 40.062992 40.062992 26.992043 27.502703 35.830986 35.957596 26.431170 26.500000 38.400002 38.112358 27.879452 27.879452 36.325001 36.192169 26.708662 27.136000 
dram[12]: 39.138462 39.441860 27.208555 27.208555 36.604317 36.869564 26.226805 26.226805 38.255638 38.255638 27.281502 27.502703 35.792255 36.177937 26.362694 26.500000 
dram[13]: 39.138462 39.138462 27.428572 27.652174 36.604317 36.604317 25.696970 26.092308 38.692017 38.255638 26.569191 26.500000 36.299999 36.174377 26.708662 26.500000 
dram[14]: 39.441860 39.289574 28.110497 27.652174 36.213524 35.957596 27.063829 26.708662 38.692017 38.988506 26.849604 27.063829 35.954063 35.827465 26.569191 26.569191 
dram[15]: 39.138462 39.138462 26.920635 26.992043 36.736462 36.736462 26.569191 26.638744 37.274727 37.274727 26.849604 26.920635 35.929329 35.428570 26.569191 26.569191 
average row locality = 2604833/83354 = 31.250246
number of total memory accesses made:
dram[0]:         0         0         0         0         0         0         0         0         0         0         0         0         0         0         0         0 
dram[1]:         0         0         0         0         0         0         0         0         0         0         0         0         0         0         0         0 
dram[2]:         0         0         0         0         0         0         0         0         0         0         0         0         0         0         0         0 
dram[3]:         0         0         0         0         0         0         0         0         0         0         0         0         0         0         0         0 
dram[4]:         0         0         0         0         0         0         0         0         0         0         0         0         0         0         0         0 
dram[5]:         0         0         0         0         0         0         0         0         0         0         0         0         0         0         0         0 
dram[6]:         0         0         0         0         0         0         0         0         0         0         0         0         0         0         0         0 
dram[7]:         0         0         0         0         0         0         0         0         0         0         0         0         0         0         0         0 
dram[8]:         0         0         0         0         0         0         0         0         0         0         0         0         0         0         0         0 
dram[9]:         0         0         0         0         0         0         0         0         0         0         0         0         0         0         0         0 
dram[10]:         0         0         0         0         0         0         0         0         0         0         0         0         0         0         0         0 
dram[11]:         0         0         0         0         0         0         0         0         0         0         0         0         0         0         0         0 
dram[12]:         0         0         0         0         0         0         0         0         0         0         0         0         0         0         0         0 
dram[13]:         0         0         0         0         0         0         0         0         0         0         0         0         0         0         0         0 
dram[14]:         0         0         0         0         0         0         0         0         0         0         0         0         0         0         0         0 
dram[15]:         0         0         0         0         0         0         0         0         0         0         0         0         0         0         0         0 
total accesses: 0
min_bank_accesses = 0!
min_chip_accesses = 0!
number of total read accesses:
dram[0]:      8192      8192      8192      8192      8192      8192      8192      8192      8192      8192      8192      8192      8192      8192      8192      8192 
dram[1]:      8192      8192      8192      8192      8192      8192      8192      8192      8192      8192      8192      8192      8192      8192      8192      8192 
dram[2]:      8192      8192      8192      8192      8192      8192      8192      8192      8192      8192      8192      8192      8192      8192      8192      8192 
dram[3]:      8192      8192      8192      8192      8192      8192      8192      8192      8192      8192      8192      8192      8192      8192      8192      8192 
dram[4]:      8192      8192      8192      8192      8192      8192      8192      8192      8192      8192      8192      8192      8192      8192      8192      8192 
dram[5]:      8192      8192      8192      8192      8192      8192      8192      8192      8192      8192      8192      8192      8192      8192      8192      8192 
dram[6]:      8192      8192      8192      8192      8192      8192      8192      8192      8192      8192      8192      8192      8192      8192      8192      8192 
dram[7]:      8192      8192      8192      8192      8192      8192      8192      8192      8192      8192      8192      8192      8192      8192      8192      8192 
dram[8]:      8192      8192      8192      8192      8192      8192      8192      8192      8192      8192      8192      8192      8192      8192      8192      8192 
dram[9]:      8192      8192      8192      8192      8192      8192      8192      8192      8192      8192      8192      8192      8192      8192      8192      8192 
dram[10]:      8192      8192      8192      8192      8192      8192      8192      8192      8192      8192      8192      8192      8192      8192      8192      8192 
dram[11]:      8192      8192      8192      8192      8192      8192      8192      8192      8192      8192      8192      8192      8192      8192      8192      8192 
dram[12]:      8192      8192      8192      8192      8192      8192      8192      8192      8192      8192      8192      8192      8192      8192      8192      8192 
dram[13]:      8192      8192      8192      8192      8192      8192      8192      8192      8192      8192      8192      8192      8192      8192      8192      8192 
dram[14]:      8192      8192      8192      8192      8192      8192      8192      8192      8192      8192      8192      8192      8192      8192      8192      8192 
dram[15]:      8192      8192      8192      8192      8192      8192      8192      8192      8192      8192      8192      8192      8192      8192      8192      8192 
total dram reads = 2097152
bank skew: 8192/8192 = 1.00
chip skew: 131072/131072 = 1.00
number of total write accesses:
dram[0]:      7936      7936      7936      7936      7936      7936      7936      7936      7936      7936      7936      7936      7912      7912      7936      7936 
dram[1]:      7936      7936      7936      7936      7936      7936      7936      7936      7936      7936      7936      7936      7912      7920      7936      7936 
dram[2]:      7936      7936      7936      7936      7936      7936      7936      7936      7936      7936      7936      7936      7928      7924      7936      7936 
dram[3]:      7936      7936      7936      7936      7936      7936      7936      7936      7936      7936      7936      7936      7932      7932      7936      7936 
dram[4]:      7936      7936      7936      7936      7936      7936      7936      7936      7936      7936      7936      7936      7916      7916      7936      7936 
dram[5]:      7936      7936      7936      7936      7936      7936      7936      7936      7936      7936      7936      7936      7908      7908      7936      7936 
dram[6]:      7936      7936      7936      7936      7936      7936      7936      7936      7936      7936      7936      7936      7924      7924      7936      7936 
dram[7]:      7936      7936      7936      7936      7936      7936      7936      7936      7936      7936      7936      7936      7896      7896      7936      7936 
dram[8]:      7936      7936      7936      7936      7936      7936      7936      7936      7936      7936      7936      7936      7920      7920      7936      7936 
dram[9]:      7936      7936      7936      7936      7936      7936      7936      7936      7936      7936      7936      7936      7912      7912      7936      7936 
dram[10]:      7936      7936      7936      7936      7936      7936      7936      7936      7936      7936      7936      7936      7936      7936      7936      7936 
dram[11]:      7936      7936      7936      7936      7936      7936      7936      7936      7936      7936      7936      7936      7916      7916      7936      7936 
dram[12]:      7936      7936      7936      7936      7936      7936      7936      7936      7936      7936      7936      7936      7896      7896      7936      7936 
dram[13]:      7936      7936      7936      7936      7936      7936      7936      7936      7936      7936      7936      7936      7896      7896      7936      7936 
dram[14]:      7936      7936      7936      7936      7936      7936      7936      7936      7936      7936      7936      7936      7936      7936      7936      7936 
dram[15]:      7936      7936      7936      7936      7936      7936      7936      7936      7936      7936      7936      7936      7908      7908      7936      7936 
total dram writes = 2030964
bank skew: 7936/7896 = 1.01
chip skew: 126976/126896 = 1.00
average mf latency per bank:
dram[0]:        516       521       527       526       518       522       522       522       511       516       527       532       519       526       522       523
dram[1]:        520       526       532       535       530       533       533       534       515       519       524       530       519       525       523       529
dram[2]:        511       516       525       528       515       520       515       518       501       506       523       524       513       519       519       521
dram[3]:        514       520       522       523       517       521       522       526       512       519       520       524       509       513       515       517
dram[4]:        505       510       513       516       511       515       515       517       498       505       515       516       508       512       511       510
dram[5]:        514       519       522       524       515       523       521       526       513       518       525       526       515       524       513       520
dram[6]:        515       521       524       522       516       522       518       517       508       513       524       520       512       515       523       522
dram[7]:        510       515       523       527       511       516       511       518       508       513       521       527       514       520       521       521
dram[8]:        511       516       522       523       514       521       522       523       508       514       521       521       513       520       521       522
dram[9]:        503       506       509       509       507       511       512       513       502       507       510       512       509       510       512       515
dram[10]:        513       517       521       523       518       525       522       524       511       516       520       519       507       513       519       519
dram[11]:        507       512       516       518       512       518       518       519       505       510       522       523       510       516       515       518
dram[12]:        512       516       529       528       520       523       529       528       515       519       531       530       524       532       525       523
dram[13]:        515       521       521       523       514       519       522       527       514       518       521       520       516       522       517       520
dram[14]:        507       513       520       519       509       513       520       521       510       514       518       515       512       520       517       523
dram[15]:        508       513       514       516       511       516       522       523       503       508       523       524       517       522       517       519
maximum mf latency per bank:
dram[0]:       1321      1327      1542      1432      1787      1773      1558      1571      1199      1218      1257      1432      1407      1408      1819      1808
dram[1]:       1470      1495      1304      1325      1550      1551      1575      1686      1386      1377      1681      1883      1593      1597      1467      1778
dram[2]:       1359      1364      1813      1383      1421      1430      1803      1472      1498      1518      1278      1703      1414      1414      1386      1373
dram[3]:       1419      1432      1752      1291      1431      1431      1286      1728      2203      1388      1288      1289      1253      1368      1246      1226
dram[4]:       1395      1437      1772      1791      1512      1517      1634      1661      1396      1395      1991      1466      1453      1321      1705      1431
dram[5]:       1402      1403      1792      1241      1476      1477      1812      1434      1791      1789      1853      1826      1494      1922      1517      1527
dram[6]:       1830      1334      1986      1372      1522      1877      1892      1225      1194      1197      1785      1546      1547      1314      1539      1529
dram[7]:       1400      1455      1410      1456      1419      1423      1188      1461      1773      1915      1303      1703      1655      1650      1854      1510
dram[8]:       1841      1859      1990      1790      1350      1468      1684      1695      1835      1895      1323      1824      1709      1408      1898      1222
dram[9]:       1753      1783      1875      1396      1734      1729      1932      1870      1383      1409      1833      1848      1540      1215      1377      1505
dram[10]:       1268      1265      1810      1822      1834      1779      1733      1738      1326      1368      1668      1576      1507      1477      1766      1213
dram[11]:       1308      1317      1252      1308      1881      1887      1879      1395      1812      1801      1305      1252      1539      1541      1403      1834
dram[12]:       1266      1265      1897      1772      1618      1441      1418      1411      1285      1760      1703      1325      1553      1581      1426      2017
dram[13]:       1578      1581      1981      2013      1535      1771      1444      1514      1472      1460      1155      1151      1435      1343      1202      1198
dram[14]:       1381      1406      1757      1215      1483      1441      1492      1637      1444      1407      1848      1811      1383      1982      1481      1638
dram[15]:       1436      1443      1404      1410      1583      1575      1566      1230      1399      1370      1360      1380      1223      1868      1246      1830
Memory Partition 0: 
Cache L2_bank_000:
MSHR contents

Cache L2_bank_001:
MSHR contents

In Dram Latency Queue (total = 12): 
Ready @ 927785 -   mf: uid=15715507, sid4294967295:w4294967295, part=0, addr=0xc0de3200, store, size=128, L2_WRBK  status = IN_PARTITION_DRAM_LATENCY_QUEUE (927531), 
Ready @ 927789 -   mf: uid=15715517, sid4294967295:w4294967295, part=0, addr=0xc0de3280, store, size=128, L2_WRBK  status = IN_PARTITION_DRAM_LATENCY_QUEUE (927535), 
Ready @ 927809 -   mf: uid=15715555, sid4294967295:w4294967295, part=0, addr=0xc0de0080, store, size=128, L2_WRBK  status = IN_PARTITION_DRAM_LATENCY_QUEUE (927555), 
Ready @ 927813 -   mf: uid=15715560, sid4294967295:w4294967295, part=0, addr=0xc0de0000, store, size=128, L2_WRBK  status = IN_PARTITION_DRAM_LATENCY_QUEUE (927559), 
Ready @ 927842 -   mf: uid=15715590, sid4294967295:w4294967295, part=0, addr=0xc0de4500, store, size=128, L2_WRBK  status = IN_PARTITION_DRAM_LATENCY_QUEUE (927588), 
Ready @ 927846 -   mf: uid=15715593, sid4294967295:w4294967295, part=0, addr=0xc0de4580, store, size=128, L2_WRBK  status = IN_PARTITION_DRAM_LATENCY_QUEUE (927592), 
Ready @ 927869 -   mf: uid=15715610, sid4294967295:w4294967295, part=0, addr=0xc0de5580, store, size=128, L2_WRBK  status = IN_PARTITION_DRAM_LATENCY_QUEUE (927615), 
Ready @ 927877 -   mf: uid=15715618, sid4294967295:w4294967295, part=0, addr=0xc0de5500, store, size=128, L2_WRBK  status = IN_PARTITION_DRAM_LATENCY_QUEUE (927623), 
Ready @ 927894 -   mf: uid=15715628, sid4294967295:w4294967295, part=0, addr=0xc0de7700, store, size=128, L2_WRBK  status = IN_PARTITION_DRAM_LATENCY_QUEUE (927640), 
Ready @ 927904 -   mf: uid=15715636, sid4294967295:w4294967295, part=0, addr=0xc0de7780, store, size=128, L2_WRBK  status = IN_PARTITION_DRAM_LATENCY_QUEUE (927650), 
Ready @ 927926 -   mf: uid=15715651, sid4294967295:w4294967295, part=0, addr=0xc0de6780, store, size=128, L2_WRBK  status = IN_PARTITION_DRAM_LATENCY_QUEUE (927672), 
Ready @ 927930 -   mf: uid=15715653, sid4294967295:w4294967295, part=0, addr=0xc0de6700, store, size=128, L2_WRBK  status = IN_PARTITION_DRAM_LATENCY_QUEUE (927676), 
DRAM[0]: 16 bks, busW=2 BL=16 CL=24, tRRD=12 tCCD=4, tRCD=24 tRAS=55 tRP=24 tRC=78
n_cmd=1141878 n_nop=873671 n_act=5215 n_pre=5199 n_ref_event=0 n_req=162804 n_rd=131072 n_rd_L2_A=0 n_write=0 n_wr_bk=126900 bw_util=0.9037
n_activity=1103991 dram_eff=0.9347
bk0: 8192a 901644i bk1: 8192a 900072i bk2: 8192a 912556i bk3: 8192a 914742i bk4: 8192a 896618i bk5: 8192a 894160i bk6: 8192a 918070i bk7: 8192a 919023i bk8: 8192a 883106i bk9: 8192a 882730i bk10: 8192a 910878i bk11: 8192a 908648i bk12: 8192a 903104i bk13: 8192a 900316i bk14: 8192a 917281i bk15: 8192a 917214i 

------------------------------------------------------------------------

Row_Buffer_Locality = 0.967967
Row_Buffer_Locality_read = 0.980133
Row_Buffer_Locality_write = 0.917707
Bank_Level_Parallism = 3.598516
Bank_Level_Parallism_Col = 3.475361
Bank_Level_Parallism_Ready = 1.525553
write_to_read_ratio_blp_rw_average = 0.486470
GrpLevelPara = 3.003651 

BW Util details:
bwutil = 0.903676 
total_CMD = 1141878 
util_bw = 1031886 
Wasted_Col = 56280 
Wasted_Row = 9650 
Idle = 44062 

BW Util Bottlenecks: 
RCDc_limit = 9209 
RCDWRc_limit = 6972 
WTRc_limit = 50073 
RTWc_limit = 43215 
CCDLc_limit = 25405 
rwq = 0 
CCDLc_limit_alone = 20428 
WTRc_limit_alone = 47208 
RTWc_limit_alone = 41103 

Commands details: 
total_CMD = 1141878 
n_nop = 873671 
Read = 131072 
Write = 0 
L2_Alloc = 0 
L2_WB = 126900 
n_act = 5215 
n_pre = 5199 
n_ref = 0 
n_req = 162804 
total_req = 257972 

Dual Bus Interface Util: 
issued_total_row = 10414 
issued_total_col = 257972 
Row_Bus_Util =  0.009120 
CoL_Bus_Util = 0.225919 
Either_Row_CoL_Bus_Util = 0.234882 
Issued_on_Two_Bus_Simul_Util = 0.000157 
issued_two_Eff = 0.000667 
queue_avg = 34.389946 


dram_util_bins: 0 0 0 0 0 0 0 0 0 0
dram_eff_bins: 0 0 0 0 0 0 0 0 0 0
mrqq: max=64 avg=34.3899
Memory Partition 1: 
Cache L2_bank_002:
MSHR contents

Cache L2_bank_003:
MSHR contents

In Dram Latency Queue (total = 10): 
Ready @ 927793 -   mf: uid=15715532, sid4294967295:w4294967295, part=1, addr=0xc0de3300, store, size=128, L2_WRBK  status = IN_PARTITION_DRAM_LATENCY_QUEUE (927539), 
Ready @ 927796 -   mf: uid=15715539, sid4294967295:w4294967295, part=1, addr=0xc0de0100, store, size=128, L2_WRBK  status = IN_PARTITION_DRAM_LATENCY_QUEUE (927542), 
Ready @ 927799 -   mf: uid=15715542, sid4294967295:w4294967295, part=1, addr=0xc0de4480, store, size=128, L2_WRBK  status = IN_PARTITION_DRAM_LATENCY_QUEUE (927545), 
Ready @ 927822 -   mf: uid=15715567, sid4294967295:w4294967295, part=1, addr=0xc0de5480, store, size=128, L2_WRBK  status = IN_PARTITION_DRAM_LATENCY_QUEUE (927568), 
Ready @ 927823 -   mf: uid=15715569, sid4294967295:w4294967295, part=1, addr=0xc0de4400, store, size=128, L2_WRBK  status = IN_PARTITION_DRAM_LATENCY_QUEUE (927569), 
Ready @ 927837 -   mf: uid=15715581, sid4294967295:w4294967295, part=1, addr=0xc0de7680, store, size=128, L2_WRBK  status = IN_PARTITION_DRAM_LATENCY_QUEUE (927583), 
Ready @ 927856 -   mf: uid=15715598, sid4294967295:w4294967295, part=1, addr=0xc0de5400, store, size=128, L2_WRBK  status = IN_PARTITION_DRAM_LATENCY_QUEUE (927602), 
Ready @ 927872 -   mf: uid=15715615, sid4294967295:w4294967295, part=1, addr=0xc0de7600, store, size=128, L2_WRBK  status = IN_PARTITION_DRAM_LATENCY_QUEUE (927618), 
Ready @ 927893 -   mf: uid=15715627, sid4294967295:w4294967295, part=1, addr=0xc0de6680, store, size=128, L2_WRBK  status = IN_PARTITION_DRAM_LATENCY_QUEUE (927639), 
Ready @ 927914 -   mf: uid=15715643, sid4294967295:w4294967295, part=1, addr=0xc0de6600, store, size=128, L2_WRBK  status = IN_PARTITION_DRAM_LATENCY_QUEUE (927660), 
DRAM[1]: 16 bks, busW=2 BL=16 CL=24, tRRD=12 tCCD=4, tRCD=24 tRAS=55 tRP=24 tRC=78
n_cmd=1141878 n_nop=873737 n_act=5200 n_pre=5184 n_ref_event=0 n_req=162806 n_rd=131072 n_rd_L2_A=0 n_write=0 n_wr_bk=126898 bw_util=0.9037
n_activity=1105085 dram_eff=0.9338
bk0: 8192a 888280i bk1: 8192a 887034i bk2: 8192a 907786i bk3: 8192a 911506i bk4: 8192a 888485i bk5: 8192a 887102i bk6: 8192a 918556i bk7: 8192a 917724i bk8: 8192a 884336i bk9: 8192a 882763i bk10: 8192a 908737i bk11: 8192a 907106i bk12: 8192a 893704i bk13: 8192a 891863i bk14: 8192a 915214i bk15: 8192a 914545i 

------------------------------------------------------------------------

Row_Buffer_Locality = 0.968059
Row_Buffer_Locality_read = 0.980148
Row_Buffer_Locality_write = 0.918114
Bank_Level_Parallism = 3.662967
Bank_Level_Parallism_Col = 3.538760
Bank_Level_Parallism_Ready = 1.533785
write_to_read_ratio_blp_rw_average = 0.488335
GrpLevelPara = 3.033674 

BW Util details:
bwutil = 0.903669 
total_CMD = 1141878 
util_bw = 1031877 
Wasted_Col = 58144 
Wasted_Row = 9079 
Idle = 42778 

BW Util Bottlenecks: 
RCDc_limit = 9907 
RCDWRc_limit = 6870 
WTRc_limit = 53529 
RTWc_limit = 44774 
CCDLc_limit = 27457 
rwq = 0 
CCDLc_limit_alone = 22040 
WTRc_limit_alone = 50237 
RTWc_limit_alone = 42649 

Commands details: 
total_CMD = 1141878 
n_nop = 873737 
Read = 131072 
Write = 0 
L2_Alloc = 0 
L2_WB = 126898 
n_act = 5200 
n_pre = 5184 
n_ref = 0 
n_req = 162806 
total_req = 257970 

Dual Bus Interface Util: 
issued_total_row = 10384 
issued_total_col = 257970 
Row_Bus_Util =  0.009094 
CoL_Bus_Util = 0.225917 
Either_Row_CoL_Bus_Util = 0.234825 
Issued_on_Two_Bus_Simul_Util = 0.000187 
issued_two_Eff = 0.000794 
queue_avg = 35.268341 


dram_util_bins: 0 0 0 0 0 0 0 0 0 0
dram_eff_bins: 0 0 0 0 0 0 0 0 0 0
mrqq: max=64 avg=35.2683
Memory Partition 2: 
Cache L2_bank_004:
MSHR contents

Cache L2_bank_005:
MSHR contents

In Dram Latency Queue (total = 5): 
Ready @ 927780 -   mf: uid=15715495, sid4294967295:w4294967295, part=2, addr=0xc0de5780, store, size=128, L2_WRBK  status = IN_PARTITION_DRAM_LATENCY_QUEUE (927526), 
Ready @ 927801 -   mf: uid=15715545, sid4294967295:w4294967295, part=2, addr=0xc0de7580, store, size=128, L2_WRBK  status = IN_PARTITION_DRAM_LATENCY_QUEUE (927547), 
Ready @ 927805 -   mf: uid=15715550, sid4294967295:w4294967295, part=2, addr=0xc0de7500, store, size=128, L2_WRBK  status = IN_PARTITION_DRAM_LATENCY_QUEUE (927551), 
Ready @ 927822 -   mf: uid=15715568, sid4294967295:w4294967295, part=2, addr=0xc0de6580, store, size=128, L2_WRBK  status = IN_PARTITION_DRAM_LATENCY_QUEUE (927568), 
Ready @ 927826 -   mf: uid=15715571, sid4294967295:w4294967295, part=2, addr=0xc0de6500, store, size=128, L2_WRBK  status = IN_PARTITION_DRAM_LATENCY_QUEUE (927572), 
DRAM[2]: 16 bks, busW=2 BL=16 CL=24, tRRD=12 tCCD=4, tRCD=24 tRAS=55 tRP=24 tRC=78
n_cmd=1141878 n_nop=873635 n_act=5234 n_pre=5218 n_ref_event=0 n_req=162811 n_rd=131072 n_rd_L2_A=0 n_write=0 n_wr_bk=126924 bw_util=0.9038
n_activity=1103777 dram_eff=0.935
bk0: 8192a 898218i bk1: 8192a 895955i bk2: 8192a 914497i bk3: 8192a 917264i bk4: 8192a 901341i bk5: 8192a 898436i bk6: 8192a 922189i bk7: 8192a 923521i bk8: 8192a 892824i bk9: 8192a 891319i bk10: 8192a 907854i bk11: 8192a 909100i bk12: 8192a 906437i bk13: 8192a 905196i bk14: 8192a 922285i bk15: 8192a 925105i 

------------------------------------------------------------------------

Row_Buffer_Locality = 0.967851
Row_Buffer_Locality_read = 0.979996
Row_Buffer_Locality_write = 0.917688
Bank_Level_Parallism = 3.554305
Bank_Level_Parallism_Col = 3.430322
Bank_Level_Parallism_Ready = 1.509009
write_to_read_ratio_blp_rw_average = 0.477651
GrpLevelPara = 2.976409 

BW Util details:
bwutil = 0.903760 
total_CMD = 1141878 
util_bw = 1031981 
Wasted_Col = 55888 
Wasted_Row = 9320 
Idle = 44689 

BW Util Bottlenecks: 
RCDc_limit = 9357 
RCDWRc_limit = 7521 
WTRc_limit = 52253 
RTWc_limit = 39868 
CCDLc_limit = 25675 
rwq = 0 
CCDLc_limit_alone = 20400 
WTRc_limit_alone = 49015 
RTWc_limit_alone = 37831 

Commands details: 
total_CMD = 1141878 
n_nop = 873635 
Read = 131072 
Write = 0 
L2_Alloc = 0 
L2_WB = 126924 
n_act = 5234 
n_pre = 5218 
n_ref = 0 
n_req = 162811 
total_req = 257996 

Dual Bus Interface Util: 
issued_total_row = 10452 
issued_total_col = 257996 
Row_Bus_Util =  0.009153 
CoL_Bus_Util = 0.225940 
Either_Row_CoL_Bus_Util = 0.234914 
Issued_on_Two_Bus_Simul_Util = 0.000180 
issued_two_Eff = 0.000764 
queue_avg = 33.417950 


dram_util_bins: 0 0 0 0 0 0 0 0 0 0
dram_eff_bins: 0 0 0 0 0 0 0 0 0 0
mrqq: max=64 avg=33.4179
Memory Partition 3: 
Cache L2_bank_006:
MSHR contents

Cache L2_bank_007:
MSHR contents

In Dram Latency Queue (total = 2): 
Ready @ 927781 -   mf: uid=15715502, sid4294967295:w4294967295, part=3, addr=0xc0de6480, store, size=128, L2_WRBK  status = IN_PARTITION_DRAM_LATENCY_QUEUE (927527), 
Ready @ 927785 -   mf: uid=15715508, sid4294967295:w4294967295, part=3, addr=0xc0de6400, store, size=128, L2_WRBK  status = IN_PARTITION_DRAM_LATENCY_QUEUE (927531), 
DRAM[3]: 16 bks, busW=2 BL=16 CL=24, tRRD=12 tCCD=4, tRCD=24 tRAS=55 tRP=24 tRC=78
n_cmd=1141878 n_nop=873622 n_act=5208 n_pre=5192 n_ref_event=0 n_req=162814 n_rd=131072 n_rd_L2_A=0 n_write=0 n_wr_bk=126963 bw_util=0.9039
n_activity=1103644 dram_eff=0.9352
bk0: 8192a 897239i bk1: 8192a 896102i bk2: 8192a 913089i bk3: 8192a 915629i bk4: 8192a 897507i bk5: 8192a 897425i bk6: 8192a 920708i bk7: 8192a 921259i bk8: 8192a 895569i bk9: 8192a 892379i bk10: 8192a 913018i bk11: 8192a 914622i bk12: 8192a 901606i bk13: 8192a 898297i bk14: 8192a 915763i bk15: 8192a 919506i 

------------------------------------------------------------------------

Row_Buffer_Locality = 0.968013
Row_Buffer_Locality_read = 0.980110
Row_Buffer_Locality_write = 0.918058
Bank_Level_Parallism = 3.575555
Bank_Level_Parallism_Col = 3.450860
Bank_Level_Parallism_Ready = 1.528242
write_to_read_ratio_blp_rw_average = 0.478585
GrpLevelPara = 2.988822 

BW Util details:
bwutil = 0.903897 
total_CMD = 1141878 
util_bw = 1032140 
Wasted_Col = 55679 
Wasted_Row = 8993 
Idle = 45066 

BW Util Bottlenecks: 
RCDc_limit = 9094 
RCDWRc_limit = 6878 
WTRc_limit = 51230 
RTWc_limit = 42688 
CCDLc_limit = 25212 
rwq = 0 
CCDLc_limit_alone = 20495 
WTRc_limit_alone = 48477 
RTWc_limit_alone = 40724 

Commands details: 
total_CMD = 1141878 
n_nop = 873622 
Read = 131072 
Write = 0 
L2_Alloc = 0 
L2_WB = 126963 
n_act = 5208 
n_pre = 5192 
n_ref = 0 
n_req = 162814 
total_req = 258035 

Dual Bus Interface Util: 
issued_total_row = 10400 
issued_total_col = 258035 
Row_Bus_Util =  0.009108 
CoL_Bus_Util = 0.225974 
Either_Row_CoL_Bus_Util = 0.234925 
Issued_on_Two_Bus_Simul_Util = 0.000157 
issued_two_Eff = 0.000667 
queue_avg = 33.747108 


dram_util_bins: 0 0 0 0 0 0 0 0 0 0
dram_eff_bins: 0 0 0 0 0 0 0 0 0 0
mrqq: max=64 avg=33.7471
Memory Partition 4: 
Cache L2_bank_008:
MSHR contents

Cache L2_bank_009:
MSHR contents

In Dram Latency Queue (total = 10): 
Ready @ 927793 -   mf: uid=15715533, sid4294967295:w4294967295, part=4, addr=0xc0de2600, store, size=128, L2_WRBK  status = IN_PARTITION_DRAM_LATENCY_QUEUE (927539), 
Ready @ 927797 -   mf: uid=15715540, sid4294967295:w4294967295, part=4, addr=0xc0de2680, store, size=128, L2_WRBK  status = IN_PARTITION_DRAM_LATENCY_QUEUE (927543), 
Ready @ 927814 -   mf: uid=15715561, sid4294967295:w4294967295, part=4, addr=0xc0de4100, store, size=128, L2_WRBK  status = IN_PARTITION_DRAM_LATENCY_QUEUE (927560), 
Ready @ 927819 -   mf: uid=15715566, sid4294967295:w4294967295, part=4, addr=0xc0de4180, store, size=128, L2_WRBK  status = IN_PARTITION_DRAM_LATENCY_QUEUE (927565), 
Ready @ 927841 -   mf: uid=15715589, sid4294967295:w4294967295, part=4, addr=0xc0de5100, store, size=128, L2_WRBK  status = IN_PARTITION_DRAM_LATENCY_QUEUE (927587), 
Ready @ 927862 -   mf: uid=15715604, sid4294967295:w4294967295, part=4, addr=0xc0de5180, store, size=128, L2_WRBK  status = IN_PARTITION_DRAM_LATENCY_QUEUE (927608), 
Ready @ 927871 -   mf: uid=15715614, sid4294967295:w4294967295, part=4, addr=0xc0de6380, store, size=128, L2_WRBK  status = IN_PARTITION_DRAM_LATENCY_QUEUE (927617), 
Ready @ 927885 -   mf: uid=15715623, sid4294967295:w4294967295, part=4, addr=0xc0de6300, store, size=128, L2_WRBK  status = IN_PARTITION_DRAM_LATENCY_QUEUE (927631), 
Ready @ 927905 -   mf: uid=15715638, sid4294967295:w4294967295, part=4, addr=0xc0de7380, store, size=128, L2_WRBK  status = IN_PARTITION_DRAM_LATENCY_QUEUE (927651), 
Ready @ 927922 -   mf: uid=15715648, sid4294967295:w4294967295, part=4, addr=0xc0de7300, store, size=128, L2_WRBK  status = IN_PARTITION_DRAM_LATENCY_QUEUE (927668), 
DRAM[4]: 16 bks, busW=2 BL=16 CL=24, tRRD=12 tCCD=4, tRCD=24 tRAS=55 tRP=24 tRC=78
n_cmd=1141878 n_nop=873677 n_act=5208 n_pre=5192 n_ref_event=0 n_req=162806 n_rd=131072 n_rd_L2_A=0 n_write=0 n_wr_bk=126920 bw_util=0.9037
n_activity=1103571 dram_eff=0.9351
bk0: 8192a 905583i bk1: 8192a 903173i bk2: 8192a 916307i bk3: 8192a 917322i bk4: 8192a 899285i bk5: 8192a 898115i bk6: 8192a 919143i bk7: 8192a 921976i bk8: 8192a 897775i bk9: 8192a 896470i bk10: 8192a 920352i bk11: 8192a 921279i bk12: 8192a 909482i bk13: 8192a 905484i bk14: 8192a 922072i bk15: 8192a 926896i 

------------------------------------------------------------------------

Row_Buffer_Locality = 0.968010
Row_Buffer_Locality_read = 0.980087
Row_Buffer_Locality_write = 0.918124
Bank_Level_Parallism = 3.510046
Bank_Level_Parallism_Col = 3.387769
Bank_Level_Parallism_Ready = 1.494648
write_to_read_ratio_blp_rw_average = 0.478009
GrpLevelPara = 2.958560 

BW Util details:
bwutil = 0.903746 
total_CMD = 1141878 
util_bw = 1031967 
Wasted_Col = 55413 
Wasted_Row = 9552 
Idle = 44946 

BW Util Bottlenecks: 
RCDc_limit = 9317 
RCDWRc_limit = 7823 
WTRc_limit = 50554 
RTWc_limit = 38918 
CCDLc_limit = 25261 
rwq = 0 
CCDLc_limit_alone = 20338 
WTRc_limit_alone = 47545 
RTWc_limit_alone = 37004 

Commands details: 
total_CMD = 1141878 
n_nop = 873677 
Read = 131072 
Write = 0 
L2_Alloc = 0 
L2_WB = 126920 
n_act = 5208 
n_pre = 5192 
n_ref = 0 
n_req = 162806 
total_req = 257992 

Dual Bus Interface Util: 
issued_total_row = 10400 
issued_total_col = 257992 
Row_Bus_Util =  0.009108 
CoL_Bus_Util = 0.225937 
Either_Row_CoL_Bus_Util = 0.234877 
Issued_on_Two_Bus_Simul_Util = 0.000167 
issued_two_Eff = 0.000712 
queue_avg = 32.067623 


dram_util_bins: 0 0 0 0 0 0 0 0 0 0
dram_eff_bins: 0 0 0 0 0 0 0 0 0 0
mrqq: max=64 avg=32.0676
Memory Partition 5: 
Cache L2_bank_010:
MSHR contents

Cache L2_bank_011:
MSHR contents

In Dram Latency Queue (total = 14): 
Ready @ 927779 -   mf: uid=15715494, sid4294967295:w4294967295, part=5, addr=0xc0de0580, store, size=128, L2_WRBK  status = IN_PARTITION_DRAM_LATENCY_QUEUE (927525), 
Ready @ 927780 -   mf: uid=15715496, sid4294967295:w4294967295, part=5, addr=0xc0de0500, store, size=128, L2_WRBK  status = IN_PARTITION_DRAM_LATENCY_QUEUE (927526), 
Ready @ 927806 -   mf: uid=15715551, sid4294967295:w4294967295, part=5, addr=0xc0de3780, store, size=128, L2_WRBK  status = IN_PARTITION_DRAM_LATENCY_QUEUE (927552), 
Ready @ 927809 -   mf: uid=15715556, sid4294967295:w4294967295, part=5, addr=0xc0de2700, store, size=128, L2_WRBK  status = IN_PARTITION_DRAM_LATENCY_QUEUE (927555), 
Ready @ 927830 -   mf: uid=15715573, sid4294967295:w4294967295, part=5, addr=0xc0de2780, store, size=128, L2_WRBK  status = IN_PARTITION_DRAM_LATENCY_QUEUE (927576), 
Ready @ 927834 -   mf: uid=15715579, sid4294967295:w4294967295, part=5, addr=0xc0de3700, store, size=128, L2_WRBK  status = IN_PARTITION_DRAM_LATENCY_QUEUE (927580), 
Ready @ 927857 -   mf: uid=15715599, sid4294967295:w4294967295, part=5, addr=0xc0de4080, store, size=128, L2_WRBK  status = IN_PARTITION_DRAM_LATENCY_QUEUE (927603), 
Ready @ 927861 -   mf: uid=15715602, sid4294967295:w4294967295, part=5, addr=0xc0de4000, store, size=128, L2_WRBK  status = IN_PARTITION_DRAM_LATENCY_QUEUE (927607), 
Ready @ 927877 -   mf: uid=15715619, sid4294967295:w4294967295, part=5, addr=0xc0de5080, store, size=128, L2_WRBK  status = IN_PARTITION_DRAM_LATENCY_QUEUE (927623), 
Ready @ 927881 -   mf: uid=15715621, sid4294967295:w4294967295, part=5, addr=0xc0de5000, store, size=128, L2_WRBK  status = IN_PARTITION_DRAM_LATENCY_QUEUE (927627), 
Ready @ 927910 -   mf: uid=15715640, sid4294967295:w4294967295, part=5, addr=0xc0de6280, store, size=128, L2_WRBK  status = IN_PARTITION_DRAM_LATENCY_QUEUE (927656), 
Ready @ 927918 -   mf: uid=15715647, sid4294967295:w4294967295, part=5, addr=0xc0de6200, store, size=128, L2_WRBK  status = IN_PARTITION_DRAM_LATENCY_QUEUE (927664), 
Ready @ 927936 -   mf: uid=15715656, sid4294967295:w4294967295, part=5, addr=0xc0de7280, store, size=128, L2_WRBK  status = IN_PARTITION_DRAM_LATENCY_QUEUE (927682), 
Ready @ 927943 -   mf: uid=15715661, sid4294967295:w4294967295, part=5, addr=0xc0de7200, store, size=128, L2_WRBK  status = IN_PARTITION_DRAM_LATENCY_QUEUE (927689), 
DRAM[5]: 16 bks, busW=2 BL=16 CL=24, tRRD=12 tCCD=4, tRCD=24 tRAS=55 tRP=24 tRC=78
n_cmd=1141878 n_nop=873586 n_act=5246 n_pre=5230 n_ref_event=0 n_req=162802 n_rd=131072 n_rd_L2_A=0 n_write=0 n_wr_bk=126908 bw_util=0.9037
n_activity=1103889 dram_eff=0.9348
bk0: 8192a 894693i bk1: 8192a 892044i bk2: 8192a 908449i bk3: 8192a 913787i bk4: 8192a 898857i bk5: 8192a 895895i bk6: 8192a 913911i bk7: 8192a 918231i bk8: 8192a 892012i bk9: 8192a 890490i bk10: 8192a 909986i bk11: 8192a 912759i bk12: 8192a 894203i bk13: 8192a 889518i bk14: 8192a 925603i bk15: 8192a 923068i 

------------------------------------------------------------------------

Row_Buffer_Locality = 0.967777
Row_Buffer_Locality_read = 0.979996
Row_Buffer_Locality_write = 0.917300
Bank_Level_Parallism = 3.605259
Bank_Level_Parallism_Col = 3.481500
Bank_Level_Parallism_Ready = 1.525880
write_to_read_ratio_blp_rw_average = 0.484065
GrpLevelPara = 2.996824 

BW Util details:
bwutil = 0.903704 
total_CMD = 1141878 
util_bw = 1031919 
Wasted_Col = 56095 
Wasted_Row = 9587 
Idle = 44277 

BW Util Bottlenecks: 
RCDc_limit = 9662 
RCDWRc_limit = 7073 
WTRc_limit = 49926 
RTWc_limit = 43462 
CCDLc_limit = 25155 
rwq = 0 
CCDLc_limit_alone = 20356 
WTRc_limit_alone = 47313 
RTWc_limit_alone = 41276 

Commands details: 
total_CMD = 1141878 
n_nop = 873586 
Read = 131072 
Write = 0 
L2_Alloc = 0 
L2_WB = 126908 
n_act = 5246 
n_pre = 5230 
n_ref = 0 
n_req = 162802 
total_req = 257980 

Dual Bus Interface Util: 
issued_total_row = 10476 
issued_total_col = 257980 
Row_Bus_Util =  0.009174 
CoL_Bus_Util = 0.225926 
Either_Row_CoL_Bus_Util = 0.234957 
Issued_on_Two_Bus_Simul_Util = 0.000144 
issued_two_Eff = 0.000611 
queue_avg = 33.770329 


dram_util_bins: 0 0 0 0 0 0 0 0 0 0
dram_eff_bins: 0 0 0 0 0 0 0 0 0 0
mrqq: max=64 avg=33.7703
Memory Partition 6: 
Cache L2_bank_012:
MSHR contents

Cache L2_bank_013:
MSHR contents

In Dram Latency Queue (total = 6): 
Ready @ 927792 -   mf: uid=15715530, sid4294967295:w4294967295, part=6, addr=0xc0de5300, store, size=128, L2_WRBK  status = IN_PARTITION_DRAM_LATENCY_QUEUE (927538), 
Ready @ 927804 -   mf: uid=15715549, sid4294967295:w4294967295, part=6, addr=0xc0de5380, store, size=128, L2_WRBK  status = IN_PARTITION_DRAM_LATENCY_QUEUE (927550), 
Ready @ 927812 -   mf: uid=15715559, sid4294967295:w4294967295, part=6, addr=0xc0de6180, store, size=128, L2_WRBK  status = IN_PARTITION_DRAM_LATENCY_QUEUE (927558), 
Ready @ 927830 -   mf: uid=15715574, sid4294967295:w4294967295, part=6, addr=0xc0de6100, store, size=128, L2_WRBK  status = IN_PARTITION_DRAM_LATENCY_QUEUE (927576), 
Ready @ 927837 -   mf: uid=15715582, sid4294967295:w4294967295, part=6, addr=0xc0de7100, store, size=128, L2_WRBK  status = IN_PARTITION_DRAM_LATENCY_QUEUE (927583), 
Ready @ 927839 -   mf: uid=15715585, sid4294967295:w4294967295, part=6, addr=0xc0de7180, store, size=128, L2_WRBK  status = IN_PARTITION_DRAM_LATENCY_QUEUE (927585), 
DRAM[6]: 16 bks, busW=2 BL=16 CL=24, tRRD=12 tCCD=4, tRCD=24 tRAS=55 tRP=24 tRC=78
n_cmd=1141878 n_nop=873668 n_act=5204 n_pre=5188 n_ref_event=0 n_req=162810 n_rd=131072 n_rd_L2_A=0 n_write=0 n_wr_bk=126940 bw_util=0.9038
n_activity=1103829 dram_eff=0.935
bk0: 8192a 891704i bk1: 8192a 888834i bk2: 8192a 911368i bk3: 8192a 915747i bk4: 8192a 897212i bk5: 8192a 895461i bk6: 8192a 923664i bk7: 8192a 925275i bk8: 8192a 895520i bk9: 8192a 892109i bk10: 8192a 916107i bk11: 8192a 916090i bk12: 8192a 897260i bk13: 8192a 895475i bk14: 8192a 919072i bk15: 8192a 918391i 

------------------------------------------------------------------------

Row_Buffer_Locality = 0.968036
Row_Buffer_Locality_read = 0.980087
Row_Buffer_Locality_write = 0.918263
Bank_Level_Parallism = 3.582363
Bank_Level_Parallism_Col = 3.461020
Bank_Level_Parallism_Ready = 1.513261
write_to_read_ratio_blp_rw_average = 0.483241
GrpLevelPara = 2.981557 

BW Util details:
bwutil = 0.903816 
total_CMD = 1141878 
util_bw = 1032048 
Wasted_Col = 55866 
Wasted_Row = 9535 
Idle = 44429 

BW Util Bottlenecks: 
RCDc_limit = 9493 
RCDWRc_limit = 7410 
WTRc_limit = 50958 
RTWc_limit = 40699 
CCDLc_limit = 26195 
rwq = 0 
CCDLc_limit_alone = 20757 
WTRc_limit_alone = 47907 
RTWc_limit_alone = 38312 

Commands details: 
total_CMD = 1141878 
n_nop = 873668 
Read = 131072 
Write = 0 
L2_Alloc = 0 
L2_WB = 126940 
n_act = 5204 
n_pre = 5188 
n_ref = 0 
n_req = 162810 
total_req = 258012 

Dual Bus Interface Util: 
issued_total_row = 10392 
issued_total_col = 258012 
Row_Bus_Util =  0.009101 
CoL_Bus_Util = 0.225954 
Either_Row_CoL_Bus_Util = 0.234885 
Issued_on_Two_Bus_Simul_Util = 0.000170 
issued_two_Eff = 0.000723 
queue_avg = 33.672668 


dram_util_bins: 0 0 0 0 0 0 0 0 0 0
dram_eff_bins: 0 0 0 0 0 0 0 0 0 0
mrqq: max=64 avg=33.6727
Memory Partition 7: 
Cache L2_bank_014:
MSHR contents

Cache L2_bank_015:
MSHR contents

In Dram Latency Queue (total = 20): 
Ready @ 927785 -   mf: uid=15715509, sid4294967295:w4294967295, part=7, addr=0xc0dec880, store, size=128, L2_WRBK  status = IN_PARTITION_DRAM_LATENCY_QUEUE (927531), 
Ready @ 927792 -   mf: uid=15715531, sid4294967295:w4294967295, part=7, addr=0xc0defa00, store, size=128, L2_WRBK  status = IN_PARTITION_DRAM_LATENCY_QUEUE (927538), 
Ready @ 927810 -   mf: uid=15715557, sid4294967295:w4294967295, part=7, addr=0xc0de0780, store, size=128, L2_WRBK  status = IN_PARTITION_DRAM_LATENCY_QUEUE (927556), 
Ready @ 927814 -   mf: uid=15715562, sid4294967295:w4294967295, part=7, addr=0xc0de0700, store, size=128, L2_WRBK  status = IN_PARTITION_DRAM_LATENCY_QUEUE (927560), 
Ready @ 927838 -   mf: uid=15715583, sid4294967295:w4294967295, part=7, addr=0xc0de1780, store, size=128, L2_WRBK  status = IN_PARTITION_DRAM_LATENCY_QUEUE (927584), 
Ready @ 927860 -   mf: uid=15715600, sid4294967295:w4294967295, part=7, addr=0xc0deea00, store, size=128, L2_WRBK  status = IN_PARTITION_DRAM_LATENCY_QUEUE (927606), 
Ready @ 927869 -   mf: uid=15715611, sid4294967295:w4294967295, part=7, addr=0xc0deea80, store, size=128, L2_WRBK  status = IN_PARTITION_DRAM_LATENCY_QUEUE (927615), 
Ready @ 927874 -   mf: uid=15715617, sid4294967295:w4294967295, part=7, addr=0xc0de1700, store, size=128, L2_WRBK  status = IN_PARTITION_DRAM_LATENCY_QUEUE (927620), 
Ready @ 927895 -   mf: uid=15715629, sid4294967295:w4294967295, part=7, addr=0xc0de4280, store, size=128, L2_WRBK  status = IN_PARTITION_DRAM_LATENCY_QUEUE (927641), 
Ready @ 927904 -   mf: uid=15715637, sid4294967295:w4294967295, part=7, addr=0xc0de3500, store, size=128, L2_WRBK  status = IN_PARTITION_DRAM_LATENCY_QUEUE (927650), 
Ready @ 927914 -   mf: uid=15715644, sid4294967295:w4294967295, part=7, addr=0xc0de3580, store, size=128, L2_WRBK  status = IN_PARTITION_DRAM_LATENCY_QUEUE (927660), 
Ready @ 927924 -   mf: uid=15715649, sid4294967295:w4294967295, part=7, addr=0xc0de4200, store, size=128, L2_WRBK  status = IN_PARTITION_DRAM_LATENCY_QUEUE (927670), 
Ready @ 927943 -   mf: uid=15715662, sid4294967295:w4294967295, part=7, addr=0xc0de2500, store, size=128, L2_WRBK  status = IN_PARTITION_DRAM_LATENCY_QUEUE (927689), 
Ready @ 927961 -   mf: uid=15715664, sid4294967295:w4294967295, part=7, addr=0xc0de2580, store, size=128, L2_WRBK  status = IN_PARTITION_DRAM_LATENCY_QUEUE (927707), 
Ready @ 927968 -   mf: uid=15715666, sid4294967295:w4294967295, part=7, addr=0xc0de5280, store, size=128, L2_WRBK  status = IN_PARTITION_DRAM_LATENCY_QUEUE (927714), 
Ready @ 927992 -   mf: uid=15715671, sid4294967295:w4294967295, part=7, addr=0xc0de5200, store, size=128, L2_WRBK  status = IN_PARTITION_DRAM_LATENCY_QUEUE (927738), 
Ready @ 927997 -   mf: uid=15715674, sid4294967295:w4294967295, part=7, addr=0xc0de6080, store, size=128, L2_WRBK  status = IN_PARTITION_DRAM_LATENCY_QUEUE (927743), 
Ready @ 927999 -   mf: uid=15715675, sid4294967295:w4294967295, part=7, addr=0xc0de6000, store, size=128, L2_WRBK  status = IN_PARTITION_DRAM_LATENCY_QUEUE (927745), 
Ready @ 928020 -   mf: uid=15715680, sid4294967295:w4294967295, part=7, addr=0xc0de7080, store, size=128, L2_WRBK  status = IN_PARTITION_DRAM_LATENCY_QUEUE (927766), 
Ready @ 928024 -   mf: uid=15715681, sid4294967295:w4294967295, part=7, addr=0xc0de7000, store, size=128, L2_WRBK  status = IN_PARTITION_DRAM_LATENCY_QUEUE (927770), 
DRAM[7]: 16 bks, busW=2 BL=16 CL=24, tRRD=12 tCCD=4, tRCD=24 tRAS=55 tRP=24 tRC=78
n_cmd=1141878 n_nop=873700 n_act=5207 n_pre=5191 n_ref_event=0 n_req=162796 n_rd=131072 n_rd_L2_A=0 n_write=0 n_wr_bk=126882 bw_util=0.9036
n_activity=1103165 dram_eff=0.9353
bk0: 8192a 901569i bk1: 8192a 896839i bk2: 8192a 913901i bk3: 8192a 915908i bk4: 8192a 906891i bk5: 8192a 904073i bk6: 8192a 918934i bk7: 8192a 923078i bk8: 8192a 891743i bk9: 8192a 886204i bk10: 8192a 914344i bk11: 8192a 917190i bk12: 8192a 897519i bk13: 8192a 893611i bk14: 8192a 912405i bk15: 8192a 918372i 

------------------------------------------------------------------------

Row_Buffer_Locality = 0.968015
Row_Buffer_Locality_read = 0.980179
Row_Buffer_Locality_write = 0.917754
Bank_Level_Parallism = 3.572789
Bank_Level_Parallism_Col = 3.450125
Bank_Level_Parallism_Ready = 1.522879
write_to_read_ratio_blp_rw_average = 0.482793
GrpLevelPara = 2.988507 

BW Util details:
bwutil = 0.903613 
total_CMD = 1141878 
util_bw = 1031816 
Wasted_Col = 55649 
Wasted_Row = 9223 
Idle = 45190 

BW Util Bottlenecks: 
RCDc_limit = 9415 
RCDWRc_limit = 6982 
WTRc_limit = 52661 
RTWc_limit = 40327 
CCDLc_limit = 25663 
rwq = 0 
CCDLc_limit_alone = 20499 
WTRc_limit_alone = 49588 
RTWc_limit_alone = 38236 

Commands details: 
total_CMD = 1141878 
n_nop = 873700 
Read = 131072 
Write = 0 
L2_Alloc = 0 
L2_WB = 126882 
n_act = 5207 
n_pre = 5191 
n_ref = 0 
n_req = 162796 
total_req = 257954 

Dual Bus Interface Util: 
issued_total_row = 10398 
issued_total_col = 257954 
Row_Bus_Util =  0.009106 
CoL_Bus_Util = 0.225903 
Either_Row_CoL_Bus_Util = 0.234857 
Issued_on_Two_Bus_Simul_Util = 0.000152 
issued_two_Eff = 0.000649 
queue_avg = 33.558220 


dram_util_bins: 0 0 0 0 0 0 0 0 0 0
dram_eff_bins: 0 0 0 0 0 0 0 0 0 0
mrqq: max=64 avg=33.5582
Memory Partition 8: 
Cache L2_bank_016:
MSHR contents

Cache L2_bank_017:
MSHR contents

In Dram Latency Queue (total = 8): 
Ready @ 927785 -   mf: uid=15715510, sid4294967295:w4294967295, part=8, addr=0xc0de5d80, store, size=128, L2_WRBK  status = IN_PARTITION_DRAM_LATENCY_QUEUE (927531), 
Ready @ 927808 -   mf: uid=15715554, sid4294967295:w4294967295, part=8, addr=0xc0de4d00, store, size=128, L2_WRBK  status = IN_PARTITION_DRAM_LATENCY_QUEUE (927554), 
Ready @ 927815 -   mf: uid=15715563, sid4294967295:w4294967295, part=8, addr=0xc0de5d00, store, size=128, L2_WRBK  status = IN_PARTITION_DRAM_LATENCY_QUEUE (927561), 
Ready @ 927816 -   mf: uid=15715564, sid4294967295:w4294967295, part=8, addr=0xc0de4d80, store, size=128, L2_WRBK  status = IN_PARTITION_DRAM_LATENCY_QUEUE (927562), 
Ready @ 927838 -   mf: uid=15715584, sid4294967295:w4294967295, part=8, addr=0xc0de6f00, store, size=128, L2_WRBK  status = IN_PARTITION_DRAM_LATENCY_QUEUE (927584), 
Ready @ 927842 -   mf: uid=15715591, sid4294967295:w4294967295, part=8, addr=0xc0de6f80, store, size=128, L2_WRBK  status = IN_PARTITION_DRAM_LATENCY_QUEUE (927588), 
Ready @ 927863 -   mf: uid=15715605, sid4294967295:w4294967295, part=8, addr=0xc0de7f80, store, size=128, L2_WRBK  status = IN_PARTITION_DRAM_LATENCY_QUEUE (927609), 
Ready @ 927867 -   mf: uid=15715609, sid4294967295:w4294967295, part=8, addr=0xc0de7f00, store, size=128, L2_WRBK  status = IN_PARTITION_DRAM_LATENCY_QUEUE (927613), 
DRAM[8]: 16 bks, busW=2 BL=16 CL=24, tRRD=12 tCCD=4, tRCD=24 tRAS=55 tRP=24 tRC=78
n_cmd=1141878 n_nop=873659 n_act=5208 n_pre=5192 n_ref_event=0 n_req=162808 n_rd=131072 n_rd_L2_A=0 n_write=0 n_wr_bk=126918 bw_util=0.9037
n_activity=1104660 dram_eff=0.9342
bk0: 8192a 893888i bk1: 8192a 893620i bk2: 8192a 912865i bk3: 8192a 914992i bk4: 8192a 899375i bk5: 8192a 895871i bk6: 8192a 915335i bk7: 8192a 918009i bk8: 8192a 896909i bk9: 8192a 890977i bk10: 8192a 918651i bk11: 8192a 918191i bk12: 8192a 895543i bk13: 8192a 896948i bk14: 8192a 914233i bk15: 8192a 919379i 

------------------------------------------------------------------------

Row_Buffer_Locality = 0.968010
Row_Buffer_Locality_read = 0.980095
Row_Buffer_Locality_write = 0.918090
Bank_Level_Parallism = 3.584467
Bank_Level_Parallism_Col = 3.463197
Bank_Level_Parallism_Ready = 1.512546
write_to_read_ratio_blp_rw_average = 0.484166
GrpLevelPara = 2.987824 

BW Util details:
bwutil = 0.903739 
total_CMD = 1141878 
util_bw = 1031960 
Wasted_Col = 56199 
Wasted_Row = 9974 
Idle = 43745 

BW Util Bottlenecks: 
RCDc_limit = 9862 
RCDWRc_limit = 7550 
WTRc_limit = 51428 
RTWc_limit = 41754 
CCDLc_limit = 25532 
rwq = 0 
CCDLc_limit_alone = 20151 
WTRc_limit_alone = 48225 
RTWc_limit_alone = 39576 

Commands details: 
total_CMD = 1141878 
n_nop = 873659 
Read = 131072 
Write = 0 
L2_Alloc = 0 
L2_WB = 126918 
n_act = 5208 
n_pre = 5192 
n_ref = 0 
n_req = 162808 
total_req = 257990 

Dual Bus Interface Util: 
issued_total_row = 10400 
issued_total_col = 257990 
Row_Bus_Util =  0.009108 
CoL_Bus_Util = 0.225935 
Either_Row_CoL_Bus_Util = 0.234893 
Issued_on_Two_Bus_Simul_Util = 0.000150 
issued_two_Eff = 0.000638 
queue_avg = 33.475483 


dram_util_bins: 0 0 0 0 0 0 0 0 0 0
dram_eff_bins: 0 0 0 0 0 0 0 0 0 0
mrqq: max=64 avg=33.4755
Memory Partition 9: 
Cache L2_bank_018:
MSHR contents

Cache L2_bank_019:
MSHR contents

In Dram Latency Queue (total = 12): 
Ready @ 927781 -   mf: uid=15715503, sid4294967295:w4294967295, part=9, addr=0xc0de1900, store, size=128, L2_WRBK  status = IN_PARTITION_DRAM_LATENCY_QUEUE (927527), 
Ready @ 927789 -   mf: uid=15715518, sid4294967295:w4294967295, part=9, addr=0xc0de1980, store, size=128, L2_WRBK  status = IN_PARTITION_DRAM_LATENCY_QUEUE (927535), 
Ready @ 927798 -   mf: uid=15715541, sid4294967295:w4294967295, part=9, addr=0xc0de3b80, store, size=128, L2_WRBK  status = IN_PARTITION_DRAM_LATENCY_QUEUE (927544), 
Ready @ 927803 -   mf: uid=15715546, sid4294967295:w4294967295, part=9, addr=0xc0de3b00, store, size=128, L2_WRBK  status = IN_PARTITION_DRAM_LATENCY_QUEUE (927549), 
Ready @ 927826 -   mf: uid=15715572, sid4294967295:w4294967295, part=9, addr=0xc0de5c80, store, size=128, L2_WRBK  status = IN_PARTITION_DRAM_LATENCY_QUEUE (927572), 
Ready @ 927830 -   mf: uid=15715575, sid4294967295:w4294967295, part=9, addr=0xc0de5c00, store, size=128, L2_WRBK  status = IN_PARTITION_DRAM_LATENCY_QUEUE (927576), 
Ready @ 927860 -   mf: uid=15715601, sid4294967295:w4294967295, part=9, addr=0xc0de4c80, store, size=128, L2_WRBK  status = IN_PARTITION_DRAM_LATENCY_QUEUE (927606), 
Ready @ 927864 -   mf: uid=15715606, sid4294967295:w4294967295, part=9, addr=0xc0de4c00, store, size=128, L2_WRBK  status = IN_PARTITION_DRAM_LATENCY_QUEUE (927610), 
Ready @ 927897 -   mf: uid=15715630, sid4294967295:w4294967295, part=9, addr=0xc0de6e80, store, size=128, L2_WRBK  status = IN_PARTITION_DRAM_LATENCY_QUEUE (927643), 
Ready @ 927901 -   mf: uid=15715634, sid4294967295:w4294967295, part=9, addr=0xc0de6e00, store, size=128, L2_WRBK  status = IN_PARTITION_DRAM_LATENCY_QUEUE (927647), 
Ready @ 927925 -   mf: uid=15715650, sid4294967295:w4294967295, part=9, addr=0xc0de7e80, store, size=128, L2_WRBK  status = IN_PARTITION_DRAM_LATENCY_QUEUE (927671), 
Ready @ 927930 -   mf: uid=15715654, sid4294967295:w4294967295, part=9, addr=0xc0de7e00, store, size=128, L2_WRBK  status = IN_PARTITION_DRAM_LATENCY_QUEUE (927676), 
DRAM[9]: 16 bks, busW=2 BL=16 CL=24, tRRD=12 tCCD=4, tRCD=24 tRAS=55 tRP=24 tRC=78
n_cmd=1141878 n_nop=873645 n_act=5218 n_pre=5202 n_ref_event=0 n_req=162804 n_rd=131072 n_rd_L2_A=0 n_write=0 n_wr_bk=126913 bw_util=0.9037
n_activity=1103539 dram_eff=0.9351
bk0: 8192a 911679i bk1: 8192a 909294i bk2: 8192a 915577i bk3: 8192a 918397i bk4: 8192a 903728i bk5: 8192a 902115i bk6: 8192a 922083i bk7: 8192a 925441i bk8: 8192a 898828i bk9: 8192a 898394i bk10: 8192a 919597i bk11: 8192a 924085i bk12: 8192a 905467i bk13: 8192a 905483i bk14: 8192a 919136i bk15: 8192a 920007i 

------------------------------------------------------------------------

Row_Buffer_Locality = 0.967949
Row_Buffer_Locality_read = 0.980080
Row_Buffer_Locality_write = 0.917835
Bank_Level_Parallism = 3.495957
Bank_Level_Parallism_Col = 3.371998
Bank_Level_Parallism_Ready = 1.491063
write_to_read_ratio_blp_rw_average = 0.477452
GrpLevelPara = 2.949239 

BW Util details:
bwutil = 0.903722 
total_CMD = 1141878 
util_bw = 1031940 
Wasted_Col = 55270 
Wasted_Row = 9030 
Idle = 45638 

BW Util Bottlenecks: 
RCDc_limit = 8662 
RCDWRc_limit = 7680 
WTRc_limit = 52066 
RTWc_limit = 38537 
CCDLc_limit = 25016 
rwq = 0 
CCDLc_limit_alone = 19678 
WTRc_limit_alone = 48571 
RTWc_limit_alone = 36694 

Commands details: 
total_CMD = 1141878 
n_nop = 873645 
Read = 131072 
Write = 0 
L2_Alloc = 0 
L2_WB = 126913 
n_act = 5218 
n_pre = 5202 
n_ref = 0 
n_req = 162804 
total_req = 257985 

Dual Bus Interface Util: 
issued_total_row = 10420 
issued_total_col = 257985 
Row_Bus_Util =  0.009125 
CoL_Bus_Util = 0.225930 
Either_Row_CoL_Bus_Util = 0.234905 
Issued_on_Two_Bus_Simul_Util = 0.000151 
issued_two_Eff = 0.000641 
queue_avg = 31.563572 


dram_util_bins: 0 0 0 0 0 0 0 0 0 0
dram_eff_bins: 0 0 0 0 0 0 0 0 0 0
mrqq: max=64 avg=31.5636
Memory Partition 10: 
Cache L2_bank_020:
MSHR contents

Cache L2_bank_021:
MSHR contents

In Dram Latency Queue (total = 0): 
DRAM[10]: 16 bks, busW=2 BL=16 CL=24, tRRD=12 tCCD=4, tRCD=24 tRAS=55 tRP=24 tRC=78
n_cmd=1141878 n_nop=873721 n_act=5194 n_pre=5178 n_ref_event=0 n_req=162816 n_rd=131072 n_rd_L2_A=0 n_write=0 n_wr_bk=126895 bw_util=0.9037
n_activity=1104320 dram_eff=0.9344
bk0: 8192a 897953i bk1: 8192a 895774i bk2: 8192a 915462i bk3: 8192a 918477i bk4: 8192a 897795i bk5: 8192a 895980i bk6: 8192a 916274i bk7: 8192a 916605i bk8: 8192a 887869i bk9: 8192a 885606i bk10: 8192a 910488i bk11: 8192a 913423i bk12: 8192a 901649i bk13: 8192a 898144i bk14: 8192a 922533i bk15: 8192a 924783i 

------------------------------------------------------------------------

Row_Buffer_Locality = 0.968096
Row_Buffer_Locality_read = 0.980110
Row_Buffer_Locality_write = 0.918461
Bank_Level_Parallism = 3.582874
Bank_Level_Parallism_Col = 3.461351
Bank_Level_Parallism_Ready = 1.513511
write_to_read_ratio_blp_rw_average = 0.485295
GrpLevelPara = 2.980182 

BW Util details:
bwutil = 0.903659 
total_CMD = 1141878 
util_bw = 1031868 
Wasted_Col = 56056 
Wasted_Row = 9667 
Idle = 44287 

BW Util Bottlenecks: 
RCDc_limit = 9454 
RCDWRc_limit = 7175 
WTRc_limit = 52208 
RTWc_limit = 42061 
CCDLc_limit = 26168 
rwq = 0 
CCDLc_limit_alone = 20619 
WTRc_limit_alone = 48964 
RTWc_limit_alone = 39756 

Commands details: 
total_CMD = 1141878 
n_nop = 873721 
Read = 131072 
Write = 0 
L2_Alloc = 0 
L2_WB = 126895 
n_act = 5194 
n_pre = 5178 
n_ref = 0 
n_req = 162816 
total_req = 257967 

Dual Bus Interface Util: 
issued_total_row = 10372 
issued_total_col = 257967 
Row_Bus_Util =  0.009083 
CoL_Bus_Util = 0.225915 
Either_Row_CoL_Bus_Util = 0.234839 
Issued_on_Two_Bus_Simul_Util = 0.000159 
issued_two_Eff = 0.000679 
queue_avg = 33.657001 


dram_util_bins: 0 0 0 0 0 0 0 0 0 0
dram_eff_bins: 0 0 0 0 0 0 0 0 0 0
mrqq: max=64 avg=33.657
Memory Partition 11: 
Cache L2_bank_022:
MSHR contents

Cache L2_bank_023:
MSHR contents

In Dram Latency Queue (total = 10): 
Ready @ 927791 -   mf: uid=15715529, sid4294967295:w4294967295, part=11, addr=0xc0de4e00, store, size=128, L2_WRBK  status = IN_PARTITION_DRAM_LATENCY_QUEUE (927537), 
Ready @ 927795 -   mf: uid=15715538, sid4294967295:w4294967295, part=11, addr=0xc0de4e80, store, size=128, L2_WRBK  status = IN_PARTITION_DRAM_LATENCY_QUEUE (927541), 
Ready @ 927807 -   mf: uid=15715552, sid4294967295:w4294967295, part=11, addr=0xc0de1b80, store, size=128, L2_WRBK  status = IN_PARTITION_DRAM_LATENCY_QUEUE (927553), 
Ready @ 927811 -   mf: uid=15715558, sid4294967295:w4294967295, part=11, addr=0xc0de1b00, store, size=128, L2_WRBK  status = IN_PARTITION_DRAM_LATENCY_QUEUE (927557), 
Ready @ 927832 -   mf: uid=15715577, sid4294967295:w4294967295, part=11, addr=0xc0de5e00, store, size=128, L2_WRBK  status = IN_PARTITION_DRAM_LATENCY_QUEUE (927578), 
Ready @ 927836 -   mf: uid=15715580, sid4294967295:w4294967295, part=11, addr=0xc0de5e80, store, size=128, L2_WRBK  status = IN_PARTITION_DRAM_LATENCY_QUEUE (927582), 
Ready @ 927853 -   mf: uid=15715595, sid4294967295:w4294967295, part=11, addr=0xc0de6c00, store, size=128, L2_WRBK  status = IN_PARTITION_DRAM_LATENCY_QUEUE (927599), 
Ready @ 927870 -   mf: uid=15715613, sid4294967295:w4294967295, part=11, addr=0xc0de6c80, store, size=128, L2_WRBK  status = IN_PARTITION_DRAM_LATENCY_QUEUE (927616), 
Ready @ 927879 -   mf: uid=15715620, sid4294967295:w4294967295, part=11, addr=0xc0de7c00, store, size=128, L2_WRBK  status = IN_PARTITION_DRAM_LATENCY_QUEUE (927625), 
Ready @ 927883 -   mf: uid=15715622, sid4294967295:w4294967295, part=11, addr=0xc0de7c80, store, size=128, L2_WRBK  status = IN_PARTITION_DRAM_LATENCY_QUEUE (927629), 
DRAM[11]: 16 bks, busW=2 BL=16 CL=24, tRRD=12 tCCD=4, tRCD=24 tRAS=55 tRP=24 tRC=78
n_cmd=1141878 n_nop=873742 n_act=5170 n_pre=5154 n_ref_event=0 n_req=162806 n_rd=131072 n_rd_L2_A=0 n_write=0 n_wr_bk=126926 bw_util=0.9038
n_activity=1104146 dram_eff=0.9347
bk0: 8192a 899467i bk1: 8192a 897776i bk2: 8192a 916061i bk3: 8192a 914525i bk4: 8192a 899819i bk5: 8192a 895579i bk6: 8192a 914662i bk7: 8192a 915570i bk8: 8192a 892819i bk9: 8192a 888747i bk10: 8192a 919283i bk11: 8192a 920870i bk12: 8192a 901314i bk13: 8192a 897516i bk14: 8192a 920494i bk15: 8192a 921667i 

------------------------------------------------------------------------

Row_Buffer_Locality = 0.968244
Row_Buffer_Locality_read = 0.980270
Row_Buffer_Locality_write = 0.918571
Bank_Level_Parallism = 3.567832
Bank_Level_Parallism_Col = 3.445125
Bank_Level_Parallism_Ready = 1.500184
write_to_read_ratio_blp_rw_average = 0.487875
GrpLevelPara = 2.970976 

BW Util details:
bwutil = 0.903767 
total_CMD = 1141878 
util_bw = 1031989 
Wasted_Col = 55906 
Wasted_Row = 9411 
Idle = 44572 

BW Util Bottlenecks: 
RCDc_limit = 9957 
RCDWRc_limit = 7105 
WTRc_limit = 52544 
RTWc_limit = 41311 
CCDLc_limit = 25668 
rwq = 0 
CCDLc_limit_alone = 19925 
WTRc_limit_alone = 48952 
RTWc_limit_alone = 39160 

Commands details: 
total_CMD = 1141878 
n_nop = 873742 
Read = 131072 
Write = 0 
L2_Alloc = 0 
L2_WB = 126926 
n_act = 5170 
n_pre = 5154 
n_ref = 0 
n_req = 162806 
total_req = 257998 

Dual Bus Interface Util: 
issued_total_row = 10324 
issued_total_col = 257998 
Row_Bus_Util =  0.009041 
CoL_Bus_Util = 0.225942 
Either_Row_CoL_Bus_Util = 0.234820 
Issued_on_Two_Bus_Simul_Util = 0.000163 
issued_two_Eff = 0.000694 
queue_avg = 32.866051 


dram_util_bins: 0 0 0 0 0 0 0 0 0 0
dram_eff_bins: 0 0 0 0 0 0 0 0 0 0
mrqq: max=64 avg=32.8661
Memory Partition 12: 
Cache L2_bank_024:
MSHR contents

Cache L2_bank_025:
MSHR contents

In Dram Latency Queue (total = 20): 
Ready @ 927782 -   mf: uid=15715505, sid4294967295:w4294967295, part=12, addr=0xc0ded380, store, size=128, L2_WRBK  status = IN_PARTITION_DRAM_LATENCY_QUEUE (927528), 
Ready @ 927789 -   mf: uid=15715519, sid4294967295:w4294967295, part=12, addr=0xc0def100, store, size=128, L2_WRBK  status = IN_PARTITION_DRAM_LATENCY_QUEUE (927535), 
Ready @ 927799 -   mf: uid=15715543, sid4294967295:w4294967295, part=12, addr=0xc0dee100, store, size=128, L2_WRBK  status = IN_PARTITION_DRAM_LATENCY_QUEUE (927545), 
Ready @ 927803 -   mf: uid=15715547, sid4294967295:w4294967295, part=12, addr=0xc0dee180, store, size=128, L2_WRBK  status = IN_PARTITION_DRAM_LATENCY_QUEUE (927549), 
Ready @ 927848 -   mf: uid=15715594, sid4294967295:w4294967295, part=12, addr=0xc0de1c80, store, size=128, L2_WRBK  status = IN_PARTITION_DRAM_LATENCY_QUEUE (927594), 
Ready @ 927853 -   mf: uid=15715596, sid4294967295:w4294967295, part=12, addr=0xc0de1c00, store, size=128, L2_WRBK  status = IN_PARTITION_DRAM_LATENCY_QUEUE (927599), 
Ready @ 927854 -   mf: uid=15715597, sid4294967295:w4294967295, part=12, addr=0xc0de2e00, store, size=128, L2_WRBK  status = IN_PARTITION_DRAM_LATENCY_QUEUE (927600), 
Ready @ 927865 -   mf: uid=15715607, sid4294967295:w4294967295, part=12, addr=0xc0de2e80, store, size=128, L2_WRBK  status = IN_PARTITION_DRAM_LATENCY_QUEUE (927611), 
Ready @ 927889 -   mf: uid=15715625, sid4294967295:w4294967295, part=12, addr=0xc0de0c80, store, size=128, L2_WRBK  status = IN_PARTITION_DRAM_LATENCY_QUEUE (927635), 
Ready @ 927898 -   mf: uid=15715631, sid4294967295:w4294967295, part=12, addr=0xc0de0c00, store, size=128, L2_WRBK  status = IN_PARTITION_DRAM_LATENCY_QUEUE (927644), 
Ready @ 927903 -   mf: uid=15715635, sid4294967295:w4294967295, part=12, addr=0xc0de3e00, store, size=128, L2_WRBK  status = IN_PARTITION_DRAM_LATENCY_QUEUE (927649), 
Ready @ 927907 -   mf: uid=15715639, sid4294967295:w4294967295, part=12, addr=0xc0de3e80, store, size=128, L2_WRBK  status = IN_PARTITION_DRAM_LATENCY_QUEUE (927653), 
Ready @ 927929 -   mf: uid=15715652, sid4294967295:w4294967295, part=12, addr=0xc0de4900, store, size=128, L2_WRBK  status = IN_PARTITION_DRAM_LATENCY_QUEUE (927675), 
Ready @ 927933 -   mf: uid=15715655, sid4294967295:w4294967295, part=12, addr=0xc0de4980, store, size=128, L2_WRBK  status = IN_PARTITION_DRAM_LATENCY_QUEUE (927679), 
Ready @ 927956 -   mf: uid=15715663, sid4294967295:w4294967295, part=12, addr=0xc0de6b00, store, size=128, L2_WRBK  status = IN_PARTITION_DRAM_LATENCY_QUEUE (927702), 
Ready @ 927962 -   mf: uid=15715665, sid4294967295:w4294967295, part=12, addr=0xc0de6b80, store, size=128, L2_WRBK  status = IN_PARTITION_DRAM_LATENCY_QUEUE (927708), 
Ready @ 927982 -   mf: uid=15715669, sid4294967295:w4294967295, part=12, addr=0xc0de5900, store, size=128, L2_WRBK  status = IN_PARTITION_DRAM_LATENCY_QUEUE (927728), 
Ready @ 927987 -   mf: uid=15715670, sid4294967295:w4294967295, part=12, addr=0xc0de5980, store, size=128, L2_WRBK  status = IN_PARTITION_DRAM_LATENCY_QUEUE (927733), 
Ready @ 928007 -   mf: uid=15715676, sid4294967295:w4294967295, part=12, addr=0xc0de7b00, store, size=128, L2_WRBK  status = IN_PARTITION_DRAM_LATENCY_QUEUE (927753), 
Ready @ 928011 -   mf: uid=15715677, sid4294967295:w4294967295, part=12, addr=0xc0de7b80, store, size=128, L2_WRBK  status = IN_PARTITION_DRAM_LATENCY_QUEUE (927757), 
DRAM[12]: 16 bks, busW=2 BL=16 CL=24, tRRD=12 tCCD=4, tRCD=24 tRAS=55 tRP=24 tRC=78
n_cmd=1141878 n_nop=873706 n_act=5206 n_pre=5190 n_ref_event=0 n_req=162796 n_rd=131072 n_rd_L2_A=0 n_write=0 n_wr_bk=126884 bw_util=0.9036
n_activity=1104638 dram_eff=0.9341
bk0: 8192a 893923i bk1: 8192a 890888i bk2: 8192a 905762i bk3: 8192a 907139i bk4: 8192a 897483i bk5: 8192a 894770i bk6: 8192a 911404i bk7: 8192a 915540i bk8: 8192a 888364i bk9: 8192a 884510i bk10: 8192a 909733i bk11: 8192a 912902i bk12: 8192a 888165i bk13: 8192a 886898i bk14: 8192a 915414i bk15: 8192a 918403i 

------------------------------------------------------------------------

Row_Buffer_Locality = 0.968021
Row_Buffer_Locality_read = 0.980118
Row_Buffer_Locality_write = 0.918041
Bank_Level_Parallism = 3.648692
Bank_Level_Parallism_Col = 3.524983
Bank_Level_Parallism_Ready = 1.530459
write_to_read_ratio_blp_rw_average = 0.487554
GrpLevelPara = 3.025985 

BW Util details:
bwutil = 0.903620 
total_CMD = 1141878 
util_bw = 1031823 
Wasted_Col = 57685 
Wasted_Row = 9247 
Idle = 43123 

BW Util Bottlenecks: 
RCDc_limit = 10280 
RCDWRc_limit = 6338 
WTRc_limit = 50756 
RTWc_limit = 45836 
CCDLc_limit = 26696 
rwq = 0 
CCDLc_limit_alone = 21297 
WTRc_limit_alone = 47697 
RTWc_limit_alone = 43496 

Commands details: 
total_CMD = 1141878 
n_nop = 873706 
Read = 131072 
Write = 0 
L2_Alloc = 0 
L2_WB = 126884 
n_act = 5206 
n_pre = 5190 
n_ref = 0 
n_req = 162796 
total_req = 257956 

Dual Bus Interface Util: 
issued_total_row = 10396 
issued_total_col = 257956 
Row_Bus_Util =  0.009104 
CoL_Bus_Util = 0.225905 
Either_Row_CoL_Bus_Util = 0.234852 
Issued_on_Two_Bus_Simul_Util = 0.000158 
issued_two_Eff = 0.000671 
queue_avg = 34.964703 


dram_util_bins: 0 0 0 0 0 0 0 0 0 0
dram_eff_bins: 0 0 0 0 0 0 0 0 0 0
mrqq: max=64 avg=34.9647
Memory Partition 13: 
Cache L2_bank_026:
MSHR contents

Cache L2_bank_027:
MSHR contents

In Dram Latency Queue (total = 20): 
Ready @ 927784 -   mf: uid=15715506, sid4294967295:w4294967295, part=13, addr=0xc0def080, store, size=128, L2_WRBK  status = IN_PARTITION_DRAM_LATENCY_QUEUE (927530), 
Ready @ 927800 -   mf: uid=15715544, sid4294967295:w4294967295, part=13, addr=0xc0def000, store, size=128, L2_WRBK  status = IN_PARTITION_DRAM_LATENCY_QUEUE (927546), 
Ready @ 927807 -   mf: uid=15715553, sid4294967295:w4294967295, part=13, addr=0xc0dee080, store, size=128, L2_WRBK  status = IN_PARTITION_DRAM_LATENCY_QUEUE (927553), 
Ready @ 927816 -   mf: uid=15715565, sid4294967295:w4294967295, part=13, addr=0xc0dee000, store, size=128, L2_WRBK  status = IN_PARTITION_DRAM_LATENCY_QUEUE (927562), 
Ready @ 927840 -   mf: uid=15715587, sid4294967295:w4294967295, part=13, addr=0xc0de1d80, store, size=128, L2_WRBK  status = IN_PARTITION_DRAM_LATENCY_QUEUE (927586), 
Ready @ 927844 -   mf: uid=15715592, sid4294967295:w4294967295, part=13, addr=0xc0de1d00, store, size=128, L2_WRBK  status = IN_PARTITION_DRAM_LATENCY_QUEUE (927590), 
Ready @ 927861 -   mf: uid=15715603, sid4294967295:w4294967295, part=13, addr=0xc0de2f80, store, size=128, L2_WRBK  status = IN_PARTITION_DRAM_LATENCY_QUEUE (927607), 
Ready @ 927873 -   mf: uid=15715616, sid4294967295:w4294967295, part=13, addr=0xc0de2f00, store, size=128, L2_WRBK  status = IN_PARTITION_DRAM_LATENCY_QUEUE (927619), 
Ready @ 927885 -   mf: uid=15715624, sid4294967295:w4294967295, part=13, addr=0xc0de3f80, store, size=128, L2_WRBK  status = IN_PARTITION_DRAM_LATENCY_QUEUE (927631), 
Ready @ 927898 -   mf: uid=15715632, sid4294967295:w4294967295, part=13, addr=0xc0de3f00, store, size=128, L2_WRBK  status = IN_PARTITION_DRAM_LATENCY_QUEUE (927644), 
Ready @ 927911 -   mf: uid=15715641, sid4294967295:w4294967295, part=13, addr=0xc0de0d80, store, size=128, L2_WRBK  status = IN_PARTITION_DRAM_LATENCY_QUEUE (927657), 
Ready @ 927915 -   mf: uid=15715645, sid4294967295:w4294967295, part=13, addr=0xc0de0d00, store, size=128, L2_WRBK  status = IN_PARTITION_DRAM_LATENCY_QUEUE (927661), 
Ready @ 927937 -   mf: uid=15715657, sid4294967295:w4294967295, part=13, addr=0xc0de4880, store, size=128, L2_WRBK  status = IN_PARTITION_DRAM_LATENCY_QUEUE (927683), 
Ready @ 927941 -   mf: uid=15715659, sid4294967295:w4294967295, part=13, addr=0xc0de4800, store, size=128, L2_WRBK  status = IN_PARTITION_DRAM_LATENCY_QUEUE (927687), 
Ready @ 927969 -   mf: uid=15715667, sid4294967295:w4294967295, part=13, addr=0xc0de6a80, store, size=128, L2_WRBK  status = IN_PARTITION_DRAM_LATENCY_QUEUE (927715), 
Ready @ 927973 -   mf: uid=15715668, sid4294967295:w4294967295, part=13, addr=0xc0de6a00, store, size=128, L2_WRBK  status = IN_PARTITION_DRAM_LATENCY_QUEUE (927719), 
Ready @ 927992 -   mf: uid=15715672, sid4294967295:w4294967295, part=13, addr=0xc0de5880, store, size=128, L2_WRBK  status = IN_PARTITION_DRAM_LATENCY_QUEUE (927738), 
Ready @ 927996 -   mf: uid=15715673, sid4294967295:w4294967295, part=13, addr=0xc0de5800, store, size=128, L2_WRBK  status = IN_PARTITION_DRAM_LATENCY_QUEUE (927742), 
Ready @ 928015 -   mf: uid=15715678, sid4294967295:w4294967295, part=13, addr=0xc0de7a80, store, size=128, L2_WRBK  status = IN_PARTITION_DRAM_LATENCY_QUEUE (927761), 
Ready @ 928019 -   mf: uid=15715679, sid4294967295:w4294967295, part=13, addr=0xc0de7a00, store, size=128, L2_WRBK  status = IN_PARTITION_DRAM_LATENCY_QUEUE (927765), 
DRAM[13]: 16 bks, busW=2 BL=16 CL=24, tRRD=12 tCCD=4, tRCD=24 tRAS=55 tRP=24 tRC=78
n_cmd=1141878 n_nop=873670 n_act=5223 n_pre=5207 n_ref_event=0 n_req=162796 n_rd=131072 n_rd_L2_A=0 n_write=0 n_wr_bk=126881 bw_util=0.9036
n_activity=1103694 dram_eff=0.9349
bk0: 8192a 894808i bk1: 8192a 892976i bk2: 8192a 907782i bk3: 8192a 908220i bk4: 8192a 901955i bk5: 8192a 898611i bk6: 8192a 909483i bk7: 8192a 917482i bk8: 8192a 884656i bk9: 8192a 882659i bk10: 8192a 912625i bk11: 8192a 914345i bk12: 8192a 895467i bk13: 8192a 895644i bk14: 8192a 914851i bk15: 8192a 917166i 

------------------------------------------------------------------------

Row_Buffer_Locality = 0.967916
Row_Buffer_Locality_read = 0.980095
Row_Buffer_Locality_write = 0.917594
Bank_Level_Parallism = 3.629055
Bank_Level_Parallism_Col = 3.505615
Bank_Level_Parallism_Ready = 1.537006
write_to_read_ratio_blp_rw_average = 0.484515
GrpLevelPara = 3.008028 

BW Util details:
bwutil = 0.903610 
total_CMD = 1141878 
util_bw = 1031810 
Wasted_Col = 56245 
Wasted_Row = 9246 
Idle = 44577 

BW Util Bottlenecks: 
RCDc_limit = 9697 
RCDWRc_limit = 7272 
WTRc_limit = 52137 
RTWc_limit = 42136 
CCDLc_limit = 26441 
rwq = 0 
CCDLc_limit_alone = 20830 
WTRc_limit_alone = 49048 
RTWc_limit_alone = 39614 

Commands details: 
total_CMD = 1141878 
n_nop = 873670 
Read = 131072 
Write = 0 
L2_Alloc = 0 
L2_WB = 126881 
n_act = 5223 
n_pre = 5207 
n_ref = 0 
n_req = 162796 
total_req = 257953 

Dual Bus Interface Util: 
issued_total_row = 10430 
issued_total_col = 257953 
Row_Bus_Util =  0.009134 
CoL_Bus_Util = 0.225902 
Either_Row_CoL_Bus_Util = 0.234883 
Issued_on_Two_Bus_Simul_Util = 0.000153 
issued_two_Eff = 0.000652 
queue_avg = 33.849991 


dram_util_bins: 0 0 0 0 0 0 0 0 0 0
dram_eff_bins: 0 0 0 0 0 0 0 0 0 0
mrqq: max=64 avg=33.85
Memory Partition 14: 
Cache L2_bank_028:
MSHR contents

Cache L2_bank_029:
MSHR contents

In Dram Latency Queue (total = 0): 
DRAM[14]: 16 bks, busW=2 BL=16 CL=24, tRRD=12 tCCD=4, tRCD=24 tRAS=55 tRP=24 tRC=78
n_cmd=1141878 n_nop=873675 n_act=5180 n_pre=5164 n_ref_event=0 n_req=162816 n_rd=131072 n_rd_L2_A=0 n_write=0 n_wr_bk=126962 bw_util=0.9039
n_activity=1104122 dram_eff=0.9348
bk0: 8192a 899339i bk1: 8192a 899549i bk2: 8192a 913868i bk3: 8192a 917917i bk4: 8192a 903258i bk5: 8192a 900741i bk6: 8192a 922056i bk7: 8192a 924113i bk8: 8192a 893748i bk9: 8192a 892642i bk10: 8192a 914874i bk11: 8192a 917686i bk12: 8192a 901928i bk13: 8192a 900330i bk14: 8192a 916752i bk15: 8192a 917216i 

------------------------------------------------------------------------

Row_Buffer_Locality = 0.968185
Row_Buffer_Locality_read = 0.980263
Row_Buffer_Locality_write = 0.918310
Bank_Level_Parallism = 3.548892
Bank_Level_Parallism_Col = 3.426510
Bank_Level_Parallism_Ready = 1.508890
write_to_read_ratio_blp_rw_average = 0.477881
GrpLevelPara = 2.974096 

BW Util details:
bwutil = 0.903893 
total_CMD = 1141878 
util_bw = 1032135 
Wasted_Col = 56316 
Wasted_Row = 9087 
Idle = 44340 

BW Util Bottlenecks: 
RCDc_limit = 8951 
RCDWRc_limit = 7323 
WTRc_limit = 52835 
RTWc_limit = 40650 
CCDLc_limit = 26441 
rwq = 0 
CCDLc_limit_alone = 21222 
WTRc_limit_alone = 49935 
RTWc_limit_alone = 38331 

Commands details: 
total_CMD = 1141878 
n_nop = 873675 
Read = 131072 
Write = 0 
L2_Alloc = 0 
L2_WB = 126962 
n_act = 5180 
n_pre = 5164 
n_ref = 0 
n_req = 162816 
total_req = 258034 

Dual Bus Interface Util: 
issued_total_row = 10344 
issued_total_col = 258034 
Row_Bus_Util =  0.009059 
CoL_Bus_Util = 0.225973 
Either_Row_CoL_Bus_Util = 0.234879 
Issued_on_Two_Bus_Simul_Util = 0.000153 
issued_two_Eff = 0.000652 
queue_avg = 33.155582 


dram_util_bins: 0 0 0 0 0 0 0 0 0 0
dram_eff_bins: 0 0 0 0 0 0 0 0 0 0
mrqq: max=64 avg=33.1556
Memory Partition 15: 
Cache L2_bank_030:
MSHR contents

Cache L2_bank_031:
MSHR contents

In Dram Latency Queue (total = 14): 
Ready @ 927803 -   mf: uid=15715548, sid4294967295:w4294967295, part=15, addr=0xc0de3d80, store, size=128, L2_WRBK  status = IN_PARTITION_DRAM_LATENCY_QUEUE (927549), 
Ready @ 927824 -   mf: uid=15715570, sid4294967295:w4294967295, part=15, addr=0xc0de3d00, store, size=128, L2_WRBK  status = IN_PARTITION_DRAM_LATENCY_QUEUE (927570), 
Ready @ 927831 -   mf: uid=15715576, sid4294967295:w4294967295, part=15, addr=0xc0de0f80, store, size=128, L2_WRBK  status = IN_PARTITION_DRAM_LATENCY_QUEUE (927577), 
Ready @ 927832 -   mf: uid=15715578, sid4294967295:w4294967295, part=15, addr=0xc0de0f00, store, size=128, L2_WRBK  status = IN_PARTITION_DRAM_LATENCY_QUEUE (927578), 
Ready @ 927839 -   mf: uid=15715586, sid4294967295:w4294967295, part=15, addr=0xc0de1f00, store, size=128, L2_WRBK  status = IN_PARTITION_DRAM_LATENCY_QUEUE (927585), 
Ready @ 927840 -   mf: uid=15715588, sid4294967295:w4294967295, part=15, addr=0xc0de1f80, store, size=128, L2_WRBK  status = IN_PARTITION_DRAM_LATENCY_QUEUE (927586), 
Ready @ 927865 -   mf: uid=15715608, sid4294967295:w4294967295, part=15, addr=0xc0de4a80, store, size=128, L2_WRBK  status = IN_PARTITION_DRAM_LATENCY_QUEUE (927611), 
Ready @ 927869 -   mf: uid=15715612, sid4294967295:w4294967295, part=15, addr=0xc0de4a00, store, size=128, L2_WRBK  status = IN_PARTITION_DRAM_LATENCY_QUEUE (927615), 
Ready @ 927890 -   mf: uid=15715626, sid4294967295:w4294967295, part=15, addr=0xc0de5a00, store, size=128, L2_WRBK  status = IN_PARTITION_DRAM_LATENCY_QUEUE (927636), 
Ready @ 927900 -   mf: uid=15715633, sid4294967295:w4294967295, part=15, addr=0xc0de5a80, store, size=128, L2_WRBK  status = IN_PARTITION_DRAM_LATENCY_QUEUE (927646), 
Ready @ 927913 -   mf: uid=15715642, sid4294967295:w4294967295, part=15, addr=0xc0de7880, store, size=128, L2_WRBK  status = IN_PARTITION_DRAM_LATENCY_QUEUE (927659), 
Ready @ 927917 -   mf: uid=15715646, sid4294967295:w4294967295, part=15, addr=0xc0de7800, store, size=128, L2_WRBK  status = IN_PARTITION_DRAM_LATENCY_QUEUE (927663), 
Ready @ 927938 -   mf: uid=15715658, sid4294967295:w4294967295, part=15, addr=0xc0de6880, store, size=128, L2_WRBK  status = IN_PARTITION_DRAM_LATENCY_QUEUE (927684), 
Ready @ 927942 -   mf: uid=15715660, sid4294967295:w4294967295, part=15, addr=0xc0de6800, store, size=128, L2_WRBK  status = IN_PARTITION_DRAM_LATENCY_QUEUE (927688), 
DRAM[15]: 16 bks, busW=2 BL=16 CL=24, tRRD=12 tCCD=4, tRCD=24 tRAS=55 tRP=24 tRC=78
n_cmd=1141878 n_nop=873633 n_act=5233 n_pre=5217 n_ref_event=0 n_req=162802 n_rd=131072 n_rd_L2_A=0 n_write=0 n_wr_bk=126908 bw_util=0.9037
n_activity=1103760 dram_eff=0.9349
bk0: 8192a 896988i bk1: 8192a 896082i bk2: 8192a 913614i bk3: 8192a 916600i bk4: 8192a 901909i bk5: 8192a 897503i bk6: 8192a 918878i bk7: 8192a 919226i bk8: 8192a 896640i bk9: 8192a 892254i bk10: 8192a 914689i bk11: 8192a 912097i bk12: 8192a 900608i bk13: 8192a 897947i bk14: 8192a 920504i bk15: 8192a 922836i 

------------------------------------------------------------------------

Row_Buffer_Locality = 0.967856
Row_Buffer_Locality_read = 0.980042
Row_Buffer_Locality_write = 0.917518
Bank_Level_Parallism = 3.566205
Bank_Level_Parallism_Col = 3.442119
Bank_Level_Parallism_Ready = 1.509136
write_to_read_ratio_blp_rw_average = 0.482321
GrpLevelPara = 2.984681 

BW Util details:
bwutil = 0.903704 
total_CMD = 1141878 
util_bw = 1031919 
Wasted_Col = 55628 
Wasted_Row = 9652 
Idle = 44679 

BW Util Bottlenecks: 
RCDc_limit = 9198 
RCDWRc_limit = 7479 
WTRc_limit = 51380 
RTWc_limit = 39763 
CCDLc_limit = 24730 
rwq = 0 
CCDLc_limit_alone = 19826 
WTRc_limit_alone = 48389 
RTWc_limit_alone = 37850 

Commands details: 
total_CMD = 1141878 
n_nop = 873633 
Read = 131072 
Write = 0 
L2_Alloc = 0 
L2_WB = 126908 
n_act = 5233 
n_pre = 5217 
n_ref = 0 
n_req = 162802 
total_req = 257980 

Dual Bus Interface Util: 
issued_total_row = 10450 
issued_total_col = 257980 
Row_Bus_Util =  0.009152 
CoL_Bus_Util = 0.225926 
Either_Row_CoL_Bus_Util = 0.234916 
Issued_on_Two_Bus_Simul_Util = 0.000162 
issued_two_Eff = 0.000690 
queue_avg = 33.158531 


dram_util_bins: 0 0 0 0 0 0 0 0 0 0
dram_eff_bins: 0 0 0 0 0 0 0 0 0 0
mrqq: max=64 avg=33.1585

========= L2 cache stats =========
L2_cache_bank[0]: Access = 131072, Miss = 131072, Miss_rate = 1.000, Pending_hits = 0, Reservation_fails = 0
L2_cache_bank[1]: Access = 131072, Miss = 131072, Miss_rate = 1.000, Pending_hits = 0, Reservation_fails = 0
L2_cache_bank[2]: Access = 131072, Miss = 131072, Miss_rate = 1.000, Pending_hits = 0, Reservation_fails = 0
L2_cache_bank[3]: Access = 131072, Miss = 131072, Miss_rate = 1.000, Pending_hits = 0, Reservation_fails = 0
L2_cache_bank[4]: Access = 131072, Miss = 131072, Miss_rate = 1.000, Pending_hits = 0, Reservation_fails = 0
L2_cache_bank[5]: Access = 131072, Miss = 131072, Miss_rate = 1.000, Pending_hits = 0, Reservation_fails = 0
L2_cache_bank[6]: Access = 131072, Miss = 131072, Miss_rate = 1.000, Pending_hits = 0, Reservation_fails = 0
L2_cache_bank[7]: Access = 131072, Miss = 131072, Miss_rate = 1.000, Pending_hits = 0, Reservation_fails = 0
L2_cache_bank[8]: Access = 131072, Miss = 131072, Miss_rate = 1.000, Pending_hits = 0, Reservation_fails = 0
L2_cache_bank[9]: Access = 131072, Miss = 131072, Miss_rate = 1.000, Pending_hits = 0, Reservation_fails = 0
L2_cache_bank[10]: Access = 131072, Miss = 131072, Miss_rate = 1.000, Pending_hits = 0, Reservation_fails = 0
L2_cache_bank[11]: Access = 131072, Miss = 131072, Miss_rate = 1.000, Pending_hits = 0, Reservation_fails = 0
L2_cache_bank[12]: Access = 131072, Miss = 131072, Miss_rate = 1.000, Pending_hits = 0, Reservation_fails = 0
L2_cache_bank[13]: Access = 131072, Miss = 131072, Miss_rate = 1.000, Pending_hits = 0, Reservation_fails = 0
L2_cache_bank[14]: Access = 131072, Miss = 131072, Miss_rate = 1.000, Pending_hits = 0, Reservation_fails = 0
L2_cache_bank[15]: Access = 131072, Miss = 131072, Miss_rate = 1.000, Pending_hits = 0, Reservation_fails = 0
L2_cache_bank[16]: Access = 131072, Miss = 131072, Miss_rate = 1.000, Pending_hits = 0, Reservation_fails = 0
L2_cache_bank[17]: Access = 131072, Miss = 131072, Miss_rate = 1.000, Pending_hits = 0, Reservation_fails = 0
L2_cache_bank[18]: Access = 131072, Miss = 131072, Miss_rate = 1.000, Pending_hits = 0, Reservation_fails = 0
L2_cache_bank[19]: Access = 131072, Miss = 131072, Miss_rate = 1.000, Pending_hits = 0, Reservation_fails = 0
L2_cache_bank[20]: Access = 131072, Miss = 131072, Miss_rate = 1.000, Pending_hits = 0, Reservation_fails = 0
L2_cache_bank[21]: Access = 131072, Miss = 131072, Miss_rate = 1.000, Pending_hits = 0, Reservation_fails = 0
L2_cache_bank[22]: Access = 131072, Miss = 131072, Miss_rate = 1.000, Pending_hits = 0, Reservation_fails = 0
L2_cache_bank[23]: Access = 131072, Miss = 131072, Miss_rate = 1.000, Pending_hits = 0, Reservation_fails = 0
L2_cache_bank[24]: Access = 131072, Miss = 131072, Miss_rate = 1.000, Pending_hits = 0, Reservation_fails = 0
L2_cache_bank[25]: Access = 131072, Miss = 131072, Miss_rate = 1.000, Pending_hits = 0, Reservation_fails = 0
L2_cache_bank[26]: Access = 131072, Miss = 131072, Miss_rate = 1.000, Pending_hits = 0, Reservation_fails = 0
L2_cache_bank[27]: Access = 131072, Miss = 131072, Miss_rate = 1.000, Pending_hits = 0, Reservation_fails = 0
L2_cache_bank[28]: Access = 131072, Miss = 131072, Miss_rate = 1.000, Pending_hits = 0, Reservation_fails = 0
L2_cache_bank[29]: Access = 131072, Miss = 131072, Miss_rate = 1.000, Pending_hits = 0, Reservation_fails = 0
L2_cache_bank[30]: Access = 131072, Miss = 131072, Miss_rate = 1.000, Pending_hits = 0, Reservation_fails = 0
L2_cache_bank[31]: Access = 131072, Miss = 131072, Miss_rate = 1.000, Pending_hits = 0, Reservation_fails = 0
L2_total_cache_accesses = 4194304
L2_total_cache_misses = 4194304
L2_total_cache_miss_rate = 1.0000
L2_total_cache_pending_hits = 0
L2_total_cache_reservation_fails = 0
L2_total_cache_breakdown:
	L2_cache_stats_breakdown[GLOBAL_ACC_R][HIT] = 0
	L2_cache_stats_breakdown[GLOBAL_ACC_R][HIT_RESERVED] = 0
	L2_cache_stats_breakdown[GLOBAL_ACC_R][MISS] = 262144
	L2_cache_stats_breakdown[GLOBAL_ACC_R][RESERVATION_FAIL] = 0
	L2_cache_stats_breakdown[GLOBAL_ACC_R][SECTOR_MISS] = 786432
	L2_cache_stats_breakdown[GLOBAL_ACC_R][MSHR_HIT] = 0
	L2_cache_stats_breakdown[LOCAL_ACC_R][HIT] = 0
	L2_cache_stats_breakdown[LOCAL_ACC_R][HIT_RESERVED] = 0
	L2_cache_stats_breakdown[LOCAL_ACC_R][MISS] = 0
	L2_cache_stats_breakdown[LOCAL_ACC_R][RESERVATION_FAIL] = 0
	L2_cache_stats_breakdown[LOCAL_ACC_R][SECTOR_MISS] = 0
	L2_cache_stats_breakdown[LOCAL_ACC_R][MSHR_HIT] = 0
	L2_cache_stats_breakdown[CONST_ACC_R][HIT] = 0
	L2_cache_stats_breakdown[CONST_ACC_R][HIT_RESERVED] = 0
	L2_cache_stats_breakdown[CONST_ACC_R][MISS] = 0
	L2_cache_stats_breakdown[CONST_ACC_R][RESERVATION_FAIL] = 0
	L2_cache_stats_breakdown[CONST_ACC_R][SECTOR_MISS] = 0
	L2_cache_stats_breakdown[CONST_ACC_R][MSHR_HIT] = 0
	L2_cache_stats_breakdown[TEXTURE_ACC_R][HIT] = 0
	L2_cache_stats_breakdown[TEXTURE_ACC_R][HIT_RESERVED] = 0
	L2_cache_stats_breakdown[TEXTURE_ACC_R][MISS] = 0
	L2_cache_stats_breakdown[TEXTURE_ACC_R][RESERVATION_FAIL] = 0
	L2_cache_stats_breakdown[TEXTURE_ACC_R][SECTOR_MISS] = 0
	L2_cache_stats_breakdown[TEXTURE_ACC_R][MSHR_HIT] = 0
	L2_cache_stats_breakdown[GLOBAL_ACC_W][HIT] = 0
	L2_cache_stats_breakdown[GLOBAL_ACC_W][HIT_RESERVED] = 0
	L2_cache_stats_breakdown[GLOBAL_ACC_W][MISS] = 262144
	L2_cache_stats_breakdown[GLOBAL_ACC_W][RESERVATION_FAIL] = 0
	L2_cache_stats_breakdown[GLOBAL_ACC_W][SECTOR_MISS] = 786432
	L2_cache_stats_breakdown[GLOBAL_ACC_W][MSHR_HIT] = 0
	L2_cache_stats_breakdown[LOCAL_ACC_W][HIT] = 0
	L2_cache_stats_breakdown[LOCAL_ACC_W][HIT_RESERVED] = 0
	L2_cache_stats_breakdown[LOCAL_ACC_W][MISS] = 0
	L2_cache_stats_breakdown[LOCAL_ACC_W][RESERVATION_FAIL] = 0
	L2_cache_stats_breakdown[LOCAL_ACC_W][SECTOR_MISS] = 0
	L2_cache_stats_breakdown[LOCAL_ACC_W][MSHR_HIT] = 0
	L2_cache_stats_breakdown[L1_WRBK_ACC][HIT] = 0
	L2_cache_stats_breakdown[L1_WRBK_ACC][HIT_RESERVED] = 0
	L2_cache_stats_breakdown[L1_WRBK_ACC][MISS] = 0
	L2_cache_stats_breakdown[L1_WRBK_ACC][RESERVATION_FAIL] = 0
	L2_cache_stats_breakdown[L1_WRBK_ACC][SECTOR_MISS] = 0
	L2_cache_stats_breakdown[L1_WRBK_ACC][MSHR_HIT] = 0
	L2_cache_stats_breakdown[L2_WRBK_ACC][HIT] = 0
	L2_cache_stats_breakdown[L2_WRBK_ACC][HIT_RESERVED] = 0
	L2_cache_stats_breakdown[L2_WRBK_ACC][MISS] = 0
	L2_cache_stats_breakdown[L2_WRBK_ACC][RESERVATION_FAIL] = 0
	L2_cache_stats_breakdown[L2_WRBK_ACC][SECTOR_MISS] = 0
	L2_cache_stats_breakdown[L2_WRBK_ACC][MSHR_HIT] = 0
	L2_cache_stats_breakdown[INST_ACC_R][HIT] = 0
	L2_cache_stats_breakdown[INST_ACC_R][HIT_RESERVED] = 0
	L2_cache_stats_breakdown[INST_ACC_R][MISS] = 0
	L2_cache_stats_breakdown[INST_ACC_R][RESERVATION_FAIL] = 0
	L2_cache_stats_breakdown[INST_ACC_R][SECTOR_MISS] = 0
	L2_cache_stats_breakdown[INST_ACC_R][MSHR_HIT] = 0
	L2_cache_stats_breakdown[L1_WR_ALLOC_R][HIT] = 0
	L2_cache_stats_breakdown[L1_WR_ALLOC_R][HIT_RESERVED] = 0
	L2_cache_stats_breakdown[L1_WR_ALLOC_R][MISS] = 0
	L2_cache_stats_breakdown[L1_WR_ALLOC_R][RESERVATION_FAIL] = 0
	L2_cache_stats_breakdown[L1_WR_ALLOC_R][SECTOR_MISS] = 0
	L2_cache_stats_breakdown[L1_WR_ALLOC_R][MSHR_HIT] = 0
	L2_cache_stats_breakdown[L2_WR_ALLOC_R][HIT] = 0
	L2_cache_stats_breakdown[L2_WR_ALLOC_R][HIT_RESERVED] = 0
	L2_cache_stats_breakdown[L2_WR_ALLOC_R][MISS] = 0
	L2_cache_stats_breakdown[L2_WR_ALLOC_R][RESERVATION_FAIL] = 0
	L2_cache_stats_breakdown[L2_WR_ALLOC_R][SECTOR_MISS] = 0
	L2_cache_stats_breakdown[L2_WR_ALLOC_R][MSHR_HIT] = 0
	L2_cache_stats_breakdown[GLOBAL_ACC_R][TOTAL_ACCESS] = 1048576
	L2_cache_stats_breakdown[GLOBAL_ACC_W][TOTAL_ACCESS] = 1048576
L2_total_cache_reservation_fail_breakdown:
L2_cache_data_port_util = 0.068
L2_cache_fill_port_util = 0.071

icnt_total_pkts_mem_to_simt=4194304
icnt_total_pkts_simt_to_mem=4194304
LD_mem_lat_dist  0 0 0 0 0 0 0 0 0 0 0 0 0 0 0 0 0 0 0 0 0 0 0 0 0 0 0
ST_mem_lat_dist  0 0 0 0 0 0 0 0 0 0 0 0 0 0 0 0 0 0 0 0 0 0 0 0 0 0 0
----------------------------Interconnect-DETAILS--------------------------------
Req_Network_injected_packets_num = 4194304
Req_Network_cycles = 927778
Req_Network_injected_packets_per_cycle =       4.5208 
Req_Network_conflicts_per_cycle =       0.5325
Req_Network_conflicts_per_cycle_util =       0.5715
Req_Bank_Level_Parallism =       4.8517
Req_Network_in_buffer_full_per_cycle =       0.0000
Req_Network_in_buffer_avg_util =       0.3318
Req_Network_out_buffer_full_per_cycle =       0.0000
Req_Network_out_buffer_avg_util =       0.1413

Reply_Network_injected_packets_num = 4194304
Reply_Network_cycles = 927778
Reply_Network_injected_packets_per_cycle =        4.5208
Reply_Network_conflicts_per_cycle =        2.8470
Reply_Network_conflicts_per_cycle_util =       3.1304
Reply_Bank_Level_Parallism =       4.9708
Reply_Network_in_buffer_full_per_cycle =       0.0000
Reply_Network_in_buffer_avg_util =       0.3041
Reply_Network_out_buffer_full_per_cycle =       0.0000
Reply_Network_out_buffer_avg_util =       0.2826
----------------------------END-of-Interconnect-DETAILS-------------------------


gpgpu_simulation_time = 0 days, 0 hrs, 13 min, 51 sec (831 sec)
gpgpu_simulation_rate = 646054 (inst/sec)
gpgpu_simulation_rate = 1116 (cycle/sec)
gpgpu_silicon_slowdown = 1164874x
GPGPU-Sim: synchronize waiting for inactive GPU simulation
GPGPU-Sim API: Stream Manager State
GPGPU-Sim: detected inactive GPU simulation thread
GPGPU-Sim PTX: Setting up arguments for 8 bytes starting at 0x7ffd0a493b40..
GPGPU-Sim PTX: Setting up arguments for 8 bytes starting at 0x7ffd0a493b48..
GPGPU-Sim PTX: Setting up arguments for 4 bytes starting at 0x7ffd0a493b28..
GPGPU-Sim PTX: Setting up arguments for 4 bytes starting at 0x7ffd0a493b2c..

GPGPU-Sim PTX: cudaLaunch for 0x0x6123e05cd030 (mode=performance simulation) on stream 0
GPGPU-Sim PTX: PDOM analysis already done for _Z10bsmm_stagePKfPfii 
GPGPU-Sim PTX: pushing kernel '_Z10bsmm_stagePKfPfii' to stream 0, gridDim= (32768,1,1) blockDim = (128,1,1) 
GPGPU-Sim uArch: Shader 9 bind to kernel 5 '_Z10bsmm_stagePKfPfii'
GPGPU-Sim: Reconfigure L1 cache to 128KB
GPGPU-Sim uArch: Shader 10 bind to kernel 5 '_Z10bsmm_stagePKfPfii'
GPGPU-Sim uArch: Shader 11 bind to kernel 5 '_Z10bsmm_stagePKfPfii'
GPGPU-Sim uArch: Shader 12 bind to kernel 5 '_Z10bsmm_stagePKfPfii'
GPGPU-Sim uArch: Shader 13 bind to kernel 5 '_Z10bsmm_stagePKfPfii'
GPGPU-Sim uArch: Shader 14 bind to kernel 5 '_Z10bsmm_stagePKfPfii'
GPGPU-Sim uArch: Shader 15 bind to kernel 5 '_Z10bsmm_stagePKfPfii'
GPGPU-Sim uArch: Shader 0 bind to kernel 5 '_Z10bsmm_stagePKfPfii'
GPGPU-Sim uArch: Shader 1 bind to kernel 5 '_Z10bsmm_stagePKfPfii'
GPGPU-Sim uArch: Shader 2 bind to kernel 5 '_Z10bsmm_stagePKfPfii'
GPGPU-Sim uArch: Shader 3 bind to kernel 5 '_Z10bsmm_stagePKfPfii'
GPGPU-Sim uArch: Shader 4 bind to kernel 5 '_Z10bsmm_stagePKfPfii'
GPGPU-Sim uArch: Shader 5 bind to kernel 5 '_Z10bsmm_stagePKfPfii'
GPGPU-Sim uArch: Shader 6 bind to kernel 5 '_Z10bsmm_stagePKfPfii'
GPGPU-Sim uArch: Shader 7 bind to kernel 5 '_Z10bsmm_stagePKfPfii'
GPGPU-Sim uArch: Shader 8 bind to kernel 5 '_Z10bsmm_stagePKfPfii'
Destroy streams for kernel 5: size 0
kernel_name = _Z10bsmm_stagePKfPfii 
kernel_launch_uid = 5 
kernel_stream_id = 106807373537656
gpu_sim_cycle = 233567
gpu_sim_insn = 134217728
gpu_ipc =     574.6434
gpu_tot_sim_cycle = 1161345
gpu_tot_sim_insn = 671088640
gpu_tot_ipc =     577.8547
gpu_tot_issued_cta = 163840
gpu_occupancy = 94.1938% 
gpu_tot_occupancy = 94.3246% 
max_total_param_size = 0
gpu_stall_dramfull = 0
gpu_stall_icnt2sh    = 0
partiton_level_parallism =       4.4894
partiton_level_parallism_total  =       4.5145
partiton_level_parallism_util =       4.8398
partiton_level_parallism_util_total  =       4.8493
L2_BW  =     186.7591 GB/Sec
L2_BW_total  =     187.8028 GB/Sec
gpu_total_sim_rate=653445

========= Core cache stats =========
L1I_cache:
	L1I_total_cache_accesses = 0
	L1I_total_cache_misses = 0
	L1I_total_cache_pending_hits = 0
	L1I_total_cache_reservation_fails = 0
L1D_cache:
	L1D_cache_core[0]: Access = 491280, Miss = 327520, Miss_rate = 0.667, Pending_hits = 0, Reservation_fails = 52588
	L1D_cache_core[1]: Access = 491088, Miss = 327392, Miss_rate = 0.667, Pending_hits = 0, Reservation_fails = 48728
	L1D_cache_core[2]: Access = 490704, Miss = 327136, Miss_rate = 0.667, Pending_hits = 0, Reservation_fails = 51484
	L1D_cache_core[3]: Access = 491904, Miss = 327936, Miss_rate = 0.667, Pending_hits = 0, Reservation_fails = 52579
	L1D_cache_core[4]: Access = 491808, Miss = 327872, Miss_rate = 0.667, Pending_hits = 0, Reservation_fails = 48156
	L1D_cache_core[5]: Access = 491904, Miss = 327936, Miss_rate = 0.667, Pending_hits = 0, Reservation_fails = 49154
	L1D_cache_core[6]: Access = 491952, Miss = 327968, Miss_rate = 0.667, Pending_hits = 0, Reservation_fails = 50016
	L1D_cache_core[7]: Access = 492096, Miss = 328064, Miss_rate = 0.667, Pending_hits = 0, Reservation_fails = 45725
	L1D_cache_core[8]: Access = 491664, Miss = 327776, Miss_rate = 0.667, Pending_hits = 0, Reservation_fails = 48303
	L1D_cache_core[9]: Access = 492096, Miss = 328064, Miss_rate = 0.667, Pending_hits = 0, Reservation_fails = 48875
	L1D_cache_core[10]: Access = 492288, Miss = 328192, Miss_rate = 0.667, Pending_hits = 0, Reservation_fails = 46803
	L1D_cache_core[11]: Access = 491184, Miss = 327456, Miss_rate = 0.667, Pending_hits = 0, Reservation_fails = 46501
	L1D_cache_core[12]: Access = 491616, Miss = 327744, Miss_rate = 0.667, Pending_hits = 0, Reservation_fails = 50190
	L1D_cache_core[13]: Access = 490944, Miss = 327296, Miss_rate = 0.667, Pending_hits = 0, Reservation_fails = 48623
	L1D_cache_core[14]: Access = 491280, Miss = 327520, Miss_rate = 0.667, Pending_hits = 0, Reservation_fails = 48907
	L1D_cache_core[15]: Access = 490512, Miss = 327008, Miss_rate = 0.667, Pending_hits = 0, Reservation_fails = 50345
	L1D_total_cache_accesses = 7864320
	L1D_total_cache_misses = 5242880
	L1D_total_cache_miss_rate = 0.6667
	L1D_total_cache_pending_hits = 0
	L1D_total_cache_reservation_fails = 786977
	L1D_cache_data_port_util = 0.144
	L1D_cache_fill_port_util = 0.144
L1C_cache:
	L1C_total_cache_accesses = 0
	L1C_total_cache_misses = 0
	L1C_total_cache_pending_hits = 0
	L1C_total_cache_reservation_fails = 0
L1T_cache:
	L1T_total_cache_accesses = 0
	L1T_total_cache_misses = 0
	L1T_total_cache_pending_hits = 0
	L1T_total_cache_reservation_fails = 0

Total_core_cache_stats:
	Total_core_cache_stats_breakdown[GLOBAL_ACC_R][HIT] = 1572864
	Total_core_cache_stats_breakdown[GLOBAL_ACC_R][HIT_RESERVED] = 0
	Total_core_cache_stats_breakdown[GLOBAL_ACC_R][MISS] = 393216
	Total_core_cache_stats_breakdown[GLOBAL_ACC_R][RESERVATION_FAIL] = 439230
	Total_core_cache_stats_breakdown[GLOBAL_ACC_R][SECTOR_MISS] = 1179648
	Total_core_cache_stats_breakdown[GLOBAL_ACC_R][MSHR_HIT] = 0
	Total_core_cache_stats_breakdown[LOCAL_ACC_R][HIT] = 0
	Total_core_cache_stats_breakdown[LOCAL_ACC_R][HIT_RESERVED] = 0
	Total_core_cache_stats_breakdown[LOCAL_ACC_R][MISS] = 0
	Total_core_cache_stats_breakdown[LOCAL_ACC_R][RESERVATION_FAIL] = 0
	Total_core_cache_stats_breakdown[LOCAL_ACC_R][SECTOR_MISS] = 0
	Total_core_cache_stats_breakdown[LOCAL_ACC_R][MSHR_HIT] = 0
	Total_core_cache_stats_breakdown[CONST_ACC_R][HIT] = 0
	Total_core_cache_stats_breakdown[CONST_ACC_R][HIT_RESERVED] = 0
	Total_core_cache_stats_breakdown[CONST_ACC_R][MISS] = 0
	Total_core_cache_stats_breakdown[CONST_ACC_R][RESERVATION_FAIL] = 0
	Total_core_cache_stats_breakdown[CONST_ACC_R][SECTOR_MISS] = 0
	Total_core_cache_stats_breakdown[CONST_ACC_R][MSHR_HIT] = 0
	Total_core_cache_stats_breakdown[TEXTURE_ACC_R][HIT] = 0
	Total_core_cache_stats_breakdown[TEXTURE_ACC_R][HIT_RESERVED] = 0
	Total_core_cache_stats_breakdown[TEXTURE_ACC_R][MISS] = 0
	Total_core_cache_stats_breakdown[TEXTURE_ACC_R][RESERVATION_FAIL] = 0
	Total_core_cache_stats_breakdown[TEXTURE_ACC_R][SECTOR_MISS] = 0
	Total_core_cache_stats_breakdown[TEXTURE_ACC_R][MSHR_HIT] = 0
	Total_core_cache_stats_breakdown[GLOBAL_ACC_W][HIT] = 0
	Total_core_cache_stats_breakdown[GLOBAL_ACC_W][HIT_RESERVED] = 0
	Total_core_cache_stats_breakdown[GLOBAL_ACC_W][MISS] = 393216
	Total_core_cache_stats_breakdown[GLOBAL_ACC_W][RESERVATION_FAIL] = 32738
	Total_core_cache_stats_breakdown[GLOBAL_ACC_W][SECTOR_MISS] = 1179648
	Total_core_cache_stats_breakdown[GLOBAL_ACC_W][MSHR_HIT] = 0
	Total_core_cache_stats_breakdown[LOCAL_ACC_W][HIT] = 0
	Total_core_cache_stats_breakdown[LOCAL_ACC_W][HIT_RESERVED] = 0
	Total_core_cache_stats_breakdown[LOCAL_ACC_W][MISS] = 0
	Total_core_cache_stats_breakdown[LOCAL_ACC_W][RESERVATION_FAIL] = 0
	Total_core_cache_stats_breakdown[LOCAL_ACC_W][SECTOR_MISS] = 0
	Total_core_cache_stats_breakdown[LOCAL_ACC_W][MSHR_HIT] = 0
	Total_core_cache_stats_breakdown[L1_WRBK_ACC][HIT] = 0
	Total_core_cache_stats_breakdown[L1_WRBK_ACC][HIT_RESERVED] = 0
	Total_core_cache_stats_breakdown[L1_WRBK_ACC][MISS] = 0
	Total_core_cache_stats_breakdown[L1_WRBK_ACC][RESERVATION_FAIL] = 0
	Total_core_cache_stats_breakdown[L1_WRBK_ACC][SECTOR_MISS] = 0
	Total_core_cache_stats_breakdown[L1_WRBK_ACC][MSHR_HIT] = 0
	Total_core_cache_stats_breakdown[L2_WRBK_ACC][HIT] = 0
	Total_core_cache_stats_breakdown[L2_WRBK_ACC][HIT_RESERVED] = 0
	Total_core_cache_stats_breakdown[L2_WRBK_ACC][MISS] = 0
	Total_core_cache_stats_breakdown[L2_WRBK_ACC][RESERVATION_FAIL] = 0
	Total_core_cache_stats_breakdown[L2_WRBK_ACC][SECTOR_MISS] = 0
	Total_core_cache_stats_breakdown[L2_WRBK_ACC][MSHR_HIT] = 0
	Total_core_cache_stats_breakdown[INST_ACC_R][HIT] = 0
	Total_core_cache_stats_breakdown[INST_ACC_R][HIT_RESERVED] = 0
	Total_core_cache_stats_breakdown[INST_ACC_R][MISS] = 0
	Total_core_cache_stats_breakdown[INST_ACC_R][RESERVATION_FAIL] = 0
	Total_core_cache_stats_breakdown[INST_ACC_R][SECTOR_MISS] = 0
	Total_core_cache_stats_breakdown[INST_ACC_R][MSHR_HIT] = 0
	Total_core_cache_stats_breakdown[L1_WR_ALLOC_R][HIT] = 0
	Total_core_cache_stats_breakdown[L1_WR_ALLOC_R][HIT_RESERVED] = 0
	Total_core_cache_stats_breakdown[L1_WR_ALLOC_R][MISS] = 0
	Total_core_cache_stats_breakdown[L1_WR_ALLOC_R][RESERVATION_FAIL] = 0
	Total_core_cache_stats_breakdown[L1_WR_ALLOC_R][SECTOR_MISS] = 0
	Total_core_cache_stats_breakdown[L1_WR_ALLOC_R][MSHR_HIT] = 0
	Total_core_cache_stats_breakdown[L2_WR_ALLOC_R][HIT] = 0
	Total_core_cache_stats_breakdown[L2_WR_ALLOC_R][HIT_RESERVED] = 0
	Total_core_cache_stats_breakdown[L2_WR_ALLOC_R][MISS] = 0
	Total_core_cache_stats_breakdown[L2_WR_ALLOC_R][RESERVATION_FAIL] = 0
	Total_core_cache_stats_breakdown[L2_WR_ALLOC_R][SECTOR_MISS] = 0
	Total_core_cache_stats_breakdown[L2_WR_ALLOC_R][MSHR_HIT] = 0
	Total_core_cache_stats_breakdown[GLOBAL_ACC_R][TOTAL_ACCESS] = 3145728
	Total_core_cache_stats_breakdown[GLOBAL_ACC_W][TOTAL_ACCESS] = 1572864

Total_core_cache_fail_stats:
	Total_core_cache_fail_stats_breakdown[GLOBAL_ACC_R][MISS_QUEUE_FULL] = 439230
	Total_core_cache_fail_stats_breakdown[GLOBAL_ACC_W][MISS_QUEUE_FULL] = 32738
ctas_completed 163840, Shader 0 warp_id issue ditsribution:
warp_id:
0, 1, 2, 3, 4, 5, 6, 7, 8, 9, 10, 11, 12, 13, 14, 15, 16, 17, 18, 19, 20, 21, 22, 23, 24, 25, 26, 27, 28, 29, 30, 31, 32, 33, 34, 35, 36, 37, 38, 39, 40, 41, 42, 43, 44, 45, 46, 47, 
distro:
28083, 28083, 28083, 28083, 28116, 28116, 28116, 28116, 28116, 28116, 28116, 28116, 28281, 28281, 28281, 28281, 28182, 28182, 28182, 28182, 28215, 28215, 28215, 28215, 28116, 28116, 28116, 28116, 28149, 28149, 28149, 28149, 28149, 28149, 28149, 28149, 28116, 28116, 28116, 28116, 28083, 28083, 28083, 28083, 28149, 28149, 28149, 28149, 
gpgpu_n_tot_thrd_icount = 692060160
gpgpu_n_tot_w_icount = 21626880
gpgpu_n_stall_shd_mem = 4309
gpgpu_n_mem_read_local = 0
gpgpu_n_mem_write_local = 0
gpgpu_n_mem_read_global = 2621440
gpgpu_n_mem_write_global = 2621440
gpgpu_n_mem_texture = 0
gpgpu_n_mem_const = 0
gpgpu_n_load_insn  = 41943040
gpgpu_n_store_insn = 20971520
gpgpu_n_shmem_insn = 0
gpgpu_n_sstarr_insn = 0
gpgpu_n_tex_insn = 0
gpgpu_n_const_mem_insn = 0
gpgpu_n_param_mem_insn = 83886080
gpgpu_n_shmem_bkconflict = 0
gpgpu_n_l1cache_bkconflict = 4309
gpgpu_n_intrawarp_mshr_merge = 0
gpgpu_n_cmem_portconflict = 0
gpgpu_stall_shd_mem[c_mem][resource_stall] = 0
gpgpu_stall_shd_mem[s_mem][bk_conf] = 0
gpgpu_stall_shd_mem[gl_mem][resource_stall] = 4309
gpgpu_stall_shd_mem[gl_mem][coal_stall] = 0
gpgpu_stall_shd_mem[gl_mem][data_port_stall] = 0
gpu_reg_bank_conflict_stalls = 0
Warp Occupancy Distribution:
Stall:4526609	W0_Idle:97381	W0_Scoreboard:46444806	W1:0	W2:0	W3:0	W4:0	W5:0	W6:0	W7:0	W8:0	W9:0	W10:0	W11:0	W12:0	W13:0	W14:0	W15:0	W16:0	W17:0	W18:0	W19:0	W20:0	W21:0	W22:0	W23:0	W24:0	W25:0	W26:0	W27:0	W28:0	W29:0	W30:0	W31:0	W32:21626880
single_issue_nums: WS0:5406720	WS1:5406720	WS2:5406720	WS3:5406720	
dual_issue_nums: WS0:0	WS1:0	WS2:0	WS3:0	
traffic_breakdown_coretomem[GLOBAL_ACC_R] = 20971520 {8:2621440,}
traffic_breakdown_coretomem[GLOBAL_ACC_W] = 104857600 {40:2621440,}
traffic_breakdown_memtocore[GLOBAL_ACC_R] = 104857600 {40:2621440,}
traffic_breakdown_memtocore[GLOBAL_ACC_W] = 20971520 {8:2621440,}
maxmflatency = 2203 
max_icnt2mem_latency = 214 
maxmrqlatency = 1600 
max_icnt2sh_latency = 150 
averagemflatency = 510 
avg_icnt2mem_latency = 49 
avg_mrq_latency = 192 
avg_icnt2sh_latency = 4 
mrq_lat_table:181924 	14389 	29393 	59250 	119884 	214893 	418077 	1458444 	673285 	88335 	2433 	0 	0 	0 	0 	0 	0 	0 	0 	0 	0 	0 	0 	0 	0 	0 	0 	0 	0 	0 	0 	0 	
dq_lat_table:0 	0 	0 	0 	0 	0 	0 	0 	0 	0 	0 	0 	0 	0 	0 	0 	0 	0 	0 	0 	0 	0 	0 	0 	0 	0 	0 	0 	0 	0 	0 	0 	
mf_lat_table:0 	0 	0 	0 	0 	0 	0 	2417990 	204881 	2542884 	77121 	4 	0 	0 	0 	0 	0 	0 	0 	0 	0 	0 	0 	0 	0 	0 	0 	0 	0 	0 	0 	0 	
icnt2mem_lat_table:0 	0 	0 	0 	0 	4944249 	290861 	7770 	0 	0 	0 	0 	0 	0 	0 	0 	0 	0 	0 	0 	0 	0 	0 	0 	
icnt2sh_lat_table:0 	3964352 	727740 	337425 	164444 	45711 	3200 	8 	0 	0 	0 	0 	0 	0 	0 	0 	0 	0 	0 	0 	0 	0 	0 	0 	
mf_lat_pw_table:0 	0 	0 	0 	0 	0 	0 	13 	1149 	1108 	0 	0 	0 	0 	0 	0 	0 	0 	0 	0 	0 	0 	0 	0 	0 	0 	0 	0 	0 	0 	0 	0 	
maximum concurrent accesses to same row:
dram[0]:        64        64        64        64        64        64        64        64        64        64        64        64        64        64        64        64 
dram[1]:        64        64        64        64        64        64        64        64        64        64        64        64        64        64        64        64 
dram[2]:        64        64        64        64        64        64        64        64        64        64        64        64        64        64        64        64 
dram[3]:        64        64        64        64        64        64        64        64        64        64        64        64        64        64        64        64 
dram[4]:        64        64        64        64        64        64        64        64        64        64        64        64        64        64        64        64 
dram[5]:        64        64        64        64        64        64        64        64        64        64        64        64        64        64        64        64 
dram[6]:        64        64        64        64        64        64        64        64        64        64        64        64        64        64        64        64 
dram[7]:        64        64        64        64        64        64        64        64        64        64        64        64        64        64        64        64 
dram[8]:        64        64        64        64        64        64        64        64        64        64        64        64        64        64        64        64 
dram[9]:        64        64        64        64        64        64        64        64        64        64        64        64        64        64        64        64 
dram[10]:        64        64        64        64        64        64        64        64        64        64        64        64        64        64        64        64 
dram[11]:        64        64        64        64        64        64        64        64        64        64        64        64        64        64        64        64 
dram[12]:        64        64        64        64        64        64        64        64        64        64        64        64        64        64        64        64 
dram[13]:        64        64        64        64        64        64        64        64        64        64        64        64        64        64        64        64 
dram[14]:        64        64        64        64        64        64        64        64        64        64        64        64        64        64        64        64 
dram[15]:        64        64        64        64        64        64        64        64        64        64        64        64        64        64        64        64 
maximum service time to same row:
dram[0]:      6265      6231      6700      6872      7435      7443      7929      7935      8728      8732      9597      9589     10145     10153     10894     10896 
dram[1]:      6183      6192      6904      6922      7431      7439      7924      7912      8723      8736      9583      9579     10158     10149     10881     10886 
dram[2]:      6287      6295      6775      6762      7426      7365      7920      7922      8754      8745      9581      9573     10144     10151     10873     10876 
dram[3]:      6390      6185      6640      6669      7358      7371      7926      7917      8749      8757      9568      9562     10132     10136     10863     10867 
dram[4]:      6264      6462      6780      6817      7491      7458      7959      7948      8728      8732      9584      9579     10083     10090     10916     10925 
dram[5]:      6171      6185      7010      7003      7471      7484      7935      7952      8737      8741      9585      9575     10075     10071     10920     10928 
dram[6]:      6186      6179      6983      6977      7445      7431      7926      7934      8778      8786      9564      9581     10101     10116     10911     10903 
dram[7]:      6158      6324      6738      6757      7438      7442      7938      7930      8787      8794      9555      9577     10106     10112     10907     10923 
dram[8]:      6203      6241      6674      6764      7436      7462      7917      7921      8718      8708      9551      9557     10288     10283     10914     10905 
dram[9]:      6303      6293      6776      6706      7467      7431      7904      7913      8714      8723      9566      9562     10299     10295     10919     10909 
dram[10]:      6263      6226      6762      6820      7448      7484      7915      7911      8701      8705      9567      9573     10347     10331     10959     10963 
dram[11]:      6209      6200      6544      6847      7466      7461      7903      7907      8709      8715      9559      9577     10335     10339     10967     10955 
dram[12]:      6252      6254      6678      6656      7406      7412      7909      7915      8758      8766      9542      9533     10165     10173     10893     10911 
dram[13]:      6238      6211      6721      6758      7415      7427      7917      7922      8770      8762      9529      9538     10161     10169     10903     10898 
dram[14]:      6244      6232      6719      6727      7336      7341      7925      7924      8719      8722      9529      9518     10184     10197     10886     10892 
dram[15]:      6248      6227      6773      6772      7345      7349      7916      7920      8714      8726      9525      9521     10201     10181     10896     10903 
average row accesses per activate:
dram[0]: 38.593941 38.593941 27.507559 27.686956 37.023254 36.597702 26.423237 26.314049 37.569321 38.017910 27.330473 27.567099 35.971752 35.769665 26.700211 26.368530 
dram[1]: 39.187691 39.187691 27.991209 28.114790 36.181820 36.388573 26.756302 26.588726 38.131737 38.017910 27.271948 27.155651 35.867607 35.870422 25.833672 25.938900 
dram[2]: 38.593941 38.593941 27.448277 27.567099 35.476322 35.377777 26.533333 26.700211 36.915943 37.458824 26.869198 26.756302 35.775280 35.575420 26.869198 26.926004 
dram[3]: 38.711246 38.829269 27.448277 27.686956 36.388573 36.597702 26.259794 26.098360 37.023254 37.458824 26.926004 27.271948 35.775280 36.079319 26.478170 26.205761 
dram[4]: 38.593941 38.361446 27.929825 27.807859 35.476322 35.675072 26.478170 25.833672 38.131737 38.131737 27.040340 27.213675 35.661064 35.850704 26.644352 26.368530 
dram[5]: 38.131737 38.593941 27.448277 27.626898 36.079319 35.675072 25.574297 25.833672 36.915943 36.915943 27.448277 27.389248 35.675072 35.876057 26.478170 26.423237 
dram[6]: 38.711246 38.829269 27.686956 27.686956 36.388573 36.597702 26.644352 26.926004 38.131737 37.904762 27.040340 26.983051 36.374287 35.960453 26.756302 26.368530 
dram[7]: 38.593941 38.361446 27.507559 27.868710 36.703171 36.492836 26.151951 26.044991 36.703171 36.915943 27.747276 27.747276 36.164772 35.951977 26.533333 26.644352 
dram[8]: 38.948013 39.187691 27.213675 27.271948 36.809250 36.809250 26.205761 26.314049 38.131737 38.361446 27.448277 27.097872 35.567039 35.764046 26.533333 26.756302 
dram[9]: 38.711246 38.711246 27.389248 27.507559 35.775280 35.977402 26.098360 25.938900 38.711246 38.829269 26.983051 26.756302 35.476322 35.377777 26.869198 27.040340 
dram[10]: 38.948013 39.067486 26.869198 26.983051 36.703171 36.915943 26.205761 26.259794 38.361446 38.131737 27.213675 27.271948 35.658264 35.864788 26.644352 26.533333 
dram[11]: 39.799999 39.799999 26.812632 27.213675 35.876057 35.977402 26.368530 26.588726 38.017910 37.792286 27.868710 27.747276 36.371429 36.458454 26.644352 27.155651 
dram[12]: 38.593941 39.067486 27.507559 27.213675 36.388573 36.597702 26.423237 26.423237 38.131737 38.131737 27.213675 27.330473 35.569832 35.873238 26.478170 26.588726 
dram[13]: 38.829269 38.829269 27.155651 27.330473 36.388573 36.181820 25.886179 26.368530 38.477341 38.131737 26.478170 26.423237 36.181820 35.870422 26.700211 26.478170 
dram[14]: 39.308643 39.187691 27.929825 27.507559 36.079319 35.575420 26.869198 26.644352 38.711246 38.711246 26.756302 26.983051 35.661064 35.366665 26.588726 26.588726 
dram[15]: 38.829269 38.829269 26.812632 26.869198 36.284901 36.284901 26.700211 26.700211 37.348972 37.348972 26.869198 26.869198 36.065155 35.658264 26.423237 26.314049 
average row locality = 3260307/104545 = 31.185680
number of total memory accesses made:
dram[0]:         0         0         0         0         0         0         0         0         0         0         0         0         0         0         0         0 
dram[1]:         0         0         0         0         0         0         0         0         0         0         0         0         0         0         0         0 
dram[2]:         0         0         0         0         0         0         0         0         0         0         0         0         0         0         0         0 
dram[3]:         0         0         0         0         0         0         0         0         0         0         0         0         0         0         0         0 
dram[4]:         0         0         0         0         0         0         0         0         0         0         0         0         0         0         0         0 
dram[5]:         0         0         0         0         0         0         0         0         0         0         0         0         0         0         0         0 
dram[6]:         0         0         0         0         0         0         0         0         0         0         0         0         0         0         0         0 
dram[7]:         0         0         0         0         0         0         0         0         0         0         0         0         0         0         0         0 
dram[8]:         0         0         0         0         0         0         0         0         0         0         0         0         0         0         0         0 
dram[9]:         0         0         0         0         0         0         0         0         0         0         0         0         0         0         0         0 
dram[10]:         0         0         0         0         0         0         0         0         0         0         0         0         0         0         0         0 
dram[11]:         0         0         0         0         0         0         0         0         0         0         0         0         0         0         0         0 
dram[12]:         0         0         0         0         0         0         0         0         0         0         0         0         0         0         0         0 
dram[13]:         0         0         0         0         0         0         0         0         0         0         0         0         0         0         0         0 
dram[14]:         0         0         0         0         0         0         0         0         0         0         0         0         0         0         0         0 
dram[15]:         0         0         0         0         0         0         0         0         0         0         0         0         0         0         0         0 
total accesses: 0
min_bank_accesses = 0!
min_chip_accesses = 0!
number of total read accesses:
dram[0]:     10240     10240     10240     10240     10240     10240     10240     10240     10240     10240     10240     10240     10240     10240     10240     10240 
dram[1]:     10240     10240     10240     10240     10240     10240     10240     10240     10240     10240     10240     10240     10240     10240     10240     10240 
dram[2]:     10240     10240     10240     10240     10240     10240     10240     10240     10240     10240     10240     10240     10240     10240     10240     10240 
dram[3]:     10240     10240     10240     10240     10240     10240     10240     10240     10240     10240     10240     10240     10240     10240     10240     10240 
dram[4]:     10240     10240     10240     10240     10240     10240     10240     10240     10240     10240     10240     10240     10240     10240     10240     10240 
dram[5]:     10240     10240     10240     10240     10240     10240     10240     10240     10240     10240     10240     10240     10240     10240     10240     10240 
dram[6]:     10240     10240     10240     10240     10240     10240     10240     10240     10240     10240     10240     10240     10240     10240     10240     10240 
dram[7]:     10240     10240     10240     10240     10240     10240     10240     10240     10240     10240     10240     10240     10240     10240     10240     10240 
dram[8]:     10240     10240     10240     10240     10240     10240     10240     10240     10240     10240     10240     10240     10240     10240     10240     10240 
dram[9]:     10240     10240     10240     10240     10240     10240     10240     10240     10240     10240     10240     10240     10240     10240     10240     10240 
dram[10]:     10240     10240     10240     10240     10240     10240     10240     10240     10240     10240     10240     10240     10240     10240     10240     10240 
dram[11]:     10240     10240     10240     10240     10240     10240     10240     10240     10240     10240     10240     10240     10240     10240     10240     10240 
dram[12]:     10240     10240     10240     10240     10240     10240     10240     10240     10240     10240     10240     10240     10240     10240     10240     10240 
dram[13]:     10240     10240     10240     10240     10240     10240     10240     10240     10240     10240     10240     10240     10240     10240     10240     10240 
dram[14]:     10240     10240     10240     10240     10240     10240     10240     10240     10240     10240     10240     10240     10240     10240     10240     10240 
dram[15]:     10240     10240     10240     10240     10240     10240     10240     10240     10240     10240     10240     10240     10240     10240     10240     10240 
total dram reads = 2621440
bank skew: 10240/10240 = 1.00
chip skew: 163840/163840 = 1.00
number of total write accesses:
dram[0]:      9984      9984      9984      9984      9984      9984      9984      9984      9984      9984      9984      9984      9980      9980      9984      9984 
dram[1]:      9984      9984      9984      9984      9984      9984      9984      9984      9984      9984      9984      9984      9972      9976      9984      9984 
dram[2]:      9984      9984      9984      9984      9984      9984      9984      9984      9984      9984      9984      9984      9984      9984      9984      9984 
dram[3]:      9984      9984      9984      9984      9984      9984      9984      9984      9984      9984      9984      9984      9984      9984      9984      9984 
dram[4]:      9984      9984      9984      9984      9984      9984      9984      9984      9984      9984      9984      9984      9964      9948      9984      9984 
dram[5]:      9984      9984      9984      9984      9984      9984      9984      9984      9984      9984      9984      9984      9984      9984      9984      9984 
dram[6]:      9984      9984      9984      9984      9984      9984      9984      9984      9984      9984      9984      9984      9968      9960      9984      9984 
dram[7]:      9984      9984      9984      9984      9984      9984      9984      9984      9984      9984      9984      9984      9960      9948      9984      9984 
dram[8]:      9984      9984      9984      9984      9984      9984      9984      9984      9984      9984      9984      9984      9972      9968      9984      9984 
dram[9]:      9984      9984      9984      9984      9984      9984      9984      9984      9984      9984      9984      9984      9984      9984      9984      9984 
dram[10]:      9984      9984      9984      9984      9984      9984      9984      9984      9984      9984      9984      9984      9964      9968      9984      9984 
dram[11]:      9984      9984      9984      9984      9984      9984      9984      9984      9984      9984      9984      9984      9960      9936      9984      9984 
dram[12]:      9984      9984      9984      9984      9984      9984      9984      9984      9984      9984      9984      9984      9980      9980      9984      9984 
dram[13]:      9984      9984      9984      9984      9984      9984      9984      9984      9984      9984      9984      9984      9984      9976      9984      9984 
dram[14]:      9984      9984      9984      9984      9984      9984      9984      9984      9984      9984      9984      9984      9968      9972      9984      9984 
dram[15]:      9984      9984      9984      9984      9984      9984      9984      9984      9984      9984      9984      9984      9968      9964      9984      9984 
total dram writes = 2555504
bank skew: 9984/9936 = 1.00
chip skew: 159744/159672 = 1.00
average mf latency per bank:
dram[0]:        514       520       525       524       517       521       519       520       511       516       523       528       515       522       520       521
dram[1]:        517       522       528       531       524       528       526       527       512       516       521       527       515       520       520       525
dram[2]:        510       515       525       528       515       520       514       517       502       507       523       524       513       519       518       520
dram[3]:        512       518       520       522       516       519       519       522       511       518       518       522       507       513       514       516
dram[4]:        505       509       511       514       511       515       514       516       498       504       516       517       507       511       509       508
dram[5]:        510       515       518       520       513       520       517       522       512       517       524       525       511       518       512       518
dram[6]:        519       524       526       526       520       526       520       519       509       514       525       523       514       517       527       525
dram[7]:        509       515       524       528       514       519       513       519       509       513       521       527       514       520       522       522
dram[8]:        509       513       521       523       513       519       517       519       506       511       521       520       513       519       517       519
dram[9]:        503       507       510       512       505       510       511       511       502       506       511       512       507       509       512       515
dram[10]:        514       518       517       521       519       525       521       523       511       516       521       520       508       514       521       520
dram[11]:        507       513       519       519       515       521       519       522       507       512       525       526       512       519       517       515
dram[12]:        507       511       523       524       518       521       525       524       513       517       526       525       518       526       520       520
dram[13]:        512       518       522       525       516       522       518       525       513       517       521       521       515       521       515       518
dram[14]:        505       511       519       519       511       515       520       519       509       514       516       515       511       518       518       523
dram[15]:        507       512       514       518       512       518       521       523       504       509       521       523       512       518       514       515
maximum mf latency per bank:
dram[0]:       1321      1327      1542      1432      1787      1773      1558      1571      1375      1376      1257      1432      1407      1493      1819      1808
dram[1]:       1470      1495      1304      1325      1550      1551      1575      1686      1386      1377      1681      1883      1593      1597      1878      1778
dram[2]:       1447      1453      1813      1773      1421      1430      1803      1472      1498      1518      1880      1703      1460      1482      1409      1415
dram[3]:       1419      1432      1752      1348      1627      1619      1286      1728      2203      1388      1288      1289      1253      1368      1246      1226
dram[4]:       1395      1437      1772      1791      1512      1517      1634      1661      1396      1395      1991      1800      1453      1321      1705      1431
dram[5]:       1402      1403      1792      1241      1768      1798      1812      1434      1791      1789      1853      1826      1494      1922      1517      1757
dram[6]:       1830      1351      1986      1699      1744      1877      1892      1659      1292      1299      1785      1546      1547      1314      1794      1552
dram[7]:       1400      1455      1721      1456      1481      1423      1419      1526      1773      1915      1303      1703      1655      1650      1854      1510
dram[8]:       1841      1859      1990      1790      1506      1468      1684      1695      1835      1895      1323      1824      1709      1408      1898      1222
dram[9]:       1753      1783      1875      1565      1734      1729      1932      1870      1383      1409      1857      1916      1605      1536      1377      1505
dram[10]:       1268      1265      1810      1822      1834      1779      1872      1874      1419      1421      1668      1576      1507      1477      1766      1562
dram[11]:       1308      1317      1252      1308      1881      1887      1879      1563      1812      1801      1350      1365      1622      1624      1577      1834
dram[12]:       1290      1292      1897      1772      1618      1441      1418      1411      1285      1760      1703      1858      1553      1581      1426      2017
dram[13]:       1578      1581      1981      2013      1535      1771      1444      1514      1472      1460      1204      1213      1435      1343      1312      1198
dram[14]:       1381      1406      1757      1226      1483      1441      1492      1637      1444      1407      1848      1811      1457      1982      1976      2009
dram[15]:       1436      1443      1404      1410      1583      1575      1566      1759      1399      1370      1360      1553      1223      1868      1246      1830
Memory Partition 0: 
Cache L2_bank_000:
MSHR contents

Cache L2_bank_001:
MSHR contents

In Dram Latency Queue (total = 2): 
Ready @ 1161350 -   mf: uid=19648626, sid4294967295:w4294967295, part=0, addr=0xc1de2f80, store, size=128, L2_WRBK  status = IN_PARTITION_DRAM_LATENCY_QUEUE (1161096), 
Ready @ 1161352 -   mf: uid=19648631, sid4294967295:w4294967295, part=0, addr=0xc1de7a00, store, size=128, L2_WRBK  status = IN_PARTITION_DRAM_LATENCY_QUEUE (1161098), 
DRAM[0]: 16 bks, busW=2 BL=16 CL=24, tRRD=12 tCCD=4, tRCD=24 tRAS=55 tRP=24 tRC=78
n_cmd=1429344 n_nop=1092991 n_act=6513 n_pre=6497 n_ref_event=0 n_req=203774 n_rd=163840 n_rd_L2_A=0 n_write=0 n_wr_bk=159725 bw_util=0.9055
n_activity=1382618 dram_eff=0.9361
bk0: 10240a 1127123i bk1: 10240a 1125508i bk2: 10240a 1143793i bk3: 10240a 1146166i bk4: 10240a 1122476i bk5: 10240a 1119287i bk6: 10240a 1149693i bk7: 10240a 1151531i bk8: 10240a 1104012i bk9: 10240a 1103037i bk10: 10240a 1138032i bk11: 10240a 1136775i bk12: 10240a 1131127i bk13: 10240a 1127352i bk14: 10240a 1144830i bk15: 10240a 1144317i 

------------------------------------------------------------------------

Row_Buffer_Locality = 0.968038
Row_Buffer_Locality_read = 0.980182
Row_Buffer_Locality_write = 0.918211
Bank_Level_Parallism = 3.601889
Bank_Level_Parallism_Col = 3.478909
Bank_Level_Parallism_Ready = 1.523458
write_to_read_ratio_blp_rw_average = 0.486336
GrpLevelPara = 3.002148 

BW Util details:
bwutil = 0.905492 
total_CMD = 1429344 
util_bw = 1294260 
Wasted_Col = 69467 
Wasted_Row = 11873 
Idle = 53744 

BW Util Bottlenecks: 
RCDc_limit = 11165 
RCDWRc_limit = 8743 
WTRc_limit = 63900 
RTWc_limit = 52711 
CCDLc_limit = 31067 
rwq = 0 
CCDLc_limit_alone = 24798 
WTRc_limit_alone = 60276 
RTWc_limit_alone = 50066 

Commands details: 
total_CMD = 1429344 
n_nop = 1092991 
Read = 163840 
Write = 0 
L2_Alloc = 0 
L2_WB = 159725 
n_act = 6513 
n_pre = 6497 
n_ref = 0 
n_req = 203774 
total_req = 323565 

Dual Bus Interface Util: 
issued_total_row = 13010 
issued_total_col = 323565 
Row_Bus_Util =  0.009102 
CoL_Bus_Util = 0.226373 
Either_Row_CoL_Bus_Util = 0.235320 
Issued_on_Two_Bus_Simul_Util = 0.000155 
issued_two_Eff = 0.000660 
queue_avg = 34.434135 


dram_util_bins: 0 0 0 0 0 0 0 0 0 0
dram_eff_bins: 0 0 0 0 0 0 0 0 0 0
mrqq: max=64 avg=34.4341
Memory Partition 1: 
Cache L2_bank_002:
MSHR contents

Cache L2_bank_003:
MSHR contents

In Dram Latency Queue (total = 5): 
Ready @ 1161346 -   mf: uid=19648620, sid4294967295:w4294967295, part=1, addr=0xc1de2e00, store, size=128, L2_WRBK  status = IN_PARTITION_DRAM_LATENCY_QUEUE (1161092), 
Ready @ 1161348 -   mf: uid=19648625, sid4294967295:w4294967295, part=1, addr=0xc1de7b80, store, size=128, L2_WRBK  status = IN_PARTITION_DRAM_LATENCY_QUEUE (1161094), 
Ready @ 1161357 -   mf: uid=19648633, sid4294967295:w4294967295, part=1, addr=0xc1de6b00, store, size=128, L2_WRBK  status = IN_PARTITION_DRAM_LATENCY_QUEUE (1161103), 
Ready @ 1161364 -   mf: uid=19648646, sid4294967295:w4294967295, part=1, addr=0xc1de2e80, store, size=128, L2_WRBK  status = IN_PARTITION_DRAM_LATENCY_QUEUE (1161110), 
Ready @ 1161370 -   mf: uid=19648651, sid4294967295:w4294967295, part=1, addr=0xc1de7b00, store, size=128, L2_WRBK  status = IN_PARTITION_DRAM_LATENCY_QUEUE (1161116), 
DRAM[1]: 16 bks, busW=2 BL=16 CL=24, tRRD=12 tCCD=4, tRCD=24 tRAS=55 tRP=24 tRC=78
n_cmd=1429344 n_nop=1093035 n_act=6514 n_pre=6498 n_ref_event=0 n_req=203771 n_rd=163840 n_rd_L2_A=0 n_write=0 n_wr_bk=159721 bw_util=0.9055
n_activity=1384066 dram_eff=0.9351
bk0: 10240a 1115152i bk1: 10240a 1114652i bk2: 10240a 1138964i bk3: 10240a 1143425i bk4: 10240a 1114628i bk5: 10240a 1113262i bk6: 10240a 1152622i bk7: 10240a 1150074i bk8: 10240a 1108075i bk9: 10240a 1106383i bk10: 10240a 1138973i bk11: 10240a 1138150i bk12: 10240a 1121108i bk13: 10240a 1119429i bk14: 10240a 1144187i bk15: 10240a 1146144i 

------------------------------------------------------------------------

Row_Buffer_Locality = 0.968033
Row_Buffer_Locality_read = 0.980115
Row_Buffer_Locality_write = 0.918459
Bank_Level_Parallism = 3.634660
Bank_Level_Parallism_Col = 3.510532
Bank_Level_Parallism_Ready = 1.527090
write_to_read_ratio_blp_rw_average = 0.487494
GrpLevelPara = 3.018930 

BW Util details:
bwutil = 0.905481 
total_CMD = 1429344 
util_bw = 1294244 
Wasted_Col = 71403 
Wasted_Row = 11348 
Idle = 52349 

BW Util Bottlenecks: 
RCDc_limit = 12172 
RCDWRc_limit = 8767 
WTRc_limit = 65871 
RTWc_limit = 54486 
CCDLc_limit = 33096 
rwq = 0 
CCDLc_limit_alone = 26339 
WTRc_limit_alone = 61754 
RTWc_limit_alone = 51846 

Commands details: 
total_CMD = 1429344 
n_nop = 1093035 
Read = 163840 
Write = 0 
L2_Alloc = 0 
L2_WB = 159721 
n_act = 6514 
n_pre = 6498 
n_ref = 0 
n_req = 203771 
total_req = 323561 

Dual Bus Interface Util: 
issued_total_row = 13012 
issued_total_col = 323561 
Row_Bus_Util =  0.009103 
CoL_Bus_Util = 0.226370 
Either_Row_CoL_Bus_Util = 0.235289 
Issued_on_Two_Bus_Simul_Util = 0.000185 
issued_two_Eff = 0.000785 
queue_avg = 34.693279 


dram_util_bins: 0 0 0 0 0 0 0 0 0 0
dram_eff_bins: 0 0 0 0 0 0 0 0 0 0
mrqq: max=64 avg=34.6933
Memory Partition 2: 
Cache L2_bank_004:
MSHR contents

Cache L2_bank_005:
MSHR contents

In Dram Latency Queue (total = 0): 
DRAM[2]: 16 bks, busW=2 BL=16 CL=24, tRRD=12 tCCD=4, tRCD=24 tRAS=55 tRP=24 tRC=78
n_cmd=1429344 n_nop=1092899 n_act=6558 n_pre=6542 n_ref_event=0 n_req=203776 n_rd=163840 n_rd_L2_A=0 n_write=0 n_wr_bk=159744 bw_util=0.9055
n_activity=1383329 dram_eff=0.9357
bk0: 10240a 1123562i bk1: 10240a 1121759i bk2: 10240a 1143036i bk3: 10240a 1146783i bk4: 10240a 1125391i bk5: 10240a 1122195i bk6: 10240a 1155771i bk7: 10240a 1157137i bk8: 10240a 1115525i bk9: 10240a 1113511i bk10: 10240a 1137403i bk11: 10240a 1139799i bk12: 10240a 1133573i bk13: 10240a 1131031i bk14: 10240a 1151968i bk15: 10240a 1155576i 

------------------------------------------------------------------------

Row_Buffer_Locality = 0.967818
Row_Buffer_Locality_read = 0.979974
Row_Buffer_Locality_write = 0.917944
Bank_Level_Parallism = 3.559012
Bank_Level_Parallism_Col = 3.435226
Bank_Level_Parallism_Ready = 1.507384
write_to_read_ratio_blp_rw_average = 0.481434
GrpLevelPara = 2.977566 

BW Util details:
bwutil = 0.905545 
total_CMD = 1429344 
util_bw = 1294336 
Wasted_Col = 69737 
Wasted_Row = 11747 
Idle = 53524 

BW Util Bottlenecks: 
RCDc_limit = 11532 
RCDWRc_limit = 9455 
WTRc_limit = 64732 
RTWc_limit = 50122 
CCDLc_limit = 31634 
rwq = 0 
CCDLc_limit_alone = 25055 
WTRc_limit_alone = 60706 
RTWc_limit_alone = 47569 

Commands details: 
total_CMD = 1429344 
n_nop = 1092899 
Read = 163840 
Write = 0 
L2_Alloc = 0 
L2_WB = 159744 
n_act = 6558 
n_pre = 6542 
n_ref = 0 
n_req = 203776 
total_req = 323584 

Dual Bus Interface Util: 
issued_total_row = 13100 
issued_total_col = 323584 
Row_Bus_Util =  0.009165 
CoL_Bus_Util = 0.226386 
Either_Row_CoL_Bus_Util = 0.235384 
Issued_on_Two_Bus_Simul_Util = 0.000167 
issued_two_Eff = 0.000710 
queue_avg = 33.686642 


dram_util_bins: 0 0 0 0 0 0 0 0 0 0
dram_eff_bins: 0 0 0 0 0 0 0 0 0 0
mrqq: max=64 avg=33.6866
Memory Partition 3: 
Cache L2_bank_006:
MSHR contents

Cache L2_bank_007:
MSHR contents

In Dram Latency Queue (total = 0): 
DRAM[3]: 16 bks, busW=2 BL=16 CL=24, tRRD=12 tCCD=4, tRCD=24 tRAS=55 tRP=24 tRC=78
n_cmd=1429344 n_nop=1092896 n_act=6552 n_pre=6536 n_ref_event=0 n_req=203776 n_rd=163840 n_rd_L2_A=0 n_write=0 n_wr_bk=159744 bw_util=0.9055
n_activity=1383082 dram_eff=0.9358
bk0: 10240a 1124119i bk1: 10240a 1121637i bk2: 10240a 1143271i bk3: 10240a 1147997i bk4: 10240a 1124366i bk5: 10240a 1126072i bk6: 10240a 1156135i bk7: 10240a 1155982i bk8: 10240a 1117954i bk9: 10240a 1114742i bk10: 10240a 1143932i bk11: 10240a 1144911i bk12: 10240a 1127432i bk13: 10240a 1123828i bk14: 10240a 1145639i bk15: 10240a 1148809i 

------------------------------------------------------------------------

Row_Buffer_Locality = 0.967847
Row_Buffer_Locality_read = 0.980042
Row_Buffer_Locality_write = 0.917818
Bank_Level_Parallism = 3.565169
Bank_Level_Parallism_Col = 3.440371
Bank_Level_Parallism_Ready = 1.523687
write_to_read_ratio_blp_rw_average = 0.479370
GrpLevelPara = 2.984483 

BW Util details:
bwutil = 0.905545 
total_CMD = 1429344 
util_bw = 1294336 
Wasted_Col = 69841 
Wasted_Row = 11275 
Idle = 53892 

BW Util Bottlenecks: 
RCDc_limit = 11298 
RCDWRc_limit = 8933 
WTRc_limit = 64756 
RTWc_limit = 53370 
CCDLc_limit = 31775 
rwq = 0 
CCDLc_limit_alone = 25659 
WTRc_limit_alone = 61197 
RTWc_limit_alone = 50813 

Commands details: 
total_CMD = 1429344 
n_nop = 1092896 
Read = 163840 
Write = 0 
L2_Alloc = 0 
L2_WB = 159744 
n_act = 6552 
n_pre = 6536 
n_ref = 0 
n_req = 203776 
total_req = 323584 

Dual Bus Interface Util: 
issued_total_row = 13088 
issued_total_col = 323584 
Row_Bus_Util =  0.009157 
CoL_Bus_Util = 0.226386 
Either_Row_CoL_Bus_Util = 0.235386 
Issued_on_Two_Bus_Simul_Util = 0.000157 
issued_two_Eff = 0.000666 
queue_avg = 33.796543 


dram_util_bins: 0 0 0 0 0 0 0 0 0 0
dram_eff_bins: 0 0 0 0 0 0 0 0 0 0
mrqq: max=64 avg=33.7965
Memory Partition 4: 
Cache L2_bank_008:
MSHR contents

Cache L2_bank_009:
MSHR contents

In Dram Latency Queue (total = 14): 
Ready @ 1161350 -   mf: uid=19648627, sid4294967295:w4294967295, part=4, addr=0xc1de0980, store, size=128, L2_WRBK  status = IN_PARTITION_DRAM_LATENCY_QUEUE (1161096), 
Ready @ 1161372 -   mf: uid=19648653, sid4294967295:w4294967295, part=4, addr=0xc1de1980, store, size=128, L2_WRBK  status = IN_PARTITION_DRAM_LATENCY_QUEUE (1161118), 
Ready @ 1161379 -   mf: uid=19648656, sid4294967295:w4294967295, part=4, addr=0xc1dee400, store, size=128, L2_WRBK  status = IN_PARTITION_DRAM_LATENCY_QUEUE (1161125), 
Ready @ 1161386 -   mf: uid=19648661, sid4294967295:w4294967295, part=4, addr=0xc1de6e00, store, size=128, L2_WRBK  status = IN_PARTITION_DRAM_LATENCY_QUEUE (1161132), 
Ready @ 1161398 -   mf: uid=19648669, sid4294967295:w4294967295, part=4, addr=0xc1de3b80, store, size=128, L2_WRBK  status = IN_PARTITION_DRAM_LATENCY_QUEUE (1161144), 
Ready @ 1161423 -   mf: uid=19648686, sid4294967295:w4294967295, part=4, addr=0xc1de2b80, store, size=128, L2_WRBK  status = IN_PARTITION_DRAM_LATENCY_QUEUE (1161169), 
Ready @ 1161430 -   mf: uid=19648693, sid4294967295:w4294967295, part=4, addr=0xc1de4c00, store, size=128, L2_WRBK  status = IN_PARTITION_DRAM_LATENCY_QUEUE (1161176), 
Ready @ 1161450 -   mf: uid=19648703, sid4294967295:w4294967295, part=4, addr=0xc1de5c00, store, size=128, L2_WRBK  status = IN_PARTITION_DRAM_LATENCY_QUEUE (1161196), 
Ready @ 1161457 -   mf: uid=19648705, sid4294967295:w4294967295, part=4, addr=0xc1dee480, store, size=128, L2_WRBK  status = IN_PARTITION_DRAM_LATENCY_QUEUE (1161203), 
Ready @ 1161460 -   mf: uid=19648707, sid4294967295:w4294967295, part=4, addr=0xc1de7e00, store, size=128, L2_WRBK  status = IN_PARTITION_DRAM_LATENCY_QUEUE (1161206), 
Ready @ 1161473 -   mf: uid=19648710, sid4294967295:w4294967295, part=4, addr=0xc1de6e80, store, size=128, L2_WRBK  status = IN_PARTITION_DRAM_LATENCY_QUEUE (1161219), 
Ready @ 1161497 -   mf: uid=19648715, sid4294967295:w4294967295, part=4, addr=0xc1de4c80, store, size=128, L2_WRBK  status = IN_PARTITION_DRAM_LATENCY_QUEUE (1161243), 
Ready @ 1161515 -   mf: uid=19648718, sid4294967295:w4294967295, part=4, addr=0xc1de5c80, store, size=128, L2_WRBK  status = IN_PARTITION_DRAM_LATENCY_QUEUE (1161261), 
Ready @ 1161531 -   mf: uid=19648720, sid4294967295:w4294967295, part=4, addr=0xc1de7e80, store, size=128, L2_WRBK  status = IN_PARTITION_DRAM_LATENCY_QUEUE (1161277), 
DRAM[4]: 16 bks, busW=2 BL=16 CL=24, tRRD=12 tCCD=4, tRCD=24 tRAS=55 tRP=24 tRC=78
n_cmd=1429344 n_nop=1092989 n_act=6546 n_pre=6530 n_ref_event=0 n_req=203762 n_rd=163840 n_rd_L2_A=0 n_write=0 n_wr_bk=159681 bw_util=0.9054
n_activity=1382451 dram_eff=0.9361
bk0: 10240a 1131829i bk1: 10240a 1129653i bk2: 10240a 1147672i bk3: 10240a 1148319i bk4: 10240a 1123072i bk5: 10240a 1121766i bk6: 10240a 1149829i bk7: 10240a 1154685i bk8: 10240a 1124276i bk9: 10240a 1121663i bk10: 10240a 1147503i bk11: 10240a 1151645i bk12: 10240a 1138385i bk13: 10240a 1134212i bk14: 10240a 1157130i bk15: 10240a 1162607i 

------------------------------------------------------------------------

Row_Buffer_Locality = 0.967874
Row_Buffer_Locality_read = 0.980054
Row_Buffer_Locality_write = 0.917890
Bank_Level_Parallism = 3.510059
Bank_Level_Parallism_Col = 3.386542
Bank_Level_Parallism_Ready = 1.497179
write_to_read_ratio_blp_rw_average = 0.479110
GrpLevelPara = 2.955324 

BW Util details:
bwutil = 0.905369 
total_CMD = 1429344 
util_bw = 1294084 
Wasted_Col = 69180 
Wasted_Row = 11596 
Idle = 54484 

BW Util Bottlenecks: 
RCDc_limit = 11453 
RCDWRc_limit = 9842 
WTRc_limit = 63448 
RTWc_limit = 49092 
CCDLc_limit = 31664 
rwq = 0 
CCDLc_limit_alone = 25293 
WTRc_limit_alone = 59639 
RTWc_limit_alone = 46530 

Commands details: 
total_CMD = 1429344 
n_nop = 1092989 
Read = 163840 
Write = 0 
L2_Alloc = 0 
L2_WB = 159681 
n_act = 6546 
n_pre = 6530 
n_ref = 0 
n_req = 203762 
total_req = 323521 

Dual Bus Interface Util: 
issued_total_row = 13076 
issued_total_col = 323521 
Row_Bus_Util =  0.009148 
CoL_Bus_Util = 0.226342 
Either_Row_CoL_Bus_Util = 0.235321 
Issued_on_Two_Bus_Simul_Util = 0.000169 
issued_two_Eff = 0.000719 
queue_avg = 32.279564 


dram_util_bins: 0 0 0 0 0 0 0 0 0 0
dram_eff_bins: 0 0 0 0 0 0 0 0 0 0
mrqq: max=64 avg=32.2796
Memory Partition 5: 
Cache L2_bank_010:
MSHR contents

Cache L2_bank_011:
MSHR contents

In Dram Latency Queue (total = 0): 
DRAM[5]: 16 bks, busW=2 BL=16 CL=24, tRRD=12 tCCD=4, tRCD=24 tRAS=55 tRP=24 tRC=78
n_cmd=1429344 n_nop=1092813 n_act=6584 n_pre=6568 n_ref_event=0 n_req=203776 n_rd=163840 n_rd_L2_A=0 n_write=0 n_wr_bk=159744 bw_util=0.9055
n_activity=1382989 dram_eff=0.9359
bk0: 10240a 1123719i bk1: 10240a 1119962i bk2: 10240a 1136262i bk3: 10240a 1143478i bk4: 10240a 1124700i bk5: 10240a 1121891i bk6: 10240a 1143671i bk7: 10240a 1148693i bk8: 10240a 1117237i bk9: 10240a 1115436i bk10: 10240a 1137889i bk11: 10240a 1140198i bk12: 10240a 1122231i bk13: 10240a 1118031i bk14: 10240a 1156406i bk15: 10240a 1153393i 

------------------------------------------------------------------------

Row_Buffer_Locality = 0.967690
Row_Buffer_Locality_read = 0.979950
Row_Buffer_Locality_write = 0.917393
Bank_Level_Parallism = 3.594943
Bank_Level_Parallism_Col = 3.470975
Bank_Level_Parallism_Ready = 1.520221
write_to_read_ratio_blp_rw_average = 0.484463
GrpLevelPara = 2.994370 

BW Util details:
bwutil = 0.905545 
total_CMD = 1429344 
util_bw = 1294333 
Wasted_Col = 69628 
Wasted_Row = 12015 
Idle = 53368 

BW Util Bottlenecks: 
RCDc_limit = 12044 
RCDWRc_limit = 9059 
WTRc_limit = 63230 
RTWc_limit = 52929 
CCDLc_limit = 31123 
rwq = 0 
CCDLc_limit_alone = 25095 
WTRc_limit_alone = 59816 
RTWc_limit_alone = 50315 

Commands details: 
total_CMD = 1429344 
n_nop = 1092813 
Read = 163840 
Write = 0 
L2_Alloc = 0 
L2_WB = 159744 
n_act = 6584 
n_pre = 6568 
n_ref = 0 
n_req = 203776 
total_req = 323584 

Dual Bus Interface Util: 
issued_total_row = 13152 
issued_total_col = 323584 
Row_Bus_Util =  0.009201 
CoL_Bus_Util = 0.226386 
Either_Row_CoL_Bus_Util = 0.235444 
Issued_on_Two_Bus_Simul_Util = 0.000143 
issued_two_Eff = 0.000609 
queue_avg = 33.645576 


dram_util_bins: 0 0 0 0 0 0 0 0 0 0
dram_eff_bins: 0 0 0 0 0 0 0 0 0 0
mrqq: max=64 avg=33.6456
Memory Partition 6: 
Cache L2_bank_012:
MSHR contents

Cache L2_bank_013:
MSHR contents

In Dram Latency Queue (total = 10): 
Ready @ 1161357 -   mf: uid=19648634, sid4294967295:w4294967295, part=6, addr=0xc1de0b80, store, size=128, L2_WRBK  status = IN_PARTITION_DRAM_LATENCY_QUEUE (1161103), 
Ready @ 1161364 -   mf: uid=19648647, sid4294967295:w4294967295, part=6, addr=0xc1de4e80, store, size=128, L2_WRBK  status = IN_PARTITION_DRAM_LATENCY_QUEUE (1161110), 
Ready @ 1161394 -   mf: uid=19648668, sid4294967295:w4294967295, part=6, addr=0xc1de1b00, store, size=128, L2_WRBK  status = IN_PARTITION_DRAM_LATENCY_QUEUE (1161140), 
Ready @ 1161398 -   mf: uid=19648670, sid4294967295:w4294967295, part=6, addr=0xc1de5e00, store, size=128, L2_WRBK  status = IN_PARTITION_DRAM_LATENCY_QUEUE (1161144), 
Ready @ 1161410 -   mf: uid=19648675, sid4294967295:w4294967295, part=6, addr=0xc1de1b80, store, size=128, L2_WRBK  status = IN_PARTITION_DRAM_LATENCY_QUEUE (1161156), 
Ready @ 1161417 -   mf: uid=19648683, sid4294967295:w4294967295, part=6, addr=0xc1de7c00, store, size=128, L2_WRBK  status = IN_PARTITION_DRAM_LATENCY_QUEUE (1161163), 
Ready @ 1161425 -   mf: uid=19648687, sid4294967295:w4294967295, part=6, addr=0xc1de5e80, store, size=128, L2_WRBK  status = IN_PARTITION_DRAM_LATENCY_QUEUE (1161171), 
Ready @ 1161438 -   mf: uid=19648698, sid4294967295:w4294967295, part=6, addr=0xc1de7c80, store, size=128, L2_WRBK  status = IN_PARTITION_DRAM_LATENCY_QUEUE (1161184), 
Ready @ 1161442 -   mf: uid=19648700, sid4294967295:w4294967295, part=6, addr=0xc1de6c00, store, size=128, L2_WRBK  status = IN_PARTITION_DRAM_LATENCY_QUEUE (1161188), 
Ready @ 1161464 -   mf: uid=19648709, sid4294967295:w4294967295, part=6, addr=0xc1de6c80, store, size=128, L2_WRBK  status = IN_PARTITION_DRAM_LATENCY_QUEUE (1161210), 
DRAM[6]: 16 bks, busW=2 BL=16 CL=24, tRRD=12 tCCD=4, tRCD=24 tRAS=55 tRP=24 tRC=78
n_cmd=1429344 n_nop=1093072 n_act=6502 n_pre=6486 n_ref_event=0 n_req=203766 n_rd=163840 n_rd_L2_A=0 n_write=0 n_wr_bk=159696 bw_util=0.9054
n_activity=1383427 dram_eff=0.9355
bk0: 10240a 1114142i bk1: 10240a 1111078i bk2: 10240a 1137470i bk3: 10240a 1143177i bk4: 10240a 1119382i bk5: 10240a 1117329i bk6: 10240a 1148517i bk7: 10240a 1150895i bk8: 10240a 1118563i bk9: 10240a 1114830i bk10: 10240a 1144701i bk11: 10240a 1145808i bk12: 10240a 1121089i bk13: 10240a 1117659i bk14: 10240a 1149467i bk15: 10240a 1148123i 

------------------------------------------------------------------------

Row_Buffer_Locality = 0.968091
Row_Buffer_Locality_read = 0.980176
Row_Buffer_Locality_write = 0.918497
Bank_Level_Parallism = 3.608671
Bank_Level_Parallism_Col = 3.488141
Bank_Level_Parallism_Ready = 1.519997
write_to_read_ratio_blp_rw_average = 0.485269
GrpLevelPara = 3.001444 

BW Util details:
bwutil = 0.905411 
total_CMD = 1429344 
util_bw = 1294142 
Wasted_Col = 70202 
Wasted_Row = 12198 
Idle = 52802 

BW Util Bottlenecks: 
RCDc_limit = 11947 
RCDWRc_limit = 9200 
WTRc_limit = 65156 
RTWc_limit = 51236 
CCDLc_limit = 33324 
rwq = 0 
CCDLc_limit_alone = 26417 
WTRc_limit_alone = 61162 
RTWc_limit_alone = 48323 

Commands details: 
total_CMD = 1429344 
n_nop = 1093072 
Read = 163840 
Write = 0 
L2_Alloc = 0 
L2_WB = 159696 
n_act = 6502 
n_pre = 6486 
n_ref = 0 
n_req = 203766 
total_req = 323536 

Dual Bus Interface Util: 
issued_total_row = 12988 
issued_total_col = 323536 
Row_Bus_Util =  0.009087 
CoL_Bus_Util = 0.226353 
Either_Row_CoL_Bus_Util = 0.235263 
Issued_on_Two_Bus_Simul_Util = 0.000176 
issued_two_Eff = 0.000749 
queue_avg = 34.510250 


dram_util_bins: 0 0 0 0 0 0 0 0 0 0
dram_eff_bins: 0 0 0 0 0 0 0 0 0 0
mrqq: max=64 avg=34.5103
Memory Partition 7: 
Cache L2_bank_014:
MSHR contents

Cache L2_bank_015:
MSHR contents

In Dram Latency Queue (total = 15): 
Ready @ 1161359 -   mf: uid=19648637, sid4294967295:w4294967295, part=7, addr=0xc1de5f00, store, size=128, L2_WRBK  status = IN_PARTITION_DRAM_LATENCY_QUEUE (1161105), 
Ready @ 1161373 -   mf: uid=19648655, sid4294967295:w4294967295, part=7, addr=0xc1def700, store, size=128, L2_WRBK  status = IN_PARTITION_DRAM_LATENCY_QUEUE (1161119), 
Ready @ 1161385 -   mf: uid=19648660, sid4294967295:w4294967295, part=7, addr=0xc1def780, store, size=128, L2_WRBK  status = IN_PARTITION_DRAM_LATENCY_QUEUE (1161131), 
Ready @ 1161390 -   mf: uid=19648663, sid4294967295:w4294967295, part=7, addr=0xc1dee700, store, size=128, L2_WRBK  status = IN_PARTITION_DRAM_LATENCY_QUEUE (1161136), 
Ready @ 1161391 -   mf: uid=19648664, sid4294967295:w4294967295, part=7, addr=0xc1de3880, store, size=128, L2_WRBK  status = IN_PARTITION_DRAM_LATENCY_QUEUE (1161137), 
Ready @ 1161398 -   mf: uid=19648671, sid4294967295:w4294967295, part=7, addr=0xc1de7d00, store, size=128, L2_WRBK  status = IN_PARTITION_DRAM_LATENCY_QUEUE (1161144), 
Ready @ 1161400 -   mf: uid=19648672, sid4294967295:w4294967295, part=7, addr=0xc1de1a00, store, size=128, L2_WRBK  status = IN_PARTITION_DRAM_LATENCY_QUEUE (1161146), 
Ready @ 1161425 -   mf: uid=19648688, sid4294967295:w4294967295, part=7, addr=0xc1de6d00, store, size=128, L2_WRBK  status = IN_PARTITION_DRAM_LATENCY_QUEUE (1161171), 
Ready @ 1161430 -   mf: uid=19648694, sid4294967295:w4294967295, part=7, addr=0xc1dee780, store, size=128, L2_WRBK  status = IN_PARTITION_DRAM_LATENCY_QUEUE (1161176), 
Ready @ 1161438 -   mf: uid=19648699, sid4294967295:w4294967295, part=7, addr=0xc1de0a80, store, size=128, L2_WRBK  status = IN_PARTITION_DRAM_LATENCY_QUEUE (1161184), 
Ready @ 1161457 -   mf: uid=19648706, sid4294967295:w4294967295, part=7, addr=0xc1de4f80, store, size=128, L2_WRBK  status = IN_PARTITION_DRAM_LATENCY_QUEUE (1161203), 
Ready @ 1161486 -   mf: uid=19648713, sid4294967295:w4294967295, part=7, addr=0xc1de1a80, store, size=128, L2_WRBK  status = IN_PARTITION_DRAM_LATENCY_QUEUE (1161232), 
Ready @ 1161497 -   mf: uid=19648716, sid4294967295:w4294967295, part=7, addr=0xc1de5f80, store, size=128, L2_WRBK  status = IN_PARTITION_DRAM_LATENCY_QUEUE (1161243), 
Ready @ 1161515 -   mf: uid=19648719, sid4294967295:w4294967295, part=7, addr=0xc1de7d80, store, size=128, L2_WRBK  status = IN_PARTITION_DRAM_LATENCY_QUEUE (1161261), 
Ready @ 1161535 -   mf: uid=19648722, sid4294967295:w4294967295, part=7, addr=0xc1de6d80, store, size=128, L2_WRBK  status = IN_PARTITION_DRAM_LATENCY_QUEUE (1161281), 
DRAM[7]: 16 bks, busW=2 BL=16 CL=24, tRRD=12 tCCD=4, tRCD=24 tRAS=55 tRP=24 tRC=78
n_cmd=1429344 n_nop=1093000 n_act=6528 n_pre=6512 n_ref_event=0 n_req=203761 n_rd=163840 n_rd_L2_A=0 n_write=0 n_wr_bk=159684 bw_util=0.9054
n_activity=1382655 dram_eff=0.936
bk0: 10240a 1126553i bk1: 10240a 1121598i bk2: 10240a 1140524i bk3: 10240a 1143201i bk4: 10240a 1130470i bk5: 10240a 1129604i bk6: 10240a 1146664i bk7: 10240a 1150100i bk8: 10240a 1114946i bk9: 10240a 1108571i bk10: 10240a 1144608i bk11: 10240a 1148222i bk12: 10240a 1122493i bk13: 10240a 1119497i bk14: 10240a 1145640i bk15: 10240a 1150859i 

------------------------------------------------------------------------

Row_Buffer_Locality = 0.967962
Row_Buffer_Locality_read = 0.980133
Row_Buffer_Locality_write = 0.918013
Bank_Level_Parallism = 3.581305
Bank_Level_Parallism_Col = 3.458474
Bank_Level_Parallism_Ready = 1.526167
write_to_read_ratio_blp_rw_average = 0.482644
GrpLevelPara = 2.993642 

BW Util details:
bwutil = 0.905378 
total_CMD = 1429344 
util_bw = 1294096 
Wasted_Col = 69934 
Wasted_Row = 11520 
Idle = 53794 

BW Util Bottlenecks: 
RCDc_limit = 11531 
RCDWRc_limit = 8998 
WTRc_limit = 67815 
RTWc_limit = 51014 
CCDLc_limit = 32925 
rwq = 0 
CCDLc_limit_alone = 25871 
WTRc_limit_alone = 63574 
RTWc_limit_alone = 48201 

Commands details: 
total_CMD = 1429344 
n_nop = 1093000 
Read = 163840 
Write = 0 
L2_Alloc = 0 
L2_WB = 159684 
n_act = 6528 
n_pre = 6512 
n_ref = 0 
n_req = 203761 
total_req = 323524 

Dual Bus Interface Util: 
issued_total_row = 13040 
issued_total_col = 323524 
Row_Bus_Util =  0.009123 
CoL_Bus_Util = 0.226344 
Either_Row_CoL_Bus_Util = 0.235314 
Issued_on_Two_Bus_Simul_Util = 0.000154 
issued_two_Eff = 0.000654 
queue_avg = 34.010712 


dram_util_bins: 0 0 0 0 0 0 0 0 0 0
dram_eff_bins: 0 0 0 0 0 0 0 0 0 0
mrqq: max=64 avg=34.0107
Memory Partition 8: 
Cache L2_bank_016:
MSHR contents

Cache L2_bank_017:
MSHR contents

In Dram Latency Queue (total = 7): 
Ready @ 1161353 -   mf: uid=19648632, sid4294967295:w4294967295, part=8, addr=0xc1de1500, store, size=128, L2_WRBK  status = IN_PARTITION_DRAM_LATENCY_QUEUE (1161099), 
Ready @ 1161360 -   mf: uid=19648638, sid4294967295:w4294967295, part=8, addr=0xc1de7280, store, size=128, L2_WRBK  status = IN_PARTITION_DRAM_LATENCY_QUEUE (1161106), 
Ready @ 1161367 -   mf: uid=19648648, sid4294967295:w4294967295, part=8, addr=0xc1de5000, store, size=128, L2_WRBK  status = IN_PARTITION_DRAM_LATENCY_QUEUE (1161113), 
Ready @ 1161372 -   mf: uid=19648654, sid4294967295:w4294967295, part=8, addr=0xc1de1580, store, size=128, L2_WRBK  status = IN_PARTITION_DRAM_LATENCY_QUEUE (1161118), 
Ready @ 1161381 -   mf: uid=19648657, sid4294967295:w4294967295, part=8, addr=0xc1de3700, store, size=128, L2_WRBK  status = IN_PARTITION_DRAM_LATENCY_QUEUE (1161127), 
Ready @ 1161412 -   mf: uid=19648677, sid4294967295:w4294967295, part=8, addr=0xc1de5080, store, size=128, L2_WRBK  status = IN_PARTITION_DRAM_LATENCY_QUEUE (1161158), 
Ready @ 1161413 -   mf: uid=19648680, sid4294967295:w4294967295, part=8, addr=0xc1de3780, store, size=128, L2_WRBK  status = IN_PARTITION_DRAM_LATENCY_QUEUE (1161159), 
DRAM[8]: 16 bks, busW=2 BL=16 CL=24, tRRD=12 tCCD=4, tRCD=24 tRAS=55 tRP=24 tRC=78
n_cmd=1429344 n_nop=1092979 n_act=6519 n_pre=6503 n_ref_event=0 n_req=203769 n_rd=163840 n_rd_L2_A=0 n_write=0 n_wr_bk=159714 bw_util=0.9055
n_activity=1383754 dram_eff=0.9353
bk0: 10240a 1120105i bk1: 10240a 1120298i bk2: 10240a 1141602i bk3: 10240a 1142568i bk4: 10240a 1124989i bk5: 10240a 1121685i bk6: 10240a 1148099i bk7: 10240a 1150482i bk8: 10240a 1124308i bk9: 10240a 1118241i bk10: 10240a 1149017i bk11: 10240a 1149186i bk12: 10240a 1121207i bk13: 10240a 1123192i bk14: 10240a 1147713i bk15: 10240a 1153156i 

------------------------------------------------------------------------

Row_Buffer_Locality = 0.968008
Row_Buffer_Locality_read = 0.980121
Row_Buffer_Locality_write = 0.918305
Bank_Level_Parallism = 3.570539
Bank_Level_Parallism_Col = 3.449651
Bank_Level_Parallism_Ready = 1.505922
write_to_read_ratio_blp_rw_average = 0.484543
GrpLevelPara = 2.985497 

BW Util details:
bwutil = 0.905462 
total_CMD = 1429344 
util_bw = 1294216 
Wasted_Col = 69612 
Wasted_Row = 12545 
Idle = 52971 

BW Util Bottlenecks: 
RCDc_limit = 12045 
RCDWRc_limit = 9431 
WTRc_limit = 64012 
RTWc_limit = 52371 
CCDLc_limit = 31172 
rwq = 0 
CCDLc_limit_alone = 24540 
WTRc_limit_alone = 60118 
RTWc_limit_alone = 49633 

Commands details: 
total_CMD = 1429344 
n_nop = 1092979 
Read = 163840 
Write = 0 
L2_Alloc = 0 
L2_WB = 159714 
n_act = 6519 
n_pre = 6503 
n_ref = 0 
n_req = 203769 
total_req = 323554 

Dual Bus Interface Util: 
issued_total_row = 13022 
issued_total_col = 323554 
Row_Bus_Util =  0.009110 
CoL_Bus_Util = 0.226365 
Either_Row_CoL_Bus_Util = 0.235328 
Issued_on_Two_Bus_Simul_Util = 0.000148 
issued_two_Eff = 0.000627 
queue_avg = 33.423077 


dram_util_bins: 0 0 0 0 0 0 0 0 0 0
dram_eff_bins: 0 0 0 0 0 0 0 0 0 0
mrqq: max=64 avg=33.4231
Memory Partition 9: 
Cache L2_bank_018:
MSHR contents

Cache L2_bank_019:
MSHR contents

In Dram Latency Queue (total = 0): 
DRAM[9]: 16 bks, busW=2 BL=16 CL=24, tRRD=12 tCCD=4, tRCD=24 tRAS=55 tRP=24 tRC=78
n_cmd=1429344 n_nop=1092910 n_act=6544 n_pre=6528 n_ref_event=0 n_req=203776 n_rd=163840 n_rd_L2_A=0 n_write=0 n_wr_bk=159738 bw_util=0.9055
n_activity=1382928 dram_eff=0.9359
bk0: 10240a 1137582i bk1: 10240a 1135305i bk2: 10240a 1146448i bk3: 10240a 1149959i bk4: 10240a 1131541i bk5: 10240a 1129634i bk6: 10240a 1155335i bk7: 10240a 1158288i bk8: 10240a 1123270i bk9: 10240a 1122822i bk10: 10240a 1148385i bk11: 10240a 1152297i bk12: 10240a 1131015i bk13: 10240a 1131250i bk14: 10240a 1150680i bk15: 10240a 1153966i 

------------------------------------------------------------------------

Row_Buffer_Locality = 0.967886
Row_Buffer_Locality_read = 0.980060
Row_Buffer_Locality_write = 0.917944
Bank_Level_Parallism = 3.500893
Bank_Level_Parallism_Col = 3.376862
Bank_Level_Parallism_Ready = 1.490975
write_to_read_ratio_blp_rw_average = 0.478870
GrpLevelPara = 2.951060 

BW Util details:
bwutil = 0.905529 
total_CMD = 1429344 
util_bw = 1294310 
Wasted_Col = 69286 
Wasted_Row = 11214 
Idle = 54534 

BW Util Bottlenecks: 
RCDc_limit = 10671 
RCDWRc_limit = 9699 
WTRc_limit = 65456 
RTWc_limit = 49013 
CCDLc_limit = 31677 
rwq = 0 
CCDLc_limit_alone = 24988 
WTRc_limit_alone = 61208 
RTWc_limit_alone = 46572 

Commands details: 
total_CMD = 1429344 
n_nop = 1092910 
Read = 163840 
Write = 0 
L2_Alloc = 0 
L2_WB = 159738 
n_act = 6544 
n_pre = 6528 
n_ref = 0 
n_req = 203776 
total_req = 323578 

Dual Bus Interface Util: 
issued_total_row = 13072 
issued_total_col = 323578 
Row_Bus_Util =  0.009145 
CoL_Bus_Util = 0.226382 
Either_Row_CoL_Bus_Util = 0.235377 
Issued_on_Two_Bus_Simul_Util = 0.000151 
issued_two_Eff = 0.000642 
queue_avg = 31.922707 


dram_util_bins: 0 0 0 0 0 0 0 0 0 0
dram_eff_bins: 0 0 0 0 0 0 0 0 0 0
mrqq: max=64 avg=31.9227
Memory Partition 10: 
Cache L2_bank_020:
MSHR contents

Cache L2_bank_021:
MSHR contents

In Dram Latency Queue (total = 9): 
Ready @ 1161350 -   mf: uid=19648628, sid4294967295:w4294967295, part=10, addr=0xc1de6080, store, size=128, L2_WRBK  status = IN_PARTITION_DRAM_LATENCY_QUEUE (1161096), 
Ready @ 1161357 -   mf: uid=19648635, sid4294967295:w4294967295, part=10, addr=0xc1de6000, store, size=128, L2_WRBK  status = IN_PARTITION_DRAM_LATENCY_QUEUE (1161103), 
Ready @ 1161369 -   mf: uid=19648649, sid4294967295:w4294967295, part=10, addr=0xc1de5280, store, size=128, L2_WRBK  status = IN_PARTITION_DRAM_LATENCY_QUEUE (1161115), 
Ready @ 1161383 -   mf: uid=19648659, sid4294967295:w4294967295, part=10, addr=0xc1de4200, store, size=128, L2_WRBK  status = IN_PARTITION_DRAM_LATENCY_QUEUE (1161129), 
Ready @ 1161416 -   mf: uid=19648681, sid4294967295:w4294967295, part=10, addr=0xc1de5200, store, size=128, L2_WRBK  status = IN_PARTITION_DRAM_LATENCY_QUEUE (1161162), 
Ready @ 1161420 -   mf: uid=19648684, sid4294967295:w4294967295, part=10, addr=0xc1de2580, store, size=128, L2_WRBK  status = IN_PARTITION_DRAM_LATENCY_QUEUE (1161166), 
Ready @ 1161425 -   mf: uid=19648689, sid4294967295:w4294967295, part=10, addr=0xc1de7080, store, size=128, L2_WRBK  status = IN_PARTITION_DRAM_LATENCY_QUEUE (1161171), 
Ready @ 1161434 -   mf: uid=19648696, sid4294967295:w4294967295, part=10, addr=0xc1de2500, store, size=128, L2_WRBK  status = IN_PARTITION_DRAM_LATENCY_QUEUE (1161180), 
Ready @ 1161452 -   mf: uid=19648704, sid4294967295:w4294967295, part=10, addr=0xc1de7000, store, size=128, L2_WRBK  status = IN_PARTITION_DRAM_LATENCY_QUEUE (1161198), 
DRAM[10]: 16 bks, busW=2 BL=16 CL=24, tRRD=12 tCCD=4, tRCD=24 tRAS=55 tRP=24 tRC=78
n_cmd=1429344 n_nop=1093001 n_act=6533 n_pre=6517 n_ref_event=0 n_req=203767 n_rd=163840 n_rd_L2_A=0 n_write=0 n_wr_bk=159698 bw_util=0.9054
n_activity=1383789 dram_eff=0.9352
bk0: 10240a 1122313i bk1: 10240a 1120073i bk2: 10240a 1143226i bk3: 10240a 1149974i bk4: 10240a 1117334i bk5: 10240a 1113999i bk6: 10240a 1142719i bk7: 10240a 1144046i bk8: 10240a 1110766i bk9: 10240a 1107132i bk10: 10240a 1139788i bk11: 10240a 1141894i bk12: 10240a 1128790i bk13: 10240a 1124586i bk14: 10240a 1154398i bk15: 10240a 1156646i 

------------------------------------------------------------------------

Row_Buffer_Locality = 0.967939
Row_Buffer_Locality_read = 0.980035
Row_Buffer_Locality_write = 0.918299
Bank_Level_Parallism = 3.598840
Bank_Level_Parallism_Col = 3.475469
Bank_Level_Parallism_Ready = 1.521189
write_to_read_ratio_blp_rw_average = 0.488351
GrpLevelPara = 2.990669 

BW Util details:
bwutil = 0.905417 
total_CMD = 1429344 
util_bw = 1294149 
Wasted_Col = 70550 
Wasted_Row = 11545 
Idle = 53100 

BW Util Bottlenecks: 
RCDc_limit = 11190 
RCDWRc_limit = 9004 
WTRc_limit = 65997 
RTWc_limit = 53394 
CCDLc_limit = 33243 
rwq = 0 
CCDLc_limit_alone = 26406 
WTRc_limit_alone = 62170 
RTWc_limit_alone = 50384 

Commands details: 
total_CMD = 1429344 
n_nop = 1093001 
Read = 163840 
Write = 0 
L2_Alloc = 0 
L2_WB = 159698 
n_act = 6533 
n_pre = 6517 
n_ref = 0 
n_req = 203767 
total_req = 323538 

Dual Bus Interface Util: 
issued_total_row = 13050 
issued_total_col = 323538 
Row_Bus_Util =  0.009130 
CoL_Bus_Util = 0.226354 
Either_Row_CoL_Bus_Util = 0.235313 
Issued_on_Two_Bus_Simul_Util = 0.000171 
issued_two_Eff = 0.000728 
queue_avg = 34.012299 


dram_util_bins: 0 0 0 0 0 0 0 0 0 0
dram_eff_bins: 0 0 0 0 0 0 0 0 0 0
mrqq: max=64 avg=34.0123
Memory Partition 11: 
Cache L2_bank_022:
MSHR contents

Cache L2_bank_023:
MSHR contents

In Dram Latency Queue (total = 18): 
Ready @ 1161346 -   mf: uid=19648621, sid4294967295:w4294967295, part=11, addr=0xc1deae80, store, size=128, L2_WRBK  status = IN_PARTITION_DRAM_LATENCY_QUEUE (1161092), 
Ready @ 1161351 -   mf: uid=19648629, sid4294967295:w4294967295, part=11, addr=0xc1de3400, store, size=128, L2_WRBK  status = IN_PARTITION_DRAM_LATENCY_QUEUE (1161097), 
Ready @ 1161370 -   mf: uid=19648652, sid4294967295:w4294967295, part=11, addr=0xc1deeb80, store, size=128, L2_WRBK  status = IN_PARTITION_DRAM_LATENCY_QUEUE (1161116), 
Ready @ 1161393 -   mf: uid=19648665, sid4294967295:w4294967295, part=11, addr=0xc1defb80, store, size=128, L2_WRBK  status = IN_PARTITION_DRAM_LATENCY_QUEUE (1161139), 
Ready @ 1161412 -   mf: uid=19648678, sid4294967295:w4294967295, part=11, addr=0xc1de5300, store, size=128, L2_WRBK  status = IN_PARTITION_DRAM_LATENCY_QUEUE (1161158), 
Ready @ 1161416 -   mf: uid=19648682, sid4294967295:w4294967295, part=11, addr=0xc1de6100, store, size=128, L2_WRBK  status = IN_PARTITION_DRAM_LATENCY_QUEUE (1161162), 
Ready @ 1161429 -   mf: uid=19648691, sid4294967295:w4294967295, part=11, addr=0xc1de4300, store, size=128, L2_WRBK  status = IN_PARTITION_DRAM_LATENCY_QUEUE (1161175), 
Ready @ 1161433 -   mf: uid=19648695, sid4294967295:w4294967295, part=11, addr=0xc1de1680, store, size=128, L2_WRBK  status = IN_PARTITION_DRAM_LATENCY_QUEUE (1161179), 
Ready @ 1161446 -   mf: uid=19648702, sid4294967295:w4294967295, part=11, addr=0xc1de0680, store, size=128, L2_WRBK  status = IN_PARTITION_DRAM_LATENCY_QUEUE (1161192), 
Ready @ 1161460 -   mf: uid=19648708, sid4294967295:w4294967295, part=11, addr=0xc1de2400, store, size=128, L2_WRBK  status = IN_PARTITION_DRAM_LATENCY_QUEUE (1161206), 
Ready @ 1161476 -   mf: uid=19648711, sid4294967295:w4294967295, part=11, addr=0xc1ded980, store, size=128, L2_WRBK  status = IN_PARTITION_DRAM_LATENCY_QUEUE (1161222), 
Ready @ 1161483 -   mf: uid=19648712, sid4294967295:w4294967295, part=11, addr=0xc1de7100, store, size=128, L2_WRBK  status = IN_PARTITION_DRAM_LATENCY_QUEUE (1161229), 
Ready @ 1161494 -   mf: uid=19648714, sid4294967295:w4294967295, part=11, addr=0xc1de3480, store, size=128, L2_WRBK  status = IN_PARTITION_DRAM_LATENCY_QUEUE (1161240), 
Ready @ 1161513 -   mf: uid=19648717, sid4294967295:w4294967295, part=11, addr=0xc1de4380, store, size=128, L2_WRBK  status = IN_PARTITION_DRAM_LATENCY_QUEUE (1161259), 
Ready @ 1161533 -   mf: uid=19648721, sid4294967295:w4294967295, part=11, addr=0xc1de5380, store, size=128, L2_WRBK  status = IN_PARTITION_DRAM_LATENCY_QUEUE (1161279), 
Ready @ 1161552 -   mf: uid=19648723, sid4294967295:w4294967295, part=11, addr=0xc1de6180, store, size=128, L2_WRBK  status = IN_PARTITION_DRAM_LATENCY_QUEUE (1161298), 
Ready @ 1161572 -   mf: uid=19648724, sid4294967295:w4294967295, part=11, addr=0xc1de2480, store, size=128, L2_WRBK  status = IN_PARTITION_DRAM_LATENCY_QUEUE (1161318), 
Ready @ 1161591 -   mf: uid=19648725, sid4294967295:w4294967295, part=11, addr=0xc1de7180, store, size=128, L2_WRBK  status = IN_PARTITION_DRAM_LATENCY_QUEUE (1161337), 
DRAM[11]: 16 bks, busW=2 BL=16 CL=24, tRRD=12 tCCD=4, tRCD=24 tRAS=55 tRP=24 tRC=78
n_cmd=1429344 n_nop=1093114 n_act=6488 n_pre=6472 n_ref_event=0 n_req=203758 n_rd=163840 n_rd_L2_A=0 n_write=0 n_wr_bk=159669 bw_util=0.9053
n_activity=1383075 dram_eff=0.9356
bk0: 10240a 1121859i bk1: 10240a 1121969i bk2: 10240a 1142334i bk3: 10240a 1142042i bk4: 10240a 1120419i bk5: 10240a 1116820i bk6: 10240a 1144083i bk7: 10240a 1146011i bk8: 10240a 1115267i bk9: 10240a 1111374i bk10: 10240a 1147326i bk11: 10240a 1148590i bk12: 10240a 1126544i bk13: 10240a 1121763i bk14: 10240a 1149251i bk15: 10240a 1153581i 

------------------------------------------------------------------------

Row_Buffer_Locality = 0.968158
Row_Buffer_Locality_read = 0.980237
Row_Buffer_Locality_write = 0.918583
Bank_Level_Parallism = 3.592106
Bank_Level_Parallism_Col = 3.468222
Bank_Level_Parallism_Ready = 1.505200
write_to_read_ratio_blp_rw_average = 0.490250
GrpLevelPara = 2.988918 

BW Util details:
bwutil = 0.905336 
total_CMD = 1429344 
util_bw = 1294035 
Wasted_Col = 70047 
Wasted_Row = 11476 
Idle = 53786 

BW Util Bottlenecks: 
RCDc_limit = 12005 
RCDWRc_limit = 8813 
WTRc_limit = 65747 
RTWc_limit = 53068 
CCDLc_limit = 32027 
rwq = 0 
CCDLc_limit_alone = 25029 
WTRc_limit_alone = 61519 
RTWc_limit_alone = 50298 

Commands details: 
total_CMD = 1429344 
n_nop = 1093114 
Read = 163840 
Write = 0 
L2_Alloc = 0 
L2_WB = 159669 
n_act = 6488 
n_pre = 6472 
n_ref = 0 
n_req = 203758 
total_req = 323509 

Dual Bus Interface Util: 
issued_total_row = 12960 
issued_total_col = 323509 
Row_Bus_Util =  0.009067 
CoL_Bus_Util = 0.226334 
Either_Row_CoL_Bus_Util = 0.235234 
Issued_on_Two_Bus_Simul_Util = 0.000167 
issued_two_Eff = 0.000711 
queue_avg = 33.648464 


dram_util_bins: 0 0 0 0 0 0 0 0 0 0
dram_eff_bins: 0 0 0 0 0 0 0 0 0 0
mrqq: max=64 avg=33.6485
Memory Partition 12: 
Cache L2_bank_024:
MSHR contents

Cache L2_bank_025:
MSHR contents

In Dram Latency Queue (total = 2): 
Ready @ 1161346 -   mf: uid=19648622, sid4294967295:w4294967295, part=12, addr=0xc1de4480, store, size=128, L2_WRBK  status = IN_PARTITION_DRAM_LATENCY_QUEUE (1161092), 
Ready @ 1161360 -   mf: uid=19648639, sid4294967295:w4294967295, part=12, addr=0xc1de4400, store, size=128, L2_WRBK  status = IN_PARTITION_DRAM_LATENCY_QUEUE (1161106), 
DRAM[12]: 16 bks, busW=2 BL=16 CL=24, tRRD=12 tCCD=4, tRCD=24 tRAS=55 tRP=24 tRC=78
n_cmd=1429344 n_nop=1092971 n_act=6524 n_pre=6508 n_ref_event=0 n_req=203774 n_rd=163840 n_rd_L2_A=0 n_write=0 n_wr_bk=159727 bw_util=0.9055
n_activity=1383733 dram_eff=0.9353
bk0: 10240a 1121835i bk1: 10240a 1118331i bk2: 10240a 1137929i bk3: 10240a 1138110i bk4: 10240a 1124515i bk5: 10240a 1120970i bk6: 10240a 1141299i bk7: 10240a 1145573i bk8: 10240a 1112991i bk9: 10240a 1107631i bk10: 10240a 1140241i bk11: 10240a 1143047i bk12: 10240a 1115063i bk13: 10240a 1111530i bk14: 10240a 1146409i bk15: 10240a 1148382i 

------------------------------------------------------------------------

Row_Buffer_Locality = 0.967984
Row_Buffer_Locality_read = 0.980090
Row_Buffer_Locality_write = 0.918313
Bank_Level_Parallism = 3.628181
Bank_Level_Parallism_Col = 3.504410
Bank_Level_Parallism_Ready = 1.523731
write_to_read_ratio_blp_rw_average = 0.488653
GrpLevelPara = 3.013459 

BW Util details:
bwutil = 0.905498 
total_CMD = 1429344 
util_bw = 1294265 
Wasted_Col = 71108 
Wasted_Row = 11551 
Idle = 52420 

BW Util Bottlenecks: 
RCDc_limit = 12598 
RCDWRc_limit = 8189 
WTRc_limit = 63250 
RTWc_limit = 56673 
CCDLc_limit = 32596 
rwq = 0 
CCDLc_limit_alone = 25913 
WTRc_limit_alone = 59540 
RTWc_limit_alone = 53700 

Commands details: 
total_CMD = 1429344 
n_nop = 1092971 
Read = 163840 
Write = 0 
L2_Alloc = 0 
L2_WB = 159727 
n_act = 6524 
n_pre = 6508 
n_ref = 0 
n_req = 203774 
total_req = 323567 

Dual Bus Interface Util: 
issued_total_row = 13032 
issued_total_col = 323567 
Row_Bus_Util =  0.009117 
CoL_Bus_Util = 0.226374 
Either_Row_CoL_Bus_Util = 0.235334 
Issued_on_Two_Bus_Simul_Util = 0.000158 
issued_two_Eff = 0.000672 
queue_avg = 34.433552 


dram_util_bins: 0 0 0 0 0 0 0 0 0 0
dram_eff_bins: 0 0 0 0 0 0 0 0 0 0
mrqq: max=64 avg=34.4336
Memory Partition 13: 
Cache L2_bank_026:
MSHR contents

Cache L2_bank_027:
MSHR contents

In Dram Latency Queue (total = 2): 
Ready @ 1161360 -   mf: uid=19648640, sid4294967295:w4294967295, part=13, addr=0xc1de5580, store, size=128, L2_WRBK  status = IN_PARTITION_DRAM_LATENCY_QUEUE (1161106), 
Ready @ 1161369 -   mf: uid=19648650, sid4294967295:w4294967295, part=13, addr=0xc1de4580, store, size=128, L2_WRBK  status = IN_PARTITION_DRAM_LATENCY_QUEUE (1161115), 
DRAM[13]: 16 bks, busW=2 BL=16 CL=24, tRRD=12 tCCD=4, tRCD=24 tRAS=55 tRP=24 tRC=78
n_cmd=1429344 n_nop=1092890 n_act=6561 n_pre=6545 n_ref_event=0 n_req=203774 n_rd=163840 n_rd_L2_A=0 n_write=0 n_wr_bk=159731 bw_util=0.9055
n_activity=1383089 dram_eff=0.9358
bk0: 10240a 1121491i bk1: 10240a 1117635i bk2: 10240a 1136940i bk3: 10240a 1138497i bk4: 10240a 1125094i bk5: 10240a 1121806i bk6: 10240a 1141657i bk7: 10240a 1148768i bk8: 10240a 1110726i bk9: 10240a 1107686i bk10: 10240a 1140572i bk11: 10240a 1143452i bk12: 10240a 1119637i bk13: 10240a 1120472i bk14: 10240a 1145893i bk15: 10240a 1147731i 

------------------------------------------------------------------------

Row_Buffer_Locality = 0.967803
Row_Buffer_Locality_read = 0.980029
Row_Buffer_Locality_write = 0.917639
Bank_Level_Parallism = 3.620984
Bank_Level_Parallism_Col = 3.497312
Bank_Level_Parallism_Ready = 1.538123
write_to_read_ratio_blp_rw_average = 0.484908
GrpLevelPara = 3.005248 

BW Util details:
bwutil = 0.905509 
total_CMD = 1429344 
util_bw = 1294282 
Wasted_Col = 69913 
Wasted_Row = 11678 
Idle = 53471 

BW Util Bottlenecks: 
RCDc_limit = 11838 
RCDWRc_limit = 9037 
WTRc_limit = 65409 
RTWc_limit = 52462 
CCDLc_limit = 32651 
rwq = 0 
CCDLc_limit_alone = 25687 
WTRc_limit_alone = 61525 
RTWc_limit_alone = 49382 

Commands details: 
total_CMD = 1429344 
n_nop = 1092890 
Read = 163840 
Write = 0 
L2_Alloc = 0 
L2_WB = 159731 
n_act = 6561 
n_pre = 6545 
n_ref = 0 
n_req = 203774 
total_req = 323571 

Dual Bus Interface Util: 
issued_total_row = 13106 
issued_total_col = 323571 
Row_Bus_Util =  0.009169 
CoL_Bus_Util = 0.226377 
Either_Row_CoL_Bus_Util = 0.235390 
Issued_on_Two_Bus_Simul_Util = 0.000156 
issued_two_Eff = 0.000663 
queue_avg = 34.129890 


dram_util_bins: 0 0 0 0 0 0 0 0 0 0
dram_eff_bins: 0 0 0 0 0 0 0 0 0 0
mrqq: max=64 avg=34.1299
Memory Partition 14: 
Cache L2_bank_028:
MSHR contents

Cache L2_bank_029:
MSHR contents

In Dram Latency Queue (total = 7): 
Ready @ 1161360 -   mf: uid=19648641, sid4294967295:w4294967295, part=14, addr=0xc1de5680, store, size=128, L2_WRBK  status = IN_PARTITION_DRAM_LATENCY_QUEUE (1161106), 
Ready @ 1161382 -   mf: uid=19648658, sid4294967295:w4294967295, part=14, addr=0xc1de5600, store, size=128, L2_WRBK  status = IN_PARTITION_DRAM_LATENCY_QUEUE (1161128), 
Ready @ 1161389 -   mf: uid=19648662, sid4294967295:w4294967295, part=14, addr=0xc1de6480, store, size=128, L2_WRBK  status = IN_PARTITION_DRAM_LATENCY_QUEUE (1161135), 
Ready @ 1161393 -   mf: uid=19648666, sid4294967295:w4294967295, part=14, addr=0xc1de4600, store, size=128, L2_WRBK  status = IN_PARTITION_DRAM_LATENCY_QUEUE (1161139), 
Ready @ 1161412 -   mf: uid=19648679, sid4294967295:w4294967295, part=14, addr=0xc1de7480, store, size=128, L2_WRBK  status = IN_PARTITION_DRAM_LATENCY_QUEUE (1161158), 
Ready @ 1161428 -   mf: uid=19648690, sid4294967295:w4294967295, part=14, addr=0xc1de6400, store, size=128, L2_WRBK  status = IN_PARTITION_DRAM_LATENCY_QUEUE (1161174), 
Ready @ 1161437 -   mf: uid=19648697, sid4294967295:w4294967295, part=14, addr=0xc1de7400, store, size=128, L2_WRBK  status = IN_PARTITION_DRAM_LATENCY_QUEUE (1161183), 
DRAM[14]: 16 bks, busW=2 BL=16 CL=24, tRRD=12 tCCD=4, tRCD=24 tRAS=55 tRP=24 tRC=78
n_cmd=1429344 n_nop=1093027 n_act=6512 n_pre=6496 n_ref_event=0 n_req=203769 n_rd=163840 n_rd_L2_A=0 n_write=0 n_wr_bk=159703 bw_util=0.9054
n_activity=1383164 dram_eff=0.9357
bk0: 10240a 1126760i bk1: 10240a 1126904i bk2: 10240a 1143415i bk3: 10240a 1148214i bk4: 10240a 1126320i bk5: 10240a 1124635i bk6: 10240a 1152989i bk7: 10240a 1155553i bk8: 10240a 1114663i bk9: 10240a 1113908i bk10: 10240a 1143635i bk11: 10240a 1145145i bk12: 10240a 1126860i bk13: 10240a 1124944i bk14: 10240a 1149272i bk15: 10240a 1150295i 

------------------------------------------------------------------------

Row_Buffer_Locality = 0.968042
Row_Buffer_Locality_read = 0.980188
Row_Buffer_Locality_write = 0.918201
Bank_Level_Parallism = 3.559581
Bank_Level_Parallism_Col = 3.437314
Bank_Level_Parallism_Ready = 1.514929
write_to_read_ratio_blp_rw_average = 0.482005
GrpLevelPara = 2.976576 

BW Util details:
bwutil = 0.905431 
total_CMD = 1429344 
util_bw = 1294170 
Wasted_Col = 69837 
Wasted_Row = 11640 
Idle = 53697 

BW Util Bottlenecks: 
RCDc_limit = 11193 
RCDWRc_limit = 9269 
WTRc_limit = 64905 
RTWc_limit = 51785 
CCDLc_limit = 32474 
rwq = 0 
CCDLc_limit_alone = 25821 
WTRc_limit_alone = 61202 
RTWc_limit_alone = 48835 

Commands details: 
total_CMD = 1429344 
n_nop = 1093027 
Read = 163840 
Write = 0 
L2_Alloc = 0 
L2_WB = 159703 
n_act = 6512 
n_pre = 6496 
n_ref = 0 
n_req = 203769 
total_req = 323543 

Dual Bus Interface Util: 
issued_total_row = 13008 
issued_total_col = 323543 
Row_Bus_Util =  0.009101 
CoL_Bus_Util = 0.226358 
Either_Row_CoL_Bus_Util = 0.235295 
Issued_on_Two_Bus_Simul_Util = 0.000164 
issued_two_Eff = 0.000696 
queue_avg = 33.417652 


dram_util_bins: 0 0 0 0 0 0 0 0 0 0
dram_eff_bins: 0 0 0 0 0 0 0 0 0 0
mrqq: max=64 avg=33.4177
Memory Partition 15: 
Cache L2_bank_030:
MSHR contents

Cache L2_bank_031:
MSHR contents

In Dram Latency Queue (total = 9): 
Ready @ 1161346 -   mf: uid=19648623, sid4294967295:w4294967295, part=15, addr=0xc1de4780, store, size=128, L2_WRBK  status = IN_PARTITION_DRAM_LATENCY_QUEUE (1161092), 
Ready @ 1161351 -   mf: uid=19648630, sid4294967295:w4294967295, part=15, addr=0xc1de5700, store, size=128, L2_WRBK  status = IN_PARTITION_DRAM_LATENCY_QUEUE (1161097), 
Ready @ 1161393 -   mf: uid=19648667, sid4294967295:w4294967295, part=15, addr=0xc1de5780, store, size=128, L2_WRBK  status = IN_PARTITION_DRAM_LATENCY_QUEUE (1161139), 
Ready @ 1161403 -   mf: uid=19648673, sid4294967295:w4294967295, part=15, addr=0xc1dedd80, store, size=128, L2_WRBK  status = IN_PARTITION_DRAM_LATENCY_QUEUE (1161149), 
Ready @ 1161406 -   mf: uid=19648674, sid4294967295:w4294967295, part=15, addr=0xc1dedd00, store, size=128, L2_WRBK  status = IN_PARTITION_DRAM_LATENCY_QUEUE (1161152), 
Ready @ 1161410 -   mf: uid=19648676, sid4294967295:w4294967295, part=15, addr=0xc1de6500, store, size=128, L2_WRBK  status = IN_PARTITION_DRAM_LATENCY_QUEUE (1161156), 
Ready @ 1161420 -   mf: uid=19648685, sid4294967295:w4294967295, part=15, addr=0xc1de7580, store, size=128, L2_WRBK  status = IN_PARTITION_DRAM_LATENCY_QUEUE (1161166), 
Ready @ 1161429 -   mf: uid=19648692, sid4294967295:w4294967295, part=15, addr=0xc1de7500, store, size=128, L2_WRBK  status = IN_PARTITION_DRAM_LATENCY_QUEUE (1161175), 
Ready @ 1161443 -   mf: uid=19648701, sid4294967295:w4294967295, part=15, addr=0xc1de6580, store, size=128, L2_WRBK  status = IN_PARTITION_DRAM_LATENCY_QUEUE (1161189), 
DRAM[15]: 16 bks, busW=2 BL=16 CL=24, tRRD=12 tCCD=4, tRCD=24 tRAS=55 tRP=24 tRC=78
n_cmd=1429344 n_nop=1092929 n_act=6567 n_pre=6551 n_ref_event=0 n_req=203767 n_rd=163840 n_rd_L2_A=0 n_write=0 n_wr_bk=159698 bw_util=0.9054
n_activity=1383387 dram_eff=0.9355
bk0: 10240a 1123098i bk1: 10240a 1121219i bk2: 10240a 1140444i bk3: 10240a 1143058i bk4: 10240a 1125954i bk5: 10240a 1120734i bk6: 10240a 1149713i bk7: 10240a 1148401i bk8: 10240a 1119945i bk9: 10240a 1115061i bk10: 10240a 1147259i bk11: 10240a 1143634i bk12: 10240a 1129285i bk13: 10240a 1127215i bk14: 10240a 1153480i bk15: 10240a 1156352i 

------------------------------------------------------------------------

Row_Buffer_Locality = 0.967772
Row_Buffer_Locality_read = 0.979974
Row_Buffer_Locality_write = 0.917696
Bank_Level_Parallism = 3.564738
Bank_Level_Parallism_Col = 3.440971
Bank_Level_Parallism_Ready = 1.508386
write_to_read_ratio_blp_rw_average = 0.484121
GrpLevelPara = 2.982564 

BW Util details:
bwutil = 0.905417 
total_CMD = 1429344 
util_bw = 1294151 
Wasted_Col = 69795 
Wasted_Row = 12183 
Idle = 53215 

BW Util Bottlenecks: 
RCDc_limit = 11539 
RCDWRc_limit = 9532 
WTRc_limit = 64955 
RTWc_limit = 48853 
CCDLc_limit = 31054 
rwq = 0 
CCDLc_limit_alone = 24785 
WTRc_limit_alone = 61114 
RTWc_limit_alone = 46425 

Commands details: 
total_CMD = 1429344 
n_nop = 1092929 
Read = 163840 
Write = 0 
L2_Alloc = 0 
L2_WB = 159698 
n_act = 6567 
n_pre = 6551 
n_ref = 0 
n_req = 203767 
total_req = 323538 

Dual Bus Interface Util: 
issued_total_row = 13118 
issued_total_col = 323538 
Row_Bus_Util =  0.009178 
CoL_Bus_Util = 0.226354 
Either_Row_CoL_Bus_Util = 0.235363 
Issued_on_Two_Bus_Simul_Util = 0.000169 
issued_two_Eff = 0.000716 
queue_avg = 33.293510 


dram_util_bins: 0 0 0 0 0 0 0 0 0 0
dram_eff_bins: 0 0 0 0 0 0 0 0 0 0
mrqq: max=64 avg=33.2935

========= L2 cache stats =========
L2_cache_bank[0]: Access = 163840, Miss = 163840, Miss_rate = 1.000, Pending_hits = 0, Reservation_fails = 0
L2_cache_bank[1]: Access = 163840, Miss = 163840, Miss_rate = 1.000, Pending_hits = 0, Reservation_fails = 0
L2_cache_bank[2]: Access = 163840, Miss = 163840, Miss_rate = 1.000, Pending_hits = 0, Reservation_fails = 0
L2_cache_bank[3]: Access = 163840, Miss = 163840, Miss_rate = 1.000, Pending_hits = 0, Reservation_fails = 0
L2_cache_bank[4]: Access = 163840, Miss = 163840, Miss_rate = 1.000, Pending_hits = 0, Reservation_fails = 0
L2_cache_bank[5]: Access = 163840, Miss = 163840, Miss_rate = 1.000, Pending_hits = 0, Reservation_fails = 0
L2_cache_bank[6]: Access = 163840, Miss = 163840, Miss_rate = 1.000, Pending_hits = 0, Reservation_fails = 0
L2_cache_bank[7]: Access = 163840, Miss = 163840, Miss_rate = 1.000, Pending_hits = 0, Reservation_fails = 0
L2_cache_bank[8]: Access = 163840, Miss = 163840, Miss_rate = 1.000, Pending_hits = 0, Reservation_fails = 0
L2_cache_bank[9]: Access = 163840, Miss = 163840, Miss_rate = 1.000, Pending_hits = 0, Reservation_fails = 0
L2_cache_bank[10]: Access = 163840, Miss = 163840, Miss_rate = 1.000, Pending_hits = 0, Reservation_fails = 0
L2_cache_bank[11]: Access = 163840, Miss = 163840, Miss_rate = 1.000, Pending_hits = 0, Reservation_fails = 0
L2_cache_bank[12]: Access = 163840, Miss = 163840, Miss_rate = 1.000, Pending_hits = 0, Reservation_fails = 0
L2_cache_bank[13]: Access = 163840, Miss = 163840, Miss_rate = 1.000, Pending_hits = 0, Reservation_fails = 0
L2_cache_bank[14]: Access = 163840, Miss = 163840, Miss_rate = 1.000, Pending_hits = 0, Reservation_fails = 0
L2_cache_bank[15]: Access = 163840, Miss = 163840, Miss_rate = 1.000, Pending_hits = 0, Reservation_fails = 0
L2_cache_bank[16]: Access = 163840, Miss = 163840, Miss_rate = 1.000, Pending_hits = 0, Reservation_fails = 0
L2_cache_bank[17]: Access = 163840, Miss = 163840, Miss_rate = 1.000, Pending_hits = 0, Reservation_fails = 0
L2_cache_bank[18]: Access = 163840, Miss = 163840, Miss_rate = 1.000, Pending_hits = 0, Reservation_fails = 0
L2_cache_bank[19]: Access = 163840, Miss = 163840, Miss_rate = 1.000, Pending_hits = 0, Reservation_fails = 0
L2_cache_bank[20]: Access = 163840, Miss = 163840, Miss_rate = 1.000, Pending_hits = 0, Reservation_fails = 0
L2_cache_bank[21]: Access = 163840, Miss = 163840, Miss_rate = 1.000, Pending_hits = 0, Reservation_fails = 0
L2_cache_bank[22]: Access = 163840, Miss = 163840, Miss_rate = 1.000, Pending_hits = 0, Reservation_fails = 0
L2_cache_bank[23]: Access = 163840, Miss = 163840, Miss_rate = 1.000, Pending_hits = 0, Reservation_fails = 0
L2_cache_bank[24]: Access = 163840, Miss = 163840, Miss_rate = 1.000, Pending_hits = 0, Reservation_fails = 0
L2_cache_bank[25]: Access = 163840, Miss = 163840, Miss_rate = 1.000, Pending_hits = 0, Reservation_fails = 0
L2_cache_bank[26]: Access = 163840, Miss = 163840, Miss_rate = 1.000, Pending_hits = 0, Reservation_fails = 0
L2_cache_bank[27]: Access = 163840, Miss = 163840, Miss_rate = 1.000, Pending_hits = 0, Reservation_fails = 0
L2_cache_bank[28]: Access = 163840, Miss = 163840, Miss_rate = 1.000, Pending_hits = 0, Reservation_fails = 0
L2_cache_bank[29]: Access = 163840, Miss = 163840, Miss_rate = 1.000, Pending_hits = 0, Reservation_fails = 0
L2_cache_bank[30]: Access = 163840, Miss = 163840, Miss_rate = 1.000, Pending_hits = 0, Reservation_fails = 0
L2_cache_bank[31]: Access = 163840, Miss = 163840, Miss_rate = 1.000, Pending_hits = 0, Reservation_fails = 0
L2_total_cache_accesses = 5242880
L2_total_cache_misses = 5242880
L2_total_cache_miss_rate = 1.0000
L2_total_cache_pending_hits = 0
L2_total_cache_reservation_fails = 0
L2_total_cache_breakdown:
	L2_cache_stats_breakdown[GLOBAL_ACC_R][HIT] = 0
	L2_cache_stats_breakdown[GLOBAL_ACC_R][HIT_RESERVED] = 0
	L2_cache_stats_breakdown[GLOBAL_ACC_R][MISS] = 393216
	L2_cache_stats_breakdown[GLOBAL_ACC_R][RESERVATION_FAIL] = 0
	L2_cache_stats_breakdown[GLOBAL_ACC_R][SECTOR_MISS] = 1179648
	L2_cache_stats_breakdown[GLOBAL_ACC_R][MSHR_HIT] = 0
	L2_cache_stats_breakdown[LOCAL_ACC_R][HIT] = 0
	L2_cache_stats_breakdown[LOCAL_ACC_R][HIT_RESERVED] = 0
	L2_cache_stats_breakdown[LOCAL_ACC_R][MISS] = 0
	L2_cache_stats_breakdown[LOCAL_ACC_R][RESERVATION_FAIL] = 0
	L2_cache_stats_breakdown[LOCAL_ACC_R][SECTOR_MISS] = 0
	L2_cache_stats_breakdown[LOCAL_ACC_R][MSHR_HIT] = 0
	L2_cache_stats_breakdown[CONST_ACC_R][HIT] = 0
	L2_cache_stats_breakdown[CONST_ACC_R][HIT_RESERVED] = 0
	L2_cache_stats_breakdown[CONST_ACC_R][MISS] = 0
	L2_cache_stats_breakdown[CONST_ACC_R][RESERVATION_FAIL] = 0
	L2_cache_stats_breakdown[CONST_ACC_R][SECTOR_MISS] = 0
	L2_cache_stats_breakdown[CONST_ACC_R][MSHR_HIT] = 0
	L2_cache_stats_breakdown[TEXTURE_ACC_R][HIT] = 0
	L2_cache_stats_breakdown[TEXTURE_ACC_R][HIT_RESERVED] = 0
	L2_cache_stats_breakdown[TEXTURE_ACC_R][MISS] = 0
	L2_cache_stats_breakdown[TEXTURE_ACC_R][RESERVATION_FAIL] = 0
	L2_cache_stats_breakdown[TEXTURE_ACC_R][SECTOR_MISS] = 0
	L2_cache_stats_breakdown[TEXTURE_ACC_R][MSHR_HIT] = 0
	L2_cache_stats_breakdown[GLOBAL_ACC_W][HIT] = 0
	L2_cache_stats_breakdown[GLOBAL_ACC_W][HIT_RESERVED] = 0
	L2_cache_stats_breakdown[GLOBAL_ACC_W][MISS] = 393216
	L2_cache_stats_breakdown[GLOBAL_ACC_W][RESERVATION_FAIL] = 0
	L2_cache_stats_breakdown[GLOBAL_ACC_W][SECTOR_MISS] = 1179648
	L2_cache_stats_breakdown[GLOBAL_ACC_W][MSHR_HIT] = 0
	L2_cache_stats_breakdown[LOCAL_ACC_W][HIT] = 0
	L2_cache_stats_breakdown[LOCAL_ACC_W][HIT_RESERVED] = 0
	L2_cache_stats_breakdown[LOCAL_ACC_W][MISS] = 0
	L2_cache_stats_breakdown[LOCAL_ACC_W][RESERVATION_FAIL] = 0
	L2_cache_stats_breakdown[LOCAL_ACC_W][SECTOR_MISS] = 0
	L2_cache_stats_breakdown[LOCAL_ACC_W][MSHR_HIT] = 0
	L2_cache_stats_breakdown[L1_WRBK_ACC][HIT] = 0
	L2_cache_stats_breakdown[L1_WRBK_ACC][HIT_RESERVED] = 0
	L2_cache_stats_breakdown[L1_WRBK_ACC][MISS] = 0
	L2_cache_stats_breakdown[L1_WRBK_ACC][RESERVATION_FAIL] = 0
	L2_cache_stats_breakdown[L1_WRBK_ACC][SECTOR_MISS] = 0
	L2_cache_stats_breakdown[L1_WRBK_ACC][MSHR_HIT] = 0
	L2_cache_stats_breakdown[L2_WRBK_ACC][HIT] = 0
	L2_cache_stats_breakdown[L2_WRBK_ACC][HIT_RESERVED] = 0
	L2_cache_stats_breakdown[L2_WRBK_ACC][MISS] = 0
	L2_cache_stats_breakdown[L2_WRBK_ACC][RESERVATION_FAIL] = 0
	L2_cache_stats_breakdown[L2_WRBK_ACC][SECTOR_MISS] = 0
	L2_cache_stats_breakdown[L2_WRBK_ACC][MSHR_HIT] = 0
	L2_cache_stats_breakdown[INST_ACC_R][HIT] = 0
	L2_cache_stats_breakdown[INST_ACC_R][HIT_RESERVED] = 0
	L2_cache_stats_breakdown[INST_ACC_R][MISS] = 0
	L2_cache_stats_breakdown[INST_ACC_R][RESERVATION_FAIL] = 0
	L2_cache_stats_breakdown[INST_ACC_R][SECTOR_MISS] = 0
	L2_cache_stats_breakdown[INST_ACC_R][MSHR_HIT] = 0
	L2_cache_stats_breakdown[L1_WR_ALLOC_R][HIT] = 0
	L2_cache_stats_breakdown[L1_WR_ALLOC_R][HIT_RESERVED] = 0
	L2_cache_stats_breakdown[L1_WR_ALLOC_R][MISS] = 0
	L2_cache_stats_breakdown[L1_WR_ALLOC_R][RESERVATION_FAIL] = 0
	L2_cache_stats_breakdown[L1_WR_ALLOC_R][SECTOR_MISS] = 0
	L2_cache_stats_breakdown[L1_WR_ALLOC_R][MSHR_HIT] = 0
	L2_cache_stats_breakdown[L2_WR_ALLOC_R][HIT] = 0
	L2_cache_stats_breakdown[L2_WR_ALLOC_R][HIT_RESERVED] = 0
	L2_cache_stats_breakdown[L2_WR_ALLOC_R][MISS] = 0
	L2_cache_stats_breakdown[L2_WR_ALLOC_R][RESERVATION_FAIL] = 0
	L2_cache_stats_breakdown[L2_WR_ALLOC_R][SECTOR_MISS] = 0
	L2_cache_stats_breakdown[L2_WR_ALLOC_R][MSHR_HIT] = 0
	L2_cache_stats_breakdown[GLOBAL_ACC_R][TOTAL_ACCESS] = 1572864
	L2_cache_stats_breakdown[GLOBAL_ACC_W][TOTAL_ACCESS] = 1572864
L2_total_cache_reservation_fail_breakdown:
L2_cache_data_port_util = 0.068
L2_cache_fill_port_util = 0.071

icnt_total_pkts_mem_to_simt=5242880
icnt_total_pkts_simt_to_mem=5242880
LD_mem_lat_dist  0 0 0 0 0 0 0 0 0 0 0 0 0 0 0 0 0 0 0 0 0 0 0 0 0 0 0
ST_mem_lat_dist  0 0 0 0 0 0 0 0 0 0 0 0 0 0 0 0 0 0 0 0 0 0 0 0 0 0 0
----------------------------Interconnect-DETAILS--------------------------------
Req_Network_injected_packets_num = 5242880
Req_Network_cycles = 1161345
Req_Network_injected_packets_per_cycle =       4.5145 
Req_Network_conflicts_per_cycle =       0.5310
Req_Network_conflicts_per_cycle_util =       0.5704
Req_Bank_Level_Parallism =       4.8493
Req_Network_in_buffer_full_per_cycle =       0.0000
Req_Network_in_buffer_avg_util =       0.3286
Req_Network_out_buffer_full_per_cycle =       0.0000
Req_Network_out_buffer_avg_util =       0.1411

Reply_Network_injected_packets_num = 5242880
Reply_Network_cycles = 1161345
Reply_Network_injected_packets_per_cycle =        4.5145
Reply_Network_conflicts_per_cycle =        2.8283
Reply_Network_conflicts_per_cycle_util =       3.1128
Reply_Bank_Level_Parallism =       4.9686
Reply_Network_in_buffer_full_per_cycle =       0.0000
Reply_Network_in_buffer_avg_util =       0.3011
Reply_Network_out_buffer_full_per_cycle =       0.0000
Reply_Network_out_buffer_avg_util =       0.2822
----------------------------END-of-Interconnect-DETAILS-------------------------


gpgpu_simulation_time = 0 days, 0 hrs, 17 min, 7 sec (1027 sec)
gpgpu_simulation_rate = 653445 (inst/sec)
gpgpu_simulation_rate = 1130 (cycle/sec)
gpgpu_silicon_slowdown = 1150442x
GPGPU-Sim: synchronize waiting for inactive GPU simulation
GPGPU-Sim API: Stream Manager State
GPGPU-Sim: detected inactive GPU simulation thread
GPGPU-Sim PTX: Setting up arguments for 8 bytes starting at 0x7ffd0a493b40..
GPGPU-Sim PTX: Setting up arguments for 8 bytes starting at 0x7ffd0a493b48..
GPGPU-Sim PTX: Setting up arguments for 4 bytes starting at 0x7ffd0a493b28..
GPGPU-Sim PTX: Setting up arguments for 4 bytes starting at 0x7ffd0a493b2c..

GPGPU-Sim PTX: cudaLaunch for 0x0x6123e05cd030 (mode=performance simulation) on stream 0
GPGPU-Sim PTX: PDOM analysis already done for _Z10bsmm_stagePKfPfii 
GPGPU-Sim PTX: pushing kernel '_Z10bsmm_stagePKfPfii' to stream 0, gridDim= (32768,1,1) blockDim = (128,1,1) 
GPGPU-Sim uArch: Shader 2 bind to kernel 6 '_Z10bsmm_stagePKfPfii'
GPGPU-Sim: Reconfigure L1 cache to 128KB
GPGPU-Sim uArch: Shader 3 bind to kernel 6 '_Z10bsmm_stagePKfPfii'
GPGPU-Sim uArch: Shader 4 bind to kernel 6 '_Z10bsmm_stagePKfPfii'
GPGPU-Sim uArch: Shader 5 bind to kernel 6 '_Z10bsmm_stagePKfPfii'
GPGPU-Sim uArch: Shader 6 bind to kernel 6 '_Z10bsmm_stagePKfPfii'
GPGPU-Sim uArch: Shader 7 bind to kernel 6 '_Z10bsmm_stagePKfPfii'
GPGPU-Sim uArch: Shader 8 bind to kernel 6 '_Z10bsmm_stagePKfPfii'
GPGPU-Sim uArch: Shader 9 bind to kernel 6 '_Z10bsmm_stagePKfPfii'
GPGPU-Sim uArch: Shader 10 bind to kernel 6 '_Z10bsmm_stagePKfPfii'
GPGPU-Sim uArch: Shader 11 bind to kernel 6 '_Z10bsmm_stagePKfPfii'
GPGPU-Sim uArch: Shader 12 bind to kernel 6 '_Z10bsmm_stagePKfPfii'
GPGPU-Sim uArch: Shader 13 bind to kernel 6 '_Z10bsmm_stagePKfPfii'
GPGPU-Sim uArch: Shader 14 bind to kernel 6 '_Z10bsmm_stagePKfPfii'
GPGPU-Sim uArch: Shader 15 bind to kernel 6 '_Z10bsmm_stagePKfPfii'
GPGPU-Sim uArch: Shader 0 bind to kernel 6 '_Z10bsmm_stagePKfPfii'
GPGPU-Sim uArch: Shader 1 bind to kernel 6 '_Z10bsmm_stagePKfPfii'
Destroy streams for kernel 6: size 0
kernel_name = _Z10bsmm_stagePKfPfii 
kernel_launch_uid = 6 
kernel_stream_id = 106807373537656
gpu_sim_cycle = 233281
gpu_sim_insn = 134217728
gpu_ipc =     575.3479
gpu_tot_sim_cycle = 1394626
gpu_tot_sim_insn = 805306368
gpu_tot_ipc =     577.4354
gpu_tot_issued_cta = 196608
gpu_occupancy = 94.5122% 
gpu_tot_occupancy = 94.3560% 
max_total_param_size = 0
gpu_stall_dramfull = 0
gpu_stall_icnt2sh    = 0
partiton_level_parallism =       4.4949
partiton_level_parallism_total  =       4.5112
partiton_level_parallism_util =       4.7958
partiton_level_parallism_util_total  =       4.8403
L2_BW  =     186.9881 GB/Sec
L2_BW_total  =     187.6665 GB/Sec
gpu_total_sim_rate=655786

========= Core cache stats =========
L1I_cache:
	L1I_total_cache_accesses = 0
	L1I_total_cache_misses = 0
	L1I_total_cache_pending_hits = 0
	L1I_total_cache_reservation_fails = 0
L1D_cache:
	L1D_cache_core[0]: Access = 589584, Miss = 393056, Miss_rate = 0.667, Pending_hits = 881, Reservation_fails = 62791
	L1D_cache_core[1]: Access = 589584, Miss = 393056, Miss_rate = 0.667, Pending_hits = 909, Reservation_fails = 58667
	L1D_cache_core[2]: Access = 589392, Miss = 392928, Miss_rate = 0.667, Pending_hits = 924, Reservation_fails = 60946
	L1D_cache_core[3]: Access = 589968, Miss = 393312, Miss_rate = 0.667, Pending_hits = 930, Reservation_fails = 61604
	L1D_cache_core[4]: Access = 590064, Miss = 393376, Miss_rate = 0.667, Pending_hits = 951, Reservation_fails = 58821
	L1D_cache_core[5]: Access = 590304, Miss = 393536, Miss_rate = 0.667, Pending_hits = 919, Reservation_fails = 59747
	L1D_cache_core[6]: Access = 589824, Miss = 393216, Miss_rate = 0.667, Pending_hits = 1051, Reservation_fails = 60541
	L1D_cache_core[7]: Access = 590448, Miss = 393632, Miss_rate = 0.667, Pending_hits = 941, Reservation_fails = 55502
	L1D_cache_core[8]: Access = 590448, Miss = 393632, Miss_rate = 0.667, Pending_hits = 859, Reservation_fails = 57823
	L1D_cache_core[9]: Access = 590352, Miss = 393568, Miss_rate = 0.667, Pending_hits = 839, Reservation_fails = 58717
	L1D_cache_core[10]: Access = 590688, Miss = 393792, Miss_rate = 0.667, Pending_hits = 894, Reservation_fails = 57170
	L1D_cache_core[11]: Access = 589008, Miss = 392672, Miss_rate = 0.667, Pending_hits = 994, Reservation_fails = 58560
	L1D_cache_core[12]: Access = 589968, Miss = 393312, Miss_rate = 0.667, Pending_hits = 1015, Reservation_fails = 59780
	L1D_cache_core[13]: Access = 589248, Miss = 392832, Miss_rate = 0.667, Pending_hits = 969, Reservation_fails = 58655
	L1D_cache_core[14]: Access = 589536, Miss = 393024, Miss_rate = 0.667, Pending_hits = 1016, Reservation_fails = 59525
	L1D_cache_core[15]: Access = 588768, Miss = 392512, Miss_rate = 0.667, Pending_hits = 983, Reservation_fails = 60068
	L1D_total_cache_accesses = 9437184
	L1D_total_cache_misses = 6291456
	L1D_total_cache_miss_rate = 0.6667
	L1D_total_cache_pending_hits = 15075
	L1D_total_cache_reservation_fails = 948917
	L1D_cache_data_port_util = 0.143
	L1D_cache_fill_port_util = 0.144
L1C_cache:
	L1C_total_cache_accesses = 0
	L1C_total_cache_misses = 0
	L1C_total_cache_pending_hits = 0
	L1C_total_cache_reservation_fails = 0
L1T_cache:
	L1T_total_cache_accesses = 0
	L1T_total_cache_misses = 0
	L1T_total_cache_pending_hits = 0
	L1T_total_cache_reservation_fails = 0

Total_core_cache_stats:
	Total_core_cache_stats_breakdown[GLOBAL_ACC_R][HIT] = 2082077
	Total_core_cache_stats_breakdown[GLOBAL_ACC_R][HIT_RESERVED] = 15075
	Total_core_cache_stats_breakdown[GLOBAL_ACC_R][MISS] = 524288
	Total_core_cache_stats_breakdown[GLOBAL_ACC_R][RESERVATION_FAIL] = 589218
	Total_core_cache_stats_breakdown[GLOBAL_ACC_R][SECTOR_MISS] = 1572864
	Total_core_cache_stats_breakdown[GLOBAL_ACC_R][MSHR_HIT] = 15075
	Total_core_cache_stats_breakdown[LOCAL_ACC_R][HIT] = 0
	Total_core_cache_stats_breakdown[LOCAL_ACC_R][HIT_RESERVED] = 0
	Total_core_cache_stats_breakdown[LOCAL_ACC_R][MISS] = 0
	Total_core_cache_stats_breakdown[LOCAL_ACC_R][RESERVATION_FAIL] = 0
	Total_core_cache_stats_breakdown[LOCAL_ACC_R][SECTOR_MISS] = 0
	Total_core_cache_stats_breakdown[LOCAL_ACC_R][MSHR_HIT] = 0
	Total_core_cache_stats_breakdown[CONST_ACC_R][HIT] = 0
	Total_core_cache_stats_breakdown[CONST_ACC_R][HIT_RESERVED] = 0
	Total_core_cache_stats_breakdown[CONST_ACC_R][MISS] = 0
	Total_core_cache_stats_breakdown[CONST_ACC_R][RESERVATION_FAIL] = 0
	Total_core_cache_stats_breakdown[CONST_ACC_R][SECTOR_MISS] = 0
	Total_core_cache_stats_breakdown[CONST_ACC_R][MSHR_HIT] = 0
	Total_core_cache_stats_breakdown[TEXTURE_ACC_R][HIT] = 0
	Total_core_cache_stats_breakdown[TEXTURE_ACC_R][HIT_RESERVED] = 0
	Total_core_cache_stats_breakdown[TEXTURE_ACC_R][MISS] = 0
	Total_core_cache_stats_breakdown[TEXTURE_ACC_R][RESERVATION_FAIL] = 0
	Total_core_cache_stats_breakdown[TEXTURE_ACC_R][SECTOR_MISS] = 0
	Total_core_cache_stats_breakdown[TEXTURE_ACC_R][MSHR_HIT] = 0
	Total_core_cache_stats_breakdown[GLOBAL_ACC_W][HIT] = 0
	Total_core_cache_stats_breakdown[GLOBAL_ACC_W][HIT_RESERVED] = 0
	Total_core_cache_stats_breakdown[GLOBAL_ACC_W][MISS] = 524288
	Total_core_cache_stats_breakdown[GLOBAL_ACC_W][RESERVATION_FAIL] = 44690
	Total_core_cache_stats_breakdown[GLOBAL_ACC_W][SECTOR_MISS] = 1572864
	Total_core_cache_stats_breakdown[GLOBAL_ACC_W][MSHR_HIT] = 0
	Total_core_cache_stats_breakdown[LOCAL_ACC_W][HIT] = 0
	Total_core_cache_stats_breakdown[LOCAL_ACC_W][HIT_RESERVED] = 0
	Total_core_cache_stats_breakdown[LOCAL_ACC_W][MISS] = 0
	Total_core_cache_stats_breakdown[LOCAL_ACC_W][RESERVATION_FAIL] = 0
	Total_core_cache_stats_breakdown[LOCAL_ACC_W][SECTOR_MISS] = 0
	Total_core_cache_stats_breakdown[LOCAL_ACC_W][MSHR_HIT] = 0
	Total_core_cache_stats_breakdown[L1_WRBK_ACC][HIT] = 0
	Total_core_cache_stats_breakdown[L1_WRBK_ACC][HIT_RESERVED] = 0
	Total_core_cache_stats_breakdown[L1_WRBK_ACC][MISS] = 0
	Total_core_cache_stats_breakdown[L1_WRBK_ACC][RESERVATION_FAIL] = 0
	Total_core_cache_stats_breakdown[L1_WRBK_ACC][SECTOR_MISS] = 0
	Total_core_cache_stats_breakdown[L1_WRBK_ACC][MSHR_HIT] = 0
	Total_core_cache_stats_breakdown[L2_WRBK_ACC][HIT] = 0
	Total_core_cache_stats_breakdown[L2_WRBK_ACC][HIT_RESERVED] = 0
	Total_core_cache_stats_breakdown[L2_WRBK_ACC][MISS] = 0
	Total_core_cache_stats_breakdown[L2_WRBK_ACC][RESERVATION_FAIL] = 0
	Total_core_cache_stats_breakdown[L2_WRBK_ACC][SECTOR_MISS] = 0
	Total_core_cache_stats_breakdown[L2_WRBK_ACC][MSHR_HIT] = 0
	Total_core_cache_stats_breakdown[INST_ACC_R][HIT] = 0
	Total_core_cache_stats_breakdown[INST_ACC_R][HIT_RESERVED] = 0
	Total_core_cache_stats_breakdown[INST_ACC_R][MISS] = 0
	Total_core_cache_stats_breakdown[INST_ACC_R][RESERVATION_FAIL] = 0
	Total_core_cache_stats_breakdown[INST_ACC_R][SECTOR_MISS] = 0
	Total_core_cache_stats_breakdown[INST_ACC_R][MSHR_HIT] = 0
	Total_core_cache_stats_breakdown[L1_WR_ALLOC_R][HIT] = 0
	Total_core_cache_stats_breakdown[L1_WR_ALLOC_R][HIT_RESERVED] = 0
	Total_core_cache_stats_breakdown[L1_WR_ALLOC_R][MISS] = 0
	Total_core_cache_stats_breakdown[L1_WR_ALLOC_R][RESERVATION_FAIL] = 0
	Total_core_cache_stats_breakdown[L1_WR_ALLOC_R][SECTOR_MISS] = 0
	Total_core_cache_stats_breakdown[L1_WR_ALLOC_R][MSHR_HIT] = 0
	Total_core_cache_stats_breakdown[L2_WR_ALLOC_R][HIT] = 0
	Total_core_cache_stats_breakdown[L2_WR_ALLOC_R][HIT_RESERVED] = 0
	Total_core_cache_stats_breakdown[L2_WR_ALLOC_R][MISS] = 0
	Total_core_cache_stats_breakdown[L2_WR_ALLOC_R][RESERVATION_FAIL] = 0
	Total_core_cache_stats_breakdown[L2_WR_ALLOC_R][SECTOR_MISS] = 0
	Total_core_cache_stats_breakdown[L2_WR_ALLOC_R][MSHR_HIT] = 0
	Total_core_cache_stats_breakdown[GLOBAL_ACC_R][TOTAL_ACCESS] = 4194304
	Total_core_cache_stats_breakdown[GLOBAL_ACC_W][TOTAL_ACCESS] = 2097152

Total_core_cache_fail_stats:
	Total_core_cache_fail_stats_breakdown[GLOBAL_ACC_R][MISS_QUEUE_FULL] = 589218
	Total_core_cache_fail_stats_breakdown[GLOBAL_ACC_W][MISS_QUEUE_FULL] = 44690
ctas_completed 196608, Shader 0 warp_id issue ditsribution:
warp_id:
0, 1, 2, 3, 4, 5, 6, 7, 8, 9, 10, 11, 12, 13, 14, 15, 16, 17, 18, 19, 20, 21, 22, 23, 24, 25, 26, 27, 28, 29, 30, 31, 32, 33, 34, 35, 36, 37, 38, 39, 40, 41, 42, 43, 44, 45, 46, 47, 
distro:
33726, 33726, 33726, 33726, 33792, 33792, 33792, 33792, 33759, 33759, 33759, 33759, 33891, 33891, 33891, 33891, 33825, 33825, 33825, 33825, 33858, 33858, 33858, 33858, 33759, 33759, 33759, 33759, 33693, 33693, 33693, 33693, 33792, 33792, 33792, 33792, 33693, 33693, 33693, 33693, 33693, 33693, 33693, 33693, 33858, 33858, 33858, 33858, 
gpgpu_n_tot_thrd_icount = 830472192
gpgpu_n_tot_w_icount = 25952256
gpgpu_n_stall_shd_mem = 4859
gpgpu_n_mem_read_local = 0
gpgpu_n_mem_write_local = 0
gpgpu_n_mem_read_global = 3145728
gpgpu_n_mem_write_global = 3145728
gpgpu_n_mem_texture = 0
gpgpu_n_mem_const = 0
gpgpu_n_load_insn  = 50331648
gpgpu_n_store_insn = 25165824
gpgpu_n_shmem_insn = 0
gpgpu_n_sstarr_insn = 0
gpgpu_n_tex_insn = 0
gpgpu_n_const_mem_insn = 0
gpgpu_n_param_mem_insn = 100663296
gpgpu_n_shmem_bkconflict = 0
gpgpu_n_l1cache_bkconflict = 4859
gpgpu_n_intrawarp_mshr_merge = 0
gpgpu_n_cmem_portconflict = 0
gpgpu_stall_shd_mem[c_mem][resource_stall] = 0
gpgpu_stall_shd_mem[s_mem][bk_conf] = 0
gpgpu_stall_shd_mem[gl_mem][resource_stall] = 4859
gpgpu_stall_shd_mem[gl_mem][coal_stall] = 0
gpgpu_stall_shd_mem[gl_mem][data_port_stall] = 0
gpu_reg_bank_conflict_stalls = 0
Warp Occupancy Distribution:
Stall:5435538	W0_Idle:116363	W0_Scoreboard:55791043	W1:0	W2:0	W3:0	W4:0	W5:0	W6:0	W7:0	W8:0	W9:0	W10:0	W11:0	W12:0	W13:0	W14:0	W15:0	W16:0	W17:0	W18:0	W19:0	W20:0	W21:0	W22:0	W23:0	W24:0	W25:0	W26:0	W27:0	W28:0	W29:0	W30:0	W31:0	W32:25952256
single_issue_nums: WS0:6488064	WS1:6488064	WS2:6488064	WS3:6488064	
dual_issue_nums: WS0:0	WS1:0	WS2:0	WS3:0	
traffic_breakdown_coretomem[GLOBAL_ACC_R] = 25165824 {8:3145728,}
traffic_breakdown_coretomem[GLOBAL_ACC_W] = 125829120 {40:3145728,}
traffic_breakdown_memtocore[GLOBAL_ACC_R] = 125829120 {40:3145728,}
traffic_breakdown_memtocore[GLOBAL_ACC_W] = 25165824 {8:3145728,}
maxmflatency = 2203 
max_icnt2mem_latency = 220 
maxmrqlatency = 1600 
max_icnt2sh_latency = 150 
averagemflatency = 511 
avg_icnt2mem_latency = 49 
avg_mrq_latency = 193 
avg_icnt2sh_latency = 4 
mrq_lat_table:215606 	16799 	33619 	69540 	143857 	260828 	500259 	1756376 	809787 	106178 	2824 	0 	0 	0 	0 	0 	0 	0 	0 	0 	0 	0 	0 	0 	0 	0 	0 	0 	0 	0 	0 	0 	
dq_lat_table:0 	0 	0 	0 	0 	0 	0 	0 	0 	0 	0 	0 	0 	0 	0 	0 	0 	0 	0 	0 	0 	0 	0 	0 	0 	0 	0 	0 	0 	0 	0 	0 	
mf_lat_table:0 	0 	0 	0 	0 	0 	0 	2900702 	246580 	3051332 	92838 	4 	0 	0 	0 	0 	0 	0 	0 	0 	0 	0 	0 	0 	0 	0 	0 	0 	0 	0 	0 	0 	
icnt2mem_lat_table:0 	0 	0 	0 	0 	5932324 	349589 	9543 	0 	0 	0 	0 	0 	0 	0 	0 	0 	0 	0 	0 	0 	0 	0 	0 	
icnt2sh_lat_table:0 	4754874 	873799 	406015 	198419 	54510 	3831 	8 	0 	0 	0 	0 	0 	0 	0 	0 	0 	0 	0 	0 	0 	0 	0 	0 	
mf_lat_pw_table:0 	0 	0 	0 	0 	0 	0 	16 	1372 	1338 	0 	0 	0 	0 	0 	0 	0 	0 	0 	0 	0 	0 	0 	0 	0 	0 	0 	0 	0 	0 	0 	0 	
maximum concurrent accesses to same row:
dram[0]:        64        64        64        64        64        64        64        64        64        64        64        64        64        64        64        64 
dram[1]:        64        64        64        64        64        64        64        64        64        64        64        64        64        64        64        64 
dram[2]:        64        64        64        64        64        64        64        64        64        64        64        64        64        64        64        64 
dram[3]:        64        64        64        64        64        64        64        64        64        64        64        64        64        64        64        64 
dram[4]:        64        64        64        64        64        64        64        64        64        64        64        64        64        64        64        64 
dram[5]:        64        64        64        64        64        64        64        64        64        64        64        64        64        64        64        64 
dram[6]:        64        64        64        64        64        64        64        64        64        64        64        64        64        64        64        64 
dram[7]:        64        64        64        64        64        64        64        64        64        64        64        64        64        64        64        64 
dram[8]:        64        64        64        64        64        64        64        64        64        64        64        64        64        64        64        64 
dram[9]:        64        64        64        64        64        64        64        64        64        64        64        64        64        64        64        64 
dram[10]:        64        64        64        64        64        64        64        64        64        64        64        64        64        64        64        64 
dram[11]:        64        64        64        64        64        64        64        64        64        64        64        64        64        64        64        64 
dram[12]:        64        64        64        64        64        64        64        64        64        64        64        64        64        64        64        64 
dram[13]:        64        64        64        64        64        64        64        64        64        64        64        64        64        64        64        64 
dram[14]:        64        64        64        64        64        64        64        64        64        64        64        64        64        64        64        64 
dram[15]:        64        64        64        64        64        64        64        64        64        64        64        64        64        64        64        64 
maximum service time to same row:
dram[0]:      6265      6231      6700      6872      7435      7443      7929      7935      8728      8732      9597      9589     10145     10153     10894     10896 
dram[1]:      6183      6192      6904      6922      7431      7439      7924      7912      8723      8736      9583      9579     10158     10149     10881     10886 
dram[2]:      6287      6295      6775      6762      7426      7365      7920      7922      8754      8745      9581      9573     10144     10151     10873     10876 
dram[3]:      6390      6185      6640      6669      7358      7371      7926      7917      8749      8757      9568      9562     10132     10136     10863     10867 
dram[4]:      6296      6462      6780      6817      7491      7458      7959      7948      8728      8732      9584      9579     10083     10090     10916     10925 
dram[5]:      6171      6185      7010      7003      7471      7484      7935      7952      8737      8741      9585      9575     10075     10071     10920     10928 
dram[6]:      6186      6179      6983      6977      7445      7431      7926      7934      8778      8786      9564      9581     10101     10116     10911     10903 
dram[7]:      6158      6324      6738      6757      7438      7442      7938      7930      8787      8794      9555      9577     10106     10112     10907     10923 
dram[8]:      6203      6241      6674      6764      7436      7462      7917      7921      8718      8708      9551      9557     10288     10283     10914     10905 
dram[9]:      6303      6293      6776      6706      7467      7431      7904      7913      8714      8723      9566      9562     10299     10295     10919     10909 
dram[10]:      6263      6226      6762      6820      7448      7484      7915      7911      8701      8705      9567      9573     10347     10331     10959     10963 
dram[11]:      6209      6200      6544      6847      7466      7461      7903      7907      8709      8715      9559      9577     10335     10339     10967     10955 
dram[12]:      6252      6254      6678      6656      7406      7412      7909      7915      8758      8766      9542      9533     10165     10173     10893     10911 
dram[13]:      6238      6211      6721      6758      7415      7427      7917      7922      8770      8762      9529      9538     10161     10169     10903     10898 
dram[14]:      6244      6232      6719      6727      7336      7341      7925      7924      8719      8722      9529      9518     10184     10197     10886     10892 
dram[15]:      6248      6331      6773      6772      7345      7349      7916      7920      8714      8726      9525      9521     10201     10181     10896     10903 
average row accesses per activate:
dram[0]: 38.822334 38.822334 27.810909 27.861567 37.126213 36.769230 26.417961 26.327023 37.767902 38.144638 27.412186 27.710144 36.239338 36.068398 26.648083 26.417961 
dram[1]: 39.120205 39.321339 28.169430 28.221403 36.246445 36.419048 26.463667 26.281788 38.240002 38.144638 27.363148 27.265596 35.990589 35.990589 25.621441 25.750841 
dram[2]: 38.626263 38.626263 27.412186 27.510792 35.489559 35.572094 26.236706 26.463667 37.126213 37.674877 26.882250 26.835087 36.068398 35.728973 26.977072 27.120567 
dram[3]: 38.528969 38.626263 27.660036 28.066055 36.593300 36.769230 25.621441 25.578596 37.307316 37.861385 27.168739 27.461401 35.812645 35.981178 26.694590 26.509533 
dram[4]: 38.626263 38.432159 27.810909 27.760435 35.822014 35.990589 26.417961 25.707563 38.049751 38.240002 27.168739 27.363148 35.976471 36.146572 26.555555 26.372414 
dram[5]: 38.049751 38.432159 27.412186 27.510792 36.332542 35.990589 25.794266 25.969440 37.036320 37.216545 27.412186 27.461401 35.655010 35.738319 26.327023 26.372414 
dram[6]: 38.921120 39.020409 27.560360 27.461401 36.593300 36.593300 26.509533 26.741259 38.049751 38.049751 27.217081 27.217081 36.742790 36.220379 26.648083 26.417961 
dram[7]: 38.626263 38.432159 27.363148 27.610107 36.681057 36.505966 25.794266 25.881557 36.946861 37.126213 27.710144 27.810909 36.414288 36.241707 26.372414 26.601740 
dram[8]: 39.120205 39.120205 27.560360 27.510792 36.857830 36.681057 26.236706 26.509533 37.861385 38.240002 27.861567 27.610107 35.738319 35.906105 26.555555 26.601740 
dram[9]: 38.724052 38.724052 27.560360 27.461401 35.990589 36.160755 26.102388 25.837837 38.528969 38.626263 27.072567 26.929577 35.569767 35.487240 26.926056 26.971781 
dram[10]: 38.921120 38.822334 27.024734 27.168739 36.857830 37.036320 26.147009 26.236706 38.432159 38.240002 27.265596 27.461401 35.990589 36.160755 26.741259 26.648083 
dram[11]: 39.833332 39.833332 26.741259 27.314285 36.160755 36.246445 26.417961 26.694590 37.955334 37.767902 27.963436 27.760435 36.323040 36.494034 26.601740 27.024734 
dram[12]: 38.432159 38.822334 27.412186 27.072567 36.593300 36.769230 26.417961 26.191780 37.861385 37.861385 27.412186 27.412186 35.572094 35.655010 26.741259 26.555555 
dram[13]: 39.020409 39.020409 27.363148 27.610107 36.769230 36.593300 25.881557 26.372414 38.528969 38.240002 26.741259 26.648083 35.985882 35.733646 26.788092 26.741259 
dram[14]: 39.220512 39.120205 27.810909 27.510792 36.160755 35.906105 26.601740 26.835087 38.921120 38.921120 26.788092 26.977072 35.641026 35.393520 26.281788 26.236706 
dram[15]: 38.626263 38.626263 27.072567 27.120567 36.505966 36.505966 26.601740 26.601740 37.582310 37.582310 26.882250 26.882250 35.976471 35.475639 26.463667 26.463667 
average row locality = 3915673/125385 = 31.229198
number of total memory accesses made:
dram[0]:         0         0         0         0         0         0         0         0         0         0         0         0         0         0         0         0 
dram[1]:         0         0         0         0         0         0         0         0         0         0         0         0         0         0         0         0 
dram[2]:         0         0         0         0         0         0         0         0         0         0         0         0         0         0         0         0 
dram[3]:         0         0         0         0         0         0         0         0         0         0         0         0         0         0         0         0 
dram[4]:         0         0         0         0         0         0         0         0         0         0         0         0         0         0         0         0 
dram[5]:         0         0         0         0         0         0         0         0         0         0         0         0         0         0         0         0 
dram[6]:         0         0         0         0         0         0         0         0         0         0         0         0         0         0         0         0 
dram[7]:         0         0         0         0         0         0         0         0         0         0         0         0         0         0         0         0 
dram[8]:         0         0         0         0         0         0         0         0         0         0         0         0         0         0         0         0 
dram[9]:         0         0         0         0         0         0         0         0         0         0         0         0         0         0         0         0 
dram[10]:         0         0         0         0         0         0         0         0         0         0         0         0         0         0         0         0 
dram[11]:         0         0         0         0         0         0         0         0         0         0         0         0         0         0         0         0 
dram[12]:         0         0         0         0         0         0         0         0         0         0         0         0         0         0         0         0 
dram[13]:         0         0         0         0         0         0         0         0         0         0         0         0         0         0         0         0 
dram[14]:         0         0         0         0         0         0         0         0         0         0         0         0         0         0         0         0 
dram[15]:         0         0         0         0         0         0         0         0         0         0         0         0         0         0         0         0 
total accesses: 0
min_bank_accesses = 0!
min_chip_accesses = 0!
number of total read accesses:
dram[0]:     12288     12288     12288     12288     12288     12288     12288     12288     12288     12288     12288     12288     12288     12288     12288     12288 
dram[1]:     12288     12288     12288     12288     12288     12288     12288     12288     12288     12288     12288     12288     12288     12288     12288     12288 
dram[2]:     12288     12288     12288     12288     12288     12288     12288     12288     12288     12288     12288     12288     12288     12288     12288     12288 
dram[3]:     12288     12288     12288     12288     12288     12288     12288     12288     12288     12288     12288     12288     12288     12288     12288     12288 
dram[4]:     12288     12288     12288     12288     12288     12288     12288     12288     12288     12288     12288     12288     12288     12288     12288     12288 
dram[5]:     12288     12288     12288     12288     12288     12288     12288     12288     12288     12288     12288     12288     12288     12288     12288     12288 
dram[6]:     12288     12288     12288     12288     12288     12288     12288     12288     12288     12288     12288     12288     12288     12288     12288     12288 
dram[7]:     12288     12288     12288     12288     12288     12288     12288     12288     12288     12288     12288     12288     12288     12288     12288     12288 
dram[8]:     12288     12288     12288     12288     12288     12288     12288     12288     12288     12288     12288     12288     12288     12288     12288     12288 
dram[9]:     12288     12288     12288     12288     12288     12288     12288     12288     12288     12288     12288     12288     12288     12288     12288     12288 
dram[10]:     12288     12288     12288     12288     12288     12288     12288     12288     12288     12288     12288     12288     12288     12288     12288     12288 
dram[11]:     12288     12288     12288     12288     12288     12288     12288     12288     12288     12288     12288     12288     12288     12288     12288     12288 
dram[12]:     12288     12288     12288     12288     12288     12288     12288     12288     12288     12288     12288     12288     12288     12288     12288     12288 
dram[13]:     12288     12288     12288     12288     12288     12288     12288     12288     12288     12288     12288     12288     12288     12288     12288     12288 
dram[14]:     12288     12288     12288     12288     12288     12288     12288     12288     12288     12288     12288     12288     12288     12288     12288     12288 
dram[15]:     12288     12288     12288     12288     12288     12288     12288     12288     12288     12288     12288     12288     12288     12288     12288     12288 
total dram reads = 3145728
bank skew: 12288/12288 = 1.00
chip skew: 196608/196608 = 1.00
number of total write accesses:
dram[0]:     12032     12032     12032     12032     12032     12032     12032     12032     12032     12032     12032     12032     12028     12024     12032     12032 
dram[1]:     12032     12032     12032     12032     12032     12032     12032     12032     12032     12032     12032     12032     12032     12032     12032     12032 
dram[2]:     12032     12032     12032     12032     12032     12032     12032     12032     12032     12032     12032     12032     12024     12024     12032     12032 
dram[3]:     12032     12032     12032     12032     12032     12032     12032     12032     12032     12032     12032     12032     12016     12016     12032     12032 
dram[4]:     12032     12032     12032     12032     12032     12032     12032     12032     12032     12032     12032     12032     12012     12012     12032     12032 
dram[5]:     12032     12032     12032     12032     12032     12032     12032     12032     12032     12032     12032     12032     12032     12032     12032     12032 
dram[6]:     12032     12032     12032     12032     12032     12032     12032     12032     12032     12032     12032     12032     11992     11992     12032     12032 
dram[7]:     12032     12032     12032     12032     12032     12032     12032     12032     12032     12032     12032     12032     12028     12028     12032     12032 
dram[8]:     12032     12032     12032     12032     12032     12032     12032     12032     12032     12032     12032     12032     12032     12032     12032     12032 
dram[9]:     12032     12032     12032     12032     12032     12032     12032     12032     12032     12032     12032     12032     12032     12032     12032     12032 
dram[10]:     12032     12032     12032     12032     12032     12032     12032     12032     12032     12032     12032     12032     12032     12032     12032     12032 
dram[11]:     12032     12032     12032     12032     12032     12032     12032     12032     12032     12032     12032     12032     12024     12024     12032     12032 
dram[12]:     12032     12032     12032     12032     12032     12032     12032     12032     12032     12032     12032     12032     12032     12032     12032     12032 
dram[13]:     12032     12032     12032     12032     12032     12032     12032     12032     12032     12032     12032     12032     12024     12024     12032     12032 
dram[14]:     12032     12032     12032     12032     12032     12032     12032     12032     12032     12032     12032     12032     12012     12012     12032     12032 
dram[15]:     12032     12032     12032     12032     12032     12032     12032     12032     12032     12032     12032     12032     12012     12012     12032     12032 
total dram writes = 3079892
bank skew: 12032/11992 = 1.00
chip skew: 192512/192432 = 1.00
average mf latency per bank:
dram[0]:        513       519       526       525       518       522       519       521       510       515       523       530       517       524       521       522
dram[1]:        514       519       524       528       522       526       527       526       513       518       520       525       514       520       517       521
dram[2]:        509       513       523       524       512       517       514       517       503       507       521       522       512       519       517       519
dram[3]:        511       516       518       520       512       515       516       519       511       517       516       519       508       514       514       516
dram[4]:        503       507       512       515       511       515       512       515       499       505       514       515       507       511       507       506
dram[5]:        510       514       519       521       513       520       519       521       510       516       522       524       512       519       514       520
dram[6]:        519       524       526       526       520       525       520       519       510       515       523       522       515       519       528       526
dram[7]:        505       511       518       522       511       515       512       516       506       511       517       522       510       516       517       518
dram[8]:        510       515       522       523       514       520       520       522       507       513       520       520       512       517       519       522
dram[9]:        504       509       510       512       506       510       511       511       502       506       511       513       508       510       512       515
dram[10]:        511       515       514       517       516       522       516       518       508       513       515       516       504       510       515       514
dram[11]:        508       513       518       518       516       521       518       521       508       513       524       524       514       519       516       516
dram[12]:        507       511       523       525       517       522       523       522       512       516       523       523       520       527       522       520
dram[13]:        512       517       522       525       518       523       520       525       514       518       519       519       515       522       516       519
dram[14]:        503       508       516       516       512       515       518       518       508       513       514       514       511       517       514       518
dram[15]:        506       511       515       517       512       519       519       521       504       509       518       520       510       516       513       515
maximum mf latency per bank:
dram[0]:       1321      1327      1542      1513      1787      1773      1558      1571      1375      1376      1565      1853      1419      1493      1819      1808
dram[1]:       1470      1495      1304      1325      1550      1551      1630      1686      1386      1377      1681      1883      1593      1597      1878      1778
dram[2]:       1447      1453      1813      1773      1486      1430      1803      1472      1498      1518      1880      1703      1460      1482      1409      1415
dram[3]:       1419      1432      1752      1348      1627      1619      1409      1851      2203      1388      1348      1289      1388      1392      1291      1284
dram[4]:       1419      1437      1772      1791      1512      1517      1634      1747      1532      1550      1991      1800      1453      1349      1705      1431
dram[5]:       1402      1403      1808      1436      1768      1798      1812      1434      1791      1789      1853      1826      1494      1922      1517      1757
dram[6]:       1830      1351      1986      1699      1744      1877      1892      1659      1411      1415      1785      1546      1547      1448      1794      1552
dram[7]:       1400      1455      1721      1939      1481      1423      1604      1526      1873      1915      1303      1703      1655      1650      1854      1510
dram[8]:       1841      1859      1990      1924      1506      1468      1684      1695      1835      1895      1323      1824      1709      1504      1898      1395
dram[9]:       1753      1783      1875      1565      1734      1729      1932      1870      1720      1703      1857      1916      1829      1833      1377      1505
dram[10]:       1268      1265      1810      1822      1834      1779      1872      1874      1419      1421      1668      1576      1507      1477      1766      1562
dram[11]:       1308      1317      1252      1308      1881      1887      1879      1844      1812      1801      1706      1365      1670      1624      1577      1834
dram[12]:       1290      1292      1897      1772      1618      1441      1418      1411      1285      1760      1703      1858      1553      1581      1587      2017
dram[13]:       1578      1581      1981      2013      1535      1771      1444      1514      1472      1460      1365      1414      1845      1845      1554      1395
dram[14]:       1381      1406      1757      1240      1571      1441      1821      1637      1444      1407      1848      1811      1457      1982      1976      2009
dram[15]:       1436      1443      1404      1410      1583      1575      1566      1759      1399      1370      1360      1553      1305      1868      1899      1830
Memory Partition 0: 
Cache L2_bank_000:
MSHR contents

Cache L2_bank_001:
MSHR contents

In Dram Latency Queue (total = 3): 
Ready @ 1394627 -   mf: uid=23581352, sid4294967295:w4294967295, part=0, addr=0xc0de5580, store, size=128, L2_WRBK  status = IN_PARTITION_DRAM_LATENCY_QUEUE (1394373), 
Ready @ 1394643 -   mf: uid=23581376, sid4294967295:w4294967295, part=0, addr=0xc0de6700, store, size=128, L2_WRBK  status = IN_PARTITION_DRAM_LATENCY_QUEUE (1394389), 
Ready @ 1394647 -   mf: uid=23581381, sid4294967295:w4294967295, part=0, addr=0xc0de6780, store, size=128, L2_WRBK  status = IN_PARTITION_DRAM_LATENCY_QUEUE (1394393), 
DRAM[0]: 16 bks, busW=2 BL=16 CL=24, tRRD=12 tCCD=4, tRCD=24 tRAS=55 tRP=24 tRC=78
n_cmd=1716458 n_nop=1312067 n_act=7790 n_pre=7774 n_ref_event=0 n_req=244733 n_rd=196608 n_rd_L2_A=0 n_write=0 n_wr_bk=192484 bw_util=0.9067
n_activity=1661075 dram_eff=0.937
bk0: 12288a 1349942i bk1: 12288a 1347337i bk2: 12288a 1371003i bk3: 12288a 1373802i bk4: 12288a 1343623i bk5: 12288a 1340090i bk6: 12288a 1378514i bk7: 12288a 1379387i bk8: 12288a 1324175i bk9: 12288a 1321753i bk10: 12288a 1365360i bk11: 12288a 1362195i bk12: 12288a 1353558i bk13: 12288a 1348643i bk14: 12288a 1371373i bk15: 12288a 1370569i 

------------------------------------------------------------------------

Row_Buffer_Locality = 0.968169
Row_Buffer_Locality_read = 0.980275
Row_Buffer_Locality_write = 0.918707
Bank_Level_Parallism = 3.630259
Bank_Level_Parallism_Col = 3.508373
Bank_Level_Parallism_Ready = 1.531369
write_to_read_ratio_blp_rw_average = 0.487730
GrpLevelPara = 3.020624 

BW Util details:
bwutil = 0.906732 
total_CMD = 1716458 
util_bw = 1556366 
Wasted_Col = 82750 
Wasted_Row = 14144 
Idle = 63198 

BW Util Bottlenecks: 
RCDc_limit = 13295 
RCDWRc_limit = 10244 
WTRc_limit = 76114 
RTWc_limit = 64597 
CCDLc_limit = 36666 
rwq = 0 
CCDLc_limit_alone = 29094 
WTRc_limit_alone = 71922 
RTWc_limit_alone = 61217 

Commands details: 
total_CMD = 1716458 
n_nop = 1312067 
Read = 196608 
Write = 0 
L2_Alloc = 0 
L2_WB = 192484 
n_act = 7790 
n_pre = 7774 
n_ref = 0 
n_req = 244733 
total_req = 389092 

Dual Bus Interface Util: 
issued_total_row = 15564 
issued_total_col = 389092 
Row_Bus_Util =  0.009068 
CoL_Bus_Util = 0.226683 
Either_Row_CoL_Bus_Util = 0.235596 
Issued_on_Two_Bus_Simul_Util = 0.000154 
issued_two_Eff = 0.000655 
queue_avg = 34.725300 


dram_util_bins: 0 0 0 0 0 0 0 0 0 0
dram_eff_bins: 0 0 0 0 0 0 0 0 0 0
mrqq: max=64 avg=34.7253
Memory Partition 1: 
Cache L2_bank_002:
MSHR contents

Cache L2_bank_003:
MSHR contents

In Dram Latency Queue (total = 0): 
DRAM[1]: 16 bks, busW=2 BL=16 CL=24, tRRD=12 tCCD=4, tRCD=24 tRAS=55 tRP=24 tRC=78
n_cmd=1716458 n_nop=1312013 n_act=7829 n_pre=7813 n_ref_event=0 n_req=244736 n_rd=196608 n_rd_L2_A=0 n_write=0 n_wr_bk=192506 bw_util=0.9068
n_activity=1663075 dram_eff=0.9359
bk0: 12288a 1338521i bk1: 12288a 1337245i bk2: 12288a 1371988i bk3: 12288a 1374215i bk4: 12288a 1341032i bk5: 12288a 1338575i bk6: 12288a 1381895i bk7: 12288a 1377952i bk8: 12288a 1332050i bk9: 12288a 1330061i bk10: 12288a 1369655i bk11: 12288a 1367438i bk12: 12288a 1347580i bk13: 12288a 1343814i bk14: 12288a 1375005i bk15: 12288a 1375793i 

------------------------------------------------------------------------

Row_Buffer_Locality = 0.968010
Row_Buffer_Locality_read = 0.980138
Row_Buffer_Locality_write = 0.918467
Bank_Level_Parallism = 3.625723
Bank_Level_Parallism_Col = 3.502019
Bank_Level_Parallism_Ready = 1.524397
write_to_read_ratio_blp_rw_average = 0.486475
GrpLevelPara = 3.014230 

BW Util details:
bwutil = 0.906784 
total_CMD = 1716458 
util_bw = 1556455 
Wasted_Col = 84810 
Wasted_Row = 13840 
Idle = 61353 

BW Util Bottlenecks: 
RCDc_limit = 14278 
RCDWRc_limit = 11014 
WTRc_limit = 78216 
RTWc_limit = 64790 
CCDLc_limit = 38318 
rwq = 0 
CCDLc_limit_alone = 30518 
WTRc_limit_alone = 73535 
RTWc_limit_alone = 61671 

Commands details: 
total_CMD = 1716458 
n_nop = 1312013 
Read = 196608 
Write = 0 
L2_Alloc = 0 
L2_WB = 192506 
n_act = 7829 
n_pre = 7813 
n_ref = 0 
n_req = 244736 
total_req = 389114 

Dual Bus Interface Util: 
issued_total_row = 15642 
issued_total_col = 389114 
Row_Bus_Util =  0.009113 
CoL_Bus_Util = 0.226696 
Either_Row_CoL_Bus_Util = 0.235628 
Issued_on_Two_Bus_Simul_Util = 0.000181 
issued_two_Eff = 0.000769 
queue_avg = 34.585453 


dram_util_bins: 0 0 0 0 0 0 0 0 0 0
dram_eff_bins: 0 0 0 0 0 0 0 0 0 0
mrqq: max=64 avg=34.5855
Memory Partition 2: 
Cache L2_bank_004:
MSHR contents

Cache L2_bank_005:
MSHR contents

In Dram Latency Queue (total = 4): 
Ready @ 1394644 -   mf: uid=23581377, sid4294967295:w4294967295, part=2, addr=0xc0de6500, store, size=128, L2_WRBK  status = IN_PARTITION_DRAM_LATENCY_QUEUE (1394390), 
Ready @ 1394652 -   mf: uid=23581386, sid4294967295:w4294967295, part=2, addr=0xc0de3080, store, size=128, L2_WRBK  status = IN_PARTITION_DRAM_LATENCY_QUEUE (1394398), 
Ready @ 1394670 -   mf: uid=23581397, sid4294967295:w4294967295, part=2, addr=0xc0de7500, store, size=128, L2_WRBK  status = IN_PARTITION_DRAM_LATENCY_QUEUE (1394416), 
Ready @ 1394675 -   mf: uid=23581399, sid4294967295:w4294967295, part=2, addr=0xc0de7580, store, size=128, L2_WRBK  status = IN_PARTITION_DRAM_LATENCY_QUEUE (1394421), 
DRAM[2]: 16 bks, busW=2 BL=16 CL=24, tRRD=12 tCCD=4, tRCD=24 tRAS=55 tRP=24 tRC=78
n_cmd=1716458 n_nop=1311935 n_act=7868 n_pre=7852 n_ref_event=0 n_req=244732 n_rd=196608 n_rd_L2_A=0 n_write=0 n_wr_bk=192478 bw_util=0.9067
n_activity=1662017 dram_eff=0.9364
bk0: 12288a 1351554i bk1: 12288a 1348051i bk2: 12288a 1375524i bk3: 12288a 1374856i bk4: 12288a 1350935i bk5: 12288a 1347723i bk6: 12288a 1383722i bk7: 12288a 1386202i bk8: 12288a 1339442i bk9: 12288a 1335359i bk10: 12288a 1367035i bk11: 12288a 1369440i bk12: 12288a 1359270i bk13: 12288a 1355349i bk14: 12288a 1383854i bk15: 12288a 1387600i 

------------------------------------------------------------------------

Row_Buffer_Locality = 0.967850
Row_Buffer_Locality_read = 0.980042
Row_Buffer_Locality_write = 0.918040
Bank_Level_Parallism = 3.560602
Bank_Level_Parallism_Col = 3.437348
Bank_Level_Parallism_Ready = 1.501867
write_to_read_ratio_blp_rw_average = 0.483149
GrpLevelPara = 2.978168 

BW Util details:
bwutil = 0.906718 
total_CMD = 1716458 
util_bw = 1556344 
Wasted_Col = 83163 
Wasted_Row = 14169 
Idle = 62782 

BW Util Bottlenecks: 
RCDc_limit = 13720 
RCDWRc_limit = 11487 
WTRc_limit = 76545 
RTWc_limit = 61115 
CCDLc_limit = 36994 
rwq = 0 
CCDLc_limit_alone = 29311 
WTRc_limit_alone = 71877 
RTWc_limit_alone = 58100 

Commands details: 
total_CMD = 1716458 
n_nop = 1311935 
Read = 196608 
Write = 0 
L2_Alloc = 0 
L2_WB = 192478 
n_act = 7868 
n_pre = 7852 
n_ref = 0 
n_req = 244732 
total_req = 389086 

Dual Bus Interface Util: 
issued_total_row = 15720 
issued_total_col = 389086 
Row_Bus_Util =  0.009158 
CoL_Bus_Util = 0.226680 
Either_Row_CoL_Bus_Util = 0.235673 
Issued_on_Two_Bus_Simul_Util = 0.000165 
issued_two_Eff = 0.000700 
queue_avg = 33.673904 


dram_util_bins: 0 0 0 0 0 0 0 0 0 0
dram_eff_bins: 0 0 0 0 0 0 0 0 0 0
mrqq: max=64 avg=33.6739
Memory Partition 3: 
Cache L2_bank_006:
MSHR contents

Cache L2_bank_007:
MSHR contents

In Dram Latency Queue (total = 8): 
Ready @ 1394626 -   mf: uid=23581350, sid4294967295:w4294967295, part=3, addr=0xc0de3180, store, size=128, L2_WRBK  status = IN_PARTITION_DRAM_LATENCY_QUEUE (1394372), 
Ready @ 1394631 -   mf: uid=23581357, sid4294967295:w4294967295, part=3, addr=0xc0de5600, store, size=128, L2_WRBK  status = IN_PARTITION_DRAM_LATENCY_QUEUE (1394377), 
Ready @ 1394638 -   mf: uid=23581366, sid4294967295:w4294967295, part=3, addr=0xc0de5680, store, size=128, L2_WRBK  status = IN_PARTITION_DRAM_LATENCY_QUEUE (1394384), 
Ready @ 1394645 -   mf: uid=23581378, sid4294967295:w4294967295, part=3, addr=0xc0de3100, store, size=128, L2_WRBK  status = IN_PARTITION_DRAM_LATENCY_QUEUE (1394391), 
Ready @ 1394662 -   mf: uid=23581391, sid4294967295:w4294967295, part=3, addr=0xc0de6400, store, size=128, L2_WRBK  status = IN_PARTITION_DRAM_LATENCY_QUEUE (1394408), 
Ready @ 1394670 -   mf: uid=23581398, sid4294967295:w4294967295, part=3, addr=0xc0de6480, store, size=128, L2_WRBK  status = IN_PARTITION_DRAM_LATENCY_QUEUE (1394416), 
Ready @ 1394690 -   mf: uid=23581403, sid4294967295:w4294967295, part=3, addr=0xc0de7400, store, size=128, L2_WRBK  status = IN_PARTITION_DRAM_LATENCY_QUEUE (1394436), 
Ready @ 1394703 -   mf: uid=23581409, sid4294967295:w4294967295, part=3, addr=0xc0de7480, store, size=128, L2_WRBK  status = IN_PARTITION_DRAM_LATENCY_QUEUE (1394449), 
DRAM[3]: 16 bks, busW=2 BL=16 CL=24, tRRD=12 tCCD=4, tRCD=24 tRAS=55 tRP=24 tRC=78
n_cmd=1716458 n_nop=1311944 n_act=7856 n_pre=7840 n_ref_event=0 n_req=244728 n_rd=196608 n_rd_L2_A=0 n_write=0 n_wr_bk=192473 bw_util=0.9067
n_activity=1661216 dram_eff=0.9369
bk0: 12288a 1352513i bk1: 12288a 1349377i bk2: 12288a 1373076i bk3: 12288a 1376853i bk4: 12288a 1353521i bk5: 12288a 1354180i bk6: 12288a 1387199i bk7: 12288a 1387456i bk8: 12288a 1343241i bk9: 12288a 1339880i bk10: 12288a 1372957i bk11: 12288a 1374268i bk12: 12288a 1350074i bk13: 12288a 1347351i bk14: 12288a 1376156i bk15: 12288a 1379082i 

------------------------------------------------------------------------

Row_Buffer_Locality = 0.967899
Row_Buffer_Locality_read = 0.980092
Row_Buffer_Locality_write = 0.918080
Bank_Level_Parallism = 3.562110
Bank_Level_Parallism_Col = 3.437253
Bank_Level_Parallism_Ready = 1.519692
write_to_read_ratio_blp_rw_average = 0.477646
GrpLevelPara = 2.987385 

BW Util details:
bwutil = 0.906707 
total_CMD = 1716458 
util_bw = 1556323 
Wasted_Col = 82975 
Wasted_Row = 13349 
Idle = 63811 

BW Util Bottlenecks: 
RCDc_limit = 13123 
RCDWRc_limit = 10966 
WTRc_limit = 77224 
RTWc_limit = 63729 
CCDLc_limit = 37086 
rwq = 0 
CCDLc_limit_alone = 29885 
WTRc_limit_alone = 73075 
RTWc_limit_alone = 60677 

Commands details: 
total_CMD = 1716458 
n_nop = 1311944 
Read = 196608 
Write = 0 
L2_Alloc = 0 
L2_WB = 192473 
n_act = 7856 
n_pre = 7840 
n_ref = 0 
n_req = 244728 
total_req = 389081 

Dual Bus Interface Util: 
issued_total_row = 15696 
issued_total_col = 389081 
Row_Bus_Util =  0.009144 
CoL_Bus_Util = 0.226677 
Either_Row_CoL_Bus_Util = 0.235668 
Issued_on_Two_Bus_Simul_Util = 0.000153 
issued_two_Eff = 0.000650 
queue_avg = 33.658104 


dram_util_bins: 0 0 0 0 0 0 0 0 0 0
dram_eff_bins: 0 0 0 0 0 0 0 0 0 0
mrqq: max=64 avg=33.6581
Memory Partition 4: 
Cache L2_bank_008:
MSHR contents

Cache L2_bank_009:
MSHR contents

In Dram Latency Queue (total = 10): 
Ready @ 1394630 -   mf: uid=23581356, sid4294967295:w4294967295, part=4, addr=0xc0de4100, store, size=128, L2_WRBK  status = IN_PARTITION_DRAM_LATENCY_QUEUE (1394376), 
Ready @ 1394649 -   mf: uid=23581383, sid4294967295:w4294967295, part=4, addr=0xc0de4180, store, size=128, L2_WRBK  status = IN_PARTITION_DRAM_LATENCY_QUEUE (1394395), 
Ready @ 1394658 -   mf: uid=23581389, sid4294967295:w4294967295, part=4, addr=0xc0de2600, store, size=128, L2_WRBK  status = IN_PARTITION_DRAM_LATENCY_QUEUE (1394404), 
Ready @ 1394667 -   mf: uid=23581395, sid4294967295:w4294967295, part=4, addr=0xc0de2680, store, size=128, L2_WRBK  status = IN_PARTITION_DRAM_LATENCY_QUEUE (1394413), 
Ready @ 1394683 -   mf: uid=23581401, sid4294967295:w4294967295, part=4, addr=0xc0de5100, store, size=128, L2_WRBK  status = IN_PARTITION_DRAM_LATENCY_QUEUE (1394429), 
Ready @ 1394694 -   mf: uid=23581405, sid4294967295:w4294967295, part=4, addr=0xc0de5180, store, size=128, L2_WRBK  status = IN_PARTITION_DRAM_LATENCY_QUEUE (1394440), 
Ready @ 1394708 -   mf: uid=23581412, sid4294967295:w4294967295, part=4, addr=0xc0de6300, store, size=128, L2_WRBK  status = IN_PARTITION_DRAM_LATENCY_QUEUE (1394454), 
Ready @ 1394718 -   mf: uid=23581416, sid4294967295:w4294967295, part=4, addr=0xc0de6380, store, size=128, L2_WRBK  status = IN_PARTITION_DRAM_LATENCY_QUEUE (1394464), 
Ready @ 1394746 -   mf: uid=23581424, sid4294967295:w4294967295, part=4, addr=0xc0de7300, store, size=128, L2_WRBK  status = IN_PARTITION_DRAM_LATENCY_QUEUE (1394492), 
Ready @ 1394750 -   mf: uid=23581425, sid4294967295:w4294967295, part=4, addr=0xc0de7380, store, size=128, L2_WRBK  status = IN_PARTITION_DRAM_LATENCY_QUEUE (1394496), 
DRAM[4]: 16 bks, busW=2 BL=16 CL=24, tRRD=12 tCCD=4, tRCD=24 tRAS=55 tRP=24 tRC=78
n_cmd=1716458 n_nop=1311998 n_act=7849 n_pre=7833 n_ref_event=0 n_req=244726 n_rd=196608 n_rd_L2_A=0 n_write=0 n_wr_bk=192459 bw_util=0.9067
n_activity=1661213 dram_eff=0.9368
bk0: 12288a 1358620i bk1: 12288a 1355656i bk2: 12288a 1378816i bk3: 12288a 1378341i bk4: 12288a 1348311i bk5: 12288a 1346230i bk6: 12288a 1380148i bk7: 12288a 1383953i bk8: 12288a 1344200i bk9: 12288a 1341913i bk10: 12288a 1375824i bk11: 12288a 1380130i bk12: 12288a 1365265i bk13: 12288a 1360401i bk14: 12288a 1389048i bk15: 12288a 1393762i 

------------------------------------------------------------------------

Row_Buffer_Locality = 0.967927
Row_Buffer_Locality_read = 0.980108
Row_Buffer_Locality_write = 0.918156
Bank_Level_Parallism = 3.523189
Bank_Level_Parallism_Col = 3.400585
Bank_Level_Parallism_Ready = 1.497958
write_to_read_ratio_blp_rw_average = 0.480526
GrpLevelPara = 2.960992 

BW Util details:
bwutil = 0.906674 
total_CMD = 1716458 
util_bw = 1556266 
Wasted_Col = 82487 
Wasted_Row = 13988 
Idle = 63717 

BW Util Bottlenecks: 
RCDc_limit = 13603 
RCDWRc_limit = 11792 
WTRc_limit = 76100 
RTWc_limit = 59180 
CCDLc_limit = 37208 
rwq = 0 
CCDLc_limit_alone = 29597 
WTRc_limit_alone = 71537 
RTWc_limit_alone = 56132 

Commands details: 
total_CMD = 1716458 
n_nop = 1311998 
Read = 196608 
Write = 0 
L2_Alloc = 0 
L2_WB = 192459 
n_act = 7849 
n_pre = 7833 
n_ref = 0 
n_req = 244726 
total_req = 389067 

Dual Bus Interface Util: 
issued_total_row = 15682 
issued_total_col = 389067 
Row_Bus_Util =  0.009136 
CoL_Bus_Util = 0.226669 
Either_Row_CoL_Bus_Util = 0.235636 
Issued_on_Two_Bus_Simul_Util = 0.000168 
issued_two_Eff = 0.000715 
queue_avg = 32.402210 


dram_util_bins: 0 0 0 0 0 0 0 0 0 0
dram_eff_bins: 0 0 0 0 0 0 0 0 0 0
mrqq: max=64 avg=32.4022
Memory Partition 5: 
Cache L2_bank_010:
MSHR contents

Cache L2_bank_011:
MSHR contents

In Dram Latency Queue (total = 0): 
DRAM[5]: 16 bks, busW=2 BL=16 CL=24, tRRD=12 tCCD=4, tRCD=24 tRAS=55 tRP=24 tRC=78
n_cmd=1716458 n_nop=1311808 n_act=7899 n_pre=7883 n_ref_event=0 n_req=244736 n_rd=196608 n_rd_L2_A=0 n_write=0 n_wr_bk=192512 bw_util=0.9068
n_activity=1661725 dram_eff=0.9367
bk0: 12288a 1349006i bk1: 12288a 1344163i bk2: 12288a 1361935i bk3: 12288a 1369358i bk4: 12288a 1347667i bk5: 12288a 1343766i bk6: 12288a 1372505i bk7: 12288a 1378560i bk8: 12288a 1339991i bk9: 12288a 1337443i bk10: 12288a 1366139i bk11: 12288a 1367022i bk12: 12288a 1344380i bk13: 12288a 1339174i bk14: 12288a 1385407i bk15: 12288a 1382255i 

------------------------------------------------------------------------

Row_Buffer_Locality = 0.967724
Row_Buffer_Locality_read = 0.979980
Row_Buffer_Locality_write = 0.917657
Bank_Level_Parallism = 3.612345
Bank_Level_Parallism_Col = 3.489154
Bank_Level_Parallism_Ready = 1.521314
write_to_read_ratio_blp_rw_average = 0.485089
GrpLevelPara = 3.006321 

BW Util details:
bwutil = 0.906798 
total_CMD = 1716458 
util_bw = 1556480 
Wasted_Col = 82736 
Wasted_Row = 14659 
Idle = 62583 

BW Util Bottlenecks: 
RCDc_limit = 14366 
RCDWRc_limit = 10848 
WTRc_limit = 75943 
RTWc_limit = 63317 
CCDLc_limit = 36363 
rwq = 0 
CCDLc_limit_alone = 29065 
WTRc_limit_alone = 71766 
RTWc_limit_alone = 60196 

Commands details: 
total_CMD = 1716458 
n_nop = 1311808 
Read = 196608 
Write = 0 
L2_Alloc = 0 
L2_WB = 192512 
n_act = 7899 
n_pre = 7883 
n_ref = 0 
n_req = 244736 
total_req = 389120 

Dual Bus Interface Util: 
issued_total_row = 15782 
issued_total_col = 389120 
Row_Bus_Util =  0.009195 
CoL_Bus_Util = 0.226699 
Either_Row_CoL_Bus_Util = 0.235747 
Issued_on_Two_Bus_Simul_Util = 0.000147 
issued_two_Eff = 0.000623 
queue_avg = 33.919304 


dram_util_bins: 0 0 0 0 0 0 0 0 0 0
dram_eff_bins: 0 0 0 0 0 0 0 0 0 0
mrqq: max=64 avg=33.9193
Memory Partition 6: 
Cache L2_bank_012:
MSHR contents

Cache L2_bank_013:
MSHR contents

In Dram Latency Queue (total = 20): 
Ready @ 1394642 -   mf: uid=23581371, sid4294967295:w4294967295, part=6, addr=0xc0deeb00, store, size=128, L2_WRBK  status = IN_PARTITION_DRAM_LATENCY_QUEUE (1394388), 
Ready @ 1394650 -   mf: uid=23581384, sid4294967295:w4294967295, part=6, addr=0xc0deeb80, store, size=128, L2_WRBK  status = IN_PARTITION_DRAM_LATENCY_QUEUE (1394396), 
Ready @ 1394654 -   mf: uid=23581387, sid4294967295:w4294967295, part=6, addr=0xc0defb00, store, size=128, L2_WRBK  status = IN_PARTITION_DRAM_LATENCY_QUEUE (1394400), 
Ready @ 1394666 -   mf: uid=23581394, sid4294967295:w4294967295, part=6, addr=0xc0defb80, store, size=128, L2_WRBK  status = IN_PARTITION_DRAM_LATENCY_QUEUE (1394412), 
Ready @ 1394678 -   mf: uid=23581400, sid4294967295:w4294967295, part=6, addr=0xc0de0600, store, size=128, L2_WRBK  status = IN_PARTITION_DRAM_LATENCY_QUEUE (1394424), 
Ready @ 1394687 -   mf: uid=23581402, sid4294967295:w4294967295, part=6, addr=0xc0de0680, store, size=128, L2_WRBK  status = IN_PARTITION_DRAM_LATENCY_QUEUE (1394433), 
Ready @ 1394703 -   mf: uid=23581410, sid4294967295:w4294967295, part=6, addr=0xc0de3400, store, size=128, L2_WRBK  status = IN_PARTITION_DRAM_LATENCY_QUEUE (1394449), 
Ready @ 1394727 -   mf: uid=23581417, sid4294967295:w4294967295, part=6, addr=0xc0de3480, store, size=128, L2_WRBK  status = IN_PARTITION_DRAM_LATENCY_QUEUE (1394473), 
Ready @ 1394739 -   mf: uid=23581421, sid4294967295:w4294967295, part=6, addr=0xc0de1680, store, size=128, L2_WRBK  status = IN_PARTITION_DRAM_LATENCY_QUEUE (1394485), 
Ready @ 1394743 -   mf: uid=23581423, sid4294967295:w4294967295, part=6, addr=0xc0de1600, store, size=128, L2_WRBK  status = IN_PARTITION_DRAM_LATENCY_QUEUE (1394489), 
Ready @ 1394756 -   mf: uid=23581426, sid4294967295:w4294967295, part=6, addr=0xc0de4300, store, size=128, L2_WRBK  status = IN_PARTITION_DRAM_LATENCY_QUEUE (1394502), 
Ready @ 1394765 -   mf: uid=23581427, sid4294967295:w4294967295, part=6, addr=0xc0de4380, store, size=128, L2_WRBK  status = IN_PARTITION_DRAM_LATENCY_QUEUE (1394511), 
Ready @ 1394781 -   mf: uid=23581428, sid4294967295:w4294967295, part=6, addr=0xc0de2400, store, size=128, L2_WRBK  status = IN_PARTITION_DRAM_LATENCY_QUEUE (1394527), 
Ready @ 1394791 -   mf: uid=23581429, sid4294967295:w4294967295, part=6, addr=0xc0de2480, store, size=128, L2_WRBK  status = IN_PARTITION_DRAM_LATENCY_QUEUE (1394537), 
Ready @ 1394808 -   mf: uid=23581430, sid4294967295:w4294967295, part=6, addr=0xc0de5300, store, size=128, L2_WRBK  status = IN_PARTITION_DRAM_LATENCY_QUEUE (1394554), 
Ready @ 1394818 -   mf: uid=23581431, sid4294967295:w4294967295, part=6, addr=0xc0de5380, store, size=128, L2_WRBK  status = IN_PARTITION_DRAM_LATENCY_QUEUE (1394564), 
Ready @ 1394834 -   mf: uid=23581432, sid4294967295:w4294967295, part=6, addr=0xc0de6100, store, size=128, L2_WRBK  status = IN_PARTITION_DRAM_LATENCY_QUEUE (1394580), 
Ready @ 1394844 -   mf: uid=23581433, sid4294967295:w4294967295, part=6, addr=0xc0de6180, store, size=128, L2_WRBK  status = IN_PARTITION_DRAM_LATENCY_QUEUE (1394590), 
Ready @ 1394862 -   mf: uid=23581434, sid4294967295:w4294967295, part=6, addr=0xc0de7100, store, size=128, L2_WRBK  status = IN_PARTITION_DRAM_LATENCY_QUEUE (1394608), 
Ready @ 1394872 -   mf: uid=23581435, sid4294967295:w4294967295, part=6, addr=0xc0de7180, store, size=128, L2_WRBK  status = IN_PARTITION_DRAM_LATENCY_QUEUE (1394618), 
DRAM[6]: 16 bks, busW=2 BL=16 CL=24, tRRD=12 tCCD=4, tRCD=24 tRAS=55 tRP=24 tRC=78
n_cmd=1716458 n_nop=1312142 n_act=7801 n_pre=7785 n_ref_event=0 n_req=244716 n_rd=196608 n_rd_L2_A=0 n_write=0 n_wr_bk=192420 bw_util=0.9066
n_activity=1662419 dram_eff=0.9361
bk0: 12288a 1333391i bk1: 12288a 1330278i bk2: 12288a 1364088i bk3: 12288a 1369145i bk4: 12288a 1341653i bk5: 12288a 1339128i bk6: 12288a 1375233i bk7: 12288a 1376949i bk8: 12288a 1341804i bk9: 12288a 1337338i bk10: 12288a 1371758i bk11: 12288a 1373986i bk12: 12288a 1345817i bk13: 12288a 1341102i bk14: 12288a 1377355i bk15: 12288a 1375906i 

------------------------------------------------------------------------

Row_Buffer_Locality = 0.968122
Row_Buffer_Locality_read = 0.980214
Row_Buffer_Locality_write = 0.918700
Bank_Level_Parallism = 3.630547
Bank_Level_Parallism_Col = 3.510425
Bank_Level_Parallism_Ready = 1.523869
write_to_read_ratio_blp_rw_average = 0.487585
GrpLevelPara = 3.015166 

BW Util details:
bwutil = 0.906583 
total_CMD = 1716458 
util_bw = 1556112 
Wasted_Col = 84068 
Wasted_Row = 14675 
Idle = 61603 

BW Util Bottlenecks: 
RCDc_limit = 14471 
RCDWRc_limit = 10950 
WTRc_limit = 77128 
RTWc_limit = 63680 
CCDLc_limit = 38937 
rwq = 0 
CCDLc_limit_alone = 30782 
WTRc_limit_alone = 72411 
RTWc_limit_alone = 60242 

Commands details: 
total_CMD = 1716458 
n_nop = 1312142 
Read = 196608 
Write = 0 
L2_Alloc = 0 
L2_WB = 192420 
n_act = 7801 
n_pre = 7785 
n_ref = 0 
n_req = 244716 
total_req = 389028 

Dual Bus Interface Util: 
issued_total_row = 15586 
issued_total_col = 389028 
Row_Bus_Util =  0.009080 
CoL_Bus_Util = 0.226646 
Either_Row_CoL_Bus_Util = 0.235553 
Issued_on_Two_Bus_Simul_Util = 0.000174 
issued_two_Eff = 0.000737 
queue_avg = 34.745525 


dram_util_bins: 0 0 0 0 0 0 0 0 0 0
dram_eff_bins: 0 0 0 0 0 0 0 0 0 0
mrqq: max=64 avg=34.7455
Memory Partition 7: 
Cache L2_bank_014:
MSHR contents

Cache L2_bank_015:
MSHR contents

In Dram Latency Queue (total = 2): 
Ready @ 1394637 -   mf: uid=23581365, sid4294967295:w4294967295, part=7, addr=0xc0de7000, store, size=128, L2_WRBK  status = IN_PARTITION_DRAM_LATENCY_QUEUE (1394383), 
Ready @ 1394641 -   mf: uid=23581370, sid4294967295:w4294967295, part=7, addr=0xc0de7080, store, size=128, L2_WRBK  status = IN_PARTITION_DRAM_LATENCY_QUEUE (1394387), 
DRAM[7]: 16 bks, busW=2 BL=16 CL=24, tRRD=12 tCCD=4, tRCD=24 tRAS=55 tRP=24 tRC=78
n_cmd=1716458 n_nop=1311945 n_act=7852 n_pre=7836 n_ref_event=0 n_req=244734 n_rd=196608 n_rd_L2_A=0 n_write=0 n_wr_bk=192491 bw_util=0.9067
n_activity=1661180 dram_eff=0.9369
bk0: 12288a 1355295i bk1: 12288a 1349154i bk2: 12288a 1373046i bk3: 12288a 1373976i bk4: 12288a 1359482i bk5: 12288a 1358157i bk6: 12288a 1375947i bk7: 12288a 1381042i bk8: 12288a 1343154i bk9: 12288a 1335418i bk10: 12288a 1375996i bk11: 12288a 1380664i bk12: 12288a 1350066i bk13: 12288a 1346900i bk14: 12288a 1375776i bk15: 12288a 1380362i 

------------------------------------------------------------------------

Row_Buffer_Locality = 0.967916
Row_Buffer_Locality_read = 0.980113
Row_Buffer_Locality_write = 0.918087
Bank_Level_Parallism = 3.563064
Bank_Level_Parallism_Col = 3.439020
Bank_Level_Parallism_Ready = 1.514986
write_to_read_ratio_blp_rw_average = 0.480787
GrpLevelPara = 2.986897 

BW Util details:
bwutil = 0.906749 
total_CMD = 1716458 
util_bw = 1556396 
Wasted_Col = 82971 
Wasted_Row = 13472 
Idle = 63619 

BW Util Bottlenecks: 
RCDc_limit = 13507 
RCDWRc_limit = 10982 
WTRc_limit = 79479 
RTWc_limit = 61505 
CCDLc_limit = 38142 
rwq = 0 
CCDLc_limit_alone = 29882 
WTRc_limit_alone = 74554 
RTWc_limit_alone = 58170 

Commands details: 
total_CMD = 1716458 
n_nop = 1311945 
Read = 196608 
Write = 0 
L2_Alloc = 0 
L2_WB = 192491 
n_act = 7852 
n_pre = 7836 
n_ref = 0 
n_req = 244734 
total_req = 389099 

Dual Bus Interface Util: 
issued_total_row = 15688 
issued_total_col = 389099 
Row_Bus_Util =  0.009140 
CoL_Bus_Util = 0.226687 
Either_Row_CoL_Bus_Util = 0.235667 
Issued_on_Two_Bus_Simul_Util = 0.000160 
issued_two_Eff = 0.000677 
queue_avg = 33.537052 


dram_util_bins: 0 0 0 0 0 0 0 0 0 0
dram_eff_bins: 0 0 0 0 0 0 0 0 0 0
mrqq: max=64 avg=33.5371
Memory Partition 8: 
Cache L2_bank_016:
MSHR contents

Cache L2_bank_017:
MSHR contents

In Dram Latency Queue (total = 0): 
DRAM[8]: 16 bks, busW=2 BL=16 CL=24, tRRD=12 tCCD=4, tRCD=24 tRAS=55 tRP=24 tRC=78
n_cmd=1716458 n_nop=1312020 n_act=7797 n_pre=7781 n_ref_event=0 n_req=244736 n_rd=196608 n_rd_L2_A=0 n_write=0 n_wr_bk=192505 bw_util=0.9068
n_activity=1662475 dram_eff=0.9362
bk0: 12288a 1344792i bk1: 12288a 1344673i bk2: 12288a 1368612i bk3: 12288a 1367213i bk4: 12288a 1350597i bk5: 12288a 1346888i bk6: 12288a 1377632i bk7: 12288a 1379431i bk8: 12288a 1344765i bk9: 12288a 1338426i bk10: 12288a 1374325i bk11: 12288a 1374644i bk12: 12288a 1347174i bk13: 12288a 1347502i bk14: 12288a 1378849i bk15: 12288a 1382797i 

------------------------------------------------------------------------

Row_Buffer_Locality = 0.968141
Row_Buffer_Locality_read = 0.980225
Row_Buffer_Locality_write = 0.918779
Bank_Level_Parallism = 3.588143
Bank_Level_Parallism_Col = 3.467529
Bank_Level_Parallism_Ready = 1.510940
write_to_read_ratio_blp_rw_average = 0.485797
GrpLevelPara = 2.995235 

BW Util details:
bwutil = 0.906781 
total_CMD = 1716458 
util_bw = 1556451 
Wasted_Col = 83111 
Wasted_Row = 14654 
Idle = 62242 

BW Util Bottlenecks: 
RCDc_limit = 14202 
RCDWRc_limit = 11125 
WTRc_limit = 76387 
RTWc_limit = 64048 
CCDLc_limit = 36886 
rwq = 0 
CCDLc_limit_alone = 29135 
WTRc_limit_alone = 71862 
RTWc_limit_alone = 60822 

Commands details: 
total_CMD = 1716458 
n_nop = 1312020 
Read = 196608 
Write = 0 
L2_Alloc = 0 
L2_WB = 192505 
n_act = 7797 
n_pre = 7781 
n_ref = 0 
n_req = 244736 
total_req = 389113 

Dual Bus Interface Util: 
issued_total_row = 15578 
issued_total_col = 389113 
Row_Bus_Util =  0.009076 
CoL_Bus_Util = 0.226695 
Either_Row_CoL_Bus_Util = 0.235624 
Issued_on_Two_Bus_Simul_Util = 0.000147 
issued_two_Eff = 0.000626 
queue_avg = 33.787468 


dram_util_bins: 0 0 0 0 0 0 0 0 0 0
dram_eff_bins: 0 0 0 0 0 0 0 0 0 0
mrqq: max=64 avg=33.7875
Memory Partition 9: 
Cache L2_bank_018:
MSHR contents

Cache L2_bank_019:
MSHR contents

In Dram Latency Queue (total = 0): 
DRAM[9]: 16 bks, busW=2 BL=16 CL=24, tRRD=12 tCCD=4, tRCD=24 tRAS=55 tRP=24 tRC=78
n_cmd=1716458 n_nop=1311953 n_act=7850 n_pre=7834 n_ref_event=0 n_req=244736 n_rd=196608 n_rd_L2_A=0 n_write=0 n_wr_bk=192475 bw_util=0.9067
n_activity=1661824 dram_eff=0.9365
bk0: 12288a 1361776i bk1: 12288a 1361390i bk2: 12288a 1376546i bk3: 12288a 1379549i bk4: 12288a 1357273i bk5: 12288a 1353905i bk6: 12288a 1387441i bk7: 12288a 1389298i bk8: 12288a 1350537i bk9: 12288a 1349277i bk10: 12288a 1378501i bk11: 12288a 1383257i bk12: 12288a 1357174i bk13: 12288a 1355789i bk14: 12288a 1380707i bk15: 12288a 1382879i 

------------------------------------------------------------------------

Row_Buffer_Locality = 0.967924
Row_Buffer_Locality_read = 0.980123
Row_Buffer_Locality_write = 0.918082
Bank_Level_Parallism = 3.508476
Bank_Level_Parallism_Col = 3.384947
Bank_Level_Parallism_Ready = 1.493194
write_to_read_ratio_blp_rw_average = 0.478786
GrpLevelPara = 2.954336 

BW Util details:
bwutil = 0.906711 
total_CMD = 1716458 
util_bw = 1556332 
Wasted_Col = 82968 
Wasted_Row = 13543 
Idle = 63615 

BW Util Bottlenecks: 
RCDc_limit = 12853 
RCDWRc_limit = 11788 
WTRc_limit = 77833 
RTWc_limit = 59730 
CCDLc_limit = 37406 
rwq = 0 
CCDLc_limit_alone = 29415 
WTRc_limit_alone = 72822 
RTWc_limit_alone = 56750 

Commands details: 
total_CMD = 1716458 
n_nop = 1311953 
Read = 196608 
Write = 0 
L2_Alloc = 0 
L2_WB = 192475 
n_act = 7850 
n_pre = 7834 
n_ref = 0 
n_req = 244736 
total_req = 389083 

Dual Bus Interface Util: 
issued_total_row = 15684 
issued_total_col = 389083 
Row_Bus_Util =  0.009137 
CoL_Bus_Util = 0.226678 
Either_Row_CoL_Bus_Util = 0.235663 
Issued_on_Two_Bus_Simul_Util = 0.000153 
issued_two_Eff = 0.000648 
queue_avg = 32.269409 


dram_util_bins: 0 0 0 0 0 0 0 0 0 0
dram_eff_bins: 0 0 0 0 0 0 0 0 0 0
mrqq: max=64 avg=32.2694
Memory Partition 10: 
Cache L2_bank_020:
MSHR contents

Cache L2_bank_021:
MSHR contents

In Dram Latency Queue (total = 0): 
DRAM[10]: 16 bks, busW=2 BL=16 CL=24, tRRD=12 tCCD=4, tRCD=24 tRAS=55 tRP=24 tRC=78
n_cmd=1716458 n_nop=1312004 n_act=7822 n_pre=7806 n_ref_event=0 n_req=244736 n_rd=196608 n_rd_L2_A=0 n_write=0 n_wr_bk=192509 bw_util=0.9068
n_activity=1662229 dram_eff=0.9364
bk0: 12288a 1351810i bk1: 12288a 1348668i bk2: 12288a 1371951i bk3: 12288a 1378466i bk4: 12288a 1346588i bk5: 12288a 1341965i bk6: 12288a 1372614i bk7: 12288a 1373699i bk8: 12288a 1338894i bk9: 12288a 1332986i bk10: 12288a 1370136i bk11: 12288a 1369797i bk12: 12288a 1356901i bk13: 12288a 1351086i bk14: 12288a 1386613i bk15: 12288a 1389668i 

------------------------------------------------------------------------

Row_Buffer_Locality = 0.968039
Row_Buffer_Locality_read = 0.980148
Row_Buffer_Locality_write = 0.918571
Bank_Level_Parallism = 3.581385
Bank_Level_Parallism_Col = 3.458453
Bank_Level_Parallism_Ready = 1.513491
write_to_read_ratio_blp_rw_average = 0.485361
GrpLevelPara = 2.987340 

BW Util details:
bwutil = 0.906791 
total_CMD = 1716458 
util_bw = 1556466 
Wasted_Col = 83479 
Wasted_Row = 13716 
Idle = 62797 

BW Util Bottlenecks: 
RCDc_limit = 13175 
RCDWRc_limit = 10984 
WTRc_limit = 78727 
RTWc_limit = 63285 
CCDLc_limit = 38105 
rwq = 0 
CCDLc_limit_alone = 30102 
WTRc_limit_alone = 74216 
RTWc_limit_alone = 59793 

Commands details: 
total_CMD = 1716458 
n_nop = 1312004 
Read = 196608 
Write = 0 
L2_Alloc = 0 
L2_WB = 192509 
n_act = 7822 
n_pre = 7806 
n_ref = 0 
n_req = 244736 
total_req = 389117 

Dual Bus Interface Util: 
issued_total_row = 15628 
issued_total_col = 389117 
Row_Bus_Util =  0.009105 
CoL_Bus_Util = 0.226698 
Either_Row_CoL_Bus_Util = 0.235633 
Issued_on_Two_Bus_Simul_Util = 0.000170 
issued_two_Eff = 0.000719 
queue_avg = 33.512466 


dram_util_bins: 0 0 0 0 0 0 0 0 0 0
dram_eff_bins: 0 0 0 0 0 0 0 0 0 0
mrqq: max=64 avg=33.5125
Memory Partition 11: 
Cache L2_bank_022:
MSHR contents

Cache L2_bank_023:
MSHR contents

In Dram Latency Queue (total = 4): 
Ready @ 1394640 -   mf: uid=23581369, sid4294967295:w4294967295, part=11, addr=0xc0de6c00, store, size=128, L2_WRBK  status = IN_PARTITION_DRAM_LATENCY_QUEUE (1394386), 
Ready @ 1394648 -   mf: uid=23581382, sid4294967295:w4294967295, part=11, addr=0xc0de6c80, store, size=128, L2_WRBK  status = IN_PARTITION_DRAM_LATENCY_QUEUE (1394394), 
Ready @ 1394665 -   mf: uid=23581393, sid4294967295:w4294967295, part=11, addr=0xc0de7c00, store, size=128, L2_WRBK  status = IN_PARTITION_DRAM_LATENCY_QUEUE (1394411), 
Ready @ 1394669 -   mf: uid=23581396, sid4294967295:w4294967295, part=11, addr=0xc0de7c80, store, size=128, L2_WRBK  status = IN_PARTITION_DRAM_LATENCY_QUEUE (1394415), 
DRAM[11]: 16 bks, busW=2 BL=16 CL=24, tRRD=12 tCCD=4, tRCD=24 tRAS=55 tRP=24 tRC=78
n_cmd=1716458 n_nop=1312114 n_act=7784 n_pre=7768 n_ref_event=0 n_req=244732 n_rd=196608 n_rd_L2_A=0 n_write=0 n_wr_bk=192461 bw_util=0.9067
n_activity=1661934 dram_eff=0.9364
bk0: 12288a 1347032i bk1: 12288a 1346683i bk2: 12288a 1370895i bk3: 12288a 1369089i bk4: 12288a 1343821i bk5: 12288a 1337828i bk6: 12288a 1373016i bk7: 12288a 1374935i bk8: 12288a 1338800i bk9: 12288a 1334686i bk10: 12288a 1376031i bk11: 12288a 1376440i bk12: 12288a 1352071i bk13: 12288a 1346033i bk14: 12288a 1379867i bk15: 12288a 1382572i 

------------------------------------------------------------------------

Row_Buffer_Locality = 0.968193
Row_Buffer_Locality_read = 0.980275
Row_Buffer_Locality_write = 0.918826
Bank_Level_Parallism = 3.600785
Bank_Level_Parallism_Col = 3.477445
Bank_Level_Parallism_Ready = 1.504933
write_to_read_ratio_blp_rw_average = 0.489847
GrpLevelPara = 2.999104 

BW Util details:
bwutil = 0.906679 
total_CMD = 1716458 
util_bw = 1556274 
Wasted_Col = 83444 
Wasted_Row = 13867 
Idle = 62873 

BW Util Bottlenecks: 
RCDc_limit = 14302 
RCDWRc_limit = 10568 
WTRc_limit = 78570 
RTWc_limit = 63140 
CCDLc_limit = 37334 
rwq = 0 
CCDLc_limit_alone = 29128 
WTRc_limit_alone = 73565 
RTWc_limit_alone = 59939 

Commands details: 
total_CMD = 1716458 
n_nop = 1312114 
Read = 196608 
Write = 0 
L2_Alloc = 0 
L2_WB = 192461 
n_act = 7784 
n_pre = 7768 
n_ref = 0 
n_req = 244732 
total_req = 389069 

Dual Bus Interface Util: 
issued_total_row = 15552 
issued_total_col = 389069 
Row_Bus_Util =  0.009061 
CoL_Bus_Util = 0.226670 
Either_Row_CoL_Bus_Util = 0.235569 
Issued_on_Two_Bus_Simul_Util = 0.000161 
issued_two_Eff = 0.000685 
queue_avg = 33.855461 


dram_util_bins: 0 0 0 0 0 0 0 0 0 0
dram_eff_bins: 0 0 0 0 0 0 0 0 0 0
mrqq: max=64 avg=33.8555
Memory Partition 12: 
Cache L2_bank_024:
MSHR contents

Cache L2_bank_025:
MSHR contents

In Dram Latency Queue (total = 0): 
DRAM[12]: 16 bks, busW=2 BL=16 CL=24, tRRD=12 tCCD=4, tRCD=24 tRAS=55 tRP=24 tRC=78
n_cmd=1716458 n_nop=1311949 n_act=7843 n_pre=7827 n_ref_event=0 n_req=244736 n_rd=196608 n_rd_L2_A=0 n_write=0 n_wr_bk=192512 bw_util=0.9068
n_activity=1662384 dram_eff=0.9363
bk0: 12288a 1346032i bk1: 12288a 1341781i bk2: 12288a 1368831i bk3: 12288a 1367059i bk4: 12288a 1349540i bk5: 12288a 1344604i bk6: 12288a 1372255i bk7: 12288a 1375198i bk8: 12288a 1335846i bk9: 12288a 1329393i bk10: 12288a 1370161i bk11: 12288a 1372592i bk12: 12288a 1338016i bk13: 12288a 1334030i bk14: 12288a 1376177i bk15: 12288a 1377785i 

------------------------------------------------------------------------

Row_Buffer_Locality = 0.967953
Row_Buffer_Locality_read = 0.980108
Row_Buffer_Locality_write = 0.918301
Bank_Level_Parallism = 3.628947
Bank_Level_Parallism_Col = 3.505115
Bank_Level_Parallism_Ready = 1.526403
write_to_read_ratio_blp_rw_average = 0.487555
GrpLevelPara = 3.014567 

BW Util details:
bwutil = 0.906798 
total_CMD = 1716458 
util_bw = 1556480 
Wasted_Col = 84076 
Wasted_Row = 13930 
Idle = 61972 

BW Util Bottlenecks: 
RCDc_limit = 14663 
RCDWRc_limit = 10205 
WTRc_limit = 75428 
RTWc_limit = 67187 
CCDLc_limit = 37713 
rwq = 0 
CCDLc_limit_alone = 29826 
WTRc_limit_alone = 71028 
RTWc_limit_alone = 63700 

Commands details: 
total_CMD = 1716458 
n_nop = 1311949 
Read = 196608 
Write = 0 
L2_Alloc = 0 
L2_WB = 192512 
n_act = 7843 
n_pre = 7827 
n_ref = 0 
n_req = 244736 
total_req = 389120 

Dual Bus Interface Util: 
issued_total_row = 15670 
issued_total_col = 389120 
Row_Bus_Util =  0.009129 
CoL_Bus_Util = 0.226699 
Either_Row_CoL_Bus_Util = 0.235665 
Issued_on_Two_Bus_Simul_Util = 0.000164 
issued_two_Eff = 0.000695 
queue_avg = 34.451981 


dram_util_bins: 0 0 0 0 0 0 0 0 0 0
dram_eff_bins: 0 0 0 0 0 0 0 0 0 0
mrqq: max=64 avg=34.452
Memory Partition 13: 
Cache L2_bank_026:
MSHR contents

Cache L2_bank_027:
MSHR contents

In Dram Latency Queue (total = 4): 
Ready @ 1394626 -   mf: uid=23581351, sid4294967295:w4294967295, part=13, addr=0xc0de6a80, store, size=128, L2_WRBK  status = IN_PARTITION_DRAM_LATENCY_QUEUE (1394372), 
Ready @ 1394633 -   mf: uid=23581362, sid4294967295:w4294967295, part=13, addr=0xc0de3f00, store, size=128, L2_WRBK  status = IN_PARTITION_DRAM_LATENCY_QUEUE (1394379), 
Ready @ 1394634 -   mf: uid=23581364, sid4294967295:w4294967295, part=13, addr=0xc0de5800, store, size=128, L2_WRBK  status = IN_PARTITION_DRAM_LATENCY_QUEUE (1394380), 
Ready @ 1394645 -   mf: uid=23581379, sid4294967295:w4294967295, part=13, addr=0xc0de3f80, store, size=128, L2_WRBK  status = IN_PARTITION_DRAM_LATENCY_QUEUE (1394391), 
DRAM[13]: 16 bks, busW=2 BL=16 CL=24, tRRD=12 tCCD=4, tRCD=24 tRAS=55 tRP=24 tRC=78
n_cmd=1716458 n_nop=1311951 n_act=7841 n_pre=7825 n_ref_event=0 n_req=244732 n_rd=196608 n_rd_L2_A=0 n_write=0 n_wr_bk=192490 bw_util=0.9067
n_activity=1661335 dram_eff=0.9368
bk0: 12288a 1348123i bk1: 12288a 1340946i bk2: 12288a 1364093i bk3: 12288a 1364528i bk4: 12288a 1345601i bk5: 12288a 1341678i bk6: 12288a 1371546i bk7: 12288a 1378832i bk8: 12288a 1335071i bk9: 12288a 1328873i bk10: 12288a 1367735i bk11: 12288a 1368482i bk12: 12288a 1343281i bk13: 12288a 1342298i bk14: 12288a 1375119i bk15: 12288a 1376360i 

------------------------------------------------------------------------

Row_Buffer_Locality = 0.967961
Row_Buffer_Locality_read = 0.980148
Row_Buffer_Locality_write = 0.918170
Bank_Level_Parallism = 3.635508
Bank_Level_Parallism_Col = 3.513210
Bank_Level_Parallism_Ready = 1.537999
write_to_read_ratio_blp_rw_average = 0.484008
GrpLevelPara = 3.019326 

BW Util details:
bwutil = 0.906746 
total_CMD = 1716458 
util_bw = 1556391 
Wasted_Col = 82927 
Wasted_Row = 14053 
Idle = 63087 

BW Util Bottlenecks: 
RCDc_limit = 13958 
RCDWRc_limit = 10804 
WTRc_limit = 78298 
RTWc_limit = 63023 
CCDLc_limit = 37796 
rwq = 0 
CCDLc_limit_alone = 29660 
WTRc_limit_alone = 73743 
RTWc_limit_alone = 59442 

Commands details: 
total_CMD = 1716458 
n_nop = 1311951 
Read = 196608 
Write = 0 
L2_Alloc = 0 
L2_WB = 192490 
n_act = 7841 
n_pre = 7825 
n_ref = 0 
n_req = 244732 
total_req = 389098 

Dual Bus Interface Util: 
issued_total_row = 15666 
issued_total_col = 389098 
Row_Bus_Util =  0.009127 
CoL_Bus_Util = 0.226687 
Either_Row_CoL_Bus_Util = 0.235664 
Issued_on_Two_Bus_Simul_Util = 0.000150 
issued_two_Eff = 0.000635 
queue_avg = 34.394329 


dram_util_bins: 0 0 0 0 0 0 0 0 0 0
dram_eff_bins: 0 0 0 0 0 0 0 0 0 0
mrqq: max=64 avg=34.3943
Memory Partition 14: 
Cache L2_bank_028:
MSHR contents

Cache L2_bank_029:
MSHR contents

In Dram Latency Queue (total = 10): 
Ready @ 1394638 -   mf: uid=23581367, sid4294967295:w4294967295, part=14, addr=0xc0de4b00, store, size=128, L2_WRBK  status = IN_PARTITION_DRAM_LATENCY_QUEUE (1394384), 
Ready @ 1394646 -   mf: uid=23581380, sid4294967295:w4294967295, part=14, addr=0xc0de4b80, store, size=128, L2_WRBK  status = IN_PARTITION_DRAM_LATENCY_QUEUE (1394392), 
Ready @ 1394659 -   mf: uid=23581390, sid4294967295:w4294967295, part=14, addr=0xc0de5b00, store, size=128, L2_WRBK  status = IN_PARTITION_DRAM_LATENCY_QUEUE (1394405), 
Ready @ 1394663 -   mf: uid=23581392, sid4294967295:w4294967295, part=14, addr=0xc0de5b80, store, size=128, L2_WRBK  status = IN_PARTITION_DRAM_LATENCY_QUEUE (1394409), 
Ready @ 1394693 -   mf: uid=23581404, sid4294967295:w4294967295, part=14, addr=0xc0de7900, store, size=128, L2_WRBK  status = IN_PARTITION_DRAM_LATENCY_QUEUE (1394439), 
Ready @ 1394701 -   mf: uid=23581407, sid4294967295:w4294967295, part=14, addr=0xc0de7980, store, size=128, L2_WRBK  status = IN_PARTITION_DRAM_LATENCY_QUEUE (1394447), 
Ready @ 1394702 -   mf: uid=23581408, sid4294967295:w4294967295, part=14, addr=0xc0de3c00, store, size=128, L2_WRBK  status = IN_PARTITION_DRAM_LATENCY_QUEUE (1394448), 
Ready @ 1394708 -   mf: uid=23581413, sid4294967295:w4294967295, part=14, addr=0xc0de3c80, store, size=128, L2_WRBK  status = IN_PARTITION_DRAM_LATENCY_QUEUE (1394454), 
Ready @ 1394730 -   mf: uid=23581418, sid4294967295:w4294967295, part=14, addr=0xc0de6900, store, size=128, L2_WRBK  status = IN_PARTITION_DRAM_LATENCY_QUEUE (1394476), 
Ready @ 1394738 -   mf: uid=23581420, sid4294967295:w4294967295, part=14, addr=0xc0de6980, store, size=128, L2_WRBK  status = IN_PARTITION_DRAM_LATENCY_QUEUE (1394484), 
DRAM[14]: 16 bks, busW=2 BL=16 CL=24, tRRD=12 tCCD=4, tRCD=24 tRAS=55 tRP=24 tRC=78
n_cmd=1716458 n_nop=1312035 n_act=7831 n_pre=7815 n_ref_event=0 n_req=244726 n_rd=196608 n_rd_L2_A=0 n_write=0 n_wr_bk=192461 bw_util=0.9067
n_activity=1661662 dram_eff=0.9366
bk0: 12288a 1356263i bk1: 12288a 1355756i bk2: 12288a 1373448i bk3: 12288a 1378190i bk4: 12288a 1351281i bk5: 12288a 1349746i bk6: 12288a 1382088i bk7: 12288a 1384723i bk8: 12288a 1341143i bk9: 12288a 1339575i bk10: 12288a 1373711i bk11: 12288a 1373770i bk12: 12288a 1354610i bk13: 12288a 1351719i bk14: 12288a 1377881i bk15: 12288a 1379737i 

------------------------------------------------------------------------

Row_Buffer_Locality = 0.968001
Row_Buffer_Locality_read = 0.980179
Row_Buffer_Locality_write = 0.918239
Bank_Level_Parallism = 3.557081
Bank_Level_Parallism_Col = 3.434449
Bank_Level_Parallism_Ready = 1.511992
write_to_read_ratio_blp_rw_average = 0.478965
GrpLevelPara = 2.977679 

BW Util details:
bwutil = 0.906679 
total_CMD = 1716458 
util_bw = 1556273 
Wasted_Col = 82996 
Wasted_Row = 13832 
Idle = 63357 

BW Util Bottlenecks: 
RCDc_limit = 12954 
RCDWRc_limit = 11372 
WTRc_limit = 78073 
RTWc_limit = 60244 
CCDLc_limit = 38054 
rwq = 0 
CCDLc_limit_alone = 30359 
WTRc_limit_alone = 73687 
RTWc_limit_alone = 56935 

Commands details: 
total_CMD = 1716458 
n_nop = 1312035 
Read = 196608 
Write = 0 
L2_Alloc = 0 
L2_WB = 192461 
n_act = 7831 
n_pre = 7815 
n_ref = 0 
n_req = 244726 
total_req = 389069 

Dual Bus Interface Util: 
issued_total_row = 15646 
issued_total_col = 389069 
Row_Bus_Util =  0.009115 
CoL_Bus_Util = 0.226670 
Either_Row_CoL_Bus_Util = 0.235615 
Issued_on_Two_Bus_Simul_Util = 0.000170 
issued_two_Eff = 0.000722 
queue_avg = 33.349808 


dram_util_bins: 0 0 0 0 0 0 0 0 0 0
dram_eff_bins: 0 0 0 0 0 0 0 0 0 0
mrqq: max=64 avg=33.3498
Memory Partition 15: 
Cache L2_bank_030:
MSHR contents

Cache L2_bank_031:
MSHR contents

In Dram Latency Queue (total = 10): 
Ready @ 1394629 -   mf: uid=23581355, sid4294967295:w4294967295, part=15, addr=0xc0de4a00, store, size=128, L2_WRBK  status = IN_PARTITION_DRAM_LATENCY_QUEUE (1394375), 
Ready @ 1394633 -   mf: uid=23581363, sid4294967295:w4294967295, part=15, addr=0xc0de4a80, store, size=128, L2_WRBK  status = IN_PARTITION_DRAM_LATENCY_QUEUE (1394379), 
Ready @ 1394651 -   mf: uid=23581385, sid4294967295:w4294967295, part=15, addr=0xc0de5a00, store, size=128, L2_WRBK  status = IN_PARTITION_DRAM_LATENCY_QUEUE (1394397), 
Ready @ 1394655 -   mf: uid=23581388, sid4294967295:w4294967295, part=15, addr=0xc0de5a80, store, size=128, L2_WRBK  status = IN_PARTITION_DRAM_LATENCY_QUEUE (1394401), 
Ready @ 1394697 -   mf: uid=23581406, sid4294967295:w4294967295, part=15, addr=0xc0de7800, store, size=128, L2_WRBK  status = IN_PARTITION_DRAM_LATENCY_QUEUE (1394443), 
Ready @ 1394705 -   mf: uid=23581411, sid4294967295:w4294967295, part=15, addr=0xc0de7880, store, size=128, L2_WRBK  status = IN_PARTITION_DRAM_LATENCY_QUEUE (1394451), 
Ready @ 1394712 -   mf: uid=23581414, sid4294967295:w4294967295, part=15, addr=0xc0de3d80, store, size=128, L2_WRBK  status = IN_PARTITION_DRAM_LATENCY_QUEUE (1394458), 
Ready @ 1394717 -   mf: uid=23581415, sid4294967295:w4294967295, part=15, addr=0xc0de3d00, store, size=128, L2_WRBK  status = IN_PARTITION_DRAM_LATENCY_QUEUE (1394463), 
Ready @ 1394734 -   mf: uid=23581419, sid4294967295:w4294967295, part=15, addr=0xc0de6800, store, size=128, L2_WRBK  status = IN_PARTITION_DRAM_LATENCY_QUEUE (1394480), 
Ready @ 1394742 -   mf: uid=23581422, sid4294967295:w4294967295, part=15, addr=0xc0de6880, store, size=128, L2_WRBK  status = IN_PARTITION_DRAM_LATENCY_QUEUE (1394488), 
DRAM[15]: 16 bks, busW=2 BL=16 CL=24, tRRD=12 tCCD=4, tRCD=24 tRAS=55 tRP=24 tRC=78
n_cmd=1716458 n_nop=1311947 n_act=7873 n_pre=7857 n_ref_event=0 n_req=244726 n_rd=196608 n_rd_L2_A=0 n_write=0 n_wr_bk=192458 bw_util=0.9067
n_activity=1662189 dram_eff=0.9363
bk0: 12288a 1349275i bk1: 12288a 1347192i bk2: 12288a 1370857i bk3: 12288a 1372872i bk4: 12288a 1353018i bk5: 12288a 1345871i bk6: 12288a 1380668i bk7: 12288a 1378911i bk8: 12288a 1344680i bk9: 12288a 1338859i bk10: 12288a 1378284i bk11: 12288a 1375403i bk12: 12288a 1354300i bk13: 12288a 1352337i bk14: 12288a 1380709i bk15: 12288a 1384897i 

------------------------------------------------------------------------

Row_Buffer_Locality = 0.967829
Row_Buffer_Locality_read = 0.980052
Row_Buffer_Locality_write = 0.917886
Bank_Level_Parallism = 3.564458
Bank_Level_Parallism_Col = 3.440554
Bank_Level_Parallism_Ready = 1.506682
write_to_read_ratio_blp_rw_average = 0.482616
GrpLevelPara = 2.982418 

BW Util details:
bwutil = 0.906672 
total_CMD = 1716458 
util_bw = 1556263 
Wasted_Col = 83425 
Wasted_Row = 14361 
Idle = 62409 

BW Util Bottlenecks: 
RCDc_limit = 13538 
RCDWRc_limit = 11506 
WTRc_limit = 78176 
RTWc_limit = 59937 
CCDLc_limit = 36841 
rwq = 0 
CCDLc_limit_alone = 29230 
WTRc_limit_alone = 73567 
RTWc_limit_alone = 56935 

Commands details: 
total_CMD = 1716458 
n_nop = 1311947 
Read = 196608 
Write = 0 
L2_Alloc = 0 
L2_WB = 192458 
n_act = 7873 
n_pre = 7857 
n_ref = 0 
n_req = 244726 
total_req = 389066 

Dual Bus Interface Util: 
issued_total_row = 15730 
issued_total_col = 389066 
Row_Bus_Util =  0.009164 
CoL_Bus_Util = 0.226668 
Either_Row_CoL_Bus_Util = 0.235666 
Issued_on_Two_Bus_Simul_Util = 0.000166 
issued_two_Eff = 0.000705 
queue_avg = 33.355667 


dram_util_bins: 0 0 0 0 0 0 0 0 0 0
dram_eff_bins: 0 0 0 0 0 0 0 0 0 0
mrqq: max=64 avg=33.3557

========= L2 cache stats =========
L2_cache_bank[0]: Access = 196608, Miss = 196608, Miss_rate = 1.000, Pending_hits = 0, Reservation_fails = 0
L2_cache_bank[1]: Access = 196608, Miss = 196608, Miss_rate = 1.000, Pending_hits = 0, Reservation_fails = 0
L2_cache_bank[2]: Access = 196608, Miss = 196608, Miss_rate = 1.000, Pending_hits = 0, Reservation_fails = 0
L2_cache_bank[3]: Access = 196608, Miss = 196608, Miss_rate = 1.000, Pending_hits = 0, Reservation_fails = 0
L2_cache_bank[4]: Access = 196608, Miss = 196608, Miss_rate = 1.000, Pending_hits = 0, Reservation_fails = 0
L2_cache_bank[5]: Access = 196608, Miss = 196608, Miss_rate = 1.000, Pending_hits = 0, Reservation_fails = 0
L2_cache_bank[6]: Access = 196608, Miss = 196608, Miss_rate = 1.000, Pending_hits = 0, Reservation_fails = 0
L2_cache_bank[7]: Access = 196608, Miss = 196608, Miss_rate = 1.000, Pending_hits = 0, Reservation_fails = 0
L2_cache_bank[8]: Access = 196608, Miss = 196608, Miss_rate = 1.000, Pending_hits = 0, Reservation_fails = 0
L2_cache_bank[9]: Access = 196608, Miss = 196608, Miss_rate = 1.000, Pending_hits = 0, Reservation_fails = 0
L2_cache_bank[10]: Access = 196608, Miss = 196608, Miss_rate = 1.000, Pending_hits = 0, Reservation_fails = 0
L2_cache_bank[11]: Access = 196608, Miss = 196608, Miss_rate = 1.000, Pending_hits = 0, Reservation_fails = 0
L2_cache_bank[12]: Access = 196608, Miss = 196608, Miss_rate = 1.000, Pending_hits = 0, Reservation_fails = 0
L2_cache_bank[13]: Access = 196608, Miss = 196608, Miss_rate = 1.000, Pending_hits = 0, Reservation_fails = 0
L2_cache_bank[14]: Access = 196608, Miss = 196608, Miss_rate = 1.000, Pending_hits = 0, Reservation_fails = 0
L2_cache_bank[15]: Access = 196608, Miss = 196608, Miss_rate = 1.000, Pending_hits = 0, Reservation_fails = 0
L2_cache_bank[16]: Access = 196608, Miss = 196608, Miss_rate = 1.000, Pending_hits = 0, Reservation_fails = 0
L2_cache_bank[17]: Access = 196608, Miss = 196608, Miss_rate = 1.000, Pending_hits = 0, Reservation_fails = 0
L2_cache_bank[18]: Access = 196608, Miss = 196608, Miss_rate = 1.000, Pending_hits = 0, Reservation_fails = 0
L2_cache_bank[19]: Access = 196608, Miss = 196608, Miss_rate = 1.000, Pending_hits = 0, Reservation_fails = 0
L2_cache_bank[20]: Access = 196608, Miss = 196608, Miss_rate = 1.000, Pending_hits = 0, Reservation_fails = 0
L2_cache_bank[21]: Access = 196608, Miss = 196608, Miss_rate = 1.000, Pending_hits = 0, Reservation_fails = 0
L2_cache_bank[22]: Access = 196608, Miss = 196608, Miss_rate = 1.000, Pending_hits = 0, Reservation_fails = 0
L2_cache_bank[23]: Access = 196608, Miss = 196608, Miss_rate = 1.000, Pending_hits = 0, Reservation_fails = 0
L2_cache_bank[24]: Access = 196608, Miss = 196608, Miss_rate = 1.000, Pending_hits = 0, Reservation_fails = 0
L2_cache_bank[25]: Access = 196608, Miss = 196608, Miss_rate = 1.000, Pending_hits = 0, Reservation_fails = 0
L2_cache_bank[26]: Access = 196608, Miss = 196608, Miss_rate = 1.000, Pending_hits = 0, Reservation_fails = 0
L2_cache_bank[27]: Access = 196608, Miss = 196608, Miss_rate = 1.000, Pending_hits = 0, Reservation_fails = 0
L2_cache_bank[28]: Access = 196608, Miss = 196608, Miss_rate = 1.000, Pending_hits = 0, Reservation_fails = 0
L2_cache_bank[29]: Access = 196608, Miss = 196608, Miss_rate = 1.000, Pending_hits = 0, Reservation_fails = 0
L2_cache_bank[30]: Access = 196608, Miss = 196608, Miss_rate = 1.000, Pending_hits = 0, Reservation_fails = 0
L2_cache_bank[31]: Access = 196608, Miss = 196608, Miss_rate = 1.000, Pending_hits = 0, Reservation_fails = 0
L2_total_cache_accesses = 6291456
L2_total_cache_misses = 6291456
L2_total_cache_miss_rate = 1.0000
L2_total_cache_pending_hits = 0
L2_total_cache_reservation_fails = 0
L2_total_cache_breakdown:
	L2_cache_stats_breakdown[GLOBAL_ACC_R][HIT] = 0
	L2_cache_stats_breakdown[GLOBAL_ACC_R][HIT_RESERVED] = 0
	L2_cache_stats_breakdown[GLOBAL_ACC_R][MISS] = 524288
	L2_cache_stats_breakdown[GLOBAL_ACC_R][RESERVATION_FAIL] = 0
	L2_cache_stats_breakdown[GLOBAL_ACC_R][SECTOR_MISS] = 1572864
	L2_cache_stats_breakdown[GLOBAL_ACC_R][MSHR_HIT] = 0
	L2_cache_stats_breakdown[LOCAL_ACC_R][HIT] = 0
	L2_cache_stats_breakdown[LOCAL_ACC_R][HIT_RESERVED] = 0
	L2_cache_stats_breakdown[LOCAL_ACC_R][MISS] = 0
	L2_cache_stats_breakdown[LOCAL_ACC_R][RESERVATION_FAIL] = 0
	L2_cache_stats_breakdown[LOCAL_ACC_R][SECTOR_MISS] = 0
	L2_cache_stats_breakdown[LOCAL_ACC_R][MSHR_HIT] = 0
	L2_cache_stats_breakdown[CONST_ACC_R][HIT] = 0
	L2_cache_stats_breakdown[CONST_ACC_R][HIT_RESERVED] = 0
	L2_cache_stats_breakdown[CONST_ACC_R][MISS] = 0
	L2_cache_stats_breakdown[CONST_ACC_R][RESERVATION_FAIL] = 0
	L2_cache_stats_breakdown[CONST_ACC_R][SECTOR_MISS] = 0
	L2_cache_stats_breakdown[CONST_ACC_R][MSHR_HIT] = 0
	L2_cache_stats_breakdown[TEXTURE_ACC_R][HIT] = 0
	L2_cache_stats_breakdown[TEXTURE_ACC_R][HIT_RESERVED] = 0
	L2_cache_stats_breakdown[TEXTURE_ACC_R][MISS] = 0
	L2_cache_stats_breakdown[TEXTURE_ACC_R][RESERVATION_FAIL] = 0
	L2_cache_stats_breakdown[TEXTURE_ACC_R][SECTOR_MISS] = 0
	L2_cache_stats_breakdown[TEXTURE_ACC_R][MSHR_HIT] = 0
	L2_cache_stats_breakdown[GLOBAL_ACC_W][HIT] = 0
	L2_cache_stats_breakdown[GLOBAL_ACC_W][HIT_RESERVED] = 0
	L2_cache_stats_breakdown[GLOBAL_ACC_W][MISS] = 524288
	L2_cache_stats_breakdown[GLOBAL_ACC_W][RESERVATION_FAIL] = 0
	L2_cache_stats_breakdown[GLOBAL_ACC_W][SECTOR_MISS] = 1572864
	L2_cache_stats_breakdown[GLOBAL_ACC_W][MSHR_HIT] = 0
	L2_cache_stats_breakdown[LOCAL_ACC_W][HIT] = 0
	L2_cache_stats_breakdown[LOCAL_ACC_W][HIT_RESERVED] = 0
	L2_cache_stats_breakdown[LOCAL_ACC_W][MISS] = 0
	L2_cache_stats_breakdown[LOCAL_ACC_W][RESERVATION_FAIL] = 0
	L2_cache_stats_breakdown[LOCAL_ACC_W][SECTOR_MISS] = 0
	L2_cache_stats_breakdown[LOCAL_ACC_W][MSHR_HIT] = 0
	L2_cache_stats_breakdown[L1_WRBK_ACC][HIT] = 0
	L2_cache_stats_breakdown[L1_WRBK_ACC][HIT_RESERVED] = 0
	L2_cache_stats_breakdown[L1_WRBK_ACC][MISS] = 0
	L2_cache_stats_breakdown[L1_WRBK_ACC][RESERVATION_FAIL] = 0
	L2_cache_stats_breakdown[L1_WRBK_ACC][SECTOR_MISS] = 0
	L2_cache_stats_breakdown[L1_WRBK_ACC][MSHR_HIT] = 0
	L2_cache_stats_breakdown[L2_WRBK_ACC][HIT] = 0
	L2_cache_stats_breakdown[L2_WRBK_ACC][HIT_RESERVED] = 0
	L2_cache_stats_breakdown[L2_WRBK_ACC][MISS] = 0
	L2_cache_stats_breakdown[L2_WRBK_ACC][RESERVATION_FAIL] = 0
	L2_cache_stats_breakdown[L2_WRBK_ACC][SECTOR_MISS] = 0
	L2_cache_stats_breakdown[L2_WRBK_ACC][MSHR_HIT] = 0
	L2_cache_stats_breakdown[INST_ACC_R][HIT] = 0
	L2_cache_stats_breakdown[INST_ACC_R][HIT_RESERVED] = 0
	L2_cache_stats_breakdown[INST_ACC_R][MISS] = 0
	L2_cache_stats_breakdown[INST_ACC_R][RESERVATION_FAIL] = 0
	L2_cache_stats_breakdown[INST_ACC_R][SECTOR_MISS] = 0
	L2_cache_stats_breakdown[INST_ACC_R][MSHR_HIT] = 0
	L2_cache_stats_breakdown[L1_WR_ALLOC_R][HIT] = 0
	L2_cache_stats_breakdown[L1_WR_ALLOC_R][HIT_RESERVED] = 0
	L2_cache_stats_breakdown[L1_WR_ALLOC_R][MISS] = 0
	L2_cache_stats_breakdown[L1_WR_ALLOC_R][RESERVATION_FAIL] = 0
	L2_cache_stats_breakdown[L1_WR_ALLOC_R][SECTOR_MISS] = 0
	L2_cache_stats_breakdown[L1_WR_ALLOC_R][MSHR_HIT] = 0
	L2_cache_stats_breakdown[L2_WR_ALLOC_R][HIT] = 0
	L2_cache_stats_breakdown[L2_WR_ALLOC_R][HIT_RESERVED] = 0
	L2_cache_stats_breakdown[L2_WR_ALLOC_R][MISS] = 0
	L2_cache_stats_breakdown[L2_WR_ALLOC_R][RESERVATION_FAIL] = 0
	L2_cache_stats_breakdown[L2_WR_ALLOC_R][SECTOR_MISS] = 0
	L2_cache_stats_breakdown[L2_WR_ALLOC_R][MSHR_HIT] = 0
	L2_cache_stats_breakdown[GLOBAL_ACC_R][TOTAL_ACCESS] = 2097152
	L2_cache_stats_breakdown[GLOBAL_ACC_W][TOTAL_ACCESS] = 2097152
L2_total_cache_reservation_fail_breakdown:
L2_cache_data_port_util = 0.068
L2_cache_fill_port_util = 0.070

icnt_total_pkts_mem_to_simt=6291456
icnt_total_pkts_simt_to_mem=6291456
LD_mem_lat_dist  0 0 0 0 0 0 0 0 0 0 0 0 0 0 0 0 0 0 0 0 0 0 0 0 0 0 0
ST_mem_lat_dist  0 0 0 0 0 0 0 0 0 0 0 0 0 0 0 0 0 0 0 0 0 0 0 0 0 0 0
----------------------------Interconnect-DETAILS--------------------------------
Req_Network_injected_packets_num = 6291456
Req_Network_cycles = 1394626
Req_Network_injected_packets_per_cycle =       4.5112 
Req_Network_conflicts_per_cycle =       0.5300
Req_Network_conflicts_per_cycle_util =       0.5687
Req_Bank_Level_Parallism =       4.8403
Req_Network_in_buffer_full_per_cycle =       0.0000
Req_Network_in_buffer_avg_util =       0.3268
Req_Network_out_buffer_full_per_cycle =       0.0000
Req_Network_out_buffer_avg_util =       0.1410

Reply_Network_injected_packets_num = 6291456
Reply_Network_cycles = 1394626
Reply_Network_injected_packets_per_cycle =        4.5112
Reply_Network_conflicts_per_cycle =        2.8338
Reply_Network_conflicts_per_cycle_util =       3.1178
Reply_Bank_Level_Parallism =       4.9634
Reply_Network_in_buffer_full_per_cycle =       0.0000
Reply_Network_in_buffer_avg_util =       0.3013
Reply_Network_out_buffer_full_per_cycle =       0.0000
Reply_Network_out_buffer_avg_util =       0.2820
----------------------------END-of-Interconnect-DETAILS-------------------------


gpgpu_simulation_time = 0 days, 0 hrs, 20 min, 28 sec (1228 sec)
gpgpu_simulation_rate = 655786 (inst/sec)
gpgpu_simulation_rate = 1135 (cycle/sec)
gpgpu_silicon_slowdown = 1145374x
GPGPU-Sim: synchronize waiting for inactive GPU simulation
GPGPU-Sim API: Stream Manager State
GPGPU-Sim: detected inactive GPU simulation thread
MLX_FIG24_SCHEDULE_SUMMARY {"count":4194304,"stages":6,"block_threads":128,"ctas_per_stage":32768,"total_ctas":196608,"scalar_fma":75497472,"checksum":2432695.987242341,"reference":2432696.036875069,"relative_error":2.04023549788e-08}
GPGPU-Sim: *** exit detected ***
