make: Entering directory '/workspace/MLX_dev/third_party/accel-sim-framework/gpu-simulator'
if [ ! -d ./bin/release ]; then mkdir -p ./bin/release; fi;
if [ ! -d ./build/release ]; then mkdir -p ./build/release; fi;
touch ./build/release/main.makedepend
makedepend -f./build/release/main.makedepend -p./build/release/ main.cc 2> /dev/null
make -C trace-driven depend
make -C trace-parser depend
make -C /workspace/MLX_dev/third_party/accel-sim-framework/gpu-simulator/gpgpu-sim
make[1]: Entering directory '/workspace/MLX_dev/third_party/accel-sim-framework/gpu-simulator/trace-driven'
echo "const char *g_accelsim_version=\"accelsim-commit-c5296df_modified_0.0_26-08-17-12-05-44\";" > ./build/release/accelsim_version.h
make[1]: Entering directory '/workspace/MLX_dev/third_party/accel-sim-framework/gpu-simulator/trace-parser'
make[1]: Entering directory '/workspace/MLX_dev/third_party/accel-sim-framework/gpu-simulator/gpgpu-sim'
touch ../build/release/trace-driven.Makefile.makedepend
touch ../build/release/trace-parser.Makefile.makedepend
makedepend -f../build/release/trace-driven.Makefile.makedepend -p../build/release/ trace_driven.cc 2> /dev/null
makedepend -f../build/release/trace-parser.Makefile.makedepend -p../build/release/ trace_parser.cc 2> /dev/null
make[1]: 'depend' is up to date.
make[1]: Leaving directory '/workspace/MLX_dev/third_party/accel-sim-framework/gpu-simulator/trace-driven'
make[1]: 'depend' is up to date.
make[1]: Leaving directory '/workspace/MLX_dev/third_party/accel-sim-framework/gpu-simulator/trace-parser'
make -C trace-parser
make -C trace-driven
make[1]: Entering directory '/workspace/MLX_dev/third_party/accel-sim-framework/gpu-simulator/trace-parser'
make[1]: Entering directory '/workspace/MLX_dev/third_party/accel-sim-framework/gpu-simulator/trace-driven'
touch ../build/release/trace-parser.Makefile.makedepend
touch ../build/release/trace-driven.Makefile.makedepend
makedepend -f../build/release/trace-parser.Makefile.makedepend -p../build/release/ trace_parser.cc 2> /dev/null
makedepend -f../build/release/trace-driven.Makefile.makedepend -p../build/release/ trace_driven.cc 2> /dev/null
make[1]: Nothing to be done for 'trace-driven'.
make[1]: Leaving directory '/workspace/MLX_dev/third_party/accel-sim-framework/gpu-simulator/trace-driven'
make[1]: Nothing to be done for 'trace-parser'.
make[1]: Leaving directory '/workspace/MLX_dev/third_party/accel-sim-framework/gpu-simulator/trace-parser'

	Building GPGPU-Sim version 4.2.0 (build gpgpu-sim_git-commit-68e1cd3_modified_1.0) with CUDA version 13.2

if [ ! -d lib/gcc-11.4.0/cuda-13020/release ]; then mkdir -p lib/gcc-11.4.0/cuda-13020/release; fi;
if [ ! -d /workspace/MLX_dev/third_party/accel-sim-framework/gpu-simulator/gpgpu-sim/build/gcc-11.4.0/cuda-13020/release/libcuda ]; then mkdir -p /workspace/MLX_dev/third_party/accel-sim-framework/gpu-simulator/gpgpu-sim/build/gcc-11.4.0/cuda-13020/release/libcuda; fi;
if [ ! -d /workspace/MLX_dev/third_party/accel-sim-framework/gpu-simulator/gpgpu-sim/build/gcc-11.4.0/cuda-13020/release/cuda-sim ]; then mkdir -p /workspace/MLX_dev/third_party/accel-sim-framework/gpu-simulator/gpgpu-sim/build/gcc-11.4.0/cuda-13020/release/cuda-sim; fi;
Warning: gpgpu-sim is building without opencl support. Make sure NVOPENCL_LIBDIR and NVOPENCL_INCDIR are set
if [ ! -d /workspace/MLX_dev/third_party/accel-sim-framework/gpu-simulator/gpgpu-sim/build/gcc-11.4.0/cuda-13020/release/cuda-sim/decuda_pred_table ]; then mkdir -p /workspace/MLX_dev/third_party/accel-sim-framework/gpu-simulator/gpgpu-sim/build/gcc-11.4.0/cuda-13020/release/cuda-sim/decuda_pred_table; fi;
if [ ! -d /workspace/MLX_dev/third_party/accel-sim-framework/gpu-simulator/gpgpu-sim/build/gcc-11.4.0/cuda-13020/release/gpgpu-sim ]; then mkdir -p /workspace/MLX_dev/third_party/accel-sim-framework/gpu-simulator/gpgpu-sim/build/gcc-11.4.0/cuda-13020/release/gpgpu-sim; fi;
if [ ! -d /workspace/MLX_dev/third_party/accel-sim-framework/gpu-simulator/gpgpu-sim/build/gcc-11.4.0/cuda-13020/release/libopencl ]; then mkdir -p /workspace/MLX_dev/third_party/accel-sim-framework/gpu-simulator/gpgpu-sim/build/gcc-11.4.0/cuda-13020/release/libopencl; fi;
if [ ! -d /workspace/MLX_dev/third_party/accel-sim-framework/gpu-simulator/gpgpu-sim/build/gcc-11.4.0/cuda-13020/release/libopencl/bin ]; then mkdir -p /workspace/MLX_dev/third_party/accel-sim-framework/gpu-simulator/gpgpu-sim/build/gcc-11.4.0/cuda-13020/release/libopencl/bin; fi;
if [ ! -d /workspace/MLX_dev/third_party/accel-sim-framework/gpu-simulator/gpgpu-sim/build/gcc-11.4.0/cuda-13020/release/intersim2 ]; then mkdir -p /workspace/MLX_dev/third_party/accel-sim-framework/gpu-simulator/gpgpu-sim/build/gcc-11.4.0/cuda-13020/release/intersim2; fi;
if [ ! -d /workspace/MLX_dev/third_party/accel-sim-framework/gpu-simulator/gpgpu-sim/build/gcc-11.4.0/cuda-13020/release/cuobjdump_to_ptxplus ]; then mkdir -p /workspace/MLX_dev/third_party/accel-sim-framework/gpu-simulator/gpgpu-sim/build/gcc-11.4.0/cuda-13020/release/cuobjdump_to_ptxplus; fi;
if [ ! -d /workspace/MLX_dev/third_party/accel-sim-framework/gpu-simulator/gpgpu-sim/build/gcc-11.4.0/cuda-13020/release/accelwattch ]; then mkdir -p /workspace/MLX_dev/third_party/accel-sim-framework/gpu-simulator/gpgpu-sim/build/gcc-11.4.0/cuda-13020/release/accelwattch; fi;
if [ ! -d /workspace/MLX_dev/third_party/accel-sim-framework/gpu-simulator/gpgpu-sim/build/gcc-11.4.0/cuda-13020/release/accelwattch/cacti ]; then mkdir -p /workspace/MLX_dev/third_party/accel-sim-framework/gpu-simulator/gpgpu-sim/build/gcc-11.4.0/cuda-13020/release/accelwattch/cacti; fi;
make -C ./src/cuda-sim/ depend
make -C /workspace/MLX_dev/third_party/accel-sim-framework/gpu-simulator/gpgpu-sim/src/accelwattch/ depend
make[2]: Entering directory '/workspace/MLX_dev/third_party/accel-sim-framework/gpu-simulator/gpgpu-sim/src/cuda-sim'
make[2]: Entering directory '/workspace/MLX_dev/third_party/accel-sim-framework/gpu-simulator/gpgpu-sim/src/accelwattch'
make[3]: Entering directory '/workspace/MLX_dev/third_party/accel-sim-framework/gpu-simulator/gpgpu-sim/src/accelwattch'
touch /workspace/MLX_dev/third_party/accel-sim-framework/gpu-simulator/gpgpu-sim/build/gcc-11.4.0/cuda-13020/release/accelwattch/Makefile.makedepend
makedepend -f/workspace/MLX_dev/third_party/accel-sim-framework/gpu-simulator/gpgpu-sim/build/gcc-11.4.0/cuda-13020/release/accelwattch/Makefile.makedepend -p/workspace/MLX_dev/third_party/accel-sim-framework/gpu-simulator/gpgpu-sim/build/gcc-11.4.0/cuda-13020/release/accelwattch/ Ucache.cc XML_Parse.cc arbiter.cc area.cc array.cc bank.cc basic_circuit.cc basic_components.cc cacti_interface.cc component.cc core.cc crossbar.cc decoder.cc htree2.cc interconnect.cc io.cc iocontrollers.cc logic.cc main.cc mat.cc memoryctrl.cc noc.cc nuca.cc parameter.cc processor.cc router.cc sharedcache.cc subarray.cc technology.cc uca.cc wire.cc xmlParser.cc gpgpu_sim_wrapper.cc  2> /dev/null
make -C ./cacti/ depend
make[4]: Entering directory '/workspace/MLX_dev/third_party/accel-sim-framework/gpu-simulator/gpgpu-sim/src/accelwattch/cacti'
make[5]: Entering directory '/workspace/MLX_dev/third_party/accel-sim-framework/gpu-simulator/gpgpu-sim/src/accelwattch/cacti'
touch /workspace/MLX_dev/third_party/accel-sim-framework/gpu-simulator/gpgpu-sim/build/gcc-11.4.0/cuda-13020/release/accelwattch/cacti/Makefile.makedepend
makedepend -f/workspace/MLX_dev/third_party/accel-sim-framework/gpu-simulator/gpgpu-sim/build/gcc-11.4.0/cuda-13020/release/accelwattch/cacti/Makefile.makedepend -p/workspace/MLX_dev/third_party/accel-sim-framework/gpu-simulator/gpgpu-sim/build/gcc-11.4.0/cuda-13020/release/accelwattch/cacti/ area.cc bank.cc mat.cc main.cc Ucache.cc io.cc technology.cc basic_circuit.cc parameter.cc decoder.cc component.cc uca.cc subarray.cc wire.cc htree2.cc cacti_interface.cc router.cc nuca.cc crossbar.cc arbiter.cc  2> /dev/null
touch /workspace/MLX_dev/third_party/accel-sim-framework/gpu-simulator/gpgpu-sim/build/gcc-11.4.0/cuda-13020/release/cuda-sim/Makefile.makedepend
makedepend -f/workspace/MLX_dev/third_party/accel-sim-framework/gpu-simulator/gpgpu-sim/build/gcc-11.4.0/cuda-13020/release/cuda-sim/Makefile.makedepend -p/workspace/MLX_dev/third_party/accel-sim-framework/gpu-simulator/gpgpu-sim/build/gcc-11.4.0/cuda-13020/release/cuda-sim/ cuda-sim.cc cuda_device_printf.cc cuda_device_runtime.cc instructions.cc memory.cc ptx-stats.cc ptx_ir.cc ptx_loader.cc ptx_parser.cc ptx_sim.cc 2> /dev/null
make[5]: Nothing to be done for 'depend'.
make[5]: Leaving directory '/workspace/MLX_dev/third_party/accel-sim-framework/gpu-simulator/gpgpu-sim/src/accelwattch/cacti'
make[4]: Leaving directory '/workspace/MLX_dev/third_party/accel-sim-framework/gpu-simulator/gpgpu-sim/src/accelwattch/cacti'
make[3]: Nothing to be done for 'depend'.
make[3]: Leaving directory '/workspace/MLX_dev/third_party/accel-sim-framework/gpu-simulator/gpgpu-sim/src/accelwattch'
make[2]: Leaving directory '/workspace/MLX_dev/third_party/accel-sim-framework/gpu-simulator/gpgpu-sim/src/accelwattch'
make -C /workspace/MLX_dev/third_party/accel-sim-framework/gpu-simulator/gpgpu-sim/src/accelwattch/ 
make[2]: Entering directory '/workspace/MLX_dev/third_party/accel-sim-framework/gpu-simulator/gpgpu-sim/src/accelwattch'
make[3]: Entering directory '/workspace/MLX_dev/third_party/accel-sim-framework/gpu-simulator/gpgpu-sim/src/accelwattch'
make[2]: 'depend' is up to date.
make[2]: Leaving directory '/workspace/MLX_dev/third_party/accel-sim-framework/gpu-simulator/gpgpu-sim/src/cuda-sim'
make -C ./src/cuda-sim/
make[2]: Entering directory '/workspace/MLX_dev/third_party/accel-sim-framework/gpu-simulator/gpgpu-sim/src/cuda-sim'
touch /workspace/MLX_dev/third_party/accel-sim-framework/gpu-simulator/gpgpu-sim/build/gcc-11.4.0/cuda-13020/release/accelwattch/Makefile.makedepend
makedepend -f/workspace/MLX_dev/third_party/accel-sim-framework/gpu-simulator/gpgpu-sim/build/gcc-11.4.0/cuda-13020/release/accelwattch/Makefile.makedepend -p/workspace/MLX_dev/third_party/accel-sim-framework/gpu-simulator/gpgpu-sim/build/gcc-11.4.0/cuda-13020/release/accelwattch/ Ucache.cc XML_Parse.cc arbiter.cc area.cc array.cc bank.cc basic_circuit.cc basic_components.cc cacti_interface.cc component.cc core.cc crossbar.cc decoder.cc htree2.cc interconnect.cc io.cc iocontrollers.cc logic.cc main.cc mat.cc memoryctrl.cc noc.cc nuca.cc parameter.cc processor.cc router.cc sharedcache.cc subarray.cc technology.cc uca.cc wire.cc xmlParser.cc gpgpu_sim_wrapper.cc  2> /dev/null
make -C ./cacti/ depend
make[4]: Entering directory '/workspace/MLX_dev/third_party/accel-sim-framework/gpu-simulator/gpgpu-sim/src/accelwattch/cacti'
make[5]: Entering directory '/workspace/MLX_dev/third_party/accel-sim-framework/gpu-simulator/gpgpu-sim/src/accelwattch/cacti'
touch /workspace/MLX_dev/third_party/accel-sim-framework/gpu-simulator/gpgpu-sim/build/gcc-11.4.0/cuda-13020/release/accelwattch/cacti/Makefile.makedepend
makedepend -f/workspace/MLX_dev/third_party/accel-sim-framework/gpu-simulator/gpgpu-sim/build/gcc-11.4.0/cuda-13020/release/accelwattch/cacti/Makefile.makedepend -p/workspace/MLX_dev/third_party/accel-sim-framework/gpu-simulator/gpgpu-sim/build/gcc-11.4.0/cuda-13020/release/accelwattch/cacti/ area.cc bank.cc mat.cc main.cc Ucache.cc io.cc technology.cc basic_circuit.cc parameter.cc decoder.cc component.cc uca.cc subarray.cc wire.cc htree2.cc cacti_interface.cc router.cc nuca.cc crossbar.cc arbiter.cc  2> /dev/null
make[5]: Nothing to be done for 'depend'.
make[5]: Leaving directory '/workspace/MLX_dev/third_party/accel-sim-framework/gpu-simulator/gpgpu-sim/src/accelwattch/cacti'
make[4]: Leaving directory '/workspace/MLX_dev/third_party/accel-sim-framework/gpu-simulator/gpgpu-sim/src/accelwattch/cacti'
make[3]: Nothing to be done for 'all'.
make[3]: Leaving directory '/workspace/MLX_dev/third_party/accel-sim-framework/gpu-simulator/gpgpu-sim/src/accelwattch'
make[2]: Leaving directory '/workspace/MLX_dev/third_party/accel-sim-framework/gpu-simulator/gpgpu-sim/src/accelwattch'
touch /workspace/MLX_dev/third_party/accel-sim-framework/gpu-simulator/gpgpu-sim/build/gcc-11.4.0/cuda-13020/release/cuda-sim/Makefile.makedepend
makedepend -f/workspace/MLX_dev/third_party/accel-sim-framework/gpu-simulator/gpgpu-sim/build/gcc-11.4.0/cuda-13020/release/cuda-sim/Makefile.makedepend -p/workspace/MLX_dev/third_party/accel-sim-framework/gpu-simulator/gpgpu-sim/build/gcc-11.4.0/cuda-13020/release/cuda-sim/ cuda-sim.cc cuda_device_printf.cc cuda_device_runtime.cc instructions.cc memory.cc ptx-stats.cc ptx_ir.cc ptx_loader.cc ptx_parser.cc ptx_sim.cc 2> /dev/null
cat /workspace/MLX_dev/third_party/accel-sim-framework/gpu-simulator/gpgpu-sim/build/gcc-11.4.0/cuda-13020/release/cuda-sim/ptx.tab.h | grep "=" | sed 's/^[ ]\+//' | sed -E 's/\s+\/\*.+\*\///' | sed 's/[=,]//g' | sed 's/\([_A-Z1-9]\+\)[ ]\+\([0-9]\+\)/\1 \1/' | sed 's/^/DEF(/' | sed 's/ /,"/' | sed 's/$/")/' | sed '/YYerror/d;/YYEOF/d;/YYEMPTY/d;/YYUNDEF/d;'> /workspace/MLX_dev/third_party/accel-sim-framework/gpu-simulator/gpgpu-sim/build/gcc-11.4.0/cuda-13020/release/cuda-sim/ptx_parser_decode.def
g++  -c -O3 -g3 -Wall -Wno-unused-function -Wno-sign-compare -I/usr/local/cuda-13.2/include  -I/workspace/MLX_dev/third_party/accel-sim-framework/gpu-simulator/gpgpu-sim/build/gcc-11.4.0/cuda-13020/release/cuda-sim/ -I. -I/workspace/MLX_dev/third_party/accel-sim-framework/gpu-simulator/gpgpu-sim/build/gcc-11.4.0/cuda-13020/release -fPIC  -DTRACING_ON=1 -DCUDART_VERSION=13020 -std=c++0x cuda_device_printf.cc -o /workspace/MLX_dev/third_party/accel-sim-framework/gpu-simulator/gpgpu-sim/build/gcc-11.4.0/cuda-13020/release/cuda-sim/cuda_device_printf.o
g++  -c -O3 -g3 -Wall -Wno-unused-function -Wno-sign-compare -I/usr/local/cuda-13.2/include  -I/workspace/MLX_dev/third_party/accel-sim-framework/gpu-simulator/gpgpu-sim/build/gcc-11.4.0/cuda-13020/release/cuda-sim/ -I. -I/workspace/MLX_dev/third_party/accel-sim-framework/gpu-simulator/gpgpu-sim/build/gcc-11.4.0/cuda-13020/release -fPIC  -DTRACING_ON=1 -DCUDART_VERSION=13020 -std=c++0x instructions.cc -o /workspace/MLX_dev/third_party/accel-sim-framework/gpu-simulator/gpgpu-sim/build/gcc-11.4.0/cuda-13020/release/cuda-sim/instructions.o
g++  -c -O3 -g3 -Wall -Wno-unused-function -Wno-sign-compare -I/usr/local/cuda-13.2/include  -I/workspace/MLX_dev/third_party/accel-sim-framework/gpu-simulator/gpgpu-sim/build/gcc-11.4.0/cuda-13020/release/cuda-sim/ -I. -I/workspace/MLX_dev/third_party/accel-sim-framework/gpu-simulator/gpgpu-sim/build/gcc-11.4.0/cuda-13020/release -fPIC  -DTRACING_ON=1 -DCUDART_VERSION=13020 -std=c++0x cuda-sim.cc -o /workspace/MLX_dev/third_party/accel-sim-framework/gpu-simulator/gpgpu-sim/build/gcc-11.4.0/cuda-13020/release/cuda-sim/cuda-sim.o
g++  -c -O3 -g3 -Wall -Wno-unused-function -Wno-sign-compare -I/usr/local/cuda-13.2/include  -I/workspace/MLX_dev/third_party/accel-sim-framework/gpu-simulator/gpgpu-sim/build/gcc-11.4.0/cuda-13020/release/cuda-sim/ -I. -I/workspace/MLX_dev/third_party/accel-sim-framework/gpu-simulator/gpgpu-sim/build/gcc-11.4.0/cuda-13020/release -fPIC  -DTRACING_ON=1 -DCUDART_VERSION=13020 -std=c++0x ptx_sim.cc -o /workspace/MLX_dev/third_party/accel-sim-framework/gpu-simulator/gpgpu-sim/build/gcc-11.4.0/cuda-13020/release/cuda-sim/ptx_sim.o
g++  -c -O3 -g3 -Wall -Wno-unused-function -Wno-sign-compare -I/usr/local/cuda-13.2/include  -I/workspace/MLX_dev/third_party/accel-sim-framework/gpu-simulator/gpgpu-sim/build/gcc-11.4.0/cuda-13020/release/cuda-sim/ -I. -I/workspace/MLX_dev/third_party/accel-sim-framework/gpu-simulator/gpgpu-sim/build/gcc-11.4.0/cuda-13020/release -fPIC  -DTRACING_ON=1 -DCUDART_VERSION=13020 -std=c++0x memory.cc -o /workspace/MLX_dev/third_party/accel-sim-framework/gpu-simulator/gpgpu-sim/build/gcc-11.4.0/cuda-13020/release/cuda-sim/memory.o
g++  -c -O3 -g3 -Wall -Wno-unused-function -Wno-sign-compare -I/usr/local/cuda-13.2/include  -I/workspace/MLX_dev/third_party/accel-sim-framework/gpu-simulator/gpgpu-sim/build/gcc-11.4.0/cuda-13020/release/cuda-sim/ -I. -I/workspace/MLX_dev/third_party/accel-sim-framework/gpu-simulator/gpgpu-sim/build/gcc-11.4.0/cuda-13020/release -fPIC  -DTRACING_ON=1 -DCUDART_VERSION=13020 -std=c++0x ptx-stats.cc -o /workspace/MLX_dev/third_party/accel-sim-framework/gpu-simulator/gpgpu-sim/build/gcc-11.4.0/cuda-13020/release/cuda-sim/ptx-stats.o
g++  -c -O3 -g3 -Wall -Wno-unused-function -Wno-sign-compare -I/usr/local/cuda-13.2/include  -I/workspace/MLX_dev/third_party/accel-sim-framework/gpu-simulator/gpgpu-sim/build/gcc-11.4.0/cuda-13020/release/cuda-sim/ -I. -I/workspace/MLX_dev/third_party/accel-sim-framework/gpu-simulator/gpgpu-sim/build/gcc-11.4.0/cuda-13020/release -fPIC  -DTRACING_ON=1 -DCUDART_VERSION=13020 -std=c++0x decuda_pred_table/decuda_pred_table.cc -o /workspace/MLX_dev/third_party/accel-sim-framework/gpu-simulator/gpgpu-sim/build/gcc-11.4.0/cuda-13020/release/cuda-sim/decuda_pred_table/decuda_pred_table.o
g++  -c -O3 -g3 -Wall -Wno-unused-function -Wno-sign-compare -I/usr/local/cuda-13.2/include  -I/workspace/MLX_dev/third_party/accel-sim-framework/gpu-simulator/gpgpu-sim/build/gcc-11.4.0/cuda-13020/release/cuda-sim/ -I. -I/workspace/MLX_dev/third_party/accel-sim-framework/gpu-simulator/gpgpu-sim/build/gcc-11.4.0/cuda-13020/release -fPIC  -DTRACING_ON=1 -DCUDART_VERSION=13020 -std=c++0x -DYYDEBUG /workspace/MLX_dev/third_party/accel-sim-framework/gpu-simulator/gpgpu-sim/build/gcc-11.4.0/cuda-13020/release/cuda-sim/ptx.tab.c -o /workspace/MLX_dev/third_party/accel-sim-framework/gpu-simulator/gpgpu-sim/build/gcc-11.4.0/cuda-13020/release/cuda-sim/ptx.tab.o
flex --outfile=/workspace/MLX_dev/third_party/accel-sim-framework/gpu-simulator/gpgpu-sim/build/gcc-11.4.0/cuda-13020/release/cuda-sim/lex.ptx_.c ptx.l 2> /dev/null
bison --name-prefix=ptxinfo_ -v -d ptxinfo.y --file-prefix=/workspace/MLX_dev/third_party/accel-sim-framework/gpu-simulator/gpgpu-sim/build/gcc-11.4.0/cuda-13020/release/cuda-sim/ptxinfo 2> /dev/null
flex --outfile=/workspace/MLX_dev/third_party/accel-sim-framework/gpu-simulator/gpgpu-sim/build/gcc-11.4.0/cuda-13020/release/cuda-sim/lex.ptxinfo_.c ptxinfo.l 2> /dev/null
g++  -c -O3 -g3 -Wall -Wno-unused-function -Wno-sign-compare -I/usr/local/cuda-13.2/include  -I/workspace/MLX_dev/third_party/accel-sim-framework/gpu-simulator/gpgpu-sim/build/gcc-11.4.0/cuda-13020/release/cuda-sim/ -I. -I/workspace/MLX_dev/third_party/accel-sim-framework/gpu-simulator/gpgpu-sim/build/gcc-11.4.0/cuda-13020/release -fPIC  -DTRACING_ON=1 -DCUDART_VERSION=13020 -std=c++0x cuda_device_runtime.cc -o /workspace/MLX_dev/third_party/accel-sim-framework/gpu-simulator/gpgpu-sim/build/gcc-11.4.0/cuda-13020/release/cuda-sim/cuda_device_runtime.o
g++  -c -O3 -g3 -Wall -Wno-unused-function -Wno-sign-compare -I/usr/local/cuda-13.2/include  -I/workspace/MLX_dev/third_party/accel-sim-framework/gpu-simulator/gpgpu-sim/build/gcc-11.4.0/cuda-13020/release/cuda-sim/ -I. -I/workspace/MLX_dev/third_party/accel-sim-framework/gpu-simulator/gpgpu-sim/build/gcc-11.4.0/cuda-13020/release -fPIC  -DTRACING_ON=1 -DCUDART_VERSION=13020 -std=c++0x ptx_parser.cc -o /workspace/MLX_dev/third_party/accel-sim-framework/gpu-simulator/gpgpu-sim/build/gcc-11.4.0/cuda-13020/release/cuda-sim/ptx_parser.o
g++  -c -O3 -g3 -Wall -Wno-unused-function -Wno-sign-compare -I/usr/local/cuda-13.2/include  -I/workspace/MLX_dev/third_party/accel-sim-framework/gpu-simulator/gpgpu-sim/build/gcc-11.4.0/cuda-13020/release/cuda-sim/ -I. -I/workspace/MLX_dev/third_party/accel-sim-framework/gpu-simulator/gpgpu-sim/build/gcc-11.4.0/cuda-13020/release -fPIC  -DTRACING_ON=1 -DCUDART_VERSION=13020 -std=c++0x ptx_loader.cc -o /workspace/MLX_dev/third_party/accel-sim-framework/gpu-simulator/gpgpu-sim/build/gcc-11.4.0/cuda-13020/release/cuda-sim/ptx_loader.o
g++  -c -O3 -g3 -Wall -Wno-unused-function -Wno-sign-compare -I/usr/local/cuda-13.2/include  -I/workspace/MLX_dev/third_party/accel-sim-framework/gpu-simulator/gpgpu-sim/build/gcc-11.4.0/cuda-13020/release/cuda-sim/ -I. -I/workspace/MLX_dev/third_party/accel-sim-framework/gpu-simulator/gpgpu-sim/build/gcc-11.4.0/cuda-13020/release -fPIC  -DTRACING_ON=1 -DCUDART_VERSION=13020 -std=c++0x ptx_ir.cc -o /workspace/MLX_dev/third_party/accel-sim-framework/gpu-simulator/gpgpu-sim/build/gcc-11.4.0/cuda-13020/release/cuda-sim/ptx_ir.o
g++  -c -O3 -g3 -Wall -Wno-unused-function -Wno-sign-compare -I/usr/local/cuda-13.2/include  -I/workspace/MLX_dev/third_party/accel-sim-framework/gpu-simulator/gpgpu-sim/build/gcc-11.4.0/cuda-13020/release/cuda-sim/ -I. -I/workspace/MLX_dev/third_party/accel-sim-framework/gpu-simulator/gpgpu-sim/build/gcc-11.4.0/cuda-13020/release -fPIC  -DTRACING_ON=1 -DCUDART_VERSION=13020 -std=c++0x /workspace/MLX_dev/third_party/accel-sim-framework/gpu-simulator/gpgpu-sim/build/gcc-11.4.0/cuda-13020/release/cuda-sim/lex.ptx_.c -o /workspace/MLX_dev/third_party/accel-sim-framework/gpu-simulator/gpgpu-sim/build/gcc-11.4.0/cuda-13020/release/cuda-sim/lex.ptx_.o
g++  -c -O3 -g3 -Wall -Wno-unused-function -Wno-sign-compare -I/usr/local/cuda-13.2/include  -I/workspace/MLX_dev/third_party/accel-sim-framework/gpu-simulator/gpgpu-sim/build/gcc-11.4.0/cuda-13020/release/cuda-sim/ -I. -I/workspace/MLX_dev/third_party/accel-sim-framework/gpu-simulator/gpgpu-sim/build/gcc-11.4.0/cuda-13020/release -fPIC  -DTRACING_ON=1 -DCUDART_VERSION=13020 -std=c++0x -DYYDEBUG /workspace/MLX_dev/third_party/accel-sim-framework/gpu-simulator/gpgpu-sim/build/gcc-11.4.0/cuda-13020/release/cuda-sim/ptxinfo.tab.c -o /workspace/MLX_dev/third_party/accel-sim-framework/gpu-simulator/gpgpu-sim/build/gcc-11.4.0/cuda-13020/release/cuda-sim/ptxinfo.tab.o
g++  -c -O3 -g3 -Wall -Wno-unused-function -Wno-sign-compare -I/usr/local/cuda-13.2/include  -I/workspace/MLX_dev/third_party/accel-sim-framework/gpu-simulator/gpgpu-sim/build/gcc-11.4.0/cuda-13020/release/cuda-sim/ -I. -I/workspace/MLX_dev/third_party/accel-sim-framework/gpu-simulator/gpgpu-sim/build/gcc-11.4.0/cuda-13020/release -fPIC  -DTRACING_ON=1 -DCUDART_VERSION=13020 -std=c++0x /workspace/MLX_dev/third_party/accel-sim-framework/gpu-simulator/gpgpu-sim/build/gcc-11.4.0/cuda-13020/release/cuda-sim/lex.ptxinfo_.c -o /workspace/MLX_dev/third_party/accel-sim-framework/gpu-simulator/gpgpu-sim/build/gcc-11.4.0/cuda-13020/release/cuda-sim/lex.ptxinfo_.o
In file included from cuda-math.h:354,
                 from instructions.cc:54:
/usr/local/cuda-13.2/include/math_functions.h:54:2: warning: #warning "math_functions.h is an internal header file and must not be used directly.  This file will be removed in a future CUDA release.  Please use cuda_runtime_api.h or cuda_runtime.h instead." [-Wcpp]
   54 | #warning "math_functions.h is an internal header file and must not be used directly.  This file will be removed in a future CUDA release.  Please use cuda_runtime_api.h or cuda_runtime.h instead."
      |  ^~~~~~~
In file included from ../../libcuda/../src/cuda-sim/../gpgpu-sim/shader.h:54,
                 from ../../libcuda/../src/cuda-sim/cuda-sim.h:37,
                 from ../../libcuda/gpgpu_context.h:3,
                 from ptx-stats.cc:32:
../../libcuda/../src/cuda-sim/../gpgpu-sim/gpu-cache.h: In constructor ‘baseline_cache::baseline_cache(const char*, cache_config&, int, int, mem_fetch_interface*, mem_fetch_status, cache_gpu_level, gpgpu_sim*)’:
../../libcuda/../src/cuda-sim/../gpgpu-sim/gpu-cache.h:1479:24: warning: ‘baseline_cache::m_bandwidth_management’ will be initialized after [-Wreorder]
 1479 |   bandwidth_management m_bandwidth_management;
      |                        ^~~~~~~~~~~~~~~~~~~~~~
../../libcuda/../src/cuda-sim/../gpgpu-sim/gpu-cache.h:1399:19: warning:   ‘cache_gpu_level baseline_cache::m_level’ [-Wreorder]
 1399 |   cache_gpu_level m_level;
      |                   ^~~~~~~
../../libcuda/../src/cuda-sim/../gpgpu-sim/gpu-cache.h:1282:3: warning:   when initialized here [-Wreorder]
 1282 |   baseline_cache(const char *name, cache_config &config, int core_id,
      |   ^~~~~~~~~~~~~~
In file included from ../gpgpu-sim/shader.h:54,
                 from cuda-sim.h:37,
                 from cuda-sim.cc:33:
../gpgpu-sim/gpu-cache.h: In constructor ‘baseline_cache::baseline_cache(const char*, cache_config&, int, int, mem_fetch_interface*, mem_fetch_status, cache_gpu_level, gpgpu_sim*)’:
../gpgpu-sim/gpu-cache.h:1479:24: warning: ‘baseline_cache::m_bandwidth_management’ will be initialized after [-Wreorder]
 1479 |   bandwidth_management m_bandwidth_management;
      |                        ^~~~~~~~~~~~~~~~~~~~~~
../gpgpu-sim/gpu-cache.h:1399:19: warning:   ‘cache_gpu_level baseline_cache::m_level’ [-Wreorder]
 1399 |   cache_gpu_level m_level;
      |                   ^~~~~~~
../gpgpu-sim/gpu-cache.h:1282:3: warning:   when initialized here [-Wreorder]
 1282 |   baseline_cache(const char *name, cache_config &config, int core_id,
      |   ^~~~~~~~~~~~~~
In file included from ../../libcuda/../src/cuda-sim/../gpgpu-sim/shader.h:54,
                 from ../../libcuda/../src/cuda-sim/cuda-sim.h:37,
                 from ../../libcuda/gpgpu_context.h:3,
                 from memory.cc:31:
../../libcuda/../src/cuda-sim/../gpgpu-sim/gpu-cache.h: In constructor ‘baseline_cache::baseline_cache(const char*, cache_config&, int, int, mem_fetch_interface*, mem_fetch_status, cache_gpu_level, gpgpu_sim*)’:
../../libcuda/../src/cuda-sim/../gpgpu-sim/gpu-cache.h:1479:24: warning: ‘baseline_cache::m_bandwidth_management’ will be initialized after [-Wreorder]
 1479 |   bandwidth_management m_bandwidth_management;
      |                        ^~~~~~~~~~~~~~~~~~~~~~
../../libcuda/../src/cuda-sim/../gpgpu-sim/gpu-cache.h:1399:19: warning:   ‘cache_gpu_level baseline_cache::m_level’ [-Wreorder]
 1399 |   cache_gpu_level m_level;
      |                   ^~~~~~~
../../libcuda/../src/cuda-sim/../gpgpu-sim/gpu-cache.h:1282:3: warning:   when initialized here [-Wreorder]
 1282 |   baseline_cache(const char *name, cache_config &config, int core_id,
      |   ^~~~~~~~~~~~~~
In file included from ../../libcuda/../src/cuda-sim/../gpgpu-sim/shader.h:54,
                 from ../../libcuda/../src/cuda-sim/cuda-sim.h:37,
                 from ../../libcuda/gpgpu_context.h:3,
                 from cuda_device_runtime.cc:12:
../../libcuda/../src/cuda-sim/../gpgpu-sim/gpu-cache.h: In constructor ‘baseline_cache::baseline_cache(const char*, cache_config&, int, int, mem_fetch_interface*, mem_fetch_status, cache_gpu_level, gpgpu_sim*)’:
../../libcuda/../src/cuda-sim/../gpgpu-sim/gpu-cache.h:1479:24: warning: ‘baseline_cache::m_bandwidth_management’ will be initialized after [-Wreorder]
 1479 |   bandwidth_management m_bandwidth_management;
      |                        ^~~~~~~~~~~~~~~~~~~~~~
../../libcuda/../src/cuda-sim/../gpgpu-sim/gpu-cache.h:1399:19: warning:   ‘cache_gpu_level baseline_cache::m_level’ [-Wreorder]
 1399 |   cache_gpu_level m_level;
      |                   ^~~~~~~
../../libcuda/../src/cuda-sim/../gpgpu-sim/gpu-cache.h:1282:3: warning:   when initialized here [-Wreorder]
 1282 |   baseline_cache(const char *name, cache_config &config, int core_id,
      |   ^~~~~~~~~~~~~~
In file included from ./../../libcuda/../src/cuda-sim/../gpgpu-sim/shader.h:54,
                 from ./../../libcuda/../src/cuda-sim/cuda-sim.h:37,
                 from ./../../libcuda/gpgpu_context.h:3,
                 from ptx.y:33:
./../../libcuda/../src/cuda-sim/../gpgpu-sim/gpu-cache.h: In constructor ‘baseline_cache::baseline_cache(const char*, cache_config&, int, int, mem_fetch_interface*, mem_fetch_status, cache_gpu_level, gpgpu_sim*)’:
./../../libcuda/../src/cuda-sim/../gpgpu-sim/gpu-cache.h:1479:24: warning: ‘baseline_cache::m_bandwidth_management’ will be initialized after [-Wreorder]
 1479 |   bandwidth_management m_bandwidth_management;
      |                        ^~~~~~~~~~~~~~~~~~~~~~
./../../libcuda/../src/cuda-sim/../gpgpu-sim/gpu-cache.h:1399:19: warning:   ‘cache_gpu_level baseline_cache::m_level’ [-Wreorder]
 1399 |   cache_gpu_level m_level;
      |                   ^~~~~~~
./../../libcuda/../src/cuda-sim/../gpgpu-sim/gpu-cache.h:1282:3: warning:   when initialized here [-Wreorder]
 1282 |   baseline_cache(const char *name, cache_config &config, int core_id,
      |   ^~~~~~~~~~~~~~
In file included from ../../libcuda/../src/cuda-sim/../gpgpu-sim/shader.h:54,
                 from ../../libcuda/../src/cuda-sim/cuda-sim.h:37,
                 from ../../libcuda/gpgpu_context.h:3,
                 from ptx_loader.cc:34:
../../libcuda/../src/cuda-sim/../gpgpu-sim/gpu-cache.h: In constructor ‘baseline_cache::baseline_cache(const char*, cache_config&, int, int, mem_fetch_interface*, mem_fetch_status, cache_gpu_level, gpgpu_sim*)’:
../../libcuda/../src/cuda-sim/../gpgpu-sim/gpu-cache.h:1479:24: warning: ‘baseline_cache::m_bandwidth_management’ will be initialized after [-Wreorder]
 1479 |   bandwidth_management m_bandwidth_management;
      |                        ^~~~~~~~~~~~~~~~~~~~~~
../../libcuda/../src/cuda-sim/../gpgpu-sim/gpu-cache.h:1399:19: warning:   ‘cache_gpu_level baseline_cache::m_level’ [-Wreorder]
 1399 |   cache_gpu_level m_level;
      |                   ^~~~~~~
../../libcuda/../src/cuda-sim/../gpgpu-sim/gpu-cache.h:1282:3: warning:   when initialized here [-Wreorder]
 1282 |   baseline_cache(const char *name, cache_config &config, int core_id,
      |   ^~~~~~~~~~~~~~
In file included from ./../../libcuda/../src/cuda-sim/../gpgpu-sim/shader.h:54,
                 from ./../../libcuda/../src/cuda-sim/cuda-sim.h:37,
                 from ./../../libcuda/gpgpu_context.h:3,
                 from ptxinfo.l:42:
./../../libcuda/../src/cuda-sim/../gpgpu-sim/gpu-cache.h: In constructor ‘baseline_cache::baseline_cache(const char*, cache_config&, int, int, mem_fetch_interface*, mem_fetch_status, cache_gpu_level, gpgpu_sim*)’:
./../../libcuda/../src/cuda-sim/../gpgpu-sim/gpu-cache.h:1479:24: warning: ‘baseline_cache::m_bandwidth_management’ will be initialized after [-Wreorder]
 1479 |   bandwidth_management m_bandwidth_management;
      |                        ^~~~~~~~~~~~~~~~~~~~~~
./../../libcuda/../src/cuda-sim/../gpgpu-sim/gpu-cache.h:1399:19: warning:   ‘cache_gpu_level baseline_cache::m_level’ [-Wreorder]
 1399 |   cache_gpu_level m_level;
      |                   ^~~~~~~
./../../libcuda/../src/cuda-sim/../gpgpu-sim/gpu-cache.h:1282:3: warning:   when initialized here [-Wreorder]
 1282 |   baseline_cache(const char *name, cache_config &config, int core_id,
      |   ^~~~~~~~~~~~~~
In file included from ../gpgpu-sim/gpu-sim.h:43,
                 from instructions.cc:52:
../gpgpu-sim/gpu-cache.h: In constructor ‘baseline_cache::baseline_cache(const char*, cache_config&, int, int, mem_fetch_interface*, mem_fetch_status, cache_gpu_level, gpgpu_sim*)’:
../gpgpu-sim/gpu-cache.h:1479:24: warning: ‘baseline_cache::m_bandwidth_management’ will be initialized after [-Wreorder]
 1479 |   bandwidth_management m_bandwidth_management;
      |                        ^~~~~~~~~~~~~~~~~~~~~~
../gpgpu-sim/gpu-cache.h:1399:19: warning:   ‘cache_gpu_level baseline_cache::m_level’ [-Wreorder]
 1399 |   cache_gpu_level m_level;
      |                   ^~~~~~~
../gpgpu-sim/gpu-cache.h:1282:3: warning:   when initialized here [-Wreorder]
 1282 |   baseline_cache(const char *name, cache_config &config, int core_id,
      |   ^~~~~~~~~~~~~~
In file included from ../../libcuda/../src/cuda-sim/../gpgpu-sim/shader.h:54,
                 from ../../libcuda/../src/cuda-sim/cuda-sim.h:37,
                 from ../../libcuda/gpgpu_context.h:3,
                 from ptx_parser.cc:30:
../../libcuda/../src/cuda-sim/../gpgpu-sim/gpu-cache.h: In constructor ‘baseline_cache::baseline_cache(const char*, cache_config&, int, int, mem_fetch_interface*, mem_fetch_status, cache_gpu_level, gpgpu_sim*)’:
../../libcuda/../src/cuda-sim/../gpgpu-sim/gpu-cache.h:1479:24: warning: ‘baseline_cache::m_bandwidth_management’ will be initialized after [-Wreorder]
 1479 |   bandwidth_management m_bandwidth_management;
      |                        ^~~~~~~~~~~~~~~~~~~~~~
../../libcuda/../src/cuda-sim/../gpgpu-sim/gpu-cache.h:1399:19: warning:   ‘cache_gpu_level baseline_cache::m_level’ [-Wreorder]
 1399 |   cache_gpu_level m_level;
      |                   ^~~~~~~
../../libcuda/../src/cuda-sim/../gpgpu-sim/gpu-cache.h:1282:3: warning:   when initialized here [-Wreorder]
 1282 |   baseline_cache(const char *name, cache_config &config, int core_id,
      |   ^~~~~~~~~~~~~~
In file included from ../../libcuda/../src/cuda-sim/../gpgpu-sim/shader.h:54,
                 from ../../libcuda/../src/cuda-sim/cuda-sim.h:37,
                 from ../../libcuda/gpgpu_context.h:3,
                 from ptx_ir.cc:45:
../../libcuda/../src/cuda-sim/../gpgpu-sim/gpu-cache.h: In constructor ‘baseline_cache::baseline_cache(const char*, cache_config&, int, int, mem_fetch_interface*, mem_fetch_status, cache_gpu_level, gpgpu_sim*)’:
../../libcuda/../src/cuda-sim/../gpgpu-sim/gpu-cache.h:1479:24: warning: ‘baseline_cache::m_bandwidth_management’ will be initialized after [-Wreorder]
 1479 |   bandwidth_management m_bandwidth_management;
      |                        ^~~~~~~~~~~~~~~~~~~~~~
../../libcuda/../src/cuda-sim/../gpgpu-sim/gpu-cache.h:1399:19: warning:   ‘cache_gpu_level baseline_cache::m_level’ [-Wreorder]
 1399 |   cache_gpu_level m_level;
      |                   ^~~~~~~
../../libcuda/../src/cuda-sim/../gpgpu-sim/gpu-cache.h:1282:3: warning:   when initialized here [-Wreorder]
 1282 |   baseline_cache(const char *name, cache_config &config, int core_id,
      |   ^~~~~~~~~~~~~~
In file included from ../../libcuda/../src/cuda-sim/../gpgpu-sim/shader.h:54,
                 from ../../libcuda/../src/cuda-sim/cuda-sim.h:37,
                 from ../../libcuda/gpgpu_context.h:3,
                 from ptx_sim.cc:34:
../../libcuda/../src/cuda-sim/../gpgpu-sim/gpu-cache.h: In constructor ‘baseline_cache::baseline_cache(const char*, cache_config&, int, int, mem_fetch_interface*, mem_fetch_status, cache_gpu_level, gpgpu_sim*)’:
../../libcuda/../src/cuda-sim/../gpgpu-sim/gpu-cache.h:1479:24: warning: ‘baseline_cache::m_bandwidth_management’ will be initialized after [-Wreorder]
 1479 |   bandwidth_management m_bandwidth_management;
      |                        ^~~~~~~~~~~~~~~~~~~~~~
../../libcuda/../src/cuda-sim/../gpgpu-sim/gpu-cache.h:1399:19: warning:   ‘cache_gpu_level baseline_cache::m_level’ [-Wreorder]
 1399 |   cache_gpu_level m_level;
      |                   ^~~~~~~
../../libcuda/../src/cuda-sim/../gpgpu-sim/gpu-cache.h:1282:3: warning:   when initialized here [-Wreorder]
 1282 |   baseline_cache(const char *name, cache_config &config, int core_id,
      |   ^~~~~~~~~~~~~~
In file included from ./../../libcuda/../src/cuda-sim/../gpgpu-sim/shader.h:54,
                 from ./../../libcuda/../src/cuda-sim/cuda-sim.h:37,
                 from ./../../libcuda/gpgpu_context.h:3,
                 from ptx.l:46:
./../../libcuda/../src/cuda-sim/../gpgpu-sim/gpu-cache.h: In constructor ‘baseline_cache::baseline_cache(const char*, cache_config&, int, int, mem_fetch_interface*, mem_fetch_status, cache_gpu_level, gpgpu_sim*)’:
./../../libcuda/../src/cuda-sim/../gpgpu-sim/gpu-cache.h:1479:24: warning: ‘baseline_cache::m_bandwidth_management’ will be initialized after [-Wreorder]
 1479 |   bandwidth_management m_bandwidth_management;
      |                        ^~~~~~~~~~~~~~~~~~~~~~
./../../libcuda/../src/cuda-sim/../gpgpu-sim/gpu-cache.h:1399:19: warning:   ‘cache_gpu_level baseline_cache::m_level’ [-Wreorder]
 1399 |   cache_gpu_level m_level;
      |                   ^~~~~~~
./../../libcuda/../src/cuda-sim/../gpgpu-sim/gpu-cache.h:1282:3: warning:   when initialized here [-Wreorder]
 1282 |   baseline_cache(const char *name, cache_config &config, int core_id,
      |   ^~~~~~~~~~~~~~
In file included from ../../libcuda/../src/gpgpu-sim/addrdec.h:29,
                 from ../../libcuda/../src/gpgpu-sim/gpu-sim.h:42,
                 from ../../libcuda/cuda_api_object.h:14,
                 from ../../libcuda/gpgpu_context.h:9,
                 from cuda-sim.cc:43:
cuda-sim.cc: In member function ‘void gpgpu_t::gpgpu_ptx_sim_bindNameToTexture(const char*, const textureReference*, int, int, int)’:
cuda-sim.cc:135:14: error: invalid use of incomplete type ‘const struct textureReference’
  135 |     assert(tr->normalized == texref->normalized &&
      |              ^~
In file included from cuda-sim.h:36,
                 from cuda-sim.cc:33:
../abstract_hardware_model.h:529:16: note: forward declaration of ‘struct textureReference’
  529 |   const struct textureReference *m_texref;
      |                ^~~~~~~~~~~~~~~~
In file included from ../../libcuda/../src/gpgpu-sim/addrdec.h:29,
                 from ../../libcuda/../src/gpgpu-sim/gpu-sim.h:42,
                 from ../../libcuda/cuda_api_object.h:14,
                 from ../../libcuda/gpgpu_context.h:9,
                 from cuda-sim.cc:43:
cuda-sim.cc:135:36: error: invalid use of incomplete type ‘const struct textureReference’
  135 |     assert(tr->normalized == texref->normalized &&
      |                                    ^~
In file included from cuda-sim.h:36,
                 from cuda-sim.cc:33:
../abstract_hardware_model.h:529:16: note: forward declaration of ‘struct textureReference’
  529 |   const struct textureReference *m_texref;
      |                ^~~~~~~~~~~~~~~~
In file included from ../../libcuda/../src/gpgpu-sim/addrdec.h:29,
                 from ../../libcuda/../src/gpgpu-sim/gpu-sim.h:42,
                 from ../../libcuda/cuda_api_object.h:14,
                 from ../../libcuda/gpgpu_context.h:9,
                 from cuda-sim.cc:43:
cuda-sim.cc:136:14: error: invalid use of incomplete type ‘const struct textureReference’
  136 |            tr->filterMode == texref->filterMode &&
      |              ^~
In file included from cuda-sim.h:36,
                 from cuda-sim.cc:33:
../abstract_hardware_model.h:529:16: note: forward declaration of ‘struct textureReference’
  529 |   const struct textureReference *m_texref;
      |                ^~~~~~~~~~~~~~~~
In file included from ../../libcuda/../src/gpgpu-sim/addrdec.h:29,
                 from ../../libcuda/../src/gpgpu-sim/gpu-sim.h:42,
                 from ../../libcuda/cuda_api_object.h:14,
                 from ../../libcuda/gpgpu_context.h:9,
                 from cuda-sim.cc:43:
cuda-sim.cc:136:36: error: invalid use of incomplete type ‘const struct textureReference’
  136 |            tr->filterMode == texref->filterMode &&
      |                                    ^~
In file included from cuda-sim.h:36,
                 from cuda-sim.cc:33:
../abstract_hardware_model.h:529:16: note: forward declaration of ‘struct textureReference’
  529 |   const struct textureReference *m_texref;
      |                ^~~~~~~~~~~~~~~~
In file included from ../../libcuda/../src/gpgpu-sim/addrdec.h:29,
                 from ../../libcuda/../src/gpgpu-sim/gpu-sim.h:42,
                 from ../../libcuda/cuda_api_object.h:14,
                 from ../../libcuda/gpgpu_context.h:9,
                 from cuda-sim.cc:43:
cuda-sim.cc:137:14: error: invalid use of incomplete type ‘const struct textureReference’
  137 |            tr->addressMode[0] == texref->addressMode[0] &&
      |              ^~
In file included from cuda-sim.h:36,
                 from cuda-sim.cc:33:
../abstract_hardware_model.h:529:16: note: forward declaration of ‘struct textureReference’
  529 |   const struct textureReference *m_texref;
      |                ^~~~~~~~~~~~~~~~
In file included from ../../libcuda/../src/gpgpu-sim/addrdec.h:29,
                 from ../../libcuda/../src/gpgpu-sim/gpu-sim.h:42,
                 from ../../libcuda/cuda_api_object.h:14,
                 from ../../libcuda/gpgpu_context.h:9,
                 from cuda-sim.cc:43:
cuda-sim.cc:137:40: error: invalid use of incomplete type ‘const struct textureReference’
  137 |            tr->addressMode[0] == texref->addressMode[0] &&
      |                                        ^~
In file included from cuda-sim.h:36,
                 from cuda-sim.cc:33:
../abstract_hardware_model.h:529:16: note: forward declaration of ‘struct textureReference’
  529 |   const struct textureReference *m_texref;
      |                ^~~~~~~~~~~~~~~~
In file included from ../../libcuda/../src/gpgpu-sim/addrdec.h:29,
                 from ../../libcuda/../src/gpgpu-sim/gpu-sim.h:42,
                 from ../../libcuda/cuda_api_object.h:14,
                 from ../../libcuda/gpgpu_context.h:9,
                 from cuda-sim.cc:43:
cuda-sim.cc:138:14: error: invalid use of incomplete type ‘const struct textureReference’
  138 |            tr->addressMode[1] == texref->addressMode[1] &&
      |              ^~
In file included from cuda-sim.h:36,
                 from cuda-sim.cc:33:
../abstract_hardware_model.h:529:16: note: forward declaration of ‘struct textureReference’
  529 |   const struct textureReference *m_texref;
      |                ^~~~~~~~~~~~~~~~
In file included from ../../libcuda/../src/gpgpu-sim/addrdec.h:29,
                 from ../../libcuda/../src/gpgpu-sim/gpu-sim.h:42,
                 from ../../libcuda/cuda_api_object.h:14,
                 from ../../libcuda/gpgpu_context.h:9,
                 from cuda-sim.cc:43:
cuda-sim.cc:138:40: error: invalid use of incomplete type ‘const struct textureReference’
  138 |            tr->addressMode[1] == texref->addressMode[1] &&
      |                                        ^~
In file included from cuda-sim.h:36,
                 from cuda-sim.cc:33:
../abstract_hardware_model.h:529:16: note: forward declaration of ‘struct textureReference’
  529 |   const struct textureReference *m_texref;
      |                ^~~~~~~~~~~~~~~~
In file included from ../../libcuda/../src/gpgpu-sim/addrdec.h:29,
                 from ../../libcuda/../src/gpgpu-sim/gpu-sim.h:42,
                 from ../../libcuda/cuda_api_object.h:14,
                 from ../../libcuda/gpgpu_context.h:9,
                 from cuda-sim.cc:43:
cuda-sim.cc:139:14: error: invalid use of incomplete type ‘const struct textureReference’
  139 |            tr->addressMode[2] == texref->addressMode[2] &&
      |              ^~
In file included from cuda-sim.h:36,
                 from cuda-sim.cc:33:
../abstract_hardware_model.h:529:16: note: forward declaration of ‘struct textureReference’
  529 |   const struct textureReference *m_texref;
      |                ^~~~~~~~~~~~~~~~
In file included from ../../libcuda/../src/gpgpu-sim/addrdec.h:29,
                 from ../../libcuda/../src/gpgpu-sim/gpu-sim.h:42,
                 from ../../libcuda/cuda_api_object.h:14,
                 from ../../libcuda/gpgpu_context.h:9,
                 from cuda-sim.cc:43:
cuda-sim.cc:139:40: error: invalid use of incomplete type ‘const struct textureReference’
  139 |            tr->addressMode[2] == texref->addressMode[2] &&
      |                                        ^~
In file included from cuda-sim.h:36,
                 from cuda-sim.cc:33:
../abstract_hardware_model.h:529:16: note: forward declaration of ‘struct textureReference’
  529 |   const struct textureReference *m_texref;
      |                ^~~~~~~~~~~~~~~~
In file included from ../../libcuda/../src/gpgpu-sim/addrdec.h:29,
                 from ../../libcuda/../src/gpgpu-sim/gpu-sim.h:42,
                 from ../../libcuda/cuda_api_object.h:14,
                 from ../../libcuda/gpgpu_context.h:9,
                 from cuda-sim.cc:43:
cuda-sim.cc:140:14: error: invalid use of incomplete type ‘const struct textureReference’
  140 |            tr->channelDesc.x == texref->channelDesc.x &&
      |              ^~
In file included from cuda-sim.h:36,
                 from cuda-sim.cc:33:
../abstract_hardware_model.h:529:16: note: forward declaration of ‘struct textureReference’
  529 |   const struct textureReference *m_texref;
      |                ^~~~~~~~~~~~~~~~
In file included from ../../libcuda/../src/gpgpu-sim/addrdec.h:29,
                 from ../../libcuda/../src/gpgpu-sim/gpu-sim.h:42,
                 from ../../libcuda/cuda_api_object.h:14,
                 from ../../libcuda/gpgpu_context.h:9,
                 from cuda-sim.cc:43:
cuda-sim.cc:140:39: error: invalid use of incomplete type ‘const struct textureReference’
  140 |            tr->channelDesc.x == texref->channelDesc.x &&
      |                                       ^~
In file included from cuda-sim.h:36,
                 from cuda-sim.cc:33:
../abstract_hardware_model.h:529:16: note: forward declaration of ‘struct textureReference’
  529 |   const struct textureReference *m_texref;
      |                ^~~~~~~~~~~~~~~~
In file included from ../../libcuda/../src/gpgpu-sim/addrdec.h:29,
                 from ../../libcuda/../src/gpgpu-sim/gpu-sim.h:42,
                 from ../../libcuda/cuda_api_object.h:14,
                 from ../../libcuda/gpgpu_context.h:9,
                 from cuda-sim.cc:43:
cuda-sim.cc:141:14: error: invalid use of incomplete type ‘const struct textureReference’
  141 |            tr->channelDesc.y == texref->channelDesc.y &&
      |              ^~
In file included from cuda-sim.h:36,
                 from cuda-sim.cc:33:
../abstract_hardware_model.h:529:16: note: forward declaration of ‘struct textureReference’
  529 |   const struct textureReference *m_texref;
      |                ^~~~~~~~~~~~~~~~
In file included from ../../libcuda/../src/gpgpu-sim/addrdec.h:29,
                 from ../../libcuda/../src/gpgpu-sim/gpu-sim.h:42,
                 from ../../libcuda/cuda_api_object.h:14,
                 from ../../libcuda/gpgpu_context.h:9,
                 from cuda-sim.cc:43:
cuda-sim.cc:141:39: error: invalid use of incomplete type ‘const struct textureReference’
  141 |            tr->channelDesc.y == texref->channelDesc.y &&
      |                                       ^~
In file included from cuda-sim.h:36,
                 from cuda-sim.cc:33:
../abstract_hardware_model.h:529:16: note: forward declaration of ‘struct textureReference’
  529 |   const struct textureReference *m_texref;
      |                ^~~~~~~~~~~~~~~~
In file included from ../../libcuda/../src/gpgpu-sim/addrdec.h:29,
                 from ../../libcuda/../src/gpgpu-sim/gpu-sim.h:42,
                 from ../../libcuda/cuda_api_object.h:14,
                 from ../../libcuda/gpgpu_context.h:9,
                 from cuda-sim.cc:43:
cuda-sim.cc:142:14: error: invalid use of incomplete type ‘const struct textureReference’
  142 |            tr->channelDesc.z == texref->channelDesc.z &&
      |              ^~
In file included from cuda-sim.h:36,
                 from cuda-sim.cc:33:
../abstract_hardware_model.h:529:16: note: forward declaration of ‘struct textureReference’
  529 |   const struct textureReference *m_texref;
      |                ^~~~~~~~~~~~~~~~
In file included from ../../libcuda/../src/gpgpu-sim/addrdec.h:29,
                 from ../../libcuda/../src/gpgpu-sim/gpu-sim.h:42,
                 from ../../libcuda/cuda_api_object.h:14,
                 from ../../libcuda/gpgpu_context.h:9,
                 from cuda-sim.cc:43:
cuda-sim.cc:142:39: error: invalid use of incomplete type ‘const struct textureReference’
  142 |            tr->channelDesc.z == texref->channelDesc.z &&
      |                                       ^~
In file included from cuda-sim.h:36,
                 from cuda-sim.cc:33:
../abstract_hardware_model.h:529:16: note: forward declaration of ‘struct textureReference’
  529 |   const struct textureReference *m_texref;
      |                ^~~~~~~~~~~~~~~~
In file included from ../../libcuda/../src/gpgpu-sim/addrdec.h:29,
                 from ../../libcuda/../src/gpgpu-sim/gpu-sim.h:42,
                 from ../../libcuda/cuda_api_object.h:14,
                 from ../../libcuda/gpgpu_context.h:9,
                 from cuda-sim.cc:43:
cuda-sim.cc:143:14: error: invalid use of incomplete type ‘const struct textureReference’
  143 |            tr->channelDesc.w == texref->channelDesc.w &&
      |              ^~
In file included from cuda-sim.h:36,
                 from cuda-sim.cc:33:
../abstract_hardware_model.h:529:16: note: forward declaration of ‘struct textureReference’
  529 |   const struct textureReference *m_texref;
      |                ^~~~~~~~~~~~~~~~
In file included from ../../libcuda/../src/gpgpu-sim/addrdec.h:29,
                 from ../../libcuda/../src/gpgpu-sim/gpu-sim.h:42,
                 from ../../libcuda/cuda_api_object.h:14,
                 from ../../libcuda/gpgpu_context.h:9,
                 from cuda-sim.cc:43:
cuda-sim.cc:143:39: error: invalid use of incomplete type ‘const struct textureReference’
  143 |            tr->channelDesc.w == texref->channelDesc.w &&
      |                                       ^~
In file included from cuda-sim.h:36,
                 from cuda-sim.cc:33:
../abstract_hardware_model.h:529:16: note: forward declaration of ‘struct textureReference’
  529 |   const struct textureReference *m_texref;
      |                ^~~~~~~~~~~~~~~~
In file included from ../../libcuda/../src/gpgpu-sim/addrdec.h:29,
                 from ../../libcuda/../src/gpgpu-sim/gpu-sim.h:42,
                 from ../../libcuda/cuda_api_object.h:14,
                 from ../../libcuda/gpgpu_context.h:9,
                 from cuda-sim.cc:43:
cuda-sim.cc:144:14: error: invalid use of incomplete type ‘const struct textureReference’
  144 |            tr->channelDesc.f == texref->channelDesc.f);
      |              ^~
In file included from cuda-sim.h:36,
                 from cuda-sim.cc:33:
../abstract_hardware_model.h:529:16: note: forward declaration of ‘struct textureReference’
  529 |   const struct textureReference *m_texref;
      |                ^~~~~~~~~~~~~~~~
In file included from ../../libcuda/../src/gpgpu-sim/addrdec.h:29,
                 from ../../libcuda/../src/gpgpu-sim/gpu-sim.h:42,
                 from ../../libcuda/cuda_api_object.h:14,
                 from ../../libcuda/gpgpu_context.h:9,
                 from cuda-sim.cc:43:
cuda-sim.cc:144:39: error: invalid use of incomplete type ‘const struct textureReference’
  144 |            tr->channelDesc.f == texref->channelDesc.f);
      |                                       ^~
In file included from cuda-sim.h:36,
                 from cuda-sim.cc:33:
../abstract_hardware_model.h:529:16: note: forward declaration of ‘struct textureReference’
  529 |   const struct textureReference *m_texref;
      |                ^~~~~~~~~~~~~~~~
instructions.cc: In member function ‘void ptx_thread_info::print_reg_thread(char*)’:
instructions.cc:203:19: warning: format ‘%llu’ expects argument of type ‘long long unsigned int’, but argument 4 has type ‘const ptx_reg_t’ [-Wformat=]
  203 |       fprintf(fp, "%s %llu %s %d\n", name.c_str(), it->second, dec.c_str(),
      |                   ^~~~~~~~~~~~~~~~~                ~~~~~~~~~~
      |                                                        |
      |                                                        const ptx_reg_t
instructions.cc: In function ‘void tex_impl(const ptx_instruction*, ptx_thread_info*)’:
instructions.cc:6114:17: error: invalid use of incomplete type ‘const struct textureReference’
 6114 |       if (texref->normalized) {
      |                 ^~
In file included from ./ptx_ir.h:32,
                 from /workspace/MLX_dev/third_party/accel-sim-framework/gpu-simulator/gpgpu-sim/build/gcc-11.4.0/cuda-13020/release/cuda-sim/instructions.h:2,
                 from instructions.cc:33:
./../abstract_hardware_model.h:529:16: note: forward declaration of ‘struct textureReference’
  529 |   const struct textureReference *m_texref;
      |                ^~~~~~~~~~~~~~~~
instructions.cc:6117:19: error: invalid use of incomplete type ‘const struct textureReference’
 6117 |         if (texref->addressMode[0] == cudaAddressModeClamp) {
      |                   ^~
In file included from ./ptx_ir.h:32,
                 from /workspace/MLX_dev/third_party/accel-sim-framework/gpu-simulator/gpgpu-sim/build/gcc-11.4.0/cuda-13020/release/cuda-sim/instructions.h:2,
                 from instructions.cc:33:
./../abstract_hardware_model.h:529:16: note: forward declaration of ‘struct textureReference’
  529 |   const struct textureReference *m_texref;
      |                ^~~~~~~~~~~~~~~~
instructions.cc:6120:26: error: invalid use of incomplete type ‘const struct textureReference’
 6120 |         } else if (texref->addressMode[0] == cudaAddressModeWrap) {
      |                          ^~
In file included from ./ptx_ir.h:32,
                 from /workspace/MLX_dev/third_party/accel-sim-framework/gpu-simulator/gpgpu-sim/build/gcc-11.4.0/cuda-13020/release/cuda-sim/instructions.h:2,
                 from instructions.cc:33:
./../abstract_hardware_model.h:529:16: note: forward declaration of ‘struct textureReference’
  529 |   const struct textureReference *m_texref;
      |                ^~~~~~~~~~~~~~~~
instructions.cc:6124:19: error: invalid use of incomplete type ‘const struct textureReference’
 6124 |         if (texref->filterMode == cudaFilterModeLinear) {
      |                   ^~
In file included from ./ptx_ir.h:32,
                 from /workspace/MLX_dev/third_party/accel-sim-framework/gpu-simulator/gpgpu-sim/build/gcc-11.4.0/cuda-13020/release/cuda-sim/instructions.h:2,
                 from instructions.cc:33:
./../abstract_hardware_model.h:529:16: note: forward declaration of ‘struct textureReference’
  529 |   const struct textureReference *m_texref;
      |                ^~~~~~~~~~~~~~~~
In file included from ../gpgpu-sim/scoreboard.h:33,
                 from ../gpgpu-sim/shader.h:56,
                 from ../gpgpu-sim/gpu-sim.h:44,
                 from instructions.cc:52:
instructions.cc:6140:26: error: invalid use of incomplete type ‘const struct textureReference’
 6140 |             assert(texref->filterMode == cudaFilterModePoint);
      |                          ^~
In file included from ./ptx_ir.h:32,
                 from /workspace/MLX_dev/third_party/accel-sim-framework/gpu-simulator/gpgpu-sim/build/gcc-11.4.0/cuda-13020/release/cuda-sim/instructions.h:2,
                 from instructions.cc:33:
./../abstract_hardware_model.h:529:16: note: forward declaration of ‘struct textureReference’
  529 |   const struct textureReference *m_texref;
      |                ^~~~~~~~~~~~~~~~
instructions.cc:6152:19: error: invalid use of incomplete type ‘const struct textureReference’
 6152 |         if (texref->addressMode[0] == cudaAddressModeClamp) {
      |                   ^~
In file included from ./ptx_ir.h:32,
                 from /workspace/MLX_dev/third_party/accel-sim-framework/gpu-simulator/gpgpu-sim/build/gcc-11.4.0/cuda-13020/release/cuda-sim/instructions.h:2,
                 from instructions.cc:33:
./../abstract_hardware_model.h:529:16: note: forward declaration of ‘struct textureReference’
  529 |   const struct textureReference *m_texref;
      |                ^~~~~~~~~~~~~~~~
instructions.cc:6155:26: error: invalid use of incomplete type ‘const struct textureReference’
 6155 |         } else if (texref->addressMode[0] == cudaAddressModeWrap) {
      |                          ^~
In file included from ./ptx_ir.h:32,
                 from /workspace/MLX_dev/third_party/accel-sim-framework/gpu-simulator/gpgpu-sim/build/gcc-11.4.0/cuda-13020/release/cuda-sim/instructions.h:2,
                 from instructions.cc:33:
./../abstract_hardware_model.h:529:16: note: forward declaration of ‘struct textureReference’
  529 |   const struct textureReference *m_texref;
      |                ^~~~~~~~~~~~~~~~
instructions.cc:6171:17: error: invalid use of incomplete type ‘const struct textureReference’
 6171 |       if (texref->normalized) {
      |                 ^~
In file included from ./ptx_ir.h:32,
                 from /workspace/MLX_dev/third_party/accel-sim-framework/gpu-simulator/gpgpu-sim/build/gcc-11.4.0/cuda-13020/release/cuda-sim/instructions.h:2,
                 from instructions.cc:33:
./../abstract_hardware_model.h:529:16: note: forward declaration of ‘struct textureReference’
  529 |   const struct textureReference *m_texref;
      |                ^~~~~~~~~~~~~~~~
instructions.cc:6177:19: error: invalid use of incomplete type ‘const struct textureReference’
 6177 |         if (texref->addressMode[0]) {  // clamp
      |                   ^~
In file included from ./ptx_ir.h:32,
                 from /workspace/MLX_dev/third_party/accel-sim-framework/gpu-simulator/gpgpu-sim/build/gcc-11.4.0/cuda-13020/release/cuda-sim/instructions.h:2,
                 from instructions.cc:33:
./../abstract_hardware_model.h:529:16: note: forward declaration of ‘struct textureReference’
  529 |   const struct textureReference *m_texref;
      |                ^~~~~~~~~~~~~~~~
instructions.cc:6183:19: error: invalid use of incomplete type ‘const struct textureReference’
 6183 |         if (texref->addressMode[1]) {  // clamp
      |                   ^~
In file included from ./ptx_ir.h:32,
                 from /workspace/MLX_dev/third_party/accel-sim-framework/gpu-simulator/gpgpu-sim/build/gcc-11.4.0/cuda-13020/release/cuda-sim/instructions.h:2,
                 from instructions.cc:33:
./../abstract_hardware_model.h:529:16: note: forward declaration of ‘struct textureReference’
  529 |   const struct textureReference *m_texref;
      |                ^~~~~~~~~~~~~~~~
instructions.cc:6190:19: error: invalid use of incomplete type ‘const struct textureReference’
 6190 |         if (texref->filterMode == cudaFilterModeLinear) {
      |                   ^~
In file included from ./ptx_ir.h:32,
                 from /workspace/MLX_dev/third_party/accel-sim-framework/gpu-simulator/gpgpu-sim/build/gcc-11.4.0/cuda-13020/release/cuda-sim/instructions.h:2,
                 from instructions.cc:33:
./../abstract_hardware_model.h:529:16: note: forward declaration of ‘struct textureReference’
  529 |   const struct textureReference *m_texref;
      |                ^~~~~~~~~~~~~~~~
instructions.cc:6213:19: error: invalid use of incomplete type ‘const struct textureReference’
 6213 |         if (texref->addressMode[0]) {  // clamp
      |                   ^~
In file included from ./ptx_ir.h:32,
                 from /workspace/MLX_dev/third_party/accel-sim-framework/gpu-simulator/gpgpu-sim/build/gcc-11.4.0/cuda-13020/release/cuda-sim/instructions.h:2,
                 from instructions.cc:33:
./../abstract_hardware_model.h:529:16: note: forward declaration of ‘struct textureReference’
  529 |   const struct textureReference *m_texref;
      |                ^~~~~~~~~~~~~~~~
instructions.cc:6220:19: error: invalid use of incomplete type ‘const struct textureReference’
 6220 |         if (texref->addressMode[1]) {  // clamp
      |                   ^~
In file included from ./ptx_ir.h:32,
                 from /workspace/MLX_dev/third_party/accel-sim-framework/gpu-simulator/gpgpu-sim/build/gcc-11.4.0/cuda-13020/release/cuda-sim/instructions.h:2,
                 from instructions.cc:33:
./../abstract_hardware_model.h:529:16: note: forward declaration of ‘struct textureReference’
  529 |   const struct textureReference *m_texref;
      |                ^~~~~~~~~~~~~~~~
instructions.cc:6285:17: error: invalid use of incomplete type ‘const struct textureReference’
 6285 |       if (texref->filterMode == cudaFilterModeLinear) {
      |                 ^~
In file included from ./ptx_ir.h:32,
                 from /workspace/MLX_dev/third_party/accel-sim-framework/gpu-simulator/gpgpu-sim/build/gcc-11.4.0/cuda-13020/release/cuda-sim/instructions.h:2,
                 from instructions.cc:33:
./../abstract_hardware_model.h:529:16: note: forward declaration of ‘struct textureReference’
  529 |   const struct textureReference *m_texref;
      |                ^~~~~~~~~~~~~~~~
instructions.cc:6287:19: error: invalid use of incomplete type ‘const struct textureReference’
 6287 |         if (texref->addressMode[0] == cudaAddressModeClamp) {
      |                   ^~
In file included from ./ptx_ir.h:32,
                 from /workspace/MLX_dev/third_party/accel-sim-framework/gpu-simulator/gpgpu-sim/build/gcc-11.4.0/cuda-13020/release/cuda-sim/instructions.h:2,
                 from instructions.cc:33:
./../abstract_hardware_model.h:529:16: note: forward declaration of ‘struct textureReference’
  529 |   const struct textureReference *m_texref;
      |                ^~~~~~~~~~~~~~~~
make[2]: *** [Makefile:116: /workspace/MLX_dev/third_party/accel-sim-framework/gpu-simulator/gpgpu-sim/build/gcc-11.4.0/cuda-13020/release/cuda-sim/instructions.o] Error 1
make[2]: *** Waiting for unfinished jobs....
ptx_loader.cc: In member function ‘void gpgpu_context::gpgpu_ptxinfo_load_from_string(const char*, unsigned int, unsigned int, int)’:
ptx_loader.cc:512:41: warning: ‘info’ directive output may be truncated writing 4 bytes into a region of size between 1 and 1024 [-Wformat-truncation=]
  512 |     snprintf(tempfile_ptxinfo, 1024, "%sinfo", fname);
      |                                         ^~~~
In file included from /usr/include/stdio.h:894,
                 from /usr/include/c++/11/cstdio:42,
                 from /usr/include/c++/11/ext/string_conversions.h:43,
                 from /usr/include/c++/11/bits/basic_string.h:6608,
                 from /usr/include/c++/11/string:55,
                 from ptx_loader.h:31,
                 from ptx_loader.cc:29:
/usr/include/x86_64-linux-gnu/bits/stdio2.h:71:35: note: ‘__builtin___snprintf_chk’ output between 5 and 1028 bytes into a destination of size 1024
   71 |   return __builtin___snprintf_chk (__s, __n, __USE_FORTIFY_LEVEL - 1,
      |          ~~~~~~~~~~~~~~~~~~~~~~~~~^~~~~~~~~~~~~~~~~~~~~~~~~~~~~~~~~~~
   72 |                                    __glibc_objsize (__s), __fmt,
      |                                    ~~~~~~~~~~~~~~~~~~~~~~~~~~~~~
   73 |                                    __va_arg_pack ());
      |                                    ~~~~~~~~~~~~~~~~~
ptx_loader.cc:527:45: warning: ‘%s’ directive output may be truncated writing up to 1023 bytes into a region of size 991 [-Wformat-truncation=]
  527 |         "$CUDA_INSTALL_PATH/bin/ptxas %s -v %s --output-file  /dev/null 2> %s",
      |                                             ^~
  528 |         extra_flags, fname2, tempfile_ptxinfo);
      |                      ~~~~~~                  
In file included from /usr/include/stdio.h:894,
                 from /usr/include/c++/11/cstdio:42,
                 from /usr/include/c++/11/ext/string_conversions.h:43,
                 from /usr/include/c++/11/bits/basic_string.h:6608,
                 from /usr/include/c++/11/string:55,
                 from ptx_loader.h:31,
                 from ptx_loader.cc:29:
/usr/include/x86_64-linux-gnu/bits/stdio2.h:71:35: note: ‘__builtin___snprintf_chk’ output 63 or more bytes (assuming 2109) into a destination of size 1024
   71 |   return __builtin___snprintf_chk (__s, __n, __USE_FORTIFY_LEVEL - 1,
      |          ~~~~~~~~~~~~~~~~~~~~~~~~~^~~~~~~~~~~~~~~~~~~~~~~~~~~~~~~~~~~
   72 |                                    __glibc_objsize (__s), __fmt,
      |                                    ~~~~~~~~~~~~~~~~~~~~~~~~~~~~~
   73 |                                    __va_arg_pack ());
      |                                    ~~~~~~~~~~~~~~~~~
ptx_loader.cc:421:41: warning: ‘info’ directive output may be truncated writing 4 bytes into a region of size between 1 and 1024 [-Wformat-truncation=]
  421 |     snprintf(tempfile_ptxinfo, 1024, "%sinfo", fname);
      |                                         ^~~~
In file included from /usr/include/stdio.h:894,
                 from /usr/include/c++/11/cstdio:42,
                 from /usr/include/c++/11/ext/string_conversions.h:43,
                 from /usr/include/c++/11/bits/basic_string.h:6608,
                 from /usr/include/c++/11/string:55,
                 from ptx_loader.h:31,
                 from ptx_loader.cc:29:
/usr/include/x86_64-linux-gnu/bits/stdio2.h:71:35: note: ‘__builtin___snprintf_chk’ output between 5 and 1028 bytes into a destination of size 1024
   71 |   return __builtin___snprintf_chk (__s, __n, __USE_FORTIFY_LEVEL - 1,
      |          ~~~~~~~~~~~~~~~~~~~~~~~~~^~~~~~~~~~~~~~~~~~~~~~~~~~~~~~~~~~~
   72 |                                    __glibc_objsize (__s), __fmt,
      |                                    ~~~~~~~~~~~~~~~~~~~~~~~~~~~~~
   73 |                                    __va_arg_pack ());
      |                                    ~~~~~~~~~~~~~~~~~
ptx_loader.cc:444:56: warning: ‘%s’ directive output may be truncated writing up to 1023 bytes into a region of size 985 [-Wformat-truncation=]
  444 |              "$PTXAS_CUDA_INSTALL_PATH/bin/ptxas %s -v %s --output-file  "
      |                                                        ^~
  445 |              "/dev/null 2> %s",
  446 |              extra_flags, fname2, tempfile_ptxinfo);
      |                           ~~~~~~                        
In file included from /usr/include/stdio.h:894,
                 from /usr/include/c++/11/cstdio:42,
                 from /usr/include/c++/11/ext/string_conversions.h:43,
                 from /usr/include/c++/11/bits/basic_string.h:6608,
                 from /usr/include/c++/11/string:55,
                 from ptx_loader.h:31,
                 from ptx_loader.cc:29:
/usr/include/x86_64-linux-gnu/bits/stdio2.h:71:35: note: ‘__builtin___snprintf_chk’ output 69 or more bytes (assuming 2115) into a destination of size 1024
   71 |   return __builtin___snprintf_chk (__s, __n, __USE_FORTIFY_LEVEL - 1,
      |          ~~~~~~~~~~~~~~~~~~~~~~~~~^~~~~~~~~~~~~~~~~~~~~~~~~~~~~~~~~~~
   72 |                                    __glibc_objsize (__s), __fmt,
      |                                    ~~~~~~~~~~~~~~~~~~~~~~~~~~~~~
   73 |                                    __va_arg_pack ());
      |                                    ~~~~~~~~~~~~~~~~~
ptx_loader.cc:463:54: warning: ‘%s’ directive output may be truncated writing up to 1023 bytes into a region of size 991 [-Wformat-truncation=]
  463 |                  "$CUDA_INSTALL_PATH/bin/ptxas %s -v %s --output-file  "
      |                                                      ^~
  464 |                  "/dev/null 2> %s",
  465 |                  extra_flags, fname2, tempfile_ptxinfo);
      |                               ~~~~~~                  
In file included from /usr/include/stdio.h:894,
                 from /usr/include/c++/11/cstdio:42,
                 from /usr/include/c++/11/ext/string_conversions.h:43,
                 from /usr/include/c++/11/bits/basic_string.h:6608,
                 from /usr/include/c++/11/string:55,
                 from ptx_loader.h:31,
                 from ptx_loader.cc:29:
/usr/include/x86_64-linux-gnu/bits/stdio2.h:71:35: note: ‘__builtin___snprintf_chk’ output 63 or more bytes (assuming 2109) into a destination of size 1024
   71 |   return __builtin___snprintf_chk (__s, __n, __USE_FORTIFY_LEVEL - 1,
      |          ~~~~~~~~~~~~~~~~~~~~~~~~~^~~~~~~~~~~~~~~~~~~~~~~~~~~~~~~~~~~
   72 |                                    __glibc_objsize (__s), __fmt,
      |                                    ~~~~~~~~~~~~~~~~~~~~~~~~~~~~~
   73 |                                    __va_arg_pack ());
      |                                    ~~~~~~~~~~~~~~~~~
ptx_loader.cc:575:42: warning: ‘%s’ directive output may be truncated writing up to 1023 bytes into a region of size 1018 [-Wformat-truncation=]
  575 |       snprintf(commandline, 1024, "rm -f %s %s %s", fname, fname2,
      |                                          ^~         ~~~~~
In file included from /usr/include/stdio.h:894,
                 from /usr/include/c++/11/cstdio:42,
                 from /usr/include/c++/11/ext/string_conversions.h:43,
                 from /usr/include/c++/11/bits/basic_string.h:6608,
                 from /usr/include/c++/11/string:55,
                 from ptx_loader.h:31,
                 from ptx_loader.cc:29:
/usr/include/x86_64-linux-gnu/bits/stdio2.h:71:35: note: ‘__builtin___snprintf_chk’ output between 9 and 3078 bytes into a destination of size 1024
   71 |   return __builtin___snprintf_chk (__s, __n, __USE_FORTIFY_LEVEL - 1,
      |          ~~~~~~~~~~~~~~~~~~~~~~~~~^~~~~~~~~~~~~~~~~~~~~~~~~~~~~~~~~~~
   72 |                                    __glibc_objsize (__s), __fmt,
      |                                    ~~~~~~~~~~~~~~~~~~~~~~~~~~~~~
   73 |                                    __va_arg_pack ());
      |                                    ~~~~~~~~~~~~~~~~~
ptx_loader.cc:572:42: warning: ‘%s’ directive output may be truncated writing up to 1023 bytes into a region of size 1018 [-Wformat-truncation=]
  572 |       snprintf(commandline, 1024, "rm -f %s %s %s", fname, fname2,
      |                                          ^~         ~~~~~
In file included from /usr/include/stdio.h:894,
                 from /usr/include/c++/11/cstdio:42,
                 from /usr/include/c++/11/ext/string_conversions.h:43,
                 from /usr/include/c++/11/bits/basic_string.h:6608,
                 from /usr/include/c++/11/string:55,
                 from ptx_loader.h:31,
                 from ptx_loader.cc:29:
/usr/include/x86_64-linux-gnu/bits/stdio2.h:71:35: note: ‘__builtin___snprintf_chk’ output between 9 and 3078 bytes into a destination of size 1024
   71 |   return __builtin___snprintf_chk (__s, __n, __USE_FORTIFY_LEVEL - 1,
      |          ~~~~~~~~~~~~~~~~~~~~~~~~~^~~~~~~~~~~~~~~~~~~~~~~~~~~~~~~~~~~
   72 |                                    __glibc_objsize (__s), __fmt,
      |                                    ~~~~~~~~~~~~~~~~~~~~~~~~~~~~~
   73 |                                    __va_arg_pack ());
      |                                    ~~~~~~~~~~~~~~~~~
In file included from /usr/include/string.h:535,
                 from /workspace/MLX_dev/third_party/accel-sim-framework/gpu-simulator/gpgpu-sim/build/gcc-11.4.0/cuda-13020/release/cuda-sim/lex.ptxinfo_.c:243:
In function ‘char* strncpy(char*, const char*, size_t)’,
    inlined from ‘int ptxinfo_lex(YYSTYPE*, yyscan_t, ptxinfo_data*)’ at ptxinfo.l:87:24:
/usr/include/x86_64-linux-gnu/bits/string_fortified.h:95:34: warning: ‘char* __builtin_strncpy(char*, const char*, long unsigned int)’ specified bound 1024 equals destination size [-Wstringop-truncation]
   95 |   return __builtin___strncpy_chk (__dest, __src, __len,
      |          ~~~~~~~~~~~~~~~~~~~~~~~~^~~~~~~~~~~~~~~~~~~~~~
   96 |                                   __glibc_objsize (__dest));
      |                                   ~~~~~~~~~~~~~~~~~~~~~~~~~
In function ‘char* strncpy(char*, const char*, size_t)’,
    inlined from ‘int ptxinfo_lex(YYSTYPE*, yyscan_t, ptxinfo_data*)’ at ptxinfo.l:85:1:
/usr/include/x86_64-linux-gnu/bits/string_fortified.h:95:34: warning: ‘char* __builtin_strncpy(char*, const char*, long unsigned int)’ specified bound depends on the length of the source argument [-Wstringop-truncation]
   95 |   return __builtin___strncpy_chk (__dest, __src, __len,
      |          ~~~~~~~~~~~~~~~~~~~~~~~~^~~~~~~~~~~~~~~~~~~~~~
   96 |                                   __glibc_objsize (__dest));
      |                                   ~~~~~~~~~~~~~~~~~~~~~~~~~
ptxinfo.l: In function ‘int ptxinfo_lex(YYSTYPE*, yyscan_t, ptxinfo_data*)’:
ptxinfo.l:45:57: note: length computed here
   45 | #define TC if( (yylineno == 1) && (ptxinfo->col + strlen(yytext) < LINEBUF_SIZE) ) { \
      |                                                   ~~~~~~^~~~~~~~
ptxinfo.l:55:1: note: in expansion of macro ‘TC’
   55 | "warning"[^\n]* TC; return WARNING;
      | ^~
In file included from /usr/include/string.h:535,
                 from /workspace/MLX_dev/third_party/accel-sim-framework/gpu-simulator/gpgpu-sim/build/gcc-11.4.0/cuda-13020/release/cuda-sim/lex.ptxinfo_.c:243:
In function ‘char* strncpy(char*, const char*, size_t)’,
    inlined from ‘int ptxinfo_lex(YYSTYPE*, yyscan_t, ptxinfo_data*)’ at ptxinfo.l:84:1:
/usr/include/x86_64-linux-gnu/bits/string_fortified.h:95:34: warning: ‘char* __builtin_strncpy(char*, const char*, long unsigned int)’ specified bound depends on the length of the source argument [-Wstringop-truncation]
   95 |   return __builtin___strncpy_chk (__dest, __src, __len,
      |          ~~~~~~~~~~~~~~~~~~~~~~~~^~~~~~~~~~~~~~~~~~~~~~
   96 |                                   __glibc_objsize (__dest));
      |                                   ~~~~~~~~~~~~~~~~~~~~~~~~~
ptxinfo.l: In function ‘int ptxinfo_lex(YYSTYPE*, yyscan_t, ptxinfo_data*)’:
ptxinfo.l:45:57: note: length computed here
   45 | #define TC if( (yylineno == 1) && (ptxinfo->col + strlen(yytext) < LINEBUF_SIZE) ) { \
      |                                                   ~~~~~~^~~~~~~~
ptxinfo.l:55:1: note: in expansion of macro ‘TC’
   55 | "warning"[^\n]* TC; return WARNING;
      | ^~
In file included from /usr/include/string.h:535,
                 from /workspace/MLX_dev/third_party/accel-sim-framework/gpu-simulator/gpgpu-sim/build/gcc-11.4.0/cuda-13020/release/cuda-sim/lex.ptxinfo_.c:243:
In function ‘char* strncpy(char*, const char*, size_t)’,
    inlined from ‘int ptxinfo_lex(YYSTYPE*, yyscan_t, ptxinfo_data*)’ at ptxinfo.l:83:1:
/usr/include/x86_64-linux-gnu/bits/string_fortified.h:95:34: warning: ‘char* __builtin_strncpy(char*, const char*, long unsigned int)’ specified bound depends on the length of the source argument [-Wstringop-truncation]
   95 |   return __builtin___strncpy_chk (__dest, __src, __len,
      |          ~~~~~~~~~~~~~~~~~~~~~~~~^~~~~~~~~~~~~~~~~~~~~~
   96 |                                   __glibc_objsize (__dest));
      |                                   ~~~~~~~~~~~~~~~~~~~~~~~~~
ptxinfo.l: In function ‘int ptxinfo_lex(YYSTYPE*, yyscan_t, ptxinfo_data*)’:
ptxinfo.l:45:57: note: length computed here
   45 | #define TC if( (yylineno == 1) && (ptxinfo->col + strlen(yytext) < LINEBUF_SIZE) ) { \
      |                                                   ~~~~~~^~~~~~~~
ptxinfo.l:55:1: note: in expansion of macro ‘TC’
   55 | "warning"[^\n]* TC; return WARNING;
      | ^~
In file included from /usr/include/string.h:535,
                 from /workspace/MLX_dev/third_party/accel-sim-framework/gpu-simulator/gpgpu-sim/build/gcc-11.4.0/cuda-13020/release/cuda-sim/lex.ptxinfo_.c:243:
In function ‘char* strncpy(char*, const char*, size_t)’,
    inlined from ‘int ptxinfo_lex(YYSTYPE*, yyscan_t, ptxinfo_data*)’ at ptxinfo.l:82:1:
/usr/include/x86_64-linux-gnu/bits/string_fortified.h:95:34: warning: ‘char* __builtin_strncpy(char*, const char*, long unsigned int)’ specified bound depends on the length of the source argument [-Wstringop-truncation]
   95 |   return __builtin___strncpy_chk (__dest, __src, __len,
      |          ~~~~~~~~~~~~~~~~~~~~~~~~^~~~~~~~~~~~~~~~~~~~~~
   96 |                                   __glibc_objsize (__dest));
      |                                   ~~~~~~~~~~~~~~~~~~~~~~~~~
ptxinfo.l: In function ‘int ptxinfo_lex(YYSTYPE*, yyscan_t, ptxinfo_data*)’:
ptxinfo.l:45:57: note: length computed here
   45 | #define TC if( (yylineno == 1) && (ptxinfo->col + strlen(yytext) < LINEBUF_SIZE) ) { \
      |                                                   ~~~~~~^~~~~~~~
ptxinfo.l:55:1: note: in expansion of macro ‘TC’
   55 | "warning"[^\n]* TC; return WARNING;
      | ^~
In file included from /usr/include/string.h:535,
                 from /workspace/MLX_dev/third_party/accel-sim-framework/gpu-simulator/gpgpu-sim/build/gcc-11.4.0/cuda-13020/release/cuda-sim/lex.ptxinfo_.c:243:
In function ‘char* strncpy(char*, const char*, size_t)’,
    inlined from ‘int ptxinfo_lex(YYSTYPE*, yyscan_t, ptxinfo_data*)’ at ptxinfo.l:81:1:
/usr/include/x86_64-linux-gnu/bits/string_fortified.h:95:34: warning: ‘char* __builtin_strncpy(char*, const char*, long unsigned int)’ specified bound depends on the length of the source argument [-Wstringop-truncation]
   95 |   return __builtin___strncpy_chk (__dest, __src, __len,
      |          ~~~~~~~~~~~~~~~~~~~~~~~~^~~~~~~~~~~~~~~~~~~~~~
   96 |                                   __glibc_objsize (__dest));
      |                                   ~~~~~~~~~~~~~~~~~~~~~~~~~
ptxinfo.l: In function ‘int ptxinfo_lex(YYSTYPE*, yyscan_t, ptxinfo_data*)’:
ptxinfo.l:45:57: note: length computed here
   45 | #define TC if( (yylineno == 1) && (ptxinfo->col + strlen(yytext) < LINEBUF_SIZE) ) { \
      |                                                   ~~~~~~^~~~~~~~
ptxinfo.l:55:1: note: in expansion of macro ‘TC’
   55 | "warning"[^\n]* TC; return WARNING;
      | ^~
In file included from /usr/include/string.h:535,
                 from /workspace/MLX_dev/third_party/accel-sim-framework/gpu-simulator/gpgpu-sim/build/gcc-11.4.0/cuda-13020/release/cuda-sim/lex.ptxinfo_.c:243:
In function ‘char* strncpy(char*, const char*, size_t)’,
    inlined from ‘int ptxinfo_lex(YYSTYPE*, yyscan_t, ptxinfo_data*)’ at ptxinfo.l:80:1:
/usr/include/x86_64-linux-gnu/bits/string_fortified.h:95:34: warning: ‘char* __builtin_strncpy(char*, const char*, long unsigned int)’ specified bound depends on the length of the source argument [-Wstringop-truncation]
   95 |   return __builtin___strncpy_chk (__dest, __src, __len,
      |          ~~~~~~~~~~~~~~~~~~~~~~~~^~~~~~~~~~~~~~~~~~~~~~
   96 |                                   __glibc_objsize (__dest));
      |                                   ~~~~~~~~~~~~~~~~~~~~~~~~~
ptxinfo.l: In function ‘int ptxinfo_lex(YYSTYPE*, yyscan_t, ptxinfo_data*)’:
ptxinfo.l:45:57: note: length computed here
   45 | #define TC if( (yylineno == 1) && (ptxinfo->col + strlen(yytext) < LINEBUF_SIZE) ) { \
      |                                                   ~~~~~~^~~~~~~~
ptxinfo.l:55:1: note: in expansion of macro ‘TC’
   55 | "warning"[^\n]* TC; return WARNING;
      | ^~
In file included from /usr/include/string.h:535,
                 from /workspace/MLX_dev/third_party/accel-sim-framework/gpu-simulator/gpgpu-sim/build/gcc-11.4.0/cuda-13020/release/cuda-sim/lex.ptxinfo_.c:243:
In function ‘char* strncpy(char*, const char*, size_t)’,
    inlined from ‘int ptxinfo_lex(YYSTYPE*, yyscan_t, ptxinfo_data*)’ at ptxinfo.l:79:1:
/usr/include/x86_64-linux-gnu/bits/string_fortified.h:95:34: warning: ‘char* __builtin_strncpy(char*, const char*, long unsigned int)’ specified bound depends on the length of the source argument [-Wstringop-truncation]
   95 |   return __builtin___strncpy_chk (__dest, __src, __len,
      |          ~~~~~~~~~~~~~~~~~~~~~~~~^~~~~~~~~~~~~~~~~~~~~~
   96 |                                   __glibc_objsize (__dest));
      |                                   ~~~~~~~~~~~~~~~~~~~~~~~~~
ptxinfo.l: In function ‘int ptxinfo_lex(YYSTYPE*, yyscan_t, ptxinfo_data*)’:
ptxinfo.l:45:57: note: length computed here
   45 | #define TC if( (yylineno == 1) && (ptxinfo->col + strlen(yytext) < LINEBUF_SIZE) ) { \
      |                                                   ~~~~~~^~~~~~~~
ptxinfo.l:55:1: note: in expansion of macro ‘TC’
   55 | "warning"[^\n]* TC; return WARNING;
      | ^~
In file included from /usr/include/string.h:535,
                 from /workspace/MLX_dev/third_party/accel-sim-framework/gpu-simulator/gpgpu-sim/build/gcc-11.4.0/cuda-13020/release/cuda-sim/lex.ptxinfo_.c:243:
In function ‘char* strncpy(char*, const char*, size_t)’,
    inlined from ‘int ptxinfo_lex(YYSTYPE*, yyscan_t, ptxinfo_data*)’ at ptxinfo.l:78:1:
/usr/include/x86_64-linux-gnu/bits/string_fortified.h:95:34: warning: ‘char* __builtin_strncpy(char*, const char*, long unsigned int)’ specified bound depends on the length of the source argument [-Wstringop-truncation]
   95 |   return __builtin___strncpy_chk (__dest, __src, __len,
      |          ~~~~~~~~~~~~~~~~~~~~~~~~^~~~~~~~~~~~~~~~~~~~~~
   96 |                                   __glibc_objsize (__dest));
      |                                   ~~~~~~~~~~~~~~~~~~~~~~~~~
ptxinfo.l: In function ‘int ptxinfo_lex(YYSTYPE*, yyscan_t, ptxinfo_data*)’:
ptxinfo.l:45:57: note: length computed here
   45 | #define TC if( (yylineno == 1) && (ptxinfo->col + strlen(yytext) < LINEBUF_SIZE) ) { \
      |                                                   ~~~~~~^~~~~~~~
ptxinfo.l:55:1: note: in expansion of macro ‘TC’
   55 | "warning"[^\n]* TC; return WARNING;
      | ^~
In file included from /usr/include/string.h:535,
                 from /workspace/MLX_dev/third_party/accel-sim-framework/gpu-simulator/gpgpu-sim/build/gcc-11.4.0/cuda-13020/release/cuda-sim/lex.ptxinfo_.c:243:
In function ‘char* strncpy(char*, const char*, size_t)’,
    inlined from ‘int ptxinfo_lex(YYSTYPE*, yyscan_t, ptxinfo_data*)’ at ptxinfo.l:77:1:
/usr/include/x86_64-linux-gnu/bits/string_fortified.h:95:34: warning: ‘char* __builtin_strncpy(char*, const char*, long unsigned int)’ specified bound depends on the length of the source argument [-Wstringop-truncation]
   95 |   return __builtin___strncpy_chk (__dest, __src, __len,
      |          ~~~~~~~~~~~~~~~~~~~~~~~~^~~~~~~~~~~~~~~~~~~~~~
   96 |                                   __glibc_objsize (__dest));
      |                                   ~~~~~~~~~~~~~~~~~~~~~~~~~
ptxinfo.l: In function ‘int ptxinfo_lex(YYSTYPE*, yyscan_t, ptxinfo_data*)’:
ptxinfo.l:45:57: note: length computed here
   45 | #define TC if( (yylineno == 1) && (ptxinfo->col + strlen(yytext) < LINEBUF_SIZE) ) { \
      |                                                   ~~~~~~^~~~~~~~
ptxinfo.l:55:1: note: in expansion of macro ‘TC’
   55 | "warning"[^\n]* TC; return WARNING;
      | ^~
In file included from /usr/include/string.h:535,
                 from /workspace/MLX_dev/third_party/accel-sim-framework/gpu-simulator/gpgpu-sim/build/gcc-11.4.0/cuda-13020/release/cuda-sim/lex.ptxinfo_.c:243:
In function ‘char* strncpy(char*, const char*, size_t)’,
    inlined from ‘int ptxinfo_lex(YYSTYPE*, yyscan_t, ptxinfo_data*)’ at ptxinfo.l:75:1:
/usr/include/x86_64-linux-gnu/bits/string_fortified.h:95:34: warning: ‘char* __builtin_strncpy(char*, const char*, long unsigned int)’ specified bound depends on the length of the source argument [-Wstringop-truncation]
   95 |   return __builtin___strncpy_chk (__dest, __src, __len,
      |          ~~~~~~~~~~~~~~~~~~~~~~~~^~~~~~~~~~~~~~~~~~~~~~
   96 |                                   __glibc_objsize (__dest));
      |                                   ~~~~~~~~~~~~~~~~~~~~~~~~~
ptxinfo.l: In function ‘int ptxinfo_lex(YYSTYPE*, yyscan_t, ptxinfo_data*)’:
ptxinfo.l:45:57: note: length computed here
   45 | #define TC if( (yylineno == 1) && (ptxinfo->col + strlen(yytext) < LINEBUF_SIZE) ) { \
      |                                                   ~~~~~~^~~~~~~~
ptxinfo.l:55:1: note: in expansion of macro ‘TC’
   55 | "warning"[^\n]* TC; return WARNING;
      | ^~
In file included from /usr/include/string.h:535,
                 from /workspace/MLX_dev/third_party/accel-sim-framework/gpu-simulator/gpgpu-sim/build/gcc-11.4.0/cuda-13020/release/cuda-sim/lex.ptxinfo_.c:243:
In function ‘char* strncpy(char*, const char*, size_t)’,
    inlined from ‘int ptxinfo_lex(YYSTYPE*, yyscan_t, ptxinfo_data*)’ at ptxinfo.l:74:1:
/usr/include/x86_64-linux-gnu/bits/string_fortified.h:95:34: warning: ‘char* __builtin_strncpy(char*, const char*, long unsigned int)’ specified bound depends on the length of the source argument [-Wstringop-truncation]
   95 |   return __builtin___strncpy_chk (__dest, __src, __len,
      |          ~~~~~~~~~~~~~~~~~~~~~~~~^~~~~~~~~~~~~~~~~~~~~~
   96 |                                   __glibc_objsize (__dest));
      |                                   ~~~~~~~~~~~~~~~~~~~~~~~~~
ptxinfo.l: In function ‘int ptxinfo_lex(YYSTYPE*, yyscan_t, ptxinfo_data*)’:
ptxinfo.l:45:57: note: length computed here
   45 | #define TC if( (yylineno == 1) && (ptxinfo->col + strlen(yytext) < LINEBUF_SIZE) ) { \
      |                                                   ~~~~~~^~~~~~~~
ptxinfo.l:55:1: note: in expansion of macro ‘TC’
   55 | "warning"[^\n]* TC; return WARNING;
      | ^~
In file included from /usr/include/string.h:535,
                 from /workspace/MLX_dev/third_party/accel-sim-framework/gpu-simulator/gpgpu-sim/build/gcc-11.4.0/cuda-13020/release/cuda-sim/lex.ptxinfo_.c:243:
In function ‘char* strncpy(char*, const char*, size_t)’,
    inlined from ‘int ptxinfo_lex(YYSTYPE*, yyscan_t, ptxinfo_data*)’ at ptxinfo.l:72:1:
/usr/include/x86_64-linux-gnu/bits/string_fortified.h:95:34: warning: ‘char* __builtin_strncpy(char*, const char*, long unsigned int)’ specified bound depends on the length of the source argument [-Wstringop-truncation]
   95 |   return __builtin___strncpy_chk (__dest, __src, __len,
      |          ~~~~~~~~~~~~~~~~~~~~~~~~^~~~~~~~~~~~~~~~~~~~~~
   96 |                                   __glibc_objsize (__dest));
      |                                   ~~~~~~~~~~~~~~~~~~~~~~~~~
ptxinfo.l: In function ‘int ptxinfo_lex(YYSTYPE*, yyscan_t, ptxinfo_data*)’:
ptxinfo.l:45:57: note: length computed here
   45 | #define TC if( (yylineno == 1) && (ptxinfo->col + strlen(yytext) < LINEBUF_SIZE) ) { \
      |                                                   ~~~~~~^~~~~~~~
ptxinfo.l:55:1: note: in expansion of macro ‘TC’
   55 | "warning"[^\n]* TC; return WARNING;
      | ^~
In file included from /usr/include/string.h:535,
                 from /workspace/MLX_dev/third_party/accel-sim-framework/gpu-simulator/gpgpu-sim/build/gcc-11.4.0/cuda-13020/release/cuda-sim/lex.ptxinfo_.c:243:
In function ‘char* strncpy(char*, const char*, size_t)’,
    inlined from ‘int ptxinfo_lex(YYSTYPE*, yyscan_t, ptxinfo_data*)’ at ptxinfo.l:71:1:
/usr/include/x86_64-linux-gnu/bits/string_fortified.h:95:34: warning: ‘char* __builtin_strncpy(char*, const char*, long unsigned int)’ specified bound depends on the length of the source argument [-Wstringop-truncation]
   95 |   return __builtin___strncpy_chk (__dest, __src, __len,
      |          ~~~~~~~~~~~~~~~~~~~~~~~~^~~~~~~~~~~~~~~~~~~~~~
   96 |                                   __glibc_objsize (__dest));
      |                                   ~~~~~~~~~~~~~~~~~~~~~~~~~
ptxinfo.l: In function ‘int ptxinfo_lex(YYSTYPE*, yyscan_t, ptxinfo_data*)’:
ptxinfo.l:45:57: note: length computed here
   45 | #define TC if( (yylineno == 1) && (ptxinfo->col + strlen(yytext) < LINEBUF_SIZE) ) { \
      |                                                   ~~~~~~^~~~~~~~
ptxinfo.l:55:1: note: in expansion of macro ‘TC’
   55 | "warning"[^\n]* TC; return WARNING;
      | ^~
In file included from /usr/include/string.h:535,
                 from /workspace/MLX_dev/third_party/accel-sim-framework/gpu-simulator/gpgpu-sim/build/gcc-11.4.0/cuda-13020/release/cuda-sim/lex.ptxinfo_.c:243:
In function ‘char* strncpy(char*, const char*, size_t)’,
    inlined from ‘int ptxinfo_lex(YYSTYPE*, yyscan_t, ptxinfo_data*)’ at ptxinfo.l:70:1:
/usr/include/x86_64-linux-gnu/bits/string_fortified.h:95:34: warning: ‘char* __builtin_strncpy(char*, const char*, long unsigned int)’ specified bound depends on the length of the source argument [-Wstringop-truncation]
   95 |   return __builtin___strncpy_chk (__dest, __src, __len,
      |          ~~~~~~~~~~~~~~~~~~~~~~~~^~~~~~~~~~~~~~~~~~~~~~
   96 |                                   __glibc_objsize (__dest));
      |                                   ~~~~~~~~~~~~~~~~~~~~~~~~~
ptxinfo.l: In function ‘int ptxinfo_lex(YYSTYPE*, yyscan_t, ptxinfo_data*)’:
ptxinfo.l:45:57: note: length computed here
   45 | #define TC if( (yylineno == 1) && (ptxinfo->col + strlen(yytext) < LINEBUF_SIZE) ) { \
      |                                                   ~~~~~~^~~~~~~~
ptxinfo.l:55:1: note: in expansion of macro ‘TC’
   55 | "warning"[^\n]* TC; return WARNING;
      | ^~
In file included from /usr/include/string.h:535,
                 from /workspace/MLX_dev/third_party/accel-sim-framework/gpu-simulator/gpgpu-sim/build/gcc-11.4.0/cuda-13020/release/cuda-sim/lex.ptxinfo_.c:243:
In function ‘char* strncpy(char*, const char*, size_t)’,
    inlined from ‘int ptxinfo_lex(YYSTYPE*, yyscan_t, ptxinfo_data*)’ at ptxinfo.l:69:1:
/usr/include/x86_64-linux-gnu/bits/string_fortified.h:95:34: warning: ‘char* __builtin_strncpy(char*, const char*, long unsigned int)’ specified bound depends on the length of the source argument [-Wstringop-truncation]
   95 |   return __builtin___strncpy_chk (__dest, __src, __len,
      |          ~~~~~~~~~~~~~~~~~~~~~~~~^~~~~~~~~~~~~~~~~~~~~~
   96 |                                   __glibc_objsize (__dest));
      |                                   ~~~~~~~~~~~~~~~~~~~~~~~~~
ptxinfo.l: In function ‘int ptxinfo_lex(YYSTYPE*, yyscan_t, ptxinfo_data*)’:
ptxinfo.l:45:57: note: length computed here
   45 | #define TC if( (yylineno == 1) && (ptxinfo->col + strlen(yytext) < LINEBUF_SIZE) ) { \
      |                                                   ~~~~~~^~~~~~~~
ptxinfo.l:55:1: note: in expansion of macro ‘TC’
   55 | "warning"[^\n]* TC; return WARNING;
      | ^~
In file included from /usr/include/string.h:535,
                 from /workspace/MLX_dev/third_party/accel-sim-framework/gpu-simulator/gpgpu-sim/build/gcc-11.4.0/cuda-13020/release/cuda-sim/lex.ptxinfo_.c:243:
In function ‘char* strncpy(char*, const char*, size_t)’,
    inlined from ‘int ptxinfo_lex(YYSTYPE*, yyscan_t, ptxinfo_data*)’ at ptxinfo.l:68:1:
/usr/include/x86_64-linux-gnu/bits/string_fortified.h:95:34: warning: ‘char* __builtin_strncpy(char*, const char*, long unsigned int)’ specified bound depends on the length of the source argument [-Wstringop-truncation]
   95 |   return __builtin___strncpy_chk (__dest, __src, __len,
      |          ~~~~~~~~~~~~~~~~~~~~~~~~^~~~~~~~~~~~~~~~~~~~~~
   96 |                                   __glibc_objsize (__dest));
      |                                   ~~~~~~~~~~~~~~~~~~~~~~~~~
ptxinfo.l: In function ‘int ptxinfo_lex(YYSTYPE*, yyscan_t, ptxinfo_data*)’:
ptxinfo.l:45:57: note: length computed here
   45 | #define TC if( (yylineno == 1) && (ptxinfo->col + strlen(yytext) < LINEBUF_SIZE) ) { \
      |                                                   ~~~~~~^~~~~~~~
ptxinfo.l:55:1: note: in expansion of macro ‘TC’
   55 | "warning"[^\n]* TC; return WARNING;
      | ^~
In file included from /usr/include/string.h:535,
                 from /workspace/MLX_dev/third_party/accel-sim-framework/gpu-simulator/gpgpu-sim/build/gcc-11.4.0/cuda-13020/release/cuda-sim/lex.ptxinfo_.c:243:
In function ‘char* strncpy(char*, const char*, size_t)’,
    inlined from ‘int ptxinfo_lex(YYSTYPE*, yyscan_t, ptxinfo_data*)’ at ptxinfo.l:67:1:
/usr/include/x86_64-linux-gnu/bits/string_fortified.h:95:34: warning: ‘char* __builtin_strncpy(char*, const char*, long unsigned int)’ specified bound depends on the length of the source argument [-Wstringop-truncation]
   95 |   return __builtin___strncpy_chk (__dest, __src, __len,
      |          ~~~~~~~~~~~~~~~~~~~~~~~~^~~~~~~~~~~~~~~~~~~~~~
   96 |                                   __glibc_objsize (__dest));
      |                                   ~~~~~~~~~~~~~~~~~~~~~~~~~
ptxinfo.l: In function ‘int ptxinfo_lex(YYSTYPE*, yyscan_t, ptxinfo_data*)’:
ptxinfo.l:45:57: note: length computed here
   45 | #define TC if( (yylineno == 1) && (ptxinfo->col + strlen(yytext) < LINEBUF_SIZE) ) { \
      |                                                   ~~~~~~^~~~~~~~
ptxinfo.l:55:1: note: in expansion of macro ‘TC’
   55 | "warning"[^\n]* TC; return WARNING;
      | ^~
In file included from /usr/include/string.h:535,
                 from /workspace/MLX_dev/third_party/accel-sim-framework/gpu-simulator/gpgpu-sim/build/gcc-11.4.0/cuda-13020/release/cuda-sim/lex.ptxinfo_.c:243:
In function ‘char* strncpy(char*, const char*, size_t)’,
    inlined from ‘int ptxinfo_lex(YYSTYPE*, yyscan_t, ptxinfo_data*)’ at ptxinfo.l:66:1:
/usr/include/x86_64-linux-gnu/bits/string_fortified.h:95:34: warning: ‘char* __builtin_strncpy(char*, const char*, long unsigned int)’ specified bound depends on the length of the source argument [-Wstringop-truncation]
   95 |   return __builtin___strncpy_chk (__dest, __src, __len,
      |          ~~~~~~~~~~~~~~~~~~~~~~~~^~~~~~~~~~~~~~~~~~~~~~
   96 |                                   __glibc_objsize (__dest));
      |                                   ~~~~~~~~~~~~~~~~~~~~~~~~~
ptxinfo.l: In function ‘int ptxinfo_lex(YYSTYPE*, yyscan_t, ptxinfo_data*)’:
ptxinfo.l:45:57: note: length computed here
   45 | #define TC if( (yylineno == 1) && (ptxinfo->col + strlen(yytext) < LINEBUF_SIZE) ) { \
      |                                                   ~~~~~~^~~~~~~~
ptxinfo.l:55:1: note: in expansion of macro ‘TC’
   55 | "warning"[^\n]* TC; return WARNING;
      | ^~
In file included from /usr/include/string.h:535,
                 from /workspace/MLX_dev/third_party/accel-sim-framework/gpu-simulator/gpgpu-sim/build/gcc-11.4.0/cuda-13020/release/cuda-sim/lex.ptxinfo_.c:243:
In function ‘char* strncpy(char*, const char*, size_t)’,
    inlined from ‘int ptxinfo_lex(YYSTYPE*, yyscan_t, ptxinfo_data*)’ at ptxinfo.l:65:1:
/usr/include/x86_64-linux-gnu/bits/string_fortified.h:95:34: warning: ‘char* __builtin_strncpy(char*, const char*, long unsigned int)’ specified bound depends on the length of the source argument [-Wstringop-truncation]
   95 |   return __builtin___strncpy_chk (__dest, __src, __len,
      |          ~~~~~~~~~~~~~~~~~~~~~~~~^~~~~~~~~~~~~~~~~~~~~~
   96 |                                   __glibc_objsize (__dest));
      |                                   ~~~~~~~~~~~~~~~~~~~~~~~~~
ptxinfo.l: In function ‘int ptxinfo_lex(YYSTYPE*, yyscan_t, ptxinfo_data*)’:
ptxinfo.l:45:57: note: length computed here
   45 | #define TC if( (yylineno == 1) && (ptxinfo->col + strlen(yytext) < LINEBUF_SIZE) ) { \
      |                                                   ~~~~~~^~~~~~~~
ptxinfo.l:55:1: note: in expansion of macro ‘TC’
   55 | "warning"[^\n]* TC; return WARNING;
      | ^~
In file included from /usr/include/string.h:535,
                 from /workspace/MLX_dev/third_party/accel-sim-framework/gpu-simulator/gpgpu-sim/build/gcc-11.4.0/cuda-13020/release/cuda-sim/lex.ptxinfo_.c:243:
In function ‘char* strncpy(char*, const char*, size_t)’,
    inlined from ‘int ptxinfo_lex(YYSTYPE*, yyscan_t, ptxinfo_data*)’ at ptxinfo.l:64:1:
/usr/include/x86_64-linux-gnu/bits/string_fortified.h:95:34: warning: ‘char* __builtin_strncpy(char*, const char*, long unsigned int)’ specified bound depends on the length of the source argument [-Wstringop-truncation]
   95 |   return __builtin___strncpy_chk (__dest, __src, __len,
      |          ~~~~~~~~~~~~~~~~~~~~~~~~^~~~~~~~~~~~~~~~~~~~~~
   96 |                                   __glibc_objsize (__dest));
      |                                   ~~~~~~~~~~~~~~~~~~~~~~~~~
ptxinfo.l: In function ‘int ptxinfo_lex(YYSTYPE*, yyscan_t, ptxinfo_data*)’:
ptxinfo.l:45:57: note: length computed here
   45 | #define TC if( (yylineno == 1) && (ptxinfo->col + strlen(yytext) < LINEBUF_SIZE) ) { \
      |                                                   ~~~~~~^~~~~~~~
ptxinfo.l:55:1: note: in expansion of macro ‘TC’
   55 | "warning"[^\n]* TC; return WARNING;
      | ^~
In file included from /usr/include/string.h:535,
                 from /workspace/MLX_dev/third_party/accel-sim-framework/gpu-simulator/gpgpu-sim/build/gcc-11.4.0/cuda-13020/release/cuda-sim/lex.ptxinfo_.c:243:
In function ‘char* strncpy(char*, const char*, size_t)’,
    inlined from ‘int ptxinfo_lex(YYSTYPE*, yyscan_t, ptxinfo_data*)’ at ptxinfo.l:63:1:
/usr/include/x86_64-linux-gnu/bits/string_fortified.h:95:34: warning: ‘char* __builtin_strncpy(char*, const char*, long unsigned int)’ specified bound depends on the length of the source argument [-Wstringop-truncation]
   95 |   return __builtin___strncpy_chk (__dest, __src, __len,
      |          ~~~~~~~~~~~~~~~~~~~~~~~~^~~~~~~~~~~~~~~~~~~~~~
   96 |                                   __glibc_objsize (__dest));
      |                                   ~~~~~~~~~~~~~~~~~~~~~~~~~
ptxinfo.l: In function ‘int ptxinfo_lex(YYSTYPE*, yyscan_t, ptxinfo_data*)’:
ptxinfo.l:45:57: note: length computed here
   45 | #define TC if( (yylineno == 1) && (ptxinfo->col + strlen(yytext) < LINEBUF_SIZE) ) { \
      |                                                   ~~~~~~^~~~~~~~
ptxinfo.l:55:1: note: in expansion of macro ‘TC’
   55 | "warning"[^\n]* TC; return WARNING;
      | ^~
In file included from /usr/include/string.h:535,
                 from /workspace/MLX_dev/third_party/accel-sim-framework/gpu-simulator/gpgpu-sim/build/gcc-11.4.0/cuda-13020/release/cuda-sim/lex.ptxinfo_.c:243:
In function ‘char* strncpy(char*, const char*, size_t)’,
    inlined from ‘int ptxinfo_lex(YYSTYPE*, yyscan_t, ptxinfo_data*)’ at ptxinfo.l:62:1:
/usr/include/x86_64-linux-gnu/bits/string_fortified.h:95:34: warning: ‘char* __builtin_strncpy(char*, const char*, long unsigned int)’ specified bound depends on the length of the source argument [-Wstringop-truncation]
   95 |   return __builtin___strncpy_chk (__dest, __src, __len,
      |          ~~~~~~~~~~~~~~~~~~~~~~~~^~~~~~~~~~~~~~~~~~~~~~
   96 |                                   __glibc_objsize (__dest));
      |                                   ~~~~~~~~~~~~~~~~~~~~~~~~~
ptxinfo.l: In function ‘int ptxinfo_lex(YYSTYPE*, yyscan_t, ptxinfo_data*)’:
ptxinfo.l:45:57: note: length computed here
   45 | #define TC if( (yylineno == 1) && (ptxinfo->col + strlen(yytext) < LINEBUF_SIZE) ) { \
      |                                                   ~~~~~~^~~~~~~~
ptxinfo.l:55:1: note: in expansion of macro ‘TC’
   55 | "warning"[^\n]* TC; return WARNING;
      | ^~
In file included from /usr/include/string.h:535,
                 from /workspace/MLX_dev/third_party/accel-sim-framework/gpu-simulator/gpgpu-sim/build/gcc-11.4.0/cuda-13020/release/cuda-sim/lex.ptxinfo_.c:243:
In function ‘char* strncpy(char*, const char*, size_t)’,
    inlined from ‘int ptxinfo_lex(YYSTYPE*, yyscan_t, ptxinfo_data*)’ at ptxinfo.l:61:1:
/usr/include/x86_64-linux-gnu/bits/string_fortified.h:95:34: warning: ‘char* __builtin_strncpy(char*, const char*, long unsigned int)’ specified bound depends on the length of the source argument [-Wstringop-truncation]
   95 |   return __builtin___strncpy_chk (__dest, __src, __len,
      |          ~~~~~~~~~~~~~~~~~~~~~~~~^~~~~~~~~~~~~~~~~~~~~~
   96 |                                   __glibc_objsize (__dest));
      |                                   ~~~~~~~~~~~~~~~~~~~~~~~~~
ptxinfo.l: In function ‘int ptxinfo_lex(YYSTYPE*, yyscan_t, ptxinfo_data*)’:
ptxinfo.l:45:57: note: length computed here
   45 | #define TC if( (yylineno == 1) && (ptxinfo->col + strlen(yytext) < LINEBUF_SIZE) ) { \
      |                                                   ~~~~~~^~~~~~~~
ptxinfo.l:55:1: note: in expansion of macro ‘TC’
   55 | "warning"[^\n]* TC; return WARNING;
      | ^~
In file included from /usr/include/string.h:535,
                 from /workspace/MLX_dev/third_party/accel-sim-framework/gpu-simulator/gpgpu-sim/build/gcc-11.4.0/cuda-13020/release/cuda-sim/lex.ptxinfo_.c:243:
In function ‘char* strncpy(char*, const char*, size_t)’,
    inlined from ‘int ptxinfo_lex(YYSTYPE*, yyscan_t, ptxinfo_data*)’ at ptxinfo.l:60:1:
/usr/include/x86_64-linux-gnu/bits/string_fortified.h:95:34: warning: ‘char* __builtin_strncpy(char*, const char*, long unsigned int)’ specified bound depends on the length of the source argument [-Wstringop-truncation]
   95 |   return __builtin___strncpy_chk (__dest, __src, __len,
      |          ~~~~~~~~~~~~~~~~~~~~~~~~^~~~~~~~~~~~~~~~~~~~~~
   96 |                                   __glibc_objsize (__dest));
      |                                   ~~~~~~~~~~~~~~~~~~~~~~~~~
ptxinfo.l: In function ‘int ptxinfo_lex(YYSTYPE*, yyscan_t, ptxinfo_data*)’:
ptxinfo.l:45:57: note: length computed here
   45 | #define TC if( (yylineno == 1) && (ptxinfo->col + strlen(yytext) < LINEBUF_SIZE) ) { \
      |                                                   ~~~~~~^~~~~~~~
ptxinfo.l:55:1: note: in expansion of macro ‘TC’
   55 | "warning"[^\n]* TC; return WARNING;
      | ^~
In file included from /usr/include/string.h:535,
                 from /workspace/MLX_dev/third_party/accel-sim-framework/gpu-simulator/gpgpu-sim/build/gcc-11.4.0/cuda-13020/release/cuda-sim/lex.ptxinfo_.c:243:
In function ‘char* strncpy(char*, const char*, size_t)’,
    inlined from ‘int ptxinfo_lex(YYSTYPE*, yyscan_t, ptxinfo_data*)’ at ptxinfo.l:59:1:
/usr/include/x86_64-linux-gnu/bits/string_fortified.h:95:34: warning: ‘char* __builtin_strncpy(char*, const char*, long unsigned int)’ specified bound depends on the length of the source argument [-Wstringop-truncation]
   95 |   return __builtin___strncpy_chk (__dest, __src, __len,
      |          ~~~~~~~~~~~~~~~~~~~~~~~~^~~~~~~~~~~~~~~~~~~~~~
   96 |                                   __glibc_objsize (__dest));
      |                                   ~~~~~~~~~~~~~~~~~~~~~~~~~
ptxinfo.l: In function ‘int ptxinfo_lex(YYSTYPE*, yyscan_t, ptxinfo_data*)’:
ptxinfo.l:45:57: note: length computed here
   45 | #define TC if( (yylineno == 1) && (ptxinfo->col + strlen(yytext) < LINEBUF_SIZE) ) { \
      |                                                   ~~~~~~^~~~~~~~
ptxinfo.l:55:1: note: in expansion of macro ‘TC’
   55 | "warning"[^\n]* TC; return WARNING;
      | ^~
In file included from /usr/include/string.h:535,
                 from /workspace/MLX_dev/third_party/accel-sim-framework/gpu-simulator/gpgpu-sim/build/gcc-11.4.0/cuda-13020/release/cuda-sim/lex.ptxinfo_.c:243:
In function ‘char* strncpy(char*, const char*, size_t)’,
    inlined from ‘int ptxinfo_lex(YYSTYPE*, yyscan_t, ptxinfo_data*)’ at ptxinfo.l:58:1:
/usr/include/x86_64-linux-gnu/bits/string_fortified.h:95:34: warning: ‘char* __builtin_strncpy(char*, const char*, long unsigned int)’ specified bound depends on the length of the source argument [-Wstringop-truncation]
   95 |   return __builtin___strncpy_chk (__dest, __src, __len,
      |          ~~~~~~~~~~~~~~~~~~~~~~~~^~~~~~~~~~~~~~~~~~~~~~
   96 |                                   __glibc_objsize (__dest));
      |                                   ~~~~~~~~~~~~~~~~~~~~~~~~~
ptxinfo.l: In function ‘int ptxinfo_lex(YYSTYPE*, yyscan_t, ptxinfo_data*)’:
ptxinfo.l:45:57: note: length computed here
   45 | #define TC if( (yylineno == 1) && (ptxinfo->col + strlen(yytext) < LINEBUF_SIZE) ) { \
      |                                                   ~~~~~~^~~~~~~~
ptxinfo.l:55:1: note: in expansion of macro ‘TC’
   55 | "warning"[^\n]* TC; return WARNING;
      | ^~
In file included from /usr/include/string.h:535,
                 from /workspace/MLX_dev/third_party/accel-sim-framework/gpu-simulator/gpgpu-sim/build/gcc-11.4.0/cuda-13020/release/cuda-sim/lex.ptxinfo_.c:243:
In function ‘char* strncpy(char*, const char*, size_t)’,
    inlined from ‘int ptxinfo_lex(YYSTYPE*, yyscan_t, ptxinfo_data*)’ at ptxinfo.l:57:1:
/usr/include/x86_64-linux-gnu/bits/string_fortified.h:95:34: warning: ‘char* __builtin_strncpy(char*, const char*, long unsigned int)’ specified bound depends on the length of the source argument [-Wstringop-truncation]
   95 |   return __builtin___strncpy_chk (__dest, __src, __len,
      |          ~~~~~~~~~~~~~~~~~~~~~~~~^~~~~~~~~~~~~~~~~~~~~~
   96 |                                   __glibc_objsize (__dest));
      |                                   ~~~~~~~~~~~~~~~~~~~~~~~~~
ptxinfo.l: In function ‘int ptxinfo_lex(YYSTYPE*, yyscan_t, ptxinfo_data*)’:
ptxinfo.l:45:57: note: length computed here
   45 | #define TC if( (yylineno == 1) && (ptxinfo->col + strlen(yytext) < LINEBUF_SIZE) ) { \
      |                                                   ~~~~~~^~~~~~~~
ptxinfo.l:55:1: note: in expansion of macro ‘TC’
   55 | "warning"[^\n]* TC; return WARNING;
      | ^~
In file included from /usr/include/string.h:535,
                 from /workspace/MLX_dev/third_party/accel-sim-framework/gpu-simulator/gpgpu-sim/build/gcc-11.4.0/cuda-13020/release/cuda-sim/lex.ptxinfo_.c:243:
In function ‘char* strncpy(char*, const char*, size_t)’,
    inlined from ‘int ptxinfo_lex(YYSTYPE*, yyscan_t, ptxinfo_data*)’ at ptxinfo.l:56:1:
/usr/include/x86_64-linux-gnu/bits/string_fortified.h:95:34: warning: ‘char* __builtin_strncpy(char*, const char*, long unsigned int)’ specified bound depends on the length of the source argument [-Wstringop-truncation]
   95 |   return __builtin___strncpy_chk (__dest, __src, __len,
      |          ~~~~~~~~~~~~~~~~~~~~~~~~^~~~~~~~~~~~~~~~~~~~~~
   96 |                                   __glibc_objsize (__dest));
      |                                   ~~~~~~~~~~~~~~~~~~~~~~~~~
ptxinfo.l: In function ‘int ptxinfo_lex(YYSTYPE*, yyscan_t, ptxinfo_data*)’:
ptxinfo.l:45:57: note: length computed here
   45 | #define TC if( (yylineno == 1) && (ptxinfo->col + strlen(yytext) < LINEBUF_SIZE) ) { \
      |                                                   ~~~~~~^~~~~~~~
ptxinfo.l:55:1: note: in expansion of macro ‘TC’
   55 | "warning"[^\n]* TC; return WARNING;
      | ^~
In file included from /usr/include/string.h:535,
                 from /workspace/MLX_dev/third_party/accel-sim-framework/gpu-simulator/gpgpu-sim/build/gcc-11.4.0/cuda-13020/release/cuda-sim/lex.ptxinfo_.c:243:
In function ‘char* strncpy(char*, const char*, size_t)’,
    inlined from ‘int ptxinfo_lex(YYSTYPE*, yyscan_t, ptxinfo_data*)’ at ptxinfo.l:55:1:
/usr/include/x86_64-linux-gnu/bits/string_fortified.h:95:34: warning: ‘char* __builtin_strncpy(char*, const char*, long unsigned int)’ specified bound depends on the length of the source argument [-Wstringop-truncation]
   95 |   return __builtin___strncpy_chk (__dest, __src, __len,
      |          ~~~~~~~~~~~~~~~~~~~~~~~~^~~~~~~~~~~~~~~~~~~~~~
   96 |                                   __glibc_objsize (__dest));
      |                                   ~~~~~~~~~~~~~~~~~~~~~~~~~
ptxinfo.l: In function ‘int ptxinfo_lex(YYSTYPE*, yyscan_t, ptxinfo_data*)’:
ptxinfo.l:45:57: note: length computed here
   45 | #define TC if( (yylineno == 1) && (ptxinfo->col + strlen(yytext) < LINEBUF_SIZE) ) { \
      |                                                   ~~~~~~^~~~~~~~
ptxinfo.l:55:1: note: in expansion of macro ‘TC’
   55 | "warning"[^\n]* TC; return WARNING;
      | ^~
ptx_loader.cc: In member function ‘char* ptxinfo_data::gpgpu_ptx_sim_convert_ptx_and_sass_to_ptxplus(std::string, std::string, std::string)’:
ptx_loader.cc:125:43: warning: ‘%s’ directive output may be truncated writing up to 1023 bytes into a region of size 941 [-Wformat-truncation=]
  125 |            "cuobjdump_to_ptxplus %s %s %s %s",
      |                                           ^~
  126 |            ptxfilename.c_str(), sassfilename.c_str(), elffilename.c_str(),
  127 |            fname_ptxplus);
      |            ~~~~~~~~~~~~~                   
In file included from /usr/include/stdio.h:894,
                 from /usr/include/c++/11/cstdio:42,
                 from /usr/include/c++/11/ext/string_conversions.h:43,
                 from /usr/include/c++/11/bits/basic_string.h:6608,
                 from /usr/include/c++/11/string:55,
                 from ptx_loader.h:31,
                 from ptx_loader.cc:29:
/usr/include/x86_64-linux-gnu/bits/stdio2.h:71:35: note: ‘__builtin___snprintf_chk’ output 84 or more bytes (assuming 1107) into a destination of size 1024
   71 |   return __builtin___snprintf_chk (__s, __n, __USE_FORTIFY_LEVEL - 1,
      |          ~~~~~~~~~~~~~~~~~~~~~~~~~^~~~~~~~~~~~~~~~~~~~~~~~~~~~~~~~~~~
   72 |                                    __glibc_objsize (__s), __fmt,
      |                                    ~~~~~~~~~~~~~~~~~~~~~~~~~~~~~
   73 |                                    __va_arg_pack ());
      |                                    ~~~~~~~~~~~~~~~~~
ptx_loader.cc:152:43: warning: ‘%s’ directive output may be truncated writing up to 1023 bytes into a region of size 1018 [-Wformat-truncation=]
  152 |     snprintf(rm_commandline, 1024, "rm -f %s", fname_ptxplus);
      |                                           ^~   ~~~~~~~~~~~~~
In file included from /usr/include/stdio.h:894,
                 from /usr/include/c++/11/cstdio:42,
                 from /usr/include/c++/11/ext/string_conversions.h:43,
                 from /usr/include/c++/11/bits/basic_string.h:6608,
                 from /usr/include/c++/11/string:55,
                 from ptx_loader.h:31,
                 from ptx_loader.cc:29:
/usr/include/x86_64-linux-gnu/bits/stdio2.h:71:35: note: ‘__builtin___snprintf_chk’ output between 7 and 1030 bytes into a destination of size 1024
   71 |   return __builtin___snprintf_chk (__s, __n, __USE_FORTIFY_LEVEL - 1,
      |          ~~~~~~~~~~~~~~~~~~~~~~~~~^~~~~~~~~~~~~~~~~~~~~~~~~~~~~~~~~~~
   72 |                                    __glibc_objsize (__s), __fmt,
      |                                    ~~~~~~~~~~~~~~~~~~~~~~~~~~~~~
   73 |                                    __va_arg_pack ());
      |                                    ~~~~~~~~~~~~~~~~~
make[2]: *** [Makefile:116: /workspace/MLX_dev/third_party/accel-sim-framework/gpu-simulator/gpgpu-sim/build/gcc-11.4.0/cuda-13020/release/cuda-sim/cuda-sim.o] Error 1
In file included from /usr/include/string.h:535,
                 from /workspace/MLX_dev/third_party/accel-sim-framework/gpu-simulator/gpgpu-sim/build/gcc-11.4.0/cuda-13020/release/cuda-sim/lex.ptx_.c:243:
In function ‘char* strncpy(char*, const char*, size_t)’,
    inlined from ‘int ptx_lex(YYSTYPE*, yyscan_t, ptx_recognizer*)’ at ptx.l:442:27:
/usr/include/x86_64-linux-gnu/bits/string_fortified.h:95:34: warning: ‘char* __builtin_strncpy(char*, const char*, long unsigned int)’ specified bound 4096 equals destination size [-Wstringop-truncation]
   95 |   return __builtin___strncpy_chk (__dest, __src, __len,
      |          ~~~~~~~~~~~~~~~~~~~~~~~~^~~~~~~~~~~~~~~~~~~~~~
   96 |                                   __glibc_objsize (__dest));
      |                                   ~~~~~~~~~~~~~~~~~~~~~~~~~
make[2]: Leaving directory '/workspace/MLX_dev/third_party/accel-sim-framework/gpu-simulator/gpgpu-sim/src/cuda-sim'
make[1]: *** [Makefile:210: cuda-sim] Error 2
make[1]: Leaving directory '/workspace/MLX_dev/third_party/accel-sim-framework/gpu-simulator/gpgpu-sim'
make: *** [Makefile:58: gpgpu-sim] Error 2
make: Leaving directory '/workspace/MLX_dev/third_party/accel-sim-framework/gpu-simulator'
