Accel-Sim [build accelsim-commit-c5296df_modified_0.0_26-08-17-12-08-55]

        *** GPGPU-Sim Simulator Version 4.2.0  [build gpgpu-sim_git-commit-68e1cd3_modified_1.0] ***


GPGPU-Sim: Configuration options:

-save_embedded_ptx                      0 # saves ptx files embedded in binary as <n>.ptx
-keep                                   0 # keep intermediate files created by GPGPU-Sim when interfacing with external programs
-gpgpu_ptx_save_converted_ptxplus                    0 # Saved converted ptxplus to a file
-gpgpu_occupancy_sm_number                   70 # The SM number to pass to ptxas when getting register usage for computing GPU occupancy. This parameter is required in the config.
-ptx_opcode_latency_int      4,13,4,5,145,21 # Opcode latencies for integers <ADD,MAX,MUL,MAD,DIV,SHFL>Default 1,1,19,25,145,32
-ptx_opcode_latency_fp          4,13,4,5,39 # Opcode latencies for single precision floating points <ADD,MAX,MUL,MAD,DIV>Default 1,1,1,1,30
-ptx_opcode_latency_dp         8,19,8,8,330 # Opcode latencies for double precision floating points <ADD,MAX,MUL,MAD,DIV>Default 8,8,8,8,335
-ptx_opcode_latency_sfu                  100 # Opcode latencies for SFU instructionsDefault 8
-ptx_opcode_latency_tesnor                   64 # Opcode latencies for Tensor instructionsDefault 64
-ptx_opcode_initiation_int          2,2,2,2,8,4 # Opcode initiation intervals for integers <ADD,MAX,MUL,MAD,DIV,SHFL>Default 1,1,4,4,32,4
-ptx_opcode_initiation_fp            2,2,2,2,4 # Opcode initiation intervals for single precision floating points <ADD,MAX,MUL,MAD,DIV>Default 1,1,1,1,5
-ptx_opcode_initiation_dp          4,4,4,4,130 # Opcode initiation intervals for double precision floating points <ADD,MAX,MUL,MAD,DIV>Default 8,8,8,8,130
-ptx_opcode_initiation_sfu                    8 # Opcode initiation intervals for sfu instructionsDefault 8
-ptx_opcode_initiation_tensor                   64 # Opcode initiation intervals for tensor instructionsDefault 64
-cdp_latency         7200,8000,100,12000,1600 # CDP API latency <cudaStreamCreateWithFlags, cudaGetParameterBufferV2_init_perWarp, cudaGetParameterBufferV2_perKernel, cudaLaunchDeviceV2_init_perWarp, cudaLaunchDevicV2_perKernel>Default 7200,8000,100,12000,1600
-network_mode                           2 # Interconnection network mode
-inter_config_file                   mesh # Interconnection network config file
-icnt_in_buffer_limit                  512 # in_buffer_limit
-icnt_out_buffer_limit                  512 # out_buffer_limit
-icnt_subnets                           2 # subnets
-icnt_arbiter_algo                      1 # arbiter_algo
-icnt_verbose                           0 # inct_verbose
-icnt_grant_cycles                      1 # grant_cycles
-gpgpu_ptx_use_cuobjdump                    1 # Use cuobjdump to extract ptx and sass from binaries
-gpgpu_experimental_lib_support                    0 # Try to extract code from cuda libraries [Broken because of unknown cudaGetExportTable]
-checkpoint_option                      0 #  checkpointing flag (0 = no checkpoint)
-checkpoint_kernel                      1 #  checkpointing during execution of which kernel (1- 1st kernel)
-checkpoint_CTA                         0 #  checkpointing after # of CTA (< less than total CTA)
-resume_option                          0 #  resume flag (0 = no resume)
-resume_kernel                          0 #  Resume from which kernel (1= 1st kernel)
-resume_CTA                             0 #  resume from which CTA 
-checkpoint_CTA_t                       0 #  resume from which CTA 
-checkpoint_insn_Y                      0 #  resume from which CTA 
-gpgpu_ptx_convert_to_ptxplus                    0 # Convert SASS (native ISA) to ptxplus and run ptxplus
-gpgpu_ptx_force_max_capability                   70 # Force maximum compute capability
-gpgpu_ptx_inst_debug_to_file                    0 # Dump executed instructions' debug information to file
-gpgpu_ptx_inst_debug_file       inst_debug.txt # Executed instructions' debug output file
-gpgpu_ptx_inst_debug_thread_uid                    1 # Thread UID for executed instructions' debug output
-gpgpu_simd_model                       1 # 1 = post-dominator
-gpgpu_shader_core_pipeline              2048:32 # shader core pipeline config, i.e., {<nthread>:<warpsize>}
-gpgpu_tex_cache:l1  N:4:128:256,L:R:m:N:L,T:512:8,128:2 # per-shader L1 texture cache  (READ-ONLY) config  {<nsets>:<bsize>:<assoc>,<rep>:<wr>:<alloc>:<wr_alloc>,<mshr>:<N>:<merge>,<mq>:<rf>}
-gpgpu_const_cache:l1 N:128:64:8,L:R:f:N:L,S:2:64,4 # per-shader L1 constant memory cache  (READ-ONLY) config  {<nsets>:<bsize>:<assoc>,<rep>:<wr>:<alloc>:<wr_alloc>,<mshr>:<N>:<merge>,<mq>} 
-gpgpu_cache:il1     N:64:128:16,L:R:f:N:L,S:2:48,4 # shader L1 instruction cache config  {<nsets>:<bsize>:<assoc>,<rep>:<wr>:<alloc>:<wr_alloc>,<mshr>:<N>:<merge>,<mq>} 
-gpgpu_cache:dl1     S:4:128:64,L:T:m:L:L,A:512:8,16:0,32 # per-shader L1 data cache config  {<nsets>:<bsize>:<assoc>,<rep>:<wr>:<alloc>:<wr_alloc>,<mshr>:<N>:<merge>,<mq> | none}
-gpgpu_l1_cache_write_ratio                   25 # L1D write ratio
-gpgpu_l1_banks                         4 # The number of L1 cache banks
-gpgpu_l1_banks_byte_interleaving                   32 # l1 banks byte interleaving granularity
-gpgpu_l1_banks_hashing_function                    0 # l1 banks hashing function
-gpgpu_l1_latency                      20 # L1 Hit Latency
-gpgpu_smem_latency                    20 # smem Latency
-gpgpu_cache:dl1PrefL1                 none # per-shader L1 data cache config  {<nsets>:<bsize>:<assoc>,<rep>:<wr>:<alloc>:<wr_alloc>,<mshr>:<N>:<merge>,<mq> | none}
-gpgpu_cache:dl1PrefShared                 none # per-shader L1 data cache config  {<nsets>:<bsize>:<assoc>,<rep>:<wr>:<alloc>:<wr_alloc>,<mshr>:<N>:<merge>,<mq> | none}
-gpgpu_gmem_skip_L1D                    0 # global memory access skip L1D cache (implements -Xptxas -dlcm=cg, default=no skip)
-gpgpu_perfect_mem                      0 # enable perfect memory mode (no cache miss)
-n_regfile_gating_group                    4 # group of lanes that should be read/written together)
-gpgpu_clock_gated_reg_file                    0 # enable clock gated reg file for power calculations
-gpgpu_clock_gated_lanes                    1 # enable clock gated lanes for power calculations
-gpgpu_shader_registers                65536 # Number of registers per shader core. Limits number of concurrent CTAs. (default 8192)
-gpgpu_registers_per_block                65536 # Maximum number of registers per CTA. (default 8192)
-gpgpu_ignore_resources_limitation                    0 # gpgpu_ignore_resources_limitation (default 0)
-gpgpu_shader_cta                      32 # Maximum number of concurrent CTAs in shader (default 32)
-gpgpu_num_cta_barriers                   16 # Maximum number of named barriers per CTA (default 16)
-gpgpu_n_clusters                      80 # number of processing clusters
-gpgpu_n_cores_per_cluster                    1 # number of simd cores per cluster
-gpgpu_n_cluster_ejection_buffer_size                   32 # number of packets in ejection buffer
-gpgpu_n_ldst_response_buffer_size                    2 # number of response packets in ld/st unit ejection buffer
-gpgpu_shmem_per_block                65536 # Size of shared memory per thread block or CTA (default 48kB)
-gpgpu_shmem_size                   98304 # Size of shared memory per shader core (default 16kB)
-gpgpu_shmem_option       0,8,16,32,64,96 # Option list of shared memory sizes
-gpgpu_unified_l1d_size                  128 # Size of unified data cache(L1D + shared memory) in KB
-gpgpu_adaptive_cache_config                    1 # adaptive_cache_config
-gpgpu_shmem_sizeDefault                98304 # Size of shared memory per shader core (default 16kB)
-gpgpu_shmem_size_PrefL1                16384 # Size of shared memory per shader core (default 16kB)
-gpgpu_shmem_size_PrefShared                16384 # Size of shared memory per shader core (default 16kB)
-gpgpu_shmem_num_banks                   32 # Number of banks in the shared memory in each shader core (default 16)
-gpgpu_shmem_limited_broadcast                    0 # Limit shared memory to do one broadcast per cycle (default on)
-gpgpu_shmem_warp_parts                    1 # Number of portions a warp is divided into for shared memory bank conflict check 
-gpgpu_mem_unit_ports                    1 # The number of memory transactions allowed per core cycle
-gpgpu_shmem_warp_parts                    1 # Number of portions a warp is divided into for shared memory bank conflict check 
-gpgpu_warpdistro_shader                   -1 # Specify which shader core to collect the warp size distribution from
-gpgpu_warp_issue_shader                    0 # Specify which shader core to collect the warp issue distribution from
-gpgpu_local_mem_map                    1 # Mapping from local memory space address to simulated GPU physical address space (default = enabled)
-gpgpu_num_reg_banks                   16 # Number of register banks (default = 8)
-gpgpu_reg_bank_use_warp_id                    0 # Use warp ID in mapping registers to banks (default = off)
-gpgpu_sub_core_model                    1 # Sub Core Volta/Pascal model (default = off)
-gpgpu_enable_specialized_operand_collector                    0 # enable_specialized_operand_collector
-gpgpu_operand_collector_num_units_sp                    4 # number of collector units (default = 4)
-gpgpu_operand_collector_num_units_dp                    0 # number of collector units (default = 0)
-gpgpu_operand_collector_num_units_sfu                    4 # number of collector units (default = 4)
-gpgpu_operand_collector_num_units_int                    0 # number of collector units (default = 0)
-gpgpu_operand_collector_num_units_tensor_core                    4 # number of collector units (default = 4)
-gpgpu_operand_collector_num_units_mem                    2 # number of collector units (default = 2)
-gpgpu_operand_collector_num_units_gen                    8 # number of collector units (default = 0)
-gpgpu_operand_collector_num_in_ports_sp                    1 # number of collector unit in ports (default = 1)
-gpgpu_operand_collector_num_in_ports_dp                    0 # number of collector unit in ports (default = 0)
-gpgpu_operand_collector_num_in_ports_sfu                    1 # number of collector unit in ports (default = 1)
-gpgpu_operand_collector_num_in_ports_int                    0 # number of collector unit in ports (default = 0)
-gpgpu_operand_collector_num_in_ports_tensor_core                    1 # number of collector unit in ports (default = 1)
-gpgpu_operand_collector_num_in_ports_mem                    1 # number of collector unit in ports (default = 1)
-gpgpu_operand_collector_num_in_ports_gen                    8 # number of collector unit in ports (default = 0)
-gpgpu_operand_collector_num_out_ports_sp                    1 # number of collector unit in ports (default = 1)
-gpgpu_operand_collector_num_out_ports_dp                    0 # number of collector unit in ports (default = 0)
-gpgpu_operand_collector_num_out_ports_sfu                    1 # number of collector unit in ports (default = 1)
-gpgpu_operand_collector_num_out_ports_int                    0 # number of collector unit in ports (default = 0)
-gpgpu_operand_collector_num_out_ports_tensor_core                    1 # number of collector unit in ports (default = 1)
-gpgpu_operand_collector_num_out_ports_mem                    1 # number of collector unit in ports (default = 1)
-gpgpu_operand_collector_num_out_ports_gen                    8 # number of collector unit in ports (default = 0)
-gpgpu_coalesce_arch                   70 # Coalescing arch (GT200 = 13, Fermi = 20)
-gpgpu_num_sched_per_core                    4 # Number of warp schedulers per core
-gpgpu_max_insn_issue_per_warp                    1 # Max number of instructions that can be issued per warp in one cycle by scheduler (either 1 or 2)
-gpgpu_dual_issue_diff_exec_units                    1 # should dual issue use two different execution unit resources (Default = 1)
-gpgpu_simt_core_sim_order                    1 # Select the simulation order of cores in a cluster (0=Fix, 1=Round-Robin)
-gpgpu_pipeline_widths 4,4,4,4,4,4,4,4,4,4,8,4,4 # Pipeline widths ID_OC_SP,ID_OC_DP,ID_OC_INT,ID_OC_SFU,ID_OC_MEM,OC_EX_SP,OC_EX_DP,OC_EX_INT,OC_EX_SFU,OC_EX_MEM,EX_WB,ID_OC_TENSOR_CORE,OC_EX_TENSOR_CORE
-gpgpu_tensor_core_avail                    1 # Tensor Core Available (default=0)
-gpgpu_num_sp_units                     4 # Number of SP units (default=1)
-gpgpu_num_dp_units                     4 # Number of DP units (default=0)
-gpgpu_num_int_units                    4 # Number of INT units (default=0)
-gpgpu_num_sfu_units                    4 # Number of SF units (default=1)
-gpgpu_num_tensor_core_units                    4 # Number of tensor_core units (default=1)
-gpgpu_num_mem_units                    1 # Number if ldst units (default=1) WARNING: not hooked up to anything
-gpgpu_scheduler                      lrr # Scheduler configuration: < lrr | gto | two_level_active > If two_level_active:<num_active_warps>:<inner_prioritization>:<outer_prioritization>For complete list of prioritization values see shader.h enum scheduler_prioritization_typeDefault: gto
-gpgpu_concurrent_kernel_sm                    0 # Support concurrent kernels on a SM (default = disabled)
-gpgpu_perfect_inst_const_cache                    1 # perfect inst and const cache mode, so all inst and const hits in the cache(default = disabled)
-gpgpu_inst_fetch_throughput                    4 # the number of fetched intruction per warp each cycle
-gpgpu_reg_file_port_throughput                    2 # the number ports of the register file
-specialized_unit_1         1,4,4,4,4,BRA # specialized unit config {<enabled>,<num_units>:<latency>:<initiation>,<ID_OC_SPEC>:<OC_EX_SPEC>,<NAME>}
-specialized_unit_2       1,4,200,4,4,TEX # specialized unit config {<enabled>,<num_units>:<latency>:<initiation>,<ID_OC_SPEC>:<OC_EX_SPEC>,<NAME>}
-specialized_unit_3      1,4,8,4,4,TENSOR # specialized unit config {<enabled>,<num_units>:<latency>:<initiation>,<ID_OC_SPEC>:<OC_EX_SPEC>,<NAME>}
-specialized_unit_4         0,4,4,4,4,BRA # specialized unit config {<enabled>,<num_units>:<latency>:<initiation>,<ID_OC_SPEC>:<OC_EX_SPEC>,<NAME>}
-specialized_unit_5         0,4,4,4,4,BRA # specialized unit config {<enabled>,<num_units>:<latency>:<initiation>,<ID_OC_SPEC>:<OC_EX_SPEC>,<NAME>}
-specialized_unit_6         0,4,4,4,4,BRA # specialized unit config {<enabled>,<num_units>:<latency>:<initiation>,<ID_OC_SPEC>:<OC_EX_SPEC>,<NAME>}
-specialized_unit_7         0,4,4,4,4,BRA # specialized unit config {<enabled>,<num_units>:<latency>:<initiation>,<ID_OC_SPEC>:<OC_EX_SPEC>,<NAME>}
-specialized_unit_8         0,4,4,4,4,BRA # specialized unit config {<enabled>,<num_units>:<latency>:<initiation>,<ID_OC_SPEC>:<OC_EX_SPEC>,<NAME>}
-gpgpu_perf_sim_memcpy                    1 # Fill the L2 cache on memcpy
-gpgpu_simple_dram_model                    0 # simple_dram_model with fixed latency and BW
-gpgpu_dram_scheduler                    1 # 0 = fifo, 1 = FR-FCFS (defaul)
-gpgpu_dram_partition_queues          64:64:64:64 # i2$:$2d:d2$:$2i
-l2_ideal                               0 # Use a ideal L2 cache that always hit
-gpgpu_cache:dl2     S:32:128:24,L:B:m:L:P,A:192:4,32:0,32 # unified banked L2 data cache config  {<nsets>:<bsize>:<assoc>,<rep>:<wr>:<alloc>:<wr_alloc>,<mshr>:<N>:<merge>,<mq>}
-gpgpu_cache:dl2_texture_only                    0 # L2 cache used for texture only
-gpgpu_n_mem                           32 # number of memory modules (e.g. memory controllers) in gpu
-gpgpu_n_sub_partition_per_mchannel                    2 # number of memory subpartition in each memory module
-gpgpu_n_mem_per_ctrlr                    1 # number of memory chips per memory controller
-gpgpu_memlatency_stat                   14 # track and display latency statistics 0x2 enables MC, 0x4 enables queue logs
-gpgpu_frfcfs_dram_sched_queue_size                   64 # 0 = unlimited (default); # entries per chip
-gpgpu_dram_return_queue_size                  192 # 0 = unlimited (default); # entries per chip
-gpgpu_dram_buswidth                   16 # default = 4 bytes (8 bytes per cycle at DDR)
-gpgpu_dram_burst_length                    2 # Burst length of each DRAM request (default = 4 data bus cycle)
-dram_data_command_freq_ratio                    2 # Frequency ratio between DRAM data bus and command bus (default = 2 times, i.e. DDR)
-gpgpu_dram_timing_opt nbk=16:CCD=1:RRD=3:RCD=12:RAS=28:RP=12:RC=40: CL=12:WL=2:CDLR=3:WR=10:nbkgrp=4:CCDL=2:RTPL=3 # DRAM timing parameters = {nbk:tCCD:tRRD:tRCD:tRAS:tRP:tRC:CL:WL:tCDLR:tWR:nbkgrp:tCCDL:tRTPL}
-gpgpu_l2_rop_latency                  160 # ROP queue latency (default 85)
-dram_latency                         100 # DRAM latency (default 30)
-dram_dual_bus_interface                    1 # dual_bus_interface (default = 0) 
-dram_bnk_indexing_policy                    0 # dram_bnk_indexing_policy (0 = normal indexing, 1 = Xoring with the higher bits) (Default = 0)
-dram_bnkgrp_indexing_policy                    1 # dram_bnkgrp_indexing_policy (0 = take higher bits, 1 = take lower bits) (Default = 0)
-dram_seperate_write_queue_enable                    0 # Seperate_Write_Queue_Enable
-dram_write_queue_size             32:28:16 # Write_Queue_Size
-dram_elimnate_rw_turnaround                    0 # elimnate_rw_turnaround i.e set tWTR and tRTW = 0
-icnt_flit_size                        40 # icnt_flit_size
-SST_mode                               0 # SST mode
-gpgpu_mem_addr_mapping dramid@8;00000000.00000000.00000000.00000000.0000RRRR.RRRRRRRR.RBBBCCCB.CCCSSSSS # mapping memory address to dram model {dramid@<start bit>;<memory address map>}
-gpgpu_mem_addr_test                    0 # run sweep test to check address mapping for aliased address
-gpgpu_mem_address_mask                    1 # 0 = old addressing mask, 1 = new addressing mask, 2 = new add. mask + flipped bank sel and chip sel bits
-gpgpu_memory_partition_indexing                    2 # 0 = no indexing, 1 = bitwise xoring, 2 = IPoly, 3 = custom indexing
-accelwattch_xml_file accelwattch_sass_sim.xml # AccelWattch XML file
-power_simulation_enabled                    0 # Turn on power simulator (1=On, 0=Off)
-power_per_cycle_dump                    0 # Dump detailed power output each cycle
-hw_perf_file_name            hw_perf.csv # Hardware Performance Statistics file
-hw_perf_bench_name                       # Kernel Name in Hardware Performance Statistics file
-power_simulation_mode                    0 # Switch performance counter input for power simulation (0=Sim, 1=HW, 2=HW-Sim Hybrid)
-dvfs_enabled                           0 # Turn on DVFS for power model
-aggregate_power_stats                    0 # Accumulate power across all kernels
-accelwattch_hybrid_perfsim_L1_RH                    0 # Get L1 Read Hits for Accelwattch-Hybrid from Accel-Sim
-accelwattch_hybrid_perfsim_L1_RM                    0 # Get L1 Read Misses for Accelwattch-Hybrid from Accel-Sim
-accelwattch_hybrid_perfsim_L1_WH                    0 # Get L1 Write Hits for Accelwattch-Hybrid from Accel-Sim
-accelwattch_hybrid_perfsim_L1_WM                    0 # Get L1 Write Misses for Accelwattch-Hybrid from Accel-Sim
-accelwattch_hybrid_perfsim_L2_RH                    0 # Get L2 Read Hits for Accelwattch-Hybrid from Accel-Sim
-accelwattch_hybrid_perfsim_L2_RM                    0 # Get L2 Read Misses for Accelwattch-Hybrid from Accel-Sim
-accelwattch_hybrid_perfsim_L2_WH                    0 # Get L2 Write Hits for Accelwattch-Hybrid from Accel-Sim
-accelwattch_hybrid_perfsim_L2_WM                    0 # Get L2 Write Misses for Accelwattch-Hybrid from Accel-Sim
-accelwattch_hybrid_perfsim_CC_ACC                    0 # Get Constant Cache Acesses for Accelwattch-Hybrid from Accel-Sim
-accelwattch_hybrid_perfsim_SHARED_ACC                    0 # Get Shared Memory Acesses for Accelwattch-Hybrid from Accel-Sim
-accelwattch_hybrid_perfsim_DRAM_RD                    0 # Get DRAM Reads for Accelwattch-Hybrid from Accel-Sim
-accelwattch_hybrid_perfsim_DRAM_WR                    0 # Get DRAM Writes for Accelwattch-Hybrid from Accel-Sim
-accelwattch_hybrid_perfsim_NOC                    0 # Get Interconnect Acesses for Accelwattch-Hybrid from Accel-Sim
-accelwattch_hybrid_perfsim_PIPE_DUTY                    0 # Get Pipeline Duty Cycle Acesses for Accelwattch-Hybrid from Accel-Sim
-accelwattch_hybrid_perfsim_NUM_SM_IDLE                    0 # Get Number of Idle SMs for Accelwattch-Hybrid from Accel-Sim
-accelwattch_hybrid_perfsim_CYCLES                    0 # Get Executed Cycles for Accelwattch-Hybrid from Accel-Sim
-accelwattch_hybrid_perfsim_VOLTAGE                    0 # Get Chip Voltage for Accelwattch-Hybrid from Accel-Sim
-power_trace_enabled                    0 # produce a file for the power trace (1=On, 0=Off)
-power_trace_zlevel                     6 # Compression level of the power trace output log (0=no comp, 9=highest)
-steady_power_levels_enabled                    0 # produce a file for the steady power levels (1=On, 0=Off)
-steady_state_definition                  8:4 # allowed deviation:number of samples
-gpgpu_max_cycle                        0 # terminates gpu simulation early (0 = no limit)
-gpgpu_max_insn                         0 # terminates gpu simulation early (0 = no limit)
-gpgpu_max_cta                          0 # terminates gpu simulation early (0 = no limit)
-gpgpu_max_completed_cta                    0 # terminates gpu simulation early (0 = no limit)
-gpgpu_runtime_stat                   500 # display runtime statistics such as dram utilization {<freq>:<flag>}
-liveness_message_freq                    1 # Minimum number of seconds between simulation liveness messages (0 = always print)
-gpgpu_compute_capability_major                    7 # Major compute capability version number
-gpgpu_compute_capability_minor                    0 # Minor compute capability version number
-gpgpu_flush_l1_cache                    1 # Flush L1 cache at the end of each kernel call
-gpgpu_flush_l2_cache                    0 # Flush L2 cache at the end of each kernel call
-gpgpu_deadlock_detect                    1 # Stop the simulation at deadlock (1=on (default), 0=off)
-gpgpu_ptx_instruction_classification                    0 # if enabled will classify ptx instruction types per kernel (Max 255 kernels now)
-gpgpu_ptx_sim_mode                     0 # Select between Performance (default) or Functional simulation (1)
-gpgpu_clock_domains 1132.0:1132.0:1132.0:850.0 # Clock Domain Frequencies in MhZ {<Core Clock>:<ICNT Clock>:<L2 Clock>:<DRAM Clock>}
-gpgpu_max_concurrent_kernel                  128 # maximum kernels that can run concurrently on GPU, set this value according to max resident grids for your compute capability
-gpgpu_cflog_interval                    0 # Interval between each snapshot in control flow logger
-visualizer_enabled                     0 # Turn on visualizer output (1=On, 0=Off)
-visualizer_outputfile                 NULL # Specifies the output log file for visualizer
-visualizer_zlevel                      6 # Compression level of the visualizer output log (0=no comp, 9=highest)
-gpgpu_stack_size_limit                 1024 # GPU thread stack size
-gpgpu_heap_size_limit              8388608 # GPU malloc heap size 
-gpgpu_runtime_sync_depth_limit                    2 # GPU device runtime synchronize depth
-gpgpu_runtime_pending_launch_count_limit                 2048 # GPU device runtime pending launch count
-trace_enabled                          0 # Turn on traces
-trace_components                    none # comma seperated list of traces to enable. Complete list found in trace_streams.tup. Default none
-trace_sampling_core                    0 # The core which is printed using CORE_DPRINTF. Default 0
-trace_sampling_memory_partition                   -1 # The memory partition which is printed using MEMPART_DPRINTF. Default -1 (i.e. all)
-enable_ptx_file_line_stats                    1 # Turn on PTX source line statistic profiling. (1 = On)
-ptx_line_stats_filename gpgpu_inst_stats.txt # Output file for PTX source line statistics.
-gpgpu_kernel_launch_latency                 5000 # Kernel launch latency in cycles. Default: 0
-gpgpu_cdp_enabled                      0 # Turn on CDP
-gpgpu_TB_launch_latency                    0 # thread block launch latency in cycles. Default: 0
-trace               /workspace/MLX_dev/third_party/accel-sim-framework/hw_run/rodinia_2.0-ft/11.0/backprop-rodinia-2.0-ft/4096___data_result_4096_txt/traces/kernelslist.g # traces kernel filetraces kernel file directory
-trace_opcode_latency_initiation_int                  2,2 # Opcode latencies and initiation for integers in trace driven mode <latency,initiation>
-trace_opcode_latency_initiation_sp                  2,2 # Opcode latencies and initiation for sp in trace driven mode <latency,initiation>
-trace_opcode_latency_initiation_dp                  8,4 # Opcode latencies and initiation for dp in trace driven mode <latency,initiation>
-trace_opcode_latency_initiation_sfu                 20,8 # Opcode latencies and initiation for sfu in trace driven mode <latency,initiation>
-trace_opcode_latency_initiation_tensor                  2,2 # Opcode latencies and initiation for tensor in trace driven mode <latency,initiation>
-trace_opcode_latency_initiation_spec_op_1                  4,4 # specialized unit config <latency,initiation>
-trace_opcode_latency_initiation_spec_op_2                200,4 # specialized unit config <latency,initiation>
-trace_opcode_latency_initiation_spec_op_3                  2,2 # specialized unit config <latency,initiation>
-trace_opcode_latency_initiation_spec_op_4                  4,4 # specialized unit config <latency,initiation>
-trace_opcode_latency_initiation_spec_op_5                  4,4 # specialized unit config <latency,initiation>
-trace_opcode_latency_initiation_spec_op_6                  4,4 # specialized unit config <latency,initiation>
-trace_opcode_latency_initiation_spec_op_7                  4,4 # specialized unit config <latency,initiation>
-trace_opcode_latency_initiation_spec_op_8                  4,4 # specialized unit config <latency,initiation>
DRAM Timing Options:
nbk                                    16 # number of banks
CCD                                     1 # column to column delay
RRD                                     3 # minimal delay between activation of rows in different banks
RCD                                    12 # row to column delay
RAS                                    28 # time needed to activate row
RP                                     12 # time needed to precharge (deactivate) row
RC                                     40 # row cycle time
CDLR                                    3 # switching from write to read (changes tWTR)
WR                                     10 # last data-in to row precharge
CL                                     12 # CAS latency
WL                                      2 # Write latency
nbkgrp                                  4 # number of bank groups
CCDL                                    2 # column to column delay between accesses to different bank groups
RTPL                                    3 # read to precharge delay between accesses to different bank groups
Total number of memory sub partition = 64
addr_dec_mask[CHIP]  = 0000000000001f00 	high:13 low:8
addr_dec_mask[BK]    = 00000000000e2000 	high:20 low:13
addr_dec_mask[ROW]   = 00000001fff00000 	high:33 low:20
addr_dec_mask[COL]   = 000000000001c0ff 	high:17 low:0
addr_dec_mask[BURST] = 000000000000001f 	high:5 low:0
sub_partition_id_mask = 0000000000002000
GPGPU-Sim uArch: clock freqs: 1132000000.000000:1132000000.000000:1132000000.000000:850000000.000000
GPGPU-Sim uArch: clock periods: 0.00000000088339222615:0.00000000088339222615:0.00000000088339222615:0.00000000117647058824
*** Initializing Memory Statistics ***
GPGPU-Sim uArch: performance model initialization complete.
launching memcpy command : MemcpyHtoD,0x00007f7091700000,16388
launching memcpy command : MemcpyHtoD,0x00007f7091704400,278596
Processing kernel /workspace/MLX_dev/third_party/accel-sim-framework/hw_run/rodinia_2.0-ft/11.0/backprop-rodinia-2.0-ft/4096___data_result_4096_txt/traces/kernel-1.traceg
-kernel name = _Z22bpnn_layerforward_CUDAPfS_S_S_ii
-kernel id = 1
-grid dim = (1,256,1)
-block dim = (16,16,1)
-shmem = 1088
-nregs = 22
-binary version = 70
-cuda stream id = 0
-shmem base_addr = 0x00007f70c3000000
-local mem base_addr = 0x00007f70c5000000
-nvbit version = 1.4
-accelsim tracer version = 3
Header info loaded for kernel command : /workspace/MLX_dev/third_party/accel-sim-framework/hw_run/rodinia_2.0-ft/11.0/backprop-rodinia-2.0-ft/4096___data_result_4096_txt/traces/kernel-1.traceg
launching kernel name: _Z22bpnn_layerforward_CUDAPfS_S_S_ii uid: 1 cuda_stream_id: 0
GPGPU-Sim uArch: Shader 0 bind to kernel 1 '_Z22bpnn_layerforward_CUDAPfS_S_S_ii'
GPGPU-Sim uArch: CTA/core = 8, limited by: threads
GPGPU-Sim: Reconfigure L1 cache to 120KB
thread block = 0,0,0
GPGPU-Sim uArch: Shader 1 bind to kernel 1 '_Z22bpnn_layerforward_CUDAPfS_S_S_ii'
thread block = 0,1,0
GPGPU-Sim uArch: Shader 2 bind to kernel 1 '_Z22bpnn_layerforward_CUDAPfS_S_S_ii'
thread block = 0,2,0
GPGPU-Sim uArch: Shader 3 bind to kernel 1 '_Z22bpnn_layerforward_CUDAPfS_S_S_ii'
thread block = 0,3,0
GPGPU-Sim uArch: Shader 4 bind to kernel 1 '_Z22bpnn_layerforward_CUDAPfS_S_S_ii'
thread block = 0,4,0
GPGPU-Sim uArch: Shader 5 bind to kernel 1 '_Z22bpnn_layerforward_CUDAPfS_S_S_ii'
thread block = 0,5,0
GPGPU-Sim uArch: Shader 6 bind to kernel 1 '_Z22bpnn_layerforward_CUDAPfS_S_S_ii'
thread block = 0,6,0
GPGPU-Sim uArch: Shader 7 bind to kernel 1 '_Z22bpnn_layerforward_CUDAPfS_S_S_ii'
thread block = 0,7,0
GPGPU-Sim uArch: Shader 8 bind to kernel 1 '_Z22bpnn_layerforward_CUDAPfS_S_S_ii'
thread block = 0,8,0
GPGPU-Sim uArch: Shader 9 bind to kernel 1 '_Z22bpnn_layerforward_CUDAPfS_S_S_ii'
thread block = 0,9,0
GPGPU-Sim uArch: Shader 10 bind to kernel 1 '_Z22bpnn_layerforward_CUDAPfS_S_S_ii'
thread block = 0,10,0
GPGPU-Sim uArch: Shader 11 bind to kernel 1 '_Z22bpnn_layerforward_CUDAPfS_S_S_ii'
thread block = 0,11,0
GPGPU-Sim uArch: Shader 12 bind to kernel 1 '_Z22bpnn_layerforward_CUDAPfS_S_S_ii'
thread block = 0,12,0
GPGPU-Sim uArch: Shader 13 bind to kernel 1 '_Z22bpnn_layerforward_CUDAPfS_S_S_ii'
thread block = 0,13,0
GPGPU-Sim uArch: Shader 14 bind to kernel 1 '_Z22bpnn_layerforward_CUDAPfS_S_S_ii'
thread block = 0,14,0
GPGPU-Sim uArch: Shader 15 bind to kernel 1 '_Z22bpnn_layerforward_CUDAPfS_S_S_ii'
thread block = 0,15,0
GPGPU-Sim uArch: Shader 16 bind to kernel 1 '_Z22bpnn_layerforward_CUDAPfS_S_S_ii'
thread block = 0,16,0
GPGPU-Sim uArch: Shader 17 bind to kernel 1 '_Z22bpnn_layerforward_CUDAPfS_S_S_ii'
thread block = 0,17,0
GPGPU-Sim uArch: Shader 18 bind to kernel 1 '_Z22bpnn_layerforward_CUDAPfS_S_S_ii'
thread block = 0,18,0
GPGPU-Sim uArch: Shader 19 bind to kernel 1 '_Z22bpnn_layerforward_CUDAPfS_S_S_ii'
thread block = 0,19,0
GPGPU-Sim uArch: Shader 20 bind to kernel 1 '_Z22bpnn_layerforward_CUDAPfS_S_S_ii'
thread block = 0,20,0
GPGPU-Sim uArch: Shader 21 bind to kernel 1 '_Z22bpnn_layerforward_CUDAPfS_S_S_ii'
thread block = 0,21,0
GPGPU-Sim uArch: Shader 22 bind to kernel 1 '_Z22bpnn_layerforward_CUDAPfS_S_S_ii'
thread block = 0,22,0
GPGPU-Sim uArch: Shader 23 bind to kernel 1 '_Z22bpnn_layerforward_CUDAPfS_S_S_ii'
thread block = 0,23,0
GPGPU-Sim uArch: Shader 24 bind to kernel 1 '_Z22bpnn_layerforward_CUDAPfS_S_S_ii'
thread block = 0,24,0
GPGPU-Sim uArch: Shader 25 bind to kernel 1 '_Z22bpnn_layerforward_CUDAPfS_S_S_ii'
thread block = 0,25,0
GPGPU-Sim uArch: Shader 26 bind to kernel 1 '_Z22bpnn_layerforward_CUDAPfS_S_S_ii'
thread block = 0,26,0
GPGPU-Sim uArch: Shader 27 bind to kernel 1 '_Z22bpnn_layerforward_CUDAPfS_S_S_ii'
thread block = 0,27,0
GPGPU-Sim uArch: Shader 28 bind to kernel 1 '_Z22bpnn_layerforward_CUDAPfS_S_S_ii'
thread block = 0,28,0
GPGPU-Sim uArch: Shader 29 bind to kernel 1 '_Z22bpnn_layerforward_CUDAPfS_S_S_ii'
thread block = 0,29,0
GPGPU-Sim uArch: Shader 30 bind to kernel 1 '_Z22bpnn_layerforward_CUDAPfS_S_S_ii'
thread block = 0,30,0
GPGPU-Sim uArch: Shader 31 bind to kernel 1 '_Z22bpnn_layerforward_CUDAPfS_S_S_ii'
thread block = 0,31,0
GPGPU-Sim uArch: Shader 32 bind to kernel 1 '_Z22bpnn_layerforward_CUDAPfS_S_S_ii'
thread block = 0,32,0
GPGPU-Sim uArch: Shader 33 bind to kernel 1 '_Z22bpnn_layerforward_CUDAPfS_S_S_ii'
thread block = 0,33,0
GPGPU-Sim uArch: Shader 34 bind to kernel 1 '_Z22bpnn_layerforward_CUDAPfS_S_S_ii'
thread block = 0,34,0
GPGPU-Sim uArch: Shader 35 bind to kernel 1 '_Z22bpnn_layerforward_CUDAPfS_S_S_ii'
thread block = 0,35,0
GPGPU-Sim uArch: Shader 36 bind to kernel 1 '_Z22bpnn_layerforward_CUDAPfS_S_S_ii'
thread block = 0,36,0
GPGPU-Sim uArch: Shader 37 bind to kernel 1 '_Z22bpnn_layerforward_CUDAPfS_S_S_ii'
thread block = 0,37,0
GPGPU-Sim uArch: Shader 38 bind to kernel 1 '_Z22bpnn_layerforward_CUDAPfS_S_S_ii'
thread block = 0,38,0
GPGPU-Sim uArch: Shader 39 bind to kernel 1 '_Z22bpnn_layerforward_CUDAPfS_S_S_ii'
thread block = 0,39,0
GPGPU-Sim uArch: Shader 40 bind to kernel 1 '_Z22bpnn_layerforward_CUDAPfS_S_S_ii'
thread block = 0,40,0
GPGPU-Sim uArch: Shader 41 bind to kernel 1 '_Z22bpnn_layerforward_CUDAPfS_S_S_ii'
thread block = 0,41,0
GPGPU-Sim uArch: Shader 42 bind to kernel 1 '_Z22bpnn_layerforward_CUDAPfS_S_S_ii'
thread block = 0,42,0
GPGPU-Sim uArch: Shader 43 bind to kernel 1 '_Z22bpnn_layerforward_CUDAPfS_S_S_ii'
thread block = 0,43,0
GPGPU-Sim uArch: Shader 44 bind to kernel 1 '_Z22bpnn_layerforward_CUDAPfS_S_S_ii'
thread block = 0,44,0
GPGPU-Sim uArch: Shader 45 bind to kernel 1 '_Z22bpnn_layerforward_CUDAPfS_S_S_ii'
thread block = 0,45,0
GPGPU-Sim uArch: Shader 46 bind to kernel 1 '_Z22bpnn_layerforward_CUDAPfS_S_S_ii'
thread block = 0,46,0
GPGPU-Sim uArch: Shader 47 bind to kernel 1 '_Z22bpnn_layerforward_CUDAPfS_S_S_ii'
thread block = 0,47,0
GPGPU-Sim uArch: Shader 48 bind to kernel 1 '_Z22bpnn_layerforward_CUDAPfS_S_S_ii'
thread block = 0,48,0
GPGPU-Sim uArch: Shader 49 bind to kernel 1 '_Z22bpnn_layerforward_CUDAPfS_S_S_ii'
thread block = 0,49,0
GPGPU-Sim uArch: Shader 50 bind to kernel 1 '_Z22bpnn_layerforward_CUDAPfS_S_S_ii'
thread block = 0,50,0
GPGPU-Sim uArch: Shader 51 bind to kernel 1 '_Z22bpnn_layerforward_CUDAPfS_S_S_ii'
thread block = 0,51,0
GPGPU-Sim uArch: Shader 52 bind to kernel 1 '_Z22bpnn_layerforward_CUDAPfS_S_S_ii'
thread block = 0,52,0
GPGPU-Sim uArch: Shader 53 bind to kernel 1 '_Z22bpnn_layerforward_CUDAPfS_S_S_ii'
thread block = 0,53,0
GPGPU-Sim uArch: Shader 54 bind to kernel 1 '_Z22bpnn_layerforward_CUDAPfS_S_S_ii'
thread block = 0,54,0
GPGPU-Sim uArch: Shader 55 bind to kernel 1 '_Z22bpnn_layerforward_CUDAPfS_S_S_ii'
thread block = 0,55,0
GPGPU-Sim uArch: Shader 56 bind to kernel 1 '_Z22bpnn_layerforward_CUDAPfS_S_S_ii'
thread block = 0,56,0
GPGPU-Sim uArch: Shader 57 bind to kernel 1 '_Z22bpnn_layerforward_CUDAPfS_S_S_ii'
thread block = 0,57,0
GPGPU-Sim uArch: Shader 58 bind to kernel 1 '_Z22bpnn_layerforward_CUDAPfS_S_S_ii'
thread block = 0,58,0
GPGPU-Sim uArch: Shader 59 bind to kernel 1 '_Z22bpnn_layerforward_CUDAPfS_S_S_ii'
thread block = 0,59,0
GPGPU-Sim uArch: Shader 60 bind to kernel 1 '_Z22bpnn_layerforward_CUDAPfS_S_S_ii'
thread block = 0,60,0
GPGPU-Sim uArch: Shader 61 bind to kernel 1 '_Z22bpnn_layerforward_CUDAPfS_S_S_ii'
thread block = 0,61,0
GPGPU-Sim uArch: Shader 62 bind to kernel 1 '_Z22bpnn_layerforward_CUDAPfS_S_S_ii'
thread block = 0,62,0
GPGPU-Sim uArch: Shader 63 bind to kernel 1 '_Z22bpnn_layerforward_CUDAPfS_S_S_ii'
thread block = 0,63,0
GPGPU-Sim uArch: Shader 64 bind to kernel 1 '_Z22bpnn_layerforward_CUDAPfS_S_S_ii'
thread block = 0,64,0
GPGPU-Sim uArch: Shader 65 bind to kernel 1 '_Z22bpnn_layerforward_CUDAPfS_S_S_ii'
thread block = 0,65,0
GPGPU-Sim uArch: Shader 66 bind to kernel 1 '_Z22bpnn_layerforward_CUDAPfS_S_S_ii'
thread block = 0,66,0
GPGPU-Sim uArch: Shader 67 bind to kernel 1 '_Z22bpnn_layerforward_CUDAPfS_S_S_ii'
thread block = 0,67,0
GPGPU-Sim uArch: Shader 68 bind to kernel 1 '_Z22bpnn_layerforward_CUDAPfS_S_S_ii'
thread block = 0,68,0
GPGPU-Sim uArch: Shader 69 bind to kernel 1 '_Z22bpnn_layerforward_CUDAPfS_S_S_ii'
thread block = 0,69,0
GPGPU-Sim uArch: Shader 70 bind to kernel 1 '_Z22bpnn_layerforward_CUDAPfS_S_S_ii'
thread block = 0,70,0
GPGPU-Sim uArch: Shader 71 bind to kernel 1 '_Z22bpnn_layerforward_CUDAPfS_S_S_ii'
thread block = 0,71,0
GPGPU-Sim uArch: Shader 72 bind to kernel 1 '_Z22bpnn_layerforward_CUDAPfS_S_S_ii'
thread block = 0,72,0
GPGPU-Sim uArch: Shader 73 bind to kernel 1 '_Z22bpnn_layerforward_CUDAPfS_S_S_ii'
thread block = 0,73,0
GPGPU-Sim uArch: Shader 74 bind to kernel 1 '_Z22bpnn_layerforward_CUDAPfS_S_S_ii'
thread block = 0,74,0
GPGPU-Sim uArch: Shader 75 bind to kernel 1 '_Z22bpnn_layerforward_CUDAPfS_S_S_ii'
thread block = 0,75,0
GPGPU-Sim uArch: Shader 76 bind to kernel 1 '_Z22bpnn_layerforward_CUDAPfS_S_S_ii'
thread block = 0,76,0
GPGPU-Sim uArch: Shader 77 bind to kernel 1 '_Z22bpnn_layerforward_CUDAPfS_S_S_ii'
thread block = 0,77,0
GPGPU-Sim uArch: Shader 78 bind to kernel 1 '_Z22bpnn_layerforward_CUDAPfS_S_S_ii'
thread block = 0,78,0
GPGPU-Sim uArch: Shader 79 bind to kernel 1 '_Z22bpnn_layerforward_CUDAPfS_S_S_ii'
thread block = 0,79,0
thread block = 0,80,0
thread block = 0,81,0
thread block = 0,82,0
thread block = 0,83,0
thread block = 0,84,0
thread block = 0,85,0
thread block = 0,86,0
thread block = 0,87,0
thread block = 0,88,0
thread block = 0,89,0
thread block = 0,90,0
thread block = 0,91,0
thread block = 0,92,0
thread block = 0,93,0
thread block = 0,94,0
thread block = 0,95,0
thread block = 0,96,0
thread block = 0,97,0
thread block = 0,98,0
thread block = 0,99,0
thread block = 0,100,0
thread block = 0,101,0
thread block = 0,102,0
thread block = 0,103,0
thread block = 0,104,0
thread block = 0,105,0
thread block = 0,106,0
thread block = 0,107,0
thread block = 0,108,0
thread block = 0,109,0
thread block = 0,110,0
thread block = 0,111,0
thread block = 0,112,0
thread block = 0,113,0
thread block = 0,114,0
thread block = 0,115,0
thread block = 0,116,0
thread block = 0,117,0
thread block = 0,118,0
thread block = 0,119,0
thread block = 0,120,0
thread block = 0,121,0
thread block = 0,122,0
thread block = 0,123,0
thread block = 0,124,0
thread block = 0,125,0
thread block = 0,126,0
thread block = 0,127,0
thread block = 0,128,0
thread block = 0,129,0
thread block = 0,130,0
thread block = 0,131,0
thread block = 0,132,0
thread block = 0,133,0
thread block = 0,134,0
thread block = 0,135,0
thread block = 0,136,0
thread block = 0,137,0
thread block = 0,138,0
thread block = 0,139,0
thread block = 0,140,0
thread block = 0,141,0
thread block = 0,142,0
thread block = 0,143,0
thread block = 0,144,0
thread block = 0,145,0
thread block = 0,146,0
thread block = 0,147,0
thread block = 0,148,0
thread block = 0,149,0
thread block = 0,150,0
thread block = 0,151,0
thread block = 0,152,0
thread block = 0,153,0
thread block = 0,154,0
thread block = 0,155,0
thread block = 0,156,0
thread block = 0,157,0
thread block = 0,158,0
thread block = 0,159,0
thread block = 0,160,0
thread block = 0,161,0
thread block = 0,162,0
thread block = 0,163,0
thread block = 0,164,0
thread block = 0,165,0
thread block = 0,166,0
thread block = 0,167,0
thread block = 0,168,0
thread block = 0,169,0
thread block = 0,170,0
thread block = 0,171,0
thread block = 0,172,0
thread block = 0,173,0
thread block = 0,174,0
thread block = 0,175,0
thread block = 0,176,0
thread block = 0,177,0
thread block = 0,178,0
thread block = 0,179,0
thread block = 0,180,0
thread block = 0,181,0
thread block = 0,182,0
thread block = 0,183,0
thread block = 0,184,0
thread block = 0,185,0
thread block = 0,186,0
thread block = 0,187,0
thread block = 0,188,0
thread block = 0,189,0
thread block = 0,190,0
thread block = 0,191,0
thread block = 0,192,0
thread block = 0,193,0
thread block = 0,194,0
thread block = 0,195,0
thread block = 0,196,0
thread block = 0,197,0
thread block = 0,198,0
thread block = 0,199,0
thread block = 0,200,0
thread block = 0,201,0
thread block = 0,202,0
thread block = 0,203,0
thread block = 0,204,0
thread block = 0,205,0
thread block = 0,206,0
thread block = 0,207,0
thread block = 0,208,0
thread block = 0,209,0
thread block = 0,210,0
thread block = 0,211,0
thread block = 0,212,0
thread block = 0,213,0
thread block = 0,214,0
thread block = 0,215,0
thread block = 0,216,0
thread block = 0,217,0
thread block = 0,218,0
thread block = 0,219,0
thread block = 0,220,0
thread block = 0,221,0
thread block = 0,222,0
thread block = 0,223,0
thread block = 0,224,0
thread block = 0,225,0
thread block = 0,226,0
thread block = 0,227,0
thread block = 0,228,0
thread block = 0,229,0
thread block = 0,230,0
thread block = 0,231,0
thread block = 0,232,0
thread block = 0,233,0
thread block = 0,234,0
thread block = 0,235,0
thread block = 0,236,0
thread block = 0,237,0
thread block = 0,238,0
thread block = 0,239,0
thread block = 0,240,0
thread block = 0,241,0
thread block = 0,242,0
thread block = 0,243,0
thread block = 0,244,0
thread block = 0,245,0
thread block = 0,246,0
thread block = 0,247,0
thread block = 0,248,0
thread block = 0,249,0
thread block = 0,250,0
thread block = 0,251,0
thread block = 0,252,0
thread block = 0,253,0
thread block = 0,254,0
thread block = 0,255,0
Destroy streams for kernel 1: size 0
kernel_name = _Z22bpnn_layerforward_CUDAPfS_S_S_ii 
kernel_launch_uid = 1 
kernel_stream_id = 0
gpu_sim_cycle = 7706
gpu_sim_insn = 6471680
gpu_ipc =     839.8235
gpu_tot_sim_cycle = 7706
gpu_tot_sim_insn = 6471680
gpu_tot_ipc =     839.8235
gpu_tot_issued_cta = 256
gpu_occupancy = 38.8874% 
gpu_tot_occupancy = 38.8874% 
max_total_param_size = 0
gpu_stall_dramfull = 92
gpu_stall_icnt2sh    = 0
partiton_level_parallism =       2.8356
partiton_level_parallism_total  =       2.8356
partiton_level_parallism_util =      12.4012
partiton_level_parallism_util_total  =      12.4012
L2_BW  =     102.7161 GB/Sec
L2_BW_total  =     102.7161 GB/Sec
gpu_total_sim_rate=1078613

========= Core cache stats =========
L1I_cache:
	L1I_total_cache_accesses = 0
	L1I_total_cache_misses = 0
	L1I_total_cache_pending_hits = 0
	L1I_total_cache_reservation_fails = 0
L1D_cache:
	L1D_cache_core[0]: Access = 416, Miss = 159, Miss_rate = 0.382, Pending_hits = 50, Reservation_fails = 847
	L1D_cache_core[1]: Access = 416, Miss = 157, Miss_rate = 0.377, Pending_hits = 48, Reservation_fails = 938
	L1D_cache_core[2]: Access = 416, Miss = 157, Miss_rate = 0.377, Pending_hits = 46, Reservation_fails = 691
	L1D_cache_core[3]: Access = 416, Miss = 157, Miss_rate = 0.377, Pending_hits = 48, Reservation_fails = 713
	L1D_cache_core[4]: Access = 416, Miss = 157, Miss_rate = 0.377, Pending_hits = 46, Reservation_fails = 669
	L1D_cache_core[5]: Access = 416, Miss = 157, Miss_rate = 0.377, Pending_hits = 48, Reservation_fails = 732
	L1D_cache_core[6]: Access = 416, Miss = 157, Miss_rate = 0.377, Pending_hits = 46, Reservation_fails = 630
	L1D_cache_core[7]: Access = 416, Miss = 157, Miss_rate = 0.377, Pending_hits = 48, Reservation_fails = 717
	L1D_cache_core[8]: Access = 416, Miss = 157, Miss_rate = 0.377, Pending_hits = 46, Reservation_fails = 677
	L1D_cache_core[9]: Access = 416, Miss = 157, Miss_rate = 0.377, Pending_hits = 48, Reservation_fails = 736
	L1D_cache_core[10]: Access = 416, Miss = 157, Miss_rate = 0.377, Pending_hits = 46, Reservation_fails = 567
	L1D_cache_core[11]: Access = 416, Miss = 157, Miss_rate = 0.377, Pending_hits = 48, Reservation_fails = 721
	L1D_cache_core[12]: Access = 416, Miss = 157, Miss_rate = 0.377, Pending_hits = 46, Reservation_fails = 626
	L1D_cache_core[13]: Access = 416, Miss = 157, Miss_rate = 0.377, Pending_hits = 48, Reservation_fails = 740
	L1D_cache_core[14]: Access = 416, Miss = 157, Miss_rate = 0.377, Pending_hits = 46, Reservation_fails = 703
	L1D_cache_core[15]: Access = 416, Miss = 157, Miss_rate = 0.377, Pending_hits = 48, Reservation_fails = 829
	L1D_cache_core[16]: Access = 312, Miss = 118, Miss_rate = 0.378, Pending_hits = 36, Reservation_fails = 658
	L1D_cache_core[17]: Access = 312, Miss = 118, Miss_rate = 0.378, Pending_hits = 40, Reservation_fails = 434
	L1D_cache_core[18]: Access = 312, Miss = 118, Miss_rate = 0.378, Pending_hits = 36, Reservation_fails = 670
	L1D_cache_core[19]: Access = 312, Miss = 118, Miss_rate = 0.378, Pending_hits = 40, Reservation_fails = 437
	L1D_cache_core[20]: Access = 312, Miss = 118, Miss_rate = 0.378, Pending_hits = 37, Reservation_fails = 431
	L1D_cache_core[21]: Access = 312, Miss = 118, Miss_rate = 0.378, Pending_hits = 40, Reservation_fails = 562
	L1D_cache_core[22]: Access = 312, Miss = 118, Miss_rate = 0.378, Pending_hits = 39, Reservation_fails = 395
	L1D_cache_core[23]: Access = 312, Miss = 118, Miss_rate = 0.378, Pending_hits = 40, Reservation_fails = 452
	L1D_cache_core[24]: Access = 312, Miss = 118, Miss_rate = 0.378, Pending_hits = 37, Reservation_fails = 421
	L1D_cache_core[25]: Access = 312, Miss = 118, Miss_rate = 0.378, Pending_hits = 40, Reservation_fails = 432
	L1D_cache_core[26]: Access = 312, Miss = 118, Miss_rate = 0.378, Pending_hits = 37, Reservation_fails = 444
	L1D_cache_core[27]: Access = 312, Miss = 118, Miss_rate = 0.378, Pending_hits = 40, Reservation_fails = 424
	L1D_cache_core[28]: Access = 312, Miss = 118, Miss_rate = 0.378, Pending_hits = 36, Reservation_fails = 439
	L1D_cache_core[29]: Access = 312, Miss = 118, Miss_rate = 0.378, Pending_hits = 40, Reservation_fails = 449
	L1D_cache_core[30]: Access = 312, Miss = 118, Miss_rate = 0.378, Pending_hits = 36, Reservation_fails = 438
	L1D_cache_core[31]: Access = 312, Miss = 118, Miss_rate = 0.378, Pending_hits = 40, Reservation_fails = 424
	L1D_cache_core[32]: Access = 312, Miss = 118, Miss_rate = 0.378, Pending_hits = 36, Reservation_fails = 433
	L1D_cache_core[33]: Access = 312, Miss = 118, Miss_rate = 0.378, Pending_hits = 40, Reservation_fails = 407
	L1D_cache_core[34]: Access = 312, Miss = 118, Miss_rate = 0.378, Pending_hits = 37, Reservation_fails = 446
	L1D_cache_core[35]: Access = 312, Miss = 118, Miss_rate = 0.378, Pending_hits = 40, Reservation_fails = 443
	L1D_cache_core[36]: Access = 312, Miss = 118, Miss_rate = 0.378, Pending_hits = 36, Reservation_fails = 448
	L1D_cache_core[37]: Access = 312, Miss = 118, Miss_rate = 0.378, Pending_hits = 40, Reservation_fails = 464
	L1D_cache_core[38]: Access = 312, Miss = 118, Miss_rate = 0.378, Pending_hits = 37, Reservation_fails = 458
	L1D_cache_core[39]: Access = 312, Miss = 118, Miss_rate = 0.378, Pending_hits = 40, Reservation_fails = 503
	L1D_cache_core[40]: Access = 312, Miss = 118, Miss_rate = 0.378, Pending_hits = 36, Reservation_fails = 446
	L1D_cache_core[41]: Access = 312, Miss = 118, Miss_rate = 0.378, Pending_hits = 40, Reservation_fails = 550
	L1D_cache_core[42]: Access = 312, Miss = 118, Miss_rate = 0.378, Pending_hits = 37, Reservation_fails = 438
	L1D_cache_core[43]: Access = 312, Miss = 118, Miss_rate = 0.378, Pending_hits = 40, Reservation_fails = 472
	L1D_cache_core[44]: Access = 312, Miss = 118, Miss_rate = 0.378, Pending_hits = 36, Reservation_fails = 447
	L1D_cache_core[45]: Access = 312, Miss = 118, Miss_rate = 0.378, Pending_hits = 40, Reservation_fails = 498
	L1D_cache_core[46]: Access = 312, Miss = 118, Miss_rate = 0.378, Pending_hits = 37, Reservation_fails = 466
	L1D_cache_core[47]: Access = 312, Miss = 118, Miss_rate = 0.378, Pending_hits = 40, Reservation_fails = 510
	L1D_cache_core[48]: Access = 312, Miss = 118, Miss_rate = 0.378, Pending_hits = 36, Reservation_fails = 450
	L1D_cache_core[49]: Access = 312, Miss = 118, Miss_rate = 0.378, Pending_hits = 40, Reservation_fails = 511
	L1D_cache_core[50]: Access = 312, Miss = 118, Miss_rate = 0.378, Pending_hits = 37, Reservation_fails = 453
	L1D_cache_core[51]: Access = 312, Miss = 118, Miss_rate = 0.378, Pending_hits = 40, Reservation_fails = 511
	L1D_cache_core[52]: Access = 312, Miss = 118, Miss_rate = 0.378, Pending_hits = 37, Reservation_fails = 469
	L1D_cache_core[53]: Access = 312, Miss = 118, Miss_rate = 0.378, Pending_hits = 40, Reservation_fails = 493
	L1D_cache_core[54]: Access = 312, Miss = 118, Miss_rate = 0.378, Pending_hits = 37, Reservation_fails = 450
	L1D_cache_core[55]: Access = 312, Miss = 118, Miss_rate = 0.378, Pending_hits = 40, Reservation_fails = 565
	L1D_cache_core[56]: Access = 312, Miss = 118, Miss_rate = 0.378, Pending_hits = 36, Reservation_fails = 447
	L1D_cache_core[57]: Access = 312, Miss = 118, Miss_rate = 0.378, Pending_hits = 40, Reservation_fails = 488
	L1D_cache_core[58]: Access = 312, Miss = 118, Miss_rate = 0.378, Pending_hits = 37, Reservation_fails = 454
	L1D_cache_core[59]: Access = 312, Miss = 118, Miss_rate = 0.378, Pending_hits = 40, Reservation_fails = 527
	L1D_cache_core[60]: Access = 312, Miss = 118, Miss_rate = 0.378, Pending_hits = 36, Reservation_fails = 517
	L1D_cache_core[61]: Access = 312, Miss = 118, Miss_rate = 0.378, Pending_hits = 40, Reservation_fails = 556
	L1D_cache_core[62]: Access = 312, Miss = 118, Miss_rate = 0.378, Pending_hits = 37, Reservation_fails = 473
	L1D_cache_core[63]: Access = 312, Miss = 118, Miss_rate = 0.378, Pending_hits = 40, Reservation_fails = 524
	L1D_cache_core[64]: Access = 312, Miss = 118, Miss_rate = 0.378, Pending_hits = 40, Reservation_fails = 450
	L1D_cache_core[65]: Access = 312, Miss = 119, Miss_rate = 0.381, Pending_hits = 47, Reservation_fails = 1010
	L1D_cache_core[66]: Access = 312, Miss = 119, Miss_rate = 0.381, Pending_hits = 40, Reservation_fails = 752
	L1D_cache_core[67]: Access = 312, Miss = 118, Miss_rate = 0.378, Pending_hits = 38, Reservation_fails = 446
	L1D_cache_core[68]: Access = 312, Miss = 119, Miss_rate = 0.381, Pending_hits = 44, Reservation_fails = 934
	L1D_cache_core[69]: Access = 312, Miss = 118, Miss_rate = 0.378, Pending_hits = 40, Reservation_fails = 689
	L1D_cache_core[70]: Access = 312, Miss = 119, Miss_rate = 0.381, Pending_hits = 44, Reservation_fails = 1042
	L1D_cache_core[71]: Access = 312, Miss = 119, Miss_rate = 0.381, Pending_hits = 45, Reservation_fails = 671
	L1D_cache_core[72]: Access = 312, Miss = 119, Miss_rate = 0.381, Pending_hits = 41, Reservation_fails = 740
	L1D_cache_core[73]: Access = 312, Miss = 118, Miss_rate = 0.378, Pending_hits = 38, Reservation_fails = 454
	L1D_cache_core[74]: Access = 312, Miss = 118, Miss_rate = 0.378, Pending_hits = 40, Reservation_fails = 424
	L1D_cache_core[75]: Access = 312, Miss = 119, Miss_rate = 0.381, Pending_hits = 47, Reservation_fails = 1067
	L1D_cache_core[76]: Access = 312, Miss = 119, Miss_rate = 0.381, Pending_hits = 45, Reservation_fails = 470
	L1D_cache_core[77]: Access = 312, Miss = 118, Miss_rate = 0.378, Pending_hits = 38, Reservation_fails = 436
	L1D_cache_core[78]: Access = 312, Miss = 118, Miss_rate = 0.378, Pending_hits = 36, Reservation_fails = 613
	L1D_cache_core[79]: Access = 312, Miss = 119, Miss_rate = 0.381, Pending_hits = 45, Reservation_fails = 724
	L1D_total_cache_accesses = 26624
	L1D_total_cache_misses = 10075
	L1D_total_cache_miss_rate = 0.3784
	L1D_total_cache_pending_hits = 3263
	L1D_total_cache_reservation_fails = 45285
	L1D_cache_data_port_util = 0.080
	L1D_cache_fill_port_util = 0.058
L1C_cache:
	L1C_total_cache_accesses = 0
	L1C_total_cache_misses = 0
	L1C_total_cache_pending_hits = 0
	L1C_total_cache_reservation_fails = 0
L1T_cache:
	L1T_total_cache_accesses = 0
	L1T_total_cache_misses = 0
	L1T_total_cache_pending_hits = 0
	L1T_total_cache_reservation_fails = 0

Total_core_cache_stats:
	Total_core_cache_stats_breakdown[GLOBAL_ACC_R][HIT] = 1510
	Total_core_cache_stats_breakdown[GLOBAL_ACC_R][HIT_RESERVED] = 3263
	Total_core_cache_stats_breakdown[GLOBAL_ACC_R][MISS] = 2779
	Total_core_cache_stats_breakdown[GLOBAL_ACC_R][RESERVATION_FAIL] = 39152
	Total_core_cache_stats_breakdown[GLOBAL_ACC_R][SECTOR_MISS] = 6784
	Total_core_cache_stats_breakdown[GLOBAL_ACC_R][MSHR_HIT] = 3263
	Total_core_cache_stats_breakdown[LOCAL_ACC_R][HIT] = 0
	Total_core_cache_stats_breakdown[LOCAL_ACC_R][HIT_RESERVED] = 0
	Total_core_cache_stats_breakdown[LOCAL_ACC_R][MISS] = 0
	Total_core_cache_stats_breakdown[LOCAL_ACC_R][RESERVATION_FAIL] = 0
	Total_core_cache_stats_breakdown[LOCAL_ACC_R][SECTOR_MISS] = 0
	Total_core_cache_stats_breakdown[LOCAL_ACC_R][MSHR_HIT] = 0
	Total_core_cache_stats_breakdown[CONST_ACC_R][HIT] = 0
	Total_core_cache_stats_breakdown[CONST_ACC_R][HIT_RESERVED] = 0
	Total_core_cache_stats_breakdown[CONST_ACC_R][MISS] = 0
	Total_core_cache_stats_breakdown[CONST_ACC_R][RESERVATION_FAIL] = 0
	Total_core_cache_stats_breakdown[CONST_ACC_R][SECTOR_MISS] = 0
	Total_core_cache_stats_breakdown[CONST_ACC_R][MSHR_HIT] = 0
	Total_core_cache_stats_breakdown[TEXTURE_ACC_R][HIT] = 0
	Total_core_cache_stats_breakdown[TEXTURE_ACC_R][HIT_RESERVED] = 0
	Total_core_cache_stats_breakdown[TEXTURE_ACC_R][MISS] = 0
	Total_core_cache_stats_breakdown[TEXTURE_ACC_R][RESERVATION_FAIL] = 0
	Total_core_cache_stats_breakdown[TEXTURE_ACC_R][SECTOR_MISS] = 0
	Total_core_cache_stats_breakdown[TEXTURE_ACC_R][MSHR_HIT] = 0
	Total_core_cache_stats_breakdown[GLOBAL_ACC_W][HIT] = 11776
	Total_core_cache_stats_breakdown[GLOBAL_ACC_W][HIT_RESERVED] = 0
	Total_core_cache_stats_breakdown[GLOBAL_ACC_W][MISS] = 256
	Total_core_cache_stats_breakdown[GLOBAL_ACC_W][RESERVATION_FAIL] = 6133
	Total_core_cache_stats_breakdown[GLOBAL_ACC_W][SECTOR_MISS] = 256
	Total_core_cache_stats_breakdown[GLOBAL_ACC_W][MSHR_HIT] = 0
	Total_core_cache_stats_breakdown[LOCAL_ACC_W][HIT] = 0
	Total_core_cache_stats_breakdown[LOCAL_ACC_W][HIT_RESERVED] = 0
	Total_core_cache_stats_breakdown[LOCAL_ACC_W][MISS] = 0
	Total_core_cache_stats_breakdown[LOCAL_ACC_W][RESERVATION_FAIL] = 0
	Total_core_cache_stats_breakdown[LOCAL_ACC_W][SECTOR_MISS] = 0
	Total_core_cache_stats_breakdown[LOCAL_ACC_W][MSHR_HIT] = 0
	Total_core_cache_stats_breakdown[L1_WRBK_ACC][HIT] = 0
	Total_core_cache_stats_breakdown[L1_WRBK_ACC][HIT_RESERVED] = 0
	Total_core_cache_stats_breakdown[L1_WRBK_ACC][MISS] = 0
	Total_core_cache_stats_breakdown[L1_WRBK_ACC][RESERVATION_FAIL] = 0
	Total_core_cache_stats_breakdown[L1_WRBK_ACC][SECTOR_MISS] = 0
	Total_core_cache_stats_breakdown[L1_WRBK_ACC][MSHR_HIT] = 0
	Total_core_cache_stats_breakdown[L2_WRBK_ACC][HIT] = 0
	Total_core_cache_stats_breakdown[L2_WRBK_ACC][HIT_RESERVED] = 0
	Total_core_cache_stats_breakdown[L2_WRBK_ACC][MISS] = 0
	Total_core_cache_stats_breakdown[L2_WRBK_ACC][RESERVATION_FAIL] = 0
	Total_core_cache_stats_breakdown[L2_WRBK_ACC][SECTOR_MISS] = 0
	Total_core_cache_stats_breakdown[L2_WRBK_ACC][MSHR_HIT] = 0
	Total_core_cache_stats_breakdown[INST_ACC_R][HIT] = 0
	Total_core_cache_stats_breakdown[INST_ACC_R][HIT_RESERVED] = 0
	Total_core_cache_stats_breakdown[INST_ACC_R][MISS] = 0
	Total_core_cache_stats_breakdown[INST_ACC_R][RESERVATION_FAIL] = 0
	Total_core_cache_stats_breakdown[INST_ACC_R][SECTOR_MISS] = 0
	Total_core_cache_stats_breakdown[INST_ACC_R][MSHR_HIT] = 0
	Total_core_cache_stats_breakdown[L1_WR_ALLOC_R][HIT] = 0
	Total_core_cache_stats_breakdown[L1_WR_ALLOC_R][HIT_RESERVED] = 0
	Total_core_cache_stats_breakdown[L1_WR_ALLOC_R][MISS] = 0
	Total_core_cache_stats_breakdown[L1_WR_ALLOC_R][RESERVATION_FAIL] = 0
	Total_core_cache_stats_breakdown[L1_WR_ALLOC_R][SECTOR_MISS] = 0
	Total_core_cache_stats_breakdown[L1_WR_ALLOC_R][MSHR_HIT] = 0
	Total_core_cache_stats_breakdown[L2_WR_ALLOC_R][HIT] = 0
	Total_core_cache_stats_breakdown[L2_WR_ALLOC_R][HIT_RESERVED] = 0
	Total_core_cache_stats_breakdown[L2_WR_ALLOC_R][MISS] = 0
	Total_core_cache_stats_breakdown[L2_WR_ALLOC_R][RESERVATION_FAIL] = 0
	Total_core_cache_stats_breakdown[L2_WR_ALLOC_R][SECTOR_MISS] = 0
	Total_core_cache_stats_breakdown[L2_WR_ALLOC_R][MSHR_HIT] = 0
	Total_core_cache_stats_breakdown[GLOBAL_ACC_R][TOTAL_ACCESS] = 14336
	Total_core_cache_stats_breakdown[GLOBAL_ACC_W][TOTAL_ACCESS] = 12288

Total_core_cache_fail_stats:
	Total_core_cache_fail_stats_breakdown[GLOBAL_ACC_R][MISS_QUEUE_FULL] = 7947
	Total_core_cache_fail_stats_breakdown[GLOBAL_ACC_R][MSHR_MERGE_ENRTY_FAIL] = 31205
	Total_core_cache_fail_stats_breakdown[GLOBAL_ACC_W][MISS_QUEUE_FULL] = 6133
ctas_completed 256, Shader 0 warp_id issue ditsribution:
warp_id:
0, 1, 2, 3, 4, 5, 6, 7, 8, 9, 10, 11, 12, 13, 14, 15, 16, 17, 18, 19, 20, 21, 22, 23, 24, 25, 26, 27, 28, 29, 30, 31, 
distro:
137, 137, 137, 137, 137, 137, 137, 137, 137, 137, 137, 137, 137, 137, 137, 137, 137, 137, 137, 137, 137, 137, 137, 137, 137, 137, 137, 137, 137, 137, 137, 137, 
gpgpu_n_tot_thrd_icount = 6471680
gpgpu_n_tot_w_icount = 280576
gpgpu_n_stall_shd_mem = 22505
gpgpu_n_mem_read_local = 0
gpgpu_n_mem_write_local = 0
gpgpu_n_mem_read_global = 9563
gpgpu_n_mem_write_global = 12288
gpgpu_n_mem_texture = 0
gpgpu_n_mem_const = 0
gpgpu_n_load_insn  = 69632
gpgpu_n_store_insn = 69632
gpgpu_n_shmem_insn = 520192
gpgpu_n_sstarr_insn = 0
gpgpu_n_tex_insn = 0
gpgpu_n_const_mem_insn = 0
gpgpu_n_param_mem_insn = 0
gpgpu_n_shmem_bkconflict = 0
gpgpu_n_l1cache_bkconflict = 18451
gpgpu_n_intrawarp_mshr_merge = 0
gpgpu_n_cmem_portconflict = 0
gpgpu_stall_shd_mem[c_mem][resource_stall] = 0
gpgpu_stall_shd_mem[s_mem][bk_conf] = 0
gpgpu_stall_shd_mem[gl_mem][resource_stall] = 18451
gpgpu_stall_shd_mem[gl_mem][coal_stall] = 4054
gpgpu_stall_shd_mem[gl_mem][data_port_stall] = 0
gpu_reg_bank_conflict_stalls = 0
Warp Occupancy Distribution:
Stall:225553	W0_Idle:71381	W0_Scoreboard:132114	W1:0	W2:18432	W3:0	W4:0	W5:0	W6:0	W7:0	W8:0	W9:0	W10:0	W11:0	W12:0	W13:0	W14:0	W15:0	W16:29696	W17:0	W18:0	W19:0	W20:0	W21:0	W22:0	W23:0	W24:0	W25:0	W26:0	W27:0	W28:0	W29:0	W30:2048	W31:0	W32:184320
single_issue_nums: WS0:70144	WS1:70144	WS2:70144	WS3:70144	
dual_issue_nums: WS0:0	WS1:0	WS2:0	WS3:0	
traffic_breakdown_coretomem[GLOBAL_ACC_R] = 76504 {8:9563,}
traffic_breakdown_coretomem[GLOBAL_ACC_W] = 491520 {40:12288,}
traffic_breakdown_memtocore[GLOBAL_ACC_R] = 382520 {40:9563,}
traffic_breakdown_memtocore[GLOBAL_ACC_W] = 98304 {8:12288,}
maxmflatency = 901 
max_icnt2mem_latency = 601 
maxmrqlatency = 81 
max_icnt2sh_latency = 102 
averagemflatency = 280 
avg_icnt2mem_latency = 47 
avg_mrq_latency = 10 
avg_icnt2sh_latency = 7 
mrq_lat_table:2358 	1621 	1427 	1399 	1849 	537 	31 	0 	0 	0 	0 	0 	0 	0 	0 	0 	0 	0 	0 	0 	0 	0 	0 	0 	0 	0 	0 	0 	0 	0 	0 	0 	
dq_lat_table:0 	0 	0 	0 	0 	0 	0 	0 	0 	0 	0 	0 	0 	0 	0 	0 	0 	0 	0 	0 	0 	0 	0 	0 	0 	0 	0 	0 	0 	0 	0 	0 	
mf_lat_table:0 	0 	0 	0 	0 	0 	0 	12151 	9631 	69 	0 	0 	0 	0 	0 	0 	0 	0 	0 	0 	0 	0 	0 	0 	0 	0 	0 	0 	0 	0 	0 	0 	
icnt2mem_lat_table:0 	0 	0 	0 	5096 	13227 	3482 	0 	42 	4 	0 	0 	0 	0 	0 	0 	0 	0 	0 	0 	0 	0 	0 	0 	
icnt2sh_lat_table:0 	12050 	4806 	2656 	1547 	722 	70 	0 	0 	0 	0 	0 	0 	0 	0 	0 	0 	0 	0 	0 	0 	0 	0 	0 	
mf_lat_pw_table:0 	0 	0 	0 	0 	0 	0 	2 	3 	0 	0 	0 	0 	0 	0 	0 	0 	0 	0 	0 	0 	0 	0 	0 	0 	0 	0 	0 	0 	0 	0 	0 	
maximum concurrent accesses to same row:
dram[0]:         8         0         0         0         0         0         0         0         0         0         0         0         0         0         0         0 
dram[1]:         0         0         0         0         0         0         0         0         0         0         0         0         0         0         0         0 
dram[2]:         0         0         0         0         0         0         0         0         0         0         0         0         0         0         0         0 
dram[3]:         0         0         0         0         0         0         0         0         0         0         0         0         0         0         0         0 
dram[4]:         0         0         0         0         0         0         0         0         0         0         0         0         0         0         0         0 
dram[5]:         0         0         0         0         0         0         0         0         0         0         0         0         0         0         0         0 
dram[6]:         0         0         0         0         0         0         0         0         0         0         0         0         0         0         0         0 
dram[7]:         0         0         0         0         0         0         0         0         0         0         0         0         0         0         0         0 
dram[8]:         0         0         0         0         0         0         0         0         0         0         0         0         0         0         0         0 
dram[9]:         0         0         0         0         0         0         0         0         0         0         0         0         0         0         0         0 
dram[10]:         0         0         0         0         0         0         0         0         0         0         0         0         0         0         0         0 
dram[11]:         0         0         0         0         0         0         0         0         0         0         0         0         0         0         0         0 
dram[12]:         0         0         0         0         0         0         0         0         0         0         0         0         0         0         0         0 
dram[13]:         0         0         0         0         0         0         0         0         0         0         0         0         0         0         0         0 
dram[14]:         0         0         0         0         0         0         0         0         0         0         0         0         0         0         0         0 
dram[15]:         0         0         0         0         0         0         0         0         0         0         0         0         0         0         0         0 
dram[16]:         0         0         0         0         0         0         0         0         0         0         0         0         0         0         0         0 
dram[17]:         0         0         0         0         0         0         0         0         0         0         0         0         0         0         0         0 
dram[18]:         0         0         0         0         0         0         0         0         0         0         0         0         0         0         0         0 
dram[19]:         0         0         0         0         0         0         0         0         0         0         0         0         0         0         0         0 
dram[20]:         0         0         0         0         0         0         0         0         0         0         0         0         0         0         0         0 
dram[21]:         0         0         0         0         0         0         0         0         0         0         0         0         0         0         0         0 
dram[22]:         0         0         0         0         0         0         0         0         0         0         0         0         0         0         0         0 
dram[23]:         0         0         0         0         0         0         0         0         0         0         0         0         0         0         0         0 
dram[24]:         0         0         0         0         0         0         0         0         0         0         0         0         0         0         0         0 
dram[25]:         0         0         0         0         0         0         0         0         0         0         0         0         0         0         0         0 
dram[26]:         0         0         0         0         0         0         0         0         0         0         0         0         0         0         0         0 
dram[27]:         0         0         0         0         0         0         0         0         0         0         0         0         0         0         0         0 
dram[28]:         0         0         0         0         0         0         0         0         0         0         0         0         0         0         0         0 
dram[29]:         0         0         0         0         0         0         0         0         0         0         0         0         0         0         0         0 
dram[30]:         0         1         0         0         0         0         0         0         0         0         0         0         0         0         0         0 
dram[31]:         0         0         0         0         0         0         0         0         0         0         0         0         0         0         0         0 
maximum service time to same row:
dram[0]:      5413      5751      5819      5842      5964      5987         0         0         0         0         0         0         0         0         0         0 
dram[1]:      5395      5414      5800      5798      5932      6083         0         0         0         0         0         0         0         0         0         0 
dram[2]:      5395      5410      5812      5814      5968      6081         0         0         0         0         0         0         0         0         0         0 
dram[3]:      5395      5410      5796      5798      5977      6072         0         0         0         0         0         0         0         0         0         0 
dram[4]:      5395      5462      5822      5835      5985      6025         0         0         0         0         0         0         0         0         0         0 
dram[5]:      5395      5466      5834      5835      5968      5979         0         0         0         0         0         0         0         0         0         0 
dram[6]:      5395      5458      5812      5804      5999      5980         0         0         0         0         0         0         0         0         0         0 
dram[7]:      5395      5458      5815      5818      5972      5965         0         0         0         0         0         0         0         0         0         0 
dram[8]:      5395      5406      5844      5827      5972      5993         0         0         0         0         0         0         0         0         0         0 
dram[9]:      5395      5407      5824      5804      5968      5997         0         0         0         0         0         0         0         0         0         0 
dram[10]:      5395      5403      5823      5835      5984      5991         0         0         0         0         0         0         0         0         0         0 
dram[11]:      5395      5446      5816      5811      5992      5991         0         0         0         0         0         0         0         0         0         0 
dram[12]:      5427      5434      5828      5803      5968      6011         0         0         0         0         0         0         0         0         0         0 
dram[13]:      5427      5438      5823      5824      5985      5991         0         0         0         0         0         0         0         0         0         0 
dram[14]:      5429      5426      5808      5792      5936      5984         0         0         0         0         0         0         0         0         0         0 
dram[15]:      5427      5430      5795      5810      5967      5985         0         0         0         0         0         0         0         0         0         0 
dram[16]:      5418      5470      5810      5811      5945      5884         0         0         0         0         0         0         0         0         0         0 
dram[17]:      5422      5474      5810      5819      5959      5835         0         0         0         0         0         0         0         0         0         0 
dram[18]:      5410      5462      5802      5818      5957      6075         0         0         0         0         0         0         0         0         0         0 
dram[19]:      5414      5466      5807      5818      5957      6069         0         0         0         0         0         0         0         0         0         0 
dram[20]:      5406      5410      5814      5800      5972      6039         0         0         0         0         0         0         0         0         0         0 
dram[21]:      5406      5414      5814      5832      5980      6004         0         0         0         0         0         0         0         0         0         0 
dram[22]:      5402      5410      5818      5812      5888      5976         0         0         0         0         0         0         0         0         0         0 
dram[23]:      5402      5446      5818      5823      5977      5972         0         0         0         0         0         0         0         0         0         0 
dram[24]:      5462      5434      5798      5846      5976      5983         0         0         0         0         0         0         0         0         0         0 
dram[25]:      5466      5438      5796      5842      5985      5987         0         0         0         0         0         0         0         0         0         0 
dram[26]:      5454      5426      5799      5844      5969      5985         0         0         0         0         0         0         0         0         0         0 
dram[27]:      5458      5430      5822      5846      5996      5989         0         0         0         0         0         0         0         0         0         0 
dram[28]:      5395      5419      5832      5812      6071      5859         0         0         0         0         0         0         0         0         0         0 
dram[29]:      5395      5422      5836      5823      6073      5840         0         0         0         0         0         0         0         0         0         0 
dram[30]:      5395      5542      5803      5822      5972      5823         0         0         0         0         0         0         0         0         0         0 
dram[31]:      5395      5418      5815      5826      5973      5852         0         0         0         0         0         0         0         0         0         0 
average row accesses per activate:
dram[0]: 22.666666 64.000000 64.000000 64.000000 16.000000 16.000000      -nan      -nan      -nan      -nan      -nan      -nan      -nan      -nan      -nan      -nan 
dram[1]: 64.000000 64.000000 64.000000 64.000000 16.000000 16.000000      -nan      -nan      -nan      -nan      -nan      -nan      -nan      -nan      -nan      -nan 
dram[2]: 64.000000 64.000000 64.000000 64.000000 16.000000 16.000000      -nan      -nan      -nan      -nan      -nan      -nan      -nan      -nan      -nan      -nan 
dram[3]: 64.000000 64.000000 64.000000 64.000000 16.000000 16.000000      -nan      -nan      -nan      -nan      -nan      -nan      -nan      -nan      -nan      -nan 
dram[4]: 64.000000 64.000000 64.000000 64.000000 16.000000 16.000000      -nan      -nan      -nan      -nan      -nan      -nan      -nan      -nan      -nan      -nan 
dram[5]: 64.000000 64.000000 64.000000 64.000000 16.000000 16.000000      -nan      -nan      -nan      -nan      -nan      -nan      -nan      -nan      -nan      -nan 
dram[6]: 64.000000 64.000000 64.000000 64.000000 16.000000 16.000000      -nan      -nan      -nan      -nan      -nan      -nan      -nan      -nan      -nan      -nan 
dram[7]: 64.000000 64.000000 64.000000 64.000000 16.000000 16.000000      -nan      -nan      -nan      -nan      -nan      -nan      -nan      -nan      -nan      -nan 
dram[8]: 64.000000 64.000000 64.000000 64.000000 16.000000 16.000000      -nan      -nan      -nan      -nan      -nan      -nan      -nan      -nan      -nan      -nan 
dram[9]: 64.000000 64.000000 64.000000 64.000000 16.000000 16.000000      -nan      -nan      -nan      -nan      -nan      -nan      -nan      -nan      -nan      -nan 
dram[10]: 64.000000 64.000000 64.000000 64.000000 16.000000 16.000000      -nan      -nan      -nan      -nan      -nan      -nan      -nan      -nan      -nan      -nan 
dram[11]: 62.000000 64.000000 64.000000 64.000000 16.000000 16.000000      -nan      -nan      -nan      -nan      -nan      -nan      -nan      -nan      -nan      -nan 
dram[12]: 56.000000 64.000000 64.000000 64.000000 16.000000 16.000000      -nan      -nan      -nan      -nan      -nan      -nan      -nan      -nan      -nan      -nan 
dram[13]: 56.000000 64.000000 64.000000 64.000000 16.000000 16.000000      -nan      -nan      -nan      -nan      -nan      -nan      -nan      -nan      -nan      -nan 
dram[14]: 56.000000 64.000000 64.000000 64.000000 16.000000 16.000000      -nan      -nan      -nan      -nan      -nan      -nan      -nan      -nan      -nan      -nan 
dram[15]: 56.000000 64.000000 64.000000 64.000000 16.000000 16.000000      -nan      -nan      -nan      -nan      -nan      -nan      -nan      -nan      -nan      -nan 
dram[16]: 64.000000 64.000000 64.000000 64.000000 16.000000 16.000000      -nan      -nan      -nan      -nan      -nan      -nan      -nan      -nan      -nan      -nan 
dram[17]: 64.000000 64.000000 64.000000 64.000000 19.000000 16.000000      -nan      -nan      -nan      -nan      -nan      -nan      -nan      -nan      -nan      -nan 
dram[18]: 64.000000 64.000000 64.000000 64.000000 16.000000 16.000000      -nan      -nan      -nan      -nan      -nan      -nan      -nan      -nan      -nan      -nan 
dram[19]: 64.000000 64.000000 64.000000 64.000000 16.000000 16.000000      -nan      -nan      -nan      -nan      -nan      -nan      -nan      -nan      -nan      -nan 
dram[20]: 64.000000 64.000000 64.000000 64.000000 24.000000 16.000000      -nan      -nan      -nan      -nan      -nan      -nan      -nan      -nan      -nan      -nan 
dram[21]: 64.000000 64.000000 64.000000 64.000000 24.000000 16.000000      -nan      -nan      -nan      -nan      -nan      -nan      -nan      -nan      -nan      -nan 
dram[22]: 64.000000 64.000000 64.000000 64.000000 24.000000 16.000000      -nan      -nan      -nan      -nan      -nan      -nan      -nan      -nan      -nan      -nan 
dram[23]: 64.000000 64.000000 64.000000 64.000000 24.000000 16.000000      -nan      -nan      -nan      -nan      -nan      -nan      -nan      -nan      -nan      -nan 
dram[24]: 64.000000 64.000000 64.000000 64.000000 16.000000 16.000000      -nan      -nan      -nan      -nan      -nan      -nan      -nan      -nan      -nan      -nan 
dram[25]: 64.000000 64.000000 64.000000 64.000000 16.000000 16.000000      -nan      -nan      -nan      -nan      -nan      -nan      -nan      -nan      -nan      -nan 
dram[26]: 64.000000 64.000000 64.000000 64.000000 16.000000 16.000000      -nan      -nan      -nan      -nan      -nan      -nan      -nan      -nan      -nan      -nan 
dram[27]: 64.000000 64.000000 64.000000 64.000000 16.000000 16.000000      -nan      -nan      -nan      -nan      -nan      -nan      -nan      -nan      -nan      -nan 
dram[28]: 64.000000 64.000000 64.000000 64.000000 16.000000 16.000000      -nan      -nan      -nan      -nan      -nan      -nan      -nan      -nan      -nan      -nan 
dram[29]: 64.000000 64.000000 64.000000 64.000000 16.000000 16.000000      -nan      -nan      -nan      -nan      -nan      -nan      -nan      -nan      -nan      -nan 
dram[30]: 64.000000 65.000000 64.000000 64.000000 16.000000 16.000000      -nan      -nan      -nan      -nan      -nan      -nan      -nan      -nan      -nan      -nan 
dram[31]: 64.000000 64.000000 64.000000 64.000000 16.000000 16.000000      -nan      -nan      -nan      -nan      -nan      -nan      -nan      -nan      -nan      -nan 
average row locality = 9222/194 = 47.536083
number of total memory accesses made:
dram[0]:         0         0         0         0         0         0         0         0         0         0         0         0         0         0         0         0 
dram[1]:         0         0         0         0         0         0         0         0         0         0         0         0         0         0         0         0 
dram[2]:         0         0         0         0         0         0         0         0         0         0         0         0         0         0         0         0 
dram[3]:         0         0         0         0         0         0         0         0         0         0         0         0         0         0         0         0 
dram[4]:         0         0         0         0         0         0         0         0         0         0         0         0         0         0         0         0 
dram[5]:         0         0         0         0         0         0         0         0         0         0         0         0         0         0         0         0 
dram[6]:         0         0         0         0         0         0         0         0         0         0         0         0         0         0         0         0 
dram[7]:         0         0         0         0         0         0         0         0         0         0         0         0         0         0         0         0 
dram[8]:         0         0         0         0         0         0         0         0         0         0         0         0         0         0         0         0 
dram[9]:         0         0         0         0         0         0         0         0         0         0         0         0         0         0         0         0 
dram[10]:         0         0         0         0         0         0         0         0         0         0         0         0         0         0         0         0 
dram[11]:         0         0         0         0         0         0         0         0         0         0         0         0         0         0         0         0 
dram[12]:         0         0         0         0         0         0         0         0         0         0         0         0         0         0         0         0 
dram[13]:         0         0         0         0         0         0         0         0         0         0         0         0         0         0         0         0 
dram[14]:         0         0         0         0         0         0         0         0         0         0         0         0         0         0         0         0 
dram[15]:         0         0         0         0         0         0         0         0         0         0         0         0         0         0         0         0 
dram[16]:         0         0         0         0         0         0         0         0         0         0         0         0         0         0         0         0 
dram[17]:         0         0         0         0         0         0         0         0         0         0         0         0         0         0         0         0 
dram[18]:         0         0         0         0         0         0         0         0         0         0         0         0         0         0         0         0 
dram[19]:         0         0         0         0         0         0         0         0         0         0         0         0         0         0         0         0 
dram[20]:         0         0         0         0         0         0         0         0         0         0         0         0         0         0         0         0 
dram[21]:         0         0         0         0         0         0         0         0         0         0         0         0         0         0         0         0 
dram[22]:         0         0         0         0         0         0         0         0         0         0         0         0         0         0         0         0 
dram[23]:         0         0         0         0         0         0         0         0         0         0         0         0         0         0         0         0 
dram[24]:         0         0         0         0         0         0         0         0         0         0         0         0         0         0         0         0 
dram[25]:         0         0         0         0         0         0         0         0         0         0         0         0         0         0         0         0 
dram[26]:         0         0         0         0         0         0         0         0         0         0         0         0         0         0         0         0 
dram[27]:         0         0         0         0         0         0         0         0         0         0         0         0         0         0         0         0 
dram[28]:         0         0         0         0         0         0         0         0         0         0         0         0         0         0         0         0 
dram[29]:         0         0         0         0         0         0         0         0         0         0         0         0         0         0         0         0 
dram[30]:         0         0         0         0         0         0         0         0         0         0         0         0         0         0         0         0 
dram[31]:         0         0         0         0         0         0         0         0         0         0         0         0         0         0         0         0 
total accesses: 0
min_bank_accesses = 0!
min_chip_accesses = 0!
number of total read accesses:
dram[0]:        68        64        64        64        16        16         0         0         0         0         0         0         0         0         0         0 
dram[1]:        64        64        64        64        16        16         0         0         0         0         0         0         0         0         0         0 
dram[2]:        64        64        64        64        16        16         0         0         0         0         0         0         0         0         0         0 
dram[3]:        64        64        64        64        16        16         0         0         0         0         0         0         0         0         0         0 
dram[4]:        64        64        64        64        16        16         0         0         0         0         0         0         0         0         0         0 
dram[5]:        64        64        64        64        16        16         0         0         0         0         0         0         0         0         0         0 
dram[6]:        64        64        64        64        16        16         0         0         0         0         0         0         0         0         0         0 
dram[7]:        64        64        64        64        16        16         0         0         0         0         0         0         0         0         0         0 
dram[8]:        64        64        64        64        16        16         0         0         0         0         0         0         0         0         0         0 
dram[9]:        64        64        64        64        16        16         0         0         0         0         0         0         0         0         0         0 
dram[10]:        64        64        64        64        16        16         0         0         0         0         0         0         0         0         0         0 
dram[11]:        62        64        64        64        16        16         0         0         0         0         0         0         0         0         0         0 
dram[12]:        56        64        64        64        16        16         0         0         0         0         0         0         0         0         0         0 
dram[13]:        56        64        64        64        16        16         0         0         0         0         0         0         0         0         0         0 
dram[14]:        56        64        64        64        16        16         0         0         0         0         0         0         0         0         0         0 
dram[15]:        56        64        64        64        16        16         0         0         0         0         0         0         0         0         0         0 
dram[16]:        64        64        64        64        16        16         0         0         0         0         0         0         0         0         0         0 
dram[17]:        64        64        64        64        19        16         0         0         0         0         0         0         0         0         0         0 
dram[18]:        64        64        64        64        16        16         0         0         0         0         0         0         0         0         0         0 
dram[19]:        64        64        64        64        16        16         0         0         0         0         0         0         0         0         0         0 
dram[20]:        64        64        64        64        24        16         0         0         0         0         0         0         0         0         0         0 
dram[21]:        64        64        64        64        24        16         0         0         0         0         0         0         0         0         0         0 
dram[22]:        64        64        64        64        24        16         0         0         0         0         0         0         0         0         0         0 
dram[23]:        64        64        64        64        24        16         0         0         0         0         0         0         0         0         0         0 
dram[24]:        64        64        64        64        16        16         0         0         0         0         0         0         0         0         0         0 
dram[25]:        64        64        64        64        16        16         0         0         0         0         0         0         0         0         0         0 
dram[26]:        64        64        64        64        16        16         0         0         0         0         0         0         0         0         0         0 
dram[27]:        64        64        64        64        16        16         0         0         0         0         0         0         0         0         0         0 
dram[28]:        64        64        64        64        16        16         0         0         0         0         0         0         0         0         0         0 
dram[29]:        64        64        64        64        16        16         0         0         0         0         0         0         0         0         0         0 
dram[30]:        64        65        64        64        16        16         0         0         0         0         0         0         0         0         0         0 
dram[31]:        64        64        64        64        16        16         0         0         0         0         0         0         0         0         0         0 
total dram reads = 9222
min_bank_accesses = 0!
chip skew: 296/280 = 1.06
number of total write accesses:
dram[0]:         0         0         0         0         0         0         0         0         0         0         0         0         0         0         0         0 
dram[1]:         0         0         0         0         0         0         0         0         0         0         0         0         0         0         0         0 
dram[2]:         0         0         0         0         0         0         0         0         0         0         0         0         0         0         0         0 
dram[3]:         0         0         0         0         0         0         0         0         0         0         0         0         0         0         0         0 
dram[4]:         0         0         0         0         0         0         0         0         0         0         0         0         0         0         0         0 
dram[5]:         0         0         0         0         0         0         0         0         0         0         0         0         0         0         0         0 
dram[6]:         0         0         0         0         0         0         0         0         0         0         0         0         0         0         0         0 
dram[7]:         0         0         0         0         0         0         0         0         0         0         0         0         0         0         0         0 
dram[8]:         0         0         0         0         0         0         0         0         0         0         0         0         0         0         0         0 
dram[9]:         0         0         0         0         0         0         0         0         0         0         0         0         0         0         0         0 
dram[10]:         0         0         0         0         0         0         0         0         0         0         0         0         0         0         0         0 
dram[11]:         0         0         0         0         0         0         0         0         0         0         0         0         0         0         0         0 
dram[12]:         0         0         0         0         0         0         0         0         0         0         0         0         0         0         0         0 
dram[13]:         0         0         0         0         0         0         0         0         0         0         0         0         0         0         0         0 
dram[14]:         0         0         0         0         0         0         0         0         0         0         0         0         0         0         0         0 
dram[15]:         0         0         0         0         0         0         0         0         0         0         0         0         0         0         0         0 
dram[16]:         0         0         0         0         0         0         0         0         0         0         0         0         0         0         0         0 
dram[17]:         0         0         0         0         0         0         0         0         0         0         0         0         0         0         0         0 
dram[18]:         0         0         0         0         0         0         0         0         0         0         0         0         0         0         0         0 
dram[19]:         0         0         0         0         0         0         0         0         0         0         0         0         0         0         0         0 
dram[20]:         0         0         0         0         0         0         0         0         0         0         0         0         0         0         0         0 
dram[21]:         0         0         0         0         0         0         0         0         0         0         0         0         0         0         0         0 
dram[22]:         0         0         0         0         0         0         0         0         0         0         0         0         0         0         0         0 
dram[23]:         0         0         0         0         0         0         0         0         0         0         0         0         0         0         0         0 
dram[24]:         0         0         0         0         0         0         0         0         0         0         0         0         0         0         0         0 
dram[25]:         0         0         0         0         0         0         0         0         0         0         0         0         0         0         0         0 
dram[26]:         0         0         0         0         0         0         0         0         0         0         0         0         0         0         0         0 
dram[27]:         0         0         0         0         0         0         0         0         0         0         0         0         0         0         0         0 
dram[28]:         0         0         0         0         0         0         0         0         0         0         0         0         0         0         0         0 
dram[29]:         0         0         0         0         0         0         0         0         0         0         0         0         0         0         0         0 
dram[30]:         0         0         0         0         0         0         0         0         0         0         0         0         0         0         0         0 
dram[31]:         0         0         0         0         0         0         0         0         0         0         0         0         0         0         0         0 
total dram writes = 0
min_bank_accesses = 0!
min_chip_accesses = 0!
average mf latency per bank:
dram[0]:       1018       613       654       653      1015      1027    none      none      none      none      none      none      none      none      none      none  
dram[1]:        561       575       640       647      1054      1021    none      none      none      none      none      none      none      none      none      none  
dram[2]:        564       585       618       643      1069      1080    none      none      none      none      none      none      none      none      none      none  
dram[3]:        562       570       647       650      1044      1017    none      none      none      none      none      none      none      none      none      none  
dram[4]:        562       578       634       646       993      1042    none      none      none      none      none      none      none      none      none      none  
dram[5]:        561       586       631       615       960      1049    none      none      none      none      none      none      none      none      none      none  
dram[6]:        546       580       628       636      1014      1093    none      none      none      none      none      none      none      none      none      none  
dram[7]:        561       592       620       633      1020      1051    none      none      none      none      none      none      none      none      none      none  
dram[8]:        572       568       625       645      1022      1027    none      none      none      none      none      none      none      none      none      none  
dram[9]:        576       580       643       647      1063      1027    none      none      none      none      none      none      none      none      none      none  
dram[10]:        572       560       653       644      1019      1064    none      none      none      none      none      none      none      none      none      none  
dram[11]:        571       577       656       655      1010      1066    none      none      none      none      none      none      none      none      none      none  
dram[12]:        550       574       645       632      1032      1017    none      none      none      none      none      none      none      none      none      none  
dram[13]:        553       599       636       651       993      1016    none      none      none      none      none      none      none      none      none      none  
dram[14]:        561       565       642       630      1040      1032    none      none      none      none      none      none      none      none      none      none  
dram[15]:        570       550       621       632       997      1014    none      none      none      none      none      none      none      none      none      none  
dram[16]:        575       591       631       629      1001      1028    none      none      none      none      none      none      none      none      none      none  
dram[17]:        573       609       649       665       962      1052    none      none      none      none      none      none      none      none      none      none  
dram[18]:        559       585       640       630      1041      1047    none      none      none      none      none      none      none      none      none      none  
dram[19]:        576       591       620       651      1027      1057    none      none      none      none      none      none      none      none      none      none  
dram[20]:        586       592       652       663       879      1065    none      none      none      none      none      none      none      none      none      none  
dram[21]:        588       576       642       635       923      1052    none      none      none      none      none      none      none      none      none      none  
dram[22]:        573       566       623       624       883      1056    none      none      none      none      none      none      none      none      none      none  
dram[23]:        559       575       621       628       932      1021    none      none      none      none      none      none      none      none      none      none  
dram[24]:        578       586       626       645      1017      1080    none      none      none      none      none      none      none      none      none      none  
dram[25]:        568       594       631       672      1125      1085    none      none      none      none      none      none      none      none      none      none  
dram[26]:        557       595       631       687      1019      1010    none      none      none      none      none      none      none      none      none      none  
dram[27]:        557       589       632       657      1006       994    none      none      none      none      none      none      none      none      none      none  
dram[28]:        564       585       620       635       974       993    none      none      none      none      none      none      none      none      none      none  
dram[29]:        558       565       615       611       985      1073    none      none      none      none      none      none      none      none      none      none  
dram[30]:        557       656       613       614      1047      1064    none      none      none      none      none      none      none      none      none      none  
dram[31]:        554       587       621       613      1047      1056    none      none      none      none      none      none      none      none      none      none  
maximum mf latency per bank:
dram[0]:        619       684       467       475       423       425         0         0         0         0         0         0         0         0         0         0
dram[1]:        403       614       435       489       419       413         0         0         0         0         0         0         0         0         0         0
dram[2]:        448       824       427       456       393       419         0         0         0         0         0         0         0         0         0         0
dram[3]:        432       605       465       489       388       428         0         0         0         0         0         0         0         0         0         0
dram[4]:        402       802       428       505       388       395         0         0         0         0         0         0         0         0         0         0
dram[5]:        437       816       460       437       391       432         0         0         0         0         0         0         0         0         0         0
dram[6]:        389       785       451       461       382       463         0         0         0         0         0         0         0         0         0         0
dram[7]:        406       782       418       446       421       416         0         0         0         0         0         0         0         0         0         0
dram[8]:        420       607       468       463       411       389         0         0         0         0         0         0         0         0         0         0
dram[9]:        429       613       439       462       416       416         0         0         0         0         0         0         0         0         0         0
dram[10]:        430       611       463       480       384       413         0         0         0         0         0         0         0         0         0         0
dram[11]:        430       409       479       492       409       415         0         0         0         0         0         0         0         0         0         0
dram[12]:        387       433       456       463       396       456         0         0         0         0         0         0         0         0         0         0
dram[13]:        415       441       461       470       427       455         0         0         0         0         0         0         0         0         0         0
dram[14]:        426       435       468       449       417       446         0         0         0         0         0         0         0         0         0         0
dram[15]:        425       401       512       448       429       445         0         0         0         0         0         0         0         0         0         0
dram[16]:        418       810       436       461       412       415         0         0         0         0         0         0         0         0         0         0
dram[17]:        416       824       467       472       444       405         0         0         0         0         0         0         0         0         0         0
dram[18]:        425       901       436       452       393       430         0         0         0         0         0         0         0         0         0         0
dram[19]:        423       790       445       492       411       404         0         0         0         0         0         0         0         0         0         0
dram[20]:        443       608       470       451       393       433         0         0         0         0         0         0         0         0         0         0
dram[21]:        416       818       469       472       420       378         0         0         0         0         0         0         0         0         0         0
dram[22]:        393       612       463       455       473       422         0         0         0         0         0         0         0         0         0         0
dram[23]:        392       413       440       467       450       403         0         0         0         0         0         0         0         0         0         0
dram[24]:        428       642       438       471       411       461         0         0         0         0         0         0         0         0         0         0
dram[25]:        415       646       440       505       495       434         0         0         0         0         0         0         0         0         0         0
dram[26]:        428       634       441       507       403       395         0         0         0         0         0         0         0         0         0         0
dram[27]:        440       638       459       497       376       421         0         0         0         0         0         0         0         0         0         0
dram[28]:        390       626       448       453       386       459         0         0         0         0         0         0         0         0         0         0
dram[29]:        389       630       437       426       371       412         0         0         0         0         0         0         0         0         0         0
dram[30]:        402       618       428       433       433       419         0         0         0         0         0         0         0         0         0         0
dram[31]:        372       622       446       432       400       450         0         0         0         0         0         0         0         0         0         0
Memory Partition 0: 
Cache L2_bank_000:
MSHR contents

Cache L2_bank_001:
MSHR contents

In Dram Latency Queue (total = 0): 
DRAM[0]: 16 bks, busW=16 BL=2 CL=12, tRRD=3 tCCD=1, tRCD=12 tRAS=28 tRP=12 tRC=40
n_cmd=5786 n_nop=5486 n_act=9 n_pre=3 n_ref_event=0 n_req=292 n_rd=292 n_rd_L2_A=0 n_write=0 n_wr_bk=0 bw_util=0.05047
n_activity=505 dram_eff=0.5782
bk0: 68a 5638i bk1: 64a 5722i bk2: 64a 5722i bk3: 64a 5693i bk4: 16a 5760i bk5: 16a 5759i bk6: 0a 5786i bk7: 0a 5786i bk8: 0a 5786i bk9: 0a 5786i bk10: 0a 5786i bk11: 0a 5786i bk12: 0a 5786i bk13: 0a 5786i bk14: 0a 5786i bk15: 0a 5786i 

------------------------------------------------------------------------

Row_Buffer_Locality = 0.972603
Row_Buffer_Locality_read = 0.972603
Row_Buffer_Locality_write = -nan
Bank_Level_Parallism = 1.672131
Bank_Level_Parallism_Col = 1.712042
Bank_Level_Parallism_Ready = 1.246575
write_to_read_ratio_blp_rw_average = 0.000000
GrpLevelPara = 1.709424 

BW Util details:
bwutil = 0.050467 
total_CMD = 5786 
util_bw = 292 
Wasted_Col = 94 
Wasted_Row = 41 
Idle = 5359 

BW Util Bottlenecks: 
RCDc_limit = 63 
RCDWRc_limit = 0 
WTRc_limit = 0 
RTWc_limit = 0 
CCDLc_limit = 43 
rwq = 0 
CCDLc_limit_alone = 43 
WTRc_limit_alone = 0 
RTWc_limit_alone = 0 

Commands details: 
total_CMD = 5786 
n_nop = 5486 
Read = 292 
Write = 0 
L2_Alloc = 0 
L2_WB = 0 
n_act = 9 
n_pre = 3 
n_ref = 0 
n_req = 292 
total_req = 292 

Dual Bus Interface Util: 
issued_total_row = 12 
issued_total_col = 292 
Row_Bus_Util =  0.002074 
CoL_Bus_Util = 0.050467 
Either_Row_CoL_Bus_Util = 0.051849 
Issued_on_Two_Bus_Simul_Util = 0.000691 
issued_two_Eff = 0.013333 
queue_avg = 0.587625 


dram_util_bins: 0 0 0 0 0 0 0 0 0 0
dram_eff_bins: 0 0 0 0 0 0 0 0 0 0
mrqq: max=17 avg=0.587625
Memory Partition 1: 
Cache L2_bank_002:
MSHR contents

Cache L2_bank_003:
MSHR contents

In Dram Latency Queue (total = 0): 
DRAM[1]: 16 bks, busW=16 BL=2 CL=12, tRRD=3 tCCD=1, tRCD=12 tRAS=28 tRP=12 tRC=40
n_cmd=5786 n_nop=5497 n_act=6 n_pre=0 n_ref_event=0 n_req=288 n_rd=288 n_rd_L2_A=0 n_write=0 n_wr_bk=0 bw_util=0.04978
n_activity=464 dram_eff=0.6207
bk0: 64a 5723i bk1: 64a 5738i bk2: 64a 5726i bk3: 64a 5706i bk4: 16a 5735i bk5: 16a 5759i bk6: 0a 5786i bk7: 0a 5786i bk8: 0a 5786i bk9: 0a 5786i bk10: 0a 5786i bk11: 0a 5786i bk12: 0a 5786i bk13: 0a 5786i bk14: 0a 5786i bk15: 0a 5786i 

------------------------------------------------------------------------

Row_Buffer_Locality = 0.979167
Row_Buffer_Locality_read = 0.979167
Row_Buffer_Locality_write = -nan
Bank_Level_Parallism = 1.663073
Bank_Level_Parallism_Col = 1.648649
Bank_Level_Parallism_Ready = 1.291667
write_to_read_ratio_blp_rw_average = 0.000000
GrpLevelPara = 1.586486 

BW Util details:
bwutil = 0.049775 
total_CMD = 5786 
util_bw = 288 
Wasted_Col = 83 
Wasted_Row = 0 
Idle = 5415 

BW Util Bottlenecks: 
RCDc_limit = 39 
RCDWRc_limit = 0 
WTRc_limit = 0 
RTWc_limit = 0 
CCDLc_limit = 61 
rwq = 0 
CCDLc_limit_alone = 61 
WTRc_limit_alone = 0 
RTWc_limit_alone = 0 

Commands details: 
total_CMD = 5786 
n_nop = 5497 
Read = 288 
Write = 0 
L2_Alloc = 0 
L2_WB = 0 
n_act = 6 
n_pre = 0 
n_ref = 0 
n_req = 288 
total_req = 288 

Dual Bus Interface Util: 
issued_total_row = 6 
issued_total_col = 288 
Row_Bus_Util =  0.001037 
CoL_Bus_Util = 0.049775 
Either_Row_CoL_Bus_Util = 0.049948 
Issued_on_Two_Bus_Simul_Util = 0.000864 
issued_two_Eff = 0.017301 
queue_avg = 0.267542 


dram_util_bins: 0 0 0 0 0 0 0 0 0 0
dram_eff_bins: 0 0 0 0 0 0 0 0 0 0
mrqq: max=14 avg=0.267542
Memory Partition 2: 
Cache L2_bank_004:
MSHR contents

Cache L2_bank_005:
MSHR contents

In Dram Latency Queue (total = 0): 
DRAM[2]: 16 bks, busW=16 BL=2 CL=12, tRRD=3 tCCD=1, tRCD=12 tRAS=28 tRP=12 tRC=40
n_cmd=5786 n_nop=5494 n_act=6 n_pre=0 n_ref_event=0 n_req=288 n_rd=288 n_rd_L2_A=0 n_write=0 n_wr_bk=0 bw_util=0.04978
n_activity=468 dram_eff=0.6154
bk0: 64a 5727i bk1: 64a 5723i bk2: 64a 5714i bk3: 64a 5693i bk4: 16a 5753i bk5: 16a 5757i bk6: 0a 5786i bk7: 0a 5786i bk8: 0a 5786i bk9: 0a 5786i bk10: 0a 5786i bk11: 0a 5786i bk12: 0a 5786i bk13: 0a 5786i bk14: 0a 5786i bk15: 0a 5786i 

------------------------------------------------------------------------

Row_Buffer_Locality = 0.979167
Row_Buffer_Locality_read = 0.979167
Row_Buffer_Locality_write = -nan
Bank_Level_Parallism = 1.712366
Bank_Level_Parallism_Col = 1.700000
Bank_Level_Parallism_Ready = 1.239583
write_to_read_ratio_blp_rw_average = 0.000000
GrpLevelPara = 1.675676 

BW Util details:
bwutil = 0.049775 
total_CMD = 5786 
util_bw = 288 
Wasted_Col = 84 
Wasted_Row = 0 
Idle = 5414 

BW Util Bottlenecks: 
RCDc_limit = 39 
RCDWRc_limit = 0 
WTRc_limit = 0 
RTWc_limit = 0 
CCDLc_limit = 60 
rwq = 0 
CCDLc_limit_alone = 60 
WTRc_limit_alone = 0 
RTWc_limit_alone = 0 

Commands details: 
total_CMD = 5786 
n_nop = 5494 
Read = 288 
Write = 0 
L2_Alloc = 0 
L2_WB = 0 
n_act = 6 
n_pre = 0 
n_ref = 0 
n_req = 288 
total_req = 288 

Dual Bus Interface Util: 
issued_total_row = 6 
issued_total_col = 288 
Row_Bus_Util =  0.001037 
CoL_Bus_Util = 0.049775 
Either_Row_CoL_Bus_Util = 0.050467 
Issued_on_Two_Bus_Simul_Util = 0.000346 
issued_two_Eff = 0.006849 
queue_avg = 0.269789 


dram_util_bins: 0 0 0 0 0 0 0 0 0 0
dram_eff_bins: 0 0 0 0 0 0 0 0 0 0
mrqq: max=10 avg=0.269789
Memory Partition 3: 
Cache L2_bank_006:
MSHR contents

Cache L2_bank_007:
MSHR contents

In Dram Latency Queue (total = 0): 
DRAM[3]: 16 bks, busW=16 BL=2 CL=12, tRRD=3 tCCD=1, tRCD=12 tRAS=28 tRP=12 tRC=40
n_cmd=5786 n_nop=5495 n_act=6 n_pre=0 n_ref_event=0 n_req=288 n_rd=288 n_rd_L2_A=0 n_write=0 n_wr_bk=0 bw_util=0.04978
n_activity=477 dram_eff=0.6038
bk0: 64a 5742i bk1: 64a 5734i bk2: 64a 5710i bk3: 64a 5675i bk4: 16a 5759i bk5: 16a 5754i bk6: 0a 5786i bk7: 0a 5786i bk8: 0a 5786i bk9: 0a 5786i bk10: 0a 5786i bk11: 0a 5786i bk12: 0a 5786i bk13: 0a 5786i bk14: 0a 5786i bk15: 0a 5786i 

------------------------------------------------------------------------

Row_Buffer_Locality = 0.979167
Row_Buffer_Locality_read = 0.979167
Row_Buffer_Locality_write = -nan
Bank_Level_Parallism = 1.721311
Bank_Level_Parallism_Col = 1.704110
Bank_Level_Parallism_Ready = 1.357639
write_to_read_ratio_blp_rw_average = 0.000000
GrpLevelPara = 1.695890 

BW Util details:
bwutil = 0.049775 
total_CMD = 5786 
util_bw = 288 
Wasted_Col = 78 
Wasted_Row = 0 
Idle = 5420 

BW Util Bottlenecks: 
RCDc_limit = 38 
RCDWRc_limit = 0 
WTRc_limit = 0 
RTWc_limit = 0 
CCDLc_limit = 56 
rwq = 0 
CCDLc_limit_alone = 56 
WTRc_limit_alone = 0 
RTWc_limit_alone = 0 

Commands details: 
total_CMD = 5786 
n_nop = 5495 
Read = 288 
Write = 0 
L2_Alloc = 0 
L2_WB = 0 
n_act = 6 
n_pre = 0 
n_ref = 0 
n_req = 288 
total_req = 288 

Dual Bus Interface Util: 
issued_total_row = 6 
issued_total_col = 288 
Row_Bus_Util =  0.001037 
CoL_Bus_Util = 0.049775 
Either_Row_CoL_Bus_Util = 0.050294 
Issued_on_Two_Bus_Simul_Util = 0.000518 
issued_two_Eff = 0.010309 
queue_avg = 0.288628 


dram_util_bins: 0 0 0 0 0 0 0 0 0 0
dram_eff_bins: 0 0 0 0 0 0 0 0 0 0
mrqq: max=10 avg=0.288628
Memory Partition 4: 
Cache L2_bank_008:
MSHR contents

Cache L2_bank_009:
MSHR contents

In Dram Latency Queue (total = 0): 
DRAM[4]: 16 bks, busW=16 BL=2 CL=12, tRRD=3 tCCD=1, tRCD=12 tRAS=28 tRP=12 tRC=40
n_cmd=5786 n_nop=5495 n_act=6 n_pre=0 n_ref_event=0 n_req=288 n_rd=288 n_rd_L2_A=0 n_write=0 n_wr_bk=0 bw_util=0.04978
n_activity=485 dram_eff=0.5938
bk0: 64a 5733i bk1: 64a 5729i bk2: 64a 5732i bk3: 64a 5718i bk4: 16a 5763i bk5: 16a 5750i bk6: 0a 5786i bk7: 0a 5786i bk8: 0a 5786i bk9: 0a 5786i bk10: 0a 5786i bk11: 0a 5786i bk12: 0a 5786i bk13: 0a 5786i bk14: 0a 5786i bk15: 0a 5786i 

------------------------------------------------------------------------

Row_Buffer_Locality = 0.979167
Row_Buffer_Locality_read = 0.979167
Row_Buffer_Locality_write = -nan
Bank_Level_Parallism = 1.527704
Bank_Level_Parallism_Col = 1.523936
Bank_Level_Parallism_Ready = 1.177083
write_to_read_ratio_blp_rw_average = 0.000000
GrpLevelPara = 1.481383 

BW Util details:
bwutil = 0.049775 
total_CMD = 5786 
util_bw = 288 
Wasted_Col = 91 
Wasted_Row = 0 
Idle = 5407 

BW Util Bottlenecks: 
RCDc_limit = 37 
RCDWRc_limit = 0 
WTRc_limit = 0 
RTWc_limit = 0 
CCDLc_limit = 69 
rwq = 0 
CCDLc_limit_alone = 69 
WTRc_limit_alone = 0 
RTWc_limit_alone = 0 

Commands details: 
total_CMD = 5786 
n_nop = 5495 
Read = 288 
Write = 0 
L2_Alloc = 0 
L2_WB = 0 
n_act = 6 
n_pre = 0 
n_ref = 0 
n_req = 288 
total_req = 288 

Dual Bus Interface Util: 
issued_total_row = 6 
issued_total_col = 288 
Row_Bus_Util =  0.001037 
CoL_Bus_Util = 0.049775 
Either_Row_CoL_Bus_Util = 0.050294 
Issued_on_Two_Bus_Simul_Util = 0.000518 
issued_two_Eff = 0.010309 
queue_avg = 0.271863 


dram_util_bins: 0 0 0 0 0 0 0 0 0 0
dram_eff_bins: 0 0 0 0 0 0 0 0 0 0
mrqq: max=14 avg=0.271863
Memory Partition 5: 
Cache L2_bank_010:
MSHR contents

Cache L2_bank_011:
MSHR contents

In Dram Latency Queue (total = 0): 
DRAM[5]: 16 bks, busW=16 BL=2 CL=12, tRRD=3 tCCD=1, tRCD=12 tRAS=28 tRP=12 tRC=40
n_cmd=5786 n_nop=5494 n_act=6 n_pre=0 n_ref_event=0 n_req=288 n_rd=288 n_rd_L2_A=0 n_write=0 n_wr_bk=0 bw_util=0.04978
n_activity=502 dram_eff=0.5737
bk0: 64a 5730i bk1: 64a 5733i bk2: 64a 5712i bk3: 64a 5704i bk4: 16a 5756i bk5: 16a 5705i bk6: 0a 5786i bk7: 0a 5786i bk8: 0a 5786i bk9: 0a 5786i bk10: 0a 5786i bk11: 0a 5786i bk12: 0a 5786i bk13: 0a 5786i bk14: 0a 5786i bk15: 0a 5786i 

------------------------------------------------------------------------

Row_Buffer_Locality = 0.979167
Row_Buffer_Locality_read = 0.979167
Row_Buffer_Locality_write = -nan
Bank_Level_Parallism = 1.775401
Bank_Level_Parallism_Col = 1.768194
Bank_Level_Parallism_Ready = 1.364583
write_to_read_ratio_blp_rw_average = 0.000000
GrpLevelPara = 1.684636 

BW Util details:
bwutil = 0.049775 
total_CMD = 5786 
util_bw = 288 
Wasted_Col = 86 
Wasted_Row = 0 
Idle = 5412 

BW Util Bottlenecks: 
RCDc_limit = 40 
RCDWRc_limit = 0 
WTRc_limit = 0 
RTWc_limit = 0 
CCDLc_limit = 63 
rwq = 0 
CCDLc_limit_alone = 63 
WTRc_limit_alone = 0 
RTWc_limit_alone = 0 

Commands details: 
total_CMD = 5786 
n_nop = 5494 
Read = 288 
Write = 0 
L2_Alloc = 0 
L2_WB = 0 
n_act = 6 
n_pre = 0 
n_ref = 0 
n_req = 288 
total_req = 288 

Dual Bus Interface Util: 
issued_total_row = 6 
issued_total_col = 288 
Row_Bus_Util =  0.001037 
CoL_Bus_Util = 0.049775 
Either_Row_CoL_Bus_Util = 0.050467 
Issued_on_Two_Bus_Simul_Util = 0.000346 
issued_two_Eff = 0.006849 
queue_avg = 0.276011 


dram_util_bins: 0 0 0 0 0 0 0 0 0 0
dram_eff_bins: 0 0 0 0 0 0 0 0 0 0
mrqq: max=10 avg=0.276011
Memory Partition 6: 
Cache L2_bank_012:
MSHR contents

Cache L2_bank_013:
MSHR contents

In Dram Latency Queue (total = 0): 
DRAM[6]: 16 bks, busW=16 BL=2 CL=12, tRRD=3 tCCD=1, tRCD=12 tRAS=28 tRP=12 tRC=40
n_cmd=5786 n_nop=5494 n_act=6 n_pre=0 n_ref_event=0 n_req=288 n_rd=288 n_rd_L2_A=0 n_write=0 n_wr_bk=0 bw_util=0.04978
n_activity=493 dram_eff=0.5842
bk0: 64a 5733i bk1: 64a 5731i bk2: 64a 5730i bk3: 64a 5695i bk4: 16a 5754i bk5: 16a 5736i bk6: 0a 5786i bk7: 0a 5786i bk8: 0a 5786i bk9: 0a 5786i bk10: 0a 5786i bk11: 0a 5786i bk12: 0a 5786i bk13: 0a 5786i bk14: 0a 5786i bk15: 0a 5786i 

------------------------------------------------------------------------

Row_Buffer_Locality = 0.979167
Row_Buffer_Locality_read = 0.979167
Row_Buffer_Locality_write = -nan
Bank_Level_Parallism = 1.689189
Bank_Level_Parallism_Col = 1.691257
Bank_Level_Parallism_Ready = 1.368056
write_to_read_ratio_blp_rw_average = 0.000000
GrpLevelPara = 1.650273 

BW Util details:
bwutil = 0.049775 
total_CMD = 5786 
util_bw = 288 
Wasted_Col = 82 
Wasted_Row = 0 
Idle = 5416 

BW Util Bottlenecks: 
RCDc_limit = 42 
RCDWRc_limit = 0 
WTRc_limit = 0 
RTWc_limit = 0 
CCDLc_limit = 50 
rwq = 0 
CCDLc_limit_alone = 50 
WTRc_limit_alone = 0 
RTWc_limit_alone = 0 

Commands details: 
total_CMD = 5786 
n_nop = 5494 
Read = 288 
Write = 0 
L2_Alloc = 0 
L2_WB = 0 
n_act = 6 
n_pre = 0 
n_ref = 0 
n_req = 288 
total_req = 288 

Dual Bus Interface Util: 
issued_total_row = 6 
issued_total_col = 288 
Row_Bus_Util =  0.001037 
CoL_Bus_Util = 0.049775 
Either_Row_CoL_Bus_Util = 0.050467 
Issued_on_Two_Bus_Simul_Util = 0.000346 
issued_two_Eff = 0.006849 
queue_avg = 0.361908 


dram_util_bins: 0 0 0 0 0 0 0 0 0 0
dram_eff_bins: 0 0 0 0 0 0 0 0 0 0
mrqq: max=12 avg=0.361908
Memory Partition 7: 
Cache L2_bank_014:
MSHR contents

Cache L2_bank_015:
MSHR contents

In Dram Latency Queue (total = 0): 
DRAM[7]: 16 bks, busW=16 BL=2 CL=12, tRRD=3 tCCD=1, tRCD=12 tRAS=28 tRP=12 tRC=40
n_cmd=5786 n_nop=5493 n_act=6 n_pre=0 n_ref_event=0 n_req=288 n_rd=288 n_rd_L2_A=0 n_write=0 n_wr_bk=0 bw_util=0.04978
n_activity=437 dram_eff=0.659
bk0: 64a 5734i bk1: 64a 5730i bk2: 64a 5729i bk3: 64a 5693i bk4: 16a 5755i bk5: 16a 5734i bk6: 0a 5786i bk7: 0a 5786i bk8: 0a 5786i bk9: 0a 5786i bk10: 0a 5786i bk11: 0a 5786i bk12: 0a 5786i bk13: 0a 5786i bk14: 0a 5786i bk15: 0a 5786i 

------------------------------------------------------------------------

Row_Buffer_Locality = 0.979167
Row_Buffer_Locality_read = 0.979167
Row_Buffer_Locality_write = -nan
Bank_Level_Parallism = 1.690860
Bank_Level_Parallism_Col = 1.685637
Bank_Level_Parallism_Ready = 1.357639
write_to_read_ratio_blp_rw_average = 0.000000
GrpLevelPara = 1.636856 

BW Util details:
bwutil = 0.049775 
total_CMD = 5786 
util_bw = 288 
Wasted_Col = 84 
Wasted_Row = 0 
Idle = 5414 

BW Util Bottlenecks: 
RCDc_limit = 44 
RCDWRc_limit = 0 
WTRc_limit = 0 
RTWc_limit = 0 
CCDLc_limit = 57 
rwq = 0 
CCDLc_limit_alone = 57 
WTRc_limit_alone = 0 
RTWc_limit_alone = 0 

Commands details: 
total_CMD = 5786 
n_nop = 5493 
Read = 288 
Write = 0 
L2_Alloc = 0 
L2_WB = 0 
n_act = 6 
n_pre = 0 
n_ref = 0 
n_req = 288 
total_req = 288 

Dual Bus Interface Util: 
issued_total_row = 6 
issued_total_col = 288 
Row_Bus_Util =  0.001037 
CoL_Bus_Util = 0.049775 
Either_Row_CoL_Bus_Util = 0.050639 
Issued_on_Two_Bus_Simul_Util = 0.000173 
issued_two_Eff = 0.003413 
queue_avg = 0.304701 


dram_util_bins: 0 0 0 0 0 0 0 0 0 0
dram_eff_bins: 0 0 0 0 0 0 0 0 0 0
mrqq: max=14 avg=0.304701
Memory Partition 8: 
Cache L2_bank_016:
MSHR contents

Cache L2_bank_017:
MSHR contents

In Dram Latency Queue (total = 0): 
DRAM[8]: 16 bks, busW=16 BL=2 CL=12, tRRD=3 tCCD=1, tRCD=12 tRAS=28 tRP=12 tRC=40
n_cmd=5786 n_nop=5495 n_act=6 n_pre=0 n_ref_event=0 n_req=288 n_rd=288 n_rd_L2_A=0 n_write=0 n_wr_bk=0 bw_util=0.04978
n_activity=427 dram_eff=0.6745
bk0: 64a 5734i bk1: 64a 5712i bk2: 64a 5717i bk3: 64a 5701i bk4: 16a 5756i bk5: 16a 5750i bk6: 0a 5786i bk7: 0a 5786i bk8: 0a 5786i bk9: 0a 5786i bk10: 0a 5786i bk11: 0a 5786i bk12: 0a 5786i bk13: 0a 5786i bk14: 0a 5786i bk15: 0a 5786i 

------------------------------------------------------------------------

Row_Buffer_Locality = 0.979167
Row_Buffer_Locality_read = 0.979167
Row_Buffer_Locality_write = -nan
Bank_Level_Parallism = 1.751381
Bank_Level_Parallism_Col = 1.744444
Bank_Level_Parallism_Ready = 1.322917
write_to_read_ratio_blp_rw_average = 0.000000
GrpLevelPara = 1.741667 

BW Util details:
bwutil = 0.049775 
total_CMD = 5786 
util_bw = 288 
Wasted_Col = 74 
Wasted_Row = 0 
Idle = 5424 

BW Util Bottlenecks: 
RCDc_limit = 36 
RCDWRc_limit = 0 
WTRc_limit = 0 
RTWc_limit = 0 
CCDLc_limit = 54 
rwq = 0 
CCDLc_limit_alone = 54 
WTRc_limit_alone = 0 
RTWc_limit_alone = 0 

Commands details: 
total_CMD = 5786 
n_nop = 5495 
Read = 288 
Write = 0 
L2_Alloc = 0 
L2_WB = 0 
n_act = 6 
n_pre = 0 
n_ref = 0 
n_req = 288 
total_req = 288 

Dual Bus Interface Util: 
issued_total_row = 6 
issued_total_col = 288 
Row_Bus_Util =  0.001037 
CoL_Bus_Util = 0.049775 
Either_Row_CoL_Bus_Util = 0.050294 
Issued_on_Two_Bus_Simul_Util = 0.000518 
issued_two_Eff = 0.010309 
queue_avg = 0.397684 


dram_util_bins: 0 0 0 0 0 0 0 0 0 0
dram_eff_bins: 0 0 0 0 0 0 0 0 0 0
mrqq: max=16 avg=0.397684
Memory Partition 9: 
Cache L2_bank_018:
MSHR contents

Cache L2_bank_019:
MSHR contents

In Dram Latency Queue (total = 0): 
DRAM[9]: 16 bks, busW=16 BL=2 CL=12, tRRD=3 tCCD=1, tRCD=12 tRAS=28 tRP=12 tRC=40
n_cmd=5786 n_nop=5495 n_act=6 n_pre=0 n_ref_event=0 n_req=288 n_rd=288 n_rd_L2_A=0 n_write=0 n_wr_bk=0 bw_util=0.04978
n_activity=441 dram_eff=0.6531
bk0: 64a 5721i bk1: 64a 5742i bk2: 64a 5734i bk3: 64a 5681i bk4: 16a 5744i bk5: 16a 5754i bk6: 0a 5786i bk7: 0a 5786i bk8: 0a 5786i bk9: 0a 5786i bk10: 0a 5786i bk11: 0a 5786i bk12: 0a 5786i bk13: 0a 5786i bk14: 0a 5786i bk15: 0a 5786i 

------------------------------------------------------------------------

Row_Buffer_Locality = 0.979167
Row_Buffer_Locality_read = 0.979167
Row_Buffer_Locality_write = -nan
Bank_Level_Parallism = 1.744444
Bank_Level_Parallism_Col = 1.737430
Bank_Level_Parallism_Ready = 1.322917
write_to_read_ratio_blp_rw_average = 0.000000
GrpLevelPara = 1.726257 

BW Util details:
bwutil = 0.049775 
total_CMD = 5786 
util_bw = 288 
Wasted_Col = 72 
Wasted_Row = 0 
Idle = 5426 

BW Util Bottlenecks: 
RCDc_limit = 36 
RCDWRc_limit = 0 
WTRc_limit = 0 
RTWc_limit = 0 
CCDLc_limit = 50 
rwq = 0 
CCDLc_limit_alone = 50 
WTRc_limit_alone = 0 
RTWc_limit_alone = 0 

Commands details: 
total_CMD = 5786 
n_nop = 5495 
Read = 288 
Write = 0 
L2_Alloc = 0 
L2_WB = 0 
n_act = 6 
n_pre = 0 
n_ref = 0 
n_req = 288 
total_req = 288 

Dual Bus Interface Util: 
issued_total_row = 6 
issued_total_col = 288 
Row_Bus_Util =  0.001037 
CoL_Bus_Util = 0.049775 
Either_Row_CoL_Bus_Util = 0.050294 
Issued_on_Two_Bus_Simul_Util = 0.000518 
issued_two_Eff = 0.010309 
queue_avg = 0.344971 


dram_util_bins: 0 0 0 0 0 0 0 0 0 0
dram_eff_bins: 0 0 0 0 0 0 0 0 0 0
mrqq: max=11 avg=0.344971
Memory Partition 10: 
Cache L2_bank_020:
MSHR contents

Cache L2_bank_021:
MSHR contents

In Dram Latency Queue (total = 0): 
DRAM[10]: 16 bks, busW=16 BL=2 CL=12, tRRD=3 tCCD=1, tRCD=12 tRAS=28 tRP=12 tRC=40
n_cmd=5786 n_nop=5494 n_act=6 n_pre=0 n_ref_event=0 n_req=288 n_rd=288 n_rd_L2_A=0 n_write=0 n_wr_bk=0 bw_util=0.04978
n_activity=475 dram_eff=0.6063
bk0: 64a 5743i bk1: 64a 5717i bk2: 64a 5719i bk3: 64a 5698i bk4: 16a 5762i bk5: 16a 5745i bk6: 0a 5786i bk7: 0a 5786i bk8: 0a 5786i bk9: 0a 5786i bk10: 0a 5786i bk11: 0a 5786i bk12: 0a 5786i bk13: 0a 5786i bk14: 0a 5786i bk15: 0a 5786i 

------------------------------------------------------------------------

Row_Buffer_Locality = 0.979167
Row_Buffer_Locality_read = 0.979167
Row_Buffer_Locality_write = -nan
Bank_Level_Parallism = 1.717452
Bank_Level_Parallism_Col = 1.710306
Bank_Level_Parallism_Ready = 1.291667
write_to_read_ratio_blp_rw_average = 0.000000
GrpLevelPara = 1.674095 

BW Util details:
bwutil = 0.049775 
total_CMD = 5786 
util_bw = 288 
Wasted_Col = 73 
Wasted_Row = 0 
Idle = 5425 

BW Util Bottlenecks: 
RCDc_limit = 38 
RCDWRc_limit = 0 
WTRc_limit = 0 
RTWc_limit = 0 
CCDLc_limit = 58 
rwq = 0 
CCDLc_limit_alone = 58 
WTRc_limit_alone = 0 
RTWc_limit_alone = 0 

Commands details: 
total_CMD = 5786 
n_nop = 5494 
Read = 288 
Write = 0 
L2_Alloc = 0 
L2_WB = 0 
n_act = 6 
n_pre = 0 
n_ref = 0 
n_req = 288 
total_req = 288 

Dual Bus Interface Util: 
issued_total_row = 6 
issued_total_col = 288 
Row_Bus_Util =  0.001037 
CoL_Bus_Util = 0.049775 
Either_Row_CoL_Bus_Util = 0.050467 
Issued_on_Two_Bus_Simul_Util = 0.000346 
issued_two_Eff = 0.006849 
queue_avg = 0.270653 


dram_util_bins: 0 0 0 0 0 0 0 0 0 0
dram_eff_bins: 0 0 0 0 0 0 0 0 0 0
mrqq: max=10 avg=0.270653
Memory Partition 11: 
Cache L2_bank_022:
MSHR contents

Cache L2_bank_023:
MSHR contents

In Dram Latency Queue (total = 0): 
DRAM[11]: 16 bks, busW=16 BL=2 CL=12, tRRD=3 tCCD=1, tRCD=12 tRAS=28 tRP=12 tRC=40
n_cmd=5786 n_nop=5498 n_act=6 n_pre=0 n_ref_event=0 n_req=286 n_rd=286 n_rd_L2_A=0 n_write=0 n_wr_bk=0 bw_util=0.04943
n_activity=498 dram_eff=0.5743
bk0: 62a 5736i bk1: 64a 5727i bk2: 64a 5702i bk3: 64a 5679i bk4: 16a 5739i bk5: 16a 5751i bk6: 0a 5786i bk7: 0a 5786i bk8: 0a 5786i bk9: 0a 5786i bk10: 0a 5786i bk11: 0a 5786i bk12: 0a 5786i bk13: 0a 5786i bk14: 0a 5786i bk15: 0a 5786i 

------------------------------------------------------------------------

Row_Buffer_Locality = 0.979021
Row_Buffer_Locality_read = 0.979021
Row_Buffer_Locality_write = -nan
Bank_Level_Parallism = 1.744125
Bank_Level_Parallism_Col = 1.732283
Bank_Level_Parallism_Ready = 1.405594
write_to_read_ratio_blp_rw_average = 0.000000
GrpLevelPara = 1.674541 

BW Util details:
bwutil = 0.049430 
total_CMD = 5786 
util_bw = 286 
Wasted_Col = 97 
Wasted_Row = 0 
Idle = 5403 

BW Util Bottlenecks: 
RCDc_limit = 49 
RCDWRc_limit = 0 
WTRc_limit = 0 
RTWc_limit = 0 
CCDLc_limit = 67 
rwq = 0 
CCDLc_limit_alone = 67 
WTRc_limit_alone = 0 
RTWc_limit_alone = 0 

Commands details: 
total_CMD = 5786 
n_nop = 5498 
Read = 286 
Write = 0 
L2_Alloc = 0 
L2_WB = 0 
n_act = 6 
n_pre = 0 
n_ref = 0 
n_req = 286 
total_req = 286 

Dual Bus Interface Util: 
issued_total_row = 6 
issued_total_col = 286 
Row_Bus_Util =  0.001037 
CoL_Bus_Util = 0.049430 
Either_Row_CoL_Bus_Util = 0.049775 
Issued_on_Two_Bus_Simul_Util = 0.000691 
issued_two_Eff = 0.013889 
queue_avg = 0.511407 


dram_util_bins: 0 0 0 0 0 0 0 0 0 0
dram_eff_bins: 0 0 0 0 0 0 0 0 0 0
mrqq: max=19 avg=0.511407
Memory Partition 12: 
Cache L2_bank_024:
MSHR contents

Cache L2_bank_025:
MSHR contents

In Dram Latency Queue (total = 0): 
DRAM[12]: 16 bks, busW=16 BL=2 CL=12, tRRD=3 tCCD=1, tRCD=12 tRAS=28 tRP=12 tRC=40
n_cmd=5786 n_nop=5502 n_act=6 n_pre=0 n_ref_event=0 n_req=280 n_rd=280 n_rd_L2_A=0 n_write=0 n_wr_bk=0 bw_util=0.04839
n_activity=463 dram_eff=0.6048
bk0: 56a 5739i bk1: 64a 5716i bk2: 64a 5722i bk3: 64a 5708i bk4: 16a 5761i bk5: 16a 5718i bk6: 0a 5786i bk7: 0a 5786i bk8: 0a 5786i bk9: 0a 5786i bk10: 0a 5786i bk11: 0a 5786i bk12: 0a 5786i bk13: 0a 5786i bk14: 0a 5786i bk15: 0a 5786i 

------------------------------------------------------------------------

Row_Buffer_Locality = 0.978571
Row_Buffer_Locality_read = 0.978571
Row_Buffer_Locality_write = -nan
Bank_Level_Parallism = 1.698925
Bank_Level_Parallism_Col = 1.696477
Bank_Level_Parallism_Ready = 1.285714
write_to_read_ratio_blp_rw_average = 0.000000
GrpLevelPara = 1.560976 

BW Util details:
bwutil = 0.048393 
total_CMD = 5786 
util_bw = 280 
Wasted_Col = 92 
Wasted_Row = 0 
Idle = 5414 

BW Util Bottlenecks: 
RCDc_limit = 46 
RCDWRc_limit = 0 
WTRc_limit = 0 
RTWc_limit = 0 
CCDLc_limit = 72 
rwq = 0 
CCDLc_limit_alone = 72 
WTRc_limit_alone = 0 
RTWc_limit_alone = 0 

Commands details: 
total_CMD = 5786 
n_nop = 5502 
Read = 280 
Write = 0 
L2_Alloc = 0 
L2_WB = 0 
n_act = 6 
n_pre = 0 
n_ref = 0 
n_req = 280 
total_req = 280 

Dual Bus Interface Util: 
issued_total_row = 6 
issued_total_col = 280 
Row_Bus_Util =  0.001037 
CoL_Bus_Util = 0.048393 
Either_Row_CoL_Bus_Util = 0.049084 
Issued_on_Two_Bus_Simul_Util = 0.000346 
issued_two_Eff = 0.007042 
queue_avg = 0.233840 


dram_util_bins: 0 0 0 0 0 0 0 0 0 0
dram_eff_bins: 0 0 0 0 0 0 0 0 0 0
mrqq: max=9 avg=0.23384
Memory Partition 13: 
Cache L2_bank_026:
MSHR contents

Cache L2_bank_027:
MSHR contents

In Dram Latency Queue (total = 0): 
DRAM[13]: 16 bks, busW=16 BL=2 CL=12, tRRD=3 tCCD=1, tRCD=12 tRAS=28 tRP=12 tRC=40
n_cmd=5786 n_nop=5501 n_act=6 n_pre=0 n_ref_event=0 n_req=280 n_rd=280 n_rd_L2_A=0 n_write=0 n_wr_bk=0 bw_util=0.04839
n_activity=467 dram_eff=0.5996
bk0: 56a 5742i bk1: 64a 5730i bk2: 64a 5721i bk3: 64a 5700i bk4: 16a 5756i bk5: 16a 5728i bk6: 0a 5786i bk7: 0a 5786i bk8: 0a 5786i bk9: 0a 5786i bk10: 0a 5786i bk11: 0a 5786i bk12: 0a 5786i bk13: 0a 5786i bk14: 0a 5786i bk15: 0a 5786i 

------------------------------------------------------------------------

Row_Buffer_Locality = 0.978571
Row_Buffer_Locality_read = 0.978571
Row_Buffer_Locality_write = -nan
Bank_Level_Parallism = 1.733894
Bank_Level_Parallism_Col = 1.721127
Bank_Level_Parallism_Ready = 1.300000
write_to_read_ratio_blp_rw_average = 0.000000
GrpLevelPara = 1.611268 

BW Util details:
bwutil = 0.048393 
total_CMD = 5786 
util_bw = 280 
Wasted_Col = 77 
Wasted_Row = 0 
Idle = 5429 

BW Util Bottlenecks: 
RCDc_limit = 44 
RCDWRc_limit = 0 
WTRc_limit = 0 
RTWc_limit = 0 
CCDLc_limit = 57 
rwq = 0 
CCDLc_limit_alone = 57 
WTRc_limit_alone = 0 
RTWc_limit_alone = 0 

Commands details: 
total_CMD = 5786 
n_nop = 5501 
Read = 280 
Write = 0 
L2_Alloc = 0 
L2_WB = 0 
n_act = 6 
n_pre = 0 
n_ref = 0 
n_req = 280 
total_req = 280 

Dual Bus Interface Util: 
issued_total_row = 6 
issued_total_col = 280 
Row_Bus_Util =  0.001037 
CoL_Bus_Util = 0.048393 
Either_Row_CoL_Bus_Util = 0.049257 
Issued_on_Two_Bus_Simul_Util = 0.000173 
issued_two_Eff = 0.003509 
queue_avg = 0.304528 


dram_util_bins: 0 0 0 0 0 0 0 0 0 0
dram_eff_bins: 0 0 0 0 0 0 0 0 0 0
mrqq: max=11 avg=0.304528
Memory Partition 14: 
Cache L2_bank_028:
MSHR contents

Cache L2_bank_029:
MSHR contents

In Dram Latency Queue (total = 0): 
DRAM[14]: 16 bks, busW=16 BL=2 CL=12, tRRD=3 tCCD=1, tRCD=12 tRAS=28 tRP=12 tRC=40
n_cmd=5786 n_nop=5503 n_act=6 n_pre=0 n_ref_event=0 n_req=280 n_rd=280 n_rd_L2_A=0 n_write=0 n_wr_bk=0 bw_util=0.04839
n_activity=439 dram_eff=0.6378
bk0: 56a 5739i bk1: 64a 5731i bk2: 64a 5710i bk3: 64a 5702i bk4: 16a 5750i bk5: 16a 5752i bk6: 0a 5786i bk7: 0a 5786i bk8: 0a 5786i bk9: 0a 5786i bk10: 0a 5786i bk11: 0a 5786i bk12: 0a 5786i bk13: 0a 5786i bk14: 0a 5786i bk15: 0a 5786i 

------------------------------------------------------------------------

Row_Buffer_Locality = 0.978571
Row_Buffer_Locality_read = 0.978571
Row_Buffer_Locality_write = -nan
Bank_Level_Parallism = 1.685950
Bank_Level_Parallism_Col = 1.675900
Bank_Level_Parallism_Ready = 1.310714
write_to_read_ratio_blp_rw_average = 0.000000
GrpLevelPara = 1.614958 

BW Util details:
bwutil = 0.048393 
total_CMD = 5786 
util_bw = 280 
Wasted_Col = 83 
Wasted_Row = 0 
Idle = 5423 

BW Util Bottlenecks: 
RCDc_limit = 36 
RCDWRc_limit = 0 
WTRc_limit = 0 
RTWc_limit = 0 
CCDLc_limit = 66 
rwq = 0 
CCDLc_limit_alone = 66 
WTRc_limit_alone = 0 
RTWc_limit_alone = 0 

Commands details: 
total_CMD = 5786 
n_nop = 5503 
Read = 280 
Write = 0 
L2_Alloc = 0 
L2_WB = 0 
n_act = 6 
n_pre = 0 
n_ref = 0 
n_req = 280 
total_req = 280 

Dual Bus Interface Util: 
issued_total_row = 6 
issued_total_col = 280 
Row_Bus_Util =  0.001037 
CoL_Bus_Util = 0.048393 
Either_Row_CoL_Bus_Util = 0.048911 
Issued_on_Two_Bus_Simul_Util = 0.000518 
issued_two_Eff = 0.010601 
queue_avg = 0.310923 


dram_util_bins: 0 0 0 0 0 0 0 0 0 0
dram_eff_bins: 0 0 0 0 0 0 0 0 0 0
mrqq: max=9 avg=0.310923
Memory Partition 15: 
Cache L2_bank_030:
MSHR contents

Cache L2_bank_031:
MSHR contents

In Dram Latency Queue (total = 0): 
DRAM[15]: 16 bks, busW=16 BL=2 CL=12, tRRD=3 tCCD=1, tRCD=12 tRAS=28 tRP=12 tRC=40
n_cmd=5786 n_nop=5503 n_act=6 n_pre=0 n_ref_event=0 n_req=280 n_rd=280 n_rd_L2_A=0 n_write=0 n_wr_bk=0 bw_util=0.04839
n_activity=448 dram_eff=0.625
bk0: 56a 5748i bk1: 64a 5721i bk2: 64a 5716i bk3: 64a 5711i bk4: 16a 5757i bk5: 16a 5744i bk6: 0a 5786i bk7: 0a 5786i bk8: 0a 5786i bk9: 0a 5786i bk10: 0a 5786i bk11: 0a 5786i bk12: 0a 5786i bk13: 0a 5786i bk14: 0a 5786i bk15: 0a 5786i 

------------------------------------------------------------------------

Row_Buffer_Locality = 0.978571
Row_Buffer_Locality_read = 0.978571
Row_Buffer_Locality_write = -nan
Bank_Level_Parallism = 1.580475
Bank_Level_Parallism_Col = 1.570292
Bank_Level_Parallism_Ready = 1.196429
write_to_read_ratio_blp_rw_average = 0.000000
GrpLevelPara = 1.530504 

BW Util details:
bwutil = 0.048393 
total_CMD = 5786 
util_bw = 280 
Wasted_Col = 99 
Wasted_Row = 0 
Idle = 5407 

BW Util Bottlenecks: 
RCDc_limit = 38 
RCDWRc_limit = 0 
WTRc_limit = 0 
RTWc_limit = 0 
CCDLc_limit = 85 
rwq = 0 
CCDLc_limit_alone = 85 
WTRc_limit_alone = 0 
RTWc_limit_alone = 0 

Commands details: 
total_CMD = 5786 
n_nop = 5503 
Read = 280 
Write = 0 
L2_Alloc = 0 
L2_WB = 0 
n_act = 6 
n_pre = 0 
n_ref = 0 
n_req = 280 
total_req = 280 

Dual Bus Interface Util: 
issued_total_row = 6 
issued_total_col = 280 
Row_Bus_Util =  0.001037 
CoL_Bus_Util = 0.048393 
Either_Row_CoL_Bus_Util = 0.048911 
Issued_on_Two_Bus_Simul_Util = 0.000518 
issued_two_Eff = 0.010601 
queue_avg = 0.327688 


dram_util_bins: 0 0 0 0 0 0 0 0 0 0
dram_eff_bins: 0 0 0 0 0 0 0 0 0 0
mrqq: max=15 avg=0.327688
Memory Partition 16: 
Cache L2_bank_032:
MSHR contents

Cache L2_bank_033:
MSHR contents

In Dram Latency Queue (total = 0): 
DRAM[16]: 16 bks, busW=16 BL=2 CL=12, tRRD=3 tCCD=1, tRCD=12 tRAS=28 tRP=12 tRC=40
n_cmd=5786 n_nop=5495 n_act=6 n_pre=0 n_ref_event=0 n_req=288 n_rd=288 n_rd_L2_A=0 n_write=0 n_wr_bk=0 bw_util=0.04978
n_activity=436 dram_eff=0.6606
bk0: 64a 5726i bk1: 64a 5731i bk2: 64a 5724i bk3: 64a 5691i bk4: 16a 5756i bk5: 16a 5755i bk6: 0a 5786i bk7: 0a 5786i bk8: 0a 5786i bk9: 0a 5786i bk10: 0a 5786i bk11: 0a 5786i bk12: 0a 5786i bk13: 0a 5786i bk14: 0a 5786i bk15: 0a 5786i 

------------------------------------------------------------------------

Row_Buffer_Locality = 0.979167
Row_Buffer_Locality_read = 0.979167
Row_Buffer_Locality_write = -nan
Bank_Level_Parallism = 1.692098
Bank_Level_Parallism_Col = 1.679452
Bank_Level_Parallism_Ready = 1.309028
write_to_read_ratio_blp_rw_average = 0.000000
GrpLevelPara = 1.619178 

BW Util details:
bwutil = 0.049775 
total_CMD = 5786 
util_bw = 288 
Wasted_Col = 79 
Wasted_Row = 0 
Idle = 5419 

BW Util Bottlenecks: 
RCDc_limit = 36 
RCDWRc_limit = 0 
WTRc_limit = 0 
RTWc_limit = 0 
CCDLc_limit = 54 
rwq = 0 
CCDLc_limit_alone = 54 
WTRc_limit_alone = 0 
RTWc_limit_alone = 0 

Commands details: 
total_CMD = 5786 
n_nop = 5495 
Read = 288 
Write = 0 
L2_Alloc = 0 
L2_WB = 0 
n_act = 6 
n_pre = 0 
n_ref = 0 
n_req = 288 
total_req = 288 

Dual Bus Interface Util: 
issued_total_row = 6 
issued_total_col = 288 
Row_Bus_Util =  0.001037 
CoL_Bus_Util = 0.049775 
Either_Row_CoL_Bus_Util = 0.050294 
Issued_on_Two_Bus_Simul_Util = 0.000518 
issued_two_Eff = 0.010309 
queue_avg = 0.202385 


dram_util_bins: 0 0 0 0 0 0 0 0 0 0
dram_eff_bins: 0 0 0 0 0 0 0 0 0 0
mrqq: max=9 avg=0.202385
Memory Partition 17: 
Cache L2_bank_034:
MSHR contents

Cache L2_bank_035:
MSHR contents

In Dram Latency Queue (total = 0): 
DRAM[17]: 16 bks, busW=16 BL=2 CL=12, tRRD=3 tCCD=1, tRCD=12 tRAS=28 tRP=12 tRC=40
n_cmd=5786 n_nop=5493 n_act=6 n_pre=0 n_ref_event=0 n_req=291 n_rd=291 n_rd_L2_A=0 n_write=0 n_wr_bk=0 bw_util=0.05029
n_activity=464 dram_eff=0.6272
bk0: 64a 5723i bk1: 64a 5737i bk2: 64a 5724i bk3: 64a 5697i bk4: 19a 5742i bk5: 16a 5753i bk6: 0a 5786i bk7: 0a 5786i bk8: 0a 5786i bk9: 0a 5786i bk10: 0a 5786i bk11: 0a 5786i bk12: 0a 5786i bk13: 0a 5786i bk14: 0a 5786i bk15: 0a 5786i 

------------------------------------------------------------------------

Row_Buffer_Locality = 0.979381
Row_Buffer_Locality_read = 0.979381
Row_Buffer_Locality_write = -nan
Bank_Level_Parallism = 1.724044
Bank_Level_Parallism_Col = 1.717033
Bank_Level_Parallism_Ready = 1.340206
write_to_read_ratio_blp_rw_average = 0.000000
GrpLevelPara = 1.695055 

BW Util details:
bwutil = 0.050294 
total_CMD = 5786 
util_bw = 291 
Wasted_Col = 75 
Wasted_Row = 0 
Idle = 5420 

BW Util Bottlenecks: 
RCDc_limit = 29 
RCDWRc_limit = 0 
WTRc_limit = 0 
RTWc_limit = 0 
CCDLc_limit = 51 
rwq = 0 
CCDLc_limit_alone = 51 
WTRc_limit_alone = 0 
RTWc_limit_alone = 0 

Commands details: 
total_CMD = 5786 
n_nop = 5493 
Read = 291 
Write = 0 
L2_Alloc = 0 
L2_WB = 0 
n_act = 6 
n_pre = 0 
n_ref = 0 
n_req = 291 
total_req = 291 

Dual Bus Interface Util: 
issued_total_row = 6 
issued_total_col = 291 
Row_Bus_Util =  0.001037 
CoL_Bus_Util = 0.050294 
Either_Row_CoL_Bus_Util = 0.050639 
Issued_on_Two_Bus_Simul_Util = 0.000691 
issued_two_Eff = 0.013652 
queue_avg = 0.369685 


dram_util_bins: 0 0 0 0 0 0 0 0 0 0
dram_eff_bins: 0 0 0 0 0 0 0 0 0 0
mrqq: max=14 avg=0.369685
Memory Partition 18: 
Cache L2_bank_036:
MSHR contents

Cache L2_bank_037:
MSHR contents

In Dram Latency Queue (total = 0): 
DRAM[18]: 16 bks, busW=16 BL=2 CL=12, tRRD=3 tCCD=1, tRCD=12 tRAS=28 tRP=12 tRC=40
n_cmd=5786 n_nop=5495 n_act=6 n_pre=0 n_ref_event=0 n_req=288 n_rd=288 n_rd_L2_A=0 n_write=0 n_wr_bk=0 bw_util=0.04978
n_activity=483 dram_eff=0.5963
bk0: 64a 5733i bk1: 64a 5736i bk2: 64a 5735i bk3: 64a 5688i bk4: 16a 5743i bk5: 16a 5748i bk6: 0a 5786i bk7: 0a 5786i bk8: 0a 5786i bk9: 0a 5786i bk10: 0a 5786i bk11: 0a 5786i bk12: 0a 5786i bk13: 0a 5786i bk14: 0a 5786i bk15: 0a 5786i 

------------------------------------------------------------------------

Row_Buffer_Locality = 0.979167
Row_Buffer_Locality_read = 0.979167
Row_Buffer_Locality_write = -nan
Bank_Level_Parallism = 1.669355
Bank_Level_Parallism_Col = 1.666667
Bank_Level_Parallism_Ready = 1.340278
write_to_read_ratio_blp_rw_average = 0.000000
GrpLevelPara = 1.623306 

BW Util details:
bwutil = 0.049775 
total_CMD = 5786 
util_bw = 288 
Wasted_Col = 84 
Wasted_Row = 0 
Idle = 5414 

BW Util Bottlenecks: 
RCDc_limit = 41 
RCDWRc_limit = 0 
WTRc_limit = 0 
RTWc_limit = 0 
CCDLc_limit = 54 
rwq = 0 
CCDLc_limit_alone = 54 
WTRc_limit_alone = 0 
RTWc_limit_alone = 0 

Commands details: 
total_CMD = 5786 
n_nop = 5495 
Read = 288 
Write = 0 
L2_Alloc = 0 
L2_WB = 0 
n_act = 6 
n_pre = 0 
n_ref = 0 
n_req = 288 
total_req = 288 

Dual Bus Interface Util: 
issued_total_row = 6 
issued_total_col = 288 
Row_Bus_Util =  0.001037 
CoL_Bus_Util = 0.049775 
Either_Row_CoL_Bus_Util = 0.050294 
Issued_on_Two_Bus_Simul_Util = 0.000518 
issued_two_Eff = 0.010309 
queue_avg = 0.255271 


dram_util_bins: 0 0 0 0 0 0 0 0 0 0
dram_eff_bins: 0 0 0 0 0 0 0 0 0 0
mrqq: max=10 avg=0.255271
Memory Partition 19: 
Cache L2_bank_038:
MSHR contents

Cache L2_bank_039:
MSHR contents

In Dram Latency Queue (total = 0): 
DRAM[19]: 16 bks, busW=16 BL=2 CL=12, tRRD=3 tCCD=1, tRCD=12 tRAS=28 tRP=12 tRC=40
n_cmd=5786 n_nop=5495 n_act=6 n_pre=0 n_ref_event=0 n_req=288 n_rd=288 n_rd_L2_A=0 n_write=0 n_wr_bk=0 bw_util=0.04978
n_activity=511 dram_eff=0.5636
bk0: 64a 5730i bk1: 64a 5740i bk2: 64a 5729i bk3: 64a 5681i bk4: 16a 5751i bk5: 16a 5738i bk6: 0a 5786i bk7: 0a 5786i bk8: 0a 5786i bk9: 0a 5786i bk10: 0a 5786i bk11: 0a 5786i bk12: 0a 5786i bk13: 0a 5786i bk14: 0a 5786i bk15: 0a 5786i 

------------------------------------------------------------------------

Row_Buffer_Locality = 0.979167
Row_Buffer_Locality_read = 0.979167
Row_Buffer_Locality_write = -nan
Bank_Level_Parallism = 1.666667
Bank_Level_Parallism_Col = 1.659631
Bank_Level_Parallism_Ready = 1.364583
write_to_read_ratio_blp_rw_average = 0.000000
GrpLevelPara = 1.564644 

BW Util details:
bwutil = 0.049775 
total_CMD = 5786 
util_bw = 288 
Wasted_Col = 93 
Wasted_Row = 0 
Idle = 5405 

BW Util Bottlenecks: 
RCDc_limit = 40 
RCDWRc_limit = 0 
WTRc_limit = 0 
RTWc_limit = 0 
CCDLc_limit = 67 
rwq = 0 
CCDLc_limit_alone = 67 
WTRc_limit_alone = 0 
RTWc_limit_alone = 0 

Commands details: 
total_CMD = 5786 
n_nop = 5495 
Read = 288 
Write = 0 
L2_Alloc = 0 
L2_WB = 0 
n_act = 6 
n_pre = 0 
n_ref = 0 
n_req = 288 
total_req = 288 

Dual Bus Interface Util: 
issued_total_row = 6 
issued_total_col = 288 
Row_Bus_Util =  0.001037 
CoL_Bus_Util = 0.049775 
Either_Row_CoL_Bus_Util = 0.050294 
Issued_on_Two_Bus_Simul_Util = 0.000518 
issued_two_Eff = 0.010309 
queue_avg = 0.330280 


dram_util_bins: 0 0 0 0 0 0 0 0 0 0
dram_eff_bins: 0 0 0 0 0 0 0 0 0 0
mrqq: max=13 avg=0.33028
Memory Partition 20: 
Cache L2_bank_040:
MSHR contents

Cache L2_bank_041:
MSHR contents

In Dram Latency Queue (total = 0): 
DRAM[20]: 16 bks, busW=16 BL=2 CL=12, tRRD=3 tCCD=1, tRCD=12 tRAS=28 tRP=12 tRC=40
n_cmd=5786 n_nop=5486 n_act=6 n_pre=0 n_ref_event=0 n_req=296 n_rd=296 n_rd_L2_A=0 n_write=0 n_wr_bk=0 bw_util=0.05116
n_activity=536 dram_eff=0.5522
bk0: 64a 5712i bk1: 64a 5725i bk2: 64a 5717i bk3: 64a 5669i bk4: 24a 5725i bk5: 16a 5722i bk6: 0a 5786i bk7: 0a 5786i bk8: 0a 5786i bk9: 0a 5786i bk10: 0a 5786i bk11: 0a 5786i bk12: 0a 5786i bk13: 0a 5786i bk14: 0a 5786i bk15: 0a 5786i 

------------------------------------------------------------------------

Row_Buffer_Locality = 0.979730
Row_Buffer_Locality_read = 0.979730
Row_Buffer_Locality_write = -nan
Bank_Level_Parallism = 1.962963
Bank_Level_Parallism_Col = 1.962667
Bank_Level_Parallism_Ready = 1.500000
write_to_read_ratio_blp_rw_average = 0.000000
GrpLevelPara = 1.797333 

BW Util details:
bwutil = 0.051158 
total_CMD = 5786 
util_bw = 296 
Wasted_Col = 82 
Wasted_Row = 0 
Idle = 5408 

BW Util Bottlenecks: 
RCDc_limit = 36 
RCDWRc_limit = 0 
WTRc_limit = 0 
RTWc_limit = 0 
CCDLc_limit = 77 
rwq = 0 
CCDLc_limit_alone = 77 
WTRc_limit_alone = 0 
RTWc_limit_alone = 0 

Commands details: 
total_CMD = 5786 
n_nop = 5486 
Read = 296 
Write = 0 
L2_Alloc = 0 
L2_WB = 0 
n_act = 6 
n_pre = 0 
n_ref = 0 
n_req = 296 
total_req = 296 

Dual Bus Interface Util: 
issued_total_row = 6 
issued_total_col = 296 
Row_Bus_Util =  0.001037 
CoL_Bus_Util = 0.051158 
Either_Row_CoL_Bus_Util = 0.051849 
Issued_on_Two_Bus_Simul_Util = 0.000346 
issued_two_Eff = 0.006667 
queue_avg = 0.387141 


dram_util_bins: 0 0 0 0 0 0 0 0 0 0
dram_eff_bins: 0 0 0 0 0 0 0 0 0 0
mrqq: max=12 avg=0.387141
Memory Partition 21: 
Cache L2_bank_042:
MSHR contents

Cache L2_bank_043:
MSHR contents

In Dram Latency Queue (total = 0): 
DRAM[21]: 16 bks, busW=16 BL=2 CL=12, tRRD=3 tCCD=1, tRCD=12 tRAS=28 tRP=12 tRC=40
n_cmd=5786 n_nop=5487 n_act=6 n_pre=0 n_ref_event=0 n_req=296 n_rd=296 n_rd_L2_A=0 n_write=0 n_wr_bk=0 bw_util=0.05116
n_activity=506 dram_eff=0.585
bk0: 64a 5717i bk1: 64a 5725i bk2: 64a 5723i bk3: 64a 5702i bk4: 24a 5716i bk5: 16a 5746i bk6: 0a 5786i bk7: 0a 5786i bk8: 0a 5786i bk9: 0a 5786i bk10: 0a 5786i bk11: 0a 5786i bk12: 0a 5786i bk13: 0a 5786i bk14: 0a 5786i bk15: 0a 5786i 

------------------------------------------------------------------------

Row_Buffer_Locality = 0.979730
Row_Buffer_Locality_read = 0.979730
Row_Buffer_Locality_write = -nan
Bank_Level_Parallism = 1.783290
Bank_Level_Parallism_Col = 1.776903
Bank_Level_Parallism_Ready = 1.344595
write_to_read_ratio_blp_rw_average = 0.000000
GrpLevelPara = 1.653543 

BW Util details:
bwutil = 0.051158 
total_CMD = 5786 
util_bw = 296 
Wasted_Col = 87 
Wasted_Row = 0 
Idle = 5403 

BW Util Bottlenecks: 
RCDc_limit = 42 
RCDWRc_limit = 0 
WTRc_limit = 0 
RTWc_limit = 0 
CCDLc_limit = 75 
rwq = 0 
CCDLc_limit_alone = 75 
WTRc_limit_alone = 0 
RTWc_limit_alone = 0 

Commands details: 
total_CMD = 5786 
n_nop = 5487 
Read = 296 
Write = 0 
L2_Alloc = 0 
L2_WB = 0 
n_act = 6 
n_pre = 0 
n_ref = 0 
n_req = 296 
total_req = 296 

Dual Bus Interface Util: 
issued_total_row = 6 
issued_total_col = 296 
Row_Bus_Util =  0.001037 
CoL_Bus_Util = 0.051158 
Either_Row_CoL_Bus_Util = 0.051676 
Issued_on_Two_Bus_Simul_Util = 0.000518 
issued_two_Eff = 0.010033 
queue_avg = 0.368994 


dram_util_bins: 0 0 0 0 0 0 0 0 0 0
dram_eff_bins: 0 0 0 0 0 0 0 0 0 0
mrqq: max=12 avg=0.368994
Memory Partition 22: 
Cache L2_bank_044:
MSHR contents

Cache L2_bank_045:
MSHR contents

In Dram Latency Queue (total = 0): 
DRAM[22]: 16 bks, busW=16 BL=2 CL=12, tRRD=3 tCCD=1, tRCD=12 tRAS=28 tRP=12 tRC=40
n_cmd=5786 n_nop=5487 n_act=6 n_pre=0 n_ref_event=0 n_req=296 n_rd=296 n_rd_L2_A=0 n_write=0 n_wr_bk=0 bw_util=0.05116
n_activity=512 dram_eff=0.5781
bk0: 64a 5734i bk1: 64a 5733i bk2: 64a 5720i bk3: 64a 5692i bk4: 24a 5744i bk5: 16a 5766i bk6: 0a 5786i bk7: 0a 5786i bk8: 0a 5786i bk9: 0a 5786i bk10: 0a 5786i bk11: 0a 5786i bk12: 0a 5786i bk13: 0a 5786i bk14: 0a 5786i bk15: 0a 5786i 

------------------------------------------------------------------------

Row_Buffer_Locality = 0.979730
Row_Buffer_Locality_read = 0.979730
Row_Buffer_Locality_write = -nan
Bank_Level_Parallism = 1.670241
Bank_Level_Parallism_Col = 1.663073
Bank_Level_Parallism_Ready = 1.246622
write_to_read_ratio_blp_rw_average = 0.000000
GrpLevelPara = 1.636119 

BW Util details:
bwutil = 0.051158 
total_CMD = 5786 
util_bw = 296 
Wasted_Col = 77 
Wasted_Row = 0 
Idle = 5413 

BW Util Bottlenecks: 
RCDc_limit = 37 
RCDWRc_limit = 0 
WTRc_limit = 0 
RTWc_limit = 0 
CCDLc_limit = 61 
rwq = 0 
CCDLc_limit_alone = 61 
WTRc_limit_alone = 0 
RTWc_limit_alone = 0 

Commands details: 
total_CMD = 5786 
n_nop = 5487 
Read = 296 
Write = 0 
L2_Alloc = 0 
L2_WB = 0 
n_act = 6 
n_pre = 0 
n_ref = 0 
n_req = 296 
total_req = 296 

Dual Bus Interface Util: 
issued_total_row = 6 
issued_total_col = 296 
Row_Bus_Util =  0.001037 
CoL_Bus_Util = 0.051158 
Either_Row_CoL_Bus_Util = 0.051676 
Issued_on_Two_Bus_Simul_Util = 0.000518 
issued_two_Eff = 0.010033 
queue_avg = 0.158832 


dram_util_bins: 0 0 0 0 0 0 0 0 0 0
dram_eff_bins: 0 0 0 0 0 0 0 0 0 0
mrqq: max=7 avg=0.158832
Memory Partition 23: 
Cache L2_bank_046:
MSHR contents

Cache L2_bank_047:
MSHR contents

In Dram Latency Queue (total = 0): 
DRAM[23]: 16 bks, busW=16 BL=2 CL=12, tRRD=3 tCCD=1, tRCD=12 tRAS=28 tRP=12 tRC=40
n_cmd=5786 n_nop=5486 n_act=6 n_pre=0 n_ref_event=0 n_req=296 n_rd=296 n_rd_L2_A=0 n_write=0 n_wr_bk=0 bw_util=0.05116
n_activity=504 dram_eff=0.5873
bk0: 64a 5712i bk1: 64a 5724i bk2: 64a 5717i bk3: 64a 5693i bk4: 24a 5714i bk5: 16a 5755i bk6: 0a 5786i bk7: 0a 5786i bk8: 0a 5786i bk9: 0a 5786i bk10: 0a 5786i bk11: 0a 5786i bk12: 0a 5786i bk13: 0a 5786i bk14: 0a 5786i bk15: 0a 5786i 

------------------------------------------------------------------------

Row_Buffer_Locality = 0.979730
Row_Buffer_Locality_read = 0.979730
Row_Buffer_Locality_write = -nan
Bank_Level_Parallism = 1.742500
Bank_Level_Parallism_Col = 1.740554
Bank_Level_Parallism_Ready = 1.314189
write_to_read_ratio_blp_rw_average = 0.000000
GrpLevelPara = 1.659950 

BW Util details:
bwutil = 0.051158 
total_CMD = 5786 
util_bw = 296 
Wasted_Col = 104 
Wasted_Row = 0 
Idle = 5386 

BW Util Bottlenecks: 
RCDc_limit = 53 
RCDWRc_limit = 0 
WTRc_limit = 0 
RTWc_limit = 0 
CCDLc_limit = 72 
rwq = 0 
CCDLc_limit_alone = 72 
WTRc_limit_alone = 0 
RTWc_limit_alone = 0 

Commands details: 
total_CMD = 5786 
n_nop = 5486 
Read = 296 
Write = 0 
L2_Alloc = 0 
L2_WB = 0 
n_act = 6 
n_pre = 0 
n_ref = 0 
n_req = 296 
total_req = 296 

Dual Bus Interface Util: 
issued_total_row = 6 
issued_total_col = 296 
Row_Bus_Util =  0.001037 
CoL_Bus_Util = 0.051158 
Either_Row_CoL_Bus_Util = 0.051849 
Issued_on_Two_Bus_Simul_Util = 0.000346 
issued_two_Eff = 0.006667 
queue_avg = 0.398721 


dram_util_bins: 0 0 0 0 0 0 0 0 0 0
dram_eff_bins: 0 0 0 0 0 0 0 0 0 0
mrqq: max=12 avg=0.398721
Memory Partition 24: 
Cache L2_bank_048:
MSHR contents

Cache L2_bank_049:
MSHR contents

In Dram Latency Queue (total = 0): 
DRAM[24]: 16 bks, busW=16 BL=2 CL=12, tRRD=3 tCCD=1, tRCD=12 tRAS=28 tRP=12 tRC=40
n_cmd=5786 n_nop=5495 n_act=6 n_pre=0 n_ref_event=0 n_req=288 n_rd=288 n_rd_L2_A=0 n_write=0 n_wr_bk=0 bw_util=0.04978
n_activity=464 dram_eff=0.6207
bk0: 64a 5739i bk1: 64a 5736i bk2: 64a 5721i bk3: 64a 5703i bk4: 16a 5754i bk5: 16a 5746i bk6: 0a 5786i bk7: 0a 5786i bk8: 0a 5786i bk9: 0a 5786i bk10: 0a 5786i bk11: 0a 5786i bk12: 0a 5786i bk13: 0a 5786i bk14: 0a 5786i bk15: 0a 5786i 

------------------------------------------------------------------------

Row_Buffer_Locality = 0.979167
Row_Buffer_Locality_read = 0.979167
Row_Buffer_Locality_write = -nan
Bank_Level_Parallism = 1.547315
Bank_Level_Parallism_Col = 1.539846
Bank_Level_Parallism_Ready = 1.277778
write_to_read_ratio_blp_rw_average = 0.000000
GrpLevelPara = 1.516710 

BW Util details:
bwutil = 0.049775 
total_CMD = 5786 
util_bw = 288 
Wasted_Col = 103 
Wasted_Row = 0 
Idle = 5395 

BW Util Bottlenecks: 
RCDc_limit = 41 
RCDWRc_limit = 0 
WTRc_limit = 0 
RTWc_limit = 0 
CCDLc_limit = 75 
rwq = 0 
CCDLc_limit_alone = 75 
WTRc_limit_alone = 0 
RTWc_limit_alone = 0 

Commands details: 
total_CMD = 5786 
n_nop = 5495 
Read = 288 
Write = 0 
L2_Alloc = 0 
L2_WB = 0 
n_act = 6 
n_pre = 0 
n_ref = 0 
n_req = 288 
total_req = 288 

Dual Bus Interface Util: 
issued_total_row = 6 
issued_total_col = 288 
Row_Bus_Util =  0.001037 
CoL_Bus_Util = 0.049775 
Either_Row_CoL_Bus_Util = 0.050294 
Issued_on_Two_Bus_Simul_Util = 0.000518 
issued_two_Eff = 0.010309 
queue_avg = 0.384722 


dram_util_bins: 0 0 0 0 0 0 0 0 0 0
dram_eff_bins: 0 0 0 0 0 0 0 0 0 0
mrqq: max=17 avg=0.384722
Memory Partition 25: 
Cache L2_bank_050:
MSHR contents

Cache L2_bank_051:
MSHR contents

In Dram Latency Queue (total = 0): 
DRAM[25]: 16 bks, busW=16 BL=2 CL=12, tRRD=3 tCCD=1, tRCD=12 tRAS=28 tRP=12 tRC=40
n_cmd=5786 n_nop=5496 n_act=6 n_pre=0 n_ref_event=0 n_req=288 n_rd=288 n_rd_L2_A=0 n_write=0 n_wr_bk=0 bw_util=0.04978
n_activity=423 dram_eff=0.6809
bk0: 64a 5737i bk1: 64a 5734i bk2: 64a 5721i bk3: 64a 5718i bk4: 16a 5728i bk5: 16a 5739i bk6: 0a 5786i bk7: 0a 5786i bk8: 0a 5786i bk9: 0a 5786i bk10: 0a 5786i bk11: 0a 5786i bk12: 0a 5786i bk13: 0a 5786i bk14: 0a 5786i bk15: 0a 5786i 

------------------------------------------------------------------------

Row_Buffer_Locality = 0.979167
Row_Buffer_Locality_read = 0.979167
Row_Buffer_Locality_write = -nan
Bank_Level_Parallism = 1.717808
Bank_Level_Parallism_Col = 1.705234
Bank_Level_Parallism_Ready = 1.343750
write_to_read_ratio_blp_rw_average = 0.000000
GrpLevelPara = 1.647383 

BW Util details:
bwutil = 0.049775 
total_CMD = 5786 
util_bw = 288 
Wasted_Col = 77 
Wasted_Row = 0 
Idle = 5421 

BW Util Bottlenecks: 
RCDc_limit = 33 
RCDWRc_limit = 0 
WTRc_limit = 0 
RTWc_limit = 0 
CCDLc_limit = 54 
rwq = 0 
CCDLc_limit_alone = 54 
WTRc_limit_alone = 0 
RTWc_limit_alone = 0 

Commands details: 
total_CMD = 5786 
n_nop = 5496 
Read = 288 
Write = 0 
L2_Alloc = 0 
L2_WB = 0 
n_act = 6 
n_pre = 0 
n_ref = 0 
n_req = 288 
total_req = 288 

Dual Bus Interface Util: 
issued_total_row = 6 
issued_total_col = 288 
Row_Bus_Util =  0.001037 
CoL_Bus_Util = 0.049775 
Either_Row_CoL_Bus_Util = 0.050121 
Issued_on_Two_Bus_Simul_Util = 0.000691 
issued_two_Eff = 0.013793 
queue_avg = 0.459558 


dram_util_bins: 0 0 0 0 0 0 0 0 0 0
dram_eff_bins: 0 0 0 0 0 0 0 0 0 0
mrqq: max=15 avg=0.459558
Memory Partition 26: 
Cache L2_bank_052:
MSHR contents

Cache L2_bank_053:
MSHR contents

In Dram Latency Queue (total = 0): 
DRAM[26]: 16 bks, busW=16 BL=2 CL=12, tRRD=3 tCCD=1, tRCD=12 tRAS=28 tRP=12 tRC=40
n_cmd=5786 n_nop=5496 n_act=6 n_pre=0 n_ref_event=0 n_req=288 n_rd=288 n_rd_L2_A=0 n_write=0 n_wr_bk=0 bw_util=0.04978
n_activity=437 dram_eff=0.659
bk0: 64a 5723i bk1: 64a 5736i bk2: 64a 5736i bk3: 64a 5698i bk4: 16a 5744i bk5: 16a 5751i bk6: 0a 5786i bk7: 0a 5786i bk8: 0a 5786i bk9: 0a 5786i bk10: 0a 5786i bk11: 0a 5786i bk12: 0a 5786i bk13: 0a 5786i bk14: 0a 5786i bk15: 0a 5786i 

------------------------------------------------------------------------

Row_Buffer_Locality = 0.979167
Row_Buffer_Locality_read = 0.979167
Row_Buffer_Locality_write = -nan
Bank_Level_Parallism = 1.678474
Bank_Level_Parallism_Col = 1.671233
Bank_Level_Parallism_Ready = 1.354167
write_to_read_ratio_blp_rw_average = 0.000000
GrpLevelPara = 1.624658 

BW Util details:
bwutil = 0.049775 
total_CMD = 5786 
util_bw = 288 
Wasted_Col = 79 
Wasted_Row = 0 
Idle = 5419 

BW Util Bottlenecks: 
RCDc_limit = 29 
RCDWRc_limit = 0 
WTRc_limit = 0 
RTWc_limit = 0 
CCDLc_limit = 58 
rwq = 0 
CCDLc_limit_alone = 58 
WTRc_limit_alone = 0 
RTWc_limit_alone = 0 

Commands details: 
total_CMD = 5786 
n_nop = 5496 
Read = 288 
Write = 0 
L2_Alloc = 0 
L2_WB = 0 
n_act = 6 
n_pre = 0 
n_ref = 0 
n_req = 288 
total_req = 288 

Dual Bus Interface Util: 
issued_total_row = 6 
issued_total_col = 288 
Row_Bus_Util =  0.001037 
CoL_Bus_Util = 0.049775 
Either_Row_CoL_Bus_Util = 0.050121 
Issued_on_Two_Bus_Simul_Util = 0.000691 
issued_two_Eff = 0.013793 
queue_avg = 0.473384 


dram_util_bins: 0 0 0 0 0 0 0 0 0 0
dram_eff_bins: 0 0 0 0 0 0 0 0 0 0
mrqq: max=21 avg=0.473384
Memory Partition 27: 
Cache L2_bank_054:
MSHR contents

Cache L2_bank_055:
MSHR contents

In Dram Latency Queue (total = 0): 
DRAM[27]: 16 bks, busW=16 BL=2 CL=12, tRRD=3 tCCD=1, tRCD=12 tRAS=28 tRP=12 tRC=40
n_cmd=5786 n_nop=5495 n_act=6 n_pre=0 n_ref_event=0 n_req=288 n_rd=288 n_rd_L2_A=0 n_write=0 n_wr_bk=0 bw_util=0.04978
n_activity=424 dram_eff=0.6792
bk0: 64a 5733i bk1: 64a 5732i bk2: 64a 5710i bk3: 64a 5704i bk4: 16a 5751i bk5: 16a 5753i bk6: 0a 5786i bk7: 0a 5786i bk8: 0a 5786i bk9: 0a 5786i bk10: 0a 5786i bk11: 0a 5786i bk12: 0a 5786i bk13: 0a 5786i bk14: 0a 5786i bk15: 0a 5786i 

------------------------------------------------------------------------

Row_Buffer_Locality = 0.979167
Row_Buffer_Locality_read = 0.979167
Row_Buffer_Locality_write = -nan
Bank_Level_Parallism = 1.710744
Bank_Level_Parallism_Col = 1.703601
Bank_Level_Parallism_Ready = 1.326389
write_to_read_ratio_blp_rw_average = 0.000000
GrpLevelPara = 1.678670 

BW Util details:
bwutil = 0.049775 
total_CMD = 5786 
util_bw = 288 
Wasted_Col = 75 
Wasted_Row = 0 
Idle = 5423 

BW Util Bottlenecks: 
RCDc_limit = 42 
RCDWRc_limit = 0 
WTRc_limit = 0 
RTWc_limit = 0 
CCDLc_limit = 47 
rwq = 0 
CCDLc_limit_alone = 47 
WTRc_limit_alone = 0 
RTWc_limit_alone = 0 

Commands details: 
total_CMD = 5786 
n_nop = 5495 
Read = 288 
Write = 0 
L2_Alloc = 0 
L2_WB = 0 
n_act = 6 
n_pre = 0 
n_ref = 0 
n_req = 288 
total_req = 288 

Dual Bus Interface Util: 
issued_total_row = 6 
issued_total_col = 288 
Row_Bus_Util =  0.001037 
CoL_Bus_Util = 0.049775 
Either_Row_CoL_Bus_Util = 0.050294 
Issued_on_Two_Bus_Simul_Util = 0.000518 
issued_two_Eff = 0.010309 
queue_avg = 0.357242 


dram_util_bins: 0 0 0 0 0 0 0 0 0 0
dram_eff_bins: 0 0 0 0 0 0 0 0 0 0
mrqq: max=13 avg=0.357242
Memory Partition 28: 
Cache L2_bank_056:
MSHR contents

Cache L2_bank_057:
MSHR contents

In Dram Latency Queue (total = 0): 
DRAM[28]: 16 bks, busW=16 BL=2 CL=12, tRRD=3 tCCD=1, tRCD=12 tRAS=28 tRP=12 tRC=40
n_cmd=5786 n_nop=5496 n_act=6 n_pre=0 n_ref_event=0 n_req=288 n_rd=288 n_rd_L2_A=0 n_write=0 n_wr_bk=0 bw_util=0.04978
n_activity=469 dram_eff=0.6141
bk0: 64a 5738i bk1: 64a 5723i bk2: 64a 5724i bk3: 64a 5694i bk4: 16a 5751i bk5: 16a 5717i bk6: 0a 5786i bk7: 0a 5786i bk8: 0a 5786i bk9: 0a 5786i bk10: 0a 5786i bk11: 0a 5786i bk12: 0a 5786i bk13: 0a 5786i bk14: 0a 5786i bk15: 0a 5786i 

------------------------------------------------------------------------

Row_Buffer_Locality = 0.979167
Row_Buffer_Locality_read = 0.979167
Row_Buffer_Locality_write = -nan
Bank_Level_Parallism = 1.780488
Bank_Level_Parallism_Col = 1.773842
Bank_Level_Parallism_Ready = 1.430556
write_to_read_ratio_blp_rw_average = 0.000000
GrpLevelPara = 1.713897 

BW Util details:
bwutil = 0.049775 
total_CMD = 5786 
util_bw = 288 
Wasted_Col = 81 
Wasted_Row = 0 
Idle = 5417 

BW Util Bottlenecks: 
RCDc_limit = 31 
RCDWRc_limit = 0 
WTRc_limit = 0 
RTWc_limit = 0 
CCDLc_limit = 56 
rwq = 0 
CCDLc_limit_alone = 56 
WTRc_limit_alone = 0 
RTWc_limit_alone = 0 

Commands details: 
total_CMD = 5786 
n_nop = 5496 
Read = 288 
Write = 0 
L2_Alloc = 0 
L2_WB = 0 
n_act = 6 
n_pre = 0 
n_ref = 0 
n_req = 288 
total_req = 288 

Dual Bus Interface Util: 
issued_total_row = 6 
issued_total_col = 288 
Row_Bus_Util =  0.001037 
CoL_Bus_Util = 0.049775 
Either_Row_CoL_Bus_Util = 0.050121 
Issued_on_Two_Bus_Simul_Util = 0.000691 
issued_two_Eff = 0.013793 
queue_avg = 0.306256 


dram_util_bins: 0 0 0 0 0 0 0 0 0 0
dram_eff_bins: 0 0 0 0 0 0 0 0 0 0
mrqq: max=12 avg=0.306256
Memory Partition 29: 
Cache L2_bank_058:
MSHR contents

Cache L2_bank_059:
MSHR contents

In Dram Latency Queue (total = 0): 
DRAM[29]: 16 bks, busW=16 BL=2 CL=12, tRRD=3 tCCD=1, tRCD=12 tRAS=28 tRP=12 tRC=40
n_cmd=5786 n_nop=5496 n_act=6 n_pre=0 n_ref_event=0 n_req=288 n_rd=288 n_rd_L2_A=0 n_write=0 n_wr_bk=0 bw_util=0.04978
n_activity=491 dram_eff=0.5866
bk0: 64a 5730i bk1: 64a 5728i bk2: 64a 5720i bk3: 64a 5711i bk4: 16a 5761i bk5: 16a 5747i bk6: 0a 5786i bk7: 0a 5786i bk8: 0a 5786i bk9: 0a 5786i bk10: 0a 5786i bk11: 0a 5786i bk12: 0a 5786i bk13: 0a 5786i bk14: 0a 5786i bk15: 0a 5786i 

------------------------------------------------------------------------

Row_Buffer_Locality = 0.979167
Row_Buffer_Locality_read = 0.979167
Row_Buffer_Locality_write = -nan
Bank_Level_Parallism = 1.548469
Bank_Level_Parallism_Col = 1.541026
Bank_Level_Parallism_Ready = 1.194444
write_to_read_ratio_blp_rw_average = 0.000000
GrpLevelPara = 1.494872 

BW Util details:
bwutil = 0.049775 
total_CMD = 5786 
util_bw = 288 
Wasted_Col = 104 
Wasted_Row = 0 
Idle = 5394 

BW Util Bottlenecks: 
RCDc_limit = 31 
RCDWRc_limit = 0 
WTRc_limit = 0 
RTWc_limit = 0 
CCDLc_limit = 80 
rwq = 0 
CCDLc_limit_alone = 80 
WTRc_limit_alone = 0 
RTWc_limit_alone = 0 

Commands details: 
total_CMD = 5786 
n_nop = 5496 
Read = 288 
Write = 0 
L2_Alloc = 0 
L2_WB = 0 
n_act = 6 
n_pre = 0 
n_ref = 0 
n_req = 288 
total_req = 288 

Dual Bus Interface Util: 
issued_total_row = 6 
issued_total_col = 288 
Row_Bus_Util =  0.001037 
CoL_Bus_Util = 0.049775 
Either_Row_CoL_Bus_Util = 0.050121 
Issued_on_Two_Bus_Simul_Util = 0.000691 
issued_two_Eff = 0.013793 
queue_avg = 0.238334 


dram_util_bins: 0 0 0 0 0 0 0 0 0 0
dram_eff_bins: 0 0 0 0 0 0 0 0 0 0
mrqq: max=10 avg=0.238334
Memory Partition 30: 
Cache L2_bank_060:
MSHR contents

Cache L2_bank_061:
MSHR contents

In Dram Latency Queue (total = 0): 
DRAM[30]: 16 bks, busW=16 BL=2 CL=12, tRRD=3 tCCD=1, tRCD=12 tRAS=28 tRP=12 tRC=40
n_cmd=5786 n_nop=5491 n_act=7 n_pre=1 n_ref_event=0 n_req=289 n_rd=289 n_rd_L2_A=0 n_write=0 n_wr_bk=0 bw_util=0.04995
n_activity=509 dram_eff=0.5678
bk0: 64a 5723i bk1: 65a 5701i bk2: 64a 5714i bk3: 64a 5700i bk4: 16a 5733i bk5: 16a 5718i bk6: 0a 5786i bk7: 0a 5786i bk8: 0a 5786i bk9: 0a 5786i bk10: 0a 5786i bk11: 0a 5786i bk12: 0a 5786i bk13: 0a 5786i bk14: 0a 5786i bk15: 0a 5786i 

------------------------------------------------------------------------

Row_Buffer_Locality = 0.979239
Row_Buffer_Locality_read = 0.979239
Row_Buffer_Locality_write = -nan
Bank_Level_Parallism = 1.798995
Bank_Level_Parallism_Col = 1.812010
Bank_Level_Parallism_Ready = 1.439446
write_to_read_ratio_blp_rw_average = 0.000000
GrpLevelPara = 1.665796 

BW Util details:
bwutil = 0.049948 
total_CMD = 5786 
util_bw = 289 
Wasted_Col = 97 
Wasted_Row = 12 
Idle = 5388 

BW Util Bottlenecks: 
RCDc_limit = 46 
RCDWRc_limit = 0 
WTRc_limit = 0 
RTWc_limit = 0 
CCDLc_limit = 68 
rwq = 0 
CCDLc_limit_alone = 68 
WTRc_limit_alone = 0 
RTWc_limit_alone = 0 

Commands details: 
total_CMD = 5786 
n_nop = 5491 
Read = 289 
Write = 0 
L2_Alloc = 0 
L2_WB = 0 
n_act = 7 
n_pre = 1 
n_ref = 0 
n_req = 289 
total_req = 289 

Dual Bus Interface Util: 
issued_total_row = 8 
issued_total_col = 289 
Row_Bus_Util =  0.001383 
CoL_Bus_Util = 0.049948 
Either_Row_CoL_Bus_Util = 0.050985 
Issued_on_Two_Bus_Simul_Util = 0.000346 
issued_two_Eff = 0.006780 
queue_avg = 0.256827 


dram_util_bins: 0 0 0 0 0 0 0 0 0 0
dram_eff_bins: 0 0 0 0 0 0 0 0 0 0
mrqq: max=9 avg=0.256827
Memory Partition 31: 
Cache L2_bank_062:
MSHR contents

Cache L2_bank_063:
MSHR contents

In Dram Latency Queue (total = 0): 
DRAM[31]: 16 bks, busW=16 BL=2 CL=12, tRRD=3 tCCD=1, tRCD=12 tRAS=28 tRP=12 tRC=40
n_cmd=5786 n_nop=5496 n_act=6 n_pre=0 n_ref_event=0 n_req=288 n_rd=288 n_rd_L2_A=0 n_write=0 n_wr_bk=0 bw_util=0.04978
n_activity=461 dram_eff=0.6247
bk0: 64a 5729i bk1: 64a 5720i bk2: 64a 5728i bk3: 64a 5714i bk4: 16a 5747i bk5: 16a 5758i bk6: 0a 5786i bk7: 0a 5786i bk8: 0a 5786i bk9: 0a 5786i bk10: 0a 5786i bk11: 0a 5786i bk12: 0a 5786i bk13: 0a 5786i bk14: 0a 5786i bk15: 0a 5786i 

------------------------------------------------------------------------

Row_Buffer_Locality = 0.979167
Row_Buffer_Locality_read = 0.979167
Row_Buffer_Locality_write = -nan
Bank_Level_Parallism = 1.591623
Bank_Level_Parallism_Col = 1.584211
Bank_Level_Parallism_Ready = 1.201389
write_to_read_ratio_blp_rw_average = 0.000000
GrpLevelPara = 1.531579 

BW Util details:
bwutil = 0.049775 
total_CMD = 5786 
util_bw = 288 
Wasted_Col = 94 
Wasted_Row = 0 
Idle = 5404 

BW Util Bottlenecks: 
RCDc_limit = 31 
RCDWRc_limit = 0 
WTRc_limit = 0 
RTWc_limit = 0 
CCDLc_limit = 71 
rwq = 0 
CCDLc_limit_alone = 71 
WTRc_limit_alone = 0 
RTWc_limit_alone = 0 

Commands details: 
total_CMD = 5786 
n_nop = 5496 
Read = 288 
Write = 0 
L2_Alloc = 0 
L2_WB = 0 
n_act = 6 
n_pre = 0 
n_ref = 0 
n_req = 288 
total_req = 288 

Dual Bus Interface Util: 
issued_total_row = 6 
issued_total_col = 288 
Row_Bus_Util =  0.001037 
CoL_Bus_Util = 0.049775 
Either_Row_CoL_Bus_Util = 0.050121 
Issued_on_Two_Bus_Simul_Util = 0.000691 
issued_two_Eff = 0.013793 
queue_avg = 0.182510 


dram_util_bins: 0 0 0 0 0 0 0 0 0 0
dram_eff_bins: 0 0 0 0 0 0 0 0 0 0
mrqq: max=8 avg=0.18251

========= L2 cache stats =========
L2_cache_bank[0]: Access = 418, Miss = 156, Miss_rate = 0.373, Pending_hits = 9, Reservation_fails = 281
L2_cache_bank[1]: Access = 340, Miss = 152, Miss_rate = 0.447, Pending_hits = 3, Reservation_fails = 0
L2_cache_bank[2]: Access = 341, Miss = 152, Miss_rate = 0.446, Pending_hits = 4, Reservation_fails = 0
L2_cache_bank[3]: Access = 338, Miss = 152, Miss_rate = 0.450, Pending_hits = 1, Reservation_fails = 0
L2_cache_bank[4]: Access = 341, Miss = 152, Miss_rate = 0.446, Pending_hits = 3, Reservation_fails = 0
L2_cache_bank[5]: Access = 342, Miss = 152, Miss_rate = 0.444, Pending_hits = 2, Reservation_fails = 0
L2_cache_bank[6]: Access = 339, Miss = 152, Miss_rate = 0.448, Pending_hits = 2, Reservation_fails = 0
L2_cache_bank[7]: Access = 338, Miss = 152, Miss_rate = 0.450, Pending_hits = 4, Reservation_fails = 0
L2_cache_bank[8]: Access = 340, Miss = 152, Miss_rate = 0.447, Pending_hits = 2, Reservation_fails = 0
L2_cache_bank[9]: Access = 343, Miss = 152, Miss_rate = 0.443, Pending_hits = 3, Reservation_fails = 0
L2_cache_bank[10]: Access = 337, Miss = 152, Miss_rate = 0.451, Pending_hits = 4, Reservation_fails = 0
L2_cache_bank[11]: Access = 339, Miss = 152, Miss_rate = 0.448, Pending_hits = 2, Reservation_fails = 0
L2_cache_bank[12]: Access = 341, Miss = 152, Miss_rate = 0.446, Pending_hits = 4, Reservation_fails = 0
L2_cache_bank[13]: Access = 339, Miss = 152, Miss_rate = 0.448, Pending_hits = 3, Reservation_fails = 0
L2_cache_bank[14]: Access = 340, Miss = 152, Miss_rate = 0.447, Pending_hits = 2, Reservation_fails = 0
L2_cache_bank[15]: Access = 340, Miss = 152, Miss_rate = 0.447, Pending_hits = 4, Reservation_fails = 0
L2_cache_bank[16]: Access = 338, Miss = 152, Miss_rate = 0.450, Pending_hits = 1, Reservation_fails = 0
L2_cache_bank[17]: Access = 338, Miss = 152, Miss_rate = 0.450, Pending_hits = 2, Reservation_fails = 0
L2_cache_bank[18]: Access = 342, Miss = 152, Miss_rate = 0.444, Pending_hits = 3, Reservation_fails = 0
L2_cache_bank[19]: Access = 341, Miss = 152, Miss_rate = 0.446, Pending_hits = 2, Reservation_fails = 0
L2_cache_bank[20]: Access = 339, Miss = 152, Miss_rate = 0.448, Pending_hits = 3, Reservation_fails = 0
L2_cache_bank[21]: Access = 339, Miss = 152, Miss_rate = 0.448, Pending_hits = 0, Reservation_fails = 0
L2_cache_bank[22]: Access = 336, Miss = 150, Miss_rate = 0.446, Pending_hits = 2, Reservation_fails = 0
L2_cache_bank[23]: Access = 340, Miss = 152, Miss_rate = 0.447, Pending_hits = 3, Reservation_fails = 0
L2_cache_bank[24]: Access = 323, Miss = 144, Miss_rate = 0.446, Pending_hits = 2, Reservation_fails = 0
L2_cache_bank[25]: Access = 342, Miss = 152, Miss_rate = 0.444, Pending_hits = 3, Reservation_fails = 0
L2_cache_bank[26]: Access = 319, Miss = 144, Miss_rate = 0.451, Pending_hits = 3, Reservation_fails = 0
L2_cache_bank[27]: Access = 340, Miss = 152, Miss_rate = 0.447, Pending_hits = 2, Reservation_fails = 0
L2_cache_bank[28]: Access = 323, Miss = 144, Miss_rate = 0.446, Pending_hits = 3, Reservation_fails = 0
L2_cache_bank[29]: Access = 340, Miss = 152, Miss_rate = 0.447, Pending_hits = 1, Reservation_fails = 0
L2_cache_bank[30]: Access = 320, Miss = 144, Miss_rate = 0.450, Pending_hits = 2, Reservation_fails = 0
L2_cache_bank[31]: Access = 338, Miss = 152, Miss_rate = 0.450, Pending_hits = 3, Reservation_fails = 0
L2_cache_bank[32]: Access = 372, Miss = 160, Miss_rate = 0.430, Pending_hits = 1, Reservation_fails = 0
L2_cache_bank[33]: Access = 307, Miss = 144, Miss_rate = 0.469, Pending_hits = 5, Reservation_fails = 0
L2_cache_bank[34]: Access = 375, Miss = 160, Miss_rate = 0.427, Pending_hits = 3, Reservation_fails = 0
L2_cache_bank[35]: Access = 316, Miss = 147, Miss_rate = 0.465, Pending_hits = 1, Reservation_fails = 0
L2_cache_bank[36]: Access = 341, Miss = 152, Miss_rate = 0.446, Pending_hits = 4, Reservation_fails = 0
L2_cache_bank[37]: Access = 338, Miss = 152, Miss_rate = 0.450, Pending_hits = 3, Reservation_fails = 0
L2_cache_bank[38]: Access = 341, Miss = 152, Miss_rate = 0.446, Pending_hits = 3, Reservation_fails = 0
L2_cache_bank[39]: Access = 341, Miss = 152, Miss_rate = 0.446, Pending_hits = 1, Reservation_fails = 0
L2_cache_bank[40]: Access = 371, Miss = 160, Miss_rate = 0.431, Pending_hits = 3, Reservation_fails = 0
L2_cache_bank[41]: Access = 326, Miss = 152, Miss_rate = 0.466, Pending_hits = 3, Reservation_fails = 0
L2_cache_bank[42]: Access = 371, Miss = 160, Miss_rate = 0.431, Pending_hits = 3, Reservation_fails = 0
L2_cache_bank[43]: Access = 329, Miss = 152, Miss_rate = 0.462, Pending_hits = 2, Reservation_fails = 0
L2_cache_bank[44]: Access = 370, Miss = 160, Miss_rate = 0.432, Pending_hits = 3, Reservation_fails = 0
L2_cache_bank[45]: Access = 325, Miss = 152, Miss_rate = 0.468, Pending_hits = 3, Reservation_fails = 0
L2_cache_bank[46]: Access = 374, Miss = 160, Miss_rate = 0.428, Pending_hits = 2, Reservation_fails = 0
L2_cache_bank[47]: Access = 326, Miss = 152, Miss_rate = 0.466, Pending_hits = 3, Reservation_fails = 0
L2_cache_bank[48]: Access = 341, Miss = 152, Miss_rate = 0.446, Pending_hits = 3, Reservation_fails = 0
L2_cache_bank[49]: Access = 340, Miss = 152, Miss_rate = 0.447, Pending_hits = 2, Reservation_fails = 0
L2_cache_bank[50]: Access = 341, Miss = 152, Miss_rate = 0.446, Pending_hits = 3, Reservation_fails = 0
L2_cache_bank[51]: Access = 336, Miss = 152, Miss_rate = 0.452, Pending_hits = 1, Reservation_fails = 0
L2_cache_bank[52]: Access = 345, Miss = 152, Miss_rate = 0.441, Pending_hits = 4, Reservation_fails = 0
L2_cache_bank[53]: Access = 341, Miss = 152, Miss_rate = 0.446, Pending_hits = 4, Reservation_fails = 0
L2_cache_bank[54]: Access = 336, Miss = 152, Miss_rate = 0.452, Pending_hits = 2, Reservation_fails = 0
L2_cache_bank[55]: Access = 339, Miss = 152, Miss_rate = 0.448, Pending_hits = 3, Reservation_fails = 0
L2_cache_bank[56]: Access = 340, Miss = 152, Miss_rate = 0.447, Pending_hits = 3, Reservation_fails = 0
L2_cache_bank[57]: Access = 340, Miss = 152, Miss_rate = 0.447, Pending_hits = 1, Reservation_fails = 0
L2_cache_bank[58]: Access = 339, Miss = 152, Miss_rate = 0.448, Pending_hits = 3, Reservation_fails = 0
L2_cache_bank[59]: Access = 341, Miss = 152, Miss_rate = 0.446, Pending_hits = 1, Reservation_fails = 0
L2_cache_bank[60]: Access = 351, Miss = 153, Miss_rate = 0.436, Pending_hits = 4, Reservation_fails = 136
L2_cache_bank[61]: Access = 339, Miss = 152, Miss_rate = 0.448, Pending_hits = 4, Reservation_fails = 0
L2_cache_bank[62]: Access = 341, Miss = 152, Miss_rate = 0.446, Pending_hits = 3, Reservation_fails = 0
L2_cache_bank[63]: Access = 344, Miss = 152, Miss_rate = 0.442, Pending_hits = 4, Reservation_fails = 0
L2_total_cache_accesses = 21851
L2_total_cache_misses = 9734
L2_total_cache_miss_rate = 0.4455
L2_total_cache_pending_hits = 175
L2_total_cache_reservation_fails = 417
L2_total_cache_breakdown:
	L2_cache_stats_breakdown[GLOBAL_ACC_R][HIT] = 166
	L2_cache_stats_breakdown[GLOBAL_ACC_R][HIT_RESERVED] = 175
	L2_cache_stats_breakdown[GLOBAL_ACC_R][MISS] = 2310
	L2_cache_stats_breakdown[GLOBAL_ACC_R][RESERVATION_FAIL] = 417
	L2_cache_stats_breakdown[GLOBAL_ACC_R][SECTOR_MISS] = 6912
	L2_cache_stats_breakdown[GLOBAL_ACC_R][MSHR_HIT] = 175
	L2_cache_stats_breakdown[LOCAL_ACC_R][HIT] = 0
	L2_cache_stats_breakdown[LOCAL_ACC_R][HIT_RESERVED] = 0
	L2_cache_stats_breakdown[LOCAL_ACC_R][MISS] = 0
	L2_cache_stats_breakdown[LOCAL_ACC_R][RESERVATION_FAIL] = 0
	L2_cache_stats_breakdown[LOCAL_ACC_R][SECTOR_MISS] = 0
	L2_cache_stats_breakdown[LOCAL_ACC_R][MSHR_HIT] = 0
	L2_cache_stats_breakdown[CONST_ACC_R][HIT] = 0
	L2_cache_stats_breakdown[CONST_ACC_R][HIT_RESERVED] = 0
	L2_cache_stats_breakdown[CONST_ACC_R][MISS] = 0
	L2_cache_stats_breakdown[CONST_ACC_R][RESERVATION_FAIL] = 0
	L2_cache_stats_breakdown[CONST_ACC_R][SECTOR_MISS] = 0
	L2_cache_stats_breakdown[CONST_ACC_R][MSHR_HIT] = 0
	L2_cache_stats_breakdown[TEXTURE_ACC_R][HIT] = 0
	L2_cache_stats_breakdown[TEXTURE_ACC_R][HIT_RESERVED] = 0
	L2_cache_stats_breakdown[TEXTURE_ACC_R][MISS] = 0
	L2_cache_stats_breakdown[TEXTURE_ACC_R][RESERVATION_FAIL] = 0
	L2_cache_stats_breakdown[TEXTURE_ACC_R][SECTOR_MISS] = 0
	L2_cache_stats_breakdown[TEXTURE_ACC_R][MSHR_HIT] = 0
	L2_cache_stats_breakdown[GLOBAL_ACC_W][HIT] = 11776
	L2_cache_stats_breakdown[GLOBAL_ACC_W][HIT_RESERVED] = 0
	L2_cache_stats_breakdown[GLOBAL_ACC_W][MISS] = 128
	L2_cache_stats_breakdown[GLOBAL_ACC_W][RESERVATION_FAIL] = 0
	L2_cache_stats_breakdown[GLOBAL_ACC_W][SECTOR_MISS] = 384
	L2_cache_stats_breakdown[GLOBAL_ACC_W][MSHR_HIT] = 0
	L2_cache_stats_breakdown[LOCAL_ACC_W][HIT] = 0
	L2_cache_stats_breakdown[LOCAL_ACC_W][HIT_RESERVED] = 0
	L2_cache_stats_breakdown[LOCAL_ACC_W][MISS] = 0
	L2_cache_stats_breakdown[LOCAL_ACC_W][RESERVATION_FAIL] = 0
	L2_cache_stats_breakdown[LOCAL_ACC_W][SECTOR_MISS] = 0
	L2_cache_stats_breakdown[LOCAL_ACC_W][MSHR_HIT] = 0
	L2_cache_stats_breakdown[L1_WRBK_ACC][HIT] = 0
	L2_cache_stats_breakdown[L1_WRBK_ACC][HIT_RESERVED] = 0
	L2_cache_stats_breakdown[L1_WRBK_ACC][MISS] = 0
	L2_cache_stats_breakdown[L1_WRBK_ACC][RESERVATION_FAIL] = 0
	L2_cache_stats_breakdown[L1_WRBK_ACC][SECTOR_MISS] = 0
	L2_cache_stats_breakdown[L1_WRBK_ACC][MSHR_HIT] = 0
	L2_cache_stats_breakdown[L2_WRBK_ACC][HIT] = 0
	L2_cache_stats_breakdown[L2_WRBK_ACC][HIT_RESERVED] = 0
	L2_cache_stats_breakdown[L2_WRBK_ACC][MISS] = 0
	L2_cache_stats_breakdown[L2_WRBK_ACC][RESERVATION_FAIL] = 0
	L2_cache_stats_breakdown[L2_WRBK_ACC][SECTOR_MISS] = 0
	L2_cache_stats_breakdown[L2_WRBK_ACC][MSHR_HIT] = 0
	L2_cache_stats_breakdown[INST_ACC_R][HIT] = 0
	L2_cache_stats_breakdown[INST_ACC_R][HIT_RESERVED] = 0
	L2_cache_stats_breakdown[INST_ACC_R][MISS] = 0
	L2_cache_stats_breakdown[INST_ACC_R][RESERVATION_FAIL] = 0
	L2_cache_stats_breakdown[INST_ACC_R][SECTOR_MISS] = 0
	L2_cache_stats_breakdown[INST_ACC_R][MSHR_HIT] = 0
	L2_cache_stats_breakdown[L1_WR_ALLOC_R][HIT] = 0
	L2_cache_stats_breakdown[L1_WR_ALLOC_R][HIT_RESERVED] = 0
	L2_cache_stats_breakdown[L1_WR_ALLOC_R][MISS] = 0
	L2_cache_stats_breakdown[L1_WR_ALLOC_R][RESERVATION_FAIL] = 0
	L2_cache_stats_breakdown[L1_WR_ALLOC_R][SECTOR_MISS] = 0
	L2_cache_stats_breakdown[L1_WR_ALLOC_R][MSHR_HIT] = 0
	L2_cache_stats_breakdown[L2_WR_ALLOC_R][HIT] = 0
	L2_cache_stats_breakdown[L2_WR_ALLOC_R][HIT_RESERVED] = 0
	L2_cache_stats_breakdown[L2_WR_ALLOC_R][MISS] = 0
	L2_cache_stats_breakdown[L2_WR_ALLOC_R][RESERVATION_FAIL] = 0
	L2_cache_stats_breakdown[L2_WR_ALLOC_R][SECTOR_MISS] = 0
	L2_cache_stats_breakdown[L2_WR_ALLOC_R][MSHR_HIT] = 0
	L2_cache_stats_breakdown[GLOBAL_ACC_R][TOTAL_ACCESS] = 9563
	L2_cache_stats_breakdown[GLOBAL_ACC_W][TOTAL_ACCESS] = 12288
L2_total_cache_reservation_fail_breakdown:
	L2_cache_stats_fail_breakdown[GLOBAL_ACC_R][MSHR_MERGE_ENRTY_FAIL] = 417
L2_cache_data_port_util = 0.024
L2_cache_fill_port_util = 0.019

icnt_total_pkts_mem_to_simt=21851
icnt_total_pkts_simt_to_mem=21851
LD_mem_lat_dist  0 0 0 0 0 0 0 0 0 0 0 0 0 0 0 0 0 0 0 0 0 0 0 0 0 0 0
ST_mem_lat_dist  0 0 0 0 0 0 0 0 0 0 0 0 0 0 0 0 0 0 0 0 0 0 0 0 0 0 0
----------------------------Interconnect-DETAILS--------------------------------
Req_Network_injected_packets_num = 21851
Req_Network_cycles = 7706
Req_Network_injected_packets_per_cycle =       2.8356 
Req_Network_conflicts_per_cycle =       1.0444
Req_Network_conflicts_per_cycle_util =       4.5649
Req_Bank_Level_Parallism =      12.3942
Req_Network_in_buffer_full_per_cycle =       0.0000
Req_Network_in_buffer_avg_util =       0.2367
Req_Network_out_buffer_full_per_cycle =       0.0000
Req_Network_out_buffer_avg_util =       0.0443

Reply_Network_injected_packets_num = 21851
Reply_Network_cycles = 7706
Reply_Network_injected_packets_per_cycle =        2.8356
Reply_Network_conflicts_per_cycle =        2.5128
Reply_Network_conflicts_per_cycle_util =      10.5930
Reply_Bank_Level_Parallism =      11.9535
Reply_Network_in_buffer_full_per_cycle =       0.0000
Reply_Network_in_buffer_avg_util =       0.2129
Reply_Network_out_buffer_full_per_cycle =       0.0000
Reply_Network_out_buffer_avg_util =       0.0354
----------------------------END-of-Interconnect-DETAILS-------------------------


gpgpu_simulation_time = 0 days, 0 hrs, 0 min, 6 sec (6 sec)
gpgpu_simulation_rate = 1078613 (inst/sec)
gpgpu_simulation_rate = 1284 (cycle/sec)
gpgpu_silicon_slowdown = 881619x
launching memcpy command : MemcpyHtoD,0x00007f709174c600,68
launching memcpy command : MemcpyHtoD,0x00007f709174c800,278596
launching memcpy command : MemcpyHtoD,0x00007f7091704400,278596
Processing kernel /workspace/MLX_dev/third_party/accel-sim-framework/hw_run/rodinia_2.0-ft/11.0/backprop-rodinia-2.0-ft/4096___data_result_4096_txt/traces/kernel-2.traceg
-kernel name = _Z24bpnn_adjust_weights_cudaPfiS_iS_S_
-kernel id = 2
-grid dim = (1,256,1)
-block dim = (16,16,1)
-shmem = 0
-nregs = 27
-binary version = 70
-cuda stream id = 0
-shmem base_addr = 0x00007f70c3000000
-local mem base_addr = 0x00007f70c5000000
-nvbit version = 1.4
-accelsim tracer version = 3
Header info loaded for kernel command : /workspace/MLX_dev/third_party/accel-sim-framework/hw_run/rodinia_2.0-ft/11.0/backprop-rodinia-2.0-ft/4096___data_result_4096_txt/traces/kernel-2.traceg
launching kernel name: _Z24bpnn_adjust_weights_cudaPfiS_iS_S_ uid: 2 cuda_stream_id: 0
GPGPU-Sim uArch: Shader 16 bind to kernel 2 '_Z24bpnn_adjust_weights_cudaPfiS_iS_S_'
GPGPU-Sim uArch: CTA/core = 8, limited by: threads
GPGPU-Sim: Reconfigure L1 cache to 128KB
thread block = 0,0,0
GPGPU-Sim uArch: Shader 17 bind to kernel 2 '_Z24bpnn_adjust_weights_cudaPfiS_iS_S_'
thread block = 0,1,0
GPGPU-Sim uArch: Shader 18 bind to kernel 2 '_Z24bpnn_adjust_weights_cudaPfiS_iS_S_'
thread block = 0,2,0
GPGPU-Sim uArch: Shader 19 bind to kernel 2 '_Z24bpnn_adjust_weights_cudaPfiS_iS_S_'
thread block = 0,3,0
GPGPU-Sim uArch: Shader 20 bind to kernel 2 '_Z24bpnn_adjust_weights_cudaPfiS_iS_S_'
thread block = 0,4,0
GPGPU-Sim uArch: Shader 21 bind to kernel 2 '_Z24bpnn_adjust_weights_cudaPfiS_iS_S_'
thread block = 0,5,0
GPGPU-Sim uArch: Shader 22 bind to kernel 2 '_Z24bpnn_adjust_weights_cudaPfiS_iS_S_'
thread block = 0,6,0
GPGPU-Sim uArch: Shader 23 bind to kernel 2 '_Z24bpnn_adjust_weights_cudaPfiS_iS_S_'
thread block = 0,7,0
GPGPU-Sim uArch: Shader 24 bind to kernel 2 '_Z24bpnn_adjust_weights_cudaPfiS_iS_S_'
thread block = 0,8,0
GPGPU-Sim uArch: Shader 25 bind to kernel 2 '_Z24bpnn_adjust_weights_cudaPfiS_iS_S_'
thread block = 0,9,0
GPGPU-Sim uArch: Shader 26 bind to kernel 2 '_Z24bpnn_adjust_weights_cudaPfiS_iS_S_'
thread block = 0,10,0
GPGPU-Sim uArch: Shader 27 bind to kernel 2 '_Z24bpnn_adjust_weights_cudaPfiS_iS_S_'
thread block = 0,11,0
GPGPU-Sim uArch: Shader 28 bind to kernel 2 '_Z24bpnn_adjust_weights_cudaPfiS_iS_S_'
thread block = 0,12,0
GPGPU-Sim uArch: Shader 29 bind to kernel 2 '_Z24bpnn_adjust_weights_cudaPfiS_iS_S_'
thread block = 0,13,0
GPGPU-Sim uArch: Shader 30 bind to kernel 2 '_Z24bpnn_adjust_weights_cudaPfiS_iS_S_'
thread block = 0,14,0
GPGPU-Sim uArch: Shader 31 bind to kernel 2 '_Z24bpnn_adjust_weights_cudaPfiS_iS_S_'
thread block = 0,15,0
GPGPU-Sim uArch: Shader 32 bind to kernel 2 '_Z24bpnn_adjust_weights_cudaPfiS_iS_S_'
thread block = 0,16,0
GPGPU-Sim uArch: Shader 33 bind to kernel 2 '_Z24bpnn_adjust_weights_cudaPfiS_iS_S_'
thread block = 0,17,0
GPGPU-Sim uArch: Shader 34 bind to kernel 2 '_Z24bpnn_adjust_weights_cudaPfiS_iS_S_'
thread block = 0,18,0
GPGPU-Sim uArch: Shader 35 bind to kernel 2 '_Z24bpnn_adjust_weights_cudaPfiS_iS_S_'
thread block = 0,19,0
GPGPU-Sim uArch: Shader 36 bind to kernel 2 '_Z24bpnn_adjust_weights_cudaPfiS_iS_S_'
thread block = 0,20,0
GPGPU-Sim uArch: Shader 37 bind to kernel 2 '_Z24bpnn_adjust_weights_cudaPfiS_iS_S_'
thread block = 0,21,0
GPGPU-Sim uArch: Shader 38 bind to kernel 2 '_Z24bpnn_adjust_weights_cudaPfiS_iS_S_'
thread block = 0,22,0
GPGPU-Sim uArch: Shader 39 bind to kernel 2 '_Z24bpnn_adjust_weights_cudaPfiS_iS_S_'
thread block = 0,23,0
GPGPU-Sim uArch: Shader 40 bind to kernel 2 '_Z24bpnn_adjust_weights_cudaPfiS_iS_S_'
thread block = 0,24,0
GPGPU-Sim uArch: Shader 41 bind to kernel 2 '_Z24bpnn_adjust_weights_cudaPfiS_iS_S_'
thread block = 0,25,0
GPGPU-Sim uArch: Shader 42 bind to kernel 2 '_Z24bpnn_adjust_weights_cudaPfiS_iS_S_'
thread block = 0,26,0
GPGPU-Sim uArch: Shader 43 bind to kernel 2 '_Z24bpnn_adjust_weights_cudaPfiS_iS_S_'
thread block = 0,27,0
GPGPU-Sim uArch: Shader 44 bind to kernel 2 '_Z24bpnn_adjust_weights_cudaPfiS_iS_S_'
thread block = 0,28,0
GPGPU-Sim uArch: Shader 45 bind to kernel 2 '_Z24bpnn_adjust_weights_cudaPfiS_iS_S_'
thread block = 0,29,0
GPGPU-Sim uArch: Shader 46 bind to kernel 2 '_Z24bpnn_adjust_weights_cudaPfiS_iS_S_'
thread block = 0,30,0
GPGPU-Sim uArch: Shader 47 bind to kernel 2 '_Z24bpnn_adjust_weights_cudaPfiS_iS_S_'
thread block = 0,31,0
GPGPU-Sim uArch: Shader 48 bind to kernel 2 '_Z24bpnn_adjust_weights_cudaPfiS_iS_S_'
thread block = 0,32,0
GPGPU-Sim uArch: Shader 49 bind to kernel 2 '_Z24bpnn_adjust_weights_cudaPfiS_iS_S_'
thread block = 0,33,0
GPGPU-Sim uArch: Shader 50 bind to kernel 2 '_Z24bpnn_adjust_weights_cudaPfiS_iS_S_'
thread block = 0,34,0
GPGPU-Sim uArch: Shader 51 bind to kernel 2 '_Z24bpnn_adjust_weights_cudaPfiS_iS_S_'
thread block = 0,35,0
GPGPU-Sim uArch: Shader 52 bind to kernel 2 '_Z24bpnn_adjust_weights_cudaPfiS_iS_S_'
thread block = 0,36,0
GPGPU-Sim uArch: Shader 53 bind to kernel 2 '_Z24bpnn_adjust_weights_cudaPfiS_iS_S_'
thread block = 0,37,0
GPGPU-Sim uArch: Shader 54 bind to kernel 2 '_Z24bpnn_adjust_weights_cudaPfiS_iS_S_'
thread block = 0,38,0
GPGPU-Sim uArch: Shader 55 bind to kernel 2 '_Z24bpnn_adjust_weights_cudaPfiS_iS_S_'
thread block = 0,39,0
GPGPU-Sim uArch: Shader 56 bind to kernel 2 '_Z24bpnn_adjust_weights_cudaPfiS_iS_S_'
thread block = 0,40,0
GPGPU-Sim uArch: Shader 57 bind to kernel 2 '_Z24bpnn_adjust_weights_cudaPfiS_iS_S_'
thread block = 0,41,0
GPGPU-Sim uArch: Shader 58 bind to kernel 2 '_Z24bpnn_adjust_weights_cudaPfiS_iS_S_'
thread block = 0,42,0
GPGPU-Sim uArch: Shader 59 bind to kernel 2 '_Z24bpnn_adjust_weights_cudaPfiS_iS_S_'
thread block = 0,43,0
GPGPU-Sim uArch: Shader 60 bind to kernel 2 '_Z24bpnn_adjust_weights_cudaPfiS_iS_S_'
thread block = 0,44,0
GPGPU-Sim uArch: Shader 61 bind to kernel 2 '_Z24bpnn_adjust_weights_cudaPfiS_iS_S_'
thread block = 0,45,0
GPGPU-Sim uArch: Shader 62 bind to kernel 2 '_Z24bpnn_adjust_weights_cudaPfiS_iS_S_'
thread block = 0,46,0
GPGPU-Sim uArch: Shader 63 bind to kernel 2 '_Z24bpnn_adjust_weights_cudaPfiS_iS_S_'
thread block = 0,47,0
GPGPU-Sim uArch: Shader 64 bind to kernel 2 '_Z24bpnn_adjust_weights_cudaPfiS_iS_S_'
thread block = 0,48,0
GPGPU-Sim uArch: Shader 65 bind to kernel 2 '_Z24bpnn_adjust_weights_cudaPfiS_iS_S_'
thread block = 0,49,0
GPGPU-Sim uArch: Shader 66 bind to kernel 2 '_Z24bpnn_adjust_weights_cudaPfiS_iS_S_'
thread block = 0,50,0
GPGPU-Sim uArch: Shader 67 bind to kernel 2 '_Z24bpnn_adjust_weights_cudaPfiS_iS_S_'
thread block = 0,51,0
GPGPU-Sim uArch: Shader 68 bind to kernel 2 '_Z24bpnn_adjust_weights_cudaPfiS_iS_S_'
thread block = 0,52,0
GPGPU-Sim uArch: Shader 69 bind to kernel 2 '_Z24bpnn_adjust_weights_cudaPfiS_iS_S_'
thread block = 0,53,0
GPGPU-Sim uArch: Shader 70 bind to kernel 2 '_Z24bpnn_adjust_weights_cudaPfiS_iS_S_'
thread block = 0,54,0
GPGPU-Sim uArch: Shader 71 bind to kernel 2 '_Z24bpnn_adjust_weights_cudaPfiS_iS_S_'
thread block = 0,55,0
GPGPU-Sim uArch: Shader 72 bind to kernel 2 '_Z24bpnn_adjust_weights_cudaPfiS_iS_S_'
thread block = 0,56,0
GPGPU-Sim uArch: Shader 73 bind to kernel 2 '_Z24bpnn_adjust_weights_cudaPfiS_iS_S_'
thread block = 0,57,0
GPGPU-Sim uArch: Shader 74 bind to kernel 2 '_Z24bpnn_adjust_weights_cudaPfiS_iS_S_'
thread block = 0,58,0
GPGPU-Sim uArch: Shader 75 bind to kernel 2 '_Z24bpnn_adjust_weights_cudaPfiS_iS_S_'
thread block = 0,59,0
GPGPU-Sim uArch: Shader 76 bind to kernel 2 '_Z24bpnn_adjust_weights_cudaPfiS_iS_S_'
thread block = 0,60,0
GPGPU-Sim uArch: Shader 77 bind to kernel 2 '_Z24bpnn_adjust_weights_cudaPfiS_iS_S_'
thread block = 0,61,0
GPGPU-Sim uArch: Shader 78 bind to kernel 2 '_Z24bpnn_adjust_weights_cudaPfiS_iS_S_'
thread block = 0,62,0
GPGPU-Sim uArch: Shader 79 bind to kernel 2 '_Z24bpnn_adjust_weights_cudaPfiS_iS_S_'
thread block = 0,63,0
GPGPU-Sim uArch: Shader 0 bind to kernel 2 '_Z24bpnn_adjust_weights_cudaPfiS_iS_S_'
thread block = 0,64,0
GPGPU-Sim uArch: Shader 1 bind to kernel 2 '_Z24bpnn_adjust_weights_cudaPfiS_iS_S_'
thread block = 0,65,0
GPGPU-Sim uArch: Shader 2 bind to kernel 2 '_Z24bpnn_adjust_weights_cudaPfiS_iS_S_'
thread block = 0,66,0
GPGPU-Sim uArch: Shader 3 bind to kernel 2 '_Z24bpnn_adjust_weights_cudaPfiS_iS_S_'
thread block = 0,67,0
GPGPU-Sim uArch: Shader 4 bind to kernel 2 '_Z24bpnn_adjust_weights_cudaPfiS_iS_S_'
thread block = 0,68,0
GPGPU-Sim uArch: Shader 5 bind to kernel 2 '_Z24bpnn_adjust_weights_cudaPfiS_iS_S_'
thread block = 0,69,0
GPGPU-Sim uArch: Shader 6 bind to kernel 2 '_Z24bpnn_adjust_weights_cudaPfiS_iS_S_'
thread block = 0,70,0
GPGPU-Sim uArch: Shader 7 bind to kernel 2 '_Z24bpnn_adjust_weights_cudaPfiS_iS_S_'
thread block = 0,71,0
GPGPU-Sim uArch: Shader 8 bind to kernel 2 '_Z24bpnn_adjust_weights_cudaPfiS_iS_S_'
thread block = 0,72,0
GPGPU-Sim uArch: Shader 9 bind to kernel 2 '_Z24bpnn_adjust_weights_cudaPfiS_iS_S_'
thread block = 0,73,0
GPGPU-Sim uArch: Shader 10 bind to kernel 2 '_Z24bpnn_adjust_weights_cudaPfiS_iS_S_'
thread block = 0,74,0
GPGPU-Sim uArch: Shader 11 bind to kernel 2 '_Z24bpnn_adjust_weights_cudaPfiS_iS_S_'
thread block = 0,75,0
GPGPU-Sim uArch: Shader 12 bind to kernel 2 '_Z24bpnn_adjust_weights_cudaPfiS_iS_S_'
thread block = 0,76,0
GPGPU-Sim uArch: Shader 13 bind to kernel 2 '_Z24bpnn_adjust_weights_cudaPfiS_iS_S_'
thread block = 0,77,0
GPGPU-Sim uArch: Shader 14 bind to kernel 2 '_Z24bpnn_adjust_weights_cudaPfiS_iS_S_'
thread block = 0,78,0
GPGPU-Sim uArch: Shader 15 bind to kernel 2 '_Z24bpnn_adjust_weights_cudaPfiS_iS_S_'
thread block = 0,79,0
thread block = 0,80,0
thread block = 0,81,0
thread block = 0,82,0
thread block = 0,83,0
thread block = 0,84,0
thread block = 0,85,0
thread block = 0,86,0
thread block = 0,87,0
thread block = 0,88,0
thread block = 0,89,0
thread block = 0,90,0
thread block = 0,91,0
thread block = 0,92,0
thread block = 0,93,0
thread block = 0,94,0
thread block = 0,95,0
thread block = 0,96,0
thread block = 0,97,0
thread block = 0,98,0
thread block = 0,99,0
thread block = 0,100,0
thread block = 0,101,0
thread block = 0,102,0
thread block = 0,103,0
thread block = 0,104,0
thread block = 0,105,0
thread block = 0,106,0
thread block = 0,107,0
thread block = 0,108,0
thread block = 0,109,0
thread block = 0,110,0
thread block = 0,111,0
thread block = 0,112,0
thread block = 0,113,0
thread block = 0,114,0
thread block = 0,115,0
thread block = 0,116,0
thread block = 0,117,0
thread block = 0,118,0
thread block = 0,119,0
thread block = 0,120,0
thread block = 0,121,0
thread block = 0,122,0
thread block = 0,123,0
thread block = 0,124,0
thread block = 0,125,0
thread block = 0,126,0
thread block = 0,127,0
thread block = 0,128,0
thread block = 0,129,0
thread block = 0,130,0
thread block = 0,131,0
thread block = 0,132,0
thread block = 0,133,0
thread block = 0,134,0
thread block = 0,135,0
thread block = 0,136,0
thread block = 0,137,0
thread block = 0,138,0
thread block = 0,139,0
thread block = 0,140,0
thread block = 0,141,0
thread block = 0,142,0
thread block = 0,143,0
thread block = 0,144,0
thread block = 0,145,0
thread block = 0,146,0
thread block = 0,147,0
thread block = 0,148,0
thread block = 0,149,0
thread block = 0,150,0
thread block = 0,151,0
thread block = 0,152,0
thread block = 0,153,0
thread block = 0,154,0
thread block = 0,155,0
thread block = 0,156,0
thread block = 0,157,0
thread block = 0,158,0
thread block = 0,159,0
thread block = 0,160,0
thread block = 0,161,0
thread block = 0,162,0
thread block = 0,163,0
thread block = 0,164,0
thread block = 0,165,0
thread block = 0,166,0
thread block = 0,167,0
thread block = 0,168,0
thread block = 0,169,0
thread block = 0,170,0
thread block = 0,171,0
thread block = 0,172,0
thread block = 0,173,0
thread block = 0,174,0
thread block = 0,175,0
thread block = 0,176,0
thread block = 0,177,0
thread block = 0,178,0
thread block = 0,179,0
thread block = 0,180,0
thread block = 0,181,0
thread block = 0,182,0
thread block = 0,183,0
thread block = 0,184,0
thread block = 0,185,0
thread block = 0,186,0
thread block = 0,187,0
thread block = 0,188,0
thread block = 0,189,0
thread block = 0,190,0
thread block = 0,191,0
thread block = 0,192,0
thread block = 0,193,0
thread block = 0,194,0
thread block = 0,195,0
thread block = 0,196,0
thread block = 0,197,0
thread block = 0,198,0
thread block = 0,199,0
thread block = 0,200,0
thread block = 0,201,0
thread block = 0,202,0
thread block = 0,203,0
thread block = 0,204,0
thread block = 0,205,0
thread block = 0,206,0
thread block = 0,207,0
thread block = 0,208,0
thread block = 0,209,0
thread block = 0,210,0
thread block = 0,211,0
thread block = 0,212,0
thread block = 0,213,0
thread block = 0,214,0
thread block = 0,215,0
thread block = 0,216,0
thread block = 0,217,0
thread block = 0,218,0
thread block = 0,219,0
thread block = 0,220,0
thread block = 0,221,0
thread block = 0,222,0
thread block = 0,223,0
thread block = 0,224,0
thread block = 0,225,0
thread block = 0,226,0
thread block = 0,227,0
thread block = 0,228,0
thread block = 0,229,0
thread block = 0,230,0
thread block = 0,231,0
thread block = 0,232,0
thread block = 0,233,0
thread block = 0,234,0
thread block = 0,235,0
thread block = 0,236,0
thread block = 0,237,0
thread block = 0,238,0
thread block = 0,239,0
thread block = 0,240,0
thread block = 0,241,0
thread block = 0,242,0
thread block = 0,243,0
thread block = 0,244,0
thread block = 0,245,0
thread block = 0,246,0
thread block = 0,247,0
thread block = 0,248,0
thread block = 0,249,0
thread block = 0,250,0
thread block = 0,251,0
thread block = 0,252,0
thread block = 0,253,0
thread block = 0,254,0
thread block = 0,255,0
Destroy streams for kernel 2: size 0
kernel_name = _Z24bpnn_adjust_weights_cudaPfiS_iS_S_ 
kernel_launch_uid = 2 
kernel_stream_id = 0
gpu_sim_cycle = 7197
gpu_sim_insn = 2818400
gpu_ipc =     391.6076
gpu_tot_sim_cycle = 14903
gpu_tot_sim_insn = 9290080
gpu_tot_ipc =     623.3698
gpu_tot_issued_cta = 512
gpu_occupancy = 36.6739% 
gpu_tot_occupancy = 37.8606% 
max_total_param_size = 0
gpu_stall_dramfull = 305
gpu_stall_icnt2sh    = 0
partiton_level_parallism =       5.4770
partiton_level_parallism_total  =       4.1112
partiton_level_parallism_util =      24.3622
partiton_level_parallism_util_total  =      18.1269
L2_BW  =     198.3990 GB/Sec
L2_BW_total  =     148.9236 GB/Sec
gpu_total_sim_rate=844552

========= Core cache stats =========
L1I_cache:
	L1I_total_cache_accesses = 0
	L1I_total_cache_misses = 0
	L1I_total_cache_pending_hits = 0
	L1I_total_cache_reservation_fails = 0
L1D_cache:
	L1D_cache_core[0]: Access = 1220, Miss = 381, Miss_rate = 0.312, Pending_hits = 122, Reservation_fails = 2092
	L1D_cache_core[1]: Access = 1220, Miss = 379, Miss_rate = 0.311, Pending_hits = 120, Reservation_fails = 2152
	L1D_cache_core[2]: Access = 1220, Miss = 379, Miss_rate = 0.311, Pending_hits = 118, Reservation_fails = 1973
	L1D_cache_core[3]: Access = 1220, Miss = 379, Miss_rate = 0.311, Pending_hits = 120, Reservation_fails = 1939
	L1D_cache_core[4]: Access = 1220, Miss = 379, Miss_rate = 0.311, Pending_hits = 118, Reservation_fails = 1899
	L1D_cache_core[5]: Access = 1220, Miss = 379, Miss_rate = 0.311, Pending_hits = 120, Reservation_fails = 1950
	L1D_cache_core[6]: Access = 1220, Miss = 379, Miss_rate = 0.311, Pending_hits = 118, Reservation_fails = 1913
	L1D_cache_core[7]: Access = 1220, Miss = 379, Miss_rate = 0.311, Pending_hits = 120, Reservation_fails = 2041
	L1D_cache_core[8]: Access = 1220, Miss = 379, Miss_rate = 0.311, Pending_hits = 118, Reservation_fails = 1926
	L1D_cache_core[9]: Access = 1220, Miss = 379, Miss_rate = 0.311, Pending_hits = 119, Reservation_fails = 1971
	L1D_cache_core[10]: Access = 1220, Miss = 379, Miss_rate = 0.311, Pending_hits = 118, Reservation_fails = 1911
	L1D_cache_core[11]: Access = 1220, Miss = 379, Miss_rate = 0.311, Pending_hits = 120, Reservation_fails = 1986
	L1D_cache_core[12]: Access = 1220, Miss = 379, Miss_rate = 0.311, Pending_hits = 118, Reservation_fails = 1914
	L1D_cache_core[13]: Access = 1220, Miss = 379, Miss_rate = 0.311, Pending_hits = 120, Reservation_fails = 2008
	L1D_cache_core[14]: Access = 1220, Miss = 379, Miss_rate = 0.311, Pending_hits = 118, Reservation_fails = 1982
	L1D_cache_core[15]: Access = 1220, Miss = 379, Miss_rate = 0.311, Pending_hits = 117, Reservation_fails = 1791
	L1D_cache_core[16]: Access = 1405, Miss = 417, Miss_rate = 0.297, Pending_hits = 124, Reservation_fails = 2230
	L1D_cache_core[17]: Access = 1384, Miss = 413, Miss_rate = 0.298, Pending_hits = 129, Reservation_fails = 1962
	L1D_cache_core[18]: Access = 1384, Miss = 413, Miss_rate = 0.298, Pending_hits = 124, Reservation_fails = 2174
	L1D_cache_core[19]: Access = 1384, Miss = 413, Miss_rate = 0.298, Pending_hits = 129, Reservation_fails = 1943
	L1D_cache_core[20]: Access = 1384, Miss = 413, Miss_rate = 0.298, Pending_hits = 125, Reservation_fails = 1951
	L1D_cache_core[21]: Access = 1384, Miss = 413, Miss_rate = 0.298, Pending_hits = 129, Reservation_fails = 2147
	L1D_cache_core[22]: Access = 1384, Miss = 413, Miss_rate = 0.298, Pending_hits = 127, Reservation_fails = 1950
	L1D_cache_core[23]: Access = 1384, Miss = 413, Miss_rate = 0.298, Pending_hits = 129, Reservation_fails = 1962
	L1D_cache_core[24]: Access = 1384, Miss = 413, Miss_rate = 0.298, Pending_hits = 125, Reservation_fails = 2003
	L1D_cache_core[25]: Access = 1384, Miss = 413, Miss_rate = 0.298, Pending_hits = 129, Reservation_fails = 1992
	L1D_cache_core[26]: Access = 1384, Miss = 413, Miss_rate = 0.298, Pending_hits = 126, Reservation_fails = 1949
	L1D_cache_core[27]: Access = 1384, Miss = 413, Miss_rate = 0.298, Pending_hits = 129, Reservation_fails = 1940
	L1D_cache_core[28]: Access = 1384, Miss = 413, Miss_rate = 0.298, Pending_hits = 125, Reservation_fails = 2039
	L1D_cache_core[29]: Access = 1384, Miss = 413, Miss_rate = 0.298, Pending_hits = 129, Reservation_fails = 1970
	L1D_cache_core[30]: Access = 1384, Miss = 413, Miss_rate = 0.298, Pending_hits = 124, Reservation_fails = 1978
	L1D_cache_core[31]: Access = 1384, Miss = 413, Miss_rate = 0.298, Pending_hits = 129, Reservation_fails = 2084
	L1D_cache_core[32]: Access = 1116, Miss = 340, Miss_rate = 0.305, Pending_hits = 108, Reservation_fails = 1789
	L1D_cache_core[33]: Access = 1116, Miss = 340, Miss_rate = 0.305, Pending_hits = 112, Reservation_fails = 1756
	L1D_cache_core[34]: Access = 1116, Miss = 340, Miss_rate = 0.305, Pending_hits = 109, Reservation_fails = 1794
	L1D_cache_core[35]: Access = 1116, Miss = 340, Miss_rate = 0.305, Pending_hits = 112, Reservation_fails = 1743
	L1D_cache_core[36]: Access = 1116, Miss = 340, Miss_rate = 0.305, Pending_hits = 108, Reservation_fails = 1765
	L1D_cache_core[37]: Access = 1116, Miss = 340, Miss_rate = 0.305, Pending_hits = 112, Reservation_fails = 1765
	L1D_cache_core[38]: Access = 1116, Miss = 340, Miss_rate = 0.305, Pending_hits = 109, Reservation_fails = 1804
	L1D_cache_core[39]: Access = 1116, Miss = 340, Miss_rate = 0.305, Pending_hits = 112, Reservation_fails = 1887
	L1D_cache_core[40]: Access = 1116, Miss = 340, Miss_rate = 0.305, Pending_hits = 108, Reservation_fails = 1797
	L1D_cache_core[41]: Access = 1116, Miss = 340, Miss_rate = 0.305, Pending_hits = 112, Reservation_fails = 1877
	L1D_cache_core[42]: Access = 1116, Miss = 340, Miss_rate = 0.305, Pending_hits = 109, Reservation_fails = 1840
	L1D_cache_core[43]: Access = 1116, Miss = 340, Miss_rate = 0.305, Pending_hits = 112, Reservation_fails = 1800
	L1D_cache_core[44]: Access = 1116, Miss = 340, Miss_rate = 0.305, Pending_hits = 108, Reservation_fails = 1795
	L1D_cache_core[45]: Access = 1116, Miss = 340, Miss_rate = 0.305, Pending_hits = 112, Reservation_fails = 1829
	L1D_cache_core[46]: Access = 1116, Miss = 340, Miss_rate = 0.305, Pending_hits = 109, Reservation_fails = 1834
	L1D_cache_core[47]: Access = 1116, Miss = 340, Miss_rate = 0.305, Pending_hits = 112, Reservation_fails = 1872
	L1D_cache_core[48]: Access = 1116, Miss = 340, Miss_rate = 0.305, Pending_hits = 108, Reservation_fails = 1833
	L1D_cache_core[49]: Access = 1116, Miss = 340, Miss_rate = 0.305, Pending_hits = 112, Reservation_fails = 1851
	L1D_cache_core[50]: Access = 1116, Miss = 340, Miss_rate = 0.305, Pending_hits = 109, Reservation_fails = 1846
	L1D_cache_core[51]: Access = 1116, Miss = 340, Miss_rate = 0.305, Pending_hits = 112, Reservation_fails = 1877
	L1D_cache_core[52]: Access = 1116, Miss = 340, Miss_rate = 0.305, Pending_hits = 109, Reservation_fails = 1872
	L1D_cache_core[53]: Access = 1116, Miss = 340, Miss_rate = 0.305, Pending_hits = 112, Reservation_fails = 1942
	L1D_cache_core[54]: Access = 1116, Miss = 340, Miss_rate = 0.305, Pending_hits = 109, Reservation_fails = 1832
	L1D_cache_core[55]: Access = 1116, Miss = 340, Miss_rate = 0.305, Pending_hits = 112, Reservation_fails = 1947
	L1D_cache_core[56]: Access = 1116, Miss = 340, Miss_rate = 0.305, Pending_hits = 108, Reservation_fails = 1843
	L1D_cache_core[57]: Access = 1116, Miss = 340, Miss_rate = 0.305, Pending_hits = 109, Reservation_fails = 1427
	L1D_cache_core[58]: Access = 1116, Miss = 340, Miss_rate = 0.305, Pending_hits = 109, Reservation_fails = 1687
	L1D_cache_core[59]: Access = 1116, Miss = 340, Miss_rate = 0.305, Pending_hits = 112, Reservation_fails = 1683
	L1D_cache_core[60]: Access = 1116, Miss = 340, Miss_rate = 0.305, Pending_hits = 108, Reservation_fails = 1736
	L1D_cache_core[61]: Access = 1116, Miss = 340, Miss_rate = 0.305, Pending_hits = 112, Reservation_fails = 1780
	L1D_cache_core[62]: Access = 1116, Miss = 340, Miss_rate = 0.305, Pending_hits = 109, Reservation_fails = 1656
	L1D_cache_core[63]: Access = 1116, Miss = 340, Miss_rate = 0.305, Pending_hits = 112, Reservation_fails = 1675
	L1D_cache_core[64]: Access = 1116, Miss = 340, Miss_rate = 0.305, Pending_hits = 112, Reservation_fails = 1679
	L1D_cache_core[65]: Access = 1116, Miss = 341, Miss_rate = 0.306, Pending_hits = 119, Reservation_fails = 2212
	L1D_cache_core[66]: Access = 1116, Miss = 341, Miss_rate = 0.306, Pending_hits = 112, Reservation_fails = 1987
	L1D_cache_core[67]: Access = 1116, Miss = 340, Miss_rate = 0.305, Pending_hits = 110, Reservation_fails = 1627
	L1D_cache_core[68]: Access = 1116, Miss = 341, Miss_rate = 0.306, Pending_hits = 116, Reservation_fails = 2170
	L1D_cache_core[69]: Access = 1116, Miss = 340, Miss_rate = 0.305, Pending_hits = 112, Reservation_fails = 1854
	L1D_cache_core[70]: Access = 1116, Miss = 341, Miss_rate = 0.306, Pending_hits = 116, Reservation_fails = 2234
	L1D_cache_core[71]: Access = 1116, Miss = 341, Miss_rate = 0.306, Pending_hits = 109, Reservation_fails = 1592
	L1D_cache_core[72]: Access = 1116, Miss = 341, Miss_rate = 0.306, Pending_hits = 113, Reservation_fails = 1983
	L1D_cache_core[73]: Access = 1116, Miss = 340, Miss_rate = 0.305, Pending_hits = 110, Reservation_fails = 1669
	L1D_cache_core[74]: Access = 1116, Miss = 340, Miss_rate = 0.305, Pending_hits = 112, Reservation_fails = 1672
	L1D_cache_core[75]: Access = 1116, Miss = 341, Miss_rate = 0.306, Pending_hits = 119, Reservation_fails = 2242
	L1D_cache_core[76]: Access = 1116, Miss = 341, Miss_rate = 0.306, Pending_hits = 117, Reservation_fails = 1692
	L1D_cache_core[77]: Access = 1116, Miss = 340, Miss_rate = 0.305, Pending_hits = 110, Reservation_fails = 1691
	L1D_cache_core[78]: Access = 1116, Miss = 340, Miss_rate = 0.305, Pending_hits = 108, Reservation_fails = 1895
	L1D_cache_core[79]: Access = 1116, Miss = 341, Miss_rate = 0.306, Pending_hits = 117, Reservation_fails = 1938
	L1D_total_cache_accesses = 95253
	L1D_total_cache_misses = 29007
	L1D_total_cache_miss_rate = 0.3045
	L1D_total_cache_pending_hits = 9274
	L1D_total_cache_reservation_fails = 151293
	L1D_cache_data_port_util = 0.184
	L1D_cache_fill_port_util = 0.092
L1C_cache:
	L1C_total_cache_accesses = 0
	L1C_total_cache_misses = 0
	L1C_total_cache_pending_hits = 0
	L1C_total_cache_reservation_fails = 0
L1T_cache:
	L1T_total_cache_accesses = 0
	L1T_total_cache_misses = 0
	L1T_total_cache_pending_hits = 0
	L1T_total_cache_reservation_fails = 0

Total_core_cache_stats:
	Total_core_cache_stats_breakdown[GLOBAL_ACC_R][HIT] = 24710
	Total_core_cache_stats_breakdown[GLOBAL_ACC_R][HIT_RESERVED] = 9274
	Total_core_cache_stats_breakdown[GLOBAL_ACC_R][MISS] = 8107
	Total_core_cache_stats_breakdown[GLOBAL_ACC_R][RESERVATION_FAIL] = 142524
	Total_core_cache_stats_breakdown[GLOBAL_ACC_R][SECTOR_MISS] = 20388
	Total_core_cache_stats_breakdown[GLOBAL_ACC_R][MSHR_HIT] = 9274
	Total_core_cache_stats_breakdown[LOCAL_ACC_R][HIT] = 0
	Total_core_cache_stats_breakdown[LOCAL_ACC_R][HIT_RESERVED] = 0
	Total_core_cache_stats_breakdown[LOCAL_ACC_R][MISS] = 0
	Total_core_cache_stats_breakdown[LOCAL_ACC_R][RESERVATION_FAIL] = 0
	Total_core_cache_stats_breakdown[LOCAL_ACC_R][SECTOR_MISS] = 0
	Total_core_cache_stats_breakdown[LOCAL_ACC_R][MSHR_HIT] = 0
	Total_core_cache_stats_breakdown[CONST_ACC_R][HIT] = 0
	Total_core_cache_stats_breakdown[CONST_ACC_R][HIT_RESERVED] = 0
	Total_core_cache_stats_breakdown[CONST_ACC_R][MISS] = 0
	Total_core_cache_stats_breakdown[CONST_ACC_R][RESERVATION_FAIL] = 0
	Total_core_cache_stats_breakdown[CONST_ACC_R][SECTOR_MISS] = 0
	Total_core_cache_stats_breakdown[CONST_ACC_R][MSHR_HIT] = 0
	Total_core_cache_stats_breakdown[TEXTURE_ACC_R][HIT] = 0
	Total_core_cache_stats_breakdown[TEXTURE_ACC_R][HIT_RESERVED] = 0
	Total_core_cache_stats_breakdown[TEXTURE_ACC_R][MISS] = 0
	Total_core_cache_stats_breakdown[TEXTURE_ACC_R][RESERVATION_FAIL] = 0
	Total_core_cache_stats_breakdown[TEXTURE_ACC_R][SECTOR_MISS] = 0
	Total_core_cache_stats_breakdown[TEXTURE_ACC_R][MSHR_HIT] = 0
	Total_core_cache_stats_breakdown[GLOBAL_ACC_W][HIT] = 32262
	Total_core_cache_stats_breakdown[GLOBAL_ACC_W][HIT_RESERVED] = 0
	Total_core_cache_stats_breakdown[GLOBAL_ACC_W][MISS] = 256
	Total_core_cache_stats_breakdown[GLOBAL_ACC_W][RESERVATION_FAIL] = 8769
	Total_core_cache_stats_breakdown[GLOBAL_ACC_W][SECTOR_MISS] = 256
	Total_core_cache_stats_breakdown[GLOBAL_ACC_W][MSHR_HIT] = 0
	Total_core_cache_stats_breakdown[LOCAL_ACC_W][HIT] = 0
	Total_core_cache_stats_breakdown[LOCAL_ACC_W][HIT_RESERVED] = 0
	Total_core_cache_stats_breakdown[LOCAL_ACC_W][MISS] = 0
	Total_core_cache_stats_breakdown[LOCAL_ACC_W][RESERVATION_FAIL] = 0
	Total_core_cache_stats_breakdown[LOCAL_ACC_W][SECTOR_MISS] = 0
	Total_core_cache_stats_breakdown[LOCAL_ACC_W][MSHR_HIT] = 0
	Total_core_cache_stats_breakdown[L1_WRBK_ACC][HIT] = 0
	Total_core_cache_stats_breakdown[L1_WRBK_ACC][HIT_RESERVED] = 0
	Total_core_cache_stats_breakdown[L1_WRBK_ACC][MISS] = 0
	Total_core_cache_stats_breakdown[L1_WRBK_ACC][RESERVATION_FAIL] = 0
	Total_core_cache_stats_breakdown[L1_WRBK_ACC][SECTOR_MISS] = 0
	Total_core_cache_stats_breakdown[L1_WRBK_ACC][MSHR_HIT] = 0
	Total_core_cache_stats_breakdown[L2_WRBK_ACC][HIT] = 0
	Total_core_cache_stats_breakdown[L2_WRBK_ACC][HIT_RESERVED] = 0
	Total_core_cache_stats_breakdown[L2_WRBK_ACC][MISS] = 0
	Total_core_cache_stats_breakdown[L2_WRBK_ACC][RESERVATION_FAIL] = 0
	Total_core_cache_stats_breakdown[L2_WRBK_ACC][SECTOR_MISS] = 0
	Total_core_cache_stats_breakdown[L2_WRBK_ACC][MSHR_HIT] = 0
	Total_core_cache_stats_breakdown[INST_ACC_R][HIT] = 0
	Total_core_cache_stats_breakdown[INST_ACC_R][HIT_RESERVED] = 0
	Total_core_cache_stats_breakdown[INST_ACC_R][MISS] = 0
	Total_core_cache_stats_breakdown[INST_ACC_R][RESERVATION_FAIL] = 0
	Total_core_cache_stats_breakdown[INST_ACC_R][SECTOR_MISS] = 0
	Total_core_cache_stats_breakdown[INST_ACC_R][MSHR_HIT] = 0
	Total_core_cache_stats_breakdown[L1_WR_ALLOC_R][HIT] = 0
	Total_core_cache_stats_breakdown[L1_WR_ALLOC_R][HIT_RESERVED] = 0
	Total_core_cache_stats_breakdown[L1_WR_ALLOC_R][MISS] = 0
	Total_core_cache_stats_breakdown[L1_WR_ALLOC_R][RESERVATION_FAIL] = 0
	Total_core_cache_stats_breakdown[L1_WR_ALLOC_R][SECTOR_MISS] = 0
	Total_core_cache_stats_breakdown[L1_WR_ALLOC_R][MSHR_HIT] = 0
	Total_core_cache_stats_breakdown[L2_WR_ALLOC_R][HIT] = 0
	Total_core_cache_stats_breakdown[L2_WR_ALLOC_R][HIT_RESERVED] = 0
	Total_core_cache_stats_breakdown[L2_WR_ALLOC_R][MISS] = 0
	Total_core_cache_stats_breakdown[L2_WR_ALLOC_R][RESERVATION_FAIL] = 0
	Total_core_cache_stats_breakdown[L2_WR_ALLOC_R][SECTOR_MISS] = 0
	Total_core_cache_stats_breakdown[L2_WR_ALLOC_R][MSHR_HIT] = 0
	Total_core_cache_stats_breakdown[GLOBAL_ACC_R][TOTAL_ACCESS] = 62479
	Total_core_cache_stats_breakdown[GLOBAL_ACC_W][TOTAL_ACCESS] = 32774

Total_core_cache_fail_stats:
	Total_core_cache_fail_stats_breakdown[GLOBAL_ACC_R][MISS_QUEUE_FULL] = 22064
	Total_core_cache_fail_stats_breakdown[GLOBAL_ACC_R][MSHR_MERGE_ENRTY_FAIL] = 120460
	Total_core_cache_fail_stats_breakdown[GLOBAL_ACC_W][MISS_QUEUE_FULL] = 8769
ctas_completed 512, Shader 0 warp_id issue ditsribution:
warp_id:
0, 1, 2, 3, 4, 5, 6, 7, 8, 9, 10, 11, 12, 13, 14, 15, 16, 17, 18, 19, 20, 21, 22, 23, 24, 25, 26, 27, 28, 29, 30, 31, 
distro:
181, 181, 181, 181, 181, 181, 181, 181, 181, 181, 181, 181, 181, 181, 181, 181, 181, 181, 181, 181, 181, 181, 181, 181, 137, 137, 137, 137, 137, 137, 137, 137, 
gpgpu_n_tot_thrd_icount = 9290080
gpgpu_n_tot_w_icount = 370711
gpgpu_n_stall_shd_mem = 71101
gpgpu_n_mem_read_local = 0
gpgpu_n_mem_write_local = 0
gpgpu_n_mem_read_global = 28495
gpgpu_n_mem_write_global = 32774
gpgpu_n_mem_texture = 0
gpgpu_n_mem_const = 0
gpgpu_n_load_insn  = 528464
gpgpu_n_store_insn = 200736
gpgpu_n_shmem_insn = 520192
gpgpu_n_sstarr_insn = 0
gpgpu_n_tex_insn = 0
gpgpu_n_const_mem_insn = 0
gpgpu_n_param_mem_insn = 0
gpgpu_n_shmem_bkconflict = 0
gpgpu_n_l1cache_bkconflict = 57032
gpgpu_n_intrawarp_mshr_merge = 0
gpgpu_n_cmem_portconflict = 0
gpgpu_stall_shd_mem[c_mem][resource_stall] = 0
gpgpu_stall_shd_mem[s_mem][bk_conf] = 0
gpgpu_stall_shd_mem[gl_mem][resource_stall] = 57032
gpgpu_stall_shd_mem[gl_mem][coal_stall] = 14069
gpgpu_stall_shd_mem[gl_mem][data_port_stall] = 0
gpu_reg_bank_conflict_stalls = 0
Warp Occupancy Distribution:
Stall:459598	W0_Idle:206010	W0_Scoreboard:249485	W1:0	W2:18432	W3:0	W4:0	W5:0	W6:0	W7:0	W8:0	W9:0	W10:0	W11:0	W12:0	W13:0	W14:0	W15:0	W16:29720	W17:0	W18:0	W19:0	W20:0	W21:0	W22:0	W23:0	W24:0	W25:0	W26:0	W27:0	W28:0	W29:0	W30:2048	W31:0	W32:272383
single_issue_nums: WS0:92695	WS1:92672	WS2:92672	WS3:92672	
dual_issue_nums: WS0:0	WS1:0	WS2:0	WS3:0	
traffic_breakdown_coretomem[GLOBAL_ACC_R] = 227960 {8:28495,}
traffic_breakdown_coretomem[GLOBAL_ACC_W] = 1310960 {40:32774,}
traffic_breakdown_memtocore[GLOBAL_ACC_R] = 1139800 {40:28495,}
traffic_breakdown_memtocore[GLOBAL_ACC_W] = 262192 {8:32774,}
maxmflatency = 1008 
max_icnt2mem_latency = 601 
maxmrqlatency = 81 
max_icnt2sh_latency = 239 
averagemflatency = 330 
avg_icnt2mem_latency = 83 
avg_mrq_latency = 8 
avg_icnt2sh_latency = 42 
mrq_lat_table:5620 	3620 	2855 	2413 	2589 	775 	63 	0 	0 	0 	0 	0 	0 	0 	0 	0 	0 	0 	0 	0 	0 	0 	0 	0 	0 	0 	0 	0 	0 	0 	0 	0 	
dq_lat_table:0 	0 	0 	0 	0 	0 	0 	0 	0 	0 	0 	0 	0 	0 	0 	0 	0 	0 	0 	0 	0 	0 	0 	0 	0 	0 	0 	0 	0 	0 	0 	0 	
mf_lat_table:0 	0 	0 	0 	0 	0 	0 	17941 	38993 	4335 	0 	0 	0 	0 	0 	0 	0 	0 	0 	0 	0 	0 	0 	0 	0 	0 	0 	0 	0 	0 	0 	0 	
icnt2mem_lat_table:0 	0 	0 	0 	9004 	24324 	18938 	6649 	2220 	134 	0 	0 	0 	0 	0 	0 	0 	0 	0 	0 	0 	0 	0 	0 	
icnt2sh_lat_table:0 	17319 	7385 	5326 	5588 	8446 	11736 	5469 	0 	0 	0 	0 	0 	0 	0 	0 	0 	0 	0 	0 	0 	0 	0 	0 	
mf_lat_pw_table:0 	0 	0 	0 	0 	0 	0 	3 	7 	0 	0 	0 	0 	0 	0 	0 	0 	0 	0 	0 	0 	0 	0 	0 	0 	0 	0 	0 	0 	0 	0 	0 	
maximum concurrent accesses to same row:
dram[0]:         8         0         0         0         0         0         0         0         0         0         0         0         0         0         0         0 
dram[1]:         0         0         0         0         0         0         0         0         0         0         0         0         0         0         0         0 
dram[2]:         0         0         0         0         0         0         0         0         0         0         0         0         0         0         0         0 
dram[3]:         0         0         0         0         0         0         0         0         0         0         0         0         0         0         0         0 
dram[4]:         0         0         0         0         0         0         0         0         0         0         0         0         0         0         0         0 
dram[5]:         0         0         0         0         0         0         0         0         0         0         0         0         0         0         0         0 
dram[6]:         0         0         0         0         0         0         0         0         0         0         0         0         0         0         0         0 
dram[7]:         0         0         0         0         0         0         0         0         0         0         0         0         0         0         0         0 
dram[8]:         0         0         0         0         0         0         0         0         0         0         0         0         0         0         0         0 
dram[9]:         0         0         0         0         0         0         0         0         0         0         0         0         0         0         0         0 
dram[10]:         0         0         0         0         0         0         0         0         0         0         0         0         0         0         0         0 
dram[11]:         0         0         0         0         0         0         0         0         0         0         0         0         0         0         0         0 
dram[12]:         0         0         0         0         0         0         0         0         0         0         0         0         0         0         0         0 
dram[13]:         0         0         0         0         0         0         0         0         0         0         0         0         0         0         0         0 
dram[14]:         0         0         0         0         0         0         0         0         0         0         0         0         0         0         0         0 
dram[15]:         0         0         0         0         0         0         0         0         0         0         0         0         0         0         0         0 
dram[16]:         0         0         0         0         0         0         0         0         0         0         0         0         0         0         0         0 
dram[17]:         0         0         0         0         0         0         0         0         0         0         0         0         0         0         0         0 
dram[18]:         0         0         0         0         0         0         0         0         0         0         0         0         0         0         0         0 
dram[19]:         0         0         0         0         0         0         0         0         0         0         0         0         0         0         0         0 
dram[20]:         0         0         0         0         0         0         0         0         0         0         0         0         0         0         0         0 
dram[21]:         0         0         0         0         0         0         0         0         0         0         0         0         0         0         0         0 
dram[22]:         0         0         0         0         0         0         0         0         0         0         0         0         0         0         0         0 
dram[23]:         0         0         0         0         0         0         0         0         0         0         0         0         0         0         0         0 
dram[24]:         0         0         0         0         0         0         0         0         0         0         0         0         0         0         0         0 
dram[25]:         0         0         0         0         0         0         0         0         0         0         0         0         0         0         0         0 
dram[26]:         0         0         0         0         0         0         0         0         0         0         0         0         0         0         0         0 
dram[27]:         0         0         0         0         0         0         0         0         0         0         0         0         0         0         0         0 
dram[28]:         0         0         0         0         0         0         0         0         0         0         0         0         0         0         0         0 
dram[29]:         0         0         0         0         0         0         0         0         0         0         0         0         0         0         0         0 
dram[30]:         0         1         0         0         0         0         0         0         0         0         0         0         0         0         0         0 
dram[31]:         0         0         0         0         0         0         0         0         0         0         0         0         0         0         0         0 
maximum service time to same row:
dram[0]:      5413      5751      5819      5842      5964      5987      5464      5659      5660      5687         0         0         0         0         0         0 
dram[1]:      5395      5414      5800      5798      5932      6083      5443      5636      5727      5902         0         0         0         0         0         0 
dram[2]:      5395      5410      5812      5814      5968      6081      5452      5639      5771      5909         0         0         0         0         0         0 
dram[3]:      5395      5410      5796      5798      5977      6072      5451      5636      5767      5910         0         0         0         0         0         0 
dram[4]:      5395      5462      5822      5835      5985      6025      5627      5648      5499      5916         0         0         0         0         0         0 
dram[5]:      5395      5466      5834      5835      5968      5979      5624      5636      5500      5824         0         0         0         0         0         0 
dram[6]:      5395      5458      5812      5804      5999      5980      5447      5632      5679      5748         0         0         0         0         0         0 
dram[7]:      5395      5458      5815      5818      5972      5965      5625      5640      5925      5644         0         0         0         0         0         0 
dram[8]:      5395      5406      5844      5827      5972      5993      5617      5619      5649      5924         0         0         0         0         0         0 
dram[9]:      5395      5407      5824      5804      5968      5997      5620      5619      5905      5933         0         0         0         0         0         0 
dram[10]:      5395      5403      5823      5835      5984      5991      5621      5619      5845      5672         0         0         0         0         0         0 
dram[11]:      5395      5446      5816      5811      5992      5991      5624      5625      5845      5836         0         0         0         0         0         0 
dram[12]:      5427      5434      5828      5803      5968      6011      5631      5625      5645      5849         0         0         0         0         0         0 
dram[13]:      5427      5438      5823      5824      5985      5991      5632      5679      5680      5925         0         0         0         0         0         0 
dram[14]:      5429      5426      5808      5792      5936      5984      5621      5673      5775      5853         0         0         0         0         0         0 
dram[15]:      5427      5430      5795      5810      5967      5985      5624      5673      5920      5898         0         0         0         0         0         0 
dram[16]:      5418      5470      5810      5811      5945      5884      5637      5478      5890      5917         0         0         0         0         0         0 
dram[17]:      5422      5474      5810      5819      5959      5835      5625      5474      5719      5917         0         0         0         0         0         0 
dram[18]:      5410      5462      5802      5818      5957      6075      5620      5616      5831      5902         0         0         0         0         0         0 
dram[19]:      5414      5466      5807      5818      5957      6069      5480      5479      5914      5835         0         0         0         0         0         0 
dram[20]:      5406      5410      5814      5800      5972      6039      5475      5641      5827      5910         0         0         0         0         0         0 
dram[21]:      5406      5414      5814      5832      5980      6004      5499      5624      5902      5641         0         0         0         0         0         0 
dram[22]:      5402      5410      5818      5812      5888      5976      5621      5636      5906      5819         0         0         0         0         0         0 
dram[23]:      5402      5446      5818      5823      5977      5972      5612      5637      5913      5740         0         0         0         0         0         0 
dram[24]:      5462      5434      5798      5846      5976      5983      5651      5644      5759      5659         0         0         0         0         0         0 
dram[25]:      5466      5438      5796      5842      5985      5987      5625      5639      5784      5744         0         0         0         0         0         0 
dram[26]:      5454      5426      5799      5844      5969      5985      5488      5644      5637      5917         0         0         0         0         0         0 
dram[27]:      5458      5430      5822      5846      5996      5989      5487      5635      5629      5898         0         0         0         0         0         0 
dram[28]:      5395      5419      5832      5812      6071      5859      5669      5640      5773      5905         0         0         0         0         0         0 
dram[29]:      5395      5422      5836      5823      6073      5840      5620      5645      5764      5791         0         0         0         0         0         0 
dram[30]:      5395      5542      5803      5822      5972      5823      5623      5637      5780      5764         0         0         0         0         0         0 
dram[31]:      5395      5418      5815      5826      5973      5852      5637      5645      5639      5772         0         0         0         0         0         0 
average row accesses per activate:
dram[0]: 22.666666 64.000000 64.000000 64.000000 56.000000 56.000000 64.000000 64.000000 32.000000 32.000000      -nan      -nan      -nan      -nan      -nan      -nan 
dram[1]: 64.000000 64.000000 64.000000 64.000000 56.000000 56.000000 64.000000 64.000000 32.000000 32.000000      -nan      -nan      -nan      -nan      -nan      -nan 
dram[2]: 64.000000 64.000000 64.000000 64.000000 56.000000 56.000000 64.000000 64.000000 32.000000 32.000000      -nan      -nan      -nan      -nan      -nan      -nan 
dram[3]: 64.000000 64.000000 64.000000 64.000000 56.000000 56.000000 64.000000 64.000000 32.000000 32.000000      -nan      -nan      -nan      -nan      -nan      -nan 
dram[4]: 64.000000 64.000000 64.000000 64.000000 56.000000 56.000000 64.000000 64.000000 32.000000 32.000000      -nan      -nan      -nan      -nan      -nan      -nan 
dram[5]: 64.000000 64.000000 64.000000 64.000000 56.000000 56.000000 64.000000 64.000000 32.000000 32.000000      -nan      -nan      -nan      -nan      -nan      -nan 
dram[6]: 64.000000 64.000000 64.000000 64.000000 56.000000 56.000000 64.000000 64.000000 32.000000 32.000000      -nan      -nan      -nan      -nan      -nan      -nan 
dram[7]: 64.000000 64.000000 64.000000 64.000000 56.000000 56.000000 64.000000 64.000000 32.000000 32.000000      -nan      -nan      -nan      -nan      -nan      -nan 
dram[8]: 64.000000 64.000000 64.000000 64.000000 56.000000 56.000000 64.000000 64.000000 32.000000 32.000000      -nan      -nan      -nan      -nan      -nan      -nan 
dram[9]: 64.000000 64.000000 64.000000 64.000000 56.000000 56.000000 64.000000 64.000000 32.000000 32.000000      -nan      -nan      -nan      -nan      -nan      -nan 
dram[10]: 64.000000 64.000000 64.000000 64.000000 56.000000 56.000000 64.000000 64.000000 32.000000 32.000000      -nan      -nan      -nan      -nan      -nan      -nan 
dram[11]: 64.000000 64.000000 64.000000 64.000000 56.000000 56.000000 64.000000 64.000000 32.000000 32.000000      -nan      -nan      -nan      -nan      -nan      -nan 
dram[12]: 56.000000 64.000000 64.000000 64.000000 56.000000 56.000000 64.000000 64.000000 32.000000 32.000000      -nan      -nan      -nan      -nan      -nan      -nan 
dram[13]: 56.000000 64.000000 64.000000 64.000000 56.000000 56.000000 64.000000 64.000000 32.000000 32.000000      -nan      -nan      -nan      -nan      -nan      -nan 
dram[14]: 56.000000 64.000000 64.000000 64.000000 56.000000 56.000000 64.000000 64.000000 32.000000 32.000000      -nan      -nan      -nan      -nan      -nan      -nan 
dram[15]: 57.000000 64.000000 64.000000 64.000000 56.000000 56.000000 64.000000 64.000000 32.000000 32.000000      -nan      -nan      -nan      -nan      -nan      -nan 
dram[16]: 64.000000 64.000000 64.000000 64.000000 48.000000 56.000000 64.000000 64.000000 32.000000 32.000000      -nan      -nan      -nan      -nan      -nan      -nan 
dram[17]: 64.000000 64.000000 64.000000 64.000000 51.000000 56.000000 64.000000 64.000000 35.000000 32.000000      -nan      -nan      -nan      -nan      -nan      -nan 
dram[18]: 64.000000 64.000000 64.000000 64.000000 51.000000 56.000000 64.000000 64.000000 32.000000 32.000000      -nan      -nan      -nan      -nan      -nan      -nan 
dram[19]: 64.000000 64.000000 64.000000 64.000000 48.000000 56.000000 64.000000 64.000000 32.000000 32.000000      -nan      -nan      -nan      -nan      -nan      -nan 
dram[20]: 64.000000 64.000000 64.000000 64.000000 56.000000 56.000000 64.000000 64.000000 32.000000 32.000000      -nan      -nan      -nan      -nan      -nan      -nan 
dram[21]: 64.000000 64.000000 64.000000 64.000000 56.000000 56.000000 64.000000 64.000000 32.000000 32.000000      -nan      -nan      -nan      -nan      -nan      -nan 
dram[22]: 64.000000 64.000000 64.000000 64.000000 56.000000 56.000000 64.000000 64.000000 32.000000 32.000000      -nan      -nan      -nan      -nan      -nan      -nan 
dram[23]: 64.000000 64.000000 64.000000 64.000000 56.000000 56.000000 64.000000 64.000000 32.000000 32.000000      -nan      -nan      -nan      -nan      -nan      -nan 
dram[24]: 64.000000 64.000000 64.000000 64.000000 56.000000 56.000000 64.000000 64.000000 40.000000 32.000000      -nan      -nan      -nan      -nan      -nan      -nan 
dram[25]: 64.000000 64.000000 64.000000 64.000000 56.000000 56.000000 64.000000 64.000000 40.000000 32.000000      -nan      -nan      -nan      -nan      -nan      -nan 
dram[26]: 64.000000 64.000000 64.000000 64.000000 56.000000 56.000000 64.000000 64.000000 40.000000 32.000000      -nan      -nan      -nan      -nan      -nan      -nan 
dram[27]: 64.000000 64.000000 64.000000 64.000000 56.000000 56.000000 64.000000 64.000000 40.000000 32.000000      -nan      -nan      -nan      -nan      -nan      -nan 
dram[28]: 64.000000 64.000000 64.000000 64.000000 56.000000 56.000000 64.000000 64.000000 40.000000 32.000000      -nan      -nan      -nan      -nan      -nan      -nan 
dram[29]: 64.000000 64.000000 64.000000 64.000000 56.000000 56.000000 64.000000 64.000000 40.000000 32.000000      -nan      -nan      -nan      -nan      -nan      -nan 
dram[30]: 64.000000 65.000000 64.000000 64.000000 56.000000 56.000000 64.000000 64.000000 40.000000 32.000000      -nan      -nan      -nan      -nan      -nan      -nan 
dram[31]: 64.000000 64.000000 64.000000 64.000000 56.000000 56.000000 64.000000 64.000000 40.000000 32.000000      -nan      -nan      -nan      -nan      -nan      -nan 
average row locality = 17935/322 = 55.698757
number of total memory accesses made:
dram[0]:         0         0         0         0         0         0         0         0         0         0         0         0         0         0         0         0 
dram[1]:         0         0         0         0         0         0         0         0         0         0         0         0         0         0         0         0 
dram[2]:         0         0         0         0         0         0         0         0         0         0         0         0         0         0         0         0 
dram[3]:         0         0         0         0         0         0         0         0         0         0         0         0         0         0         0         0 
dram[4]:         0         0         0         0         0         0         0         0         0         0         0         0         0         0         0         0 
dram[5]:         0         0         0         0         0         0         0         0         0         0         0         0         0         0         0         0 
dram[6]:         0         0         0         0         0         0         0         0         0         0         0         0         0         0         0         0 
dram[7]:         0         0         0         0         0         0         0         0         0         0         0         0         0         0         0         0 
dram[8]:         0         0         0         0         0         0         0         0         0         0         0         0         0         0         0         0 
dram[9]:         0         0         0         0         0         0         0         0         0         0         0         0         0         0         0         0 
dram[10]:         0         0         0         0         0         0         0         0         0         0         0         0         0         0         0         0 
dram[11]:         0         0         0         0         0         0         0         0         0         0         0         0         0         0         0         0 
dram[12]:         0         0         0         0         0         0         0         0         0         0         0         0         0         0         0         0 
dram[13]:         0         0         0         0         0         0         0         0         0         0         0         0         0         0         0         0 
dram[14]:         0         0         0         0         0         0         0         0         0         0         0         0         0         0         0         0 
dram[15]:         0         0         0         0         0         0         0         0         0         0         0         0         0         0         0         0 
dram[16]:         0         0         0         0         0         0         0         0         0         0         0         0         0         0         0         0 
dram[17]:         0         0         0         0         0         0         0         0         0         0         0         0         0         0         0         0 
dram[18]:         0         0         0         0         0         0         0         0         0         0         0         0         0         0         0         0 
dram[19]:         0         0         0         0         0         0         0         0         0         0         0         0         0         0         0         0 
dram[20]:         0         0         0         0         0         0         0         0         0         0         0         0         0         0         0         0 
dram[21]:         0         0         0         0         0         0         0         0         0         0         0         0         0         0         0         0 
dram[22]:         0         0         0         0         0         0         0         0         0         0         0         0         0         0         0         0 
dram[23]:         0         0         0         0         0         0         0         0         0         0         0         0         0         0         0         0 
dram[24]:         0         0         0         0         0         0         0         0         0         0         0         0         0         0         0         0 
dram[25]:         0         0         0         0         0         0         0         0         0         0         0         0         0         0         0         0 
dram[26]:         0         0         0         0         0         0         0         0         0         0         0         0         0         0         0         0 
dram[27]:         0         0         0         0         0         0         0         0         0         0         0         0         0         0         0         0 
dram[28]:         0         0         0         0         0         0         0         0         0         0         0         0         0         0         0         0 
dram[29]:         0         0         0         0         0         0         0         0         0         0         0         0         0         0         0         0 
dram[30]:         0         0         0         0         0         0         0         0         0         0         0         0         0         0         0         0 
dram[31]:         0         0         0         0         0         0         0         0         0         0         0         0         0         0         0         0 
total accesses: 0
min_bank_accesses = 0!
min_chip_accesses = 0!
number of total read accesses:
dram[0]:        68        64        64        64        56        56        64        64        32        32         0         0         0         0         0         0 
dram[1]:        64        64        64        64        56        56        64        64        32        32         0         0         0         0         0         0 
dram[2]:        64        64        64        64        56        56        64        64        32        32         0         0         0         0         0         0 
dram[3]:        64        64        64        64        56        56        64        64        32        32         0         0         0         0         0         0 
dram[4]:        64        64        64        64        56        56        64        64        32        32         0         0         0         0         0         0 
dram[5]:        64        64        64        64        56        56        64        64        32        32         0         0         0         0         0         0 
dram[6]:        64        64        64        64        56        56        64        64        32        32         0         0         0         0         0         0 
dram[7]:        64        64        64        64        56        56        64        64        32        32         0         0         0         0         0         0 
dram[8]:        64        64        64        64        56        56        64        64        32        32         0         0         0         0         0         0 
dram[9]:        64        64        64        64        56        56        64        64        32        32         0         0         0         0         0         0 
dram[10]:        64        64        64        64        56        56        64        64        32        32         0         0         0         0         0         0 
dram[11]:        64        64        64        64        56        56        64        64        32        32         0         0         0         0         0         0 
dram[12]:        56        64        64        64        56        56        64        64        32        32         0         0         0         0         0         0 
dram[13]:        56        64        64        64        56        56        64        64        32        32         0         0         0         0         0         0 
dram[14]:        56        64        64        64        56        56        64        64        32        32         0         0         0         0         0         0 
dram[15]:        57        64        64        64        56        56        64        64        32        32         0         0         0         0         0         0 
dram[16]:        64        64        64        64        48        56        64        64        32        32         0         0         0         0         0         0 
dram[17]:        64        64        64        64        51        56        64        64        35        32         0         0         0         0         0         0 
dram[18]:        64        64        64        64        51        56        64        64        32        32         0         0         0         0         0         0 
dram[19]:        64        64        64        64        48        56        64        64        32        32         0         0         0         0         0         0 
dram[20]:        64        64        64        64        56        56        64        64        32        32         0         0         0         0         0         0 
dram[21]:        64        64        64        64        56        56        64        64        32        32         0         0         0         0         0         0 
dram[22]:        64        64        64        64        56        56        64        64        32        32         0         0         0         0         0         0 
dram[23]:        64        64        64        64        56        56        64        64        32        32         0         0         0         0         0         0 
dram[24]:        64        64        64        64        56        56        64        64        40        32         0         0         0         0         0         0 
dram[25]:        64        64        64        64        56        56        64        64        40        32         0         0         0         0         0         0 
dram[26]:        64        64        64        64        56        56        64        64        40        32         0         0         0         0         0         0 
dram[27]:        64        64        64        64        56        56        64        64        40        32         0         0         0         0         0         0 
dram[28]:        64        64        64        64        56        56        64        64        40        32         0         0         0         0         0         0 
dram[29]:        64        64        64        64        56        56        64        64        40        32         0         0         0         0         0         0 
dram[30]:        64        65        64        64        56        56        64        64        40        32         0         0         0         0         0         0 
dram[31]:        64        64        64        64        56        56        64        64        40        32         0         0         0         0         0         0 
total dram reads = 17935
min_bank_accesses = 0!
chip skew: 569/552 = 1.03
number of total write accesses:
dram[0]:         0         0         0         0         0         0         0         0         0         0         0         0         0         0         0         0 
dram[1]:         0         0         0         0         0         0         0         0         0         0         0         0         0         0         0         0 
dram[2]:         0         0         0         0         0         0         0         0         0         0         0         0         0         0         0         0 
dram[3]:         0         0         0         0         0         0         0         0         0         0         0         0         0         0         0         0 
dram[4]:         0         0         0         0         0         0         0         0         0         0         0         0         0         0         0         0 
dram[5]:         0         0         0         0         0         0         0         0         0         0         0         0         0         0         0         0 
dram[6]:         0         0         0         0         0         0         0         0         0         0         0         0         0         0         0         0 
dram[7]:         0         0         0         0         0         0         0         0         0         0         0         0         0         0         0         0 
dram[8]:         0         0         0         0         0         0         0         0         0         0         0         0         0         0         0         0 
dram[9]:         0         0         0         0         0         0         0         0         0         0         0         0         0         0         0         0 
dram[10]:         0         0         0         0         0         0         0         0         0         0         0         0         0         0         0         0 
dram[11]:         0         0         0         0         0         0         0         0         0         0         0         0         0         0         0         0 
dram[12]:         0         0         0         0         0         0         0         0         0         0         0         0         0         0         0         0 
dram[13]:         0         0         0         0         0         0         0         0         0         0         0         0         0         0         0         0 
dram[14]:         0         0         0         0         0         0         0         0         0         0         0         0         0         0         0         0 
dram[15]:         0         0         0         0         0         0         0         0         0         0         0         0         0         0         0         0 
dram[16]:         0         0         0         0         0         0         0         0         0         0         0         0         0         0         0         0 
dram[17]:         0         0         0         0         0         0         0         0         0         0         0         0         0         0         0         0 
dram[18]:         0         0         0         0         0         0         0         0         0         0         0         0         0         0         0         0 
dram[19]:         0         0         0         0         0         0         0         0         0         0         0         0         0         0         0         0 
dram[20]:         0         0         0         0         0         0         0         0         0         0         0         0         0         0         0         0 
dram[21]:         0         0         0         0         0         0         0         0         0         0         0         0         0         0         0         0 
dram[22]:         0         0         0         0         0         0         0         0         0         0         0         0         0         0         0         0 
dram[23]:         0         0         0         0         0         0         0         0         0         0         0         0         0         0         0         0 
dram[24]:         0         0         0         0         0         0         0         0         0         0         0         0         0         0         0         0 
dram[25]:         0         0         0         0         0         0         0         0         0         0         0         0         0         0         0         0 
dram[26]:         0         0         0         0         0         0         0         0         0         0         0         0         0         0         0         0 
dram[27]:         0         0         0         0         0         0         0         0         0         0         0         0         0         0         0         0 
dram[28]:         0         0         0         0         0         0         0         0         0         0         0         0         0         0         0         0 
dram[29]:         0         0         0         0         0         0         0         0         0         0         0         0         0         0         0         0 
dram[30]:         0         0         0         0         0         0         0         0         0         0         0         0         0         0         0         0 
dram[31]:         0         0         0         0         0         0         0         0         0         0         0         0         0         0         0         0 
total dram writes = 0
min_bank_accesses = 0!
min_chip_accesses = 0!
average mf latency per bank:
dram[0]:       1534      1203      1280      1268      1059      1076       873       914       806       793    none      none      none      none      none      none  
dram[1]:       1129      1179      1304      1283      1116      1084       892       923       815       808    none      none      none      none      none      none  
dram[2]:       1177      1208      1305      1319      1147      1132       903       942       828       845    none      none      none      none      none      none  
dram[3]:       1157      1187      1297      1303      1134      1130       871       915       787       781    none      none      none      none      none      none  
dram[4]:       1108      1150      1237      1262      1054      1098       897       899       825       771    none      none      none      none      none      none  
dram[5]:       1240      1298      1374      1357      1198      1206      1013      1039       884       840    none      none      none      none      none      none  
dram[6]:       1192      1272      1413      1410      1182      1157      1029      1022       884       907    none      none      none      none      none      none  
dram[7]:       1175      1239      1312      1308      1120      1082       961       949       753       849    none      none      none      none      none      none  
dram[8]:       1108      1151      1258      1262      1106      1061       940       959       797       760    none      none      none      none      none      none  
dram[9]:       1224      1264      1391      1361      1211      1126      1032       968       860       904    none      none      none      none      none      none  
dram[10]:       1110      1123      1284      1221      1095      1107       925       902       807       767    none      none      none      none      none      none  
dram[11]:       1128      1184      1315      1307      1109      1091       958       903       829       769    none      none      none      none      none      none  
dram[12]:       1176      1229      1383      1366      1168      1181      1011       949       899       817    none      none      none      none      none      none  
dram[13]:       1038      1113      1192      1225      1021      1034       872       870       801       731    none      none      none      none      none      none  
dram[14]:       1141      1155      1323      1312      1122      1125       934       960       833       796    none      none      none      none      none      none  
dram[15]:       1193      1205      1335      1339      1130      1167      1004       962       875       857    none      none      none      none      none      none  
dram[16]:       1202      1231      1343      1333      1174      1197       998      1035       837       844    none      none      none      none      none      none  
dram[17]:       1237      1287      1385      1393      1200      1162      1011      1024       917       871    none      none      none      none      none      none  
dram[18]:       1233      1272      1397      1376      3242      1350      1083      1125       947       917    none      none      none      none      none      none  
dram[19]:       1217      1225      1310      1360      1221      1152       987       997       884       866    none      none      none      none      none      none  
dram[20]:       1183      1218      1324      1355      1175      1179       916       986       834       819    none      none      none      none      none      none  
dram[21]:       1216      1187      1325      1338      1207      1154       933       986       832       843    none      none      none      none      none      none  
dram[22]:       1246      1233      1394      1428      1272      1259      1014      1067       894       896    none      none      none      none      none      none  
dram[23]:       1202      1230      1356      1365      1226      1171       979      1061       868       860    none      none      none      none      none      none  
dram[24]:       1196      1193      1313      1340      1098      1133       950       954       801       846    none      none      none      none      none      none  
dram[25]:       1200      1205      1321      1383      1143      1146       962       999       804       831    none      none      none      none      none      none  
dram[26]:       1213      1222      1345      1401      1143      1135       965       925       874       833    none      none      none      none      none      none  
dram[27]:       1181      1169      1296      1347      1169      1128       947      1007       894       849    none      none      none      none      none      none  
dram[28]:       1206      1237      1301      1374      1144      1123       973      1015       814       842    none      none      none      none      none      none  
dram[29]:       1208      1218      1350      1370      1151      1198       986      1017       859       844    none      none      none      none      none      none  
dram[30]:       1156      1265      1283      1300      1159      1144       970      1034       823       825    none      none      none      none      none      none  
dram[31]:       1107      1183      1288      1263      1105      1105       942       945       792       783    none      none      none      none      none      none  
maximum mf latency per bank:
dram[0]:        619       684       467       475       741       583       852       857       723       817         0         0         0         0         0         0
dram[1]:        454       614       435       489       745       916       926       932       720       508         0         0         0         0         0         0
dram[2]:        448       824       443       456       859       902       941       937       537       515         0         0         0         0         0         0
dram[3]:        436       605       465       489       870       571       949       963       493       540         0         0         0         0         0         0
dram[4]:        445       802       428       505       733       902       893       818       621       491         0         0         0         0         0         0
dram[5]:        512       816       490       510       747       921      1008       984       613       611         0         0         0         0         0         0
dram[6]:        454       785       479       514       560       763       942       927       747       587         0         0         0         0         0         0
dram[7]:        454       782       418       446       830       561       916       901       523       715         0         0         0         0         0         0
dram[8]:        442       607       477       463       829       567       860       918       758       507         0         0         0         0         0         0
dram[9]:        429       613       462       462       574       961       967       942       563       531         0         0         0         0         0         0
dram[10]:        430       611       463       480       819       908       861       841       523       734         0         0         0         0         0         0
dram[11]:        442       409       479       492       601       570       922       913       516       497         0         0         0         0         0         0
dram[12]:        387       447       456       463       569       721       910       918       734       556         0         0         0         0         0         0
dram[13]:        415       441       461       470       805       560       865       864       830       448         0         0         0         0         0         0
dram[14]:        426       435       468       449       577       586       899       889       758       497         0         0         0         0         0         0
dram[15]:        465       460       512       448       567       719       925       918       556       532         0         0         0         0         0         0
dram[16]:        442       810       436       461       604       620       899       896       567       533         0         0         0         0         0         0
dram[17]:        443       824       467       472       559       594       932       917       867       572         0         0         0         0         0         0
dram[18]:        447       901       450       452       874       882       953       948       642       938         0         0         0         0         0         0
dram[19]:        468       790       445       492       597       729       919       913       563       529         0         0         0         0         0         0
dram[20]:        443       608       470       453       583       608       887       814       544       475         0         0         0         0         0         0
dram[21]:        417       818       469       472       722       605       948       909       548       733         0         0         0         0         0         0
dram[22]:        435       612       503       506       729       587       921       920       495       547         0         0         0         0         0         0
dram[23]:        411       421       440       467       600       625       927       958       539       578         0         0         0         0         0         0
dram[24]:        428       642       438       471       555       828       933       921       734       720         0         0         0         0         0         0
dram[25]:        417       646       440       505       552       864       938       917       631       747         0         0         0         0         0         0
dram[26]:        428       634       441       507       554       565       928       833       834       494         0         0         0         0         0         0
dram[27]:        445       638       511       497       586       562       935       927       725       552         0         0         0         0         0         0
dram[28]:        468       626       448       453       561       787       942       926       501       561         0         0         0         0         0         0
dram[29]:        417       630       438       444       550       853       965       950       511       555         0         0         0         0         0         0
dram[30]:        409       618       428       433       821       591       933       903       550       490         0         0         0         0         0         0
dram[31]:        372       622       446       432       815       580       876       871       736       490         0         0         0         0         0         0
Memory Partition 0: 
Cache L2_bank_000:
MSHR contents

Cache L2_bank_001:
MSHR contents

In Dram Latency Queue (total = 0): 
DRAM[0]: 16 bks, busW=16 BL=2 CL=12, tRRD=3 tCCD=1, tRCD=12 tRAS=28 tRP=12 tRC=40
n_cmd=11190 n_nop=10616 n_act=13 n_pre=3 n_ref_event=0 n_req=564 n_rd=564 n_rd_L2_A=0 n_write=0 n_wr_bk=0 bw_util=0.0504
n_activity=1058 dram_eff=0.5331
bk0: 68a 11042i bk1: 64a 11126i bk2: 64a 11126i bk3: 64a 11097i bk4: 56a 11139i bk5: 56a 11136i bk6: 64a 11136i bk7: 64a 11121i bk8: 32a 11160i bk9: 32a 11150i bk10: 0a 11190i bk11: 0a 11190i bk12: 0a 11190i bk13: 0a 11190i bk14: 0a 11190i bk15: 0a 11190i 

------------------------------------------------------------------------

Row_Buffer_Locality = 0.978723
Row_Buffer_Locality_read = 0.978723
Row_Buffer_Locality_write = -nan
Bank_Level_Parallism = 1.628307
Bank_Level_Parallism_Col = 1.640845
Bank_Level_Parallism_Ready = 1.244681
write_to_read_ratio_blp_rw_average = 0.000000
GrpLevelPara = 1.601408 

BW Util details:
bwutil = 0.050402 
total_CMD = 11190 
util_bw = 564 
Wasted_Col = 151 
Wasted_Row = 41 
Idle = 10434 

BW Util Bottlenecks: 
RCDc_limit = 76 
RCDWRc_limit = 0 
WTRc_limit = 0 
RTWc_limit = 0 
CCDLc_limit = 95 
rwq = 0 
CCDLc_limit_alone = 95 
WTRc_limit_alone = 0 
RTWc_limit_alone = 0 

Commands details: 
total_CMD = 11190 
n_nop = 10616 
Read = 564 
Write = 0 
L2_Alloc = 0 
L2_WB = 0 
n_act = 13 
n_pre = 3 
n_ref = 0 
n_req = 564 
total_req = 564 

Dual Bus Interface Util: 
issued_total_row = 16 
issued_total_col = 564 
Row_Bus_Util =  0.001430 
CoL_Bus_Util = 0.050402 
Either_Row_CoL_Bus_Util = 0.051296 
Issued_on_Two_Bus_Simul_Util = 0.000536 
issued_two_Eff = 0.010453 
queue_avg = 0.351743 


dram_util_bins: 0 0 0 0 0 0 0 0 0 0
dram_eff_bins: 0 0 0 0 0 0 0 0 0 0
mrqq: max=17 avg=0.351743
Memory Partition 1: 
Cache L2_bank_002:
MSHR contents

Cache L2_bank_003:
MSHR contents

In Dram Latency Queue (total = 0): 
DRAM[1]: 16 bks, busW=16 BL=2 CL=12, tRRD=3 tCCD=1, tRCD=12 tRAS=28 tRP=12 tRC=40
n_cmd=11190 n_nop=10627 n_act=10 n_pre=0 n_ref_event=0 n_req=560 n_rd=560 n_rd_L2_A=0 n_write=0 n_wr_bk=0 bw_util=0.05004
n_activity=968 dram_eff=0.5785
bk0: 64a 11127i bk1: 64a 11142i bk2: 64a 11130i bk3: 64a 11110i bk4: 56a 11114i bk5: 56a 11130i bk6: 64a 11136i bk7: 64a 11143i bk8: 32a 11162i bk9: 32a 11149i bk10: 0a 11190i bk11: 0a 11190i bk12: 0a 11190i bk13: 0a 11190i bk14: 0a 11190i bk15: 0a 11190i 

------------------------------------------------------------------------

Row_Buffer_Locality = 0.982143
Row_Buffer_Locality_read = 0.982143
Row_Buffer_Locality_write = -nan
Bank_Level_Parallism = 1.602582
Bank_Level_Parallism_Col = 1.593660
Bank_Level_Parallism_Ready = 1.273214
write_to_read_ratio_blp_rw_average = 0.000000
GrpLevelPara = 1.550432 

BW Util details:
bwutil = 0.050045 
total_CMD = 11190 
util_bw = 560 
Wasted_Col = 137 
Wasted_Row = 0 
Idle = 10493 

BW Util Bottlenecks: 
RCDc_limit = 64 
RCDWRc_limit = 0 
WTRc_limit = 0 
RTWc_limit = 0 
CCDLc_limit = 97 
rwq = 0 
CCDLc_limit_alone = 97 
WTRc_limit_alone = 0 
RTWc_limit_alone = 0 

Commands details: 
total_CMD = 11190 
n_nop = 10627 
Read = 560 
Write = 0 
L2_Alloc = 0 
L2_WB = 0 
n_act = 10 
n_pre = 0 
n_ref = 0 
n_req = 560 
total_req = 560 

Dual Bus Interface Util: 
issued_total_row = 10 
issued_total_col = 560 
Row_Bus_Util =  0.000894 
CoL_Bus_Util = 0.050045 
Either_Row_CoL_Bus_Util = 0.050313 
Issued_on_Two_Bus_Simul_Util = 0.000626 
issued_two_Eff = 0.012433 
queue_avg = 0.214298 


dram_util_bins: 0 0 0 0 0 0 0 0 0 0
dram_eff_bins: 0 0 0 0 0 0 0 0 0 0
mrqq: max=14 avg=0.214298
Memory Partition 2: 
Cache L2_bank_004:
MSHR contents

Cache L2_bank_005:
MSHR contents

In Dram Latency Queue (total = 0): 
DRAM[2]: 16 bks, busW=16 BL=2 CL=12, tRRD=3 tCCD=1, tRCD=12 tRAS=28 tRP=12 tRC=40
n_cmd=11190 n_nop=10625 n_act=10 n_pre=0 n_ref_event=0 n_req=560 n_rd=560 n_rd_L2_A=0 n_write=0 n_wr_bk=0 bw_util=0.05004
n_activity=992 dram_eff=0.5645
bk0: 64a 11131i bk1: 64a 11127i bk2: 64a 11118i bk3: 64a 11097i bk4: 56a 11122i bk5: 56a 11130i bk6: 64a 11148i bk7: 64a 11147i bk8: 32a 11153i bk9: 32a 11141i bk10: 0a 11190i bk11: 0a 11190i bk12: 0a 11190i bk13: 0a 11190i bk14: 0a 11190i bk15: 0a 11190i 

------------------------------------------------------------------------

Row_Buffer_Locality = 0.982143
Row_Buffer_Locality_read = 0.982143
Row_Buffer_Locality_write = -nan
Bank_Level_Parallism = 1.589459
Bank_Level_Parallism_Col = 1.579387
Bank_Level_Parallism_Ready = 1.244643
write_to_read_ratio_blp_rw_average = 0.000000
GrpLevelPara = 1.550139 

BW Util details:
bwutil = 0.050045 
total_CMD = 11190 
util_bw = 560 
Wasted_Col = 161 
Wasted_Row = 0 
Idle = 10469 

BW Util Bottlenecks: 
RCDc_limit = 69 
RCDWRc_limit = 0 
WTRc_limit = 0 
RTWc_limit = 0 
CCDLc_limit = 115 
rwq = 0 
CCDLc_limit_alone = 115 
WTRc_limit_alone = 0 
RTWc_limit_alone = 0 

Commands details: 
total_CMD = 11190 
n_nop = 10625 
Read = 560 
Write = 0 
L2_Alloc = 0 
L2_WB = 0 
n_act = 10 
n_pre = 0 
n_ref = 0 
n_req = 560 
total_req = 560 

Dual Bus Interface Util: 
issued_total_row = 10 
issued_total_col = 560 
Row_Bus_Util =  0.000894 
CoL_Bus_Util = 0.050045 
Either_Row_CoL_Bus_Util = 0.050492 
Issued_on_Two_Bus_Simul_Util = 0.000447 
issued_two_Eff = 0.008850 
queue_avg = 0.244593 


dram_util_bins: 0 0 0 0 0 0 0 0 0 0
dram_eff_bins: 0 0 0 0 0 0 0 0 0 0
mrqq: max=10 avg=0.244593
Memory Partition 3: 
Cache L2_bank_006:
MSHR contents

Cache L2_bank_007:
MSHR contents

In Dram Latency Queue (total = 0): 
DRAM[3]: 16 bks, busW=16 BL=2 CL=12, tRRD=3 tCCD=1, tRCD=12 tRAS=28 tRP=12 tRC=40
n_cmd=11190 n_nop=10624 n_act=10 n_pre=0 n_ref_event=0 n_req=560 n_rd=560 n_rd_L2_A=0 n_write=0 n_wr_bk=0 bw_util=0.05004
n_activity=977 dram_eff=0.5732
bk0: 64a 11146i bk1: 64a 11138i bk2: 64a 11114i bk3: 64a 11079i bk4: 56a 11144i bk5: 56a 11128i bk6: 64a 11147i bk7: 64a 11120i bk8: 32a 11156i bk9: 32a 11145i bk10: 0a 11190i bk11: 0a 11190i bk12: 0a 11190i bk13: 0a 11190i bk14: 0a 11190i bk15: 0a 11190i 

------------------------------------------------------------------------

Row_Buffer_Locality = 0.982143
Row_Buffer_Locality_read = 0.982143
Row_Buffer_Locality_write = -nan
Bank_Level_Parallism = 1.580913
Bank_Level_Parallism_Col = 1.573018
Bank_Level_Parallism_Ready = 1.342857
write_to_read_ratio_blp_rw_average = 0.000000
GrpLevelPara = 1.567455 

BW Util details:
bwutil = 0.050045 
total_CMD = 11190 
util_bw = 560 
Wasted_Col = 163 
Wasted_Row = 0 
Idle = 10467 

BW Util Bottlenecks: 
RCDc_limit = 73 
RCDWRc_limit = 0 
WTRc_limit = 0 
RTWc_limit = 0 
CCDLc_limit = 108 
rwq = 0 
CCDLc_limit_alone = 108 
WTRc_limit_alone = 0 
RTWc_limit_alone = 0 

Commands details: 
total_CMD = 11190 
n_nop = 10624 
Read = 560 
Write = 0 
L2_Alloc = 0 
L2_WB = 0 
n_act = 10 
n_pre = 0 
n_ref = 0 
n_req = 560 
total_req = 560 

Dual Bus Interface Util: 
issued_total_row = 10 
issued_total_col = 560 
Row_Bus_Util =  0.000894 
CoL_Bus_Util = 0.050045 
Either_Row_CoL_Bus_Util = 0.050581 
Issued_on_Two_Bus_Simul_Util = 0.000357 
issued_two_Eff = 0.007067 
queue_avg = 0.241644 


dram_util_bins: 0 0 0 0 0 0 0 0 0 0
dram_eff_bins: 0 0 0 0 0 0 0 0 0 0
mrqq: max=10 avg=0.241644
Memory Partition 4: 
Cache L2_bank_008:
MSHR contents

Cache L2_bank_009:
MSHR contents

In Dram Latency Queue (total = 0): 
DRAM[4]: 16 bks, busW=16 BL=2 CL=12, tRRD=3 tCCD=1, tRCD=12 tRAS=28 tRP=12 tRC=40
n_cmd=11190 n_nop=10625 n_act=10 n_pre=0 n_ref_event=0 n_req=560 n_rd=560 n_rd_L2_A=0 n_write=0 n_wr_bk=0 bw_util=0.05004
n_activity=1039 dram_eff=0.539
bk0: 64a 11137i bk1: 64a 11133i bk2: 64a 11136i bk3: 64a 11122i bk4: 56a 11156i bk5: 56a 11126i bk6: 64a 11137i bk7: 64a 11139i bk8: 32a 11162i bk9: 32a 11148i bk10: 0a 11190i bk11: 0a 11190i bk12: 0a 11190i bk13: 0a 11190i bk14: 0a 11190i bk15: 0a 11190i 

------------------------------------------------------------------------

Row_Buffer_Locality = 0.982143
Row_Buffer_Locality_read = 0.982143
Row_Buffer_Locality_write = -nan
Bank_Level_Parallism = 1.488112
Bank_Level_Parallism_Col = 1.484507
Bank_Level_Parallism_Ready = 1.194643
write_to_read_ratio_blp_rw_average = 0.000000
GrpLevelPara = 1.461972 

BW Util details:
bwutil = 0.050045 
total_CMD = 11190 
util_bw = 560 
Wasted_Col = 155 
Wasted_Row = 0 
Idle = 10475 

BW Util Bottlenecks: 
RCDc_limit = 59 
RCDWRc_limit = 0 
WTRc_limit = 0 
RTWc_limit = 0 
CCDLc_limit = 114 
rwq = 0 
CCDLc_limit_alone = 114 
WTRc_limit_alone = 0 
RTWc_limit_alone = 0 

Commands details: 
total_CMD = 11190 
n_nop = 10625 
Read = 560 
Write = 0 
L2_Alloc = 0 
L2_WB = 0 
n_act = 10 
n_pre = 0 
n_ref = 0 
n_req = 560 
total_req = 560 

Dual Bus Interface Util: 
issued_total_row = 10 
issued_total_col = 560 
Row_Bus_Util =  0.000894 
CoL_Bus_Util = 0.050045 
Either_Row_CoL_Bus_Util = 0.050492 
Issued_on_Two_Bus_Simul_Util = 0.000447 
issued_two_Eff = 0.008850 
queue_avg = 0.228061 


dram_util_bins: 0 0 0 0 0 0 0 0 0 0
dram_eff_bins: 0 0 0 0 0 0 0 0 0 0
mrqq: max=14 avg=0.228061
Memory Partition 5: 
Cache L2_bank_010:
MSHR contents

Cache L2_bank_011:
MSHR contents

In Dram Latency Queue (total = 0): 
DRAM[5]: 16 bks, busW=16 BL=2 CL=12, tRRD=3 tCCD=1, tRCD=12 tRAS=28 tRP=12 tRC=40
n_cmd=11190 n_nop=10623 n_act=10 n_pre=0 n_ref_event=0 n_req=560 n_rd=560 n_rd_L2_A=0 n_write=0 n_wr_bk=0 bw_util=0.05004
n_activity=1018 dram_eff=0.5501
bk0: 64a 11134i bk1: 64a 11137i bk2: 64a 11116i bk3: 64a 11108i bk4: 56a 11140i bk5: 56a 11079i bk6: 64a 11148i bk7: 64a 11156i bk8: 32a 11152i bk9: 32a 11150i bk10: 0a 11190i bk11: 0a 11190i bk12: 0a 11190i bk13: 0a 11190i bk14: 0a 11190i bk15: 0a 11190i 

------------------------------------------------------------------------

Row_Buffer_Locality = 0.982143
Row_Buffer_Locality_read = 0.982143
Row_Buffer_Locality_write = -nan
Bank_Level_Parallism = 1.592179
Bank_Level_Parallism_Col = 1.586498
Bank_Level_Parallism_Ready = 1.267857
write_to_read_ratio_blp_rw_average = 0.000000
GrpLevelPara = 1.541491 

BW Util details:
bwutil = 0.050045 
total_CMD = 11190 
util_bw = 560 
Wasted_Col = 156 
Wasted_Row = 0 
Idle = 10474 

BW Util Bottlenecks: 
RCDc_limit = 66 
RCDWRc_limit = 0 
WTRc_limit = 0 
RTWc_limit = 0 
CCDLc_limit = 109 
rwq = 0 
CCDLc_limit_alone = 109 
WTRc_limit_alone = 0 
RTWc_limit_alone = 0 

Commands details: 
total_CMD = 11190 
n_nop = 10623 
Read = 560 
Write = 0 
L2_Alloc = 0 
L2_WB = 0 
n_act = 10 
n_pre = 0 
n_ref = 0 
n_req = 560 
total_req = 560 

Dual Bus Interface Util: 
issued_total_row = 10 
issued_total_col = 560 
Row_Bus_Util =  0.000894 
CoL_Bus_Util = 0.050045 
Either_Row_CoL_Bus_Util = 0.050670 
Issued_on_Two_Bus_Simul_Util = 0.000268 
issued_two_Eff = 0.005291 
queue_avg = 0.188293 


dram_util_bins: 0 0 0 0 0 0 0 0 0 0
dram_eff_bins: 0 0 0 0 0 0 0 0 0 0
mrqq: max=10 avg=0.188293
Memory Partition 6: 
Cache L2_bank_012:
MSHR contents

Cache L2_bank_013:
MSHR contents

In Dram Latency Queue (total = 0): 
DRAM[6]: 16 bks, busW=16 BL=2 CL=12, tRRD=3 tCCD=1, tRCD=12 tRAS=28 tRP=12 tRC=40
n_cmd=11190 n_nop=10625 n_act=10 n_pre=0 n_ref_event=0 n_req=560 n_rd=560 n_rd_L2_A=0 n_write=0 n_wr_bk=0 bw_util=0.05004
n_activity=1033 dram_eff=0.5421
bk0: 64a 11137i bk1: 64a 11135i bk2: 64a 11134i bk3: 64a 11099i bk4: 56a 11121i bk5: 56a 11103i bk6: 64a 11152i bk7: 64a 11146i bk8: 32a 11154i bk9: 32a 11148i bk10: 0a 11190i bk11: 0a 11190i bk12: 0a 11190i bk13: 0a 11190i bk14: 0a 11190i bk15: 0a 11190i 

------------------------------------------------------------------------

Row_Buffer_Locality = 0.982143
Row_Buffer_Locality_read = 0.982143
Row_Buffer_Locality_write = -nan
Bank_Level_Parallism = 1.570833
Bank_Level_Parallism_Col = 1.567832
Bank_Level_Parallism_Ready = 1.296429
write_to_read_ratio_blp_rw_average = 0.000000
GrpLevelPara = 1.528671 

BW Util details:
bwutil = 0.050045 
total_CMD = 11190 
util_bw = 560 
Wasted_Col = 160 
Wasted_Row = 0 
Idle = 10470 

BW Util Bottlenecks: 
RCDc_limit = 67 
RCDWRc_limit = 0 
WTRc_limit = 0 
RTWc_limit = 0 
CCDLc_limit = 110 
rwq = 0 
CCDLc_limit_alone = 110 
WTRc_limit_alone = 0 
RTWc_limit_alone = 0 

Commands details: 
total_CMD = 11190 
n_nop = 10625 
Read = 560 
Write = 0 
L2_Alloc = 0 
L2_WB = 0 
n_act = 10 
n_pre = 0 
n_ref = 0 
n_req = 560 
total_req = 560 

Dual Bus Interface Util: 
issued_total_row = 10 
issued_total_col = 560 
Row_Bus_Util =  0.000894 
CoL_Bus_Util = 0.050045 
Either_Row_CoL_Bus_Util = 0.050492 
Issued_on_Two_Bus_Simul_Util = 0.000447 
issued_two_Eff = 0.008850 
queue_avg = 0.226005 


dram_util_bins: 0 0 0 0 0 0 0 0 0 0
dram_eff_bins: 0 0 0 0 0 0 0 0 0 0
mrqq: max=12 avg=0.226005
Memory Partition 7: 
Cache L2_bank_014:
MSHR contents

Cache L2_bank_015:
MSHR contents

In Dram Latency Queue (total = 0): 
DRAM[7]: 16 bks, busW=16 BL=2 CL=12, tRRD=3 tCCD=1, tRCD=12 tRAS=28 tRP=12 tRC=40
n_cmd=11190 n_nop=10622 n_act=10 n_pre=0 n_ref_event=0 n_req=560 n_rd=560 n_rd_L2_A=0 n_write=0 n_wr_bk=0 bw_util=0.05004
n_activity=994 dram_eff=0.5634
bk0: 64a 11138i bk1: 64a 11134i bk2: 64a 11133i bk3: 64a 11097i bk4: 56a 11139i bk5: 56a 11107i bk6: 64a 11147i bk7: 64a 11112i bk8: 32a 11148i bk9: 32a 11132i bk10: 0a 11190i bk11: 0a 11190i bk12: 0a 11190i bk13: 0a 11190i bk14: 0a 11190i bk15: 0a 11190i 

------------------------------------------------------------------------

Row_Buffer_Locality = 0.982143
Row_Buffer_Locality_read = 0.982143
Row_Buffer_Locality_write = -nan
Bank_Level_Parallism = 1.661473
Bank_Level_Parallism_Col = 1.655271
Bank_Level_Parallism_Ready = 1.357143
write_to_read_ratio_blp_rw_average = 0.000000
GrpLevelPara = 1.601140 

BW Util details:
bwutil = 0.050045 
total_CMD = 11190 
util_bw = 560 
Wasted_Col = 146 
Wasted_Row = 0 
Idle = 10484 

BW Util Bottlenecks: 
RCDc_limit = 62 
RCDWRc_limit = 0 
WTRc_limit = 0 
RTWc_limit = 0 
CCDLc_limit = 113 
rwq = 0 
CCDLc_limit_alone = 113 
WTRc_limit_alone = 0 
RTWc_limit_alone = 0 

Commands details: 
total_CMD = 11190 
n_nop = 10622 
Read = 560 
Write = 0 
L2_Alloc = 0 
L2_WB = 0 
n_act = 10 
n_pre = 0 
n_ref = 0 
n_req = 560 
total_req = 560 

Dual Bus Interface Util: 
issued_total_row = 10 
issued_total_col = 560 
Row_Bus_Util =  0.000894 
CoL_Bus_Util = 0.050045 
Either_Row_CoL_Bus_Util = 0.050760 
Issued_on_Two_Bus_Simul_Util = 0.000179 
issued_two_Eff = 0.003521 
queue_avg = 0.212601 


dram_util_bins: 0 0 0 0 0 0 0 0 0 0
dram_eff_bins: 0 0 0 0 0 0 0 0 0 0
mrqq: max=14 avg=0.212601
Memory Partition 8: 
Cache L2_bank_016:
MSHR contents

Cache L2_bank_017:
MSHR contents

In Dram Latency Queue (total = 0): 
DRAM[8]: 16 bks, busW=16 BL=2 CL=12, tRRD=3 tCCD=1, tRCD=12 tRAS=28 tRP=12 tRC=40
n_cmd=11190 n_nop=10626 n_act=10 n_pre=0 n_ref_event=0 n_req=560 n_rd=560 n_rd_L2_A=0 n_write=0 n_wr_bk=0 bw_util=0.05004
n_activity=912 dram_eff=0.614
bk0: 64a 11138i bk1: 64a 11116i bk2: 64a 11121i bk3: 64a 11105i bk4: 56a 11125i bk5: 56a 11116i bk6: 64a 11127i bk7: 64a 11100i bk8: 32a 11161i bk9: 32a 11142i bk10: 0a 11190i bk11: 0a 11190i bk12: 0a 11190i bk13: 0a 11190i bk14: 0a 11190i bk15: 0a 11190i 

------------------------------------------------------------------------

Row_Buffer_Locality = 0.982143
Row_Buffer_Locality_read = 0.982143
Row_Buffer_Locality_write = -nan
Bank_Level_Parallism = 1.767544
Bank_Level_Parallism_Col = 1.757709
Bank_Level_Parallism_Ready = 1.385714
write_to_read_ratio_blp_rw_average = 0.000000
GrpLevelPara = 1.740088 

BW Util details:
bwutil = 0.050045 
total_CMD = 11190 
util_bw = 560 
Wasted_Col = 124 
Wasted_Row = 0 
Idle = 10506 

BW Util Bottlenecks: 
RCDc_limit = 51 
RCDWRc_limit = 0 
WTRc_limit = 0 
RTWc_limit = 0 
CCDLc_limit = 95 
rwq = 0 
CCDLc_limit_alone = 95 
WTRc_limit_alone = 0 
RTWc_limit_alone = 0 

Commands details: 
total_CMD = 11190 
n_nop = 10626 
Read = 560 
Write = 0 
L2_Alloc = 0 
L2_WB = 0 
n_act = 10 
n_pre = 0 
n_ref = 0 
n_req = 560 
total_req = 560 

Dual Bus Interface Util: 
issued_total_row = 10 
issued_total_col = 560 
Row_Bus_Util =  0.000894 
CoL_Bus_Util = 0.050045 
Either_Row_CoL_Bus_Util = 0.050402 
Issued_on_Two_Bus_Simul_Util = 0.000536 
issued_two_Eff = 0.010638 
queue_avg = 0.323235 


dram_util_bins: 0 0 0 0 0 0 0 0 0 0
dram_eff_bins: 0 0 0 0 0 0 0 0 0 0
mrqq: max=16 avg=0.323235
Memory Partition 9: 
Cache L2_bank_018:
MSHR contents

Cache L2_bank_019:
MSHR contents

In Dram Latency Queue (total = 0): 
DRAM[9]: 16 bks, busW=16 BL=2 CL=12, tRRD=3 tCCD=1, tRCD=12 tRAS=28 tRP=12 tRC=40
n_cmd=11190 n_nop=10624 n_act=10 n_pre=0 n_ref_event=0 n_req=560 n_rd=560 n_rd_L2_A=0 n_write=0 n_wr_bk=0 bw_util=0.05004
n_activity=932 dram_eff=0.6009
bk0: 64a 11125i bk1: 64a 11146i bk2: 64a 11138i bk3: 64a 11085i bk4: 56a 11124i bk5: 56a 11136i bk6: 64a 11146i bk7: 64a 11135i bk8: 32a 11150i bk9: 32a 11140i bk10: 0a 11190i bk11: 0a 11190i bk12: 0a 11190i bk13: 0a 11190i bk14: 0a 11190i bk15: 0a 11190i 

------------------------------------------------------------------------

Row_Buffer_Locality = 0.982143
Row_Buffer_Locality_read = 0.982143
Row_Buffer_Locality_write = -nan
Bank_Level_Parallism = 1.652111
Bank_Level_Parallism_Col = 1.644217
Bank_Level_Parallism_Ready = 1.308929
write_to_read_ratio_blp_rw_average = 0.000000
GrpLevelPara = 1.636896 

BW Util details:
bwutil = 0.050045 
total_CMD = 11190 
util_bw = 560 
Wasted_Col = 127 
Wasted_Row = 0 
Idle = 10503 

BW Util Bottlenecks: 
RCDc_limit = 59 
RCDWRc_limit = 0 
WTRc_limit = 0 
RTWc_limit = 0 
CCDLc_limit = 93 
rwq = 0 
CCDLc_limit_alone = 93 
WTRc_limit_alone = 0 
RTWc_limit_alone = 0 

Commands details: 
total_CMD = 11190 
n_nop = 10624 
Read = 560 
Write = 0 
L2_Alloc = 0 
L2_WB = 0 
n_act = 10 
n_pre = 0 
n_ref = 0 
n_req = 560 
total_req = 560 

Dual Bus Interface Util: 
issued_total_row = 10 
issued_total_col = 560 
Row_Bus_Util =  0.000894 
CoL_Bus_Util = 0.050045 
Either_Row_CoL_Bus_Util = 0.050581 
Issued_on_Two_Bus_Simul_Util = 0.000357 
issued_two_Eff = 0.007067 
queue_avg = 0.307596 


dram_util_bins: 0 0 0 0 0 0 0 0 0 0
dram_eff_bins: 0 0 0 0 0 0 0 0 0 0
mrqq: max=13 avg=0.307596
Memory Partition 10: 
Cache L2_bank_020:
MSHR contents

Cache L2_bank_021:
MSHR contents

In Dram Latency Queue (total = 0): 
DRAM[10]: 16 bks, busW=16 BL=2 CL=12, tRRD=3 tCCD=1, tRCD=12 tRAS=28 tRP=12 tRC=40
n_cmd=11190 n_nop=10624 n_act=10 n_pre=0 n_ref_event=0 n_req=560 n_rd=560 n_rd_L2_A=0 n_write=0 n_wr_bk=0 bw_util=0.05004
n_activity=979 dram_eff=0.572
bk0: 64a 11147i bk1: 64a 11121i bk2: 64a 11123i bk3: 64a 11102i bk4: 56a 11134i bk5: 56a 11107i bk6: 64a 11136i bk7: 64a 11090i bk8: 32a 11158i bk9: 32a 11154i bk10: 0a 11190i bk11: 0a 11190i bk12: 0a 11190i bk13: 0a 11190i bk14: 0a 11190i bk15: 0a 11190i 

------------------------------------------------------------------------

Row_Buffer_Locality = 0.982143
Row_Buffer_Locality_read = 0.982143
Row_Buffer_Locality_write = -nan
Bank_Level_Parallism = 1.731778
Bank_Level_Parallism_Col = 1.723280
Bank_Level_Parallism_Ready = 1.337500
write_to_read_ratio_blp_rw_average = 0.000000
GrpLevelPara = 1.686676 

BW Util details:
bwutil = 0.050045 
total_CMD = 11190 
util_bw = 560 
Wasted_Col = 126 
Wasted_Row = 0 
Idle = 10504 

BW Util Bottlenecks: 
RCDc_limit = 53 
RCDWRc_limit = 0 
WTRc_limit = 0 
RTWc_limit = 0 
CCDLc_limit = 105 
rwq = 0 
CCDLc_limit_alone = 105 
WTRc_limit_alone = 0 
RTWc_limit_alone = 0 

Commands details: 
total_CMD = 11190 
n_nop = 10624 
Read = 560 
Write = 0 
L2_Alloc = 0 
L2_WB = 0 
n_act = 10 
n_pre = 0 
n_ref = 0 
n_req = 560 
total_req = 560 

Dual Bus Interface Util: 
issued_total_row = 10 
issued_total_col = 560 
Row_Bus_Util =  0.000894 
CoL_Bus_Util = 0.050045 
Either_Row_CoL_Bus_Util = 0.050581 
Issued_on_Two_Bus_Simul_Util = 0.000357 
issued_two_Eff = 0.007067 
queue_avg = 0.232440 


dram_util_bins: 0 0 0 0 0 0 0 0 0 0
dram_eff_bins: 0 0 0 0 0 0 0 0 0 0
mrqq: max=10 avg=0.23244
Memory Partition 11: 
Cache L2_bank_022:
MSHR contents

Cache L2_bank_023:
MSHR contents

In Dram Latency Queue (total = 0): 
DRAM[11]: 16 bks, busW=16 BL=2 CL=12, tRRD=3 tCCD=1, tRCD=12 tRAS=28 tRP=12 tRC=40
n_cmd=11190 n_nop=10625 n_act=10 n_pre=0 n_ref_event=0 n_req=560 n_rd=560 n_rd_L2_A=0 n_write=0 n_wr_bk=0 bw_util=0.05004
n_activity=1026 dram_eff=0.5458
bk0: 64a 11140i bk1: 64a 11131i bk2: 64a 11106i bk3: 64a 11083i bk4: 56a 11120i bk5: 56a 11134i bk6: 64a 11128i bk7: 64a 11131i bk8: 32a 11157i bk9: 32a 11152i bk10: 0a 11190i bk11: 0a 11190i bk12: 0a 11190i bk13: 0a 11190i bk14: 0a 11190i bk15: 0a 11190i 

------------------------------------------------------------------------

Row_Buffer_Locality = 0.982143
Row_Buffer_Locality_read = 0.982143
Row_Buffer_Locality_write = -nan
Bank_Level_Parallism = 1.622590
Bank_Level_Parallism_Col = 1.609959
Bank_Level_Parallism_Ready = 1.321429
write_to_read_ratio_blp_rw_average = 0.000000
GrpLevelPara = 1.579530 

BW Util details:
bwutil = 0.050045 
total_CMD = 11190 
util_bw = 560 
Wasted_Col = 166 
Wasted_Row = 0 
Idle = 10464 

BW Util Bottlenecks: 
RCDc_limit = 76 
RCDWRc_limit = 0 
WTRc_limit = 0 
RTWc_limit = 0 
CCDLc_limit = 121 
rwq = 0 
CCDLc_limit_alone = 121 
WTRc_limit_alone = 0 
RTWc_limit_alone = 0 

Commands details: 
total_CMD = 11190 
n_nop = 10625 
Read = 560 
Write = 0 
L2_Alloc = 0 
L2_WB = 0 
n_act = 10 
n_pre = 0 
n_ref = 0 
n_req = 560 
total_req = 560 

Dual Bus Interface Util: 
issued_total_row = 10 
issued_total_col = 560 
Row_Bus_Util =  0.000894 
CoL_Bus_Util = 0.050045 
Either_Row_CoL_Bus_Util = 0.050492 
Issued_on_Two_Bus_Simul_Util = 0.000447 
issued_two_Eff = 0.008850 
queue_avg = 0.370420 


dram_util_bins: 0 0 0 0 0 0 0 0 0 0
dram_eff_bins: 0 0 0 0 0 0 0 0 0 0
mrqq: max=19 avg=0.37042
Memory Partition 12: 
Cache L2_bank_024:
MSHR contents

Cache L2_bank_025:
MSHR contents

In Dram Latency Queue (total = 0): 
DRAM[12]: 16 bks, busW=16 BL=2 CL=12, tRRD=3 tCCD=1, tRCD=12 tRAS=28 tRP=12 tRC=40
n_cmd=11190 n_nop=10633 n_act=10 n_pre=0 n_ref_event=0 n_req=552 n_rd=552 n_rd_L2_A=0 n_write=0 n_wr_bk=0 bw_util=0.04933
n_activity=928 dram_eff=0.5948
bk0: 56a 11143i bk1: 64a 11120i bk2: 64a 11126i bk3: 64a 11112i bk4: 56a 11128i bk5: 56a 11087i bk6: 64a 11144i bk7: 64a 11133i bk8: 32a 11153i bk9: 32a 11152i bk10: 0a 11190i bk11: 0a 11190i bk12: 0a 11190i bk13: 0a 11190i bk14: 0a 11190i bk15: 0a 11190i 

------------------------------------------------------------------------

Row_Buffer_Locality = 0.981884
Row_Buffer_Locality_read = 0.981884
Row_Buffer_Locality_write = -nan
Bank_Level_Parallism = 1.655667
Bank_Level_Parallism_Col = 1.650794
Bank_Level_Parallism_Ready = 1.288043
write_to_read_ratio_blp_rw_average = 0.000000
GrpLevelPara = 1.575758 

BW Util details:
bwutil = 0.049330 
total_CMD = 11190 
util_bw = 552 
Wasted_Col = 145 
Wasted_Row = 0 
Idle = 10493 

BW Util Bottlenecks: 
RCDc_limit = 60 
RCDWRc_limit = 0 
WTRc_limit = 0 
RTWc_limit = 0 
CCDLc_limit = 120 
rwq = 0 
CCDLc_limit_alone = 120 
WTRc_limit_alone = 0 
RTWc_limit_alone = 0 

Commands details: 
total_CMD = 11190 
n_nop = 10633 
Read = 552 
Write = 0 
L2_Alloc = 0 
L2_WB = 0 
n_act = 10 
n_pre = 0 
n_ref = 0 
n_req = 552 
total_req = 552 

Dual Bus Interface Util: 
issued_total_row = 10 
issued_total_col = 552 
Row_Bus_Util =  0.000894 
CoL_Bus_Util = 0.049330 
Either_Row_CoL_Bus_Util = 0.049777 
Issued_on_Two_Bus_Simul_Util = 0.000447 
issued_two_Eff = 0.008977 
queue_avg = 0.183289 


dram_util_bins: 0 0 0 0 0 0 0 0 0 0
dram_eff_bins: 0 0 0 0 0 0 0 0 0 0
mrqq: max=9 avg=0.183289
Memory Partition 13: 
Cache L2_bank_026:
MSHR contents

Cache L2_bank_027:
MSHR contents

In Dram Latency Queue (total = 0): 
DRAM[13]: 16 bks, busW=16 BL=2 CL=12, tRRD=3 tCCD=1, tRCD=12 tRAS=28 tRP=12 tRC=40
n_cmd=11190 n_nop=10632 n_act=10 n_pre=0 n_ref_event=0 n_req=552 n_rd=552 n_rd_L2_A=0 n_write=0 n_wr_bk=0 bw_util=0.04933
n_activity=966 dram_eff=0.5714
bk0: 56a 11146i bk1: 64a 11134i bk2: 64a 11125i bk3: 64a 11104i bk4: 56a 11122i bk5: 56a 11087i bk6: 64a 11113i bk7: 64a 11116i bk8: 32a 11143i bk9: 32a 11153i bk10: 0a 11190i bk11: 0a 11190i bk12: 0a 11190i bk13: 0a 11190i bk14: 0a 11190i bk15: 0a 11190i 

------------------------------------------------------------------------

Row_Buffer_Locality = 0.981884
Row_Buffer_Locality_read = 0.981884
Row_Buffer_Locality_write = -nan
Bank_Level_Parallism = 1.747110
Bank_Level_Parallism_Col = 1.731884
Bank_Level_Parallism_Ready = 1.349638
write_to_read_ratio_blp_rw_average = 0.000000
GrpLevelPara = 1.642029 

BW Util details:
bwutil = 0.049330 
total_CMD = 11190 
util_bw = 552 
Wasted_Col = 140 
Wasted_Row = 0 
Idle = 10498 

BW Util Bottlenecks: 
RCDc_limit = 57 
RCDWRc_limit = 0 
WTRc_limit = 0 
RTWc_limit = 0 
CCDLc_limit = 114 
rwq = 0 
CCDLc_limit_alone = 114 
WTRc_limit_alone = 0 
RTWc_limit_alone = 0 

Commands details: 
total_CMD = 11190 
n_nop = 10632 
Read = 552 
Write = 0 
L2_Alloc = 0 
L2_WB = 0 
n_act = 10 
n_pre = 0 
n_ref = 0 
n_req = 552 
total_req = 552 

Dual Bus Interface Util: 
issued_total_row = 10 
issued_total_col = 552 
Row_Bus_Util =  0.000894 
CoL_Bus_Util = 0.049330 
Either_Row_CoL_Bus_Util = 0.049866 
Issued_on_Two_Bus_Simul_Util = 0.000357 
issued_two_Eff = 0.007168 
queue_avg = 0.264164 


dram_util_bins: 0 0 0 0 0 0 0 0 0 0
dram_eff_bins: 0 0 0 0 0 0 0 0 0 0
mrqq: max=11 avg=0.264164
Memory Partition 14: 
Cache L2_bank_028:
MSHR contents

Cache L2_bank_029:
MSHR contents

In Dram Latency Queue (total = 0): 
DRAM[14]: 16 bks, busW=16 BL=2 CL=12, tRRD=3 tCCD=1, tRCD=12 tRAS=28 tRP=12 tRC=40
n_cmd=11190 n_nop=10633 n_act=10 n_pre=0 n_ref_event=0 n_req=552 n_rd=552 n_rd_L2_A=0 n_write=0 n_wr_bk=0 bw_util=0.04933
n_activity=901 dram_eff=0.6127
bk0: 56a 11143i bk1: 64a 11135i bk2: 64a 11114i bk3: 64a 11106i bk4: 56a 11115i bk5: 56a 11114i bk6: 64a 11132i bk7: 64a 11110i bk8: 32a 11158i bk9: 32a 11138i bk10: 0a 11190i bk11: 0a 11190i bk12: 0a 11190i bk13: 0a 11190i bk14: 0a 11190i bk15: 0a 11190i 

------------------------------------------------------------------------

Row_Buffer_Locality = 0.981884
Row_Buffer_Locality_read = 0.981884
Row_Buffer_Locality_write = -nan
Bank_Level_Parallism = 1.700573
Bank_Level_Parallism_Col = 1.694525
Bank_Level_Parallism_Ready = 1.335145
write_to_read_ratio_blp_rw_average = 0.000000
GrpLevelPara = 1.651297 

BW Util details:
bwutil = 0.049330 
total_CMD = 11190 
util_bw = 552 
Wasted_Col = 146 
Wasted_Row = 0 
Idle = 10492 

BW Util Bottlenecks: 
RCDc_limit = 60 
RCDWRc_limit = 0 
WTRc_limit = 0 
RTWc_limit = 0 
CCDLc_limit = 109 
rwq = 0 
CCDLc_limit_alone = 109 
WTRc_limit_alone = 0 
RTWc_limit_alone = 0 

Commands details: 
total_CMD = 11190 
n_nop = 10633 
Read = 552 
Write = 0 
L2_Alloc = 0 
L2_WB = 0 
n_act = 10 
n_pre = 0 
n_ref = 0 
n_req = 552 
total_req = 552 

Dual Bus Interface Util: 
issued_total_row = 10 
issued_total_col = 552 
Row_Bus_Util =  0.000894 
CoL_Bus_Util = 0.049330 
Either_Row_CoL_Bus_Util = 0.049777 
Issued_on_Two_Bus_Simul_Util = 0.000447 
issued_two_Eff = 0.008977 
queue_avg = 0.233959 


dram_util_bins: 0 0 0 0 0 0 0 0 0 0
dram_eff_bins: 0 0 0 0 0 0 0 0 0 0
mrqq: max=9 avg=0.233959
Memory Partition 15: 
Cache L2_bank_030:
MSHR contents

Cache L2_bank_031:
MSHR contents

In Dram Latency Queue (total = 0): 
DRAM[15]: 16 bks, busW=16 BL=2 CL=12, tRRD=3 tCCD=1, tRCD=12 tRAS=28 tRP=12 tRC=40
n_cmd=11190 n_nop=10633 n_act=10 n_pre=0 n_ref_event=0 n_req=553 n_rd=553 n_rd_L2_A=0 n_write=0 n_wr_bk=0 bw_util=0.04942
n_activity=926 dram_eff=0.5972
bk0: 57a 11152i bk1: 64a 11125i bk2: 64a 11120i bk3: 64a 11115i bk4: 56a 11136i bk5: 56a 11117i bk6: 64a 11137i bk7: 64a 11138i bk8: 32a 11149i bk9: 32a 11148i bk10: 0a 11190i bk11: 0a 11190i bk12: 0a 11190i bk13: 0a 11190i bk14: 0a 11190i bk15: 0a 11190i 

------------------------------------------------------------------------

Row_Buffer_Locality = 0.981917
Row_Buffer_Locality_read = 0.981917
Row_Buffer_Locality_write = -nan
Bank_Level_Parallism = 1.598854
Bank_Level_Parallism_Col = 1.589928
Bank_Level_Parallism_Ready = 1.188065
write_to_read_ratio_blp_rw_average = 0.000000
GrpLevelPara = 1.566906 

BW Util details:
bwutil = 0.049419 
total_CMD = 11190 
util_bw = 553 
Wasted_Col = 145 
Wasted_Row = 0 
Idle = 10492 

BW Util Bottlenecks: 
RCDc_limit = 52 
RCDWRc_limit = 0 
WTRc_limit = 0 
RTWc_limit = 0 
CCDLc_limit = 124 
rwq = 0 
CCDLc_limit_alone = 124 
WTRc_limit_alone = 0 
RTWc_limit_alone = 0 

Commands details: 
total_CMD = 11190 
n_nop = 10633 
Read = 553 
Write = 0 
L2_Alloc = 0 
L2_WB = 0 
n_act = 10 
n_pre = 0 
n_ref = 0 
n_req = 553 
total_req = 553 

Dual Bus Interface Util: 
issued_total_row = 10 
issued_total_col = 553 
Row_Bus_Util =  0.000894 
CoL_Bus_Util = 0.049419 
Either_Row_CoL_Bus_Util = 0.049777 
Issued_on_Two_Bus_Simul_Util = 0.000536 
issued_two_Eff = 0.010772 
queue_avg = 0.262377 


dram_util_bins: 0 0 0 0 0 0 0 0 0 0
dram_eff_bins: 0 0 0 0 0 0 0 0 0 0
mrqq: max=15 avg=0.262377
Memory Partition 16: 
Cache L2_bank_032:
MSHR contents

Cache L2_bank_033:
MSHR contents

In Dram Latency Queue (total = 0): 
DRAM[16]: 16 bks, busW=16 BL=2 CL=12, tRRD=3 tCCD=1, tRCD=12 tRAS=28 tRP=12 tRC=40
n_cmd=11190 n_nop=10631 n_act=10 n_pre=0 n_ref_event=0 n_req=552 n_rd=552 n_rd_L2_A=0 n_write=0 n_wr_bk=0 bw_util=0.04933
n_activity=941 dram_eff=0.5866
bk0: 64a 11130i bk1: 64a 11135i bk2: 64a 11128i bk3: 64a 11095i bk4: 48a 11140i bk5: 56a 11128i bk6: 64a 11134i bk7: 64a 11128i bk8: 32a 11149i bk9: 32a 11138i bk10: 0a 11190i bk11: 0a 11190i bk12: 0a 11190i bk13: 0a 11190i bk14: 0a 11190i bk15: 0a 11190i 

------------------------------------------------------------------------

Row_Buffer_Locality = 0.981884
Row_Buffer_Locality_read = 0.981884
Row_Buffer_Locality_write = -nan
Bank_Level_Parallism = 1.579890
Bank_Level_Parallism_Col = 1.574203
Bank_Level_Parallism_Ready = 1.288043
write_to_read_ratio_blp_rw_average = 0.000000
GrpLevelPara = 1.531207 

BW Util details:
bwutil = 0.049330 
total_CMD = 11190 
util_bw = 552 
Wasted_Col = 174 
Wasted_Row = 0 
Idle = 10464 

BW Util Bottlenecks: 
RCDc_limit = 70 
RCDWRc_limit = 0 
WTRc_limit = 0 
RTWc_limit = 0 
CCDLc_limit = 121 
rwq = 0 
CCDLc_limit_alone = 121 
WTRc_limit_alone = 0 
RTWc_limit_alone = 0 

Commands details: 
total_CMD = 11190 
n_nop = 10631 
Read = 552 
Write = 0 
L2_Alloc = 0 
L2_WB = 0 
n_act = 10 
n_pre = 0 
n_ref = 0 
n_req = 552 
total_req = 552 

Dual Bus Interface Util: 
issued_total_row = 10 
issued_total_col = 552 
Row_Bus_Util =  0.000894 
CoL_Bus_Util = 0.049330 
Either_Row_CoL_Bus_Util = 0.049955 
Issued_on_Two_Bus_Simul_Util = 0.000268 
issued_two_Eff = 0.005367 
queue_avg = 0.250938 


dram_util_bins: 0 0 0 0 0 0 0 0 0 0
dram_eff_bins: 0 0 0 0 0 0 0 0 0 0
mrqq: max=11 avg=0.250938
Memory Partition 17: 
Cache L2_bank_034:
MSHR contents

Cache L2_bank_035:
MSHR contents

In Dram Latency Queue (total = 0): 
DRAM[17]: 16 bks, busW=16 BL=2 CL=12, tRRD=3 tCCD=1, tRCD=12 tRAS=28 tRP=12 tRC=40
n_cmd=11190 n_nop=10629 n_act=10 n_pre=0 n_ref_event=0 n_req=558 n_rd=558 n_rd_L2_A=0 n_write=0 n_wr_bk=0 bw_util=0.04987
n_activity=964 dram_eff=0.5788
bk0: 64a 11127i bk1: 64a 11141i bk2: 64a 11128i bk3: 64a 11101i bk4: 51a 11127i bk5: 56a 11129i bk6: 64a 11140i bk7: 64a 11130i bk8: 35a 11148i bk9: 32a 11117i bk10: 0a 11190i bk11: 0a 11190i bk12: 0a 11190i bk13: 0a 11190i bk14: 0a 11190i bk15: 0a 11190i 

------------------------------------------------------------------------

Row_Buffer_Locality = 0.982079
Row_Buffer_Locality_read = 0.982079
Row_Buffer_Locality_write = -nan
Bank_Level_Parallism = 1.652542
Bank_Level_Parallism_Col = 1.645390
Bank_Level_Parallism_Ready = 1.333333
write_to_read_ratio_blp_rw_average = 0.000000
GrpLevelPara = 1.615603 

BW Util details:
bwutil = 0.049866 
total_CMD = 11190 
util_bw = 558 
Wasted_Col = 150 
Wasted_Row = 0 
Idle = 10482 

BW Util Bottlenecks: 
RCDc_limit = 48 
RCDWRc_limit = 0 
WTRc_limit = 0 
RTWc_limit = 0 
CCDLc_limit = 116 
rwq = 0 
CCDLc_limit_alone = 116 
WTRc_limit_alone = 0 
RTWc_limit_alone = 0 

Commands details: 
total_CMD = 11190 
n_nop = 10629 
Read = 558 
Write = 0 
L2_Alloc = 0 
L2_WB = 0 
n_act = 10 
n_pre = 0 
n_ref = 0 
n_req = 558 
total_req = 558 

Dual Bus Interface Util: 
issued_total_row = 10 
issued_total_col = 558 
Row_Bus_Util =  0.000894 
CoL_Bus_Util = 0.049866 
Either_Row_CoL_Bus_Util = 0.050134 
Issued_on_Two_Bus_Simul_Util = 0.000626 
issued_two_Eff = 0.012478 
queue_avg = 0.297230 


dram_util_bins: 0 0 0 0 0 0 0 0 0 0
dram_eff_bins: 0 0 0 0 0 0 0 0 0 0
mrqq: max=14 avg=0.29723
Memory Partition 18: 
Cache L2_bank_036:
MSHR contents

Cache L2_bank_037:
MSHR contents

In Dram Latency Queue (total = 0): 
DRAM[18]: 16 bks, busW=16 BL=2 CL=12, tRRD=3 tCCD=1, tRCD=12 tRAS=28 tRP=12 tRC=40
n_cmd=11190 n_nop=10629 n_act=10 n_pre=0 n_ref_event=0 n_req=555 n_rd=555 n_rd_L2_A=0 n_write=0 n_wr_bk=0 bw_util=0.0496
n_activity=1012 dram_eff=0.5484
bk0: 64a 11137i bk1: 64a 11140i bk2: 64a 11139i bk3: 64a 11092i bk4: 51a 11130i bk5: 56a 11123i bk6: 64a 11141i bk7: 64a 11147i bk8: 32a 11153i bk9: 32a 11114i bk10: 0a 11190i bk11: 0a 11190i bk12: 0a 11190i bk13: 0a 11190i bk14: 0a 11190i bk15: 0a 11190i 

------------------------------------------------------------------------

Row_Buffer_Locality = 0.981982
Row_Buffer_Locality_read = 0.981982
Row_Buffer_Locality_write = -nan
Bank_Level_Parallism = 1.581944
Bank_Level_Parallism_Col = 1.579021
Bank_Level_Parallism_Ready = 1.295496
write_to_read_ratio_blp_rw_average = 0.000000
GrpLevelPara = 1.518881 

BW Util details:
bwutil = 0.049598 
total_CMD = 11190 
util_bw = 555 
Wasted_Col = 165 
Wasted_Row = 0 
Idle = 10470 

BW Util Bottlenecks: 
RCDc_limit = 73 
RCDWRc_limit = 0 
WTRc_limit = 0 
RTWc_limit = 0 
CCDLc_limit = 117 
rwq = 0 
CCDLc_limit_alone = 117 
WTRc_limit_alone = 0 
RTWc_limit_alone = 0 

Commands details: 
total_CMD = 11190 
n_nop = 10629 
Read = 555 
Write = 0 
L2_Alloc = 0 
L2_WB = 0 
n_act = 10 
n_pre = 0 
n_ref = 0 
n_req = 555 
total_req = 555 

Dual Bus Interface Util: 
issued_total_row = 10 
issued_total_col = 555 
Row_Bus_Util =  0.000894 
CoL_Bus_Util = 0.049598 
Either_Row_CoL_Bus_Util = 0.050134 
Issued_on_Two_Bus_Simul_Util = 0.000357 
issued_two_Eff = 0.007130 
queue_avg = 0.230920 


dram_util_bins: 0 0 0 0 0 0 0 0 0 0
dram_eff_bins: 0 0 0 0 0 0 0 0 0 0
mrqq: max=10 avg=0.23092
Memory Partition 19: 
Cache L2_bank_038:
MSHR contents

Cache L2_bank_039:
MSHR contents

In Dram Latency Queue (total = 0): 
DRAM[19]: 16 bks, busW=16 BL=2 CL=12, tRRD=3 tCCD=1, tRCD=12 tRAS=28 tRP=12 tRC=40
n_cmd=11190 n_nop=10631 n_act=10 n_pre=0 n_ref_event=0 n_req=552 n_rd=552 n_rd_L2_A=0 n_write=0 n_wr_bk=0 bw_util=0.04933
n_activity=1042 dram_eff=0.5298
bk0: 64a 11134i bk1: 64a 11144i bk2: 64a 11133i bk3: 64a 11085i bk4: 48a 11131i bk5: 56a 11111i bk6: 64a 11147i bk7: 64a 11125i bk8: 32a 11158i bk9: 32a 11151i bk10: 0a 11190i bk11: 0a 11190i bk12: 0a 11190i bk13: 0a 11190i bk14: 0a 11190i bk15: 0a 11190i 

------------------------------------------------------------------------

Row_Buffer_Locality = 0.981884
Row_Buffer_Locality_read = 0.981884
Row_Buffer_Locality_write = -nan
Bank_Level_Parallism = 1.575800
Bank_Level_Parallism_Col = 1.570028
Bank_Level_Parallism_Ready = 1.293478
write_to_read_ratio_blp_rw_average = 0.000000
GrpLevelPara = 1.519608 

BW Util details:
bwutil = 0.049330 
total_CMD = 11190 
util_bw = 552 
Wasted_Col = 167 
Wasted_Row = 0 
Idle = 10471 

BW Util Bottlenecks: 
RCDc_limit = 75 
RCDWRc_limit = 0 
WTRc_limit = 0 
RTWc_limit = 0 
CCDLc_limit = 118 
rwq = 0 
CCDLc_limit_alone = 118 
WTRc_limit_alone = 0 
RTWc_limit_alone = 0 

Commands details: 
total_CMD = 11190 
n_nop = 10631 
Read = 552 
Write = 0 
L2_Alloc = 0 
L2_WB = 0 
n_act = 10 
n_pre = 0 
n_ref = 0 
n_req = 552 
total_req = 552 

Dual Bus Interface Util: 
issued_total_row = 10 
issued_total_col = 552 
Row_Bus_Util =  0.000894 
CoL_Bus_Util = 0.049330 
Either_Row_CoL_Bus_Util = 0.049955 
Issued_on_Two_Bus_Simul_Util = 0.000268 
issued_two_Eff = 0.005367 
queue_avg = 0.216711 


dram_util_bins: 0 0 0 0 0 0 0 0 0 0
dram_eff_bins: 0 0 0 0 0 0 0 0 0 0
mrqq: max=13 avg=0.216711
Memory Partition 20: 
Cache L2_bank_040:
MSHR contents

Cache L2_bank_041:
MSHR contents

In Dram Latency Queue (total = 0): 
DRAM[20]: 16 bks, busW=16 BL=2 CL=12, tRRD=3 tCCD=1, tRCD=12 tRAS=28 tRP=12 tRC=40
n_cmd=11190 n_nop=10624 n_act=10 n_pre=0 n_ref_event=0 n_req=560 n_rd=560 n_rd_L2_A=0 n_write=0 n_wr_bk=0 bw_util=0.05004
n_activity=1055 dram_eff=0.5308
bk0: 64a 11116i bk1: 64a 11129i bk2: 64a 11121i bk3: 64a 11073i bk4: 56a 11115i bk5: 56a 11100i bk6: 64a 11136i bk7: 64a 11120i bk8: 32a 11165i bk9: 32a 11150i bk10: 0a 11190i bk11: 0a 11190i bk12: 0a 11190i bk13: 0a 11190i bk14: 0a 11190i bk15: 0a 11190i 

------------------------------------------------------------------------

Row_Buffer_Locality = 0.982143
Row_Buffer_Locality_read = 0.982143
Row_Buffer_Locality_write = -nan
Bank_Level_Parallism = 1.712899
Bank_Level_Parallism_Col = 1.710894
Bank_Level_Parallism_Ready = 1.364286
write_to_read_ratio_blp_rw_average = 0.000000
GrpLevelPara = 1.624302 

BW Util details:
bwutil = 0.050045 
total_CMD = 11190 
util_bw = 560 
Wasted_Col = 161 
Wasted_Row = 0 
Idle = 10469 

BW Util Bottlenecks: 
RCDc_limit = 65 
RCDWRc_limit = 0 
WTRc_limit = 0 
RTWc_limit = 0 
CCDLc_limit = 136 
rwq = 0 
CCDLc_limit_alone = 136 
WTRc_limit_alone = 0 
RTWc_limit_alone = 0 

Commands details: 
total_CMD = 11190 
n_nop = 10624 
Read = 560 
Write = 0 
L2_Alloc = 0 
L2_WB = 0 
n_act = 10 
n_pre = 0 
n_ref = 0 
n_req = 560 
total_req = 560 

Dual Bus Interface Util: 
issued_total_row = 10 
issued_total_col = 560 
Row_Bus_Util =  0.000894 
CoL_Bus_Util = 0.050045 
Either_Row_CoL_Bus_Util = 0.050581 
Issued_on_Two_Bus_Simul_Util = 0.000357 
issued_two_Eff = 0.007067 
queue_avg = 0.295353 


dram_util_bins: 0 0 0 0 0 0 0 0 0 0
dram_eff_bins: 0 0 0 0 0 0 0 0 0 0
mrqq: max=12 avg=0.295353
Memory Partition 21: 
Cache L2_bank_042:
MSHR contents

Cache L2_bank_043:
MSHR contents

In Dram Latency Queue (total = 0): 
DRAM[21]: 16 bks, busW=16 BL=2 CL=12, tRRD=3 tCCD=1, tRCD=12 tRAS=28 tRP=12 tRC=40
n_cmd=11190 n_nop=10624 n_act=10 n_pre=0 n_ref_event=0 n_req=560 n_rd=560 n_rd_L2_A=0 n_write=0 n_wr_bk=0 bw_util=0.05004
n_activity=1049 dram_eff=0.5338
bk0: 64a 11121i bk1: 64a 11129i bk2: 64a 11127i bk3: 64a 11106i bk4: 56a 11100i bk5: 56a 11121i bk6: 64a 11138i bk7: 64a 11124i bk8: 32a 11154i bk9: 32a 11147i bk10: 0a 11190i bk11: 0a 11190i bk12: 0a 11190i bk13: 0a 11190i bk14: 0a 11190i bk15: 0a 11190i 

------------------------------------------------------------------------

Row_Buffer_Locality = 0.982143
Row_Buffer_Locality_read = 0.982143
Row_Buffer_Locality_write = -nan
Bank_Level_Parallism = 1.704286
Bank_Level_Parallism_Col = 1.702158
Bank_Level_Parallism_Ready = 1.319643
write_to_read_ratio_blp_rw_average = 0.000000
GrpLevelPara = 1.627338 

BW Util details:
bwutil = 0.050045 
total_CMD = 11190 
util_bw = 560 
Wasted_Col = 140 
Wasted_Row = 0 
Idle = 10490 

BW Util Bottlenecks: 
RCDc_limit = 62 
RCDWRc_limit = 0 
WTRc_limit = 0 
RTWc_limit = 0 
CCDLc_limit = 111 
rwq = 0 
CCDLc_limit_alone = 111 
WTRc_limit_alone = 0 
RTWc_limit_alone = 0 

Commands details: 
total_CMD = 11190 
n_nop = 10624 
Read = 560 
Write = 0 
L2_Alloc = 0 
L2_WB = 0 
n_act = 10 
n_pre = 0 
n_ref = 0 
n_req = 560 
total_req = 560 

Dual Bus Interface Util: 
issued_total_row = 10 
issued_total_col = 560 
Row_Bus_Util =  0.000894 
CoL_Bus_Util = 0.050045 
Either_Row_CoL_Bus_Util = 0.050581 
Issued_on_Two_Bus_Simul_Util = 0.000357 
issued_two_Eff = 0.007067 
queue_avg = 0.237087 


dram_util_bins: 0 0 0 0 0 0 0 0 0 0
dram_eff_bins: 0 0 0 0 0 0 0 0 0 0
mrqq: max=12 avg=0.237087
Memory Partition 22: 
Cache L2_bank_044:
MSHR contents

Cache L2_bank_045:
MSHR contents

In Dram Latency Queue (total = 0): 
DRAM[22]: 16 bks, busW=16 BL=2 CL=12, tRRD=3 tCCD=1, tRCD=12 tRAS=28 tRP=12 tRC=40
n_cmd=11190 n_nop=10624 n_act=10 n_pre=0 n_ref_event=0 n_req=560 n_rd=560 n_rd_L2_A=0 n_write=0 n_wr_bk=0 bw_util=0.05004
n_activity=952 dram_eff=0.5882
bk0: 64a 11138i bk1: 64a 11137i bk2: 64a 11124i bk3: 64a 11096i bk4: 56a 11128i bk5: 56a 11132i bk6: 64a 11135i bk7: 64a 11115i bk8: 32a 11161i bk9: 32a 11132i bk10: 0a 11190i bk11: 0a 11190i bk12: 0a 11190i bk13: 0a 11190i bk14: 0a 11190i bk15: 0a 11190i 

------------------------------------------------------------------------

Row_Buffer_Locality = 0.982143
Row_Buffer_Locality_read = 0.982143
Row_Buffer_Locality_write = -nan
Bank_Level_Parallism = 1.664756
Bank_Level_Parallism_Col = 1.659942
Bank_Level_Parallism_Ready = 1.292857
write_to_read_ratio_blp_rw_average = 0.000000
GrpLevelPara = 1.645533 

BW Util details:
bwutil = 0.050045 
total_CMD = 11190 
util_bw = 560 
Wasted_Col = 138 
Wasted_Row = 0 
Idle = 10492 

BW Util Bottlenecks: 
RCDc_limit = 60 
RCDWRc_limit = 0 
WTRc_limit = 0 
RTWc_limit = 0 
CCDLc_limit = 104 
rwq = 0 
CCDLc_limit_alone = 104 
WTRc_limit_alone = 0 
RTWc_limit_alone = 0 

Commands details: 
total_CMD = 11190 
n_nop = 10624 
Read = 560 
Write = 0 
L2_Alloc = 0 
L2_WB = 0 
n_act = 10 
n_pre = 0 
n_ref = 0 
n_req = 560 
total_req = 560 

Dual Bus Interface Util: 
issued_total_row = 10 
issued_total_col = 560 
Row_Bus_Util =  0.000894 
CoL_Bus_Util = 0.050045 
Either_Row_CoL_Bus_Util = 0.050581 
Issued_on_Two_Bus_Simul_Util = 0.000357 
issued_two_Eff = 0.007067 
queue_avg = 0.187221 


dram_util_bins: 0 0 0 0 0 0 0 0 0 0
dram_eff_bins: 0 0 0 0 0 0 0 0 0 0
mrqq: max=9 avg=0.187221
Memory Partition 23: 
Cache L2_bank_046:
MSHR contents

Cache L2_bank_047:
MSHR contents

In Dram Latency Queue (total = 0): 
DRAM[23]: 16 bks, busW=16 BL=2 CL=12, tRRD=3 tCCD=1, tRCD=12 tRAS=28 tRP=12 tRC=40
n_cmd=11190 n_nop=10625 n_act=10 n_pre=0 n_ref_event=0 n_req=560 n_rd=560 n_rd_L2_A=0 n_write=0 n_wr_bk=0 bw_util=0.05004
n_activity=1005 dram_eff=0.5572
bk0: 64a 11116i bk1: 64a 11128i bk2: 64a 11121i bk3: 64a 11097i bk4: 56a 11098i bk5: 56a 11129i bk6: 64a 11136i bk7: 64a 11127i bk8: 32a 11157i bk9: 32a 11154i bk10: 0a 11190i bk11: 0a 11190i bk12: 0a 11190i bk13: 0a 11190i bk14: 0a 11190i bk15: 0a 11190i 

------------------------------------------------------------------------

Row_Buffer_Locality = 0.982143
Row_Buffer_Locality_read = 0.982143
Row_Buffer_Locality_write = -nan
Bank_Level_Parallism = 1.648760
Bank_Level_Parallism_Col = 1.644044
Bank_Level_Parallism_Ready = 1.282143
write_to_read_ratio_blp_rw_average = 0.000000
GrpLevelPara = 1.588643 

BW Util details:
bwutil = 0.050045 
total_CMD = 11190 
util_bw = 560 
Wasted_Col = 166 
Wasted_Row = 0 
Idle = 10464 

BW Util Bottlenecks: 
RCDc_limit = 68 
RCDWRc_limit = 0 
WTRc_limit = 0 
RTWc_limit = 0 
CCDLc_limit = 124 
rwq = 0 
CCDLc_limit_alone = 124 
WTRc_limit_alone = 0 
RTWc_limit_alone = 0 

Commands details: 
total_CMD = 11190 
n_nop = 10625 
Read = 560 
Write = 0 
L2_Alloc = 0 
L2_WB = 0 
n_act = 10 
n_pre = 0 
n_ref = 0 
n_req = 560 
total_req = 560 

Dual Bus Interface Util: 
issued_total_row = 10 
issued_total_col = 560 
Row_Bus_Util =  0.000894 
CoL_Bus_Util = 0.050045 
Either_Row_CoL_Bus_Util = 0.050492 
Issued_on_Two_Bus_Simul_Util = 0.000447 
issued_two_Eff = 0.008850 
queue_avg = 0.291957 


dram_util_bins: 0 0 0 0 0 0 0 0 0 0
dram_eff_bins: 0 0 0 0 0 0 0 0 0 0
mrqq: max=12 avg=0.291957
Memory Partition 24: 
Cache L2_bank_048:
MSHR contents

Cache L2_bank_049:
MSHR contents

In Dram Latency Queue (total = 0): 
DRAM[24]: 16 bks, busW=16 BL=2 CL=12, tRRD=3 tCCD=1, tRCD=12 tRAS=28 tRP=12 tRC=40
n_cmd=11190 n_nop=10618 n_act=10 n_pre=0 n_ref_event=0 n_req=568 n_rd=568 n_rd_L2_A=0 n_write=0 n_wr_bk=0 bw_util=0.05076
n_activity=933 dram_eff=0.6088
bk0: 64a 11143i bk1: 64a 11140i bk2: 64a 11125i bk3: 64a 11107i bk4: 56a 11140i bk5: 56a 11126i bk6: 64a 11130i bk7: 64a 11087i bk8: 40a 11151i bk9: 32a 11146i bk10: 0a 11190i bk11: 0a 11190i bk12: 0a 11190i bk13: 0a 11190i bk14: 0a 11190i bk15: 0a 11190i 

------------------------------------------------------------------------

Row_Buffer_Locality = 0.982394
Row_Buffer_Locality_read = 0.982394
Row_Buffer_Locality_write = -nan
Bank_Level_Parallism = 1.617931
Bank_Level_Parallism_Col = 1.608575
Bank_Level_Parallism_Ready = 1.359155
write_to_read_ratio_blp_rw_average = 0.000000
GrpLevelPara = 1.585062 

BW Util details:
bwutil = 0.050760 
total_CMD = 11190 
util_bw = 568 
Wasted_Col = 157 
Wasted_Row = 0 
Idle = 10465 

BW Util Bottlenecks: 
RCDc_limit = 58 
RCDWRc_limit = 0 
WTRc_limit = 0 
RTWc_limit = 0 
CCDLc_limit = 127 
rwq = 0 
CCDLc_limit_alone = 127 
WTRc_limit_alone = 0 
RTWc_limit_alone = 0 

Commands details: 
total_CMD = 11190 
n_nop = 10618 
Read = 568 
Write = 0 
L2_Alloc = 0 
L2_WB = 0 
n_act = 10 
n_pre = 0 
n_ref = 0 
n_req = 568 
total_req = 568 

Dual Bus Interface Util: 
issued_total_row = 10 
issued_total_col = 568 
Row_Bus_Util =  0.000894 
CoL_Bus_Util = 0.050760 
Either_Row_CoL_Bus_Util = 0.051117 
Issued_on_Two_Bus_Simul_Util = 0.000536 
issued_two_Eff = 0.010490 
queue_avg = 0.271314 


dram_util_bins: 0 0 0 0 0 0 0 0 0 0
dram_eff_bins: 0 0 0 0 0 0 0 0 0 0
mrqq: max=17 avg=0.271314
Memory Partition 25: 
Cache L2_bank_050:
MSHR contents

Cache L2_bank_051:
MSHR contents

In Dram Latency Queue (total = 0): 
DRAM[25]: 16 bks, busW=16 BL=2 CL=12, tRRD=3 tCCD=1, tRCD=12 tRAS=28 tRP=12 tRC=40
n_cmd=11190 n_nop=10620 n_act=10 n_pre=0 n_ref_event=0 n_req=568 n_rd=568 n_rd_L2_A=0 n_write=0 n_wr_bk=0 bw_util=0.05076
n_activity=891 dram_eff=0.6375
bk0: 64a 11141i bk1: 64a 11138i bk2: 64a 11125i bk3: 64a 11122i bk4: 56a 11106i bk5: 56a 11117i bk6: 64a 11102i bk7: 64a 11080i bk8: 40a 11153i bk9: 32a 11143i bk10: 0a 11190i bk11: 0a 11190i bk12: 0a 11190i bk13: 0a 11190i bk14: 0a 11190i bk15: 0a 11190i 

------------------------------------------------------------------------

Row_Buffer_Locality = 0.982394
Row_Buffer_Locality_read = 0.982394
Row_Buffer_Locality_write = -nan
Bank_Level_Parallism = 1.767806
Bank_Level_Parallism_Col = 1.755714
Bank_Level_Parallism_Ready = 1.454225
write_to_read_ratio_blp_rw_average = 0.000000
GrpLevelPara = 1.724286 

BW Util details:
bwutil = 0.050760 
total_CMD = 11190 
util_bw = 568 
Wasted_Col = 134 
Wasted_Row = 0 
Idle = 10488 

BW Util Bottlenecks: 
RCDc_limit = 51 
RCDWRc_limit = 0 
WTRc_limit = 0 
RTWc_limit = 0 
CCDLc_limit = 108 
rwq = 0 
CCDLc_limit_alone = 108 
WTRc_limit_alone = 0 
RTWc_limit_alone = 0 

Commands details: 
total_CMD = 11190 
n_nop = 10620 
Read = 568 
Write = 0 
L2_Alloc = 0 
L2_WB = 0 
n_act = 10 
n_pre = 0 
n_ref = 0 
n_req = 568 
total_req = 568 

Dual Bus Interface Util: 
issued_total_row = 10 
issued_total_col = 568 
Row_Bus_Util =  0.000894 
CoL_Bus_Util = 0.050760 
Either_Row_CoL_Bus_Util = 0.050938 
Issued_on_Two_Bus_Simul_Util = 0.000715 
issued_two_Eff = 0.014035 
queue_avg = 0.335210 


dram_util_bins: 0 0 0 0 0 0 0 0 0 0
dram_eff_bins: 0 0 0 0 0 0 0 0 0 0
mrqq: max=15 avg=0.33521
Memory Partition 26: 
Cache L2_bank_052:
MSHR contents

Cache L2_bank_053:
MSHR contents

In Dram Latency Queue (total = 0): 
DRAM[26]: 16 bks, busW=16 BL=2 CL=12, tRRD=3 tCCD=1, tRCD=12 tRAS=28 tRP=12 tRC=40
n_cmd=11190 n_nop=10618 n_act=10 n_pre=0 n_ref_event=0 n_req=568 n_rd=568 n_rd_L2_A=0 n_write=0 n_wr_bk=0 bw_util=0.05076
n_activity=996 dram_eff=0.5703
bk0: 64a 11127i bk1: 64a 11140i bk2: 64a 11140i bk3: 64a 11102i bk4: 56a 11120i bk5: 56a 11127i bk6: 64a 11141i bk7: 64a 11135i bk8: 40a 11151i bk9: 32a 11153i bk10: 0a 11190i bk11: 0a 11190i bk12: 0a 11190i bk13: 0a 11190i bk14: 0a 11190i bk15: 0a 11190i 

------------------------------------------------------------------------

Row_Buffer_Locality = 0.982394
Row_Buffer_Locality_read = 0.982394
Row_Buffer_Locality_write = -nan
Bank_Level_Parallism = 1.581006
Bank_Level_Parallism_Col = 1.575843
Bank_Level_Parallism_Ready = 1.297535
write_to_read_ratio_blp_rw_average = 0.000000
GrpLevelPara = 1.547753 

BW Util details:
bwutil = 0.050760 
total_CMD = 11190 
util_bw = 568 
Wasted_Col = 148 
Wasted_Row = 0 
Idle = 10474 

BW Util Bottlenecks: 
RCDc_limit = 56 
RCDWRc_limit = 0 
WTRc_limit = 0 
RTWc_limit = 0 
CCDLc_limit = 105 
rwq = 0 
CCDLc_limit_alone = 105 
WTRc_limit_alone = 0 
RTWc_limit_alone = 0 

Commands details: 
total_CMD = 11190 
n_nop = 10618 
Read = 568 
Write = 0 
L2_Alloc = 0 
L2_WB = 0 
n_act = 10 
n_pre = 0 
n_ref = 0 
n_req = 568 
total_req = 568 

Dual Bus Interface Util: 
issued_total_row = 10 
issued_total_col = 568 
Row_Bus_Util =  0.000894 
CoL_Bus_Util = 0.050760 
Either_Row_CoL_Bus_Util = 0.051117 
Issued_on_Two_Bus_Simul_Util = 0.000536 
issued_two_Eff = 0.010490 
queue_avg = 0.360143 


dram_util_bins: 0 0 0 0 0 0 0 0 0 0
dram_eff_bins: 0 0 0 0 0 0 0 0 0 0
mrqq: max=21 avg=0.360143
Memory Partition 27: 
Cache L2_bank_054:
MSHR contents

Cache L2_bank_055:
MSHR contents

In Dram Latency Queue (total = 0): 
DRAM[27]: 16 bks, busW=16 BL=2 CL=12, tRRD=3 tCCD=1, tRCD=12 tRAS=28 tRP=12 tRC=40
n_cmd=11190 n_nop=10617 n_act=10 n_pre=0 n_ref_event=0 n_req=568 n_rd=568 n_rd_L2_A=0 n_write=0 n_wr_bk=0 bw_util=0.05076
n_activity=955 dram_eff=0.5948
bk0: 64a 11137i bk1: 64a 11136i bk2: 64a 11114i bk3: 64a 11108i bk4: 56a 11132i bk5: 56a 11118i bk6: 64a 11128i bk7: 64a 11128i bk8: 40a 11140i bk9: 32a 11154i bk10: 0a 11190i bk11: 0a 11190i bk12: 0a 11190i bk13: 0a 11190i bk14: 0a 11190i bk15: 0a 11190i 

------------------------------------------------------------------------

Row_Buffer_Locality = 0.982394
Row_Buffer_Locality_read = 0.982394
Row_Buffer_Locality_write = -nan
Bank_Level_Parallism = 1.652113
Bank_Level_Parallism_Col = 1.647309
Bank_Level_Parallism_Ready = 1.325704
write_to_read_ratio_blp_rw_average = 0.000000
GrpLevelPara = 1.627479 

BW Util details:
bwutil = 0.050760 
total_CMD = 11190 
util_bw = 568 
Wasted_Col = 142 
Wasted_Row = 0 
Idle = 10480 

BW Util Bottlenecks: 
RCDc_limit = 66 
RCDWRc_limit = 0 
WTRc_limit = 0 
RTWc_limit = 0 
CCDLc_limit = 95 
rwq = 0 
CCDLc_limit_alone = 95 
WTRc_limit_alone = 0 
RTWc_limit_alone = 0 

Commands details: 
total_CMD = 11190 
n_nop = 10617 
Read = 568 
Write = 0 
L2_Alloc = 0 
L2_WB = 0 
n_act = 10 
n_pre = 0 
n_ref = 0 
n_req = 568 
total_req = 568 

Dual Bus Interface Util: 
issued_total_row = 10 
issued_total_col = 568 
Row_Bus_Util =  0.000894 
CoL_Bus_Util = 0.050760 
Either_Row_CoL_Bus_Util = 0.051206 
Issued_on_Two_Bus_Simul_Util = 0.000447 
issued_two_Eff = 0.008726 
queue_avg = 0.278105 


dram_util_bins: 0 0 0 0 0 0 0 0 0 0
dram_eff_bins: 0 0 0 0 0 0 0 0 0 0
mrqq: max=13 avg=0.278105
Memory Partition 28: 
Cache L2_bank_056:
MSHR contents

Cache L2_bank_057:
MSHR contents

In Dram Latency Queue (total = 0): 
DRAM[28]: 16 bks, busW=16 BL=2 CL=12, tRRD=3 tCCD=1, tRCD=12 tRAS=28 tRP=12 tRC=40
n_cmd=11190 n_nop=10619 n_act=10 n_pre=0 n_ref_event=0 n_req=568 n_rd=568 n_rd_L2_A=0 n_write=0 n_wr_bk=0 bw_util=0.05076
n_activity=944 dram_eff=0.6017
bk0: 64a 11142i bk1: 64a 11127i bk2: 64a 11128i bk3: 64a 11098i bk4: 56a 11119i bk5: 56a 11090i bk6: 64a 11146i bk7: 64a 11123i bk8: 40a 11145i bk9: 32a 11136i bk10: 0a 11190i bk11: 0a 11190i bk12: 0a 11190i bk13: 0a 11190i bk14: 0a 11190i bk15: 0a 11190i 

------------------------------------------------------------------------

Row_Buffer_Locality = 0.982394
Row_Buffer_Locality_read = 0.982394
Row_Buffer_Locality_write = -nan
Bank_Level_Parallism = 1.714689
Bank_Level_Parallism_Col = 1.707801
Bank_Level_Parallism_Ready = 1.401408
write_to_read_ratio_blp_rw_average = 0.000000
GrpLevelPara = 1.668085 

BW Util details:
bwutil = 0.050760 
total_CMD = 11190 
util_bw = 568 
Wasted_Col = 140 
Wasted_Row = 0 
Idle = 10482 

BW Util Bottlenecks: 
RCDc_limit = 49 
RCDWRc_limit = 0 
WTRc_limit = 0 
RTWc_limit = 0 
CCDLc_limit = 105 
rwq = 0 
CCDLc_limit_alone = 105 
WTRc_limit_alone = 0 
RTWc_limit_alone = 0 

Commands details: 
total_CMD = 11190 
n_nop = 10619 
Read = 568 
Write = 0 
L2_Alloc = 0 
L2_WB = 0 
n_act = 10 
n_pre = 0 
n_ref = 0 
n_req = 568 
total_req = 568 

Dual Bus Interface Util: 
issued_total_row = 10 
issued_total_col = 568 
Row_Bus_Util =  0.000894 
CoL_Bus_Util = 0.050760 
Either_Row_CoL_Bus_Util = 0.051028 
Issued_on_Two_Bus_Simul_Util = 0.000626 
issued_two_Eff = 0.012259 
queue_avg = 0.259249 


dram_util_bins: 0 0 0 0 0 0 0 0 0 0
dram_eff_bins: 0 0 0 0 0 0 0 0 0 0
mrqq: max=12 avg=0.259249
Memory Partition 29: 
Cache L2_bank_058:
MSHR contents

Cache L2_bank_059:
MSHR contents

In Dram Latency Queue (total = 0): 
DRAM[29]: 16 bks, busW=16 BL=2 CL=12, tRRD=3 tCCD=1, tRCD=12 tRAS=28 tRP=12 tRC=40
n_cmd=11190 n_nop=10618 n_act=10 n_pre=0 n_ref_event=0 n_req=568 n_rd=568 n_rd_L2_A=0 n_write=0 n_wr_bk=0 bw_util=0.05076
n_activity=941 dram_eff=0.6036
bk0: 64a 11134i bk1: 64a 11132i bk2: 64a 11124i bk3: 64a 11115i bk4: 56a 11123i bk5: 56a 11116i bk6: 64a 11143i bk7: 64a 11102i bk8: 40a 11134i bk9: 32a 11142i bk10: 0a 11190i bk11: 0a 11190i bk12: 0a 11190i bk13: 0a 11190i bk14: 0a 11190i bk15: 0a 11190i 

------------------------------------------------------------------------

Row_Buffer_Locality = 0.982394
Row_Buffer_Locality_read = 0.982394
Row_Buffer_Locality_write = -nan
Bank_Level_Parallism = 1.659310
Bank_Level_Parallism_Col = 1.654646
Bank_Level_Parallism_Ready = 1.315141
write_to_read_ratio_blp_rw_average = 0.000000
GrpLevelPara = 1.613037 

BW Util details:
bwutil = 0.050760 
total_CMD = 11190 
util_bw = 568 
Wasted_Col = 157 
Wasted_Row = 0 
Idle = 10465 

BW Util Bottlenecks: 
RCDc_limit = 51 
RCDWRc_limit = 0 
WTRc_limit = 0 
RTWc_limit = 0 
CCDLc_limit = 128 
rwq = 0 
CCDLc_limit_alone = 128 
WTRc_limit_alone = 0 
RTWc_limit_alone = 0 

Commands details: 
total_CMD = 11190 
n_nop = 10618 
Read = 568 
Write = 0 
L2_Alloc = 0 
L2_WB = 0 
n_act = 10 
n_pre = 0 
n_ref = 0 
n_req = 568 
total_req = 568 

Dual Bus Interface Util: 
issued_total_row = 10 
issued_total_col = 568 
Row_Bus_Util =  0.000894 
CoL_Bus_Util = 0.050760 
Either_Row_CoL_Bus_Util = 0.051117 
Issued_on_Two_Bus_Simul_Util = 0.000536 
issued_two_Eff = 0.010490 
queue_avg = 0.231278 


dram_util_bins: 0 0 0 0 0 0 0 0 0 0
dram_eff_bins: 0 0 0 0 0 0 0 0 0 0
mrqq: max=10 avg=0.231278
Memory Partition 30: 
Cache L2_bank_060:
MSHR contents

Cache L2_bank_061:
MSHR contents

In Dram Latency Queue (total = 0): 
DRAM[30]: 16 bks, busW=16 BL=2 CL=12, tRRD=3 tCCD=1, tRCD=12 tRAS=28 tRP=12 tRC=40
n_cmd=11190 n_nop=10614 n_act=11 n_pre=1 n_ref_event=0 n_req=569 n_rd=569 n_rd_L2_A=0 n_write=0 n_wr_bk=0 bw_util=0.05085
n_activity=979 dram_eff=0.5812
bk0: 64a 11127i bk1: 65a 11105i bk2: 64a 11118i bk3: 64a 11104i bk4: 56a 11104i bk5: 56a 11087i bk6: 64a 11125i bk7: 64a 11085i bk8: 40a 11149i bk9: 32a 11143i bk10: 0a 11190i bk11: 0a 11190i bk12: 0a 11190i bk13: 0a 11190i bk14: 0a 11190i bk15: 0a 11190i 

------------------------------------------------------------------------

Row_Buffer_Locality = 0.982425
Row_Buffer_Locality_read = 0.982425
Row_Buffer_Locality_write = -nan
Bank_Level_Parallism = 1.815934
Bank_Level_Parallism_Col = 1.817672
Bank_Level_Parallism_Ready = 1.472759
write_to_read_ratio_blp_rw_average = 0.000000
GrpLevelPara = 1.730715 

BW Util details:
bwutil = 0.050849 
total_CMD = 11190 
util_bw = 569 
Wasted_Col = 147 
Wasted_Row = 12 
Idle = 10462 

BW Util Bottlenecks: 
RCDc_limit = 61 
RCDWRc_limit = 0 
WTRc_limit = 0 
RTWc_limit = 0 
CCDLc_limit = 116 
rwq = 0 
CCDLc_limit_alone = 116 
WTRc_limit_alone = 0 
RTWc_limit_alone = 0 

Commands details: 
total_CMD = 11190 
n_nop = 10614 
Read = 569 
Write = 0 
L2_Alloc = 0 
L2_WB = 0 
n_act = 11 
n_pre = 1 
n_ref = 0 
n_req = 569 
total_req = 569 

Dual Bus Interface Util: 
issued_total_row = 12 
issued_total_col = 569 
Row_Bus_Util =  0.001072 
CoL_Bus_Util = 0.050849 
Either_Row_CoL_Bus_Util = 0.051475 
Issued_on_Two_Bus_Simul_Util = 0.000447 
issued_two_Eff = 0.008681 
queue_avg = 0.255317 


dram_util_bins: 0 0 0 0 0 0 0 0 0 0
dram_eff_bins: 0 0 0 0 0 0 0 0 0 0
mrqq: max=10 avg=0.255317
Memory Partition 31: 
Cache L2_bank_062:
MSHR contents

Cache L2_bank_063:
MSHR contents

In Dram Latency Queue (total = 0): 
DRAM[31]: 16 bks, busW=16 BL=2 CL=12, tRRD=3 tCCD=1, tRCD=12 tRAS=28 tRP=12 tRC=40
n_cmd=11190 n_nop=10620 n_act=10 n_pre=0 n_ref_event=0 n_req=568 n_rd=568 n_rd_L2_A=0 n_write=0 n_wr_bk=0 bw_util=0.05076
n_activity=959 dram_eff=0.5923
bk0: 64a 11133i bk1: 64a 11124i bk2: 64a 11132i bk3: 64a 11118i bk4: 56a 11122i bk5: 56a 11122i bk6: 64a 11131i bk7: 64a 11094i bk8: 40a 11139i bk9: 32a 11145i bk10: 0a 11190i bk11: 0a 11190i bk12: 0a 11190i bk13: 0a 11190i bk14: 0a 11190i bk15: 0a 11190i 

------------------------------------------------------------------------

Row_Buffer_Locality = 0.982394
Row_Buffer_Locality_read = 0.982394
Row_Buffer_Locality_write = -nan
Bank_Level_Parallism = 1.713475
Bank_Level_Parallism_Col = 1.701280
Bank_Level_Parallism_Ready = 1.355634
write_to_read_ratio_blp_rw_average = 0.000000
GrpLevelPara = 1.657184 

BW Util details:
bwutil = 0.050760 
total_CMD = 11190 
util_bw = 568 
Wasted_Col = 137 
Wasted_Row = 0 
Idle = 10485 

BW Util Bottlenecks: 
RCDc_limit = 54 
RCDWRc_limit = 0 
WTRc_limit = 0 
RTWc_limit = 0 
CCDLc_limit = 109 
rwq = 0 
CCDLc_limit_alone = 109 
WTRc_limit_alone = 0 
RTWc_limit_alone = 0 

Commands details: 
total_CMD = 11190 
n_nop = 10620 
Read = 568 
Write = 0 
L2_Alloc = 0 
L2_WB = 0 
n_act = 10 
n_pre = 0 
n_ref = 0 
n_req = 568 
total_req = 568 

Dual Bus Interface Util: 
issued_total_row = 10 
issued_total_col = 568 
Row_Bus_Util =  0.000894 
CoL_Bus_Util = 0.050760 
Either_Row_CoL_Bus_Util = 0.050938 
Issued_on_Two_Bus_Simul_Util = 0.000715 
issued_two_Eff = 0.014035 
queue_avg = 0.203485 


dram_util_bins: 0 0 0 0 0 0 0 0 0 0
dram_eff_bins: 0 0 0 0 0 0 0 0 0 0
mrqq: max=11 avg=0.203485

========= L2 cache stats =========
L2_cache_bank[0]: Access = 1029, Miss = 292, Miss_rate = 0.284, Pending_hits = 11, Reservation_fails = 281
L2_cache_bank[1]: Access = 952, Miss = 288, Miss_rate = 0.303, Pending_hits = 8, Reservation_fails = 0
L2_cache_bank[2]: Access = 954, Miss = 288, Miss_rate = 0.302, Pending_hits = 6, Reservation_fails = 0
L2_cache_bank[3]: Access = 947, Miss = 288, Miss_rate = 0.304, Pending_hits = 1, Reservation_fails = 0
L2_cache_bank[4]: Access = 953, Miss = 288, Miss_rate = 0.302, Pending_hits = 6, Reservation_fails = 0
L2_cache_bank[5]: Access = 954, Miss = 288, Miss_rate = 0.302, Pending_hits = 3, Reservation_fails = 0
L2_cache_bank[6]: Access = 950, Miss = 288, Miss_rate = 0.303, Pending_hits = 4, Reservation_fails = 0
L2_cache_bank[7]: Access = 952, Miss = 288, Miss_rate = 0.303, Pending_hits = 9, Reservation_fails = 0
L2_cache_bank[8]: Access = 953, Miss = 288, Miss_rate = 0.302, Pending_hits = 3, Reservation_fails = 0
L2_cache_bank[9]: Access = 958, Miss = 288, Miss_rate = 0.301, Pending_hits = 5, Reservation_fails = 0
L2_cache_bank[10]: Access = 947, Miss = 288, Miss_rate = 0.304, Pending_hits = 8, Reservation_fails = 0
L2_cache_bank[11]: Access = 951, Miss = 288, Miss_rate = 0.303, Pending_hits = 6, Reservation_fails = 0
L2_cache_bank[12]: Access = 956, Miss = 288, Miss_rate = 0.301, Pending_hits = 8, Reservation_fails = 0
L2_cache_bank[13]: Access = 949, Miss = 288, Miss_rate = 0.303, Pending_hits = 5, Reservation_fails = 0
L2_cache_bank[14]: Access = 950, Miss = 288, Miss_rate = 0.303, Pending_hits = 4, Reservation_fails = 0
L2_cache_bank[15]: Access = 952, Miss = 288, Miss_rate = 0.303, Pending_hits = 7, Reservation_fails = 0
L2_cache_bank[16]: Access = 950, Miss = 288, Miss_rate = 0.303, Pending_hits = 5, Reservation_fails = 0
L2_cache_bank[17]: Access = 949, Miss = 288, Miss_rate = 0.303, Pending_hits = 4, Reservation_fails = 0
L2_cache_bank[18]: Access = 955, Miss = 288, Miss_rate = 0.302, Pending_hits = 8, Reservation_fails = 0
L2_cache_bank[19]: Access = 953, Miss = 288, Miss_rate = 0.302, Pending_hits = 6, Reservation_fails = 0
L2_cache_bank[20]: Access = 948, Miss = 288, Miss_rate = 0.304, Pending_hits = 5, Reservation_fails = 0
L2_cache_bank[21]: Access = 951, Miss = 288, Miss_rate = 0.303, Pending_hits = 2, Reservation_fails = 0
L2_cache_bank[22]: Access = 949, Miss = 288, Miss_rate = 0.303, Pending_hits = 5, Reservation_fails = 0
L2_cache_bank[23]: Access = 952, Miss = 288, Miss_rate = 0.303, Pending_hits = 8, Reservation_fails = 0
L2_cache_bank[24]: Access = 918, Miss = 280, Miss_rate = 0.305, Pending_hits = 6, Reservation_fails = 0
L2_cache_bank[25]: Access = 954, Miss = 288, Miss_rate = 0.302, Pending_hits = 6, Reservation_fails = 0
L2_cache_bank[26]: Access = 912, Miss = 280, Miss_rate = 0.307, Pending_hits = 7, Reservation_fails = 0
L2_cache_bank[27]: Access = 952, Miss = 288, Miss_rate = 0.303, Pending_hits = 5, Reservation_fails = 0
L2_cache_bank[28]: Access = 917, Miss = 280, Miss_rate = 0.305, Pending_hits = 6, Reservation_fails = 0
L2_cache_bank[29]: Access = 950, Miss = 288, Miss_rate = 0.303, Pending_hits = 3, Reservation_fails = 0
L2_cache_bank[30]: Access = 915, Miss = 281, Miss_rate = 0.307, Pending_hits = 6, Reservation_fails = 0
L2_cache_bank[31]: Access = 948, Miss = 288, Miss_rate = 0.304, Pending_hits = 7, Reservation_fails = 0
L2_cache_bank[32]: Access = 963, Miss = 288, Miss_rate = 0.299, Pending_hits = 3, Reservation_fails = 0
L2_cache_bank[33]: Access = 921, Miss = 280, Miss_rate = 0.304, Pending_hits = 7, Reservation_fails = 0
L2_cache_bank[34]: Access = 979, Miss = 291, Miss_rate = 0.297, Pending_hits = 6, Reservation_fails = 0
L2_cache_bank[35]: Access = 935, Miss = 283, Miss_rate = 0.303, Pending_hits = 6, Reservation_fails = 0
L2_cache_bank[36]: Access = 1176, Miss = 283, Miss_rate = 0.241, Pending_hits = 13, Reservation_fails = 112
L2_cache_bank[37]: Access = 948, Miss = 288, Miss_rate = 0.304, Pending_hits = 5, Reservation_fails = 0
L2_cache_bank[38]: Access = 936, Miss = 280, Miss_rate = 0.299, Pending_hits = 6, Reservation_fails = 0
L2_cache_bank[39]: Access = 955, Miss = 288, Miss_rate = 0.302, Pending_hits = 5, Reservation_fails = 0
L2_cache_bank[40]: Access = 963, Miss = 288, Miss_rate = 0.299, Pending_hits = 6, Reservation_fails = 0
L2_cache_bank[41]: Access = 956, Miss = 288, Miss_rate = 0.301, Pending_hits = 7, Reservation_fails = 0
L2_cache_bank[42]: Access = 967, Miss = 288, Miss_rate = 0.298, Pending_hits = 6, Reservation_fails = 0
L2_cache_bank[43]: Access = 961, Miss = 288, Miss_rate = 0.300, Pending_hits = 6, Reservation_fails = 0
L2_cache_bank[44]: Access = 963, Miss = 288, Miss_rate = 0.299, Pending_hits = 5, Reservation_fails = 0
L2_cache_bank[45]: Access = 953, Miss = 288, Miss_rate = 0.302, Pending_hits = 6, Reservation_fails = 0
L2_cache_bank[46]: Access = 972, Miss = 288, Miss_rate = 0.296, Pending_hits = 6, Reservation_fails = 0
L2_cache_bank[47]: Access = 953, Miss = 288, Miss_rate = 0.302, Pending_hits = 5, Reservation_fails = 0
L2_cache_bank[48]: Access = 970, Miss = 296, Miss_rate = 0.305, Pending_hits = 7, Reservation_fails = 0
L2_cache_bank[49]: Access = 952, Miss = 288, Miss_rate = 0.303, Pending_hits = 6, Reservation_fails = 0
L2_cache_bank[50]: Access = 972, Miss = 296, Miss_rate = 0.305, Pending_hits = 6, Reservation_fails = 0
L2_cache_bank[51]: Access = 944, Miss = 288, Miss_rate = 0.305, Pending_hits = 2, Reservation_fails = 0
L2_cache_bank[52]: Access = 976, Miss = 296, Miss_rate = 0.303, Pending_hits = 8, Reservation_fails = 0
L2_cache_bank[53]: Access = 953, Miss = 288, Miss_rate = 0.302, Pending_hits = 7, Reservation_fails = 0
L2_cache_bank[54]: Access = 962, Miss = 296, Miss_rate = 0.308, Pending_hits = 4, Reservation_fails = 0
L2_cache_bank[55]: Access = 953, Miss = 288, Miss_rate = 0.302, Pending_hits = 4, Reservation_fails = 0
L2_cache_bank[56]: Access = 970, Miss = 296, Miss_rate = 0.305, Pending_hits = 7, Reservation_fails = 0
L2_cache_bank[57]: Access = 949, Miss = 288, Miss_rate = 0.303, Pending_hits = 3, Reservation_fails = 0
L2_cache_bank[58]: Access = 969, Miss = 296, Miss_rate = 0.305, Pending_hits = 6, Reservation_fails = 0
L2_cache_bank[59]: Access = 955, Miss = 288, Miss_rate = 0.302, Pending_hits = 4, Reservation_fails = 0
L2_cache_bank[60]: Access = 979, Miss = 297, Miss_rate = 0.303, Pending_hits = 6, Reservation_fails = 136
L2_cache_bank[61]: Access = 953, Miss = 288, Miss_rate = 0.302, Pending_hits = 9, Reservation_fails = 0
L2_cache_bank[62]: Access = 972, Miss = 296, Miss_rate = 0.305, Pending_hits = 7, Reservation_fails = 0
L2_cache_bank[63]: Access = 959, Miss = 288, Miss_rate = 0.300, Pending_hits = 5, Reservation_fails = 0
L2_total_cache_accesses = 61269
L2_total_cache_misses = 18447
L2_total_cache_miss_rate = 0.3011
L2_total_cache_pending_hits = 372
L2_total_cache_reservation_fails = 529
L2_total_cache_breakdown:
	L2_cache_stats_breakdown[GLOBAL_ACC_R][HIT] = 10188
	L2_cache_stats_breakdown[GLOBAL_ACC_R][HIT_RESERVED] = 372
	L2_cache_stats_breakdown[GLOBAL_ACC_R][MISS] = 4489
	L2_cache_stats_breakdown[GLOBAL_ACC_R][RESERVATION_FAIL] = 529
	L2_cache_stats_breakdown[GLOBAL_ACC_R][SECTOR_MISS] = 13446
	L2_cache_stats_breakdown[GLOBAL_ACC_R][MSHR_HIT] = 372
	L2_cache_stats_breakdown[LOCAL_ACC_R][HIT] = 0
	L2_cache_stats_breakdown[LOCAL_ACC_R][HIT_RESERVED] = 0
	L2_cache_stats_breakdown[LOCAL_ACC_R][MISS] = 0
	L2_cache_stats_breakdown[LOCAL_ACC_R][RESERVATION_FAIL] = 0
	L2_cache_stats_breakdown[LOCAL_ACC_R][SECTOR_MISS] = 0
	L2_cache_stats_breakdown[LOCAL_ACC_R][MSHR_HIT] = 0
	L2_cache_stats_breakdown[CONST_ACC_R][HIT] = 0
	L2_cache_stats_breakdown[CONST_ACC_R][HIT_RESERVED] = 0
	L2_cache_stats_breakdown[CONST_ACC_R][MISS] = 0
	L2_cache_stats_breakdown[CONST_ACC_R][RESERVATION_FAIL] = 0
	L2_cache_stats_breakdown[CONST_ACC_R][SECTOR_MISS] = 0
	L2_cache_stats_breakdown[CONST_ACC_R][MSHR_HIT] = 0
	L2_cache_stats_breakdown[TEXTURE_ACC_R][HIT] = 0
	L2_cache_stats_breakdown[TEXTURE_ACC_R][HIT_RESERVED] = 0
	L2_cache_stats_breakdown[TEXTURE_ACC_R][MISS] = 0
	L2_cache_stats_breakdown[TEXTURE_ACC_R][RESERVATION_FAIL] = 0
	L2_cache_stats_breakdown[TEXTURE_ACC_R][SECTOR_MISS] = 0
	L2_cache_stats_breakdown[TEXTURE_ACC_R][MSHR_HIT] = 0
	L2_cache_stats_breakdown[GLOBAL_ACC_W][HIT] = 32262
	L2_cache_stats_breakdown[GLOBAL_ACC_W][HIT_RESERVED] = 0
	L2_cache_stats_breakdown[GLOBAL_ACC_W][MISS] = 128
	L2_cache_stats_breakdown[GLOBAL_ACC_W][RESERVATION_FAIL] = 0
	L2_cache_stats_breakdown[GLOBAL_ACC_W][SECTOR_MISS] = 384
	L2_cache_stats_breakdown[GLOBAL_ACC_W][MSHR_HIT] = 0
	L2_cache_stats_breakdown[LOCAL_ACC_W][HIT] = 0
	L2_cache_stats_breakdown[LOCAL_ACC_W][HIT_RESERVED] = 0
	L2_cache_stats_breakdown[LOCAL_ACC_W][MISS] = 0
	L2_cache_stats_breakdown[LOCAL_ACC_W][RESERVATION_FAIL] = 0
	L2_cache_stats_breakdown[LOCAL_ACC_W][SECTOR_MISS] = 0
	L2_cache_stats_breakdown[LOCAL_ACC_W][MSHR_HIT] = 0
	L2_cache_stats_breakdown[L1_WRBK_ACC][HIT] = 0
	L2_cache_stats_breakdown[L1_WRBK_ACC][HIT_RESERVED] = 0
	L2_cache_stats_breakdown[L1_WRBK_ACC][MISS] = 0
	L2_cache_stats_breakdown[L1_WRBK_ACC][RESERVATION_FAIL] = 0
	L2_cache_stats_breakdown[L1_WRBK_ACC][SECTOR_MISS] = 0
	L2_cache_stats_breakdown[L1_WRBK_ACC][MSHR_HIT] = 0
	L2_cache_stats_breakdown[L2_WRBK_ACC][HIT] = 0
	L2_cache_stats_breakdown[L2_WRBK_ACC][HIT_RESERVED] = 0
	L2_cache_stats_breakdown[L2_WRBK_ACC][MISS] = 0
	L2_cache_stats_breakdown[L2_WRBK_ACC][RESERVATION_FAIL] = 0
	L2_cache_stats_breakdown[L2_WRBK_ACC][SECTOR_MISS] = 0
	L2_cache_stats_breakdown[L2_WRBK_ACC][MSHR_HIT] = 0
	L2_cache_stats_breakdown[INST_ACC_R][HIT] = 0
	L2_cache_stats_breakdown[INST_ACC_R][HIT_RESERVED] = 0
	L2_cache_stats_breakdown[INST_ACC_R][MISS] = 0
	L2_cache_stats_breakdown[INST_ACC_R][RESERVATION_FAIL] = 0
	L2_cache_stats_breakdown[INST_ACC_R][SECTOR_MISS] = 0
	L2_cache_stats_breakdown[INST_ACC_R][MSHR_HIT] = 0
	L2_cache_stats_breakdown[L1_WR_ALLOC_R][HIT] = 0
	L2_cache_stats_breakdown[L1_WR_ALLOC_R][HIT_RESERVED] = 0
	L2_cache_stats_breakdown[L1_WR_ALLOC_R][MISS] = 0
	L2_cache_stats_breakdown[L1_WR_ALLOC_R][RESERVATION_FAIL] = 0
	L2_cache_stats_breakdown[L1_WR_ALLOC_R][SECTOR_MISS] = 0
	L2_cache_stats_breakdown[L1_WR_ALLOC_R][MSHR_HIT] = 0
	L2_cache_stats_breakdown[L2_WR_ALLOC_R][HIT] = 0
	L2_cache_stats_breakdown[L2_WR_ALLOC_R][HIT_RESERVED] = 0
	L2_cache_stats_breakdown[L2_WR_ALLOC_R][MISS] = 0
	L2_cache_stats_breakdown[L2_WR_ALLOC_R][RESERVATION_FAIL] = 0
	L2_cache_stats_breakdown[L2_WR_ALLOC_R][SECTOR_MISS] = 0
	L2_cache_stats_breakdown[L2_WR_ALLOC_R][MSHR_HIT] = 0
	L2_cache_stats_breakdown[GLOBAL_ACC_R][TOTAL_ACCESS] = 28495
	L2_cache_stats_breakdown[GLOBAL_ACC_W][TOTAL_ACCESS] = 32774
L2_total_cache_reservation_fail_breakdown:
	L2_cache_stats_fail_breakdown[GLOBAL_ACC_R][MSHR_MERGE_ENRTY_FAIL] = 529
L2_cache_data_port_util = 0.045
L2_cache_fill_port_util = 0.019

icnt_total_pkts_mem_to_simt=61269
icnt_total_pkts_simt_to_mem=61269
LD_mem_lat_dist  0 0 0 0 0 0 0 0 0 0 0 0 0 0 0 0 0 0 0 0 0 0 0 0 0 0 0
ST_mem_lat_dist  0 0 0 0 0 0 0 0 0 0 0 0 0 0 0 0 0 0 0 0 0 0 0 0 0 0 0
----------------------------Interconnect-DETAILS--------------------------------
Req_Network_injected_packets_num = 61269
Req_Network_cycles = 14903
Req_Network_injected_packets_per_cycle =       4.1112 
Req_Network_conflicts_per_cycle =       2.9781
Req_Network_conflicts_per_cycle_util =      13.1269
Req_Bank_Level_Parallism =      18.1216
Req_Network_in_buffer_full_per_cycle =       0.0000
Req_Network_in_buffer_avg_util =       1.7887
Req_Network_out_buffer_full_per_cycle =       0.0000
Req_Network_out_buffer_avg_util =       0.0807

Reply_Network_injected_packets_num = 61269
Reply_Network_cycles = 14903
Reply_Network_injected_packets_per_cycle =        4.1112
Reply_Network_conflicts_per_cycle =        4.0619
Reply_Network_conflicts_per_cycle_util =      17.8517
Reply_Bank_Level_Parallism =      18.0681
Reply_Network_in_buffer_full_per_cycle =       0.0000
Reply_Network_in_buffer_avg_util =       2.5960
Reply_Network_out_buffer_full_per_cycle =       0.0000
Reply_Network_out_buffer_avg_util =       0.0514
----------------------------END-of-Interconnect-DETAILS-------------------------


gpgpu_simulation_time = 0 days, 0 hrs, 0 min, 11 sec (11 sec)
gpgpu_simulation_rate = 844552 (inst/sec)
gpgpu_simulation_rate = 1354 (cycle/sec)
gpgpu_silicon_slowdown = 836041x
GPGPU-Sim: *** simulation thread exiting ***
GPGPU-Sim: *** exit detected ***
wall_seconds=10.932 user_seconds=10.476 sys_seconds=0.508
