make: Entering directory '/workspace/MLX_dev/third_party/dsa-framework/dsa-riscv-ext'
mkdir -p /workspace/MLX_dev/third_party/dsa-framework/ss-tools/include/dsa-ext/
ln -sf `git rev-parse --show-toplevel`/dsaintrin.h /workspace/MLX_dev/third_party/dsa-framework/ss-tools/include/ss_insts.h
ln -sf `git rev-parse --show-toplevel`/dsaintrin.h /workspace/MLX_dev/third_party/dsa-framework/ss-tools/include/dsaintrin.h
ln -sf `git rev-parse --show-toplevel`/intrin_impl.h /workspace/MLX_dev/third_party/dsa-framework/ss-tools/include/intrin_impl.h
ln -sf `git rev-parse --show-toplevel`/spec.h /workspace/MLX_dev/third_party/dsa-framework/ss-tools/include/dsa-ext/spec.h
ln -sf `git rev-parse --show-toplevel`/spec.attr /workspace/MLX_dev/third_party/dsa-framework/ss-tools/include/dsa-ext/spec.attr
ln -sf `git rev-parse --show-toplevel`/rf.h /workspace/MLX_dev/third_party/dsa-framework/ss-tools/include/dsa-ext/rf.h
ln -sf `git rev-parse --show-toplevel`/rf.def /workspace/MLX_dev/third_party/dsa-framework/ss-tools/include/dsa-ext/rf.def
make: Leaving directory '/workspace/MLX_dev/third_party/dsa-framework/dsa-riscv-ext'
make: Entering directory '/workspace/MLX_dev/third_party/dsa-framework/dsa-scheduler'
wget -O libtorch.zip https://download.pytorch.org/libtorch/cpu/libtorch-cxx11-abi-static-with-deps-1.11.0%2Bcpu.zip
mkdir -p 3rd-party/jsoncpp/build && cd 3rd-party/jsoncpp/build && \
cmake .. -DCMAKE_INSTALL_PREFIX=/workspace/MLX_dev/third_party/dsa-framework/ss-tools  && make install -j
--2026-08-17 12:12:30--  https://download.pytorch.org/libtorch/cpu/libtorch-cxx11-abi-static-with-deps-1.11.0%2Bcpu.zip
Resolving download.pytorch.org (download.pytorch.org)... 198.18.0.135
Connecting to download.pytorch.org (download.pytorch.org)|198.18.0.135|:443... connected.
-- The CXX compiler identification is GNU 11.4.0
-- Detecting CXX compiler ABI info
-- Detecting CXX compiler ABI info - done
-- Check for working CXX compiler: /usr/bin/c++ - skipped
-- Detecting CXX compile features
-- Detecting CXX compile features - done
-- JsonCpp Version: 1.9.4
-- Looking for C++ include clocale
HTTP request sent, awaiting response... -- Looking for C++ include clocale - found
-- Looking for localeconv
301 new download.pytorch.org mirror
Location: https://download-r2.pytorch.org/libtorch/cpu/libtorch-cxx11-abi-static-with-deps-1.11.0%2Bcpu.zip [following]
--2026-08-17 12:12:31--  https://download-r2.pytorch.org/libtorch/cpu/libtorch-cxx11-abi-static-with-deps-1.11.0%2Bcpu.zip
Resolving download-r2.pytorch.org (download-r2.pytorch.org)... 198.18.0.136
Connecting to download-r2.pytorch.org (download-r2.pytorch.org)|198.18.0.136|:443... connected.
-- Looking for localeconv - found
-- Looking for C++ include sys/types.h
-- Looking for C++ include sys/types.h - found
-- Looking for C++ include stdint.h
-- Looking for C++ include stdint.h - found
-- Looking for C++ include stddef.h
HTTP request sent, awaiting response... -- Looking for C++ include stddef.h - found
-- Check size of lconv
-- Check size of lconv - done
-- Performing Test HAVE_DECIMAL_POINT
-- Performing Test HAVE_DECIMAL_POINT - Success
200 OK
Length: 169027626 (161M)
Saving to: ‘libtorch.zip’

     0K .......... .......... .......... .......... ..........  0%  592K 4m39s
    50K .......... .......... .......... .......... ..........  0%  533K 4m54s
   100K .......... .......... .......... .......... ..........  0% 44.0M 3m17s
   150K .......... .......... .......... .......... ..........  0% 90.1M 2m28s
   200K .......... .......... .......... .......... ..........  0% 2.17M 2m13s
   250K ......-- Found Python3: /usr/bin/python3.10 (found version "3.10.12") found components: Interpreter 
-- Configuring done
.... .......... .......... .......... ..........  0%  842K 2m24s
   300K .......... .......... .......... .......... ..........  0% 4.33M 2m8s
   350K .......... .......... .......... .......... ..........  0% 3.43M 1m58s
   400K .......... .......... .......... ..-- Generating done
........ ..........  0% 3.76M 1m50s
   450K .......... .......... ..........-- Build files have been written to: /workspace/MLX_dev/third_party/dsa-framework/dsa-scheduler/3rd-party/jsoncpp/build
make[1]: Entering directory '/workspace/MLX_dev/third_party/dsa-framework/dsa-scheduler/3rd-party/jsoncpp/build'
make[1]: warning: -j0 forced in submake: resetting jobserver mode.
 .......... ..........  0% 2.34M 1m46s
   500K .......... .......... .......... .......... ..........  0% 34.9M 96s
   550K .......... .......... .......... .......... ..make[2]: Entering directory '/workspace/MLX_dev/third_party/dsa-framework/dsa-scheduler/3rd-party/jsoncpp/build'
make[3]: Entering directory '/workspace/MLX_dev/third_party/dsa-framework/dsa-scheduler/3rd-party/jsoncpp/build'
make[3]: Entering directory '/workspace/MLX_dev/third_party/dsa-framework/dsa-scheduler/3rd-party/jsoncpp/build'
make[3]: Entering directory '/workspace/MLX_dev/third_party/dsa-framework/dsa-scheduler/3rd-party/jsoncpp/build'
make[3]: Leaving directory '/workspace/MLX_dev/third_party/dsa-framework/dsa-scheduler/3rd-party/jsoncpp/build'
make[3]: Leaving directory '/workspace/MLX_dev/third_party/dsa-framework/dsa-scheduler/3rd-party/jsoncpp/build'
make[3]: Leaving directory '/workspace/MLX_dev/third_party/dsa-framework/dsa-scheduler/3rd-party/jsoncpp/build'
........  0% 1.41M 98s
   600K .......... .......... ....make[3]: Entering directory '/workspace/MLX_dev/third_party/dsa-framework/dsa-scheduler/3rd-party/jsoncpp/build'
...... .......... ..........  0% 78.6M 90s
   650K .......... .......... ..make[3]: Entering directory '/workspace/MLX_dev/third_party/dsa-framework/dsa-scheduler/3rd-party/jsoncpp/build'
........ ........make[3]: Entering directory '/workspace/MLX_dev/third_party/dsa-framework/dsa-scheduler/3rd-party/jsoncpp/build'
.. ..........  0% 5.31M 86s
   700K .......... .......... .......... .......... ..........  0% 79.7M 81s
   750K .......... .......... .......... ....[  5%] Building CXX object src/lib_json/CMakeFiles/jsoncpp_static.dir/json_reader.cpp.o
[ 11%] Building CXX object src/lib_json/CMakeFiles/jsoncpp_object.dir/json_reader.cpp.o
[ 41%] Building CXX object src/lib_json/CMakeFiles/jsoncpp_lib.dir/json_writer.cpp.o
[ 41%] Building CXX object src/lib_json/CMakeFiles/jsoncpp_lib.dir/json_value.cpp.o
[ 41%] Building CXX object src/lib_json/CMakeFiles/jsoncpp_static.dir/json_writer.cpp.o
[ 41%] Building CXX object src/lib_json/CMakeFiles/jsoncpp_static.dir/json_value.cpp.o
[ 41%] Building CXX object src/lib_json/CMakeFiles/jsoncpp_lib.dir/json_reader.cpp.o
[ 47%] Building CXX object src/lib_json/CMakeFiles/jsoncpp_object.dir/json_value.cpp.o
[ 52%] Building CXX object src/lib_json/CMakeFiles/jsoncpp_object.dir/json_writer.cpp.o
...... ..........  0% 1.48M 82s
   800K .......... .......... .......... .......... ..........  0% 12.2M 78s
   850K .......... .......... .......... .......... ..........  0% 52.8M 74s
   900K .......... .......... .......... .......... ..........  0% 3.84M 72s
   950K .......... .......... .......... .......... ..........  0% 8.68M 70s
  1000K .......... .......... .......... .......... ..........  0% 12.1M 67s
  1050K .......... .......... .......... .......... ..........  0% 12.4M 64s
  1100K .......... .......... .......... .......... ..........  0% 31.7M 62s
  1150K .......... .......... .......... .......... ..........  0% 4.25M 61s
  1200K .......... .......... .......... .......... ..........  0% 14.5M 59s
  1250K .......... .......... .......... .......... ..........  0% 7.75M 57s
  1300K .......... .......... .......... .......... ..........  0% 13.9M 56s
  1350K .......... .......... .......... .......... ..........  0% 43.6M 54s
  1400K .......... .......... .......... .......... ..........  0% 5.54M 53s
  1450K .......... .......... .......... .......... ..........  0% 22.6M 51s
  1500K .......... .......... .......... .......... ..........  0% 16.6M 50s
  1550K .......... .......... .......... .......... ..........  0% 36.4M 48s
  1600K .......... .......... .......... .......... ..........  0% 1016K 52s
  1650K .......... .......... .......... .......... ..........  1% 82.2M 50s
  1700K .......... .......... .......... .......... ..........  1% 78.8M 49s
  1750K .......... .......... .......... .......... ..........  1% 77.8M 48s
  1800K .......... .......... .......... .......... ..........  1% 11.9M 47s
  1850K .......... .......... .......... .......... ..........  1% 26.9M 46s
  1900K .......... .......... .......... .......... ..........  1% 15.3M 45s
  1950K .......... .......... .......... .......... ..........  1% 64.8M 44s
  2000K .......... .......... .......... .......... ..........  1% 23.2M 43s
  2050K .......... .......... .......... .......... ..........  1% 8.40M 42s
  2100K .......... .......... .......... .......... ..........  1% 62.6M 41s
  2150K .......... .......... .......... .......... ..........  1% 47.4M 40s
  2200K .......... .......... .......... .......... ..........  1% 20.4M 40s
  2250K .......... .......... .......... .......... ..........  1% 81.6M 39s
  2300K .......... .......... .......... .......... ..........  1% 10.3M 38s
  2350K .......... .......... .......... .......... ..........  1% 74.0M 38s
  2400K .......... .......... .......... .......... ..........  1% 13.2M 37s
  2450K .......... .......... .......... .......... ..........  1% 63.2M 36s
  2500K .......... .......... .......... .......... ..........  1% 13.5M 36s
  2550K .......... .......... .......... .......... ..........  1% 31.0M 35s
  2600K .......... .......... .......... .......... ..........  1% 19.8M 35s
  2650K .......... .......... .......... .......... ..........  1%  734K 38s
  2700K .......... .......... .......... .......... ..........  1%  983K 40s
  2750K .......... .......... .......... .......... ..........  1% 2.24M 41s
  2800K .......... .......... .......... .......... ..........  1% 2.59M 41s
  2850K .......... .......... .......... .......... ..........  1% 20.0M 41s
  2900K .......... .......... .......... .......... ..........  1% 1.83M 41s
  2950K .......... .......... .......... .......... ..........  1% 3.01M 42s
  3000K .......... .......... .......... .......... ..........  1% 10.0M 41s
  3050K .......... .......... .......... .......... ..........  1% 15.8M 41s
  3100K .......... .......... .......... .......... ..........  1%  128M 40s
  3150K .......... .......... .......... .......... ..........  1% 2.03M 41s/workspace/MLX_dev/third_party/dsa-framework/dsa-scheduler/3rd-party/jsoncpp/src/lib_json/json_reader.cpp:755:34: warning: ‘Reader’ is deprecated: Use CharReader and CharReaderBuilder instead. [-Wdeprecated-declarations]
  755 | Reader::Char Reader::getNextChar() {
      |                                  ^
In file included from /workspace/MLX_dev/third_party/dsa-framework/dsa-scheduler/3rd-party/jsoncpp/src/lib_json/json_reader.cpp:10:
/workspace/MLX_dev/third_party/dsa-framework/dsa-scheduler/3rd-party/jsoncpp/include/json/reader.h:37:63: note: declared here
   37 |     "Use CharReader and CharReaderBuilder instead.") JSON_API Reader {
      |                                                               ^~~~~~
/workspace/MLX_dev/third_party/dsa-framework/dsa-scheduler/3rd-party/jsoncpp/src/lib_json/json_reader.cpp:809:21: warning: ‘Reader’ is deprecated: Use CharReader and CharReaderBuilder instead. [-Wdeprecated-declarations]
  809 | std::vector<Reader::StructuredError> Reader::getStructuredErrors() const {
      |                     ^~~~~~~~~~~~~~~
In file included from /workspace/MLX_dev/third_party/dsa-framework/dsa-scheduler/3rd-party/jsoncpp/src/lib_json/json_reader.cpp:10:
/workspace/MLX_dev/third_party/dsa-framework/dsa-scheduler/3rd-party/jsoncpp/include/json/reader.h:37:63: note: declared here
   37 |     "Use CharReader and CharReaderBuilder instead.") JSON_API Reader {
      |                                                               ^~~~~~
/workspace/MLX_dev/third_party/dsa-framework/dsa-scheduler/3rd-party/jsoncpp/src/lib_json/json_reader.cpp:755:34: warning: ‘Reader’ is deprecated: Use CharReader and CharReaderBuilder instead. [-Wdeprecated-declarations]
  755 | Reader::Char Reader::getNextChar() {
      |                                  ^
In file included from /workspace/MLX_dev/third_party/dsa-framework/dsa-scheduler/3rd-party/jsoncpp/src/lib_json/json_reader.cpp:10:
/workspace/MLX_dev/third_party/dsa-framework/dsa-scheduler/3rd-party/jsoncpp/include/json/reader.h:37:63: note: declared here
   37 |     "Use CharReader and CharReaderBuilder instead.") JSON_API Reader {
      |                                                               ^~~~~~
/workspace/MLX_dev/third_party/dsa-framework/dsa-scheduler/3rd-party/jsoncpp/src/lib_json/json_reader.cpp:809:21: warning: ‘Reader’ is deprecated: Use CharReader and CharReaderBuilder instead. [-Wdeprecated-declarations]
  809 | std::vector<Reader::StructuredError> Reader::getStructuredErrors() const {
      |                     ^~~~~~~~~~~~~~~
In file included from /workspace/MLX_dev/third_party/dsa-framework/dsa-scheduler/3rd-party/jsoncpp/src/lib_json/json_reader.cpp:10:
/workspace/MLX_dev/third_party/dsa-framework/dsa-scheduler/3rd-party/jsoncpp/include/json/reader.h:37:63: note: declared here
   37 |     "Use CharReader and CharReaderBuilder instead.") JSON_API Reader {
      |                                                               ^~~~~~

  3200K .......... .......... .......... .......... ..........  1% 1.02M 42s
  3250K .......... .......... .......... .......... ..........  1%  125M 42s
  3300K .......... .......... .......... .......... ..........  2% 71.1M 41s
  3350K .......... .......... .......... .......... ..........  2%  116M 41s
  3400K .......... .......... ..../workspace/MLX_dev/third_party/dsa-framework/dsa-scheduler/3rd-party/jsoncpp/src/lib_json/json_reader.cpp:755:34: warning: ‘Reader’ is deprecated: Use CharReader and CharReaderBuilder instead. [-Wdeprecated-declarations]
  755 | Reader::Char Reader::getNextChar() {
      |                                  ^
In file included from /workspace/MLX_dev/third_party/dsa-framework/dsa-scheduler/3rd-party/jsoncpp/src/lib_json/json_reader.cpp:10:
/workspace/MLX_dev/third_party/dsa-framework/dsa-scheduler/3rd-party/jsoncpp/include/json/reader.h:37:63: note: declared here
   37 |     "Use CharReader and CharReaderBuilder instead.") JSON_API Reader {
      |                                                               ^~~~~~
/workspace/MLX_dev/third_party/dsa-framework/dsa-scheduler/3rd-party/jsoncpp/src/lib_json/json_reader.cpp:809:21: warning: ‘Reader’ is deprecated: Use CharReader and CharReaderBuilder instead. [-Wdeprecated-declarations]
  809 | std::vector<Reader::StructuredError> Reader::getStructuredErrors() const {
      |                     ^~~~~~~~~~~~~~~
In file included from /workspace/MLX_dev/third_party/dsa-framework/dsa-scheduler/3rd-party/jsoncpp/src/lib_json/json_reader.cpp:10:
/workspace/MLX_dev/third_party/dsa-framework/dsa-scheduler/3rd-party/jsoncpp/include/json/reader.h:37:63: note: declared here
   37 |     "Use CharReader and CharReaderBuilder instead.") JSON_API Reader {
      |                                                               ^~~~~~
...... .......... ..........  2% 1.67M 41s
  3450K .......... .......... .......... .......... ..........  2% 72.2M 41s
  3500K .......... .......... .......... .......... ..........  2% 62.4M 40s
  3550K .......... .......... .......... .......... ..........  2% 39.0M 40s
  3600K .......... .......... .......... .......... ..........  2% 75.9M 39s
  3650K .......... .......... .......... .......... ..........  2% 36.0M 39s
  3700K .......... .......... .......... .......... ..........  2% 63.8M 38s
  3750K .......... .......... .......... .......... ..........  2% 64.1M 38s
  3800K .......... .......... .......... .......... ..........  2% 79.5M 37s
  3850K .......... .......... .......... .......... ..........  2% 29.6M 37s
  3900K .......... .......... .......... .......... ..........  2% 73.3M 36s
  3950K .......... .......... .......... .......... ..........  2% 28.9M 36s
  4000K .......... .......... .......... .......... ..........  2% 54.6M 36s
  4050K .......... .......... .......... .......... ..........  2% 58.0M 35s
  4100K .......... .......... .......... .......... ..........  2% 9.08M 35s
  4150K .......... .......... .......... .......... ..........  2%  114M 34s
  4200K .......... .......... .......... .......... ..........  2% 4.80M 34s
  4250K .......... .......... .......... .......... ..........  2%  886K 36s
  4300K .......... .......... .......... .......... ..........  2%  116M 36s
  4350K .......... .......... .......... .......... ..........  2%  119M 35s
  4400K .......... .......... .......... .......... ..........  2% 43.7M 35s
  4450K .......... .......... .......... .......... ..........  2%  121M 35s
  4500K .......... .......... .......... .......... ..........  2%  125M 34s
  4550K .......... .......... .......... .......... ..........  2%  125M 34s
  4600K .......... .......... .......... .......... ..........  2% 50.6M 33s
  4650K .......... .......... .......... .......... ..........  2%  117M 33s
  4700K .......... .......... .......... .......... ..........  2%  114M 33s
  4750K .......... .......... .......... .......... ..........  2%  108M 32s
  4800K .......... .......... .......... .......... ..........  2% 58.6M 32s
  4850K .......... .......... .......... .......... ..........  2%  101M 32s
  4900K .......... .......... .......... .......... ..........  2% 47.1M 32s
  4950K .......... .......... .......... .......... ..........  3% 52.5M 31s
  5000K .......... .......... .......... .......... ..........  3% 41.8M 31s
  5050K .......... .......... .......... .......... ..........  3% 2.40M 31s
  5100K .......... .......... .......... .......... ..........  3%  103M 31s
  5150K .......... .......... .......... .......... ..........  3% 7.22M 31s
  5200K .......... .......... .......... .......... ..........  3% 24.1M 31s
  5250K .......... .......... .......... .......... ..........  3% 9.84M 30s
  5300K .......... .......... .......... .......... ..........  3%  117M 30s
  5350K .......... .......... .......... .......... ..........  3% 12.3M 30s
  5400K .......... .......... .......... .......... ..........  3% 46.6M 30s
  5450K .......... .......... .......... .......... ..........  3% 6.43M 30s
  5500K .......... .......... .......... .......... ..........  3%  120M 29s
  5550K .......... .......... .......... .......... ..........  3% 6.20M 29s
  5600K .......... .......... .......... .......... ..........  3% 95.7M 29s
  5650K .......... .......... .......... .......... ..........  3%  117M 29s
  5700K .......... .......... .......... .......... ..........  3%  852K 30s
  5750K .......... .......... .......... .......... ..........  3% 97.5M 30s
  5800K .......... .......... .......... .......... ..........  3%  101M 30s
  5850K .......... .......... .......... .......... ..........  3%  128M 29s
  5900K .......... .......... .......... .......... ..........  3% 51.3M 29s
  5950K .......... .......... .......... .......... ..........  3%  112M 29s
  6000K .......... .......... .......... .......... ..........  3%  109M 29s
  6050K .......... .......... .......... .......... ..........  3%  131M 29s
  6100K .......... .......... .......... .......... ..........  3%  115M 28s
  6150K .......... .......... .......... .......... ..........  3% 1.40M 29s
  6200K .......... .......... .......... .......... ..........  3% 87.6M 29s
  6250K .......... .......... .......... .......... ..........  3% 94.1M 29s
  6300K .......... .......... .......... .......... ..........  3% 91.8M 28s
  6350K .......... .......... .......... .......... ..........  3% 78.2M 28s
  6400K .......... .......... .......... .......... ..........  3% 75.6M 28s
  6450K .......... .......... .......... .......... ..........  3% 96.4M 28s
  6500K .......... .......... .......... .......... ..........  3%  101M 27s
  6550K .......... .......... .......... .......... ..........  3% 81.8M 27s
  6600K .......... .......... .......... .......... ..........  4% 80.3M 27s
  6650K .......... .......... .......... .......... ..........  4%  129M 27s
  6700K .......... .......... .......... .......... ..........  4%  118M 27s
  6750K .......... .......... .......... .......... ..........  4%  131M 26s
  6800K .......... .......... .......... .......... ..........  4% 5.05M 26s
  6850K .......... .......... .......... .......... ..........  4% 17.0M 26s
  6900K .......... .......... .......... .......... ..........  4% 23.5M 26s
  6950K .......... .......... .......... .......... ..........  4% 7.12M 26s
  7000K .......... .......... .......... .......... ..........  4%  110M 26s
  7050K .......... .......... .......... .......... ..........  4% 5.66M 26s
  7100K .......... .......... .......... .......... ..........  4% 31.3M 26s
  7150K .......... .......... .......... .......... ..........  4% 13.2M 26s
  7200K .......... .......... .......... .......... ..........  4% 5.60M 26s
  7250K .......... .......... .......... .......... ..........  4%  106M 26s
  7300K .......... .......... .......... .......... ..........  4%  105M 25s
  7350K .......... .......... .......... .......... ..........  4% 4.63M 25s
  7400K .......... .......... .......... .......... ..........  4% 7.41M 25s
  7450K .......... .......... .......... .......... ..........  4% 12.2M 25s
  7500K .......... .......... .......... .......... ..........  4% 78.8M 25s
  7550K .......... .......... .......... .......... ..........  4% 7.10M 25s
  7600K .......... .......... .......... .......... ..........  4% 7.28M 25s
  7650K .......... .......... .......... .......... ..........  4%  121M 25s
  7700K .......... .......... .......... .......... ..........  4% 6.11M 25s
  7750K .......... .......... .......... .......... ..........  4% 7.23M 25s
  7800K .......... .......... .......... .......... ..........  4% 73.9M 25s
  7850K .......... .......... .......... .......... ..........  4% 92.1M 25s
  7900K .......... .......... .......... .......... ..........  4% 79.2M 24s
  7950K .......... .......... .......... .......... ..........  4% 3.87M 24s
  8000K .......... .......... .......... .......... ..........  4% 6.13M 24s
  8050K .......... .......... .......... .......... ..........  4% 14.6M 24s
  8100K .......... .......... .......... .......... ..........  4% 12.0M 24s
  8150K .......... .......... .......... .......... ..........  4% 92.3M 24s
  8200K .......... .......... .......... .......... ..........  4% 4.77M 24s
  8250K .......... .......... .......... .......... ..........  5%  113M 24s
  8300K .......... .......... .......... .......... ..........  5% 6.91M 24s
  8350K .......... .......... .......... .......... ..........  5%  112M 24s
  8400K .......... .......... .......... .......... ..........  5% 6.32M 24s
  8450K .......... .......... .......... .......... ..........  5%  109M 24s
  8500K .......... .......... .......... .......... ..........  5%  110M 24s
  8550K .......... .......... .......... .......... ..........  5% 3.53M 24s
  8600K .......... .......... .......... .......... ..........  5% 6.17M 24s
  8650K .......... .......... .......... .......... ..........  5% 17.7M 24s
  8700K .......... .......... .......... .......... ..........  5% 8.86M 24s
  8750K .......... .......... .......... .......... ..........  5% 6.48M 24s
  8800K .......... .......... .......... .......... ..........  5% 9.85M 24s
  8850K .......... .......... .......... .......... ..........  5%  126M 23s
  8900K .......... .......... .......... .......... ..........  5%  133M 23s
  8950K .......... .......... .......... .......... ..........  5% 3.07M 23s
  9000K .......... .......... .......... .......... ..........  5% 94.4M 23s
  9050K .......... .......... .......... .......... ..........  5% 8.15M 23s
  9100K .......... .......... .......... .......... ..........  5% 14.3M 23s
  9150K .......... .......... .......... .......... ..........  5% 47.7M 23s
  9200K .......... .......... .......... .......... ..........  5% 6.47M 23s
  9250K .......... .......... .......... .......... ..........  5%  133M 23s
  9300K .......... .......... .......... .......... ..........  5%  114M 23s
  9350K .......... .......... .......... .......... ..........  5% 6.71M 23s
  9400K .......... .......... .......... .......... ..........  5% 9.40M 23s
  9450K .......... .......... .......... .......... ..........  5% 22.6M 23s
  9500K .......... .......... .......... .......... ..........  5% 8.20M 23s
  9550K .......... .......... .......... .......... ..........  5% 16.4M 23s
  9600K .......... .......... .......... .......... ..........  5% 7.48M 23s
  9650K .......... .......... .......... .......... ..........  5% 24.4M 22s
  9700K .......... .......... .......... .......... ..........  5% 12.4M 22s
  9750K .......... .......... .......... .......... ..........  5% 7.18M 22s
  9800K .......... .......... .......... .......... ..........  5% 16.9M 22s
  9850K .......... .......... .......... .......... ..........  5% 17.7M 22s
  9900K .......... .......... .......... .......... ..........  6% 13.5M 22s
  9950K .......... .......... .......... .......... ..........  6% 10.2M 22s
 10000K .......... .......... .......... .......... ..........  6% 4.62M 22s
 10050K .......... .......... .......... .......... ..........  6% 91.9M 22s
 10100K .......... .......... .......... .......... ..........  6%  109M 22s
 10150K .......... .......... .......... .......... ..........  6% 88.7M 22s
 10200K .......... .......... .......... .......... ..........  6% 2.91M 22s
 10250K .......... .......... .......... .......... ..........  6% 16.6M 22s
 10300K .......... .......... .......... .......... ..........  6% 8.21M 22s
 10350K .......... .......... .......... .......... ..........  6%  106M 22s
 10400K .......... .......... .......... .......... ..........  6% 89.4M 22s
 10450K .......... .......... .......... .......... ..........  6% 3.94M 22s
 10500K .......... .......... .......... .......... ..........  6% 12.2M 22s
 10550K .......... .......... .......... .......... ..........  6%  102M 22s
 10600K .......... .......... .......... .......... ..........  6% 6.49M 22s
 10650K .......... .......... .......... .......... ..........  6% 12.5M 22s
 10700K .......... .......... .......... .......... ..........  6%  123M 21s
 10750K .......... .......... .......... .......... ..........  6% 3.86M 22s
 10800K .......... .......... .......... .......... ..........  6% 7.53M 21s
 10850K .......... .......... .......... .......... ..........  6% 91.1M 21s
 10900K .......... .......... .......... .......... ..........  6%  128M 21s
 10950K .......... .......... .......... .......... ..........  6% 5.32M 21s
 11000K .......... .......... .......... .......... ..........  6% 9.05M 21s
 11050K .......... .......... .......... .......... ..........  6% 10.4M 21s
 11100K .......... .......... .......... .......... ..........  6% 98.1M 21s
 11150K .......... .......... .......... .......... ..........  6% 7.43M 21s
 11200K .......... .......... .......... .......... ..........  6% 8.50M 21s
 11250K .......... .......... .......... .......... ..........  6% 14.2M 21s
 11300K .......... .......... .......... .......... ..........  6% 7.82M 21s
 11350K .......... .......... .......... .......... ..........  6%  124M 21s
 11400K .......... .......... .......... .......... ..........  6%  116M 21s
 11450K .......... .......... .......... .......... ..........  6%  110M 21s
 11500K .......... .......... .......... .......... ..........  6% 50.9M 21s
 11550K .......... .......... .......... .......... ..........  7% 2.33M 21s
 11600K .......... .......... .......... .......... ..........  7% 12.8M 21s
 11650K .......... .......... .......... .......... ..........  7% 17.3M 21s
 11700K .......... .......... .......... .......... ..........  7% 9.31M 21s
 11750K .......... .......... .......... .......... ..........  7%  108M 21s
 11800K .......... .......... .......... .......... ..........  7% 5.87M 21s
 11850K .......... .......... .......... .......... ..........  7% 7.97M 21s
 11900K .......... .......... .......... .......... ..........  7%  110M 21s
 11950K .......... .......... .......... .......... ..........  7% 7.44M 21s
 12000K .......... .......... .......... .......... ..........  7% 97.0M 20s
 12050K .......... .......... .......... .......... ..........  7% 6.00M 20s
 12100K .......... .......... .......... .......... ..........  7% 8.26M 20s
 12150K .......... .......... .......... .......... ..........  7%  115M 20s
 12200K .......... .......... .......... .......... ..........  7% 6.40M 20s
 12250K .......... .......... .......... .......... ..........  7%  119M 20s
 12300K .......... .......... .......... .......... ..........  7% 5.32M 20s
 12350K .......... .......... .......... .......... ..........  7% 15.6M 20s
 12400K .......... .......... .......... .......... ..........  7% 12.8M 20s
 12450K .......... .......... .......... .......... ..........  7% 11.2M 20s
 12500K .......... .......... .......... .......... ..........  7% 5.45M 20s
 12550K .......... .......... .......... .......... ..........  7% 14.9M 20s
 12600K .......... .......... .......... .......... ..........  7% 99.7M 20s
 12650K .......... .......... .......... .......... ..........  7% 3.70M 20s
 12700K .......... .......... .......... .......... ..........  7% 7.08M 20s
 12750K .......... .......... .......... .......... ..........  7% 11.3M 20s
 12800K .......... .......... .......... .......... ..........  7% 13.7M 20s
 12850K .......... .......... .......... .......... ..........  7% 7.50M 20s
 12900K .......... .......... .......... .......... ..........  7% 11.4M 20s
 12950K .......... .......... .......... .......... ..........  7% 22.8M 20s
 13000K .......... .......... .......... .......... ..........  7% 14.8M 20s
 13050K .......... .......... .......... .......... ..........  7% 24.3M 20s
 13100K .......... .......... .......... .......... ..........  7% 13.1M 20s
 13150K .......... .......... .......... .......... ..........  7% 86.5M 20s
 13200K .......... .......... .......... .......... ..........  8%  102M 20s
 13250K .......... .......... .......... .......... ..........  8% 4.53M 20s
 13300K .......... .......... .......... .......... ..........  8% 78.2M 20s
 13350K .......... .......... .......... .......... ..........  8% 7.44M 20s
 13400K .......... .......... .......... .......... ..........  8% 88.9M 20s
 13450K .......... .......... .......... .......... ..........  8% 5.53M 20s
 13500K .......... .......... .......... .......... ..........  8% 10.8M 20s
 13550K .......... .......... .......... .......... ..........  8% 13.5M 20s
 13600K .......... .......... .......... .......... ..........  8%  113M 19s
 13650K .......... .......... .......... .......... ..........  8% 73.7M 19s
 13700K .......... .......... .......... .......... ..........  8%  115M 19s
 13750K .......... .......... .......... .......... ..........  8%  126M 19s
 13800K .......... .......... .......... .......... ..........  8% 40.1M 19s
 13850K .......... .......... .......... .......... ..........  8% 1.96M 19s
 13900K .......... .......... .......... .......... ..........  8% 86.9M 19s
 13950K .......... .......... .......... .......... ..........  8% 5.73M 19s
 14000K .......... .......... .......... .......... ..........  8% 15.3M 19s
 14050K .......... .......... .......... .......... ..........  8%  111M 19s
 14100K .......... .......... .......... .......... ..........  8% 90.0M 19s
 14150K .......... .......... .......... .......... ..........  8% 3.03M 19s
 14200K .......... .......... .......... .......... ..........  8% 11.7M 19s
 14250K .......... .......... .......... .......... ..........  8%  970K 20s
 14300K .......... .......... .......... .......... ..........  8%  112M 20s
 14350K .......... .......... .......... .......... ..........  8%  112M 20s
 14400K .......... .......... .......... .......... ..........  8% 3.47M 20s
 14450K .......... .......... .......... .......... ..........  8%  107M 20s
 14500K .......... .......... .......... .......... ..........  8%  132M 19s
 14550K .......... .......... .......... .......... ..........  8% 98.7M 19s
 14600K .......... .......... .......... .......... ..........  8% 93.3M 19s
 14650K .......... .......... .......... .......... ..........  8%  126M 19s
 14700K .......... .......... .......... .......... ..........  8% 37.6M 19s
 14750K .......... .......... .......... .......... ..........  8%  120M 19s
 14800K .......... .......... .......... .......... ..........  8%  105M 19s
 14850K .......... .......... .......... .......... ..........  9%  134M 19s
 14900K .......... .......... .......... .......... ..........  9%  127M 19s
 14950K .......... .......... .......... .......... ..........  9% 47.2M 19s
 15000K .......... .......... .......... .......... ..........  9% 54.6M 19s
 15050K .......... .......... .......... .......... ..........  9% 18.0M 19s
 15100K .......... .......... .......... .......... ..........  9%  117M 19s
 15150K .......... .......... .......... .......... ..........  9% 6.13M 19s
 15200K .......... .......... .......... .......... ..........  9% 16.9M 19s
 15250K .......... .......... .......... .......... ..........  9% 8.44M 19s
 15300K .......... .......... .......... .......... ..........  9%  120M 19s
 15350K .......... .......... .......... .......... ..........  9% 5.01M 19s
 15400K .......... .......... .......... .......... ..........  9% 99.5M 19s
 15450K .......... .......... .......... .......... ..........  9% 6.88M 19s
 15500K .......... .......... .......... .......... ..........  9% 6.55M 19s
 15550K .......... .......... .......... .......... ..........  9% 1.03M 19s
 15600K .......... .......... .......... .......... ..........  9% 69.3M 19s
 15650K .......... .......... .......... .......... ..........  9% 77.9M 19s
 15700K .......... .......... .......... .......... ..........  9% 86.6M 19s
 15750K .......... .......... .......... .......... ..........  9% 93.9M 19s
 15800K .......... .......... .......... .......... ..........  9% 72.5M 19s
 15850K .......... .......... .......... .......... ..........  9% 81.2M 19s
 15900K .......... .......... .......... .......... ..........  9% 89.7M 19s
 15950K .......... .......... .......... .......... ..........  9% 86.7M 19s
 16000K .......... .......... .......... .......... ..........  9% 67.0M 18s
 16050K .......... .......... .......... .......... ..........  9% 81.0M 18s
 16100K .......... .......... .......... .......... ..........  9% 32.9M 18s
 16150K .......... .......... .......... .......... ..........  9% 10.4M 18s
 16200K .......... .......... .......... .......... ..........  9% 72.4M 18s
 16250K .......... .......... .......... .......... ..........  9% 95.1M 18s
 16300K .......... .......... .......... .......... ..........  9% 4.49M 18s
 16350K .......... .......... .......... .......... ..........  9% 7.86M 18s
 16400K .......... .......... .......... .......... ..........  9% 8.43M 18s
 16450K .......... .......... .......... .......... ..........  9% 6.94M 18s
 16500K .......... .......... .......... .......... .......... 10% 72.6M 18s
 16550K .......... .......... .......... .......... .......... 10% 5.98M 18s
 16600K .......... .......... .......... .......... .......... 10% 76.1M 18s
 16650K .......... .......... .......... .......... .......... 10% 86.0M 18s
 16700K .......... .......... .......... .......... .......... 10% 95.9M 18s
 16750K .......... .......... .......... .......... .......... 10%  105M 18s
 16800K .......... .......... .......... .......... .......... 10% 2.46M 18s
 16850K .......... .......... .......... .......... .......... 10% 6.78M 18s
 16900K .......... .......... .......... .......... .......... 10% 84.2M 18s
 16950K .......... .......... .......... .......... .......... 10% 80.1M 18s
 17000K .......... .......... .......... .......... .......... 10% 97.3M 18s
 17050K .......... .......... .......... .......... .......... 10% 5.99M 18s
 17100K .......... .......... .......... .......... .......... 10% 97.8M 18s
 17150K .......... .......... .......... .......... .......... 10% 5.45M 18s
 17200K .......... .......... .......... .......... .......... 10% 10.2M 18s
 17250K .......... .......... .......... .......... .......... 10% 13.0M 18s
 17300K .......... .......... .......... .......... .......... 10% 14.6M 18s
 17350K .......... .......... .......... .......... .......... 10% 13.4M 18s
 17400K .......... .......... .......... .......... .......... 10%  990K 18s
 17450K .......... .......... .......... .......... .......... 10% 89.3M 18s
 17500K .......... .......... .......... .......... .......... 10% 90.0M 18s
 17550K .......... .......... .......... .......... .......... 10% 92.6M 18s
 17600K .......... .......... .......... .......... .......... 10% 77.0M 18s
 17650K .......... .......... .......... .......... .......... 10% 92.0M 18s
 17700K .......... .......... .......... .......... .......... 10% 62.0M 18s
 17750K .......... .......... .......... .......... .......... 10% 86.8M 18s
 17800K .......... .......... .......... .......... .......... 10% 84.7M 18s
 17850K .......... .......... .......... .......... .......... 10% 96.0M 18s
 17900K .......... .......... .......... .......... .......... 10% 93.0M 18s
 17950K .......... .......... .......... .......... .......... 10% 1.03M 18s
 18000K .......... .......... .......... .......... .......... 10% 82.5M 18s
 18050K .......... .......... .......... .......... .......... 10% 73.4M 18s
 18100K .......... .......... .......... .......... .......... 10% 88.0M 18s
 18150K .......... .......... .......... .......... .......... 11% 96.3M 18s
 18200K .......... .......... .......... .......... .......... 11% 92.8M 18s
 18250K .......... .......... .......... .......... .......... 11% 61.7M 18s
 18300K .......... .......... .......... .......... .......... 11% 89.3M 18s
 18350K .......... .......... .......... .......... .......... 11% 88.0M 18s
 18400K .......... .......... .......... .......... .......... 11% 92.8M 18s
 18450K .......... .......... .......... .......... .......... 11% 85.4M 17s
 18500K .......... .......... .......... .......... .......... 11% 59.4M 17s
 18550K .......... .......... .......... .......... .......... 11% 12.2M 17s
 18600K .......... .......... .......... .......... .......... 11% 75.0M 17s
 18650K .......... .......... .......... .......... .......... 11% 7.40M 17s
 18700K .......... .......... .......... .......... .......... 11% 21.3M 17s
 18750K .......... .......... .......... .......... .......... 11% 8.04M 17s
 18800K .......... .......... .......... .......... .......... 11% 7.92M 17s
 18850K .......... .......... .......... .......... .......... 11% 74.3M 17s
 18900K .......... .......... .......... .......... .......... 11% 91.3M 17s
 18950K .......... .......... .......... .......... .......... 11% 4.90M 17s
 19000K .......... .......... .......... .......... .......... 11% 9.19M 17s
 19050K .......... .......... .......... .......... .......... 11% 11.2M 17s
 19100K .......... .......... .......... .......... .......... 11% 10.0M 17s
 19150K .......... .......... .......... .......... .......... 11% 26.6M 17s
 19200K .......... .......... .......... .......... .......... 11% 79.2M 17s
 19250K .......... .......... .......... .......... .......... 11% 5.57M 17s
 19300K .......... .......... .......... .......... .......... 11% 6.15M 17s
 19350K .......... .......... .......... .......... .......... 11% 7.80M 17s
 19400K .......... .......... .......... .......... .......... 11% 75.4M 17s
 19450K .......... .......... .......... .......... .......... 11% 88.5M 17s
 19500K .......... .......... .......... .......... .......... 11% 81.2M 17s
 19550K .......... .......... .......... .......... .......... 11% 95.2M 17s
 19600K .......... .......... .......... .......... .......... 11% 84.6M 17s
 19650K .......... .......... .......... .......... .......... 11% 95.2M 17s
 19700K .......... .......... .......... .......... .......... 11% 1.77M 17s
 19750K .......... .......... .......... .......... .......... 11% 12.0M 17s
 19800K .......... .......... .......... .......... .......... 12% 12.1M 17s
 19850K .......... .......... .......... .......... .......... 12% 11.8M 17s
 19900K .......... .......... .......... .......... .......... 12% 9.34M 17s
 19950K .......... .......... .......... .......... .......... 12% 92.2M 17s
 20000K .......... .......... .......... .......... .......... 12% 74.4M 17s
 20050K .......... .......... .......... .......... .......... 12% 3.87M 17s
 20100K .......... .......... .......... .......... .......... 12% 13.6M 17s
 20150K .......... .......... .......... .......... .......... 12% 32.8M 17s
 20200K .......... .......... .......... .......... .......... 12% 5.97M 17s
 20250K .......... .......... .......... .......... .......... 12% 10.9M 17s
 20300K .......... .......... .......... .......... .......... 12% 8.27M 17s
 20350K .......... .......... .......... .......... .......... 12% 87.2M 17s
 20400K .......... .......... .......... .......... .......... 12% 79.3M 17s
 20450K .......... .......... .......... .......... .......... 12% 90.9M 17s
 20500K .......... .......... .......... .......... .......... 12% 1.98M 17s
 20550K .......... .......... .......... .......... .......... 12% 83.0M 17s
 20600K .......... .......... .......... .......... .......... 12% 7.15M 17s
 20650K .......... .......... .......... .......... .......... 12% 7.97M 17s
 20700K .......... .......... .......... .......... .......... 12% 84.2M 17s
 20750K .......... .......... .......... .......... .......... 12% 11.5M 17s
 20800K .......... .......... .......... .......... .......... 12% 57.4M 17s
 20850K .......... .......... .......... .......... .......... 12%  922K 17s
 20900K .......... .......... .......... .......... .......... 12% 84.7M 17s
 20950K .......... .......... .......... .......... .......... 12% 92.7M 17s
 21000K .......... .......... .......... .......... .......... 12% 84.3M 17s
 21050K .......... .......... .......... .......... .......... 12%  111M 17s
 21100K .......... .......... .......... .......... .......... 12% 91.8M 17s
 21150K .......... .......... .......... .......... .......... 12% 99.6M 17s
 21200K .......... .......... .......... .......... .......... 12% 77.9M 17s
 21250K .......... .......... .......... .......... .......... 12% 82.0M 17s
 21300K .......... .......... .......... .......... .......... 12%  110M 17s
 21350K .......... .......... .......... .......... .......... 12%  110M 17s
 21400K .......... .......... .......... .......... .......... 12% 94.9M 17s
 21450K .......... .......... .......... .......... .......... 13% 89.8M 17s
 21500K .......... .......... .......... .......... .......... 13% 93.0M 17s
 21550K .......... .......... .......... .......... .......... 13%  105M 16s
 21600K .......... .......... .......... .......... .......... 13% 90.3M 16s
 21650K .......... .......... .......... .......... .......... 13% 98.9M 16s
 21700K .......... .......... .......... .......... .......... 13% 3.24M 16s
 21750K .......... .......... .......... .......... .......... 13% 96.3M 16s
 21800K .......... .......... .......... .......... .......... 13%  141M 16s
 21850K .......... .......... .......... .......... .......... 13% 3.21M 16s
 21900K .......... .......... .......... .......... .......... 13%  119M 16s
 21950K .......... .......... .......... .......... .......... 13%  146M 16s
 22000K .......... .......... .......... .......... .......... 13% 3.62M 16s
 22050K .......... .......... .......... .......... .......... 13% 10.9M 16s
 22100K .......... .......... .......... .......... .......... 13%  110M 16s
 22150K .......... .......... .......... .......... .......... 13%  151M 16s
 22200K .......... .......... .......... .......... .......... 13%  134M 16s
 22250K .......... .......... .......... .......... .......... 13% 3.20M 16s
 22300K .......... .......... .......... .......... .......... 13%  127M 16s
 22350K .......... .......... .......... .......... .......... 13% 6.76M 16s
 22400K .......... .......... .......... .......... .......... 13%  109M 16s
 22450K .......... .......... .......... .......... .......... 13% 4.99M 16s
 22500K .......... .......... .......... .......... .......... 13% 25.1M 16s
 22550K .......... .......... .......... .......... .......... 13% 5.44M 16s
 22600K .......... .......... .......... .......... .......... 13% 76.2M 16s
 22650K .......... .......... .......... .......... .......... 13% 91.5M 16s
 22700K .......... .......... .......... .......... .......... 13% 4.22M 16s
 22750K .......... .......... .......... .......... .......... 13% 89.7M 16s
 22800K .......... .......... .......... .......... .......... 13% 5.89M 16s
 22850K .......... .......... .......... .......... .......... 13% 90.5M 16s
 22900K .......... .......... .......... .......... .......... 13% 5.17M 16s
 22950K .......... .......... .......... .......... .......... 13% 16.6M 16s
 23000K .......... .......... .......... .......... .......... 13% 12.1M 16s
 23050K .......... .......... .......... .......... .......... 13% 19.5M 16s
 23100K .......... .......... .......... .......... .......... 14% 5.95M 16s
 23150K .......... .......... .......... .......... .......... 14% 10.2M 16s
 23200K .......... .......... .......... .......... .......... 14% 17.5M 16s
 23250K .......... .......... .......... .......... .......... 14% 88.3M 16s
 23300K .......... .......... .......... .......... .......... 14% 4.66M 16s
 23350K .......... .......... .......... .......... .......... 14% 66.4M 16s
 23400K .......... .......... .......... .......... .......... 14% 88.4M 16s
 23450K .......... .......... .......... .......... .......... 14% 93.8M 16s
 23500K .......... .......... .......... .......... .......... 14% 3.43M 16s
 23550K .......... .......... .......... .......... .......... 14% 19.3M 16s
 23600K .......... .......... .......... .......... .......... 14% 8.90M 16s
 23650K .......... .......... .......... .......... .......... 14%  118M 16s
 23700K .......... .......... .......... .......... .......... 14% 57.2M 16s
 23750K .......... .......... .......... .......... .......... 14% 3.13M 16s
 23800K .......... .......... .......... .......... .......... 14% 98.1M 16s
 23850K .......... .......... .......... .......... .......... 14%  137M 16s
 23900K .......... .......... .......... .......... .......... 14% 3.88M 16s
 23950K .......... .......... .......... .......... .......... 14% 9.22M 16s
 24000K .......... .......... .......... .......... .......... 14%  102M 16s
 24050K .......... .......... .......... .......... .......... 14% 5.72M 16s
 24100K .......... .......... .......... .......... .......... 14%  117M 16s
 24150K .......... .......... .......... .......... .......... 14% 99.4M 16s
 24200K .......... .......... .......... .......... .......... 14% 3.14M 16s
 24250K .......... .......... .......... .......... .......... 14%  112M 16s
 24300K .......... .......... .......... .......... .......... 14% 4.20M 16s
 24350K .......... .......... .......... .......... .......... 14%  130M 16s
 24400K .......... .......... .......... .......... .......... 14% 4.77M 16s
 24450K .......... .......... .......... .......... .......... 14% 14.1M 16s
 24500K .......... .......... .......... .......... .......... 14%  131M 16s
 24550K .......... .......... .......... .......... .......... 14%  141M 16s
 24600K .......... .......... .......... .......... .......... 14%  123M 16s
 24650K .......... .......... .......... .......... .......... 14% 80.8M 16s
 24700K .......... .......... .......... .......... .......... 14%  111M 16s
 24750K .......... .......... .......... .......... .......... 15%  114M 16s
 24800K .......... .......... .......... .......... .......... 15%  108M 16s
 24850K .......... .......... .......... .......... .......... 15% 1.80M 16s
 24900K .......... .......... .......... .......... .......... 15%  134M 16s
 24950K .......... .......... .......... .......... .......... 15% 89.3M 16s
 25000K .......... .......... .......... .......... .......... 15% 61.8M 16s
 25050K .......... .......... .......... .......... .......... 15% 3.64M 16s
 25100K .......... .......... .......... .......... .......... 15% 13.1M 16s
 25150K .......... .......... .......... .......... .......... 15% 11.1M 16s
 25200K .......... .......... .......... .......... .......... 15% 1007K 16s
 25250K .......... .......... .......... .......... .......... 15% 69.3M 16s
 25300K .......... .......... .......... .......... .......... 15% 86.9M 16s
 25350K .......... .......... .......... .......... .......... 15% 70.8M 16s
 25400K .......... .......... .......... .......... .......... 15%  107M 16s
 25450K .......... .......... .......... .......... .......... 15% 76.9M 16s
 25500K .......... .......... .......... .......... .......... 15% 93.0M 16s
 25550K .......... .......... .......... .......... .......... 15% 75.1M 16s
 25600K .......... .......... .......... .......... .......... 15% 22.8M 16s
 25650K .......... .......... .......... .......... .......... 15%  137M 16s
 25700K .......... .......... .......... .......... .......... 15% 27.4M 16s
 25750K .......... .......... .......... .......... .......... 15% 75.3M 15s
 25800K .......... .......... .......... .......... .......... 15% 18.9M 15s
 25850K .......... .......... .......... .......... .......... 15% 10.8M 15s
 25900K .......... .......... .......... .......... .......... 15%  133M 15s
 25950K .......... .......... .......... .......... .......... 15% 5.59M 15s
 26000K .......... .......... .......... .......... .......... 15% 10.0M 15s
 26050K .......... .......... .......... .......... .......... 15%  123M 15s
 26100K .......... .......... .......... .......... .......... 15%  478K 16s
 26150K .......... .......... .......... .......... .......... 15%  114M 16s
 26200K .......... .......... .......... .......... .......... 15% 82.0M 16s
 26250K .......... .......... .......... .......... .......... 15% 73.8M 16s
 26300K .......... .......... .......... .......... .......... 15% 73.8M 16s
 26350K .......... .......... .......... .......... .......... 15% 67.0M 16s
 26400K .......... .......... .......... .......... .......... 16% 55.9M 16s
 26450K .......... .......... .......... .......... .......... 16% 75.0M 16s
 26500K .......... .......... .......... .......... .......... 16% 27.7M 16s
 26550K .......... .......... .......... .......... .......... 16% 51.5M 16s
 26600K .......... .......... .......... .......... .......... 16% 73.9M 16s
 26650K .......... .......... .......... .......... .......... 16% 64.5M 16s
 26700K ....[ 58%] Linking CXX shared library ../../lib/libjsoncpp.so
...... .......... .......... .......... .......... 16% 89.7M 16s
 26750K .......... .......... .......... .......... .......... 16% 70.7M 15s
 26800K .......... .......... .......... .......... .......... 16% 37.0M 15s
 26850K .......... .......... .......... .......... .......... 16% 57.9M 15s
 26900K .......... .......... .......... .......... .......... 16% 63.8M 15s
 26950K .......... .......... .......... .......... .......... 16% 76.2M 15s
 27000K .......... .......... .......... .......... .......... 16% 48.7M 15s
 27050K .......... .......... .......... .......... .......... 16% 76.8M 15s
 27100K .......... .......... .......... .......... .......... 16% 57.6M 15s
 27150K .......... .......... .......... .......... .......... 16% 67.8M 15s
 27200K .......... .......... .......... .......... .......... 16% 69.0M 15s
 27250K .......... .......... .......... .......... .......... 16% 39.9M 15s
 27300K .......... .......... .......... .......... .......... 16% 40.1M 15s
 27350K .......... .......... .......... .......... .......... 16%  117M 15s
 27400K .......... .......... .......... .......... .......... 16% 21.6M 15s
 27450K .......... .......... .......... .......... .......... 16% 85.6M 15s
 27500K .......... .......... .......... .......... .......... 16%  103M 15s
 27550K .......... .......... .......... .......... .......... 16% 3.69M 15s
 27600K .......... .......... .......... .......... .......... 16% 97.4M 15s
 27650K .......... .......... .......... .......... .......... 16% 6.73M 15s
 27700K .......... .......... .......... .......... .......... 16%  101M 15s
 27750K .......... .......... .......make[3]: Leaving directory '/workspace/MLX_dev/third_party/dsa-framework/dsa-scheduler/3rd-party/jsoncpp/build'
... .......... .......... 16%  781K 15s
 27800K .......... .......... .......... .......... .......... 16% 73.4M 15s
 27850K .......... .......... .......... .......... .......... 16% 93.6M 15s
 27900K .......... .......... .......... .......... .......... 16% 93.0M 15s
 27950K .......... .......... .......... .......... .......... 16% 93.6M 15s
 28000K .......... .......... .......... .......... .......... 16% 79.4M 15s
 28050K .......... .......... .......... .......... .......... 17% 88.7M 15s
 28100K .......... .......... .......... .......... .......... 17% 95.4M 15s
 28150K .......... .......... .......... .......... .......... 17% 92.8M 15s
 28200K .......... .......... .......... .......... .......... 17% 28.5M 15s
 28250K .......... .......... .......... .......... .......... 17%  116M 15s
 28300K .......... .......... .......... .......... .......... 17%  137M[ 58%] Built target jsoncpp_object
 15s
 28350K .......... .......... .......... .......... .......... 17% 35.0M 15s
 28400K .......... .......... .......... .......... .......... 17% 7.89M 15s
 28450K .......... .......... .......... .......... .......... 17% 80.9M 15s
 28500K .......... .......... ........make[3]: Leaving directory '/workspace/MLX_dev/third_party/dsa-framework/dsa-scheduler/3rd-party/jsoncpp/build'
.. .......... .......... 17% 8.02M 15s
 28550K .......... .......... .......... .......... .......... 17% 23.2M 15s
 28600K .......... .......... .......... .......... .......... 17% 83.3M 15s
 28650K ......[ 58%] Built target jsoncpp_lib
.... .......... .......... .......... .......... 17% 10.6M 15s
 28700K ..make[3]: Entering directory '/workspace/MLX_dev/third_party/dsa-framework/dsa-scheduler/3rd-party/jsoncpp/build'
make[3]: Entering directory '/workspace/MLX_dev/third_party/dsa-framework/dsa-scheduler/3rd-party/jsoncpp/build'
........ .......... .......... .......... .......... 17% 13.2M 15s
 28750K .......... .......... .......... .......... .......... 17% 12.6M 15s
 28800K .......... .......... .......... .......... .......... 17% 15.2M 15s
 28850K .......... ..make[3]: Leaving directory '/workspace/MLX_dev/third_party/dsa-framework/dsa-scheduler/3rd-party/jsoncpp/build'
........ .......... .......... ....make[3]: Entering directory '/workspace/MLX_dev/third_party/dsa-framework/dsa-scheduler/3rd-party/jsoncpp/build'
...... 17% 9.07M 15s
 28900K .......... .......... ........make[3]: Leaving directory '/workspace/MLX_dev/third_party/dsa-framework/dsa-scheduler/3rd-party/jsoncpp/build'
.. .......... .......... 17% 17.3M 15s
 28950K ..........make[3]: Entering directory '/workspace/MLX_dev/third_party/dsa-framework/dsa-scheduler/3rd-party/jsoncpp/build'
[ 64%] Linking CXX static library ../../lib/libjsoncpp.a
 .......... .......... .......... .......... 17% 19.6M 15s
 29000K .......... .......... .......... .......... .......... 17% 83.1M 15s
 29050K ......[ 70%] Building CXX object src/test_lib_json/CMakeFiles/jsoncpp_test.dir/fuzz.cpp.o
[ 76%] Building CXX object src/test_lib_json/CMakeFiles/jsoncpp_test.dir/jsontest.cpp.o
[ 82%] Building CXX object src/test_lib_json/CMakeFiles/jsoncpp_test.dir/main.cpp.o
.... .......... ..[ 88%] Building CXX object src/jsontestrunner/CMakeFiles/jsontestrunner_exe.dir/main.cpp.o
........ .......... .......... 17% 5.46M 15s
 29100K .......... .......... .......... .......... .......... 17% 10.5M 15s
 29150K .......... .......... .......... .......... .......... 17% 30.6M 15s
 29200K .......... .......... .......... .......... .......... 17% 19.1M 15s
 29250K .......... .......... .......... .......... .......... 17% 5.99M 15s
 29300K .......... .......... .......... .......... .......... 17% 46.4M 15s
 29350K .......... .......... .......... .......... .......... 17% 14.7M 15s
 29400K .......... .......... .......... .......... .......... 17% 5.73M 15s
 29450K .......... .......... .......... .......... .......... 17% 16.3M 15s
 29500K .......... .......... .......... .......... .......... 17% 4.78M 15s
 29550K .......... ........make[3]: Leaving directory '/workspace/MLX_dev/third_party/dsa-framework/dsa-scheduler/3rd-party/jsoncpp/build'
.. .......... .......... .......... 17% 21.5M 15s
 29600K .......... .......... .......... .......... .......... 17%  169M 15s
 29650K .......... .......... ..........[ 88%] Built target jsoncpp_static
 .......... .......... 17% 4.04M 15s
 29700K .......... .......... .......... .......... .......... 18%  168M 15s
 29750K .......... .......... .......... .......... .......... 18% 6.40M 15s
 29800K .......... .......... .......... .......... .......... 18% 6.96M 15s
 29850K .......... .......... .......... .......... .......... 18%  179M 15s
 29900K .......... .......... .......... .......... .......... 18% 9.08M 15s
 29950K .......... .......... .......... .......... .......... 18% 6.79M 15s
 30000K .......... .......... .......... .......... .......... 18% 17.5M 15s
 30050K .......... .......... .......... .......... .......... 18% 10.5M 15s
 30100K .......... .......... .......... .......... .......... 18% 8.12M 15s
 30150K .......... .......... .......... .......... .......... 18% 22.6M 15s
 30200K .......... .......... .......... .......... .......... 18%  169M 15s
 30250K .......... .......... .......... .......... .......... 18% 4.25M 15s
 30300K .......... .......... .......... .......... .......... 18% 19.4M 15s
 30350K .......... .......... .......... .......... .......... 18%  207M 15s
 30400K .......... .......... .......... .......... .......... 18% 4.69M 15s
 30450K .......... .......... .......... .......... .......... 18%  163M 15s
 30500K .......... .......... .......... .......... .......... 18% 4.98M 15s
 30550K .......... .......... .......... .......... .......... 18% 17.5M 14s
 30600K .......... .......... .......... .......... .......... 18% 96.9M 14s
 30650K .......... .......... .......... .......... .......... 18% 4.74M 14s
 30700K .......... .......... .......... .......... .......... 18% 16.4M 14s
 30750K .......... .......... .......... .......... .......... 18% 8.27M 14s
 30800K .......... .......... .......... .......... .......... 18% 19.5M 14s
 30850K .......... .......... .......... .......... .......... 18% 85.3M 14s
 30900K .......... .......... .......... .......... .......... 18% 95.2M 14s
 30950K .......... .......... .......... .......... .......... 18% 3.36M 14s
 31000K .......... .......... .......... .......... .......... 18% 84.5M 14s
 31050K .......... .......... .......... .......... .......... 18% 89.3M 14s
 31100K .......... .......... .......... .......... .......... 18% 91.6M 14s
 31150K .......... .......... .......... .......... .......... 18% 3.55M 14s
 31200K .......... .......... .......... .......... .......... 18% 6.24M 14s
 31250K .......... .......... .......... .......... .......... 18% 81.7M 14s
 31300K .......... .......... .......... .......... .......... 18% 88.6M 14s
 31350K .......... .......... .......... .......... .......... 19%  103M 14s
 31400K .......... .......... .......... .......... .......... 19% 98.3M 14s
 31450K .......... .......... .......... .......... .......... 19% 92.5M 14s
 31500K .......... .......... .......... .......... .......... 19% 94.1M 14s
 31550K .......... .......... .......... .......... .......... 19% 1.69M 14s
 31600K .......... .......... .......... .......... .......... 19% 95.7M 14s
 31650K .......... .......... .......... .......... .......... 19% 80.1M 14s
 31700K .......... .......... .......... .......... .......... 19% 92.6M 14s
 31750K .......... .......... .......... .......... .......... 19% 3.32M 14s
 31800K .......... .......... .......... .......... .......... 19% 32.5M 14s
 31850K .......... .......... .......... .......... .......... 19% 6.21M 14s
 31900K .......... .......... .......... .......... .......... 19% 18.1M 14s
 31950K .......... .......... .......... .......... .......... 19% 13.5M 14s
 32000K .......... .......... .......... .......... .......... 19% 5.45M 14s
 32050K .......... .......... .......... .......... .......... 19%  868K 14s
 32100K .......... .......... .......... .......... .......... 19%  103M 14s
 32150K .......... .......... .......... .......... .......... 19% 82.0M 14s
 32200K .......... .......... .......... .......... .......... 19% 83.4M 14s
 32250K .......... .......... .......... .......... .......... 19%  103M 14s
 32300K .......... .......... .......... .......... .......... 19%  103M 14s
 32350K .......... .......... .......... .......... .......... 19%  112M 14s
 32400K .......... .......... .......... .......... .......... 19% 78.5M 14s
 32450K .......... .......... .......... .......... .......... 19% 83.1M 14s
 32500K .......... .......... .......... .......... .......... 19% 95.0M 14s
 32550K .......... .......... .......... .......... .......... 19% 14.1M 14s
 32600K .......... .......... .......... .......... .......... 19%  110M 14s
 32650K .......... .......... .......... .......... .......... 19%  122M 14s
 32700K .......... .......... .......... .......... .......... 19% 39.6M 14s
 32750K .......... .......... .......... .......... .......... 19% 89.0M 14s
 32800K .......... .......... .......... .......... .......... 19% 59.5M 14s
 32850K .......... .......... .......... .......... .......... 19% 9.32M 14s
 32900K .......... .......... .......... .......... .......... 19% 24.7M 14s
 32950K .......... .......... .......... .......... .......... 19% 8.84M 14s
 33000K .......... .......... .......... .......... .......... 20% 15.0M 14s
 33050K .......... .......... .......... .......... .......... 20% 11.5M 14s
 33100K .......... .......... .......... .......... .......... 20% 15.8M 14s
 33150K .......... .......... .......... .......... .......... 20% 79.7M 14s
 33200K .......... .......... .......... .......... .......... 20% 82.0M 14s
 33250K .......... .......... .......... .......... .......... 20% 99.9M 14s
 33300K .......... .......... .......... .......... .......... 20% 2.54M 14s
 33350K .......... .......... .......... .......... .......... 20% 98.3M 14s
 33400K .......... .......... .......... .......... .......... 20% 7.99M 14s
 33450K .......... .......... .......... .......... .......... 20%  103M 14s
 33500K .......... .......... .......... .......... .......... 20% 5.54M 14s
 33550K .......... .......... .......... .......... .......... 20% 8.03M 14s
 33600K .......... .......... .......... .......... .......... 20% 7.87M 14s
 33650K .......... .......... .......... .......... .......... 20% 77.8M 14s
 33700K .......... .......... .......... .......... .......... 20% 85.7M 14s
 33750K .......... .......... .......... .......... .......... 20% 97.3M 14s
 33800K .......... .......... .......... .......... .......... 20% 94.5M 14s
 33850K .......... .......... .......... .......... .......... 20% 2.30M 14s
 33900K .......... .......... .......... .......... .......... 20% 14.9M 14s
 33950K .......... .......... .......... .......... .......... 20% 10.8M 14s
 34000K .......... .......... .......... .......... .......... 20% 6.96M 14s
 34050K .......... .......... .......... .......... .......... 20%  107M 14s
 34100K .......... .......... .......... .......... .......... 20% 6.12M 14s
 34150K .......... .......... .......... .......... .......... 20% 8.58M 14s
 34200K .......... .......... .......... .......... .......... 20% 96.3M 14s
 34250K .......... .......... .......... .......... .......... 20%  101M 14s
 34300K .......... .......... .......... .......... .......... 20%  107M 14s
 34350K .......... .......... .......... .......... .......... 20%  102M 14s
 34400K .......... .......... .......... .......... .......... 20% 2.82M 14s
 34450K .......... .......... .......... .......... .......... 20% 67.9M 14s
 34500K .......... .......... .......... .......... .......... 20%  821K 14s
 34550K .......... .......... .......... .......... .......... 20%  101M 14s
 34600K .......... .......... .......... .......... .......... 20% 95.7M 14s
 34650K .......... .......... .......... .......... .......... 21% 99.3M 14s
 34700K .......... .......... .......... .......... .......... 21% 94.2M 14s
 34750K .......... .......... .......... .......... .......... 21% 98.2M 14s
 34800K .......... .......... .......... .......... .......... 21% 93.8M 14s
 34850K .......... .......... .......... .......... .......... 21% 94.2M 14s
 34900K .......... .......... .......... .......... .......... 21%  102M 14s
 34950K .......... .......... .......... .......... .......... 21%  103M 14s
 35000K .......... .......... .......... .......... .......... 21%  113M 14s
 35050K .......... .......... .......... .......... .......... 21% 20.1M 14s
 35100K .......... .......... .......... .......... .......... 21%  109M 14s
 35150K .......... .......... .......... .......... .......... 21%  109M 14s
 35200K .......... .......... .......... .......... .......... 21% 9.45M 14s
 35250K .......... .......... .......... .......... .......... 21% 89.8M 14s
 35300K .......... .......... .......... .......... .......... 21% 86.8M 14s
 35350K .......... .......... .......... .......... .......... 21% 90.5M 14s
 35400K .......... .......... .......... .......... .......... 21% 3.50M 14s
 35450K .......... .......... .......... .......... .......... 21% 8.96M 14s
 35500K .......... .......... .......... .......... .......... 21% 16.9M 14s
 35550K .......... .......... .......... .......... .......... 21% 10.4M 14s
 35600K .......... .......... .......... .......... .......... 21%  877K 14s
 35650K .......... .......... .......... .......... .......... 21% 6.59M 14s
 35700K .......... .......... .......... .......... .......... 21% 86.0M 14s
 35750K .......... .......... .......... .......... .......... 21% 92.3M 14s
 35800K .......... .......... .......... .......... .......... 21% 3.28M 14s
 35850K .......... .......... .......... .......... .......... 21% 97.2M 14s
 35900K .......... .......... .......... .......... .......... 21% 93.8M 14s
 35950K .......... .......... .......... .......... .......... 21% 89.9M 14s
 36000K .......... .......... .......... .......... .......... 21% 66.5M 14s
 36050K .......... .......... .......... .......... .......... 21% 97.7M 14s
 36100K .......... .......... .......... .......... .......... 21% 1.87M 14s
 36150K .......... .......... .......... .......... .......... 21%  106M 14s
 36200K .......... .......... .......... .......... .......... 21%  103M 14s
 36250K .......... .......... .......... .......... .......... 21% 99.7M 14s
 36300K .......... .......... .......... .......... .......... 22%  105M 14s
 36350K .......... .......... .......... .......... .......... 22%  104M 14s
 36400K .......... .......... .......... .......... .......... 22% 81.6M 14s
 36450K .......... .......... .......... .......... .......... 22%  106M 14s
 36500K .......... .......... .......... .......... .......... 22% 99.8M 14s
 36550K .......... .......... .......... .......... .......... 22%  104M 14s
 36600K .......... .......... .......... .......... .......... 22% 95.9M 14s
 36650K .......... .......... .......... .......... .......... 22% 20.0M 14s
 36700K .......... .......... .......... .......... .......... 22%  138M 14s
 36750K .......... .......... .......... .......... .......... 22%  121M 13s
 36800K .......... .......... .......... .......... .......... 22% 39.8M 13s
 36850K .......... .......... .......... .......... .......... 22% 32.7M 13s
 36900K .......... .......... .......... .......... .......... 22%  983K 14s
 36950K .......... .......... .......... .......... .......... 22%  101M 14s
 37000K .......... .......... .......... .......... .......... 22% 93.4M 14s
 37050K .......... .......... .......... .......... .......... 22%  101M 14s
 37100K .......... .......... .......... .......... .......... 22% 98.0M 14s
 37150K .......... .......... .......... .......... .......... 22%  119M 13s
 37200K .......... .......... .......... .......... .......... 22% 84.4M 13s
 37250K .......... .......... .......... .......... .......... 22%  108M 13s
 37300K .......... .......... .......... .......... .......... 22%  104M 13s
 37350K .......... .......... .......... .......... .......... 22%  107M 13s
 37400K .......... .......... .......... .......... .......... 22%  104M 13s
 37450K .......... .......... .......... .......... .......... 22% 17.1M 13s
 37500K .......... .......... .......... .......... .......... 22%  102M 13s
 37550K .......... .......... .......... .......... .......... 22%  991K 13s
 37600K .......... .......... .......... .......... .......... 22% 3.42M 14s
 37650K .......... .......... .......... .......... .......... 22%  117M 13s
 37700K .......... .......... .......... .......... .......... 22%  101M 13s
 37750K .......... .......... .......... .......... .......... 22%  102M 13s
 37800K .......... .......... .......... .......... .......... 22% 93.7M 13s
 37850K .......... .......... .......... .......... .......... 22% 95.4M 13s
 37900K .......... .......... .......... .......... .......... 22% 96.9M 13s
 37950K .......... .......... .......... .......... .......... 23%  103M 13s
 38000K .......... .......... .......... .......... .......... 23% 78.4M 13s
 38050K .......... .......... .......... .......... .......... 23% 96.8M 13s
 38100K .......... .......... .......... .......... .......... 23% 98.7M 13s
 38150K .......... .......... .......... .......... .......... 23%  104M 13s
 38200K .......... .......... .......... .......... .......... 23% 18.9M 13s
 38250K .......... .......... .......... .......... .......... 23%  136M 13s
 38300K .......... .......... .......... .......... .......... 23% 28.1M 13s
 38350K .......... .......... .......... .......... .......... 23%  103M 13s
 38400K .......... .......... .......... .......... .......... 23% 6.35M 13s
 38450K .......... .......... .......... .......... .......... 23% 8.12M 13s
 38500K .......... .......... .......... .......... .......... 23% 97.8M 13s
 38550K .......... .......... .......... .......... .......... 23% 8.76M 13s
 38600K .......... .......... .......... .......... .......... 23% 10.1M 13s
 38650K .......... .......... .......... .......... .......... 23% 99.6M 13s
 38700K .......... .......... .......... .......... .......... 23% 97.3M 13s
 38750K .......... .......... .......... .......... .......... 23% 3.78M 13s
 38800K .......... .......... .......... .......... .......... 23% 9.60M 13s
 38850K .......... .......... .......... .......... .......... 23%  108M 13s
 38900K .......... .......... .......... .......... .......... 23% 5.57M 13s
 38950K .......... .......... .......... .......... .......... 23% 8.19M 13s
 39000K .......... .......... .......... .......... .......... 23%  102M 13s
 39050K .......... .......... .......... .......... .......... 23% 5.47M 13s
 39100K .......... .......... .......... .......... .......... 23% 13.1M 13s
 39150K .......... .......... .......... .......... .......... 23% 12.1M 13s
 39200K .......... .......... .......... .......... .......... 23% 7.39M 13s
 39250K .......... .......... .......... .......... .......... 23% 87.8M 13s
 39300K .......... .......... .......... .......... .......... 23% 90.6M 13s
 39350K .......... .......... .......... .......... .......... 23% 4.41M 13s
 39400K .......... .......... .......... .......... .......... 23% 17.5M 13s
 39450K .......... .......... .......... .......... .......... 23% 97.8M 13s
 39500K .......... .......... .......... .......... .......... 23% 4.84M 13s
 39550K .......... .......... .......... .......... .......... 23%  100M 13s
 39600K .......... .......... .......... .......... .......... 24% 5.66M 13s
 39650K .......... .......... .......... .......... .......... 24% 9.40M 13s
 39700K .......... .......... .......... .......... .......... 24%  104M 13s
 39750K .......... .......... .......... .......... .......... 24% 98.6M 13s
 39800K .......... .......... .......... .......... .......... 24% 97.8M 13s
 39850K .......... .......... .......... .......... .......... 24% 3.03M 13s
 39900K .......... ..........[ 94%] Linking CXX executable ../../bin/jsontestrunner_exe
 .......... .......... .......... 24% 7.23M 13s
 39950K .......... .......... .......... .......... .......... 24% 12.5M 13s
 40000K .......... .......... .......... .......... .......... 24%  174M 13s
 40050K .......... .......... .......... .......... .......... 24%  189M 13s
 40100K .......... .......... .......... .......... .......... 24%  235M 13s
 40150K .......... .......... .......... .......... .......... 24% 2.37M 13s
 40200K .......... .......... .......... .......... .......... 24%  144M 13s
 40250K .......... .......... .......... .......... .......... 24% 4.03M 13s
 40300K .......... .......... .......... .......... .......... 24% 12.6M 13s
 40350K .......... .......... .make[3]: Leaving directory '/workspace/MLX_dev/third_party/dsa-framework/dsa-scheduler/3rd-party/jsoncpp/build'
[ 94%] Built target jsontestrunner_exe
......... .......... .......... 24%  946K 13s
 40400K .......... .......... .......... .......... .......... 24% 61.4M 13s
 40450K .......... .......... .......... .......... .......... 24% 44.3M 13s
 40500K .......... .......... .......... .......... .......... 24% 58.3M 13s
 40550K .......... .......... .......... .......... .......... 24% 64.1M 13s
 40600K .......... .......... .......... .......... .......... 24% 50.5M 13s
 40650K .......... .......... .......... .......... .......... 24% 62.9M 13s
 40700K .......... .......... .......... .......... .......... 24% 56.9M 13s
 40750K .......... .......... .......... .......... .......... 24% 63.4M 13s
 40800K .......... .......... .......... .......... .......... 24% 58.8M 13s
 40850K .......... .......... .......... .......... .......... 24% 55.0M 13s
 40900K .......... .......... .......... .......... .......... 24% 31.6M 13s
 40950K .......... .......... .......... .......... .......... 24% 16.9M 13s
 41000K .......... .......... .......... .......... .......... 24% 75.3M 13s
 41050K .......... .......... .......... .......... .......... 24% 84.0M 13s
 41100K .......... .......... .......... .......... .......... 24% 51.1M 13s
 41150K .......... .......... .......... .......... .......... 24% 71.3M 13s
 41200K .......... .......... .......... .......... .......... 24% 12.5M 13s
 41250K .......... .......... .......... .......... .......... 25%  113M 13s
 41300K .......... .......... .......... .......... .......... 25% 7.27M 13s
 41350K .......... .......... .......... .......... .......... 25% 8.95M 13s
 41400K .......... .......... .......... .......... .......... 25% 11.6M 13s
 41450K .......... .......... .......... .......... .......... 25% 83.9M 13s
 41500K .......... .......... .......... .......... .......... 25% 3.79M 13s
 41550K .......... .......... .......... .......... .......... 25% 12.5M 13s
 41600K .......... .......... .......... .......... .......... 25%  104M 13s
 41650K .......... .......... .......... .......... .......... 25%  102M 13s
 41700K .......... .......... .......... .......... .......... 25% 90.4M 13s
 41750K .......... .......... .......... .......... .......... 25%  103M 13s
 41800K .......... .......... .......... .......... .......... 25% 2.96M 13s
 41850K .......... .......... .......... .......... .......... 25% 5.93M 13s
 41900K .......... .......... .......... .......... .......... 25% 76.9M 13s
 41950K .......... .......... .......... .......... .......... 25% 5.34M 13s
 42000K .......... .......... .......... .......... .......... 25% 18.0M 13s
 42050K .......... .......... .......... .......... .......... 25% 9.49M 13s
 42100K .......... .......... .......... .......... .......... 25% 91.7M 13s
 42150K .......... .......... .......... .......... .......... 25% 7.06M 13s
 42200K .......... .......... .......... .......... .......... 25% 11.9M 13s
 42250K .......... .......... .......... .......... .......... 25% 12.2M 13s
 42300K .......... .......... .......... .......... .......... 25% 72.7M 13s
 42350K .......... .......... .......... .......... .......... 25% 94.0M 13s
 42400K .......... .......... .......... .......... .......... 25% 2.90M 13s
 42450K .......... .......... .......... .......... .......... 25%  109M 13s
 42500K .......... .......... .......... .......... .......... 25% 94.6M 13s
 42550K .......... .......... .......... .......... .......... 25% 90.7M 13s
 42600K .......... .......... .......... .......... .......... 25%  102M 13s
 42650K .......... .......... .......... .......... .......... 25% 99.8M 13s
 42700K .......... .......... .......... .......... .......... 25% 2.44M 13s
 42750K .......... .......... .......... .......... .......... 25% 8.30M 13s
 42800K .......... .......... .......... .......... .......... 25%  886K 13s
 42850K .......... .......... .......... .......... .......... 25%  110M 13s
 42900K .......... .......... .......... .......... .......... 26% 92.4M 13s
 42950K .......... .......... .......... .......... .......... 26%  101M 13s
 43000K .......... .......... .......... .......... .......... 26%  102M 13s
 43050K .......... .......... .......... .......... .......... 26% 71.4M 13s
 43100K .......... .......... .......... .......... .......... 26% 94.7M 13s
 43150K .......... .......... .......... .......... .......... 26% 95.6M 13s
 43200K .......... .......... .......... .......... .......... 26% 99.3M 13s
 43250K .......... .......... .......... .......... .......... 26% 95.6M 13s
 43300K .......... .......... .......... .......... .......... 26%  101M 13s
 43350K .......... .......... .......... .......... .......... 26%  108M 13s
 43400K .......... .......... .......... .......... .......... 26% 11.9M 13s
 43450K .......... .......... .......... .......... .......... 26%  112M 13s
 43500K .......... .......... .......... .......... .......... 26%  110M 12s
 43550K .......... .......... .......... .......... .......... 26% 88.9M 12s
 43600K .......... .......... .......... .......... .......... 26% 5.00M 12s
 43650K .......... .......... .......... .......... .......... 26%  106M 12s
 43700K .......... .......... .......... .......... .......... 26%  848K 13s
 43750K .......... .......... .......... .......... .......... 26% 76.8M 13s
 43800K .......... .......... .......... .......... .......... 26% 73.4M 13s
 43850K .......... .......... .......... .......... .......... 26% 80.5M 13s
 43900K .......... .......... .......... .......... .......... 26% 78.2M 13s
 43950K .......... .......... .......... .......... .......... 26% 84.7M 13s
 44000K .......... .......... .......... .......... .......... 26% 73.9M 12s
 44050K .......... .......... .......... .......... .......... 26% 81.6M 12s
 44100K .......... .......... .......... .......... .......... 26% 72.8M 12s
 44150K .......... .......... .......... .......... .......... 26% 90.5M 12s
 44200K .......... .......... .......... .......... .......... 26% 77.2M 12s
 44250K .......... .......... .......... .......... .......... 26% 63.1M 12s
 44300K .......... .......... .......... .......... .......... 26% 36.9M 12s
 44350K .......... .......... .......... .......... .......... 26% 9.91M 12s
 44400K .......... .......... .......... .......... .......... 26% 16.6M 12s
 44450K .......... .......... .......... .......... .......... 26% 18.4M 12s
 44500K .......... .......... .......... .......... .......... 26%  107M 12s
 44550K .......... .......... .......... .......... .......... 27% 13.0M 12s
 44600K .......... .......... .......... .......... .......... 27% 12.8M 12s
 44650K .......... .......... .......... .......... .......... 27% 11.9M 12s
 44700K .......... .......... .......... .......... .......... 27%  909K 12s
 44750K .......... .......... .......... .......... .......... 27%  107M 12s
 44800K .......... .......... .......... .......... .......... 27% 6.46M 12s
 44850K .......... .......... .......... .......... .......... 27%  105M 12s
 44900K .......... .......... .......... .......... .......... 27%  108M 12s
 44950K .......... .......... .......... .......... .......... 27% 81.8M 12s
 45000K .......... .......... .......... .......... .......... 27% 97.3M 12s
 45050K .......... .......... .......... .......... .......... 27% 93.6M 12s
 45100K .......... .......... .......... .......... .......... 27%  103M 12s
 45150K .......... .......... .......... .......... .......... 27%  100M 12s
 45200K .......... .......... .......... .......... .......... 27% 1.33M 12s
 45250K .......... .......... .......... .......... .......... 27%  101M 12s
 45300K .......... .......... .......... .......... .......... 27% 97.5M 12s
 45350K .......... .......... .......... .......... .......... 27% 75.0M 12s
 45400K .......... .......... .......... .......... .......... 27% 91.2M 12s
 45450K .......... .......... .......... .......... .......... 27% 86.0M 12s
 45500K .......... .......... .......... .......... .......... 27% 93.8M 12s
 45550K .......... .......... .......... .......... .......... 27%  101M 12s
 45600K .......... .......... .......... .......... .......... 27% 89.4M 12s
 45650K .......... .......... .......... .......... .......... 27% 23.2M 12s
 45700K .......... .......... .......... .......... .......... 27%  119M 12s
 45750K .......... .......... .......... .......... .......... 27%  107M 12s
 45800K .......... .......... .......... .......... .......... 27% 40.0M 12s
 45850K .......... .......... .......... .......... .......... 27% 15.6M 12s
 45900K .......... .......... .......... .......... .......... 27%  111M 12s
 45950K .......... .......... .......... .......... .......... 27% 5.75M 12s
 46000K .......... .......... .......... .......... .......... 27% 8.56M 12s
 46050K .......... .......... .......... .......... .......... 27%  121M 12s
 46100K .......... .......... .......... .......... .......... 27%  105M 12s
 46150K .......... .......... .......... .......... .......... 27% 3.95M 12s
 46200K .......... .......... .......... .......... .......... 28% 87.4M 12s
 46250K .......... .......... .......... .......... .......... 28% 97.8M 12s
 46300K .......... .......... .......... .......... .......... 28% 95.6M 12s
 46350K .......... .......... .......... .......... .......... 28%  115M 12s
 46400K .......... .......... .......... .......... .......... 28% 2.44M 12s
 46450K .......... .......... .......... .......... .......... 28% 22.5M 12s
 46500K .......... .......... .......... .......... .......... 28% 6.20M 12s
 46550K .......... .......... .......... .......... .......... 28%  102M 12s
 46600K .......... .......... .......... .......... .......... 28%  115M 12s
 46650K .......... .......... .......... .......... .......... 28% 4.25M 12s
 46700K .......... .......... .......... .......... .......... 28%  115M 12s
 46750K .......... .......... .......... .......... .......... 28% 87.4M 12s
 46800K .......... .......... .......... .......... .......... 28% 4.55M 12s
 46850K .......... .......... .......... .......... .......... 28% 8.81M 12s
 46900K .......... .......... .......... .......... .......... 28% 1015K 12s
 46950K .......... .......... .......... .......... .......... 28%  158M 12s
 47000K .......... .......... .......... .......... .......... 28%  168M 12s
 47050K .......... .......... .......... .......... .......... 28%  190M 12s
 47100K .......... .......... .......... .......... .......... 28%  188M 12s
 47150K .......... .......... .......... .......... .......... 28%  144M 12s
 47200K .......... .......... .......... .......... .......... 28%  160M 12s
 47250K .......... .......... .......... .......... .......... 28%  162M 12s
 47300K .......... .......... .......... .......... .......... 28%  126M 12s
 47350K .......... .......... .......... .......... .......... 28% 44.9M 12s
 47400K .......... .......... .......... .......... .......... 28%  200M 12s
 47450K .......... .......... .......... .......... .......... 28%  186M 12s
 47500K .......... .......... .......... .......... .......... 28% 6.20M 12s
 47550K .......... .......... .......... .......... .......... 28% 45.0M 12s
 47600K .......... .......... .......... .......... .......... 28%  746K 12s
 47650K .......... .......... .......... .......... .......... 28%  121M 12s
 47700K .......... .......... .......... .......... .......... 28%  102M 12s
 47750K .......... .......... .......... .......... .......... 28% 90.9M 12s
 47800K .......... .......... .......... .......... .......... 28%  103M 12s
 47850K .......... .......... .......... .......... .......... 29% 93.2M 12s
 47900K .......... .......... .......... .......... .......... 29% 99.7M 12s
 47950K .......... .......... .......... .......... .......... 29% 85.1M 12s
 48000K .......... .......... .......... .......... .......... 29% 94.1M 12s
 48050K .......... .......... .......... .......... .......... 29% 97.1M 12s
 48100K .......... .......... .......... .......... .......... 29% 21.6M 12s
 48150K .......... .......... .......... .......... .......... 29%  115M 12s
 48200K .......... .......... .......... .......... .......... 29%  109M 12s
 48250K .......... .......... .......... .......... .......... 29%  105M 12s
 48300K .......... .......... .......... .......... .......... 29%  111M 12s
 48350K .......... .......... .......... .......... .......... 29% 98.0M 12s
 48400K .......... .......... .......... .......... .......... 29% 69.8M 12s
 48450K .......... .......... .......... .......... .......... 29% 9.06M 12s
 48500K .......... .......... .......... .......... .......... 29% 7.86M 12s
 48550K .......... .......... .......... .......... .......... 29% 9.02M 12s
 48600K .......... .......... .......... .......... .......... 29% 14.1M 12s
 48650K .......... .......... .......... .......... .......... 29% 10.9M 12s
 48700K .......... .......... .......... .......... .......... 29% 19.9M 12s
 48750K .......... .......... .......... .......... .......... 29%  101M 12s
 48800K .......... .......... .......... .......... .......... 29% 5.74M 12s
 48850K .......... .......... .......... .......... .......... 29%  120M 12s
 48900K .......... .......... .......... .......... .......... 29%  108M 12s
 48950K .......... .......... .......... .......... .......... 29% 2.88M 12s
 49000K .......... .......... .......... .......... .......... 29% 10.0M 12s
 49050K .......... .......... .......... .......... .......... 29%  105M 12s
 49100K .......... .......... .......... .......... .......... 29%  103M 12s
 49150K .......... .......... .......... .......... .......... 29% 4.11M 12s
 49200K .......... .......... .......... .......... .......... 29% 9.03M 12s
 49250K .......... .......... .......... .......... .......... 29% 18.2M 12s
 49300K .......... .......... .......... .......... .......... 29% 8.29M 12s
 49350K .......... .......... .......... .......... .......... 29% 10.6M 12s
 49400K .......... .......... .......... .......... .......... 29% 95.1M 12s
 49450K .......... .......... .......... .......... .......... 29% 5.15M 12s
 49500K .......... .......... .......... .......... .......... 30% 98.3M 12s
 49550K .......... .......... .......... .......... .......... 30% 90.4M 12s
 49600K .......... .......... .......... .......... .......... 30% 76.9M 12s
 49650K .......... .......... .......... .......... .......... 30% 3.09M 12s
 49700K .......... .......... .......... .......... .......... 30% 9.91M 12s
 49750K .......... .......... .......... .......... .......... 30% 9.75M 12s
 49800K .......... .......... .......... .......... .......... 30% 95.8M 12s
 49850K .......... .......... .......... .......... .......... 30% 5.97M 12s
 49900K .......... .......... .......... .......... .......... 30% 97.4M 12s
 49950K .......... .......... .......... .......... .......... 30% 4.82M 12s
 50000K .......... .......... .......... .......... .......... 30%  959K 12s
 50050K .......... .......... .......... .......... .......... 30% 84.6M 12s
 50100K .......... .......... .......... .......... .......... 30% 95.8M 12s
 50150K .......... .......... .......... .......... .......... 30% 84.6M 12s
 50200K .......... .......... .......... .......... .......... 30% 90.6M 12s
 50250K .......... .......... .......... .......... .......... 30% 88.9M 12s
 50300K .......... .......... .......... .......... .......... 30% 97.0M 12s
 50350K .......... .......... .......... .......... .......... 30% 93.2M 12s
 50400K .......... .......... .......... .......... .......... 30% 22.1M 12s
 50450K .......... .......... .......... .......... .......... 30% 1.34M 12s
 50500K .......... .......... .......... .......... .......... 30% 90.9M 12s
 50550K .......... .......... .......... .......... .......... 30% 99.9M 12s
 50600K .......... .......... .......... .......... .......... 30% 88.6M 12s
 50650K .......... .......... .......... .......... .......... 30% 89.8M 12s
 50700K .......... .......... .......... .......... .......... 30% 98.7M 12s
 50750K .......... .......... .......... .......... .......... 30% 79.3M 12s
 50800K .......... .......... .......... .......... .......... 30% 95.5M 12s
 50850K .......... .......... .......... .......... .......... 30% 79.0M 12s
 50900K .......... .......... .......... .......... .......... 30% 19.1M 12s
 50950K .......... .......... .......... .......... .......... 30%  109M 12s
 51000K .......... .......... .......... .......... .......... 30%  105M 12s
 51050K .......... .......... .......... .......... .......... 30%  103M 12s
 51100K .......... .......... .......... .......... .......... 30% 95.6M 12s
 51150K .......... .......... .......... .......... .......... 31% 99.2M 11s
 51200K .......... .......... .......... .......... .......... 31% 4.95M 12s
 51250K .......... .......... .......... .......... .......... 31% 7.52M 11s
 51300K .......... .......... .......... .......... .......... 31%  123M 11s
 51350K .......... .......... .......... .......... .......... 31% 94.6M 11s
 51400K .......... .......... .......... .......... .......... 31% 84.8M 11s
 51450K .......... .......... .......... .......... .......... 31% 2.58M 11s
 51500K .......... .......... .......... .......... .......... 31% 98.0M 11s
 51550K .......... .......... .......... .......... .......... 31% 96.3M 11s
 51600K .......... .......... .......... .......... .......... 31% 3.21M 11s
 51650K .......... .......... .......... .......... .......... 31% 93.0M 11s
 51700K .......... .......... .......... .......... .......... 31%  100M 11s
 51750K .......... .......... .......... .......... .......... 31% 93.4M 11s
 51800K .......... .......... .......... .......... .......... 31% 3.00M 11s
 51850K .......... .......... .......... .......... .......... 31% 10.9M 11s
 51900K .......... .......... .......... .......... .......... 31% 9.67M 11s
 51950K .......... .......... .......... .......... .......... 31% 14.4M 11s
 52000K .......... .......... .......... .......... .......... 31% 16.8M 11s
 52050K .......... .......... .......... .......... .......... 31% 9.69M 11s
 52100K .......... .......... .......... .......... .......... 31% 21.9M 11s
 52150K .......... .......... .......... .......... .......... 31% 24.1M 11s
 52200K .......... .......... .......... .......... .......... 31%  106M 11s
 52250K .......... .......... .......... .......... .......... 31% 6.99M 11s
 52300K .......... .......... .......... .......... .......... 31% 12.8M 11s
 52350K .......... .......... .......... .......... .......... 31%  108M 11s
 52400K .......... .......... .......... .......... .......... 31% 83.3M 11s
 52450K .......... .......... .......... .......... .......... 31% 4.24M 11s
 52500K .......... .......... .......... .......... .......... 31% 11.6M 11s
 52550K .......... .......... .......... .......... .......... 31% 14.6M 11s
 52600K .......... .......... .......... .......... .......... 31% 85.3M 11s
 52650K .......... .......... .......... .......... .......... 31%  862K 11s
 52700K .......... .......... .......... .......... .......... 31%  105M 11s
 52750K .......... .......... .......... .......... .......... 31%  117M 11s
 52800K .......... .......... .......... .......... .......... 32% 95.7M 11s
 52850K .......... .......... .......... .......... .......... 32%  116M 11s
 52900K .......... .......... .......... .......... .......... 32%  119M 11s
 52950K .......... .......... .......... .......... .......... 32%  107M 11s
 53000K .......... .......... .......... .......... .......... 32%  122M 11s
 53050K .......... .......... .......... .......... .......... 32% 78.5M 11s
 53100K .......... .......... .......... .......... .......... 32%  113M 11s
 53150K .......... .......... .......... .......... .......... 32% 19.5M 11s
 53200K .......... .......... .......... .......... .......... 32%  119M 11s
 53250K .......... .......... .......... .......... .......... 32% 8.38M 11s
 53300K .......... .......... .......... .......... .......... 32% 13.1M 11s
 53350K .......... .......... .......... .......... .......... 32%  110M 11s
 53400K .......... .......... .......... .......... .......... 32%  105M 11s
 53450K .......... .......... .......... .......... .......... 32% 91.8M 11s
 53500K .......... .......... .......... .......... .......... 32% 3.25M 11s
 53550K .......... .......... .......... .......... .......... 32%  128M 11s
 53600K .......... .......... .......... .......... .......... 32% 6.40M 11s
 53650K .......... .......... .......... .......... .......... 32% 10.5M 11s
 53700K .......... .......... .......... .......... .......... 32% 10.6M 11s
 53750K .......... .......... .......... .......... .......... 32%  102M 11s
 53800K .......... .......... .......... .......... .......... 32% 4.97M 11s
 53850K .......... .......... .......... .......... .......... 32%  106M 11s
 53900K .......... .......... .......... .......... .......... 32% 8.11M 11s
 53950K .......... .......... .......... .......... .......... 32% 91.9M 11s
 54000K .......... .......... .......... .......... .......... 32% 95.6M 11s
 54050K .......... .......... .......... .......... .......... 32% 3.94M 11s
 54100K .......... .......... .......... .......... .......... 32% 11.3M 11s
 54150K .......... .......... .......... .......... .......... 32% 6.28M 11s
 54200K .......... .......... .......... .......... .......... 32% 11.3M 11s
 54250K .......... .......... .......... .......... .......... 32% 12.6M 11s
 54300K .......... .......... .......... .......... .......... 32% 9.46M 11s
 54350K .......... .......... .......... .......... .......... 32% 21.5M 11s
 54400K .......... .......... .......... .......... .......... 32% 12.7M 11s
 54450K .......... .......... .......... .......... .......... 33% 7.04M 11s
 54500K .......... .......... .......... .......... .......... 33% 14.7M 11s
 54550K .......... .......... .......... .......... .......... 33% 12.8M 11s
 54600K .......... .......... .......... .......... .......... 33% 14.7M 11s
 54650K .......... .......... .......... .......... .......... 33% 93.8M 11s
 54700K .......... .......... .......... .......... .......... 33% 5.77M 11s
 54750K .......... .......... .......... .......... .......... 33% 6.60M 11s
 54800K .......... .......... .......... .......... .......... 33% 11.1M 11s
 54850K .......... .......... .......... .......... .......... 33% 28.3M 11s
 54900K .......... .......... .......... .......... .......... 33% 5.53M 11s
 54950K .......... .......... .......... .......... .......... 33% 68.8M 11s
 55000K .......... .......... .......... .......... .......... 33%  164M 11s
 55050K .......... .......... .......... .......... .......... 33%  775K 11s
 55100K .......... .......... .......... .......... .......... 33% 80.4M 11s
 55150K .......... .......... .......... .......... .......... 33%  101M 11s
 55200K .......... .......... .......... .......... .......... 33% 90.9M 11s
 55250K .......... .......... .......... .......... .......... 33% 94.8M 11s
 55300K .......... .......... .......... .......... .......... 33% 87.8M 11s
 55350K .......... .......... .......... .......... .......... 33% 91.2M 11s
 55400K .......... .......... .......... .......... .......... 33% 90.9M 11s
 55450K .......... .......... .......... .......... .......... 33% 98.9M 11s
 55500K .......... .......... .......... .......... .......... 33% 21.4M 11s
 55550K .......... .......... .......... .......... .......... 33%  141M 11s
 55600K .......... .......... .......... .......... .......... 33%  120M 11s
 55650K .......... .......... .......... .......... .......... 33% 50.0M 11s
 55700K .......... .......... .......... .......... .......... 33% 12.5M 11s
 55750K .......... .......... .......... .......... .......... 33% 8.27M 11s
 55800K .......... .......... .......... .......... .......... 33%  116M 11s
 55850K .......... .......... .......... .......... .......... 33% 8.71M 11s
 55900K .......... .......... .......... .......... .......... 33%  104M 11s
 55950K .......... .......... .......... .......... .......... 33% 8.20M 11s
 56000K .......... .......... .......... .......... .......... 33% 17.4M 11s
 56050K .......... .......... .......... .......... .......... 33% 11.6M 11s
 56100K .......... .......... .......... .......... .......... 34% 17.3M 11s
 56150K .......... .......... .......... .......... .......... 34%  107M 11s
 56200K .......... .......... .......... .......... .......... 34% 7.03M 11s
 56250K .......... .......... .......... .......... .......... 34% 9.62M 11s
 56300K .......... .......... .......... .......... .......... 34% 14.9M 11s
 56350K .......... .......... .......... .......... .......... 34% 9.99M 11s
 56400K .......... .......... .......... .......... .......... 34% 20.4M 11s
 56450K .......... .......... .......... .......... .......... 34% 8.17M 11s
 56500K .......... .......... .......... .......... .......... 34% 9.59M 11s
 56550K .......... .......... .......... .......... .......... 34% 26.1M 11s
 56600K .......... .......... .......... .......... .......... 34% 95.2M 11s
 56650K .......... .......... .......... .......... .......... 34% 96.5M 11s
 56700K .......... .......... .......... .......... .......... 34% 4.13M 11s
 56750K .......... .......... .......... .......... .......... 34% 28.1M 11s
 56800K .......... .......... .......... .......... .......... 34% 4.29M 11s
 56850K .......... .......... .......... .......... .......... 34%  104M 11s
 56900K .......... .......... .......... .......... .......... 34% 6.72M 11s
 56950K .......... .......... .......... .......... .......... 34% 12.6M 11s
 57000K .......... .......... .......... .......... .......... 34% 6.84M 11s
 57050K .......... .......... .......... .......... .......... 34% 17.2M 11s
 57100K .......... .......... .......... .......... .......... 34% 6.81M 11s
 57150K .......... .......... .......... .......... .......... 34% 99.2M 11s
 57200K .......... .......... .......... .......... .......... 34% 5.97M 11s
 57250K .......... .......... .......... .......... .......... 34%  924K 11s
 57300K .......... .......... .......... .......... .......... 34% 99.3M 11s
 57350K .......... .......... .......... .......... .......... 34%  125M 11s
 57400K .......... .......... .......... .......... .......... 34% 92.4M 11s
 57450K .......... .......... .......... .......... .......... 34%  102M 11s
 57500K .......... .......... .......... .......... .......... 34%  124M 11s
 57550K .......... .......... .......... .......... .......... 34% 92.7M 11s
 57600K .......... .......... .......... .......... .......... 34%  100M 11s
 57650K .......... .......... .......... .......... .......... 34%  111M 11s
 57700K .......... .......... .......... .......... .......... 34% 29.0M 11s
 57750K .......... .......... .......... .......... .......... 35%  101M 11s
 57800K .......... .......... .......... .......... .......... 35%  130M 11s
 57850K .......... .......... .......... .......... .......... 35%  123M 11s
 57900K .......... .......... .......... .......... .......... 35%  112M 11s
 57950K .......... .......... .......... .......... .......... 35%  126M 11s
 58000K .......... .......... .......... .......... .......... 35% 4.38M 11s
 58050K .......... .......... .......... .......... .......... 35% 83.6M 11s
 58100K .......... .......... .......... .......... .......... 35% 4.82M 11s
 58150K .......... .......... .......... .......... .......... 35%  103M 11s
 58200K .......... .......... .......... .......... .......... 35% 97.3M 11s
 58250K .......... .......... .......... .......... .......... 35%  102M 11s
 58300K .......... .......... .......... .......... .......... 35% 3.48M 11s
 58350K .......... .......... .......... .......... .......... 35% 1000K 11s
 58400K .......... .......... .......... .......... .......... 35% 86.8M 11s
 58450K .......... .......... .......... .......... .......... 35%  103M 11s
 58500K .......... .......... .......... .......... .......... 35% 2.86M 11s
 58550K .......... .......... .......... .......... .......... 35% 94.8M 11s
 58600K .......... .......... .......... .......... .......... 35%  121M 11s
 58650K .......... .......... .......... .......... .......... 35%  125M 11s
 58700K .......... .......... .......... .......... .......... 35%  116M 11s
 58750K .......... .......... .......... .......... .......... 35%  102M 11s
 58800K .......... .......... .......... .......... .......... 35%  115M 11s
 58850K .......... .......... .......... .......... .......... 35% 80.4M 11s
 58900K .......... .......... .......... .......... .......... 35% 86.7M 11s
 58950K .......... .......... .......... .......... .......... 35%  131M 11s
 59000K .......... .......... .......... .......... .......... 35% 27.5M 11s
 59050K .......... .......... .......... .......... .......... 35% 97.3M 11s
 59100K .......... .......... .......... .......... .......... 35%  127M 11s
 59150K .......... .......... .......... .......... .......... 35%  134M 11s
 59200K .......... .......... .......... .......... .......... 35%  766K 11s
 59250K .......... .......... .......... .......... .......... 35%  112M 11s
 59300K .......... .......... .......... .......... .......... 35%  124M 11s
 59350K .......... .......... .......... .......... .......... 35%  114M 11s
 59400K .......... .......... .......... .......... .......... 36% 72.9M 11s
 59450K .......... .......... .......... .......... .......... 36%  121M 11s
 59500K .......... .......... .......... .......... .......... 36%  118M 11s
 59550K .......... .......... .......... .......... .......... 36%  145M 11s
 59600K .......... .......... .......... .......... .......... 36%  145M 11s
 59650K .......... .......... .......... .......... .......... 36%  110M 11s
 59700K .......... .......... .......... .......... .......... 36%  154M 11s
 59750K .......... .......... .......... .......... .......... 36%  154M 10s
 59800K .......... .......... .......... .......... .......... 36%  109M 10s
 59850K .......... .......... .......... .......... .......... 36%  126M 10s
 59900K .......... .......... .......... .......... .......... 36% 17.1M 10s
 59950K .......... .......... .......... .......... .......... 36%  116M 10s
 60000K .......... .......... .......... .......... .......... 36% 12.4M 10s
 60050K .......... .......... .......... .......... .......... 36% 10.7M 10s
 60100K .......... .......... .......... .......... .......... 36%  110M 10s
 60150K .......... .......... .......... .......... .......... 36% 6.51M 10s
 60200K .......... .......... .......... .......... .......... 36% 8.50M 10s
 60250K .......... .......... .......... .......... .......... 36% 14.3M 10s
 60300K .......... .......... .......... .......... .......... 36% 12.1M 10s
 60350K .......... .......... .......... .......... .......... 36% 16.8M 10s
 60400K .......... .......... .......... .......... .......... 36%  897K 10s
 60450K .......... .......... .......... .......... .......... 36% 92.4M 10s
 60500K .......... .......... .......... .......... .......... 36% 86.9M 10s
 60550K .......... .......... .......... .......... .......... 36%  106M 10s
 60600K .......... .......... .......... .......... .......... 36% 82.1M 10s
 60650K .......... .......... .......... .......... .......... 36% 81.1M 10s
 60700K .......... .......... .......... .......... .......... 36%  104M 10s
 60750K .......... .......... .......... .......... .......... 36%  104M 10s
 60800K .......... .......... .......... .......... .......... 36% 99.6M 10s
 60850K .......... .......... .......... .......... .......... 36%  111M 10s
 60900K .......... .......... .......... .......... .......... 36% 23.9M 10s
 60950K .......... .......... .......... .......... .......... 36% 33.2M 10s
 61000K .......... .......... .......... .......... .......... 36%  121M 10s
 61050K .......... .......... .......... .......... .......... 37% 9.86M 10s
 61100K .......... .......... .......... .......... .......... 37% 16.2M 10s
 61150K .......... .......... .......... .......... .......... 37% 11.9M 10s
 61200K .......... .......... .......... .......... .......... 37%  101M 10s
 61250K .......... .......... .......... .......... .......... 37% 5.30M 10s
 61300K .......... .......... .......... .......... .......... 37%  101M 10s
 61350K .......... .......... .......... .......... .......... 37%  105M 10s
 61400K .......... .......... .......... .......... .......... 37%  103M 10s
 61450K .......... .......... .......... .......... .......... 37% 3.05M 10s
 61500K .......... .......... .......... .......... .......... 37%  103M 10s
 61550K .......... .......... .......... .......... .......... 37% 5.46M 10s
 61600K .......... .......... .......... .......... .......... 37% 13.1M 10s
 61650K .......... .......... .......... .......... .......... 37% 95.6M 10s
 61700K .......... .......... .......... .......... .......... 37%  100M 10s
 61750K .......... .......... .......... .......... .......... 37% 81.0M 10s
 61800K .......... .......... .......... .......... .......... 37% 2.61M 10s
 61850K .......... .......... .......... .......... .......... 37% 17.6M 10s
 61900K .......... .......... .......... .......... .......... 37% 28.4M 10s
 61950K .......... .......... .......... .......... .......... 37% 7.80M 10s
 62000K .......... .......... .......... .......... .......... 37%  122M 10s
 62050K .......... .......... .......... .......... .......... 37% 5.01M 10s
 62100K .......... .......... .......... .......... .......... 37%  106M 10s
 62150K .......... .......... .......... .......... .......... 37% 6.27M 10s
 62200K .......... .......... .......... .......... .......... 37% 75.8M 10s
 62250K .......... .......... .......... .......... .......... 37% 5.23M 10s
 62300K .......... .......... .......... .......... .......... 37% 11.8M 10s
 62350K .......... .......... .......... .......... .......... 37% 9.59M 10s
 62400K .......... .......... .......... .......... .......... 37% 8.57M 10s
 62450K .......... .......... .......... .......... .......... 37% 15.5M 10s
 62500K .......... .......... .......... .......... .......... 37% 9.64M 10s
 62550K .......... .......... .......... .......... .......... 37% 12.1M 10s
 62600K .......... .......... .......... .......... .......... 37%  117M 10s
 62650K .......... .......... .......... .......... .......... 37% 4.54M 10s
 62700K .......... .......... .......... .......... .......... 38%  118M 10s
 62750K .......... .......... .......... .......... .......... 38% 9.34M 10s
 62800K .......... .......... .......... .......... .......... 38% 8.45M 10s
 62850K .......... .......... .......... .......... .......... 38% 19.8M 10s
 62900K .......... .......... .......... .......... .......... 38% 98.5M 10s
 62950K .......... .......... .......... .......... .......... 38% 4.56M 10s
 63000K .......... .......... .......... .......... .......... 38% 10.3M 10s
 63050K .......... .......... .......... .......... .......... 38% 13.5M 10s
 63100K .......... .......... .......... .......... .......... 38% 7.30M 10s
 63150K .......... .......... .......... .......... .......... 38% 9.58M 10s
 63200K .......... .......... .......... .......... .......... 38% 29.1M 10s
 63250K .......... .......... .......... .......... .......... 38%  193M 10s
 63300K .......... .......... .......... .......... .......... 38% 3.52M 10s
 63350K .......... .......... .......... .......... .......... 38%  109M 10s
 63400K .......... .......... .......... .......... .......... 38% 94.2M 10s
 63450K .......... .......... .......... .......... .......... 38%  108M 10s
 63500K .......... .......... .......... .......... .......... 38% 2.37M 10s
 63550K .......... .......... .......... .......... .......... 38% 10.9M 10s
 63600K .......... .......... .......... .......... .......... 38% 90.8M 10s
 63650K .......... .......... .......... .......... .......... 38%  103M 10s
 63700K .......... .......... .......... .......... .......... 38% 4.32M 10s
 63750K .......... .......... .......... .......... .......... 38% 18.6M 10s
 63800K .......... .......... .......... .......... .......... 38% 1002K 10s
 63850K .......... .......... .......... .......... .......... 38%  106M 10s
 63900K .......... .......... .......... .......... .......... 38% 98.8M 10s
 63950K .......... .......... .......... .......... .......... 38% 92.4M 10s
 64000K .......... .......... .......... .......... .......... 38% 99.5M 10s
 64050K .......... .......... .......... .......... .......... 38%  731K 10s
 64100K .......... .......... .......... .......... .......... 38%  128M 10s
 64150K .......... .......... .......... .......... .......... 38% 88.2M 10s
 64200K .......... .......... .......... .......... .......... 38%  118M 10s
 64250K .......... .......... .......... .......... .......... 38%  109M 10s
 64300K .......... .......... .......... .......... .......... 38%  107M 10s
 64350K .......... .......... .......... .......... .......... 39% 98.7M 10s
 64400K .......... .......... .......... .......... .......... 39% 99.1M 10s
 64450K .......... .......... .......... .......... .......... 39%  107M 10s
 64500K .......... .......... .......... .......... .......... 39%  105M 10s
 64550K .......... .......... .......... .......... .......... 39% 17.2M 10s
 64600K .......... .......... .......... .......... .......... 39%  133M 10s
 64650K .......... .......... .......... .......... .......... 39%  115M 10s
 64700K .......... .......... .......... .......... .......... 39%  102M 10s
 64750K .......... .......... .......... .......... .......... 39% 59.0M 10s
 64800K .......... .......... .......... .......... .......... 39% 97.7M 10s
 64850K .......... .......... .......... .......... .......... 39%  112M 10s
 64900K .......... .......... .......... .......... .......... 39%  112M 10s
 64950K .......... .......... .......... .......... .......... 39%  109M 10s
 65000K .......... .......... .......... .......... .......... 39%  101M 10s
 65050K .......... .......... .......... .......... .......... 39%  101M 10s
 65100K .......... .......... .......... .......... .......... 39% 23.6M 10s
 65150K .......... .......... .......... .......... .......... 39%  117M 10s
 65200K .......... .......... .......... .......... .......... 39%  100M 10s
 65250K .......... .......... .......... .......... .......... 39%  102M 10s
 65300K .......... .......... .......... .......... .......... 39% 82.4M 10s
 65350K .......... .......... .......... .......... .......... 39% 16.0M 10s
 65400K .......... .......... .......... .......... .......... 39% 7.60M 10s
 65450K .......... .......... .......... .......... .......... 39%  101M 10s
 65500K .......... .......... .......... .......... .......... 39% 4.75M 10s
 65550K .......... .......... .......... .......... .......... 39% 11.3M 10s
 65600K .......... .......... .......... .......... .......... 39% 14.8M 10s
 65650K .......... .......... .......... .......... .......... 39%  112M 10s
 65700K .......... .......... .......... .......... .......... 39% 96.0M 10s
 65750K .......... .......... .......... .......... .......... 39% 3.25M 10s
 65800K .......... .......... .......... .......... .......... 39% 87.5M 10s
 65850K .......... .......... .......... .......... .......... 39% 8.14M 10s
 65900K .......... .......... .......... .......... .......... 39% 9.20M 10s
 65950K .......... .......... .......... .......... .......... 39% 91.9M 10s
 66000K .......... .......... .......... .......... .......... 40% 76.5M 10s
 66050K .......... .......... .......... .......... .......... 40% 3.69M 10s
 66100K .......... .......... .......... .......... .......... 40% 10.3M 10s
 66150K .......... .......... .......... .......... .......... 40% 10.1M 10s
 66200K .......... .......... .......... .......... .......... 40% 81.8M 10s
 66250K .......... .......... .......... .......... .......... 40% 8.83M 10s
 66300K .......... .......... .......... .......... .......... 40% 7.59M 10s
 66350K .......... .......... .......... .......... .......... 40% 77.8M 10s
 66400K .......... .......... .......... .......... .......... 40% 59.5M 10s
 66450K .......... .......... .......... .......... .......... 40% 3.59M 10s
 66500K .......... .......... .......... .......... .......... 40% 10.9M 10s
 66550K .......... .......... .......... .......... .......... 40% 76.7M 10s
 66600K .......... .......... .......... .......... .......... 40% 8.56M 10s
 66650K .......... .......... .......... .......... .......... 40% 19.8M 10s
 66700K .......... .......... .......... .......... .......... 40% 6.40M 10s
 66750K .......... .......... .......... .......... .......... 40% 17.7M 10s
 66800K .......... .......... .......... .......... .......... 40% 8.36M 10s
 66850K .......... .......... .......... .......... .......... 40% 12.0M 10s
 66900K .......... .......... .......... .......... .......... 40% 8.29M 10s
 66950K .......... .......... .......... .......... .......... 40% 87.7M 10s
 67000K .......... .......... .......... .......... .......... 40% 5.53M 10s
 67050K .......... .......... .......... .......... .......... 40% 9.92M 10s
 67100K .......... .......... .......... .......... .......... 40% 9.78M 10s
 67150K .......... .......... .......... .......... .......... 40% 7.79M 10s
 67200K .......... .......... .......... .......... .......... 40% 18.1M 10s
 67250K .......... .......... .......... .......... .......... 40% 6.55M 10s
 67300K .......... .......... .......... .......... .......... 40% 82.3M 10s
 67350K .......... .......... .......... .......... .......... 40% 82.5M 10s
 67400K .......... .......... .......... .......... .......... 40% 66.4M 10s
 67450K .......... .......... .......... .......... .......... 40% 2.42M 10s
 67500K .......... .......... .......... .......... .......... 40% 14.3M 10s
 67550K .......... .......... .......... .......... .......... 40% 86.5M 10s
 67600K .......... .......... .......... .......... .......... 40% 93.1M 10s
 67650K .......... .......... .......... .......... .......... 41% 7.08M 10s
 67700K .......... .......... .......... .......... .......... 41% 8.30M 10s
 67750K .......... .......... .......... .......... .......... 41% 14.7M 10s
 67800K .......... .......... .......... .......... .......... 41% 82.4M 10s
 67850K .......... .......... .......... .......... .......... 41% 74.3M 10s
 67900K .......... .......... .......... .......... .......... 41% 5.89M 10s
 67950K .......... .......... .......... .......... .......... 41% 11.5M 10s
 68000K .......... .......... .......... .......... .......... 41% 7.15M 10s
 68050K .......... .......... .......... .......... .......... 41% 20.0M 10s
 68100K .......... .......... .......... .......... .......... 41% 11.0M 10s
 68150K .......... .......... .......... .......... .......... 41% 13.9M 10s
 68200K .......... .......... .......... .......... .......... 41% 29.5M 10s
 68250K .......... .......... .......... .......... .......... 41% 6.31M 10s
 68300K .......... .......... .......... .......... .......... 41% 23.8M 10s
 68350K .......... .......... .......... .......... .......... 41% 8.06M 10s
 68400K .......... .......... .......... .......... .......... 41% 91.1M 9s
 68450K .......... .......... .......... .......... .......... 41% 4.05M 10s
 68500K .......... .......... .......... .......... .......... 41% 88.1M 9s
 68550K .......... .......... .......... .......... .......... 41% 5.19M 9s
 68600K .......... .......... .......... .......... .......... 41% 90.6M 9s
 68650K .......... .......... .......... .......... .......... 41%  105M 9s
 68700K .......... .......... .......... .......... .......... 41% 98.4M 9s
 68750K .......... .......... .......... .......... .......... 41% 97.2M 9s
 68800K .......... .......... .......... .......... .......... 41% 89.8M 9s
 68850K .......... .......... .......... .......... .......... 41% 2.06M 9s
 68900K .......... .......... .......... .......... .......... 41% 7.76M 9s
 68950K .......... .......... .......... .......... .......... 41% 17.1M 9s
 69000K .......... .......... .......... .......... .......... 41% 9.53M 9s
 69050K .......... .......... .......... .......... .......... 41% 88.9M 9s
 69100K .......... .......... .......... .......... .......... 41% 85.8M 9s
 69150K .......... .......... .......... .......... .......... 41% 93.9M 9s
 69200K .......... .......... .......... .......... .......... 41% 2.61M 9s
 69250K .......... .......... .......... .......... .......... 41%  917K 9s
 69300K .......... .......... .......... .......... .......... 42% 80.3M 9s
 69350K .......... .......... .......... .......... .......... 42%  122M 9s
 69400K .......... .......... .......... .......... .......... 42%  121M 9s
 69450K .......... .......... .......... .......... .......... 42%  132M 9s
 69500K .......... .......... .......... .......... .......... 42%  105M 9s
 69550K .......... .......... .......... .......... .......... 42%  121M 9s
 69600K .......... .......... .......... .......... .......... 42% 93.9M 9s
 69650K .......... .......... .......... .......... .......... 42% 95.8M 9s
 69700K .......... .......... .......... .......... .......... 42%  114M 9s
 69750K .......... .......... .......... .......... .......... 42% 33.3M 9s
 69800K .......... .......... .......... .......... .......... 42%  120M 9s
 69850K .......... .......... .......... .......... .......... 42% 60.4M 9s
 69900K .......... .......... .......... .......... .......... 42% 66.7M 9s
 69950K .......... .......... .......... .......... .......... 42% 14.0M 9s
 70000K .......... .......... .......... .......... .......... 42% 11.2M 9s
 70050K .......... .......... .......... .......... .......... 42% 8.89M 9s
 70100K .......... .......... .......... .......... .......... 42% 10.2M 9s
 70150K .......... .......... .......... .......... .......... 42% 11.1M 9s
 70200K .......... .......... .......... .......... .......... 42% 11.9M 9s
 70250K .......... .......... .......... .......... .......... 42% 12.1M 9s
 70300K .......... .......... .......... .......... .......... 42% 13.2M 9s
 70350K .......... .......... .......... .......... .......... 42% 9.09M 9s
 70400K .......... .......... .......... .......... .......... 42% 30.3M 9s
 70450K .......... .......... .......... .......... .......... 42%  827K 9s
 70500K .......... .......... .......... .......... .......... 42% 98.9M 9s
 70550K .......... .......... .......... .......... .......... 42%  119M 9s
 70600K .......... .......... .......... .......... .......... 42%  128M 9s
 70650K .......... .......... .......... .......... .......... 42%  107M 9s
 70700K .......... .......... .......... .......... .......... 42%  113M 9s
 70750K .......... .......... .......... .......... .......... 42%  108M 9s
 70800K .......... .......... .......... .......... .......... 42% 90.9M 9s
 70850K .......... .......... .......... .......... .......... 42%  109M 9s
 70900K .......... .......... .......... .......... .......... 42%  112M 9s
 70950K .......... .......... .......... .......... .......... 43% 36.7M 9s
 71000K .......... .......... .......... .......... .......... 43% 44.6M 9s
 71050K .......... .......... .......... .......... .......... 43% 97.3M 9s
 71100K .......... .......... .......... .......... .......... 43% 9.80M 9s
 71150K .......... .......... .......... .......... .......... 43% 7.18M 9s
 71200K .......... .......... .......... .......... .......... 43%  107M 9s
 71250K .......... .......... .......... .......... .......... 43% 85.4M 9s
 71300K .......... .......... .......... .......... .......... 43% 3.23M 9s
 71350K .......... .......... .......... .......... .......... 43%  109M 9s
 71400K .......... .......... .......... .......... .......... 43% 6.30M 9s
 71450K .......... .......... .......... .......... .......... 43% 14.1M 9s
 71500K .......... .......... .......... .......... .......... 43% 14.0M 9s
 71550K .......... .......... .......... .......... .......... 43%  941K 9s
 71600K .......... .......... .......... .......... .......... 43% 87.4M 9s
 71650K .......... .......... .......... .......... .......... 43%  125M 9s
 71700K .......... .......... .......... .......... .......... 43%  128M 9s
 71750K .......... .......... .......... .......... .......... 43%  103M 9s
 71800K .......... .......... .......... .......... .......... 43%  111M 9s
 71850K .......... .......... .......... .......... .......... 43%  104M 9s
 71900K .......... .......... .......... .......... .......... 43%  106M 9s
 71950K .......... .......... .......... .......... .......... 43%  101M 9s
 72000K .......... .......... .......... .......... .......... 43% 40.2M 9s
 72050K .......... .......... .......... .......... .......... 43% 1.63M 9s
 72100K .......... .......... .......... .......... .......... 43%  122M 9s
 72150K .......... .......... .......... .......... .......... 43%  113M 9s
 72200K .......... .......... .......... .......... .......... 43%  122M 9s
 72250K .......... .......... .......... .......... .......... 43% 83.7M 9s
 72300K .......... .......... .......... .......... .......... 43%  104M 9s
 72350K .......... .......... .......... .......... .......... 43% 92.5M 9s
 72400K .......... .......... .......... .......... .......... 43%  116M 9s
 72450K .......... .......... .......... .......... .......... 43%  105M 9s
 72500K .......... .......... .......... .......... .......... 43% 37.0M 9s
 72550K .......... .......... .......... .......... .......... 43%  122M 9s
 72600K .......... .......... .......... .......... .......... 44% 98.7M 9s
 72650K .......... .......... .......... .......... .......... 44% 92.4M 9s
 72700K .......... .......... .......... .......... .......... 44% 7.06M 9s
 72750K .......... .......... .......... .......... .......... 44% 70.7M 9s
 72800K .......... .......... .......... .......... .......... 44% 4.41M 9s
 72850K .......... .......... .......... .......... .......... 44% 72.8M 9s
 72900K .......... .......... .......... .......... .......... 44% 70.4M 9s
 72950K .......... .......... .......... .......... .......... 44% 64.6M 9s
 73000K .......... .......... .......... .......... .......... 44%  836K 9s
 73050K .......... .......... .......... .......... .......... 44%  132M 9s
 73100K .......... .......... .......... .......... .......... 44%  128M 9s
 73150K .......... .......... .......... .......... .......... 44%  148M 9s
 73200K .......... .......... .......... .......... .......... 44%  112M 9s
 73250K .......... .......... .......... .......... .......... 44%  139M 9s
 73300K .......... .......... .......... .......... .......... 44%  140M 9s
 73350K .......... .......... .......... .......... .......... 44% 70.5M 9s
 73400K .......... .......... .......... .......... .......... 44%  127M 9s
 73450K .......... .......... .......... .......... .......... 44%  149M 9s
 73500K .......... .......... .......... .......... .......... 44%  144M 9s
 73550K .......... .......... .......... .......... .......... 44%  144M 9s
 73600K .......... .......... .......... .......... .......... 44% 6.65M 9s
 73650K .......... .......... .......... .......... .......... 44% 10.2M 9s
 73700K .......... .......... .......... .......... .......... 44% 79.3M 9s
 73750K .......... .......... .......... .......... .......... 44% 80.2M 9s
 73800K .......... .......... .......... .......... .......... 44% 3.71M 9s
 73850K .......... .......... .......... .......... .......... 44%  131M 9s
 73900K .......... .......... .......... .......... .......... 44% 8.38M 9s
 73950K .......... .......... .......... .......... .......... 44%  124M 9s
 74000K .......... .......... .......... .......... .......... 44%  884K 9s
 74050K .......... .......... .......... .......... .......... 44%  107M 9s
 74100K .......... .......... .......... .......... .......... 44%  104M 9s
 74150K .......... .......... .......... .......... .......... 44%  113M 9s
 74200K .......... .......... .......... .......... .......... 44%  106M 9s
 74250K .......... .......... .......... .......... .......... 45%  148M 9s
 74300K .......... .......... .......... .......... .......... 45% 1.85M 9s
 74350K .......... .......... .......... .......... .......... 45%  103M 9s
 74400K .......... .......... .......... .......... .......... 45% 83.8M 9s
 74450K .......... .......... .......... .......... .......... 45%  110M 9s
 74500K .......... .......... .......... .......... .......... 45%  110M 9s
 74550K .......... .......... .......... .......... .......... 45%  128M 9s
 74600K .......... .......... .......... .......... .......... 45%  139M 9s
 74650K .......... .......... .......... .......... .......... 45%  110M 9s
 74700K .......... .......... .......... .......... .......... 45%  145M 9s
 74750K .......... .......... .......... .......... .......... 45%  157M 9s
 74800K .......... .......... .......... .......... .......... 45% 1.02M 9s
 74850K .......... .......... .......... .......... .......... 45%  108M 9s
 74900K .......... .......... .......... .......... .......... 45% 86.5M 9s
 74950K .......... .......... .......... .......... .......... 45% 87.8M 9s
 75000K .......... .......... .......... .......... .......... 45%  110M 9s
 75050K .......... .......... .......... .......... .......... 45% 98.5M 9s
 75100K .......... .......... .......... .......... .......... 45% 81.5M 9s
 75150K .......... .......... .......... .......... .......... 45% 98.1M 9s
 75200K .......... .......... .......... .......... .......... 45% 94.9M 9s
 75250K .......... .......... .......... .......... .......... 45% 96.8M 9s
 75300K .......... .......... .......... .......... .......... 45% 26.0M 9s
 75350K .......... .......... .......... .......... .......... 45% 92.0M 9s
 75400K .......... .......... .......... .......... .......... 45%  110M 9s
 75450K .......... .......... .......... .......... .......... 45% 32.6M 9s
 75500K .......... .......... .......... .......... .......... 45% 34.3M 9s
 75550K .......... .......... .......... .......... .......... 45% 79.8M 9s
 75600K .......... .......... .......... .......... .......... 45% 9.89M 9s
 75650K .......... .......... .......... .......... .......... 45% 7.78M 9s
 75700K .......... .......... .......... .......... .......... 45%  104M 9s
 75750K .......... .......... .......... .......... .......... 45% 8.92M 9s
 75800K .......... .......... .......... .......... .......... 45% 8.84M 9s
 75850K .......... .......... .......... .......... .......... 45% 12.7M 9s
 75900K .......... .......... .......... .......... .......... 46% 11.9M 9s
 75950K .......... .......... .......... .......... .......... 46%  104M 9s
 76000K .......... .......... .......... .......... .......... 46% 7.71M 9s
 76050K .......... .......... .......... .......... .......... 46% 10.9M 9s
 76100K .......... .......... .......... .......... .......... 46% 8.31M 9s
 76150K .......... .......... .......... .......... .......... 46% 71.8M 9s
 76200K .......... .......... .......... .......... .......... 46% 6.73M 9s
 76250K .......... .......... .......... .......... .......... 46% 8.35M 9s
 76300K .......... .......... .......... .......... .......... 46% 7.40M 9s
 76350K .......... .......... .......... .......... .......... 46% 13.1M 9s
 76400K .......... .......... .......... .......... .......... 46%  875K 9s
 76450K .......... .......... .......... .......... .......... 46%  101M 9s
 76500K .......... .......... .......... .......... .......... 46%  117M 9s
 76550K .......... .......... .......... .......... .......... 46%  102M 9s
 76600K .......... .......... .......... .......... .......... 46% 97.4M 9s
 76650K .......... .......... .......... .......... .......... 46% 97.0M 9s
 76700K .......... .......... .......... .......... .......... 46%  113M 9s
 76750K .......... .......... .......... .......... .......... 46% 98.9M 9s
 76800K .......... .......... .......... .......... .......... 46% 82.5M 9s
 76850K .......... .......... .......... .......... .......... 46%  103M 9s
 76900K .......... .......... .......... .......... .......... 46% 27.9M 9s
 76950K .......... .......... .......... .......... .......... 46% 41.2M 9s
 77000K .......... .......... .......... .......... .......... 46%  113M 9s
 77050K .......... .......... .......... .......... .......... 46% 52.4M 9s
 77100K .......... .......... .......... .......... .......... 46% 35.9M 9s
 77150K .......... .......... .......... .......... .......... 46% 7.17M 9s
 77200K .......... .......... .......... .......... .......... 46% 86.2M 9s
 77250K .......... .......... .......... .......... .......... 46%  109M 9s
 77300K .......... .......... .......... .......... .......... 46% 3.34M 9s
 77350K .......... .......... .......... .......... .......... 46%  111M 9s
 77400K .......... .......... .......... .......... .......... 46% 7.21M 9s
 77450K .......... .......... .......... .......... .......... 46% 10.1M 9s
 77500K .......... .......... .......... .......... .......... 46%  914K 9s
 77550K .......... .......... .......... .......... .......... 47%  112M 9s
 77600K .......... .......... .......... .......... .......... 47% 82.2M 9s
 77650K .......... .......... .......... .......... .......... 47%  105M 9s
 77700K .......... .......... .......... .......... .......... 47%  104M 9s
 77750K .......... .......... .......... .......... .......... 47% 77.4M 9s
 77800K .......... .......... .......... .......... .......... 47% 61.5M 9s
 77850K .......... .......... .......... .......... .......... 47% 50.4M 9s
 77900K .......... .......... .......... .......... .......... 47% 67.4M 9s
 77950K .......... .......... .......... .......... .......... 47%  107M 9s
 78000K .......... .......... .......... .......... .......... 47% 26.6M 8s
 78050K .......... .......... .......... .......... .......... 47%  108M 8s
 78100K .......... .......... .......... .......... .......... 47% 39.9M 8s
 78150K .......... .......... .......... .......... .......... 47% 27.6M 8s
 78200K .......... .......... .......... .......... .......... 47% 17.3M 8s
 78250K .......... .......... .......... .......... .......... 47% 13.6M 8s
 78300K .......... .......... .......... .......... .......... 47% 7.22M 8s
 78350K .......... .......... .......... .......... .......... 47%  107M 8s
 78400K .......... .......... .......... .......... .......... 47% 7.26M 8s
 78450K .......... .......... .......... .......... .......... 47% 85.7M 8s
 78500K .......... .......... .......... .......... .......... 47% 6.52M 8s
 78550K .......... .......... .......... .......... .......... 47% 6.93M 8s
 78600K .......... .......... .......... .......... .......... 47% 75.7M 8s
 78650K .......... .......... .......... .......... .......... 47% 7.98M 8s
 78700K .......... .......... .......... .......... .......... 47%  109M 8s
 78750K .......... .......... .......... .......... .......... 47% 3.21M 8s
 78800K .......... .......... .......... .......... .......... 47%  105M 8s
 78850K .......... .......... .......... .......... .......... 47%  104M 8s
 78900K .......... .......... .......... .......... .......... 47% 87.3M 8s
 78950K .......... .......... .......... .......... .......... 47% 99.4M 8s
 79000K .......... .......... .......... .......... .......... 47% 75.4M 8s
 79050K .......... .......... .......... .......... .......... 47% 2.01M 8s
 79100K .......... .......... .......... .......... .......... 47% 5.39M 8s
 79150K .......... .......... .......... .......... .......... 47%  106M 8s
 79200K .......... .......... .......... .......... .......... 48% 66.0M 8s
 79250K .......... .......... .......... .......... .......... 48%  109M 8s
 79300K .......... .......... .......... .......... .......... 48% 51.7M 8s
 79350K .......... .......... .......... .......... .......... 48% 3.58M 8s
 79400K .......... .......... .......... .......... .......... 48% 10.3M 8s
 79450K .......... .......... .......... .......... .......... 48% 82.3M 8s
 79500K .......... .......... .......... .......... .......... 48% 10.5M 8s
 79550K .......... .......... .......... .......... .......... 48%  111M 8s
 79600K .......... .......... .......... .......... .......... 48% 5.67M 8s
 79650K .......... .......... .......... .......... .......... 48% 8.87M 8s
 79700K .......... .......... .......... .......... .......... 48% 18.2M 8s
 79750K .......... .......... .......... .......... .......... 48% 11.7M 8s
 79800K .......... .......... .......... .......... .......... 48% 14.0M 8s
 79850K .......... .......... .......... .......... .......... 48%  963K 8s
 79900K .......... .......... .......... .......... .......... 48%  100M 8s
 79950K .......... .......... .......... .......... .......... 48% 52.8M 8s
 80000K .......... .......... .......... .......... .......... 48% 40.8M 8s
 80050K .......... .......... .......... .......... .......... 48% 68.2M 8s
 80100K .......... .......... .......... .......... .......... 48% 73.2M 8s
 80150K .......... .......... .......... .......... .......... 48% 98.1M 8s
 80200K .......... .......... .......... .......... .......... 48% 95.2M 8s
 80250K .......... .......... .......... .......... .......... 48% 1.47M 8s
 80300K .......... .......... .......... .......... .......... 48%  106M 8s
 80350K .......... .......... .......... .......... .......... 48% 93.0M 8s
 80400K .......... .......... .......... .......... .......... 48%  101M 8s
 80450K .......... .......... .......... .......... .......... 48%  101M 8s
 80500K .......... .......... .......... .......... .......... 48% 97.5M 8s
 80550K .......... .......... .......... .......... .......... 48% 84.7M 8s
 80600K .......... .......... .......... .......... .......... 48%  103M 8s
 80650K .......... .......... .......... .......... .......... 48% 90.7M 8s
 80700K .......... .......... .......... .......... .......... 48%  102M 8s
 80750K .......... .......... .......... .......... .......... 48% 24.1M 8s
 80800K .......... .......... .......... .......... .......... 48% 94.1M 8s
 80850K .......... .......... .......... .......... .......... 49%  118M 8s
 80900K .......... .......... .......... .......... .......... 49% 7.94M 8s
 80950K .......... .......... .......... .......... .......... 49% 99.3M 8s
 81000K .......... .......... .......... .......... .......... 49% 6.05M 8s
 81050K .......... .......... .......... .......... .......... 49% 7.99M 8s
 81100K .......... .......... .......... .......... .......... 49%  103M 8s
 81150K .......... .......... .......... .......... .......... 49% 8.10M 8s
 81200K .......... .......... .......... .......... .......... 49%  105M 8s
 81250K .......... .......... .......... .......... .......... 49% 5.44M 8s
 81300K .......... .......... .......... .......... .......... 49% 90.8M 8s
 81350K .......... .......... .......... .......... .......... 49% 5.57M 8s
 81400K .......... .......... .......... .......... .......... 49% 14.8M 8s
 81450K .......... .......... .......... .......... .......... 49%  113M 8s
 81500K .......... .......... .......... .......... .......... 49% 5.25M 8s
 81550K .......... .......... .......... .......... .......... 49%  106M 8s
 81600K .......... .......... .......... .......... .......... 49% 92.9M 8s
 81650K .......... .......... .......... .......... .......... 49%  103M 8s
 81700K .......... .......... .......... .......... .......... 49%  101M 8s
 81750K .......... .......... .......... .......... .......... 49%  109M 8s
 81800K .......... .......... .......... .......... .......... 49% 1.95M 8s
 81850K .......... .......... .......... .......... .......... 49%  104M 8s
 81900K .......... .......... .......... .......... .......... 49% 7.39M 8s
 81950K .......... .......... .......... .......... .......... 49% 7.97M 8s
 82000K .......... .......... .......... .......... .......... 49% 15.6M 8s
 82050K .......... .......... .......... .......... .......... 49% 7.69M 8s
 82100K .......... .......... .......... .......... .......... 49% 12.8M 8s
 82150K .......... .......... .......... .......... .......... 49% 12.2M 8s
 82200K .......... .......... .......... .......... .......... 49% 86.2M 8s
 82250K .......... .......... .......... .......... .......... 49%  105M 8s
 82300K .......... .......... .......... .......... .......... 49% 4.36M 8s
 82350K .......... .......... .......... .......... .......... 49% 9.63M 8s
 82400K .......... .......... .......... .......... .......... 49% 6.59M 8s
 82450K .......... .......... .......... .......... .......... 49% 18.9M 8s
 82500K .......... .......... .......... .......... .......... 50% 11.4M 8s
 82550K .......... .......... .......... .......... .......... 50% 99.3M 8s
 82600K .......... .......... .......... .......... .......... 50% 4.67M 8s
 82650K .......... .......... .......... .......... .......... 50%  109M 8s
 82700K .......... .......... .......... .......... .......... 50% 5.23M 8s
 82750K .......... .......... .......... .......... .......... 50%  111M 8s
 82800K .......... .......... .......... .......... .......... 50% 6.02M 8s
 82850K .......... .......... .......... .......... .......... 50% 4.88M 8s
 82900K .......... .......... .......... .......... .......... 50%  106M 8s
 82950K .......... .......... .......... .......... .......... 50% 6.38M 8s
 83000K .......... .......... .......... .......... .......... 50% 10.7M 8s
 83050K .......... .......... .......... .......... .......... 50% 96.6M 8s
 83100K .......... .......... .......... .......... .......... 50% 97.3M 8s
 83150K .......... .......... .......... .......... .......... 50% 3.57M 8s
 83200K .......... .......... .......... .......... .......... 50%  947K 8s
 83250K .......... .......... .......... .......... .......... 50%  122M 8s
 83300K .......... .......... .......... .......... .......... 50%  122M 8s
 83350K .......... .......... .......... .......... .......... 50% 99.0M 8s
 83400K .......... .......... .......... .......... .......... 50% 95.4M 8s
 83450K .......... .......... .......... .......... .......... 50% 95.4M 8s
 83500K .......... .......... .......... .......... .......... 50%  102M 8s
 83550K .......... .......... .......... .......... .......... 50% 96.3M 8s
 83600K .......... .......... .......... .......... .......... 50% 87.6M 8s
 83650K .......... .......... .......... .......... .......... 50%  110M 8s
 83700K .......... .......... .......... .......... .......... 50% 26.6M 8s
 83750K .......... .......... .......... .......... .......... 50%  114M 8s
 83800K .......... .......... .......... .......... .......... 50%  103M 8s
 83850K .......... .......... .......... .......... .......... 50%  107M 8s
 83900K .......... .......... .......... .......... .......... 50% 19.7M 8s
 83950K .......... .......... .......... .......... .......... 50% 90.2M 8s
 84000K .......... .......... .......... .......... .......... 50% 83.1M 8s
 84050K .......... .......... .......... .......... .......... 50%  112M 8s
 84100K .......... .......... .......... .......... .......... 50% 99.0M 8s
 84150K .......... .......... .......... .......... .......... 51% 3.11M 8s
 84200K .......... .......... .......... .......... .......... 51% 20.5M 8s
 84250K .......... .......... .......... .......... .......... 51%  101M 8s
 84300K .......... .......... .......... .......... .......... 51%  103M 8s
 84350K .......... .......... .......... .......... .......... 51% 2.96M 8s
 84400K .......... .......... .......... .......... .......... 51% 86.9M 8s
 84450K .......... .......... .......... .......... .......... 51% 4.73M 8s
 84500K .......... .......... .......... .......... .......... 51% 11.6M 8s
 84550K .......... .......... .......... .......... .......... 51%  103M 8s
 84600K .......... .......... .......... .......... .......... 51% 89.5M 8s
 84650K .......... .......... .......... .......... .......... 51% 5.65M 8s
 84700K .......... .......... .......... .......... .......... 51%  103M 8s
 84750K .......... .......... .......... .......... .......... 51% 94.4M 8s
 84800K .......... .......... .......... .......... .......... 51% 3.75M 8s
 84850K .......... .......... .......... .......... .......... 51%  102M 8s
 84900K .......... .......... .......... .......... .......... 51% 3.91M 8s
 84950K .......... .......... .......... .......... .......... 51%  114M 8s
 85000K .......... .......... .......... .......... .......... 51% 11.6M 8s
 85050K .......... .......... .......... .......... .......... 51% 94.7M 8s
 85100K .......... .......... .......... .......... .......... 51% 5.19M 8s
 85150K .......... .......... .......... .......... .......... 51% 16.8M 8s
 85200K .......... .......... .......... .......... .......... 51%  888K 8s
 85250K .......... .......... .......... .......... .......... 51%  114M 8s
 85300K .......... .......... .......... .......... .......... 51%  100M 8s
 85350K .......... .......... .......... .......... .......... 51% 96.3M 8s
 85400K .......... .......... .......... .......... .......... 51% 85.4M 8s
 85450K .......... .......... .......... .......... .......... 51% 97.1M 8s
 85500K .......... .......... .......... .......... .......... 51%  103M 8s
 85550K .......... .......... .......... .......... .......... 51%  102M 8s
 85600K .......... .......... .......... .......... .......... 51% 84.6M 8s
 85650K .......... .......... .......... .......... .......... 51% 26.4M 8s
 85700K .......... .......... .......... .......... .......... 51%  123M 8s
 85750K .......... .......... .......... .......... .......... 51% 34.7M 8s
 85800K .......... .......... .......... .......... .......... 52% 94.0M 8s
 85850K .......... .......... .......... .......... .......... 52% 20.7M 8s
 85900K .......... .......... .......... .......... .......... 52%  101M 8s
 85950K .......... .......... .......... .......... .......... 52% 7.80M 8s
 86000K .......... .......... .......... .......... .......... 52% 15.0M 8s
 86050K .......... .......... .......... .......... .......... 52% 5.93M 8s
 86100K .......... .......... .......... .......... .......... 52%  102M 8s
 86150K .......... .......... .......... .......... .......... 52% 5.36M 8s
 86200K .......... .......... .......... .......... .......... 52% 17.9M 8s
 86250K .......... .......... .......... .......... .......... 52% 14.2M 8s
 86300K .......... .......... .......... .......... .......... 52% 98.8M 8s
 86350K .......... .......... .......... .......... .......... 52%  102M 8s
 86400K .......... .......... .......... .......... .......... 52% 78.9M 8s
 86450K .......... .......... .......... .......... .......... 52% 3.05M 8s
 86500K .......... .......... .......... .......... .......... 52% 5.65M 8s
 86550K .......... .......... .......... .......... .......... 52%  106M 8s
 86600K .......... .......... .......... .......... .......... 52% 98.5M 8s
 86650K .......... .......... .......... .......... .......... 52% 3.83M 8s
 86700K .......... .......... .......... .......... .......... 52% 8.51M 8s
 86750K .......... .......... .......... .......... .......... 52% 6.86M 8s
 86800K .......... .......... .......... .......... .......... 52% 84.2M 8s
 86850K .......... .......... .......... .......... .......... 52% 4.39M 8s
 86900K .......... .......... .......... .......... .......... 52%  103M 8s
 86950K .......... .......... .......... .......... .......... 52% 9.06M 8s
 87000K .......... .......... .......... .......... .......... 52% 8.84M 8s
 87050K .......... .......... .......... .......... .......... 52% 97.6M 8s
 87100K .......... .......... .......... .......... .......... 52% 6.54M 8s
 87150K .......... .......... .......... .......... .......... 52%  105M 8s
 87200K .......... .......... .......... .......... .......... 52% 81.2M 8s
 87250K .......... .......... .......... .......... .......... 52%  104M 8s
 87300K .......... .......... .......... .......... .......... 52%  866K 8s
 87350K .......... .......... .......... .......... .......... 52% 95.0M 8s
 87400K .......... .......... .......... .......... .......... 52% 91.1M 8s
 87450K .......... .......... .......... .......... .......... 53% 95.6M 8s
 87500K .......... .......... .......... .......... .......... 53%  101M 8s
 87550K .......... .......... .......... .......... .......... 53% 2.46M 8s
 87600K .......... .......... .......... .......... .......... 53% 83.2M 8s
 87650K .......... .......... .......... .......... .......... 53% 97.6M 8s
 87700K .......... .......... .......... .......... .......... 53%  111M 8s
 87750K .......... .......... .......... .......... .......... 53% 89.9M 7s
 87800K .......... .......... .......... .......... .......... 53% 95.9M 7s
 87850K .......... .......... .......... .......... .......... 53% 91.0M 7s
 87900K .......... .......... .......... .......... .......... 53%  113M 7s
 87950K .......... .......... .......... .......... .......... 53% 99.9M 7s
 88000K .......... .......... .......... .......... .......... 53% 82.2M 7s
 88050K .......... .......... .......... .......... .......... 53% 24.9M 7s
 88100K .......... .......... .......... .......... .......... 53%  112M 7s
 88150K .......... .......... .......... .......... .......... 53% 16.0M 7s
 88200K .......... .......... .......... .......... .......... 53% 18.4M 7s
 88250K .......... .......... .......... .......... .......... 53% 21.2M 7s
 88300K .......... .......... .......... .......... .......... 53% 7.47M 7s
 88350K .......... .......... .......... .......... .......... 53% 8.41M 7s
 88400K .......... .......... .......... .......... .......... 53% 84.3M 7s
 88450K .......... .......... .......... .......... .......... 53% 99.9M 7s
 88500K .......... .......... .......... .......... .......... 53%  107M 7s
 88550K .......... .......... .......... .......... .......... 53% 86.2M 7s
 88600K .......... .......... .......... .......... .......... 53%  115M 7s
 88650K .......... .......... .......... .......... .......... 53% 2.32M 7s
 88700K .......... .......... .......... .......... .......... 53% 10.1M 7s
 88750K .......... .......... .......... .......... .......... 53% 10.7M 7s
 88800K .......... .......... .......... .......... .......... 53% 10.6M 7s
 88850K .......... .......... .......... .......... .......... 53% 87.8M 7s
 88900K .......... .......... .......... .......... .......... 53% 3.65M 7s
 88950K .......... .......... .......... .......... .......... 53% 99.5M 7s
 89000K .......... .......... .......... .......... .......... 53% 92.5M 7s
 89050K .......... .......... .......... .......... .......... 53% 4.20M 7s
 89100K .......... .......... .......... .......... .......... 54%  118M 7s
 89150K .......... .......... .......... .......... .......... 54% 13.3M 7s
 89200K .......... .......... .......... .......... .......... 54% 77.7M 7s
 89250K .......... .......... .......... .......... .......... 54% 4.06M 7s
 89300K .......... .......... .......... .......... .......... 54% 9.58M 7s
 89350K .......... .......... .......... .......... .......... 54% 97.9M 7s
 89400K .......... .......... .......... .......... .......... 54% 7.23M 7s
 89450K .......... .......... .......... .......... .......... 54% 17.6M 7s
 89500K .......... .......... .......... .......... .......... 54% 6.67M 7s
 89550K .......... .......... .......... .......... .......... 54%  106M 7s
 89600K .......... .......... .......... .......... .......... 54% 8.97M 7s
 89650K .......... .......... .......... .......... .......... 54% 10.5M 7s
 89700K .......... .......... .......... .......... .......... 54%  115M 7s
 89750K .......... .......... .......... .......... .......... 54% 4.30M 7s
 89800K .......... .......... .......... .......... .......... 54% 99.3M 7s
 89850K .......... .......... .......... .......... .......... 54% 5.93M 7s
 89900K .......... .......... .......... .......... .......... 54% 9.73M 7s
 89950K .......... .......... .......... .......... .......... 54%  108M 7s
 90000K .......... .......... .......... .......... .......... 54% 77.9M 7s
 90050K .......... .......... .......... .......... .......... 54% 4.36M 7s
 90100K .......... .......... .......... .......... .......... 54% 98.3M 7s
 90150K .......... .......... .......... .......... .......... 54% 4.93M 7s
 90200K .......... .......... .......... .......... .......... 54% 78.0M 7s
 90250K .......... .......... .......... .......... .......... 54% 8.18M 7s
 90300K .......... .......... .......... .......... .......... 54% 8.48M 7s
 90350K .......... .......... .......... .......... .......... 54% 9.28M 7s
 90400K .......... .......... .......... .......... .......... 54% 99.9M 7s
 90450K .......... .......... .......... .......... .......... 54% 96.2M 7s
 90500K .......... .......... .......... .......... .......... 54% 2.93M 7s
 90550K .......... .......... .......... .......... .......... 54%  113M 7s
 90600K .......... .......... .......... .......... .......... 54% 8.02M 7s
 90650K .......... .......... .......... .......... .......... 54% 6.65M 7s
 90700K .......... .......... .......... .......... .......... 54% 9.49M 7s
 90750K .......... .......... .......... .......... .......... 55% 11.9M 7s
 90800K .......... .......... .......... .......... .......... 55% 6.37M 7s
 90850K .......... .......... .......... .......... .......... 55% 89.4M 7s
 90900K .......... .......... .......... .......... .......... 55% 5.63M 7s
 90950K .......... .......... .......... .......... .......... 55%  108M 7s
 91000K .......... .......... .......... .......... .......... 55% 80.1M 7s
 91050K .......... .......... .......... .......... .......... 55% 7.70M 7s
 91100K .......... .......... .......... .......... .......... 55% 27.9M 7s
 91150K .......... .......... .......... .......... .......... 55% 10.9M 7s
 91200K .......... .......... .......... .......... .......... 55% 16.5M 7s
 91250K .......... .......... .......... .......... .......... 55% 12.7M 7s
 91300K .......... .......... .......... .......... .......... 55% 95.6M 7s
 91350K .......... .......... .......... .......... .......... 55% 6.51M 7s
 91400K .......... .......... .......... .......... .......... 55% 8.98M 7s
 91450K .......... .......... .......... .......... .......... 55% 11.8M 7s
 91500K .......... .......... .......... .......... .......... 55% 13.4M 7s
 91550K .......... .......... .......... .......... .......... 55% 1007K 7s
 91600K .......... .......... .......... .......... .......... 55% 75.2M 7s
 91650K .......... .......... .......... .......... .......... 55% 98.3M 7s
 91700K .......... .......... .......... .......... .......... 55% 97.5M 7s
 91750K .......... .......... .......... .......... .......... 55%  106M 7s
 91800K .......... .......... .......... .......... .......... 55% 94.2M 7s
 91850K .......... .......... .......... .......... .......... 55% 1.63M 7s
 91900K .......... .......... .......... .......... .......... 55% 66.4M 7s
 91950K .......... .......... .......... .......... .......... 55% 75.1M 7s
 92000K .......... .......... .......... .......... .......... 55% 45.0M 7s
 92050K .......... .......... .......... .......... .......... 55% 64.0M 7s
 92100K .......... .......... .......... .......... .......... 55% 53.4M 7s
 92150K .......... .......... .......... .......... .......... 55% 52.7M 7s
 92200K .......... .......... .......... .......... .......... 55% 65.0M 7s
 92250K .......... .......... .......... .......... .......... 55% 66.3M 7s
 92300K .......... .......... .......... .......... .......... 55% 66.3M 7s
 92350K .......... .......... .......... .......... .......... 55% 18.8M 7s
 92400K .......... .......... .......... .......... .......... 56% 59.3M 7s
 92450K .......... .......... .......... .......... .......... 56% 71.3M 7s
 92500K .......... .......... .......... .......... .......... 56% 93.9M 7s
 92550K .......... .......... .......... .......... .......... 56% 8.25M 7s
 92600K .......... .......... .......... .......... .......... 56% 10.2M 7s
 92650K .......... .......... .......... .......... .......... 56%  105M 7s
 92700K .......... .......... .......... .......... .......... 56% 6.76M 7s
 92750K .......... .......... .......... .......... .......... 56% 9.86M 7s
 92800K .......... .......... .......... .......... .......... 56% 7.62M 7s
 92850K .......... .......... .......... .......... .......... 56%  101M 7s
 92900K .......... .......... .......... .......... .......... 56% 8.33M 7s
 92950K .......... .......... .......... .......... .......... 56% 59.4M 7s
 93000K .......... .......... .......... .......... .......... 56% 6.12M 7s
 93050K .......... .......... .......... .......... .......... 56% 11.3M 7s
 93100K .......... .......... .......... .......... .......... 56% 7.08M 7s
 93150K .......... .......... .......... .......... .......... 56% 15.2M 7s
 93200K .......... .......... .......... .......... .......... 56% 13.8M 7s
 93250K .......... .......... .......... .......... .......... 56%  104M 7s
 93300K .......... .......... .......... .......... .......... 56% 5.53M 7s
 93350K .......... .......... .......... .......... .......... 56%  109M 7s
 93400K .......... .......... .......... .......... .......... 56% 6.34M 7s
 93450K .......... .......... .......... .......... .......... 56% 8.87M 7s
 93500K .......... .......... .......... .......... .......... 56% 78.3M 7s
 93550K .......... .......... .......... .......... .......... 56% 6.03M 7s
 93600K .......... .......... .......... .......... .......... 56% 11.3M 7s
 93650K .......... .......... .......... .......... .......... 56% 10.2M 7s
 93700K .......... .......... .......... .......... .......... 56% 99.3M 7s
 93750K .......... .......... .......... .......... .......... 56% 5.92M 7s
 93800K .......... .......... .......... .......... .......... 56%  104M 7s
 93850K .......... .......... .......... .......... .......... 56% 5.93M 7s
 93900K .......... .......... .......... .......... .......... 56% 15.3M 7s
 93950K .......... .......... .......... .......... .......... 56% 7.04M 7s
 94000K .......... .......... .......... .......... .......... 56%  103M 7s
 94050K .......... .......... .......... .......... .......... 57% 6.04M 7s
 94100K .......... .......... .......... .......... .......... 57%  843K 7s
 94150K .......... .......... .......... .......... .......... 57%  107M 7s
 94200K .......... .......... .......... .......... .......... 57%  104M 7s
 94250K .......... .......... .......... .......... .......... 57%  100M 7s
 94300K .......... .......... .......... .......... .......... 57% 72.2M 7s
 94350K .......... .......... .......... .......... .......... 57% 97.9M 7s
 94400K .......... .......... .......... .......... .......... 57% 98.3M 7s
 94450K .......... .......... .......... .......... .......... 57% 97.2M 7s
 94500K .......... .......... .......... .......... .......... 57% 96.6M 7s
 94550K .......... .......... .......... .......... .......... 57% 95.2M 7s
 94600K .......... .......... .......... .......... .......... 57% 27.7M 7s
 94650K .......... .......... .......... .......... .......... 57%  117M 7s
 94700K .......... .......... .......... .......... .......... 57% 34.3M 7s
 94750K .......... .......... .......... .......... .......... 57% 7.99M 7s
 94800K .......... .......... .......... .......... .......... 57% 19.4M 7s
 94850K .......... .......... .......... .......... .......... 57% 99.6M 7s
 94900K .......... .......... .......... .......... .......... 57% 7.74M 7s
 94950K .......... .......... .......... .......... .......... 57%  105M 7s
 95000K .......... .......... .......... .......... .......... 57% 6.54M 7s
 95050K .......... .......... .......... .......... .......... 57% 27.2M 7s
 95100K .......... .......... .......... .......... .......... 57% 8.98M 7s
 95150K .......... .......... .......... .......... .......... 57% 97.8M 7s
 95200K .......... .......... .......... .......... .......... 57% 8.02M 7s
 95250K .......... .......... .......... .......... .......... 57% 98.0M 7s
 95300K .......... .......... .......... .......... .......... 57% 10.7M 7s
 95350K .......... .......... .......... .......... .......... 57% 6.49M 7s
 95400K .......... .......... .......... .......... .......... 57% 19.6M 7s
 95450K .......... .......... .......... .......... .......... 57% 7.81M 7s
 95500K .......... .......... .......... .......... .......... 57% 1017K 7s
 95550K .......... .......... .......... .......... .......... 57% 92.7M 7s
 95600K .......... .......... .......... .......... .......... 57%  101M 7s
 95650K .......... .......... .......... .......... .......... 57% 99.4M 7s
 95700K .......... .......... .......... .......... .......... 58% 77.1M 7s
 95750K .......... .......... .......... .......... .......... 58%  106M 7s
 95800K .......... .......... .......... .......... .......... 58% 1.85M 7s
 95850K .......... .......... .......... .......... .......... 58% 83.2M 7s
 95900K .......... .......... .......... .......... .......... 58%  103M 7s
 95950K .......... .......... .......... .......... .......... 58% 96.1M 7s
 96000K .......... .......... .......... .......... .......... 58%  101M 7s
 96050K .......... .......... .......... .......... .......... 58% 87.8M 7s
 96100K .......... .......... .......... .......... .......... 58%  100M 7s
 96150K .......... .......... .......... .......... .......... 58%  105M 7s
 96200K .......... .......... .......... .......... .......... 58% 94.9M 7s
 96250K .......... .......... .......... .......... .......... 58%  107M 7s
 96300K .......... .......... .......... .......... .......... 58% 28.3M 7s
 96350K .......... .......... .......... .......... .......... 58% 44.6M 7s
 96400K .......... .......... .......... .......... .......... 58% 12.7M 7s
 96450K .......... .......... .......... .......... .......... 58%  102M 7s
 96500K .......... .......... .......... .......... .......... 58%  102M 7s
 96550K .......... .......... .......... .......... .......... 58% 5.57M 7s
 96600K .......... .......... .......... .......... .......... 58% 6.86M 7s
 96650K .......... .......... .......... .......... .......... 58% 99.9M 7s
 96700K .......... .......... .......... .......... .......... 58% 6.32M 7s
 96750K .......... .......... .......... .......... .......... 58% 7.54M 7s
 96800K .......... .......... .......... .......... .......... 58% 19.7M 7s
 96850K .......... .......... .......... .......... .......... 58% 13.8M 7s
 96900K .......... .......... .......... .......... .......... 58% 7.09M 7s
 96950K .......... .......... .......... .......... .......... 58% 12.7M 7s
 97000K .......... .......... .......... .......... .......... 58% 8.28M 7s
 97050K .......... .......... .......... .......... .......... 58% 15.2M 7s
 97100K .......... .......... .......... .......... .......... 58% 8.47M 7s
 97150K .......... .......... .......... .......... .......... 58% 84.5M 7s
 97200K .......... .......... .......... .......... .......... 58% 85.2M 7s
 97250K .......... .......... .......... .......... .......... 58% 4.57M 7s
 97300K .......... .......... .......... .......... .......... 58% 71.8M 7s
 97350K .......... .......... .......... .......... .......... 59% 4.74M 7s
 97400K .......... .......... .......... .......... .......... 59% 96.1M 6s
 97450K .......... .......... .......... .......... .......... 59% 78.8M 6s
 97500K .......... .......... .......... .......... .......... 59% 85.9M 6s
 97550K .......... .......... .......... .......... .......... 59% 3.28M 6s
 97600K .......... .......... .......... .......... .......... 59% 64.7M 6s
 97650K .......... .......... .......... .......... .......... 59%  114M 6s
 97700K .......... .......... .......... .......... .......... 59% 90.8M 6s
 97750K .......... .......... .......... .......... .......... 59% 3.00M 6s
 97800K .......... .......... .......... .......... .......... 59% 96.0M 6s
 97850K .......... .......... .......... .......... .......... 59% 95.5M 6s
 97900K .......... .......... .......... .......... .......... 59% 3.71M 6s
 97950K .......... .......... .......... .......... .......... 59%  113M 6s
 98000K .......... .......... .......... .......... .......... 59% 7.10M 6s
 98050K .......... .......... .......... .......... .......... 59% 7.79M 6s
 98100K .......... .......... .......... .......... .......... 59% 10.4M 6s
 98150K .......... .......... .......... .......... .......... 59%  102M 6s
 98200K .......... .......... .......... .......... .......... 59% 9.25M 6s
 98250K .......... .......... .......... .......... .......... 59% 7.18M 6s
 98300K .......... .......... .......... .......... .......... 59%  102M 6s
 98350K .......... .......... .......... .......... .......... 59% 4.76M 6s
 98400K .......... .......... .......... .......... .......... 59% 12.0M 6s
 98450K .......... .......... .......... .......... .......... 59% 6.04M 6s
 98500K .......... .......... .......... .......... .......... 59% 15.7M 6s
 98550K .......... .......... .......... .......... .......... 59%  102M 6s
 98600K .......... .......... .......... .......... .......... 59% 5.01M 6s
 98650K .......... .......... .......... .......... .......... 59%  120M 6s
 98700K .......... .......... .......... .......... .......... 59% 4.78M 6s
 98750K .......... .......... .......... .......... .......... 59%  110M 6s
 98800K .......... .......... .......... .......... .......... 59% 4.83M 6s
 98850K .......... .......... .......... .......... .......... 59% 86.8M 6s
 98900K .......... .......... .......... .......... .......... 59%  101M 6s
 98950K .......... .......... .......... .......... .......... 59% 7.53M 6s
 99000K .......... .......... .......... .......... .......... 60% 11.1M 6s
 99050K .......... .......... .......... .......... .......... 60% 39.6M 6s
 99100K .......... .......... .......... .......... .......... 60% 10.0M 6s
 99150K .......... .......... .......... .......... .......... 60% 98.6M 6s
 99200K .......... .......... .......... .......... .......... 60% 6.14M 6s
 99250K .......... .......... .......... .......... .......... 60% 9.01M 6s
 99300K .......... .......... .......... .......... .......... 60% 10.9M 6s
 99350K .......... .......... .......... .......... .......... 60% 20.9M 6s
 99400K .......... .......... .......... .......... .......... 60%  952K 6s
 99450K .......... .......... .......... .......... .......... 60% 60.8M 6s
 99500K .......... .......... .......... .......... .......... 60% 72.4M 6s
 99550K .......... .......... .......... .......... .......... 60% 62.1M 6s
 99600K .......... .......... .......... .......... .......... 60% 48.9M 6s
 99650K .......... .......... .......... .......... .......... 60% 61.1M 6s
 99700K .......... .......... .......... .......... .......... 60% 60.8M 6s
 99750K .......... .......... .......... .......... .......... 60% 64.4M 6s
 99800K .......... .......... .......... .......... .......... 60% 56.6M 6s
 99850K .......... .......... .......... .......... .......... 60% 1.36M 6s
 99900K .......... .......... .......... .......... .......... 60% 64.2M 6s
 99950K .......... .......... .......... .......... .......... 60% 63.5M 6s
100000K .......... .......... .......... .......... .......... 60% 2.57M 6s
100050K .......... .......... .......... .......... .......... 60% 66.3M 6s
100100K .......... .......... .......... .......... .......... 60% 62.5M 6s
100150K .......... .......... .......... .......... .......... 60% 61.5M 6s
100200K .......... .......... .......... .......... .......... 60% 59.5M 6s
100250K .......... .......... .......... .......... .......... 60% 66.2M 6s
100300K .......... .......... .......... .......... .......... 60% 62.2M 6s
100350K .......... .......... .......... .......... .......... 60% 64.5M 6s
100400K .......... .......... .......... .......... .......... 60% 53.6M 6s
100450K .......... .......... .......... .......... .......... 60% 59.8M 6s
100500K .......... .......... .......... .......... .......... 60% 22.2M 6s
100550K .......... .......... .......... .......... .......... 60% 68.9M 6s
100600K .......... .......... .......... .......... .......... 60% 69.0M 6s
100650K .......... .......... .......... .......... .......... 61% 62.5M 6s
100700K .......... .......... .......... .......... .......... 61% 51.4M 6s
100750K .......... .......... .......... .......... .......... 61% 62.8M 6s
100800K .......... .......... .......... .......... .......... 61% 11.0M 6s
100850K .......... .......... .......... .......... .......... 61% 8.48M 6s
100900K .......... .......... .......... .......... .......... 61% 10.9M 6s
100950K .......... .......... .......... .......... .......... 61%  116M 6s
101000K .......... .......... .......... .......... .......... 61% 4.31M 6s
101050K .......... .......... .......... .......... .......... 61%  121M 6s
101100K .......... .......... .......... .......... .......... 61% 12.4M 6s
101150K .......... .......... .......... .......... .......... 61% 6.71M 6s
101200K .......... .......... .......... .......... .......... 61% 86.7M 6s
101250K .......... .......... .......... .......... .......... 61%  108M 6s
101300K .......... .......... .......... .......... .......... 61%  114M 6s
101350K .......... .......... .......... .......... .......... 61% 2.49M 6s
101400K .......... .......... .......... .......... .......... 61%  107M 6s
101450K .......... .......... .......... .......... .......... 61%  128M 6s
101500K .......... .......... .......... .......... .......... 61%  141M 6s
101550K .......... .......... .......... .......... .......... 61% 4.39M 6s
101600K .......... .......... .......... .......... .......... 61% 49.7M 6s
101650K .......... .......... .......... .......... .......... 61% 61.1M 6s
101700K .......... .......... .......... .......... .......... 61% 3.68M 6s
101750K .......... .......... .......... .......... .......... 61% 5.16M 6s
101800K .......... .......... .......... .......... .......... 61% 66.8M 6s
101850K .......... .......... .......... .......... .......... 61% 62.9M 6s
101900K .......... .......... .......... .......... .......... 61% 64.3M 6s
101950K .......... .......... .......... .......... .......... 61% 62.1M 6s
102000K .......... .......... .......... .......... .......... 61% 3.65M 6s
102050K .......... .......... .......... .......... .......... 61% 8.06M 6s
102100K .......... .......... .......... .......... .......... 61% 8.39M 6s
102150K .......... .......... .......... .......... .......... 61% 22.0M 6s
102200K .......... .......... .......... .......... .......... 61% 10.0M 6s
102250K .......... .......... .......... .......... .......... 61% 8.70M 6s
102300K .......... .......... .......... .......... .......... 62% 63.8M 6s
102350K .......... .......... .......... .......... .......... 62% 65.6M 6s
102400K .......... .......... .......... .......... .......... 62% 2.91M 6s
102450K .......... .......... .......... .......... .......... 62% 7.80M 6s
102500K .......... .......... .......... .......... .......... 62% 8.97M 6s
102550K .......... .......... .......... .......... .......... 62%  116M 6s
102600K .......... .......... .......... .......... .......... 62% 5.83M 6s
102650K .......... .......... .......... .......... .......... 62%  115M 6s
102700K .......... .......... .......... .......... .......... 62% 4.80M 6s
102750K .......... .......... .......... .......... .......... 62%  113M 6s
102800K .......... .......... .......... .......... .......... 62%  917K 6s
102850K .......... .......... .......... .......... .......... 62% 85.5M 6s
102900K .......... .......... .......... .......... .......... 62%  112M 6s
102950K .......... .......... .......... .......... .......... 62%  111M 6s
103000K .......... .......... .......... .......... .......... 62%  114M 6s
103050K .......... .......... .......... .......... .......... 62%  103M 6s
103100K .......... .......... .......... .......... .......... 62%  105M 6s
103150K .......... .......... .......... .......... .......... 62%  112M 6s
103200K .......... .......... .......... .......... .......... 62% 85.9M 6s
103250K .......... .......... .......... .......... .......... 62%  114M 6s
103300K .......... .......... .......... .......... .......... 62% 26.6M 6s
103350K .......... .......... .......... .......... .......... 62%  127M 6s
103400K .......... .......... .......... .......... .......... 62%  122M 6s
103450K .......... .......... .......... .......... .......... 62%  115M 6s
103500K .......... .......... .......... .......... .......... 62%  119M 6s
103550K .......... .......... .......... .......... .......... 62% 22.6M 6s
103600K .......... .......... .......... .......... .......... 62% 21.9M 6s
103650K .......... .......... .......... .......... .......... 62% 9.63M 6s
103700K .......... .......... .......... .......... .......... 62% 6.39M 6s
103750K .......... .......... .......... .......... .......... 62%  135M 6s
103800K .......... .......... .......... .......... .......... 62% 3.94M 6s
103850K .......... .......... .......... .......... .......... 62% 13.1M 6s
103900K .......... .......... .......... .......... .......... 62% 11.4M 6s
103950K .......... .......... .......... .......... .......... 63% 8.88M 6s
104000K .......... .......... .......... .......... .......... 63% 10.6M 6s
104050K .......... .......... .......... .......... .......... 63% 20.6M 6s
104100K .......... .......... .......... .......... .......... 63%  109M 6s
104150K .......... .......... .......... .......... .......... 63% 4.19M 6s
104200K .......... .......... .......... .......... .......... 63% 15.2M 6s
104250K .......... .......... .......... .......... .......... 63% 16.4M 6s
104300K .......... .......... .......... .......... .......... 63%  126M 6s
104350K .......... .......... .......... .......... .......... 63% 4.88M 6s
104400K .......... .......... .......... .......... .......... 63% 90.3M 6s
104450K .......... .......... .......... .......... .......... 63%  101M 6s
104500K .......... .......... .......... .......... .......... 63% 3.85M 6s
104550K .......... .......... .......... .......... .......... 63% 7.72M 6s
104600K .......... .......... .......... .......... .......... 63% 98.8M 6s
104650K .......... .......... .......... .......... .......... 63%  106M 6s
104700K .......... .......... .......... .......... .......... 63%  107M 6s
104750K .......... .......... .......... .......... .......... 63% 2.91M 6s
104800K .......... .......... .......... .......... .......... 63% 11.7M 6s
104850K .......... .......... .......... .......... .......... 63% 10.5M 6s
104900K .......... .......... .......... .......... .......... 63% 10.4M 6s
104950K .......... .......... .......... .......... .......... 63%  122M 6s
105000K .......... .......... .......... .......... .......... 63% 5.00M 6s
105050K .......... .......... .......... .......... .......... 63% 16.9M 6s
105100K .......... .......... .......... .......... .......... 63%  131M 6s
105150K .......... .......... .......... .......... .......... 63% 7.21M 6s
105200K .......... .......... .......... .......... .......... 63% 6.02M 6s
105250K .......... .......... .......... .......... .......... 63% 15.0M 6s
105300K .......... .......... .......... .......... .......... 63% 11.0M 6s
105350K .......... .......... .......... .......... .......... 63% 80.4M 6s
105400K .......... .......... .......... .......... .......... 63% 5.33M 6s
105450K .......... .......... .......... .......... .......... 63% 90.3M 6s
105500K .......... .......... .......... .......... .......... 63% 81.0M 6s
105550K .......... .......... .......... .......... .......... 63% 5.03M 6s
105600K .......... .......... .......... .......... .......... 64% 8.67M 6s
105650K .......... .......... .......... .......... .......... 64% 12.8M 6s
105700K .......... .......... .......... .......... .......... 64% 63.7M 6s
105750K .......... .......... .......... .......... .......... 64% 77.2M 6s
105800K .......... .......... .......... .......... .......... 64% 3.69M 6s
105850K .......... .......... .......... .......... .......... 64% 23.8M 6s
105900K .......... .......... .......... .......... .......... 64% 11.4M 6s
105950K .......... .......... .......... .......... .......... 64% 5.63M 6s
106000K .......... .......... .......... .......... .......... 64% 11.1M 6s
106050K .......... .......... .......... .......... .......... 64% 44.6M 6s
106100K .......... .......... .......... .......... .......... 64%  443K 6s
106150K .......... .......... .......... .......... .......... 64%  110M 6s
106200K .......... .......... .......... .......... .......... 64% 95.1M 6s
106250K .......... .......... .......... .......... .......... 64% 80.9M 6s
106300K .......... .......... .......... .......... .......... 64%  122M 6s
106350K .......... .......... .......... .......... .......... 64%  100M 6s
106400K .......... .......... .......... .......... .......... 64% 97.6M 6s
106450K .......... .......... .......... .......... .......... 64%  101M 6s
106500K .......... .......... .......... .......... .......... 64%  103M 6s
106550K .......... .......... .......... .......... .......... 64%  104M 6s
106600K .......... .......... .......... .......... .......... 64% 20.6M 6s
106650K .......... .......... .......... .......... .......... 64%  105M 6s
106700K .......... .......... .......... .......... .......... 64%  118M 6s
106750K .......... .......... .......... .......... .......... 64%  103M 6s
106800K .......... .......... .......... .......... .......... 64%  130M 6s
106850K .......... .......... .......... .......... .......... 64%  108M 6s
106900K .......... .......... .......... .......... .......... 64%  101M 6s
106950K .......... .......... .......... .......... .......... 64%  113M 6s
107000K .......... .......... .......... .......... .......... 64%  128M 6s
107050K .......... .......... .......... .......... .......... 64% 96.7M 6s
107100K .......... .......... .......... .......... .......... 64%  124M 6s
107150K .......... .......... .......... .......... .......... 64% 25.0M 6s
107200K .......... .......... .......... .......... .......... 64% 93.9M 6s
107250K .......... .......... .......... .......... .......... 65%  131M 6s
107300K .......... .......... .......... .......... .......... 65%  116M 6s
107350K .......... .......... .......... .......... .......... 65% 84.8M 6s
107400K .......... .......... .......... .......... .......... 65%  112M 6s
107450K .......... .......... .......... .......... .......... 65%  120M 6s
107500K .......... .......... .......... .......... .......... 65% 15.6M 5s
107550K .......... .......... .......... .......... .......... 65% 10.1M 5s
107600K .......... .......... .......... .......... .......... 65% 8.67M 5s
107650K .......... .......... .......... .......... .......... 65% 12.7M 5s
107700K .......... .......... .......... .......... .......... 65% 7.98M 5s
107750K .......... .......... .......... .......... .......... 65% 83.3M 5s
107800K .......... .......... .......... .......... .......... 65%  129M 5s
107850K .......... .......... .......... .......... .......... 65% 4.31M 5s
107900K .......... .......... .......... .......... .......... 65%  102M 5s
107950K .......... .......... .......... .......... .......... 65% 8.74M 5s
108000K .......... .......... .......... .......... .......... 65% 10.1M 5s
108050K .......... .......... .......... .......... .......... 65% 86.4M 5s
108100K .......... .......... .......... .......... .......... 65% 5.48M 5s
108150K .......... .......... .......... .......... .......... 65%  951K 5s
108200K .......... .......... .......... .......... .......... 65%  104M 5s
108250K .......... .......... .......... .......... .......... 65%  108M 5s
108300K .......... .......... .......... .......... .......... 65% 83.3M 5s
108350K .......... .......... .......... .......... .......... 65%  109M 5s
108400K .......... .......... .......... .......... .......... 65%  110M 5s
108450K .......... .......... .......... .......... .......... 65% 1.17M 5s
108500K .......... .......... .......... .......... .......... 65% 81.7M 5s
108550K .......... .......... .......... .......... .......... 65%  104M 5s
108600K .......... .......... .......... .......... .......... 65% 1.15M 5s
108650K .......... .......... .......... .......... .......... 65%  328K 6s
108700K .......... .......... .......... .......... .......... 65% 1.54M 6s
108750K .......... .......... .......... .......... .......... 65% 8.60M 6s
108800K .......... .......... .......... .......... .......... 65% 84.1M 6s
108850K .......... .......... .......... .......... .......... 65% 80.5M 5s
108900K .......... .......... .......... .......... .......... 66% 85.6M 5s
108950K .......... .......... .......... .......... .......... 66% 2.65M 5s
109000K .......... .......... .......... .......... .......... 66% 90.7M 5s
109050K .......... .......... .......... .......... .......... 66% 62.4M 5s
109100K .......... .......... .......... .......... .......... 66% 82.7M 5s
109150K .......... .......... .......... .......... .......... 66% 85.6M 5s
109200K .......... .......... .......... .......... .......... 66% 83.0M 5s
109250K .......... .......... .......... .......... .......... 66% 78.9M 5s
109300K .......... .......... .......... .......... .......... 66% 80.2M 5s
109350K .......... .......... .......... .......... .......... 66% 1.72M 5s
109400K .......... .......... .......... .......... .......... 66% 8.34M 5s
109450K .......... .......... .......... .......... .......... 66% 86.2M 5s
109500K .......... .......... .......... .......... .......... 66% 9.06M 5s
109550K .......... .......... .......... .......... .......... 66% 6.80M 5s
109600K .......... .......... .......... .......... .......... 66% 8.98M 5s
109650K .......... .......... .......... .......... .......... 66% 85.7M 5s
109700K .......... .......... .......... .......... .......... 66% 87.7M 5s
109750K .......... .......... .......... .......... .......... 66% 4.00M 5s
109800K .......... .......... .......... .......... .......... 66% 79.9M 5s
109850K .......... .......... .......... .......... .......... 66% 6.43M 5s
109900K .......... .......... .......... .......... .......... 66% 5.25M 5s
109950K .......... .......... .......... .......... .......... 66% 85.2M 5s
110000K .......... .......... .......... .......... .......... 66% 70.2M 5s
110050K .......... .......... .......... .......... .......... 66% 3.87M 5s
110100K .......... .......... .......... .......... .......... 66% 14.9M 5s
110150K .......... .......... .......... .......... .......... 66% 5.68M 5s
110200K .......... .......... .......... .......... .......... 66% 71.8M 5s
110250K .......... .......... .......... .......... .......... 66% 11.5M 5s
110300K .......... .......... .......... .......... .......... 66% 12.5M 5s
110350K .......... .......... .......... .......... .......... 66% 35.1M 5s
110400K .......... .......... .......... .......... .......... 66% 86.7M 5s
110450K .......... .......... .......... .......... .......... 66% 7.56M 5s
110500K .......... .......... .......... .......... .......... 66% 6.99M 5s
110550K .......... .......... .......... .......... .......... 67% 88.9M 5s
110600K .......... .......... .......... .......... .......... 67% 7.20M 5s
110650K .......... .......... .......... .......... .......... 67% 78.3M 5s
110700K .......... .......... .......... .......... .......... 67% 9.84M 5s
110750K .......... .......... .......... .......... .......... 67% 9.25M 5s
110800K .......... .......... .......... .......... .......... 67% 8.32M 5s
110850K .......... .......... .......... .......... .......... 67% 12.5M 5s
110900K .......... .......... .......... .......... .......... 67% 9.57M 5s
110950K .......... .......... .......... .......... .......... 67% 81.6M 5s
111000K .......... .......... .......... .......... .......... 67% 75.7M 5s
111050K .......... .......... .......... .......... .......... 67% 3.86M 5s
111100K .......... .......... .......... .......... .......... 67% 9.91M 5s
111150K .......... .......... .......... .......... .......... 67% 12.5M 5s
111200K .......... .......... .......... .......... .......... 67% 5.53M 5s
111250K .......... .......... .......... .......... .......... 67% 97.0M 5s
111300K .......... .......... .......... .......... .......... 67% 88.9M 5s
111350K .......... .......... .......... .......... .......... 67% 4.21M 5s
111400K .......... .......... .......... .......... .......... 67% 82.8M 5s
111450K .......... .......... .......... .......... .......... 67% 97.5M 5s
111500K .......... .......... .......... .......... .......... 67% 4.44M 5s
111550K .......... .......... .......... .......... .......... 67% 73.7M 5s
111600K .......... .......... .......... .......... .......... 67% 79.4M 5s
111650K .......... .......... .......... .......... .......... 67% 3.78M 5s
111700K .......... .......... .......... .......... .......... 67% 95.8M 5s
111750K .......... .......... .......... .......... .......... 67% 5.06M 5s
111800K .......... .......... .......... .......... .......... 67% 73.3M 5s
111850K .......... .......... .......... .......... .......... 67% 77.5M 5s
111900K .......... .......... .......... .......... .......... 67% 4.32M 5s
111950K .......... .......... .......... .......... .......... 67% 10.3M 5s
112000K .......... .......... .......... .......... .......... 67% 80.6M 5s
112050K .......... .......... .......... .......... .......... 67% 5.85M 5s
112100K .......... .......... .......... .......... .......... 67% 93.8M 5s
112150K .......... .......... .......... .......... .......... 67% 8.14M 5s
112200K .......... .......... .......... .......... .......... 68% 8.08M 5s
112250K .......... .......... .......... .......... .......... 68% 89.6M 5s
112300K .......... .......... .......... .......... .......... 68% 5.25M 5s
112350K .......... .......... .......... .......... .......... 68% 81.6M 5s
112400K .......... .......... .......... .......... .......... 68% 7.58M 5s
112450K .......... .......... .......... .......... .......... 68% 9.23M 5s
112500K .......... .......... .......... .......... .......... 68% 7.72M 5s
112550K .......... .......... .......... .......... .......... 68% 63.0M 5s
112600K ........[100%] Linking CXX executable ../../bin/jsoncpp_test
.. .......... .......... .......... .......... 68% 7.94M 5s
112650K .......... .......... .......... .......... .......... 68% 9.65M 5s
112700K .......... .......... .......... .......... .......... 68%  135M 5s
112750K .......... .......... .......... .......... .......... 68%  132M 5s
112800K .......... .......... .......... .......... .......... 68% 4.50M 5s
112850K .......... .......... .......... .......... .......... 68% 6.97M 5s
112900K .......... .......... .......... .......... .......... 68% 13.7M 5s
112950K .......... .......... .......... .......... .......... 68%  124M 5s
113000K .......... .......... .......... .......... .......... 68% 4.57M 5s
113050K .......... .......... .......... .......... .......... 68% 99.6M 5s
113100K .......... .......... .......... .......... .......... 68%  123M 5s
113150K .......... .......... .......... .......... .......... 68% 6.38M 5s
113200K .......... .......... .......... .......... .......... 68% 4.86M 5s
113250K .......... .......... .......... .......... .......... 68% 16.2M 5s
113300K .......... .......... .......... .......... .......... 68% 9.51M 5s
113350K .......... .......... .......... .......... .......... 68% 12.3M 5s
113400K .......... .......... .......... .......... .......... 68%  109M 5s
113450K .......... .......... .......... .......... .......... 68% 4.56M 5s
113500K .......... .......... .......... .......... .......... 68%  103M 5s
113550K .......... .......... .......... .......... .......... 68% 89.9M 5s
113600K .......... .......... .......... .......... .......... 68% 74.8M 5s
113650K .......... .......... .......... .......... .......... 68% 2.75M 5s
113700K .......... .......... .......... .......... .......... 68%  105M 5s
113750K .......... .......... .......... .......... .......... 68% 92.0M 5s
113800K .......... .......... .......... .......... .......... 68% 3.62M 5s
113850K ......Testing ValueTest/checkNormalizeFloatingPointStr: OK
Testing ValueTest/memberCount: OK
Testing ValueTest/objects: OK
Testing ValueTest/arrays: OK
Testing ValueTest/resizeArray: OK
Testing ValueTest/resizePopulatesAllMissingElements: OK
Testing ValueTest/getArrayValue: OK
Testing ValueTest/arrayIssue252: OK
Testing ValueTest/arrayInsertAtRandomIndex: OK
Testing ValueTest/null: OK
Testing ValueTest/strings: OK
Testing ValueTest/bools: OK
Testing ValueTest/integers: OK
Testing ValueTest/nonIntegers: OK
Testing ValueTest/compareNull: OK
Testing ValueTest/compareInt: OK
Testing ValueTest/compareUInt: OK
Testing ValueTest/compareDouble: OK
Testing ValueTest/compareString: OK
Testing ValueTest/compareBoolean: OK
Testing ValueTest/compareArray: OK
Testing ValueTest/compareObject: OK
Testing ValueTest/compareType: OK
Testing ValueTest/CopyObject: OK
Testing ValueTest/typeChecksThrowExceptions: OK
Testing ValueTest/offsetAccessors: OK
Testing ValueTest/StaticString: OK
Testing ValueTest/WideString: OK
Testing ValueTest/CommentBefore: OK
Testing ValueTest/zeroes: OK
Testing ValueTest/zeroesInKeys: OK
Testing ValueTest/specialFloats: OK
Testing ValueTest/precision: OK
Testing ValueTest/searchValueByPath: OK
Testing FastWriterTest/dropNullPlaceholders: OK
Testing FastWriterTest/enableYAMLCompatibility: .OK
.Testing FastWriterTest/omitEndingLineFeed: .OK
Testing FastWriterTest/writeNumericValue: . ....OK
Testing FastWriterTest/writeArrays: OK
Testing FastWriterTest/writeNestedObjects: OK
Testing StyledWriterTest/writeNumericValue: .....OK
.Testing StyledWriterTest/writeArrays:  ..OK
Testing StyledWriterTest/writeNestedObjects: OK
Testing StyledWriterTest/multiLineArray: OK
Testing StyledWriterTest/writeValueWithComment: OK
Testing StyledStreamWriterTest/writeNumericValue: OK
Testing StyledStreamWriterTest/writeArrays: OK
Testing StyledStreamWriterTest/writeNestedObjects: OK
Testing StyledStreamWriterTest/multiLineArray: ........OK
Testing StyledStreamWriterTest/writeValueWithComment: OK
Testing StreamWriterTest/writeNumericValue:  .OK
.Testing StreamWriterTest/writeArrays: ......OK
Testing StreamWriterTest/writeNestedObjects: OK
Testing StreamWriterTest/multiLineArray: OK
Testing StreamWriterTest/dropNullPlaceholders: OK
Testing StreamWriterTest/enableYAMLCompatibility: OK
Testing StreamWriterTest/indentation: OK
Testing StreamWriterTest/writeZeroes: .OK
.Testing StreamWriterTest/unicode:  ......OK
Testing StreamWriterTest/escapeControlCharacters: .... 69% 15.6M 5s
113900K .......... .......... .......... .......... .......... 69%  140M 5s
113950K .......... .......... .......... .......... .......... 69%  146M 5sOK
Testing ReaderTest/parseWithNoErrors: OK
Testing ReaderTest/parseObject: OK
Testing ReaderTest/parseArray: OK
Testing ReaderTest/parseString: OK
Testing ReaderTest/parseComment: OK
Testing ReaderTest/streamParseWithNoErrors: OK
Testing ReaderTest/parseWithNoErrorsTestingOffsets: OK
Testing ReaderTest/parseWithOneError: OK
Testing ReaderTest/parseSpecialFloat: OK
Testing ReaderTest/strictModeParseNumber: OK
Testing ReaderTest/parseChineseWithOneError: OK
Testing ReaderTest/parseWithDetailError: OK
Testing ReaderTest/pushErrorTest: OK
Testing ReaderTest/allowNumericKeysTest: OK
Testing CharReaderTest/parseWithNoErrors: OK
Testing CharReaderTest/parseWithNoErrorsTestingOffsets: OK
Testing CharReaderTest/parseNumber: OK
Testing CharReaderTest/parseString: OK
Testing CharReaderTest/parseComment: OK
Testing CharReaderTest/parseObjectWithErrors: OK
Testing CharReaderTest/parseArrayWithErrors: OK
Testing CharReaderTest/parseWithOneError: OK
Testing CharReaderTest/parseChineseWithOneError: OK
Testing CharReaderTest/parseWithDetailError: OK
Testing CharReaderTest/parseWithStackLimit: OK
Testing CharReaderTest/testOperator: OK
Testing CharReaderStrictModeTest/dupKeys: OK
Testing CharReaderFailIfExtraTest/issue164: OK
Testing CharReaderFailIfExtraTest/issue107: OK
Testing CharReaderFailIfExtraTest/commentAfterObject: OK
Testing CharReaderFailIfExtraTest/commentAfterArray: OK
Testing CharReaderFailIfExtraTest/commentAfterBool: OK
Testing CharReaderFailIfExtraTest/parseComment: OK
Testing CharReaderAllowDropNullTest/issue178: OK
Testing CharReaderAllowNumericKeysTest/allowNumericKeys: OK
Testing CharReaderAllowSingleQuotesTest/issue182: OK
Testing CharReaderAllowZeroesTest/issue176: OK
Testing CharReaderAllowSpecialFloatsTest/specialFloat: OK
Testing CharReaderAllowSpecialFloatsTest/issue209: OK
Testing EscapeSequenceTest/readerParseEscapeSequence: OK
Testing EscapeSequenceTest/charReaderParseEscapeSequence: OK
Testing EscapeSequenceTest/writeEscapeSequence: OK
Testing BuilderTest/settings: OK
Testing BomTest/skipBom: OK
Testing BomTest/notSkipBom: OK
Testing IteratorTest/convert: OK
Testing IteratorTest/decrement: OK
Testing IteratorTest/reverseIterator: OK
Testing IteratorTest/distance: OK
Testing IteratorTest/nullValues: OK
Testing IteratorTest/staticStringKey: OK
Testing IteratorTest/names: OK
Testing IteratorTest/indexes: OK
Testing IteratorTest/constness: OK
Testing RValueTest/moveConstruction: OK
Testing FuzzTest/fuzzDoesntCrash: OK
Testing MemberTemplateAs/BehavesSameAsNamedAs: OK
Testing MemberTemplateIs/BehavesSameAsNamedIs: OK
Testing VersionTest/VersionNumbersMatch: OK
All 119 tests passed
make[3]: Leaving directory '/workspace/MLX_dev/third_party/dsa-framework/dsa-scheduler/3rd-party/jsoncpp/build'

114000K .......... .......... .......... .......... .......... 69% 3.65M 5s
114050K .......... .......... ..........[100%] Built target jsoncpp_test
make[2]: Leaving directory '/workspace/MLX_dev/third_party/dsa-framework/dsa-scheduler/3rd-party/jsoncpp/build'
 .......... .......... 69% 6.11M 5s
114100K .......... .......... .......... .......... .......... 69% 19.0M 5s
114150K .......... .......... .......... .......... .......... 69%  129M 5s
114200K .......... .......... .......... .......... .......... 69%  145M 5s
114250K .......... .......... .......... .......... .......... 69% 5.12M 5s
114300K .......... .......... .......... .......... .......... 69% 11.5M 5s
114350K .......... .......... .......... ....Install the project...
...... .......... 69% 67.4M 5s
114400K .......... .......... .......... .......... .......... 69% 9.70M 5s
114450K .......... .......... .......... .......... .......... 69% 86.3M 5s
114500K .......... .......... ...-- Install configuration: "Release"
-- Installing: /workspace/MLX_dev/third_party/dsa-framework/ss-tools/lib/pkgconfig/jsoncpp.pc
-- Installing: /workspace/MLX_dev/third_party/dsa-framework/ss-tools/lib/cmake/jsoncpp/jsoncpp-targets.cmake
-- Installing: /workspace/MLX_dev/third_party/dsa-framework/ss-tools/lib/cmake/jsoncpp/jsoncpp-targets-release.cmake
-- Installing: /workspace/MLX_dev/third_party/dsa-framework/ss-tools/lib/cmake/jsoncpp/jsoncppConfigVersion.cmake
-- Installing: /workspace/MLX_dev/third_party/dsa-framework/ss-tools/lib/cmake/jsoncpp/jsoncppConfig.cmake
-- Installing: /workspace/MLX_dev/third_party/dsa-framework/ss-tools/lib/cmake/jsoncpp/jsoncpp-namespaced-targets.cmake
-- Installing: /workspace/MLX_dev/third_party/dsa-framework/ss-tools/lib/libjsoncpp.so.1.9.4
-- Installing: /workspace/MLX_dev/third_party/dsa-framework/ss-tools/lib/libjsoncpp.so.24
-- Installing: /workspace/MLX_dev/third_party/dsa-framework/ss-tools/lib/libjsoncpp.so
-- Installing: /workspace/MLX_dev/third_party/dsa-framework/ss-tools/lib/libjsoncpp.a
....... .......... .......... 69% 6.93M 5s
114550K .....-- Installing: /workspace/MLX_dev/third_party/dsa-framework/ss-tools/lib/objects-Release/jsoncpp_object/json_reader.cpp.o
..... .......... .......... .......-- Installing: /workspace/MLX_dev/third_party/dsa-framework/ss-tools/lib/objects-Release/jsoncpp_object/json_value.cpp.o
-- Installing: /workspace/MLX_dev/third_party/dsa-framework/ss-tools/lib/objects-Release/jsoncpp_object/json_writer.cpp.o
-- Installing: /workspace/MLX_dev/third_party/dsa-framework/ss-tools/include/json/allocator.h
-- Installing: /workspace/MLX_dev/third_party/dsa-framework/ss-tools/include/json/assertions.h
-- Installing: /workspace/MLX_dev/third_party/dsa-framework/ss-tools/include/json/config.h
-- Installing: /workspace/MLX_dev/third_party/dsa-framework/ss-tools/include/json/forwards.h
-- Installing: /workspace/MLX_dev/third_party/dsa-framework/ss-tools/include/json/json.h
-- Installing: /workspace/MLX_dev/third_party/dsa-framework/ss-tools/include/json/json_features.h
-- Installing: /workspace/MLX_dev/third_party/dsa-framework/ss-tools/include/json/reader.h
-- Installing: /workspace/MLX_dev/third_party/dsa-framework/ss-tools/include/json/value.h
-- Installing: /workspace/MLX_dev/third_party/dsa-framework/ss-tools/include/json/version.h
-- Installing: /workspace/MLX_dev/third_party/dsa-framework/ss-tools/include/json/writer.h
make[1]: Leaving directory '/workspace/MLX_dev/third_party/dsa-framework/dsa-scheduler/3rd-party/jsoncpp/build'
... .......... 69% 10.1M 5s
114600K .......... .......... .......... .......... .......... 69% 12.6M 5s
114650K .......... .......... .......... .......... .......... 69% 11.3M 5s
114700K .......... .......... .......... .......... .......... 69% 19.8M 5s
114750K .......... .......... .......... .......... .......... 69% 10.3M 5s
114800K .......... .......... .......... .......... .......... 69% 9.21M 5s
114850K .......... .......... .......... .......... .......... 69% 73.3M 5s
114900K .......... .......... .......... .......... .......... 69% 79.7M 5s
114950K .......... .......... .......... .......... .......... 69% 80.0M 5s
115000K .......... .......... .......... .......... .......... 69% 3.17M 5s
115050K .......... .......... .......... .......... .......... 69% 5.74M 5s
115100K .......... .......... .......... .......... .......... 69%  112M 5s
115150K .......... .......... .......... .......... .......... 69% 6.93M 5s
115200K .......... .......... .......... .......... .......... 69% 5.14M 5s
115250K .......... .......... .......... .......... .......... 69% 11.6M 5s
115300K .......... .......... .......... .......... .......... 69% 66.7M 5s
115350K .......... .......... .......... .......... .......... 69% 6.74M 5s
115400K .......... .......... .......... .......... .......... 69% 32.8M 5s
115450K .......... .......... .......... .......... .......... 69%  830K 5s
115500K .......... .......... .......... .......... .......... 70% 87.6M 5s
115550K .......... .......... .......... .......... .......... 70% 92.9M 5s
115600K .......... .......... .......... .......... .......... 70% 75.4M 5s
115650K .......... .......... .......... .......... .......... 70% 58.1M 5s
115700K .......... .......... .......... .......... .......... 70% 90.3M 5s
115750K .......... .......... .......... .......... .......... 70% 80.1M 5s
115800K .......... .......... .......... .......... .......... 70% 69.4M 5s
115850K .......... .......... .......... .......... .......... 70% 66.3M 5s
115900K .......... .......... .......... .......... .......... 70% 80.7M 5s
115950K .......... .......... .......... .......... .......... 70% 79.1M 5s
116000K .......... .......... .......... .......... .......... 70% 24.3M 5s
116050K .......... .......... .......... .......... .......... 70% 36.1M 5s
116100K .......... .......... .......... .......... .......... 70% 87.3M 5s
116150K .......... .......... .......... .......... .......... 70% 27.7M 5s
116200K .......... .......... .......... .......... .......... 70%  102M 5s
116250K .......... .......... .......... .......... .......... 70% 9.08M 5s
116300K .......... .......... .......... .......... .......... 70% 4.98M 5s
116350K .......... .......... .......... .......... .......... 70% 89.9M 5s
116400K .......... .......... .......... .......... .......... 70% 11.9M 5s
116450K .......... .......... .......... .......... .......... 70% 8.84M 5s
116500K .......... .......... .......... .......... .......... 70% 10.8M 5s
116550K .......... .......... .......... .......... .......... 70%  111M 5s
116600K .......... .......... .......... .......... .......... 70% 5.27M 5s
116650K .......... .......... .......... .......... .......... 70% 96.0M 5s
116700K .......... .......... .......... .......... .......... 70% 91.0M 5s
116750K .......... .......... .......... .......... .......... 70% 97.6M 5s
116800K .......... .......... .......... .......... .......... 70% 75.9M 5s
116850K .......... .......... .......... .......... .......... 70%  700K 5s
116900K .......... .......... .......... .......... .......... 70% 89.6M 5s
116950K .......... .......... .......... .......... .......... 70%  124M 5s
117000K .......... .......... .......... .......... .......... 70%  114M 5s
117050K .......... .......... .......... .......... .......... 70%  116M 5s
117100K .......... .......... .......... .......... .......... 70% 98.0M 5s
117150K .......... .......... .......... .......... .......... 71%  107M 5s
117200K .......... .......... .......... .......... .......... 71% 86.5M 5s
117250K .......... .......... .......... .......... .......... 71%  108M 5s
117300K .......... .......... .......... .......... .......... 71%  100M 5s
117350K .......... .......... .......... .......... .......... 71% 31.7M 5s
117400K .......... .......... .......... .......... .......... 71% 95.0M 5s
117450K .......... .......... .......... .......... .......... 71%  136M 5s
117500K .......... .......... .......... .......... .......... 71% 52.8M 5s
117550K .......... .......... .......... .......... .......... 71% 80.9M 5s
117600K .......... .......... .......... .......... .......... 71% 49.7M 5s
117650K .......... .......... .......... .......... .......... 71% 3.30M 5s
117700K .......... .......... .......... .......... .......... 71% 6.84M 5s
117750K .......... .......... .......... .......... .......... 71% 80.2M 5s
117800K .......... .......... .......... .......... .......... 71% 75.6M 5s
117850K .......... .......... .......... .......... .......... 71% 83.9M 5s
117900K .......... .......... .......... .......... .......... 71% 2.69M 5s
117950K .......... .......... .......... .......... .......... 71% 86.6M 5s
118000K .......... .......... .......... .......... .......... 71% 6.53M 5s
118050K .......... .......... .......... .......... .......... 71% 78.3M 5s
118100K .......... .......... .......... .......... .......... 71%  940K 5s
118150K .......... .......... .......... .......... .......... 71% 81.8M 5s
118200K .......... .......... .......... .......... .......... 71% 74.1M 5s
118250K .......... .......... .......... .......... .......... 71% 72.5M 5s
118300K .......... .......... .......... .......... .......... 71% 82.6M 5s
118350K .......... .......... .......... .......... .......... 71% 97.8M 5s
118400K .......... .......... .......... .......... .......... 71% 65.3M 5s
118450K .......... .......... .......... .......... .......... 71% 1.94M 5s
118500K .......... .......... .......... .......... .......... 71% 65.6M 5s
118550K .......... .......... .......... .......... .......... 71% 98.3M 5s
118600K .......... .......... .......... .......... .......... 71% 80.2M 5s
118650K .......... .......... .......... .......... .......... 71% 64.3M 5s
118700K .......... .......... .......... .......... .......... 71% 78.2M 5s
118750K .......... .......... .......... .......... .......... 71% 83.0M 5s
118800K .......... .......... .......... .......... .......... 72% 79.0M 5s
118850K .......... .......... .......... .......... .......... 72% 76.7M 5s
118900K .......... .......... .......... .......... .......... 72% 89.9M 4s
118950K .......... .......... .......... .......... .......... 72% 27.4M 4s
119000K .......... .......... .......... .......... .......... 72%  123M 4s
119050K .......... .......... .......... .......... .......... 72% 55.5M 4s
119100K .......... .......... .......... .......... .......... 72% 15.4M 4s
119150K .......... .......... .......... .......... .......... 72%  124M 4s
119200K .......... .......... .......... .......... .......... 72% 5.93M 4s
119250K .......... .......... .......... .......... .......... 72% 12.7M 4s
119300K .......... .......... .......... .......... .......... 72% 8.35M 4s
119350K .......... .......... .......... .......... .......... 72%  120M 4s
119400K .......... .......... .......... .......... .......... 72% 9.60M 4s
119450K .......... .......... .......... .......... .......... 72%  103M 4s
119500K .......... .......... .......... .......... .......... 72% 4.13M 4s
119550K .......... .......... .......... .......... .......... 72% 8.61M 4s
119600K .......... .......... .......... .......... .......... 72% 89.9M 4s
119650K .......... .......... .......... .......... .......... 72%  112M 4s
119700K .......... .......... .......... .......... .......... 72%  111M 4s
119750K .......... .......... .......... .......... .......... 72% 99.8M 4s
119800K .......... .......... .......... .......... .......... 72% 2.75M 4s
119850K .......... .......... .......... .......... .......... 72% 18.2M 4s
119900K .......... .......... .......... .......... .......... 72% 5.90M 4s
119950K .......... .......... .......... .......... .......... 72%  122M 4s
120000K .......... .......... .......... .......... .......... 72%  118M 4s
120050K .......... .......... .......... .......... .......... 72% 3.90M 4s
120100K .......... .......... .......... .......... .......... 72% 9.57M 4s
120150K .......... .......... .......... .......... .......... 72% 18.2M 4s
120200K .......... .......... .......... .......... .......... 72% 8.43M 4s
120250K .......... .......... .......... .......... .......... 72%  126M 4s
120300K .......... .......... .......... .......... .......... 72% 6.81M 4s
120350K .......... .......... .......... .......... .......... 72% 83.7M 4s
120400K .......... .......... .......... .......... .......... 72% 5.16M 4s
120450K .......... .......... .......... .......... .......... 73% 8.34M 4s
120500K .......... .......... .......... .......... .......... 73% 11.4M 4s
120550K .......... .......... .......... .......... .......... 73% 12.7M 4s
120600K .......... .......... .......... .......... .......... 73% 13.4M 4s
120650K .......... .......... .......... .......... .......... 73% 7.50M 4s
120700K .......... .......... .......... .......... .......... 73% 16.9M 4s
120750K .......... .......... .......... .......... .......... 73% 9.60M 4s
120800K .......... .......... .......... .......... .......... 73% 10.2M 4s
120850K .......... .......... .......... .......... .......... 73% 17.5M 4s
120900K .......... .......... .......... .......... .......... 73% 9.90M 4s
120950K .......... .......... .......... .......... .......... 73% 9.37M 4s
121000K .......... .......... .......... .......... .......... 73% 99.8M 4s
121050K .......... .......... .......... .......... .......... 73% 6.65M 4s
121100K .......... .......... .......... .......... .......... 73% 6.51M 4s
121150K .......... .......... .......... .......... .......... 73% 94.0M 4s
121200K .......... .......... .......... .......... .......... 73% 7.32M 4s
121250K .......... .......... .......... .......... .......... 73% 9.01M 4s
121300K .......... .......... .......... .......... .......... 73%  134M 4s
121350K .......... .......... .......... .......... .......... 73% 5.21M 4s
121400K .......... .......... .......... .......... .......... 73% 18.3M 4s
121450K .......... .......... .......... .......... .......... 73% 6.02M 4s
121500K .......... .......... .......... .......... .......... 73%  119M 4s
121550K .......... .......... .......... .......... .......... 73% 4.45M 4s
121600K .......... .......... .......... .......... .......... 73% 13.6M 4s
121650K .......... .......... .......... .......... .......... 73% 10.2M 4s
121700K .......... .......... .......... .......... .......... 73% 8.87M 4s
121750K .......... .......... .......... .......... .......... 73% 10.6M 4s
121800K .......... .......... .......... .......... .......... 73% 5.03M 4s
121850K .......... .......... .......... .......... .......... 73% 23.3M 4s
121900K .......... .......... .......... .......... .......... 73% 29.3M 4s
121950K .......... .......... .......... .......... .......... 73% 12.0M 4s
122000K .......... .......... .......... .......... .......... 73% 12.2M 4s
122050K .......... .......... .......... .......... .......... 73% 19.4M 4s
122100K .......... .......... .......... .......... .......... 74% 24.9M 4s
122150K .......... .......... .......... .......... .......... 74% 12.1M 4s
122200K .......... .......... .......... .......... .......... 74% 10.9M 4s
122250K .......... .......... .......... .......... .......... 74% 9.23M 4s
122300K .......... .......... .......... .......... .......... 74%  131M 4s
122350K .......... .......... .......... .......... .......... 74% 5.47M 4s
122400K .......... .......... .......... .......... .......... 74% 9.81M 4s
122450K .......... .......... .......... .......... .......... 74% 24.0M 4s
122500K .......... .......... .......... .......... .......... 74%  953K 4s
122550K .......... .......... .......... .......... .......... 74%  105M 4s
122600K .......... .......... .......... .......... .......... 74% 65.2M 4s
122650K .......... .......... .......... .......... .......... 74%  100M 4s
122700K .......... .......... .......... .......... .......... 74% 78.8M 4s
122750K .......... .......... .......... .......... .......... 74% 82.5M 4s
122800K .......... .......... .......... .......... .......... 74% 80.7M 4s
122850K .......... .......... .......... .......... .......... 74% 54.5M 4s
122900K .......... .......... .......... .......... .......... 74% 90.0M 4s
122950K .......... .......... .......... .......... .......... 74% 78.3M 4s
123000K .......... .......... .......... .......... .......... 74% 40.3M 4s
123050K .......... .......... .......... .......... .......... 74% 26.1M 4s
123100K .......... .......... .......... .......... .......... 74% 67.6M 4s
123150K .......... .......... .......... .......... .......... 74% 33.3M 4s
123200K .......... .......... .......... .......... .......... 74% 13.6M 4s
123250K .......... .......... .......... .......... .......... 74% 8.48M 4s
123300K .......... .......... .......... .......... .......... 74% 9.26M 4s
123350K .......... .......... .......... .......... .......... 74% 78.9M 4s
123400K .......... .......... .......... .......... .......... 74% 74.6M 4s
123450K .......... .......... .......... .......... .......... 74% 3.70M 4s
123500K .......... .......... .......... .......... .......... 74% 11.5M 4s
123550K .......... .......... .......... .......... .......... 74% 17.3M 4s
123600K .......... .......... .......... .......... .......... 74% 62.4M 4s
123650K .......... .......... .......... .......... .......... 74% 5.33M 4s
123700K .......... .......... .......... .......... .......... 74% 8.04M 4s
123750K .......... .......... .......... .......... .......... 75% 17.2M 4s
123800K .......... .......... .......... .......... .......... 75% 13.0M 4s
123850K .......... .......... .......... .......... .......... 75% 79.9M 4s
123900K .......... .......... .......... .......... .......... 75% 81.3M 4s
123950K .......... .......... .......... .......... .......... 75% 3.75M 4s
124000K .......... .......... .......... .......... .......... 75%  920K 4s
124050K .......... .......... .......... .......... .......... 75% 73.3M 4s
124100K .......... .......... .......... .......... .......... 75% 77.9M 4s
124150K .......... .......... .......... .......... .......... 75% 59.0M 4s
124200K .......... .......... .......... .......... .......... 75%  114M 4s
124250K .......... .......... .......... .......... .......... 75% 86.5M 4s
124300K .......... .......... .......... .......... .......... 75% 96.8M 4s
124350K .......... .......... .......... .......... .......... 75%  105M 4s
124400K .......... .......... .......... .......... .......... 75% 88.2M 4s
124450K .......... .......... .......... .......... .......... 75%  113M 4s
124500K .......... .......... .......... .......... .......... 75% 30.5M 4s
124550K .......... .......... .......... .......... .......... 75% 99.4M 4s
124600K .......... .......... .......... .......... .......... 75% 41.2M 4s
124650K .......... .......... .......... .......... .......... 75%  113M 4s
124700K .......... .......... .......... .......... .......... 75% 6.24M 4s
124750K .......... .......... .......... .......... .......... 75% 11.3M 4s
124800K .......... .......... .......... .......... .......... 75% 16.7M 4s
124850K .......... .......... .......... .......... .......... 75% 6.84M 4s
124900K .......... .......... .......... .......... .......... 75% 99.3M 4s
124950K .......... .......... .......... .......... .......... 75% 8.35M 4s
125000K .......... .......... .......... .......... .......... 75% 12.9M 4s
125050K .......... .......... .......... .......... .......... 75% 8.59M 4s
125100K .......... .......... .......... .......... .......... 75%  117M 4s
125150K .......... .......... .......... .......... .......... 75% 5.06M 4s
125200K .......... .......... .......... .......... .......... 75% 12.3M 4s
125250K .......... .......... .......... .......... .......... 75% 6.86M 4s
125300K .......... .......... .......... .......... .......... 75% 10.3M 4s
125350K .......... .......... .......... .......... .......... 75% 7.22M 4s
125400K .......... .......... .......... .......... .......... 75%  100M 4s
125450K .......... .......... .......... .......... .......... 76%  108M 4s
125500K .......... .......... .......... .......... .......... 76% 2.91M 4s
125550K .......... .......... .......... .......... .......... 76% 21.5M 4s
125600K .......... .......... .......... .......... .......... 76% 6.60M 4s
125650K .......... .......... .......... .......... .......... 76% 11.7M 4s
125700K .......... .......... .......... .......... .......... 76% 98.5M 4s
125750K .......... .......... .......... .......... .......... 76% 8.54M 4s
125800K .......... .......... .......... .......... .......... 76% 83.0M 4s
125850K .......... .......... .......... .......... .......... 76% 15.7M 4s
125900K .......... .......... .......... .......... .......... 76%  106M 4s
125950K .......... .......... .......... .......... .......... 76% 6.44M 4s
126000K .......... .......... .......... .......... .......... 76% 18.2M 4s
126050K .......... .......... .......... .......... .......... 76% 6.84M 4s
126100K .......... .......... .......... .......... .......... 76% 13.6M 4s
126150K .......... .......... .......... .......... .......... 76%  922K 4s
126200K .......... .......... .......... .......... .......... 76% 88.7M 4s
126250K .......... .......... .......... .......... .......... 76%  117M 4s
126300K .......... .......... .......... .......... .......... 76%  125M 4s
126350K .......... .......... .......... .......... .......... 76%  119M 4s
126400K .......... .......... .......... .......... .......... 76% 78.2M 4s
126450K .......... .......... .......... .......... .......... 76%  109M 4s
126500K .......... .......... .......... .......... .......... 76%  113M 4s
126550K .......... .......... .......... .......... .......... 76% 97.2M 4s
126600K .......... .......... .......... .......... .......... 76%  111M 4s
126650K .......... .......... .......... .......... .......... 76%  115M 4s
126700K .......... .......... .......... .......... .......... 76% 31.5M 4s
126750K .......... .......... .......... .......... .......... 76% 93.4M 4s
126800K .......... .......... .......... .......... .......... 76% 81.7M 4s
126850K .......... .......... .......... .......... .......... 76% 11.4M 4s
126900K .......... .......... .......... .......... .......... 76% 6.62M 4s
126950K .......... .......... .......... .......... .......... 76% 83.0M 4s
127000K .......... .......... .......... .......... .......... 76% 87.4M 4s
127050K .......... .......... .......... .......... .......... 76%  114M 4s
127100K .......... .......... .......... .......... .......... 77% 3.08M 4s
127150K .......... .......... .......... .......... .......... 77% 87.4M 4s
127200K .......... .......... .......... .......... .......... 77% 96.8M 4s
127250K .......... .......... .......... .......... .......... 77% 4.15M 4s
127300K .......... .......... .......... .......... .......... 77% 98.4M 4s
127350K .......... .......... .......... .......... .......... 77% 99.5M 4s
127400K .......... .......... .......... .......... .......... 77% 3.50M 4s
127450K .......... .......... .......... .......... .......... 77% 98.9M 4s
127500K .......... .......... .......... .......... .......... 77% 99.8M 4s
127550K .......... .......... .......... .......... .......... 77% 4.01M 4s
127600K .......... .......... .......... .......... .......... 77%  108M 4s
127650K .......... .......... .......... .......... .......... 77% 5.66M 4s
127700K .......... .......... .......... .......... .......... 77% 14.0M 4s
127750K .......... .......... .......... .......... .......... 77% 6.83M 4s
127800K .......... .......... .......... .......... .......... 77% 22.6M 4s
127850K .......... .......... .......... .......... .......... 77% 9.82M 4s
127900K .......... .......... .......... .......... .......... 77% 96.3M 4s
127950K .......... .......... .......... .......... .......... 77% 92.3M 4s
128000K .......... .......... .......... .......... .......... 77% 3.65M 4s
128050K .......... .......... .......... .......... .......... 77% 9.14M 4s
128100K .......... .......... .......... .......... .......... 77% 16.5M 4s
128150K .......... .......... .......... .......... .......... 77% 15.1M 4s
128200K .......... .......... .......... .......... .......... 77%  126M 4s
128250K .......... .......... .......... .......... .......... 77% 5.08M 4s
128300K .......... .......... .......... .......... .......... 77% 20.7M 4s
128350K .......... .......... .......... .......... .......... 77% 6.19M 4s
128400K .......... .......... .......... .......... .......... 77% 14.1M 4s
128450K .......... .......... .......... .......... .......... 77% 10.1M 4s
128500K .......... .......... .......... .......... .......... 77%  111M 4s
128550K .......... .......... .......... .......... .......... 77% 6.17M 4s
128600K .......... .......... .......... .......... .......... 77%  957K 4s
128650K .......... .......... .......... .......... .......... 77%  128M 4s
128700K .......... .......... .......... .......... .......... 77%  102M 4s
128750K .......... .......... .......... .......... .......... 78%  104M 4s
128800K .......... .......... .......... .......... .......... 78%  106M 4s
128850K .......... .......... .......... .......... .......... 78%  110M 4s
128900K .......... .......... .......... .......... .......... 78% 92.8M 4s
128950K .......... .......... .......... .......... .......... 78%  118M 3s
129000K .......... .......... .......... .......... .......... 78% 91.2M 3s
129050K .......... .......... .......... .......... .......... 78% 1.15M 3s
129100K .......... .......... .......... .......... .......... 78%  110M 3s
129150K .......... .......... .......... .......... .......... 78% 3.67M 3s
129200K .......... .......... .......... .......... .......... 78% 99.8M 3s
129250K .......... .......... .......... .......... .......... 78% 93.8M 3s
129300K .......... .......... .......... .......... .......... 78%  126M 3s
129350K .......... .......... .......... .......... .......... 78%  105M 3s
129400K .......... .......... .......... .......... .......... 78%  111M 3s
129450K .......... .......... .......... .......... .......... 78%  102M 3s
129500K .......... .......... .......... .......... .......... 78%  104M 3s
129550K .......... .......... .......... .......... .......... 78%  129M 3s
129600K .......... .......... .......... .......... .......... 78% 77.0M 3s
129650K .......... .......... .......... .......... .......... 78% 27.4M 3s
129700K .......... .......... .......... .......... .......... 78%  102M 3s
129750K .......... .......... .......... .......... .......... 78%  103M 3s
129800K .......... .......... .......... .......... .......... 78%  118M 3s
129850K .......... .......... .......... .......... .......... 78% 54.6M 3s
129900K .......... .......... .......... .......... .......... 78% 10.5M 3s
129950K .......... .......... .......... .......... .......... 78% 81.9M 3s
130000K .......... .......... .......... .......... .......... 78% 8.02M 3s
130050K .......... .......... .......... .......... .......... 78% 11.1M 3s
130100K .......... .......... .......... .......... .......... 78% 13.3M 3s
130150K .......... .......... .......... .......... .......... 78%  948K 3s
130200K .......... .......... .......... .......... .......... 78% 80.6M 3s
130250K .......... .......... .......... .......... .......... 78% 81.3M 3s
130300K .......... .......... .......... .......... .......... 78% 83.1M 3s
130350K .......... .......... .......... .......... .......... 78% 81.3M 3s
130400K .......... .......... .......... .......... .......... 79% 67.1M 3s
130450K .......... .......... .......... .......... .......... 79% 76.3M 3s
130500K .......... .......... .......... .......... .......... 79% 85.0M 3s
130550K .......... .......... .......... .......... .......... 79% 78.3M 3s
130600K .......... .......... .......... .......... .......... 79% 76.9M 3s
130650K .......... .......... .......... .......... .......... 79% 99.5M 3s
130700K .......... .......... .......... .......... .......... 79% 24.7M 3s
130750K .......... .......... .......... .......... .......... 79% 65.6M 3s
130800K .......... .......... .......... .......... .......... 79% 12.6M 3s
130850K .......... .......... .......... .......... .......... 79% 10.2M 3s
130900K .......... .......... .......... .......... .......... 79% 9.30M 3s
130950K .......... .......... .......... .......... .......... 79%  911K 3s
131000K .......... .......... .......... .......... .......... 79%  113M 3s
131050K .......... .......... .......... .......... .......... 79%  103M 3s
131100K .......... .......... .......... .......... .......... 79% 87.8M 3s
131150K .......... .......... .......... .......... .......... 79%  110M 3s
131200K .......... .......... .......... .......... .......... 79%  109M 3s
131250K .......... .......... .......... .......... .......... 79% 86.5M 3s
131300K .......... .......... .......... .......... .......... 79%  112M 3s
131350K .......... .......... .......... .......... .......... 79%  113M 3s
131400K .......... .......... .......... .......... .......... 79%  107M 3s
131450K .......... .......... .......... .......... .......... 79%  105M 3s
131500K .......... .......... .......... .......... .......... 79% 28.3M 3s
131550K .......... .......... .......... .......... .......... 79% 26.3M 3s
131600K .......... .......... .......... .......... .......... 79%  107M 3s
131650K .......... .......... .......... .......... .......... 79%  106M 3s
131700K .......... .......... .......... .......... .......... 79%  112M 3s
131750K .......... .......... .......... .......... .......... 79%  102M 3s
131800K .......... .......... .......... .......... .......... 79% 3.03M 3s
131850K .......... .......... .......... .......... .......... 79% 85.7M 3s
131900K .......... .......... .......... .......... .......... 79% 70.2M 3s
131950K .......... .......... .......... .......... .......... 79% 3.54M 3s
132000K .......... .......... .......... .......... .......... 79% 10.8M 3s
132050K .......... .......... .......... .......... .......... 80% 27.1M 3s
132100K .......... .......... .......... .......... .......... 80% 5.93M 3s
132150K .......... .......... .......... .......... .......... 80% 21.2M 3s
132200K .......... .......... .......... .......... .......... 80% 10.3M 3s
132250K .......... .......... .......... .......... .......... 80% 92.9M 3s
132300K .......... .......... .......... .......... .......... 80% 63.7M 3s
132350K .......... .......... .......... .......... .......... 80%  116M 3s
132400K .......... .......... .......... .......... .......... 80% 3.27M 3s
132450K .......... .......... .......... .......... .......... 80% 9.68M 3s
132500K .......... .......... .......... .......... .......... 80% 9.15M 3s
132550K .......... .......... .......... .......... .......... 80% 8.52M 3s
132600K .......... .......... .......... .......... .......... 80%  101M 3s
132650K .......... .......... .......... .......... .......... 80% 8.10M 3s
132700K .......... .......... .......... .......... .......... 80% 8.96M 3s
132750K .......... .......... .......... .......... .......... 80% 23.2M 3s
132800K .......... .......... .......... .......... .......... 80% 12.5M 3s
132850K .......... .......... .......... .......... .......... 80% 7.11M 3s
132900K .......... .......... .......... .......... .......... 80% 12.1M 3s
132950K .......... .......... .......... .......... .......... 80% 9.84M 3s
133000K .......... .......... .......... .......... .......... 80% 7.30M 3s
133050K .......... .......... .......... .......... .......... 80% 10.9M 3s
133100K .......... .......... .......... .......... .......... 80% 8.04M 3s
133150K .......... .......... .......... .......... .......... 80% 24.3M 3s
133200K .......... .......... .......... .......... .......... 80% 7.63M 3s
133250K .......... .......... .......... .......... .......... 80% 5.29M 3s
133300K .......... .......... .......... .......... .......... 80% 92.8M 3s
133350K .......... .......... .......... .......... .......... 80% 5.85M 3s
133400K .......... .......... .......... .......... .......... 80% 85.1M 3s
133450K .......... .......... .......... .......... .......... 80% 93.8M 3s
133500K .......... .......... .......... .......... .......... 80% 95.7M 3s
133550K .......... .......... .......... .......... .......... 80% 2.86M 3s
133600K .......... .......... .......... .......... .......... 80% 99.5M 3s
133650K .......... .......... .......... .......... .......... 80% 10.2M 3s
133700K .......... .......... .......... .......... .......... 81% 71.9M 3s
133750K .......... .......... .......... .......... .......... 81% 9.96M 3s
133800K .......... .......... .......... .......... .......... 81%  107M 3s
133850K .......... .......... .......... .......... .......... 81% 5.99M 3s
133900K .......... .......... .......... .......... .......... 81% 11.5M 3s
133950K .......... .......... .......... .......... .......... 81% 94.2M 3s
134000K .......... .......... .......... .......... .......... 81% 6.17M 3s
134050K .......... .......... .......... .......... .......... 81% 11.0M 3s
134100K .......... .......... .......... .......... .......... 81% 15.6M 3s
134150K .......... .......... .......... .......... .......... 81% 1004K 3s
134200K .......... .......... .......... .......... .......... 81% 75.4M 3s
134250K .......... .......... .......... .......... .......... 81% 83.4M 3s
134300K .......... .......... .......... .......... .......... 81% 77.5M 3s
134350K .......... .......... .......... .......... .......... 81% 70.3M 3s
134400K .......... .......... .......... .......... .......... 81% 72.9M 3s
134450K .......... .......... .......... .......... .......... 81% 80.7M 3s
134500K .......... .......... .......... .......... .......... 81% 78.9M 3s
134550K .......... .......... .......... .......... .......... 81% 79.1M 3s
134600K .......... .......... .......... .......... .......... 81% 42.3M 3s
134650K .......... .......... .......... .......... .......... 81% 26.5M 3s
134700K .......... .......... .......... .......... .......... 81% 66.6M 3s
134750K .......... .......... .......... .......... .......... 81% 11.3M 3s
134800K .......... .......... .......... .......... .......... 81% 76.8M 3s
134850K .......... .......... .......... .......... .......... 81% 6.42M 3s
134900K .......... .......... .......... .......... .......... 81% 10.5M 3s
134950K .......... .......... .......... .......... .......... 81% 9.89M 3s
135000K .......... .......... .......... .......... .......... 81% 13.7M 3s
135050K .......... .......... .......... .......... .......... 81% 26.1M 3s
135100K .......... .......... .......... .......... .......... 81% 5.35M 3s
135150K .......... .......... .......... .......... .......... 81% 86.8M 3s
135200K .......... .......... .......... .......... .......... 81% 80.7M 3s
135250K .......... .......... .......... .......... .......... 81% 80.4M 3s
135300K .......... .......... .......... .......... .......... 81% 3.40M 3s
135350K .......... .......... .......... .......... .......... 82% 13.7M 3s
135400K .......... .......... .......... .......... .......... 82% 9.44M 3s
135450K .......... .......... .......... .......... .......... 82% 84.2M 3s
135500K .......... .......... .......... .......... .......... 82% 5.42M 3s
135550K .......... .......... .......... .......... .......... 82% 99.9M 3s
135600K .......... .......... .......... .......... .......... 82% 75.0M 3s
135650K .......... .......... .......... .......... .......... 82% 4.21M 3s
135700K .......... .......... .......... .......... .......... 82% 9.05M 3s
135750K .......... .......... .......... .......... .......... 82% 67.6M 3s
135800K .......... .......... .......... .......... .......... 82% 80.7M 3s
135850K .......... .......... .......... .......... .......... 82% 68.8M 3s
135900K .......... .......... .......... .......... .......... 82% 83.5M 3s
135950K .......... .......... .......... .......... .......... 82% 2.33M 3s
136000K .......... .......... .......... .......... .......... 82% 85.0M 3s
136050K .......... .......... .......... .......... .......... 82% 5.94M 3s
136100K .......... .......... .......... .......... .......... 82% 88.2M 3s
136150K .......... .......... .......... .......... .......... 82% 6.04M 3s
136200K .......... .......... .......... .......... .......... 82% 9.45M 3s
136250K .......... .......... .......... .......... .......... 82% 12.4M 3s
136300K .......... .......... .......... .......... .......... 82% 33.1M 3s
136350K .......... .......... .......... .......... .......... 82% 6.92M 3s
136400K .......... .......... .......... .......... .......... 82% 10.5M 3s
136450K .......... .......... .......... .......... .......... 82% 12.8M 3s
136500K .......... .......... .......... .......... .......... 82% 14.1M 3s
136550K .......... .......... .......... .......... .......... 82% 8.20M 3s
136600K .......... .......... .......... .......... .......... 82% 12.9M 3s
136650K .......... .......... .......... .......... .......... 82% 6.44M 3s
136700K .......... .......... .......... .......... .......... 82%  104M 3s
136750K .......... .......... .......... .......... .......... 82% 76.8M 3s
136800K .......... .......... .......... .......... .......... 82% 4.20M 3s
136850K .......... .......... .......... .......... .......... 82% 97.2M 3s
136900K .......... .......... .......... .......... .......... 82% 78.1M 3s
136950K .......... .......... .......... .......... .......... 82% 67.1M 3s
137000K .......... .......... .......... .......... .......... 83% 3.01M 3s
137050K .......... .......... .......... .......... .......... 83% 4.68M 3s
137100K .......... .......... .......... .......... .......... 83% 96.6M 3s
137150K .......... .......... .......... .......... .......... 83% 82.7M 3s
137200K .......... .......... .......... .......... .......... 83% 86.4M 3s
137250K .......... .......... .......... .......... .......... 83% 2.88M 3s
137300K .......... .......... .......... .......... .......... 83% 37.8M 3s
137350K .......... .......... .......... .......... .......... 83% 72.2M 3s
137400K .......... .......... .......... .......... .......... 83% 4.04M 3s
137450K .......... .......... .......... .......... .......... 83% 13.8M 3s
137500K .......... .......... .......... .......... .......... 83% 92.9M 3s
137550K .......... .......... .......... .......... .......... 83% 16.5M 3s
137600K .......... .......... .......... .......... .......... 83% 65.1M 3s
137650K .......... .......... .......... .......... .......... 83% 6.14M 3s
137700K .......... .......... .......... .......... .......... 83% 14.5M 3s
137750K .......... .......... .......... .......... .......... 83% 13.8M 3s
137800K .......... .......... .......... .......... .......... 83% 14.0M 3s
137850K .......... .......... .......... .......... .......... 83% 17.2M 3s
137900K .......... .......... .......... .......... .......... 83% 6.73M 3s
137950K .......... .......... .......... .......... .......... 83% 15.4M 3s
138000K .......... .......... .......... .......... .......... 83% 12.3M 3s
138050K .......... .......... .......... .......... .......... 83% 9.17M 3s
138100K .......... .......... .......... .......... .......... 83%  106M 3s
138150K .......... .......... .......... .......... .......... 83%  878K 3s
138200K .......... .......... .......... .......... .......... 83% 97.0M 3s
138250K .......... .......... .......... .......... .......... 83%  101M 3s
138300K .......... .......... .......... .......... .......... 83% 81.0M 3s
138350K .......... .......... .......... .......... .......... 83% 95.6M 3s
138400K .......... .......... .......... .......... .......... 83% 88.4M 3s
138450K .......... .......... .......... .......... .......... 83% 80.8M 3s
138500K .......... .......... .......... .......... .......... 83%  120M 3s
138550K .......... .......... .......... .......... .......... 83%  131M 3s
138600K .......... .......... .......... .......... .......... 83% 94.5M 3s
138650K .......... .......... .......... .......... .......... 84%  131M 3s
138700K .......... .......... .......... .......... .......... 84% 29.1M 3s
138750K .......... .......... .......... .......... .......... 84% 68.8M 3s
138800K .......... .......... .......... .......... .......... 84% 6.79M 3s
138850K .......... .......... .......... .......... .......... 84% 16.1M 3s
138900K .......... .......... .......... .......... .......... 84% 9.35M 3s
138950K .......... .......... .......... .......... .......... 84% 10.9M 3s
139000K .......... .......... .......... .......... .......... 84% 18.0M 3s
139050K .......... .......... .......... .......... .......... 84% 8.69M 3s
139100K .......... .......... .......... .......... .......... 84%  113M 2s
139150K .......... .......... .......... .......... .......... 84% 8.31M 2s
139200K .......... .......... .......... .......... .......... 84% 10.6M 2s
139250K .......... .......... .......... .......... .......... 84%  110M 2s
139300K .......... .......... .......... .......... .......... 84%  106M 2s
139350K .......... .......... .......... .......... .......... 84% 3.65M 2s
139400K .......... .......... .......... .......... .......... 84% 90.9M 2s
139450K .......... .......... .......... .......... .......... 84% 5.00M 2s
139500K .......... .......... .......... .......... .......... 84% 10.0M 2s
139550K .......... .......... .......... .......... .......... 84% 13.1M 2s
139600K .......... .......... .......... .......... .......... 84%  102M 2s
139650K .......... .......... .......... .......... .......... 84%  113M 2s
139700K .......... .......... .......... .......... .......... 84% 3.81M 2s
139750K .......... .......... .......... .......... .......... 84% 8.11M 2s
139800K .......... .......... .......... .......... .......... 84% 68.8M 2s
139850K .......... .......... .......... .......... .......... 84%  111M 2s
139900K .......... .......... .......... .......... .......... 84%  129M 2s
139950K .......... .......... .......... .......... .......... 84% 3.39M 2s
140000K .......... .......... .......... .......... .......... 84% 7.12M 2s
140050K .......... .......... .......... .......... .......... 84% 94.7M 2s
140100K .......... .......... .......... .......... .......... 84%  114M 2s
140150K .......... .......... .......... .......... .......... 84% 96.8M 2s
140200K .......... .......... .......... .......... .......... 84% 92.1M 2s
140250K .......... .......... .......... .......... .......... 84% 79.0M 2s
140300K .......... .......... .......... .......... .......... 85% 2.20M 2s
140350K .......... .......... .......... .......... .......... 85%  121M 2s
140400K .......... .......... .......... .......... .......... 85% 4.55M 2s
140450K .......... .......... .......... .......... .......... 85% 76.9M 2s
140500K .......... .......... .......... .......... .......... 85% 6.44M 2s
140550K .......... .......... .......... .......... .......... 85% 49.9M 2s
140600K .......... .......... .......... .......... .......... 85% 9.45M 2s
140650K .......... .......... .......... .......... .......... 85% 6.15M 2s
140700K .......... .......... .......... .......... .......... 85%  115M 2s
140750K .......... .......... .......... .......... .......... 85% 6.36M 2s
140800K .......... .......... .......... .......... .......... 85% 6.52M 2s
140850K .......... .......... .......... .......... .......... 85%  105M 2s
140900K .......... .......... .......... .......... .......... 85% 98.9M 2s
140950K .......... .......... .......... .......... .......... 85% 95.8M 2s
141000K .......... .......... .......... .......... .......... 85% 2.87M 2s
141050K .......... .......... .......... .......... .......... 85% 6.06M 2s
141100K .......... .......... .......... .......... .......... 85% 7.94M 2s
141150K .......... .......... .......... .......... .......... 85%  107M 2s
141200K .......... .......... .......... .......... .......... 85% 86.7M 2s
141250K .......... .......... .......... .......... .......... 85% 78.1M 2s
141300K .......... .......... .......... .......... .......... 85%  110M 2s
141350K .......... .......... .......... .......... .......... 85% 94.4M 2s
141400K .......... .......... .......... .......... .......... 85% 2.48M 2s
141450K .......... .......... .......... .......... .......... 85%  106M 2s
141500K .......... .......... .......... .......... .......... 85% 8.02M 2s
141550K .......... .......... .......... .......... .......... 85% 18.7M 2s
141600K .......... .......... .......... .......... .......... 85% 13.2M 2s
141650K .......... .......... .......... .......... .......... 85% 24.0M 2s
141700K .......... .......... .......... .......... .......... 85% 8.29M 2s
141750K .......... .......... .......... .......... .......... 85%  106M 2s
141800K .......... .......... .......... .......... .......... 85% 4.98M 2s
141850K .......... .......... .......... .......... .......... 85% 11.7M 2s
141900K .......... .......... .......... .......... .......... 85%  988K 2s
141950K .......... .......... .......... .......... .......... 86%  104M 2s
142000K .......... .......... .......... .......... .......... 86%  117M 2s
142050K .......... .......... .......... .......... .......... 86% 92.7M 2s
142100K .......... .......... .......... .......... .......... 86% 98.6M 2s
142150K .......... .......... .......... .......... .......... 86% 92.2M 2s
142200K .......... .......... .......... .......... .......... 86% 90.3M 2s
142250K .......... .......... .......... .......... .......... 86% 95.5M 2s
142300K .......... .......... .......... .......... .......... 86% 98.4M 2s
142350K .......... .......... .......... .......... .......... 86% 87.3M 2s
142400K .......... .......... .......... .......... .......... 86% 80.4M 2s
142450K .......... .......... .......... .......... .......... 86% 1.01M 2s
142500K .......... .......... .......... .......... .......... 86%  119M 2s
142550K .......... .......... .......... .......... .......... 86% 78.1M 2s
142600K .......... .......... .......... .......... .......... 86% 87.1M 2s
142650K .......... .......... .......... .......... .......... 86%  100M 2s
142700K .......... .......... .......... .......... .......... 86% 95.1M 2s
142750K .......... .......... .......... .......... .......... 86%  101M 2s
142800K .......... .......... .......... .......... .......... 86% 86.9M 2s
142850K .......... .......... .......... .......... .......... 86%  103M 2s
142900K .......... .......... .......... .......... .......... 86% 95.0M 2s
142950K .......... .......... .......... .......... .......... 86% 23.1M 2s
143000K .......... .......... .......... .......... .......... 86% 99.0M 2s
143050K .......... .......... .......... .......... .......... 86% 91.3M 2s
143100K .......... .......... .......... .......... .......... 86% 39.5M 2s
143150K .......... .......... .......... .......... .......... 86% 17.4M 2s
143200K .......... .......... .......... .......... .......... 86% 11.2M 2s
143250K .......... .......... .......... .......... .......... 86% 6.13M 2s
143300K .......... .......... .......... .......... .......... 86% 94.2M 2s
143350K .......... .......... .......... .......... .......... 86% 7.86M 2s
143400K .......... .......... .......... .......... .......... 86% 81.9M 2s
143450K .......... .......... .......... .......... .......... 86% 97.7M 2s
143500K .......... .......... .......... .......... .......... 86% 3.70M 2s
143550K .......... .......... .......... .......... .......... 86%  101M 2s
143600K .......... .......... .......... .......... .......... 87% 81.0M 2s
143650K .......... .......... .......... .......... .......... 87% 3.59M 2s
143700K .......... .......... .......... .......... .......... 87% 12.6M 2s
143750K .......... .......... .......... .......... .......... 87% 23.6M 2s
143800K .......... .......... .......... .......... .......... 87% 7.07M 2s
143850K .......... .......... .......... .......... .......... 87% 9.36M 2s
143900K .......... .......... .......... .......... .......... 87% 16.6M 2s
143950K .......... .......... .......... .......... .......... 87% 12.8M 2s
144000K .......... .......... .......... .......... .......... 87% 89.2M 2s
144050K .......... .......... .......... .......... .......... 87% 4.93M 2s
144100K .......... .......... .......... .......... .......... 87% 16.3M 2s
144150K .......... .......... .......... .......... .......... 87% 8.45M 2s
144200K .......... .......... .......... .......... .......... 87%  123M 2s
144250K .......... .......... .......... .......... .......... 87%  102M 2s
144300K .......... .......... .......... .......... .......... 87% 4.37M 2s
144350K .......... .......... .......... .......... .......... 87% 10.1M 2s
144400K .......... .......... .......... .......... .......... 87% 7.02M 2s
144450K .......... .......... .......... .......... .......... 87%  124M 2s
144500K .......... .......... .......... .......... .......... 87%  105M 2s
144550K .......... .......... .......... .......... .......... 87% 96.2M 2s
144600K .......... .......... .......... .......... .......... 87%  102M 2s
144650K .......... .......... .......... .......... .......... 87% 2.56M 2s
144700K .......... .......... .......... .......... .......... 87%  112M 2s
144750K .......... .......... .......... .......... .......... 87% 6.03M 2s
144800K .......... .......... .......... .......... .......... 87% 4.99M 2s
144850K .......... .......... .......... .......... .......... 87% 74.0M 2s
144900K .......... .......... .......... .......... .......... 87% 94.6M 2s
144950K .......... .......... .......... .......... .......... 87% 92.8M 2s
145000K .......... .......... .......... .......... .......... 87% 2.68M 2s
145050K .......... .......... .......... .......... .......... 87% 12.0M 2s
145100K .......... .......... .......... .......... .......... 87% 5.00M 2s
145150K .......... .......... .......... .......... .......... 87% 79.6M 2s
145200K .......... .......... .......... .......... .......... 87%  100M 2s
145250K .......... .......... .......... .......... .......... 88% 7.68M 2s
145300K .......... .......... .......... .......... .......... 88% 13.4M 2s
145350K .......... .......... .......... .......... .......... 88% 19.8M 2s
145400K .......... .......... .......... .......... .......... 88% 10.3M 2s
145450K .......... .......... .......... .......... .......... 88% 25.3M 2s
145500K .......... .......... .......... .......... .......... 88% 10.4M 2s
145550K .......... .......... .......... .......... .......... 88% 94.5M 2s
145600K .......... .......... .......... .......... .......... 88%  107M 2s
145650K .......... .......... .......... .......... .......... 88% 4.29M 2s
145700K .......... .......... .......... .......... .......... 88% 8.77M 2s
145750K .......... .......... .......... .......... .......... 88% 13.8M 2s
145800K .......... .......... .......... .......... .......... 88% 18.8M 2s
145850K .......... .......... .......... .......... .......... 88%  952K 2s
145900K .......... .......... .......... .......... .......... 88% 73.0M 2s
145950K .......... .......... .......... .......... .......... 88% 91.7M 2s
146000K .......... .......... .......... .......... .......... 88% 78.8M 2s
146050K .......... .......... .......... .......... .......... 88% 69.8M 2s
146100K .......... .......... .......... .......... .......... 88% 80.8M 2s
146150K .......... .......... .......... .......... .......... 88% 70.4M 2s
146200K .......... .......... .......... .......... .......... 88% 76.6M 2s
146250K .......... .......... .......... .......... .......... 88% 80.0M 2s
146300K .......... .......... .......... .......... .......... 88% 76.6M 2s
146350K .......... .......... .......... .......... .......... 88% 22.5M 2s
146400K .......... .......... .......... .......... .......... 88%  112M 2s
146450K .......... .......... .......... .......... .......... 88% 28.8M 2s
146500K .......... .......... .......... .......... .......... 88% 31.7M 2s
146550K .......... .......... .......... .......... .......... 88% 7.00M 2s
146600K .......... .......... .......... .......... .......... 88% 79.6M 2s
146650K .......... .......... .......... .......... .......... 88% 78.5M 2s
146700K .......... .......... .......... .......... .......... 88%  797K 2s
146750K .......... .......... .......... .......... .......... 88% 83.3M 2s
146800K .......... .......... .......... .......... .......... 88% 91.4M 2s
146850K .......... .......... .......... .......... .......... 88% 64.0M 2s
146900K .......... .......... .......... .......... .......... 89% 83.8M 2s
146950K .......... .......... .......... .......... .......... 89% 82.5M 2s
147000K .......... .......... .......... .......... .......... 89% 83.3M 2s
147050K .......... .......... .......... .......... .......... 89% 77.2M 2s
147100K .......... .......... .......... .......... .......... 89% 74.1M 2s
147150K .......... .......... .......... .......... .......... 89% 84.1M 2s
147200K .......... .......... .......... .......... .......... 89% 23.6M 2s
147250K .......... .......... .......... .......... .......... 89% 57.6M 2s
147300K .......... .......... .......... .......... .......... 89% 80.5M 2s
147350K .......... .......... .......... .......... .......... 89% 87.7M 2s
147400K .......... .......... .......... .......... .......... 89% 8.15M 2s
147450K .......... .......... .......... .......... .......... 89% 82.4M 2s
147500K .......... .......... .......... .......... .......... 89% 77.3M 2s
147550K .......... .......... .......... .......... .......... 89% 4.33M 2s
147600K .......... .......... .......... .......... .......... 89% 17.1M 2s
147650K .......... .......... .......... .......... .......... 89% 6.57M 2s
147700K .......... .......... .......... .......... .......... 89% 86.4M 2s
147750K .......... .......... .......... .......... .......... 89% 7.34M 2s
147800K .......... .......... .......... .......... .......... 89% 84.8M 2s
147850K .......... .......... .......... .......... .......... 89% 6.57M 2s
147900K .......... .......... .......... .......... .......... 89% 7.39M 2s
147950K .......... .......... .......... .......... .......... 89% 74.6M 2s
148000K .......... .......... .......... .......... .......... 89% 5.63M 2s
148050K .......... .......... .......... .......... .......... 89% 15.1M 2s
148100K .......... .......... .......... .......... .......... 89% 8.95M 2s
148150K .......... .......... .......... .......... .......... 89% 12.7M 2s
148200K .......... .......... .......... .......... .......... 89% 8.04M 2s
148250K .......... .......... .......... .......... .......... 89% 28.4M 2s
148300K .......... .......... .......... .......... .......... 89% 7.34M 2s
148350K .......... .......... .......... .......... .......... 89% 9.75M 2s
148400K .......... .......... .......... .......... .......... 89% 75.7M 2s
148450K .......... .......... .......... .......... .......... 89% 74.9M 2s
148500K .......... .......... .......... .......... .......... 89% 5.60M 2s
148550K .......... .......... .......... .......... .......... 90% 8.01M 2s
148600K .......... .......... .......... .......... .......... 90% 21.4M 2s
148650K .......... .......... .......... .......... .......... 90% 68.9M 2s
148700K .......... .......... .......... .......... .......... 90% 3.28M 2s
148750K .......... .......... .......... .......... .......... 90% 9.83M 2s
148800K .......... .......... .......... .......... .......... 90% 73.7M 2s
148850K .......... .......... .......... .......... .......... 90% 70.8M 2s
148900K .......... .......... .......... .......... .......... 90% 85.1M 2s
148950K .......... .......... .......... .......... .......... 90% 2.34M 2s
149000K .......... .......... .......... .......... .......... 90% 72.7M 2s
149050K .......... .......... .......... .......... .......... 90% 6.76M 2s
149100K .......... .......... .......... .......... .......... 90% 15.5M 2s
149150K .......... .......... .......... .......... .......... 90% 14.9M 2s
149200K .......... .......... .......... .......... .......... 90% 24.7M 2s
149250K .......... .......... .......... .......... .......... 90% 78.8M 2s
149300K .......... .......... .......... .......... .......... 90% 7.45M 2s
149350K .......... .......... .......... .......... .......... 90% 12.4M 2s
149400K .......... .......... .......... .......... .......... 90% 13.4M 1s
149450K .......... .......... .......... .......... .......... 90% 79.7M 1s
149500K .......... .......... .......... .......... .......... 90% 5.42M 1s
149550K .......... .......... .......... .......... .......... 90% 11.5M 1s
149600K .......... .......... .......... .......... .......... 90%  930K 1s
149650K .......... .......... .......... .......... .......... 90%  101M 1s
149700K .......... .......... .......... .......... .......... 90% 76.9M 1s
149750K .......... .......... .......... .......... .......... 90% 83.1M 1s
149800K .......... .......... .......... .......... .......... 90% 81.1M 1s
149850K .......... .......... .......... .......... .......... 90% 79.0M 1s
149900K .......... .......... .......... .......... .......... 90% 83.7M 1s
149950K .......... .......... .......... .......... .......... 90% 58.3M 1s
150000K .......... .......... .......... .......... .......... 90% 82.7M 1s
150050K .......... .......... .......... .......... .......... 90% 84.2M 1s
150100K .......... .......... .......... .......... .......... 90% 82.7M 1s
150150K .......... .......... .......... .......... .......... 90% 21.6M 1s
150200K .......... .......... .......... .......... .......... 91% 94.4M 1s
150250K .......... .......... .......... .......... .......... 91% 96.3M 1s
150300K .......... .......... .......... .......... .......... 91% 82.5M 1s
150350K .......... .......... .......... .......... .......... 91% 7.32M 1s
150400K .......... .......... .......... .......... .......... 91%  100M 1s
150450K .......... .......... .......... .......... .......... 91% 99.0M 1s
150500K .......... .......... .......... .......... .......... 91% 3.38M 1s
150550K .......... .......... .......... .......... .......... 91% 10.9M 1s
150600K .......... .......... .......... .......... .......... 91% 97.2M 1s
150650K .......... .......... .......... .......... .......... 91% 6.43M 1s
150700K .......... .......... .......... .......... .......... 91% 16.4M 1s
150750K .......... .......... .......... .......... .......... 91% 6.41M 1s
150800K .......... .......... .......... .......... .......... 91% 14.8M 1s
150850K .......... .......... .......... .......... .......... 91% 8.31M 1s
150900K .......... .......... .......... .......... .......... 91% 10.7M 1s
150950K .......... .......... .......... .......... .......... 91%  101M 1s
151000K .......... .......... .......... .......... .......... 91% 70.0M 1s
151050K .......... .......... .......... .......... .......... 91% 4.38M 1s
151100K .......... .......... .......... .......... .......... 91% 6.87M 1s
151150K .......... .......... .......... .......... .......... 91%  101M 1s
151200K .......... .......... .......... .......... .......... 91%  125M 1s
151250K .......... .......... .......... .......... .......... 91% 4.46M 1s
151300K .......... .......... .......... .......... .......... 91% 9.66M 1s
151350K .......... .......... .......... .......... .......... 91% 27.9M 1s
151400K .......... .......... .......... .......... .......... 91%  106M 1s
151450K .......... .......... .......... .......... .......... 91%  106M 1s
151500K .......... .......... .......... .......... .......... 91% 2.99M 1s
151550K .......... .......... .......... .......... .......... 91%  123M 1s
151600K .......... .......... .......... .......... .......... 91% 9.14M 1s
151650K .......... .......... .......... .......... .......... 91% 6.39M 1s
151700K .......... .......... .......... .......... .......... 91% 14.7M 1s
151750K .......... .......... .......... .......... .......... 91% 98.4M 1s
151800K .......... .......... .......... .......... .......... 91%  104M 1s
151850K .......... .......... .......... .......... .......... 92% 4.75M 1s
151900K .......... .......... .......... .......... .......... 92%  122M 1s
151950K .......... .......... .......... .......... .......... 92% 4.12M 1s
152000K .......... .......... .......... .......... .......... 92% 17.4M 1s
152050K .......... .......... .......... .......... .......... 92% 10.3M 1s
152100K .......... .......... .......... .......... .......... 92% 8.71M 1s
152150K .......... .......... .......... .......... .......... 92% 97.5M 1s
152200K .......... .......... .......... .......... .......... 92% 6.65M 1s
152250K .......... .......... .......... .......... .......... 92% 86.9M 1s
152300K .......... .......... .......... .......... .......... 92% 4.70M 1s
152350K .......... .......... .......... .......... .......... 92%  102M 1s
152400K .......... .......... .......... .......... .......... 92%  112M 1s
152450K .......... .......... .......... .......... .......... 92% 97.0M 1s
152500K .......... .......... .......... .......... .......... 92% 2.86M 1s
152550K .......... .......... .......... .......... .......... 92% 99.9M 1s
152600K .......... .......... .......... .......... .......... 92% 4.01M 1s
152650K .......... .......... .......... .......... .......... 92% 95.5M 1s
152700K .......... .......... .......... .......... .......... 92% 5.79M 1s
152750K .......... .......... .......... .......... .......... 92%  114M 1s
152800K .......... .......... .......... .......... .......... 92% 4.19M 1s
152850K .......... .......... .......... .......... .......... 92% 16.2M 1s
152900K .......... .......... .......... .......... .......... 92% 8.60M 1s
152950K .......... .......... .......... .......... .......... 92%  127M 1s
153000K .......... .......... .......... .......... .......... 92% 96.7M 1s
153050K .......... .......... .......... .......... .......... 92% 5.58M 1s
153100K .......... .......... .......... .......... .......... 92% 15.0M 1s
153150K .......... .......... .......... .......... .......... 92% 23.1M 1s
153200K .......... .......... .......... .......... .......... 92% 9.80M 1s
153250K .......... .......... .......... .......... .......... 92%  103M 1s
153300K .......... .......... .......... .......... .......... 92%  103M 1s
153350K .......... .......... .......... .......... .......... 92%  107M 1s
153400K .......... .......... .......... .......... .......... 92% 3.28M 1s
153450K .......... .......... .......... .......... .......... 92% 11.2M 1s
153500K .......... .......... .......... .......... .......... 93%  485K 1s
153550K .......... .......... .......... .......... .......... 93% 82.7M 1s
153600K .......... .......... .......... .......... .......... 93% 96.7M 1s
153650K .......... .......... .......... .......... .......... 93%  121M 1s
153700K .......... .......... .......... .......... .......... 93%  119M 1s
153750K .......... .......... .......... .......... .......... 93% 87.1M 1s
153800K .......... .......... .......... .......... .......... 93% 74.5M 1s
153850K .......... .......... .......... .......... .......... 93% 84.8M 1s
153900K .......... .......... .......... .......... .......... 93% 90.6M 1s
153950K .......... .......... .......... .......... .......... 93%  116M 1s
154000K .......... .......... .......... .......... .......... 93%  121M 1s
154050K .......... .......... .......... .......... .......... 93% 23.9M 1s
154100K .......... .......... .......... .......... .......... 93%  110M 1s
154150K .......... .......... .......... .......... .......... 93%  116M 1s
154200K .......... .......... .......... .......... .......... 93%  125M 1s
154250K .......... .......... .......... .......... .......... 93%  117M 1s
154300K .......... .......... .......... .......... .......... 93% 98.6M 1s
154350K .......... .......... .......... .......... .......... 93%  114M 1s
154400K .......... .......... .......... .......... .......... 93%  121M 1s
154450K .......... .......... .......... .......... .......... 93%  106M 1s
154500K .......... .......... .......... .......... .......... 93%  111M 1s
154550K .......... .......... .......... .......... .......... 93%  124M 1s
154600K .......... .......... .......... .......... .......... 93%  111M 1s
154650K .......... .......... .......... .......... .......... 93% 32.3M 1s
154700K .......... .......... .......... .......... .......... 93%  100M 1s
154750K .......... .......... .......... .......... .......... 93%  119M 1s
154800K .......... .......... .......... .......... .......... 93% 9.56M 1s
154850K .......... .......... .......... .......... .......... 93% 6.77M 1s
154900K .......... .......... .......... .......... .......... 93%  111M 1s
154950K .......... .......... .......... .......... .......... 93% 6.09M 1s
155000K .......... .......... .......... .......... .......... 93% 18.3M 1s
155050K .......... .......... .......... .......... .......... 93% 12.6M 1s
155100K .......... .......... .......... .......... .......... 93% 8.37M 1s
155150K .......... .......... .......... .......... .......... 94% 95.7M 1s
155200K .......... .......... .......... .......... .......... 94%  105M 1s
155250K .......... .......... .......... .......... .......... 94% 3.83M 1s
155300K .......... .......... .......... .......... .......... 94% 9.54M 1s
155350K .......... .......... .......... .......... .......... 94% 12.4M 1s
155400K .......... .......... .......... .......... .......... 94% 8.47M 1s
155450K .......... .......... .......... .......... .......... 94%  119M 1s
155500K .......... .......... .......... .......... .......... 94% 7.79M 1s
155550K .......... .......... .......... .......... .......... 94% 7.55M 1s
155600K .......... .......... .......... .......... .......... 94%  114M 1s
155650K .......... .......... .......... .......... .......... 94% 6.18M 1s
155700K .......... .......... .......... .......... .......... 94% 98.6M 1s
155750K .......... .......... .......... .......... .......... 94% 7.22M 1s
155800K .......... .......... .......... .......... .......... 94%  111M 1s
155850K .......... .......... .......... .......... .......... 94% 4.68M 1s
155900K .......... .......... .......... .......... .......... 94% 13.9M 1s
155950K .......... .......... .......... .......... .......... 94%  148M 1s
156000K .......... .......... .......... .......... .......... 94% 5.09M 1s
156050K .......... .......... .......... .......... .......... 94%  114M 1s
156100K .......... .......... .......... .......... .......... 94% 5.32M 1s
156150K .......... .......... .......... .......... .......... 94%  109M 1s
156200K .......... .......... .......... .......... .......... 94% 6.52M 1s
156250K .......... .......... .......... .......... .......... 94% 9.41M 1s
156300K .......... .......... .......... .......... .......... 94% 7.93M 1s
156350K .......... .......... .......... .......... .......... 94% 91.1M 1s
156400K .......... .......... .......... .......... .......... 94%  120M 1s
156450K .......... .......... .......... .......... .......... 94% 3.96M 1s
156500K .......... .......... .......... .......... .......... 94% 7.41M 1s
156550K .......... .......... .......... .......... .......... 94% 7.93M 1s
156600K .......... .......... .......... .......... .......... 94% 7.83M 1s
156650K .......... .......... .......... .......... .......... 94%  117M 1s
156700K .......... .......... .......... .......... .......... 94% 5.53M 1s
156750K .......... .......... .......... .......... .......... 94% 9.02M 1s
156800K .......... .......... .......... .......... .......... 95% 18.8M 1s
156850K .......... .......... .......... .......... .......... 95% 7.53M 1s
156900K .......... .......... .......... .......... .......... 95% 14.3M 1s
156950K .......... .......... .......... .......... .......... 95%  106M 1s
157000K .......... .......... .......... .......... .......... 95% 8.16M 1s
157050K .......... .......... .......... .......... .......... 95% 14.3M 1s
157100K .......... .......... .......... .......... .......... 95% 51.9M 1s
157150K .......... .......... .......... .......... .......... 95% 10.8M 1s
157200K .......... .......... .......... .......... .......... 95% 95.5M 1s
157250K .......... .......... .......... .......... .......... 95%  114M 1s
157300K .......... .......... .......... .......... .......... 95%  855K 1s
157350K .......... .......... .......... .......... .......... 95%  123M 1s
157400K .......... .......... .......... .......... .......... 95% 96.5M 1s
157450K .......... .......... .......... .......... .......... 95% 3.52M 1s
157500K .......... .......... .......... .......... .......... 95%  112M 1s
157550K .......... .......... .......... .......... .......... 95%  129M 1s
157600K .......... .......... .......... .......... .......... 95%  107M 1s
157650K .......... .......... .......... .......... .......... 95%  108M 1s
157700K .......... .......... .......... .......... .......... 95% 91.4M 1s
157750K .......... .......... .......... .......... .......... 95%  113M 1s
157800K .......... .......... .......... .......... .......... 95%  102M 1s
157850K .......... .......... .......... .......... .......... 95% 96.7M 1s
157900K .......... .......... .......... .......... .......... 95%  119M 1s
157950K .......... .......... .......... .......... .......... 95% 32.0M 1s
158000K .......... .......... .......... .......... .......... 95% 35.3M 1s
158050K .......... .......... .......... .......... .......... 95%  110M 1s
158100K .......... .......... .......... .......... .......... 95%  111M 1s
158150K .......... .......... .......... .......... .......... 95% 5.05M 1s
158200K .......... .......... .......... .......... .......... 95% 9.95M 1s
158250K .......... .......... .......... .......... .......... 95% 10.7M 1s
158300K .......... .......... .......... .......... .......... 95% 22.2M 1s
158350K .......... .......... .......... .......... .......... 95% 5.65M 1s
158400K .......... .......... .......... .......... .......... 95% 25.5M 1s
158450K .......... .......... .......... .......... .......... 96% 8.74M 1s
158500K .......... .......... .......... .......... .......... 96% 8.60M 1s
158550K .......... .......... .......... .......... .......... 96%  114M 1s
158600K .......... .......... .......... .......... .......... 96% 78.9M 1s
158650K .......... .......... .......... .......... .......... 96% 3.83M 1s
158700K .......... .......... .......... .......... .......... 96% 17.0M 1s
158750K .......... .......... .......... .......... .......... 96% 9.45M 1s
158800K .......... .......... .......... .......... .......... 96%  110M 1s
158850K .......... .......... .......... .......... .......... 96%  111M 1s
158900K .......... .......... .......... .......... .......... 96%  109M 1s
158950K .......... .......... .......... .......... .......... 96%  101M 1s
159000K .......... .......... .......... .......... .......... 96%  102M 1s
159050K .......... .......... .......... .......... .......... 96%  114M 1s
159100K .......... .......... .......... .......... .......... 96% 1.62M 1s
159150K .......... .......... .......... .......... .......... 96% 12.3M 1s
159200K .......... .......... .......... .......... .......... 96% 12.4M 1s
159250K .......... .......... .......... .......... .......... 96% 95.5M 1s
159300K .......... .......... .......... .......... .......... 96% 92.7M 1s
159350K .......... .......... .......... .......... .......... 96% 4.37M 1s
159400K .......... .......... .......... .......... .......... 96% 7.62M 1s
159450K .......... .......... .......... .......... .......... 96%  124M 1s
159500K .......... .......... .......... .......... .......... 96%  123M 1s
159550K .......... .......... .......... .......... .......... 96% 4.34M 1s
159600K .......... .......... .......... .......... .......... 96%  115M 1s
159650K .......... .......... .......... .......... .......... 96% 4.64M 1s
159700K .......... .......... .......... .......... .......... 96% 20.1M 1s
159750K .......... .......... .......... .......... .......... 96% 11.1M 1s
159800K .......... .......... .......... .......... .......... 96% 6.36M 0s
159850K .......... .......... .......... .......... .......... 96% 94.2M 0s
159900K .......... .......... .......... .......... .......... 96% 7.53M 0s
159950K .......... .......... .......... .......... .......... 96%  116M 0s
160000K .......... .......... .......... .......... .......... 96% 7.63M 0s
160050K .......... .......... .......... .......... .......... 96%  104M 0s
160100K .......... .......... .......... .......... .......... 97% 4.23M 0s
160150K .......... .......... .......... .......... .......... 97%  114M 0s
160200K .......... .......... .......... .......... .......... 97% 7.06M 0s
160250K .......... .......... .......... .......... .......... 97% 17.9M 0s
160300K .......... .......... .......... .......... .......... 97%  115M 0s
160350K .......... .......... .......... .......... .......... 97% 4.56M 0s
160400K .......... .......... .......... .......... .......... 97% 6.35M 0s
160450K .......... .......... .......... .......... .......... 97% 8.75M 0s
160500K .......... .......... .......... .......... .......... 97% 8.07M 0s
160550K .......... .......... .......... .......... .......... 97% 7.59M 0s
160600K .......... .......... .......... .......... .......... 97% 20.0M 0s
160650K .......... .......... .......... .......... .......... 97% 95.7M 0s
160700K .......... .......... .......... .......... .......... 97% 4.96M 0s
160750K .......... .......... .......... .......... .......... 97% 7.27M 0s
160800K .......... .......... .......... .......... .......... 97%  104M 0s
160850K .......... .......... .......... .......... .......... 97% 10.2M 0s
160900K .......... .......... .......... .......... .......... 97% 96.9M 0s
160950K .......... .......... .......... .......... .......... 97% 8.82M 0s
161000K .......... .......... .......... .......... .......... 97% 17.8M 0s
161050K .......... .......... .......... .......... .......... 97% 12.7M 0s
161100K .......... .......... .......... .......... .......... 97% 20.1M 0s
161150K .......... .......... .......... .......... .......... 97% 9.54M 0s
161200K .......... .......... .......... .......... .......... 97% 97.5M 0s
161250K .......... .......... .......... .......... .......... 97% 7.16M 0s
161300K .......... .......... .......... .......... .......... 97% 9.60M 0s
161350K .......... .......... .......... .......... .......... 97% 9.25M 0s
161400K .......... .......... .......... .......... .......... 97% 19.8M 0s
161450K .......... .......... .......... .......... .......... 97% 8.90M 0s
161500K .......... .......... .......... .......... .......... 97%  105M 0s
161550K .......... .......... .......... .......... .......... 97% 92.2M 0s
161600K .......... .......... .......... .......... .......... 97% 3.70M 0s
161650K .......... .......... .......... .......... .......... 97% 12.0M 0s
161700K .......... .......... .......... .......... .......... 97%  125M 0s
161750K .......... .......... .......... .......... .......... 98% 75.9M 0s
161800K .......... .......... .......... .......... .......... 98%  822K 0s
161850K .......... .......... .......... .......... .......... 98% 66.7M 0s
161900K .......... .......... .......... .......... .......... 98% 82.6M 0s
161950K .......... .......... .......... .......... .......... 98% 80.4M 0s
162000K .......... .......... .......... .......... .......... 98% 88.6M 0s
162050K .......... .......... .......... .......... .......... 98% 76.3M 0s
162100K .......... .......... .......... .......... .......... 98% 80.1M 0s
162150K .......... .......... .......... .......... .......... 98% 82.4M 0s
162200K .......... .......... .......... .......... .......... 98% 81.1M 0s
162250K .......... .......... .......... .......... .......... 98% 74.7M 0s
162300K .......... .......... .......... .......... .......... 98% 25.2M 0s
162350K .......... .......... .......... .......... .......... 98% 56.7M 0s
162400K .......... .......... .......... .......... .......... 98% 55.4M 0s
162450K .......... .......... .......... .......... .......... 98% 13.7M 0s
162500K .......... .......... .......... .......... .......... 98% 13.5M 0s
162550K .......... .......... .......... .......... .......... 98% 77.8M 0s
162600K .......... .......... .......... .......... .......... 98% 4.78M 0s
162650K .......... .......... .......... .......... .......... 98% 14.4M 0s
162700K .......... .......... .......... .......... .......... 98% 83.7M 0s
162750K .......... .......... .......... .......... .......... 98% 90.6M 0s
162800K .......... .......... .......... .......... .......... 98% 4.17M 0s
162850K .......... .......... .......... .......... .......... 98% 6.59M 0s
162900K .......... .......... .......... .......... .......... 98% 10.9M 0s
162950K .......... .......... .......... .......... .......... 98% 8.19M 0s
163000K .......... .......... .......... .......... .......... 98% 83.6M 0s
163050K .......... .......... .......... .......... .......... 98%  101M 0s
163100K .......... .......... .......... .......... .......... 98% 5.70M 0s
163150K .......... .......... .......... .......... .......... 98% 10.2M 0s
163200K .......... .......... .......... .......... .......... 98% 6.34M 0s
163250K .......... .......... .......... .......... .......... 98%  100M 0s
163300K .......... .......... .......... .......... .......... 98% 7.89M 0s
163350K .......... .......... .......... .......... .......... 98% 7.72M 0s
163400K .......... .......... .......... .......... .......... 99% 72.3M 0s
163450K .......... .......... .......... .......... .......... 99% 75.0M 0s
163500K .......... .......... .......... .......... .......... 99% 4.11M 0s
163550K .......... .......... .......... .......... .......... 99% 91.5M 0s
163600K .......... .......... .......... .......... .......... 99% 10.9M 0s
163650K .......... .......... .......... .......... .......... 99% 5.89M 0s
163700K .......... .......... .......... .......... .......... 99% 23.4M 0s
163750K .......... .......... .......... .......... .......... 99% 13.2M 0s
163800K .......... .......... .......... .......... .......... 99%  123M 0s
163850K .......... .......... .......... .......... .......... 99% 4.23M 0s
163900K .......... .......... .......... .......... .......... 99% 8.61M 0s
163950K .......... .......... .......... .......... .......... 99% 11.9M 0s
164000K .......... .......... .......... .......... .......... 99% 14.9M 0s
164050K .......... .......... .......... .......... .......... 99% 7.62M 0s
164100K .......... .......... .......... .......... .......... 99% 84.0M 0s
164150K .......... .......... .......... .......... .......... 99% 94.0M 0s
164200K .......... .......... .......... .......... .......... 99% 87.3M 0s
164250K .......... .......... .......... .......... .......... 99% 2.47M 0s
164300K .......... .......... .......... .......... .......... 99% 9.61M 0s
164350K .......... .......... .......... .......... .......... 99% 77.2M 0s
164400K .......... .......... .......... .......... .......... 99% 4.57M 0s
164450K .......... .......... .......... .......... .......... 99% 22.9M 0s
164500K .......... .......... .......... .......... .......... 99% 74.6M 0s
164550K .......... .......... .......... .......... .......... 99% 79.9M 0s
164600K .......... .......... .......... .......... .......... 99% 79.0M 0s
164650K .......... .......... .......... .......... .......... 99% 4.52M 0s
164700K .......... .......... .......... .......... .......... 99% 9.95M 0s
164750K .......... .......... .......... .......... .......... 99% 80.4M 0s
164800K .......... .......... .......... .......... .......... 99% 6.25M 0s
164850K .......... .......... .......... .......... .......... 99% 11.1M 0s
164900K .......... .......... .......... .......... .......... 99% 12.2M 0s
164950K .......... .......... .......... .......... .......... 99% 9.47M 0s
165000K .......... .......... .......... .......... .......... 99% 16.2M 0s
165050K .......... ......                                     100% 95.5M=16s

2026-08-17 12:12:47 (10.2 MB/s) - ‘libtorch.zip’ saved [169027626/169027626]

unzip libtorch.zip
make: unzip: No such file or directory
make: *** [Makefile:37: 3rd-party/libtorch] Error 127
make: Leaving directory '/workspace/MLX_dev/third_party/dsa-framework/dsa-scheduler'
