make[1]: Entering directory '/workspace/MLX_dev/third_party/dsa-framework/ss-tools/build/riscv-dsa-binutils/intl'
make[1]: Nothing to be done for 'all'.
make[1]: Leaving directory '/workspace/MLX_dev/third_party/dsa-framework/ss-tools/build/riscv-dsa-binutils/intl'
make[1]: Entering directory '/workspace/MLX_dev/third_party/dsa-framework/ss-tools/build/riscv-dsa-binutils/libiberty'
make[1]: Entering directory '/workspace/MLX_dev/third_party/dsa-framework/ss-tools/build/riscv-dsa-binutils/zlib'
true "AR_FLAGS=rc" "CC_FOR_BUILD=gcc" "CFLAGS=-g -O2" "CXXFLAGS=-g -O2" "CFLAGS_FOR_BUILD=-g -O2" "CFLAGS_FOR_TARGET=-g -O2" "INSTALL=/usr/bin/install -c" "INSTALL_DATA=/usr/bin/install -c -m 644" "INSTALL_PROGRAM=/usr/bin/install -c" "INSTALL_SCRIPT=/usr/bin/install -c" "LDFLAGS=-static-libstdc++ -static-libgcc " "LIBCFLAGS=-g -O2" "LIBCFLAGS_FOR_TARGET=-g -O2" "MAKE=make" "MAKEINFO=/workspace/MLX_dev/third_party/dsa-framework/chipyard/toolchains/riscv-tools/riscv-gnu-toolchain/riscv-binutils/missing makeinfo --split-size=5000000 " "PICFLAG=" "PICFLAG_FOR_TARGET=" "SHELL=/bin/bash" "EXPECT=expect" "RUNTEST=runtest" "RUNTESTFLAGS=" "exec_prefix=/workspace/MLX_dev/third_party/dsa-framework/ss-tools/riscv-dsa-binutils" "infodir=/workspace/MLX_dev/third_party/dsa-framework/ss-tools/riscv-dsa-binutils/share/info" "libdir=/workspace/MLX_dev/third_party/dsa-framework/ss-tools/riscv-dsa-binutils/lib" "prefix=/workspace/MLX_dev/third_party/dsa-framework/ss-tools/riscv-dsa-binutils" "tooldir=/workspace/MLX_dev/third_party/dsa-framework/ss-tools/riscv-dsa-binutils/riscv64-unknown-linux-gnu" "AR=ar" "AS=as" "CC=gcc" "CXX=g++" "LD=ld" "LIBCFLAGS=-g -O2" "NM=nm" "PICFLAG=" "RANLIB=ranlib" "DESTDIR=" DO=all multi-do # make
make[1]: Leaving directory '/workspace/MLX_dev/third_party/dsa-framework/ss-tools/build/riscv-dsa-binutils/zlib'
make[2]: Entering directory '/workspace/MLX_dev/third_party/dsa-framework/ss-tools/build/riscv-dsa-binutils/libiberty/testsuite'
make[2]: Nothing to be done for 'all'.
make[2]: Leaving directory '/workspace/MLX_dev/third_party/dsa-framework/ss-tools/build/riscv-dsa-binutils/libiberty/testsuite'
make[1]: Leaving directory '/workspace/MLX_dev/third_party/dsa-framework/ss-tools/build/riscv-dsa-binutils/libiberty'
make[1]: Entering directory '/workspace/MLX_dev/third_party/dsa-framework/ss-tools/build/riscv-dsa-binutils/bfd'
Making info in doc
make[2]: Entering directory '/workspace/MLX_dev/third_party/dsa-framework/ss-tools/build/riscv-dsa-binutils/bfd/doc'
restore=: && backupdir=".am$$" && \
rm -rf $backupdir && mkdir $backupdir && \
if (/workspace/MLX_dev/third_party/dsa-framework/chipyard/toolchains/riscv-tools/riscv-gnu-toolchain/riscv-binutils/missing makeinfo --split-size=5000000 --version) >/dev/null 2>&1; then \
  for f in bfd.info bfd.info-[0-9] bfd.info-[0-9][0-9] bfd.i[0-9] bfd.i[0-9][0-9]; do \
    if test -f $f; then mv $f $backupdir; restore=mv; else :; fi; \
  done; \
else :; fi && \
if /workspace/MLX_dev/third_party/dsa-framework/chipyard/toolchains/riscv-tools/riscv-gnu-toolchain/riscv-binutils/missing makeinfo --split-size=5000000   -I /workspace/MLX_dev/third_party/dsa-framework/chipyard/toolchains/riscv-tools/riscv-gnu-toolchain/riscv-binutils/bfd/doc \
 -o bfd.info `test -f 'bfd.texi' || echo '/workspace/MLX_dev/third_party/dsa-framework/chipyard/toolchains/riscv-tools/riscv-gnu-toolchain/riscv-binutils/bfd/doc/'`bfd.texi; \
then \
  rc=0; \
else \
  rc=$?; \
  $restore $backupdir/* `echo "./bfd.info" | sed 's|[^/]*$||'`; \
fi; \
rm -rf $backupdir; exit $rc
make[2]: Leaving directory '/workspace/MLX_dev/third_party/dsa-framework/ss-tools/build/riscv-dsa-binutils/bfd/doc'
Making info in po
make[2]: Entering directory '/workspace/MLX_dev/third_party/dsa-framework/ss-tools/build/riscv-dsa-binutils/bfd/po'
( if test 'x/workspace/MLX_dev/third_party/dsa-framework/chipyard/toolchains/riscv-tools/riscv-gnu-toolchain/riscv-binutils/bfd/po' != 'x.'; then \
    posrcprefix='/workspace/MLX_dev/third_party/dsa-framework/chipyard/toolchains/riscv-tools/riscv-gnu-toolchain/riscv-binutils/bfd/'; \
  else \
    posrcprefix="../"; \
  fi; \
  rm -f SRC-POTFILES-t SRC-POTFILES \
    && (sed -e '/^#/d' \
            -e '/^[ 	]*$/d' \
	    -e "s@.*@	$posrcprefix& \\\\@" < /workspace/MLX_dev/third_party/dsa-framework/chipyard/toolchains/riscv-tools/riscv-gnu-toolchain/riscv-binutils/bfd/po/SRC-POTFILES.in \
	| sed -e '$s/\\$//') > SRC-POTFILES-t \
    && chmod a-w SRC-POTFILES-t \
    && mv SRC-POTFILES-t SRC-POTFILES )
( rm -f BLD-POTFILES-t BLD-POTFILES \
    && (sed -e '/^#/d' \
            -e '/^[ 	]*$/d' \
	    -e "s@.*@	../& \\\\@" < /workspace/MLX_dev/third_party/dsa-framework/chipyard/toolchains/riscv-tools/riscv-gnu-toolchain/riscv-binutils/bfd/po/BLD-POTFILES.in \
	| sed -e '$s/\\$//') > BLD-POTFILES-t \
    && chmod a-w BLD-POTFILES-t \
    && mv BLD-POTFILES-t BLD-POTFILES )
cd .. \
  && CONFIG_FILES=po/Makefile.in:po/Make-in \
     CONFIG_HEADERS= /bin/bash ./config.status
config.status: creating po/Makefile.in
config.status: executing depfiles commands
config.status: executing libtool commands
config.status: executing default-1 commands
config.status: executing bfd_stdint.h commands
config.status: executing default commands
make[2]: Nothing to be done for 'info'.
make[2]: Leaving directory '/workspace/MLX_dev/third_party/dsa-framework/ss-tools/build/riscv-dsa-binutils/bfd/po'
make[2]: Entering directory '/workspace/MLX_dev/third_party/dsa-framework/ss-tools/build/riscv-dsa-binutils/bfd'
make[2]: Nothing to be done for 'info-am'.
make[2]: Leaving directory '/workspace/MLX_dev/third_party/dsa-framework/ss-tools/build/riscv-dsa-binutils/bfd'
make  all-recursive
make[2]: Entering directory '/workspace/MLX_dev/third_party/dsa-framework/ss-tools/build/riscv-dsa-binutils/bfd'
Making all in doc
make[3]: Entering directory '/workspace/MLX_dev/third_party/dsa-framework/ss-tools/build/riscv-dsa-binutils/bfd/doc'
make[3]: Leaving directory '/workspace/MLX_dev/third_party/dsa-framework/ss-tools/build/riscv-dsa-binutils/bfd/doc'
Making all in po
make[3]: Entering directory '/workspace/MLX_dev/third_party/dsa-framework/ss-tools/build/riscv-dsa-binutils/bfd/po'
make[3]: Nothing to be done for 'all'.
make[3]: Leaving directory '/workspace/MLX_dev/third_party/dsa-framework/ss-tools/build/riscv-dsa-binutils/bfd/po'
make[3]: Entering directory '/workspace/MLX_dev/third_party/dsa-framework/ss-tools/build/riscv-dsa-binutils/bfd'
rm -f bfd-tmp.h
rm -f elf64-riscv.c
rm -f elf32-riscv.c
rm -f tofiles
cp bfd-in3.h bfd-tmp.h
echo "#line 1 \"/workspace/MLX_dev/third_party/dsa-framework/chipyard/toolchains/riscv-tools/riscv-gnu-toolchain/riscv-binutils/bfd/elfnn-riscv.c\"" > elf64-riscv.new
echo "#line 1 \"/workspace/MLX_dev/third_party/dsa-framework/chipyard/toolchains/riscv-tools/riscv-gnu-toolchain/riscv-binutils/bfd/elfnn-riscv.c\"" > elf32-riscv.new
f=""; \
for i in elf64-riscv.lo elf64.lo elfxx-riscv.lo elf32.lo elf.lo elflink.lo elf-attrs.lo elf-strtab.lo elf-eh-frame.lo dwarf1.lo dwarf2.lo elf32-riscv.lo elf64-gen.lo elf32-gen.lo plugin.lo cpu-riscv.lo cpu-plugin.lo  archive64.lo ; do \
  case " $f " in \
    *" $i "*) ;; \
    *) f="$f $i" ;; \
  esac ; \
done ; \
echo $f > tofiles
sed -e s/NN/64/g < /workspace/MLX_dev/third_party/dsa-framework/chipyard/toolchains/riscv-tools/riscv-gnu-toolchain/riscv-binutils/bfd/elfnn-riscv.c >> elf64-riscv.new
sed -e s/NN/32/g < /workspace/MLX_dev/third_party/dsa-framework/chipyard/toolchains/riscv-tools/riscv-gnu-toolchain/riscv-binutils/bfd/elfnn-riscv.c >> elf32-riscv.new
/bin/bash /workspace/MLX_dev/third_party/dsa-framework/chipyard/toolchains/riscv-tools/riscv-gnu-toolchain/riscv-binutils/bfd/../move-if-change bfd-tmp.h bfd.h
/bin/bash /workspace/MLX_dev/third_party/dsa-framework/chipyard/toolchains/riscv-tools/riscv-gnu-toolchain/riscv-binutils/bfd/../move-if-change tofiles ofiles
mv -f elf32-riscv.new elf32-riscv.c
mv -f elf64-riscv.new elf64-riscv.c
rm -f bfd-tmp.h
touch stamp-ofiles
touch stmp-bfd-h
/bin/bash ./libtool  --tag=CC   --mode=compile gcc -DHAVE_CONFIG_H -I. -I/workspace/MLX_dev/third_party/dsa-framework/chipyard/toolchains/riscv-tools/riscv-gnu-toolchain/riscv-binutils/bfd  -DBINDIR='"/workspace/MLX_dev/third_party/dsa-framework/ss-tools/riscv-dsa-binutils/bin"' -I. -I/workspace/MLX_dev/third_party/dsa-framework/chipyard/toolchains/riscv-tools/riscv-gnu-toolchain/riscv-binutils/bfd -I/workspace/MLX_dev/third_party/dsa-framework/chipyard/toolchains/riscv-tools/riscv-gnu-toolchain/riscv-binutils/bfd/../include  -DHAVE_riscv_elf64_vec -DHAVE_riscv_elf32_vec -DHAVE_elf64_le_vec -DHAVE_elf64_be_vec -DHAVE_elf32_le_vec -DHAVE_elf32_be_vec -DHAVE_plugin_vec   -W -Wall -Wstrict-prototypes -Wmissing-prototypes -Wshadow -Wstack-usage=262144 -I/workspace/MLX_dev/third_party/dsa-framework/chipyard/toolchains/riscv-tools/riscv-gnu-toolchain/riscv-binutils/bfd/../zlib -g -O2 -MT archive.lo -MD -MP -MF .deps/archive.Tpo -c -o archive.lo /workspace/MLX_dev/third_party/dsa-framework/chipyard/toolchains/riscv-tools/riscv-gnu-toolchain/riscv-binutils/bfd/archive.c
/bin/bash ./libtool  --tag=CC   --mode=compile gcc -DHAVE_CONFIG_H -I. -I/workspace/MLX_dev/third_party/dsa-framework/chipyard/toolchains/riscv-tools/riscv-gnu-toolchain/riscv-binutils/bfd  -DBINDIR='"/workspace/MLX_dev/third_party/dsa-framework/ss-tools/riscv-dsa-binutils/bin"' -I. -I/workspace/MLX_dev/third_party/dsa-framework/chipyard/toolchains/riscv-tools/riscv-gnu-toolchain/riscv-binutils/bfd -I/workspace/MLX_dev/third_party/dsa-framework/chipyard/toolchains/riscv-tools/riscv-gnu-toolchain/riscv-binutils/bfd/../include  -DHAVE_riscv_elf64_vec -DHAVE_riscv_elf32_vec -DHAVE_elf64_le_vec -DHAVE_elf64_be_vec -DHAVE_elf32_le_vec -DHAVE_elf32_be_vec -DHAVE_plugin_vec   -W -Wall -Wstrict-prototypes -Wmissing-prototypes -Wshadow -Wstack-usage=262144 -I/workspace/MLX_dev/third_party/dsa-framework/chipyard/toolchains/riscv-tools/riscv-gnu-toolchain/riscv-binutils/bfd/../zlib -g -O2 -MT archures.lo -MD -MP -MF .deps/archures.Tpo -c -o archures.lo -DDEFAULT_VECTOR=riscv_elf64_vec -DSELECT_VECS='&riscv_elf64_vec,&riscv_elf32_vec,&elf64_le_vec,&elf64_be_vec,&elf32_le_vec,&elf32_be_vec,&plugin_vec' -DSELECT_ARCHITECTURES='&bfd_riscv_arch,&bfd_plugin_arch' /workspace/MLX_dev/third_party/dsa-framework/chipyard/toolchains/riscv-tools/riscv-gnu-toolchain/riscv-binutils/bfd/archures.c
/bin/bash ./libtool  --tag=CC   --mode=compile gcc -DHAVE_CONFIG_H -I. -I/workspace/MLX_dev/third_party/dsa-framework/chipyard/toolchains/riscv-tools/riscv-gnu-toolchain/riscv-binutils/bfd  -DBINDIR='"/workspace/MLX_dev/third_party/dsa-framework/ss-tools/riscv-dsa-binutils/bin"' -I. -I/workspace/MLX_dev/third_party/dsa-framework/chipyard/toolchains/riscv-tools/riscv-gnu-toolchain/riscv-binutils/bfd -I/workspace/MLX_dev/third_party/dsa-framework/chipyard/toolchains/riscv-tools/riscv-gnu-toolchain/riscv-binutils/bfd/../include  -DHAVE_riscv_elf64_vec -DHAVE_riscv_elf32_vec -DHAVE_elf64_le_vec -DHAVE_elf64_be_vec -DHAVE_elf32_le_vec -DHAVE_elf32_be_vec -DHAVE_plugin_vec   -W -Wall -Wstrict-prototypes -Wmissing-prototypes -Wshadow -Wstack-usage=262144 -I/workspace/MLX_dev/third_party/dsa-framework/chipyard/toolchains/riscv-tools/riscv-gnu-toolchain/riscv-binutils/bfd/../zlib -g -O2 -MT bfd.lo -MD -MP -MF .deps/bfd.Tpo -c -o bfd.lo /workspace/MLX_dev/third_party/dsa-framework/chipyard/toolchains/riscv-tools/riscv-gnu-toolchain/riscv-binutils/bfd/bfd.c
/bin/bash ./libtool  --tag=CC   --mode=compile gcc -DHAVE_CONFIG_H -I. -I/workspace/MLX_dev/third_party/dsa-framework/chipyard/toolchains/riscv-tools/riscv-gnu-toolchain/riscv-binutils/bfd  -DBINDIR='"/workspace/MLX_dev/third_party/dsa-framework/ss-tools/riscv-dsa-binutils/bin"' -I. -I/workspace/MLX_dev/third_party/dsa-framework/chipyard/toolchains/riscv-tools/riscv-gnu-toolchain/riscv-binutils/bfd -I/workspace/MLX_dev/third_party/dsa-framework/chipyard/toolchains/riscv-tools/riscv-gnu-toolchain/riscv-binutils/bfd/../include  -DHAVE_riscv_elf64_vec -DHAVE_riscv_elf32_vec -DHAVE_elf64_le_vec -DHAVE_elf64_be_vec -DHAVE_elf32_le_vec -DHAVE_elf32_be_vec -DHAVE_plugin_vec   -W -Wall -Wstrict-prototypes -Wmissing-prototypes -Wshadow -Wstack-usage=262144 -I/workspace/MLX_dev/third_party/dsa-framework/chipyard/toolchains/riscv-tools/riscv-gnu-toolchain/riscv-binutils/bfd/../zlib -g -O2 -MT bfdio.lo -MD -MP -MF .deps/bfdio.Tpo -c -o bfdio.lo /workspace/MLX_dev/third_party/dsa-framework/chipyard/toolchains/riscv-tools/riscv-gnu-toolchain/riscv-binutils/bfd/bfdio.c
/bin/bash ./libtool  --tag=CC   --mode=compile gcc -DHAVE_CONFIG_H -I. -I/workspace/MLX_dev/third_party/dsa-framework/chipyard/toolchains/riscv-tools/riscv-gnu-toolchain/riscv-binutils/bfd  -DBINDIR='"/workspace/MLX_dev/third_party/dsa-framework/ss-tools/riscv-dsa-binutils/bin"' -I. -I/workspace/MLX_dev/third_party/dsa-framework/chipyard/toolchains/riscv-tools/riscv-gnu-toolchain/riscv-binutils/bfd -I/workspace/MLX_dev/third_party/dsa-framework/chipyard/toolchains/riscv-tools/riscv-gnu-toolchain/riscv-binutils/bfd/../include  -DHAVE_riscv_elf64_vec -DHAVE_riscv_elf32_vec -DHAVE_elf64_le_vec -DHAVE_elf64_be_vec -DHAVE_elf32_le_vec -DHAVE_elf32_be_vec -DHAVE_plugin_vec   -W -Wall -Wstrict-prototypes -Wmissing-prototypes -Wshadow -Wstack-usage=262144 -I/workspace/MLX_dev/third_party/dsa-framework/chipyard/toolchains/riscv-tools/riscv-gnu-toolchain/riscv-binutils/bfd/../zlib -g -O2 -MT bfdwin.lo -MD -MP -MF .deps/bfdwin.Tpo -c -o bfdwin.lo /workspace/MLX_dev/third_party/dsa-framework/chipyard/toolchains/riscv-tools/riscv-gnu-toolchain/riscv-binutils/bfd/bfdwin.c
/bin/bash ./libtool  --tag=CC   --mode=compile gcc -DHAVE_CONFIG_H -I. -I/workspace/MLX_dev/third_party/dsa-framework/chipyard/toolchains/riscv-tools/riscv-gnu-toolchain/riscv-binutils/bfd  -DBINDIR='"/workspace/MLX_dev/third_party/dsa-framework/ss-tools/riscv-dsa-binutils/bin"' -I. -I/workspace/MLX_dev/third_party/dsa-framework/chipyard/toolchains/riscv-tools/riscv-gnu-toolchain/riscv-binutils/bfd -I/workspace/MLX_dev/third_party/dsa-framework/chipyard/toolchains/riscv-tools/riscv-gnu-toolchain/riscv-binutils/bfd/../include  -DHAVE_riscv_elf64_vec -DHAVE_riscv_elf32_vec -DHAVE_elf64_le_vec -DHAVE_elf64_be_vec -DHAVE_elf32_le_vec -DHAVE_elf32_be_vec -DHAVE_plugin_vec   -W -Wall -Wstrict-prototypes -Wmissing-prototypes -Wshadow -Wstack-usage=262144 -I/workspace/MLX_dev/third_party/dsa-framework/chipyard/toolchains/riscv-tools/riscv-gnu-toolchain/riscv-binutils/bfd/../zlib -g -O2 -MT cache.lo -MD -MP -MF .deps/cache.Tpo -c -o cache.lo /workspace/MLX_dev/third_party/dsa-framework/chipyard/toolchains/riscv-tools/riscv-gnu-toolchain/riscv-binutils/bfd/cache.c
/bin/bash ./libtool  --tag=CC   --mode=compile gcc -DHAVE_CONFIG_H -I. -I/workspace/MLX_dev/third_party/dsa-framework/chipyard/toolchains/riscv-tools/riscv-gnu-toolchain/riscv-binutils/bfd  -DBINDIR='"/workspace/MLX_dev/third_party/dsa-framework/ss-tools/riscv-dsa-binutils/bin"' -I. -I/workspace/MLX_dev/third_party/dsa-framework/chipyard/toolchains/riscv-tools/riscv-gnu-toolchain/riscv-binutils/bfd -I/workspace/MLX_dev/third_party/dsa-framework/chipyard/toolchains/riscv-tools/riscv-gnu-toolchain/riscv-binutils/bfd/../include  -DHAVE_riscv_elf64_vec -DHAVE_riscv_elf32_vec -DHAVE_elf64_le_vec -DHAVE_elf64_be_vec -DHAVE_elf32_le_vec -DHAVE_elf32_be_vec -DHAVE_plugin_vec   -W -Wall -Wstrict-prototypes -Wmissing-prototypes -Wshadow -Wstack-usage=262144 -I/workspace/MLX_dev/third_party/dsa-framework/chipyard/toolchains/riscv-tools/riscv-gnu-toolchain/riscv-binutils/bfd/../zlib -g -O2 -MT coff-bfd.lo -MD -MP -MF .deps/coff-bfd.Tpo -c -o coff-bfd.lo /workspace/MLX_dev/third_party/dsa-framework/chipyard/toolchains/riscv-tools/riscv-gnu-toolchain/riscv-binutils/bfd/coff-bfd.c
/bin/bash ./libtool  --tag=CC   --mode=compile gcc -DHAVE_CONFIG_H -I. -I/workspace/MLX_dev/third_party/dsa-framework/chipyard/toolchains/riscv-tools/riscv-gnu-toolchain/riscv-binutils/bfd  -DBINDIR='"/workspace/MLX_dev/third_party/dsa-framework/ss-tools/riscv-dsa-binutils/bin"' -I. -I/workspace/MLX_dev/third_party/dsa-framework/chipyard/toolchains/riscv-tools/riscv-gnu-toolchain/riscv-binutils/bfd -I/workspace/MLX_dev/third_party/dsa-framework/chipyard/toolchains/riscv-tools/riscv-gnu-toolchain/riscv-binutils/bfd/../include  -DHAVE_riscv_elf64_vec -DHAVE_riscv_elf32_vec -DHAVE_elf64_le_vec -DHAVE_elf64_be_vec -DHAVE_elf32_le_vec -DHAVE_elf32_be_vec -DHAVE_plugin_vec   -W -Wall -Wstrict-prototypes -Wmissing-prototypes -Wshadow -Wstack-usage=262144 -I/workspace/MLX_dev/third_party/dsa-framework/chipyard/toolchains/riscv-tools/riscv-gnu-toolchain/riscv-binutils/bfd/../zlib -g -O2 -MT compress.lo -MD -MP -MF .deps/compress.Tpo -c -o compress.lo /workspace/MLX_dev/third_party/dsa-framework/chipyard/toolchains/riscv-tools/riscv-gnu-toolchain/riscv-binutils/bfd/compress.c
libtool: compile:  gcc -DHAVE_CONFIG_H -I. -I/workspace/MLX_dev/third_party/dsa-framework/chipyard/toolchains/riscv-tools/riscv-gnu-toolchain/riscv-binutils/bfd -DBINDIR=\"/workspace/MLX_dev/third_party/dsa-framework/ss-tools/riscv-dsa-binutils/bin\" -I. -I/workspace/MLX_dev/third_party/dsa-framework/chipyard/toolchains/riscv-tools/riscv-gnu-toolchain/riscv-binutils/bfd -I/workspace/MLX_dev/third_party/dsa-framework/chipyard/toolchains/riscv-tools/riscv-gnu-toolchain/riscv-binutils/bfd/../include -DHAVE_riscv_elf64_vec -DHAVE_riscv_elf32_vec -DHAVE_elf64_le_vec -DHAVE_elf64_be_vec -DHAVE_elf32_le_vec -DHAVE_elf32_be_vec -DHAVE_plugin_vec -W -Wall -Wstrict-prototypes -Wmissing-prototypes -Wshadow -Wstack-usage=262144 -I/workspace/MLX_dev/third_party/dsa-framework/chipyard/toolchains/riscv-tools/riscv-gnu-toolchain/riscv-binutils/bfd/../zlib -g -O2 -MT archive.lo -MD -MP -MF .deps/archive.Tpo -c /workspace/MLX_dev/third_party/dsa-framework/chipyard/toolchains/riscv-tools/riscv-gnu-toolchain/riscv-binutils/bfd/archive.c -o archive.o
libtool: compile:  gcc -DHAVE_CONFIG_H -I. -I/workspace/MLX_dev/third_party/dsa-framework/chipyard/toolchains/riscv-tools/riscv-gnu-toolchain/riscv-binutils/bfd -DBINDIR=\"/workspace/MLX_dev/third_party/dsa-framework/ss-tools/riscv-dsa-binutils/bin\" -I. -I/workspace/MLX_dev/third_party/dsa-framework/chipyard/toolchains/riscv-tools/riscv-gnu-toolchain/riscv-binutils/bfd -I/workspace/MLX_dev/third_party/dsa-framework/chipyard/toolchains/riscv-tools/riscv-gnu-toolchain/riscv-binutils/bfd/../include -DHAVE_riscv_elf64_vec -DHAVE_riscv_elf32_vec -DHAVE_elf64_le_vec -DHAVE_elf64_be_vec -DHAVE_elf32_le_vec -DHAVE_elf32_be_vec -DHAVE_plugin_vec -W -Wall -Wstrict-prototypes -Wmissing-prototypes -Wshadow -Wstack-usage=262144 -I/workspace/MLX_dev/third_party/dsa-framework/chipyard/toolchains/riscv-tools/riscv-gnu-toolchain/riscv-binutils/bfd/../zlib -g -O2 -MT archures.lo -MD -MP -MF .deps/archures.Tpo -c -DDEFAULT_VECTOR=riscv_elf64_vec "-DSELECT_VECS=&riscv_elf64_vec,&riscv_elf32_vec,&elf64_le_vec,&elf64_be_vec,&elf32_le_vec,&elf32_be_vec,&plugin_vec" "-DSELECT_ARCHITECTURES=&bfd_riscv_arch,&bfd_plugin_arch" /workspace/MLX_dev/third_party/dsa-framework/chipyard/toolchains/riscv-tools/riscv-gnu-toolchain/riscv-binutils/bfd/archures.c -o archures.o
libtool: compile:  gcc -DHAVE_CONFIG_H -I. -I/workspace/MLX_dev/third_party/dsa-framework/chipyard/toolchains/riscv-tools/riscv-gnu-toolchain/riscv-binutils/bfd -DBINDIR=\"/workspace/MLX_dev/third_party/dsa-framework/ss-tools/riscv-dsa-binutils/bin\" -I. -I/workspace/MLX_dev/third_party/dsa-framework/chipyard/toolchains/riscv-tools/riscv-gnu-toolchain/riscv-binutils/bfd -I/workspace/MLX_dev/third_party/dsa-framework/chipyard/toolchains/riscv-tools/riscv-gnu-toolchain/riscv-binutils/bfd/../include -DHAVE_riscv_elf64_vec -DHAVE_riscv_elf32_vec -DHAVE_elf64_le_vec -DHAVE_elf64_be_vec -DHAVE_elf32_le_vec -DHAVE_elf32_be_vec -DHAVE_plugin_vec -W -Wall -Wstrict-prototypes -Wmissing-prototypes -Wshadow -Wstack-usage=262144 -I/workspace/MLX_dev/third_party/dsa-framework/chipyard/toolchains/riscv-tools/riscv-gnu-toolchain/riscv-binutils/bfd/../zlib -g -O2 -MT bfdwin.lo -MD -MP -MF .deps/bfdwin.Tpo -c /workspace/MLX_dev/third_party/dsa-framework/chipyard/toolchains/riscv-tools/riscv-gnu-toolchain/riscv-binutils/bfd/bfdwin.c -o bfdwin.o
libtool: compile:  gcc -DHAVE_CONFIG_H -I. -I/workspace/MLX_dev/third_party/dsa-framework/chipyard/toolchains/riscv-tools/riscv-gnu-toolchain/riscv-binutils/bfd -DBINDIR=\"/workspace/MLX_dev/third_party/dsa-framework/ss-tools/riscv-dsa-binutils/bin\" -I. -I/workspace/MLX_dev/third_party/dsa-framework/chipyard/toolchains/riscv-tools/riscv-gnu-toolchain/riscv-binutils/bfd -I/workspace/MLX_dev/third_party/dsa-framework/chipyard/toolchains/riscv-tools/riscv-gnu-toolchain/riscv-binutils/bfd/../include -DHAVE_riscv_elf64_vec -DHAVE_riscv_elf32_vec -DHAVE_elf64_le_vec -DHAVE_elf64_be_vec -DHAVE_elf32_le_vec -DHAVE_elf32_be_vec -DHAVE_plugin_vec -W -Wall -Wstrict-prototypes -Wmissing-prototypes -Wshadow -Wstack-usage=262144 -I/workspace/MLX_dev/third_party/dsa-framework/chipyard/toolchains/riscv-tools/riscv-gnu-toolchain/riscv-binutils/bfd/../zlib -g -O2 -MT bfdio.lo -MD -MP -MF .deps/bfdio.Tpo -c /workspace/MLX_dev/third_party/dsa-framework/chipyard/toolchains/riscv-tools/riscv-gnu-toolchain/riscv-binutils/bfd/bfdio.c -o bfdio.o
libtool: compile:  gcc -DHAVE_CONFIG_H -I. -I/workspace/MLX_dev/third_party/dsa-framework/chipyard/toolchains/riscv-tools/riscv-gnu-toolchain/riscv-binutils/bfd -DBINDIR=\"/workspace/MLX_dev/third_party/dsa-framework/ss-tools/riscv-dsa-binutils/bin\" -I. -I/workspace/MLX_dev/third_party/dsa-framework/chipyard/toolchains/riscv-tools/riscv-gnu-toolchain/riscv-binutils/bfd -I/workspace/MLX_dev/third_party/dsa-framework/chipyard/toolchains/riscv-tools/riscv-gnu-toolchain/riscv-binutils/bfd/../include -DHAVE_riscv_elf64_vec -DHAVE_riscv_elf32_vec -DHAVE_elf64_le_vec -DHAVE_elf64_be_vec -DHAVE_elf32_le_vec -DHAVE_elf32_be_vec -DHAVE_plugin_vec -W -Wall -Wstrict-prototypes -Wmissing-prototypes -Wshadow -Wstack-usage=262144 -I/workspace/MLX_dev/third_party/dsa-framework/chipyard/toolchains/riscv-tools/riscv-gnu-toolchain/riscv-binutils/bfd/../zlib -g -O2 -MT compress.lo -MD -MP -MF .deps/compress.Tpo -c /workspace/MLX_dev/third_party/dsa-framework/chipyard/toolchains/riscv-tools/riscv-gnu-toolchain/riscv-binutils/bfd/compress.c -o compress.o
libtool: compile:  gcc -DHAVE_CONFIG_H -I. -I/workspace/MLX_dev/third_party/dsa-framework/chipyard/toolchains/riscv-tools/riscv-gnu-toolchain/riscv-binutils/bfd -DBINDIR=\"/workspace/MLX_dev/third_party/dsa-framework/ss-tools/riscv-dsa-binutils/bin\" -I. -I/workspace/MLX_dev/third_party/dsa-framework/chipyard/toolchains/riscv-tools/riscv-gnu-toolchain/riscv-binutils/bfd -I/workspace/MLX_dev/third_party/dsa-framework/chipyard/toolchains/riscv-tools/riscv-gnu-toolchain/riscv-binutils/bfd/../include -DHAVE_riscv_elf64_vec -DHAVE_riscv_elf32_vec -DHAVE_elf64_le_vec -DHAVE_elf64_be_vec -DHAVE_elf32_le_vec -DHAVE_elf32_be_vec -DHAVE_plugin_vec -W -Wall -Wstrict-prototypes -Wmissing-prototypes -Wshadow -Wstack-usage=262144 -I/workspace/MLX_dev/third_party/dsa-framework/chipyard/toolchains/riscv-tools/riscv-gnu-toolchain/riscv-binutils/bfd/../zlib -g -O2 -MT bfd.lo -MD -MP -MF .deps/bfd.Tpo -c /workspace/MLX_dev/third_party/dsa-framework/chipyard/toolchains/riscv-tools/riscv-gnu-toolchain/riscv-binutils/bfd/bfd.c -o bfd.o
libtool: compile:  gcc -DHAVE_CONFIG_H -I. -I/workspace/MLX_dev/third_party/dsa-framework/chipyard/toolchains/riscv-tools/riscv-gnu-toolchain/riscv-binutils/bfd -DBINDIR=\"/workspace/MLX_dev/third_party/dsa-framework/ss-tools/riscv-dsa-binutils/bin\" -I. -I/workspace/MLX_dev/third_party/dsa-framework/chipyard/toolchains/riscv-tools/riscv-gnu-toolchain/riscv-binutils/bfd -I/workspace/MLX_dev/third_party/dsa-framework/chipyard/toolchains/riscv-tools/riscv-gnu-toolchain/riscv-binutils/bfd/../include -DHAVE_riscv_elf64_vec -DHAVE_riscv_elf32_vec -DHAVE_elf64_le_vec -DHAVE_elf64_be_vec -DHAVE_elf32_le_vec -DHAVE_elf32_be_vec -DHAVE_plugin_vec -W -Wall -Wstrict-prototypes -Wmissing-prototypes -Wshadow -Wstack-usage=262144 -I/workspace/MLX_dev/third_party/dsa-framework/chipyard/toolchains/riscv-tools/riscv-gnu-toolchain/riscv-binutils/bfd/../zlib -g -O2 -MT coff-bfd.lo -MD -MP -MF .deps/coff-bfd.Tpo -c /workspace/MLX_dev/third_party/dsa-framework/chipyard/toolchains/riscv-tools/riscv-gnu-toolchain/riscv-binutils/bfd/coff-bfd.c -o coff-bfd.o
libtool: compile:  gcc -DHAVE_CONFIG_H -I. -I/workspace/MLX_dev/third_party/dsa-framework/chipyard/toolchains/riscv-tools/riscv-gnu-toolchain/riscv-binutils/bfd -DBINDIR=\"/workspace/MLX_dev/third_party/dsa-framework/ss-tools/riscv-dsa-binutils/bin\" -I. -I/workspace/MLX_dev/third_party/dsa-framework/chipyard/toolchains/riscv-tools/riscv-gnu-toolchain/riscv-binutils/bfd -I/workspace/MLX_dev/third_party/dsa-framework/chipyard/toolchains/riscv-tools/riscv-gnu-toolchain/riscv-binutils/bfd/../include -DHAVE_riscv_elf64_vec -DHAVE_riscv_elf32_vec -DHAVE_elf64_le_vec -DHAVE_elf64_be_vec -DHAVE_elf32_le_vec -DHAVE_elf32_be_vec -DHAVE_plugin_vec -W -Wall -Wstrict-prototypes -Wmissing-prototypes -Wshadow -Wstack-usage=262144 -I/workspace/MLX_dev/third_party/dsa-framework/chipyard/toolchains/riscv-tools/riscv-gnu-toolchain/riscv-binutils/bfd/../zlib -g -O2 -MT cache.lo -MD -MP -MF .deps/cache.Tpo -c /workspace/MLX_dev/third_party/dsa-framework/chipyard/toolchains/riscv-tools/riscv-gnu-toolchain/riscv-binutils/bfd/cache.c -o cache.o
mv -f .deps/bfdwin.Tpo .deps/bfdwin.Plo
/bin/bash ./libtool  --tag=CC   --mode=compile gcc -DHAVE_CONFIG_H -I. -I/workspace/MLX_dev/third_party/dsa-framework/chipyard/toolchains/riscv-tools/riscv-gnu-toolchain/riscv-binutils/bfd  -DBINDIR='"/workspace/MLX_dev/third_party/dsa-framework/ss-tools/riscv-dsa-binutils/bin"' -I. -I/workspace/MLX_dev/third_party/dsa-framework/chipyard/toolchains/riscv-tools/riscv-gnu-toolchain/riscv-binutils/bfd -I/workspace/MLX_dev/third_party/dsa-framework/chipyard/toolchains/riscv-tools/riscv-gnu-toolchain/riscv-binutils/bfd/../include  -DHAVE_riscv_elf64_vec -DHAVE_riscv_elf32_vec -DHAVE_elf64_le_vec -DHAVE_elf64_be_vec -DHAVE_elf32_le_vec -DHAVE_elf32_be_vec -DHAVE_plugin_vec   -W -Wall -Wstrict-prototypes -Wmissing-prototypes -Wshadow -Wstack-usage=262144 -I/workspace/MLX_dev/third_party/dsa-framework/chipyard/toolchains/riscv-tools/riscv-gnu-toolchain/riscv-binutils/bfd/../zlib -g -O2 -MT corefile.lo -MD -MP -MF .deps/corefile.Tpo -c -o corefile.lo /workspace/MLX_dev/third_party/dsa-framework/chipyard/toolchains/riscv-tools/riscv-gnu-toolchain/riscv-binutils/bfd/corefile.c
libtool: compile:  gcc -DHAVE_CONFIG_H -I. -I/workspace/MLX_dev/third_party/dsa-framework/chipyard/toolchains/riscv-tools/riscv-gnu-toolchain/riscv-binutils/bfd -DBINDIR=\"/workspace/MLX_dev/third_party/dsa-framework/ss-tools/riscv-dsa-binutils/bin\" -I. -I/workspace/MLX_dev/third_party/dsa-framework/chipyard/toolchains/riscv-tools/riscv-gnu-toolchain/riscv-binutils/bfd -I/workspace/MLX_dev/third_party/dsa-framework/chipyard/toolchains/riscv-tools/riscv-gnu-toolchain/riscv-binutils/bfd/../include -DHAVE_riscv_elf64_vec -DHAVE_riscv_elf32_vec -DHAVE_elf64_le_vec -DHAVE_elf64_be_vec -DHAVE_elf32_le_vec -DHAVE_elf32_be_vec -DHAVE_plugin_vec -W -Wall -Wstrict-prototypes -Wmissing-prototypes -Wshadow -Wstack-usage=262144 -I/workspace/MLX_dev/third_party/dsa-framework/chipyard/toolchains/riscv-tools/riscv-gnu-toolchain/riscv-binutils/bfd/../zlib -g -O2 -MT corefile.lo -MD -MP -MF .deps/corefile.Tpo -c /workspace/MLX_dev/third_party/dsa-framework/chipyard/toolchains/riscv-tools/riscv-gnu-toolchain/riscv-binutils/bfd/corefile.c -o corefile.o
mv -f .deps/coff-bfd.Tpo .deps/coff-bfd.Plo
/bin/bash ./libtool  --tag=CC   --mode=compile gcc -DHAVE_CONFIG_H -I. -I/workspace/MLX_dev/third_party/dsa-framework/chipyard/toolchains/riscv-tools/riscv-gnu-toolchain/riscv-binutils/bfd  -DBINDIR='"/workspace/MLX_dev/third_party/dsa-framework/ss-tools/riscv-dsa-binutils/bin"' -I. -I/workspace/MLX_dev/third_party/dsa-framework/chipyard/toolchains/riscv-tools/riscv-gnu-toolchain/riscv-binutils/bfd -I/workspace/MLX_dev/third_party/dsa-framework/chipyard/toolchains/riscv-tools/riscv-gnu-toolchain/riscv-binutils/bfd/../include  -DHAVE_riscv_elf64_vec -DHAVE_riscv_elf32_vec -DHAVE_elf64_le_vec -DHAVE_elf64_be_vec -DHAVE_elf32_le_vec -DHAVE_elf32_be_vec -DHAVE_plugin_vec   -W -Wall -Wstrict-prototypes -Wmissing-prototypes -Wshadow -Wstack-usage=262144 -I/workspace/MLX_dev/third_party/dsa-framework/chipyard/toolchains/riscv-tools/riscv-gnu-toolchain/riscv-binutils/bfd/../zlib -g -O2 -MT elf-properties.lo -MD -MP -MF .deps/elf-properties.Tpo -c -o elf-properties.lo /workspace/MLX_dev/third_party/dsa-framework/chipyard/toolchains/riscv-tools/riscv-gnu-toolchain/riscv-binutils/bfd/elf-properties.c
libtool: compile:  gcc -DHAVE_CONFIG_H -I. -I/workspace/MLX_dev/third_party/dsa-framework/chipyard/toolchains/riscv-tools/riscv-gnu-toolchain/riscv-binutils/bfd -DBINDIR=\"/workspace/MLX_dev/third_party/dsa-framework/ss-tools/riscv-dsa-binutils/bin\" -I. -I/workspace/MLX_dev/third_party/dsa-framework/chipyard/toolchains/riscv-tools/riscv-gnu-toolchain/riscv-binutils/bfd -I/workspace/MLX_dev/third_party/dsa-framework/chipyard/toolchains/riscv-tools/riscv-gnu-toolchain/riscv-binutils/bfd/../include -DHAVE_riscv_elf64_vec -DHAVE_riscv_elf32_vec -DHAVE_elf64_le_vec -DHAVE_elf64_be_vec -DHAVE_elf32_le_vec -DHAVE_elf32_be_vec -DHAVE_plugin_vec -W -Wall -Wstrict-prototypes -Wmissing-prototypes -Wshadow -Wstack-usage=262144 -I/workspace/MLX_dev/third_party/dsa-framework/chipyard/toolchains/riscv-tools/riscv-gnu-toolchain/riscv-binutils/bfd/../zlib -g -O2 -MT elf-properties.lo -MD -MP -MF .deps/elf-properties.Tpo -c /workspace/MLX_dev/third_party/dsa-framework/chipyard/toolchains/riscv-tools/riscv-gnu-toolchain/riscv-binutils/bfd/elf-properties.c -o elf-properties.o
mv -f .deps/archures.Tpo .deps/archures.Plo
/bin/bash ./libtool  --tag=CC   --mode=compile gcc -DHAVE_CONFIG_H -I. -I/workspace/MLX_dev/third_party/dsa-framework/chipyard/toolchains/riscv-tools/riscv-gnu-toolchain/riscv-binutils/bfd  -DBINDIR='"/workspace/MLX_dev/third_party/dsa-framework/ss-tools/riscv-dsa-binutils/bin"' -I. -I/workspace/MLX_dev/third_party/dsa-framework/chipyard/toolchains/riscv-tools/riscv-gnu-toolchain/riscv-binutils/bfd -I/workspace/MLX_dev/third_party/dsa-framework/chipyard/toolchains/riscv-tools/riscv-gnu-toolchain/riscv-binutils/bfd/../include  -DHAVE_riscv_elf64_vec -DHAVE_riscv_elf32_vec -DHAVE_elf64_le_vec -DHAVE_elf64_be_vec -DHAVE_elf32_le_vec -DHAVE_elf32_be_vec -DHAVE_plugin_vec   -W -Wall -Wstrict-prototypes -Wmissing-prototypes -Wshadow -Wstack-usage=262144 -I/workspace/MLX_dev/third_party/dsa-framework/chipyard/toolchains/riscv-tools/riscv-gnu-toolchain/riscv-binutils/bfd/../zlib -g -O2 -MT format.lo -MD -MP -MF .deps/format.Tpo -c -o format.lo /workspace/MLX_dev/third_party/dsa-framework/chipyard/toolchains/riscv-tools/riscv-gnu-toolchain/riscv-binutils/bfd/format.c
mv -f .deps/cache.Tpo .deps/cache.Plo
/bin/bash ./libtool  --tag=CC   --mode=compile gcc -DHAVE_CONFIG_H -I. -I/workspace/MLX_dev/third_party/dsa-framework/chipyard/toolchains/riscv-tools/riscv-gnu-toolchain/riscv-binutils/bfd  -DBINDIR='"/workspace/MLX_dev/third_party/dsa-framework/ss-tools/riscv-dsa-binutils/bin"' -I. -I/workspace/MLX_dev/third_party/dsa-framework/chipyard/toolchains/riscv-tools/riscv-gnu-toolchain/riscv-binutils/bfd -I/workspace/MLX_dev/third_party/dsa-framework/chipyard/toolchains/riscv-tools/riscv-gnu-toolchain/riscv-binutils/bfd/../include  -DHAVE_riscv_elf64_vec -DHAVE_riscv_elf32_vec -DHAVE_elf64_le_vec -DHAVE_elf64_be_vec -DHAVE_elf32_le_vec -DHAVE_elf32_be_vec -DHAVE_plugin_vec   -W -Wall -Wstrict-prototypes -Wmissing-prototypes -Wshadow -Wstack-usage=262144 -I/workspace/MLX_dev/third_party/dsa-framework/chipyard/toolchains/riscv-tools/riscv-gnu-toolchain/riscv-binutils/bfd/../zlib -g -O2 -MT hash.lo -MD -MP -MF .deps/hash.Tpo -c -o hash.lo /workspace/MLX_dev/third_party/dsa-framework/chipyard/toolchains/riscv-tools/riscv-gnu-toolchain/riscv-binutils/bfd/hash.c
mv -f .deps/bfdio.Tpo .deps/bfdio.Plo
mv -f .deps/compress.Tpo .deps/compress.Plo
/bin/bash ./libtool  --tag=CC   --mode=compile gcc -DHAVE_CONFIG_H -I. -I/workspace/MLX_dev/third_party/dsa-framework/chipyard/toolchains/riscv-tools/riscv-gnu-toolchain/riscv-binutils/bfd  -DBINDIR='"/workspace/MLX_dev/third_party/dsa-framework/ss-tools/riscv-dsa-binutils/bin"' -I. -I/workspace/MLX_dev/third_party/dsa-framework/chipyard/toolchains/riscv-tools/riscv-gnu-toolchain/riscv-binutils/bfd -I/workspace/MLX_dev/third_party/dsa-framework/chipyard/toolchains/riscv-tools/riscv-gnu-toolchain/riscv-binutils/bfd/../include  -DHAVE_riscv_elf64_vec -DHAVE_riscv_elf32_vec -DHAVE_elf64_le_vec -DHAVE_elf64_be_vec -DHAVE_elf32_le_vec -DHAVE_elf32_be_vec -DHAVE_plugin_vec   -W -Wall -Wstrict-prototypes -Wmissing-prototypes -Wshadow -Wstack-usage=262144 -I/workspace/MLX_dev/third_party/dsa-framework/chipyard/toolchains/riscv-tools/riscv-gnu-toolchain/riscv-binutils/bfd/../zlib -g -O2 -MT init.lo -MD -MP -MF .deps/init.Tpo -c -o init.lo /workspace/MLX_dev/third_party/dsa-framework/chipyard/toolchains/riscv-tools/riscv-gnu-toolchain/riscv-binutils/bfd/init.c
/bin/bash ./libtool  --tag=CC   --mode=compile gcc -DHAVE_CONFIG_H -I. -I/workspace/MLX_dev/third_party/dsa-framework/chipyard/toolchains/riscv-tools/riscv-gnu-toolchain/riscv-binutils/bfd  -DBINDIR='"/workspace/MLX_dev/third_party/dsa-framework/ss-tools/riscv-dsa-binutils/bin"' -I. -I/workspace/MLX_dev/third_party/dsa-framework/chipyard/toolchains/riscv-tools/riscv-gnu-toolchain/riscv-binutils/bfd -I/workspace/MLX_dev/third_party/dsa-framework/chipyard/toolchains/riscv-tools/riscv-gnu-toolchain/riscv-binutils/bfd/../include  -DHAVE_riscv_elf64_vec -DHAVE_riscv_elf32_vec -DHAVE_elf64_le_vec -DHAVE_elf64_be_vec -DHAVE_elf32_le_vec -DHAVE_elf32_be_vec -DHAVE_plugin_vec   -W -Wall -Wstrict-prototypes -Wmissing-prototypes -Wshadow -Wstack-usage=262144 -I/workspace/MLX_dev/third_party/dsa-framework/chipyard/toolchains/riscv-tools/riscv-gnu-toolchain/riscv-binutils/bfd/../zlib -g -O2 -MT libbfd.lo -MD -MP -MF .deps/libbfd.Tpo -c -o libbfd.lo /workspace/MLX_dev/third_party/dsa-framework/chipyard/toolchains/riscv-tools/riscv-gnu-toolchain/riscv-binutils/bfd/libbfd.c
mv -f .deps/corefile.Tpo .deps/corefile.Plo
/bin/bash ./libtool  --tag=CC   --mode=compile gcc -DHAVE_CONFIG_H -I. -I/workspace/MLX_dev/third_party/dsa-framework/chipyard/toolchains/riscv-tools/riscv-gnu-toolchain/riscv-binutils/bfd  -DBINDIR='"/workspace/MLX_dev/third_party/dsa-framework/ss-tools/riscv-dsa-binutils/bin"' -I. -I/workspace/MLX_dev/third_party/dsa-framework/chipyard/toolchains/riscv-tools/riscv-gnu-toolchain/riscv-binutils/bfd -I/workspace/MLX_dev/third_party/dsa-framework/chipyard/toolchains/riscv-tools/riscv-gnu-toolchain/riscv-binutils/bfd/../include  -DHAVE_riscv_elf64_vec -DHAVE_riscv_elf32_vec -DHAVE_elf64_le_vec -DHAVE_elf64_be_vec -DHAVE_elf32_le_vec -DHAVE_elf32_be_vec -DHAVE_plugin_vec   -W -Wall -Wstrict-prototypes -Wmissing-prototypes -Wshadow -Wstack-usage=262144 -I/workspace/MLX_dev/third_party/dsa-framework/chipyard/toolchains/riscv-tools/riscv-gnu-toolchain/riscv-binutils/bfd/../zlib -g -O2 -MT linker.lo -MD -MP -MF .deps/linker.Tpo -c -o linker.lo /workspace/MLX_dev/third_party/dsa-framework/chipyard/toolchains/riscv-tools/riscv-gnu-toolchain/riscv-binutils/bfd/linker.c
libtool: compile:  gcc -DHAVE_CONFIG_H -I. -I/workspace/MLX_dev/third_party/dsa-framework/chipyard/toolchains/riscv-tools/riscv-gnu-toolchain/riscv-binutils/bfd -DBINDIR=\"/workspace/MLX_dev/third_party/dsa-framework/ss-tools/riscv-dsa-binutils/bin\" -I. -I/workspace/MLX_dev/third_party/dsa-framework/chipyard/toolchains/riscv-tools/riscv-gnu-toolchain/riscv-binutils/bfd -I/workspace/MLX_dev/third_party/dsa-framework/chipyard/toolchains/riscv-tools/riscv-gnu-toolchain/riscv-binutils/bfd/../include -DHAVE_riscv_elf64_vec -DHAVE_riscv_elf32_vec -DHAVE_elf64_le_vec -DHAVE_elf64_be_vec -DHAVE_elf32_le_vec -DHAVE_elf32_be_vec -DHAVE_plugin_vec -W -Wall -Wstrict-prototypes -Wmissing-prototypes -Wshadow -Wstack-usage=262144 -I/workspace/MLX_dev/third_party/dsa-framework/chipyard/toolchains/riscv-tools/riscv-gnu-toolchain/riscv-binutils/bfd/../zlib -g -O2 -MT format.lo -MD -MP -MF .deps/format.Tpo -c /workspace/MLX_dev/third_party/dsa-framework/chipyard/toolchains/riscv-tools/riscv-gnu-toolchain/riscv-binutils/bfd/format.c -o format.o
libtool: compile:  gcc -DHAVE_CONFIG_H -I. -I/workspace/MLX_dev/third_party/dsa-framework/chipyard/toolchains/riscv-tools/riscv-gnu-toolchain/riscv-binutils/bfd -DBINDIR=\"/workspace/MLX_dev/third_party/dsa-framework/ss-tools/riscv-dsa-binutils/bin\" -I. -I/workspace/MLX_dev/third_party/dsa-framework/chipyard/toolchains/riscv-tools/riscv-gnu-toolchain/riscv-binutils/bfd -I/workspace/MLX_dev/third_party/dsa-framework/chipyard/toolchains/riscv-tools/riscv-gnu-toolchain/riscv-binutils/bfd/../include -DHAVE_riscv_elf64_vec -DHAVE_riscv_elf32_vec -DHAVE_elf64_le_vec -DHAVE_elf64_be_vec -DHAVE_elf32_le_vec -DHAVE_elf32_be_vec -DHAVE_plugin_vec -W -Wall -Wstrict-prototypes -Wmissing-prototypes -Wshadow -Wstack-usage=262144 -I/workspace/MLX_dev/third_party/dsa-framework/chipyard/toolchains/riscv-tools/riscv-gnu-toolchain/riscv-binutils/bfd/../zlib -g -O2 -MT hash.lo -MD -MP -MF .deps/hash.Tpo -c /workspace/MLX_dev/third_party/dsa-framework/chipyard/toolchains/riscv-tools/riscv-gnu-toolchain/riscv-binutils/bfd/hash.c -o hash.o
libtool: compile:  gcc -DHAVE_CONFIG_H -I. -I/workspace/MLX_dev/third_party/dsa-framework/chipyard/toolchains/riscv-tools/riscv-gnu-toolchain/riscv-binutils/bfd -DBINDIR=\"/workspace/MLX_dev/third_party/dsa-framework/ss-tools/riscv-dsa-binutils/bin\" -I. -I/workspace/MLX_dev/third_party/dsa-framework/chipyard/toolchains/riscv-tools/riscv-gnu-toolchain/riscv-binutils/bfd -I/workspace/MLX_dev/third_party/dsa-framework/chipyard/toolchains/riscv-tools/riscv-gnu-toolchain/riscv-binutils/bfd/../include -DHAVE_riscv_elf64_vec -DHAVE_riscv_elf32_vec -DHAVE_elf64_le_vec -DHAVE_elf64_be_vec -DHAVE_elf32_le_vec -DHAVE_elf32_be_vec -DHAVE_plugin_vec -W -Wall -Wstrict-prototypes -Wmissing-prototypes -Wshadow -Wstack-usage=262144 -I/workspace/MLX_dev/third_party/dsa-framework/chipyard/toolchains/riscv-tools/riscv-gnu-toolchain/riscv-binutils/bfd/../zlib -g -O2 -MT init.lo -MD -MP -MF .deps/init.Tpo -c /workspace/MLX_dev/third_party/dsa-framework/chipyard/toolchains/riscv-tools/riscv-gnu-toolchain/riscv-binutils/bfd/init.c -o init.o
libtool: compile:  gcc -DHAVE_CONFIG_H -I. -I/workspace/MLX_dev/third_party/dsa-framework/chipyard/toolchains/riscv-tools/riscv-gnu-toolchain/riscv-binutils/bfd -DBINDIR=\"/workspace/MLX_dev/third_party/dsa-framework/ss-tools/riscv-dsa-binutils/bin\" -I. -I/workspace/MLX_dev/third_party/dsa-framework/chipyard/toolchains/riscv-tools/riscv-gnu-toolchain/riscv-binutils/bfd -I/workspace/MLX_dev/third_party/dsa-framework/chipyard/toolchains/riscv-tools/riscv-gnu-toolchain/riscv-binutils/bfd/../include -DHAVE_riscv_elf64_vec -DHAVE_riscv_elf32_vec -DHAVE_elf64_le_vec -DHAVE_elf64_be_vec -DHAVE_elf32_le_vec -DHAVE_elf32_be_vec -DHAVE_plugin_vec -W -Wall -Wstrict-prototypes -Wmissing-prototypes -Wshadow -Wstack-usage=262144 -I/workspace/MLX_dev/third_party/dsa-framework/chipyard/toolchains/riscv-tools/riscv-gnu-toolchain/riscv-binutils/bfd/../zlib -g -O2 -MT libbfd.lo -MD -MP -MF .deps/libbfd.Tpo -c /workspace/MLX_dev/third_party/dsa-framework/chipyard/toolchains/riscv-tools/riscv-gnu-toolchain/riscv-binutils/bfd/libbfd.c -o libbfd.o
libtool: compile:  gcc -DHAVE_CONFIG_H -I. -I/workspace/MLX_dev/third_party/dsa-framework/chipyard/toolchains/riscv-tools/riscv-gnu-toolchain/riscv-binutils/bfd -DBINDIR=\"/workspace/MLX_dev/third_party/dsa-framework/ss-tools/riscv-dsa-binutils/bin\" -I. -I/workspace/MLX_dev/third_party/dsa-framework/chipyard/toolchains/riscv-tools/riscv-gnu-toolchain/riscv-binutils/bfd -I/workspace/MLX_dev/third_party/dsa-framework/chipyard/toolchains/riscv-tools/riscv-gnu-toolchain/riscv-binutils/bfd/../include -DHAVE_riscv_elf64_vec -DHAVE_riscv_elf32_vec -DHAVE_elf64_le_vec -DHAVE_elf64_be_vec -DHAVE_elf32_le_vec -DHAVE_elf32_be_vec -DHAVE_plugin_vec -W -Wall -Wstrict-prototypes -Wmissing-prototypes -Wshadow -Wstack-usage=262144 -I/workspace/MLX_dev/third_party/dsa-framework/chipyard/toolchains/riscv-tools/riscv-gnu-toolchain/riscv-binutils/bfd/../zlib -g -O2 -MT linker.lo -MD -MP -MF .deps/linker.Tpo -c /workspace/MLX_dev/third_party/dsa-framework/chipyard/toolchains/riscv-tools/riscv-gnu-toolchain/riscv-binutils/bfd/linker.c -o linker.o
mv -f .deps/init.Tpo .deps/init.Plo
/bin/bash ./libtool  --tag=CC   --mode=compile gcc -DHAVE_CONFIG_H -I. -I/workspace/MLX_dev/third_party/dsa-framework/chipyard/toolchains/riscv-tools/riscv-gnu-toolchain/riscv-binutils/bfd  -DBINDIR='"/workspace/MLX_dev/third_party/dsa-framework/ss-tools/riscv-dsa-binutils/bin"' -I. -I/workspace/MLX_dev/third_party/dsa-framework/chipyard/toolchains/riscv-tools/riscv-gnu-toolchain/riscv-binutils/bfd -I/workspace/MLX_dev/third_party/dsa-framework/chipyard/toolchains/riscv-tools/riscv-gnu-toolchain/riscv-binutils/bfd/../include  -DHAVE_riscv_elf64_vec -DHAVE_riscv_elf32_vec -DHAVE_elf64_le_vec -DHAVE_elf64_be_vec -DHAVE_elf32_le_vec -DHAVE_elf32_be_vec -DHAVE_plugin_vec   -W -Wall -Wstrict-prototypes -Wmissing-prototypes -Wshadow -Wstack-usage=262144 -I/workspace/MLX_dev/third_party/dsa-framework/chipyard/toolchains/riscv-tools/riscv-gnu-toolchain/riscv-binutils/bfd/../zlib -g -O2 -MT merge.lo -MD -MP -MF .deps/merge.Tpo -c -o merge.lo /workspace/MLX_dev/third_party/dsa-framework/chipyard/toolchains/riscv-tools/riscv-gnu-toolchain/riscv-binutils/bfd/merge.c
libtool: compile:  gcc -DHAVE_CONFIG_H -I. -I/workspace/MLX_dev/third_party/dsa-framework/chipyard/toolchains/riscv-tools/riscv-gnu-toolchain/riscv-binutils/bfd -DBINDIR=\"/workspace/MLX_dev/third_party/dsa-framework/ss-tools/riscv-dsa-binutils/bin\" -I. -I/workspace/MLX_dev/third_party/dsa-framework/chipyard/toolchains/riscv-tools/riscv-gnu-toolchain/riscv-binutils/bfd -I/workspace/MLX_dev/third_party/dsa-framework/chipyard/toolchains/riscv-tools/riscv-gnu-toolchain/riscv-binutils/bfd/../include -DHAVE_riscv_elf64_vec -DHAVE_riscv_elf32_vec -DHAVE_elf64_le_vec -DHAVE_elf64_be_vec -DHAVE_elf32_le_vec -DHAVE_elf32_be_vec -DHAVE_plugin_vec -W -Wall -Wstrict-prototypes -Wmissing-prototypes -Wshadow -Wstack-usage=262144 -I/workspace/MLX_dev/third_party/dsa-framework/chipyard/toolchains/riscv-tools/riscv-gnu-toolchain/riscv-binutils/bfd/../zlib -g -O2 -MT merge.lo -MD -MP -MF .deps/merge.Tpo -c /workspace/MLX_dev/third_party/dsa-framework/chipyard/toolchains/riscv-tools/riscv-gnu-toolchain/riscv-binutils/bfd/merge.c -o merge.o
mv -f .deps/format.Tpo .deps/format.Plo
mv -f .deps/elf-properties.Tpo .deps/elf-properties.Plo
/bin/bash ./libtool  --tag=CC   --mode=compile gcc -DHAVE_CONFIG_H -I. -I/workspace/MLX_dev/third_party/dsa-framework/chipyard/toolchains/riscv-tools/riscv-gnu-toolchain/riscv-binutils/bfd  -DBINDIR='"/workspace/MLX_dev/third_party/dsa-framework/ss-tools/riscv-dsa-binutils/bin"' -I. -I/workspace/MLX_dev/third_party/dsa-framework/chipyard/toolchains/riscv-tools/riscv-gnu-toolchain/riscv-binutils/bfd -I/workspace/MLX_dev/third_party/dsa-framework/chipyard/toolchains/riscv-tools/riscv-gnu-toolchain/riscv-binutils/bfd/../include  -DHAVE_riscv_elf64_vec -DHAVE_riscv_elf32_vec -DHAVE_elf64_le_vec -DHAVE_elf64_be_vec -DHAVE_elf32_le_vec -DHAVE_elf32_be_vec -DHAVE_plugin_vec   -W -Wall -Wstrict-prototypes -Wmissing-prototypes -Wshadow -Wstack-usage=262144 -I/workspace/MLX_dev/third_party/dsa-framework/chipyard/toolchains/riscv-tools/riscv-gnu-toolchain/riscv-binutils/bfd/../zlib -g -O2 -MT opncls.lo -MD -MP -MF .deps/opncls.Tpo -c -o opncls.lo /workspace/MLX_dev/third_party/dsa-framework/chipyard/toolchains/riscv-tools/riscv-gnu-toolchain/riscv-binutils/bfd/opncls.c
/bin/bash ./libtool  --tag=CC   --mode=compile gcc -DHAVE_CONFIG_H -I. -I/workspace/MLX_dev/third_party/dsa-framework/chipyard/toolchains/riscv-tools/riscv-gnu-toolchain/riscv-binutils/bfd  -DBINDIR='"/workspace/MLX_dev/third_party/dsa-framework/ss-tools/riscv-dsa-binutils/bin"' -I. -I/workspace/MLX_dev/third_party/dsa-framework/chipyard/toolchains/riscv-tools/riscv-gnu-toolchain/riscv-binutils/bfd -I/workspace/MLX_dev/third_party/dsa-framework/chipyard/toolchains/riscv-tools/riscv-gnu-toolchain/riscv-binutils/bfd/../include  -DHAVE_riscv_elf64_vec -DHAVE_riscv_elf32_vec -DHAVE_elf64_le_vec -DHAVE_elf64_be_vec -DHAVE_elf32_le_vec -DHAVE_elf32_be_vec -DHAVE_plugin_vec   -W -Wall -Wstrict-prototypes -Wmissing-prototypes -Wshadow -Wstack-usage=262144 -I/workspace/MLX_dev/third_party/dsa-framework/chipyard/toolchains/riscv-tools/riscv-gnu-toolchain/riscv-binutils/bfd/../zlib -g -O2 -MT reloc.lo -MD -MP -MF .deps/reloc.Tpo -c -o reloc.lo /workspace/MLX_dev/third_party/dsa-framework/chipyard/toolchains/riscv-tools/riscv-gnu-toolchain/riscv-binutils/bfd/reloc.c
libtool: compile:  gcc -DHAVE_CONFIG_H -I. -I/workspace/MLX_dev/third_party/dsa-framework/chipyard/toolchains/riscv-tools/riscv-gnu-toolchain/riscv-binutils/bfd -DBINDIR=\"/workspace/MLX_dev/third_party/dsa-framework/ss-tools/riscv-dsa-binutils/bin\" -I. -I/workspace/MLX_dev/third_party/dsa-framework/chipyard/toolchains/riscv-tools/riscv-gnu-toolchain/riscv-binutils/bfd -I/workspace/MLX_dev/third_party/dsa-framework/chipyard/toolchains/riscv-tools/riscv-gnu-toolchain/riscv-binutils/bfd/../include -DHAVE_riscv_elf64_vec -DHAVE_riscv_elf32_vec -DHAVE_elf64_le_vec -DHAVE_elf64_be_vec -DHAVE_elf32_le_vec -DHAVE_elf32_be_vec -DHAVE_plugin_vec -W -Wall -Wstrict-prototypes -Wmissing-prototypes -Wshadow -Wstack-usage=262144 -I/workspace/MLX_dev/third_party/dsa-framework/chipyard/toolchains/riscv-tools/riscv-gnu-toolchain/riscv-binutils/bfd/../zlib -g -O2 -MT opncls.lo -MD -MP -MF .deps/opncls.Tpo -c /workspace/MLX_dev/third_party/dsa-framework/chipyard/toolchains/riscv-tools/riscv-gnu-toolchain/riscv-binutils/bfd/opncls.c -o opncls.o
libtool: compile:  gcc -DHAVE_CONFIG_H -I. -I/workspace/MLX_dev/third_party/dsa-framework/chipyard/toolchains/riscv-tools/riscv-gnu-toolchain/riscv-binutils/bfd -DBINDIR=\"/workspace/MLX_dev/third_party/dsa-framework/ss-tools/riscv-dsa-binutils/bin\" -I. -I/workspace/MLX_dev/third_party/dsa-framework/chipyard/toolchains/riscv-tools/riscv-gnu-toolchain/riscv-binutils/bfd -I/workspace/MLX_dev/third_party/dsa-framework/chipyard/toolchains/riscv-tools/riscv-gnu-toolchain/riscv-binutils/bfd/../include -DHAVE_riscv_elf64_vec -DHAVE_riscv_elf32_vec -DHAVE_elf64_le_vec -DHAVE_elf64_be_vec -DHAVE_elf32_le_vec -DHAVE_elf32_be_vec -DHAVE_plugin_vec -W -Wall -Wstrict-prototypes -Wmissing-prototypes -Wshadow -Wstack-usage=262144 -I/workspace/MLX_dev/third_party/dsa-framework/chipyard/toolchains/riscv-tools/riscv-gnu-toolchain/riscv-binutils/bfd/../zlib -g -O2 -MT reloc.lo -MD -MP -MF .deps/reloc.Tpo -c /workspace/MLX_dev/third_party/dsa-framework/chipyard/toolchains/riscv-tools/riscv-gnu-toolchain/riscv-binutils/bfd/reloc.c -o reloc.o
mv -f .deps/hash.Tpo .deps/hash.Plo
/bin/bash ./libtool  --tag=CC   --mode=compile gcc -DHAVE_CONFIG_H -I. -I/workspace/MLX_dev/third_party/dsa-framework/chipyard/toolchains/riscv-tools/riscv-gnu-toolchain/riscv-binutils/bfd  -DBINDIR='"/workspace/MLX_dev/third_party/dsa-framework/ss-tools/riscv-dsa-binutils/bin"' -I. -I/workspace/MLX_dev/third_party/dsa-framework/chipyard/toolchains/riscv-tools/riscv-gnu-toolchain/riscv-binutils/bfd -I/workspace/MLX_dev/third_party/dsa-framework/chipyard/toolchains/riscv-tools/riscv-gnu-toolchain/riscv-binutils/bfd/../include  -DHAVE_riscv_elf64_vec -DHAVE_riscv_elf32_vec -DHAVE_elf64_le_vec -DHAVE_elf64_be_vec -DHAVE_elf32_le_vec -DHAVE_elf32_be_vec -DHAVE_plugin_vec   -W -Wall -Wstrict-prototypes -Wmissing-prototypes -Wshadow -Wstack-usage=262144 -I/workspace/MLX_dev/third_party/dsa-framework/chipyard/toolchains/riscv-tools/riscv-gnu-toolchain/riscv-binutils/bfd/../zlib -g -O2 -MT section.lo -MD -MP -MF .deps/section.Tpo -c -o section.lo /workspace/MLX_dev/third_party/dsa-framework/chipyard/toolchains/riscv-tools/riscv-gnu-toolchain/riscv-binutils/bfd/section.c
mv -f .deps/bfd.Tpo .deps/bfd.Plo
/bin/bash ./libtool  --tag=CC   --mode=compile gcc -DHAVE_CONFIG_H -I. -I/workspace/MLX_dev/third_party/dsa-framework/chipyard/toolchains/riscv-tools/riscv-gnu-toolchain/riscv-binutils/bfd  -DBINDIR='"/workspace/MLX_dev/third_party/dsa-framework/ss-tools/riscv-dsa-binutils/bin"' -I. -I/workspace/MLX_dev/third_party/dsa-framework/chipyard/toolchains/riscv-tools/riscv-gnu-toolchain/riscv-binutils/bfd -I/workspace/MLX_dev/third_party/dsa-framework/chipyard/toolchains/riscv-tools/riscv-gnu-toolchain/riscv-binutils/bfd/../include  -DHAVE_riscv_elf64_vec -DHAVE_riscv_elf32_vec -DHAVE_elf64_le_vec -DHAVE_elf64_be_vec -DHAVE_elf32_le_vec -DHAVE_elf32_be_vec -DHAVE_plugin_vec   -W -Wall -Wstrict-prototypes -Wmissing-prototypes -Wshadow -Wstack-usage=262144 -I/workspace/MLX_dev/third_party/dsa-framework/chipyard/toolchains/riscv-tools/riscv-gnu-toolchain/riscv-binutils/bfd/../zlib -g -O2 -MT simple.lo -MD -MP -MF .deps/simple.Tpo -c -o simple.lo /workspace/MLX_dev/third_party/dsa-framework/chipyard/toolchains/riscv-tools/riscv-gnu-toolchain/riscv-binutils/bfd/simple.c
libtool: compile:  gcc -DHAVE_CONFIG_H -I. -I/workspace/MLX_dev/third_party/dsa-framework/chipyard/toolchains/riscv-tools/riscv-gnu-toolchain/riscv-binutils/bfd -DBINDIR=\"/workspace/MLX_dev/third_party/dsa-framework/ss-tools/riscv-dsa-binutils/bin\" -I. -I/workspace/MLX_dev/third_party/dsa-framework/chipyard/toolchains/riscv-tools/riscv-gnu-toolchain/riscv-binutils/bfd -I/workspace/MLX_dev/third_party/dsa-framework/chipyard/toolchains/riscv-tools/riscv-gnu-toolchain/riscv-binutils/bfd/../include -DHAVE_riscv_elf64_vec -DHAVE_riscv_elf32_vec -DHAVE_elf64_le_vec -DHAVE_elf64_be_vec -DHAVE_elf32_le_vec -DHAVE_elf32_be_vec -DHAVE_plugin_vec -W -Wall -Wstrict-prototypes -Wmissing-prototypes -Wshadow -Wstack-usage=262144 -I/workspace/MLX_dev/third_party/dsa-framework/chipyard/toolchains/riscv-tools/riscv-gnu-toolchain/riscv-binutils/bfd/../zlib -g -O2 -MT section.lo -MD -MP -MF .deps/section.Tpo -c /workspace/MLX_dev/third_party/dsa-framework/chipyard/toolchains/riscv-tools/riscv-gnu-toolchain/riscv-binutils/bfd/section.c -o section.o
libtool: compile:  gcc -DHAVE_CONFIG_H -I. -I/workspace/MLX_dev/third_party/dsa-framework/chipyard/toolchains/riscv-tools/riscv-gnu-toolchain/riscv-binutils/bfd -DBINDIR=\"/workspace/MLX_dev/third_party/dsa-framework/ss-tools/riscv-dsa-binutils/bin\" -I. -I/workspace/MLX_dev/third_party/dsa-framework/chipyard/toolchains/riscv-tools/riscv-gnu-toolchain/riscv-binutils/bfd -I/workspace/MLX_dev/third_party/dsa-framework/chipyard/toolchains/riscv-tools/riscv-gnu-toolchain/riscv-binutils/bfd/../include -DHAVE_riscv_elf64_vec -DHAVE_riscv_elf32_vec -DHAVE_elf64_le_vec -DHAVE_elf64_be_vec -DHAVE_elf32_le_vec -DHAVE_elf32_be_vec -DHAVE_plugin_vec -W -Wall -Wstrict-prototypes -Wmissing-prototypes -Wshadow -Wstack-usage=262144 -I/workspace/MLX_dev/third_party/dsa-framework/chipyard/toolchains/riscv-tools/riscv-gnu-toolchain/riscv-binutils/bfd/../zlib -g -O2 -MT simple.lo -MD -MP -MF .deps/simple.Tpo -c /workspace/MLX_dev/third_party/dsa-framework/chipyard/toolchains/riscv-tools/riscv-gnu-toolchain/riscv-binutils/bfd/simple.c -o simple.o
mv -f .deps/libbfd.Tpo .deps/libbfd.Plo
/bin/bash ./libtool  --tag=CC   --mode=compile gcc -DHAVE_CONFIG_H -I. -I/workspace/MLX_dev/third_party/dsa-framework/chipyard/toolchains/riscv-tools/riscv-gnu-toolchain/riscv-binutils/bfd  -DBINDIR='"/workspace/MLX_dev/third_party/dsa-framework/ss-tools/riscv-dsa-binutils/bin"' -I. -I/workspace/MLX_dev/third_party/dsa-framework/chipyard/toolchains/riscv-tools/riscv-gnu-toolchain/riscv-binutils/bfd -I/workspace/MLX_dev/third_party/dsa-framework/chipyard/toolchains/riscv-tools/riscv-gnu-toolchain/riscv-binutils/bfd/../include  -DHAVE_riscv_elf64_vec -DHAVE_riscv_elf32_vec -DHAVE_elf64_le_vec -DHAVE_elf64_be_vec -DHAVE_elf32_le_vec -DHAVE_elf32_be_vec -DHAVE_plugin_vec   -W -Wall -Wstrict-prototypes -Wmissing-prototypes -Wshadow -Wstack-usage=262144 -I/workspace/MLX_dev/third_party/dsa-framework/chipyard/toolchains/riscv-tools/riscv-gnu-toolchain/riscv-binutils/bfd/../zlib -g -O2 -MT stab-syms.lo -MD -MP -MF .deps/stab-syms.Tpo -c -o stab-syms.lo /workspace/MLX_dev/third_party/dsa-framework/chipyard/toolchains/riscv-tools/riscv-gnu-toolchain/riscv-binutils/bfd/stab-syms.c
libtool: compile:  gcc -DHAVE_CONFIG_H -I. -I/workspace/MLX_dev/third_party/dsa-framework/chipyard/toolchains/riscv-tools/riscv-gnu-toolchain/riscv-binutils/bfd -DBINDIR=\"/workspace/MLX_dev/third_party/dsa-framework/ss-tools/riscv-dsa-binutils/bin\" -I. -I/workspace/MLX_dev/third_party/dsa-framework/chipyard/toolchains/riscv-tools/riscv-gnu-toolchain/riscv-binutils/bfd -I/workspace/MLX_dev/third_party/dsa-framework/chipyard/toolchains/riscv-tools/riscv-gnu-toolchain/riscv-binutils/bfd/../include -DHAVE_riscv_elf64_vec -DHAVE_riscv_elf32_vec -DHAVE_elf64_le_vec -DHAVE_elf64_be_vec -DHAVE_elf32_le_vec -DHAVE_elf32_be_vec -DHAVE_plugin_vec -W -Wall -Wstrict-prototypes -Wmissing-prototypes -Wshadow -Wstack-usage=262144 -I/workspace/MLX_dev/third_party/dsa-framework/chipyard/toolchains/riscv-tools/riscv-gnu-toolchain/riscv-binutils/bfd/../zlib -g -O2 -MT stab-syms.lo -MD -MP -MF .deps/stab-syms.Tpo -c /workspace/MLX_dev/third_party/dsa-framework/chipyard/toolchains/riscv-tools/riscv-gnu-toolchain/riscv-binutils/bfd/stab-syms.c -o stab-syms.o
mv -f .deps/simple.Tpo .deps/simple.Plo
mv -f .deps/stab-syms.Tpo .deps/stab-syms.Plo
/bin/bash ./libtool  --tag=CC   --mode=compile gcc -DHAVE_CONFIG_H -I. -I/workspace/MLX_dev/third_party/dsa-framework/chipyard/toolchains/riscv-tools/riscv-gnu-toolchain/riscv-binutils/bfd  -DBINDIR='"/workspace/MLX_dev/third_party/dsa-framework/ss-tools/riscv-dsa-binutils/bin"' -I. -I/workspace/MLX_dev/third_party/dsa-framework/chipyard/toolchains/riscv-tools/riscv-gnu-toolchain/riscv-binutils/bfd -I/workspace/MLX_dev/third_party/dsa-framework/chipyard/toolchains/riscv-tools/riscv-gnu-toolchain/riscv-binutils/bfd/../include  -DHAVE_riscv_elf64_vec -DHAVE_riscv_elf32_vec -DHAVE_elf64_le_vec -DHAVE_elf64_be_vec -DHAVE_elf32_le_vec -DHAVE_elf32_be_vec -DHAVE_plugin_vec   -W -Wall -Wstrict-prototypes -Wmissing-prototypes -Wshadow -Wstack-usage=262144 -I/workspace/MLX_dev/third_party/dsa-framework/chipyard/toolchains/riscv-tools/riscv-gnu-toolchain/riscv-binutils/bfd/../zlib -g -O2 -MT stabs.lo -MD -MP -MF .deps/stabs.Tpo -c -o stabs.lo /workspace/MLX_dev/third_party/dsa-framework/chipyard/toolchains/riscv-tools/riscv-gnu-toolchain/riscv-binutils/bfd/stabs.c
/bin/bash ./libtool  --tag=CC   --mode=compile gcc -DHAVE_CONFIG_H -I. -I/workspace/MLX_dev/third_party/dsa-framework/chipyard/toolchains/riscv-tools/riscv-gnu-toolchain/riscv-binutils/bfd  -DBINDIR='"/workspace/MLX_dev/third_party/dsa-framework/ss-tools/riscv-dsa-binutils/bin"' -I. -I/workspace/MLX_dev/third_party/dsa-framework/chipyard/toolchains/riscv-tools/riscv-gnu-toolchain/riscv-binutils/bfd -I/workspace/MLX_dev/third_party/dsa-framework/chipyard/toolchains/riscv-tools/riscv-gnu-toolchain/riscv-binutils/bfd/../include  -DHAVE_riscv_elf64_vec -DHAVE_riscv_elf32_vec -DHAVE_elf64_le_vec -DHAVE_elf64_be_vec -DHAVE_elf32_le_vec -DHAVE_elf32_be_vec -DHAVE_plugin_vec   -W -Wall -Wstrict-prototypes -Wmissing-prototypes -Wshadow -Wstack-usage=262144 -I/workspace/MLX_dev/third_party/dsa-framework/chipyard/toolchains/riscv-tools/riscv-gnu-toolchain/riscv-binutils/bfd/../zlib -g -O2 -MT syms.lo -MD -MP -MF .deps/syms.Tpo -c -o syms.lo /workspace/MLX_dev/third_party/dsa-framework/chipyard/toolchains/riscv-tools/riscv-gnu-toolchain/riscv-binutils/bfd/syms.c
libtool: compile:  gcc -DHAVE_CONFIG_H -I. -I/workspace/MLX_dev/third_party/dsa-framework/chipyard/toolchains/riscv-tools/riscv-gnu-toolchain/riscv-binutils/bfd -DBINDIR=\"/workspace/MLX_dev/third_party/dsa-framework/ss-tools/riscv-dsa-binutils/bin\" -I. -I/workspace/MLX_dev/third_party/dsa-framework/chipyard/toolchains/riscv-tools/riscv-gnu-toolchain/riscv-binutils/bfd -I/workspace/MLX_dev/third_party/dsa-framework/chipyard/toolchains/riscv-tools/riscv-gnu-toolchain/riscv-binutils/bfd/../include -DHAVE_riscv_elf64_vec -DHAVE_riscv_elf32_vec -DHAVE_elf64_le_vec -DHAVE_elf64_be_vec -DHAVE_elf32_le_vec -DHAVE_elf32_be_vec -DHAVE_plugin_vec -W -Wall -Wstrict-prototypes -Wmissing-prototypes -Wshadow -Wstack-usage=262144 -I/workspace/MLX_dev/third_party/dsa-framework/chipyard/toolchains/riscv-tools/riscv-gnu-toolchain/riscv-binutils/bfd/../zlib -g -O2 -MT syms.lo -MD -MP -MF .deps/syms.Tpo -c /workspace/MLX_dev/third_party/dsa-framework/chipyard/toolchains/riscv-tools/riscv-gnu-toolchain/riscv-binutils/bfd/syms.c -o syms.o
libtool: compile:  gcc -DHAVE_CONFIG_H -I. -I/workspace/MLX_dev/third_party/dsa-framework/chipyard/toolchains/riscv-tools/riscv-gnu-toolchain/riscv-binutils/bfd -DBINDIR=\"/workspace/MLX_dev/third_party/dsa-framework/ss-tools/riscv-dsa-binutils/bin\" -I. -I/workspace/MLX_dev/third_party/dsa-framework/chipyard/toolchains/riscv-tools/riscv-gnu-toolchain/riscv-binutils/bfd -I/workspace/MLX_dev/third_party/dsa-framework/chipyard/toolchains/riscv-tools/riscv-gnu-toolchain/riscv-binutils/bfd/../include -DHAVE_riscv_elf64_vec -DHAVE_riscv_elf32_vec -DHAVE_elf64_le_vec -DHAVE_elf64_be_vec -DHAVE_elf32_le_vec -DHAVE_elf32_be_vec -DHAVE_plugin_vec -W -Wall -Wstrict-prototypes -Wmissing-prototypes -Wshadow -Wstack-usage=262144 -I/workspace/MLX_dev/third_party/dsa-framework/chipyard/toolchains/riscv-tools/riscv-gnu-toolchain/riscv-binutils/bfd/../zlib -g -O2 -MT stabs.lo -MD -MP -MF .deps/stabs.Tpo -c /workspace/MLX_dev/third_party/dsa-framework/chipyard/toolchains/riscv-tools/riscv-gnu-toolchain/riscv-binutils/bfd/stabs.c -o stabs.o
mv -f .deps/merge.Tpo .deps/merge.Plo
/bin/bash ./libtool  --tag=CC   --mode=compile gcc -DHAVE_CONFIG_H -I. -I/workspace/MLX_dev/third_party/dsa-framework/chipyard/toolchains/riscv-tools/riscv-gnu-toolchain/riscv-binutils/bfd  -DBINDIR='"/workspace/MLX_dev/third_party/dsa-framework/ss-tools/riscv-dsa-binutils/bin"' -I. -I/workspace/MLX_dev/third_party/dsa-framework/chipyard/toolchains/riscv-tools/riscv-gnu-toolchain/riscv-binutils/bfd -I/workspace/MLX_dev/third_party/dsa-framework/chipyard/toolchains/riscv-tools/riscv-gnu-toolchain/riscv-binutils/bfd/../include  -DHAVE_riscv_elf64_vec -DHAVE_riscv_elf32_vec -DHAVE_elf64_le_vec -DHAVE_elf64_be_vec -DHAVE_elf32_le_vec -DHAVE_elf32_be_vec -DHAVE_plugin_vec   -W -Wall -Wstrict-prototypes -Wmissing-prototypes -Wshadow -Wstack-usage=262144 -I/workspace/MLX_dev/third_party/dsa-framework/chipyard/toolchains/riscv-tools/riscv-gnu-toolchain/riscv-binutils/bfd/../zlib -g -O2 -MT targets.lo -MD -MP -MF .deps/targets.Tpo -c -o targets.lo -DDEFAULT_VECTOR=riscv_elf64_vec -DSELECT_VECS='&riscv_elf64_vec,&riscv_elf32_vec,&elf64_le_vec,&elf64_be_vec,&elf32_le_vec,&elf32_be_vec,&plugin_vec' -DSELECT_ARCHITECTURES='&bfd_riscv_arch,&bfd_plugin_arch' /workspace/MLX_dev/third_party/dsa-framework/chipyard/toolchains/riscv-tools/riscv-gnu-toolchain/riscv-binutils/bfd/targets.c
mv -f .deps/archive.Tpo .deps/archive.Plo
/bin/bash ./libtool  --tag=CC   --mode=compile gcc -DHAVE_CONFIG_H -I. -I/workspace/MLX_dev/third_party/dsa-framework/chipyard/toolchains/riscv-tools/riscv-gnu-toolchain/riscv-binutils/bfd  -DBINDIR='"/workspace/MLX_dev/third_party/dsa-framework/ss-tools/riscv-dsa-binutils/bin"' -I. -I/workspace/MLX_dev/third_party/dsa-framework/chipyard/toolchains/riscv-tools/riscv-gnu-toolchain/riscv-binutils/bfd -I/workspace/MLX_dev/third_party/dsa-framework/chipyard/toolchains/riscv-tools/riscv-gnu-toolchain/riscv-binutils/bfd/../include  -DHAVE_riscv_elf64_vec -DHAVE_riscv_elf32_vec -DHAVE_elf64_le_vec -DHAVE_elf64_be_vec -DHAVE_elf32_le_vec -DHAVE_elf32_be_vec -DHAVE_plugin_vec   -W -Wall -Wstrict-prototypes -Wmissing-prototypes -Wshadow -Wstack-usage=262144 -I/workspace/MLX_dev/third_party/dsa-framework/chipyard/toolchains/riscv-tools/riscv-gnu-toolchain/riscv-binutils/bfd/../zlib -g -O2 -MT binary.lo -MD -MP -MF .deps/binary.Tpo -c -o binary.lo /workspace/MLX_dev/third_party/dsa-framework/chipyard/toolchains/riscv-tools/riscv-gnu-toolchain/riscv-binutils/bfd/binary.c
libtool: compile:  gcc -DHAVE_CONFIG_H -I. -I/workspace/MLX_dev/third_party/dsa-framework/chipyard/toolchains/riscv-tools/riscv-gnu-toolchain/riscv-binutils/bfd -DBINDIR=\"/workspace/MLX_dev/third_party/dsa-framework/ss-tools/riscv-dsa-binutils/bin\" -I. -I/workspace/MLX_dev/third_party/dsa-framework/chipyard/toolchains/riscv-tools/riscv-gnu-toolchain/riscv-binutils/bfd -I/workspace/MLX_dev/third_party/dsa-framework/chipyard/toolchains/riscv-tools/riscv-gnu-toolchain/riscv-binutils/bfd/../include -DHAVE_riscv_elf64_vec -DHAVE_riscv_elf32_vec -DHAVE_elf64_le_vec -DHAVE_elf64_be_vec -DHAVE_elf32_le_vec -DHAVE_elf32_be_vec -DHAVE_plugin_vec -W -Wall -Wstrict-prototypes -Wmissing-prototypes -Wshadow -Wstack-usage=262144 -I/workspace/MLX_dev/third_party/dsa-framework/chipyard/toolchains/riscv-tools/riscv-gnu-toolchain/riscv-binutils/bfd/../zlib -g -O2 -MT targets.lo -MD -MP -MF .deps/targets.Tpo -c -DDEFAULT_VECTOR=riscv_elf64_vec "-DSELECT_VECS=&riscv_elf64_vec,&riscv_elf32_vec,&elf64_le_vec,&elf64_be_vec,&elf32_le_vec,&elf32_be_vec,&plugin_vec" "-DSELECT_ARCHITECTURES=&bfd_riscv_arch,&bfd_plugin_arch" /workspace/MLX_dev/third_party/dsa-framework/chipyard/toolchains/riscv-tools/riscv-gnu-toolchain/riscv-binutils/bfd/targets.c -o targets.o
mv -f .deps/section.Tpo .deps/section.Plo
/bin/bash ./libtool  --tag=CC   --mode=compile gcc -DHAVE_CONFIG_H -I. -I/workspace/MLX_dev/third_party/dsa-framework/chipyard/toolchains/riscv-tools/riscv-gnu-toolchain/riscv-binutils/bfd  -DBINDIR='"/workspace/MLX_dev/third_party/dsa-framework/ss-tools/riscv-dsa-binutils/bin"' -I. -I/workspace/MLX_dev/third_party/dsa-framework/chipyard/toolchains/riscv-tools/riscv-gnu-toolchain/riscv-binutils/bfd -I/workspace/MLX_dev/third_party/dsa-framework/chipyard/toolchains/riscv-tools/riscv-gnu-toolchain/riscv-binutils/bfd/../include  -DHAVE_riscv_elf64_vec -DHAVE_riscv_elf32_vec -DHAVE_elf64_le_vec -DHAVE_elf64_be_vec -DHAVE_elf32_le_vec -DHAVE_elf32_be_vec -DHAVE_plugin_vec   -W -Wall -Wstrict-prototypes -Wmissing-prototypes -Wshadow -Wstack-usage=262144 -I/workspace/MLX_dev/third_party/dsa-framework/chipyard/toolchains/riscv-tools/riscv-gnu-toolchain/riscv-binutils/bfd/../zlib -g -O2 -MT ihex.lo -MD -MP -MF .deps/ihex.Tpo -c -o ihex.lo /workspace/MLX_dev/third_party/dsa-framework/chipyard/toolchains/riscv-tools/riscv-gnu-toolchain/riscv-binutils/bfd/ihex.c
libtool: compile:  gcc -DHAVE_CONFIG_H -I. -I/workspace/MLX_dev/third_party/dsa-framework/chipyard/toolchains/riscv-tools/riscv-gnu-toolchain/riscv-binutils/bfd -DBINDIR=\"/workspace/MLX_dev/third_party/dsa-framework/ss-tools/riscv-dsa-binutils/bin\" -I. -I/workspace/MLX_dev/third_party/dsa-framework/chipyard/toolchains/riscv-tools/riscv-gnu-toolchain/riscv-binutils/bfd -I/workspace/MLX_dev/third_party/dsa-framework/chipyard/toolchains/riscv-tools/riscv-gnu-toolchain/riscv-binutils/bfd/../include -DHAVE_riscv_elf64_vec -DHAVE_riscv_elf32_vec -DHAVE_elf64_le_vec -DHAVE_elf64_be_vec -DHAVE_elf32_le_vec -DHAVE_elf32_be_vec -DHAVE_plugin_vec -W -Wall -Wstrict-prototypes -Wmissing-prototypes -Wshadow -Wstack-usage=262144 -I/workspace/MLX_dev/third_party/dsa-framework/chipyard/toolchains/riscv-tools/riscv-gnu-toolchain/riscv-binutils/bfd/../zlib -g -O2 -MT binary.lo -MD -MP -MF .deps/binary.Tpo -c /workspace/MLX_dev/third_party/dsa-framework/chipyard/toolchains/riscv-tools/riscv-gnu-toolchain/riscv-binutils/bfd/binary.c -o binary.o
libtool: compile:  gcc -DHAVE_CONFIG_H -I. -I/workspace/MLX_dev/third_party/dsa-framework/chipyard/toolchains/riscv-tools/riscv-gnu-toolchain/riscv-binutils/bfd -DBINDIR=\"/workspace/MLX_dev/third_party/dsa-framework/ss-tools/riscv-dsa-binutils/bin\" -I. -I/workspace/MLX_dev/third_party/dsa-framework/chipyard/toolchains/riscv-tools/riscv-gnu-toolchain/riscv-binutils/bfd -I/workspace/MLX_dev/third_party/dsa-framework/chipyard/toolchains/riscv-tools/riscv-gnu-toolchain/riscv-binutils/bfd/../include -DHAVE_riscv_elf64_vec -DHAVE_riscv_elf32_vec -DHAVE_elf64_le_vec -DHAVE_elf64_be_vec -DHAVE_elf32_le_vec -DHAVE_elf32_be_vec -DHAVE_plugin_vec -W -Wall -Wstrict-prototypes -Wmissing-prototypes -Wshadow -Wstack-usage=262144 -I/workspace/MLX_dev/third_party/dsa-framework/chipyard/toolchains/riscv-tools/riscv-gnu-toolchain/riscv-binutils/bfd/../zlib -g -O2 -MT ihex.lo -MD -MP -MF .deps/ihex.Tpo -c /workspace/MLX_dev/third_party/dsa-framework/chipyard/toolchains/riscv-tools/riscv-gnu-toolchain/riscv-binutils/bfd/ihex.c -o ihex.o
mv -f .deps/reloc.Tpo .deps/reloc.Plo
/bin/bash ./libtool  --tag=CC   --mode=compile gcc -DHAVE_CONFIG_H -I. -I/workspace/MLX_dev/third_party/dsa-framework/chipyard/toolchains/riscv-tools/riscv-gnu-toolchain/riscv-binutils/bfd  -DBINDIR='"/workspace/MLX_dev/third_party/dsa-framework/ss-tools/riscv-dsa-binutils/bin"' -I. -I/workspace/MLX_dev/third_party/dsa-framework/chipyard/toolchains/riscv-tools/riscv-gnu-toolchain/riscv-binutils/bfd -I/workspace/MLX_dev/third_party/dsa-framework/chipyard/toolchains/riscv-tools/riscv-gnu-toolchain/riscv-binutils/bfd/../include  -DHAVE_riscv_elf64_vec -DHAVE_riscv_elf32_vec -DHAVE_elf64_le_vec -DHAVE_elf64_be_vec -DHAVE_elf32_le_vec -DHAVE_elf32_be_vec -DHAVE_plugin_vec   -W -Wall -Wstrict-prototypes -Wmissing-prototypes -Wshadow -Wstack-usage=262144 -I/workspace/MLX_dev/third_party/dsa-framework/chipyard/toolchains/riscv-tools/riscv-gnu-toolchain/riscv-binutils/bfd/../zlib -g -O2 -MT srec.lo -MD -MP -MF .deps/srec.Tpo -c -o srec.lo /workspace/MLX_dev/third_party/dsa-framework/chipyard/toolchains/riscv-tools/riscv-gnu-toolchain/riscv-binutils/bfd/srec.c
libtool: compile:  gcc -DHAVE_CONFIG_H -I. -I/workspace/MLX_dev/third_party/dsa-framework/chipyard/toolchains/riscv-tools/riscv-gnu-toolchain/riscv-binutils/bfd -DBINDIR=\"/workspace/MLX_dev/third_party/dsa-framework/ss-tools/riscv-dsa-binutils/bin\" -I. -I/workspace/MLX_dev/third_party/dsa-framework/chipyard/toolchains/riscv-tools/riscv-gnu-toolchain/riscv-binutils/bfd -I/workspace/MLX_dev/third_party/dsa-framework/chipyard/toolchains/riscv-tools/riscv-gnu-toolchain/riscv-binutils/bfd/../include -DHAVE_riscv_elf64_vec -DHAVE_riscv_elf32_vec -DHAVE_elf64_le_vec -DHAVE_elf64_be_vec -DHAVE_elf32_le_vec -DHAVE_elf32_be_vec -DHAVE_plugin_vec -W -Wall -Wstrict-prototypes -Wmissing-prototypes -Wshadow -Wstack-usage=262144 -I/workspace/MLX_dev/third_party/dsa-framework/chipyard/toolchains/riscv-tools/riscv-gnu-toolchain/riscv-binutils/bfd/../zlib -g -O2 -MT srec.lo -MD -MP -MF .deps/srec.Tpo -c /workspace/MLX_dev/third_party/dsa-framework/chipyard/toolchains/riscv-tools/riscv-gnu-toolchain/riscv-binutils/bfd/srec.c -o srec.o
mv -f .deps/opncls.Tpo .deps/opncls.Plo
/bin/bash ./libtool  --tag=CC   --mode=compile gcc -DHAVE_CONFIG_H -I. -I/workspace/MLX_dev/third_party/dsa-framework/chipyard/toolchains/riscv-tools/riscv-gnu-toolchain/riscv-binutils/bfd  -DBINDIR='"/workspace/MLX_dev/third_party/dsa-framework/ss-tools/riscv-dsa-binutils/bin"' -I. -I/workspace/MLX_dev/third_party/dsa-framework/chipyard/toolchains/riscv-tools/riscv-gnu-toolchain/riscv-binutils/bfd -I/workspace/MLX_dev/third_party/dsa-framework/chipyard/toolchains/riscv-tools/riscv-gnu-toolchain/riscv-binutils/bfd/../include  -DHAVE_riscv_elf64_vec -DHAVE_riscv_elf32_vec -DHAVE_elf64_le_vec -DHAVE_elf64_be_vec -DHAVE_elf32_le_vec -DHAVE_elf32_be_vec -DHAVE_plugin_vec   -W -Wall -Wstrict-prototypes -Wmissing-prototypes -Wshadow -Wstack-usage=262144 -I/workspace/MLX_dev/third_party/dsa-framework/chipyard/toolchains/riscv-tools/riscv-gnu-toolchain/riscv-binutils/bfd/../zlib -g -O2 -MT tekhex.lo -MD -MP -MF .deps/tekhex.Tpo -c -o tekhex.lo /workspace/MLX_dev/third_party/dsa-framework/chipyard/toolchains/riscv-tools/riscv-gnu-toolchain/riscv-binutils/bfd/tekhex.c
mv -f .deps/binary.Tpo .deps/binary.Plo
mv -f .deps/targets.Tpo .deps/targets.Plo
/bin/bash ./libtool  --tag=CC   --mode=compile gcc -DHAVE_CONFIG_H -I. -I/workspace/MLX_dev/third_party/dsa-framework/chipyard/toolchains/riscv-tools/riscv-gnu-toolchain/riscv-binutils/bfd  -DBINDIR='"/workspace/MLX_dev/third_party/dsa-framework/ss-tools/riscv-dsa-binutils/bin"' -I. -I/workspace/MLX_dev/third_party/dsa-framework/chipyard/toolchains/riscv-tools/riscv-gnu-toolchain/riscv-binutils/bfd -I/workspace/MLX_dev/third_party/dsa-framework/chipyard/toolchains/riscv-tools/riscv-gnu-toolchain/riscv-binutils/bfd/../include  -DHAVE_riscv_elf64_vec -DHAVE_riscv_elf32_vec -DHAVE_elf64_le_vec -DHAVE_elf64_be_vec -DHAVE_elf32_le_vec -DHAVE_elf32_be_vec -DHAVE_plugin_vec   -W -Wall -Wstrict-prototypes -Wmissing-prototypes -Wshadow -Wstack-usage=262144 -I/workspace/MLX_dev/third_party/dsa-framework/chipyard/toolchains/riscv-tools/riscv-gnu-toolchain/riscv-binutils/bfd/../zlib -g -O2 -MT verilog.lo -MD -MP -MF .deps/verilog.Tpo -c -o verilog.lo /workspace/MLX_dev/third_party/dsa-framework/chipyard/toolchains/riscv-tools/riscv-gnu-toolchain/riscv-binutils/bfd/verilog.c
/bin/bash ./libtool  --tag=CC   --mode=compile gcc -DHAVE_CONFIG_H -I. -I/workspace/MLX_dev/third_party/dsa-framework/chipyard/toolchains/riscv-tools/riscv-gnu-toolchain/riscv-binutils/bfd  -DBINDIR='"/workspace/MLX_dev/third_party/dsa-framework/ss-tools/riscv-dsa-binutils/bin"' -I. -I/workspace/MLX_dev/third_party/dsa-framework/chipyard/toolchains/riscv-tools/riscv-gnu-toolchain/riscv-binutils/bfd -I/workspace/MLX_dev/third_party/dsa-framework/chipyard/toolchains/riscv-tools/riscv-gnu-toolchain/riscv-binutils/bfd/../include  -DHAVE_riscv_elf64_vec -DHAVE_riscv_elf32_vec -DHAVE_elf64_le_vec -DHAVE_elf64_be_vec -DHAVE_elf32_le_vec -DHAVE_elf32_be_vec -DHAVE_plugin_vec   -W -Wall -Wstrict-prototypes -Wmissing-prototypes -Wshadow -Wstack-usage=262144 -I/workspace/MLX_dev/third_party/dsa-framework/chipyard/toolchains/riscv-tools/riscv-gnu-toolchain/riscv-binutils/bfd/../zlib -g -O2 -MT elf64-riscv.lo -MD -MP -MF .deps/elf64-riscv.Tpo -c -o elf64-riscv.lo elf64-riscv.c
libtool: compile:  gcc -DHAVE_CONFIG_H -I. -I/workspace/MLX_dev/third_party/dsa-framework/chipyard/toolchains/riscv-tools/riscv-gnu-toolchain/riscv-binutils/bfd -DBINDIR=\"/workspace/MLX_dev/third_party/dsa-framework/ss-tools/riscv-dsa-binutils/bin\" -I. -I/workspace/MLX_dev/third_party/dsa-framework/chipyard/toolchains/riscv-tools/riscv-gnu-toolchain/riscv-binutils/bfd -I/workspace/MLX_dev/third_party/dsa-framework/chipyard/toolchains/riscv-tools/riscv-gnu-toolchain/riscv-binutils/bfd/../include -DHAVE_riscv_elf64_vec -DHAVE_riscv_elf32_vec -DHAVE_elf64_le_vec -DHAVE_elf64_be_vec -DHAVE_elf32_le_vec -DHAVE_elf32_be_vec -DHAVE_plugin_vec -W -Wall -Wstrict-prototypes -Wmissing-prototypes -Wshadow -Wstack-usage=262144 -I/workspace/MLX_dev/third_party/dsa-framework/chipyard/toolchains/riscv-tools/riscv-gnu-toolchain/riscv-binutils/bfd/../zlib -g -O2 -MT tekhex.lo -MD -MP -MF .deps/tekhex.Tpo -c /workspace/MLX_dev/third_party/dsa-framework/chipyard/toolchains/riscv-tools/riscv-gnu-toolchain/riscv-binutils/bfd/tekhex.c -o tekhex.o
libtool: compile:  gcc -DHAVE_CONFIG_H -I. -I/workspace/MLX_dev/third_party/dsa-framework/chipyard/toolchains/riscv-tools/riscv-gnu-toolchain/riscv-binutils/bfd -DBINDIR=\"/workspace/MLX_dev/third_party/dsa-framework/ss-tools/riscv-dsa-binutils/bin\" -I. -I/workspace/MLX_dev/third_party/dsa-framework/chipyard/toolchains/riscv-tools/riscv-gnu-toolchain/riscv-binutils/bfd -I/workspace/MLX_dev/third_party/dsa-framework/chipyard/toolchains/riscv-tools/riscv-gnu-toolchain/riscv-binutils/bfd/../include -DHAVE_riscv_elf64_vec -DHAVE_riscv_elf32_vec -DHAVE_elf64_le_vec -DHAVE_elf64_be_vec -DHAVE_elf32_le_vec -DHAVE_elf32_be_vec -DHAVE_plugin_vec -W -Wall -Wstrict-prototypes -Wmissing-prototypes -Wshadow -Wstack-usage=262144 -I/workspace/MLX_dev/third_party/dsa-framework/chipyard/toolchains/riscv-tools/riscv-gnu-toolchain/riscv-binutils/bfd/../zlib -g -O2 -MT elf64-riscv.lo -MD -MP -MF .deps/elf64-riscv.Tpo -c elf64-riscv.c -o elf64-riscv.o
libtool: compile:  gcc -DHAVE_CONFIG_H -I. -I/workspace/MLX_dev/third_party/dsa-framework/chipyard/toolchains/riscv-tools/riscv-gnu-toolchain/riscv-binutils/bfd -DBINDIR=\"/workspace/MLX_dev/third_party/dsa-framework/ss-tools/riscv-dsa-binutils/bin\" -I. -I/workspace/MLX_dev/third_party/dsa-framework/chipyard/toolchains/riscv-tools/riscv-gnu-toolchain/riscv-binutils/bfd -I/workspace/MLX_dev/third_party/dsa-framework/chipyard/toolchains/riscv-tools/riscv-gnu-toolchain/riscv-binutils/bfd/../include -DHAVE_riscv_elf64_vec -DHAVE_riscv_elf32_vec -DHAVE_elf64_le_vec -DHAVE_elf64_be_vec -DHAVE_elf32_le_vec -DHAVE_elf32_be_vec -DHAVE_plugin_vec -W -Wall -Wstrict-prototypes -Wmissing-prototypes -Wshadow -Wstack-usage=262144 -I/workspace/MLX_dev/third_party/dsa-framework/chipyard/toolchains/riscv-tools/riscv-gnu-toolchain/riscv-binutils/bfd/../zlib -g -O2 -MT verilog.lo -MD -MP -MF .deps/verilog.Tpo -c /workspace/MLX_dev/third_party/dsa-framework/chipyard/toolchains/riscv-tools/riscv-gnu-toolchain/riscv-binutils/bfd/verilog.c -o verilog.o
mv -f .deps/stabs.Tpo .deps/stabs.Plo
/bin/bash ./libtool  --tag=CC   --mode=compile gcc -DHAVE_CONFIG_H -I. -I/workspace/MLX_dev/third_party/dsa-framework/chipyard/toolchains/riscv-tools/riscv-gnu-toolchain/riscv-binutils/bfd  -DBINDIR='"/workspace/MLX_dev/third_party/dsa-framework/ss-tools/riscv-dsa-binutils/bin"' -I. -I/workspace/MLX_dev/third_party/dsa-framework/chipyard/toolchains/riscv-tools/riscv-gnu-toolchain/riscv-binutils/bfd -I/workspace/MLX_dev/third_party/dsa-framework/chipyard/toolchains/riscv-tools/riscv-gnu-toolchain/riscv-binutils/bfd/../include  -DHAVE_riscv_elf64_vec -DHAVE_riscv_elf32_vec -DHAVE_elf64_le_vec -DHAVE_elf64_be_vec -DHAVE_elf32_le_vec -DHAVE_elf32_be_vec -DHAVE_plugin_vec   -W -Wall -Wstrict-prototypes -Wmissing-prototypes -Wshadow -Wstack-usage=262144 -I/workspace/MLX_dev/third_party/dsa-framework/chipyard/toolchains/riscv-tools/riscv-gnu-toolchain/riscv-binutils/bfd/../zlib -g -O2 -MT elf64.lo -MD -MP -MF .deps/elf64.Tpo -c -o elf64.lo /workspace/MLX_dev/third_party/dsa-framework/chipyard/toolchains/riscv-tools/riscv-gnu-toolchain/riscv-binutils/bfd/elf64.c
libtool: compile:  gcc -DHAVE_CONFIG_H -I. -I/workspace/MLX_dev/third_party/dsa-framework/chipyard/toolchains/riscv-tools/riscv-gnu-toolchain/riscv-binutils/bfd -DBINDIR=\"/workspace/MLX_dev/third_party/dsa-framework/ss-tools/riscv-dsa-binutils/bin\" -I. -I/workspace/MLX_dev/third_party/dsa-framework/chipyard/toolchains/riscv-tools/riscv-gnu-toolchain/riscv-binutils/bfd -I/workspace/MLX_dev/third_party/dsa-framework/chipyard/toolchains/riscv-tools/riscv-gnu-toolchain/riscv-binutils/bfd/../include -DHAVE_riscv_elf64_vec -DHAVE_riscv_elf32_vec -DHAVE_elf64_le_vec -DHAVE_elf64_be_vec -DHAVE_elf32_le_vec -DHAVE_elf32_be_vec -DHAVE_plugin_vec -W -Wall -Wstrict-prototypes -Wmissing-prototypes -Wshadow -Wstack-usage=262144 -I/workspace/MLX_dev/third_party/dsa-framework/chipyard/toolchains/riscv-tools/riscv-gnu-toolchain/riscv-binutils/bfd/../zlib -g -O2 -MT elf64.lo -MD -MP -MF .deps/elf64.Tpo -c /workspace/MLX_dev/third_party/dsa-framework/chipyard/toolchains/riscv-tools/riscv-gnu-toolchain/riscv-binutils/bfd/elf64.c -o elf64.o
mv -f .deps/syms.Tpo .deps/syms.Plo
/bin/bash ./libtool  --tag=CC   --mode=compile gcc -DHAVE_CONFIG_H -I. -I/workspace/MLX_dev/third_party/dsa-framework/chipyard/toolchains/riscv-tools/riscv-gnu-toolchain/riscv-binutils/bfd  -DBINDIR='"/workspace/MLX_dev/third_party/dsa-framework/ss-tools/riscv-dsa-binutils/bin"' -I. -I/workspace/MLX_dev/third_party/dsa-framework/chipyard/toolchains/riscv-tools/riscv-gnu-toolchain/riscv-binutils/bfd -I/workspace/MLX_dev/third_party/dsa-framework/chipyard/toolchains/riscv-tools/riscv-gnu-toolchain/riscv-binutils/bfd/../include  -DHAVE_riscv_elf64_vec -DHAVE_riscv_elf32_vec -DHAVE_elf64_le_vec -DHAVE_elf64_be_vec -DHAVE_elf32_le_vec -DHAVE_elf32_be_vec -DHAVE_plugin_vec   -W -Wall -Wstrict-prototypes -Wmissing-prototypes -Wshadow -Wstack-usage=262144 -I/workspace/MLX_dev/third_party/dsa-framework/chipyard/toolchains/riscv-tools/riscv-gnu-toolchain/riscv-binutils/bfd/../zlib -g -O2 -MT elfxx-riscv.lo -MD -MP -MF .deps/elfxx-riscv.Tpo -c -o elfxx-riscv.lo /workspace/MLX_dev/third_party/dsa-framework/chipyard/toolchains/riscv-tools/riscv-gnu-toolchain/riscv-binutils/bfd/elfxx-riscv.c
mv -f .deps/linker.Tpo .deps/linker.Plo
/bin/bash ./libtool  --tag=CC   --mode=compile gcc -DHAVE_CONFIG_H -I. -I/workspace/MLX_dev/third_party/dsa-framework/chipyard/toolchains/riscv-tools/riscv-gnu-toolchain/riscv-binutils/bfd  -DBINDIR='"/workspace/MLX_dev/third_party/dsa-framework/ss-tools/riscv-dsa-binutils/bin"' -I. -I/workspace/MLX_dev/third_party/dsa-framework/chipyard/toolchains/riscv-tools/riscv-gnu-toolchain/riscv-binutils/bfd -I/workspace/MLX_dev/third_party/dsa-framework/chipyard/toolchains/riscv-tools/riscv-gnu-toolchain/riscv-binutils/bfd/../include  -DHAVE_riscv_elf64_vec -DHAVE_riscv_elf32_vec -DHAVE_elf64_le_vec -DHAVE_elf64_be_vec -DHAVE_elf32_le_vec -DHAVE_elf32_be_vec -DHAVE_plugin_vec   -W -Wall -Wstrict-prototypes -Wmissing-prototypes -Wshadow -Wstack-usage=262144 -I/workspace/MLX_dev/third_party/dsa-framework/chipyard/toolchains/riscv-tools/riscv-gnu-toolchain/riscv-binutils/bfd/../zlib -g -O2 -MT elf32.lo -MD -MP -MF .deps/elf32.Tpo -c -o elf32.lo /workspace/MLX_dev/third_party/dsa-framework/chipyard/toolchains/riscv-tools/riscv-gnu-toolchain/riscv-binutils/bfd/elf32.c
libtool: compile:  gcc -DHAVE_CONFIG_H -I. -I/workspace/MLX_dev/third_party/dsa-framework/chipyard/toolchains/riscv-tools/riscv-gnu-toolchain/riscv-binutils/bfd -DBINDIR=\"/workspace/MLX_dev/third_party/dsa-framework/ss-tools/riscv-dsa-binutils/bin\" -I. -I/workspace/MLX_dev/third_party/dsa-framework/chipyard/toolchains/riscv-tools/riscv-gnu-toolchain/riscv-binutils/bfd -I/workspace/MLX_dev/third_party/dsa-framework/chipyard/toolchains/riscv-tools/riscv-gnu-toolchain/riscv-binutils/bfd/../include -DHAVE_riscv_elf64_vec -DHAVE_riscv_elf32_vec -DHAVE_elf64_le_vec -DHAVE_elf64_be_vec -DHAVE_elf32_le_vec -DHAVE_elf32_be_vec -DHAVE_plugin_vec -W -Wall -Wstrict-prototypes -Wmissing-prototypes -Wshadow -Wstack-usage=262144 -I/workspace/MLX_dev/third_party/dsa-framework/chipyard/toolchains/riscv-tools/riscv-gnu-toolchain/riscv-binutils/bfd/../zlib -g -O2 -MT elfxx-riscv.lo -MD -MP -MF .deps/elfxx-riscv.Tpo -c /workspace/MLX_dev/third_party/dsa-framework/chipyard/toolchains/riscv-tools/riscv-gnu-toolchain/riscv-binutils/bfd/elfxx-riscv.c -o elfxx-riscv.o
libtool: compile:  gcc -DHAVE_CONFIG_H -I. -I/workspace/MLX_dev/third_party/dsa-framework/chipyard/toolchains/riscv-tools/riscv-gnu-toolchain/riscv-binutils/bfd -DBINDIR=\"/workspace/MLX_dev/third_party/dsa-framework/ss-tools/riscv-dsa-binutils/bin\" -I. -I/workspace/MLX_dev/third_party/dsa-framework/chipyard/toolchains/riscv-tools/riscv-gnu-toolchain/riscv-binutils/bfd -I/workspace/MLX_dev/third_party/dsa-framework/chipyard/toolchains/riscv-tools/riscv-gnu-toolchain/riscv-binutils/bfd/../include -DHAVE_riscv_elf64_vec -DHAVE_riscv_elf32_vec -DHAVE_elf64_le_vec -DHAVE_elf64_be_vec -DHAVE_elf32_le_vec -DHAVE_elf32_be_vec -DHAVE_plugin_vec -W -Wall -Wstrict-prototypes -Wmissing-prototypes -Wshadow -Wstack-usage=262144 -I/workspace/MLX_dev/third_party/dsa-framework/chipyard/toolchains/riscv-tools/riscv-gnu-toolchain/riscv-binutils/bfd/../zlib -g -O2 -MT elf32.lo -MD -MP -MF .deps/elf32.Tpo -c /workspace/MLX_dev/third_party/dsa-framework/chipyard/toolchains/riscv-tools/riscv-gnu-toolchain/riscv-binutils/bfd/elf32.c -o elf32.o
mv -f .deps/verilog.Tpo .deps/verilog.Plo
/bin/bash ./libtool  --tag=CC   --mode=compile gcc -DHAVE_CONFIG_H -I. -I/workspace/MLX_dev/third_party/dsa-framework/chipyard/toolchains/riscv-tools/riscv-gnu-toolchain/riscv-binutils/bfd  -DBINDIR='"/workspace/MLX_dev/third_party/dsa-framework/ss-tools/riscv-dsa-binutils/bin"' -I. -I/workspace/MLX_dev/third_party/dsa-framework/chipyard/toolchains/riscv-tools/riscv-gnu-toolchain/riscv-binutils/bfd -I/workspace/MLX_dev/third_party/dsa-framework/chipyard/toolchains/riscv-tools/riscv-gnu-toolchain/riscv-binutils/bfd/../include  -DHAVE_riscv_elf64_vec -DHAVE_riscv_elf32_vec -DHAVE_elf64_le_vec -DHAVE_elf64_be_vec -DHAVE_elf32_le_vec -DHAVE_elf32_be_vec -DHAVE_plugin_vec   -W -Wall -Wstrict-prototypes -Wmissing-prototypes -Wshadow -Wstack-usage=262144 -I/workspace/MLX_dev/third_party/dsa-framework/chipyard/toolchains/riscv-tools/riscv-gnu-toolchain/riscv-binutils/bfd/../zlib -g -O2 -MT elf.lo -MD -MP -MF .deps/elf.Tpo -c -o elf.lo /workspace/MLX_dev/third_party/dsa-framework/chipyard/toolchains/riscv-tools/riscv-gnu-toolchain/riscv-binutils/bfd/elf.c
mv -f .deps/ihex.Tpo .deps/ihex.Plo
/bin/bash ./libtool  --tag=CC   --mode=compile gcc -DHAVE_CONFIG_H -I. -I/workspace/MLX_dev/third_party/dsa-framework/chipyard/toolchains/riscv-tools/riscv-gnu-toolchain/riscv-binutils/bfd  -DBINDIR='"/workspace/MLX_dev/third_party/dsa-framework/ss-tools/riscv-dsa-binutils/bin"' -I. -I/workspace/MLX_dev/third_party/dsa-framework/chipyard/toolchains/riscv-tools/riscv-gnu-toolchain/riscv-binutils/bfd -I/workspace/MLX_dev/third_party/dsa-framework/chipyard/toolchains/riscv-tools/riscv-gnu-toolchain/riscv-binutils/bfd/../include  -DHAVE_riscv_elf64_vec -DHAVE_riscv_elf32_vec -DHAVE_elf64_le_vec -DHAVE_elf64_be_vec -DHAVE_elf32_le_vec -DHAVE_elf32_be_vec -DHAVE_plugin_vec   -W -Wall -Wstrict-prototypes -Wmissing-prototypes -Wshadow -Wstack-usage=262144 -I/workspace/MLX_dev/third_party/dsa-framework/chipyard/toolchains/riscv-tools/riscv-gnu-toolchain/riscv-binutils/bfd/../zlib -g -O2 -MT elflink.lo -MD -MP -MF .deps/elflink.Tpo -c -o elflink.lo /workspace/MLX_dev/third_party/dsa-framework/chipyard/toolchains/riscv-tools/riscv-gnu-toolchain/riscv-binutils/bfd/elflink.c
libtool: compile:  gcc -DHAVE_CONFIG_H -I. -I/workspace/MLX_dev/third_party/dsa-framework/chipyard/toolchains/riscv-tools/riscv-gnu-toolchain/riscv-binutils/bfd -DBINDIR=\"/workspace/MLX_dev/third_party/dsa-framework/ss-tools/riscv-dsa-binutils/bin\" -I. -I/workspace/MLX_dev/third_party/dsa-framework/chipyard/toolchains/riscv-tools/riscv-gnu-toolchain/riscv-binutils/bfd -I/workspace/MLX_dev/third_party/dsa-framework/chipyard/toolchains/riscv-tools/riscv-gnu-toolchain/riscv-binutils/bfd/../include -DHAVE_riscv_elf64_vec -DHAVE_riscv_elf32_vec -DHAVE_elf64_le_vec -DHAVE_elf64_be_vec -DHAVE_elf32_le_vec -DHAVE_elf32_be_vec -DHAVE_plugin_vec -W -Wall -Wstrict-prototypes -Wmissing-prototypes -Wshadow -Wstack-usage=262144 -I/workspace/MLX_dev/third_party/dsa-framework/chipyard/toolchains/riscv-tools/riscv-gnu-toolchain/riscv-binutils/bfd/../zlib -g -O2 -MT elf.lo -MD -MP -MF .deps/elf.Tpo -c /workspace/MLX_dev/third_party/dsa-framework/chipyard/toolchains/riscv-tools/riscv-gnu-toolchain/riscv-binutils/bfd/elf.c -o elf.o
libtool: compile:  gcc -DHAVE_CONFIG_H -I. -I/workspace/MLX_dev/third_party/dsa-framework/chipyard/toolchains/riscv-tools/riscv-gnu-toolchain/riscv-binutils/bfd -DBINDIR=\"/workspace/MLX_dev/third_party/dsa-framework/ss-tools/riscv-dsa-binutils/bin\" -I. -I/workspace/MLX_dev/third_party/dsa-framework/chipyard/toolchains/riscv-tools/riscv-gnu-toolchain/riscv-binutils/bfd -I/workspace/MLX_dev/third_party/dsa-framework/chipyard/toolchains/riscv-tools/riscv-gnu-toolchain/riscv-binutils/bfd/../include -DHAVE_riscv_elf64_vec -DHAVE_riscv_elf32_vec -DHAVE_elf64_le_vec -DHAVE_elf64_be_vec -DHAVE_elf32_le_vec -DHAVE_elf32_be_vec -DHAVE_plugin_vec -W -Wall -Wstrict-prototypes -Wmissing-prototypes -Wshadow -Wstack-usage=262144 -I/workspace/MLX_dev/third_party/dsa-framework/chipyard/toolchains/riscv-tools/riscv-gnu-toolchain/riscv-binutils/bfd/../zlib -g -O2 -MT elflink.lo -MD -MP -MF .deps/elflink.Tpo -c /workspace/MLX_dev/third_party/dsa-framework/chipyard/toolchains/riscv-tools/riscv-gnu-toolchain/riscv-binutils/bfd/elflink.c -o elflink.o
/workspace/MLX_dev/third_party/dsa-framework/chipyard/toolchains/riscv-tools/riscv-gnu-toolchain/riscv-binutils/bfd/elf.c: In function ‘setup_group’:
/workspace/MLX_dev/third_party/dsa-framework/chipyard/toolchains/riscv-tools/riscv-gnu-toolchain/riscv-binutils/bfd/elf.c:745:49: warning: overflow in conversion from ‘unsigned int’ to ‘int’ changes value from ‘num_group = 4294967295’ to ‘-1’ [-Woverflow]
  745 |                   elf_tdata (abfd)->num_group = num_group = -1;
      |                                                 ^~~~~~~~~
mv -f .deps/tekhex.Tpo .deps/tekhex.Plo
mv -f .deps/srec.Tpo .deps/srec.Plo
/bin/bash ./libtool  --tag=CC   --mode=compile gcc -DHAVE_CONFIG_H -I. -I/workspace/MLX_dev/third_party/dsa-framework/chipyard/toolchains/riscv-tools/riscv-gnu-toolchain/riscv-binutils/bfd  -DBINDIR='"/workspace/MLX_dev/third_party/dsa-framework/ss-tools/riscv-dsa-binutils/bin"' -I. -I/workspace/MLX_dev/third_party/dsa-framework/chipyard/toolchains/riscv-tools/riscv-gnu-toolchain/riscv-binutils/bfd -I/workspace/MLX_dev/third_party/dsa-framework/chipyard/toolchains/riscv-tools/riscv-gnu-toolchain/riscv-binutils/bfd/../include  -DHAVE_riscv_elf64_vec -DHAVE_riscv_elf32_vec -DHAVE_elf64_le_vec -DHAVE_elf64_be_vec -DHAVE_elf32_le_vec -DHAVE_elf32_be_vec -DHAVE_plugin_vec   -W -Wall -Wstrict-prototypes -Wmissing-prototypes -Wshadow -Wstack-usage=262144 -I/workspace/MLX_dev/third_party/dsa-framework/chipyard/toolchains/riscv-tools/riscv-gnu-toolchain/riscv-binutils/bfd/../zlib -g -O2 -MT elf-attrs.lo -MD -MP -MF .deps/elf-attrs.Tpo -c -o elf-attrs.lo /workspace/MLX_dev/third_party/dsa-framework/chipyard/toolchains/riscv-tools/riscv-gnu-toolchain/riscv-binutils/bfd/elf-attrs.c
/bin/bash ./libtool  --tag=CC   --mode=compile gcc -DHAVE_CONFIG_H -I. -I/workspace/MLX_dev/third_party/dsa-framework/chipyard/toolchains/riscv-tools/riscv-gnu-toolchain/riscv-binutils/bfd  -DBINDIR='"/workspace/MLX_dev/third_party/dsa-framework/ss-tools/riscv-dsa-binutils/bin"' -I. -I/workspace/MLX_dev/third_party/dsa-framework/chipyard/toolchains/riscv-tools/riscv-gnu-toolchain/riscv-binutils/bfd -I/workspace/MLX_dev/third_party/dsa-framework/chipyard/toolchains/riscv-tools/riscv-gnu-toolchain/riscv-binutils/bfd/../include  -DHAVE_riscv_elf64_vec -DHAVE_riscv_elf32_vec -DHAVE_elf64_le_vec -DHAVE_elf64_be_vec -DHAVE_elf32_le_vec -DHAVE_elf32_be_vec -DHAVE_plugin_vec   -W -Wall -Wstrict-prototypes -Wmissing-prototypes -Wshadow -Wstack-usage=262144 -I/workspace/MLX_dev/third_party/dsa-framework/chipyard/toolchains/riscv-tools/riscv-gnu-toolchain/riscv-binutils/bfd/../zlib -g -O2 -MT elf-strtab.lo -MD -MP -MF .deps/elf-strtab.Tpo -c -o elf-strtab.lo /workspace/MLX_dev/third_party/dsa-framework/chipyard/toolchains/riscv-tools/riscv-gnu-toolchain/riscv-binutils/bfd/elf-strtab.c
libtool: compile:  gcc -DHAVE_CONFIG_H -I. -I/workspace/MLX_dev/third_party/dsa-framework/chipyard/toolchains/riscv-tools/riscv-gnu-toolchain/riscv-binutils/bfd -DBINDIR=\"/workspace/MLX_dev/third_party/dsa-framework/ss-tools/riscv-dsa-binutils/bin\" -I. -I/workspace/MLX_dev/third_party/dsa-framework/chipyard/toolchains/riscv-tools/riscv-gnu-toolchain/riscv-binutils/bfd -I/workspace/MLX_dev/third_party/dsa-framework/chipyard/toolchains/riscv-tools/riscv-gnu-toolchain/riscv-binutils/bfd/../include -DHAVE_riscv_elf64_vec -DHAVE_riscv_elf32_vec -DHAVE_elf64_le_vec -DHAVE_elf64_be_vec -DHAVE_elf32_le_vec -DHAVE_elf32_be_vec -DHAVE_plugin_vec -W -Wall -Wstrict-prototypes -Wmissing-prototypes -Wshadow -Wstack-usage=262144 -I/workspace/MLX_dev/third_party/dsa-framework/chipyard/toolchains/riscv-tools/riscv-gnu-toolchain/riscv-binutils/bfd/../zlib -g -O2 -MT elf-attrs.lo -MD -MP -MF .deps/elf-attrs.Tpo -c /workspace/MLX_dev/third_party/dsa-framework/chipyard/toolchains/riscv-tools/riscv-gnu-toolchain/riscv-binutils/bfd/elf-attrs.c -o elf-attrs.o
libtool: compile:  gcc -DHAVE_CONFIG_H -I. -I/workspace/MLX_dev/third_party/dsa-framework/chipyard/toolchains/riscv-tools/riscv-gnu-toolchain/riscv-binutils/bfd -DBINDIR=\"/workspace/MLX_dev/third_party/dsa-framework/ss-tools/riscv-dsa-binutils/bin\" -I. -I/workspace/MLX_dev/third_party/dsa-framework/chipyard/toolchains/riscv-tools/riscv-gnu-toolchain/riscv-binutils/bfd -I/workspace/MLX_dev/third_party/dsa-framework/chipyard/toolchains/riscv-tools/riscv-gnu-toolchain/riscv-binutils/bfd/../include -DHAVE_riscv_elf64_vec -DHAVE_riscv_elf32_vec -DHAVE_elf64_le_vec -DHAVE_elf64_be_vec -DHAVE_elf32_le_vec -DHAVE_elf32_be_vec -DHAVE_plugin_vec -W -Wall -Wstrict-prototypes -Wmissing-prototypes -Wshadow -Wstack-usage=262144 -I/workspace/MLX_dev/third_party/dsa-framework/chipyard/toolchains/riscv-tools/riscv-gnu-toolchain/riscv-binutils/bfd/../zlib -g -O2 -MT elf-strtab.lo -MD -MP -MF .deps/elf-strtab.Tpo -c /workspace/MLX_dev/third_party/dsa-framework/chipyard/toolchains/riscv-tools/riscv-gnu-toolchain/riscv-binutils/bfd/elf-strtab.c -o elf-strtab.o
mv -f .deps/elfxx-riscv.Tpo .deps/elfxx-riscv.Plo
/bin/bash ./libtool  --tag=CC   --mode=compile gcc -DHAVE_CONFIG_H -I. -I/workspace/MLX_dev/third_party/dsa-framework/chipyard/toolchains/riscv-tools/riscv-gnu-toolchain/riscv-binutils/bfd  -DBINDIR='"/workspace/MLX_dev/third_party/dsa-framework/ss-tools/riscv-dsa-binutils/bin"' -I. -I/workspace/MLX_dev/third_party/dsa-framework/chipyard/toolchains/riscv-tools/riscv-gnu-toolchain/riscv-binutils/bfd -I/workspace/MLX_dev/third_party/dsa-framework/chipyard/toolchains/riscv-tools/riscv-gnu-toolchain/riscv-binutils/bfd/../include  -DHAVE_riscv_elf64_vec -DHAVE_riscv_elf32_vec -DHAVE_elf64_le_vec -DHAVE_elf64_be_vec -DHAVE_elf32_le_vec -DHAVE_elf32_be_vec -DHAVE_plugin_vec   -W -Wall -Wstrict-prototypes -Wmissing-prototypes -Wshadow -Wstack-usage=262144 -I/workspace/MLX_dev/third_party/dsa-framework/chipyard/toolchains/riscv-tools/riscv-gnu-toolchain/riscv-binutils/bfd/../zlib -g -O2 -MT elf-eh-frame.lo -MD -MP -MF .deps/elf-eh-frame.Tpo -c -o elf-eh-frame.lo /workspace/MLX_dev/third_party/dsa-framework/chipyard/toolchains/riscv-tools/riscv-gnu-toolchain/riscv-binutils/bfd/elf-eh-frame.c
libtool: compile:  gcc -DHAVE_CONFIG_H -I. -I/workspace/MLX_dev/third_party/dsa-framework/chipyard/toolchains/riscv-tools/riscv-gnu-toolchain/riscv-binutils/bfd -DBINDIR=\"/workspace/MLX_dev/third_party/dsa-framework/ss-tools/riscv-dsa-binutils/bin\" -I. -I/workspace/MLX_dev/third_party/dsa-framework/chipyard/toolchains/riscv-tools/riscv-gnu-toolchain/riscv-binutils/bfd -I/workspace/MLX_dev/third_party/dsa-framework/chipyard/toolchains/riscv-tools/riscv-gnu-toolchain/riscv-binutils/bfd/../include -DHAVE_riscv_elf64_vec -DHAVE_riscv_elf32_vec -DHAVE_elf64_le_vec -DHAVE_elf64_be_vec -DHAVE_elf32_le_vec -DHAVE_elf32_be_vec -DHAVE_plugin_vec -W -Wall -Wstrict-prototypes -Wmissing-prototypes -Wshadow -Wstack-usage=262144 -I/workspace/MLX_dev/third_party/dsa-framework/chipyard/toolchains/riscv-tools/riscv-gnu-toolchain/riscv-binutils/bfd/../zlib -g -O2 -MT elf-eh-frame.lo -MD -MP -MF .deps/elf-eh-frame.Tpo -c /workspace/MLX_dev/third_party/dsa-framework/chipyard/toolchains/riscv-tools/riscv-gnu-toolchain/riscv-binutils/bfd/elf-eh-frame.c -o elf-eh-frame.o
mv -f .deps/elf-strtab.Tpo .deps/elf-strtab.Plo
/bin/bash ./libtool  --tag=CC   --mode=compile gcc -DHAVE_CONFIG_H -I. -I/workspace/MLX_dev/third_party/dsa-framework/chipyard/toolchains/riscv-tools/riscv-gnu-toolchain/riscv-binutils/bfd  -DBINDIR='"/workspace/MLX_dev/third_party/dsa-framework/ss-tools/riscv-dsa-binutils/bin"' -I. -I/workspace/MLX_dev/third_party/dsa-framework/chipyard/toolchains/riscv-tools/riscv-gnu-toolchain/riscv-binutils/bfd -I/workspace/MLX_dev/third_party/dsa-framework/chipyard/toolchains/riscv-tools/riscv-gnu-toolchain/riscv-binutils/bfd/../include  -DHAVE_riscv_elf64_vec -DHAVE_riscv_elf32_vec -DHAVE_elf64_le_vec -DHAVE_elf64_be_vec -DHAVE_elf32_le_vec -DHAVE_elf32_be_vec -DHAVE_plugin_vec   -W -Wall -Wstrict-prototypes -Wmissing-prototypes -Wshadow -Wstack-usage=262144 -I/workspace/MLX_dev/third_party/dsa-framework/chipyard/toolchains/riscv-tools/riscv-gnu-toolchain/riscv-binutils/bfd/../zlib -g -O2 -MT dwarf1.lo -MD -MP -MF .deps/dwarf1.Tpo -c -o dwarf1.lo /workspace/MLX_dev/third_party/dsa-framework/chipyard/toolchains/riscv-tools/riscv-gnu-toolchain/riscv-binutils/bfd/dwarf1.c
libtool: compile:  gcc -DHAVE_CONFIG_H -I. -I/workspace/MLX_dev/third_party/dsa-framework/chipyard/toolchains/riscv-tools/riscv-gnu-toolchain/riscv-binutils/bfd -DBINDIR=\"/workspace/MLX_dev/third_party/dsa-framework/ss-tools/riscv-dsa-binutils/bin\" -I. -I/workspace/MLX_dev/third_party/dsa-framework/chipyard/toolchains/riscv-tools/riscv-gnu-toolchain/riscv-binutils/bfd -I/workspace/MLX_dev/third_party/dsa-framework/chipyard/toolchains/riscv-tools/riscv-gnu-toolchain/riscv-binutils/bfd/../include -DHAVE_riscv_elf64_vec -DHAVE_riscv_elf32_vec -DHAVE_elf64_le_vec -DHAVE_elf64_be_vec -DHAVE_elf32_le_vec -DHAVE_elf32_be_vec -DHAVE_plugin_vec -W -Wall -Wstrict-prototypes -Wmissing-prototypes -Wshadow -Wstack-usage=262144 -I/workspace/MLX_dev/third_party/dsa-framework/chipyard/toolchains/riscv-tools/riscv-gnu-toolchain/riscv-binutils/bfd/../zlib -g -O2 -MT dwarf1.lo -MD -MP -MF .deps/dwarf1.Tpo -c /workspace/MLX_dev/third_party/dsa-framework/chipyard/toolchains/riscv-tools/riscv-gnu-toolchain/riscv-binutils/bfd/dwarf1.c -o dwarf1.o
mv -f .deps/elf64.Tpo .deps/elf64.Plo
/bin/bash ./libtool  --tag=CC   --mode=compile gcc -DHAVE_CONFIG_H -I. -I/workspace/MLX_dev/third_party/dsa-framework/chipyard/toolchains/riscv-tools/riscv-gnu-toolchain/riscv-binutils/bfd  -DBINDIR='"/workspace/MLX_dev/third_party/dsa-framework/ss-tools/riscv-dsa-binutils/bin"' -I. -I/workspace/MLX_dev/third_party/dsa-framework/chipyard/toolchains/riscv-tools/riscv-gnu-toolchain/riscv-binutils/bfd -I/workspace/MLX_dev/third_party/dsa-framework/chipyard/toolchains/riscv-tools/riscv-gnu-toolchain/riscv-binutils/bfd/../include  -DHAVE_riscv_elf64_vec -DHAVE_riscv_elf32_vec -DHAVE_elf64_le_vec -DHAVE_elf64_be_vec -DHAVE_elf32_le_vec -DHAVE_elf32_be_vec -DHAVE_plugin_vec   -W -Wall -Wstrict-prototypes -Wmissing-prototypes -Wshadow -Wstack-usage=262144 -I/workspace/MLX_dev/third_party/dsa-framework/chipyard/toolchains/riscv-tools/riscv-gnu-toolchain/riscv-binutils/bfd/../zlib -g -O2 -MT dwarf2.lo -MD -MP -MF .deps/dwarf2.Tpo -c -o dwarf2.lo -DDEBUGDIR=\"/workspace/MLX_dev/third_party/dsa-framework/ss-tools/riscv-dsa-binutils/lib/debug\" /workspace/MLX_dev/third_party/dsa-framework/chipyard/toolchains/riscv-tools/riscv-gnu-toolchain/riscv-binutils/bfd/dwarf2.c
libtool: compile:  gcc -DHAVE_CONFIG_H -I. -I/workspace/MLX_dev/third_party/dsa-framework/chipyard/toolchains/riscv-tools/riscv-gnu-toolchain/riscv-binutils/bfd -DBINDIR=\"/workspace/MLX_dev/third_party/dsa-framework/ss-tools/riscv-dsa-binutils/bin\" -I. -I/workspace/MLX_dev/third_party/dsa-framework/chipyard/toolchains/riscv-tools/riscv-gnu-toolchain/riscv-binutils/bfd -I/workspace/MLX_dev/third_party/dsa-framework/chipyard/toolchains/riscv-tools/riscv-gnu-toolchain/riscv-binutils/bfd/../include -DHAVE_riscv_elf64_vec -DHAVE_riscv_elf32_vec -DHAVE_elf64_le_vec -DHAVE_elf64_be_vec -DHAVE_elf32_le_vec -DHAVE_elf32_be_vec -DHAVE_plugin_vec -W -Wall -Wstrict-prototypes -Wmissing-prototypes -Wshadow -Wstack-usage=262144 -I/workspace/MLX_dev/third_party/dsa-framework/chipyard/toolchains/riscv-tools/riscv-gnu-toolchain/riscv-binutils/bfd/../zlib -g -O2 -MT dwarf2.lo -MD -MP -MF .deps/dwarf2.Tpo -c -DDEBUGDIR=\"/workspace/MLX_dev/third_party/dsa-framework/ss-tools/riscv-dsa-binutils/lib/debug\" /workspace/MLX_dev/third_party/dsa-framework/chipyard/toolchains/riscv-tools/riscv-gnu-toolchain/riscv-binutils/bfd/dwarf2.c -o dwarf2.o
mv -f .deps/elf32.Tpo .deps/elf32.Plo
mv -f .deps/elf-attrs.Tpo .deps/elf-attrs.Plo
/bin/bash ./libtool  --tag=CC   --mode=compile gcc -DHAVE_CONFIG_H -I. -I/workspace/MLX_dev/third_party/dsa-framework/chipyard/toolchains/riscv-tools/riscv-gnu-toolchain/riscv-binutils/bfd  -DBINDIR='"/workspace/MLX_dev/third_party/dsa-framework/ss-tools/riscv-dsa-binutils/bin"' -I. -I/workspace/MLX_dev/third_party/dsa-framework/chipyard/toolchains/riscv-tools/riscv-gnu-toolchain/riscv-binutils/bfd -I/workspace/MLX_dev/third_party/dsa-framework/chipyard/toolchains/riscv-tools/riscv-gnu-toolchain/riscv-binutils/bfd/../include  -DHAVE_riscv_elf64_vec -DHAVE_riscv_elf32_vec -DHAVE_elf64_le_vec -DHAVE_elf64_be_vec -DHAVE_elf32_le_vec -DHAVE_elf32_be_vec -DHAVE_plugin_vec   -W -Wall -Wstrict-prototypes -Wmissing-prototypes -Wshadow -Wstack-usage=262144 -I/workspace/MLX_dev/third_party/dsa-framework/chipyard/toolchains/riscv-tools/riscv-gnu-toolchain/riscv-binutils/bfd/../zlib -g -O2 -MT elf32-riscv.lo -MD -MP -MF .deps/elf32-riscv.Tpo -c -o elf32-riscv.lo elf32-riscv.c
/bin/bash ./libtool  --tag=CC   --mode=compile gcc -DHAVE_CONFIG_H -I. -I/workspace/MLX_dev/third_party/dsa-framework/chipyard/toolchains/riscv-tools/riscv-gnu-toolchain/riscv-binutils/bfd  -DBINDIR='"/workspace/MLX_dev/third_party/dsa-framework/ss-tools/riscv-dsa-binutils/bin"' -I. -I/workspace/MLX_dev/third_party/dsa-framework/chipyard/toolchains/riscv-tools/riscv-gnu-toolchain/riscv-binutils/bfd -I/workspace/MLX_dev/third_party/dsa-framework/chipyard/toolchains/riscv-tools/riscv-gnu-toolchain/riscv-binutils/bfd/../include  -DHAVE_riscv_elf64_vec -DHAVE_riscv_elf32_vec -DHAVE_elf64_le_vec -DHAVE_elf64_be_vec -DHAVE_elf32_le_vec -DHAVE_elf32_be_vec -DHAVE_plugin_vec   -W -Wall -Wstrict-prototypes -Wmissing-prototypes -Wshadow -Wstack-usage=262144 -I/workspace/MLX_dev/third_party/dsa-framework/chipyard/toolchains/riscv-tools/riscv-gnu-toolchain/riscv-binutils/bfd/../zlib -g -O2 -MT elf64-gen.lo -MD -MP -MF .deps/elf64-gen.Tpo -c -o elf64-gen.lo /workspace/MLX_dev/third_party/dsa-framework/chipyard/toolchains/riscv-tools/riscv-gnu-toolchain/riscv-binutils/bfd/elf64-gen.c
libtool: compile:  gcc -DHAVE_CONFIG_H -I. -I/workspace/MLX_dev/third_party/dsa-framework/chipyard/toolchains/riscv-tools/riscv-gnu-toolchain/riscv-binutils/bfd -DBINDIR=\"/workspace/MLX_dev/third_party/dsa-framework/ss-tools/riscv-dsa-binutils/bin\" -I. -I/workspace/MLX_dev/third_party/dsa-framework/chipyard/toolchains/riscv-tools/riscv-gnu-toolchain/riscv-binutils/bfd -I/workspace/MLX_dev/third_party/dsa-framework/chipyard/toolchains/riscv-tools/riscv-gnu-toolchain/riscv-binutils/bfd/../include -DHAVE_riscv_elf64_vec -DHAVE_riscv_elf32_vec -DHAVE_elf64_le_vec -DHAVE_elf64_be_vec -DHAVE_elf32_le_vec -DHAVE_elf32_be_vec -DHAVE_plugin_vec -W -Wall -Wstrict-prototypes -Wmissing-prototypes -Wshadow -Wstack-usage=262144 -I/workspace/MLX_dev/third_party/dsa-framework/chipyard/toolchains/riscv-tools/riscv-gnu-toolchain/riscv-binutils/bfd/../zlib -g -O2 -MT elf32-riscv.lo -MD -MP -MF .deps/elf32-riscv.Tpo -c elf32-riscv.c -o elf32-riscv.o
libtool: compile:  gcc -DHAVE_CONFIG_H -I. -I/workspace/MLX_dev/third_party/dsa-framework/chipyard/toolchains/riscv-tools/riscv-gnu-toolchain/riscv-binutils/bfd -DBINDIR=\"/workspace/MLX_dev/third_party/dsa-framework/ss-tools/riscv-dsa-binutils/bin\" -I. -I/workspace/MLX_dev/third_party/dsa-framework/chipyard/toolchains/riscv-tools/riscv-gnu-toolchain/riscv-binutils/bfd -I/workspace/MLX_dev/third_party/dsa-framework/chipyard/toolchains/riscv-tools/riscv-gnu-toolchain/riscv-binutils/bfd/../include -DHAVE_riscv_elf64_vec -DHAVE_riscv_elf32_vec -DHAVE_elf64_le_vec -DHAVE_elf64_be_vec -DHAVE_elf32_le_vec -DHAVE_elf32_be_vec -DHAVE_plugin_vec -W -Wall -Wstrict-prototypes -Wmissing-prototypes -Wshadow -Wstack-usage=262144 -I/workspace/MLX_dev/third_party/dsa-framework/chipyard/toolchains/riscv-tools/riscv-gnu-toolchain/riscv-binutils/bfd/../zlib -g -O2 -MT elf64-gen.lo -MD -MP -MF .deps/elf64-gen.Tpo -c /workspace/MLX_dev/third_party/dsa-framework/chipyard/toolchains/riscv-tools/riscv-gnu-toolchain/riscv-binutils/bfd/elf64-gen.c -o elf64-gen.o
mv -f .deps/dwarf1.Tpo .deps/dwarf1.Plo
/bin/bash ./libtool  --tag=CC   --mode=compile gcc -DHAVE_CONFIG_H -I. -I/workspace/MLX_dev/third_party/dsa-framework/chipyard/toolchains/riscv-tools/riscv-gnu-toolchain/riscv-binutils/bfd  -DBINDIR='"/workspace/MLX_dev/third_party/dsa-framework/ss-tools/riscv-dsa-binutils/bin"' -I. -I/workspace/MLX_dev/third_party/dsa-framework/chipyard/toolchains/riscv-tools/riscv-gnu-toolchain/riscv-binutils/bfd -I/workspace/MLX_dev/third_party/dsa-framework/chipyard/toolchains/riscv-tools/riscv-gnu-toolchain/riscv-binutils/bfd/../include  -DHAVE_riscv_elf64_vec -DHAVE_riscv_elf32_vec -DHAVE_elf64_le_vec -DHAVE_elf64_be_vec -DHAVE_elf32_le_vec -DHAVE_elf32_be_vec -DHAVE_plugin_vec   -W -Wall -Wstrict-prototypes -Wmissing-prototypes -Wshadow -Wstack-usage=262144 -I/workspace/MLX_dev/third_party/dsa-framework/chipyard/toolchains/riscv-tools/riscv-gnu-toolchain/riscv-binutils/bfd/../zlib -g -O2 -MT elf32-gen.lo -MD -MP -MF .deps/elf32-gen.Tpo -c -o elf32-gen.lo /workspace/MLX_dev/third_party/dsa-framework/chipyard/toolchains/riscv-tools/riscv-gnu-toolchain/riscv-binutils/bfd/elf32-gen.c
mv -f .deps/elf64-gen.Tpo .deps/elf64-gen.Plo
libtool: compile:  gcc -DHAVE_CONFIG_H -I. -I/workspace/MLX_dev/third_party/dsa-framework/chipyard/toolchains/riscv-tools/riscv-gnu-toolchain/riscv-binutils/bfd -DBINDIR=\"/workspace/MLX_dev/third_party/dsa-framework/ss-tools/riscv-dsa-binutils/bin\" -I. -I/workspace/MLX_dev/third_party/dsa-framework/chipyard/toolchains/riscv-tools/riscv-gnu-toolchain/riscv-binutils/bfd -I/workspace/MLX_dev/third_party/dsa-framework/chipyard/toolchains/riscv-tools/riscv-gnu-toolchain/riscv-binutils/bfd/../include -DHAVE_riscv_elf64_vec -DHAVE_riscv_elf32_vec -DHAVE_elf64_le_vec -DHAVE_elf64_be_vec -DHAVE_elf32_le_vec -DHAVE_elf32_be_vec -DHAVE_plugin_vec -W -Wall -Wstrict-prototypes -Wmissing-prototypes -Wshadow -Wstack-usage=262144 -I/workspace/MLX_dev/third_party/dsa-framework/chipyard/toolchains/riscv-tools/riscv-gnu-toolchain/riscv-binutils/bfd/../zlib -g -O2 -MT elf32-gen.lo -MD -MP -MF .deps/elf32-gen.Tpo -c /workspace/MLX_dev/third_party/dsa-framework/chipyard/toolchains/riscv-tools/riscv-gnu-toolchain/riscv-binutils/bfd/elf32-gen.c -o elf32-gen.o
/bin/bash ./libtool  --tag=CC   --mode=compile gcc -DHAVE_CONFIG_H -I. -I/workspace/MLX_dev/third_party/dsa-framework/chipyard/toolchains/riscv-tools/riscv-gnu-toolchain/riscv-binutils/bfd  -DBINDIR='"/workspace/MLX_dev/third_party/dsa-framework/ss-tools/riscv-dsa-binutils/bin"' -I. -I/workspace/MLX_dev/third_party/dsa-framework/chipyard/toolchains/riscv-tools/riscv-gnu-toolchain/riscv-binutils/bfd -I/workspace/MLX_dev/third_party/dsa-framework/chipyard/toolchains/riscv-tools/riscv-gnu-toolchain/riscv-binutils/bfd/../include  -DHAVE_riscv_elf64_vec -DHAVE_riscv_elf32_vec -DHAVE_elf64_le_vec -DHAVE_elf64_be_vec -DHAVE_elf32_le_vec -DHAVE_elf32_be_vec -DHAVE_plugin_vec   -W -Wall -Wstrict-prototypes -Wmissing-prototypes -Wshadow -Wstack-usage=262144 -I/workspace/MLX_dev/third_party/dsa-framework/chipyard/toolchains/riscv-tools/riscv-gnu-toolchain/riscv-binutils/bfd/../zlib -g -O2 -MT plugin.lo -MD -MP -MF .deps/plugin.Tpo -c -o plugin.lo /workspace/MLX_dev/third_party/dsa-framework/chipyard/toolchains/riscv-tools/riscv-gnu-toolchain/riscv-binutils/bfd/plugin.c
libtool: compile:  gcc -DHAVE_CONFIG_H -I. -I/workspace/MLX_dev/third_party/dsa-framework/chipyard/toolchains/riscv-tools/riscv-gnu-toolchain/riscv-binutils/bfd -DBINDIR=\"/workspace/MLX_dev/third_party/dsa-framework/ss-tools/riscv-dsa-binutils/bin\" -I. -I/workspace/MLX_dev/third_party/dsa-framework/chipyard/toolchains/riscv-tools/riscv-gnu-toolchain/riscv-binutils/bfd -I/workspace/MLX_dev/third_party/dsa-framework/chipyard/toolchains/riscv-tools/riscv-gnu-toolchain/riscv-binutils/bfd/../include -DHAVE_riscv_elf64_vec -DHAVE_riscv_elf32_vec -DHAVE_elf64_le_vec -DHAVE_elf64_be_vec -DHAVE_elf32_le_vec -DHAVE_elf32_be_vec -DHAVE_plugin_vec -W -Wall -Wstrict-prototypes -Wmissing-prototypes -Wshadow -Wstack-usage=262144 -I/workspace/MLX_dev/third_party/dsa-framework/chipyard/toolchains/riscv-tools/riscv-gnu-toolchain/riscv-binutils/bfd/../zlib -g -O2 -MT plugin.lo -MD -MP -MF .deps/plugin.Tpo -c /workspace/MLX_dev/third_party/dsa-framework/chipyard/toolchains/riscv-tools/riscv-gnu-toolchain/riscv-binutils/bfd/plugin.c -o plugin.o
mv -f .deps/elf32-gen.Tpo .deps/elf32-gen.Plo
/bin/bash ./libtool  --tag=CC   --mode=compile gcc -DHAVE_CONFIG_H -I. -I/workspace/MLX_dev/third_party/dsa-framework/chipyard/toolchains/riscv-tools/riscv-gnu-toolchain/riscv-binutils/bfd  -DBINDIR='"/workspace/MLX_dev/third_party/dsa-framework/ss-tools/riscv-dsa-binutils/bin"' -I. -I/workspace/MLX_dev/third_party/dsa-framework/chipyard/toolchains/riscv-tools/riscv-gnu-toolchain/riscv-binutils/bfd -I/workspace/MLX_dev/third_party/dsa-framework/chipyard/toolchains/riscv-tools/riscv-gnu-toolchain/riscv-binutils/bfd/../include  -DHAVE_riscv_elf64_vec -DHAVE_riscv_elf32_vec -DHAVE_elf64_le_vec -DHAVE_elf64_be_vec -DHAVE_elf32_le_vec -DHAVE_elf32_be_vec -DHAVE_plugin_vec   -W -Wall -Wstrict-prototypes -Wmissing-prototypes -Wshadow -Wstack-usage=262144 -I/workspace/MLX_dev/third_party/dsa-framework/chipyard/toolchains/riscv-tools/riscv-gnu-toolchain/riscv-binutils/bfd/../zlib -g -O2 -MT cpu-riscv.lo -MD -MP -MF .deps/cpu-riscv.Tpo -c -o cpu-riscv.lo /workspace/MLX_dev/third_party/dsa-framework/chipyard/toolchains/riscv-tools/riscv-gnu-toolchain/riscv-binutils/bfd/cpu-riscv.c
libtool: compile:  gcc -DHAVE_CONFIG_H -I. -I/workspace/MLX_dev/third_party/dsa-framework/chipyard/toolchains/riscv-tools/riscv-gnu-toolchain/riscv-binutils/bfd -DBINDIR=\"/workspace/MLX_dev/third_party/dsa-framework/ss-tools/riscv-dsa-binutils/bin\" -I. -I/workspace/MLX_dev/third_party/dsa-framework/chipyard/toolchains/riscv-tools/riscv-gnu-toolchain/riscv-binutils/bfd -I/workspace/MLX_dev/third_party/dsa-framework/chipyard/toolchains/riscv-tools/riscv-gnu-toolchain/riscv-binutils/bfd/../include -DHAVE_riscv_elf64_vec -DHAVE_riscv_elf32_vec -DHAVE_elf64_le_vec -DHAVE_elf64_be_vec -DHAVE_elf32_le_vec -DHAVE_elf32_be_vec -DHAVE_plugin_vec -W -Wall -Wstrict-prototypes -Wmissing-prototypes -Wshadow -Wstack-usage=262144 -I/workspace/MLX_dev/third_party/dsa-framework/chipyard/toolchains/riscv-tools/riscv-gnu-toolchain/riscv-binutils/bfd/../zlib -g -O2 -MT cpu-riscv.lo -MD -MP -MF .deps/cpu-riscv.Tpo -c /workspace/MLX_dev/third_party/dsa-framework/chipyard/toolchains/riscv-tools/riscv-gnu-toolchain/riscv-binutils/bfd/cpu-riscv.c -o cpu-riscv.o
In function ‘load_plugin’,
    inlined from ‘bfd_plugin_object_p’ at /workspace/MLX_dev/third_party/dsa-framework/chipyard/toolchains/riscv-tools/riscv-gnu-toolchain/riscv-binutils/bfd/plugin.c:424:53:
/workspace/MLX_dev/third_party/dsa-framework/chipyard/toolchains/riscv-tools/riscv-gnu-toolchain/riscv-binutils/bfd/plugin.c:403:20: warning: ‘valid_plugin’ may be used uninitialized [-Wmaybe-uninitialized]
  403 |         has_plugin = valid_plugin;
      |         ~~~~~~~~~~~^~~~~~~~~~~~~~
/workspace/MLX_dev/third_party/dsa-framework/chipyard/toolchains/riscv-tools/riscv-gnu-toolchain/riscv-binutils/bfd/plugin.c: In function ‘bfd_plugin_object_p’:
/workspace/MLX_dev/third_party/dsa-framework/chipyard/toolchains/riscv-tools/riscv-gnu-toolchain/riscv-binutils/bfd/plugin.c:397:11: note: ‘valid_plugin’ declared here
  397 |       int valid_plugin;
      |           ^~~~~~~~~~~~
mv -f .deps/plugin.Tpo .deps/plugin.Plo
mv -f .deps/cpu-riscv.Tpo .deps/cpu-riscv.Plo
/bin/bash ./libtool  --tag=CC   --mode=compile gcc -DHAVE_CONFIG_H -I. -I/workspace/MLX_dev/third_party/dsa-framework/chipyard/toolchains/riscv-tools/riscv-gnu-toolchain/riscv-binutils/bfd  -DBINDIR='"/workspace/MLX_dev/third_party/dsa-framework/ss-tools/riscv-dsa-binutils/bin"' -I. -I/workspace/MLX_dev/third_party/dsa-framework/chipyard/toolchains/riscv-tools/riscv-gnu-toolchain/riscv-binutils/bfd -I/workspace/MLX_dev/third_party/dsa-framework/chipyard/toolchains/riscv-tools/riscv-gnu-toolchain/riscv-binutils/bfd/../include  -DHAVE_riscv_elf64_vec -DHAVE_riscv_elf32_vec -DHAVE_elf64_le_vec -DHAVE_elf64_be_vec -DHAVE_elf32_le_vec -DHAVE_elf32_be_vec -DHAVE_plugin_vec   -W -Wall -Wstrict-prototypes -Wmissing-prototypes -Wshadow -Wstack-usage=262144 -I/workspace/MLX_dev/third_party/dsa-framework/chipyard/toolchains/riscv-tools/riscv-gnu-toolchain/riscv-binutils/bfd/../zlib -g -O2 -MT cpu-plugin.lo -MD -MP -MF .deps/cpu-plugin.Tpo -c -o cpu-plugin.lo /workspace/MLX_dev/third_party/dsa-framework/chipyard/toolchains/riscv-tools/riscv-gnu-toolchain/riscv-binutils/bfd/cpu-plugin.c
/bin/bash ./libtool  --tag=CC   --mode=compile gcc -DHAVE_CONFIG_H -I. -I/workspace/MLX_dev/third_party/dsa-framework/chipyard/toolchains/riscv-tools/riscv-gnu-toolchain/riscv-binutils/bfd  -DBINDIR='"/workspace/MLX_dev/third_party/dsa-framework/ss-tools/riscv-dsa-binutils/bin"' -I. -I/workspace/MLX_dev/third_party/dsa-framework/chipyard/toolchains/riscv-tools/riscv-gnu-toolchain/riscv-binutils/bfd -I/workspace/MLX_dev/third_party/dsa-framework/chipyard/toolchains/riscv-tools/riscv-gnu-toolchain/riscv-binutils/bfd/../include  -DHAVE_riscv_elf64_vec -DHAVE_riscv_elf32_vec -DHAVE_elf64_le_vec -DHAVE_elf64_be_vec -DHAVE_elf32_le_vec -DHAVE_elf32_be_vec -DHAVE_plugin_vec   -W -Wall -Wstrict-prototypes -Wmissing-prototypes -Wshadow -Wstack-usage=262144 -I/workspace/MLX_dev/third_party/dsa-framework/chipyard/toolchains/riscv-tools/riscv-gnu-toolchain/riscv-binutils/bfd/../zlib -g -O2 -MT archive64.lo -MD -MP -MF .deps/archive64.Tpo -c -o archive64.lo /workspace/MLX_dev/third_party/dsa-framework/chipyard/toolchains/riscv-tools/riscv-gnu-toolchain/riscv-binutils/bfd/archive64.c
libtool: compile:  gcc -DHAVE_CONFIG_H -I. -I/workspace/MLX_dev/third_party/dsa-framework/chipyard/toolchains/riscv-tools/riscv-gnu-toolchain/riscv-binutils/bfd -DBINDIR=\"/workspace/MLX_dev/third_party/dsa-framework/ss-tools/riscv-dsa-binutils/bin\" -I. -I/workspace/MLX_dev/third_party/dsa-framework/chipyard/toolchains/riscv-tools/riscv-gnu-toolchain/riscv-binutils/bfd -I/workspace/MLX_dev/third_party/dsa-framework/chipyard/toolchains/riscv-tools/riscv-gnu-toolchain/riscv-binutils/bfd/../include -DHAVE_riscv_elf64_vec -DHAVE_riscv_elf32_vec -DHAVE_elf64_le_vec -DHAVE_elf64_be_vec -DHAVE_elf32_le_vec -DHAVE_elf32_be_vec -DHAVE_plugin_vec -W -Wall -Wstrict-prototypes -Wmissing-prototypes -Wshadow -Wstack-usage=262144 -I/workspace/MLX_dev/third_party/dsa-framework/chipyard/toolchains/riscv-tools/riscv-gnu-toolchain/riscv-binutils/bfd/../zlib -g -O2 -MT cpu-plugin.lo -MD -MP -MF .deps/cpu-plugin.Tpo -c /workspace/MLX_dev/third_party/dsa-framework/chipyard/toolchains/riscv-tools/riscv-gnu-toolchain/riscv-binutils/bfd/cpu-plugin.c -o cpu-plugin.o
libtool: compile:  gcc -DHAVE_CONFIG_H -I. -I/workspace/MLX_dev/third_party/dsa-framework/chipyard/toolchains/riscv-tools/riscv-gnu-toolchain/riscv-binutils/bfd -DBINDIR=\"/workspace/MLX_dev/third_party/dsa-framework/ss-tools/riscv-dsa-binutils/bin\" -I. -I/workspace/MLX_dev/third_party/dsa-framework/chipyard/toolchains/riscv-tools/riscv-gnu-toolchain/riscv-binutils/bfd -I/workspace/MLX_dev/third_party/dsa-framework/chipyard/toolchains/riscv-tools/riscv-gnu-toolchain/riscv-binutils/bfd/../include -DHAVE_riscv_elf64_vec -DHAVE_riscv_elf32_vec -DHAVE_elf64_le_vec -DHAVE_elf64_be_vec -DHAVE_elf32_le_vec -DHAVE_elf32_be_vec -DHAVE_plugin_vec -W -Wall -Wstrict-prototypes -Wmissing-prototypes -Wshadow -Wstack-usage=262144 -I/workspace/MLX_dev/third_party/dsa-framework/chipyard/toolchains/riscv-tools/riscv-gnu-toolchain/riscv-binutils/bfd/../zlib -g -O2 -MT archive64.lo -MD -MP -MF .deps/archive64.Tpo -c /workspace/MLX_dev/third_party/dsa-framework/chipyard/toolchains/riscv-tools/riscv-gnu-toolchain/riscv-binutils/bfd/archive64.c -o archive64.o
mv -f .deps/cpu-plugin.Tpo .deps/cpu-plugin.Plo
mv -f .deps/elf64-riscv.Tpo .deps/elf64-riscv.Plo
mv -f .deps/archive64.Tpo .deps/archive64.Plo
mv -f .deps/elf-eh-frame.Tpo .deps/elf-eh-frame.Plo
mv -f .deps/elf32-riscv.Tpo .deps/elf32-riscv.Plo
mv -f .deps/dwarf2.Tpo .deps/dwarf2.Plo
mv -f .deps/elf.Tpo .deps/elf.Plo
mv -f .deps/elflink.Tpo .deps/elflink.Plo
/bin/bash ./libtool  --tag=CC   --mode=link gcc -W -Wall -Wstrict-prototypes -Wmissing-prototypes -Wshadow -Wstack-usage=262144 -I/workspace/MLX_dev/third_party/dsa-framework/chipyard/toolchains/riscv-tools/riscv-gnu-toolchain/riscv-binutils/bfd/../zlib -g -O2 -rpath /workspace/MLX_dev/third_party/dsa-framework/ss-tools/riscv-dsa-binutils/x86_64-pc-linux-gnu/riscv64-unknown-linux-gnu/lib -release `cat libtool-soversion`  -static-libstdc++ -static-libgcc  -o libbfd.la  archive.lo archures.lo bfd.lo bfdio.lo bfdwin.lo cache.lo coff-bfd.lo compress.lo corefile.lo elf-properties.lo format.lo hash.lo init.lo libbfd.lo linker.lo merge.lo opncls.lo reloc.lo section.lo simple.lo stab-syms.lo stabs.lo syms.lo targets.lo binary.lo ihex.lo srec.lo tekhex.lo verilog.lo `cat ofiles`   -L./../zlib -lz 
libtool: link: ar cru .libs/libbfd.a  archive.o archures.o bfd.o bfdio.o bfdwin.o cache.o coff-bfd.o compress.o corefile.o elf-properties.o format.o hash.o init.o libbfd.o linker.o merge.o opncls.o reloc.o section.o simple.o stab-syms.o stabs.o syms.o targets.o binary.o ihex.o srec.o tekhex.o verilog.o elf64-riscv.o elf64.o elfxx-riscv.o elf32.o elf.o elflink.o elf-attrs.o elf-strtab.o elf-eh-frame.o dwarf1.o dwarf2.o elf32-riscv.o elf64-gen.o elf32-gen.o plugin.o cpu-riscv.o cpu-plugin.o archive64.o
ar: `u' modifier ignored since `D' is the default (see `U')
libtool: link: ranlib .libs/libbfd.a
libtool: link: ( cd ".libs" && rm -f "libbfd.la" && ln -s "../libbfd.la" "libbfd.la" )
libtooldir=`/bin/bash ./libtool --config | /usr/bin/sed -n -e 's/^objdir=//p'`; \
if [ -f $libtooldir/libbfd.a ]; then \
  cp $libtooldir/libbfd.a libbfd.tmp; \
  ranlib libbfd.tmp; \
  /bin/bash /workspace/MLX_dev/third_party/dsa-framework/chipyard/toolchains/riscv-tools/riscv-gnu-toolchain/riscv-binutils/bfd/../move-if-change libbfd.tmp libbfd.a; \
else true; fi
touch stamp-lib
make[3]: Leaving directory '/workspace/MLX_dev/third_party/dsa-framework/ss-tools/build/riscv-dsa-binutils/bfd'
make[2]: Leaving directory '/workspace/MLX_dev/third_party/dsa-framework/ss-tools/build/riscv-dsa-binutils/bfd'
make[1]: Leaving directory '/workspace/MLX_dev/third_party/dsa-framework/ss-tools/build/riscv-dsa-binutils/bfd'
make[1]: Entering directory '/workspace/MLX_dev/third_party/dsa-framework/ss-tools/build/riscv-dsa-binutils/opcodes'
make  all-recursive
make[2]: Entering directory '/workspace/MLX_dev/third_party/dsa-framework/ss-tools/build/riscv-dsa-binutils/opcodes'
Making all in .
make[3]: Entering directory '/workspace/MLX_dev/third_party/dsa-framework/ss-tools/build/riscv-dsa-binutils/opcodes'
/bin/bash ./libtool  --tag=CC   --mode=compile gcc -DHAVE_CONFIG_H -I. -I/workspace/MLX_dev/third_party/dsa-framework/chipyard/toolchains/riscv-tools/riscv-gnu-toolchain/riscv-binutils/opcodes  -I. -I/workspace/MLX_dev/third_party/dsa-framework/chipyard/toolchains/riscv-tools/riscv-gnu-toolchain/riscv-binutils/opcodes -I../bfd -I/workspace/MLX_dev/third_party/dsa-framework/chipyard/toolchains/riscv-tools/riscv-gnu-toolchain/riscv-binutils/opcodes/../include -I/workspace/MLX_dev/third_party/dsa-framework/chipyard/toolchains/riscv-tools/riscv-gnu-toolchain/riscv-binutils/opcodes/../bfd    -W -Wall -Wstrict-prototypes -Wmissing-prototypes -Wshadow -Wstack-usage=262144 -g -O2 -MT dis-buf.lo -MD -MP -MF .deps/dis-buf.Tpo -c -o dis-buf.lo /workspace/MLX_dev/third_party/dsa-framework/chipyard/toolchains/riscv-tools/riscv-gnu-toolchain/riscv-binutils/opcodes/dis-buf.c
/bin/bash ./libtool  --tag=CC   --mode=compile gcc -DHAVE_CONFIG_H -I. -I/workspace/MLX_dev/third_party/dsa-framework/chipyard/toolchains/riscv-tools/riscv-gnu-toolchain/riscv-binutils/opcodes  -I. -I/workspace/MLX_dev/third_party/dsa-framework/chipyard/toolchains/riscv-tools/riscv-gnu-toolchain/riscv-binutils/opcodes -I../bfd -I/workspace/MLX_dev/third_party/dsa-framework/chipyard/toolchains/riscv-tools/riscv-gnu-toolchain/riscv-binutils/opcodes/../include -I/workspace/MLX_dev/third_party/dsa-framework/chipyard/toolchains/riscv-tools/riscv-gnu-toolchain/riscv-binutils/opcodes/../bfd    -W -Wall -Wstrict-prototypes -Wmissing-prototypes -Wshadow -Wstack-usage=262144 -g -O2 -MT disassemble.lo -MD -MP -MF .deps/disassemble.Tpo -c -o disassemble.lo  -DARCH_riscv /workspace/MLX_dev/third_party/dsa-framework/chipyard/toolchains/riscv-tools/riscv-gnu-toolchain/riscv-binutils/opcodes/disassemble.c
/bin/bash ./libtool  --tag=CC   --mode=compile gcc -DHAVE_CONFIG_H -I. -I/workspace/MLX_dev/third_party/dsa-framework/chipyard/toolchains/riscv-tools/riscv-gnu-toolchain/riscv-binutils/opcodes  -I. -I/workspace/MLX_dev/third_party/dsa-framework/chipyard/toolchains/riscv-tools/riscv-gnu-toolchain/riscv-binutils/opcodes -I../bfd -I/workspace/MLX_dev/third_party/dsa-framework/chipyard/toolchains/riscv-tools/riscv-gnu-toolchain/riscv-binutils/opcodes/../include -I/workspace/MLX_dev/third_party/dsa-framework/chipyard/toolchains/riscv-tools/riscv-gnu-toolchain/riscv-binutils/opcodes/../bfd    -W -Wall -Wstrict-prototypes -Wmissing-prototypes -Wshadow -Wstack-usage=262144 -g -O2 -MT dis-init.lo -MD -MP -MF .deps/dis-init.Tpo -c -o dis-init.lo /workspace/MLX_dev/third_party/dsa-framework/chipyard/toolchains/riscv-tools/riscv-gnu-toolchain/riscv-binutils/opcodes/dis-init.c
/bin/bash ./libtool  --tag=CC   --mode=compile gcc -DHAVE_CONFIG_H -I. -I/workspace/MLX_dev/third_party/dsa-framework/chipyard/toolchains/riscv-tools/riscv-gnu-toolchain/riscv-binutils/opcodes  -I. -I/workspace/MLX_dev/third_party/dsa-framework/chipyard/toolchains/riscv-tools/riscv-gnu-toolchain/riscv-binutils/opcodes -I../bfd -I/workspace/MLX_dev/third_party/dsa-framework/chipyard/toolchains/riscv-tools/riscv-gnu-toolchain/riscv-binutils/opcodes/../include -I/workspace/MLX_dev/third_party/dsa-framework/chipyard/toolchains/riscv-tools/riscv-gnu-toolchain/riscv-binutils/opcodes/../bfd    -W -Wall -Wstrict-prototypes -Wmissing-prototypes -Wshadow -Wstack-usage=262144 -g -O2 -MT riscv-dis.lo -MD -MP -MF .deps/riscv-dis.Tpo -c -o riscv-dis.lo /workspace/MLX_dev/third_party/dsa-framework/chipyard/toolchains/riscv-tools/riscv-gnu-toolchain/riscv-binutils/opcodes/riscv-dis.c
/bin/bash ./libtool  --tag=CC   --mode=compile gcc -DHAVE_CONFIG_H -I. -I/workspace/MLX_dev/third_party/dsa-framework/chipyard/toolchains/riscv-tools/riscv-gnu-toolchain/riscv-binutils/opcodes  -I. -I/workspace/MLX_dev/third_party/dsa-framework/chipyard/toolchains/riscv-tools/riscv-gnu-toolchain/riscv-binutils/opcodes -I../bfd -I/workspace/MLX_dev/third_party/dsa-framework/chipyard/toolchains/riscv-tools/riscv-gnu-toolchain/riscv-binutils/opcodes/../include -I/workspace/MLX_dev/third_party/dsa-framework/chipyard/toolchains/riscv-tools/riscv-gnu-toolchain/riscv-binutils/opcodes/../bfd    -W -Wall -Wstrict-prototypes -Wmissing-prototypes -Wshadow -Wstack-usage=262144 -g -O2 -MT riscv-opc.lo -MD -MP -MF .deps/riscv-opc.Tpo -c -o riscv-opc.lo /workspace/MLX_dev/third_party/dsa-framework/chipyard/toolchains/riscv-tools/riscv-gnu-toolchain/riscv-binutils/opcodes/riscv-opc.c
libtool: compile:  gcc -DHAVE_CONFIG_H -I. -I/workspace/MLX_dev/third_party/dsa-framework/chipyard/toolchains/riscv-tools/riscv-gnu-toolchain/riscv-binutils/opcodes -I. -I/workspace/MLX_dev/third_party/dsa-framework/chipyard/toolchains/riscv-tools/riscv-gnu-toolchain/riscv-binutils/opcodes -I../bfd -I/workspace/MLX_dev/third_party/dsa-framework/chipyard/toolchains/riscv-tools/riscv-gnu-toolchain/riscv-binutils/opcodes/../include -I/workspace/MLX_dev/third_party/dsa-framework/chipyard/toolchains/riscv-tools/riscv-gnu-toolchain/riscv-binutils/opcodes/../bfd -W -Wall -Wstrict-prototypes -Wmissing-prototypes -Wshadow -Wstack-usage=262144 -g -O2 -MT dis-buf.lo -MD -MP -MF .deps/dis-buf.Tpo -c /workspace/MLX_dev/third_party/dsa-framework/chipyard/toolchains/riscv-tools/riscv-gnu-toolchain/riscv-binutils/opcodes/dis-buf.c -o dis-buf.o
libtool: compile:  gcc -DHAVE_CONFIG_H -I. -I/workspace/MLX_dev/third_party/dsa-framework/chipyard/toolchains/riscv-tools/riscv-gnu-toolchain/riscv-binutils/opcodes -I. -I/workspace/MLX_dev/third_party/dsa-framework/chipyard/toolchains/riscv-tools/riscv-gnu-toolchain/riscv-binutils/opcodes -I../bfd -I/workspace/MLX_dev/third_party/dsa-framework/chipyard/toolchains/riscv-tools/riscv-gnu-toolchain/riscv-binutils/opcodes/../include -I/workspace/MLX_dev/third_party/dsa-framework/chipyard/toolchains/riscv-tools/riscv-gnu-toolchain/riscv-binutils/opcodes/../bfd -W -Wall -Wstrict-prototypes -Wmissing-prototypes -Wshadow -Wstack-usage=262144 -g -O2 -MT disassemble.lo -MD -MP -MF .deps/disassemble.Tpo -c -DARCH_riscv /workspace/MLX_dev/third_party/dsa-framework/chipyard/toolchains/riscv-tools/riscv-gnu-toolchain/riscv-binutils/opcodes/disassemble.c -o disassemble.o
libtool: compile:  gcc -DHAVE_CONFIG_H -I. -I/workspace/MLX_dev/third_party/dsa-framework/chipyard/toolchains/riscv-tools/riscv-gnu-toolchain/riscv-binutils/opcodes -I. -I/workspace/MLX_dev/third_party/dsa-framework/chipyard/toolchains/riscv-tools/riscv-gnu-toolchain/riscv-binutils/opcodes -I../bfd -I/workspace/MLX_dev/third_party/dsa-framework/chipyard/toolchains/riscv-tools/riscv-gnu-toolchain/riscv-binutils/opcodes/../include -I/workspace/MLX_dev/third_party/dsa-framework/chipyard/toolchains/riscv-tools/riscv-gnu-toolchain/riscv-binutils/opcodes/../bfd -W -Wall -Wstrict-prototypes -Wmissing-prototypes -Wshadow -Wstack-usage=262144 -g -O2 -MT dis-init.lo -MD -MP -MF .deps/dis-init.Tpo -c /workspace/MLX_dev/third_party/dsa-framework/chipyard/toolchains/riscv-tools/riscv-gnu-toolchain/riscv-binutils/opcodes/dis-init.c -o dis-init.o
libtool: compile:  gcc -DHAVE_CONFIG_H -I. -I/workspace/MLX_dev/third_party/dsa-framework/chipyard/toolchains/riscv-tools/riscv-gnu-toolchain/riscv-binutils/opcodes -I. -I/workspace/MLX_dev/third_party/dsa-framework/chipyard/toolchains/riscv-tools/riscv-gnu-toolchain/riscv-binutils/opcodes -I../bfd -I/workspace/MLX_dev/third_party/dsa-framework/chipyard/toolchains/riscv-tools/riscv-gnu-toolchain/riscv-binutils/opcodes/../include -I/workspace/MLX_dev/third_party/dsa-framework/chipyard/toolchains/riscv-tools/riscv-gnu-toolchain/riscv-binutils/opcodes/../bfd -W -Wall -Wstrict-prototypes -Wmissing-prototypes -Wshadow -Wstack-usage=262144 -g -O2 -MT riscv-opc.lo -MD -MP -MF .deps/riscv-opc.Tpo -c /workspace/MLX_dev/third_party/dsa-framework/chipyard/toolchains/riscv-tools/riscv-gnu-toolchain/riscv-binutils/opcodes/riscv-opc.c -o riscv-opc.o
libtool: compile:  gcc -DHAVE_CONFIG_H -I. -I/workspace/MLX_dev/third_party/dsa-framework/chipyard/toolchains/riscv-tools/riscv-gnu-toolchain/riscv-binutils/opcodes -I. -I/workspace/MLX_dev/third_party/dsa-framework/chipyard/toolchains/riscv-tools/riscv-gnu-toolchain/riscv-binutils/opcodes -I../bfd -I/workspace/MLX_dev/third_party/dsa-framework/chipyard/toolchains/riscv-tools/riscv-gnu-toolchain/riscv-binutils/opcodes/../include -I/workspace/MLX_dev/third_party/dsa-framework/chipyard/toolchains/riscv-tools/riscv-gnu-toolchain/riscv-binutils/opcodes/../bfd -W -Wall -Wstrict-prototypes -Wmissing-prototypes -Wshadow -Wstack-usage=262144 -g -O2 -MT riscv-dis.lo -MD -MP -MF .deps/riscv-dis.Tpo -c /workspace/MLX_dev/third_party/dsa-framework/chipyard/toolchains/riscv-tools/riscv-gnu-toolchain/riscv-binutils/opcodes/riscv-dis.c -o riscv-dis.o
/workspace/MLX_dev/third_party/dsa-framework/chipyard/toolchains/riscv-tools/riscv-gnu-toolchain/riscv-binutils/opcodes/riscv-opc.c:200:23: error: ‘INSN_CLASS_I’ undeclared here (not in a function)
  200 | {"ss_lin_strm"   , 0, INSN_CLASS_I, "s"     , MATCH_SS_LIN_STRM       , MASK_SS_LIN_STRM        , match_opcode, 0},
      |                       ^~~~~~~~~~~~
make[3]: *** [Makefile:1084: riscv-opc.lo] Error 1
make[3]: *** Waiting for unfinished jobs....
mv -f .deps/dis-init.Tpo .deps/dis-init.Plo
mv -f .deps/dis-buf.Tpo .deps/dis-buf.Plo
mv -f .deps/disassemble.Tpo .deps/disassemble.Plo
mv -f .deps/riscv-dis.Tpo .deps/riscv-dis.Plo
make[3]: Leaving directory '/workspace/MLX_dev/third_party/dsa-framework/ss-tools/build/riscv-dsa-binutils/opcodes'
make[2]: *** [Makefile:1127: all-recursive] Error 1
make[2]: Leaving directory '/workspace/MLX_dev/third_party/dsa-framework/ss-tools/build/riscv-dsa-binutils/opcodes'
make[1]: *** [Makefile:773: all] Error 2
make[1]: Leaving directory '/workspace/MLX_dev/third_party/dsa-framework/ss-tools/build/riscv-dsa-binutils/opcodes'
make: *** [Makefile:3134: all-opcodes] Error 2
