self exe links to: /workspace/MLX_dev/build/xavier-attention-components/mlx_attention_proxy
self exe links to: /workspace/MLX_dev/build/xavier-attention-components/mlx_attention_proxy
11.0


        *** GPGPU-Sim Simulator Version 4.2.0  [build gpgpu-sim_git-commit-68e1cd3_modified_1.0] ***


GPGPU-Sim PTX: simulation mode 0 (can change with PTX_SIM_MODE_FUNC environment variable:
               1=functional simulation only, 0=detailed performance simulator)
GPGPU-Sim PTX: overriding embedded ptx with ptx file (PTX_SIM_USE_PTX_FILE is set)
GPGPU-Sim: Configuration options:

-save_embedded_ptx                      0 # saves ptx files embedded in binary as <n>.ptx
-keep                                   0 # keep intermediate files created by GPGPU-Sim when interfacing with external programs
-gpgpu_ptx_save_converted_ptxplus                    0 # Saved converted ptxplus to a file
-gpgpu_occupancy_sm_number                   70 # The SM number to pass to ptxas when getting register usage for computing GPU occupancy. This parameter is required in the config.
-ptx_opcode_latency_int      4,13,4,5,145,32 # Opcode latencies for integers <ADD,MAX,MUL,MAD,DIV,SHFL>Default 1,1,19,25,145,32
-ptx_opcode_latency_fp          4,13,4,5,39 # Opcode latencies for single precision floating points <ADD,MAX,MUL,MAD,DIV>Default 1,1,1,1,30
-ptx_opcode_latency_dp         8,19,8,8,330 # Opcode latencies for double precision floating points <ADD,MAX,MUL,MAD,DIV>Default 8,8,8,8,335
-ptx_opcode_latency_sfu                  100 # Opcode latencies for SFU instructionsDefault 8
-ptx_opcode_latency_tesnor                   64 # Opcode latencies for Tensor instructionsDefault 64
-ptx_opcode_initiation_int          2,2,2,2,8,4 # Opcode initiation intervals for integers <ADD,MAX,MUL,MAD,DIV,SHFL>Default 1,1,4,4,32,4
-ptx_opcode_initiation_fp            2,2,2,2,4 # Opcode initiation intervals for single precision floating points <ADD,MAX,MUL,MAD,DIV>Default 1,1,1,1,5
-ptx_opcode_initiation_dp          4,4,4,4,130 # Opcode initiation intervals for double precision floating points <ADD,MAX,MUL,MAD,DIV>Default 8,8,8,8,130
-ptx_opcode_initiation_sfu                    8 # Opcode initiation intervals for sfu instructionsDefault 8
-ptx_opcode_initiation_tensor                   64 # Opcode initiation intervals for tensor instructionsDefault 64
-cdp_latency         7200,8000,100,12000,1600 # CDP API latency <cudaStreamCreateWithFlags, cudaGetParameterBufferV2_init_perWarp, cudaGetParameterBufferV2_perKernel, cudaLaunchDeviceV2_init_perWarp, cudaLaunchDevicV2_perKernel>Default 7200,8000,100,12000,1600
-network_mode                           2 # Interconnection network mode
-inter_config_file                   mesh # Interconnection network config file
-icnt_in_buffer_limit                  512 # in_buffer_limit
-icnt_out_buffer_limit                  512 # out_buffer_limit
-icnt_subnets                           2 # subnets
-icnt_arbiter_algo                      1 # arbiter_algo
-icnt_verbose                           0 # inct_verbose
-icnt_grant_cycles                      1 # grant_cycles
-gpgpu_ptx_use_cuobjdump                    1 # Use cuobjdump to extract ptx and sass from binaries
-gpgpu_experimental_lib_support                    0 # Try to extract code from cuda libraries [Broken because of unknown cudaGetExportTable]
-checkpoint_option                      0 #  checkpointing flag (0 = no checkpoint)
-checkpoint_kernel                      1 #  checkpointing during execution of which kernel (1- 1st kernel)
-checkpoint_CTA                         0 #  checkpointing after # of CTA (< less than total CTA)
-resume_option                          0 #  resume flag (0 = no resume)
-resume_kernel                          0 #  Resume from which kernel (1= 1st kernel)
-resume_CTA                             0 #  resume from which CTA 
-checkpoint_CTA_t                       0 #  resume from which CTA 
-checkpoint_insn_Y                      0 #  resume from which CTA 
-gpgpu_ptx_convert_to_ptxplus                    0 # Convert SASS (native ISA) to ptxplus and run ptxplus
-gpgpu_ptx_force_max_capability                   70 # Force maximum compute capability
-gpgpu_ptx_inst_debug_to_file                    0 # Dump executed instructions' debug information to file
-gpgpu_ptx_inst_debug_file       inst_debug.txt # Executed instructions' debug output file
-gpgpu_ptx_inst_debug_thread_uid                    1 # Thread UID for executed instructions' debug output
-gpgpu_simd_model                       1 # 1 = post-dominator
-gpgpu_shader_core_pipeline              2048:32 # shader core pipeline config, i.e., {<nthread>:<warpsize>}
-gpgpu_tex_cache:l1  N:4:128:256,L:R:m:N:L,T:512:8,128:2 # per-shader L1 texture cache  (READ-ONLY) config  {<nsets>:<bsize>:<assoc>,<rep>:<wr>:<alloc>:<wr_alloc>,<mshr>:<N>:<merge>,<mq>:<rf>}
-gpgpu_const_cache:l1 N:128:64:8,L:R:f:N:L,S:2:64,4 # per-shader L1 constant memory cache  (READ-ONLY) config  {<nsets>:<bsize>:<assoc>,<rep>:<wr>:<alloc>:<wr_alloc>,<mshr>:<N>:<merge>,<mq>} 
-gpgpu_cache:il1     N:64:128:16,L:R:f:N:L,S:2:48,4 # shader L1 instruction cache config  {<nsets>:<bsize>:<assoc>,<rep>:<wr>:<alloc>:<wr_alloc>,<mshr>:<N>:<merge>,<mq>} 
-gpgpu_cache:dl1     S:4:128:64,L:T:m:L:L,A:512:8,16:0,32 # per-shader L1 data cache config  {<nsets>:<bsize>:<assoc>,<rep>:<wr>:<alloc>:<wr_alloc>,<mshr>:<N>:<merge>,<mq> | none}
-gpgpu_l1_cache_write_ratio                   25 # L1D write ratio
-gpgpu_l1_banks                         4 # The number of L1 cache banks
-gpgpu_l1_banks_byte_interleaving                   32 # l1 banks byte interleaving granularity
-gpgpu_l1_banks_hashing_function                    0 # l1 banks hashing function
-gpgpu_l1_latency                      20 # L1 Hit Latency
-gpgpu_smem_latency                    20 # smem Latency
-gpgpu_cache:dl1PrefL1                 none # per-shader L1 data cache config  {<nsets>:<bsize>:<assoc>,<rep>:<wr>:<alloc>:<wr_alloc>,<mshr>:<N>:<merge>,<mq> | none}
-gpgpu_cache:dl1PrefShared                 none # per-shader L1 data cache config  {<nsets>:<bsize>:<assoc>,<rep>:<wr>:<alloc>:<wr_alloc>,<mshr>:<N>:<merge>,<mq> | none}
-gpgpu_gmem_skip_L1D                    0 # global memory access skip L1D cache (implements -Xptxas -dlcm=cg, default=no skip)
-gpgpu_perfect_mem                      0 # enable perfect memory mode (no cache miss)
-n_regfile_gating_group                    4 # group of lanes that should be read/written together)
-gpgpu_clock_gated_reg_file                    0 # enable clock gated reg file for power calculations
-gpgpu_clock_gated_lanes                    0 # enable clock gated lanes for power calculations
-gpgpu_shader_registers                65536 # Number of registers per shader core. Limits number of concurrent CTAs. (default 8192)
-gpgpu_registers_per_block                65536 # Maximum number of registers per CTA. (default 8192)
-gpgpu_ignore_resources_limitation                    0 # gpgpu_ignore_resources_limitation (default 0)
-gpgpu_shader_cta                      32 # Maximum number of concurrent CTAs in shader (default 32)
-gpgpu_num_cta_barriers                   16 # Maximum number of named barriers per CTA (default 16)
-gpgpu_n_clusters                       8 # number of processing clusters
-gpgpu_n_cores_per_cluster                    1 # number of simd cores per cluster
-gpgpu_n_cluster_ejection_buffer_size                   32 # number of packets in ejection buffer
-gpgpu_n_ldst_response_buffer_size                    2 # number of response packets in ld/st unit ejection buffer
-gpgpu_shmem_per_block                65536 # Size of shared memory per thread block or CTA (default 48kB)
-gpgpu_shmem_size                   98304 # Size of shared memory per shader core (default 16kB)
-gpgpu_shmem_option       0,8,16,32,64,96 # Option list of shared memory sizes
-gpgpu_unified_l1d_size                  128 # Size of unified data cache(L1D + shared memory) in KB
-gpgpu_adaptive_cache_config                    1 # adaptive_cache_config
-gpgpu_shmem_sizeDefault                98304 # Size of shared memory per shader core (default 16kB)
-gpgpu_shmem_size_PrefL1                16384 # Size of shared memory per shader core (default 16kB)
-gpgpu_shmem_size_PrefShared                16384 # Size of shared memory per shader core (default 16kB)
-gpgpu_shmem_num_banks                   32 # Number of banks in the shared memory in each shader core (default 16)
-gpgpu_shmem_limited_broadcast                    0 # Limit shared memory to do one broadcast per cycle (default on)
-gpgpu_shmem_warp_parts                    1 # Number of portions a warp is divided into for shared memory bank conflict check 
-gpgpu_mem_unit_ports                    1 # The number of memory transactions allowed per core cycle
-gpgpu_shmem_warp_parts                    1 # Number of portions a warp is divided into for shared memory bank conflict check 
-gpgpu_warpdistro_shader                   -1 # Specify which shader core to collect the warp size distribution from
-gpgpu_warp_issue_shader                    0 # Specify which shader core to collect the warp issue distribution from
-gpgpu_local_mem_map                    1 # Mapping from local memory space address to simulated GPU physical address space (default = enabled)
-gpgpu_num_reg_banks                    8 # Number of register banks (default = 8)
-gpgpu_reg_bank_use_warp_id                    0 # Use warp ID in mapping registers to banks (default = off)
-gpgpu_sub_core_model                    1 # Sub Core Volta/Pascal model (default = off)
-gpgpu_enable_specialized_operand_collector                    0 # enable_specialized_operand_collector
-gpgpu_operand_collector_num_units_sp                    4 # number of collector units (default = 4)
-gpgpu_operand_collector_num_units_dp                    0 # number of collector units (default = 0)
-gpgpu_operand_collector_num_units_sfu                    4 # number of collector units (default = 4)
-gpgpu_operand_collector_num_units_int                    0 # number of collector units (default = 0)
-gpgpu_operand_collector_num_units_tensor_core                    4 # number of collector units (default = 4)
-gpgpu_operand_collector_num_units_mem                    2 # number of collector units (default = 2)
-gpgpu_operand_collector_num_units_gen                    8 # number of collector units (default = 0)
-gpgpu_operand_collector_num_in_ports_sp                    1 # number of collector unit in ports (default = 1)
-gpgpu_operand_collector_num_in_ports_dp                    0 # number of collector unit in ports (default = 0)
-gpgpu_operand_collector_num_in_ports_sfu                    1 # number of collector unit in ports (default = 1)
-gpgpu_operand_collector_num_in_ports_int                    0 # number of collector unit in ports (default = 0)
-gpgpu_operand_collector_num_in_ports_tensor_core                    1 # number of collector unit in ports (default = 1)
-gpgpu_operand_collector_num_in_ports_mem                    1 # number of collector unit in ports (default = 1)
-gpgpu_operand_collector_num_in_ports_gen                    8 # number of collector unit in ports (default = 0)
-gpgpu_operand_collector_num_out_ports_sp                    1 # number of collector unit in ports (default = 1)
-gpgpu_operand_collector_num_out_ports_dp                    0 # number of collector unit in ports (default = 0)
-gpgpu_operand_collector_num_out_ports_sfu                    1 # number of collector unit in ports (default = 1)
-gpgpu_operand_collector_num_out_ports_int                    0 # number of collector unit in ports (default = 0)
-gpgpu_operand_collector_num_out_ports_tensor_core                    1 # number of collector unit in ports (default = 1)
-gpgpu_operand_collector_num_out_ports_mem                    1 # number of collector unit in ports (default = 1)
-gpgpu_operand_collector_num_out_ports_gen                    8 # number of collector unit in ports (default = 0)
-gpgpu_coalesce_arch                   60 # Coalescing arch (GT200 = 13, Fermi = 20)
-gpgpu_num_sched_per_core                    4 # Number of warp schedulers per core
-gpgpu_max_insn_issue_per_warp                    1 # Max number of instructions that can be issued per warp in one cycle by scheduler (either 1 or 2)
-gpgpu_dual_issue_diff_exec_units                    1 # should dual issue use two different execution unit resources (Default = 1)
-gpgpu_simt_core_sim_order                    1 # Select the simulation order of cores in a cluster (0=Fix, 1=Round-Robin)
-gpgpu_pipeline_widths 4,4,4,4,4,4,4,4,4,4,8,4,4 # Pipeline widths ID_OC_SP,ID_OC_DP,ID_OC_INT,ID_OC_SFU,ID_OC_MEM,OC_EX_SP,OC_EX_DP,OC_EX_INT,OC_EX_SFU,OC_EX_MEM,EX_WB,ID_OC_TENSOR_CORE,OC_EX_TENSOR_CORE
-gpgpu_tensor_core_avail                    1 # Tensor Core Available (default=0)
-gpgpu_num_sp_units                     4 # Number of SP units (default=1)
-gpgpu_num_dp_units                     4 # Number of DP units (default=0)
-gpgpu_num_int_units                    4 # Number of INT units (default=0)
-gpgpu_num_sfu_units                    4 # Number of SF units (default=1)
-gpgpu_num_tensor_core_units                    4 # Number of tensor_core units (default=1)
-gpgpu_num_mem_units                    1 # Number if ldst units (default=1) WARNING: not hooked up to anything
-gpgpu_scheduler                      lrr # Scheduler configuration: < lrr | gto | two_level_active > If two_level_active:<num_active_warps>:<inner_prioritization>:<outer_prioritization>For complete list of prioritization values see shader.h enum scheduler_prioritization_typeDefault: gto
-gpgpu_concurrent_kernel_sm                    0 # Support concurrent kernels on a SM (default = disabled)
-gpgpu_perfect_inst_const_cache                    1 # perfect inst and const cache mode, so all inst and const hits in the cache(default = disabled)
-gpgpu_inst_fetch_throughput                    4 # the number of fetched intruction per warp each cycle
-gpgpu_reg_file_port_throughput                    2 # the number ports of the register file
-specialized_unit_1         0,4,4,4,4,BRA # specialized unit config {<enabled>,<num_units>:<latency>:<initiation>,<ID_OC_SPEC>:<OC_EX_SPEC>,<NAME>}
-specialized_unit_2         0,4,4,4,4,BRA # specialized unit config {<enabled>,<num_units>:<latency>:<initiation>,<ID_OC_SPEC>:<OC_EX_SPEC>,<NAME>}
-specialized_unit_3         0,4,4,4,4,BRA # specialized unit config {<enabled>,<num_units>:<latency>:<initiation>,<ID_OC_SPEC>:<OC_EX_SPEC>,<NAME>}
-specialized_unit_4         0,4,4,4,4,BRA # specialized unit config {<enabled>,<num_units>:<latency>:<initiation>,<ID_OC_SPEC>:<OC_EX_SPEC>,<NAME>}
-specialized_unit_5         0,4,4,4,4,BRA # specialized unit config {<enabled>,<num_units>:<latency>:<initiation>,<ID_OC_SPEC>:<OC_EX_SPEC>,<NAME>}
-specialized_unit_6         0,4,4,4,4,BRA # specialized unit config {<enabled>,<num_units>:<latency>:<initiation>,<ID_OC_SPEC>:<OC_EX_SPEC>,<NAME>}
-specialized_unit_7         0,4,4,4,4,BRA # specialized unit config {<enabled>,<num_units>:<latency>:<initiation>,<ID_OC_SPEC>:<OC_EX_SPEC>,<NAME>}
-specialized_unit_8         0,4,4,4,4,BRA # specialized unit config {<enabled>,<num_units>:<latency>:<initiation>,<ID_OC_SPEC>:<OC_EX_SPEC>,<NAME>}
-gpgpu_perf_sim_memcpy                    1 # Fill the L2 cache on memcpy
-gpgpu_simple_dram_model                    0 # simple_dram_model with fixed latency and BW
-gpgpu_dram_scheduler                    1 # 0 = fifo, 1 = FR-FCFS (defaul)
-gpgpu_dram_partition_queues          64:64:64:64 # i2$:$2d:d2$:$2i
-l2_ideal                               0 # Use a ideal L2 cache that always hit
-gpgpu_cache:dl2     S:32:128:24,L:B:m:L:P,A:192:4,32:0,32 # unified banked L2 data cache config  {<nsets>:<bsize>:<assoc>,<rep>:<wr>:<alloc>:<wr_alloc>,<mshr>:<N>:<merge>,<mq>}
-gpgpu_cache:dl2_texture_only                    0 # L2 cache used for texture only
-gpgpu_n_mem                           16 # number of memory modules (e.g. memory controllers) in gpu
-gpgpu_n_sub_partition_per_mchannel                    2 # number of memory subpartition in each memory module
-gpgpu_n_mem_per_ctrlr                    1 # number of memory chips per memory controller
-gpgpu_memlatency_stat                   14 # track and display latency statistics 0x2 enables MC, 0x4 enables queue logs
-gpgpu_frfcfs_dram_sched_queue_size                   64 # 0 = unlimited (default); # entries per chip
-gpgpu_dram_return_queue_size                  192 # 0 = unlimited (default); # entries per chip
-gpgpu_dram_buswidth                   16 # default = 4 bytes (8 bytes per cycle at DDR)
-gpgpu_dram_burst_length                    2 # Burst length of each DRAM request (default = 4 data bus cycle)
-dram_data_command_freq_ratio                    2 # Frequency ratio between DRAM data bus and command bus (default = 2 times, i.e. DDR)
-gpgpu_dram_timing_opt nbk=16:CCD=1:RRD=3:RCD=12:RAS=28:RP=12:RC=40: CL=12:WL=2:CDLR=3:WR=10:nbkgrp=4:CCDL=2:RTPL=3 # DRAM timing parameters = {nbk:tCCD:tRRD:tRCD:tRAS:tRP:tRC:CL:WL:tCDLR:tWR:nbkgrp:tCCDL:tRTPL}
-gpgpu_l2_rop_latency                  160 # ROP queue latency (default 85)
-dram_latency                         100 # DRAM latency (default 30)
-dram_dual_bus_interface                  257 # dual_bus_interface (default = 0) 
-dram_bnk_indexing_policy                    1 # dram_bnk_indexing_policy (0 = normal indexing, 1 = Xoring with the higher bits) (Default = 0)
-dram_bnkgrp_indexing_policy                    1 # dram_bnkgrp_indexing_policy (0 = take higher bits, 1 = take lower bits) (Default = 0)
-dram_seperate_write_queue_enable                    1 # Seperate_Write_Queue_Enable
-dram_write_queue_size           128:108:32 # Write_Queue_Size
-dram_elimnate_rw_turnaround                    0 # elimnate_rw_turnaround i.e set tWTR and tRTW = 0
-icnt_flit_size                        40 # icnt_flit_size
-SST_mode                               0 # SST mode
-gpgpu_mem_addr_mapping dramid@8;00000000.00000000.00000000.00000000.0000RRRR.RRRRRRRR.RBBBCCCB.CCCSSSSS # mapping memory address to dram model {dramid@<start bit>;<memory address map>}
-gpgpu_mem_addr_test                    0 # run sweep test to check address mapping for aliased address
-gpgpu_mem_address_mask                    1 # 0 = old addressing mask, 1 = new addressing mask, 2 = new add. mask + flipped bank sel and chip sel bits
-gpgpu_memory_partition_indexing                    2 # 0 = no indexing, 1 = bitwise xoring, 2 = IPoly, 3 = custom indexing
-accelwattch_xml_file accelwattch_sass_sim.xml # AccelWattch XML file
-power_simulation_enabled                    0 # Turn on power simulator (1=On, 0=Off)
-power_per_cycle_dump                    0 # Dump detailed power output each cycle
-hw_perf_file_name            hw_perf.csv # Hardware Performance Statistics file
-hw_perf_bench_name                       # Kernel Name in Hardware Performance Statistics file
-power_simulation_mode                    0 # Switch performance counter input for power simulation (0=Sim, 1=HW, 2=HW-Sim Hybrid)
-dvfs_enabled                           0 # Turn on DVFS for power model
-aggregate_power_stats                    0 # Accumulate power across all kernels
-accelwattch_hybrid_perfsim_L1_RH                    0 # Get L1 Read Hits for Accelwattch-Hybrid from Accel-Sim
-accelwattch_hybrid_perfsim_L1_RM                    0 # Get L1 Read Misses for Accelwattch-Hybrid from Accel-Sim
-accelwattch_hybrid_perfsim_L1_WH                    0 # Get L1 Write Hits for Accelwattch-Hybrid from Accel-Sim
-accelwattch_hybrid_perfsim_L1_WM                    0 # Get L1 Write Misses for Accelwattch-Hybrid from Accel-Sim
-accelwattch_hybrid_perfsim_L2_RH                    0 # Get L2 Read Hits for Accelwattch-Hybrid from Accel-Sim
-accelwattch_hybrid_perfsim_L2_RM                    0 # Get L2 Read Misses for Accelwattch-Hybrid from Accel-Sim
-accelwattch_hybrid_perfsim_L2_WH                    0 # Get L2 Write Hits for Accelwattch-Hybrid from Accel-Sim
-accelwattch_hybrid_perfsim_L2_WM                    0 # Get L2 Write Misses for Accelwattch-Hybrid from Accel-Sim
-accelwattch_hybrid_perfsim_CC_ACC                    0 # Get Constant Cache Acesses for Accelwattch-Hybrid from Accel-Sim
-accelwattch_hybrid_perfsim_SHARED_ACC                    0 # Get Shared Memory Acesses for Accelwattch-Hybrid from Accel-Sim
-accelwattch_hybrid_perfsim_DRAM_RD                    0 # Get DRAM Reads for Accelwattch-Hybrid from Accel-Sim
-accelwattch_hybrid_perfsim_DRAM_WR                    0 # Get DRAM Writes for Accelwattch-Hybrid from Accel-Sim
-accelwattch_hybrid_perfsim_NOC                    0 # Get Interconnect Acesses for Accelwattch-Hybrid from Accel-Sim
-accelwattch_hybrid_perfsim_PIPE_DUTY                    0 # Get Pipeline Duty Cycle Acesses for Accelwattch-Hybrid from Accel-Sim
-accelwattch_hybrid_perfsim_NUM_SM_IDLE                    0 # Get Number of Idle SMs for Accelwattch-Hybrid from Accel-Sim
-accelwattch_hybrid_perfsim_CYCLES                    0 # Get Executed Cycles for Accelwattch-Hybrid from Accel-Sim
-accelwattch_hybrid_perfsim_VOLTAGE                    0 # Get Chip Voltage for Accelwattch-Hybrid from Accel-Sim
-power_trace_enabled                    0 # produce a file for the power trace (1=On, 0=Off)
-power_trace_zlevel                     6 # Compression level of the power trace output log (0=no comp, 9=highest)
-steady_power_levels_enabled                    0 # produce a file for the steady power levels (1=On, 0=Off)
-steady_state_definition                  8:4 # allowed deviation:number of samples
-gpgpu_max_cycle                        0 # terminates gpu simulation early (0 = no limit)
-gpgpu_max_insn                         0 # terminates gpu simulation early (0 = no limit)
-gpgpu_max_cta                          0 # terminates gpu simulation early (0 = no limit)
-gpgpu_max_completed_cta                    0 # terminates gpu simulation early (0 = no limit)
-gpgpu_runtime_stat                   500 # display runtime statistics such as dram utilization {<freq>:<flag>}
-liveness_message_freq                    1 # Minimum number of seconds between simulation liveness messages (0 = always print)
-gpgpu_compute_capability_major                    7 # Major compute capability version number
-gpgpu_compute_capability_minor                    0 # Minor compute capability version number
-gpgpu_flush_l1_cache                    1 # Flush L1 cache at the end of each kernel call
-gpgpu_flush_l2_cache                    0 # Flush L2 cache at the end of each kernel call
-gpgpu_deadlock_detect                    1 # Stop the simulation at deadlock (1=on (default), 0=off)
-gpgpu_ptx_instruction_classification                    0 # if enabled will classify ptx instruction types per kernel (Max 255 kernels now)
-gpgpu_ptx_sim_mode                     0 # Select between Performance (default) or Functional simulation (1)
-gpgpu_clock_domains  1377:1377:1377:2133 # Clock Domain Frequencies in MhZ {<Core Clock>:<ICNT Clock>:<L2 Clock>:<DRAM Clock>}
-gpgpu_max_concurrent_kernel                  128 # maximum kernels that can run concurrently on GPU, set this value according to max resident grids for your compute capability
-gpgpu_cflog_interval                    0 # Interval between each snapshot in control flow logger
-visualizer_enabled                     0 # Turn on visualizer output (1=On, 0=Off)
-visualizer_outputfile                 NULL # Specifies the output log file for visualizer
-visualizer_zlevel                      6 # Compression level of the visualizer output log (0=no comp, 9=highest)
-gpgpu_stack_size_limit                 1024 # GPU thread stack size
-gpgpu_heap_size_limit              8388608 # GPU malloc heap size 
-gpgpu_runtime_sync_depth_limit                    2 # GPU device runtime synchronize depth
-gpgpu_runtime_pending_launch_count_limit                 2048 # GPU device runtime pending launch count
-trace_enabled                          0 # Turn on traces
-trace_components                    none # comma seperated list of traces to enable. Complete list found in trace_streams.tup. Default none
-trace_sampling_core                    0 # The core which is printed using CORE_DPRINTF. Default 0
-trace_sampling_memory_partition                   -1 # The memory partition which is printed using MEMPART_DPRINTF. Default -1 (i.e. all)
-enable_ptx_file_line_stats                    1 # Turn on PTX source line statistic profiling. (1 = On)
-ptx_line_stats_filename gpgpu_inst_stats.txt # Output file for PTX source line statistics.
-gpgpu_kernel_launch_latency                    0 # Kernel launch latency in cycles. Default: 0
-gpgpu_cdp_enabled                      0 # Turn on CDP
-gpgpu_TB_launch_latency                    0 # thread block launch latency in cycles. Default: 0
DRAM Timing Options:
nbk                                    16 # number of banks
CCD                                     1 # column to column delay
RRD                                    cc24a1e8e7d047e9483bf8eef7b8691c  /workspace/MLX_dev/build/xavier-attention-components/mlx_attention_proxy
Extracting PTX file and ptxas options    1: mlx_attention_proxy.1.sm_70.ptx -arch=sm_70
 3 # minimal delay between activation of rows in different banks
RCD                                    12 # row to column delay
RAS                                    28 # time needed to activate row
RP                                     12 # time needed to precharge (deactivate) row
RC                                     40 # row cycle time
CDLR                                    3 # switching from write to read (changes tWTR)
WR                                     10 # last data-in to row precharge
CL                                     12 # CAS latency
WL                                      2 # Write latency
nbkgrp                                  4 # number of bank groups
CCDL                                    2 # column to column delay between accesses to different bank groups
RTPL                                    3 # read to precharge delay between accesses to different bank groups
Total number of memory sub partition = 32
addr_dec_mask[CHIP]  = 0000000000000f00 	high:12 low:8
addr_dec_mask[BK]    = 0000000000071000 	high:19 low:12
addr_dec_mask[ROW]   = 00000000fff80000 	high:32 low:19
addr_dec_mask[COL]   = 000000000000e0ff 	high:16 low:0
addr_dec_mask[BURST] = 000000000000001f 	high:5 low:0
sub_partition_id_mask = 0000000000001000
GPGPU-Sim uArch: clock freqs: 1377000000.000000:1377000000.000000:1377000000.000000:2133000000.000000
GPGPU-Sim uArch: clock periods: 0.00000000072621641249:0.00000000072621641249:0.00000000072621641249:0.00000000046882325363
*** Initializing Memory Statistics ***
GPGPU-Sim uArch: performance model initialization complete.
GPGPU-Sim PTX: __cudaRegisterFatBinary, fat_cubin_handle = 1, filename=default
self exe links to: /workspace/MLX_dev/build/xavier-attention-components/mlx_attention_proxy
Running md5sum using "md5sum /workspace/MLX_dev/build/xavier-attention-components/mlx_attention_proxy "
self exe links to: /workspace/MLX_dev/build/xavier-attention-components/mlx_attention_proxy
Extracting specific PTX file named mlx_attention_proxy.1.sm_70.ptx 
GPGPU-Sim PTX: __cudaRegisterFunction _Z10sv_outputsPKfS0_S0_Pfii : hostFun 0x0x5bc9d1892770, fat_cubin_handle = 1
GPGPU-Sim PTX: Parsing mlx_attention_proxy.1.sm_70.ptx
GPGPU-Sim PTX: allocating global region for "__cudart_i2opi_f" from 0x100 to 0x118 (global memory space)
GPGPU-Sim PTX: allocating stack frame region for .local "__local_depot0" from 0x0 to 0x1c
GPGPU-Sim PTX: Warning -- ignoring pragma 'nounroll'
GPGPU-Sim PTX: Warning -- ignoring pragma 'nounroll'
GPGPU-Sim PTX: instruction assembly for function '_Z14fft_pair_stagePK6float2PS_ii'...   done.
GPGPU-Sim PTX: instruction assembly for function '_Z13truncate_halfPK6float2PS_i'...   done.
GPGPU-Sim PTX: Warning -- ignoring pragma 'nounroll'
GPGPU-Sim PTX: instruction assembly for function '_Z9qk_scoresPKfS0_Pfii'...   done.
GPGPU-Sim PTX: Warning -- ignoring pragma 'nounroll'
GPGPU-Sim PTX: Warning -- ignoring pragma 'nounroll'
GPGPU-Sim PTX: instruction assembly for function '_Z13softmax_statsPKfPfii'...   done.
GPGPU-Sim PTX: Warning -- ignoring pragma 'nounroll'
GPGPU-Sim PTX: instruction assembly for function '_Z10sv_outputsPKfS0_S0_Pfii'...   done.
GPGPU-Sim PTX: finished parsing EMBEDDED .ptx file mlx_attention_proxy.1.sm_70.ptx
GPGPU-Sim PTX: loading globals with explicit initializers... 
GPGPU-Sim PTX:     initializing '__cudart_i2opi_f' ...  wrote 24 bytes
GPGPU-Sim PTX: finished loading globals (24 bytes total).
GPGPU-Sim PTX: loading constants with explicit initializers...  done.
GPGPU-Sim PTX: Loading PTXInfo from mlx_attention_proxy.1.sm_70.ptx
GPGPU-Sim PTX: Kernel '_Z10sv_outputsPKfS0_S0_Pfii' : regs=28, lmem=0, smem=0, cmem=392
GPGPU-Sim PTX: Kernel '_Z13softmax_statsPKfPfii' : regs=31, lmem=0, smem=0, cmem=376
GPGPU-Sim PTX: Kernel '_Z9qk_scoresPKfS0_Pfii' : regs=28, lmem=0, smem=0, cmem=384
GPGPU-Sim PTX: Kernel '_Z13truncate_halfPK6float2PS_i' : regs=8, lmem=0, smem=0, cmem=372
GPGPU-Sim PTX: Kernel '_Z14fft_pair_stagePK6float2PS_ii' : regs=28, lmem=0, smem=0, cmem=384
GPGPU-Sim PTX: __cudaRegisterFunction _Z13softmax_statsPKfPfii : hostFun 0x0x5bc9d18929b0, fat_cubin_handle = 1
GPGPU-Sim PTX: __cudaRegisterFunction _Z9qk_scoresPKfS0_Pfii : hostFun 0x0x5bc9d18928a0, fat_cubin_handle = 1
GPGPU-Sim PTX: __cudaRegisterFunction _Z13truncate_halfPK6float2PS_i : hostFun 0x0x5bc9d1892aa0, fat_cubin_handle = 1
GPGPU-Sim PTX: __cudaRegisterFunction _Z14fft_pair_stagePK6float2PS_ii : hostFun 0x0x5bc9d1892b80, fat_cubin_handle = 1
self exe links to: /workspace/MLX_dev/build/xavier-attention-components/mlx_attention_proxy
self exe links to: /workspace/MLX_dev/build/xavier-attention-components/mlx_attention_proxy
11.0
GPGPU-Sim PTX: __cudaRegisterFatBinary, fat_cubin_handle = 2, filename=default
GPGPU-Sim PTX: __cudaRegisterFunction __nv_static_44__570e7b9d_22_cuda_device_runtime_cu_8b1a5d37__Z16memcpy_3d_deviceImLi1ELi1ELi1EEvPKhPhT_S3_S3_S3_S3_S3_S3_jjjjjjjjS3_S1_S2_ : hostFun 0x0x5bc9d1898e20, fat_cubin_handle = 2
Warning: cannot find deviceFun __nv_static_44__570e7b9d_22_cuda_device_runtime_cu_8b1a5d37__Z16memcpy_3d_deviceImLi1ELi1ELi1EEvPKhPhT_S3_S3_S3_S3_S3_S3_jjjjjjjjS3_S1_S2_
GPGPU-Sim PTX: __cudaRegisterFunction __nv_static_44__570e7b9d_22_cuda_device_runtime_cu_8b1a5d37__Z16memcpy_3d_deviceImLi1ELi1ELi0EEvPKhPhT_S3_S3_S3_S3_S3_S3_jjjjjjjjS3_S1_S2_ : hostFun 0x0x5bc9d1898af0, fat_cubin_handle = 2
Warning: cannot find deviceFun __nv_static_44__570e7b9d_22_cuda_device_runtime_cu_8b1a5d37__Z16memcpy_3d_deviceImLi1ELi1ELi0EEvPKhPhT_S3_S3_S3_S3_S3_S3_jjjjjjjjS3_S1_S2_
GPGPU-Sim PTX: __cudaRegisterFunction __nv_static_44__570e7b9d_22_cuda_device_runtime_cu_8b1a5d37__Z16memcpy_3d_deviceImLi1ELi0ELi1EEvPKhPhT_S3_S3_S3_S3_S3_S3_jjjjjjjjS3_S1_S2_ : hostFun 0x0x5bc9d18987c0, fat_cubin_handle = 2
Warning: cannot find deviceFun __nv_static_44__570e7b9d_22_cuda_device_runtime_cu_8b1a5d37__Z16memcpy_3d_deviceImLi1ELi0ELi1EEvPKhPhT_S3_S3_S3_S3_S3_S3_jjjjjjjjS3_S1_S2_
GPGPU-Sim PTX: __cudaRegisterFunction __nv_static_44__570e7b9d_22_cuda_device_runtime_cu_8b1a5d37__Z16memcpy_3d_deviceImLi1ELi0ELi0EEvPKhPhT_S3_S3_S3_S3_S3_S3_jjjjjjjjS3_S1_S2_ : hostFun 0x0x5bc9d1898490, fat_cubin_handle = 2
Warning: cannot find deviceFun __nv_static_44__570e7b9d_22_cuda_device_runtime_cu_8b1a5d37__Z16memcpy_3d_deviceImLi1ELi0ELi0EEvPKhPhT_S3_S3_S3_S3_S3_S3_jjjjjjjjS3_S1_S2_
GPGPU-Sim PTX: __cudaRegisterFunction __nv_static_44__570e7b9d_22_cuda_device_runtime_cu_8b1a5d37__Z16memcpy_3d_deviceImLi0ELi1ELi1EEvPKhPhT_S3_S3_S3_S3_S3_S3_jjjjjjjjS3_S1_S2_ : hostFun 0x0x5bc9d1898160, fat_cubin_handle = 2
Warning: cannot find deviceFun __nv_static_44__570e7b9d_22_cuda_device_runtime_cu_8b1a5d37__Z16memcpy_3d_deviceImLi0ELi1ELi1EEvPKhPhT_S3_S3_S3_S3_S3_S3_jjjjjjjjS3_S1_S2_
GPGPU-Sim PTX: __cudaRegisterFunction __nv_static_44__570e7b9d_22_cuda_device_runtime_cu_8b1a5d37__Z16memcpy_3d_deviceImLi0ELi1ELi0EEvPKhPhT_S3_S3_S3_S3_S3_S3_jjjjjjjjS3_S1_S2_ : hostFun 0x0x5bc9d1897e30, fat_cubin_handle = 2
Warning: cannot find deviceFun __nv_static_44__570e7b9d_22_cuda_device_runtime_cu_8b1a5d37__Z16memcpy_3d_deviceImLi0ELi1ELi0EEvPKhPhT_S3_S3_S3_S3_S3_S3_jjjjjjjjS3_S1_S2_
GPGPU-Sim PTX: __cudaRegisterFunction __nv_static_44__570e7b9d_22_cuda_device_runtime_cu_8b1a5d37__Z16memcpy_3d_deviceImLi0ELi0ELi1EEvPKhPhT_S3_S3_S3_S3_S3_S3_jjjjjjjjS3_S1_S2_ : hostFun 0x0x5bc9d1897b00, fat_cubin_handle = 2
Warning: cannot find deviceFun __nv_static_44__570e7b9d_22_cuda_device_runtime_cu_8b1a5d37__Z16memcpy_3d_deviceImLi0ELi0ELi1EEvPKhPhT_S3_S3_S3_S3_S3_S3_jjjjjjjjS3_S1_S2_
GPGPU-Sim PTX: __cudaRegisterFunction __nv_static_44__570e7b9d_22_cuda_device_runtime_cu_8b1a5d37__Z16memcpy_3d_deviceImLi0ELi0ELi0EEvPKhPhT_S3_S3_S3_S3_S3_S3_jjjjjjjjS3_S1_S2_ : hostFun 0x0x5bc9d18977d0, fat_cubin_handle = 2
Warning: cannot find deviceFun __nv_static_44__570e7b9d_22_cuda_device_runtime_cu_8b1a5d37__Z16memcpy_3d_deviceImLi0ELi0ELi0EEvPKhPhT_S3_S3_S3_S3_S3_S3_jjjjjjjjS3_S1_S2_
GPGPU-Sim PTX: __cudaRegisterFunction __nv_static_44__570e7b9d_22_cuda_device_runtime_cu_8b1a5d37__Z16memcpy_3d_deviceIjLi1ELi1ELi1EEvPKhPhT_S3_S3_S3_S3_S3_S3_jjjjjjjjS3_S1_S2_ : hostFun 0x0x5bc9d18974c0, fat_cubin_handle = 2
Warning: cannot find deviceFun __nv_static_44__570e7b9d_22_cuda_device_runtime_cu_8b1a5d37__Z16memcpy_3d_deviceIjLi1ELi1ELi1EEvPKhPhT_S3_S3_S3_S3_S3_S3_jjjjjjjjS3_S1_S2_
GPGPU-Sim PTX: __cudaRegisterFunction __nv_static_44__570e7b9d_22_cuda_device_runtime_cu_8b1a5d37__Z16memcpy_3d_deviceIjLi1ELi1ELi0EEvPKhPhT_S3_S3_S3_S3_S3_S3_jjjjjjjjS3_S1_S2_ : hostFun 0x0x5bc9d18971b0, fat_cubin_handle = 2
Warning: cannot find deviceFun __nv_static_44__570e7b9d_22_cuda_device_runtime_cu_8b1a5d37__Z16memcpy_3d_deviceIjLi1ELi1ELi0EEvPKhPhT_S3_S3_S3_S3_S3_S3_jjjjjjjjS3_S1_S2_
GPGPU-Sim PTX: __cudaRegisterFunction __nv_static_44__570e7b9d_22_cuda_device_runtime_cu_8b1a5d37__Z16memcpy_3d_deviceIjLi1ELi0ELi1EEvPKhPhT_S3_S3_S3_S3_S3_S3_jjjjjjjjS3_S1_S2_ : hostFun 0x0x5bc9d1896ea0, fat_cubin_handle = 2
Warning: cannot find deviceFun __nv_static_44__570e7b9d_22_cuda_device_runtime_cu_8b1a5d37__Z16memcpy_3d_deviceIjLi1ELi0ELi1EEvPKhPhT_S3_S3_S3_S3_S3_S3_jjjjjjjjS3_S1_S2_
GPGPU-Sim PTX: __cudaRegisterFunction __nv_static_44__570e7b9d_22_cuda_device_runtime_cu_8b1a5d37__Z16memcpy_3d_deviceIjLi1ELi0ELi0EEvPKhPhT_S3_S3_S3_S3_S3_S3_jjjjjjjjS3_S1_S2_ : hostFun 0x0x5bc9d1896b90, fat_cubin_handle = 2
Warning: cannot find deviceFun __nv_static_44__570e7b9d_22_cuda_device_runtime_cu_8b1a5d37__Z16memcpy_3d_deviceIjLi1ELi0ELi0EEvPKhPhT_S3_S3_S3_S3_S3_S3_jjjjjjjjS3_S1_S2_
GPGPU-Sim PTX: __cudaRegisterFunction __nv_static_44__570e7b9d_22_cuda_device_runtime_cu_8b1a5d37__Z16memcpy_3d_deviceIjLi0ELi1ELi1EEvPKhPhT_S3_S3_S3_S3_S3_S3_jjjjjjjjS3_S1_S2_ : hostFun 0x0x5bc9d1896880, fat_cubin_handle = 2
Warning: cannot find deviceFun __nv_static_44__570e7b9d_22_cuda_device_runtime_cu_8b1a5d37__Z16memcpy_3d_deviceIjLi0ELi1ELi1EEvPKhPhT_S3_S3_S3_S3_S3_S3_jjjjjjjjS3_S1_S2_
GPGPU-Sim PTX: __cudaRegisterFunction __nv_static_44__570e7b9d_22_cuda_device_runtime_cu_8b1a5d37__Z16memcpy_3d_deviceIjLi0ELi1ELi0EEvPKhPhT_S3_S3_S3_S3_S3_S3_jjjjjjjjS3_S1_S2_ : hostFun 0x0x5bc9d1896570, fat_cubin_handle = 2
Warning: cannot find deviceFun __nv_static_44__570e7b9d_22_cuda_device_runtime_cu_8b1a5d37__Z16memcpy_3d_deviceIjLi0ELi1ELi0EEvPKhPhT_S3_S3_S3_S3_S3_S3_jjjjjjjjS3_S1_S2_
GPGPU-Sim PTX: __cudaRegisterFunction __nv_static_44__570e7b9d_22_cuda_device_runtime_cu_8b1a5d37__Z16memcpy_3d_deviceIjLi0ELi0ELi1EEvPKhPhT_S3_S3_S3_S3_S3_S3_jjjjjjjjS3_S1_S2_ : hostFun 0x0x5bc9d1896260, fat_cubin_handle = 2
Warning: cannot find deviceFun __nv_static_44__570e7b9d_22_cuda_device_runtime_cu_8b1a5d37__Z16memcpy_3d_deviceIjLi0ELi0ELi1EEvPKhPhT_S3_S3_S3_S3_S3_S3_jjjjjjjjS3_S1_S2_
GPGPU-Sim PTX: __cudaRegisterFunction __nv_static_44__570e7b9d_22_cuda_device_runtime_cu_8b1a5d37__Z16memcpy_3d_deviceIjLi0ELi0ELi0EEvPKhPhT_S3_S3_S3_S3_S3_S3_jjjjjjjjS3_S1_S2_ : hostFun 0x0x5bc9d1895f50, fat_cubin_handle = 2
Warning: cannot find deviceFun __nv_static_44__570e7b9d_22_cuda_device_runtime_cu_8b1a5d37__Z16memcpy_3d_deviceIjLi0ELi0ELi0EEvPKhPhT_S3_S3_S3_S3_S3_S3_jjjjjjjjS3_S1_S2_
GPGPU-Sim PTX: __cudaRegisterFunction __nv_static_44__570e7b9d_22_cuda_device_runtime_cu_8b1a5d37__Z16memset_3d_deviceImLi1ELi1ELi1EEvPhhjT_S1_S1_S1_S1_jjjjjjjS1_S0_ : hostFun 0x0x5bc9d1895d00, fat_cubin_handle = 2
Warning: cannot find deviceFun __nv_static_44__570e7b9d_22_cuda_device_runtime_cu_8b1a5d37__Z16memset_3d_deviceImLi1ELi1ELi1EEvPhhjT_S1_S1_S1_S1_jjjjjjjS1_S0_
GPGPU-Sim PTX: __cudaRegisterFunction __nv_static_44__570e7b9d_22_cuda_device_runtime_cu_8b1a5d37__Z16memset_3d_deviceImLi1ELi1ELi0EEvPhhjT_S1_S1_S1_S1_jjjjjjjS1_S0_ : hostFun 0x0x5bc9d1895ab0, fat_cubin_handle = 2
Warning: cannot find deviceFun __nv_static_44__570e7b9d_22_cuda_device_runtime_cu_8b1a5d37__Z16memset_3d_deviceImLi1ELi1ELi0EEvPhhjT_S1_S1_S1_S1_jjjjjjjS1_S0_
GPGPU-Sim PTX: __cudaRegisterFunction __nv_static_44__570e7b9d_22_cuda_device_runtime_cu_8b1a5d37__Z16memset_3d_deviceImLi1ELi0ELi1EEvPhhjT_S1_S1_S1_S1_jjjjjjjS1_S0_ : hostFun 0x0x5bc9d1895860, fat_cubin_handle = 2
Warning: cannot find deviceFun __nv_static_44__570e7b9d_22_cuda_device_runtime_cu_8b1a5d37__Z16memset_3d_deviceImLi1ELi0ELi1EEvPhhjT_S1_S1_S1_S1_jjjjjjjS1_S0_
GPGPU-Sim PTX: __cudaRegisterFunction __nv_static_44__570e7b9d_22_cuda_device_runtime_cu_8b1a5d37__Z16memset_3d_deviceImLi1ELi0ELi0EEvPhhjT_S1_S1_S1_S1_jjjjjjjS1_S0_ : hostFun 0x0x5bc9d1895610, fat_cubin_handle = 2
Warning: cannot find deviceFun __nv_static_44__570e7b9d_22_cuda_device_runtime_cu_8b1a5d37__Z16memset_3d_deviceImLi1ELi0ELi0EEvPhhjT_S1_S1_S1_S1_jjjjjjjS1_S0_
GPGPU-Sim PTX: __cudaRegisterFunction __nv_static_44__570e7b9d_22_cuda_device_runtime_cu_8b1a5d37__Z16memset_3d_deviceImLi0ELi1ELi1EEvPhhjT_S1_S1_S1_S1_jjjjjjjS1_S0_ : hostFun 0x0x5bc9d18953c0, fat_cubin_handle = 2
Warning: cannot find deviceFun __nv_static_44__570e7b9d_22_cuda_device_runtime_cu_8b1a5d37__Z16memset_3d_deviceImLi0ELi1ELi1EEvPhhjT_S1_S1_S1_S1_jjjjjjjS1_S0_
GPGPU-Sim PTX: __cudaRegisterFunction __nv_static_44__570e7b9d_22_cuda_device_runtime_cu_8b1a5d37__Z16memset_3d_deviceImLi0ELi1ELi0EEvPhhjT_S1_S1_S1_S1_jjjjjjjS1_S0_ : hostFun 0x0x5bc9d1895170, fat_cubin_handle = 2
Warning: cannot find deviceFun __nv_static_44__570e7b9d_22_cuda_device_runtime_cu_8b1a5d37__Z16memset_3d_deviceImLi0ELi1ELi0EEvPhhjT_S1_S1_S1_S1_jjjjjjjS1_S0_
GPGPU-Sim PTX: __cudaRegisterFunction __nv_static_44__570e7b9d_22_cuda_device_runtime_cu_8b1a5d37__Z16memset_3d_deviceImLi0ELi0ELi1EEvPhhjT_S1_S1_S1_S1_jjjjjjjS1_S0_ : hostFun 0x0x5bc9d1894f20, fat_cubin_handle = 2
Warning: cannot find deviceFun __nv_static_44__570e7b9d_22_cuda_device_runtime_cu_8b1a5d37__Z16memset_3d_deviceImLi0ELi0ELi1EEvPhhjT_S1_S1_S1_S1_jjjjjjjS1_S0_
GPGPU-Sim PTX: __cudaRegisterFunction __nv_static_44__570e7b9d_22_cuda_device_runtime_cu_8b1a5d37__Z16memset_3d_deviceImLi0ELi0ELi0EEvPhhjT_S1_S1_S1_S1_jjjjjjjS1_S0_ : hostFun 0x0x5bc9d1894cd0, fat_cubin_handle = 2
Warning: cannot find deviceFun __nv_static_44__570e7b9d_22_cuda_device_runtime_cu_8b1a5d37__Z16memset_3d_deviceImLi0ELi0ELi0EEvPhhjT_S1_S1_S1_S1_jjjjjjjS1_S0_
GPGPU-Sim PTX: __cudaRegisterFunction __nv_static_44__570e7b9d_22_cuda_device_runtime_cu_8b1a5d37__Z16memset_3d_deviceIjLi1ELi1ELi1EEvPhhjT_S1_S1_S1_S1_jjjjjjjS1_S0_ : hostFun 0x0x5bc9d1894ab0, fat_cubin_handle = 2
Warning: cannot find deviceFun __nv_static_44__570e7b9d_22_cuda_device_runtime_cu_8b1a5d37__Z16memset_3d_deviceIjLi1ELi1ELi1EEvPhhjT_S1_S1_S1_S1_jjjjjjjS1_S0_
GPGPU-Sim PTX: __cudaRegisterFunction __nv_static_44__570e7b9d_22_cuda_device_runtime_cu_8b1a5d37__Z16memset_3d_deviceIjLi1ELi1ELi0EEvPhhjT_S1_S1_S1_S1_jjjjjjjS1_S0_ : hostFun 0x0x5bc9d1894890, fat_cubin_handle = 2
Warning: cannot find deviceFun __nv_static_44__570e7b9d_22_cuda_device_runtime_cu_8b1a5d37__Z16memset_3d_deviceIjLi1ELi1ELi0EEvPhhjT_S1_S1_S1_S1_jjjjjjjS1_S0_
GPGPU-Sim PTX: __cudaRegisterFunction __nv_static_44__570e7b9d_22_cuda_device_runtime_cu_8b1a5d37__Z16memset_3d_deviceIjLi1ELi0ELi1EEvPhhjT_S1_S1_S1_S1_jjjjjjjS1_S0_ : hostFun 0x0x5bc9d1894670, fat_cubin_handle = 2
Warning: cannot find deviceFun __nv_static_44__570e7b9d_22_cuda_device_runtime_cu_8b1a5d37__Z16memset_3d_deviceIjLi1ELi0ELi1EEvPhhjT_S1_S1_S1_S1_jjjjjjjS1_S0_
GPGPU-Sim PTX: __cudaRegisterFunction __nv_static_44__570e7b9d_22_cuda_device_runtime_cu_8b1a5d37__Z16memset_3d_deviceIjLi1ELi0ELi0EEvPhhjT_S1_S1_S1_S1_jjjjjjjS1_S0_ : hostFun 0x0x5bc9d1894450, fat_cubin_handle = 2
Warning: cannot find deviceFun __nv_static_44__570e7b9d_22_cuda_device_runtime_cu_8b1a5d37__Z16memset_3d_deviceIjLi1ELi0ELi0EEvPhhjT_S1_S1_S1_S1_jjjjjjjS1_S0_
GPGPU-Sim PTX: __cudaRegisterFunction __nv_static_44__570e7b9d_22_cuda_device_runtime_cu_8b1a5d37__Z16memset_3d_deviceIjLi0ELi1ELi1EEvPhhjT_S1_S1_S1_S1_jjjjjjjS1_S0_ : hostFun 0x0x5bc9d1894230, fat_cubin_handle = 2
Warning: cannot find deviceFun __nv_static_44__570e7b9d_22_cuda_device_runtime_cu_8b1a5d37__Z16memset_3d_deviceIjLi0ELi1ELi1EEvPhhjT_S1_S1_S1_S1_jjjjjjjS1_S0_
GPGPU-Sim PTX: __cudaRegisterFunction __nv_static_44__570e7b9d_22_cuda_device_runtime_cu_8b1a5d37__Z16memset_3d_deviceIjLi0ELi1ELi0EEvPhhjT_S1_S1_S1_S1_jjjjjjjS1_S0_ : hostFun 0x0x5bc9d1894010, fat_cubin_handle = 2
Warning: cannot find deviceFun __nv_static_44__570e7b9d_22_cuda_device_runtime_cu_8b1a5d37__Z16memset_3d_deviceIjLi0ELi1ELi0EEvPhhjT_S1_S1_S1_S1_jjjjjjjS1_S0_
GPGPU-Sim PTX: __cudaRegisterFunction __nv_static_44__570e7b9d_22_cuda_device_runtime_cu_8b1a5d37__Z16memset_3d_deviceIjLi0ELi0ELi1EEvPhhjT_S1_S1_S1_S1_jjjjjjjS1_S0_ : hostFun 0x0x5bc9d1893df0, fat_cubin_handle = 2
Warning: cannot find deviceFun __nv_static_44__570e7b9d_22_cuda_device_runtime_cu_8b1a5d37__Z16memset_3d_deviceIjLi0ELi0ELi1EEvPhhjT_S1_S1_S1_S1_jjjjjjjS1_S0_
GPGPU-Sim PTX: __cudaRegisterFunction __nv_static_44__570e7b9d_22_cuda_device_runtime_cu_8b1a5d37__Z16memset_3d_deviceIjLi0ELi0ELi0EEvPhhjT_S1_S1_S1_S1_jjjjjjjS1_S0_ : hostFun 0x0x5bc9d1893bd0, fat_cubin_handle = 2
Warning: cannot find deviceFun __nv_static_44__570e7b9d_22_cuda_device_runtime_cu_8b1a5d37__Z16memset_3d_deviceIjLi0ELi0ELi0EEvPhhjT_S1_S1_S1_S1_jjjjjjjS1_S0_
GPGPU-Sim PTX: __cudaRegisterVar: hostVar = 0x5bc9d198d1a0; deviceAddress = __nv_static_44__570e7b9d_22_cuda_device_runtime_cu_8b1a5d37_set_kernel32; deviceName = __nv_static_44__570e7b9d_22_cuda_device_runtime_cu_8b1a5d37_set_kernel32
GPGPU-Sim PTX: __cudaRegisterVar: Registering const memory space of 64 bytes
GPGPU-Sim PTX registering global __nv_static_44__570e7b9d_22_cuda_device_runtime_cu_8b1a5d37_set_kernel32 hostVar to name mapping
GPGPU-Sim PTX: __cudaRegisterVar: hostVar = 0x5bc9d198d160; deviceAddress = __nv_static_44__570e7b9d_22_cuda_device_runtime_cu_8b1a5d37_set_kernel64; deviceName = __nv_static_44__570e7b9d_22_cuda_device_runtime_cu_8b1a5d37_set_kernel64
GPGPU-Sim PTX: __cudaRegisterVar: Registering const memory space of 64 bytes
GPGPU-Sim PTX registering global __nv_static_44__570e7b9d_22_cuda_device_runtime_cu_8b1a5d37_set_kernel64 hostVar to name mapping
GPGPU-Sim PTX: __cudaRegisterVar: hostVar = 0x5bc9d198d120; deviceAddress = __nv_static_44__570e7b9d_22_cuda_device_runtime_cu_8b1a5d37_cpy_kernel32; deviceName = __nv_static_44__570e7b9d_22_cuda_device_runtime_cu_8b1a5d37_cpy_kernel32
GPGPU-Sim PTX: __cudaRegisterVar: Registering const memory space of 64 bytes
GPGPU-Sim PTX registering global __nv_static_44__570e7b9d_22_cuda_device_runtime_cu_8b1a5d37_cpy_kernel32 hostVar to name mapping
GPGPU-Sim PTX: __cudaRegisterVar: hostVar = 0x5bc9d198d0e0; deviceAddress = __nv_static_44__570e7b9d_22_cuda_device_runtime_cu_8b1a5d37_cpy_kernel64; deviceName = __nv_static_44__570e7b9d_22_cuda_device_runtime_cu_8b1a5d37_cpy_kernel64
GPGPU-Sim PTX: __cudaRegisterVar: Registering const memory space of 64 bytes
GPGPU-Sim PTX registering global __nv_static_44__570e7b9d_22_cuda_device_runtime_cu_8b1a5d37_cpy_kernel64 hostVar to name mapping
GPGPU-Sim PTX: __cudaRegisterVar: hostVar = 0x5bc9d198c0a0; deviceAddress = __nv_static_44__570e7b9d_22_cuda_device_runtime_cu_8b1a5d37_cudartErrorTableArr; deviceName = __nv_static_44__570e7b9d_22_cuda_device_runtime_cu_8b1a5d37_cudartErrorTableArr
GPGPU-Sim PTX: __cudaRegisterVar: Registering const memory space of 3000 bytes
GPGPU-Sim PTX registering global __nv_static_44__570e7b9d_22_cuda_device_runtime_cu_8b1a5d37_cudartErrorTableArr hostVar to name mapping
GPGPU-Sim PTX: __cudaRegisterVar: hostVar = 0x5bc9d198d0d0; deviceAddress = cudartErrorTable; deviceName = cudartErrorTable
GPGPU-Sim PTX: __cudaRegisterVar: Registering const memory space of 8 bytes
GPGPU-Sim PTX registering global cudartErrorTable hostVar to name mapping
GPGPU-Sim PTX: __cudaRegisterVar: hostVar = 0x5bc9d189dba8; deviceAddress = cudartErrorTableEntryCount; deviceName = cudartErrorTableEntryCount
GPGPU-Sim PTX: __cudaRegisterVar: Registering const memory space of 4 bytes
GPGPU-Sim PTX registering global cudartErrorTableEntryCount hostVar to name mapping
GPGPU-Sim PTX: __cudaRegisterVar: hostVar = 0x5bc9d189db40; deviceAddress = __nv_static_44__570e7b9d_22_cuda_device_runtime_cu_8b1a5d37_cudartErrorCnpMapArr; deviceName = __nv_static_44__570e7b9d_22_cuda_device_runtime_cu_8b1a5d37_cudartErrorCnpMapArr
GPGPU-Sim PTX: __cudaRegisterVar: Registering const memory space of 104 bytes
GPGPU-Sim PTX registering global __nv_static_44__570e7b9d_22_cuda_device_runtime_cu_8b1a5d37_cudartErrorCnpMapArr hostVar to name mapping
GPGPU-Sim PTX: __cudaRegisterVar: hostVar = 0x5bc9d198d0c8; deviceAddress = cudartErrorCnpMap; deviceName = cudartErrorCnpMap
GPGPU-Sim PTX: __cudaRegisterVar: Registering const memory space of 8 bytes
GPGPU-Sim PTX registering global cudartErrorCnpMap hostVar to name mapping
GPGPU-Sim PTX: __cudaRegisterVar: hostVar = 0x5bc9d189db20; deviceAddress = cudartErrorCnpMapEntryCount; deviceName = cudartErrorCnpMapEntryCount
GPGPU-Sim PTX: __cudaRegisterVar: Registering const memory space of 4 bytes
GPGPU-Sim PTX registering global cudartErrorCnpMapEntryCount hostVar to name mapping
GPGPU-Sim PTX: __cudaRegisterVar: hostVar = 0x5bc9d198d0c0; deviceAddress = __CNPRT_VERSION_NUMBER__; deviceName = __CNPRT_VERSION_NUMBER__
GPGPU-Sim PTX: __cudaRegisterVar: Registering const memory space of 4 bytes
GPGPU-Sim PTX registering global __CNPRT_VERSION_NUMBER__ hostVar to name mapping
GPGPU-Sim PTX: Setting up arguments for 8 bytes starting at 0x7ffec7c3e4b8..
GPGPU-Sim PTX: Setting up arguments for 8 bytes starting at 0x7ffec7c3e4b0..
GPGPU-Sim PTX: Setting up arguments for 8 bytes starting at 0x7ffec7c3e4a8..
GPGPU-Sim PTX: Setting up arguments for 8 bytes starting at 0x7ffec7c3e4a0..
GPGPU-Sim PTX: Setting up arguments for 4 bytes starting at 0x7ffec7c3e49c..
GPGPU-Sim PTX: Setting up arguments for 4 bytes starting at 0x7ffec7c3e498..

GPGPU-Sim PTX: cudaLaunch for 0x0x5bc9d1892770 (mode=performance simulation) on stream 0
GPGPU-Sim PTX: finding reconvergence points for '_Z10sv_outputsPKfS0_S0_Pfii'...
GPGPU-Sim PTX: Finding dominators for '_Z10sv_outputsPKfS0_S0_Pfii'...
GPGPU-Sim PTX: Finding immediate dominators for '_Z10sv_outputsPKfS0_S0_Pfii'...
GPGPU-Sim PTX: Finding postdominators for '_Z10sv_outputsPKfS0_S0_Pfii'...
GPGPU-Sim PTX: Finding immediate postdominators for '_Z10sv_outputsPKfS0_S0_Pfii'...
GPGPU-Sim PTX: pre-decoding instructions for '_Z10sv_outputsPKfS0_S0_Pfii'...
GPGPU-Sim PTX: reconvergence points for _Z10sv_outputsPKfS0_S0_Pfii...
GPGPU-Sim PTX:  1 (potential) branch divergence @  PC=0x1040 (mlx_attention_proxy.1.sm_70.ptx:706) @%p1 bra $L__BB4_9;
GPGPU-Sim PTX:    immediate post dominator      @  PC=0x1200 (mlx_attention_proxy.1.sm_70.ptx:777) ret;
GPGPU-Sim PTX:  2 (potential) branch divergence @  PC=0x1058 (mlx_attention_proxy.1.sm_70.ptx:710) @%p2 bra $L__BB4_8;
GPGPU-Sim PTX:    immediate post dominator      @  PC=0x11c8 (mlx_attention_proxy.1.sm_70.ptx:768) cvta.to.global.u64 %rd22, %rd14;
GPGPU-Sim PTX:  3 (potential) branch divergence @  PC=0x1088 (mlx_attention_proxy.1.sm_70.ptx:717) @%p3 bra $L__BB4_5;
GPGPU-Sim PTX:    immediate post dominator      @  PC=0x1150 (mlx_attention_proxy.1.sm_70.ptx:747) setp.eq.s32 %p5, %r24, 0;
GPGPU-Sim PTX:  4 (potential) branch divergence @  PC=0x1148 (mlx_attention_proxy.1.sm_70.ptx:744) @%p4 bra $L__BB4_4;
GPGPU-Sim PTX:    immediate post dominator      @  PC=0x1150 (mlx_attention_proxy.1.sm_70.ptx:747) setp.eq.s32 %p5, %r24, 0;
GPGPU-Sim PTX:  5 (potential) branch divergence @  PC=0x1158 (mlx_attention_proxy.1.sm_70.ptx:748) @%p5 bra $L__BB4_8;
GPGPU-Sim PTX:    immediate post dominator      @  PC=0x11c8 (mlx_attention_proxy.1.sm_70.ptx:768) cvta.to.global.u64 %rd22, %rd14;
GPGPU-Sim PTX:  6 (potential) branch divergence @  PC=0x11c0 (mlx_attention_proxy.1.sm_70.ptx:765) @%p6 bra $L__BB4_7;
GPGPU-Sim PTX:    immediate post dominator      @  PC=0x11c8 (mlx_attention_proxy.1.sm_70.ptx:768) cvta.to.global.u64 %rd22, %rd14;
GPGPU-Sim PTX: ... end of reconvergence points for _Z10sv_outputsPKfS0_S0_Pfii
GPGPU-Sim PTX: ... done pre-decoding instructions for '_Z10sv_outputsPKfS0_S0_Pfii'.
GPGPU-Sim PTX: pushing kernel '_Z10sv_outputsPKfS0_S0_Pfii' to stream 0, gridDim= (512,1,1) blockDim = (128,1,1) 
GPGPU-Sim uArch: Shader 0 bind to kernel 1 '_Z10sv_outputsPKfS0_S0_Pfii'
GPGPU-Sim uArch: CTA/core = 16, limited by: threads
GPGPU-Sim: Reconfigure L1 cache to 128KB
GPGPU-Sim uArch: Shader 1 bind to kernel 1 '_Z10sv_outputsPKfS0_S0_Pfii'
GPGPU-Sim uArch: Shader 2 bind to kernel 1 '_Z10sv_outputsPKfS0_S0_Pfii'
GPGPU-Sim uArch: Shader 3 bind to kernel 1 '_Z10sv_outputsPKfS0_S0_Pfii'
GPGPU-Sim uArch: Shader 4 bind to kernel 1 '_Z10sv_outputsPKfS0_S0_Pfii'
GPGPU-Sim uArch: Shader 5 bind to kernel 1 '_Z10sv_outputsPKfS0_S0_Pfii'
GPGPU-Sim uArch: Shader 6 bind to kernel 1 '_Z10sv_outputsPKfS0_S0_Pfii'
GPGPU-Sim uArch: Shader 7 bind to kernel 1 '_Z10sv_outputsPKfS0_S0_Pfii'
Destroy streams for kernel 1: size 0
kernel_name = _Z10sv_outputsPKfS0_S0_Pfii 
kernel_launch_uid = 1 
kernel_stream_id = 0
gpu_sim_cycle = 1294199
gpu_sim_insn = 40042496
gpu_ipc =      30.9400
gpu_tot_sim_cycle = 1294199
gpu_tot_sim_insn = 40042496
gpu_tot_ipc =      30.9400
gpu_tot_issued_cta = 512
gpu_occupancy = 98.5817% 
gpu_tot_occupancy = 98.5817% 
max_total_param_size = 0
gpu_stall_dramfull = 0
gpu_stall_icnt2sh    = 0
partiton_level_parallism =       6.1766
partiton_level_parallism_total  =       6.1766
partiton_level_parallism_util =       6.1855
partiton_level_parallism_util_total  =       6.1855
L2_BW  =     272.1674 GB/Sec
L2_BW_total  =     272.1674 GB/Sec
gpu_total_sim_rate=95112

========= Core cache stats =========
L1I_cache:
	L1I_total_cache_accesses = 0
	L1I_total_cache_misses = 0
	L1I_total_cache_pending_hits = 0
	L1I_total_cache_reservation_fails = 0
L1D_cache:
	L1D_cache_core[0]: Access = 1082624, Miss = 1002833, Miss_rate = 0.926, Pending_hits = 13140, Reservation_fails = 456694
	L1D_cache_core[1]: Access = 1082624, Miss = 1006809, Miss_rate = 0.930, Pending_hits = 14650, Reservation_fails = 468880
	L1D_cache_core[2]: Access = 1082624, Miss = 1000366, Miss_rate = 0.924, Pending_hits = 13827, Reservation_fails = 463218
	L1D_cache_core[3]: Access = 1082624, Miss = 1004443, Miss_rate = 0.928, Pending_hits = 14454, Reservation_fails = 482762
	L1D_cache_core[4]: Access = 1082624, Miss = 980890, Miss_rate = 0.906, Pending_hits = 12637, Reservation_fails = 433035
	L1D_cache_core[5]: Access = 1082624, Miss = 997191, Miss_rate = 0.921, Pending_hits = 13705, Reservation_fails = 443850
	L1D_cache_core[6]: Access = 1082624, Miss = 1006527, Miss_rate = 0.930, Pending_hits = 14937, Reservation_fails = 491680
	L1D_cache_core[7]: Access = 1082624, Miss = 994741, Miss_rate = 0.919, Pending_hits = 13674, Reservation_fails = 454565
	L1D_total_cache_accesses = 8660992
	L1D_total_cache_misses = 7993800
	L1D_total_cache_miss_rate = 0.9230
	L1D_total_cache_pending_hits = 111024
	L1D_total_cache_reservation_fails = 3694684
	L1D_cache_data_port_util = 0.054
	L1D_cache_fill_port_util = 0.778
L1C_cache:
	L1C_total_cache_accesses = 0
	L1C_total_cache_misses = 0
	L1C_total_cache_pending_hits = 0
	L1C_total_cache_reservation_fails = 0
L1T_cache:
	L1T_total_cache_accesses = 0
	L1T_total_cache_misses = 0
	L1T_total_cache_pending_hits = 0
	L1T_total_cache_reservation_fails = 0

Total_core_cache_stats:
	Total_core_cache_stats_breakdown[GLOBAL_ACC_R][HIT] = 556168
	Total_core_cache_stats_breakdown[GLOBAL_ACC_R][HIT_RESERVED] = 111024
	Total_core_cache_stats_breakdown[GLOBAL_ACC_R][MISS] = 7963357
	Total_core_cache_stats_breakdown[GLOBAL_ACC_R][RESERVATION_FAIL] = 3693121
	Total_core_cache_stats_breakdown[GLOBAL_ACC_R][SECTOR_MISS] = 22251
	Total_core_cache_stats_breakdown[GLOBAL_ACC_R][MSHR_HIT] = 111024
	Total_core_cache_stats_breakdown[LOCAL_ACC_R][HIT] = 0
	Total_core_cache_stats_breakdown[LOCAL_ACC_R][HIT_RESERVED] = 0
	Total_core_cache_stats_breakdown[LOCAL_ACC_R][MISS] = 0
	Total_core_cache_stats_breakdown[LOCAL_ACC_R][RESERVATION_FAIL] = 0
	Total_core_cache_stats_breakdown[LOCAL_ACC_R][SECTOR_MISS] = 0
	Total_core_cache_stats_breakdown[LOCAL_ACC_R][MSHR_HIT] = 0
	Total_core_cache_stats_breakdown[CONST_ACC_R][HIT] = 0
	Total_core_cache_stats_breakdown[CONST_ACC_R][HIT_RESERVED] = 0
	Total_core_cache_stats_breakdown[CONST_ACC_R][MISS] = 0
	Total_core_cache_stats_breakdown[CONST_ACC_R][RESERVATION_FAIL] = 0
	Total_core_cache_stats_breakdown[CONST_ACC_R][SECTOR_MISS] = 0
	Total_core_cache_stats_breakdown[CONST_ACC_R][MSHR_HIT] = 0
	Total_core_cache_stats_breakdown[TEXTURE_ACC_R][HIT] = 0
	Total_core_cache_stats_breakdown[TEXTURE_ACC_R][HIT_RESERVED] = 0
	Total_core_cache_stats_breakdown[TEXTURE_ACC_R][MISS] = 0
	Total_core_cache_stats_breakdown[TEXTURE_ACC_R][RESERVATION_FAIL] = 0
	Total_core_cache_stats_breakdown[TEXTURE_ACC_R][SECTOR_MISS] = 0
	Total_core_cache_stats_breakdown[TEXTURE_ACC_R][MSHR_HIT] = 0
	Total_core_cache_stats_breakdown[GLOBAL_ACC_W][HIT] = 0
	Total_core_cache_stats_breakdown[GLOBAL_ACC_W][HIT_RESERVED] = 0
	Total_core_cache_stats_breakdown[GLOBAL_ACC_W][MISS] = 2048
	Total_core_cache_stats_breakdown[GLOBAL_ACC_W][RESERVATION_FAIL] = 1563
	Total_core_cache_stats_breakdown[GLOBAL_ACC_W][SECTOR_MISS] = 6144
	Total_core_cache_stats_breakdown[GLOBAL_ACC_W][MSHR_HIT] = 0
	Total_core_cache_stats_breakdown[LOCAL_ACC_W][HIT] = 0
	Total_core_cache_stats_breakdown[LOCAL_ACC_W][HIT_RESERVED] = 0
	Total_core_cache_stats_breakdown[LOCAL_ACC_W][MISS] = 0
	Total_core_cache_stats_breakdown[LOCAL_ACC_W][RESERVATION_FAIL] = 0
	Total_core_cache_stats_breakdown[LOCAL_ACC_W][SECTOR_MISS] = 0
	Total_core_cache_stats_breakdown[LOCAL_ACC_W][MSHR_HIT] = 0
	Total_core_cache_stats_breakdown[L1_WRBK_ACC][HIT] = 0
	Total_core_cache_stats_breakdown[L1_WRBK_ACC][HIT_RESERVED] = 0
	Total_core_cache_stats_breakdown[L1_WRBK_ACC][MISS] = 0
	Total_core_cache_stats_breakdown[L1_WRBK_ACC][RESERVATION_FAIL] = 0
	Total_core_cache_stats_breakdown[L1_WRBK_ACC][SECTOR_MISS] = 0
	Total_core_cache_stats_breakdown[L1_WRBK_ACC][MSHR_HIT] = 0
	Total_core_cache_stats_breakdown[L2_WRBK_ACC][HIT] = 0
	Total_core_cache_stats_breakdown[L2_WRBK_ACC][HIT_RESERVED] = 0
	Total_core_cache_stats_breakdown[L2_WRBK_ACC][MISS] = 0
	Total_core_cache_stats_breakdown[L2_WRBK_ACC][RESERVATION_FAIL] = 0
	Total_core_cache_stats_breakdown[L2_WRBK_ACC][SECTOR_MISS] = 0
	Total_core_cache_stats_breakdown[L2_WRBK_ACC][MSHR_HIT] = 0
	Total_core_cache_stats_breakdown[INST_ACC_R][HIT] = 0
	Total_core_cache_stats_breakdown[INST_ACC_R][HIT_RESERVED] = 0
	Total_core_cache_stats_breakdown[INST_ACC_R][MISS] = 0
	Total_core_cache_stats_breakdown[INST_ACC_R][RESERVATION_FAIL] = 0
	Total_core_cache_stats_breakdown[INST_ACC_R][SECTOR_MISS] = 0
	Total_core_cache_stats_breakdown[INST_ACC_R][MSHR_HIT] = 0
	Total_core_cache_stats_breakdown[L1_WR_ALLOC_R][HIT] = 0
	Total_core_cache_stats_breakdown[L1_WR_ALLOC_R][HIT_RESERVED] = 0
	Total_core_cache_stats_breakdown[L1_WR_ALLOC_R][MISS] = 0
	Total_core_cache_stats_breakdown[L1_WR_ALLOC_R][RESERVATION_FAIL] = 0
	Total_core_cache_stats_breakdown[L1_WR_ALLOC_R][SECTOR_MISS] = 0
	Total_core_cache_stats_breakdown[L1_WR_ALLOC_R][MSHR_HIT] = 0
	Total_core_cache_stats_breakdown[L2_WR_ALLOC_R][HIT] = 0
	Total_core_cache_stats_breakdown[L2_WR_ALLOC_R][HIT_RESERVED] = 0
	Total_core_cache_stats_breakdown[L2_WR_ALLOC_R][MISS] = 0
	Total_core_cache_stats_breakdown[L2_WR_ALLOC_R][RESERVATION_FAIL] = 0
	Total_core_cache_stats_breakdown[L2_WR_ALLOC_R][SECTOR_MISS] = 0
	Total_core_cache_stats_breakdown[L2_WR_ALLOC_R][MSHR_HIT] = 0
	Total_core_cache_stats_breakdown[GLOBAL_ACC_R][TOTAL_ACCESS] = 8652800
	Total_core_cache_stats_breakdown[GLOBAL_ACC_W][TOTAL_ACCESS] = 8192

Total_core_cache_fail_stats:
	Total_core_cache_fail_stats_breakdown[GLOBAL_ACC_R][LINE_ALLOC_FAIL] = 3230218
	Total_core_cache_fail_stats_breakdown[GLOBAL_ACC_R][MISS_QUEUE_FULL] = 6838
	Total_core_cache_fail_stats_breakdown[GLOBAL_ACC_R][MSHR_MERGE_ENRTY_FAIL] = 456065
	Total_core_cache_fail_stats_breakdown[GLOBAL_ACC_W][LINE_ALLOC_FAIL] = 689
	Total_core_cache_fail_stats_breakdown[GLOBAL_ACC_W][MISS_QUEUE_FULL] = 874
ctas_completed 512, Shader 0 warp_id issue ditsribution:
warp_id:
0, 1, 2, 3, 4, 5, 6, 7, 8, 9, 10, 11, 12, 13, 14, 15, 16, 17, 18, 19, 20, 21, 22, 23, 24, 25, 26, 27, 28, 29, 30, 31, 32, 33, 34, 35, 36, 37, 38, 39, 40, 41, 42, 43, 44, 45, 46, 47, 48, 49, 50, 51, 52, 53, 54, 55, 56, 57, 58, 59, 60, 61, 62, 63, 
distro:
2460, 2460, 2460, 2460, 2460, 2460, 2460, 2460, 2460, 2460, 2460, 2460, 2460, 2460, 2460, 2460, 2460, 2460, 2460, 2460, 2460, 2460, 2460, 2460, 2460, 2460, 2460, 2460, 2460, 2460, 2460, 2460, 2460, 2460, 2460, 2460, 2460, 2460, 2460, 2460, 2460, 2460, 2460, 2460, 2460, 2460, 2460, 2460, 2460, 2460, 2460, 2460, 2460, 2460, 2460, 2460, 2460, 2460, 2460, 2460, 2460, 2460, 2460, 2460, 
gpgpu_n_tot_thrd_icount = 40304640
gpgpu_n_tot_w_icount = 1259520
gpgpu_n_stall_shd_mem = 9715786
gpgpu_n_mem_read_local = 0
gpgpu_n_mem_write_local = 0
gpgpu_n_mem_read_global = 7985608
gpgpu_n_mem_write_global = 8192
gpgpu_n_mem_texture = 0
gpgpu_n_mem_const = 0
gpgpu_n_load_insn  = 16842752
gpgpu_n_store_insn = 65536
gpgpu_n_shmem_insn = 0
gpgpu_n_sstarr_insn = 0
gpgpu_n_tex_insn = 0
gpgpu_n_const_mem_insn = 0
gpgpu_n_param_mem_insn = 393216
gpgpu_n_shmem_bkconflict = 0
gpgpu_n_l1cache_bkconflict = 9715786
gpgpu_n_intrawarp_mshr_merge = 0
gpgpu_n_cmem_portconflict = 0
gpgpu_stall_shd_mem[c_mem][resource_stall] = 0
gpgpu_stall_shd_mem[s_mem][bk_conf] = 0
gpgpu_stall_shd_mem[gl_mem][resource_stall] = 9715786
gpgpu_stall_shd_mem[gl_mem][coal_stall] = 0
gpgpu_stall_shd_mem[gl_mem][data_port_stall] = 0
gpu_reg_bank_conflict_stalls = 0
Warp Occupancy Distribution:
Stall:39727757	W0_Idle:16562	W0_Scoreboard:68633	W1:0	W2:0	W3:0	W4:0	W5:0	W6:0	W7:0	W8:0	W9:0	W10:0	W11:0	W12:0	W13:0	W14:0	W15:0	W16:0	W17:0	W18:0	W19:0	W20:0	W21:0	W22:0	W23:0	W24:0	W25:0	W26:0	W27:0	W28:0	W29:0	W30:0	W31:0	W32:1259520
single_issue_nums: WS0:314880	WS1:314880	WS2:314880	WS3:314880	
dual_issue_nums: WS0:0	WS1:0	WS2:0	WS3:0	
traffic_breakdown_coretomem[GLOBAL_ACC_R] = 63884864 {8:7985608,}
traffic_breakdown_coretomem[GLOBAL_ACC_W] = 327680 {40:8192,}
traffic_breakdown_memtocore[GLOBAL_ACC_R] = 319424320 {40:7985608,}
traffic_breakdown_memtocore[GLOBAL_ACC_W] = 65536 {8:8192,}
maxmflatency = 2189 
max_icnt2mem_latency = 1875 
maxmrqlatency = 87 
max_icnt2sh_latency = 828 
averagemflatency = 319 
avg_icnt2mem_latency = 29 
avg_mrq_latency = 1 
avg_icnt2sh_latency = 100 
mrq_lat_table:1481285 	192107 	34372 	39213 	47114 	5173 	87 	0 	0 	0 	0 	0 	0 	0 	0 	0 	0 	0 	0 	0 	0 	0 	0 	0 	0 	0 	0 	0 	0 	0 	0 	0 	
dq_lat_table:0 	0 	0 	0 	0 	0 	0 	0 	0 	0 	0 	0 	0 	0 	0 	0 	0 	0 	0 	0 	0 	0 	0 	0 	0 	0 	0 	0 	0 	0 	0 	0 	
mf_lat_table:0 	0 	0 	0 	0 	0 	0 	2561690 	5083101 	348423 	579 	7 	0 	0 	0 	0 	0 	0 	0 	0 	0 	0 	0 	0 	0 	0 	0 	0 	0 	0 	0 	0 	
icnt2mem_lat_table:0 	0 	0 	0 	6683491 	1105251 	134111 	57926 	11791 	1171 	59 	0 	0 	0 	0 	0 	0 	0 	0 	0 	0 	0 	0 	0 	
icnt2sh_lat_table:0 	301594 	316348 	498669 	839470 	1288195 	2138044 	2227107 	377497 	6876 	0 	0 	0 	0 	0 	0 	0 	0 	0 	0 	0 	0 	0 	0 	
mf_lat_pw_table:0 	0 	0 	0 	0 	0 	0 	25 	2561 	0 	0 	0 	0 	0 	0 	0 	0 	0 	0 	0 	0 	0 	0 	0 	0 	0 	0 	0 	0 	0 	0 	0 	
maximum concurrent accesses to same row:
dram[0]:         4         4         4         4         4         4         4         4         4         4         6         6         4         4         4         4 
dram[1]:         4         4         4         4         4         4         4         4         4         4         4         4         4         4         6         6 
dram[2]:         4         4         4         4         4         4         4         4         4         4         4         6         5         4         4         4 
dram[3]:         4         4         4         4         4         5         4         4         4         4         4         4         4         4         6         5 
dram[4]:         4         4         4         4         4         4         4         4         4         4         6         6         4         4         4         4 
dram[5]:         4         4         4         4         4         4         4         4         4         4         4         4         4         4         6         6 
dram[6]:         4         4         4         4         4         4         4         4         4         4         5         6         4         4         4         4 
dram[7]:         4         4         4         4         4         4         4         4         4         4         4         4         4         4         6         5 
dram[8]:         4         4         4         4         4         4         4         4         4         4         6         6         4         4         4         4 
dram[9]:         4         4         4         4         4         4         4         4         4         4         4         4         4         4         6         5 
dram[10]:         4         4         4         4         4         4         4         4         4         4         6         6         4         4         4         4 
dram[11]:         4         4         4         4         4         4         4         4         4         4         4         4         4         4         6         6 
dram[12]:         4         4         4         4         4         4         4         4         4         4         5         6         4         4         4         4 
dram[13]:         4         4         4         4         4         4         4         4         4         4         4         4         4         4         6         6 
dram[14]:         4         4         4         4         4         4         4         4         4         4         6         6         4         4         4         4 
dram[15]:         4         4         4         4         4         4         4         4         4         4         4         4         4         4         6         6 
maximum service time to same row:
dram[0]:      3195      2760      4422      3370      3738      3722      4357      4355      5575      5577      6087      6102      3510      3672      3728      3359 
dram[1]:      3581      3588      5009      6053      3865      4247      3942      3929      3341      4508      4302      4273      5552      4326      3805      3721 
dram[2]:      3197      2978      4422      4422      4608      4532      4357      4357      5575      5575      5754      6101      3650      3674      3727      3741 
dram[3]:      3588      3587      6052      6051      4266      3608      3849      3952      4508      4508      3912      4284      4373      5568      3804      3789 
dram[4]:      3199      3215      3481      4422      5066      3450      4353      5398      5573      5573      6083      6098      3592      6160      3727      3745 
dram[5]:      3585      3585      6056      6056      4262      4242      3896      3896      4503      4504      4264      4994      5546      5562      3723      3791 
dram[6]:      2783      3217      4422      4422      3733      3716      4353      4355      5570      5014      6081      6096      3513      3670      3727      3741 
dram[7]:      3585      3585      6056      4648      4262      4243      3943      3854      4503      4504      4272      4284      4231      5564      3719      3787 
dram[8]:      3194      3210      4905      4428      3443      5069      4349      4348      5585      4496      6088      6102      3643      3681      3717      3734 
dram[9]:      3599      3595      6053      7189      4286      3322      3892      3896      4508      4508      4253      4275      5550      5561      3804      3790 
dram[10]:      3198      3213      4430      3492      5071      3712      4349      2951      5583      5583      6084      6100      3588      3588      3716      3734 
dram[11]:      3597      3581      6051      6053      4276      4260      3893      3944      4506      4508      4256      4870      5550      4322      3803      3788 
dram[12]:      2975      3216      4430      3705      5074      4913      4343      4344      5581      5413      6084      6098      3639      3534      3761      3736 
dram[13]:      3592      3592      6057      6056      4269      4435      3896      3853      4504      4504      4610      4375      4206      5556      3730      3729 
dram[14]:      2976      3216      3488      4432      3724      5077      4346      4346      5579      5579      6080      6098      3641      3675      3719      3734 
dram[15]:      3583      3590      6055      6056      3353      4255      3936      3943      4502      3727      4262      4953      5547      5557      3727      3788 
average row accesses per activate:
dram[0]:  1.888948  1.902327  1.896514  1.902003  1.913553  1.913281  1.895305  1.905369  1.924904  1.915512  1.888859  1.904039  1.900891  1.912571  1.900650  1.920492 
dram[1]:  1.891188  1.908819  1.911526  1.908551  1.914309  1.908696  1.921139  1.904516  1.911876  1.914628  1.899729  1.892934  1.899784  1.909091  1.908476  1.913292 
dram[2]:  1.896999  1.895220  1.906939  1.906326  1.916712  1.910452  1.897297  1.897810  1.917823  1.917461  1.897457  1.902254  1.911909  1.915895  1.895918  1.910305 
dram[3]:  1.895777  1.913388  1.890466  1.914293  1.918006  1.921103  1.929733  1.928198  1.912571  1.914876  1.891287  1.894480  1.905946  1.909805  1.917279  1.918617 
dram[4]:  1.895007  1.900189  1.903200  1.899810  1.906598  1.895805  1.901408  1.908499  1.914720  1.922574  1.897755  1.921175  1.885378  1.913765  1.896757  1.905435 
dram[5]:  1.890566  1.912664  1.902321  1.910051  1.908130  1.912204  1.911026  1.907261  1.907884  1.922510  1.886321  1.897027  1.899112  1.904350  1.922362  1.920600 
dram[6]:  1.893657  1.899783  1.914146  1.909264  1.921644  1.916530  1.904336  1.895390  1.922383  1.922092  1.912085  1.913210  1.902624  1.921922  1.908152  1.908052 
dram[7]:  1.895648  1.900923  1.900726  1.908525  1.914807  1.912500  1.921118  1.915190  1.912228  1.909781  1.894197  1.902465  1.901105  1.912984  1.921986  1.925855 
dram[8]:  1.902221  1.895619  1.894708  1.908202  1.914481  1.915893  1.897700  1.917281  1.912076  1.920207  1.900920  1.908719  1.904955  1.909881  1.904284  1.894054 
dram[9]:  1.888321  1.902115  1.894850  1.911820  1.920514  1.908376  1.914005  1.913210  1.912890  1.916145  1.897943  1.901844  1.903940  1.905921  1.913221  1.930335 
dram[10]:  1.899648  1.896673  1.911172  1.901138  1.924301  1.914644  1.899162  1.910651  1.916417  1.920458  1.904013  1.908224  1.897091  1.924570  1.903549  1.900135 
dram[11]:  1.892607  1.901057  1.896080  1.910197  1.903191  1.910942  1.912711  1.911669  1.911039  1.925561  1.894495  1.914255  1.888116  1.907247  1.925096  1.932380 
dram[12]:  1.902248  1.886919  1.901870  1.917190  1.915143  1.911893  1.899703  1.910277  1.923266  1.927049  1.892578  1.898319  1.912228  1.912724  1.891316  1.904065 
dram[13]:  1.889069  1.903559  1.888592  1.916983  1.910472  1.896785  1.917647  1.922170  1.908894  1.925642  1.893387  1.898429  1.902051  1.917596  1.913315  1.928767 
dram[14]:  1.894524  1.901515  1.922106  1.910330  1.905435  1.909561  1.896570  1.905072  1.913114  1.923308  1.899322  1.909438  1.902056  1.922593  1.905343  1.897540 
dram[15]:  1.903042  1.912142  1.907863  1.903774  1.913516  1.916076  1.918926  1.903804  1.918345  1.930392  1.898241  1.904426  1.893577  1.920981  1.925683  1.927163 
average row locality = 1799351/943105 = 1.907901
number of total memory accesses made:
dram[0]:         0         0         0         0         0         0         0         0         0         0         0         0         0         0         0         0 
dram[1]:         0         0         0         0         0         0         0         0         0         0         0         0         0         0         0         0 
dram[2]:         0         0         0         0         0         0         0         0         0         0         0         0         0         0         0         0 
dram[3]:         0         0         0         0         0         0         0         0         0         0         0         0         0         0         0         0 
dram[4]:         0         0         0         0         0         0         0         0         0         0         0         0         0         0         0         0 
dram[5]:         0         0         0         0         0         0         0         0         0         0         0         0         0         0         0         0 
dram[6]:         0         0         0         0         0         0         0         0         0         0         0         0         0         0         0         0 
dram[7]:         0         0         0         0         0         0         0         0         0         0         0         0         0         0         0         0 
dram[8]:         0         0         0         0         0         0         0         0         0         0         0         0         0         0         0         0 
dram[9]:         0         0         0         0         0         0         0         0         0         0         0         0         0         0         0         0 
dram[10]:         0         0         0         0         0         0         0         0         0         0         0         0         0         0         0         0 
dram[11]:         0         0         0         0         0         0         0         0         0         0         0         0         0         0         0         0 
dram[12]:         0         0         0         0         0         0         0         0         0         0         0         0         0         0         0         0 
dram[13]:         0         0         0         0         0         0         0         0         0         0         0         0         0         0         0         0 
dram[14]:         0         0         0         0         0         0         0         0         0         0         0         0         0         0         0         0 
dram[15]:         0         0         0         0         0         0         0         0         0         0         0         0         0         0         0         0 
total accesses: 0
min_bank_accesses = 0!
min_chip_accesses = 0!
number of total read accesses:
dram[0]:      7122      7095      7009      7008      7025      7023      7042      7029      7055      7024      7008      7012      7001      6989      7020      7016 
dram[1]:      7067      7019      7003      7002      7048      7051      7042      7035      7017      7018      7036      7024      7061      7065      7048      7051 
dram[2]:      7082      7094      6988      7006      7015      7022      7037      7028      7027      7024      7005      7011      6978      6990      7016      7016 
dram[3]:      7017      7018      6993      7002      7054      7055      7031      7037      7017      7017      7021      7024      7057      7065      7049      7052 
dram[4]:      7079      7093      7001      7006      7027      7023      7030      7029      7018      7026      7019      7012      6990      6992      7016      7014 
dram[5]:      7018      7020      6991      7001      7061      7053      7027      7036      7025      7018      7021      7024      7055      7064      7051      7052 
dram[6]:      7088      7094      7014      7007      7018      7022      7024      7031      7031      7025      7011      7011      6991      6991      7017      7015 
dram[7]:      7021      7019      7017      7002      7054      7053      7029      7036      7032      7018      7018      7027      7073      7065      7047      7054 
dram[8]:      7103      7094      7006      7004      7015      7021      7019      7026      7027      7024      7008      7013      6990      6989      7006      7016 
dram[9]:      7052      7021      6993      7002      7044      7052      7029      7035      7024      7019      7015      7024      7054      7065      7063      7053 
dram[10]:      7107      7094      7005      7007      7025      7022      7012      7027      7030      7026      7006      7012      6992      6989      7025      7014 
dram[11]:      7042      7019      7007      7002      7042      7051      7032      7033      7029      7018      7023      7023      7051      7064      7055      7051 
dram[12]:      7074      7096      7007      7005      7025      7022      7030      7027      7023      7025      7006      7014      6992      6990      7029      7017 
dram[13]:      7015      7019      6997      7001      7058      7054      7043      7033      7028      7018      7015      7024      7059      7064      7034      7053 
dram[14]:      7075      7096      6998      7004      7014      7022      7034      7029      7009      7026      7000      7015      6981      6990      7023      7016 
dram[15]:      7019      7018      7016      7002      7036      7051      7035      7035      7035      7015      7019      7024      7058      7066      7044      7048 
total dram reads = 1799351
bank skew: 7122/6978 = 1.02
chip skew: 112587/112332 = 1.00
number of total write accesses:
dram[0]:        64        64        64        64        64        64         8         0         0         0         0         0         0         0         0         0 
dram[1]:        64        64        64        64        64        64        12        12         0         0         0         0         0         0         0         0 
dram[2]:        64        64        64        64        64        64        16         4         0         0         0         0         0         0         0         0 
dram[3]:        64        64        64        64        64        64        12         8         0         0         0         0         0         0         0         0 
dram[4]:        64        64        64        64        64        64         8         0         0         0         0         0         0         0         0         0 
dram[5]:        64        64        64        64        64        64        12         8         0         0         0         0         0         0         0         0 
dram[6]:        64        64        64        64        64        64         0         0         0         0         0         0         0         0         0         0 
dram[7]:        64        64        64        64        64        64        12         8         0         0         0         0         0         0         0         0 
dram[8]:        56        64        64        64        64        64         0         4         0         0         0         0         0         0         0         0 
dram[9]:        56        64        64        64        64        64         8        12         0         0         0         0         0         0         0         0 
dram[10]:        64        64        64        64        64        64         0         0         0         0         0         0         0         0         0         0 
dram[11]:        56        64        64        64        64        64        16         8         0         0         0         0         0         0         0         0 
dram[12]:        64        64        64        64        64        64         0         0         0         0         0         0         0         0         0         0 
dram[13]:        64        64        64        64        64        64         8         8         0         0         0         0         0         0         0         0 
dram[14]:        64        64        64        64        64        64         0         0         0         0         0         0         0         0         0         0 
dram[15]:        64        64        64        64        64        64         8         8         0         0         0         0         0         0         0         0 
total dram writes = 6320
min_bank_accesses = 0!
chip skew: 408/380 = 1.07
average mf latency per bank:
dram[0]:       2499      1521      1542      1533      1524      1521      1534      1530      1536      1535      1545      1537      1544      1539      1533      1530
dram[1]:       2596      1556      1552      1543      1545      1539      1555      1550      1565      1559      1555      1553      1552      1544      1543      1536
dram[2]:       1401      1392      1413      1402      1403      1396      1410      1407      1416      1410      1416      1406      1423      1414      1409      1404
dram[3]:       1418      1412      1410      1402      1405      1401      1417      1410      1424      1416      1421      1416      1416      1406      1403      1396
dram[4]:       1380      1372      1386      1380      1385      1379      1393      1389      1398      1390      1397      1390      1399      1392      1390      1383
dram[5]:       1389      1384      1383      1372      1376      1370      1389      1382      1396      1389      1390      1384      1386      1377      1375      1367
dram[6]:       1412      1403      1417      1413      1415      1407      1425      1417      1425      1419      1425      1418      1431      1424      1421      1414
dram[7]:       1403      1396      1386      1381      1389      1383      1400      1393      1402      1398      1402      1394      1394      1387      1385      1379
dram[8]:       1371      1363      1381      1375      1381      1374      1389      1379      1388      1383      1385      1380      1390      1384      1383      1375
dram[9]:       1369      1365      1363      1354      1361      1354      1371      1363      1376      1370      1369      1362      1365      1356      1355      1349
dram[10]:       1346      1339      1360      1350      1356      1352      1367      1359      1368      1361      1367      1360      1367      1361      1357      1353
dram[11]:       1362      1350      1346      1338      1342      1335      1349      1344      1358      1354      1352      1346      1347      1342      1337      1330
dram[12]:       1387      1376      1394      1385      1389      1382      1399      1393      1403      1395      1399      1392      1406      1397      1395      1390
dram[13]:       1385      1378      1376      1366      1370      1365      1382      1377      1384      1379      1386      1377      1376      1369      1369      1362
dram[14]:       1392      1383      1403      1393      1399      1390      1407      1399      1409      1401      1399      1391      1407      1400      1398      1393
dram[15]:       1383      1379      1370      1364      1372      1362      1381      1374      1380      1378      1379      1372      1377      1370      1368      1360
maximum mf latency per bank:
dram[0]:       2161      1009      1254      1125      1274      1585      1317      1073      1281      1071      1123      1080      1277      1126      1158      1387
dram[1]:       2147      1223      1342       909      1145      1095      1824       929      1998      1077      2080      1245      1485      1015      1357      1074
dram[2]:       1653       990      1138      1019      1267      1141      1195      1053      1067      1029      1137      1041      1170      1128      1454      1092
dram[3]:       1352      1126      1204       949      1176       968      1126       920      2187      1077      1875      1292       912       911      1098      1078
dram[4]:       1726      1124      1453      1105      1172      1168      1334       906      1120       952      1019       915      1159      1217      1310      1008
dram[5]:       1340      1053      1658       998      1061       892      1328       944      2189       857      1840       859      1053       847      1031      1062
dram[6]:       1862       964      1230       993      1562      1298      1271       921      1235       990      1131       904      1107      1174      1025      1122
dram[7]:       1167       997      1707       878      1046       877       975       904       983      1019      1994       871      1417       820      1047      1042
dram[8]:       1904      1059      1285      1028      1082      1457      1225      1081      1282       971      1035      1000      1069      1253      1203      1276
dram[9]:       1242      1209      1820       839      1147      1011       922       894       929       923      1944      1829      1269       885      1211      1068
dram[10]:       1982      1023      1242       999      1115      1072      1547      1024      1411       911      1165       991      1147      1035      1223       886
dram[11]:       1358      1163      1654       934      1141      1019      1762       835      1032       958      1152      1829      1106       889      1049       850
dram[12]:       2103      1275      1199      1097      1268      1130      1499       972      1376       955      1167       935      1222      1252      1225       937
dram[13]:       1565      1155      1460       849      1205      1019      1471       851      1046       959      1875      1505      1114       881      1236       942
dram[14]:       1156      1429      1178      1104      1183      1074      1175       872      1191       872      1128       975      1124       942      1163       844
dram[15]:       1591      1121      1849       989      1230       869      1487       805      1808       881      1874      1688      1160       898      1132       907
Memory Partition 0: 
Cache L2_bank_000:
MSHR contents

Cache L2_bank_001:
MSHR contents

In Dram Latency Queue (total = 0): 
DRAM[0]: 16 bks, busW=16 BL=2 CL=12, tRRD=3 tCCD=1, tRCD=12 tRAS=28 tRP=12 tRC=40
n_cmd=2004739 n_nop=1780846 n_act=59035 n_pre=59019 n_ref_event=0 n_req=112576 n_rd=112478 n_rd_L2_A=0 n_write=0 n_wr_bk=0 bw_util=0.05611
n_activity=1315256 dram_eff=0.08552
bk0: 7042a 1908204i bk1: 7031a 1907893i bk2: 7019a 1908312i bk3: 7026a 1907667i bk4: 7017a 1909795i bk5: 7016a 1908765i bk6: 7024a 1908498i bk7: 7027a 1908043i bk8: 7049a 1909858i bk9: 7051a 1908361i bk10: 7019a 1908197i bk11: 7024a 1908369i bk12: 7039a 1908622i bk13: 7044a 1908512i bk14: 7021a 1909154i bk15: 7029a 1908988i 

------------------------------------------------------------------------

Row_Buffer_Locality = 0.475142
Row_Buffer_Locality_read = 0.475142
Row_Buffer_Locality_write = -nan
Bank_Level_Parallism = 1.731817
Bank_Level_Parallism_Col = 1.238310
Bank_Level_Parallism_Ready = 1.012625
write_to_read_ratio_blp_rw_average = 0.000000
GrpLevelPara = 1.196352 

BW Util details:
bwutil = 0.056106 
total_CMD = 2004739 
util_bw = 112478 
Wasted_Col = 556046 
Wasted_Row = 284847 
Idle = 1051368 

BW Util Bottlenecks: 
RCDc_limit = 640993 
RCDWRc_limit = 0 
WTRc_limit = 0 
RTWc_limit = 0 
CCDLc_limit = 32215 
rwq = 0 
CCDLc_limit_alone = 32215 
WTRc_limit_alone = 0 
RTWc_limit_alone = 0 

Commands details: 
total_CMD = 2004739 
n_nop = 1780846 
Read = 112478 
Write = 0 
L2_Alloc = 0 
L2_WB = 0 
n_act = 59035 
n_pre = 59019 
n_ref = 0 
n_req = 112576 
total_req = 112478 

Dual Bus Interface Util: 
issued_total_row = 118054 
issued_total_col = 112478 
Row_Bus_Util =  0.058887 
CoL_Bus_Util = 0.056106 
Either_Row_CoL_Bus_Util = 0.111682 
Issued_on_Two_Bus_Simul_Util = 0.003312 
issued_two_Eff = 0.029653 
queue_avg = 0.111970 


dram_util_bins: 0 0 0 0 0 0 0 0 0 0
dram_eff_bins: 0 0 0 0 0 0 0 0 0 0
mrqq: max=14 avg=0.11197
Memory Partition 1: 
Cache L2_bank_002:
MSHR contents

Cache L2_bank_003:
MSHR contents

In Dram Latency Queue (total = 0): 
DRAM[1]: 16 bks, busW=16 BL=2 CL=12, tRRD=3 tCCD=1, tRCD=12 tRAS=28 tRP=12 tRC=40
n_cmd=2004739 n_nop=1780806 n_act=59027 n_pre=59011 n_ref_event=0 n_req=112689 n_rd=112587 n_rd_L2_A=0 n_write=0 n_wr_bk=0 bw_util=0.05616
n_activity=1311921 dram_eff=0.08582
bk0: 7039a 1908522i bk1: 7013a 1908695i bk2: 7065a 1909421i bk3: 7075a 1908122i bk4: 7037a 1909623i bk5: 7024a 1908337i bk6: 7016a 1911018i bk7: 7001a 1908775i bk8: 7051a 1909455i bk9: 7042a 1908838i bk10: 7010a 1908967i bk11: 7019a 1907483i bk12: 7052a 1908879i bk13: 7056a 1908133i bk14: 7048a 1909155i bk15: 7039a 1908677i 

------------------------------------------------------------------------

Row_Buffer_Locality = 0.475721
Row_Buffer_Locality_read = 0.475721
Row_Buffer_Locality_write = -nan
Bank_Level_Parallism = 1.733218
Bank_Level_Parallism_Col = 1.241190
Bank_Level_Parallism_Ready = 1.013083
write_to_read_ratio_blp_rw_average = 0.000000
GrpLevelPara = 1.197592 

BW Util details:
bwutil = 0.056160 
total_CMD = 2004739 
util_bw = 112587 
Wasted_Col = 554243 
Wasted_Row = 283028 
Idle = 1054881 

BW Util Bottlenecks: 
RCDc_limit = 640459 
RCDWRc_limit = 0 
WTRc_limit = 0 
RTWc_limit = 0 
CCDLc_limit = 32336 
rwq = 0 
CCDLc_limit_alone = 32336 
WTRc_limit_alone = 0 
RTWc_limit_alone = 0 

Commands details: 
total_CMD = 2004739 
n_nop = 1780806 
Read = 112587 
Write = 0 
L2_Alloc = 0 
L2_WB = 0 
n_act = 59027 
n_pre = 59011 
n_ref = 0 
n_req = 112689 
total_req = 112587 

Dual Bus Interface Util: 
issued_total_row = 118038 
issued_total_col = 112587 
Row_Bus_Util =  0.058879 
CoL_Bus_Util = 0.056160 
Either_Row_CoL_Bus_Util = 0.111702 
Issued_on_Two_Bus_Simul_Util = 0.003338 
issued_two_Eff = 0.029884 
queue_avg = 0.107461 


dram_util_bins: 0 0 0 0 0 0 0 0 0 0
dram_eff_bins: 0 0 0 0 0 0 0 0 0 0
mrqq: max=10 avg=0.107461
Memory Partition 2: 
Cache L2_bank_004:
MSHR contents

Cache L2_bank_005:
MSHR contents

In Dram Latency Queue (total = 0): 
DRAM[2]: 16 bks, busW=16 BL=2 CL=12, tRRD=3 tCCD=1, tRCD=12 tRAS=28 tRP=12 tRC=40
n_cmd=2004739 n_nop=1781176 n_act=58939 n_pre=58923 n_ref_event=0 n_req=112440 n_rd=112339 n_rd_L2_A=0 n_write=0 n_wr_bk=0 bw_util=0.05604
n_activity=1312881 dram_eff=0.08557
bk0: 7017a 1908900i bk1: 7018a 1907652i bk2: 7008a 1909295i bk3: 7021a 1907816i bk4: 7019a 1909741i bk5: 7019a 1908445i bk6: 7020a 1908743i bk7: 7020a 1907590i bk8: 7048a 1909463i bk9: 7039a 1908247i bk10: 7013a 1908833i bk11: 7006a 1908140i bk12: 7032a 1909451i bk13: 7039a 1908387i bk14: 7013a 1908627i bk15: 7007a 1908599i 

------------------------------------------------------------------------

Row_Buffer_Locality = 0.475347
Row_Buffer_Locality_read = 0.475347
Row_Buffer_Locality_write = -nan
Bank_Level_Parallism = 1.733849
Bank_Level_Parallism_Col = 1.239320
Bank_Level_Parallism_Ready = 1.012578
write_to_read_ratio_blp_rw_average = 0.000000
GrpLevelPara = 1.197084 

BW Util details:
bwutil = 0.056037 
total_CMD = 2004739 
util_bw = 112339 
Wasted_Col = 554880 
Wasted_Row = 284556 
Idle = 1052964 

BW Util Bottlenecks: 
RCDc_limit = 639777 
RCDWRc_limit = 0 
WTRc_limit = 0 
RTWc_limit = 0 
CCDLc_limit = 33234 
rwq = 0 
CCDLc_limit_alone = 33234 
WTRc_limit_alone = 0 
RTWc_limit_alone = 0 

Commands details: 
total_CMD = 2004739 
n_nop = 1781176 
Read = 112339 
Write = 0 
L2_Alloc = 0 
L2_WB = 0 
n_act = 58939 
n_pre = 58923 
n_ref = 0 
n_req = 112440 
total_req = 112339 

Dual Bus Interface Util: 
issued_total_row = 117862 
issued_total_col = 112339 
Row_Bus_Util =  0.058792 
CoL_Bus_Util = 0.056037 
Either_Row_CoL_Bus_Util = 0.111517 
Issued_on_Two_Bus_Simul_Util = 0.003311 
issued_two_Eff = 0.029692 
queue_avg = 0.108412 


dram_util_bins: 0 0 0 0 0 0 0 0 0 0
dram_eff_bins: 0 0 0 0 0 0 0 0 0 0
mrqq: max=8 avg=0.108412
Memory Partition 3: 
Cache L2_bank_006:
MSHR contents

Cache L2_bank_007:
MSHR contents

In Dram Latency Queue (total = 0): 
DRAM[3]: 16 bks, busW=16 BL=2 CL=12, tRRD=3 tCCD=1, tRCD=12 tRAS=28 tRP=12 tRC=40
n_cmd=2004739 n_nop=1780991 n_act=58877 n_pre=58861 n_ref_event=0 n_req=112610 n_rd=112509 n_rd_L2_A=0 n_write=0 n_wr_bk=0 bw_util=0.05612
n_activity=1309937 dram_eff=0.08589
bk0: 7003a 1909278i bk1: 7003a 1909053i bk2: 7059a 1908419i bk3: 7058a 1908264i bk4: 7041a 1909341i bk5: 7037a 1908600i bk6: 7003a 1911697i bk7: 7009a 1910247i bk8: 7044a 1909319i bk9: 7041a 1908322i bk10: 7011a 1908881i bk11: 7002a 1907691i bk12: 7052a 1909260i bk13: 7051a 1908074i bk14: 7046a 1909890i bk15: 7049a 1908723i 

------------------------------------------------------------------------

Row_Buffer_Locality = 0.476691
Row_Buffer_Locality_read = 0.476691
Row_Buffer_Locality_write = -nan
Bank_Level_Parallism = 1.733053
Bank_Level_Parallism_Col = 1.240823
Bank_Level_Parallism_Ready = 1.012923
write_to_read_ratio_blp_rw_average = 0.000000
GrpLevelPara = 1.197516 

BW Util details:
bwutil = 0.056122 
total_CMD = 2004739 
util_bw = 112509 
Wasted_Col = 553592 
Wasted_Row = 282095 
Idle = 1056543 

BW Util Bottlenecks: 
RCDc_limit = 638961 
RCDWRc_limit = 0 
WTRc_limit = 0 
RTWc_limit = 0 
CCDLc_limit = 33492 
rwq = 0 
CCDLc_limit_alone = 33492 
WTRc_limit_alone = 0 
RTWc_limit_alone = 0 

Commands details: 
total_CMD = 2004739 
n_nop = 1780991 
Read = 112509 
Write = 0 
L2_Alloc = 0 
L2_WB = 0 
n_act = 58877 
n_pre = 58861 
n_ref = 0 
n_req = 112610 
total_req = 112509 

Dual Bus Interface Util: 
issued_total_row = 117738 
issued_total_col = 112509 
Row_Bus_Util =  0.058730 
CoL_Bus_Util = 0.056122 
Either_Row_CoL_Bus_Util = 0.111610 
Issued_on_Two_Bus_Simul_Util = 0.003242 
issued_two_Eff = 0.029046 
queue_avg = 0.103004 


dram_util_bins: 0 0 0 0 0 0 0 0 0 0
dram_eff_bins: 0 0 0 0 0 0 0 0 0 0
mrqq: max=10 avg=0.103004
Memory Partition 4: 
Cache L2_bank_008:
MSHR contents

Cache L2_bank_009:
MSHR contents

In Dram Latency Queue (total = 0): 
DRAM[4]: 16 bks, busW=16 BL=2 CL=12, tRRD=3 tCCD=1, tRCD=12 tRAS=28 tRP=12 tRC=40
n_cmd=2004739 n_nop=1780742 n_act=59014 n_pre=58998 n_ref_event=0 n_req=112473 n_rd=112375 n_rd_L2_A=0 n_write=0 n_wr_bk=0 bw_util=0.05605
n_activity=1315321 dram_eff=0.08544
bk0: 7021a 1908850i bk1: 7025a 1907759i bk2: 7019a 1908721i bk3: 7016a 1907567i bk4: 7022a 1909155i bk5: 7005a 1907846i bk6: 7020a 1908857i bk7: 7029a 1908069i bk8: 7050a 1909548i bk9: 7052a 1908689i bk10: 7016a 1908818i bk11: 6995a 1909948i bk12: 7040a 1907766i bk13: 7035a 1908536i bk14: 7018a 1908820i bk15: 7012a 1908375i 

------------------------------------------------------------------------

Row_Buffer_Locality = 0.474848
Row_Buffer_Locality_read = 0.474848
Row_Buffer_Locality_write = -nan
Bank_Level_Parallism = 1.730116
Bank_Level_Parallism_Col = 1.238287
Bank_Level_Parallism_Ready = 1.013037
write_to_read_ratio_blp_rw_average = 0.000000
GrpLevelPara = 1.194909 

BW Util details:
bwutil = 0.056055 
total_CMD = 2004739 
util_bw = 112375 
Wasted_Col = 556007 
Wasted_Row = 285817 
Idle = 1050540 

BW Util Bottlenecks: 
RCDc_limit = 641015 
RCDWRc_limit = 0 
WTRc_limit = 0 
RTWc_limit = 0 
CCDLc_limit = 32302 
rwq = 0 
CCDLc_limit_alone = 32302 
WTRc_limit_alone = 0 
RTWc_limit_alone = 0 

Commands details: 
total_CMD = 2004739 
n_nop = 1780742 
Read = 112375 
Write = 0 
L2_Alloc = 0 
L2_WB = 0 
n_act = 59014 
n_pre = 58998 
n_ref = 0 
n_req = 112473 
total_req = 112375 

Dual Bus Interface Util: 
issued_total_row = 118012 
issued_total_col = 112375 
Row_Bus_Util =  0.058867 
CoL_Bus_Util = 0.056055 
Either_Row_CoL_Bus_Util = 0.111734 
Issued_on_Two_Bus_Simul_Util = 0.003187 
issued_two_Eff = 0.028527 
queue_avg = 0.110937 


dram_util_bins: 0 0 0 0 0 0 0 0 0 0
dram_eff_bins: 0 0 0 0 0 0 0 0 0 0
mrqq: max=8 avg=0.110937
Memory Partition 5: 
Cache L2_bank_010:
MSHR contents

Cache L2_bank_011:
MSHR contents

In Dram Latency Queue (total = 0): 
DRAM[5]: 16 bks, busW=16 BL=2 CL=12, tRRD=3 tCCD=1, tRCD=12 tRAS=28 tRP=12 tRC=40
n_cmd=2004739 n_nop=1780783 n_act=58999 n_pre=58983 n_ref_event=0 n_req=112618 n_rd=112517 n_rd_L2_A=0 n_write=0 n_wr_bk=0 bw_util=0.05613
n_activity=1311817 dram_eff=0.08577
bk0: 7014a 1908641i bk1: 7008a 1908931i bk2: 7050a 1908704i bk3: 7050a 1908514i bk4: 7041a 1909101i bk5: 7035a 1907975i bk6: 7002a 1910766i bk7: 7013a 1908739i bk8: 7042a 1909322i bk9: 7046a 1909041i bk10: 7019a 1908278i bk11: 7019a 1907811i bk12: 7059a 1908897i bk13: 7048a 1907916i bk14: 7032a 1910269i bk15: 7039a 1909003i 

------------------------------------------------------------------------

Row_Buffer_Locality = 0.475644
Row_Buffer_Locality_read = 0.475644
Row_Buffer_Locality_write = -nan
Bank_Level_Parallism = 1.733825
Bank_Level_Parallism_Col = 1.242193
Bank_Level_Parallism_Ready = 1.012638
write_to_read_ratio_blp_rw_average = 0.000000
GrpLevelPara = 1.198395 

BW Util details:
bwutil = 0.056126 
total_CMD = 2004739 
util_bw = 112517 
Wasted_Col = 553551 
Wasted_Row = 283528 
Idle = 1055143 

BW Util Bottlenecks: 
RCDc_limit = 640184 
RCDWRc_limit = 0 
WTRc_limit = 0 
RTWc_limit = 0 
CCDLc_limit = 32379 
rwq = 0 
CCDLc_limit_alone = 32379 
WTRc_limit_alone = 0 
RTWc_limit_alone = 0 

Commands details: 
total_CMD = 2004739 
n_nop = 1780783 
Read = 112517 
Write = 0 
L2_Alloc = 0 
L2_WB = 0 
n_act = 58999 
n_pre = 58983 
n_ref = 0 
n_req = 112618 
total_req = 112517 

Dual Bus Interface Util: 
issued_total_row = 117982 
issued_total_col = 112517 
Row_Bus_Util =  0.058852 
CoL_Bus_Util = 0.056126 
Either_Row_CoL_Bus_Util = 0.111713 
Issued_on_Two_Bus_Simul_Util = 0.003264 
issued_two_Eff = 0.029216 
queue_avg = 0.106196 


dram_util_bins: 0 0 0 0 0 0 0 0 0 0
dram_eff_bins: 0 0 0 0 0 0 0 0 0 0
mrqq: max=10 avg=0.106196
Memory Partition 6: 
Cache L2_bank_012:
MSHR contents

Cache L2_bank_013:
MSHR contents

In Dram Latency Queue (total = 0): 
DRAM[6]: 16 bks, busW=16 BL=2 CL=12, tRRD=3 tCCD=1, tRCD=12 tRAS=28 tRP=12 tRC=40
n_cmd=2004739 n_nop=1780916 n_act=58834 n_pre=58818 n_ref_event=0 n_req=112486 n_rd=112390 n_rd_L2_A=0 n_write=0 n_wr_bk=0 bw_util=0.05606
n_activity=1313340 dram_eff=0.08558
bk0: 7016a 1908766i bk1: 7014a 1907993i bk2: 7023a 1909716i bk3: 7028a 1907892i bk4: 7014a 1910367i bk5: 7003a 1909126i bk6: 7027a 1908983i bk7: 7030a 1907258i bk8: 7034a 1910247i bk9: 7056a 1908649i bk10: 7025a 1909791i bk11: 7010a 1908993i bk12: 7034a 1908940i bk13: 7040a 1908761i bk14: 7022a 1909407i bk15: 7014a 1908304i 

------------------------------------------------------------------------

Row_Buffer_Locality = 0.476519
Row_Buffer_Locality_read = 0.476519
Row_Buffer_Locality_write = -nan
Bank_Level_Parallism = 1.730545
Bank_Level_Parallism_Col = 1.239768
Bank_Level_Parallism_Ready = 1.012457
write_to_read_ratio_blp_rw_average = 0.000000
GrpLevelPara = 1.196813 

BW Util details:
bwutil = 0.056062 
total_CMD = 2004739 
util_bw = 112390 
Wasted_Col = 553968 
Wasted_Row = 284222 
Idle = 1054159 

BW Util Bottlenecks: 
RCDc_limit = 638732 
RCDWRc_limit = 0 
WTRc_limit = 0 
RTWc_limit = 0 
CCDLc_limit = 33258 
rwq = 0 
CCDLc_limit_alone = 33258 
WTRc_limit_alone = 0 
RTWc_limit_alone = 0 

Commands details: 
total_CMD = 2004739 
n_nop = 1780916 
Read = 112390 
Write = 0 
L2_Alloc = 0 
L2_WB = 0 
n_act = 58834 
n_pre = 58818 
n_ref = 0 
n_req = 112486 
total_req = 112390 

Dual Bus Interface Util: 
issued_total_row = 117652 
issued_total_col = 112390 
Row_Bus_Util =  0.058687 
CoL_Bus_Util = 0.056062 
Either_Row_CoL_Bus_Util = 0.111647 
Issued_on_Two_Bus_Simul_Util = 0.003102 
issued_two_Eff = 0.027785 
queue_avg = 0.105822 


dram_util_bins: 0 0 0 0 0 0 0 0 0 0
dram_eff_bins: 0 0 0 0 0 0 0 0 0 0
mrqq: max=9 avg=0.105822
Memory Partition 7: 
Cache L2_bank_014:
MSHR contents

Cache L2_bank_015:
MSHR contents

In Dram Latency Queue (total = 0): 
DRAM[7]: 16 bks, busW=16 BL=2 CL=12, tRRD=3 tCCD=1, tRCD=12 tRAS=28 tRP=12 tRC=40
n_cmd=2004739 n_nop=1780694 n_act=58955 n_pre=58939 n_ref_event=0 n_req=112666 n_rd=112565 n_rd_L2_A=0 n_write=0 n_wr_bk=0 bw_util=0.05615
n_activity=1310213 dram_eff=0.08591
bk0: 7012a 1908846i bk1: 7003a 1908320i bk2: 7065a 1908773i bk3: 7052a 1908206i bk4: 7035a 1909357i bk5: 7038a 1907900i bk6: 7014a 1910917i bk7: 7023a 1909137i bk8: 7037a 1909595i bk9: 7049a 1907822i bk10: 7018a 1908634i bk11: 7022a 1907886i bk12: 7055a 1909127i bk13: 7057a 1908420i bk14: 7046a 1910266i bk15: 7039a 1909613i 

------------------------------------------------------------------------

Row_Buffer_Locality = 0.476258
Row_Buffer_Locality_read = 0.476258
Row_Buffer_Locality_write = -nan
Bank_Level_Parallism = 1.734419
Bank_Level_Parallism_Col = 1.242620
Bank_Level_Parallism_Ready = 1.012251
write_to_read_ratio_blp_rw_average = 0.000000
GrpLevelPara = 1.198838 

BW Util details:
bwutil = 0.056149 
total_CMD = 2004739 
util_bw = 112565 
Wasted_Col = 553506 
Wasted_Row = 282702 
Idle = 1055966 

BW Util Bottlenecks: 
RCDc_limit = 639694 
RCDWRc_limit = 0 
WTRc_limit = 0 
RTWc_limit = 0 
CCDLc_limit = 33677 
rwq = 0 
CCDLc_limit_alone = 33677 
WTRc_limit_alone = 0 
RTWc_limit_alone = 0 

Commands details: 
total_CMD = 2004739 
n_nop = 1780694 
Read = 112565 
Write = 0 
L2_Alloc = 0 
L2_WB = 0 
n_act = 58955 
n_pre = 58939 
n_ref = 0 
n_req = 112666 
total_req = 112565 

Dual Bus Interface Util: 
issued_total_row = 117894 
issued_total_col = 112565 
Row_Bus_Util =  0.058808 
CoL_Bus_Util = 0.056149 
Either_Row_CoL_Bus_Util = 0.111758 
Issued_on_Two_Bus_Simul_Util = 0.003199 
issued_two_Eff = 0.028628 
queue_avg = 0.103300 


dram_util_bins: 0 0 0 0 0 0 0 0 0 0
dram_eff_bins: 0 0 0 0 0 0 0 0 0 0
mrqq: max=10 avg=0.1033
Memory Partition 8: 
Cache L2_bank_016:
MSHR contents

Cache L2_bank_017:
MSHR contents

In Dram Latency Queue (total = 0): 
DRAM[8]: 16 bks, busW=16 BL=2 CL=12, tRRD=3 tCCD=1, tRCD=12 tRAS=28 tRP=12 tRC=40
n_cmd=2004739 n_nop=1780796 n_act=58942 n_pre=58926 n_ref_event=0 n_req=112456 n_rd=112361 n_rd_L2_A=0 n_write=0 n_wr_bk=0 bw_util=0.05605
n_activity=1313079 dram_eff=0.08557
bk0: 7023a 1909424i bk1: 7010a 1907915i bk2: 7018a 1908429i bk3: 7026a 1907917i bk4: 7007a 1910113i bk5: 7016a 1908782i bk6: 7012a 1908961i bk7: 7023a 1908894i bk8: 7046a 1909453i bk9: 7051a 1908397i bk10: 7022a 1909013i bk11: 7005a 1908567i bk12: 7035a 1909154i bk13: 7036a 1908180i bk14: 7023a 1909102i bk15: 7008a 1907589i 

------------------------------------------------------------------------

Row_Buffer_Locality = 0.475423
Row_Buffer_Locality_read = 0.475423
Row_Buffer_Locality_write = -nan
Bank_Level_Parallism = 1.732265
Bank_Level_Parallism_Col = 1.239060
Bank_Level_Parallism_Ready = 1.012095
write_to_read_ratio_blp_rw_average = 0.000000
GrpLevelPara = 1.196834 

BW Util details:
bwutil = 0.056048 
total_CMD = 2004739 
util_bw = 112361 
Wasted_Col = 554854 
Wasted_Row = 284311 
Idle = 1053213 

BW Util Bottlenecks: 
RCDc_limit = 639745 
RCDWRc_limit = 0 
WTRc_limit = 0 
RTWc_limit = 0 
CCDLc_limit = 32362 
rwq = 0 
CCDLc_limit_alone = 32362 
WTRc_limit_alone = 0 
RTWc_limit_alone = 0 

Commands details: 
total_CMD = 2004739 
n_nop = 1780796 
Read = 112361 
Write = 0 
L2_Alloc = 0 
L2_WB = 0 
n_act = 58942 
n_pre = 58926 
n_ref = 0 
n_req = 112456 
total_req = 112361 

Dual Bus Interface Util: 
issued_total_row = 117868 
issued_total_col = 112361 
Row_Bus_Util =  0.058795 
CoL_Bus_Util = 0.056048 
Either_Row_CoL_Bus_Util = 0.111707 
Issued_on_Two_Bus_Simul_Util = 0.003136 
issued_two_Eff = 0.028070 
queue_avg = 0.110757 


dram_util_bins: 0 0 0 0 0 0 0 0 0 0
dram_eff_bins: 0 0 0 0 0 0 0 0 0 0
mrqq: max=9 avg=0.110757
Memory Partition 9: 
Cache L2_bank_018:
MSHR contents

Cache L2_bank_019:
MSHR contents

In Dram Latency Queue (total = 0): 
DRAM[9]: 16 bks, busW=16 BL=2 CL=12, tRRD=3 tCCD=1, tRCD=12 tRAS=28 tRP=12 tRC=40
n_cmd=2004739 n_nop=1780641 n_act=58973 n_pre=58957 n_ref_event=0 n_req=112644 n_rd=112545 n_rd_L2_A=0 n_write=0 n_wr_bk=0 bw_util=0.05614
n_activity=1309094 dram_eff=0.08597
bk0: 7017a 1908668i bk1: 7015a 1908424i bk2: 7064a 1908354i bk3: 7068a 1908235i bk4: 7031a 1910078i bk5: 7040a 1907975i bk6: 7011a 1910821i bk7: 7010a 1909212i bk8: 7049a 1909345i bk9: 7038a 1908681i bk10: 7011a 1909245i bk11: 7014a 1908264i bk12: 7056a 1909208i bk13: 7050a 1908098i bk14: 7033a 1909763i bk15: 7038a 1909569i 

------------------------------------------------------------------------

Row_Buffer_Locality = 0.476005
Row_Buffer_Locality_read = 0.476005
Row_Buffer_Locality_write = -nan
Bank_Level_Parallism = 1.738338
Bank_Level_Parallism_Col = 1.243858
Bank_Level_Parallism_Ready = 1.013195
write_to_read_ratio_blp_rw_average = 0.000000
GrpLevelPara = 1.199661 

BW Util details:
bwutil = 0.056139 
total_CMD = 2004739 
util_bw = 112545 
Wasted_Col = 552515 
Wasted_Row = 280918 
Idle = 1058761 

BW Util Bottlenecks: 
RCDc_limit = 639510 
RCDWRc_limit = 0 
WTRc_limit = 0 
RTWc_limit = 0 
CCDLc_limit = 32652 
rwq = 0 
CCDLc_limit_alone = 32652 
WTRc_limit_alone = 0 
RTWc_limit_alone = 0 

Commands details: 
total_CMD = 2004739 
n_nop = 1780641 
Read = 112545 
Write = 0 
L2_Alloc = 0 
L2_WB = 0 
n_act = 58973 
n_pre = 58957 
n_ref = 0 
n_req = 112644 
total_req = 112545 

Dual Bus Interface Util: 
issued_total_row = 117930 
issued_total_col = 112545 
Row_Bus_Util =  0.058826 
CoL_Bus_Util = 0.056139 
Either_Row_CoL_Bus_Util = 0.111784 
Issued_on_Two_Bus_Simul_Util = 0.003181 
issued_two_Eff = 0.028456 
queue_avg = 0.105423 


dram_util_bins: 0 0 0 0 0 0 0 0 0 0
dram_eff_bins: 0 0 0 0 0 0 0 0 0 0
mrqq: max=12 avg=0.105423
Memory Partition 10: 
Cache L2_bank_020:
MSHR contents

Cache L2_bank_021:
MSHR contents

In Dram Latency Queue (total = 0): 
DRAM[10]: 16 bks, busW=16 BL=2 CL=12, tRRD=3 tCCD=1, tRCD=12 tRAS=28 tRP=12 tRC=40
n_cmd=2004739 n_nop=1780894 n_act=58900 n_pre=58884 n_ref_event=0 n_req=112489 n_rd=112393 n_rd_L2_A=0 n_write=0 n_wr_bk=0 bw_util=0.05606
n_activity=1314031 dram_eff=0.08553
bk0: 7023a 1909239i bk1: 7012a 1907890i bk2: 7014a 1909498i bk3: 7019a 1907781i bk4: 7016a 1910468i bk5: 7021a 1908860i bk6: 7025a 1908807i bk7: 7014a 1908525i bk8: 7039a 1909765i bk9: 7050a 1908438i bk10: 7022a 1909288i bk11: 7007a 1908285i bk12: 7042a 1908555i bk13: 7042a 1908956i bk14: 7026a 1908902i bk15: 7021a 1907778i 

------------------------------------------------------------------------

Row_Buffer_Locality = 0.475946
Row_Buffer_Locality_read = 0.475946
Row_Buffer_Locality_write = -nan
Bank_Level_Parallism = 1.729350
Bank_Level_Parallism_Col = 1.238445
Bank_Level_Parallism_Ready = 1.012697
write_to_read_ratio_blp_rw_average = 0.000000
GrpLevelPara = 1.195876 

BW Util details:
bwutil = 0.056064 
total_CMD = 2004739 
util_bw = 112393 
Wasted_Col = 555207 
Wasted_Row = 284886 
Idle = 1052253 

BW Util Bottlenecks: 
RCDc_limit = 639555 
RCDWRc_limit = 0 
WTRc_limit = 0 
RTWc_limit = 0 
CCDLc_limit = 33157 
rwq = 0 
CCDLc_limit_alone = 33157 
WTRc_limit_alone = 0 
RTWc_limit_alone = 0 

Commands details: 
total_CMD = 2004739 
n_nop = 1780894 
Read = 112393 
Write = 0 
L2_Alloc = 0 
L2_WB = 0 
n_act = 58900 
n_pre = 58884 
n_ref = 0 
n_req = 112489 
total_req = 112393 

Dual Bus Interface Util: 
issued_total_row = 117784 
issued_total_col = 112393 
Row_Bus_Util =  0.058753 
CoL_Bus_Util = 0.056064 
Either_Row_CoL_Bus_Util = 0.111658 
Issued_on_Two_Bus_Simul_Util = 0.003159 
issued_two_Eff = 0.028287 
queue_avg = 0.106063 


dram_util_bins: 0 0 0 0 0 0 0 0 0 0
dram_eff_bins: 0 0 0 0 0 0 0 0 0 0
mrqq: max=8 avg=0.106063
Memory Partition 11: 
Cache L2_bank_022:
MSHR contents

Cache L2_bank_023:
MSHR contents

In Dram Latency Queue (total = 0): 
DRAM[11]: 16 bks, busW=16 BL=2 CL=12, tRRD=3 tCCD=1, tRCD=12 tRAS=28 tRP=12 tRC=40
n_cmd=2004739 n_nop=1780555 n_act=58970 n_pre=58954 n_ref_event=0 n_req=112642 n_rd=112542 n_rd_L2_A=0 n_write=0 n_wr_bk=0 bw_util=0.05614
n_activity=1311315 dram_eff=0.08582
bk0: 7014a 1908853i bk1: 7013a 1908202i bk2: 7061a 1908513i bk3: 7062a 1908124i bk4: 7038a 1908600i bk5: 7038a 1908078i bk6: 7012a 1910506i bk7: 7012a 1909263i bk8: 7046a 1909344i bk9: 7036a 1908964i bk10: 7021a 1908986i bk11: 7010a 1908911i bk12: 7054a 1908464i bk13: 7053a 1907986i bk14: 7042a 1910198i bk15: 7030a 1909768i 

------------------------------------------------------------------------

Row_Buffer_Locality = 0.476018
Row_Buffer_Locality_read = 0.476018
Row_Buffer_Locality_write = -nan
Bank_Level_Parallism = 1.735489
Bank_Level_Parallism_Col = 1.242263
Bank_Level_Parallism_Ready = 1.013035
write_to_read_ratio_blp_rw_average = 0.000000
GrpLevelPara = 1.198204 

BW Util details:
bwutil = 0.056138 
total_CMD = 2004739 
util_bw = 112542 
Wasted_Col = 553773 
Wasted_Row = 281894 
Idle = 1056530 

BW Util Bottlenecks: 
RCDc_limit = 639618 
RCDWRc_limit = 0 
WTRc_limit = 0 
RTWc_limit = 0 
CCDLc_limit = 33474 
rwq = 0 
CCDLc_limit_alone = 33474 
WTRc_limit_alone = 0 
RTWc_limit_alone = 0 

Commands details: 
total_CMD = 2004739 
n_nop = 1780555 
Read = 112542 
Write = 0 
L2_Alloc = 0 
L2_WB = 0 
n_act = 58970 
n_pre = 58954 
n_ref = 0 
n_req = 112642 
total_req = 112542 

Dual Bus Interface Util: 
issued_total_row = 117924 
issued_total_col = 112542 
Row_Bus_Util =  0.058823 
CoL_Bus_Util = 0.056138 
Either_Row_CoL_Bus_Util = 0.111827 
Issued_on_Two_Bus_Simul_Util = 0.003134 
issued_two_Eff = 0.028022 
queue_avg = 0.102739 


dram_util_bins: 0 0 0 0 0 0 0 0 0 0
dram_eff_bins: 0 0 0 0 0 0 0 0 0 0
mrqq: max=10 avg=0.102739
Memory Partition 12: 
Cache L2_bank_024:
MSHR contents

Cache L2_bank_025:
MSHR contents

In Dram Latency Queue (total = 0): 
DRAM[12]: 16 bks, busW=16 BL=2 CL=12, tRRD=3 tCCD=1, tRCD=12 tRAS=28 tRP=12 tRC=40
n_cmd=2004739 n_nop=1780799 n_act=58943 n_pre=58927 n_ref_event=0 n_req=112478 n_rd=112382 n_rd_L2_A=0 n_write=0 n_wr_bk=0 bw_util=0.05606
n_activity=1314866 dram_eff=0.08547
bk0: 7025a 1908974i bk1: 7025a 1906992i bk2: 7016a 1909178i bk3: 7015a 1909096i bk4: 7019a 1909714i bk5: 7009a 1908456i bk6: 7027a 1908808i bk7: 7026a 1908278i bk8: 7043a 1909930i bk9: 7053a 1908920i bk10: 7012a 1908716i bk11: 7001a 1907963i bk12: 7037a 1909737i bk13: 7035a 1908369i bk14: 7013a 1908252i bk15: 7026a 1907844i 

------------------------------------------------------------------------

Row_Buffer_Locality = 0.475512
Row_Buffer_Locality_read = 0.475512
Row_Buffer_Locality_write = -nan
Bank_Level_Parallism = 1.729528
Bank_Level_Parallism_Col = 1.237739
Bank_Level_Parallism_Ready = 1.012698
write_to_read_ratio_blp_rw_average = 0.000000
GrpLevelPara = 1.195447 

BW Util details:
bwutil = 0.056058 
total_CMD = 2004739 
util_bw = 112382 
Wasted_Col = 555781 
Wasted_Row = 285264 
Idle = 1051312 

BW Util Bottlenecks: 
RCDc_limit = 640337 
RCDWRc_limit = 0 
WTRc_limit = 0 
RTWc_limit = 0 
CCDLc_limit = 32266 
rwq = 0 
CCDLc_limit_alone = 32266 
WTRc_limit_alone = 0 
RTWc_limit_alone = 0 

Commands details: 
total_CMD = 2004739 
n_nop = 1780799 
Read = 112382 
Write = 0 
L2_Alloc = 0 
L2_WB = 0 
n_act = 58943 
n_pre = 58927 
n_ref = 0 
n_req = 112478 
total_req = 112382 

Dual Bus Interface Util: 
issued_total_row = 117870 
issued_total_col = 112382 
Row_Bus_Util =  0.058796 
CoL_Bus_Util = 0.056058 
Either_Row_CoL_Bus_Util = 0.111705 
Issued_on_Two_Bus_Simul_Util = 0.003149 
issued_two_Eff = 0.028186 
queue_avg = 0.110448 


dram_util_bins: 0 0 0 0 0 0 0 0 0 0
dram_eff_bins: 0 0 0 0 0 0 0 0 0 0
mrqq: max=8 avg=0.110448
Memory Partition 13: 
Cache L2_bank_026:
MSHR contents

Cache L2_bank_027:
MSHR contents

In Dram Latency Queue (total = 0): 
DRAM[13]: 16 bks, busW=16 BL=2 CL=12, tRRD=3 tCCD=1, tRCD=12 tRAS=28 tRP=12 tRC=40
n_cmd=2004739 n_nop=1780544 n_act=58962 n_pre=58946 n_ref_event=0 n_req=112615 n_rd=112515 n_rd_L2_A=0 n_write=0 n_wr_bk=0 bw_util=0.05612
n_activity=1311724 dram_eff=0.08578
bk0: 6999a 1908765i bk1: 7007a 1908448i bk2: 7069a 1907695i bk3: 7066a 1908570i bk4: 7042a 1909036i bk5: 7020a 1907383i bk6: 7009a 1910881i bk7: 7014a 1909673i bk8: 7040a 1909073i bk9: 7044a 1909008i bk10: 7015a 1909003i bk11: 7009a 1907956i bk12: 7049a 1909009i bk13: 7051a 1908748i bk14: 7041a 1909561i bk15: 7040a 1909526i 

------------------------------------------------------------------------

Row_Buffer_Locality = 0.475963
Row_Buffer_Locality_read = 0.475963
Row_Buffer_Locality_write = -nan
Bank_Level_Parallism = 1.734849
Bank_Level_Parallism_Col = 1.240439
Bank_Level_Parallism_Ready = 1.013047
write_to_read_ratio_blp_rw_average = 0.000000
GrpLevelPara = 1.196824 

BW Util details:
bwutil = 0.056125 
total_CMD = 2004739 
util_bw = 112515 
Wasted_Col = 554443 
Wasted_Row = 281830 
Idle = 1055951 

BW Util Bottlenecks: 
RCDc_limit = 640062 
RCDWRc_limit = 0 
WTRc_limit = 0 
RTWc_limit = 0 
CCDLc_limit = 32514 
rwq = 0 
CCDLc_limit_alone = 32514 
WTRc_limit_alone = 0 
RTWc_limit_alone = 0 

Commands details: 
total_CMD = 2004739 
n_nop = 1780544 
Read = 112515 
Write = 0 
L2_Alloc = 0 
L2_WB = 0 
n_act = 58962 
n_pre = 58946 
n_ref = 0 
n_req = 112615 
total_req = 112515 

Dual Bus Interface Util: 
issued_total_row = 117908 
issued_total_col = 112515 
Row_Bus_Util =  0.058815 
CoL_Bus_Util = 0.056125 
Either_Row_CoL_Bus_Util = 0.111833 
Issued_on_Two_Bus_Simul_Util = 0.003107 
issued_two_Eff = 0.027779 
queue_avg = 0.106255 


dram_util_bins: 0 0 0 0 0 0 0 0 0 0
dram_eff_bins: 0 0 0 0 0 0 0 0 0 0
mrqq: max=11 avg=0.106255
Memory Partition 14: 
Cache L2_bank_028:
MSHR contents

Cache L2_bank_029:
MSHR contents

In Dram Latency Queue (total = 0): 
DRAM[14]: 16 bks, busW=16 BL=2 CL=12, tRRD=3 tCCD=1, tRCD=12 tRAS=28 tRP=12 tRC=40
n_cmd=2004739 n_nop=1780717 n_act=58895 n_pre=58879 n_ref_event=0 n_req=112428 n_rd=112332 n_rd_L2_A=0 n_write=0 n_wr_bk=0 bw_util=0.05603
n_activity=1313467 dram_eff=0.08552
bk0: 7023a 1908931i bk1: 7028a 1907584i bk2: 7008a 1910399i bk3: 7009a 1908437i bk4: 7012a 1909208i bk5: 7010a 1908549i bk6: 7023a 1908689i bk7: 7024a 1907885i bk8: 7046a 1909414i bk9: 7047a 1908512i bk10: 6999a 1909096i bk11: 7000a 1908806i bk12: 7030a 1908951i bk13: 7029a 1908781i bk14: 7025a 1908918i bk15: 7019a 1907416i 

------------------------------------------------------------------------

Row_Buffer_Locality = 0.475706
Row_Buffer_Locality_read = 0.475706
Row_Buffer_Locality_write = -nan
Bank_Level_Parallism = 1.730836
Bank_Level_Parallism_Col = 1.238523
Bank_Level_Parallism_Ready = 1.012071
write_to_read_ratio_blp_rw_average = 0.000000
GrpLevelPara = 1.196363 

BW Util details:
bwutil = 0.056033 
total_CMD = 2004739 
util_bw = 112332 
Wasted_Col = 555237 
Wasted_Row = 284907 
Idle = 1052263 

BW Util Bottlenecks: 
RCDc_limit = 639714 
RCDWRc_limit = 0 
WTRc_limit = 0 
RTWc_limit = 0 
CCDLc_limit = 32995 
rwq = 0 
CCDLc_limit_alone = 32995 
WTRc_limit_alone = 0 
RTWc_limit_alone = 0 

Commands details: 
total_CMD = 2004739 
n_nop = 1780717 
Read = 112332 
Write = 0 
L2_Alloc = 0 
L2_WB = 0 
n_act = 58895 
n_pre = 58879 
n_ref = 0 
n_req = 112428 
total_req = 112332 

Dual Bus Interface Util: 
issued_total_row = 117774 
issued_total_col = 112332 
Row_Bus_Util =  0.058748 
CoL_Bus_Util = 0.056033 
Either_Row_CoL_Bus_Util = 0.111746 
Issued_on_Two_Bus_Simul_Util = 0.003035 
issued_two_Eff = 0.027158 
queue_avg = 0.108233 


dram_util_bins: 0 0 0 0 0 0 0 0 0 0
dram_eff_bins: 0 0 0 0 0 0 0 0 0 0
mrqq: max=9 avg=0.108233
Memory Partition 15: 
Cache L2_bank_030:
MSHR contents

Cache L2_bank_031:
MSHR contents

In Dram Latency Queue (total = 0): 
DRAM[15]: 16 bks, busW=16 BL=2 CL=12, tRRD=3 tCCD=1, tRCD=12 tRAS=28 tRP=12 tRC=40
n_cmd=2004739 n_nop=1780783 n_act=58840 n_pre=58824 n_ref_event=0 n_req=112621 n_rd=112521 n_rd_L2_A=0 n_write=0 n_wr_bk=0 bw_util=0.05613
n_activity=1311712 dram_eff=0.08578
bk0: 7007a 1909902i bk1: 7008a 1909032i bk2: 7061a 1909193i bk3: 7063a 1907828i bk4: 7036a 1909358i bk5: 7032a 1908298i bk6: 7006a 1910878i bk7: 7006a 1908528i bk8: 7048a 1909679i bk9: 7044a 1909210i bk10: 7014a 1909395i bk11: 7014a 1908225i bk12: 7046a 1908974i bk13: 7050a 1909006i bk14: 7048a 1910154i bk15: 7038a 1909741i 

------------------------------------------------------------------------

Row_Buffer_Locality = 0.477075
Row_Buffer_Locality_read = 0.477075
Row_Buffer_Locality_write = -nan
Bank_Level_Parallism = 1.730121
Bank_Level_Parallism_Col = 1.239287
Bank_Level_Parallism_Ready = 1.012824
write_to_read_ratio_blp_rw_average = 0.000000
GrpLevelPara = 1.196189 

BW Util details:
bwutil = 0.056128 
total_CMD = 2004739 
util_bw = 112521 
Wasted_Col = 554189 
Wasted_Row = 281746 
Idle = 1056283 

BW Util Bottlenecks: 
RCDc_limit = 638812 
RCDWRc_limit = 0 
WTRc_limit = 0 
RTWc_limit = 0 
CCDLc_limit = 33101 
rwq = 0 
CCDLc_limit_alone = 33101 
WTRc_limit_alone = 0 
RTWc_limit_alone = 0 

Commands details: 
total_CMD = 2004739 
n_nop = 1780783 
Read = 112521 
Write = 0 
L2_Alloc = 0 
L2_WB = 0 
n_act = 58840 
n_pre = 58824 
n_ref = 0 
n_req = 112621 
total_req = 112521 

Dual Bus Interface Util: 
issued_total_row = 117664 
issued_total_col = 112521 
Row_Bus_Util =  0.058693 
CoL_Bus_Util = 0.056128 
Either_Row_CoL_Bus_Util = 0.111713 
Issued_on_Two_Bus_Simul_Util = 0.003107 
issued_two_Eff = 0.027813 
queue_avg = 0.102663 


dram_util_bins: 0 0 0 0 0 0 0 0 0 0
dram_eff_bins: 0 0 0 0 0 0 0 0 0 0
mrqq: max=10 avg=0.102663

========= L2 cache stats =========
L2_cache_bank[0]: Access = 265528, Miss = 56526, Miss_rate = 0.213, Pending_hits = 4, Reservation_fails = 107
L2_cache_bank[1]: Access = 248829, Miss = 56472, Miss_rate = 0.227, Pending_hits = 0, Reservation_fails = 0
L2_cache_bank[2]: Access = 265749, Miss = 56574, Miss_rate = 0.213, Pending_hits = 2, Reservation_fails = 0
L2_cache_bank[3]: Access = 248668, Miss = 56533, Miss_rate = 0.227, Pending_hits = 0, Reservation_fails = 0
L2_cache_bank[4]: Access = 248861, Miss = 56445, Miss_rate = 0.227, Pending_hits = 0, Reservation_fails = 0
L2_cache_bank[5]: Access = 248748, Miss = 56406, Miss_rate = 0.227, Pending_hits = 0, Reservation_fails = 0
L2_cache_bank[6]: Access = 248649, Miss = 56527, Miss_rate = 0.227, Pending_hits = 0, Reservation_fails = 0
L2_cache_bank[7]: Access = 248575, Miss = 56502, Miss_rate = 0.227, Pending_hits = 0, Reservation_fails = 0
L2_cache_bank[8]: Access = 248839, Miss = 56441, Miss_rate = 0.227, Pending_hits = 0, Reservation_fails = 0
L2_cache_bank[9]: Access = 248849, Miss = 56446, Miss_rate = 0.227, Pending_hits = 0, Reservation_fails = 0
L2_cache_bank[10]: Access = 248634, Miss = 56504, Miss_rate = 0.227, Pending_hits = 0, Reservation_fails = 0
L2_cache_bank[11]: Access = 248681, Miss = 56525, Miss_rate = 0.227, Pending_hits = 0, Reservation_fails = 0
L2_cache_bank[12]: Access = 248830, Miss = 56457, Miss_rate = 0.227, Pending_hits = 0, Reservation_fails = 0
L2_cache_bank[13]: Access = 248861, Miss = 56445, Miss_rate = 0.227, Pending_hits = 0, Reservation_fails = 0
L2_cache_bank[14]: Access = 248670, Miss = 56533, Miss_rate = 0.227, Pending_hits = 0, Reservation_fails = 0
L2_cache_bank[15]: Access = 248707, Miss = 56544, Miss_rate = 0.227, Pending_hits = 0, Reservation_fails = 0
L2_cache_bank[16]: Access = 248815, Miss = 56430, Miss_rate = 0.227, Pending_hits = 0, Reservation_fails = 0
L2_cache_bank[17]: Access = 248874, Miss = 56435, Miss_rate = 0.227, Pending_hits = 0, Reservation_fails = 0
L2_cache_bank[18]: Access = 248626, Miss = 56519, Miss_rate = 0.227, Pending_hits = 0, Reservation_fails = 0
L2_cache_bank[19]: Access = 248687, Miss = 56530, Miss_rate = 0.227, Pending_hits = 0, Reservation_fails = 0
L2_cache_bank[20]: Access = 248817, Miss = 56427, Miss_rate = 0.227, Pending_hits = 0, Reservation_fails = 0
L2_cache_bank[21]: Access = 248898, Miss = 56478, Miss_rate = 0.227, Pending_hits = 0, Reservation_fails = 0
L2_cache_bank[22]: Access = 248629, Miss = 56535, Miss_rate = 0.227, Pending_hits = 0, Reservation_fails = 0
L2_cache_bank[23]: Access = 248860, Miss = 56511, Miss_rate = 0.227, Pending_hits = 0, Reservation_fails = 0
L2_cache_bank[24]: Access = 248901, Miss = 56450, Miss_rate = 0.227, Pending_hits = 0, Reservation_fails = 0
L2_cache_bank[25]: Access = 248843, Miss = 56444, Miss_rate = 0.227, Pending_hits = 0, Reservation_fails = 0
L2_cache_bank[26]: Access = 248674, Miss = 56526, Miss_rate = 0.227, Pending_hits = 0, Reservation_fails = 0
L2_cache_bank[27]: Access = 248637, Miss = 56501, Miss_rate = 0.227, Pending_hits = 0, Reservation_fails = 0
L2_cache_bank[28]: Access = 248838, Miss = 56410, Miss_rate = 0.227, Pending_hits = 0, Reservation_fails = 0
L2_cache_bank[29]: Access = 248777, Miss = 56434, Miss_rate = 0.227, Pending_hits = 0, Reservation_fails = 0
L2_cache_bank[30]: Access = 248697, Miss = 56522, Miss_rate = 0.227, Pending_hits = 0, Reservation_fails = 0
L2_cache_bank[31]: Access = 248549, Miss = 56511, Miss_rate = 0.227, Pending_hits = 0, Reservation_fails = 0
L2_total_cache_accesses = 7993800
L2_total_cache_misses = 1807543
L2_total_cache_miss_rate = 0.2261
L2_total_cache_pending_hits = 6
L2_total_cache_reservation_fails = 107
L2_total_cache_breakdown:
	L2_cache_stats_breakdown[GLOBAL_ACC_R][HIT] = 6186251
	L2_cache_stats_breakdown[GLOBAL_ACC_R][HIT_RESERVED] = 6
	L2_cache_stats_breakdown[GLOBAL_ACC_R][MISS] = 1609614
	L2_cache_stats_breakdown[GLOBAL_ACC_R][RESERVATION_FAIL] = 107
	L2_cache_stats_breakdown[GLOBAL_ACC_R][SECTOR_MISS] = 189737
	L2_cache_stats_breakdown[GLOBAL_ACC_R][MSHR_HIT] = 6
	L2_cache_stats_breakdown[LOCAL_ACC_R][HIT] = 0
	L2_cache_stats_breakdown[LOCAL_ACC_R][HIT_RESERVED] = 0
	L2_cache_stats_breakdown[LOCAL_ACC_R][MISS] = 0
	L2_cache_stats_breakdown[LOCAL_ACC_R][RESERVATION_FAIL] = 0
	L2_cache_stats_breakdown[LOCAL_ACC_R][SECTOR_MISS] = 0
	L2_cache_stats_breakdown[LOCAL_ACC_R][MSHR_HIT] = 0
	L2_cache_stats_breakdown[CONST_ACC_R][HIT] = 0
	L2_cache_stats_breakdown[CONST_ACC_R][HIT_RESERVED] = 0
	L2_cache_stats_breakdown[CONST_ACC_R][MISS] = 0
	L2_cache_stats_breakdown[CONST_ACC_R][RESERVATION_FAIL] = 0
	L2_cache_stats_breakdown[CONST_ACC_R][SECTOR_MISS] = 0
	L2_cache_stats_breakdown[CONST_ACC_R][MSHR_HIT] = 0
	L2_cache_stats_breakdown[TEXTURE_ACC_R][HIT] = 0
	L2_cache_stats_breakdown[TEXTURE_ACC_R][HIT_RESERVED] = 0
	L2_cache_stats_breakdown[TEXTURE_ACC_R][MISS] = 0
	L2_cache_stats_breakdown[TEXTURE_ACC_R][RESERVATION_FAIL] = 0
	L2_cache_stats_breakdown[TEXTURE_ACC_R][SECTOR_MISS] = 0
	L2_cache_stats_breakdown[TEXTURE_ACC_R][MSHR_HIT] = 0
	L2_cache_stats_breakdown[GLOBAL_ACC_W][HIT] = 0
	L2_cache_stats_breakdown[GLOBAL_ACC_W][HIT_RESERVED] = 0
	L2_cache_stats_breakdown[GLOBAL_ACC_W][MISS] = 2048
	L2_cache_stats_breakdown[GLOBAL_ACC_W][RESERVATION_FAIL] = 0
	L2_cache_stats_breakdown[GLOBAL_ACC_W][SECTOR_MISS] = 6144
	L2_cache_stats_breakdown[GLOBAL_ACC_W][MSHR_HIT] = 0
	L2_cache_stats_breakdown[LOCAL_ACC_W][HIT] = 0
	L2_cache_stats_breakdown[LOCAL_ACC_W][HIT_RESERVED] = 0
	L2_cache_stats_breakdown[LOCAL_ACC_W][MISS] = 0
	L2_cache_stats_breakdown[LOCAL_ACC_W][RESERVATION_FAIL] = 0
	L2_cache_stats_breakdown[LOCAL_ACC_W][SECTOR_MISS] = 0
	L2_cache_stats_breakdown[LOCAL_ACC_W][MSHR_HIT] = 0
	L2_cache_stats_breakdown[L1_WRBK_ACC][HIT] = 0
	L2_cache_stats_breakdown[L1_WRBK_ACC][HIT_RESERVED] = 0
	L2_cache_stats_breakdown[L1_WRBK_ACC][MISS] = 0
	L2_cache_stats_breakdown[L1_WRBK_ACC][RESERVATION_FAIL] = 0
	L2_cache_stats_breakdown[L1_WRBK_ACC][SECTOR_MISS] = 0
	L2_cache_stats_breakdown[L1_WRBK_ACC][MSHR_HIT] = 0
	L2_cache_stats_breakdown[L2_WRBK_ACC][HIT] = 0
	L2_cache_stats_breakdown[L2_WRBK_ACC][HIT_RESERVED] = 0
	L2_cache_stats_breakdown[L2_WRBK_ACC][MISS] = 0
	L2_cache_stats_breakdown[L2_WRBK_ACC][RESERVATION_FAIL] = 0
	L2_cache_stats_breakdown[L2_WRBK_ACC][SECTOR_MISS] = 0
	L2_cache_stats_breakdown[L2_WRBK_ACC][MSHR_HIT] = 0
	L2_cache_stats_breakdown[INST_ACC_R][HIT] = 0
	L2_cache_stats_breakdown[INST_ACC_R][HIT_RESERVED] = 0
	L2_cache_stats_breakdown[INST_ACC_R][MISS] = 0
	L2_cache_stats_breakdown[INST_ACC_R][RESERVATION_FAIL] = 0
	L2_cache_stats_breakdown[INST_ACC_R][SECTOR_MISS] = 0
	L2_cache_stats_breakdown[INST_ACC_R][MSHR_HIT] = 0
	L2_cache_stats_breakdown[L1_WR_ALLOC_R][HIT] = 0
	L2_cache_stats_breakdown[L1_WR_ALLOC_R][HIT_RESERVED] = 0
	L2_cache_stats_breakdown[L1_WR_ALLOC_R][MISS] = 0
	L2_cache_stats_breakdown[L1_WR_ALLOC_R][RESERVATION_FAIL] = 0
	L2_cache_stats_breakdown[L1_WR_ALLOC_R][SECTOR_MISS] = 0
	L2_cache_stats_breakdown[L1_WR_ALLOC_R][MSHR_HIT] = 0
	L2_cache_stats_breakdown[L2_WR_ALLOC_R][HIT] = 0
	L2_cache_stats_breakdown[L2_WR_ALLOC_R][HIT_RESERVED] = 0
	L2_cache_stats_breakdown[L2_WR_ALLOC_R][MISS] = 0
	L2_cache_stats_breakdown[L2_WR_ALLOC_R][RESERVATION_FAIL] = 0
	L2_cache_stats_breakdown[L2_WR_ALLOC_R][SECTOR_MISS] = 0
	L2_cache_stats_breakdown[L2_WR_ALLOC_R][MSHR_HIT] = 0
	L2_cache_stats_breakdown[GLOBAL_ACC_R][TOTAL_ACCESS] = 7985608
	L2_cache_stats_breakdown[GLOBAL_ACC_W][TOTAL_ACCESS] = 8192
L2_total_cache_reservation_fail_breakdown:
	L2_cache_stats_fail_breakdown[GLOBAL_ACC_R][MSHR_MERGE_ENRTY_FAIL] = 107
L2_cache_data_port_util = 0.149
L2_cache_fill_port_util = 0.043

icnt_total_pkts_mem_to_simt=7993800
icnt_total_pkts_simt_to_mem=7993800
LD_mem_lat_dist  0 0 0 0 0 0 0 0 0 0 0 0 0 0 0 0 0 0 0 0 0 0 0 0 0 0 0
ST_mem_lat_dist  0 0 0 0 0 0 0 0 0 0 0 0 0 0 0 0 0 0 0 0 0 0 0 0 0 0 0
----------------------------Interconnect-DETAILS--------------------------------
Req_Network_injected_packets_num = 7993800
Req_Network_cycles = 1294199
Req_Network_injected_packets_per_cycle =       6.1766 
Req_Network_conflicts_per_cycle =       0.3940
Req_Network_conflicts_per_cycle_util =       0.3946
Req_Bank_Level_Parallism =       6.1855
Req_Network_in_buffer_full_per_cycle =       0.0000
Req_Network_in_buffer_avg_util =       0.1671
Req_Network_out_buffer_full_per_cycle =       0.0000
Req_Network_out_buffer_avg_util =       0.1930

Reply_Network_injected_packets_num = 7993800
Reply_Network_cycles = 1294199
Reply_Network_injected_packets_per_cycle =        6.1766
Reply_Network_conflicts_per_cycle =       24.5672
Reply_Network_conflicts_per_cycle_util =      24.6034
Reply_Bank_Level_Parallism =       6.1857
Reply_Network_in_buffer_full_per_cycle =       0.0000
Reply_Network_in_buffer_avg_util =      19.0231
Reply_Network_out_buffer_full_per_cycle =       0.0000
Reply_Network_out_buffer_avg_util =       0.7721
----------------------------END-of-Interconnect-DETAILS-------------------------


gpgpu_simulation_time = 0 days, 0 hrs, 7 min, 1 sec (421 sec)
gpgpu_simulation_rate = 95112 (inst/sec)
gpgpu_simulation_rate = 3074 (cycle/sec)
gpgpu_silicon_slowdown = 447950x
GPGPU-Sim: synchronize waiting for inactive GPU simulation
GPGPU-Sim API: Stream Manager State
GPGPU-Sim: detected inactive GPU simulation thread
MLX_GPU_PROXY_SUMMARY {"operator":"sv","count":65536,"parameter":128,"parameter2":0,"checksum":48351.003474295,"reference":48351.003474295,"relative_error":0}
GPGPU-Sim: *** exit detected ***
