self exe links to: /workspace/MLX_dev/build/fig24-qkv-orin-steady-state/mlx_fig24_schedule_witness
self exe links to: /workspace/MLX_dev/build/fig24-qkv-orin-steady-state/mlx_fig24_schedule_witness
11.0


        *** GPGPU-Sim Simulator Version 4.2.0  [build gpgpu-sim_git-commit-68e1cd3_modified_1.0] ***


GPGPU-Sim PTX: simulation mode 0 (can change with PTX_SIM_MODE_FUNC environment variable:
               1=functional simulation only, 0=detailed performance simulator)
GPGPU-Sim PTX: overriding embedded ptx with ptx file (PTX_SIM_USE_PTX_FILE is set)
GPGPU-Sim: Configuration options:

-save_embedded_ptx                      0 # saves ptx files embedded in binary as <n>.ptx
-keep                                   0 # keep intermediate files created by GPGPU-Sim when interfacing with external programs
-gpgpu_ptx_save_converted_ptxplus                    0 # Saved converted ptxplus to a file
-gpgpu_occupancy_sm_number                   86 # The SM number to pass to ptxas when getting register usage for computing GPU occupancy. This parameter is required in the config.
-ptx_opcode_latency_int           4,4,4,4,21 # Opcode latencies for integers <ADD,MAX,MUL,MAD,DIV,SHFL>Default 1,1,19,25,145,32
-ptx_opcode_latency_fp           4,4,4,4,39 # Opcode latencies for single precision floating points <ADD,MAX,MUL,MAD,DIV>Default 1,1,1,1,30
-ptx_opcode_latency_dp      64,64,64,64,330 # Opcode latencies for double precision floating points <ADD,MAX,MUL,MAD,DIV>Default 8,8,8,8,335
-ptx_opcode_latency_sfu                   21 # Opcode latencies for SFU instructionsDefault 8
-ptx_opcode_latency_tesnor                   64 # Opcode latencies for Tensor instructionsDefault 64
-ptx_opcode_initiation_int            2,2,2,2,2 # Opcode initiation intervals for integers <ADD,MAX,MUL,MAD,DIV,SHFL>Default 1,1,4,4,32,4
-ptx_opcode_initiation_fp            1,1,1,1,2 # Opcode initiation intervals for single precision floating points <ADD,MAX,MUL,MAD,DIV>Default 1,1,1,1,5
-ptx_opcode_initiation_dp      64,64,64,64,130 # Opcode initiation intervals for double precision floating points <ADD,MAX,MUL,MAD,DIV>Default 8,8,8,8,130
-ptx_opcode_initiation_sfu                    8 # Opcode initiation intervals for sfu instructionsDefault 8
-ptx_opcode_initiation_tensor                   64 # Opcode initiation intervals for tensor instructionsDefault 64
-cdp_latency         7200,8000,100,12000,1600 # CDP API latency <cudaStreamCreateWithFlags, cudaGetParameterBufferV2_init_perWarp, cudaGetParameterBufferV2_perKernel, cudaLaunchDeviceV2_init_perWarp, cudaLaunchDevicV2_perKernel>Default 7200,8000,100,12000,1600
-network_mode                           2 # Interconnection network mode
-inter_config_file                   mesh # Interconnection network config file
-icnt_in_buffer_limit                  512 # in_buffer_limit
-icnt_out_buffer_limit                  512 # out_buffer_limit
-icnt_subnets                           2 # subnets
-icnt_arbiter_algo                      1 # arbiter_algo
-icnt_verbose                           0 # inct_verbose
-icnt_grant_cycles                      1 # grant_cycles
-gpgpu_ptx_use_cuobjdump                    1 # Use cuobjdump to extract ptx and sass from binaries
-gpgpu_experimental_lib_support                    0 # Try to extract code from cuda libraries [Broken because of unknown cudaGetExportTable]
-checkpoint_option                      0 #  checkpointing flag (0 = no checkpoint)
-checkpoint_kernel                      1 #  checkpointing during execution of which kernel (1- 1st kernel)
-checkpoint_CTA                         0 #  checkpointing after # of CTA (< less than total CTA)
-resume_option                          0 #  resume flag (0 = no resume)
-resume_kernel                          0 #  Resume from which kernel (1= 1st kernel)
-resume_CTA                             0 #  resume from which CTA 
-checkpoint_CTA_t                       0 #  resume from which CTA 
-checkpoint_insn_Y                      0 #  resume from which CTA 
-gpgpu_ptx_convert_to_ptxplus                    0 # Convert SASS (native ISA) to ptxplus and run ptxplus
-gpgpu_ptx_force_max_capability                   86 # Force maximum compute capability
-gpgpu_ptx_inst_debug_to_file                    0 # Dump executed instructions' debug information to file
-gpgpu_ptx_inst_debug_file       inst_debug.txt # Executed instructions' debug output file
-gpgpu_ptx_inst_debug_thread_uid                    1 # Thread UID for executed instructions' debug output
-gpgpu_simd_model                       1 # 1 = post-dominator
-gpgpu_shader_core_pipeline              1536:32 # shader core pipeline config, i.e., {<nthread>:<warpsize>}
-gpgpu_tex_cache:l1  N:4:128:256,L:R:m:N:L,T:512:8,128:2 # per-shader L1 texture cache  (READ-ONLY) config  {<nsets>:<bsize>:<assoc>,<rep>:<wr>:<alloc>:<wr_alloc>,<mshr>:<N>:<merge>,<mq>:<rf>}
-gpgpu_const_cache:l1 N:128:64:8,L:R:f:N:L,S:2:64,4 # per-shader L1 constant memory cache  (READ-ONLY) config  {<nsets>:<bsize>:<assoc>,<rep>:<wr>:<alloc>:<wr_alloc>,<mshr>:<N>:<merge>,<mq>} 
-gpgpu_cache:il1     N:64:128:16,L:R:f:N:L,S:2:48,4 # shader L1 instruction cache config  {<nsets>:<bsize>:<assoc>,<rep>:<wr>:<alloc>:<wr_alloc>,<mshr>:<N>:<merge>,<mq>} 
-gpgpu_cache:dl1     S:4:128:256,L:T:m:L:L,A:384:48,16:0,32 # per-shader L1 data cache config  {<nsets>:<bsize>:<assoc>,<rep>:<wr>:<alloc>:<wr_alloc>,<mshr>:<N>:<merge>,<mq> | none}
-gpgpu_l1_cache_write_ratio                   25 # L1D write ratio
-gpgpu_l1_banks                         4 # The number of L1 cache banks
-gpgpu_l1_banks_byte_interleaving                   32 # l1 banks byte interleaving granularity
-gpgpu_l1_banks_hashing_function                    0 # l1 banks hashing function
-gpgpu_l1_latency                      39 # L1 Hit Latency
-gpgpu_smem_latency                    29 # smem Latency
-gpgpu_cache:dl1PrefL1                 none # per-shader L1 data cache config  {<nsets>:<bsize>:<assoc>,<rep>:<wr>:<alloc>:<wr_alloc>,<mshr>:<N>:<merge>,<mq> | none}
-gpgpu_cache:dl1PrefShared                 none # per-shader L1 data cache config  {<nsets>:<bsize>:<assoc>,<rep>:<wr>:<alloc>:<wr_alloc>,<mshr>:<N>:<merge>,<mq> | none}
-gpgpu_gmem_skip_L1D                    0 # global memory access skip L1D cache (implements -Xptxas -dlcm=cg, default=no skip)
-gpgpu_perfect_mem                      0 # enable perfect memory mode (no cache miss)
-n_regfile_gating_group                    4 # group of lanes that should be read/written together)
-gpgpu_clock_gated_reg_file                    0 # enable clock gated reg file for power calculations
-gpgpu_clock_gated_lanes                    0 # enable clock gated lanes for power calculations
-gpgpu_shader_registers                65536 # Number of registers per shader core. Limits number of concurrent CTAs. (default 8192)
-gpgpu_registers_per_block                65536 # Maximum number of registers per CTA. (default 8192)
-gpgpu_ignore_resources_limitation                    0 # gpgpu_ignore_resources_limitation (default 0)
-gpgpu_shader_cta                      32 # Maximum number of concurrent CTAs in shader (default 32)
-gpgpu_num_cta_barriers                   16 # Maximum number of named barriers per CTA (default 16)
-gpgpu_n_clusters                      16 # number of processing clusters
-gpgpu_n_cores_per_cluster                    1 # number of simd cores per cluster
-gpgpu_n_cluster_ejection_buffer_size                   32 # number of packets in ejection buffer
-gpgpu_n_ldst_response_buffer_size                    2 # number of response packets in ld/st unit ejection buffer
-gpgpu_shmem_per_block                49152 # Size of shared memory per thread block or CTA (default 48kB)
-gpgpu_shmem_size                  102400 # Size of shared memory per shader core (default 16kB)
-gpgpu_shmem_option      0,8,16,32,64,100 # Option list of shared memory sizes
-gpgpu_unified_l1d_size                  128 # Size of unified data cache(L1D + shared memory) in KB
-gpgpu_adaptive_cache_config                    1 # adaptive_cache_config
-gpgpu_shmem_sizeDefault               102400 # Size of shared memory per shader core (default 16kB)
-gpgpu_shmem_size_PrefL1                16384 # Size of shared memory per shader core (default 16kB)
-gpgpu_shmem_size_PrefShared                16384 # Size of shared memory per shader core (default 16kB)
-gpgpu_shmem_num_banks                   32 # Number of banks in the shared memory in each shader core (default 16)
-gpgpu_shmem_limited_broadcast                    0 # Limit shared memory to do one broadcast per cycle (default on)
-gpgpu_shmem_warp_parts                    1 # Number of portions a warp is divided into for shared memory bank conflict check 
-gpgpu_mem_unit_ports                    1 # The number of memory transactions allowed per core cycle
-gpgpu_shmem_warp_parts                    1 # Number of portions a warp is divided into for shared memory bank conflict check 
-gpgpu_warpdistro_shader                   -1 # Specify which shader core to collect the warp size distribution from
-gpgpu_warp_issue_shader                    0 # Specify which shader core to collect the warp issue distribution from
-gpgpu_local_mem_map                    1 # Mapping from local memory space address to simulated GPU physical address space (default = enabled)
-gpgpu_num_reg_banks                    8 # Number of register banks (default = 8)
-gpgpu_reg_bank_use_warp_id                    0 # Use warp ID in mapping registers to banks (default = off)
-gpgpu_sub_core_model                    1 # Sub Core Volta/Pascal model (default = off)
-gpgpu_enable_specialized_operand_collector                    0 # enable_specialized_operand_collector
-gpgpu_operand_collector_num_units_sp                    4 # number of collector units (default = 4)
-gpgpu_operand_collector_num_units_dp                    0 # number of collector units (default = 0)
-gpgpu_operand_collector_num_units_sfu                    4 # number of collector units (default = 4)
-gpgpu_operand_collector_num_units_int                    0 # number of collector units (default = 0)
-gpgpu_operand_collector_num_units_tensor_core                    4 # number of collector units (default = 4)
-gpgpu_operand_collector_num_units_mem                    2 # number of collector units (default = 2)
-gpgpu_operand_collector_num_units_gen                    8 # number of collector units (default = 0)
-gpgpu_operand_collector_num_in_ports_sp                    1 # number of collector unit in ports (default = 1)
-gpgpu_operand_collector_num_in_ports_dp                    0 # number of collector unit in ports (default = 0)
-gpgpu_operand_collector_num_in_ports_sfu                    1 # number of collector unit in ports (default = 1)
-gpgpu_operand_collector_num_in_ports_int                    0 # number of collector unit in ports (default = 0)
-gpgpu_operand_collector_num_in_ports_tensor_core                    1 # number of collector unit in ports (default = 1)
-gpgpu_operand_collector_num_in_ports_mem                    1 # number of collector unit in ports (default = 1)
-gpgpu_operand_collector_num_in_ports_gen                    8 # number of collector unit in ports (default = 0)
-gpgpu_operand_collector_num_out_ports_sp                    1 # number of collector unit in ports (default = 1)
-gpgpu_operand_collector_num_out_ports_dp                    0 # number of collector unit in ports (default = 0)
-gpgpu_operand_collector_num_out_ports_sfu                    1 # number of collector unit in ports (default = 1)
-gpgpu_operand_collector_num_out_ports_int                    0 # number of collector unit in ports (default = 0)
-gpgpu_operand_collector_num_out_ports_tensor_core                    1 # number of collector unit in ports (default = 1)
-gpgpu_operand_collector_num_out_ports_mem                    1 # number of collector unit in ports (default = 1)
-gpgpu_operand_collector_num_out_ports_gen                    8 # number of collector unit in ports (default = 0)
-gpgpu_coalesce_arch                   86 # Coalescing arch (GT200 = 13, Fermi = 20)
-gpgpu_num_sched_per_core                    4 # Number of warp schedulers per core
-gpgpu_max_insn_issue_per_warp                    1 # Max number of instructions that can be issued per warp in one cycle by scheduler (either 1 or 2)
-gpgpu_dual_issue_diff_exec_units                    1 # should dual issue use two different execution unit resources (Default = 1)
-gpgpu_simt_core_sim_order                    1 # Select the simulation order of cores in a cluster (0=Fix, 1=Round-Robin)
-gpgpu_pipeline_widths 4,4,4,4,4,4,4,4,4,4,8,4,4 # Pipeline widths ID_OC_SP,ID_OC_DP,ID_OC_INT,ID_OC_SFU,ID_OC_MEM,OC_EX_SP,OC_EX_DP,OC_EX_INT,OC_EX_SFU,OC_EX_MEM,EX_WB,ID_OC_TENSOR_CORE,OC_EX_TENSOR_CORE
-gpgpu_tensor_core_avail                    1 # Tensor Core Available (default=0)
-gpgpu_num_sp_units                     4 # Number of SP units (default=1)
-gpgpu_num_dp_units                     4 # Number of DP units (default=0)
-gpgpu_num_int_units                    4 # Number of INT units (default=0)
-gpgpu_num_sfu_units                    4 # Number of SF units (default=1)
-gpgpu_num_tensor_core_units                    4 # Number of tensor_core units (default=1)
-gpgpu_num_mem_units                    1 # Number if ldst units (default=1) WARNING: not hooked up to anything
-gpgpu_scheduler                      lrr # Scheduler configuration: < lrr | gto | two_level_active > If two_level_active:<num_active_warps>:<inner_prioritization>:<outer_prioritization>For complete list of prioritization values see shader.h enum scheduler_prioritization_typeDefault: gto
-gpgpu_concurrent_kernel_sm                    0 # Support concurrent kernels on a SM (default = disabled)
-gpgpu_perfect_inst_const_cache                    1 # perfect inst and const cache mode, so all inst and const hits in the cache(default = disabled)
-gpgpu_inst_fetch_throughput                    4 # the number of fetched intruction per warp each cycle
-gpgpu_reg_file_port_throughput                    2 # the number ports of the register file
-specialized_unit_1         0,4,4,4,4,BRA # specialized unit config {<enabled>,<num_units>:<latency>:<initiation>,<ID_OC_SPEC>:<OC_EX_SPEC>,<NAME>}
-specialized_unit_2         0,4,4,4,4,BRA # specialized unit config {<enabled>,<num_units>:<latency>:<initiation>,<ID_OC_SPEC>:<OC_EX_SPEC>,<NAME>}
-specialized_unit_3         0,4,4,4,4,BRA # specialized unit config {<enabled>,<num_units>:<latency>:<initiation>,<ID_OC_SPEC>:<OC_EX_SPEC>,<NAME>}
-specialized_unit_4         0,4,4,4,4,BRA # specialized unit config {<enabled>,<num_units>:<latency>:<initiation>,<ID_OC_SPEC>:<OC_EX_SPEC>,<NAME>}
-specialized_unit_5         0,4,4,4,4,BRA # specialized unit config {<enabled>,<num_units>:<latency>:<initiation>,<ID_OC_SPEC>:<OC_EX_SPEC>,<NAME>}
-specialized_unit_6         0,4,4,4,4,BRA # specialized unit config {<enabled>,<num_units>:<latency>:<initiation>,<ID_OC_SPEC>:<OC_EX_SPEC>,<NAME>}
-specialized_unit_7         0,4,4,4,4,BRA # specialized unit config {<enabled>,<num_units>:<latency>:<initiation>,<ID_OC_SPEC>:<OC_EX_SPEC>,<NAME>}
-specialized_unit_8         0,4,4,4,4,BRA # specialized unit config {<enabled>,<num_units>:<latency>:<initiation>,<ID_OC_SPEC>:<OC_EX_SPEC>,<NAME>}
-gpgpu_perf_sim_memcpy                    1 # Fill the L2 cache on memcpy
-gpgpu_simple_dram_model                    0 # simple_dram_model with fixed latency and BW
-gpgpu_dram_scheduler                    1 # 0 = fifo, 1 = FR-FCFS (defaul)
-gpgpu_dram_partition_queues          64:64:64:64 # i2$:$2d:d2$:$2i
-l2_ideal                               0 # Use a ideal L2 cache that always hit
-gpgpu_cache:dl2     S:64:128:16,L:B:m:L:P,A:192:4,32:0,32 # unified banked L2 data cache config  {<nsets>:<bsize>:<assoc>,<rep>:<wr>:<alloc>:<wr_alloc>,<mshr>:<N>:<merge>,<mq>}
-gpgpu_cache:dl2_texture_only                    0 # L2 cache used for texture only
-gpgpu_n_mem                           16 # number of memory modules (e.g. memory controllers) in gpu
-gpgpu_n_sub_partition_per_mchannel                    2 # number of memory subpartition in each memory module
-gpgpu_n_mem_per_ctrlr                    1 # number of memory chips per memory controller
-gpgpu_memlatency_stat                   14 # track and display latency statistics 0x2 enables MC, 0x4 enables queue logs
-gpgpu_frfcfs_dram_sched_queue_size                   64 # 0 = unlimited (default); # entries per chip
-gpgpu_dram_return_queue_size                  192 # 0 = unlimited (default); # entries per chip
-gpgpu_dram_buswidth                    2 # default = 4 bytes (8 bytes per cycle at DDR)
-gpgpu_dram_burst_length                   16 # Burst length of each DRAM request (default = 4 data bus cycle)
-dram_data_command_freq_ratio                    4 # Frequency ratio between DRAM data bus and command bus (default = 2 times, i.e. DDR)
-gpgpu_dram_timing_opt nbk=16:CCD=4:RRD=12:RCD=24:RAS=55:RP=24:RC=78:CL=24:WL=8:CDLR=10:WR=24:nbkgrp=4:CCDL=6:RTPL=4 # DRAM timing parameters = {nbk:tCCD:tRRD:tRCD:tRAS:tRP:tRC:CL:WL:tCDLR:tWR:nbkgrp:tCCDL:tRTPL}
-gpgpu_l2_rop_latency                  187 # ROP queue latency (default 85)
-dram_latency                         254 # DRAM latency (default 30)
-dram_dual_bus_interface                    0 # dual_bus_interface (default = 0) 
-dram_bnk_indexing_policy                    0 # dram_bnk_indexing_policy (0 = normal indexing, 1 = Xoring with the higher bits) (Default = 0)
-dram_bnkgrp_indexing_policy                    1 # dram_bnkgrp_indexing_policy (0 = take higher bits, 1 = take lower bits) (Default = 0)
-dram_seperate_write_queue_enable                    0 # Seperate_Write_Queue_Enable
-dram_write_queue_size             32:28:16 # Write_Queue_Size
-dram_elimnate_rw_turnaround                    0 # elimnate_rw_turnaround i.e set tWTR and tRTW = 0
-icnt_flit_size                        40 # icnt_flit_size
-SST_mode                               0 # SST mode
-gpgpu_mem_addr_mapping dramid@8;00000000.00000000.00000000.00000000.0000RRRR.RRRRRRRR.RBBBCCCC.BCCSSSSS # mapping memory address to dram model {dramid@<start bit>;<memory address map>}
-gpgpu_mem_addr_test                    0 # run sweep test to check address mapping for aliased address
-gpgpu_mem_address_mask                    1 # 0 = old addressing mask, 1 = new addressing mask, 2 = new add. mask + flipped bank sel and chip sel bits
-gpgpu_memory_partition_indexing                    2 # 0 = no indexing, 1 = bitwise xoring, 2 = IPoly, 3 = custom indexing
-accelwattch_xml_file accelwattch_sass_sim.xml # AccelWattch XML file
-power_simulation_enabled                    0 # Turn on power simulator (1=On, 0=Off)
-power_per_cycle_dump                    0 # Dump detailed power output each cycle
-hw_perf_file_name            hw_perf.csv # Hardware Performance Statistics file
-hw_perf_bench_name                       # Kernel Name in Hardware Performance Statistics file
-power_simulation_mode                    0 # Switch performance counter input for power simulation (0=Sim, 1=HW, 2=HW-Sim Hybrid)
-dvfs_enabled                           0 # Turn on DVFS for power model
-aggregate_power_stats                    0 # Accumulate power across all kernels
-accelwattch_hybrid_perfsim_L1_RH                    0 # Get L1 Read Hits for Accelwattch-Hybrid from Accel-Sim
-accelwattch_hybrid_perfsim_L1_RM                    0 # Get L1 Read Misses for Accelwattch-Hybrid from Accel-Sim
-accelwattch_hybrid_perfsim_L1_WH                    0 # Get L1 Write Hits for Accelwattch-Hybrid from Accel-Sim
-accelwattch_hybrid_perfsim_L1_WM                    0 # Get L1 Write Misses for Accelwattch-Hybrid from Accel-Sim
-accelwattch_hybrid_perfsim_L2_RH                    0 # Get L2 Read Hits for Accelwattch-Hybrid from Accel-Sim
-accelwattch_hybrid_perfsim_L2_RM                    0 # Get L2 Read Misses for Accelwattch-Hybrid from Accel-Sim
-accelwattch_hybrid_perfsim_L2_WH                    0 # Get L2 Write Hits for Accelwattch-Hybrid from Accel-Sim
-accelwattch_hybrid_perfsim_L2_WM                    0 # Get L2 Write Misses for Accelwattch-Hybrid from Accel-Sim
-accelwattch_hybrid_perfsim_CC_ACC                    0 # Get Constant Cache Acesses for Accelwattch-Hybrid from Accel-Sim
-accelwattch_hybrid_perfsim_SHARED_ACC                    0 # Get Shared Memory Acesses for Accelwattch-Hybrid from Accel-Sim
-accelwattch_hybrid_perfsim_DRAM_RD                    0 # Get DRAM Reads for Accelwattch-Hybrid from Accel-Sim
-accelwattch_hybrid_perfsim_DRAM_WR                    0 # Get DRAM Writes for Accelwattch-Hybrid from Accel-Sim
-accelwattch_hybrid_perfsim_NOC                    0 # Get Interconnect Acesses for Accelwattch-Hybrid from Accel-Sim
-accelwattch_hybrid_perfsim_PIPE_DUTY                    0 # Get Pipeline Duty Cycle Acesses for Accelwattch-Hybrid from Accel-Sim
-accelwattch_hybrid_perfsim_NUM_SM_IDLE                    0 # Get Number of Idle SMs for Accelwattch-Hybrid from Accel-Sim
-accelwattch_hybrid_perfsim_CYCLES                    0 # Get Executed Cycles for Accelwattch-Hybrid from Accel-Sim
-accelwattch_hybrid_perfsim_VOLTAGE                    0 # Get Chip Voltage for Accelwattch-Hybrid from Accel-Sim
-power_trace_enabled                    0 # produce a file for the power trace (1=On, 0=Off)
-power_trace_zlevel                     6 # Compression level of the power trace output log (0=no comp, 9=highest)
-steady_power_levels_enabled                    0 # produce a file for the steady power levels (1=On, 0=Off)
-steady_state_definition                  8:4 # allowed deviation:number of samples
-gpgpu_max_cycle                        0 # terminates gpu simulation early (0 = no limit)
-gpgpu_max_insn                         0 # terminates gpu simulation early (0 = no limit)
-gpgpu_max_cta                          0 # terminates gpu simulation early (0 = no limit)
-gpgpu_max_completed_cta                    0 # terminates gpu simulation early (0 = no limit)
-gpgpu_runtime_stat                   500 # display runtime statistics such as dram utilization {<freq>:<flag>}
-liveness_message_freq                    1 # Minimum number of seconds between simulation liveness messages (0 = always print)
-gpgpu_compute_capability_major                    8 # Major compute capability version number
-gpgpu_compute_capability_minor                    6 # Minor compute capability version number
-gpgpu_flush_l1_cache                    1 # Flush L1 cache at the end of each kernel call
-gpgpu_flush_l2_cache                    0 # Flush L2 cache at the end of each kernel call
-gpgpu_deadlock_detect                    1 # Stop the simulation at deadlock (1=on (default), 0=off)
-gpgpu_ptx_instruction_classification                    0 # if enabled will classify ptx instruction types per kernel (Max 255 kernels now)
-gpgpu_ptx_sim_mode                     0 # Select between Performance (default) or Functional simulation (1)
-gpgpu_clock_domains  1300:1300:1300:1600 # Clock Domain Frequencies in MhZ {<Core Clock>:<ICNT Clock>:<L2 Clock>:<DRAM Clock>}
-gpgpu_max_concurrent_kernel                  128 # maximum kernels that can run concurrently on GPU, set this value according to max resident grids for your compute capability
-gpgpu_cflog_interval                    0 # Interval between each snapshot in control flow logger
-visualizer_enabled                     0 # Turn on visualizer output (1=On, 0=Off)
-visualizer_outputfile                 NULL # Specifies the output log file for visualizer
-visualizer_zlevel                      6 # Compression level of the visualizer output log (0=no comp, 9=highest)
-gpgpu_stack_size_limit                 1024 # GPU thread stack size
-gpgpu_heap_size_limit              8388608 # GPU malloc heap size 
-gpgpu_runtime_sync_depth_limit                    2 # GPU device runtime synchronize depth
-gpgpu_runtime_pending_launch_count_limit                 2048 # GPU device runtime pending launch count
-trace_enabled                          0 # Turn on traces
-trace_components                    none # comma seperated list of traces to enable. Complete list found in trace_streams.tup. Default none
-trace_sampling_core                    0 # The core which is printed using CORE_DPRINTF. Default 0
-trace_sampling_memory_partition                   -1 # The memory partition which is printed using MEMPART_DPRINTF. Default -1 (i.e. all)
-enable_ptx_file_line_stats                    1 # Turn on PTX source line statistic profiling. (1 = On)
-ptx_line_stats_filename gpgpu_inst_stats.txt # Output file for PTX source line statistics.
-gpgpu_kernel_launch_latency                 5000 # Kernel launch latency in cycles. Default: 0
-gpgpu_cdp_enabled                      0 # Turn on CDP
-gpgpu_TB_launch_latency                    0 # thread block launch latency in cycles. Default: 0
DRAM Timing Options:
nbk                                    16 # number of banks
CCD                                     4 # column to column delay
RRD                                 ec7039057ea4c19d9060dc6fc436d410  /workspace/MLX_dev/build/fig24-qkv-orin-steady-state/mlx_fig24_schedule_witness
Extracting PTX file and ptxas options    1: mlx_fig24_schedule_witness.1.sm_86.ptx -arch=sm_86
   12 # minimal delay between activation of rows in different banks
RCD                                    24 # row to column delay
RAS                                    55 # time needed to activate row
RP                                     24 # time needed to precharge (deactivate) row
RC                                     78 # row cycle time
CDLR                                   10 # switching from write to read (changes tWTR)
WR                                     24 # last data-in to row precharge
CL                                     24 # CAS latency
WL                                      8 # Write latency
nbkgrp                                  4 # number of bank groups
CCDL                                    6 # column to column delay between accesses to different bank groups
RTPL                                    4 # read to precharge delay between accesses to different bank groups
Total number of memory sub partition = 32
addr_dec_mask[CHIP]  = 0000000000000f00 	high:12 low:8
addr_dec_mask[BK]    = 0000000000070080 	high:19 low:7
addr_dec_mask[ROW]   = 00000000fff80000 	high:32 low:19
addr_dec_mask[COL]   = 000000000000f07f 	high:16 low:0
addr_dec_mask[BURST] = 000000000000001f 	high:5 low:0
sub_partition_id_mask = 0000000000000080
GPGPU-Sim uArch: clock freqs: 1300000000.000000:1300000000.000000:1300000000.000000:1600000000.000000
GPGPU-Sim uArch: clock periods: 0.00000000076923076923:0.00000000076923076923:0.00000000076923076923:0.00000000062500000000
*** Initializing Memory Statistics ***
GPGPU-Sim uArch: performance model initialization complete.
GPGPU-Sim PTX: __cudaRegisterFatBinary, fat_cubin_handle = 1, filename=default
self exe links to: /workspace/MLX_dev/build/fig24-qkv-orin-steady-state/mlx_fig24_schedule_witness
Running md5sum using "md5sum /workspace/MLX_dev/build/fig24-qkv-orin-steady-state/mlx_fig24_schedule_witness "
self exe links to: /workspace/MLX_dev/build/fig24-qkv-orin-steady-state/mlx_fig24_schedule_witness
Extracting specific PTX file named mlx_fig24_schedule_witness.1.sm_86.ptx 
GPGPU-Sim PTX: __cudaRegisterFunction _Z10bsmm_stagePKfPfii : hostFun 0x0x610cd6e14030, fat_cubin_handle = 1
GPGPU-Sim PTX: Parsing mlx_fig24_schedule_witness.1.sm_86.ptx
GPGPU-Sim PTX: instruction assembly for function '_Z10bsmm_stagePKfPfii'...   done.
GPGPU-Sim PTX: finished parsing EMBEDDED .ptx file mlx_fig24_schedule_witness.1.sm_86.ptx
GPGPU-Sim PTX: loading globals with explicit initializers... 
GPGPU-Sim PTX: finished loading globals (0 bytes total).
GPGPU-Sim PTX: loading constants with explicit initializers...  done.
GPGPU-Sim PTX: Loading PTXInfo from mlx_fig24_schedule_witness.1.sm_86.ptx
GPGPU-Sim PTX: Kernel '_Z10bsmm_stagePKfPfii' : regs=14, lmem=0, smem=0, cmem=376
self exe links to: /workspace/MLX_dev/build/fig24-qkv-orin-steady-state/mlx_fig24_schedule_witness
self exe links to: /workspace/MLX_dev/build/fig24-qkv-orin-steady-state/mlx_fig24_schedule_witness
11.0
GPGPU-Sim PTX: __cudaRegisterFatBinary, fat_cubin_handle = 2, filename=default
GPGPU-Sim PTX: __cudaRegisterFunction __nv_static_44__570e7b9d_22_cuda_device_runtime_cu_8b1a5d37__Z16memcpy_3d_deviceImLi1ELi1ELi1EEvPKhPhT_S3_S3_S3_S3_S3_S3_jjjjjjjjS3_S1_S2_ : hostFun 0x0x610cd6e19ce0, fat_cubin_handle = 2
Warning: cannot find deviceFun __nv_static_44__570e7b9d_22_cuda_device_runtime_cu_8b1a5d37__Z16memcpy_3d_deviceImLi1ELi1ELi1EEvPKhPhT_S3_S3_S3_S3_S3_S3_jjjjjjjjS3_S1_S2_
GPGPU-Sim PTX: __cudaRegisterFunction __nv_static_44__570e7b9d_22_cuda_device_runtime_cu_8b1a5d37__Z16memcpy_3d_deviceImLi1ELi1ELi0EEvPKhPhT_S3_S3_S3_S3_S3_S3_jjjjjjjjS3_S1_S2_ : hostFun 0x0x610cd6e199b0, fat_cubin_handle = 2
Warning: cannot find deviceFun __nv_static_44__570e7b9d_22_cuda_device_runtime_cu_8b1a5d37__Z16memcpy_3d_deviceImLi1ELi1ELi0EEvPKhPhT_S3_S3_S3_S3_S3_S3_jjjjjjjjS3_S1_S2_
GPGPU-Sim PTX: __cudaRegisterFunction __nv_static_44__570e7b9d_22_cuda_device_runtime_cu_8b1a5d37__Z16memcpy_3d_deviceImLi1ELi0ELi1EEvPKhPhT_S3_S3_S3_S3_S3_S3_jjjjjjjjS3_S1_S2_ : hostFun 0x0x610cd6e19680, fat_cubin_handle = 2
Warning: cannot find deviceFun __nv_static_44__570e7b9d_22_cuda_device_runtime_cu_8b1a5d37__Z16memcpy_3d_deviceImLi1ELi0ELi1EEvPKhPhT_S3_S3_S3_S3_S3_S3_jjjjjjjjS3_S1_S2_
GPGPU-Sim PTX: __cudaRegisterFunction __nv_static_44__570e7b9d_22_cuda_device_runtime_cu_8b1a5d37__Z16memcpy_3d_deviceImLi1ELi0ELi0EEvPKhPhT_S3_S3_S3_S3_S3_S3_jjjjjjjjS3_S1_S2_ : hostFun 0x0x610cd6e19350, fat_cubin_handle = 2
Warning: cannot find deviceFun __nv_static_44__570e7b9d_22_cuda_device_runtime_cu_8b1a5d37__Z16memcpy_3d_deviceImLi1ELi0ELi0EEvPKhPhT_S3_S3_S3_S3_S3_S3_jjjjjjjjS3_S1_S2_
GPGPU-Sim PTX: __cudaRegisterFunction __nv_static_44__570e7b9d_22_cuda_device_runtime_cu_8b1a5d37__Z16memcpy_3d_deviceImLi0ELi1ELi1EEvPKhPhT_S3_S3_S3_S3_S3_S3_jjjjjjjjS3_S1_S2_ : hostFun 0x0x610cd6e19020, fat_cubin_handle = 2
Warning: cannot find deviceFun __nv_static_44__570e7b9d_22_cuda_device_runtime_cu_8b1a5d37__Z16memcpy_3d_deviceImLi0ELi1ELi1EEvPKhPhT_S3_S3_S3_S3_S3_S3_jjjjjjjjS3_S1_S2_
GPGPU-Sim PTX: __cudaRegisterFunction __nv_static_44__570e7b9d_22_cuda_device_runtime_cu_8b1a5d37__Z16memcpy_3d_deviceImLi0ELi1ELi0EEvPKhPhT_S3_S3_S3_S3_S3_S3_jjjjjjjjS3_S1_S2_ : hostFun 0x0x610cd6e18cf0, fat_cubin_handle = 2
Warning: cannot find deviceFun __nv_static_44__570e7b9d_22_cuda_device_runtime_cu_8b1a5d37__Z16memcpy_3d_deviceImLi0ELi1ELi0EEvPKhPhT_S3_S3_S3_S3_S3_S3_jjjjjjjjS3_S1_S2_
GPGPU-Sim PTX: __cudaRegisterFunction __nv_static_44__570e7b9d_22_cuda_device_runtime_cu_8b1a5d37__Z16memcpy_3d_deviceImLi0ELi0ELi1EEvPKhPhT_S3_S3_S3_S3_S3_S3_jjjjjjjjS3_S1_S2_ : hostFun 0x0x610cd6e189c0, fat_cubin_handle = 2
Warning: cannot find deviceFun __nv_static_44__570e7b9d_22_cuda_device_runtime_cu_8b1a5d37__Z16memcpy_3d_deviceImLi0ELi0ELi1EEvPKhPhT_S3_S3_S3_S3_S3_S3_jjjjjjjjS3_S1_S2_
GPGPU-Sim PTX: __cudaRegisterFunction __nv_static_44__570e7b9d_22_cuda_device_runtime_cu_8b1a5d37__Z16memcpy_3d_deviceImLi0ELi0ELi0EEvPKhPhT_S3_S3_S3_S3_S3_S3_jjjjjjjjS3_S1_S2_ : hostFun 0x0x610cd6e18690, fat_cubin_handle = 2
Warning: cannot find deviceFun __nv_static_44__570e7b9d_22_cuda_device_runtime_cu_8b1a5d37__Z16memcpy_3d_deviceImLi0ELi0ELi0EEvPKhPhT_S3_S3_S3_S3_S3_S3_jjjjjjjjS3_S1_S2_
GPGPU-Sim PTX: __cudaRegisterFunction __nv_static_44__570e7b9d_22_cuda_device_runtime_cu_8b1a5d37__Z16memcpy_3d_deviceIjLi1ELi1ELi1EEvPKhPhT_S3_S3_S3_S3_S3_S3_jjjjjjjjS3_S1_S2_ : hostFun 0x0x610cd6e18380, fat_cubin_handle = 2
Warning: cannot find deviceFun __nv_static_44__570e7b9d_22_cuda_device_runtime_cu_8b1a5d37__Z16memcpy_3d_deviceIjLi1ELi1ELi1EEvPKhPhT_S3_S3_S3_S3_S3_S3_jjjjjjjjS3_S1_S2_
GPGPU-Sim PTX: __cudaRegisterFunction __nv_static_44__570e7b9d_22_cuda_device_runtime_cu_8b1a5d37__Z16memcpy_3d_deviceIjLi1ELi1ELi0EEvPKhPhT_S3_S3_S3_S3_S3_S3_jjjjjjjjS3_S1_S2_ : hostFun 0x0x610cd6e18070, fat_cubin_handle = 2
Warning: cannot find deviceFun __nv_static_44__570e7b9d_22_cuda_device_runtime_cu_8b1a5d37__Z16memcpy_3d_deviceIjLi1ELi1ELi0EEvPKhPhT_S3_S3_S3_S3_S3_S3_jjjjjjjjS3_S1_S2_
GPGPU-Sim PTX: __cudaRegisterFunction __nv_static_44__570e7b9d_22_cuda_device_runtime_cu_8b1a5d37__Z16memcpy_3d_deviceIjLi1ELi0ELi1EEvPKhPhT_S3_S3_S3_S3_S3_S3_jjjjjjjjS3_S1_S2_ : hostFun 0x0x610cd6e17d60, fat_cubin_handle = 2
Warning: cannot find deviceFun __nv_static_44__570e7b9d_22_cuda_device_runtime_cu_8b1a5d37__Z16memcpy_3d_deviceIjLi1ELi0ELi1EEvPKhPhT_S3_S3_S3_S3_S3_S3_jjjjjjjjS3_S1_S2_
GPGPU-Sim PTX: __cudaRegisterFunction __nv_static_44__570e7b9d_22_cuda_device_runtime_cu_8b1a5d37__Z16memcpy_3d_deviceIjLi1ELi0ELi0EEvPKhPhT_S3_S3_S3_S3_S3_S3_jjjjjjjjS3_S1_S2_ : hostFun 0x0x610cd6e17a50, fat_cubin_handle = 2
Warning: cannot find deviceFun __nv_static_44__570e7b9d_22_cuda_device_runtime_cu_8b1a5d37__Z16memcpy_3d_deviceIjLi1ELi0ELi0EEvPKhPhT_S3_S3_S3_S3_S3_S3_jjjjjjjjS3_S1_S2_
GPGPU-Sim PTX: __cudaRegisterFunction __nv_static_44__570e7b9d_22_cuda_device_runtime_cu_8b1a5d37__Z16memcpy_3d_deviceIjLi0ELi1ELi1EEvPKhPhT_S3_S3_S3_S3_S3_S3_jjjjjjjjS3_S1_S2_ : hostFun 0x0x610cd6e17740, fat_cubin_handle = 2
Warning: cannot find deviceFun __nv_static_44__570e7b9d_22_cuda_device_runtime_cu_8b1a5d37__Z16memcpy_3d_deviceIjLi0ELi1ELi1EEvPKhPhT_S3_S3_S3_S3_S3_S3_jjjjjjjjS3_S1_S2_
GPGPU-Sim PTX: __cudaRegisterFunction __nv_static_44__570e7b9d_22_cuda_device_runtime_cu_8b1a5d37__Z16memcpy_3d_deviceIjLi0ELi1ELi0EEvPKhPhT_S3_S3_S3_S3_S3_S3_jjjjjjjjS3_S1_S2_ : hostFun 0x0x610cd6e17430, fat_cubin_handle = 2
Warning: cannot find deviceFun __nv_static_44__570e7b9d_22_cuda_device_runtime_cu_8b1a5d37__Z16memcpy_3d_deviceIjLi0ELi1ELi0EEvPKhPhT_S3_S3_S3_S3_S3_S3_jjjjjjjjS3_S1_S2_
GPGPU-Sim PTX: __cudaRegisterFunction __nv_static_44__570e7b9d_22_cuda_device_runtime_cu_8b1a5d37__Z16memcpy_3d_deviceIjLi0ELi0ELi1EEvPKhPhT_S3_S3_S3_S3_S3_S3_jjjjjjjjS3_S1_S2_ : hostFun 0x0x610cd6e17120, fat_cubin_handle = 2
Warning: cannot find deviceFun __nv_static_44__570e7b9d_22_cuda_device_runtime_cu_8b1a5d37__Z16memcpy_3d_deviceIjLi0ELi0ELi1EEvPKhPhT_S3_S3_S3_S3_S3_S3_jjjjjjjjS3_S1_S2_
GPGPU-Sim PTX: __cudaRegisterFunction __nv_static_44__570e7b9d_22_cuda_device_runtime_cu_8b1a5d37__Z16memcpy_3d_deviceIjLi0ELi0ELi0EEvPKhPhT_S3_S3_S3_S3_S3_S3_jjjjjjjjS3_S1_S2_ : hostFun 0x0x610cd6e16e10, fat_cubin_handle = 2
Warning: cannot find deviceFun __nv_static_44__570e7b9d_22_cuda_device_runtime_cu_8b1a5d37__Z16memcpy_3d_deviceIjLi0ELi0ELi0EEvPKhPhT_S3_S3_S3_S3_S3_S3_jjjjjjjjS3_S1_S2_
GPGPU-Sim PTX: __cudaRegisterFunction __nv_static_44__570e7b9d_22_cuda_device_runtime_cu_8b1a5d37__Z16memset_3d_deviceImLi1ELi1ELi1EEvPhhjT_S1_S1_S1_S1_jjjjjjjS1_S0_ : hostFun 0x0x610cd6e16bc0, fat_cubin_handle = 2
Warning: cannot find deviceFun __nv_static_44__570e7b9d_22_cuda_device_runtime_cu_8b1a5d37__Z16memset_3d_deviceImLi1ELi1ELi1EEvPhhjT_S1_S1_S1_S1_jjjjjjjS1_S0_
GPGPU-Sim PTX: __cudaRegisterFunction __nv_static_44__570e7b9d_22_cuda_device_runtime_cu_8b1a5d37__Z16memset_3d_deviceImLi1ELi1ELi0EEvPhhjT_S1_S1_S1_S1_jjjjjjjS1_S0_ : hostFun 0x0x610cd6e16970, fat_cubin_handle = 2
Warning: cannot find deviceFun __nv_static_44__570e7b9d_22_cuda_device_runtime_cu_8b1a5d37__Z16memset_3d_deviceImLi1ELi1ELi0EEvPhhjT_S1_S1_S1_S1_jjjjjjjS1_S0_
GPGPU-Sim PTX: __cudaRegisterFunction __nv_static_44__570e7b9d_22_cuda_device_runtime_cu_8b1a5d37__Z16memset_3d_deviceImLi1ELi0ELi1EEvPhhjT_S1_S1_S1_S1_jjjjjjjS1_S0_ : hostFun 0x0x610cd6e16720, fat_cubin_handle = 2
Warning: cannot find deviceFun __nv_static_44__570e7b9d_22_cuda_device_runtime_cu_8b1a5d37__Z16memset_3d_deviceImLi1ELi0ELi1EEvPhhjT_S1_S1_S1_S1_jjjjjjjS1_S0_
GPGPU-Sim PTX: __cudaRegisterFunction __nv_static_44__570e7b9d_22_cuda_device_runtime_cu_8b1a5d37__Z16memset_3d_deviceImLi1ELi0ELi0EEvPhhjT_S1_S1_S1_S1_jjjjjjjS1_S0_ : hostFun 0x0x610cd6e164d0, fat_cubin_handle = 2
Warning: cannot find deviceFun __nv_static_44__570e7b9d_22_cuda_device_runtime_cu_8b1a5d37__Z16memset_3d_deviceImLi1ELi0ELi0EEvPhhjT_S1_S1_S1_S1_jjjjjjjS1_S0_
GPGPU-Sim PTX: __cudaRegisterFunction __nv_static_44__570e7b9d_22_cuda_device_runtime_cu_8b1a5d37__Z16memset_3d_deviceImLi0ELi1ELi1EEvPhhjT_S1_S1_S1_S1_jjjjjjjS1_S0_ : hostFun 0x0x610cd6e16280, fat_cubin_handle = 2
Warning: cannot find deviceFun __nv_static_44__570e7b9d_22_cuda_device_runtime_cu_8b1a5d37__Z16memset_3d_deviceImLi0ELi1ELi1EEvPhhjT_S1_S1_S1_S1_jjjjjjjS1_S0_
GPGPU-Sim PTX: __cudaRegisterFunction __nv_static_44__570e7b9d_22_cuda_device_runtime_cu_8b1a5d37__Z16memset_3d_deviceImLi0ELi1ELi0EEvPhhjT_S1_S1_S1_S1_jjjjjjjS1_S0_ : hostFun 0x0x610cd6e16030, fat_cubin_handle = 2
Warning: cannot find deviceFun __nv_static_44__570e7b9d_22_cuda_device_runtime_cu_8b1a5d37__Z16memset_3d_deviceImLi0ELi1ELi0EEvPhhjT_S1_S1_S1_S1_jjjjjjjS1_S0_
GPGPU-Sim PTX: __cudaRegisterFunction __nv_static_44__570e7b9d_22_cuda_device_runtime_cu_8b1a5d37__Z16memset_3d_deviceImLi0ELi0ELi1EEvPhhjT_S1_S1_S1_S1_jjjjjjjS1_S0_ : hostFun 0x0x610cd6e15de0, fat_cubin_handle = 2
Warning: cannot find deviceFun __nv_static_44__570e7b9d_22_cuda_device_runtime_cu_8b1a5d37__Z16memset_3d_deviceImLi0ELi0ELi1EEvPhhjT_S1_S1_S1_S1_jjjjjjjS1_S0_
GPGPU-Sim PTX: __cudaRegisterFunction __nv_static_44__570e7b9d_22_cuda_device_runtime_cu_8b1a5d37__Z16memset_3d_deviceImLi0ELi0ELi0EEvPhhjT_S1_S1_S1_S1_jjjjjjjS1_S0_ : hostFun 0x0x610cd6e15b90, fat_cubin_handle = 2
Warning: cannot find deviceFun __nv_static_44__570e7b9d_22_cuda_device_runtime_cu_8b1a5d37__Z16memset_3d_deviceImLi0ELi0ELi0EEvPhhjT_S1_S1_S1_S1_jjjjjjjS1_S0_
GPGPU-Sim PTX: __cudaRegisterFunction __nv_static_44__570e7b9d_22_cuda_device_runtime_cu_8b1a5d37__Z16memset_3d_deviceIjLi1ELi1ELi1EEvPhhjT_S1_S1_S1_S1_jjjjjjjS1_S0_ : hostFun 0x0x610cd6e15970, fat_cubin_handle = 2
Warning: cannot find deviceFun __nv_static_44__570e7b9d_22_cuda_device_runtime_cu_8b1a5d37__Z16memset_3d_deviceIjLi1ELi1ELi1EEvPhhjT_S1_S1_S1_S1_jjjjjjjS1_S0_
GPGPU-Sim PTX: __cudaRegisterFunction __nv_static_44__570e7b9d_22_cuda_device_runtime_cu_8b1a5d37__Z16memset_3d_deviceIjLi1ELi1ELi0EEvPhhjT_S1_S1_S1_S1_jjjjjjjS1_S0_ : hostFun 0x0x610cd6e15750, fat_cubin_handle = 2
Warning: cannot find deviceFun __nv_static_44__570e7b9d_22_cuda_device_runtime_cu_8b1a5d37__Z16memset_3d_deviceIjLi1ELi1ELi0EEvPhhjT_S1_S1_S1_S1_jjjjjjjS1_S0_
GPGPU-Sim PTX: __cudaRegisterFunction __nv_static_44__570e7b9d_22_cuda_device_runtime_cu_8b1a5d37__Z16memset_3d_deviceIjLi1ELi0ELi1EEvPhhjT_S1_S1_S1_S1_jjjjjjjS1_S0_ : hostFun 0x0x610cd6e15530, fat_cubin_handle = 2
Warning: cannot find deviceFun __nv_static_44__570e7b9d_22_cuda_device_runtime_cu_8b1a5d37__Z16memset_3d_deviceIjLi1ELi0ELi1EEvPhhjT_S1_S1_S1_S1_jjjjjjjS1_S0_
GPGPU-Sim PTX: __cudaRegisterFunction __nv_static_44__570e7b9d_22_cuda_device_runtime_cu_8b1a5d37__Z16memset_3d_deviceIjLi1ELi0ELi0EEvPhhjT_S1_S1_S1_S1_jjjjjjjS1_S0_ : hostFun 0x0x610cd6e15310, fat_cubin_handle = 2
Warning: cannot find deviceFun __nv_static_44__570e7b9d_22_cuda_device_runtime_cu_8b1a5d37__Z16memset_3d_deviceIjLi1ELi0ELi0EEvPhhjT_S1_S1_S1_S1_jjjjjjjS1_S0_
GPGPU-Sim PTX: __cudaRegisterFunction __nv_static_44__570e7b9d_22_cuda_device_runtime_cu_8b1a5d37__Z16memset_3d_deviceIjLi0ELi1ELi1EEvPhhjT_S1_S1_S1_S1_jjjjjjjS1_S0_ : hostFun 0x0x610cd6e150f0, fat_cubin_handle = 2
Warning: cannot find deviceFun __nv_static_44__570e7b9d_22_cuda_device_runtime_cu_8b1a5d37__Z16memset_3d_deviceIjLi0ELi1ELi1EEvPhhjT_S1_S1_S1_S1_jjjjjjjS1_S0_
GPGPU-Sim PTX: __cudaRegisterFunction __nv_static_44__570e7b9d_22_cuda_device_runtime_cu_8b1a5d37__Z16memset_3d_deviceIjLi0ELi1ELi0EEvPhhjT_S1_S1_S1_S1_jjjjjjjS1_S0_ : hostFun 0x0x610cd6e14ed0, fat_cubin_handle = 2
Warning: cannot find deviceFun __nv_static_44__570e7b9d_22_cuda_device_runtime_cu_8b1a5d37__Z16memset_3d_deviceIjLi0ELi1ELi0EEvPhhjT_S1_S1_S1_S1_jjjjjjjS1_S0_
GPGPU-Sim PTX: __cudaRegisterFunction __nv_static_44__570e7b9d_22_cuda_device_runtime_cu_8b1a5d37__Z16memset_3d_deviceIjLi0ELi0ELi1EEvPhhjT_S1_S1_S1_S1_jjjjjjjS1_S0_ : hostFun 0x0x610cd6e14cb0, fat_cubin_handle = 2
Warning: cannot find deviceFun __nv_static_44__570e7b9d_22_cuda_device_runtime_cu_8b1a5d37__Z16memset_3d_deviceIjLi0ELi0ELi1EEvPhhjT_S1_S1_S1_S1_jjjjjjjS1_S0_
GPGPU-Sim PTX: __cudaRegisterFunction __nv_static_44__570e7b9d_22_cuda_device_runtime_cu_8b1a5d37__Z16memset_3d_deviceIjLi0ELi0ELi0EEvPhhjT_S1_S1_S1_S1_jjjjjjjS1_S0_ : hostFun 0x0x610cd6e14a90, fat_cubin_handle = 2
Warning: cannot find deviceFun __nv_static_44__570e7b9d_22_cuda_device_runtime_cu_8b1a5d37__Z16memset_3d_deviceIjLi0ELi0ELi0EEvPhhjT_S1_S1_S1_S1_jjjjjjjS1_S0_
GPGPU-Sim PTX: __cudaRegisterVar: hostVar = 0x610cd6f0c1a0; deviceAddress = __nv_static_44__570e7b9d_22_cuda_device_runtime_cu_8b1a5d37_set_kernel32; deviceName = __nv_static_44__570e7b9d_22_cuda_device_runtime_cu_8b1a5d37_set_kernel32
GPGPU-Sim PTX: __cudaRegisterVar: Registering const memory space of 64 bytes
GPGPU-Sim PTX registering global __nv_static_44__570e7b9d_22_cuda_device_runtime_cu_8b1a5d37_set_kernel32 hostVar to name mapping
GPGPU-Sim PTX: __cudaRegisterVar: hostVar = 0x610cd6f0c160; deviceAddress = __nv_static_44__570e7b9d_22_cuda_device_runtime_cu_8b1a5d37_set_kernel64; deviceName = __nv_static_44__570e7b9d_22_cuda_device_runtime_cu_8b1a5d37_set_kernel64
GPGPU-Sim PTX: __cudaRegisterVar: Registering const memory space of 64 bytes
GPGPU-Sim PTX registering global __nv_static_44__570e7b9d_22_cuda_device_runtime_cu_8b1a5d37_set_kernel64 hostVar to name mapping
GPGPU-Sim PTX: __cudaRegisterVar: hostVar = 0x610cd6f0c120; deviceAddress = __nv_static_44__570e7b9d_22_cuda_device_runtime_cu_8b1a5d37_cpy_kernel32; deviceName = __nv_static_44__570e7b9d_22_cuda_device_runtime_cu_8b1a5d37_cpy_kernel32
GPGPU-Sim PTX: __cudaRegisterVar: Registering const memory space of 64 bytes
GPGPU-Sim PTX registering global __nv_static_44__570e7b9d_22_cuda_device_runtime_cu_8b1a5d37_cpy_kernel32 hostVar to name mapping
GPGPU-Sim PTX: __cudaRegisterVar: hostVar = 0x610cd6f0c0e0; deviceAddress = __nv_static_44__570e7b9d_22_cuda_device_runtime_cu_8b1a5d37_cpy_kernel64; deviceName = __nv_static_44__570e7b9d_22_cuda_device_runtime_cu_8b1a5d37_cpy_kernel64
GPGPU-Sim PTX: __cudaRegisterVar: Registering const memory space of 64 bytes
GPGPU-Sim PTX registering global __nv_static_44__570e7b9d_22_cuda_device_runtime_cu_8b1a5d37_cpy_kernel64 hostVar to name mapping
GPGPU-Sim PTX: __cudaRegisterVar: hostVar = 0x610cd6f0b0e0; deviceAddress = __nv_static_44__570e7b9d_22_cuda_device_runtime_cu_8b1a5d37_cudartErrorTableArr; deviceName = __nv_static_44__570e7b9d_22_cuda_device_runtime_cu_8b1a5d37_cudartErrorTableArr
GPGPU-Sim PTX: __cudaRegisterVar: Registering const memory space of 3000 bytes
GPGPU-Sim PTX registering global __nv_static_44__570e7b9d_22_cuda_device_runtime_cu_8b1a5d37_cudartErrorTableArr hostVar to name mapping
GPGPU-Sim PTX: __cudaRegisterVar: hostVar = 0x610cd6f0c0d0; deviceAddress = cudartErrorTable; deviceName = cudartErrorTable
GPGPU-Sim PTX: __cudaRegisterVar: Registering const memory space of 8 bytes
GPGPU-Sim PTX registering global cudartErrorTable hostVar to name mapping
GPGPU-Sim PTX: __cudaRegisterVar: hostVar = 0x610cd6e1e988; deviceAddress = cudartErrorTableEntryCount; deviceName = cudartErrorTableEntryCount
GPGPU-Sim PTX: __cudaRegisterVar: Registering const memory space of 4 bytes
GPGPU-Sim PTX registering global cudartErrorTableEntryCount hostVar to name mapping
GPGPU-Sim PTX: __cudaRegisterVar: hostVar = 0x610cd6e1e920; deviceAddress = __nv_static_44__570e7b9d_22_cuda_device_runtime_cu_8b1a5d37_cudartErrorCnpMapArr; deviceName = __nv_static_44__570e7b9d_22_cuda_device_runtime_cu_8b1a5d37_cudartErrorCnpMapArr
GPGPU-Sim PTX: __cudaRegisterVar: Registering const memory space of 104 bytes
GPGPU-Sim PTX registering global __nv_static_44__570e7b9d_22_cuda_device_runtime_cu_8b1a5d37_cudartErrorCnpMapArr hostVar to name mapping
GPGPU-Sim PTX: __cudaRegisterVar: hostVar = 0x610cd6f0c0c8; deviceAddress = cudartErrorCnpMap; deviceName = cudartErrorCnpMap
GPGPU-Sim PTX: __cudaRegisterVar: Registering const memory space of 8 bytes
GPGPU-Sim PTX registering global cudartErrorCnpMap hostVar to name mapping
GPGPU-Sim PTX: __cudaRegisterVar: hostVar = 0x610cd6e1e900; deviceAddress = cudartErrorCnpMapEntryCount; deviceName = cudartErrorCnpMapEntryCount
GPGPU-Sim PTX: __cudaRegisterVar: Registering const memory space of 4 bytes
GPGPU-Sim PTX registering global cudartErrorCnpMapEntryCount hostVar to name mapping
GPGPU-Sim PTX: __cudaRegisterVar: hostVar = 0x610cd6f0c0c0; deviceAddress = __CNPRT_VERSION_NUMBER__; deviceName = __CNPRT_VERSION_NUMBER__
GPGPU-Sim PTX: __cudaRegisterVar: Registering const memory space of 4 bytes
GPGPU-Sim PTX registering global __CNPRT_VERSION_NUMBER__ hostVar to name mapping
GPGPU-Sim PTX: Setting up arguments for 8 bytes starting at 0x7ffdc8bce3c0..
GPGPU-Sim PTX: Setting up arguments for 8 bytes starting at 0x7ffdc8bce3c8..
GPGPU-Sim PTX: Setting up arguments for 4 bytes starting at 0x7ffdc8bce3a8..
GPGPU-Sim PTX: Setting up arguments for 4 bytes starting at 0x7ffdc8bce3ac..

GPGPU-Sim PTX: cudaLaunch for 0x0x610cd6e14030 (mode=performance simulation) on stream 0
GPGPU-Sim PTX: finding reconvergence points for '_Z10bsmm_stagePKfPfii'...
GPGPU-Sim PTX: Finding dominators for '_Z10bsmm_stagePKfPfii'...
GPGPU-Sim PTX: Finding immediate dominators for '_Z10bsmm_stagePKfPfii'...
GPGPU-Sim PTX: Finding postdominators for '_Z10bsmm_stagePKfPfii'...
GPGPU-Sim PTX: Finding immediate postdominators for '_Z10bsmm_stagePKfPfii'...
GPGPU-Sim PTX: pre-decoding instructions for '_Z10bsmm_stagePKfPfii'...
GPGPU-Sim PTX: reconvergence points for _Z10bsmm_stagePKfPfii...
GPGPU-Sim PTX:  1 (potential) branch divergence @  PC=0x048 (mlx_fig24_schedule_witness.1.sm_86.ptx:37) @%p1 bra $L__BB0_2;
GPGPU-Sim PTX:    immediate post dominator      @  PC=0x100 (mlx_fig24_schedule_witness.1.sm_86.ptx:63) ret;
GPGPU-Sim PTX: ... end of reconvergence points for _Z10bsmm_stagePKfPfii
GPGPU-Sim PTX: ... done pre-decoding instructions for '_Z10bsmm_stagePKfPfii'.
GPGPU-Sim PTX: pushing kernel '_Z10bsmm_stagePKfPfii' to stream 0, gridDim= (8192,1,1) blockDim = (128,1,1) 
GPGPU-Sim uArch: Shader 0 bind to kernel 1 '_Z10bsmm_stagePKfPfii'
GPGPU-Sim uArch: CTA/core = 12, limited by: threads
GPGPU-Sim: Reconfigure L1 cache to 128KB
GPGPU-Sim uArch: Shader 1 bind to kernel 1 '_Z10bsmm_stagePKfPfii'
GPGPU-Sim uArch: Shader 2 bind to kernel 1 '_Z10bsmm_stagePKfPfii'
GPGPU-Sim uArch: Shader 3 bind to kernel 1 '_Z10bsmm_stagePKfPfii'
GPGPU-Sim uArch: Shader 4 bind to kernel 1 '_Z10bsmm_stagePKfPfii'
GPGPU-Sim uArch: Shader 5 bind to kernel 1 '_Z10bsmm_stagePKfPfii'
GPGPU-Sim uArch: Shader 6 bind to kernel 1 '_Z10bsmm_stagePKfPfii'
GPGPU-Sim uArch: Shader 7 bind to kernel 1 '_Z10bsmm_stagePKfPfii'
GPGPU-Sim uArch: Shader 8 bind to kernel 1 '_Z10bsmm_stagePKfPfii'
GPGPU-Sim uArch: Shader 9 bind to kernel 1 '_Z10bsmm_stagePKfPfii'
GPGPU-Sim uArch: Shader 10 bind to kernel 1 '_Z10bsmm_stagePKfPfii'
GPGPU-Sim uArch: Shader 11 bind to kernel 1 '_Z10bsmm_stagePKfPfii'
GPGPU-Sim uArch: Shader 12 bind to kernel 1 '_Z10bsmm_stagePKfPfii'
GPGPU-Sim uArch: Shader 13 bind to kernel 1 '_Z10bsmm_stagePKfPfii'
GPGPU-Sim uArch: Shader 14 bind to kernel 1 '_Z10bsmm_stagePKfPfii'
GPGPU-Sim uArch: Shader 15 bind to kernel 1 '_Z10bsmm_stagePKfPfii'
Destroy streams for kernel 1: size 0
kernel_name = _Z10bsmm_stagePKfPfii 
kernel_launch_uid = 1 
kernel_stream_id = 0
gpu_sim_cycle = 57511
gpu_sim_insn = 33554432
gpu_ipc =     583.4437
gpu_tot_sim_cycle = 57511
gpu_tot_sim_insn = 33554432
gpu_tot_ipc =     583.4437
gpu_tot_issued_cta = 8192
gpu_occupancy = 93.7929% 
gpu_tot_occupancy = 93.7929% 
max_total_param_size = 0
gpu_stall_dramfull = 0
gpu_stall_icnt2sh    = 0
partiton_level_parallism =       4.5582
partiton_level_parallism_total  =       4.5582
partiton_level_parallism_util =       5.2042
partiton_level_parallism_util_total  =       5.2042
L2_BW  =     189.6192 GB/Sec
L2_BW_total  =     189.6192 GB/Sec
gpu_total_sim_rate=633102

========= Core cache stats =========
L1I_cache:
	L1I_total_cache_accesses = 0
	L1I_total_cache_misses = 0
	L1I_total_cache_pending_hits = 0
	L1I_total_cache_reservation_fails = 0
L1D_cache:
	L1D_cache_core[0]: Access = 24576, Miss = 16384, Miss_rate = 0.667, Pending_hits = 0, Reservation_fails = 3686
	L1D_cache_core[1]: Access = 24432, Miss = 16288, Miss_rate = 0.667, Pending_hits = 0, Reservation_fails = 4249
	L1D_cache_core[2]: Access = 24528, Miss = 16352, Miss_rate = 0.667, Pending_hits = 0, Reservation_fails = 3286
	L1D_cache_core[3]: Access = 24720, Miss = 16480, Miss_rate = 0.667, Pending_hits = 0, Reservation_fails = 3268
	L1D_cache_core[4]: Access = 24816, Miss = 16544, Miss_rate = 0.667, Pending_hits = 0, Reservation_fails = 2792
	L1D_cache_core[5]: Access = 24336, Miss = 16224, Miss_rate = 0.667, Pending_hits = 0, Reservation_fails = 3677
	L1D_cache_core[6]: Access = 24864, Miss = 16576, Miss_rate = 0.667, Pending_hits = 0, Reservation_fails = 2708
	L1D_cache_core[7]: Access = 24816, Miss = 16544, Miss_rate = 0.667, Pending_hits = 0, Reservation_fails = 3621
	L1D_cache_core[8]: Access = 24144, Miss = 16096, Miss_rate = 0.667, Pending_hits = 0, Reservation_fails = 4504
	L1D_cache_core[9]: Access = 24336, Miss = 16224, Miss_rate = 0.667, Pending_hits = 0, Reservation_fails = 4034
	L1D_cache_core[10]: Access = 24528, Miss = 16352, Miss_rate = 0.667, Pending_hits = 0, Reservation_fails = 4044
	L1D_cache_core[11]: Access = 24528, Miss = 16352, Miss_rate = 0.667, Pending_hits = 0, Reservation_fails = 3682
	L1D_cache_core[12]: Access = 24576, Miss = 16384, Miss_rate = 0.667, Pending_hits = 0, Reservation_fails = 3999
	L1D_cache_core[13]: Access = 24672, Miss = 16448, Miss_rate = 0.667, Pending_hits = 0, Reservation_fails = 3523
	L1D_cache_core[14]: Access = 24624, Miss = 16416, Miss_rate = 0.667, Pending_hits = 0, Reservation_fails = 3851
	L1D_cache_core[15]: Access = 24720, Miss = 16480, Miss_rate = 0.667, Pending_hits = 0, Reservation_fails = 2641
	L1D_total_cache_accesses = 393216
	L1D_total_cache_misses = 262144
	L1D_total_cache_miss_rate = 0.6667
	L1D_total_cache_pending_hits = 0
	L1D_total_cache_reservation_fails = 57565
	L1D_cache_data_port_util = 0.157
	L1D_cache_fill_port_util = 0.157
L1C_cache:
	L1C_total_cache_accesses = 0
	L1C_total_cache_misses = 0
	L1C_total_cache_pending_hits = 0
	L1C_total_cache_reservation_fails = 0
L1T_cache:
	L1T_total_cache_accesses = 0
	L1T_total_cache_misses = 0
	L1T_total_cache_pending_hits = 0
	L1T_total_cache_reservation_fails = 0

Total_core_cache_stats:
	Total_core_cache_stats_breakdown[GLOBAL_ACC_R][HIT] = 131072
	Total_core_cache_stats_breakdown[GLOBAL_ACC_R][HIT_RESERVED] = 0
	Total_core_cache_stats_breakdown[GLOBAL_ACC_R][MISS] = 32768
	Total_core_cache_stats_breakdown[GLOBAL_ACC_R][RESERVATION_FAIL] = 48410
	Total_core_cache_stats_breakdown[GLOBAL_ACC_R][SECTOR_MISS] = 98304
	Total_core_cache_stats_breakdown[GLOBAL_ACC_R][MSHR_HIT] = 0
	Total_core_cache_stats_breakdown[LOCAL_ACC_R][HIT] = 0
	Total_core_cache_stats_breakdown[LOCAL_ACC_R][HIT_RESERVED] = 0
	Total_core_cache_stats_breakdown[LOCAL_ACC_R][MISS] = 0
	Total_core_cache_stats_breakdown[LOCAL_ACC_R][RESERVATION_FAIL] = 0
	Total_core_cache_stats_breakdown[LOCAL_ACC_R][SECTOR_MISS] = 0
	Total_core_cache_stats_breakdown[LOCAL_ACC_R][MSHR_HIT] = 0
	Total_core_cache_stats_breakdown[CONST_ACC_R][HIT] = 0
	Total_core_cache_stats_breakdown[CONST_ACC_R][HIT_RESERVED] = 0
	Total_core_cache_stats_breakdown[CONST_ACC_R][MISS] = 0
	Total_core_cache_stats_breakdown[CONST_ACC_R][RESERVATION_FAIL] = 0
	Total_core_cache_stats_breakdown[CONST_ACC_R][SECTOR_MISS] = 0
	Total_core_cache_stats_breakdown[CONST_ACC_R][MSHR_HIT] = 0
	Total_core_cache_stats_breakdown[TEXTURE_ACC_R][HIT] = 0
	Total_core_cache_stats_breakdown[TEXTURE_ACC_R][HIT_RESERVED] = 0
	Total_core_cache_stats_breakdown[TEXTURE_ACC_R][MISS] = 0
	Total_core_cache_stats_breakdown[TEXTURE_ACC_R][RESERVATION_FAIL] = 0
	Total_core_cache_stats_breakdown[TEXTURE_ACC_R][SECTOR_MISS] = 0
	Total_core_cache_stats_breakdown[TEXTURE_ACC_R][MSHR_HIT] = 0
	Total_core_cache_stats_breakdown[GLOBAL_ACC_W][HIT] = 0
	Total_core_cache_stats_breakdown[GLOBAL_ACC_W][HIT_RESERVED] = 0
	Total_core_cache_stats_breakdown[GLOBAL_ACC_W][MISS] = 32768
	Total_core_cache_stats_breakdown[GLOBAL_ACC_W][RESERVATION_FAIL] = 9155
	Total_core_cache_stats_breakdown[GLOBAL_ACC_W][SECTOR_MISS] = 98304
	Total_core_cache_stats_breakdown[GLOBAL_ACC_W][MSHR_HIT] = 0
	Total_core_cache_stats_breakdown[LOCAL_ACC_W][HIT] = 0
	Total_core_cache_stats_breakdown[LOCAL_ACC_W][HIT_RESERVED] = 0
	Total_core_cache_stats_breakdown[LOCAL_ACC_W][MISS] = 0
	Total_core_cache_stats_breakdown[LOCAL_ACC_W][RESERVATION_FAIL] = 0
	Total_core_cache_stats_breakdown[LOCAL_ACC_W][SECTOR_MISS] = 0
	Total_core_cache_stats_breakdown[LOCAL_ACC_W][MSHR_HIT] = 0
	Total_core_cache_stats_breakdown[L1_WRBK_ACC][HIT] = 0
	Total_core_cache_stats_breakdown[L1_WRBK_ACC][HIT_RESERVED] = 0
	Total_core_cache_stats_breakdown[L1_WRBK_ACC][MISS] = 0
	Total_core_cache_stats_breakdown[L1_WRBK_ACC][RESERVATION_FAIL] = 0
	Total_core_cache_stats_breakdown[L1_WRBK_ACC][SECTOR_MISS] = 0
	Total_core_cache_stats_breakdown[L1_WRBK_ACC][MSHR_HIT] = 0
	Total_core_cache_stats_breakdown[L2_WRBK_ACC][HIT] = 0
	Total_core_cache_stats_breakdown[L2_WRBK_ACC][HIT_RESERVED] = 0
	Total_core_cache_stats_breakdown[L2_WRBK_ACC][MISS] = 0
	Total_core_cache_stats_breakdown[L2_WRBK_ACC][RESERVATION_FAIL] = 0
	Total_core_cache_stats_breakdown[L2_WRBK_ACC][SECTOR_MISS] = 0
	Total_core_cache_stats_breakdown[L2_WRBK_ACC][MSHR_HIT] = 0
	Total_core_cache_stats_breakdown[INST_ACC_R][HIT] = 0
	Total_core_cache_stats_breakdown[INST_ACC_R][HIT_RESERVED] = 0
	Total_core_cache_stats_breakdown[INST_ACC_R][MISS] = 0
	Total_core_cache_stats_breakdown[INST_ACC_R][RESERVATION_FAIL] = 0
	Total_core_cache_stats_breakdown[INST_ACC_R][SECTOR_MISS] = 0
	Total_core_cache_stats_breakdown[INST_ACC_R][MSHR_HIT] = 0
	Total_core_cache_stats_breakdown[L1_WR_ALLOC_R][HIT] = 0
	Total_core_cache_stats_breakdown[L1_WR_ALLOC_R][HIT_RESERVED] = 0
	Total_core_cache_stats_breakdown[L1_WR_ALLOC_R][MISS] = 0
	Total_core_cache_stats_breakdown[L1_WR_ALLOC_R][RESERVATION_FAIL] = 0
	Total_core_cache_stats_breakdown[L1_WR_ALLOC_R][SECTOR_MISS] = 0
	Total_core_cache_stats_breakdown[L1_WR_ALLOC_R][MSHR_HIT] = 0
	Total_core_cache_stats_breakdown[L2_WR_ALLOC_R][HIT] = 0
	Total_core_cache_stats_breakdown[L2_WR_ALLOC_R][HIT_RESERVED] = 0
	Total_core_cache_stats_breakdown[L2_WR_ALLOC_R][MISS] = 0
	Total_core_cache_stats_breakdown[L2_WR_ALLOC_R][RESERVATION_FAIL] = 0
	Total_core_cache_stats_breakdown[L2_WR_ALLOC_R][SECTOR_MISS] = 0
	Total_core_cache_stats_breakdown[L2_WR_ALLOC_R][MSHR_HIT] = 0
	Total_core_cache_stats_breakdown[GLOBAL_ACC_R][TOTAL_ACCESS] = 262144
	Total_core_cache_stats_breakdown[GLOBAL_ACC_W][TOTAL_ACCESS] = 131072

Total_core_cache_fail_stats:
	Total_core_cache_fail_stats_breakdown[GLOBAL_ACC_R][MISS_QUEUE_FULL] = 48410
	Total_core_cache_fail_stats_breakdown[GLOBAL_ACC_W][MISS_QUEUE_FULL] = 9155
ctas_completed 8192, Shader 0 warp_id issue ditsribution:
warp_id:
0, 1, 2, 3, 4, 5, 6, 7, 8, 9, 10, 11, 12, 13, 14, 15, 16, 17, 18, 19, 20, 21, 22, 23, 24, 25, 26, 27, 28, 29, 30, 31, 32, 33, 34, 35, 36, 37, 38, 39, 40, 41, 42, 43, 44, 45, 46, 47, 
distro:
1452, 1452, 1452, 1452, 1419, 1419, 1419, 1419, 1419, 1419, 1419, 1419, 1386, 1386, 1386, 1386, 1419, 1419, 1419, 1419, 1386, 1386, 1386, 1386, 1419, 1419, 1419, 1419, 1386, 1386, 1386, 1386, 1386, 1386, 1386, 1386, 1353, 1353, 1353, 1353, 1452, 1452, 1452, 1452, 1419, 1419, 1419, 1419, 
gpgpu_n_tot_thrd_icount = 34603008
gpgpu_n_tot_w_icount = 1081344
gpgpu_n_stall_shd_mem = 107
gpgpu_n_mem_read_local = 0
gpgpu_n_mem_write_local = 0
gpgpu_n_mem_read_global = 131072
gpgpu_n_mem_write_global = 131072
gpgpu_n_mem_texture = 0
gpgpu_n_mem_const = 0
gpgpu_n_load_insn  = 2097152
gpgpu_n_store_insn = 1048576
gpgpu_n_shmem_insn = 0
gpgpu_n_sstarr_insn = 0
gpgpu_n_tex_insn = 0
gpgpu_n_const_mem_insn = 0
gpgpu_n_param_mem_insn = 4194304
gpgpu_n_shmem_bkconflict = 0
gpgpu_n_l1cache_bkconflict = 107
gpgpu_n_intrawarp_mshr_merge = 0
gpgpu_n_cmem_portconflict = 0
gpgpu_stall_shd_mem[c_mem][resource_stall] = 0
gpgpu_stall_shd_mem[s_mem][bk_conf] = 0
gpgpu_stall_shd_mem[gl_mem][resource_stall] = 107
gpgpu_stall_shd_mem[gl_mem][coal_stall] = 0
gpgpu_stall_shd_mem[gl_mem][data_port_stall] = 0
gpu_reg_bank_conflict_stalls = 0
Warp Occupancy Distribution:
Stall:238579	W0_Idle:22857	W0_Scoreboard:2006844	W1:0	W2:0	W3:0	W4:0	W5:0	W6:0	W7:0	W8:0	W9:0	W10:0	W11:0	W12:0	W13:0	W14:0	W15:0	W16:0	W17:0	W18:0	W19:0	W20:0	W21:0	W22:0	W23:0	W24:0	W25:0	W26:0	W27:0	W28:0	W29:0	W30:0	W31:0	W32:1081344
single_issue_nums: WS0:270336	WS1:270336	WS2:270336	WS3:270336	
dual_issue_nums: WS0:0	WS1:0	WS2:0	WS3:0	
traffic_breakdown_coretomem[GLOBAL_ACC_R] = 1048576 {8:131072,}
traffic_breakdown_coretomem[GLOBAL_ACC_W] = 5242880 {40:131072,}
traffic_breakdown_memtocore[GLOBAL_ACC_R] = 5242880 {40:131072,}
traffic_breakdown_memtocore[GLOBAL_ACC_W] = 1048576 {8:131072,}
maxmflatency = 1975 
max_icnt2mem_latency = 225 
maxmrqlatency = 1602 
max_icnt2sh_latency = 149 
averagemflatency = 451 
avg_icnt2mem_latency = 52 
avg_mrq_latency = 129 
avg_icnt2sh_latency = 6 
mrq_lat_table:22613 	2878 	8436 	12731 	12703 	14334 	14488 	27469 	21608 	4176 	84 	0 	0 	0 	0 	0 	0 	0 	0 	0 	0 	0 	0 	0 	0 	0 	0 	0 	0 	0 	0 	0 	
dq_lat_table:0 	0 	0 	0 	0 	0 	0 	0 	0 	0 	0 	0 	0 	0 	0 	0 	0 	0 	0 	0 	0 	0 	0 	0 	0 	0 	0 	0 	0 	0 	0 	0 	
mf_lat_table:0 	0 	0 	0 	0 	0 	0 	113806 	23977 	120351 	4010 	0 	0 	0 	0 	0 	0 	0 	0 	0 	0 	0 	0 	0 	0 	0 	0 	0 	0 	0 	0 	0 	
icnt2mem_lat_table:0 	0 	0 	0 	0 	237480 	21553 	3111 	0 	0 	0 	0 	0 	0 	0 	0 	0 	0 	0 	0 	0 	0 	0 	0 	
icnt2sh_lat_table:0 	175060 	39062 	23087 	15173 	7878 	1863 	21 	0 	0 	0 	0 	0 	0 	0 	0 	0 	0 	0 	0 	0 	0 	0 	0 	
mf_lat_pw_table:0 	0 	0 	0 	0 	0 	0 	1 	78 	25 	0 	0 	0 	0 	0 	0 	0 	0 	0 	0 	0 	0 	0 	0 	0 	0 	0 	0 	0 	0 	0 	0 	
maximum concurrent accesses to same row:
dram[0]:        64        64        64        64        64        64        64        64        64        64        64        64        64        64        64        64 
dram[1]:        64        64        64        64        64        64        64        64        64        64        64        64        64        64        64        64 
dram[2]:        64        64        64        64        64        64        64        64        64        64        64        64        64        64        64        64 
dram[3]:        64        64        64        64        64        64        64        64        64        64        64        64        64        64        64        64 
dram[4]:        64        64        64        64        64        64        64        64        64        64        64        64        64        64        64        64 
dram[5]:        64        64        64        64        64        64        64        64        64        64        64        64        64        64        64        64 
dram[6]:        64        64        64        64        64        64        64        64        64        64        64        64        64        64        64        64 
dram[7]:        64        64        64        64        64        64        64        64        64        64        64        64        64        64        64        64 
dram[8]:        64        64        64        64        64        64        64        64        64        64        64        64        64        64        64        64 
dram[9]:        64        64        64        64        64        64        64        64        64        64        64        64        64        64        64        64 
dram[10]:        64        64        64        64        64        64        64        64        64        64        64        64        64        64        64        64 
dram[11]:        64        64        64        64        64        64        64        64        64        64        64        64        64        64        64        64 
dram[12]:        64        64        64        64        64        64        64        64        64        64        64        64        64        64        64        64 
dram[13]:        64        64        64        64        64        64        64        64        64        64        64        64        64        64        64        64 
dram[14]:        64        64        64        64        64        64        64        64        64        64        64        64        64        64        64        64 
dram[15]:        64        64        64        64        64        64        64        64        64        64        64        64        64        64        64        64 
maximum service time to same row:
dram[0]:     11484     11473     12030     12034      7180      7201      7432      7436      8527      8523      9330      9334      9704      9670     10725     10734 
dram[1]:     11477     11482     12025     12021      7226      7209      7428      7441      8537      8541      9339      9343      9659      9688     10727     10738 
dram[2]:     11423     11432     12034     12027      7162      7181      7436      7439      8550      8563      9333      9339      9776      9779     10690     10697 
dram[3]:     11436     11426     12043     12036      7154      7158      7427      7431      8559      8563      9326      9352      9768      9772     10701     10681 
dram[4]:     11466     11464     12076     12072      7144      7166      7458      7471      8543      8570      9376      9373      9707      9711     10747     10751 
dram[5]:     11455     11458     12060     12064      7172      7159      7467      7462      8533      8563      9365      9369      9711      9697     10721     10736 
dram[6]:     11448     11452     12093     12085      7198      7196      7438      7449      8500      8491      9326      9328      9697      9703     10705     10715 
dram[7]:     11438     11442     12095     12090      7207      7193      7442      7445      8501      8498      9326      9323      9700      9694     10721     10719 
dram[8]:     11449     11436     12075     12085      7083      7102      7422      7434      8488      8491      9401      9416      9664      9659     10790     10784 
dram[9]:     11445     11440     12079     12086      7129      7106      7430      7426      8502      8507      9404      9409      9656      9668     10780     10788 
dram[10]:     11452     11468     12040     12047      7194      7198      7414      7410      8505      8515      9347      9339      9740      9737     10682     10695 
dram[11]:     11453     11448     12036     12043      7192      7202      7418      7422      8510      8518      9343      9352      9739      9736     10688     10691 
dram[12]:     11457     11462     12047     12042      7142      7155      7440      7428      8537      8530      9311      9316      9668      9673     10725     10720 
dram[13]:     11465     11469     12056     12069      7150      7166      7432      7436      8543      8546      9307      9320      9660      9664     10730     10716 
dram[14]:     11439     11443     12059     12055      7205      7214      7422      7434      8413      8420      9290      9286      9749      9776     10702     10712 
dram[15]:     11447     11435     12047     12051      7206      7189      7426      7430      8416      8424      9282      9294      9760      9755     10708     10717 
average row accesses per activate:
dram[0]: 46.545456 46.545456 22.260870 20.480000 46.333332 46.666668 30.315790 33.882355 44.666668 44.666668 32.000000 28.799999 48.000000 48.000000 32.000000 32.000000 
dram[1]: 46.545456 46.545456 23.272728 24.380953 46.333332 46.333332 24.000000 22.153847 44.666668 44.666668 28.799999 28.799999 47.750000 47.833332 33.882355 30.315790 
dram[2]: 46.545456 46.545456 21.333334 21.333334 46.666668 46.666668 22.153847 24.000000 45.333332 45.333332 32.000000 32.000000 47.750000 47.750000 30.315790 32.000000 
dram[3]: 46.545456 46.545456 21.333334 19.692308 46.666668 46.666668 27.428572 25.043478 45.666668 45.333332 28.799999 28.799999 47.750000 47.750000 28.799999 28.799999 
dram[4]: 46.545456 46.545456 24.380953 24.380953 46.333332 46.333332 24.000000 26.181818 45.000000 45.000000 28.799999 28.799999 47.750000 47.666668 32.000000 32.000000 
dram[5]: 46.545456 46.545456 22.260870 22.260870 46.333332 46.333332 26.181818 26.181818 45.000000 45.000000 32.000000 28.799999 48.000000 48.000000 30.315790 30.315790 
dram[6]: 46.545456 46.545456 25.600000 25.600000 46.000000 46.333332 26.181818 24.000000 45.000000 44.666668 28.799999 28.799999 47.666668 47.666668 33.882355 30.315790 
dram[7]: 46.545456 46.545456 25.600000 25.600000 46.333332 46.000000 22.153847 22.153847 45.000000 45.000000 26.181818 26.181818 47.750000 47.666668 28.799999 28.799999 
dram[8]: 46.545456 46.545456 24.380953 24.380953 46.333332 46.333332 28.799999 28.799999 44.666668 45.000000 30.315790 27.428572 47.833332 47.916668 30.315790 28.799999 
dram[9]: 46.545456 46.545456 22.260870 20.480000 46.000000 46.000000 24.000000 26.181818 44.666668 45.000000 33.882355 33.882355 47.833332 47.833332 28.799999 28.799999 
dram[10]: 46.545456 46.545456 22.260870 23.272728 46.000000 46.000000 28.799999 28.799999 45.000000 45.666668 30.315790 33.882355 48.000000 48.000000 32.000000 32.000000 
dram[11]: 46.545456 46.545456 24.380953 24.380953 46.333332 46.000000 25.043478 27.428572 45.333332 45.333332 36.000000 30.315790 47.833332 47.833332 28.799999 28.799999 
dram[12]: 46.545456 46.545456 25.600000 26.947369 46.000000 46.000000 28.799999 28.799999 45.666668 45.000000 32.000000 28.799999 47.750000 47.750000 30.315790 27.428572 
dram[13]: 46.545456 46.545456 24.380953 24.380953 46.000000 46.000000 28.799999 28.799999 45.666668 45.666668 28.799999 28.799999 47.750000 47.750000 28.799999 28.799999 
dram[14]: 46.545456 46.545456 22.260870 23.272728 46.000000 46.000000 27.428572 28.799999 45.666668 45.666668 36.000000 32.000000 47.750000 47.750000 30.315790 32.000000 
dram[15]: 46.545456 46.545456 25.600000 25.600000 46.000000 46.000000 25.043478 25.043478 45.333332 45.666668 33.882355 33.882355 48.000000 48.000000 28.799999 27.428572 
average row locality = 141520/4128 = 34.282948
number of total memory accesses made:
dram[0]:         0         0         0         0         0         0         0         0         0         0         0         0         0         0         0         0 
dram[1]:         0         0         0         0         0         0         0         0         0         0         0         0         0         0         0         0 
dram[2]:         0         0         0         0         0         0         0         0         0         0         0         0         0         0         0         0 
dram[3]:         0         0         0         0         0         0         0         0         0         0         0         0         0         0         0         0 
dram[4]:         0         0         0         0         0         0         0         0         0         0         0         0         0         0         0         0 
dram[5]:         0         0         0         0         0         0         0         0         0         0         0         0         0         0         0         0 
dram[6]:         0         0         0         0         0         0         0         0         0         0         0         0         0         0         0         0 
dram[7]:         0         0         0         0         0         0         0         0         0         0         0         0         0         0         0         0 
dram[8]:         0         0         0         0         0         0         0         0         0         0         0         0         0         0         0         0 
dram[9]:         0         0         0         0         0         0         0         0         0         0         0         0         0         0         0         0 
dram[10]:         0         0         0         0         0         0         0         0         0         0         0         0         0         0         0         0 
dram[11]:         0         0         0         0         0         0         0         0         0         0         0         0         0         0         0         0 
dram[12]:         0         0         0         0         0         0         0         0         0         0         0         0         0         0         0         0 
dram[13]:         0         0         0         0         0         0         0         0         0         0         0         0         0         0         0         0 
dram[14]:         0         0         0         0         0         0         0         0         0         0         0         0         0         0         0         0 
dram[15]:         0         0         0         0         0         0         0         0         0         0         0         0         0         0         0         0 
total accesses: 0
min_bank_accesses = 0!
min_chip_accesses = 0!
number of total read accesses:
dram[0]:       448       448       448       448       492       496       512       512       472       472       512       512       512       512       512       512 
dram[1]:       448       448       448       448       492       492       512       512       472       472       512       512       512       512       512       512 
dram[2]:       448       448       448       448       496       496       512       512       480       480       512       512       512       512       512       512 
dram[3]:       448       448       448       448       496       496       512       512       484       480       512       512       512       512       512       512 
dram[4]:       448       448       448       448       492       492       512       512       476       476       512       512       512       512       512       512 
dram[5]:       448       448       448       448       492       492       512       512       476       476       512       512       512       512       512       512 
dram[6]:       448       448       448       448       488       492       512       512       476       472       512       512       512       512       512       512 
dram[7]:       448       448       448       448       492       488       512       512       476       476       512       512       512       512       512       512 
dram[8]:       448       448       448       448       492       492       512       512       472       476       512       512       512       512       512       512 
dram[9]:       448       448       448       448       488       488       512       512       472       476       512       512       512       512       512       512 
dram[10]:       448       448       448       448       488       488       512       512       476       484       512       512       512       512       512       512 
dram[11]:       448       448       448       448       492       488       512       512       480       480       512       512       512       512       512       512 
dram[12]:       448       448       448       448       488       488       512       512       484       476       512       512       512       512       512       512 
dram[13]:       448       448       448       448       488       488       512       512       484       484       512       512       512       512       512       512 
dram[14]:       448       448       448       448       488       488       512       512       484       484       512       512       512       512       512       512 
dram[15]:       448       448       448       448       488       488       512       512       480       484       512       512       512       512       512       512 
total dram reads = 125204
bank skew: 512/448 = 1.14
chip skew: 7844/7812 = 1.00
number of total write accesses:
dram[0]:       256       256       256       256       256       256       256       256       256       256       256       256       256       256       256       256 
dram[1]:       256       256       256       256       256       256       256       256       256       256       256       256       244       248       256       256 
dram[2]:       256       256       256       256       256       256       256       256       256       256       256       256       244       244       256       256 
dram[3]:       256       256       256       256       256       256       256       256       256       256       256       256       244       244       256       256 
dram[4]:       256       256       256       256       256       256       256       256       256       256       256       256       244       240       256       256 
dram[5]:       256       256       256       256       256       256       256       256       256       256       256       256       256       256       256       256 
dram[6]:       256       256       256       256       256       256       256       256       256       256       256       256       240       240       256       256 
dram[7]:       256       256       256       256       256       256       256       256       256       256       256       256       244       240       256       256 
dram[8]:       256       256       256       256       256       256       256       256       256       256       256       256       248       252       256       256 
dram[9]:       256       256       256       256       256       256       256       256       256       256       256       256       248       248       256       256 
dram[10]:       256       256       256       256       256       256       256       256       256       256       256       256       256       256       256       256 
dram[11]:       256       256       256       256       256       256       256       256       256       256       256       256       248       248       256       256 
dram[12]:       256       256       256       256       256       256       256       256       256       256       256       256       244       244       256       256 
dram[13]:       256       256       256       256       256       256       256       256       256       256       256       256       244       244       256       256 
dram[14]:       256       256       256       256       256       256       256       256       256       256       256       256       244       244       256       256 
dram[15]:       256       256       256       256       256       256       256       256       256       256       256       256       256       256       256       256 
total dram writes = 65264
bank skew: 256/240 = 1.07
chip skew: 4096/4064 = 1.01
average mf latency per bank:
dram[0]:        661       659       697       666       621       640       607       605       617       622       593       603       620       628       624       625
dram[1]:        640       645       645       654       623       623       603       622       644       652       615       621       633       642       678       636
dram[2]:        631       637       636       639       620       633       610       605       626       646       612       611       643       648       629       654
dram[3]:        617       618       630       626       608       616       616       612       627       638       627       625       626       628       615       619
dram[4]:        639       636       636       645       622       622       598       621       623       626       592       593       611       615       599       599
dram[5]:        625       637       644       651       633       650       624       596       610       623       597       607       611       621       633       630
dram[6]:        606       605       622       627       629       637       593       594       591       599       599       601       597       606       578       586
dram[7]:        627       634       614       616       604       606       592       594       626       632       598       605       613       620       621       620
dram[8]:        626       627       634       631       614       621       585       587       593       589       572       582       615       620       612       611
dram[9]:        608       614       665       662       619       639       614       598       615       630       612       619       604       606       622       620
dram[10]:        626       623       648       634       615       624       593       597       574       581       591       580       597       604       603       624
dram[11]:        654       657       639       637       615       617       594       579       620       630       598       606       636       640       618       617
dram[12]:        638       643       659       665       635       645       585       590       583       591       606       609       602       609       602       616
dram[13]:        640       646       666       667       637       637       612       619       606       610       598       596       608       614       635       622
dram[14]:        651       656       653       651       630       639       609       658       625       635       643       598       619       623       642       661
dram[15]:        641       646       670       668       641       644       599       599       593       599       603       604       604       612       637       635
maximum mf latency per bank:
dram[0]:       1130      1130      1283      1122      1035      1140      1032      1039       925       929      1007      1060      1343      1344      1222      1191
dram[1]:       1035      1038      1175      1139      1044      1049      1059      1200      1083      1087      1036      1126      1166      1167      1524      1088
dram[2]:       1060      1067      1088      1099      1199      1201      1154      1116      1044      1049      1138      1185      1123      1131      1130      1222
dram[3]:       1076      1078      1022      1007      1198      1192      1016      1219      1007      1029      1097      1139      1151      1159      1194      1196
dram[4]:       1282      1281      1024      1073      1093      1094       969      1163       979       975      1103      1104      1089      1091      1027      1032
dram[5]:       1131      1197      1248      1287      1223      1259      1194      1053       968      1009      1263      1286      1333      1335      1460      1301
dram[6]:       1247      1248      1056      1077      1404      1406      1381      1418      1010      1019      1264      1270      1060      1069      1096      1737
dram[7]:       1076      1082       884       913      1112      1114      1002      1008      1005      1006      1125      1127      1101      1099      1214      1202
dram[8]:       1353      1355      1004      1016      1281      1283      1058      1059       908       907      1025       995      1345      1345      1306      1261
dram[9]:       1173      1217      1111      1085      1002      1004      1150      1072       992      1057      1100      1055      1129      1131      1344      1256
dram[10]:       1080      1081      1223      1113      1008      1075      1061      1095      1045      1047      1586       958      1301      1347      1253      1126
dram[11]:       1217      1213      1022      1041      1122      1125      1211      1083      1015      1075       950      1106      1098      1106      1167      1119
dram[12]:       1026      1076      1092      1094      1265      1271      1033      1030       879       888      1113      1121      1083      1085      1179      1214
dram[13]:       1154      1156      1124      1100      1194      1196      1078      1099       971       967      1052      1080      1057      1069      1180      1125
dram[14]:       1185      1177      1288      1329      1282      1301      1975      1354      1101      1102      1370      1034      1446      1448      1169      1174
dram[15]:       1229      1239      1215      1182      1152      1157      1140      1190      1002      1002      1118      1096      1108      1108      1286      1226
Memory Partition 0: 
Cache L2_bank_000:
MSHR contents

Cache L2_bank_001:
MSHR contents

In Dram Latency Queue (total = 0): 
DRAM[0]: 16 bks, busW=2 BL=16 CL=24, tRRD=12 tCCD=4, tRCD=24 tRAS=55 tRP=24 tRC=78
n_cmd=70782 n_nop=58387 n_act=252 n_pre=236 n_ref_event=0 n_req=8844 n_rd=7820 n_rd_L2_A=0 n_write=0 n_wr_bk=4096 bw_util=0.6734
n_activity=55689 dram_eff=0.8559
bk0: 448a 60452i bk1: 448a 60347i bk2: 448a 59815i bk3: 448a 61465i bk4: 492a 59616i bk5: 496a 59130i bk6: 512a 59831i bk7: 512a 59396i bk8: 472a 60654i bk9: 472a 60821i bk10: 512a 58268i bk11: 512a 59597i bk12: 512a 59983i bk13: 512a 59618i bk14: 512a 58391i bk15: 512a 58494i 

------------------------------------------------------------------------

Row_Buffer_Locality = 0.971506
Row_Buffer_Locality_read = 0.981202
Row_Buffer_Locality_write = 0.897461
Bank_Level_Parallism = 3.595588
Bank_Level_Parallism_Col = 3.483547
Bank_Level_Parallism_Ready = 1.542591
write_to_read_ratio_blp_rw_average = 0.406030
GrpLevelPara = 2.546973 

BW Util details:
bwutil = 0.673392 
total_CMD = 70782 
util_bw = 47664 
Wasted_Col = 4074 
Wasted_Row = 681 
Idle = 18363 

BW Util Bottlenecks: 
RCDc_limit = 1231 
RCDWRc_limit = 161 
WTRc_limit = 1991 
RTWc_limit = 2844 
CCDLc_limit = 2707 
rwq = 0 
CCDLc_limit_alone = 2347 
WTRc_limit_alone = 1888 
RTWc_limit_alone = 2587 

Commands details: 
total_CMD = 70782 
n_nop = 58387 
Read = 7820 
Write = 0 
L2_Alloc = 0 
L2_WB = 4096 
n_act = 252 
n_pre = 236 
n_ref = 0 
n_req = 8844 
total_req = 11916 

Dual Bus Interface Util: 
issued_total_row = 488 
issued_total_col = 11916 
Row_Bus_Util =  0.006894 
CoL_Bus_Util = 0.168348 
Either_Row_CoL_Bus_Util = 0.175115 
Issued_on_Two_Bus_Simul_Util = 0.000127 
issued_two_Eff = 0.000726 
queue_avg = 21.003193 


dram_util_bins: 0 0 0 0 0 0 0 0 0 0
dram_eff_bins: 0 0 0 0 0 0 0 0 0 0
mrqq: max=64 avg=21.0032
Memory Partition 1: 
Cache L2_bank_002:
MSHR contents

Cache L2_bank_003:
MSHR contents

In Dram Latency Queue (total = 5): 
Ready @ 57519 -   mf: uid=966691, sid4294967295:w4294967295, part=1, addr=0xc05e6980, store, size=128, L2_WRBK  status = IN_PARTITION_DRAM_LATENCY_QUEUE (57265), 
Ready @ 57540 -   mf: uid=966700, sid4294967295:w4294967295, part=1, addr=0xc05e7980, store, size=128, L2_WRBK  status = IN_PARTITION_DRAM_LATENCY_QUEUE (57286), 
Ready @ 57553 -   mf: uid=966704, sid4294967295:w4294967295, part=1, addr=0xc05e5b00, store, size=128, L2_WRBK  status = IN_PARTITION_DRAM_LATENCY_QUEUE (57299), 
Ready @ 57574 -   mf: uid=966709, sid4294967295:w4294967295, part=1, addr=0xc05e6900, store, size=128, L2_WRBK  status = IN_PARTITION_DRAM_LATENCY_QUEUE (57320), 
Ready @ 57595 -   mf: uid=966716, sid4294967295:w4294967295, part=1, addr=0xc05e7900, store, size=128, L2_WRBK  status = IN_PARTITION_DRAM_LATENCY_QUEUE (57341), 
DRAM[1]: 16 bks, busW=2 BL=16 CL=24, tRRD=12 tCCD=4, tRCD=24 tRAS=55 tRP=24 tRC=78
n_cmd=70782 n_nop=58396 n_act=263 n_pre=247 n_ref_event=0 n_req=8835 n_rd=7816 n_rd_L2_A=0 n_write=0 n_wr_bk=4075 bw_util=0.672
n_activity=55594 dram_eff=0.8556
bk0: 448a 61451i bk1: 448a 61121i bk2: 448a 60693i bk3: 448a 60824i bk4: 492a 59567i bk5: 492a 59253i bk6: 512a 60092i bk7: 512a 59075i bk8: 472a 59957i bk9: 472a 59670i bk10: 512a 58456i bk11: 512a 58703i bk12: 512a 59271i bk13: 512a 58965i bk14: 512a 59281i bk15: 512a 59509i 

------------------------------------------------------------------------

Row_Buffer_Locality = 0.970232
Row_Buffer_Locality_read = 0.980553
Row_Buffer_Locality_write = 0.891070
Bank_Level_Parallism = 3.608182
Bank_Level_Parallism_Col = 3.494405
Bank_Level_Parallism_Ready = 1.572460
write_to_read_ratio_blp_rw_average = 0.408473
GrpLevelPara = 2.518570 

BW Util details:
bwutil = 0.671979 
total_CMD = 70782 
util_bw = 47561 
Wasted_Col = 3824 
Wasted_Row = 813 
Idle = 18584 

BW Util Bottlenecks: 
RCDc_limit = 1384 
RCDWRc_limit = 240 
WTRc_limit = 1304 
RTWc_limit = 3135 
CCDLc_limit = 2377 
rwq = 0 
CCDLc_limit_alone = 1960 
WTRc_limit_alone = 1253 
RTWc_limit_alone = 2769 

Commands details: 
total_CMD = 70782 
n_nop = 58396 
Read = 7816 
Write = 0 
L2_Alloc = 0 
L2_WB = 4075 
n_act = 263 
n_pre = 247 
n_ref = 0 
n_req = 8835 
total_req = 11891 

Dual Bus Interface Util: 
issued_total_row = 510 
issued_total_col = 11891 
Row_Bus_Util =  0.007205 
CoL_Bus_Util = 0.167995 
Either_Row_CoL_Bus_Util = 0.174988 
Issued_on_Two_Bus_Simul_Util = 0.000212 
issued_two_Eff = 0.001211 
queue_avg = 21.119635 


dram_util_bins: 0 0 0 0 0 0 0 0 0 0
dram_eff_bins: 0 0 0 0 0 0 0 0 0 0
mrqq: max=64 avg=21.1196
Memory Partition 2: 
Cache L2_bank_004:
MSHR contents

Cache L2_bank_005:
MSHR contents

In Dram Latency Queue (total = 6): 
Ready @ 57639 -   mf: uid=966732, sid4294967295:w4294967295, part=2, addr=0xc05e5880, store, size=128, L2_WRBK  status = IN_PARTITION_DRAM_LATENCY_QUEUE (57385), 
Ready @ 57660 -   mf: uid=966737, sid4294967295:w4294967295, part=2, addr=0xc05e6a80, store, size=128, L2_WRBK  status = IN_PARTITION_DRAM_LATENCY_QUEUE (57406), 
Ready @ 57676 -   mf: uid=966743, sid4294967295:w4294967295, part=2, addr=0xc05e5800, store, size=128, L2_WRBK  status = IN_PARTITION_DRAM_LATENCY_QUEUE (57422), 
Ready @ 57688 -   mf: uid=966746, sid4294967295:w4294967295, part=2, addr=0xc05e7a80, store, size=128, L2_WRBK  status = IN_PARTITION_DRAM_LATENCY_QUEUE (57434), 
Ready @ 57699 -   mf: uid=966751, sid4294967295:w4294967295, part=2, addr=0xc05e6a00, store, size=128, L2_WRBK  status = IN_PARTITION_DRAM_LATENCY_QUEUE (57445), 
Ready @ 57722 -   mf: uid=966757, sid4294967295:w4294967295, part=2, addr=0xc05e7a00, store, size=128, L2_WRBK  status = IN_PARTITION_DRAM_LATENCY_QUEUE (57468), 
DRAM[2]: 16 bks, busW=2 BL=16 CL=24, tRRD=12 tCCD=4, tRCD=24 tRAS=55 tRP=24 tRC=78
n_cmd=70782 n_nop=58359 n_act=265 n_pre=249 n_ref_event=0 n_req=8858 n_rd=7840 n_rd_L2_A=0 n_write=0 n_wr_bk=4072 bw_util=0.6732
n_activity=55990 dram_eff=0.851
bk0: 448a 60924i bk1: 448a 61118i bk2: 448a 60312i bk3: 448a 59688i bk4: 496a 59911i bk5: 496a 59507i bk6: 512a 58275i bk7: 512a 59032i bk8: 480a 59370i bk9: 480a 59104i bk10: 512a 58681i bk11: 512a 58958i bk12: 512a 59362i bk13: 512a 59056i bk14: 512a 60439i bk15: 512a 60227i 

------------------------------------------------------------------------

Row_Buffer_Locality = 0.970084
Row_Buffer_Locality_read = 0.980357
Row_Buffer_Locality_write = 0.890963
Bank_Level_Parallism = 3.652528
Bank_Level_Parallism_Col = 3.534460
Bank_Level_Parallism_Ready = 1.554224
write_to_read_ratio_blp_rw_average = 0.412850
GrpLevelPara = 2.574728 

BW Util details:
bwutil = 0.673166 
total_CMD = 70782 
util_bw = 47648 
Wasted_Col = 3956 
Wasted_Row = 693 
Idle = 18485 

BW Util Bottlenecks: 
RCDc_limit = 1210 
RCDWRc_limit = 206 
WTRc_limit = 1434 
RTWc_limit = 3202 
CCDLc_limit = 2664 
rwq = 0 
CCDLc_limit_alone = 2179 
WTRc_limit_alone = 1346 
RTWc_limit_alone = 2805 

Commands details: 
total_CMD = 70782 
n_nop = 58359 
Read = 7840 
Write = 0 
L2_Alloc = 0 
L2_WB = 4072 
n_act = 265 
n_pre = 249 
n_ref = 0 
n_req = 8858 
total_req = 11912 

Dual Bus Interface Util: 
issued_total_row = 514 
issued_total_col = 11912 
Row_Bus_Util =  0.007262 
CoL_Bus_Util = 0.168291 
Either_Row_CoL_Bus_Util = 0.175511 
Issued_on_Two_Bus_Simul_Util = 0.000042 
issued_two_Eff = 0.000241 
queue_avg = 20.709869 


dram_util_bins: 0 0 0 0 0 0 0 0 0 0
dram_eff_bins: 0 0 0 0 0 0 0 0 0 0
mrqq: max=64 avg=20.7099
Memory Partition 3: 
Cache L2_bank_006:
MSHR contents

Cache L2_bank_007:
MSHR contents

In Dram Latency Queue (total = 6): 
Ready @ 57591 -   mf: uid=966715, sid4294967295:w4294967295, part=3, addr=0xc05e5900, store, size=128, L2_WRBK  status = IN_PARTITION_DRAM_LATENCY_QUEUE (57337), 
Ready @ 57609 -   mf: uid=966720, sid4294967295:w4294967295, part=3, addr=0xc05e6b00, store, size=128, L2_WRBK  status = IN_PARTITION_DRAM_LATENCY_QUEUE (57355), 
Ready @ 57630 -   mf: uid=966728, sid4294967295:w4294967295, part=3, addr=0xc05e7b00, store, size=128, L2_WRBK  status = IN_PARTITION_DRAM_LATENCY_QUEUE (57376), 
Ready @ 57644 -   mf: uid=966735, sid4294967295:w4294967295, part=3, addr=0xc05e5980, store, size=128, L2_WRBK  status = IN_PARTITION_DRAM_LATENCY_QUEUE (57390), 
Ready @ 57664 -   mf: uid=966739, sid4294967295:w4294967295, part=3, addr=0xc05e6b80, store, size=128, L2_WRBK  status = IN_PARTITION_DRAM_LATENCY_QUEUE (57410), 
Ready @ 57684 -   mf: uid=966745, sid4294967295:w4294967295, part=3, addr=0xc05e7b80, store, size=128, L2_WRBK  status = IN_PARTITION_DRAM_LATENCY_QUEUE (57430), 
DRAM[3]: 16 bks, busW=2 BL=16 CL=24, tRRD=12 tCCD=4, tRCD=24 tRAS=55 tRP=24 tRC=78
n_cmd=70782 n_nop=58348 n_act=268 n_pre=252 n_ref_event=0 n_req=8862 n_rd=7844 n_rd_L2_A=0 n_write=0 n_wr_bk=4072 bw_util=0.6734
n_activity=56077 dram_eff=0.85
bk0: 448a 60735i bk1: 448a 60401i bk2: 448a 59373i bk3: 448a 61426i bk4: 496a 60565i bk5: 496a 60316i bk6: 512a 59064i bk7: 512a 59296i bk8: 484a 59622i bk9: 480a 59314i bk10: 512a 59326i bk11: 512a 60190i bk12: 512a 60092i bk13: 512a 59912i bk14: 512a 60034i bk15: 512a 59038i 

------------------------------------------------------------------------

Row_Buffer_Locality = 0.969759
Row_Buffer_Locality_read = 0.980367
Row_Buffer_Locality_write = 0.888016
Bank_Level_Parallism = 3.559203
Bank_Level_Parallism_Col = 3.442972
Bank_Level_Parallism_Ready = 1.504565
write_to_read_ratio_blp_rw_average = 0.390222
GrpLevelPara = 2.538419 

BW Util details:
bwutil = 0.673392 
total_CMD = 70782 
util_bw = 47664 
Wasted_Col = 3931 
Wasted_Row = 729 
Idle = 18458 

BW Util Bottlenecks: 
RCDc_limit = 1253 
RCDWRc_limit = 309 
WTRc_limit = 1668 
RTWc_limit = 2028 
CCDLc_limit = 2353 
rwq = 0 
CCDLc_limit_alone = 2135 
WTRc_limit_alone = 1593 
RTWc_limit_alone = 1885 

Commands details: 
total_CMD = 70782 
n_nop = 58348 
Read = 7844 
Write = 0 
L2_Alloc = 0 
L2_WB = 4072 
n_act = 268 
n_pre = 252 
n_ref = 0 
n_req = 8862 
total_req = 11916 

Dual Bus Interface Util: 
issued_total_row = 520 
issued_total_col = 11916 
Row_Bus_Util =  0.007347 
CoL_Bus_Util = 0.168348 
Either_Row_CoL_Bus_Util = 0.175666 
Issued_on_Two_Bus_Simul_Util = 0.000028 
issued_two_Eff = 0.000161 
queue_avg = 19.669874 


dram_util_bins: 0 0 0 0 0 0 0 0 0 0
dram_eff_bins: 0 0 0 0 0 0 0 0 0 0
mrqq: max=64 avg=19.6699
Memory Partition 4: 
Cache L2_bank_008:
MSHR contents

Cache L2_bank_009:
MSHR contents

In Dram Latency Queue (total = 7): 
Ready @ 57559 -   mf: uid=966706, sid4294967295:w4294967295, part=4, addr=0xc05e4e80, store, size=128, L2_WRBK  status = IN_PARTITION_DRAM_LATENCY_QUEUE (57305), 
Ready @ 57582 -   mf: uid=966711, sid4294967295:w4294967295, part=4, addr=0xc05e5e00, store, size=128, L2_WRBK  status = IN_PARTITION_DRAM_LATENCY_QUEUE (57328), 
Ready @ 57586 -   mf: uid=966713, sid4294967295:w4294967295, part=4, addr=0xc05e5e80, store, size=128, L2_WRBK  status = IN_PARTITION_DRAM_LATENCY_QUEUE (57332), 
Ready @ 57608 -   mf: uid=966719, sid4294967295:w4294967295, part=4, addr=0xc05e6c00, store, size=128, L2_WRBK  status = IN_PARTITION_DRAM_LATENCY_QUEUE (57354), 
Ready @ 57616 -   mf: uid=966724, sid4294967295:w4294967295, part=4, addr=0xc05e6c80, store, size=128, L2_WRBK  status = IN_PARTITION_DRAM_LATENCY_QUEUE (57362), 
Ready @ 57634 -   mf: uid=966729, sid4294967295:w4294967295, part=4, addr=0xc05e7c00, store, size=128, L2_WRBK  status = IN_PARTITION_DRAM_LATENCY_QUEUE (57380), 
Ready @ 57638 -   mf: uid=966731, sid4294967295:w4294967295, part=4, addr=0xc05e7c80, store, size=128, L2_WRBK  status = IN_PARTITION_DRAM_LATENCY_QUEUE (57384), 
DRAM[4]: 16 bks, busW=2 BL=16 CL=24, tRRD=12 tCCD=4, tRCD=24 tRAS=55 tRP=24 tRC=78
n_cmd=70782 n_nop=58399 n_act=258 n_pre=242 n_ref_event=0 n_req=8841 n_rd=7824 n_rd_L2_A=0 n_write=0 n_wr_bk=4068 bw_util=0.672
n_activity=55216 dram_eff=0.8615
bk0: 448a 61120i bk1: 448a 59989i bk2: 448a 60865i bk3: 448a 60921i bk4: 492a 60512i bk5: 492a 60302i bk6: 512a 59098i bk7: 512a 58973i bk8: 476a 60122i bk9: 476a 59476i bk10: 512a 59752i bk11: 512a 59521i bk12: 512a 60257i bk13: 512a 60057i bk14: 512a 59942i bk15: 512a 59578i 

------------------------------------------------------------------------

Row_Buffer_Locality = 0.970818
Row_Buffer_Locality_read = 0.980956
Row_Buffer_Locality_write = 0.892822
Bank_Level_Parallism = 3.546882
Bank_Level_Parallism_Col = 3.441174
Bank_Level_Parallism_Ready = 1.546065
write_to_read_ratio_blp_rw_average = 0.409900
GrpLevelPara = 2.534445 

BW Util details:
bwutil = 0.672035 
total_CMD = 70782 
util_bw = 47568 
Wasted_Col = 3549 
Wasted_Row = 716 
Idle = 18949 

BW Util Bottlenecks: 
RCDc_limit = 1291 
RCDWRc_limit = 158 
WTRc_limit = 1320 
RTWc_limit = 1976 
CCDLc_limit = 2063 
rwq = 0 
CCDLc_limit_alone = 1866 
WTRc_limit_alone = 1243 
RTWc_limit_alone = 1856 

Commands details: 
total_CMD = 70782 
n_nop = 58399 
Read = 7824 
Write = 0 
L2_Alloc = 0 
L2_WB = 4068 
n_act = 258 
n_pre = 242 
n_ref = 0 
n_req = 8841 
total_req = 11892 

Dual Bus Interface Util: 
issued_total_row = 500 
issued_total_col = 11892 
Row_Bus_Util =  0.007064 
CoL_Bus_Util = 0.168009 
Either_Row_CoL_Bus_Util = 0.174946 
Issued_on_Two_Bus_Simul_Util = 0.000127 
issued_two_Eff = 0.000727 
queue_avg = 19.477833 


dram_util_bins: 0 0 0 0 0 0 0 0 0 0
dram_eff_bins: 0 0 0 0 0 0 0 0 0 0
mrqq: max=64 avg=19.4778
Memory Partition 5: 
Cache L2_bank_010:
MSHR contents

Cache L2_bank_011:
MSHR contents

In Dram Latency Queue (total = 0): 
DRAM[5]: 16 bks, busW=2 BL=16 CL=24, tRRD=12 tCCD=4, tRCD=24 tRAS=55 tRP=24 tRC=78
n_cmd=70782 n_nop=58364 n_act=260 n_pre=244 n_ref_event=0 n_req=8848 n_rd=7824 n_rd_L2_A=0 n_write=0 n_wr_bk=4096 bw_util=0.6736
n_activity=55667 dram_eff=0.8565
bk0: 448a 61025i bk1: 448a 60805i bk2: 448a 59782i bk3: 448a 59439i bk4: 492a 60542i bk5: 492a 60397i bk6: 512a 57713i bk7: 512a 57899i bk8: 476a 61398i bk9: 476a 60961i bk10: 512a 58863i bk11: 512a 59755i bk12: 512a 59797i bk13: 512a 59361i bk14: 512a 60336i bk15: 512a 59921i 

------------------------------------------------------------------------

Row_Buffer_Locality = 0.970615
Row_Buffer_Locality_read = 0.980445
Row_Buffer_Locality_write = 0.895508
Bank_Level_Parallism = 3.569400
Bank_Level_Parallism_Col = 3.456321
Bank_Level_Parallism_Ready = 1.544701
write_to_read_ratio_blp_rw_average = 0.414252
GrpLevelPara = 2.580947 

BW Util details:
bwutil = 0.673618 
total_CMD = 70782 
util_bw = 47680 
Wasted_Col = 3831 
Wasted_Row = 713 
Idle = 18558 

BW Util Bottlenecks: 
RCDc_limit = 1398 
RCDWRc_limit = 118 
WTRc_limit = 1578 
RTWc_limit = 2964 
CCDLc_limit = 2522 
rwq = 0 
CCDLc_limit_alone = 2087 
WTRc_limit_alone = 1548 
RTWc_limit_alone = 2559 

Commands details: 
total_CMD = 70782 
n_nop = 58364 
Read = 7824 
Write = 0 
L2_Alloc = 0 
L2_WB = 4096 
n_act = 260 
n_pre = 244 
n_ref = 0 
n_req = 8848 
total_req = 11920 

Dual Bus Interface Util: 
issued_total_row = 504 
issued_total_col = 11920 
Row_Bus_Util =  0.007120 
CoL_Bus_Util = 0.168404 
Either_Row_CoL_Bus_Util = 0.175440 
Issued_on_Two_Bus_Simul_Util = 0.000085 
issued_two_Eff = 0.000483 
queue_avg = 20.878571 


dram_util_bins: 0 0 0 0 0 0 0 0 0 0
dram_eff_bins: 0 0 0 0 0 0 0 0 0 0
mrqq: max=64 avg=20.8786
Memory Partition 6: 
Cache L2_bank_012:
MSHR contents

Cache L2_bank_013:
MSHR contents

In Dram Latency Queue (total = 8): 
Ready @ 57519 -   mf: uid=966692, sid4294967295:w4294967295, part=6, addr=0xc05e4c80, store, size=128, L2_WRBK  status = IN_PARTITION_DRAM_LATENCY_QUEUE (57265), 
Ready @ 57543 -   mf: uid=966702, sid4294967295:w4294967295, part=6, addr=0xc05e5c80, store, size=128, L2_WRBK  status = IN_PARTITION_DRAM_LATENCY_QUEUE (57289), 
Ready @ 57546 -   mf: uid=966703, sid4294967295:w4294967295, part=6, addr=0xc05e4c00, store, size=128, L2_WRBK  status = IN_PARTITION_DRAM_LATENCY_QUEUE (57292), 
Ready @ 57569 -   mf: uid=966708, sid4294967295:w4294967295, part=6, addr=0xc05e6e80, store, size=128, L2_WRBK  status = IN_PARTITION_DRAM_LATENCY_QUEUE (57315), 
Ready @ 57575 -   mf: uid=966710, sid4294967295:w4294967295, part=6, addr=0xc05e5c00, store, size=128, L2_WRBK  status = IN_PARTITION_DRAM_LATENCY_QUEUE (57321), 
Ready @ 57595 -   mf: uid=966717, sid4294967295:w4294967295, part=6, addr=0xc05e7e80, store, size=128, L2_WRBK  status = IN_PARTITION_DRAM_LATENCY_QUEUE (57341), 
Ready @ 57598 -   mf: uid=966718, sid4294967295:w4294967295, part=6, addr=0xc05e6e00, store, size=128, L2_WRBK  status = IN_PARTITION_DRAM_LATENCY_QUEUE (57344), 
Ready @ 57618 -   mf: uid=966726, sid4294967295:w4294967295, part=6, addr=0xc05e7e00, store, size=128, L2_WRBK  status = IN_PARTITION_DRAM_LATENCY_QUEUE (57364), 
DRAM[6]: 16 bks, busW=2 BL=16 CL=24, tRRD=12 tCCD=4, tRCD=24 tRAS=55 tRP=24 tRC=78
n_cmd=70782 n_nop=58412 n_act=256 n_pre=240 n_ref_event=0 n_req=8832 n_rd=7816 n_rd_L2_A=0 n_write=0 n_wr_bk=4064 bw_util=0.6714
n_activity=55611 dram_eff=0.8545
bk0: 448a 60261i bk1: 448a 60562i bk2: 448a 60526i bk3: 448a 60417i bk4: 488a 59998i bk5: 492a 59712i bk6: 512a 57925i bk7: 512a 57828i bk8: 476a 61002i bk9: 472a 60888i bk10: 512a 60043i bk11: 512a 60313i bk12: 512a 60089i bk13: 512a 59843i bk14: 512a 59517i bk15: 512a 59104i 

------------------------------------------------------------------------

Row_Buffer_Locality = 0.971014
Row_Buffer_Locality_read = 0.980809
Row_Buffer_Locality_write = 0.895669
Bank_Level_Parallism = 3.602659
Bank_Level_Parallism_Col = 3.487449
Bank_Level_Parallism_Ready = 1.549710
write_to_read_ratio_blp_rw_average = 0.405998
GrpLevelPara = 2.601247 

BW Util details:
bwutil = 0.671357 
total_CMD = 70782 
util_bw = 47520 
Wasted_Col = 3709 
Wasted_Row = 640 
Idle = 18913 

BW Util Bottlenecks: 
RCDc_limit = 1296 
RCDWRc_limit = 250 
WTRc_limit = 1470 
RTWc_limit = 2880 
CCDLc_limit = 2165 
rwq = 0 
CCDLc_limit_alone = 1834 
WTRc_limit_alone = 1395 
RTWc_limit_alone = 2624 

Commands details: 
total_CMD = 70782 
n_nop = 58412 
Read = 7816 
Write = 0 
L2_Alloc = 0 
L2_WB = 4064 
n_act = 256 
n_pre = 240 
n_ref = 0 
n_req = 8832 
total_req = 11880 

Dual Bus Interface Util: 
issued_total_row = 496 
issued_total_col = 11880 
Row_Bus_Util =  0.007007 
CoL_Bus_Util = 0.167839 
Either_Row_CoL_Bus_Util = 0.174762 
Issued_on_Two_Bus_Simul_Util = 0.000085 
issued_two_Eff = 0.000485 
queue_avg = 17.870363 


dram_util_bins: 0 0 0 0 0 0 0 0 0 0
dram_eff_bins: 0 0 0 0 0 0 0 0 0 0
mrqq: max=64 avg=17.8704
Memory Partition 7: 
Cache L2_bank_014:
MSHR contents

Cache L2_bank_015:
MSHR contents

In Dram Latency Queue (total = 7): 
Ready @ 57683 -   mf: uid=966744, sid4294967295:w4294967295, part=7, addr=0xc05e4d80, store, size=128, L2_WRBK  status = IN_PARTITION_DRAM_LATENCY_QUEUE (57429), 
Ready @ 57692 -   mf: uid=966748, sid4294967295:w4294967295, part=7, addr=0xc05e5d00, store, size=128, L2_WRBK  status = IN_PARTITION_DRAM_LATENCY_QUEUE (57438), 
Ready @ 57712 -   mf: uid=966753, sid4294967295:w4294967295, part=7, addr=0xc05e5d80, store, size=128, L2_WRBK  status = IN_PARTITION_DRAM_LATENCY_QUEUE (57458), 
Ready @ 57716 -   mf: uid=966755, sid4294967295:w4294967295, part=7, addr=0xc05e6f00, store, size=128, L2_WRBK  status = IN_PARTITION_DRAM_LATENCY_QUEUE (57462), 
Ready @ 57735 -   mf: uid=966761, sid4294967295:w4294967295, part=7, addr=0xc05e6f80, store, size=128, L2_WRBK  status = IN_PARTITION_DRAM_LATENCY_QUEUE (57481), 
Ready @ 57739 -   mf: uid=966762, sid4294967295:w4294967295, part=7, addr=0xc05e7f00, store, size=128, L2_WRBK  status = IN_PARTITION_DRAM_LATENCY_QUEUE (57485), 
Ready @ 57757 -   mf: uid=966763, sid4294967295:w4294967295, part=7, addr=0xc05e7f80, store, size=128, L2_WRBK  status = IN_PARTITION_DRAM_LATENCY_QUEUE (57503), 
DRAM[7]: 16 bks, busW=2 BL=16 CL=24, tRRD=12 tCCD=4, tRCD=24 tRAS=55 tRP=24 tRC=78
n_cmd=70782 n_nop=58379 n_act=270 n_pre=254 n_ref_event=0 n_req=8837 n_rd=7820 n_rd_L2_A=0 n_write=0 n_wr_bk=4068 bw_util=0.6718
n_activity=55773 dram_eff=0.8526
bk0: 448a 60756i bk1: 448a 60423i bk2: 448a 61795i bk3: 448a 61579i bk4: 492a 60187i bk5: 488a 60288i bk6: 512a 60814i bk7: 512a 59329i bk8: 476a 60417i bk9: 476a 60164i bk10: 512a 60001i bk11: 512a 59680i bk12: 512a 59998i bk13: 512a 59808i bk14: 512a 58657i bk15: 512a 58494i 

------------------------------------------------------------------------

Row_Buffer_Locality = 0.969447
Row_Buffer_Locality_read = 0.980051
Row_Buffer_Locality_write = 0.887906
Bank_Level_Parallism = 3.492053
Bank_Level_Parallism_Col = 3.371876
Bank_Level_Parallism_Ready = 1.491857
write_to_read_ratio_blp_rw_average = 0.407947
GrpLevelPara = 2.465701 

BW Util details:
bwutil = 0.671809 
total_CMD = 70782 
util_bw = 47552 
Wasted_Col = 3803 
Wasted_Row = 793 
Idle = 18634 

BW Util Bottlenecks: 
RCDc_limit = 1437 
RCDWRc_limit = 279 
WTRc_limit = 1483 
RTWc_limit = 2588 
CCDLc_limit = 2316 
rwq = 0 
CCDLc_limit_alone = 1939 
WTRc_limit_alone = 1415 
RTWc_limit_alone = 2279 

Commands details: 
total_CMD = 70782 
n_nop = 58379 
Read = 7820 
Write = 0 
L2_Alloc = 0 
L2_WB = 4068 
n_act = 270 
n_pre = 254 
n_ref = 0 
n_req = 8837 
total_req = 11888 

Dual Bus Interface Util: 
issued_total_row = 524 
issued_total_col = 11888 
Row_Bus_Util =  0.007403 
CoL_Bus_Util = 0.167952 
Either_Row_CoL_Bus_Util = 0.175228 
Issued_on_Two_Bus_Simul_Util = 0.000127 
issued_two_Eff = 0.000726 
queue_avg = 18.825577 


dram_util_bins: 0 0 0 0 0 0 0 0 0 0
dram_eff_bins: 0 0 0 0 0 0 0 0 0 0
mrqq: max=64 avg=18.8256
Memory Partition 8: 
Cache L2_bank_016:
MSHR contents

Cache L2_bank_017:
MSHR contents

In Dram Latency Queue (total = 3): 
Ready @ 57519 -   mf: uid=966693, sid4294967295:w4294967295, part=8, addr=0xc05e7080, store, size=128, L2_WRBK  status = IN_PARTITION_DRAM_LATENCY_QUEUE (57265), 
Ready @ 57523 -   mf: uid=966694, sid4294967295:w4294967295, part=8, addr=0xc05e6000, store, size=128, L2_WRBK  status = IN_PARTITION_DRAM_LATENCY_QUEUE (57269), 
Ready @ 57542 -   mf: uid=966701, sid4294967295:w4294967295, part=8, addr=0xc05e7000, store, size=128, L2_WRBK  status = IN_PARTITION_DRAM_LATENCY_QUEUE (57288), 
DRAM[8]: 16 bks, busW=2 BL=16 CL=24, tRRD=12 tCCD=4, tRCD=24 tRAS=55 tRP=24 tRC=78
n_cmd=70782 n_nop=58397 n_act=255 n_pre=239 n_ref_event=0 n_req=8841 n_rd=7820 n_rd_L2_A=0 n_write=0 n_wr_bk=4081 bw_util=0.6725
n_activity=55288 dram_eff=0.861
bk0: 448a 60331i bk1: 448a 60266i bk2: 448a 60198i bk3: 448a 60067i bk4: 492a 60884i bk5: 492a 60475i bk6: 512a 59928i bk7: 512a 59999i bk8: 472a 60845i bk9: 476a 60795i bk10: 512a 60625i bk11: 512a 59936i bk12: 512a 59508i bk13: 512a 59374i bk14: 512a 59456i bk15: 512a 59454i 

------------------------------------------------------------------------

Row_Buffer_Locality = 0.971157
Row_Buffer_Locality_read = 0.981202
Row_Buffer_Locality_write = 0.894221
Bank_Level_Parallism = 3.506568
Bank_Level_Parallism_Col = 3.402919
Bank_Level_Parallism_Ready = 1.487246
write_to_read_ratio_blp_rw_average = 0.391116
GrpLevelPara = 2.522251 

BW Util details:
bwutil = 0.672544 
total_CMD = 70782 
util_bw = 47601 
Wasted_Col = 3564 
Wasted_Row = 820 
Idle = 18797 

BW Util Bottlenecks: 
RCDc_limit = 1282 
RCDWRc_limit = 268 
WTRc_limit = 1622 
RTWc_limit = 2421 
CCDLc_limit = 2040 
rwq = 0 
CCDLc_limit_alone = 1672 
WTRc_limit_alone = 1467 
RTWc_limit_alone = 2208 

Commands details: 
total_CMD = 70782 
n_nop = 58397 
Read = 7820 
Write = 0 
L2_Alloc = 0 
L2_WB = 4081 
n_act = 255 
n_pre = 239 
n_ref = 0 
n_req = 8841 
total_req = 11901 

Dual Bus Interface Util: 
issued_total_row = 494 
issued_total_col = 11901 
Row_Bus_Util =  0.006979 
CoL_Bus_Util = 0.168136 
Either_Row_CoL_Bus_Util = 0.174974 
Issued_on_Two_Bus_Simul_Util = 0.000141 
issued_two_Eff = 0.000807 
queue_avg = 18.527281 


dram_util_bins: 0 0 0 0 0 0 0 0 0 0
dram_eff_bins: 0 0 0 0 0 0 0 0 0 0
mrqq: max=64 avg=18.5273
Memory Partition 9: 
Cache L2_bank_018:
MSHR contents

Cache L2_bank_019:
MSHR contents

In Dram Latency Queue (total = 4): 
Ready @ 57696 -   mf: uid=966750, sid4294967295:w4294967295, part=9, addr=0xc05e6100, store, size=128, L2_WRBK  status = IN_PARTITION_DRAM_LATENCY_QUEUE (57442), 
Ready @ 57707 -   mf: uid=966752, sid4294967295:w4294967295, part=9, addr=0xc05e6180, store, size=128, L2_WRBK  status = IN_PARTITION_DRAM_LATENCY_QUEUE (57453), 
Ready @ 57722 -   mf: uid=966758, sid4294967295:w4294967295, part=9, addr=0xc05e7100, store, size=128, L2_WRBK  status = IN_PARTITION_DRAM_LATENCY_QUEUE (57468), 
Ready @ 57731 -   mf: uid=966759, sid4294967295:w4294967295, part=9, addr=0xc05e7180, store, size=128, L2_WRBK  status = IN_PARTITION_DRAM_LATENCY_QUEUE (57477), 
DRAM[9]: 16 bks, busW=2 BL=16 CL=24, tRRD=12 tCCD=4, tRCD=24 tRAS=55 tRP=24 tRC=78
n_cmd=70782 n_nop=58392 n_act=262 n_pre=246 n_ref_event=0 n_req=8832 n_rd=7812 n_rd_L2_A=0 n_write=0 n_wr_bk=4080 bw_util=0.672
n_activity=55445 dram_eff=0.8579
bk0: 448a 61225i bk1: 448a 61161i bk2: 448a 60856i bk3: 448a 60588i bk4: 488a 60029i bk5: 488a 60420i bk6: 512a 58185i bk7: 512a 58285i bk8: 472a 60529i bk9: 476a 60196i bk10: 512a 59445i bk11: 512a 59369i bk12: 512a 59617i bk13: 512a 59329i bk14: 512a 60694i bk15: 512a 59940i 

------------------------------------------------------------------------

Row_Buffer_Locality = 0.970335
Row_Buffer_Locality_read = 0.980799
Row_Buffer_Locality_write = 0.890196
Bank_Level_Parallism = 3.535620
Bank_Level_Parallism_Col = 3.418821
Bank_Level_Parallism_Ready = 1.563072
write_to_read_ratio_blp_rw_average = 0.401511
GrpLevelPara = 2.563263 

BW Util details:
bwutil = 0.672035 
total_CMD = 70782 
util_bw = 47568 
Wasted_Col = 3908 
Wasted_Row = 714 
Idle = 18592 

BW Util Bottlenecks: 
RCDc_limit = 1320 
RCDWRc_limit = 287 
WTRc_limit = 1740 
RTWc_limit = 2919 
CCDLc_limit = 2437 
rwq = 0 
CCDLc_limit_alone = 1996 
WTRc_limit_alone = 1622 
RTWc_limit_alone = 2596 

Commands details: 
total_CMD = 70782 
n_nop = 58392 
Read = 7812 
Write = 0 
L2_Alloc = 0 
L2_WB = 4080 
n_act = 262 
n_pre = 246 
n_ref = 0 
n_req = 8832 
total_req = 11892 

Dual Bus Interface Util: 
issued_total_row = 508 
issued_total_col = 11892 
Row_Bus_Util =  0.007177 
CoL_Bus_Util = 0.168009 
Either_Row_CoL_Bus_Util = 0.175045 
Issued_on_Two_Bus_Simul_Util = 0.000141 
issued_two_Eff = 0.000807 
queue_avg = 20.005863 


dram_util_bins: 0 0 0 0 0 0 0 0 0 0
dram_eff_bins: 0 0 0 0 0 0 0 0 0 0
mrqq: max=64 avg=20.0059
Memory Partition 10: 
Cache L2_bank_020:
MSHR contents

Cache L2_bank_021:
MSHR contents

In Dram Latency Queue (total = 0): 
DRAM[10]: 16 bks, busW=2 BL=16 CL=24, tRRD=12 tCCD=4, tRCD=24 tRAS=55 tRP=24 tRC=78
n_cmd=70782 n_nop=58383 n_act=251 n_pre=235 n_ref_event=0 n_req=8848 n_rd=7824 n_rd_L2_A=0 n_write=0 n_wr_bk=4096 bw_util=0.6736
n_activity=55735 dram_eff=0.8555
bk0: 448a 61241i bk1: 448a 61196i bk2: 448a 60733i bk3: 448a 60841i bk4: 488a 60575i bk5: 488a 60223i bk6: 512a 58940i bk7: 512a 58887i bk8: 476a 60993i bk9: 484a 60735i bk10: 512a 58858i bk11: 512a 59876i bk12: 512a 60312i bk13: 512a 60062i bk14: 512a 59247i bk15: 512a 60313i 

------------------------------------------------------------------------

Row_Buffer_Locality = 0.971632
Row_Buffer_Locality_read = 0.981339
Row_Buffer_Locality_write = 0.897461
Bank_Level_Parallism = 3.471273
Bank_Level_Parallism_Col = 3.364231
Bank_Level_Parallism_Ready = 1.505901
write_to_read_ratio_blp_rw_average = 0.402231
GrpLevelPara = 2.524733 

BW Util details:
bwutil = 0.673618 
total_CMD = 70782 
util_bw = 47680 
Wasted_Col = 3900 
Wasted_Row = 677 
Idle = 18525 

BW Util Bottlenecks: 
RCDc_limit = 1197 
RCDWRc_limit = 196 
WTRc_limit = 1529 
RTWc_limit = 2991 
CCDLc_limit = 2657 
rwq = 0 
CCDLc_limit_alone = 2171 
WTRc_limit_alone = 1419 
RTWc_limit_alone = 2615 

Commands details: 
total_CMD = 70782 
n_nop = 58383 
Read = 7824 
Write = 0 
L2_Alloc = 0 
L2_WB = 4096 
n_act = 251 
n_pre = 235 
n_ref = 0 
n_req = 8848 
total_req = 11920 

Dual Bus Interface Util: 
issued_total_row = 486 
issued_total_col = 11920 
Row_Bus_Util =  0.006866 
CoL_Bus_Util = 0.168404 
Either_Row_CoL_Bus_Util = 0.175172 
Issued_on_Two_Bus_Simul_Util = 0.000099 
issued_two_Eff = 0.000565 
queue_avg = 18.369627 


dram_util_bins: 0 0 0 0 0 0 0 0 0 0
dram_eff_bins: 0 0 0 0 0 0 0 0 0 0
mrqq: max=64 avg=18.3696
Memory Partition 11: 
Cache L2_bank_022:
MSHR contents

Cache L2_bank_023:
MSHR contents

In Dram Latency Queue (total = 4): 
Ready @ 57688 -   mf: uid=966747, sid4294967295:w4294967295, part=11, addr=0xc05e6380, store, size=128, L2_WRBK  status = IN_PARTITION_DRAM_LATENCY_QUEUE (57434), 
Ready @ 57714 -   mf: uid=966754, sid4294967295:w4294967295, part=11, addr=0xc05e6300, store, size=128, L2_WRBK  status = IN_PARTITION_DRAM_LATENCY_QUEUE (57460), 
Ready @ 57718 -   mf: uid=966756, sid4294967295:w4294967295, part=11, addr=0xc05e7380, store, size=128, L2_WRBK  status = IN_PARTITION_DRAM_LATENCY_QUEUE (57464), 
Ready @ 57734 -   mf: uid=966760, sid4294967295:w4294967295, part=11, addr=0xc05e7300, store, size=128, L2_WRBK  status = IN_PARTITION_DRAM_LATENCY_QUEUE (57480), 
DRAM[11]: 16 bks, busW=2 BL=16 CL=24, tRRD=12 tCCD=4, tRCD=24 tRAS=55 tRP=24 tRC=78
n_cmd=70782 n_nop=58388 n_act=255 n_pre=239 n_ref_event=0 n_req=8848 n_rd=7828 n_rd_L2_A=0 n_write=0 n_wr_bk=4080 bw_util=0.6729
n_activity=55812 dram_eff=0.8534
bk0: 448a 60558i bk1: 448a 59855i bk2: 448a 60722i bk3: 448a 59974i bk4: 492a 59578i bk5: 488a 59751i bk6: 512a 59721i bk7: 512a 59478i bk8: 480a 59716i bk9: 480a 59576i bk10: 512a 58914i bk11: 512a 58969i bk12: 512a 59515i bk13: 512a 59239i bk14: 512a 60056i bk15: 512a 59828i 

------------------------------------------------------------------------

Row_Buffer_Locality = 0.971180
Row_Buffer_Locality_read = 0.980838
Row_Buffer_Locality_write = 0.897059
Bank_Level_Parallism = 3.633528
Bank_Level_Parallism_Col = 3.523943
Bank_Level_Parallism_Ready = 1.593480
write_to_read_ratio_blp_rw_average = 0.400194
GrpLevelPara = 2.538810 

BW Util details:
bwutil = 0.672939 
total_CMD = 70782 
util_bw = 47632 
Wasted_Col = 3808 
Wasted_Row = 702 
Idle = 18640 

BW Util Bottlenecks: 
RCDc_limit = 1348 
RCDWRc_limit = 237 
WTRc_limit = 1424 
RTWc_limit = 2438 
CCDLc_limit = 2411 
rwq = 0 
CCDLc_limit_alone = 1973 
WTRc_limit_alone = 1264 
RTWc_limit_alone = 2160 

Commands details: 
total_CMD = 70782 
n_nop = 58388 
Read = 7828 
Write = 0 
L2_Alloc = 0 
L2_WB = 4080 
n_act = 255 
n_pre = 239 
n_ref = 0 
n_req = 8848 
total_req = 11908 

Dual Bus Interface Util: 
issued_total_row = 494 
issued_total_col = 11908 
Row_Bus_Util =  0.006979 
CoL_Bus_Util = 0.168235 
Either_Row_CoL_Bus_Util = 0.175101 
Issued_on_Two_Bus_Simul_Util = 0.000113 
issued_two_Eff = 0.000645 
queue_avg = 20.019129 


dram_util_bins: 0 0 0 0 0 0 0 0 0 0
dram_eff_bins: 0 0 0 0 0 0 0 0 0 0
mrqq: max=64 avg=20.0191
Memory Partition 12: 
Cache L2_bank_024:
MSHR contents

Cache L2_bank_025:
MSHR contents

In Dram Latency Queue (total = 6): 
Ready @ 57557 -   mf: uid=966705, sid4294967295:w4294967295, part=12, addr=0xc05e5680, store, size=128, L2_WRBK  status = IN_PARTITION_DRAM_LATENCY_QUEUE (57303), 
Ready @ 57561 -   mf: uid=966707, sid4294967295:w4294967295, part=12, addr=0xc05e5600, store, size=128, L2_WRBK  status = IN_PARTITION_DRAM_LATENCY_QUEUE (57307), 
Ready @ 57583 -   mf: uid=966712, sid4294967295:w4294967295, part=12, addr=0xc05e6480, store, size=128, L2_WRBK  status = IN_PARTITION_DRAM_LATENCY_QUEUE (57329), 
Ready @ 57587 -   mf: uid=966714, sid4294967295:w4294967295, part=12, addr=0xc05e6400, store, size=128, L2_WRBK  status = IN_PARTITION_DRAM_LATENCY_QUEUE (57333), 
Ready @ 57609 -   mf: uid=966721, sid4294967295:w4294967295, part=12, addr=0xc05e7480, store, size=128, L2_WRBK  status = IN_PARTITION_DRAM_LATENCY_QUEUE (57355), 
Ready @ 57613 -   mf: uid=966723, sid4294967295:w4294967295, part=12, addr=0xc05e7400, store, size=128, L2_WRBK  status = IN_PARTITION_DRAM_LATENCY_QUEUE (57359), 
DRAM[12]: 16 bks, busW=2 BL=16 CL=24, tRRD=12 tCCD=4, tRCD=24 tRAS=55 tRP=24 tRC=78
n_cmd=70782 n_nop=58409 n_act=251 n_pre=235 n_ref_event=0 n_req=8842 n_rd=7824 n_rd_L2_A=0 n_write=0 n_wr_bk=4072 bw_util=0.6723
n_activity=55719 dram_eff=0.854
bk0: 448a 60547i bk1: 448a 60177i bk2: 448a 61028i bk3: 448a 60605i bk4: 488a 59943i bk5: 488a 59814i bk6: 512a 59848i bk7: 512a 60066i bk8: 484a 61398i bk9: 476a 61223i bk10: 512a 60018i bk11: 512a 60450i bk12: 512a 59446i bk13: 512a 59478i bk14: 512a 59531i bk15: 512a 59093i 

------------------------------------------------------------------------

Row_Buffer_Locality = 0.971613
Row_Buffer_Locality_read = 0.980956
Row_Buffer_Locality_write = 0.899804
Bank_Level_Parallism = 3.493711
Bank_Level_Parallism_Col = 3.376327
Bank_Level_Parallism_Ready = 1.525636
write_to_read_ratio_blp_rw_average = 0.408774
GrpLevelPara = 2.486973 

BW Util details:
bwutil = 0.672261 
total_CMD = 70782 
util_bw = 47584 
Wasted_Col = 3957 
Wasted_Row = 560 
Idle = 18681 

BW Util Bottlenecks: 
RCDc_limit = 1279 
RCDWRc_limit = 241 
WTRc_limit = 1818 
RTWc_limit = 2520 
CCDLc_limit = 2456 
rwq = 0 
CCDLc_limit_alone = 2067 
WTRc_limit_alone = 1646 
RTWc_limit_alone = 2303 

Commands details: 
total_CMD = 70782 
n_nop = 58409 
Read = 7824 
Write = 0 
L2_Alloc = 0 
L2_WB = 4072 
n_act = 251 
n_pre = 235 
n_ref = 0 
n_req = 8842 
total_req = 11896 

Dual Bus Interface Util: 
issued_total_row = 486 
issued_total_col = 11896 
Row_Bus_Util =  0.006866 
CoL_Bus_Util = 0.168065 
Either_Row_CoL_Bus_Util = 0.174804 
Issued_on_Two_Bus_Simul_Util = 0.000127 
issued_two_Eff = 0.000727 
queue_avg = 18.874701 


dram_util_bins: 0 0 0 0 0 0 0 0 0 0
dram_eff_bins: 0 0 0 0 0 0 0 0 0 0
mrqq: max=64 avg=18.8747
Memory Partition 13: 
Cache L2_bank_026:
MSHR contents

Cache L2_bank_027:
MSHR contents

In Dram Latency Queue (total = 6): 
Ready @ 57612 -   mf: uid=966722, sid4294967295:w4294967295, part=13, addr=0xc05e5780, store, size=128, L2_WRBK  status = IN_PARTITION_DRAM_LATENCY_QUEUE (57358), 
Ready @ 57620 -   mf: uid=966727, sid4294967295:w4294967295, part=13, addr=0xc05e5700, store, size=128, L2_WRBK  status = IN_PARTITION_DRAM_LATENCY_QUEUE (57366), 
Ready @ 57637 -   mf: uid=966730, sid4294967295:w4294967295, part=13, addr=0xc05e6580, store, size=128, L2_WRBK  status = IN_PARTITION_DRAM_LATENCY_QUEUE (57383), 
Ready @ 57641 -   mf: uid=966734, sid4294967295:w4294967295, part=13, addr=0xc05e6500, store, size=128, L2_WRBK  status = IN_PARTITION_DRAM_LATENCY_QUEUE (57387), 
Ready @ 57663 -   mf: uid=966738, sid4294967295:w4294967295, part=13, addr=0xc05e7580, store, size=128, L2_WRBK  status = IN_PARTITION_DRAM_LATENCY_QUEUE (57409), 
Ready @ 57667 -   mf: uid=966741, sid4294967295:w4294967295, part=13, addr=0xc05e7500, store, size=128, L2_WRBK  status = IN_PARTITION_DRAM_LATENCY_QUEUE (57413), 
DRAM[13]: 16 bks, busW=2 BL=16 CL=24, tRRD=12 tCCD=4, tRCD=24 tRAS=55 tRP=24 tRC=78
n_cmd=70782 n_nop=58392 n_act=256 n_pre=240 n_ref_event=0 n_req=8850 n_rd=7832 n_rd_L2_A=0 n_write=0 n_wr_bk=4072 bw_util=0.6727
n_activity=55503 dram_eff=0.8579
bk0: 448a 59697i bk1: 448a 60477i bk2: 448a 60945i bk3: 448a 60897i bk4: 488a 60099i bk5: 488a 59871i bk6: 512a 60588i bk7: 512a 60407i bk8: 484a 59938i bk9: 484a 59829i bk10: 512a 59878i bk11: 512a 60122i bk12: 512a 60026i bk13: 512a 59834i bk14: 512a 59128i bk15: 512a 59365i 

------------------------------------------------------------------------

Row_Buffer_Locality = 0.971073
Row_Buffer_Locality_read = 0.980848
Row_Buffer_Locality_write = 0.895874
Bank_Level_Parallism = 3.533966
Bank_Level_Parallism_Col = 3.420384
Bank_Level_Parallism_Ready = 1.566745
write_to_read_ratio_blp_rw_average = 0.403244
GrpLevelPara = 2.516625 

BW Util details:
bwutil = 0.672713 
total_CMD = 70782 
util_bw = 47616 
Wasted_Col = 3755 
Wasted_Row = 643 
Idle = 18768 

BW Util Bottlenecks: 
RCDc_limit = 1207 
RCDWRc_limit = 204 
WTRc_limit = 1796 
RTWc_limit = 2261 
CCDLc_limit = 2420 
rwq = 0 
CCDLc_limit_alone = 2050 
WTRc_limit_alone = 1644 
RTWc_limit_alone = 2043 

Commands details: 
total_CMD = 70782 
n_nop = 58392 
Read = 7832 
Write = 0 
L2_Alloc = 0 
L2_WB = 4072 
n_act = 256 
n_pre = 240 
n_ref = 0 
n_req = 8850 
total_req = 11904 

Dual Bus Interface Util: 
issued_total_row = 496 
issued_total_col = 11904 
Row_Bus_Util =  0.007007 
CoL_Bus_Util = 0.168178 
Either_Row_CoL_Bus_Util = 0.175045 
Issued_on_Two_Bus_Simul_Util = 0.000141 
issued_two_Eff = 0.000807 
queue_avg = 20.088243 


dram_util_bins: 0 0 0 0 0 0 0 0 0 0
dram_eff_bins: 0 0 0 0 0 0 0 0 0 0
mrqq: max=64 avg=20.0882
Memory Partition 14: 
Cache L2_bank_028:
MSHR contents

Cache L2_bank_029:
MSHR contents

In Dram Latency Queue (total = 6): 
Ready @ 57617 -   mf: uid=966725, sid4294967295:w4294967295, part=14, addr=0xc05e5400, store, size=128, L2_WRBK  status = IN_PARTITION_DRAM_LATENCY_QUEUE (57363), 
Ready @ 57640 -   mf: uid=966733, sid4294967295:w4294967295, part=14, addr=0xc05e6600, store, size=128, L2_WRBK  status = IN_PARTITION_DRAM_LATENCY_QUEUE (57386), 
Ready @ 57649 -   mf: uid=966736, sid4294967295:w4294967295, part=14, addr=0xc05e5480, store, size=128, L2_WRBK  status = IN_PARTITION_DRAM_LATENCY_QUEUE (57395), 
Ready @ 57666 -   mf: uid=966740, sid4294967295:w4294967295, part=14, addr=0xc05e7600, store, size=128, L2_WRBK  status = IN_PARTITION_DRAM_LATENCY_QUEUE (57412), 
Ready @ 57674 -   mf: uid=966742, sid4294967295:w4294967295, part=14, addr=0xc05e6680, store, size=128, L2_WRBK  status = IN_PARTITION_DRAM_LATENCY_QUEUE (57420), 
Ready @ 57693 -   mf: uid=966749, sid4294967295:w4294967295, part=14, addr=0xc05e7680, store, size=128, L2_WRBK  status = IN_PARTITION_DRAM_LATENCY_QUEUE (57439), 
DRAM[14]: 16 bks, busW=2 BL=16 CL=24, tRRD=12 tCCD=4, tRCD=24 tRAS=55 tRP=24 tRC=78
n_cmd=70782 n_nop=58399 n_act=251 n_pre=235 n_ref_event=0 n_req=8850 n_rd=7832 n_rd_L2_A=0 n_write=0 n_wr_bk=4072 bw_util=0.6727
n_activity=55659 dram_eff=0.8555
bk0: 448a 59655i bk1: 448a 59876i bk2: 448a 60247i bk3: 448a 59330i bk4: 488a 60223i bk5: 488a 59873i bk6: 512a 57657i bk7: 512a 57883i bk8: 484a 59607i bk9: 484a 59262i bk10: 512a 56692i bk11: 512a 58235i bk12: 512a 59815i bk13: 512a 59456i bk14: 512a 59369i bk15: 512a 59774i 

------------------------------------------------------------------------

Row_Buffer_Locality = 0.971638
Row_Buffer_Locality_read = 0.981103
Row_Buffer_Locality_write = 0.898821
Bank_Level_Parallism = 3.792162
Bank_Level_Parallism_Col = 3.677721
Bank_Level_Parallism_Ready = 1.606775
write_to_read_ratio_blp_rw_average = 0.421624
GrpLevelPara = 2.681203 

BW Util details:
bwutil = 0.672713 
total_CMD = 70782 
util_bw = 47616 
Wasted_Col = 4041 
Wasted_Row = 540 
Idle = 18585 

BW Util Bottlenecks: 
RCDc_limit = 1346 
RCDWRc_limit = 132 
WTRc_limit = 1144 
RTWc_limit = 4359 
CCDLc_limit = 2890 
rwq = 0 
CCDLc_limit_alone = 2394 
WTRc_limit_alone = 1128 
RTWc_limit_alone = 3879 

Commands details: 
total_CMD = 70782 
n_nop = 58399 
Read = 7832 
Write = 0 
L2_Alloc = 0 
L2_WB = 4072 
n_act = 251 
n_pre = 235 
n_ref = 0 
n_req = 8850 
total_req = 11904 

Dual Bus Interface Util: 
issued_total_row = 486 
issued_total_col = 11904 
Row_Bus_Util =  0.006866 
CoL_Bus_Util = 0.168178 
Either_Row_CoL_Bus_Util = 0.174946 
Issued_on_Two_Bus_Simul_Util = 0.000099 
issued_two_Eff = 0.000565 
queue_avg = 22.328077 


dram_util_bins: 0 0 0 0 0 0 0 0 0 0
dram_eff_bins: 0 0 0 0 0 0 0 0 0 0
mrqq: max=64 avg=22.3281
Memory Partition 15: 
Cache L2_bank_030:
MSHR contents

Cache L2_bank_031:
MSHR contents

In Dram Latency Queue (total = 0): 
DRAM[15]: 16 bks, busW=2 BL=16 CL=24, tRRD=12 tCCD=4, tRCD=24 tRAS=55 tRP=24 tRC=78
n_cmd=70782 n_nop=58369 n_act=255 n_pre=239 n_ref_event=0 n_req=8852 n_rd=7828 n_rd_L2_A=0 n_write=0 n_wr_bk=4096 bw_util=0.6738
n_activity=55723 dram_eff=0.8559
bk0: 448a 60173i bk1: 448a 59934i bk2: 448a 60309i bk3: 448a 60026i bk4: 488a 59684i bk5: 488a 59374i bk6: 512a 58255i bk7: 512a 58161i bk8: 480a 60896i bk9: 484a 60739i bk10: 512a 59051i bk11: 512a 59057i bk12: 512a 60304i bk13: 512a 60198i bk14: 512a 60273i bk15: 512a 60095i 

------------------------------------------------------------------------

Row_Buffer_Locality = 0.971193
Row_Buffer_Locality_read = 0.981094
Row_Buffer_Locality_write = 0.895508
Bank_Level_Parallism = 3.602813
Bank_Level_Parallism_Col = 3.494868
Bank_Level_Parallism_Ready = 1.512303
write_to_read_ratio_blp_rw_average = 0.411447
GrpLevelPara = 2.538906 

BW Util details:
bwutil = 0.673844 
total_CMD = 70782 
util_bw = 47696 
Wasted_Col = 3792 
Wasted_Row = 743 
Idle = 18551 

BW Util Bottlenecks: 
RCDc_limit = 1297 
RCDWRc_limit = 168 
WTRc_limit = 1293 
RTWc_limit = 2693 
CCDLc_limit = 2290 
rwq = 0 
CCDLc_limit_alone = 1997 
WTRc_limit_alone = 1225 
RTWc_limit_alone = 2468 

Commands details: 
total_CMD = 70782 
n_nop = 58369 
Read = 7828 
Write = 0 
L2_Alloc = 0 
L2_WB = 4096 
n_act = 255 
n_pre = 239 
n_ref = 0 
n_req = 8852 
total_req = 11924 

Dual Bus Interface Util: 
issued_total_row = 494 
issued_total_col = 11924 
Row_Bus_Util =  0.006979 
CoL_Bus_Util = 0.168461 
Either_Row_CoL_Bus_Util = 0.175369 
Issued_on_Two_Bus_Simul_Util = 0.000071 
issued_two_Eff = 0.000403 
queue_avg = 20.176937 


dram_util_bins: 0 0 0 0 0 0 0 0 0 0
dram_eff_bins: 0 0 0 0 0 0 0 0 0 0
mrqq: max=64 avg=20.1769

========= L2 cache stats =========
L2_cache_bank[0]: Access = 8192, Miss = 8008, Miss_rate = 0.978, Pending_hits = 0, Reservation_fails = 0
L2_cache_bank[1]: Access = 8192, Miss = 8004, Miss_rate = 0.977, Pending_hits = 0, Reservation_fails = 0
L2_cache_bank[2]: Access = 8192, Miss = 8004, Miss_rate = 0.977, Pending_hits = 0, Reservation_fails = 0
L2_cache_bank[3]: Access = 8192, Miss = 8004, Miss_rate = 0.977, Pending_hits = 0, Reservation_fails = 0
L2_cache_bank[4]: Access = 8192, Miss = 8016, Miss_rate = 0.979, Pending_hits = 0, Reservation_fails = 0
L2_cache_bank[5]: Access = 8192, Miss = 8016, Miss_rate = 0.979, Pending_hits = 0, Reservation_fails = 0
L2_cache_bank[6]: Access = 8192, Miss = 8020, Miss_rate = 0.979, Pending_hits = 0, Reservation_fails = 0
L2_cache_bank[7]: Access = 8192, Miss = 8016, Miss_rate = 0.979, Pending_hits = 0, Reservation_fails = 0
L2_cache_bank[8]: Access = 8192, Miss = 8008, Miss_rate = 0.978, Pending_hits = 0, Reservation_fails = 0
L2_cache_bank[9]: Access = 8192, Miss = 8008, Miss_rate = 0.978, Pending_hits = 0, Reservation_fails = 0
L2_cache_bank[10]: Access = 8192, Miss = 8008, Miss_rate = 0.978, Pending_hits = 0, Reservation_fails = 0
L2_cache_bank[11]: Access = 8192, Miss = 8008, Miss_rate = 0.978, Pending_hits = 0, Reservation_fails = 0
L2_cache_bank[12]: Access = 8192, Miss = 8004, Miss_rate = 0.977, Pending_hits = 0, Reservation_fails = 0
L2_cache_bank[13]: Access = 8192, Miss = 8004, Miss_rate = 0.977, Pending_hits = 0, Reservation_fails = 0
L2_cache_bank[14]: Access = 8192, Miss = 8004, Miss_rate = 0.977, Pending_hits = 0, Reservation_fails = 0
L2_cache_bank[15]: Access = 8192, Miss = 8008, Miss_rate = 0.978, Pending_hits = 0, Reservation_fails = 0
L2_cache_bank[16]: Access = 8192, Miss = 8008, Miss_rate = 0.978, Pending_hits = 0, Reservation_fails = 0
L2_cache_bank[17]: Access = 8192, Miss = 8004, Miss_rate = 0.977, Pending_hits = 0, Reservation_fails = 0
L2_cache_bank[18]: Access = 8192, Miss = 8004, Miss_rate = 0.977, Pending_hits = 0, Reservation_fails = 0
L2_cache_bank[19]: Access = 8192, Miss = 8000, Miss_rate = 0.977, Pending_hits = 0, Reservation_fails = 0
L2_cache_bank[20]: Access = 8192, Miss = 8008, Miss_rate = 0.978, Pending_hits = 0, Reservation_fails = 0
L2_cache_bank[21]: Access = 8192, Miss = 8008, Miss_rate = 0.978, Pending_hits = 0, Reservation_fails = 0
L2_cache_bank[22]: Access = 8192, Miss = 8008, Miss_rate = 0.978, Pending_hits = 0, Reservation_fails = 0
L2_cache_bank[23]: Access = 8192, Miss = 8012, Miss_rate = 0.978, Pending_hits = 0, Reservation_fails = 0
L2_cache_bank[24]: Access = 8192, Miss = 8004, Miss_rate = 0.977, Pending_hits = 0, Reservation_fails = 0
L2_cache_bank[25]: Access = 8192, Miss = 8012, Miss_rate = 0.978, Pending_hits = 0, Reservation_fails = 0
L2_cache_bank[26]: Access = 8192, Miss = 8012, Miss_rate = 0.978, Pending_hits = 0, Reservation_fails = 0
L2_cache_bank[27]: Access = 8192, Miss = 8012, Miss_rate = 0.978, Pending_hits = 0, Reservation_fails = 0
L2_cache_bank[28]: Access = 8192, Miss = 8012, Miss_rate = 0.978, Pending_hits = 0, Reservation_fails = 0
L2_cache_bank[29]: Access = 8192, Miss = 8012, Miss_rate = 0.978, Pending_hits = 0, Reservation_fails = 0
L2_cache_bank[30]: Access = 8192, Miss = 8012, Miss_rate = 0.978, Pending_hits = 0, Reservation_fails = 0
L2_cache_bank[31]: Access = 8192, Miss = 8008, Miss_rate = 0.978, Pending_hits = 0, Reservation_fails = 0
L2_total_cache_accesses = 262144
L2_total_cache_misses = 256276
L2_total_cache_miss_rate = 0.9776
L2_total_cache_pending_hits = 0
L2_total_cache_reservation_fails = 0
L2_total_cache_breakdown:
	L2_cache_stats_breakdown[GLOBAL_ACC_R][HIT] = 5868
	L2_cache_stats_breakdown[GLOBAL_ACC_R][HIT_RESERVED] = 0
	L2_cache_stats_breakdown[GLOBAL_ACC_R][MISS] = 31301
	L2_cache_stats_breakdown[GLOBAL_ACC_R][RESERVATION_FAIL] = 0
	L2_cache_stats_breakdown[GLOBAL_ACC_R][SECTOR_MISS] = 93903
	L2_cache_stats_breakdown[GLOBAL_ACC_R][MSHR_HIT] = 0
	L2_cache_stats_breakdown[LOCAL_ACC_R][HIT] = 0
	L2_cache_stats_breakdown[LOCAL_ACC_R][HIT_RESERVED] = 0
	L2_cache_stats_breakdown[LOCAL_ACC_R][MISS] = 0
	L2_cache_stats_breakdown[LOCAL_ACC_R][RESERVATION_FAIL] = 0
	L2_cache_stats_breakdown[LOCAL_ACC_R][SECTOR_MISS] = 0
	L2_cache_stats_breakdown[LOCAL_ACC_R][MSHR_HIT] = 0
	L2_cache_stats_breakdown[CONST_ACC_R][HIT] = 0
	L2_cache_stats_breakdown[CONST_ACC_R][HIT_RESERVED] = 0
	L2_cache_stats_breakdown[CONST_ACC_R][MISS] = 0
	L2_cache_stats_breakdown[CONST_ACC_R][RESERVATION_FAIL] = 0
	L2_cache_stats_breakdown[CONST_ACC_R][SECTOR_MISS] = 0
	L2_cache_stats_breakdown[CONST_ACC_R][MSHR_HIT] = 0
	L2_cache_stats_breakdown[TEXTURE_ACC_R][HIT] = 0
	L2_cache_stats_breakdown[TEXTURE_ACC_R][HIT_RESERVED] = 0
	L2_cache_stats_breakdown[TEXTURE_ACC_R][MISS] = 0
	L2_cache_stats_breakdown[TEXTURE_ACC_R][RESERVATION_FAIL] = 0
	L2_cache_stats_breakdown[TEXTURE_ACC_R][SECTOR_MISS] = 0
	L2_cache_stats_breakdown[TEXTURE_ACC_R][MSHR_HIT] = 0
	L2_cache_stats_breakdown[GLOBAL_ACC_W][HIT] = 0
	L2_cache_stats_breakdown[GLOBAL_ACC_W][HIT_RESERVED] = 0
	L2_cache_stats_breakdown[GLOBAL_ACC_W][MISS] = 32768
	L2_cache_stats_breakdown[GLOBAL_ACC_W][RESERVATION_FAIL] = 0
	L2_cache_stats_breakdown[GLOBAL_ACC_W][SECTOR_MISS] = 98304
	L2_cache_stats_breakdown[GLOBAL_ACC_W][MSHR_HIT] = 0
	L2_cache_stats_breakdown[LOCAL_ACC_W][HIT] = 0
	L2_cache_stats_breakdown[LOCAL_ACC_W][HIT_RESERVED] = 0
	L2_cache_stats_breakdown[LOCAL_ACC_W][MISS] = 0
	L2_cache_stats_breakdown[LOCAL_ACC_W][RESERVATION_FAIL] = 0
	L2_cache_stats_breakdown[LOCAL_ACC_W][SECTOR_MISS] = 0
	L2_cache_stats_breakdown[LOCAL_ACC_W][MSHR_HIT] = 0
	L2_cache_stats_breakdown[L1_WRBK_ACC][HIT] = 0
	L2_cache_stats_breakdown[L1_WRBK_ACC][HIT_RESERVED] = 0
	L2_cache_stats_breakdown[L1_WRBK_ACC][MISS] = 0
	L2_cache_stats_breakdown[L1_WRBK_ACC][RESERVATION_FAIL] = 0
	L2_cache_stats_breakdown[L1_WRBK_ACC][SECTOR_MISS] = 0
	L2_cache_stats_breakdown[L1_WRBK_ACC][MSHR_HIT] = 0
	L2_cache_stats_breakdown[L2_WRBK_ACC][HIT] = 0
	L2_cache_stats_breakdown[L2_WRBK_ACC][HIT_RESERVED] = 0
	L2_cache_stats_breakdown[L2_WRBK_ACC][MISS] = 0
	L2_cache_stats_breakdown[L2_WRBK_ACC][RESERVATION_FAIL] = 0
	L2_cache_stats_breakdown[L2_WRBK_ACC][SECTOR_MISS] = 0
	L2_cache_stats_breakdown[L2_WRBK_ACC][MSHR_HIT] = 0
	L2_cache_stats_breakdown[INST_ACC_R][HIT] = 0
	L2_cache_stats_breakdown[INST_ACC_R][HIT_RESERVED] = 0
	L2_cache_stats_breakdown[INST_ACC_R][MISS] = 0
	L2_cache_stats_breakdown[INST_ACC_R][RESERVATION_FAIL] = 0
	L2_cache_stats_breakdown[INST_ACC_R][SECTOR_MISS] = 0
	L2_cache_stats_breakdown[INST_ACC_R][MSHR_HIT] = 0
	L2_cache_stats_breakdown[L1_WR_ALLOC_R][HIT] = 0
	L2_cache_stats_breakdown[L1_WR_ALLOC_R][HIT_RESERVED] = 0
	L2_cache_stats_breakdown[L1_WR_ALLOC_R][MISS] = 0
	L2_cache_stats_breakdown[L1_WR_ALLOC_R][RESERVATION_FAIL] = 0
	L2_cache_stats_breakdown[L1_WR_ALLOC_R][SECTOR_MISS] = 0
	L2_cache_stats_breakdown[L1_WR_ALLOC_R][MSHR_HIT] = 0
	L2_cache_stats_breakdown[L2_WR_ALLOC_R][HIT] = 0
	L2_cache_stats_breakdown[L2_WR_ALLOC_R][HIT_RESERVED] = 0
	L2_cache_stats_breakdown[L2_WR_ALLOC_R][MISS] = 0
	L2_cache_stats_breakdown[L2_WR_ALLOC_R][RESERVATION_FAIL] = 0
	L2_cache_stats_breakdown[L2_WR_ALLOC_R][SECTOR_MISS] = 0
	L2_cache_stats_breakdown[L2_WR_ALLOC_R][MSHR_HIT] = 0
	L2_cache_stats_breakdown[GLOBAL_ACC_R][TOTAL_ACCESS] = 131072
	L2_cache_stats_breakdown[GLOBAL_ACC_W][TOTAL_ACCESS] = 131072
L2_total_cache_reservation_fail_breakdown:
L2_cache_data_port_util = 0.025
L2_cache_fill_port_util = 0.068

icnt_total_pkts_mem_to_simt=262144
icnt_total_pkts_simt_to_mem=262144
LD_mem_lat_dist  0 0 0 0 0 0 0 0 0 0 0 0 0 0 0 0 0 0 0 0 0 0 0 0 0 0 0
ST_mem_lat_dist  0 0 0 0 0 0 0 0 0 0 0 0 0 0 0 0 0 0 0 0 0 0 0 0 0 0 0
----------------------------Interconnect-DETAILS--------------------------------
Req_Network_injected_packets_num = 262144
Req_Network_cycles = 57511
Req_Network_injected_packets_per_cycle =       4.5582 
Req_Network_conflicts_per_cycle =       0.6030
Req_Network_conflicts_per_cycle_util =       0.6884
Req_Bank_Level_Parallism =       5.2042
Req_Network_in_buffer_full_per_cycle =       0.0000
Req_Network_in_buffer_avg_util =       0.5149
Req_Network_out_buffer_full_per_cycle =       0.0000
Req_Network_out_buffer_avg_util =       0.1424

Reply_Network_injected_packets_num = 262144
Reply_Network_cycles = 57511
Reply_Network_injected_packets_per_cycle =        4.5582
Reply_Network_conflicts_per_cycle =        4.0834
Reply_Network_conflicts_per_cycle_util =       4.6784
Reply_Bank_Level_Parallism =       5.2224
Reply_Network_in_buffer_full_per_cycle =       0.0000
Reply_Network_in_buffer_avg_util =       0.6191
Reply_Network_out_buffer_full_per_cycle =       0.0000
Reply_Network_out_buffer_avg_util =       0.2849
----------------------------END-of-Interconnect-DETAILS-------------------------


gpgpu_simulation_time = 0 days, 0 hrs, 0 min, 53 sec (53 sec)
gpgpu_simulation_rate = 633102 (inst/sec)
gpgpu_simulation_rate = 1085 (cycle/sec)
gpgpu_silicon_slowdown = 1198156x
GPGPU-Sim: synchronize waiting for inactive GPU simulation
GPGPU-Sim API: Stream Manager State
GPGPU-Sim: detected inactive GPU simulation thread
GPGPU-Sim PTX: Setting up arguments for 8 bytes starting at 0x7ffdc8bce3c0..
GPGPU-Sim PTX: Setting up arguments for 8 bytes starting at 0x7ffdc8bce3c8..
GPGPU-Sim PTX: Setting up arguments for 4 bytes starting at 0x7ffdc8bce3a8..
GPGPU-Sim PTX: Setting up arguments for 4 bytes starting at 0x7ffdc8bce3ac..

GPGPU-Sim PTX: cudaLaunch for 0x0x610cd6e14030 (mode=performance simulation) on stream 0
GPGPU-Sim PTX: PDOM analysis already done for _Z10bsmm_stagePKfPfii 
GPGPU-Sim PTX: pushing kernel '_Z10bsmm_stagePKfPfii' to stream 0, gridDim= (8192,1,1) blockDim = (128,1,1) 
GPGPU-Sim uArch: Shader 1 bind to kernel 2 '_Z10bsmm_stagePKfPfii'
GPGPU-Sim: Reconfigure L1 cache to 128KB
GPGPU-Sim uArch: Shader 2 bind to kernel 2 '_Z10bsmm_stagePKfPfii'
GPGPU-Sim uArch: Shader 3 bind to kernel 2 '_Z10bsmm_stagePKfPfii'
GPGPU-Sim uArch: Shader 4 bind to kernel 2 '_Z10bsmm_stagePKfPfii'
GPGPU-Sim uArch: Shader 5 bind to kernel 2 '_Z10bsmm_stagePKfPfii'
GPGPU-Sim uArch: Shader 6 bind to kernel 2 '_Z10bsmm_stagePKfPfii'
GPGPU-Sim uArch: Shader 7 bind to kernel 2 '_Z10bsmm_stagePKfPfii'
GPGPU-Sim uArch: Shader 8 bind to kernel 2 '_Z10bsmm_stagePKfPfii'
GPGPU-Sim uArch: Shader 9 bind to kernel 2 '_Z10bsmm_stagePKfPfii'
GPGPU-Sim uArch: Shader 10 bind to kernel 2 '_Z10bsmm_stagePKfPfii'
GPGPU-Sim uArch: Shader 11 bind to kernel 2 '_Z10bsmm_stagePKfPfii'
GPGPU-Sim uArch: Shader 12 bind to kernel 2 '_Z10bsmm_stagePKfPfii'
GPGPU-Sim uArch: Shader 13 bind to kernel 2 '_Z10bsmm_stagePKfPfii'
GPGPU-Sim uArch: Shader 14 bind to kernel 2 '_Z10bsmm_stagePKfPfii'
GPGPU-Sim uArch: Shader 15 bind to kernel 2 '_Z10bsmm_stagePKfPfii'
GPGPU-Sim uArch: Shader 0 bind to kernel 2 '_Z10bsmm_stagePKfPfii'
Destroy streams for kernel 2: size 0
GPGPU-Sim: synchronize waiting for inactive GPU simulation
GPGPU-Sim API: Stream Manager State
kernel_name = _Z10bsmm_stagePKfPfii 
kernel_launch_uid = 2 
kernel_stream_id = 134438111470256
gpu_sim_cycle = 64353
gpu_sim_insn = 33554432
gpu_ipc =     521.4121
gpu_tot_sim_cycle = 121864
gpu_tot_sim_insn = 67108864
gpu_tot_ipc =     550.6865
gpu_tot_issued_cta = 16384
gpu_occupancy = 92.3014% 
gpu_tot_occupancy = 93.0044% 
max_total_param_size = 0
gpu_stall_dramfull = 0
gpu_stall_icnt2sh    = 0
partiton_level_parallism =       4.0735
partiton_level_parallism_total  =       4.3022
partiton_level_parallism_util =       4.6627
partiton_level_parallism_util_total  =       4.9186
L2_BW  =     169.4589 GB/Sec
L2_BW_total  =     178.9731 GB/Sec
gpu_total_sim_rate=621378

========= Core cache stats =========
L1I_cache:
	L1I_total_cache_accesses = 0
	L1I_total_cache_misses = 0
	L1I_total_cache_pending_hits = 0
	L1I_total_cache_reservation_fails = 0
L1D_cache:
	L1D_cache_core[0]: Access = 49344, Miss = 32896, Miss_rate = 0.667, Pending_hits = 0, Reservation_fails = 5883
	L1D_cache_core[1]: Access = 49008, Miss = 32672, Miss_rate = 0.667, Pending_hits = 0, Reservation_fails = 6656
	L1D_cache_core[2]: Access = 49200, Miss = 32800, Miss_rate = 0.667, Pending_hits = 0, Reservation_fails = 4979
	L1D_cache_core[3]: Access = 49200, Miss = 32800, Miss_rate = 0.667, Pending_hits = 0, Reservation_fails = 5434
	L1D_cache_core[4]: Access = 49536, Miss = 33024, Miss_rate = 0.667, Pending_hits = 0, Reservation_fails = 4911
	L1D_cache_core[5]: Access = 48912, Miss = 32608, Miss_rate = 0.667, Pending_hits = 0, Reservation_fails = 5855
	L1D_cache_core[6]: Access = 49536, Miss = 33024, Miss_rate = 0.667, Pending_hits = 0, Reservation_fails = 4655
	L1D_cache_core[7]: Access = 49200, Miss = 32800, Miss_rate = 0.667, Pending_hits = 0, Reservation_fails = 5487
	L1D_cache_core[8]: Access = 48768, Miss = 32512, Miss_rate = 0.667, Pending_hits = 0, Reservation_fails = 6098
	L1D_cache_core[9]: Access = 48720, Miss = 32480, Miss_rate = 0.667, Pending_hits = 0, Reservation_fails = 6166
	L1D_cache_core[10]: Access = 48960, Miss = 32640, Miss_rate = 0.667, Pending_hits = 0, Reservation_fails = 6063
	L1D_cache_core[11]: Access = 49296, Miss = 32864, Miss_rate = 0.667, Pending_hits = 0, Reservation_fails = 5391
	L1D_cache_core[12]: Access = 49200, Miss = 32800, Miss_rate = 0.667, Pending_hits = 0, Reservation_fails = 6303
	L1D_cache_core[13]: Access = 49344, Miss = 32896, Miss_rate = 0.667, Pending_hits = 0, Reservation_fails = 5740
	L1D_cache_core[14]: Access = 48960, Miss = 32640, Miss_rate = 0.667, Pending_hits = 0, Reservation_fails = 6328
	L1D_cache_core[15]: Access = 49248, Miss = 32832, Miss_rate = 0.667, Pending_hits = 0, Reservation_fails = 4502
	L1D_total_cache_accesses = 786432
	L1D_total_cache_misses = 524288
	L1D_total_cache_miss_rate = 0.6667
	L1D_total_cache_pending_hits = 0
	L1D_total_cache_reservation_fails = 90451
	L1D_cache_data_port_util = 0.148
	L1D_cache_fill_port_util = 0.148
L1C_cache:
	L1C_total_cache_accesses = 0
	L1C_total_cache_misses = 0
	L1C_total_cache_pending_hits = 0
	L1C_total_cache_reservation_fails = 0
L1T_cache:
	L1T_total_cache_accesses = 0
	L1T_total_cache_misses = 0
	L1T_total_cache_pending_hits = 0
	L1T_total_cache_reservation_fails = 0

Total_core_cache_stats:
	Total_core_cache_stats_breakdown[GLOBAL_ACC_R][HIT] = 131072
	Total_core_cache_stats_breakdown[GLOBAL_ACC_R][HIT_RESERVED] = 0
	Total_core_cache_stats_breakdown[GLOBAL_ACC_R][MISS] = 32768
	Total_core_cache_stats_breakdown[GLOBAL_ACC_R][RESERVATION_FAIL] = 31059
	Total_core_cache_stats_breakdown[GLOBAL_ACC_R][SECTOR_MISS] = 98304
	Total_core_cache_stats_breakdown[GLOBAL_ACC_R][MSHR_HIT] = 0
	Total_core_cache_stats_breakdown[LOCAL_ACC_R][HIT] = 0
	Total_core_cache_stats_breakdown[LOCAL_ACC_R][HIT_RESERVED] = 0
	Total_core_cache_stats_breakdown[LOCAL_ACC_R][MISS] = 0
	Total_core_cache_stats_breakdown[LOCAL_ACC_R][RESERVATION_FAIL] = 0
	Total_core_cache_stats_breakdown[LOCAL_ACC_R][SECTOR_MISS] = 0
	Total_core_cache_stats_breakdown[LOCAL_ACC_R][MSHR_HIT] = 0
	Total_core_cache_stats_breakdown[CONST_ACC_R][HIT] = 0
	Total_core_cache_stats_breakdown[CONST_ACC_R][HIT_RESERVED] = 0
	Total_core_cache_stats_breakdown[CONST_ACC_R][MISS] = 0
	Total_core_cache_stats_breakdown[CONST_ACC_R][RESERVATION_FAIL] = 0
	Total_core_cache_stats_breakdown[CONST_ACC_R][SECTOR_MISS] = 0
	Total_core_cache_stats_breakdown[CONST_ACC_R][MSHR_HIT] = 0
	Total_core_cache_stats_breakdown[TEXTURE_ACC_R][HIT] = 0
	Total_core_cache_stats_breakdown[TEXTURE_ACC_R][HIT_RESERVED] = 0
	Total_core_cache_stats_breakdown[TEXTURE_ACC_R][MISS] = 0
	Total_core_cache_stats_breakdown[TEXTURE_ACC_R][RESERVATION_FAIL] = 0
	Total_core_cache_stats_breakdown[TEXTURE_ACC_R][SECTOR_MISS] = 0
	Total_core_cache_stats_breakdown[TEXTURE_ACC_R][MSHR_HIT] = 0
	Total_core_cache_stats_breakdown[GLOBAL_ACC_W][HIT] = 0
	Total_core_cache_stats_breakdown[GLOBAL_ACC_W][HIT_RESERVED] = 0
	Total_core_cache_stats_breakdown[GLOBAL_ACC_W][MISS] = 32768
	Total_core_cache_stats_breakdown[GLOBAL_ACC_W][RESERVATION_FAIL] = 1827
	Total_core_cache_stats_breakdown[GLOBAL_ACC_W][SECTOR_MISS] = 98304
	Total_core_cache_stats_breakdown[GLOBAL_ACC_W][MSHR_HIT] = 0
	Total_core_cache_stats_breakdown[LOCAL_ACC_W][HIT] = 0
	Total_core_cache_stats_breakdown[LOCAL_ACC_W][HIT_RESERVED] = 0
	Total_core_cache_stats_breakdown[LOCAL_ACC_W][MISS] = 0
	Total_core_cache_stats_breakdown[LOCAL_ACC_W][RESERVATION_FAIL] = 0
	Total_core_cache_stats_breakdown[LOCAL_ACC_W][SECTOR_MISS] = 0
	Total_core_cache_stats_breakdown[LOCAL_ACC_W][MSHR_HIT] = 0
	Total_core_cache_stats_breakdown[L1_WRBK_ACC][HIT] = 0
	Total_core_cache_stats_breakdown[L1_WRBK_ACC][HIT_RESERVED] = 0
	Total_core_cache_stats_breakdown[L1_WRBK_ACC][MISS] = 0
	Total_core_cache_stats_breakdown[L1_WRBK_ACC][RESERVATION_FAIL] = 0
	Total_core_cache_stats_breakdown[L1_WRBK_ACC][SECTOR_MISS] = 0
	Total_core_cache_stats_breakdown[L1_WRBK_ACC][MSHR_HIT] = 0
	Total_core_cache_stats_breakdown[L2_WRBK_ACC][HIT] = 0
	Total_core_cache_stats_breakdown[L2_WRBK_ACC][HIT_RESERVED] = 0
	Total_core_cache_stats_breakdown[L2_WRBK_ACC][MISS] = 0
	Total_core_cache_stats_breakdown[L2_WRBK_ACC][RESERVATION_FAIL] = 0
	Total_core_cache_stats_breakdown[L2_WRBK_ACC][SECTOR_MISS] = 0
	Total_core_cache_stats_breakdown[L2_WRBK_ACC][MSHR_HIT] = 0
	Total_core_cache_stats_breakdown[INST_ACC_R][HIT] = 0
	Total_core_cache_stats_breakdown[INST_ACC_R][HIT_RESERVED] = 0
	Total_core_cache_stats_breakdown[INST_ACC_R][MISS] = 0
	Total_core_cache_stats_breakdown[INST_ACC_R][RESERVATION_FAIL] = 0
	Total_core_cache_stats_breakdown[INST_ACC_R][SECTOR_MISS] = 0
	Total_core_cache_stats_breakdown[INST_ACC_R][MSHR_HIT] = 0
	Total_core_cache_stats_breakdown[L1_WR_ALLOC_R][HIT] = 0
	Total_core_cache_stats_breakdown[L1_WR_ALLOC_R][HIT_RESERVED] = 0
	Total_core_cache_stats_breakdown[L1_WR_ALLOC_R][MISS] = 0
	Total_core_cache_stats_breakdown[L1_WR_ALLOC_R][RESERVATION_FAIL] = 0
	Total_core_cache_stats_breakdown[L1_WR_ALLOC_R][SECTOR_MISS] = 0
	Total_core_cache_stats_breakdown[L1_WR_ALLOC_R][MSHR_HIT] = 0
	Total_core_cache_stats_breakdown[L2_WR_ALLOC_R][HIT] = 0
	Total_core_cache_stats_breakdown[L2_WR_ALLOC_R][HIT_RESERVED] = 0
	Total_core_cache_stats_breakdown[L2_WR_ALLOC_R][MISS] = 0
	Total_core_cache_stats_breakdown[L2_WR_ALLOC_R][RESERVATION_FAIL] = 0
	Total_core_cache_stats_breakdown[L2_WR_ALLOC_R][SECTOR_MISS] = 0
	Total_core_cache_stats_breakdown[L2_WR_ALLOC_R][MSHR_HIT] = 0
	Total_core_cache_stats_breakdown[GLOBAL_ACC_R][TOTAL_ACCESS] = 262144
	Total_core_cache_stats_breakdown[GLOBAL_ACC_W][TOTAL_ACCESS] = 131072

Total_core_cache_fail_stats:
	Total_core_cache_fail_stats_breakdown[GLOBAL_ACC_R][MISS_QUEUE_FULL] = 31059
	Total_core_cache_fail_stats_breakdown[GLOBAL_ACC_W][MISS_QUEUE_FULL] = 1827
ctas_completed 16384, Shader 0 warp_id issue ditsribution:
warp_id:
0, 1, 2, 3, 4, 5, 6, 7, 8, 9, 10, 11, 12, 13, 14, 15, 16, 17, 18, 19, 20, 21, 22, 23, 24, 25, 26, 27, 28, 29, 30, 31, 32, 33, 34, 35, 36, 37, 38, 39, 40, 41, 42, 43, 44, 45, 46, 47, 
distro:
2871, 2871, 2871, 2871, 2871, 2871, 2871, 2871, 2871, 2871, 2871, 2871, 2805, 2805, 2805, 2805, 2871, 2871, 2871, 2871, 2772, 2772, 2772, 2772, 2838, 2838, 2838, 2838, 2838, 2838, 2838, 2838, 2772, 2772, 2772, 2772, 2739, 2739, 2739, 2739, 2871, 2871, 2871, 2871, 2805, 2805, 2805, 2805, 
gpgpu_n_tot_thrd_icount = 69206016
gpgpu_n_tot_w_icount = 2162688
gpgpu_n_stall_shd_mem = 1212
gpgpu_n_mem_read_local = 0
gpgpu_n_mem_write_local = 0
gpgpu_n_mem_read_global = 262144
gpgpu_n_mem_write_global = 262144
gpgpu_n_mem_texture = 0
gpgpu_n_mem_const = 0
gpgpu_n_load_insn  = 4194304
gpgpu_n_store_insn = 2097152
gpgpu_n_shmem_insn = 0
gpgpu_n_sstarr_insn = 0
gpgpu_n_tex_insn = 0
gpgpu_n_const_mem_insn = 0
gpgpu_n_param_mem_insn = 8388608
gpgpu_n_shmem_bkconflict = 0
gpgpu_n_l1cache_bkconflict = 1212
gpgpu_n_intrawarp_mshr_merge = 0
gpgpu_n_cmem_portconflict = 0
gpgpu_stall_shd_mem[c_mem][resource_stall] = 0
gpgpu_stall_shd_mem[s_mem][bk_conf] = 0
gpgpu_stall_shd_mem[gl_mem][resource_stall] = 1212
gpgpu_stall_shd_mem[gl_mem][coal_stall] = 0
gpgpu_stall_shd_mem[gl_mem][data_port_stall] = 0
gpu_reg_bank_conflict_stalls = 0
Warp Occupancy Distribution:
Stall:456096	W0_Idle:42754	W0_Scoreboard:4445690	W1:0	W2:0	W3:0	W4:0	W5:0	W6:0	W7:0	W8:0	W9:0	W10:0	W11:0	W12:0	W13:0	W14:0	W15:0	W16:0	W17:0	W18:0	W19:0	W20:0	W21:0	W22:0	W23:0	W24:0	W25:0	W26:0	W27:0	W28:0	W29:0	W30:0	W31:0	W32:2162688
single_issue_nums: WS0:540672	WS1:540672	WS2:540672	WS3:540672	
dual_issue_nums: WS0:0	WS1:0	WS2:0	WS3:0	
traffic_breakdown_coretomem[GLOBAL_ACC_R] = 2097152 {8:262144,}
traffic_breakdown_coretomem[GLOBAL_ACC_W] = 10485760 {40:262144,}
traffic_breakdown_memtocore[GLOBAL_ACC_R] = 10485760 {40:262144,}
traffic_breakdown_memtocore[GLOBAL_ACC_W] = 2097152 {8:262144,}
maxmflatency = 1975 
max_icnt2mem_latency = 225 
maxmrqlatency = 1602 
max_icnt2sh_latency = 149 
averagemflatency = 485 
avg_icnt2mem_latency = 50 
avg_mrq_latency = 177 
avg_icnt2sh_latency = 4 
mrq_lat_table:33973 	3717 	10128 	15933 	18395 	25864 	38472 	80840 	60316 	17621 	167 	0 	0 	0 	0 	0 	0 	0 	0 	0 	0 	0 	0 	0 	0 	0 	0 	0 	0 	0 	0 	0 	
dq_lat_table:0 	0 	0 	0 	0 	0 	0 	0 	0 	0 	0 	0 	0 	0 	0 	0 	0 	0 	0 	0 	0 	0 	0 	0 	0 	0 	0 	0 	0 	0 	0 	0 	
mf_lat_table:0 	0 	0 	0 	0 	0 	0 	241033 	27957 	236345 	18953 	0 	0 	0 	0 	0 	0 	0 	0 	0 	0 	0 	0 	0 	0 	0 	0 	0 	0 	0 	0 	0 	
icnt2mem_lat_table:0 	0 	0 	0 	0 	487650 	32242 	4396 	0 	0 	0 	0 	0 	0 	0 	0 	0 	0 	0 	0 	0 	0 	0 	0 	
icnt2sh_lat_table:0 	391463 	71830 	33278 	17698 	8131 	1867 	21 	0 	0 	0 	0 	0 	0 	0 	0 	0 	0 	0 	0 	0 	0 	0 	0 	
mf_lat_pw_table:0 	0 	0 	0 	0 	0 	0 	3 	134 	84 	1 	0 	0 	0 	0 	0 	0 	0 	0 	0 	0 	0 	0 	0 	0 	0 	0 	0 	0 	0 	0 	0 	
maximum concurrent accesses to same row:
dram[0]:        64        64        64        64        64        64        64        64        64        64        64        64        64        64        64        64 
dram[1]:        64        64        64        64        64        64        64        64        64        64        64        64        64        64        64        64 
dram[2]:        64        64        64        64        64        64        64        64        64        64        64        64        64        64        64        64 
dram[3]:        64        64        64        64        64        64        64        64        64        64        64        64        64        64        64        64 
dram[4]:        64        64        64        64        64        64        64        64        64        64        64        64        64        64        64        64 
dram[5]:        64        64        64        64        64        64        64        64        64        64        64        64        64        64        64        64 
dram[6]:        64        64        64        64        64        64        64        64        64        64        64        64        64        64        64        64 
dram[7]:        64        64        64        64        64        64        64        64        64        64        64        64        64        64        64        64 
dram[8]:        64        64        64        64        64        64        64        64        64        64        64        64        64        64        64        64 
dram[9]:        64        64        64        64        64        64        64        64        64        64        64        64        64        64        64        64 
dram[10]:        64        64        64        64        64        64        64        64        64        64        64        64        64        64        64        64 
dram[11]:        64        64        64        64        64        64        64        64        64        64        64        64        64        64        64        64 
dram[12]:        64        64        64        64        64        64        64        64        64        64        64        64        64        64        64        64 
dram[13]:        64        64        64        64        64        64        64        64        64        64        64        64        64        64        64        64 
dram[14]:        64        64        64        64        64        64        64        64        64        64        64        64        64        64        64        64 
dram[15]:        64        64        64        64        64        64        64        64        64        64        64        64        64        64        64        64 
maximum service time to same row:
dram[0]:     11484     11473     12030     12034      7180      7201      7432      7436      8527      8523      9330      9334      9704      9670     10725     10734 
dram[1]:     11477     11482     12025     12021      7226      7209      7428      7441      8537      8541      9339      9343      9659      9688     10727     10738 
dram[2]:     11423     11432     12034     12027      7162      7181      7436      7439      8550      8563      9333      9339      9776      9779     10690     10697 
dram[3]:     11436     11426     12043     12036      7154      7158      7427      7431      8559      8563      9326      9352      9768      9772     10701     10681 
dram[4]:     11466     11464     12076     12072      7144      7166      7458      7471      8543      8570      9376      9373      9707      9711     10747     10751 
dram[5]:     11455     11458     12060     12064      7172      7159      7467      7462      8533      8563      9365      9369      9711      9697     10721     10736 
dram[6]:     11448     11452     12093     12085      7198      7196      7438      7449      8500      8491      9326      9328      9697      9703     10705     10715 
dram[7]:     11438     11442     12095     12090      7207      7193      7442      7445      8501      8498      9326      9323      9700      9694     10721     10719 
dram[8]:     11449     11436     12075     12085      7083      7102      7422      7434      8488      8491      9401      9416      9664      9659     10790     10784 
dram[9]:     11445     11440     12079     12086      7129      7106      7430      7426      8502      8507      9404      9409      9656      9668     10780     10788 
dram[10]:     11452     11468     12040     12047      7194      7198      7414      7410      8505      8515      9347      9339      9740      9737     10682     10695 
dram[11]:     11453     11448     12036     12043      7192      7202      7418      7422      8510      8518      9343      9352      9739      9736     10688     10691 
dram[12]:     11457     11462     12047     12042      7142      7155      7440      7428      8537      8530      9311      9316      9668      9673     10725     10720 
dram[13]:     11465     11469     12056     12069      7150      7166      7432      7436      8543      8546      9307      9320      9660      9664     10730     10716 
dram[14]:     11439     11443     12059     12055      7205      7214      7422      7434      8413      8420      9290      9286      9749      9776     10702     10712 
dram[15]:     11447     11435     12047     12051      7206      7189      7426      7430      8416      8424      9282      9294      9760      9755     10708     10717 
average row accesses per activate:
dram[0]: 37.161289 37.161289 22.588236 22.153847 39.866665 42.857143 25.333334 28.279070 42.000000 42.000000 26.434782 24.816326 43.428570 43.428570 25.333334 26.434782 
dram[1]: 39.724136 39.724136 21.735849 21.333334 39.866665 39.866665 22.518518 21.714285 42.000000 42.000000 25.872341 26.434782 40.533333 40.533333 25.872341 23.843138 
dram[2]: 39.724136 39.724136 19.200001 19.525423 42.857143 42.857143 22.943396 23.843138 42.285713 42.285713 25.872341 25.872341 43.428570 43.428570 24.320000 23.843138 
dram[3]: 39.724136 39.724136 20.210526 20.571428 42.857143 42.857143 24.320000 23.384615 42.428570 42.285713 25.333334 25.333334 43.428570 43.428570 25.333334 24.816326 
dram[4]: 37.161289 37.161289 20.945454 20.571428 39.866665 39.866665 22.109091 23.843138 42.142857 42.142857 26.434782 24.320000 43.428570 43.428570 26.434782 25.333334 
dram[5]: 37.161289 39.724136 20.945454 21.735849 39.866665 39.866665 23.843138 23.843138 39.333332 39.333332 25.872341 24.816326 40.533333 43.428570 26.434782 25.333334 
dram[6]: 39.724136 39.724136 20.945454 21.735849 39.733334 39.866665 23.843138 23.843138 42.142857 42.000000 25.333334 23.384615 40.533333 40.533333 26.434782 25.333334 
dram[7]: 39.724136 39.724136 23.510204 24.000000 39.866665 39.733334 22.518518 22.518518 42.142857 42.142857 22.109091 22.943396 43.428570 43.428570 25.872341 25.872341 
dram[8]: 39.724136 39.724136 21.735849 21.735849 42.714287 42.714287 25.872341 25.872341 42.000000 42.142857 23.843138 23.384615 43.428570 43.428570 26.434782 25.872341 
dram[9]: 39.724136 39.724136 21.333334 20.210526 42.571430 42.571430 23.843138 23.843138 42.000000 42.142857 27.022223 27.022223 40.533333 40.533333 23.843138 23.843138 
dram[10]: 39.724136 39.724136 21.735849 21.735849 42.571430 42.571430 24.816326 24.816326 42.142857 42.428570 24.320000 25.333334 43.428570 43.428570 25.333334 24.320000 
dram[11]: 39.724136 39.724136 21.735849 22.588236 42.714287 42.571430 23.843138 24.320000 42.285713 42.285713 25.872341 25.333334 43.428570 43.428570 26.434782 25.872341 
dram[12]: 39.724136 39.724136 23.040001 24.510639 42.571430 42.571430 25.872341 25.872341 42.428570 42.142857 27.636364 25.872341 43.428570 40.533333 26.434782 25.333334 
dram[13]: 39.724136 39.724136 20.945454 21.735849 42.571430 42.571430 23.843138 23.843138 42.428570 42.428570 24.320000 23.384615 43.428570 43.428570 23.843138 24.816326 
dram[14]: 39.724136 39.724136 22.588236 23.040001 42.571430 42.571430 24.320000 24.816326 42.428570 42.428570 28.279070 27.022223 43.392857 43.392857 24.320000 23.843138 
dram[15]: 39.724136 39.724136 22.153847 21.735849 42.571430 42.571430 24.320000 24.320000 42.285713 42.428570 28.279070 28.279070 40.533333 40.533333 22.943396 22.518518 
average row locality = 305426/10076 = 30.312227
number of total memory accesses made:
dram[0]:         0         0         0         0         0         0         0         0         0         0         0         0         0         0         0         0 
dram[1]:         0         0         0         0         0         0         0         0         0         0         0         0         0         0         0         0 
dram[2]:         0         0         0         0         0         0         0         0         0         0         0         0         0         0         0         0 
dram[3]:         0         0         0         0         0         0         0         0         0         0         0         0         0         0         0         0 
dram[4]:         0         0         0         0         0         0         0         0         0         0         0         0         0         0         0         0 
dram[5]:         0         0         0         0         0         0         0         0         0         0         0         0         0         0         0         0 
dram[6]:         0         0         0         0         0         0         0         0         0         0         0         0         0         0         0         0 
dram[7]:         0         0         0         0         0         0         0         0         0         0         0         0         0         0         0         0 
dram[8]:         0         0         0         0         0         0         0         0         0         0         0         0         0         0         0         0 
dram[9]:         0         0         0         0         0         0         0         0         0         0         0         0         0         0         0         0 
dram[10]:         0         0         0         0         0         0         0         0         0         0         0         0         0         0         0         0 
dram[11]:         0         0         0         0         0         0         0         0         0         0         0         0         0         0         0         0 
dram[12]:         0         0         0         0         0         0         0         0         0         0         0         0         0         0         0         0 
dram[13]:         0         0         0         0         0         0         0         0         0         0         0         0         0         0         0         0 
dram[14]:         0         0         0         0         0         0         0         0         0         0         0         0         0         0         0         0 
dram[15]:         0         0         0         0         0         0         0         0         0         0         0         0         0         0         0         0 
total accesses: 0
min_bank_accesses = 0!
min_chip_accesses = 0!
number of total read accesses:
dram[0]:       960       960       960       960      1004      1008      1024      1024       984       984      1024      1024      1024      1024      1024      1024 
dram[1]:       960       960       960       960      1004      1004      1024      1024       984       984      1024      1024      1024      1024      1024      1024 
dram[2]:       960       960       960       960      1008      1008      1024      1024       992       992      1024      1024      1024      1024      1024      1024 
dram[3]:       960       960       960       960      1008      1008      1024      1024       996       992      1024      1024      1024      1024      1024      1024 
dram[4]:       960       960       960       960      1004      1004      1024      1024       988       988      1024      1024      1024      1024      1024      1024 
dram[5]:       960       960       960       960      1004      1004      1024      1024       988       988      1024      1024      1024      1024      1024      1024 
dram[6]:       960       960       960       960      1000      1004      1024      1024       988       984      1024      1024      1024      1024      1024      1024 
dram[7]:       960       960       960       960      1004      1000      1024      1024       988       988      1024      1024      1024      1024      1024      1024 
dram[8]:       960       960       960       960      1004      1004      1024      1024       984       988      1024      1024      1024      1024      1024      1024 
dram[9]:       960       960       960       960      1000      1000      1024      1024       984       988      1024      1024      1024      1024      1024      1024 
dram[10]:       960       960       960       960      1000      1000      1024      1024       988       996      1024      1024      1024      1024      1024      1024 
dram[11]:       960       960       960       960      1004      1000      1024      1024       992       992      1024      1024      1024      1024      1024      1024 
dram[12]:       960       960       960       960      1000      1000      1024      1024       996       988      1024      1024      1024      1024      1024      1024 
dram[13]:       960       960       960       960      1000      1000      1024      1024       996       996      1024      1024      1024      1024      1024      1024 
dram[14]:       960       960       960       960      1000      1000      1024      1024       996       996      1024      1024      1024      1024      1024      1024 
dram[15]:       960       960       960       960      1000      1000      1024      1024       992       996      1024      1024      1024      1024      1024      1024 
total dram reads = 256276
bank skew: 1024/960 = 1.07
chip skew: 16036/16004 = 1.00
number of total write accesses:
dram[0]:       768       768       768       768       768       768       768       768       768       768       768       768       768       768       768       768 
dram[1]:       768       768       768       768       768       768       768       768       768       768       768       768       768       768       768       768 
dram[2]:       768       768       768       768       768       768       768       768       768       768       768       768       768       768       768       768 
dram[3]:       768       768       768       768       768       768       768       768       768       768       768       768       768       768       768       768 
dram[4]:       768       768       768       768       768       768       768       768       768       768       768       768       768       768       768       768 
dram[5]:       768       768       768       768       768       768       768       768       768       768       768       768       768       768       768       768 
dram[6]:       768       768       768       768       768       768       768       768       768       768       768       768       768       768       768       768 
dram[7]:       768       768       768       768       768       768       768       768       768       768       768       768       768       768       768       768 
dram[8]:       768       768       768       768       768       768       768       768       768       768       768       768       768       768       768       768 
dram[9]:       768       768       768       768       768       768       768       768       768       768       768       768       768       768       768       768 
dram[10]:       768       768       768       768       768       768       768       768       768       768       768       768       768       768       768       768 
dram[11]:       768       768       768       768       768       768       768       768       768       768       768       768       768       768       768       768 
dram[12]:       768       768       768       768       768       768       768       768       768       768       768       768       768       768       768       768 
dram[13]:       768       768       768       768       768       768       768       768       768       768       768       768       768       768       768       768 
dram[14]:       768       768       768       768       768       768       768       768       768       768       768       768       764       764       768       768 
dram[15]:       768       768       768       768       768       768       768       768       768       768       768       768       768       768       768       768 
total dram writes = 196600
bank skew: 768/764 = 1.01
chip skew: 12288/12280 = 1.00
average mf latency per bank:
dram[0]:        582       588       602       611       558       574       551       547       559       563       565       559       552       557       569       571
dram[1]:        572       579       566       571       549       551       551       561       581       589       566       570       571       577       608       592
dram[2]:        562       569       570       574       550       559       554       550       572       584       556       571       566       570       587       598
dram[3]:        565       571       547       557       544       550       543       541       560       565       580       583       555       561       561       569
dram[4]:        556       562       582       577       552       561       549       557       565       568       555       563       559       565       559       559
dram[5]:        548       555       585       574       571       582       549       536       549       557       541       550       552       558       582       585
dram[6]:        539       544       570       574       564       570       533       553       536       546       543       556       535       542       548       568
dram[7]:        551       560       547       572       537       540       537       540       566       570       579       575       564       568       580       583
dram[8]:        551       556       573       573       548       553       528       529       538       536       560       560       565       573       578       582
dram[9]:        552       559       585       579       567       579       556       543       552       561       571       576       554       557       569       573
dram[10]:        555       559       587       603       544       551       531       530       551       557       548       547       552       557       556       560
dram[11]:        579       586       566       576       542       545       526       526       564       570       574       574       562       570       578       570
dram[12]:        547       552       579       581       544       550       510       514       532       536       562       560       557       565       562       565
dram[13]:        556       559       584       602       573       580       537       540       550       552       555       532       534       542       586       580
dram[14]:        556       563       566       567       552       562       540       567       573       580       590       574       568       571       592       589
dram[15]:        556       562       588       576       572       578       534       537       530       535       570       571       561       568       571       571
maximum mf latency per bank:
dram[0]:       1385      1434      1568      1587      1211      1218      1192      1044      1312      1301      1430      1443      1343      1344      1597      1596
dram[1]:       1301      1316      1506      1521      1171      1175      1252      1252      1134      1134      1307      1305      1266      1267      1524      1411
dram[2]:       1351      1390      1539      1322      1203      1203      1305      1275      1161      1154      1255      1518      1294      1289      1246      1272
dram[3]:       1298      1308      1503      1538      1198      1192      1357      1353      1168      1173      1389      1370      1348      1349      1220      1252
dram[4]:       1310      1351      1508      1526      1130      1136      1333      1339      1357      1348      1278      1285      1448      1453      1299      1328
dram[5]:       1295      1301      1481      1496      1236      1259      1254      1260      1308      1328      1367      1353      1333      1335      1460      1369
dram[6]:       1311      1333      1523      1551      1404      1406      1381      1468      1210      1208      1264      1270      1220      1231      1217      1737
dram[7]:       1431      1443      1631      1631      1212      1215      1123      1135      1335      1340      1474      1418      1200      1199      1234      1284
dram[8]:       1353      1355      1469      1488      1335      1337      1189      1213      1233      1237      1403      1448      1345      1345      1306      1266
dram[9]:       1285      1316      1498      1501      1092      1131      1246      1327      1239      1242      1270      1273      1146      1150      1344      1297
dram[10]:       1435      1433      1623      1618      1047      1075      1162      1167      1257      1257      1586      1330      1302      1347      1353      1327
dram[11]:       1411      1443      1620      1632      1151      1149      1211      1162      1317      1323      1265      1323      1280      1285      1489      1278
dram[12]:       1392      1409      1571      1597      1265      1271      1201      1201      1290      1295      1344      1371      1298      1312      1231      1214
dram[13]:       1457      1443      1631      1638      1194      1196      1179      1160      1181      1178      1472      1495      1409      1453      1323      1379
dram[14]:       1316      1334      1506      1512      1282      1301      1975      1354      1242      1241      1431      1470      1446      1448      1258      1308
dram[15]:       1434      1420      1595      1426      1193      1197      1270      1320      1184      1186      1360      1316      1389      1390      1286      1303
Memory Partition 0: 
Cache L2_bank_000:
MSHR contents

Cache L2_bank_001:
MSHR contents

In Dram Latency Queue (total = 0): 
DRAM[0]: 16 bks, busW=2 BL=16 CL=24, tRRD=12 tCCD=4, tRCD=24 tRAS=55 tRP=24 tRC=78
n_cmd=149985 n_nop=120497 n_act=615 n_pre=599 n_ref_event=0 n_req=19084 n_rd=16012 n_rd_L2_A=0 n_write=0 n_wr_bk=12288 bw_util=0.7547
n_activity=126342 dram_eff=0.896
bk0: 960a 120873i bk1: 960a 119797i bk2: 960a 121977i bk3: 960a 121407i bk4: 1004a 119943i bk5: 1008a 118790i bk6: 1024a 119704i bk7: 1024a 119087i bk8: 984a 121065i bk9: 984a 121043i bk10: 1024a 116849i bk11: 1024a 118086i bk12: 1024a 120735i bk13: 1024a 119839i bk14: 1024a 118314i bk15: 1024a 117769i 

------------------------------------------------------------------------

Row_Buffer_Locality = 0.967774
Row_Buffer_Locality_read = 0.980764
Row_Buffer_Locality_write = 0.900065
Bank_Level_Parallism = 4.121889
Bank_Level_Parallism_Col = 3.983775
Bank_Level_Parallism_Ready = 1.645894
write_to_read_ratio_blp_rw_average = 0.495990
GrpLevelPara = 2.928918 

BW Util details:
bwutil = 0.754742 
total_CMD = 149985 
util_bw = 113200 
Wasted_Col = 8737 
Wasted_Row = 999 
Idle = 27049 

BW Util Bottlenecks: 
RCDc_limit = 1878 
RCDWRc_limit = 519 
WTRc_limit = 6354 
RTWc_limit = 8935 
CCDLc_limit = 5522 
rwq = 0 
CCDLc_limit_alone = 4323 
WTRc_limit_alone = 5911 
RTWc_limit_alone = 8179 

Commands details: 
total_CMD = 149985 
n_nop = 120497 
Read = 16012 
Write = 0 
L2_Alloc = 0 
L2_WB = 12288 
n_act = 615 
n_pre = 599 
n_ref = 0 
n_req = 19084 
total_req = 28300 

Dual Bus Interface Util: 
issued_total_row = 1214 
issued_total_col = 28300 
Row_Bus_Util =  0.008094 
CoL_Bus_Util = 0.188686 
Either_Row_CoL_Bus_Util = 0.196606 
Issued_on_Two_Bus_Simul_Util = 0.000173 
issued_two_Eff = 0.000882 
queue_avg = 28.766277 


dram_util_bins: 0 0 0 0 0 0 0 0 0 0
dram_eff_bins: 0 0 0 0 0 0 0 0 0 0
mrqq: max=64 avg=28.7663
Memory Partition 1: 
Cache L2_bank_002:
MSHR contents

Cache L2_bank_003:
MSHR contents

In Dram Latency Queue (total = 0): 
DRAM[1]: 16 bks, busW=2 BL=16 CL=24, tRRD=12 tCCD=4, tRCD=24 tRAS=55 tRP=24 tRC=78
n_cmd=149985 n_nop=120458 n_act=642 n_pre=626 n_ref_event=0 n_req=19080 n_rd=16008 n_rd_L2_A=0 n_write=0 n_wr_bk=12288 bw_util=0.7546
n_activity=126340 dram_eff=0.8959
bk0: 960a 123325i bk1: 960a 122299i bk2: 960a 122381i bk3: 960a 122470i bk4: 1004a 121179i bk5: 1004a 120648i bk6: 1024a 119101i bk7: 1024a 117370i bk8: 984a 119122i bk9: 984a 118810i bk10: 1024a 120155i bk11: 1024a 119992i bk12: 1024a 120102i bk13: 1024a 119310i bk14: 1024a 118501i bk15: 1024a 119334i 

------------------------------------------------------------------------

Row_Buffer_Locality = 0.966352
Row_Buffer_Locality_read = 0.980135
Row_Buffer_Locality_write = 0.894531
Bank_Level_Parallism = 4.057425
Bank_Level_Parallism_Col = 3.916498
Bank_Level_Parallism_Ready = 1.650624
write_to_read_ratio_blp_rw_average = 0.494031
GrpLevelPara = 2.903428 

BW Util details:
bwutil = 0.754635 
total_CMD = 149985 
util_bw = 113184 
Wasted_Col = 8286 
Wasted_Row = 1223 
Idle = 27292 

BW Util Bottlenecks: 
RCDc_limit = 2077 
RCDWRc_limit = 613 
WTRc_limit = 5017 
RTWc_limit = 8018 
CCDLc_limit = 4229 
rwq = 0 
CCDLc_limit_alone = 3338 
WTRc_limit_alone = 4744 
RTWc_limit_alone = 7400 

Commands details: 
total_CMD = 149985 
n_nop = 120458 
Read = 16008 
Write = 0 
L2_Alloc = 0 
L2_WB = 12288 
n_act = 642 
n_pre = 626 
n_ref = 0 
n_req = 19080 
total_req = 28296 

Dual Bus Interface Util: 
issued_total_row = 1268 
issued_total_col = 28296 
Row_Bus_Util =  0.008454 
CoL_Bus_Util = 0.188659 
Either_Row_CoL_Bus_Util = 0.196866 
Issued_on_Two_Bus_Simul_Util = 0.000247 
issued_two_Eff = 0.001253 
queue_avg = 28.309618 


dram_util_bins: 0 0 0 0 0 0 0 0 0 0
dram_eff_bins: 0 0 0 0 0 0 0 0 0 0
mrqq: max=64 avg=28.3096
Memory Partition 2: 
Cache L2_bank_004:
MSHR contents

Cache L2_bank_005:
MSHR contents

In Dram Latency Queue (total = 0): 
DRAM[2]: 16 bks, busW=2 BL=16 CL=24, tRRD=12 tCCD=4, tRCD=24 tRAS=55 tRP=24 tRC=78
n_cmd=149985 n_nop=120407 n_act=644 n_pre=628 n_ref_event=0 n_req=19104 n_rd=16032 n_rd_L2_A=0 n_write=0 n_wr_bk=12288 bw_util=0.7553
n_activity=126645 dram_eff=0.8945
bk0: 960a 120591i bk1: 960a 120375i bk2: 960a 120755i bk3: 960a 120398i bk4: 1008a 120760i bk5: 1008a 120025i bk6: 1024a 117146i bk7: 1024a 117220i bk8: 992a 118679i bk9: 992a 118072i bk10: 1024a 119848i bk11: 1024a 119829i bk12: 1024a 119787i bk13: 1024a 118723i bk14: 1024a 121292i bk15: 1024a 120297i 

------------------------------------------------------------------------

Row_Buffer_Locality = 0.966290
Row_Buffer_Locality_read = 0.980102
Row_Buffer_Locality_write = 0.894206
Bank_Level_Parallism = 4.146714
Bank_Level_Parallism_Col = 4.007712
Bank_Level_Parallism_Ready = 1.702776
write_to_read_ratio_blp_rw_average = 0.507378
GrpLevelPara = 2.947401 

BW Util details:
bwutil = 0.755276 
total_CMD = 149985 
util_bw = 113280 
Wasted_Col = 8230 
Wasted_Row = 1220 
Idle = 27255 

BW Util Bottlenecks: 
RCDc_limit = 2112 
RCDWRc_limit = 650 
WTRc_limit = 4378 
RTWc_limit = 8139 
CCDLc_limit = 4797 
rwq = 0 
CCDLc_limit_alone = 3823 
WTRc_limit_alone = 4082 
RTWc_limit_alone = 7461 

Commands details: 
total_CMD = 149985 
n_nop = 120407 
Read = 16032 
Write = 0 
L2_Alloc = 0 
L2_WB = 12288 
n_act = 644 
n_pre = 628 
n_ref = 0 
n_req = 19104 
total_req = 28320 

Dual Bus Interface Util: 
issued_total_row = 1272 
issued_total_col = 28320 
Row_Bus_Util =  0.008481 
CoL_Bus_Util = 0.188819 
Either_Row_CoL_Bus_Util = 0.197206 
Issued_on_Two_Bus_Simul_Util = 0.000093 
issued_two_Eff = 0.000473 
queue_avg = 28.922338 


dram_util_bins: 0 0 0 0 0 0 0 0 0 0
dram_eff_bins: 0 0 0 0 0 0 0 0 0 0
mrqq: max=64 avg=28.9223
Memory Partition 3: 
Cache L2_bank_006:
MSHR contents

Cache L2_bank_007:
MSHR contents

In Dram Latency Queue (total = 0): 
DRAM[3]: 16 bks, busW=2 BL=16 CL=24, tRRD=12 tCCD=4, tRCD=24 tRAS=55 tRP=24 tRC=78
n_cmd=149985 n_nop=120439 n_act=634 n_pre=618 n_ref_event=0 n_req=19108 n_rd=16036 n_rd_L2_A=0 n_write=0 n_wr_bk=12288 bw_util=0.7554
n_activity=126908 dram_eff=0.8927
bk0: 960a 122657i bk1: 960a 121908i bk2: 960a 119801i bk3: 960a 121501i bk4: 1008a 122840i bk5: 1008a 122118i bk6: 1024a 117782i bk7: 1024a 118479i bk8: 996a 118807i bk9: 992a 118464i bk10: 1024a 118927i bk11: 1024a 119701i bk12: 1024a 120818i bk13: 1024a 119535i bk14: 1024a 121195i bk15: 1024a 119895i 

------------------------------------------------------------------------

Row_Buffer_Locality = 0.966820
Row_Buffer_Locality_read = 0.980357
Row_Buffer_Locality_write = 0.896159
Bank_Level_Parallism = 4.054488
Bank_Level_Parallism_Col = 3.916883
Bank_Level_Parallism_Ready = 1.598648
write_to_read_ratio_blp_rw_average = 0.494889
GrpLevelPara = 2.923142 

BW Util details:
bwutil = 0.755382 
total_CMD = 149985 
util_bw = 113296 
Wasted_Col = 8501 
Wasted_Row = 1117 
Idle = 27071 

BW Util Bottlenecks: 
RCDc_limit = 1969 
RCDWRc_limit = 614 
WTRc_limit = 6312 
RTWc_limit = 7393 
CCDLc_limit = 4913 
rwq = 0 
CCDLc_limit_alone = 4014 
WTRc_limit_alone = 5944 
RTWc_limit_alone = 6862 

Commands details: 
total_CMD = 149985 
n_nop = 120439 
Read = 16036 
Write = 0 
L2_Alloc = 0 
L2_WB = 12288 
n_act = 634 
n_pre = 618 
n_ref = 0 
n_req = 19108 
total_req = 28324 

Dual Bus Interface Util: 
issued_total_row = 1252 
issued_total_col = 28324 
Row_Bus_Util =  0.008348 
CoL_Bus_Util = 0.188846 
Either_Row_CoL_Bus_Util = 0.196993 
Issued_on_Two_Bus_Simul_Util = 0.000200 
issued_two_Eff = 0.001015 
queue_avg = 26.927126 


dram_util_bins: 0 0 0 0 0 0 0 0 0 0
dram_eff_bins: 0 0 0 0 0 0 0 0 0 0
mrqq: max=64 avg=26.9271
Memory Partition 4: 
Cache L2_bank_008:
MSHR contents

Cache L2_bank_009:
MSHR contents

In Dram Latency Queue (total = 0): 
DRAM[4]: 16 bks, busW=2 BL=16 CL=24, tRRD=12 tCCD=4, tRCD=24 tRAS=55 tRP=24 tRC=78
n_cmd=149985 n_nop=120446 n_act=641 n_pre=625 n_ref_event=0 n_req=19088 n_rd=16016 n_rd_L2_A=0 n_write=0 n_wr_bk=12288 bw_util=0.7548
n_activity=126143 dram_eff=0.8975
bk0: 960a 122400i bk1: 960a 120756i bk2: 960a 123039i bk3: 960a 120608i bk4: 1004a 120588i bk5: 1004a 119802i bk6: 1024a 117451i bk7: 1024a 117152i bk8: 988a 119943i bk9: 988a 118901i bk10: 1024a 118761i bk11: 1024a 117581i bk12: 1024a 120201i bk13: 1024a 119676i bk14: 1024a 120552i bk15: 1024a 120344i 

------------------------------------------------------------------------

Row_Buffer_Locality = 0.966419
Row_Buffer_Locality_read = 0.980207
Row_Buffer_Locality_write = 0.894531
Bank_Level_Parallism = 4.112744
Bank_Level_Parallism_Col = 3.976603
Bank_Level_Parallism_Ready = 1.652134
write_to_read_ratio_blp_rw_average = 0.507067
GrpLevelPara = 2.945695 

BW Util details:
bwutil = 0.754849 
total_CMD = 149985 
util_bw = 113216 
Wasted_Col = 8185 
Wasted_Row = 1204 
Idle = 27380 

BW Util Bottlenecks: 
RCDc_limit = 2158 
RCDWRc_limit = 525 
WTRc_limit = 5144 
RTWc_limit = 7744 
CCDLc_limit = 4531 
rwq = 0 
CCDLc_limit_alone = 3639 
WTRc_limit_alone = 4819 
RTWc_limit_alone = 7177 

Commands details: 
total_CMD = 149985 
n_nop = 120446 
Read = 16016 
Write = 0 
L2_Alloc = 0 
L2_WB = 12288 
n_act = 641 
n_pre = 625 
n_ref = 0 
n_req = 19088 
total_req = 28304 

Dual Bus Interface Util: 
issued_total_row = 1266 
issued_total_col = 28304 
Row_Bus_Util =  0.008441 
CoL_Bus_Util = 0.188712 
Either_Row_CoL_Bus_Util = 0.196946 
Issued_on_Two_Bus_Simul_Util = 0.000207 
issued_two_Eff = 0.001049 
queue_avg = 28.152376 


dram_util_bins: 0 0 0 0 0 0 0 0 0 0
dram_eff_bins: 0 0 0 0 0 0 0 0 0 0
mrqq: max=64 avg=28.1524
Memory Partition 5: 
Cache L2_bank_010:
MSHR contents

Cache L2_bank_011:
MSHR contents

In Dram Latency Queue (total = 0): 
DRAM[5]: 16 bks, busW=2 BL=16 CL=24, tRRD=12 tCCD=4, tRCD=24 tRAS=55 tRP=24 tRC=78
n_cmd=149985 n_nop=120446 n_act=638 n_pre=622 n_ref_event=0 n_req=19088 n_rd=16016 n_rd_L2_A=0 n_write=0 n_wr_bk=12288 bw_util=0.7548
n_activity=126288 dram_eff=0.8965
bk0: 960a 121806i bk1: 960a 121405i bk2: 960a 119652i bk3: 960a 120447i bk4: 1004a 121457i bk5: 1004a 120853i bk6: 1024a 117670i bk7: 1024a 117141i bk8: 988a 121173i bk9: 988a 120337i bk10: 1024a 120799i bk11: 1024a 120059i bk12: 1024a 120486i bk13: 1024a 119642i bk14: 1024a 120500i bk15: 1024a 121055i 

------------------------------------------------------------------------

Row_Buffer_Locality = 0.966576
Row_Buffer_Locality_read = 0.980082
Row_Buffer_Locality_write = 0.896159
Bank_Level_Parallism = 4.054025
Bank_Level_Parallism_Col = 3.910317
Bank_Level_Parallism_Ready = 1.642955
write_to_read_ratio_blp_rw_average = 0.501009
GrpLevelPara = 2.939899 

BW Util details:
bwutil = 0.754849 
total_CMD = 149985 
util_bw = 113216 
Wasted_Col = 8444 
Wasted_Row = 1059 
Idle = 27266 

BW Util Bottlenecks: 
RCDc_limit = 2182 
RCDWRc_limit = 514 
WTRc_limit = 5915 
RTWc_limit = 8618 
CCDLc_limit = 4805 
rwq = 0 
CCDLc_limit_alone = 3799 
WTRc_limit_alone = 5660 
RTWc_limit_alone = 7867 

Commands details: 
total_CMD = 149985 
n_nop = 120446 
Read = 16016 
Write = 0 
L2_Alloc = 0 
L2_WB = 12288 
n_act = 638 
n_pre = 622 
n_ref = 0 
n_req = 19088 
total_req = 28304 

Dual Bus Interface Util: 
issued_total_row = 1260 
issued_total_col = 28304 
Row_Bus_Util =  0.008401 
CoL_Bus_Util = 0.188712 
Either_Row_CoL_Bus_Util = 0.196946 
Issued_on_Two_Bus_Simul_Util = 0.000167 
issued_two_Eff = 0.000846 
queue_avg = 27.728407 


dram_util_bins: 0 0 0 0 0 0 0 0 0 0
dram_eff_bins: 0 0 0 0 0 0 0 0 0 0
mrqq: max=64 avg=27.7284
Memory Partition 6: 
Cache L2_bank_012:
MSHR contents

Cache L2_bank_013:
MSHR contents

In Dram Latency Queue (total = 0): 
DRAM[6]: 16 bks, busW=2 BL=16 CL=24, tRRD=12 tCCD=4, tRCD=24 tRAS=55 tRP=24 tRC=78
n_cmd=149985 n_nop=120451 n_act=638 n_pre=622 n_ref_event=0 n_req=19080 n_rd=16008 n_rd_L2_A=0 n_write=0 n_wr_bk=12288 bw_util=0.7546
n_activity=126493 dram_eff=0.8948
bk0: 960a 122372i bk1: 960a 121511i bk2: 960a 120847i bk3: 960a 120232i bk4: 1000a 121267i bk5: 1004a 120705i bk6: 1024a 116960i bk7: 1024a 116366i bk8: 988a 121658i bk9: 984a 120462i bk10: 1024a 121019i bk11: 1024a 121336i bk12: 1024a 120394i bk13: 1024a 119841i bk14: 1024a 121539i bk15: 1024a 120180i 

------------------------------------------------------------------------

Row_Buffer_Locality = 0.966562
Row_Buffer_Locality_read = 0.980135
Row_Buffer_Locality_write = 0.895833
Bank_Level_Parallism = 4.045871
Bank_Level_Parallism_Col = 3.901760
Bank_Level_Parallism_Ready = 1.584089
write_to_read_ratio_blp_rw_average = 0.500559
GrpLevelPara = 2.921282 

BW Util details:
bwutil = 0.754635 
total_CMD = 149985 
util_bw = 113184 
Wasted_Col = 8297 
Wasted_Row = 1079 
Idle = 27425 

BW Util Bottlenecks: 
RCDc_limit = 1898 
RCDWRc_limit = 652 
WTRc_limit = 5041 
RTWc_limit = 8562 
CCDLc_limit = 4449 
rwq = 0 
CCDLc_limit_alone = 3434 
WTRc_limit_alone = 4764 
RTWc_limit_alone = 7824 

Commands details: 
total_CMD = 149985 
n_nop = 120451 
Read = 16008 
Write = 0 
L2_Alloc = 0 
L2_WB = 12288 
n_act = 638 
n_pre = 622 
n_ref = 0 
n_req = 19080 
total_req = 28296 

Dual Bus Interface Util: 
issued_total_row = 1260 
issued_total_col = 28296 
Row_Bus_Util =  0.008401 
CoL_Bus_Util = 0.188659 
Either_Row_CoL_Bus_Util = 0.196913 
Issued_on_Two_Bus_Simul_Util = 0.000147 
issued_two_Eff = 0.000745 
queue_avg = 26.270906 


dram_util_bins: 0 0 0 0 0 0 0 0 0 0
dram_eff_bins: 0 0 0 0 0 0 0 0 0 0
mrqq: max=64 avg=26.2709
Memory Partition 7: 
Cache L2_bank_014:
MSHR contents

Cache L2_bank_015:
MSHR contents

In Dram Latency Queue (total = 0): 
DRAM[7]: 16 bks, busW=2 BL=16 CL=24, tRRD=12 tCCD=4, tRCD=24 tRAS=55 tRP=24 tRC=78
n_cmd=149985 n_nop=120453 n_act=637 n_pre=621 n_ref_event=0 n_req=19084 n_rd=16012 n_rd_L2_A=0 n_write=0 n_wr_bk=12288 bw_util=0.7547
n_activity=126913 dram_eff=0.8919
bk0: 960a 122844i bk1: 960a 122310i bk2: 960a 123439i bk3: 960a 121883i bk4: 1004a 120269i bk5: 1000a 120007i bk6: 1024a 121888i bk7: 1024a 119922i bk8: 988a 120909i bk9: 988a 120426i bk10: 1024a 118262i bk11: 1024a 117546i bk12: 1024a 120261i bk13: 1024a 119989i bk14: 1024a 118457i bk15: 1024a 118572i 

------------------------------------------------------------------------

Row_Buffer_Locality = 0.966621
Row_Buffer_Locality_read = 0.980265
Row_Buffer_Locality_write = 0.895508
Bank_Level_Parallism = 4.026371
Bank_Level_Parallism_Col = 3.893999
Bank_Level_Parallism_Ready = 1.599605
write_to_read_ratio_blp_rw_average = 0.500171
GrpLevelPara = 2.887227 

BW Util details:
bwutil = 0.754742 
total_CMD = 149985 
util_bw = 113200 
Wasted_Col = 8400 
Wasted_Row = 1408 
Idle = 26977 

BW Util Bottlenecks: 
RCDc_limit = 2195 
RCDWRc_limit = 693 
WTRc_limit = 5324 
RTWc_limit = 7956 
CCDLc_limit = 4636 
rwq = 0 
CCDLc_limit_alone = 3704 
WTRc_limit_alone = 5079 
RTWc_limit_alone = 7269 

Commands details: 
total_CMD = 149985 
n_nop = 120453 
Read = 16012 
Write = 0 
L2_Alloc = 0 
L2_WB = 12288 
n_act = 637 
n_pre = 621 
n_ref = 0 
n_req = 19084 
total_req = 28300 

Dual Bus Interface Util: 
issued_total_row = 1258 
issued_total_col = 28300 
Row_Bus_Util =  0.008388 
CoL_Bus_Util = 0.188686 
Either_Row_CoL_Bus_Util = 0.196900 
Issued_on_Two_Bus_Simul_Util = 0.000173 
issued_two_Eff = 0.000880 
queue_avg = 27.544415 


dram_util_bins: 0 0 0 0 0 0 0 0 0 0
dram_eff_bins: 0 0 0 0 0 0 0 0 0 0
mrqq: max=64 avg=27.5444
Memory Partition 8: 
Cache L2_bank_016:
MSHR contents

Cache L2_bank_017:
MSHR contents

In Dram Latency Queue (total = 0): 
DRAM[8]: 16 bks, busW=2 BL=16 CL=24, tRRD=12 tCCD=4, tRCD=24 tRAS=55 tRP=24 tRC=78
n_cmd=149985 n_nop=120485 n_act=622 n_pre=606 n_ref_event=0 n_req=19084 n_rd=16012 n_rd_L2_A=0 n_write=0 n_wr_bk=12288 bw_util=0.7547
n_activity=125930 dram_eff=0.8989
bk0: 960a 122804i bk1: 960a 122441i bk2: 960a 120468i bk3: 960a 120013i bk4: 1004a 121939i bk5: 1004a 121662i bk6: 1024a 119265i bk7: 1024a 119209i bk8: 984a 119590i bk9: 988a 119212i bk10: 1024a 120805i bk11: 1024a 120328i bk12: 1024a 119752i bk13: 1024a 119293i bk14: 1024a 120716i bk15: 1024a 120089i 

------------------------------------------------------------------------

Row_Buffer_Locality = 0.967407
Row_Buffer_Locality_read = 0.980889
Row_Buffer_Locality_write = 0.897135
Bank_Level_Parallism = 4.038394
Bank_Level_Parallism_Col = 3.911479
Bank_Level_Parallism_Ready = 1.629836
write_to_read_ratio_blp_rw_average = 0.502092
GrpLevelPara = 2.934803 

BW Util details:
bwutil = 0.754742 
total_CMD = 149985 
util_bw = 113200 
Wasted_Col = 7813 
Wasted_Row = 1438 
Idle = 27534 

BW Util Bottlenecks: 
RCDc_limit = 2305 
RCDWRc_limit = 650 
WTRc_limit = 5214 
RTWc_limit = 7601 
CCDLc_limit = 3748 
rwq = 0 
CCDLc_limit_alone = 2862 
WTRc_limit_alone = 4858 
RTWc_limit_alone = 7071 

Commands details: 
total_CMD = 149985 
n_nop = 120485 
Read = 16012 
Write = 0 
L2_Alloc = 0 
L2_WB = 12288 
n_act = 622 
n_pre = 606 
n_ref = 0 
n_req = 19084 
total_req = 28300 

Dual Bus Interface Util: 
issued_total_row = 1228 
issued_total_col = 28300 
Row_Bus_Util =  0.008187 
CoL_Bus_Util = 0.188686 
Either_Row_CoL_Bus_Util = 0.196686 
Issued_on_Two_Bus_Simul_Util = 0.000187 
issued_two_Eff = 0.000949 
queue_avg = 27.000986 


dram_util_bins: 0 0 0 0 0 0 0 0 0 0
dram_eff_bins: 0 0 0 0 0 0 0 0 0 0
mrqq: max=64 avg=27.001
Memory Partition 9: 
Cache L2_bank_018:
MSHR contents

Cache L2_bank_019:
MSHR contents

In Dram Latency Queue (total = 0): 
DRAM[9]: 16 bks, busW=2 BL=16 CL=24, tRRD=12 tCCD=4, tRCD=24 tRAS=55 tRP=24 tRC=78
n_cmd=149985 n_nop=120466 n_act=635 n_pre=619 n_ref_event=0 n_req=19076 n_rd=16004 n_rd_L2_A=0 n_write=0 n_wr_bk=12288 bw_util=0.7545
n_activity=126318 dram_eff=0.8959
bk0: 960a 122484i bk1: 960a 122574i bk2: 960a 122390i bk3: 960a 120851i bk4: 1000a 120236i bk5: 1000a 120251i bk6: 1024a 118443i bk7: 1024a 118384i bk8: 984a 121429i bk9: 988a 120547i bk10: 1024a 121426i bk11: 1024a 121477i bk12: 1024a 120583i bk13: 1024a 119760i bk14: 1024a 122266i bk15: 1024a 121262i 

------------------------------------------------------------------------

Row_Buffer_Locality = 0.966712
Row_Buffer_Locality_read = 0.980442
Row_Buffer_Locality_write = 0.895182
Bank_Level_Parallism = 3.968843
Bank_Level_Parallism_Col = 3.828693
Bank_Level_Parallism_Ready = 1.606433
write_to_read_ratio_blp_rw_average = 0.501522
GrpLevelPara = 2.883861 

BW Util details:
bwutil = 0.754529 
total_CMD = 149985 
util_bw = 113168 
Wasted_Col = 8454 
Wasted_Row = 1254 
Idle = 27109 

BW Util Bottlenecks: 
RCDc_limit = 2194 
RCDWRc_limit = 610 
WTRc_limit = 5706 
RTWc_limit = 8042 
CCDLc_limit = 4699 
rwq = 0 
CCDLc_limit_alone = 3626 
WTRc_limit_alone = 5287 
RTWc_limit_alone = 7388 

Commands details: 
total_CMD = 149985 
n_nop = 120466 
Read = 16004 
Write = 0 
L2_Alloc = 0 
L2_WB = 12288 
n_act = 635 
n_pre = 619 
n_ref = 0 
n_req = 19076 
total_req = 28292 

Dual Bus Interface Util: 
issued_total_row = 1254 
issued_total_col = 28292 
Row_Bus_Util =  0.008361 
CoL_Bus_Util = 0.188632 
Either_Row_CoL_Bus_Util = 0.196813 
Issued_on_Two_Bus_Simul_Util = 0.000180 
issued_two_Eff = 0.000915 
queue_avg = 28.021183 


dram_util_bins: 0 0 0 0 0 0 0 0 0 0
dram_eff_bins: 0 0 0 0 0 0 0 0 0 0
mrqq: max=64 avg=28.0212
Memory Partition 10: 
Cache L2_bank_020:
MSHR contents

Cache L2_bank_021:
MSHR contents

In Dram Latency Queue (total = 0): 
DRAM[10]: 16 bks, busW=2 BL=16 CL=24, tRRD=12 tCCD=4, tRCD=24 tRAS=55 tRP=24 tRC=78
n_cmd=149985 n_nop=120475 n_act=626 n_pre=610 n_ref_event=0 n_req=19088 n_rd=16016 n_rd_L2_A=0 n_write=0 n_wr_bk=12288 bw_util=0.7548
n_activity=126464 dram_eff=0.8952
bk0: 960a 121227i bk1: 960a 121492i bk2: 960a 122760i bk3: 960a 122552i bk4: 1000a 122245i bk5: 1000a 121416i bk6: 1024a 117443i bk7: 1024a 117904i bk8: 988a 121981i bk9: 996a 121208i bk10: 1024a 117967i bk11: 1024a 118890i bk12: 1024a 120035i bk13: 1024a 119507i bk14: 1024a 118943i bk15: 1024a 119783i 

------------------------------------------------------------------------

Row_Buffer_Locality = 0.967205
Row_Buffer_Locality_read = 0.980707
Row_Buffer_Locality_write = 0.896810
Bank_Level_Parallism = 4.046528
Bank_Level_Parallism_Col = 3.910729
Bank_Level_Parallism_Ready = 1.593902
write_to_read_ratio_blp_rw_average = 0.501353
GrpLevelPara = 2.911394 

BW Util details:
bwutil = 0.754849 
total_CMD = 149985 
util_bw = 113216 
Wasted_Col = 8463 
Wasted_Row = 1097 
Idle = 27209 

BW Util Bottlenecks: 
RCDc_limit = 2070 
RCDWRc_limit = 445 
WTRc_limit = 5807 
RTWc_limit = 8474 
CCDLc_limit = 4946 
rwq = 0 
CCDLc_limit_alone = 3926 
WTRc_limit_alone = 5499 
RTWc_limit_alone = 7762 

Commands details: 
total_CMD = 149985 
n_nop = 120475 
Read = 16016 
Write = 0 
L2_Alloc = 0 
L2_WB = 12288 
n_act = 626 
n_pre = 610 
n_ref = 0 
n_req = 19088 
total_req = 28304 

Dual Bus Interface Util: 
issued_total_row = 1236 
issued_total_col = 28304 
Row_Bus_Util =  0.008241 
CoL_Bus_Util = 0.188712 
Either_Row_CoL_Bus_Util = 0.196753 
Issued_on_Two_Bus_Simul_Util = 0.000200 
issued_two_Eff = 0.001017 
queue_avg = 26.768883 


dram_util_bins: 0 0 0 0 0 0 0 0 0 0
dram_eff_bins: 0 0 0 0 0 0 0 0 0 0
mrqq: max=64 avg=26.7689
Memory Partition 11: 
Cache L2_bank_022:
MSHR contents

Cache L2_bank_023:
MSHR contents

In Dram Latency Queue (total = 0): 
DRAM[11]: 16 bks, busW=2 BL=16 CL=24, tRRD=12 tCCD=4, tRCD=24 tRAS=55 tRP=24 tRC=78
n_cmd=149985 n_nop=120480 n_act=619 n_pre=603 n_ref_event=0 n_req=19092 n_rd=16020 n_rd_L2_A=0 n_write=0 n_wr_bk=12288 bw_util=0.755
n_activity=126810 dram_eff=0.8929
bk0: 960a 121244i bk1: 960a 119644i bk2: 960a 121816i bk3: 960a 120383i bk4: 1004a 119737i bk5: 1000a 120230i bk6: 1024a 118444i bk7: 1024a 117398i bk8: 992a 118703i bk9: 992a 118393i bk10: 1024a 117663i bk11: 1024a 117223i bk12: 1024a 118765i bk13: 1024a 118192i bk14: 1024a 120637i bk15: 1024a 120399i 

------------------------------------------------------------------------

Row_Buffer_Locality = 0.967578
Row_Buffer_Locality_read = 0.980774
Row_Buffer_Locality_write = 0.898763
Bank_Level_Parallism = 4.179873
Bank_Level_Parallism_Col = 4.045290
Bank_Level_Parallism_Ready = 1.671296
write_to_read_ratio_blp_rw_average = 0.503510
GrpLevelPara = 2.956610 

BW Util details:
bwutil = 0.754955 
total_CMD = 149985 
util_bw = 113232 
Wasted_Col = 8620 
Wasted_Row = 1081 
Idle = 27052 

BW Util Bottlenecks: 
RCDc_limit = 2047 
RCDWRc_limit = 613 
WTRc_limit = 5287 
RTWc_limit = 8972 
CCDLc_limit = 5126 
rwq = 0 
CCDLc_limit_alone = 4113 
WTRc_limit_alone = 4919 
RTWc_limit_alone = 8327 

Commands details: 
total_CMD = 149985 
n_nop = 120480 
Read = 16020 
Write = 0 
L2_Alloc = 0 
L2_WB = 12288 
n_act = 619 
n_pre = 603 
n_ref = 0 
n_req = 19092 
total_req = 28308 

Dual Bus Interface Util: 
issued_total_row = 1222 
issued_total_col = 28308 
Row_Bus_Util =  0.008147 
CoL_Bus_Util = 0.188739 
Either_Row_CoL_Bus_Util = 0.196720 
Issued_on_Two_Bus_Simul_Util = 0.000167 
issued_two_Eff = 0.000847 
queue_avg = 28.082794 


dram_util_bins: 0 0 0 0 0 0 0 0 0 0
dram_eff_bins: 0 0 0 0 0 0 0 0 0 0
mrqq: max=64 avg=28.0828
Memory Partition 12: 
Cache L2_bank_024:
MSHR contents

Cache L2_bank_025:
MSHR contents

In Dram Latency Queue (total = 0): 
DRAM[12]: 16 bks, busW=2 BL=16 CL=24, tRRD=12 tCCD=4, tRCD=24 tRAS=55 tRP=24 tRC=78
n_cmd=149985 n_nop=120516 n_act=604 n_pre=588 n_ref_event=0 n_req=19088 n_rd=16016 n_rd_L2_A=0 n_write=0 n_wr_bk=12288 bw_util=0.7548
n_activity=126714 dram_eff=0.8935
bk0: 960a 122758i bk1: 960a 122106i bk2: 960a 122970i bk3: 960a 122217i bk4: 1000a 120819i bk5: 1000a 120103i bk6: 1024a 121051i bk7: 1024a 121032i bk8: 996a 121325i bk9: 988a 120788i bk10: 1024a 120894i bk11: 1024a 120335i bk12: 1024a 120860i bk13: 1024a 120196i bk14: 1024a 120920i bk15: 1024a 120204i 

------------------------------------------------------------------------

Row_Buffer_Locality = 0.968357
Row_Buffer_Locality_read = 0.981206
Row_Buffer_Locality_write = 0.901367
Bank_Level_Parallism = 3.940547
Bank_Level_Parallism_Col = 3.806436
Bank_Level_Parallism_Ready = 1.577938
write_to_read_ratio_blp_rw_average = 0.501828
GrpLevelPara = 2.859437 

BW Util details:
bwutil = 0.754849 
total_CMD = 149985 
util_bw = 113216 
Wasted_Col = 8617 
Wasted_Row = 975 
Idle = 27177 

BW Util Bottlenecks: 
RCDc_limit = 1881 
RCDWRc_limit = 627 
WTRc_limit = 6347 
RTWc_limit = 7537 
CCDLc_limit = 4661 
rwq = 0 
CCDLc_limit_alone = 3704 
WTRc_limit_alone = 5844 
RTWc_limit_alone = 7083 

Commands details: 
total_CMD = 149985 
n_nop = 120516 
Read = 16016 
Write = 0 
L2_Alloc = 0 
L2_WB = 12288 
n_act = 604 
n_pre = 588 
n_ref = 0 
n_req = 19088 
total_req = 28304 

Dual Bus Interface Util: 
issued_total_row = 1192 
issued_total_col = 28304 
Row_Bus_Util =  0.007947 
CoL_Bus_Util = 0.188712 
Either_Row_CoL_Bus_Util = 0.196480 
Issued_on_Two_Bus_Simul_Util = 0.000180 
issued_two_Eff = 0.000916 
queue_avg = 25.549768 


dram_util_bins: 0 0 0 0 0 0 0 0 0 0
dram_eff_bins: 0 0 0 0 0 0 0 0 0 0
mrqq: max=64 avg=25.5498
Memory Partition 13: 
Cache L2_bank_026:
MSHR contents

Cache L2_bank_027:
MSHR contents

In Dram Latency Queue (total = 0): 
DRAM[13]: 16 bks, busW=2 BL=16 CL=24, tRRD=12 tCCD=4, tRCD=24 tRAS=55 tRP=24 tRC=78
n_cmd=149985 n_nop=120442 n_act=638 n_pre=622 n_ref_event=0 n_req=19096 n_rd=16024 n_rd_L2_A=0 n_write=0 n_wr_bk=12288 bw_util=0.7551
n_activity=126448 dram_eff=0.8956
bk0: 960a 120764i bk1: 960a 121715i bk2: 960a 120683i bk3: 960a 121755i bk4: 1000a 121260i bk5: 1000a 120189i bk6: 1024a 119802i bk7: 1024a 118885i bk8: 996a 120339i bk9: 996a 119920i bk10: 1024a 120766i bk11: 1024a 121568i bk12: 1024a 120998i bk13: 1024a 120430i bk14: 1024a 118755i bk15: 1024a 119546i 

------------------------------------------------------------------------

Row_Buffer_Locality = 0.966590
Row_Buffer_Locality_read = 0.980217
Row_Buffer_Locality_write = 0.895508
Bank_Level_Parallism = 4.040202
Bank_Level_Parallism_Col = 3.897853
Bank_Level_Parallism_Ready = 1.670332
write_to_read_ratio_blp_rw_average = 0.500161
GrpLevelPara = 2.905779 

BW Util details:
bwutil = 0.755062 
total_CMD = 149985 
util_bw = 113248 
Wasted_Col = 8326 
Wasted_Row = 1042 
Idle = 27369 

BW Util Bottlenecks: 
RCDc_limit = 1850 
RCDWRc_limit = 605 
WTRc_limit = 5311 
RTWc_limit = 8775 
CCDLc_limit = 4765 
rwq = 0 
CCDLc_limit_alone = 3673 
WTRc_limit_alone = 4997 
RTWc_limit_alone = 7997 

Commands details: 
total_CMD = 149985 
n_nop = 120442 
Read = 16024 
Write = 0 
L2_Alloc = 0 
L2_WB = 12288 
n_act = 638 
n_pre = 622 
n_ref = 0 
n_req = 19096 
total_req = 28312 

Dual Bus Interface Util: 
issued_total_row = 1260 
issued_total_col = 28312 
Row_Bus_Util =  0.008401 
CoL_Bus_Util = 0.188766 
Either_Row_CoL_Bus_Util = 0.196973 
Issued_on_Two_Bus_Simul_Util = 0.000193 
issued_two_Eff = 0.000982 
queue_avg = 27.407381 


dram_util_bins: 0 0 0 0 0 0 0 0 0 0
dram_eff_bins: 0 0 0 0 0 0 0 0 0 0
mrqq: max=64 avg=27.4074
Memory Partition 14: 
Cache L2_bank_028:
MSHR contents

Cache L2_bank_029:
MSHR contents

In Dram Latency Queue (total = 2): 
Ready @ 122106 -   mf: uid=1950907, sid4294967295:w4294967295, part=14, addr=0xc01e6880, store, size=128, L2_WRBK  status = IN_PARTITION_DRAM_LATENCY_QUEUE (121852), 
Ready @ 122110 -   mf: uid=1950908, sid4294967295:w4294967295, part=14, addr=0xc01e6800, store, size=128, L2_WRBK  status = IN_PARTITION_DRAM_LATENCY_QUEUE (121856), 
DRAM[14]: 16 bks, busW=2 BL=16 CL=24, tRRD=12 tCCD=4, tRCD=24 tRAS=55 tRP=24 tRC=78
n_cmd=149985 n_nop=120491 n_act=615 n_pre=599 n_ref_event=0 n_req=19094 n_rd=16024 n_rd_L2_A=0 n_write=0 n_wr_bk=12280 bw_util=0.7548
n_activity=126175 dram_eff=0.8973
bk0: 960a 121565i bk1: 960a 121042i bk2: 960a 121408i bk3: 960a 119851i bk4: 1000a 120026i bk5: 1000a 118997i bk6: 1024a 117365i bk7: 1024a 117895i bk8: 996a 117530i bk9: 996a 116811i bk10: 1024a 116971i bk11: 1024a 117905i bk12: 1024a 118545i bk13: 1024a 117921i bk14: 1024a 118685i bk15: 1024a 119324i 

------------------------------------------------------------------------

Row_Buffer_Locality = 0.967791
Row_Buffer_Locality_read = 0.980904
Row_Buffer_Locality_write = 0.899349
Bank_Level_Parallism = 4.253502
Bank_Level_Parallism_Col = 4.106544
Bank_Level_Parallism_Ready = 1.734494
write_to_read_ratio_blp_rw_average = 0.515002
GrpLevelPara = 3.021078 

BW Util details:
bwutil = 0.754849 
total_CMD = 149985 
util_bw = 113216 
Wasted_Col = 8508 
Wasted_Row = 720 
Idle = 27541 

BW Util Bottlenecks: 
RCDc_limit = 1923 
RCDWRc_limit = 375 
WTRc_limit = 5107 
RTWc_limit = 10090 
CCDLc_limit = 5290 
rwq = 0 
CCDLc_limit_alone = 4217 
WTRc_limit_alone = 4837 
RTWc_limit_alone = 9287 

Commands details: 
total_CMD = 149985 
n_nop = 120491 
Read = 16024 
Write = 0 
L2_Alloc = 0 
L2_WB = 12280 
n_act = 615 
n_pre = 599 
n_ref = 0 
n_req = 19094 
total_req = 28304 

Dual Bus Interface Util: 
issued_total_row = 1214 
issued_total_col = 28304 
Row_Bus_Util =  0.008094 
CoL_Bus_Util = 0.188712 
Either_Row_CoL_Bus_Util = 0.196646 
Issued_on_Two_Bus_Simul_Util = 0.000160 
issued_two_Eff = 0.000814 
queue_avg = 29.535480 


dram_util_bins: 0 0 0 0 0 0 0 0 0 0
dram_eff_bins: 0 0 0 0 0 0 0 0 0 0
mrqq: max=64 avg=29.5355
Memory Partition 15: 
Cache L2_bank_030:
MSHR contents

Cache L2_bank_031:
MSHR contents

In Dram Latency Queue (total = 0): 
DRAM[15]: 16 bks, busW=2 BL=16 CL=24, tRRD=12 tCCD=4, tRCD=24 tRAS=55 tRP=24 tRC=78
n_cmd=149985 n_nop=120462 n_act=628 n_pre=612 n_ref_event=0 n_req=19092 n_rd=16020 n_rd_L2_A=0 n_write=0 n_wr_bk=12288 bw_util=0.755
n_activity=126543 dram_eff=0.8948
bk0: 960a 120455i bk1: 960a 120327i bk2: 960a 121334i bk3: 960a 120275i bk4: 1000a 118233i bk5: 1000a 118515i bk6: 1024a 117938i bk7: 1024a 117518i bk8: 992a 122025i bk9: 996a 121611i bk10: 1024a 120381i bk11: 1024a 120128i bk12: 1024a 120631i bk13: 1024a 120016i bk14: 1024a 119970i bk15: 1024a 119065i 

------------------------------------------------------------------------

Row_Buffer_Locality = 0.967107
Row_Buffer_Locality_read = 0.980587
Row_Buffer_Locality_write = 0.896810
Bank_Level_Parallism = 4.106924
Bank_Level_Parallism_Col = 3.970842
Bank_Level_Parallism_Ready = 1.663472
write_to_read_ratio_blp_rw_average = 0.508866
GrpLevelPara = 2.935179 

BW Util details:
bwutil = 0.754955 
total_CMD = 149985 
util_bw = 113232 
Wasted_Col = 8228 
Wasted_Row = 1284 
Idle = 27241 

BW Util Bottlenecks: 
RCDc_limit = 2108 
RCDWRc_limit = 508 
WTRc_limit = 4970 
RTWc_limit = 8426 
CCDLc_limit = 4230 
rwq = 0 
CCDLc_limit_alone = 3484 
WTRc_limit_alone = 4743 
RTWc_limit_alone = 7907 

Commands details: 
total_CMD = 149985 
n_nop = 120462 
Read = 16020 
Write = 0 
L2_Alloc = 0 
L2_WB = 12288 
n_act = 628 
n_pre = 612 
n_ref = 0 
n_req = 19092 
total_req = 28308 

Dual Bus Interface Util: 
issued_total_row = 1240 
issued_total_col = 28308 
Row_Bus_Util =  0.008267 
CoL_Bus_Util = 0.188739 
Either_Row_CoL_Bus_Util = 0.196840 
Issued_on_Two_Bus_Simul_Util = 0.000167 
issued_two_Eff = 0.000847 
queue_avg = 27.620016 


dram_util_bins: 0 0 0 0 0 0 0 0 0 0
dram_eff_bins: 0 0 0 0 0 0 0 0 0 0
mrqq: max=64 avg=27.62

========= L2 cache stats =========
L2_cache_bank[0]: Access = 16384, Miss = 16200, Miss_rate = 0.989, Pending_hits = 0, Reservation_fails = 0
L2_cache_bank[1]: Access = 16384, Miss = 16196, Miss_rate = 0.989, Pending_hits = 0, Reservation_fails = 0
L2_cache_bank[2]: Access = 16384, Miss = 16196, Miss_rate = 0.989, Pending_hits = 0, Reservation_fails = 0
L2_cache_bank[3]: Access = 16384, Miss = 16196, Miss_rate = 0.989, Pending_hits = 0, Reservation_fails = 0
L2_cache_bank[4]: Access = 16384, Miss = 16208, Miss_rate = 0.989, Pending_hits = 0, Reservation_fails = 0
L2_cache_bank[5]: Access = 16384, Miss = 16208, Miss_rate = 0.989, Pending_hits = 0, Reservation_fails = 0
L2_cache_bank[6]: Access = 16384, Miss = 16212, Miss_rate = 0.990, Pending_hits = 0, Reservation_fails = 0
L2_cache_bank[7]: Access = 16384, Miss = 16208, Miss_rate = 0.989, Pending_hits = 0, Reservation_fails = 0
L2_cache_bank[8]: Access = 16384, Miss = 16200, Miss_rate = 0.989, Pending_hits = 0, Reservation_fails = 0
L2_cache_bank[9]: Access = 16384, Miss = 16200, Miss_rate = 0.989, Pending_hits = 0, Reservation_fails = 0
L2_cache_bank[10]: Access = 16384, Miss = 16200, Miss_rate = 0.989, Pending_hits = 0, Reservation_fails = 0
L2_cache_bank[11]: Access = 16384, Miss = 16200, Miss_rate = 0.989, Pending_hits = 0, Reservation_fails = 0
L2_cache_bank[12]: Access = 16384, Miss = 16196, Miss_rate = 0.989, Pending_hits = 0, Reservation_fails = 0
L2_cache_bank[13]: Access = 16384, Miss = 16196, Miss_rate = 0.989, Pending_hits = 0, Reservation_fails = 0
L2_cache_bank[14]: Access = 16384, Miss = 16196, Miss_rate = 0.989, Pending_hits = 0, Reservation_fails = 0
L2_cache_bank[15]: Access = 16384, Miss = 16200, Miss_rate = 0.989, Pending_hits = 0, Reservation_fails = 0
L2_cache_bank[16]: Access = 16384, Miss = 16200, Miss_rate = 0.989, Pending_hits = 0, Reservation_fails = 0
L2_cache_bank[17]: Access = 16384, Miss = 16196, Miss_rate = 0.989, Pending_hits = 0, Reservation_fails = 0
L2_cache_bank[18]: Access = 16384, Miss = 16196, Miss_rate = 0.989, Pending_hits = 0, Reservation_fails = 0
L2_cache_bank[19]: Access = 16384, Miss = 16192, Miss_rate = 0.988, Pending_hits = 0, Reservation_fails = 0
L2_cache_bank[20]: Access = 16384, Miss = 16200, Miss_rate = 0.989, Pending_hits = 0, Reservation_fails = 0
L2_cache_bank[21]: Access = 16384, Miss = 16200, Miss_rate = 0.989, Pending_hits = 0, Reservation_fails = 0
L2_cache_bank[22]: Access = 16384, Miss = 16200, Miss_rate = 0.989, Pending_hits = 0, Reservation_fails = 0
L2_cache_bank[23]: Access = 16384, Miss = 16204, Miss_rate = 0.989, Pending_hits = 0, Reservation_fails = 0
L2_cache_bank[24]: Access = 16384, Miss = 16196, Miss_rate = 0.989, Pending_hits = 0, Reservation_fails = 0
L2_cache_bank[25]: Access = 16384, Miss = 16204, Miss_rate = 0.989, Pending_hits = 0, Reservation_fails = 0
L2_cache_bank[26]: Access = 16384, Miss = 16204, Miss_rate = 0.989, Pending_hits = 0, Reservation_fails = 0
L2_cache_bank[27]: Access = 16384, Miss = 16204, Miss_rate = 0.989, Pending_hits = 0, Reservation_fails = 0
L2_cache_bank[28]: Access = 16384, Miss = 16204, Miss_rate = 0.989, Pending_hits = 0, Reservation_fails = 0
L2_cache_bank[29]: Access = 16384, Miss = 16204, Miss_rate = 0.989, Pending_hits = 0, Reservation_fails = 0
L2_cache_bank[30]: Access = 16384, Miss = 16204, Miss_rate = 0.989, Pending_hits = 0, Reservation_fails = 0
L2_cache_bank[31]: Access = 16384, Miss = 16200, Miss_rate = 0.989, Pending_hits = 0, Reservation_fails = 0
L2_total_cache_accesses = 524288
L2_total_cache_misses = 518420
L2_total_cache_miss_rate = 0.9888
L2_total_cache_pending_hits = 0
L2_total_cache_reservation_fails = 0
L2_total_cache_breakdown:
	L2_cache_stats_breakdown[GLOBAL_ACC_R][HIT] = 0
	L2_cache_stats_breakdown[GLOBAL_ACC_R][HIT_RESERVED] = 0
	L2_cache_stats_breakdown[GLOBAL_ACC_R][MISS] = 32768
	L2_cache_stats_breakdown[GLOBAL_ACC_R][RESERVATION_FAIL] = 0
	L2_cache_stats_breakdown[GLOBAL_ACC_R][SECTOR_MISS] = 98304
	L2_cache_stats_breakdown[GLOBAL_ACC_R][MSHR_HIT] = 0
	L2_cache_stats_breakdown[LOCAL_ACC_R][HIT] = 0
	L2_cache_stats_breakdown[LOCAL_ACC_R][HIT_RESERVED] = 0
	L2_cache_stats_breakdown[LOCAL_ACC_R][MISS] = 0
	L2_cache_stats_breakdown[LOCAL_ACC_R][RESERVATION_FAIL] = 0
	L2_cache_stats_breakdown[LOCAL_ACC_R][SECTOR_MISS] = 0
	L2_cache_stats_breakdown[LOCAL_ACC_R][MSHR_HIT] = 0
	L2_cache_stats_breakdown[CONST_ACC_R][HIT] = 0
	L2_cache_stats_breakdown[CONST_ACC_R][HIT_RESERVED] = 0
	L2_cache_stats_breakdown[CONST_ACC_R][MISS] = 0
	L2_cache_stats_breakdown[CONST_ACC_R][RESERVATION_FAIL] = 0
	L2_cache_stats_breakdown[CONST_ACC_R][SECTOR_MISS] = 0
	L2_cache_stats_breakdown[CONST_ACC_R][MSHR_HIT] = 0
	L2_cache_stats_breakdown[TEXTURE_ACC_R][HIT] = 0
	L2_cache_stats_breakdown[TEXTURE_ACC_R][HIT_RESERVED] = 0
	L2_cache_stats_breakdown[TEXTURE_ACC_R][MISS] = 0
	L2_cache_stats_breakdown[TEXTURE_ACC_R][RESERVATION_FAIL] = 0
	L2_cache_stats_breakdown[TEXTURE_ACC_R][SECTOR_MISS] = 0
	L2_cache_stats_breakdown[TEXTURE_ACC_R][MSHR_HIT] = 0
	L2_cache_stats_breakdown[GLOBAL_ACC_W][HIT] = 0
	L2_cache_stats_breakdown[GLOBAL_ACC_W][HIT_RESERVED] = 0
	L2_cache_stats_breakdown[GLOBAL_ACC_W][MISS] = 32768
	L2_cache_stats_breakdown[GLOBAL_ACC_W][RESERVATION_FAIL] = 0
	L2_cache_stats_breakdown[GLOBAL_ACC_W][SECTOR_MISS] = 98304
	L2_cache_stats_breakdown[GLOBAL_ACC_W][MSHR_HIT] = 0
	L2_cache_stats_breakdown[LOCAL_ACC_W][HIT] = 0
	L2_cache_stats_breakdown[LOCAL_ACC_W][HIT_RESERVED] = 0
	L2_cache_stats_breakdown[LOCAL_ACC_W][MISS] = 0
	L2_cache_stats_breakdown[LOCAL_ACC_W][RESERVATION_FAIL] = 0
	L2_cache_stats_breakdown[LOCAL_ACC_W][SECTOR_MISS] = 0
	L2_cache_stats_breakdown[LOCAL_ACC_W][MSHR_HIT] = 0
	L2_cache_stats_breakdown[L1_WRBK_ACC][HIT] = 0
	L2_cache_stats_breakdown[L1_WRBK_ACC][HIT_RESERVED] = 0
	L2_cache_stats_breakdown[L1_WRBK_ACC][MISS] = 0
	L2_cache_stats_breakdown[L1_WRBK_ACC][RESERVATION_FAIL] = 0
	L2_cache_stats_breakdown[L1_WRBK_ACC][SECTOR_MISS] = 0
	L2_cache_stats_breakdown[L1_WRBK_ACC][MSHR_HIT] = 0
	L2_cache_stats_breakdown[L2_WRBK_ACC][HIT] = 0
	L2_cache_stats_breakdown[L2_WRBK_ACC][HIT_RESERVED] = 0
	L2_cache_stats_breakdown[L2_WRBK_ACC][MISS] = 0
	L2_cache_stats_breakdown[L2_WRBK_ACC][RESERVATION_FAIL] = 0
	L2_cache_stats_breakdown[L2_WRBK_ACC][SECTOR_MISS] = 0
	L2_cache_stats_breakdown[L2_WRBK_ACC][MSHR_HIT] = 0
	L2_cache_stats_breakdown[INST_ACC_R][HIT] = 0
	L2_cache_stats_breakdown[INST_ACC_R][HIT_RESERVED] = 0
	L2_cache_stats_breakdown[INST_ACC_R][MISS] = 0
	L2_cache_stats_breakdown[INST_ACC_R][RESERVATION_FAIL] = 0
	L2_cache_stats_breakdown[INST_ACC_R][SECTOR_MISS] = 0
	L2_cache_stats_breakdown[INST_ACC_R][MSHR_HIT] = 0
	L2_cache_stats_breakdown[L1_WR_ALLOC_R][HIT] = 0
	L2_cache_stats_breakdown[L1_WR_ALLOC_R][HIT_RESERVED] = 0
	L2_cache_stats_breakdown[L1_WR_ALLOC_R][MISS] = 0
	L2_cache_stats_breakdown[L1_WR_ALLOC_R][RESERVATION_FAIL] = 0
	L2_cache_stats_breakdown[L1_WR_ALLOC_R][SECTOR_MISS] = 0
	L2_cache_stats_breakdown[L1_WR_ALLOC_R][MSHR_HIT] = 0
	L2_cache_stats_breakdown[L2_WR_ALLOC_R][HIT] = 0
	L2_cache_stats_breakdown[L2_WR_ALLOC_R][HIT_RESERVED] = 0
	L2_cache_stats_breakdown[L2_WR_ALLOC_R][MISS] = 0
	L2_cache_stats_breakdown[L2_WR_ALLOC_R][RESERVATION_FAIL] = 0
	L2_cache_stats_breakdown[L2_WR_ALLOC_R][SECTOR_MISS] = 0
	L2_cache_stats_breakdown[L2_WR_ALLOC_R][MSHR_HIT] = 0
	L2_cache_stats_breakdown[GLOBAL_ACC_R][TOTAL_ACCESS] = 131072
	L2_cache_stats_breakdown[GLOBAL_ACC_W][TOTAL_ACCESS] = 131072
L2_total_cache_reservation_fail_breakdown:
L2_cache_data_port_util = 0.026
L2_cache_fill_port_util = 0.066

icnt_total_pkts_mem_to_simt=524288
icnt_total_pkts_simt_to_mem=524288
LD_mem_lat_dist  0 0 0 0 0 0 0 0 0 0 0 0 0 0 0 0 0 0 0 0 0 0 0 0 0 0 0
ST_mem_lat_dist  0 0 0 0 0 0 0 0 0 0 0 0 0 0 0 0 0 0 0 0 0 0 0 0 0 0 0
----------------------------Interconnect-DETAILS--------------------------------
Req_Network_injected_packets_num = 524288
Req_Network_cycles = 121864
Req_Network_injected_packets_per_cycle =       4.3022 
Req_Network_conflicts_per_cycle =       0.5298
Req_Network_conflicts_per_cycle_util =       0.6057
Req_Bank_Level_Parallism =       4.9186
Req_Network_in_buffer_full_per_cycle =       0.0000
Req_Network_in_buffer_avg_util =       0.3785
Req_Network_out_buffer_full_per_cycle =       0.0000
Req_Network_out_buffer_avg_util =       0.1344

Reply_Network_injected_packets_num = 524288
Reply_Network_cycles = 121864
Reply_Network_injected_packets_per_cycle =        4.3022
Reply_Network_conflicts_per_cycle =        2.8093
Reply_Network_conflicts_per_cycle_util =       3.2165
Reply_Bank_Level_Parallism =       4.9259
Reply_Network_in_buffer_full_per_cycle =       0.0000
Reply_Network_in_buffer_avg_util =       0.3635
Reply_Network_out_buffer_full_per_cycle =       0.0000
Reply_Network_out_buffer_avg_util =       0.2689
----------------------------END-of-Interconnect-DETAILS-------------------------


gpgpu_simulation_time = 0 days, 0 hrs, 1 min, 48 sec (108 sec)
gpgpu_simulation_rate = 621378 (inst/sec)
gpgpu_simulation_rate = 1128 (cycle/sec)
gpgpu_silicon_slowdown = 1152482x
GPGPU-Sim: detected inactive GPU simulation thread
GPGPU-Sim PTX: Setting up arguments for 8 bytes starting at 0x7ffdc8bce3c0..
GPGPU-Sim PTX: Setting up arguments for 8 bytes starting at 0x7ffdc8bce3c8..
GPGPU-Sim PTX: Setting up arguments for 4 bytes starting at 0x7ffdc8bce3a8..
GPGPU-Sim PTX: Setting up arguments for 4 bytes starting at 0x7ffdc8bce3ac..

GPGPU-Sim PTX: cudaLaunch for 0x0x610cd6e14030 (mode=performance simulation) on stream 0
GPGPU-Sim PTX: PDOM analysis already done for _Z10bsmm_stagePKfPfii 
GPGPU-Sim PTX: pushing kernel '_Z10bsmm_stagePKfPfii' to stream 0, gridDim= (8192,1,1) blockDim = (128,1,1) 
GPGPU-Sim uArch: Shader 10 bind to kernel 3 '_Z10bsmm_stagePKfPfii'
GPGPU-Sim: Reconfigure L1 cache to 128KB
GPGPU-Sim uArch: Shader 11 bind to kernel 3 '_Z10bsmm_stagePKfPfii'
GPGPU-Sim uArch: Shader 12 bind to kernel 3 '_Z10bsmm_stagePKfPfii'
GPGPU-Sim uArch: Shader 13 bind to kernel 3 '_Z10bsmm_stagePKfPfii'
GPGPU-Sim uArch: Shader 14 bind to kernel 3 '_Z10bsmm_stagePKfPfii'
GPGPU-Sim uArch: Shader 15 bind to kernel 3 '_Z10bsmm_stagePKfPfii'
GPGPU-Sim uArch: Shader 0 bind to kernel 3 '_Z10bsmm_stagePKfPfii'
GPGPU-Sim uArch: Shader 1 bind to kernel 3 '_Z10bsmm_stagePKfPfii'
GPGPU-Sim uArch: Shader 2 bind to kernel 3 '_Z10bsmm_stagePKfPfii'
GPGPU-Sim uArch: Shader 3 bind to kernel 3 '_Z10bsmm_stagePKfPfii'
GPGPU-Sim uArch: Shader 4 bind to kernel 3 '_Z10bsmm_stagePKfPfii'
GPGPU-Sim uArch: Shader 5 bind to kernel 3 '_Z10bsmm_stagePKfPfii'
GPGPU-Sim uArch: Shader 6 bind to kernel 3 '_Z10bsmm_stagePKfPfii'
GPGPU-Sim uArch: Shader 7 bind to kernel 3 '_Z10bsmm_stagePKfPfii'
GPGPU-Sim uArch: Shader 8 bind to kernel 3 '_Z10bsmm_stagePKfPfii'
GPGPU-Sim uArch: Shader 9 bind to kernel 3 '_Z10bsmm_stagePKfPfii'
Destroy streams for kernel 3: size 0
kernel_name = _Z10bsmm_stagePKfPfii 
kernel_launch_uid = 3 
kernel_stream_id = 106708519875976
gpu_sim_cycle = 63912
gpu_sim_insn = 33554432
gpu_ipc =     525.0099
gpu_tot_sim_cycle = 185776
gpu_tot_sim_insn = 100663296
gpu_tot_ipc =     541.8531
gpu_tot_issued_cta = 24576
gpu_occupancy = 91.7438% 
gpu_tot_occupancy = 92.5681% 
max_total_param_size = 0
gpu_stall_dramfull = 0
gpu_stall_icnt2sh    = 0
partiton_level_parallism =       4.1016
partiton_level_parallism_total  =       4.2332
partiton_level_parallism_util =       4.6583
partiton_level_parallism_util_total  =       4.8286
L2_BW  =     170.6282 GB/Sec
L2_BW_total  =     176.1022 GB/Sec
gpu_total_sim_rate=625237

========= Core cache stats =========
L1I_cache:
	L1I_total_cache_accesses = 0
	L1I_total_cache_misses = 0
	L1I_total_cache_pending_hits = 0
	L1I_total_cache_reservation_fails = 0
L1D_cache:
	L1D_cache_core[0]: Access = 74016, Miss = 49344, Miss_rate = 0.667, Pending_hits = 0, Reservation_fails = 8131
	L1D_cache_core[1]: Access = 73584, Miss = 49056, Miss_rate = 0.667, Pending_hits = 0, Reservation_fails = 8842
	L1D_cache_core[2]: Access = 73776, Miss = 49184, Miss_rate = 0.667, Pending_hits = 0, Reservation_fails = 6641
	L1D_cache_core[3]: Access = 73872, Miss = 49248, Miss_rate = 0.667, Pending_hits = 0, Reservation_fails = 6986
	L1D_cache_core[4]: Access = 74064, Miss = 49376, Miss_rate = 0.667, Pending_hits = 0, Reservation_fails = 6602
	L1D_cache_core[5]: Access = 73392, Miss = 48928, Miss_rate = 0.667, Pending_hits = 0, Reservation_fails = 7399
	L1D_cache_core[6]: Access = 74400, Miss = 49600, Miss_rate = 0.667, Pending_hits = 0, Reservation_fails = 6225
	L1D_cache_core[7]: Access = 73824, Miss = 49216, Miss_rate = 0.667, Pending_hits = 0, Reservation_fails = 8120
	L1D_cache_core[8]: Access = 73104, Miss = 48736, Miss_rate = 0.667, Pending_hits = 0, Reservation_fails = 8421
	L1D_cache_core[9]: Access = 73344, Miss = 48896, Miss_rate = 0.667, Pending_hits = 0, Reservation_fails = 8136
	L1D_cache_core[10]: Access = 73584, Miss = 49056, Miss_rate = 0.667, Pending_hits = 0, Reservation_fails = 8274
	L1D_cache_core[11]: Access = 73776, Miss = 49184, Miss_rate = 0.667, Pending_hits = 0, Reservation_fails = 7467
	L1D_cache_core[12]: Access = 73632, Miss = 49088, Miss_rate = 0.667, Pending_hits = 0, Reservation_fails = 8251
	L1D_cache_core[13]: Access = 73968, Miss = 49312, Miss_rate = 0.667, Pending_hits = 0, Reservation_fails = 7400
	L1D_cache_core[14]: Access = 73440, Miss = 48960, Miss_rate = 0.667, Pending_hits = 0, Reservation_fails = 8030
	L1D_cache_core[15]: Access = 73872, Miss = 49248, Miss_rate = 0.667, Pending_hits = 0, Reservation_fails = 6715
	L1D_total_cache_accesses = 1179648
	L1D_total_cache_misses = 786432
	L1D_total_cache_miss_rate = 0.6667
	L1D_total_cache_pending_hits = 0
	L1D_total_cache_reservation_fails = 121640
	L1D_cache_data_port_util = 0.145
	L1D_cache_fill_port_util = 0.145
L1C_cache:
	L1C_total_cache_accesses = 0
	L1C_total_cache_misses = 0
	L1C_total_cache_pending_hits = 0
	L1C_total_cache_reservation_fails = 0
L1T_cache:
	L1T_total_cache_accesses = 0
	L1T_total_cache_misses = 0
	L1T_total_cache_pending_hits = 0
	L1T_total_cache_reservation_fails = 0

Total_core_cache_stats:
	Total_core_cache_stats_breakdown[GLOBAL_ACC_R][HIT] = 131072
	Total_core_cache_stats_breakdown[GLOBAL_ACC_R][HIT_RESERVED] = 0
	Total_core_cache_stats_breakdown[GLOBAL_ACC_R][MISS] = 32768
	Total_core_cache_stats_breakdown[GLOBAL_ACC_R][RESERVATION_FAIL] = 29340
	Total_core_cache_stats_breakdown[GLOBAL_ACC_R][SECTOR_MISS] = 98304
	Total_core_cache_stats_breakdown[GLOBAL_ACC_R][MSHR_HIT] = 0
	Total_core_cache_stats_breakdown[LOCAL_ACC_R][HIT] = 0
	Total_core_cache_stats_breakdown[LOCAL_ACC_R][HIT_RESERVED] = 0
	Total_core_cache_stats_breakdown[LOCAL_ACC_R][MISS] = 0
	Total_core_cache_stats_breakdown[LOCAL_ACC_R][RESERVATION_FAIL] = 0
	Total_core_cache_stats_breakdown[LOCAL_ACC_R][SECTOR_MISS] = 0
	Total_core_cache_stats_breakdown[LOCAL_ACC_R][MSHR_HIT] = 0
	Total_core_cache_stats_breakdown[CONST_ACC_R][HIT] = 0
	Total_core_cache_stats_breakdown[CONST_ACC_R][HIT_RESERVED] = 0
	Total_core_cache_stats_breakdown[CONST_ACC_R][MISS] = 0
	Total_core_cache_stats_breakdown[CONST_ACC_R][RESERVATION_FAIL] = 0
	Total_core_cache_stats_breakdown[CONST_ACC_R][SECTOR_MISS] = 0
	Total_core_cache_stats_breakdown[CONST_ACC_R][MSHR_HIT] = 0
	Total_core_cache_stats_breakdown[TEXTURE_ACC_R][HIT] = 0
	Total_core_cache_stats_breakdown[TEXTURE_ACC_R][HIT_RESERVED] = 0
	Total_core_cache_stats_breakdown[TEXTURE_ACC_R][MISS] = 0
	Total_core_cache_stats_breakdown[TEXTURE_ACC_R][RESERVATION_FAIL] = 0
	Total_core_cache_stats_breakdown[TEXTURE_ACC_R][SECTOR_MISS] = 0
	Total_core_cache_stats_breakdown[TEXTURE_ACC_R][MSHR_HIT] = 0
	Total_core_cache_stats_breakdown[GLOBAL_ACC_W][HIT] = 0
	Total_core_cache_stats_breakdown[GLOBAL_ACC_W][HIT_RESERVED] = 0
	Total_core_cache_stats_breakdown[GLOBAL_ACC_W][MISS] = 32768
	Total_core_cache_stats_breakdown[GLOBAL_ACC_W][RESERVATION_FAIL] = 1849
	Total_core_cache_stats_breakdown[GLOBAL_ACC_W][SECTOR_MISS] = 98304
	Total_core_cache_stats_breakdown[GLOBAL_ACC_W][MSHR_HIT] = 0
	Total_core_cache_stats_breakdown[LOCAL_ACC_W][HIT] = 0
	Total_core_cache_stats_breakdown[LOCAL_ACC_W][HIT_RESERVED] = 0
	Total_core_cache_stats_breakdown[LOCAL_ACC_W][MISS] = 0
	Total_core_cache_stats_breakdown[LOCAL_ACC_W][RESERVATION_FAIL] = 0
	Total_core_cache_stats_breakdown[LOCAL_ACC_W][SECTOR_MISS] = 0
	Total_core_cache_stats_breakdown[LOCAL_ACC_W][MSHR_HIT] = 0
	Total_core_cache_stats_breakdown[L1_WRBK_ACC][HIT] = 0
	Total_core_cache_stats_breakdown[L1_WRBK_ACC][HIT_RESERVED] = 0
	Total_core_cache_stats_breakdown[L1_WRBK_ACC][MISS] = 0
	Total_core_cache_stats_breakdown[L1_WRBK_ACC][RESERVATION_FAIL] = 0
	Total_core_cache_stats_breakdown[L1_WRBK_ACC][SECTOR_MISS] = 0
	Total_core_cache_stats_breakdown[L1_WRBK_ACC][MSHR_HIT] = 0
	Total_core_cache_stats_breakdown[L2_WRBK_ACC][HIT] = 0
	Total_core_cache_stats_breakdown[L2_WRBK_ACC][HIT_RESERVED] = 0
	Total_core_cache_stats_breakdown[L2_WRBK_ACC][MISS] = 0
	Total_core_cache_stats_breakdown[L2_WRBK_ACC][RESERVATION_FAIL] = 0
	Total_core_cache_stats_breakdown[L2_WRBK_ACC][SECTOR_MISS] = 0
	Total_core_cache_stats_breakdown[L2_WRBK_ACC][MSHR_HIT] = 0
	Total_core_cache_stats_breakdown[INST_ACC_R][HIT] = 0
	Total_core_cache_stats_breakdown[INST_ACC_R][HIT_RESERVED] = 0
	Total_core_cache_stats_breakdown[INST_ACC_R][MISS] = 0
	Total_core_cache_stats_breakdown[INST_ACC_R][RESERVATION_FAIL] = 0
	Total_core_cache_stats_breakdown[INST_ACC_R][SECTOR_MISS] = 0
	Total_core_cache_stats_breakdown[INST_ACC_R][MSHR_HIT] = 0
	Total_core_cache_stats_breakdown[L1_WR_ALLOC_R][HIT] = 0
	Total_core_cache_stats_breakdown[L1_WR_ALLOC_R][HIT_RESERVED] = 0
	Total_core_cache_stats_breakdown[L1_WR_ALLOC_R][MISS] = 0
	Total_core_cache_stats_breakdown[L1_WR_ALLOC_R][RESERVATION_FAIL] = 0
	Total_core_cache_stats_breakdown[L1_WR_ALLOC_R][SECTOR_MISS] = 0
	Total_core_cache_stats_breakdown[L1_WR_ALLOC_R][MSHR_HIT] = 0
	Total_core_cache_stats_breakdown[L2_WR_ALLOC_R][HIT] = 0
	Total_core_cache_stats_breakdown[L2_WR_ALLOC_R][HIT_RESERVED] = 0
	Total_core_cache_stats_breakdown[L2_WR_ALLOC_R][MISS] = 0
	Total_core_cache_stats_breakdown[L2_WR_ALLOC_R][RESERVATION_FAIL] = 0
	Total_core_cache_stats_breakdown[L2_WR_ALLOC_R][SECTOR_MISS] = 0
	Total_core_cache_stats_breakdown[L2_WR_ALLOC_R][MSHR_HIT] = 0
	Total_core_cache_stats_breakdown[GLOBAL_ACC_R][TOTAL_ACCESS] = 262144
	Total_core_cache_stats_breakdown[GLOBAL_ACC_W][TOTAL_ACCESS] = 131072

Total_core_cache_fail_stats:
	Total_core_cache_fail_stats_breakdown[GLOBAL_ACC_R][MISS_QUEUE_FULL] = 29340
	Total_core_cache_fail_stats_breakdown[GLOBAL_ACC_W][MISS_QUEUE_FULL] = 1849
ctas_completed 24576, Shader 0 warp_id issue ditsribution:
warp_id:
0, 1, 2, 3, 4, 5, 6, 7, 8, 9, 10, 11, 12, 13, 14, 15, 16, 17, 18, 19, 20, 21, 22, 23, 24, 25, 26, 27, 28, 29, 30, 31, 32, 33, 34, 35, 36, 37, 38, 39, 40, 41, 42, 43, 44, 45, 46, 47, 
distro:
4290, 4290, 4290, 4290, 4290, 4290, 4290, 4290, 4290, 4290, 4290, 4290, 4224, 4224, 4224, 4224, 4323, 4323, 4323, 4323, 4191, 4191, 4191, 4191, 4257, 4257, 4257, 4257, 4224, 4224, 4224, 4224, 4158, 4158, 4158, 4158, 4158, 4158, 4158, 4158, 4290, 4290, 4290, 4290, 4191, 4191, 4191, 4191, 
gpgpu_n_tot_thrd_icount = 103809024
gpgpu_n_tot_w_icount = 3244032
gpgpu_n_stall_shd_mem = 2207
gpgpu_n_mem_read_local = 0
gpgpu_n_mem_write_local = 0
gpgpu_n_mem_read_global = 393216
gpgpu_n_mem_write_global = 393216
gpgpu_n_mem_texture = 0
gpgpu_n_mem_const = 0
gpgpu_n_load_insn  = 6291456
gpgpu_n_store_insn = 3145728
gpgpu_n_shmem_insn = 0
gpgpu_n_sstarr_insn = 0
gpgpu_n_tex_insn = 0
gpgpu_n_const_mem_insn = 0
gpgpu_n_param_mem_insn = 12582912
gpgpu_n_shmem_bkconflict = 0
gpgpu_n_l1cache_bkconflict = 2207
gpgpu_n_intrawarp_mshr_merge = 0
gpgpu_n_cmem_portconflict = 0
gpgpu_stall_shd_mem[c_mem][resource_stall] = 0
gpgpu_stall_shd_mem[s_mem][bk_conf] = 0
gpgpu_stall_shd_mem[gl_mem][resource_stall] = 2207
gpgpu_stall_shd_mem[gl_mem][coal_stall] = 0
gpgpu_stall_shd_mem[gl_mem][data_port_stall] = 0
gpu_reg_bank_conflict_stalls = 0
Warp Occupancy Distribution:
Stall:667505	W0_Idle:65116	W0_Scoreboard:6891847	W1:0	W2:0	W3:0	W4:0	W5:0	W6:0	W7:0	W8:0	W9:0	W10:0	W11:0	W12:0	W13:0	W14:0	W15:0	W16:0	W17:0	W18:0	W19:0	W20:0	W21:0	W22:0	W23:0	W24:0	W25:0	W26:0	W27:0	W28:0	W29:0	W30:0	W31:0	W32:3244032
single_issue_nums: WS0:811008	WS1:811008	WS2:811008	WS3:811008	
dual_issue_nums: WS0:0	WS1:0	WS2:0	WS3:0	
traffic_breakdown_coretomem[GLOBAL_ACC_R] = 3145728 {8:393216,}
traffic_breakdown_coretomem[GLOBAL_ACC_W] = 15728640 {40:393216,}
traffic_breakdown_memtocore[GLOBAL_ACC_R] = 15728640 {40:393216,}
traffic_breakdown_memtocore[GLOBAL_ACC_W] = 3145728 {8:393216,}
maxmflatency = 1975 
max_icnt2mem_latency = 225 
maxmrqlatency = 1602 
max_icnt2sh_latency = 149 
averagemflatency = 496 
avg_icnt2mem_latency = 50 
avg_mrq_latency = 192 
avg_icnt2sh_latency = 4 
mrq_lat_table:45126 	4604 	11846 	19134 	24420 	39852 	63105 	128187 	101757 	30869 	311 	0 	0 	0 	0 	0 	0 	0 	0 	0 	0 	0 	0 	0 	0 	0 	0 	0 	0 	0 	0 	0 	
dq_lat_table:0 	0 	0 	0 	0 	0 	0 	0 	0 	0 	0 	0 	0 	0 	0 	0 	0 	0 	0 	0 	0 	0 	0 	0 	0 	0 	0 	0 	0 	0 	0 	0 	
mf_lat_table:0 	0 	0 	0 	0 	0 	0 	368019 	32183 	352686 	33544 	0 	0 	0 	0 	0 	0 	0 	0 	0 	0 	0 	0 	0 	0 	0 	0 	0 	0 	0 	0 	0 	
icnt2mem_lat_table:0 	0 	0 	0 	0 	738628 	42177 	5627 	0 	0 	0 	0 	0 	0 	0 	0 	0 	0 	0 	0 	0 	0 	0 	0 	
icnt2sh_lat_table:0 	608140 	103765 	43517 	20528 	8594 	1867 	21 	0 	0 	0 	0 	0 	0 	0 	0 	0 	0 	0 	0 	0 	0 	0 	0 	
mf_lat_pw_table:0 	0 	0 	0 	0 	0 	0 	3 	195 	139 	2 	0 	0 	0 	0 	0 	0 	0 	0 	0 	0 	0 	0 	0 	0 	0 	0 	0 	0 	0 	0 	0 	
maximum concurrent accesses to same row:
dram[0]:        64        64        64        64        64        64        64        64        64        64        64        64        64        64        64        64 
dram[1]:        64        64        64        64        64        64        64        64        64        64        64        64        64        64        64        64 
dram[2]:        64        64        64        64        64        64        64        64        64        64        64        64        64        64        64        64 
dram[3]:        64        64        64        64        64        64        64        64        64        64        64        64        64        64        64        64 
dram[4]:        64        64        64        64        64        64        64        64        64        64        64        64        64        64        64        64 
dram[5]:        64        64        64        64        64        64        64        64        64        64        64        64        64        64        64        64 
dram[6]:        64        64        64        64        64        64        64        64        64        64        64        64        64        64        64        64 
dram[7]:        64        64        64        64        64        64        64        64        64        64        64        64        64        64        64        64 
dram[8]:        64        64        64        64        64        64        64        64        64        64        64        64        64        64        64        64 
dram[9]:        64        64        64        64        64        64        64        64        64        64        64        64        64        64        64        64 
dram[10]:        64        64        64        64        64        64        64        64        64        64        64        64        64        64        64        64 
dram[11]:        64        64        64        64        64        64        64        64        64        64        64        64        64        64        64        64 
dram[12]:        64        64        64        64        64        64        64        64        64        64        64        64        64        64        64        64 
dram[13]:        64        64        64        64        64        64        64        64        64        64        64        64        64        64        64        64 
dram[14]:        64        64        64        64        64        64        64        64        64        64        64        64        64        64        64        64 
dram[15]:        64        64        64        64        64        64        64        64        64        64        64        64        64        64        64        64 
maximum service time to same row:
dram[0]:     11484     11473     12030     12034      7180      7201      7432      7436      8527      8523      9330      9334      9704      9670     10725     10734 
dram[1]:     11477     11482     12025     12021      7226      7209      7428      7441      8537      8541      9339      9343      9659      9688     10727     10738 
dram[2]:     11423     11432     12034     12027      7162      7181      7436      7439      8550      8563      9333      9339      9776      9779     10690     10697 
dram[3]:     11436     11426     12043     12036      7154      7158      7427      7431      8559      8563      9326      9352      9768      9772     10701     10681 
dram[4]:     11466     11464     12076     12072      7144      7166      7458      7471      8543      8570      9376      9373      9707      9711     10747     10751 
dram[5]:     11455     11458     12060     12064      7172      7159      7467      7462      8533      8563      9365      9369      9711      9697     10721     10736 
dram[6]:     11448     11452     12093     12085      7198      7196      7438      7449      8500      8491      9326      9328      9697      9703     10705     10715 
dram[7]:     11438     11442     12095     12090      7207      7193      7442      7445      8501      8498      9326      9323      9700      9694     10721     10719 
dram[8]:     11449     11436     12075     12085      7083      7102      7422      7434      8488      8491      9401      9416      9664      9659     10790     10784 
dram[9]:     11445     11440     12079     12086      7129      7106      7430      7426      8502      8507      9404      9409      9656      9668     10780     10788 
dram[10]:     11452     11468     12040     12047      7194      7198      7414      7410      8505      8515      9347      9339      9740      9737     10682     10695 
dram[11]:     11453     11448     12036     12043      7192      7202      7418      7422      8510      8518      9343      9352      9739      9736     10688     10691 
dram[12]:     11457     11462     12047     12042      7142      7155      7440      7428      8537      8530      9311      9316      9668      9673     10725     10720 
dram[13]:     11465     11469     12056     12069      7150      7166      7432      7436      8543      8546      9307      9320      9660      9664     10730     10716 
dram[14]:     11439     11443     12059     12055      7205      7214      7422      7434      8413      8420      9290      9286      9749      9776     10702     10712 
dram[15]:     11447     11435     12047     12051      7206      7189      7426      7430      8416      8424      9282      9294      9760      9755     10708     10717 
average row accesses per activate:
dram[0]: 36.571430 36.571430 22.400000 22.123457 39.913044 41.818180 25.081081 25.777779 41.272728 41.272728 24.103895 23.200001 42.181820 42.159092 24.746666 25.424658 
dram[1]: 38.127659 38.127659 22.400000 22.123457 39.913044 39.913044 22.913580 22.361446 41.272728 41.272728 24.103895 24.421053 40.326088 40.260868 25.081081 23.794872 
dram[2]: 38.127659 38.127659 20.597702 21.333334 41.818180 41.818180 22.361446 22.913580 41.454544 41.454544 24.421053 24.421053 42.181820 42.181820 23.493671 23.794872 
dram[3]: 36.571430 36.571430 20.134832 20.837210 41.818180 41.818180 23.493671 23.794872 41.545456 41.454544 24.746666 23.493671 42.022728 42.000000 24.746666 24.421053 
dram[4]: 36.571430 36.571430 21.853659 21.590361 39.913044 39.913044 22.634146 22.095238 41.363636 41.363636 25.424658 24.103895 42.113636 42.159092 24.421053 23.794872 
dram[5]: 35.137257 36.571430 21.333334 21.853659 39.913044 39.913044 22.095238 22.095238 39.565216 39.565216 24.421053 24.103895 40.347828 42.181820 24.103895 24.103895 
dram[6]: 38.127659 38.127659 21.853659 22.400000 39.826088 39.913044 23.200001 23.493671 41.363636 41.272728 23.200001 22.361446 40.282608 40.304348 23.794872 23.200001 
dram[7]: 38.127659 38.127659 23.272728 23.893333 39.913044 39.826088 22.095238 22.095238 39.565216 41.363636 21.581396 22.095238 42.181820 42.181820 25.081081 24.421053 
dram[8]: 38.127659 38.127659 22.123457 21.590361 41.727272 41.727272 24.421053 24.746666 41.272728 41.363636 22.095238 21.835295 42.181820 42.181820 24.421053 24.421053 
dram[9]: 38.127659 38.127659 22.123457 21.590361 41.636364 41.636364 23.493671 23.493671 41.272728 41.363636 25.777779 26.140844 40.347828 40.347828 22.913580 22.913580 
dram[10]: 38.127659 38.127659 21.082354 21.853659 41.636364 41.636364 24.103895 24.103895 39.565216 41.545456 23.794872 24.746666 42.022728 42.045456 23.493671 22.913580 
dram[11]: 38.127659 36.571430 21.590361 22.123457 41.727272 41.636364 22.361446 22.634146 41.454544 41.454544 25.081081 24.421053 42.181820 42.181820 23.493671 22.913580 
dram[12]: 38.127659 38.127659 22.683544 23.578947 41.636364 41.636364 24.103895 24.103895 41.545456 41.363636 25.424658 23.493671 42.181820 40.347828 24.421053 23.794872 
dram[13]: 38.127659 38.127659 19.911112 21.082354 41.636364 41.636364 23.794872 23.493671 41.545456 41.545456 23.493671 22.634146 41.977272 42.136364 23.794872 24.421053 
dram[14]: 38.127659 38.127659 22.974360 23.272728 41.636364 41.636364 23.493671 24.421053 41.545456 41.545456 25.777779 25.424658 42.181820 42.181820 22.913580 22.634146 
dram[15]: 38.127659 38.127659 22.123457 21.853659 41.636364 41.636364 23.200001 23.200001 41.454544 41.545456 26.140844 25.424658 40.304348 40.326088 21.333334 21.333334 
average row locality = 469211/15936 = 29.443460
number of total memory accesses made:
dram[0]:         0         0         0         0         0         0         0         0         0         0         0         0         0         0         0         0 
dram[1]:         0         0         0         0         0         0         0         0         0         0         0         0         0         0         0         0 
dram[2]:         0         0         0         0         0         0         0         0         0         0         0         0         0         0         0         0 
dram[3]:         0         0         0         0         0         0         0         0         0         0         0         0         0         0         0         0 
dram[4]:         0         0         0         0         0         0         0         0         0         0         0         0         0         0         0         0 
dram[5]:         0         0         0         0         0         0         0         0         0         0         0         0         0         0         0         0 
dram[6]:         0         0         0         0         0         0         0         0         0         0         0         0         0         0         0         0 
dram[7]:         0         0         0         0         0         0         0         0         0         0         0         0         0         0         0         0 
dram[8]:         0         0         0         0         0         0         0         0         0         0         0         0         0         0         0         0 
dram[9]:         0         0         0         0         0         0         0         0         0         0         0         0         0         0         0         0 
dram[10]:         0         0         0         0         0         0         0         0         0         0         0         0         0         0         0         0 
dram[11]:         0         0         0         0         0         0         0         0         0         0         0         0         0         0         0         0 
dram[12]:         0         0         0         0         0         0         0         0         0         0         0         0         0         0         0         0 
dram[13]:         0         0         0         0         0         0         0         0         0         0         0         0         0         0         0         0 
dram[14]:         0         0         0         0         0         0         0         0         0         0         0         0         0         0         0         0 
dram[15]:         0         0         0         0         0         0         0         0         0         0         0         0         0         0         0         0 
total accesses: 0
min_bank_accesses = 0!
min_chip_accesses = 0!
number of total read accesses:
dram[0]:      1472      1472      1472      1472      1516      1520      1536      1536      1496      1496      1536      1536      1536      1536      1536      1536 
dram[1]:      1472      1472      1472      1472      1516      1516      1536      1536      1496      1496      1536      1536      1536      1536      1536      1536 
dram[2]:      1472      1472      1472      1472      1520      1520      1536      1536      1504      1504      1536      1536      1536      1536      1536      1536 
dram[3]:      1472      1472      1472      1472      1520      1520      1536      1536      1508      1504      1536      1536      1536      1536      1536      1536 
dram[4]:      1472      1472      1472      1472      1516      1516      1536      1536      1500      1500      1536      1536      1536      1536      1536      1536 
dram[5]:      1472      1472      1472      1472      1516      1516      1536      1536      1500      1500      1536      1536      1536      1536      1536      1536 
dram[6]:      1472      1472      1472      1472      1512      1516      1536      1536      1500      1496      1536      1536      1536      1536      1536      1536 
dram[7]:      1472      1472      1472      1472      1516      1512      1536      1536      1500      1500      1536      1536      1536      1536      1536      1536 
dram[8]:      1472      1472      1472      1472      1516      1516      1536      1536      1496      1500      1536      1536      1536      1536      1536      1536 
dram[9]:      1472      1472      1472      1472      1512      1512      1536      1536      1496      1500      1536      1536      1536      1536      1536      1536 
dram[10]:      1472      1472      1472      1472      1512      1512      1536      1536      1500      1508      1536      1536      1536      1536      1536      1536 
dram[11]:      1472      1472      1472      1472      1516      1512      1536      1536      1504      1504      1536      1536      1536      1536      1536      1536 
dram[12]:      1472      1472      1472      1472      1512      1512      1536      1536      1508      1500      1536      1536      1536      1536      1536      1536 
dram[13]:      1472      1472      1472      1472      1512      1512      1536      1536      1508      1508      1536      1536      1536      1536      1536      1536 
dram[14]:      1472      1472      1472      1472      1512      1512      1536      1536      1508      1508      1536      1536      1536      1536      1536      1536 
dram[15]:      1472      1472      1472      1472      1512      1512      1536      1536      1504      1508      1536      1536      1536      1536      1536      1536 
total dram reads = 387348
bank skew: 1536/1472 = 1.04
chip skew: 24228/24196 = 1.00
number of total write accesses:
dram[0]:      1280      1280      1280      1280      1280      1280      1280      1280      1280      1280      1280      1280      1280      1280      1280      1280 
dram[1]:      1280      1280      1280      1280      1280      1280      1280      1280      1280      1280      1280      1280      1276      1268      1280      1280 
dram[2]:      1280      1280      1280      1280      1280      1280      1280      1280      1280      1280      1280      1280      1280      1280      1280      1280 
dram[3]:      1280      1280      1280      1280      1280      1280      1280      1280      1280      1280      1280      1280      1256      1252      1280      1280 
dram[4]:      1280      1280      1280      1280      1280      1280      1280      1280      1280      1280      1280      1280      1268      1276      1280      1280 
dram[5]:      1280      1280      1280      1280      1280      1280      1280      1280      1280      1280      1280      1280      1280      1280      1280      1280 
dram[6]:      1280      1280      1280      1280      1280      1280      1280      1280      1280      1280      1280      1280      1268      1272      1280      1280 
dram[7]:      1280      1280      1280      1280      1280      1280      1280      1280      1280      1280      1280      1280      1280      1280      1280      1280 
dram[8]:      1280      1280      1280      1280      1280      1280      1280      1280      1280      1280      1280      1280      1280      1280      1280      1280 
dram[9]:      1280      1280      1280      1280      1280      1280      1280      1280      1280      1280      1280      1280      1280      1280      1280      1280 
dram[10]:      1280      1280      1280      1280      1280      1280      1280      1280      1280      1280      1280      1280      1256      1260      1280      1280 
dram[11]:      1280      1280      1280      1280      1280      1280      1280      1280      1280      1280      1280      1280      1280      1280      1280      1280 
dram[12]:      1280      1280      1280      1280      1280      1280      1280      1280      1280      1280      1280      1280      1280      1280      1280      1280 
dram[13]:      1280      1280      1280      1280      1280      1280      1280      1280      1280      1280      1280      1280      1244      1272      1280      1280 
dram[14]:      1280      1280      1280      1280      1280      1280      1280      1280      1280      1280      1280      1280      1280      1280      1280      1280 
dram[15]:      1280      1280      1280      1280      1280      1280      1280      1280      1280      1280      1280      1280      1276      1280      1280      1280 
total dram writes = 327484
bank skew: 1280/1244 = 1.03
chip skew: 20480/20428 = 1.00
average mf latency per bank:
dram[0]:        543       550       569       577       542       553       553       543       538       543       557       554       538       544       558       561
dram[1]:        544       550       540       546       531       534       525       533       546       553       554       556       552       558       578       570
dram[2]:        537       544       560       561       548       556       546       542       544       552       539       549       539       543       553       560
dram[3]:        542       550       535       545       537       543       526       536       541       546       562       565       550       557       553       569
dram[4]:        533       543       558       556       531       538       544       545       536       541       548       555       558       563       567       567
dram[5]:        527       535       559       552       542       551       539       534       530       537       536       547       537       542       554       559
dram[6]:        524       530       547       553       543       548       525       536       527       535       532       545       526       532       531       544
dram[7]:        536       546       531       549       537       540       524       528       550       553       566       569       555       561       578       569
dram[8]:        539       546       562       556       538       542       529       524       523       525       542       545       544       552       565       577
dram[9]:        540       549       567       562       550       559       551       541       534       541       537       540       525       527       549       553
dram[10]:        527       531       567       578       539       545       524       524       529       535       527       537       539       543       540       544
dram[11]:        551       559       543       551       530       533       520       518       537       542       548       549       541       547       559       553
dram[12]:        532       540       556       558       533       538       518       518       516       519       550       551       539       545       558       560
dram[13]:        535       539       564       575       556       562       552       540       530       534       545       532       530       534       564       559
dram[14]:        539       547       543       548       542       550       529       544       547       552       564       554       538       541       575       568
dram[15]:        541       548       560       554       559       563       540       543       524       529       545       549       543       549       552       553
maximum mf latency per bank:
dram[0]:       1491      1506      1703      1713      1211      1218      1438      1666      1312      1301      1430      1443      1343      1344      1597      1596
dram[1]:       1455      1448      1665      1663      1171      1175      1347      1397      1151      1134      1307      1305      1350      1352      1524      1411
dram[2]:       1434      1463      1635      1676      1203      1203      1346      1334      1161      1154      1255      1518      1294      1294      1255      1272
dram[3]:       1429      1456      1623      1665      1198      1192      1357      1422      1306      1306      1389      1414      1362      1363      1267      1329
dram[4]:       1410      1430      1591      1619      1374      1379      1454      1966      1357      1348      1321      1351      1448      1453      1451      1488
dram[5]:       1533      1551      1717      1738      1245      1259      1318      1332      1308      1328      1367      1353      1333      1335      1460      1369
dram[6]:       1469      1479      1660      1672      1404      1406      1381      1468      1289      1318      1369      1389      1246      1254      1217      1737
dram[7]:       1496      1486      1682      1695      1222      1228      1234      1279      1335      1340      1527      1661      1392      1505      1568      1432
dram[8]:       1478      1487      1667      1682      1335      1337      1313      1311      1233      1237      1403      1448      1345      1345      1306      1376
dram[9]:       1463      1554      1672      1705      1292      1293      1246      1327      1239      1242      1270      1273      1175      1181      1344      1297
dram[10]:       1459      1487      1649      1674      1183      1181      1228      1226      1257      1257      1586      1330      1302      1347      1353      1327
dram[11]:       1411      1443      1620      1632      1182      1184      1388      1390      1317      1323      1265      1323      1289      1285      1489      1346
dram[12]:       1550      1577      1735      1756      1265      1271      1302      1253      1290      1295      1351      1387      1485      1480      1231      1214
dram[13]:       1539      1498      1715      1701      1256      1259      1566      1270      1181      1178      1472      1495      1409      1453      1488      1470
dram[14]:       1381      1365      1563      1571      1282      1301      1975      1354      1242      1241      1431      1470      1446      1448      1400      1415
dram[15]:       1434      1437      1595      1646      1277      1279      1275      1320      1184      1186      1360      1316      1449      1452      1293      1307
Memory Partition 0: 
Cache L2_bank_000:
MSHR contents

Cache L2_bank_001:
MSHR contents

In Dram Latency Queue (total = 0): 
DRAM[0]: 16 bks, busW=2 BL=16 CL=24, tRRD=12 tCCD=4, tRCD=24 tRAS=55 tRP=24 tRC=78
n_cmd=228645 n_nop=182076 n_act=976 n_pre=960 n_ref_event=0 n_req=29324 n_rd=24204 n_rd_L2_A=0 n_write=0 n_wr_bk=20472 bw_util=0.7816
n_activity=196727 dram_eff=0.9084
bk0: 1472a 181365i bk1: 1472a 180386i bk2: 1472a 180964i bk3: 1472a 180332i bk4: 1516a 179383i bk5: 1520a 177781i bk6: 1536a 178002i bk7: 1536a 176864i bk8: 1496a 180108i bk9: 1496a 179202i bk10: 1536a 176907i bk11: 1536a 177834i bk12: 1536a 181556i bk13: 1536a 180318i bk14: 1536a 178456i bk15: 1536a 176972i 

------------------------------------------------------------------------

Row_Buffer_Locality = 0.966716
Row_Buffer_Locality_read = 0.980747
Row_Buffer_Locality_write = 0.900371
Bank_Level_Parallism = 4.268576
Bank_Level_Parallism_Col = 4.125131
Bank_Level_Parallism_Ready = 1.682894
write_to_read_ratio_blp_rw_average = 0.530728
GrpLevelPara = 3.038361 

BW Util details:
bwutil = 0.781578 
total_CMD = 228645 
util_bw = 178701 
Wasted_Col = 12960 
Wasted_Row = 1446 
Idle = 35538 

BW Util Bottlenecks: 
RCDc_limit = 2780 
RCDWRc_limit = 809 
WTRc_limit = 9729 
RTWc_limit = 14485 
CCDLc_limit = 7639 
rwq = 0 
CCDLc_limit_alone = 5802 
WTRc_limit_alone = 9082 
RTWc_limit_alone = 13295 

Commands details: 
total_CMD = 228645 
n_nop = 182076 
Read = 24204 
Write = 0 
L2_Alloc = 0 
L2_WB = 20472 
n_act = 976 
n_pre = 960 
n_ref = 0 
n_req = 29324 
total_req = 44676 

Dual Bus Interface Util: 
issued_total_row = 1936 
issued_total_col = 44676 
Row_Bus_Util =  0.008467 
CoL_Bus_Util = 0.195395 
Either_Row_CoL_Bus_Util = 0.203674 
Issued_on_Two_Bus_Simul_Util = 0.000188 
issued_two_Eff = 0.000923 
queue_avg = 31.418400 


dram_util_bins: 0 0 0 0 0 0 0 0 0 0
dram_eff_bins: 0 0 0 0 0 0 0 0 0 0
mrqq: max=64 avg=31.4184
Memory Partition 1: 
Cache L2_bank_002:
MSHR contents

Cache L2_bank_003:
MSHR contents

In Dram Latency Queue (total = 4): 
Ready @ 185780 -   mf: uid=2934892, sid4294967295:w4294967295, part=1, addr=0xc05e5b80, store, size=128, L2_WRBK  status = IN_PARTITION_DRAM_LATENCY_QUEUE (185526), 
Ready @ 185787 -   mf: uid=2934896, sid4294967295:w4294967295, part=1, addr=0xc05e6900, store, size=128, L2_WRBK  status = IN_PARTITION_DRAM_LATENCY_QUEUE (185533), 
Ready @ 185800 -   mf: uid=2934906, sid4294967295:w4294967295, part=1, addr=0xc05e6980, store, size=128, L2_WRBK  status = IN_PARTITION_DRAM_LATENCY_QUEUE (185546), 
Ready @ 185820 -   mf: uid=2934912, sid4294967295:w4294967295, part=1, addr=0xc05e7980, store, size=128, L2_WRBK  status = IN_PARTITION_DRAM_LATENCY_QUEUE (185566), 
DRAM[1]: 16 bks, busW=2 BL=16 CL=24, tRRD=12 tCCD=4, tRCD=24 tRAS=55 tRP=24 tRC=78
n_cmd=228645 n_nop=182072 n_act=996 n_pre=980 n_ref_event=0 n_req=29316 n_rd=24200 n_rd_L2_A=0 n_write=0 n_wr_bk=20454 bw_util=0.7812
n_activity=196565 dram_eff=0.9087
bk0: 1472a 183340i bk1: 1472a 182287i bk2: 1472a 181780i bk3: 1472a 182008i bk4: 1516a 180530i bk5: 1516a 179835i bk6: 1536a 177498i bk7: 1536a 176013i bk8: 1496a 178961i bk9: 1496a 179528i bk10: 1536a 178534i bk11: 1536a 177946i bk12: 1536a 180173i bk13: 1536a 179375i bk14: 1536a 179068i bk15: 1536a 179295i 

------------------------------------------------------------------------

Row_Buffer_Locality = 0.966024
Row_Buffer_Locality_read = 0.980579
Row_Buffer_Locality_write = 0.897165
Bank_Level_Parallism = 4.229485
Bank_Level_Parallism_Col = 4.085815
Bank_Level_Parallism_Ready = 1.669966
write_to_read_ratio_blp_rw_average = 0.515523
GrpLevelPara = 3.018791 

BW Util details:
bwutil = 0.781194 
total_CMD = 228645 
util_bw = 178614 
Wasted_Col = 12270 
Wasted_Row = 1712 
Idle = 36049 

BW Util Bottlenecks: 
RCDc_limit = 2907 
RCDWRc_limit = 997 
WTRc_limit = 8422 
RTWc_limit = 13058 
CCDLc_limit = 5640 
rwq = 0 
CCDLc_limit_alone = 4348 
WTRc_limit_alone = 7992 
RTWc_limit_alone = 12196 

Commands details: 
total_CMD = 228645 
n_nop = 182072 
Read = 24200 
Write = 0 
L2_Alloc = 0 
L2_WB = 20454 
n_act = 996 
n_pre = 980 
n_ref = 0 
n_req = 29316 
total_req = 44654 

Dual Bus Interface Util: 
issued_total_row = 1976 
issued_total_col = 44654 
Row_Bus_Util =  0.008642 
CoL_Bus_Util = 0.195298 
Either_Row_CoL_Bus_Util = 0.203691 
Issued_on_Two_Bus_Simul_Util = 0.000249 
issued_two_Eff = 0.001224 
queue_avg = 29.985886 


dram_util_bins: 0 0 0 0 0 0 0 0 0 0
dram_eff_bins: 0 0 0 0 0 0 0 0 0 0
mrqq: max=64 avg=29.9859
Memory Partition 2: 
Cache L2_bank_004:
MSHR contents

Cache L2_bank_005:
MSHR contents

In Dram Latency Queue (total = 0): 
DRAM[2]: 16 bks, busW=2 BL=16 CL=24, tRRD=12 tCCD=4, tRCD=24 tRAS=55 tRP=24 tRC=78
n_cmd=228645 n_nop=181984 n_act=1002 n_pre=986 n_ref_event=0 n_req=29344 n_rd=24224 n_rd_L2_A=0 n_write=0 n_wr_bk=20480 bw_util=0.7821
n_activity=196866 dram_eff=0.9083
bk0: 1472a 180887i bk1: 1472a 181361i bk2: 1472a 179555i bk3: 1472a 178789i bk4: 1520a 179623i bk5: 1520a 178684i bk6: 1536a 177005i bk7: 1536a 177253i bk8: 1504a 179301i bk9: 1504a 178535i bk10: 1536a 177661i bk11: 1536a 178514i bk12: 1536a 181553i bk13: 1536a 180527i bk14: 1536a 181441i bk15: 1536a 180198i 

------------------------------------------------------------------------

Row_Buffer_Locality = 0.965853
Row_Buffer_Locality_read = 0.980391
Row_Buffer_Locality_write = 0.897070
Bank_Level_Parallism = 4.257594
Bank_Level_Parallism_Col = 4.116873
Bank_Level_Parallism_Ready = 1.698128
write_to_read_ratio_blp_rw_average = 0.528290
GrpLevelPara = 3.034845 

BW Util details:
bwutil = 0.782068 
total_CMD = 228645 
util_bw = 178816 
Wasted_Col = 12053 
Wasted_Row = 1859 
Idle = 35917 

BW Util Bottlenecks: 
RCDc_limit = 3013 
RCDWRc_limit = 980 
WTRc_limit = 7441 
RTWc_limit = 13403 
CCDLc_limit = 6258 
rwq = 0 
CCDLc_limit_alone = 4812 
WTRc_limit_alone = 6947 
RTWc_limit_alone = 12451 

Commands details: 
total_CMD = 228645 
n_nop = 181984 
Read = 24224 
Write = 0 
L2_Alloc = 0 
L2_WB = 20480 
n_act = 1002 
n_pre = 986 
n_ref = 0 
n_req = 29344 
total_req = 44704 

Dual Bus Interface Util: 
issued_total_row = 1988 
issued_total_col = 44704 
Row_Bus_Util =  0.008695 
CoL_Bus_Util = 0.195517 
Either_Row_CoL_Bus_Util = 0.204076 
Issued_on_Two_Bus_Simul_Util = 0.000136 
issued_two_Eff = 0.000664 
queue_avg = 30.807423 


dram_util_bins: 0 0 0 0 0 0 0 0 0 0
dram_eff_bins: 0 0 0 0 0 0 0 0 0 0
mrqq: max=64 avg=30.8074
Memory Partition 3: 
Cache L2_bank_006:
MSHR contents

Cache L2_bank_007:
MSHR contents

In Dram Latency Queue (total = 13): 
Ready @ 185780 -   mf: uid=2934893, sid4294967295:w4294967295, part=3, addr=0xc05e3e80, store, size=128, L2_WRBK  status = IN_PARTITION_DRAM_LATENCY_QUEUE (185526), 
Ready @ 185813 -   mf: uid=2934909, sid4294967295:w4294967295, part=3, addr=0xc05e2e00, store, size=128, L2_WRBK  status = IN_PARTITION_DRAM_LATENCY_QUEUE (185559), 
Ready @ 185820 -   mf: uid=2934913, sid4294967295:w4294967295, part=3, addr=0xc05e0c00, store, size=128, L2_WRBK  status = IN_PARTITION_DRAM_LATENCY_QUEUE (185566), 
Ready @ 185827 -   mf: uid=2934914, sid4294967295:w4294967295, part=3, addr=0xc05e2e80, store, size=128, L2_WRBK  status = IN_PARTITION_DRAM_LATENCY_QUEUE (185573), 
Ready @ 185830 -   mf: uid=2934915, sid4294967295:w4294967295, part=3, addr=0xc05e0c80, store, size=128, L2_WRBK  status = IN_PARTITION_DRAM_LATENCY_QUEUE (185576), 
Ready @ 185848 -   mf: uid=2934920, sid4294967295:w4294967295, part=3, addr=0xc05e4900, store, size=128, L2_WRBK  status = IN_PARTITION_DRAM_LATENCY_QUEUE (185594), 
Ready @ 185857 -   mf: uid=2934921, sid4294967295:w4294967295, part=3, addr=0xc05e4980, store, size=128, L2_WRBK  status = IN_PARTITION_DRAM_LATENCY_QUEUE (185603), 
Ready @ 185873 -   mf: uid=2934925, sid4294967295:w4294967295, part=3, addr=0xc05e5900, store, size=128, L2_WRBK  status = IN_PARTITION_DRAM_LATENCY_QUEUE (185619), 
Ready @ 185882 -   mf: uid=2934926, sid4294967295:w4294967295, part=3, addr=0xc05e5980, store, size=128, L2_WRBK  status = IN_PARTITION_DRAM_LATENCY_QUEUE (185628), 
Ready @ 185898 -   mf: uid=2934931, sid4294967295:w4294967295, part=3, addr=0xc05e6b00, store, size=128, L2_WRBK  status = IN_PARTITION_DRAM_LATENCY_QUEUE (185644), 
Ready @ 185908 -   mf: uid=2934934, sid4294967295:w4294967295, part=3, addr=0xc05e6b80, store, size=128, L2_WRBK  status = IN_PARTITION_DRAM_LATENCY_QUEUE (185654), 
Ready @ 185924 -   mf: uid=2934936, sid4294967295:w4294967295, part=3, addr=0xc05e7b00, store, size=128, L2_WRBK  status = IN_PARTITION_DRAM_LATENCY_QUEUE (185670), 
Ready @ 185932 -   mf: uid=2934938, sid4294967295:w4294967295, part=3, addr=0xc05e7b80, store, size=128, L2_WRBK  status = IN_PARTITION_DRAM_LATENCY_QUEUE (185678), 
DRAM[3]: 16 bks, busW=2 BL=16 CL=24, tRRD=12 tCCD=4, tRCD=24 tRAS=55 tRP=24 tRC=78
n_cmd=228645 n_nop=182067 n_act=999 n_pre=983 n_ref_event=0 n_req=29335 n_rd=24228 n_rd_L2_A=0 n_write=0 n_wr_bk=20415 bw_util=0.781
n_activity=197130 dram_eff=0.9059
bk0: 1472a 183241i bk1: 1472a 182311i bk2: 1472a 178301i bk3: 1472a 180329i bk4: 1520a 183702i bk5: 1520a 182667i bk6: 1536a 177065i bk7: 1536a 176894i bk8: 1508a 177831i bk9: 1504a 177039i bk10: 1536a 175913i bk11: 1536a 176985i bk12: 1536a 181239i bk13: 1536a 179460i bk14: 1536a 181381i bk15: 1536a 179258i 

------------------------------------------------------------------------

Row_Buffer_Locality = 0.965943
Row_Buffer_Locality_read = 0.980271
Row_Buffer_Locality_write = 0.897943
Bank_Level_Parallism = 4.236043
Bank_Level_Parallism_Col = 4.094415
Bank_Level_Parallism_Ready = 1.638276
write_to_read_ratio_blp_rw_average = 0.520777
GrpLevelPara = 3.043562 

BW Util details:
bwutil = 0.781001 
total_CMD = 228645 
util_bw = 178570 
Wasted_Col = 12798 
Wasted_Row = 1672 
Idle = 35605 

BW Util Bottlenecks: 
RCDc_limit = 2623 
RCDWRc_limit = 991 
WTRc_limit = 10142 
RTWc_limit = 13224 
CCDLc_limit = 7243 
rwq = 0 
CCDLc_limit_alone = 5701 
WTRc_limit_alone = 9540 
RTWc_limit_alone = 12284 

Commands details: 
total_CMD = 228645 
n_nop = 182067 
Read = 24228 
Write = 0 
L2_Alloc = 0 
L2_WB = 20415 
n_act = 999 
n_pre = 983 
n_ref = 0 
n_req = 29335 
total_req = 44643 

Dual Bus Interface Util: 
issued_total_row = 1982 
issued_total_col = 44643 
Row_Bus_Util =  0.008668 
CoL_Bus_Util = 0.195250 
Either_Row_CoL_Bus_Util = 0.203713 
Issued_on_Two_Bus_Simul_Util = 0.000206 
issued_two_Eff = 0.001009 
queue_avg = 30.396772 


dram_util_bins: 0 0 0 0 0 0 0 0 0 0
dram_eff_bins: 0 0 0 0 0 0 0 0 0 0
mrqq: max=64 avg=30.3968
Memory Partition 4: 
Cache L2_bank_008:
MSHR contents

Cache L2_bank_009:
MSHR contents

In Dram Latency Queue (total = 4): 
Ready @ 185777 -   mf: uid=2934889, sid4294967295:w4294967295, part=4, addr=0xc05e5e00, store, size=128, L2_WRBK  status = IN_PARTITION_DRAM_LATENCY_QUEUE (185523), 
Ready @ 185784 -   mf: uid=2934895, sid4294967295:w4294967295, part=4, addr=0xc05e7c80, store, size=128, L2_WRBK  status = IN_PARTITION_DRAM_LATENCY_QUEUE (185530), 
Ready @ 185799 -   mf: uid=2934904, sid4294967295:w4294967295, part=4, addr=0xc05e6c00, store, size=128, L2_WRBK  status = IN_PARTITION_DRAM_LATENCY_QUEUE (185545), 
Ready @ 185818 -   mf: uid=2934910, sid4294967295:w4294967295, part=4, addr=0xc05e7c00, store, size=128, L2_WRBK  status = IN_PARTITION_DRAM_LATENCY_QUEUE (185564), 
DRAM[4]: 16 bks, busW=2 BL=16 CL=24, tRRD=12 tCCD=4, tRCD=24 tRAS=55 tRP=24 tRC=78
n_cmd=228645 n_nop=182043 n_act=1001 n_pre=985 n_ref_event=0 n_req=29324 n_rd=24208 n_rd_L2_A=0 n_write=0 n_wr_bk=20460 bw_util=0.7814
n_activity=196415 dram_eff=0.9097
bk0: 1472a 183895i bk1: 1472a 182050i bk2: 1472a 181722i bk3: 1472a 178997i bk4: 1516a 180750i bk5: 1516a 179427i bk6: 1536a 176274i bk7: 1536a 175726i bk8: 1500a 178861i bk9: 1500a 177660i bk10: 1536a 178844i bk11: 1536a 176945i bk12: 1536a 179571i bk13: 1536a 178875i bk14: 1536a 179429i bk15: 1536a 179130i 

------------------------------------------------------------------------

Row_Buffer_Locality = 0.965864
Row_Buffer_Locality_read = 0.980502
Row_Buffer_Locality_write = 0.896599
Bank_Level_Parallism = 4.270016
Bank_Level_Parallism_Col = 4.125810
Bank_Level_Parallism_Ready = 1.674829
write_to_read_ratio_blp_rw_average = 0.529658
GrpLevelPara = 3.075684 

BW Util details:
bwutil = 0.781438 
total_CMD = 228645 
util_bw = 178671 
Wasted_Col = 12337 
Wasted_Row = 1640 
Idle = 35997 

BW Util Bottlenecks: 
RCDc_limit = 2732 
RCDWRc_limit = 827 
WTRc_limit = 9022 
RTWc_limit = 13566 
CCDLc_limit = 6513 
rwq = 0 
CCDLc_limit_alone = 5010 
WTRc_limit_alone = 8540 
RTWc_limit_alone = 12545 

Commands details: 
total_CMD = 228645 
n_nop = 182043 
Read = 24208 
Write = 0 
L2_Alloc = 0 
L2_WB = 20460 
n_act = 1001 
n_pre = 985 
n_ref = 0 
n_req = 29324 
total_req = 44668 

Dual Bus Interface Util: 
issued_total_row = 1986 
issued_total_col = 44668 
Row_Bus_Util =  0.008686 
CoL_Bus_Util = 0.195360 
Either_Row_CoL_Bus_Util = 0.203818 
Issued_on_Two_Bus_Simul_Util = 0.000227 
issued_two_Eff = 0.001116 
queue_avg = 31.154270 


dram_util_bins: 0 0 0 0 0 0 0 0 0 0
dram_eff_bins: 0 0 0 0 0 0 0 0 0 0
mrqq: max=64 avg=31.1543
Memory Partition 5: 
Cache L2_bank_010:
MSHR contents

Cache L2_bank_011:
MSHR contents

In Dram Latency Queue (total = 0): 
DRAM[5]: 16 bks, busW=2 BL=16 CL=24, tRRD=12 tCCD=4, tRCD=24 tRAS=55 tRP=24 tRC=78
n_cmd=228645 n_nop=181988 n_act=1015 n_pre=999 n_ref_event=0 n_req=29328 n_rd=24208 n_rd_L2_A=0 n_write=0 n_wr_bk=20480 bw_util=0.7818
n_activity=196720 dram_eff=0.9087
bk0: 1472a 181678i bk1: 1472a 181112i bk2: 1472a 178176i bk3: 1472a 179692i bk4: 1516a 182115i bk5: 1516a 181035i bk6: 1536a 177037i bk7: 1536a 175796i bk8: 1500a 180978i bk9: 1500a 179945i bk10: 1536a 179720i bk11: 1536a 178557i bk12: 1536a 182052i bk13: 1536a 180712i bk14: 1536a 180900i bk15: 1536a 180575i 

------------------------------------------------------------------------

Row_Buffer_Locality = 0.965391
Row_Buffer_Locality_read = 0.980048
Row_Buffer_Locality_write = 0.896094
Bank_Level_Parallism = 4.201825
Bank_Level_Parallism_Col = 4.053423
Bank_Level_Parallism_Ready = 1.648263
write_to_read_ratio_blp_rw_average = 0.528715
GrpLevelPara = 3.032823 

BW Util details:
bwutil = 0.781788 
total_CMD = 228645 
util_bw = 178752 
Wasted_Col = 12543 
Wasted_Row = 1620 
Idle = 35730 

BW Util Bottlenecks: 
RCDc_limit = 2939 
RCDWRc_limit = 879 
WTRc_limit = 9923 
RTWc_limit = 13381 
CCDLc_limit = 6648 
rwq = 0 
CCDLc_limit_alone = 5062 
WTRc_limit_alone = 9368 
RTWc_limit_alone = 12350 

Commands details: 
total_CMD = 228645 
n_nop = 181988 
Read = 24208 
Write = 0 
L2_Alloc = 0 
L2_WB = 20480 
n_act = 1015 
n_pre = 999 
n_ref = 0 
n_req = 29328 
total_req = 44688 

Dual Bus Interface Util: 
issued_total_row = 2014 
issued_total_col = 44688 
Row_Bus_Util =  0.008808 
CoL_Bus_Util = 0.195447 
Either_Row_CoL_Bus_Util = 0.204059 
Issued_on_Two_Bus_Simul_Util = 0.000197 
issued_two_Eff = 0.000964 
queue_avg = 30.076305 


dram_util_bins: 0 0 0 0 0 0 0 0 0 0
dram_eff_bins: 0 0 0 0 0 0 0 0 0 0
mrqq: max=64 avg=30.0763
Memory Partition 6: 
Cache L2_bank_012:
MSHR contents

Cache L2_bank_013:
MSHR contents

In Dram Latency Queue (total = 5): 
Ready @ 185781 -   mf: uid=2934894, sid4294967295:w4294967295, part=6, addr=0xc05e5c00, store, size=128, L2_WRBK  status = IN_PARTITION_DRAM_LATENCY_QUEUE (185527), 
Ready @ 185792 -   mf: uid=2934898, sid4294967295:w4294967295, part=6, addr=0xc05e6e80, store, size=128, L2_WRBK  status = IN_PARTITION_DRAM_LATENCY_QUEUE (185538), 
Ready @ 185807 -   mf: uid=2934907, sid4294967295:w4294967295, part=6, addr=0xc05e6e00, store, size=128, L2_WRBK  status = IN_PARTITION_DRAM_LATENCY_QUEUE (185553), 
Ready @ 185819 -   mf: uid=2934911, sid4294967295:w4294967295, part=6, addr=0xc05e7e80, store, size=128, L2_WRBK  status = IN_PARTITION_DRAM_LATENCY_QUEUE (185565), 
Ready @ 185833 -   mf: uid=2934916, sid4294967295:w4294967295, part=6, addr=0xc05e7e00, store, size=128, L2_WRBK  status = IN_PARTITION_DRAM_LATENCY_QUEUE (185579), 
DRAM[6]: 16 bks, busW=2 BL=16 CL=24, tRRD=12 tCCD=4, tRCD=24 tRAS=55 tRP=24 tRC=78
n_cmd=228645 n_nop=182033 n_act=1008 n_pre=992 n_ref_event=0 n_req=29315 n_rd=24200 n_rd_L2_A=0 n_write=0 n_wr_bk=20455 bw_util=0.7812
n_activity=196776 dram_eff=0.9077
bk0: 1472a 182948i bk1: 1472a 182003i bk2: 1472a 181766i bk3: 1472a 181180i bk4: 1512a 180500i bk5: 1516a 179379i bk6: 1536a 174617i bk7: 1536a 175404i bk8: 1500a 182633i bk9: 1496a 180815i bk10: 1536a 180294i bk11: 1536a 179699i bk12: 1536a 180199i bk13: 1536a 179280i bk14: 1536a 180263i bk15: 1536a 178582i 

------------------------------------------------------------------------

Row_Buffer_Locality = 0.965615
Row_Buffer_Locality_read = 0.980124
Row_Buffer_Locality_write = 0.896970
Bank_Level_Parallism = 4.213197
Bank_Level_Parallism_Col = 4.062013
Bank_Level_Parallism_Ready = 1.629853
write_to_read_ratio_blp_rw_average = 0.526378
GrpLevelPara = 3.037687 

BW Util details:
bwutil = 0.781211 
total_CMD = 228645 
util_bw = 178619 
Wasted_Col = 12520 
Wasted_Row = 1526 
Idle = 35980 

BW Util Bottlenecks: 
RCDc_limit = 2619 
RCDWRc_limit = 990 
WTRc_limit = 8863 
RTWc_limit = 14632 
CCDLc_limit = 6559 
rwq = 0 
CCDLc_limit_alone = 4906 
WTRc_limit_alone = 8333 
RTWc_limit_alone = 13509 

Commands details: 
total_CMD = 228645 
n_nop = 182033 
Read = 24200 
Write = 0 
L2_Alloc = 0 
L2_WB = 20455 
n_act = 1008 
n_pre = 992 
n_ref = 0 
n_req = 29315 
total_req = 44655 

Dual Bus Interface Util: 
issued_total_row = 2000 
issued_total_col = 44655 
Row_Bus_Util =  0.008747 
CoL_Bus_Util = 0.195303 
Either_Row_CoL_Bus_Util = 0.203862 
Issued_on_Two_Bus_Simul_Util = 0.000188 
issued_two_Eff = 0.000923 
queue_avg = 29.127079 


dram_util_bins: 0 0 0 0 0 0 0 0 0 0
dram_eff_bins: 0 0 0 0 0 0 0 0 0 0
mrqq: max=64 avg=29.1271
Memory Partition 7: 
Cache L2_bank_014:
MSHR contents

Cache L2_bank_015:
MSHR contents

In Dram Latency Queue (total = 0): 
DRAM[7]: 16 bks, busW=2 BL=16 CL=24, tRRD=12 tCCD=4, tRCD=24 tRAS=55 tRP=24 tRC=78
n_cmd=228645 n_nop=182014 n_act=1004 n_pre=988 n_ref_event=0 n_req=29324 n_rd=24204 n_rd_L2_A=0 n_write=0 n_wr_bk=20480 bw_util=0.7817
n_activity=197198 dram_eff=0.9064
bk0: 1472a 184227i bk1: 1472a 182501i bk2: 1472a 183075i bk3: 1472a 181055i bk4: 1516a 179448i bk5: 1512a 178611i bk6: 1536a 180863i bk7: 1536a 180007i bk8: 1500a 179179i bk9: 1500a 178635i bk10: 1536a 179135i bk11: 1536a 177964i bk12: 1536a 178524i bk13: 1536a 177744i bk14: 1536a 178151i bk15: 1536a 179292i 

------------------------------------------------------------------------

Row_Buffer_Locality = 0.965762
Row_Buffer_Locality_read = 0.980375
Row_Buffer_Locality_write = 0.896680
Bank_Level_Parallism = 4.208628
Bank_Level_Parallism_Col = 4.069450
Bank_Level_Parallism_Ready = 1.665022
write_to_read_ratio_blp_rw_average = 0.529276
GrpLevelPara = 3.022269 

BW Util details:
bwutil = 0.781718 
total_CMD = 228645 
util_bw = 178736 
Wasted_Col = 12454 
Wasted_Row = 1892 
Idle = 35563 

BW Util Bottlenecks: 
RCDc_limit = 2985 
RCDWRc_limit = 1037 
WTRc_limit = 8466 
RTWc_limit = 14151 
CCDLc_limit = 6701 
rwq = 0 
CCDLc_limit_alone = 5126 
WTRc_limit_alone = 7992 
RTWc_limit_alone = 13050 

Commands details: 
total_CMD = 228645 
n_nop = 182014 
Read = 24204 
Write = 0 
L2_Alloc = 0 
L2_WB = 20480 
n_act = 1004 
n_pre = 988 
n_ref = 0 
n_req = 29324 
total_req = 44684 

Dual Bus Interface Util: 
issued_total_row = 1992 
issued_total_col = 44684 
Row_Bus_Util =  0.008712 
CoL_Bus_Util = 0.195430 
Either_Row_CoL_Bus_Util = 0.203945 
Issued_on_Two_Bus_Simul_Util = 0.000197 
issued_two_Eff = 0.000965 
queue_avg = 30.673428 


dram_util_bins: 0 0 0 0 0 0 0 0 0 0
dram_eff_bins: 0 0 0 0 0 0 0 0 0 0
mrqq: max=64 avg=30.6734
Memory Partition 8: 
Cache L2_bank_016:
MSHR contents

Cache L2_bank_017:
MSHR contents

In Dram Latency Queue (total = 0): 
DRAM[8]: 16 bks, busW=2 BL=16 CL=24, tRRD=12 tCCD=4, tRCD=24 tRAS=55 tRP=24 tRC=78
n_cmd=228645 n_nop=182039 n_act=994 n_pre=978 n_ref_event=0 n_req=29324 n_rd=24204 n_rd_L2_A=0 n_write=0 n_wr_bk=20480 bw_util=0.7817
n_activity=196635 dram_eff=0.909
bk0: 1472a 181980i bk1: 1472a 180854i bk2: 1472a 180573i bk3: 1472a 180694i bk4: 1516a 182766i bk5: 1516a 181347i bk6: 1536a 178023i bk7: 1536a 177482i bk8: 1496a 179039i bk9: 1500a 178231i bk10: 1536a 180540i bk11: 1536a 180087i bk12: 1536a 179033i bk13: 1536a 177964i bk14: 1536a 180257i bk15: 1536a 180004i 

------------------------------------------------------------------------

Row_Buffer_Locality = 0.966103
Row_Buffer_Locality_read = 0.980582
Row_Buffer_Locality_write = 0.897656
Bank_Level_Parallism = 4.205110
Bank_Level_Parallism_Col = 4.070206
Bank_Level_Parallism_Ready = 1.682757
write_to_read_ratio_blp_rw_average = 0.526003
GrpLevelPara = 3.058297 

BW Util details:
bwutil = 0.781718 
total_CMD = 228645 
util_bw = 178736 
Wasted_Col = 12221 
Wasted_Row = 2085 
Idle = 35603 

BW Util Bottlenecks: 
RCDc_limit = 3263 
RCDWRc_limit = 969 
WTRc_limit = 8834 
RTWc_limit = 13202 
CCDLc_limit = 6073 
rwq = 0 
CCDLc_limit_alone = 4603 
WTRc_limit_alone = 8278 
RTWc_limit_alone = 12288 

Commands details: 
total_CMD = 228645 
n_nop = 182039 
Read = 24204 
Write = 0 
L2_Alloc = 0 
L2_WB = 20480 
n_act = 994 
n_pre = 978 
n_ref = 0 
n_req = 29324 
total_req = 44684 

Dual Bus Interface Util: 
issued_total_row = 1972 
issued_total_col = 44684 
Row_Bus_Util =  0.008625 
CoL_Bus_Util = 0.195430 
Either_Row_CoL_Bus_Util = 0.203836 
Issued_on_Two_Bus_Simul_Util = 0.000219 
issued_two_Eff = 0.001073 
queue_avg = 30.146450 


dram_util_bins: 0 0 0 0 0 0 0 0 0 0
dram_eff_bins: 0 0 0 0 0 0 0 0 0 0
mrqq: max=64 avg=30.1465
Memory Partition 9: 
Cache L2_bank_018:
MSHR contents

Cache L2_bank_019:
MSHR contents

In Dram Latency Queue (total = 0): 
DRAM[9]: 16 bks, busW=2 BL=16 CL=24, tRRD=12 tCCD=4, tRCD=24 tRAS=55 tRP=24 tRC=78
n_cmd=228645 n_nop=182056 n_act=989 n_pre=973 n_ref_event=0 n_req=29316 n_rd=24196 n_rd_L2_A=0 n_write=0 n_wr_bk=20480 bw_util=0.7816
n_activity=196860 dram_eff=0.9078
bk0: 1472a 181463i bk1: 1472a 180721i bk2: 1472a 182707i bk3: 1472a 182189i bk4: 1512a 180256i bk5: 1512a 179953i bk6: 1536a 176377i bk7: 1536a 174988i bk8: 1496a 181865i bk9: 1500a 180875i bk10: 1536a 180342i bk11: 1536a 180217i bk12: 1536a 182212i bk13: 1536a 180250i bk14: 1536a 183138i bk15: 1536a 181979i 

------------------------------------------------------------------------

Row_Buffer_Locality = 0.966264
Row_Buffer_Locality_read = 0.980699
Row_Buffer_Locality_write = 0.898047
Bank_Level_Parallism = 4.145649
Bank_Level_Parallism_Col = 3.999128
Bank_Level_Parallism_Ready = 1.615278
write_to_read_ratio_blp_rw_average = 0.522453
GrpLevelPara = 3.007522 

BW Util details:
bwutil = 0.781578 
total_CMD = 228645 
util_bw = 178704 
Wasted_Col = 12946 
Wasted_Row = 1603 
Idle = 35392 

BW Util Bottlenecks: 
RCDc_limit = 2796 
RCDWRc_limit = 928 
WTRc_limit = 10403 
RTWc_limit = 13555 
CCDLc_limit = 7068 
rwq = 0 
CCDLc_limit_alone = 5277 
WTRc_limit_alone = 9618 
RTWc_limit_alone = 12549 

Commands details: 
total_CMD = 228645 
n_nop = 182056 
Read = 24196 
Write = 0 
L2_Alloc = 0 
L2_WB = 20480 
n_act = 989 
n_pre = 973 
n_ref = 0 
n_req = 29316 
total_req = 44676 

Dual Bus Interface Util: 
issued_total_row = 1962 
issued_total_col = 44676 
Row_Bus_Util =  0.008581 
CoL_Bus_Util = 0.195395 
Either_Row_CoL_Bus_Util = 0.203761 
Issued_on_Two_Bus_Simul_Util = 0.000214 
issued_two_Eff = 0.001052 
queue_avg = 30.090372 


dram_util_bins: 0 0 0 0 0 0 0 0 0 0
dram_eff_bins: 0 0 0 0 0 0 0 0 0 0
mrqq: max=64 avg=30.0904
Memory Partition 10: 
Cache L2_bank_020:
MSHR contents

Cache L2_bank_021:
MSHR contents

In Dram Latency Queue (total = 11): 
Ready @ 185793 -   mf: uid=2934903, sid4294967295:w4294967295, part=10, addr=0xc05e3700, store, size=128, L2_WRBK  status = IN_PARTITION_DRAM_LATENCY_QUEUE (185539), 
Ready @ 185799 -   mf: uid=2934905, sid4294967295:w4294967295, part=10, addr=0xc05e4080, store, size=128, L2_WRBK  status = IN_PARTITION_DRAM_LATENCY_QUEUE (185545), 
Ready @ 185810 -   mf: uid=2934908, sid4294967295:w4294967295, part=10, addr=0xc05e2780, store, size=128, L2_WRBK  status = IN_PARTITION_DRAM_LATENCY_QUEUE (185556), 
Ready @ 185835 -   mf: uid=2934917, sid4294967295:w4294967295, part=10, addr=0xc05e5080, store, size=128, L2_WRBK  status = IN_PARTITION_DRAM_LATENCY_QUEUE (185581), 
Ready @ 185841 -   mf: uid=2934918, sid4294967295:w4294967295, part=10, addr=0xc05e4000, store, size=128, L2_WRBK  status = IN_PARTITION_DRAM_LATENCY_QUEUE (185587), 
Ready @ 185844 -   mf: uid=2934919, sid4294967295:w4294967295, part=10, addr=0xc05e2700, store, size=128, L2_WRBK  status = IN_PARTITION_DRAM_LATENCY_QUEUE (185590), 
Ready @ 185861 -   mf: uid=2934922, sid4294967295:w4294967295, part=10, addr=0xc05e6280, store, size=128, L2_WRBK  status = IN_PARTITION_DRAM_LATENCY_QUEUE (185607), 
Ready @ 185870 -   mf: uid=2934924, sid4294967295:w4294967295, part=10, addr=0xc05e5000, store, size=128, L2_WRBK  status = IN_PARTITION_DRAM_LATENCY_QUEUE (185616), 
Ready @ 185887 -   mf: uid=2934928, sid4294967295:w4294967295, part=10, addr=0xc05e7280, store, size=128, L2_WRBK  status = IN_PARTITION_DRAM_LATENCY_QUEUE (185633), 
Ready @ 185896 -   mf: uid=2934930, sid4294967295:w4294967295, part=10, addr=0xc05e6200, store, size=128, L2_WRBK  status = IN_PARTITION_DRAM_LATENCY_QUEUE (185642), 
Ready @ 185918 -   mf: uid=2934935, sid4294967295:w4294967295, part=10, addr=0xc05e7200, store, size=128, L2_WRBK  status = IN_PARTITION_DRAM_LATENCY_QUEUE (185664), 
DRAM[10]: 16 bks, busW=2 BL=16 CL=24, tRRD=12 tCCD=4, tRCD=24 tRAS=55 tRP=24 tRC=78
n_cmd=228645 n_nop=182095 n_act=994 n_pre=978 n_ref_event=0 n_req=29317 n_rd=24208 n_rd_L2_A=0 n_write=0 n_wr_bk=20424 bw_util=0.7808
n_activity=196966 dram_eff=0.9064
bk0: 1472a 181551i bk1: 1472a 181372i bk2: 1472a 182432i bk3: 1472a 182292i bk4: 1512a 180678i bk5: 1512a 179760i bk6: 1536a 176238i bk7: 1536a 176458i bk8: 1500a 181690i bk9: 1508a 180701i bk10: 1536a 176278i bk11: 1536a 176360i bk12: 1536a 181674i bk13: 1536a 180956i bk14: 1536a 180917i bk15: 1536a 181686i 

------------------------------------------------------------------------

Row_Buffer_Locality = 0.966092
Row_Buffer_Locality_read = 0.980544
Row_Buffer_Locality_write = 0.897592
Bank_Level_Parallism = 4.195375
Bank_Level_Parallism_Col = 4.051899
Bank_Level_Parallism_Ready = 1.620324
write_to_read_ratio_blp_rw_average = 0.523899
GrpLevelPara = 3.011741 

BW Util details:
bwutil = 0.780809 
total_CMD = 228645 
util_bw = 178527 
Wasted_Col = 12870 
Wasted_Row = 1632 
Idle = 35616 

BW Util Bottlenecks: 
RCDc_limit = 2898 
RCDWRc_limit = 850 
WTRc_limit = 9384 
RTWc_limit = 14341 
CCDLc_limit = 6888 
rwq = 0 
CCDLc_limit_alone = 5257 
WTRc_limit_alone = 8886 
RTWc_limit_alone = 13208 

Commands details: 
total_CMD = 228645 
n_nop = 182095 
Read = 24208 
Write = 0 
L2_Alloc = 0 
L2_WB = 20424 
n_act = 994 
n_pre = 978 
n_ref = 0 
n_req = 29317 
total_req = 44632 

Dual Bus Interface Util: 
issued_total_row = 1972 
issued_total_col = 44632 
Row_Bus_Util =  0.008625 
CoL_Bus_Util = 0.195202 
Either_Row_CoL_Bus_Util = 0.203591 
Issued_on_Two_Bus_Simul_Util = 0.000236 
issued_two_Eff = 0.001160 
queue_avg = 29.278332 


dram_util_bins: 0 0 0 0 0 0 0 0 0 0
dram_eff_bins: 0 0 0 0 0 0 0 0 0 0
mrqq: max=64 avg=29.2783
Memory Partition 11: 
Cache L2_bank_022:
MSHR contents

Cache L2_bank_023:
MSHR contents

In Dram Latency Queue (total = 0): 
DRAM[11]: 16 bks, busW=2 BL=16 CL=24, tRRD=12 tCCD=4, tRCD=24 tRAS=55 tRP=24 tRC=78
n_cmd=228645 n_nop=182021 n_act=999 n_pre=983 n_ref_event=0 n_req=29332 n_rd=24212 n_rd_L2_A=0 n_write=0 n_wr_bk=20480 bw_util=0.7819
n_activity=197358 dram_eff=0.9058
bk0: 1472a 181977i bk1: 1472a 179940i bk2: 1472a 182519i bk3: 1472a 181058i bk4: 1516a 179275i bk5: 1512a 179587i bk6: 1536a 176826i bk7: 1536a 176314i bk8: 1504a 179173i bk9: 1504a 178859i bk10: 1536a 176994i bk11: 1536a 176882i bk12: 1536a 180198i bk13: 1536a 179455i bk14: 1536a 180909i bk15: 1536a 179013i 

------------------------------------------------------------------------

Row_Buffer_Locality = 0.965942
Row_Buffer_Locality_read = 0.980382
Row_Buffer_Locality_write = 0.897656
Bank_Level_Parallism = 4.251541
Bank_Level_Parallism_Col = 4.109530
Bank_Level_Parallism_Ready = 1.661935
write_to_read_ratio_blp_rw_average = 0.521059
GrpLevelPara = 3.047031 

BW Util details:
bwutil = 0.781858 
total_CMD = 228645 
util_bw = 178768 
Wasted_Col = 12890 
Wasted_Row = 1729 
Idle = 35258 

BW Util Bottlenecks: 
RCDc_limit = 2914 
RCDWRc_limit = 1049 
WTRc_limit = 9139 
RTWc_limit = 13594 
CCDLc_limit = 6995 
rwq = 0 
CCDLc_limit_alone = 5477 
WTRc_limit_alone = 8550 
RTWc_limit_alone = 12665 

Commands details: 
total_CMD = 228645 
n_nop = 182021 
Read = 24212 
Write = 0 
L2_Alloc = 0 
L2_WB = 20480 
n_act = 999 
n_pre = 983 
n_ref = 0 
n_req = 29332 
total_req = 44692 

Dual Bus Interface Util: 
issued_total_row = 1982 
issued_total_col = 44692 
Row_Bus_Util =  0.008668 
CoL_Bus_Util = 0.195465 
Either_Row_CoL_Bus_Util = 0.203914 
Issued_on_Two_Bus_Simul_Util = 0.000219 
issued_two_Eff = 0.001072 
queue_avg = 29.922098 


dram_util_bins: 0 0 0 0 0 0 0 0 0 0
dram_eff_bins: 0 0 0 0 0 0 0 0 0 0
mrqq: max=64 avg=29.9221
Memory Partition 12: 
Cache L2_bank_024:
MSHR contents

Cache L2_bank_025:
MSHR contents

In Dram Latency Queue (total = 0): 
DRAM[12]: 16 bks, busW=2 BL=16 CL=24, tRRD=12 tCCD=4, tRCD=24 tRAS=55 tRP=24 tRC=78
n_cmd=228645 n_nop=182069 n_act=975 n_pre=959 n_ref_event=0 n_req=29328 n_rd=24208 n_rd_L2_A=0 n_write=0 n_wr_bk=20480 bw_util=0.7818
n_activity=197120 dram_eff=0.9068
bk0: 1472a 183246i bk1: 1472a 181932i bk2: 1472a 183683i bk3: 1472a 182890i bk4: 1512a 181027i bk5: 1512a 180121i bk6: 1536a 178787i bk7: 1536a 178490i bk8: 1508a 181569i bk9: 1500a 181519i bk10: 1536a 179944i bk11: 1536a 179612i bk12: 1536a 180312i bk13: 1536a 179621i bk14: 1536a 180428i bk15: 1536a 179598i 

------------------------------------------------------------------------

Row_Buffer_Locality = 0.966755
Row_Buffer_Locality_read = 0.981039
Row_Buffer_Locality_write = 0.899219
Bank_Level_Parallism = 4.136340
Bank_Level_Parallism_Col = 3.995416
Bank_Level_Parallism_Ready = 1.616948
write_to_read_ratio_blp_rw_average = 0.526831
GrpLevelPara = 3.009262 

BW Util details:
bwutil = 0.781788 
total_CMD = 228645 
util_bw = 178752 
Wasted_Col = 12682 
Wasted_Row = 1592 
Idle = 35619 

BW Util Bottlenecks: 
RCDc_limit = 2622 
RCDWRc_limit = 982 
WTRc_limit = 10194 
RTWc_limit = 12416 
CCDLc_limit = 6447 
rwq = 0 
CCDLc_limit_alone = 4993 
WTRc_limit_alone = 9458 
RTWc_limit_alone = 11698 

Commands details: 
total_CMD = 228645 
n_nop = 182069 
Read = 24208 
Write = 0 
L2_Alloc = 0 
L2_WB = 20480 
n_act = 975 
n_pre = 959 
n_ref = 0 
n_req = 29328 
total_req = 44688 

Dual Bus Interface Util: 
issued_total_row = 1934 
issued_total_col = 44688 
Row_Bus_Util =  0.008459 
CoL_Bus_Util = 0.195447 
Either_Row_CoL_Bus_Util = 0.203704 
Issued_on_Two_Bus_Simul_Util = 0.000201 
issued_two_Eff = 0.000988 
queue_avg = 28.876547 


dram_util_bins: 0 0 0 0 0 0 0 0 0 0
dram_eff_bins: 0 0 0 0 0 0 0 0 0 0
mrqq: max=64 avg=28.8765
Memory Partition 13: 
Cache L2_bank_026:
MSHR contents

Cache L2_bank_027:
MSHR contents

In Dram Latency Queue (total = 11): 
Ready @ 185867 -   mf: uid=2934923, sid4294967295:w4294967295, part=13, addr=0xc05e6580, store, size=128, L2_WRBK  status = IN_PARTITION_DRAM_LATENCY_QUEUE (185613), 
Ready @ 185883 -   mf: uid=2934927, sid4294967295:w4294967295, part=13, addr=0xc05e2000, store, size=128, L2_WRBK  status = IN_PARTITION_DRAM_LATENCY_QUEUE (185629), 
Ready @ 185891 -   mf: uid=2934929, sid4294967295:w4294967295, part=13, addr=0xc05e7580, store, size=128, L2_WRBK  status = IN_PARTITION_DRAM_LATENCY_QUEUE (185637), 
Ready @ 185898 -   mf: uid=2934932, sid4294967295:w4294967295, part=13, addr=0xc05e1200, store, size=128, L2_WRBK  status = IN_PARTITION_DRAM_LATENCY_QUEUE (185644), 
Ready @ 185904 -   mf: uid=2934933, sid4294967295:w4294967295, part=13, addr=0xc05eff00, store, size=128, L2_WRBK  status = IN_PARTITION_DRAM_LATENCY_QUEUE (185650), 
Ready @ 185925 -   mf: uid=2934937, sid4294967295:w4294967295, part=13, addr=0xc05e3000, store, size=128, L2_WRBK  status = IN_PARTITION_DRAM_LATENCY_QUEUE (185671), 
Ready @ 185943 -   mf: uid=2934939, sid4294967295:w4294967295, part=13, addr=0xc05e0200, store, size=128, L2_WRBK  status = IN_PARTITION_DRAM_LATENCY_QUEUE (185689), 
Ready @ 185963 -   mf: uid=2934940, sid4294967295:w4294967295, part=13, addr=0xc05e4700, store, size=128, L2_WRBK  status = IN_PARTITION_DRAM_LATENCY_QUEUE (185709), 
Ready @ 185984 -   mf: uid=2934941, sid4294967295:w4294967295, part=13, addr=0xc05e5700, store, size=128, L2_WRBK  status = IN_PARTITION_DRAM_LATENCY_QUEUE (185730), 
Ready @ 186002 -   mf: uid=2934942, sid4294967295:w4294967295, part=13, addr=0xc05e6500, store, size=128, L2_WRBK  status = IN_PARTITION_DRAM_LATENCY_QUEUE (185748), 
Ready @ 186022 -   mf: uid=2934943, sid4294967295:w4294967295, part=13, addr=0xc05e7500, store, size=128, L2_WRBK  status = IN_PARTITION_DRAM_LATENCY_QUEUE (185768), 
DRAM[13]: 16 bks, busW=2 BL=16 CL=24, tRRD=12 tCCD=4, tRCD=24 tRAS=55 tRP=24 tRC=78
n_cmd=228645 n_nop=182052 n_act=1005 n_pre=989 n_ref_event=0 n_req=29325 n_rd=24216 n_rd_L2_A=0 n_write=0 n_wr_bk=20436 bw_util=0.7812
n_activity=197170 dram_eff=0.9059
bk0: 1472a 182455i bk1: 1472a 182276i bk2: 1472a 180238i bk3: 1472a 181765i bk4: 1512a 181751i bk5: 1512a 180436i bk6: 1536a 177163i bk7: 1536a 176308i bk8: 1508a 180839i bk9: 1508a 179779i bk10: 1536a 180310i bk11: 1536a 180077i bk12: 1536a 181867i bk13: 1536a 181449i bk14: 1536a 180768i bk15: 1536a 181600i 

------------------------------------------------------------------------

Row_Buffer_Locality = 0.965729
Row_Buffer_Locality_read = 0.980178
Row_Buffer_Locality_write = 0.897240
Bank_Level_Parallism = 4.155608
Bank_Level_Parallism_Col = 4.008553
Bank_Level_Parallism_Ready = 1.672841
write_to_read_ratio_blp_rw_average = 0.521602
GrpLevelPara = 2.999027 

BW Util details:
bwutil = 0.781159 
total_CMD = 228645 
util_bw = 178608 
Wasted_Col = 12978 
Wasted_Row = 1504 
Idle = 35555 

BW Util Bottlenecks: 
RCDc_limit = 2492 
RCDWRc_limit = 981 
WTRc_limit = 8787 
RTWc_limit = 14898 
CCDLc_limit = 7211 
rwq = 0 
CCDLc_limit_alone = 5406 
WTRc_limit_alone = 8249 
RTWc_limit_alone = 13631 

Commands details: 
total_CMD = 228645 
n_nop = 182052 
Read = 24216 
Write = 0 
L2_Alloc = 0 
L2_WB = 20436 
n_act = 1005 
n_pre = 989 
n_ref = 0 
n_req = 29325 
total_req = 44652 

Dual Bus Interface Util: 
issued_total_row = 1994 
issued_total_col = 44652 
Row_Bus_Util =  0.008721 
CoL_Bus_Util = 0.195290 
Either_Row_CoL_Bus_Util = 0.203779 
Issued_on_Two_Bus_Simul_Util = 0.000232 
issued_two_Eff = 0.001138 
queue_avg = 30.250139 


dram_util_bins: 0 0 0 0 0 0 0 0 0 0
dram_eff_bins: 0 0 0 0 0 0 0 0 0 0
mrqq: max=64 avg=30.2501
Memory Partition 14: 
Cache L2_bank_028:
MSHR contents

Cache L2_bank_029:
MSHR contents

In Dram Latency Queue (total = 0): 
DRAM[14]: 16 bks, busW=2 BL=16 CL=24, tRRD=12 tCCD=4, tRCD=24 tRAS=55 tRP=24 tRC=78
n_cmd=228645 n_nop=182053 n_act=976 n_pre=960 n_ref_event=0 n_req=29336 n_rd=24216 n_rd_L2_A=0 n_write=0 n_wr_bk=20480 bw_util=0.7819
n_activity=196616 dram_eff=0.9093
bk0: 1472a 182241i bk1: 1472a 181280i bk2: 1472a 181566i bk3: 1472a 179830i bk4: 1512a 180138i bk5: 1512a 179284i bk6: 1536a 176415i bk7: 1536a 177060i bk8: 1508a 177156i bk9: 1508a 176318i bk10: 1536a 177077i bk11: 1536a 177800i bk12: 1536a 177917i bk13: 1536a 177151i bk14: 1536a 179892i bk15: 1536a 180561i 

------------------------------------------------------------------------

Row_Buffer_Locality = 0.966730
Row_Buffer_Locality_read = 0.980880
Row_Buffer_Locality_write = 0.899805
Bank_Level_Parallism = 4.306457
Bank_Level_Parallism_Col = 4.156661
Bank_Level_Parallism_Ready = 1.714856
write_to_read_ratio_blp_rw_average = 0.537111
GrpLevelPara = 3.071677 

BW Util details:
bwutil = 0.781928 
total_CMD = 228645 
util_bw = 178784 
Wasted_Col = 12691 
Wasted_Row = 1153 
Idle = 36017 

BW Util Bottlenecks: 
RCDc_limit = 2589 
RCDWRc_limit = 685 
WTRc_limit = 8573 
RTWc_limit = 15630 
CCDLc_limit = 7224 
rwq = 0 
CCDLc_limit_alone = 5564 
WTRc_limit_alone = 8089 
RTWc_limit_alone = 14454 

Commands details: 
total_CMD = 228645 
n_nop = 182053 
Read = 24216 
Write = 0 
L2_Alloc = 0 
L2_WB = 20480 
n_act = 976 
n_pre = 960 
n_ref = 0 
n_req = 29336 
total_req = 44696 

Dual Bus Interface Util: 
issued_total_row = 1936 
issued_total_col = 44696 
Row_Bus_Util =  0.008467 
CoL_Bus_Util = 0.195482 
Either_Row_CoL_Bus_Util = 0.203774 
Issued_on_Two_Bus_Simul_Util = 0.000175 
issued_two_Eff = 0.000859 
queue_avg = 31.059883 


dram_util_bins: 0 0 0 0 0 0 0 0 0 0
dram_eff_bins: 0 0 0 0 0 0 0 0 0 0
mrqq: max=64 avg=31.0599
Memory Partition 15: 
Cache L2_bank_030:
MSHR contents

Cache L2_bank_031:
MSHR contents

In Dram Latency Queue (total = 1): 
Ready @ 185778 -   mf: uid=2934890, sid4294967295:w4294967295, part=15, addr=0xc05e7700, store, size=128, L2_WRBK  status = IN_PARTITION_DRAM_LATENCY_QUEUE (185524), 
DRAM[15]: 16 bks, busW=2 BL=16 CL=24, tRRD=12 tCCD=4, tRCD=24 tRAS=55 tRP=24 tRC=78
n_cmd=228645 n_nop=182022 n_act=1003 n_pre=987 n_ref_event=0 n_req=29331 n_rd=24212 n_rd_L2_A=0 n_write=0 n_wr_bk=20464 bw_util=0.7816
n_activity=196975 dram_eff=0.9072
bk0: 1472a 181720i bk1: 1472a 181100i bk2: 1472a 182216i bk3: 1472a 180692i bk4: 1512a 177227i bk5: 1512a 176635i bk6: 1536a 176229i bk7: 1536a 175440i bk8: 1504a 182393i bk9: 1508a 181669i bk10: 1536a 180170i bk11: 1536a 179027i bk12: 1536a 181934i bk13: 1536a 180966i bk14: 1536a 180516i bk15: 1536a 179741i 

------------------------------------------------------------------------

Row_Buffer_Locality = 0.965802
Row_Buffer_Locality_read = 0.980382
Row_Buffer_Locality_write = 0.896815
Bank_Level_Parallism = 4.215980
Bank_Level_Parallism_Col = 4.073747
Bank_Level_Parallism_Ready = 1.668869
write_to_read_ratio_blp_rw_average = 0.527744
GrpLevelPara = 3.010799 

BW Util details:
bwutil = 0.781578 
total_CMD = 228645 
util_bw = 178703 
Wasted_Col = 12326 
Wasted_Row = 1910 
Idle = 35706 

BW Util Bottlenecks: 
RCDc_limit = 3012 
RCDWRc_limit = 796 
WTRc_limit = 8079 
RTWc_limit = 13672 
CCDLc_limit = 5976 
rwq = 0 
CCDLc_limit_alone = 4756 
WTRc_limit_alone = 7653 
RTWc_limit_alone = 12878 

Commands details: 
total_CMD = 228645 
n_nop = 182022 
Read = 24212 
Write = 0 
L2_Alloc = 0 
L2_WB = 20464 
n_act = 1003 
n_pre = 987 
n_ref = 0 
n_req = 29331 
total_req = 44676 

Dual Bus Interface Util: 
issued_total_row = 1990 
issued_total_col = 44676 
Row_Bus_Util =  0.008703 
CoL_Bus_Util = 0.195395 
Either_Row_CoL_Bus_Util = 0.203910 
Issued_on_Two_Bus_Simul_Util = 0.000188 
issued_two_Eff = 0.000922 
queue_avg = 30.338154 


dram_util_bins: 0 0 0 0 0 0 0 0 0 0
dram_eff_bins: 0 0 0 0 0 0 0 0 0 0
mrqq: max=64 avg=30.3382

========= L2 cache stats =========
L2_cache_bank[0]: Access = 24576, Miss = 24392, Miss_rate = 0.993, Pending_hits = 0, Reservation_fails = 0
L2_cache_bank[1]: Access = 24576, Miss = 24388, Miss_rate = 0.992, Pending_hits = 0, Reservation_fails = 0
L2_cache_bank[2]: Access = 24576, Miss = 24388, Miss_rate = 0.992, Pending_hits = 0, Reservation_fails = 0
L2_cache_bank[3]: Access = 24576, Miss = 24388, Miss_rate = 0.992, Pending_hits = 0, Reservation_fails = 0
L2_cache_bank[4]: Access = 24576, Miss = 24400, Miss_rate = 0.993, Pending_hits = 0, Reservation_fails = 0
L2_cache_bank[5]: Access = 24576, Miss = 24400, Miss_rate = 0.993, Pending_hits = 0, Reservation_fails = 0
L2_cache_bank[6]: Access = 24576, Miss = 24404, Miss_rate = 0.993, Pending_hits = 0, Reservation_fails = 0
L2_cache_bank[7]: Access = 24576, Miss = 24400, Miss_rate = 0.993, Pending_hits = 0, Reservation_fails = 0
L2_cache_bank[8]: Access = 24576, Miss = 24392, Miss_rate = 0.993, Pending_hits = 0, Reservation_fails = 0
L2_cache_bank[9]: Access = 24576, Miss = 24392, Miss_rate = 0.993, Pending_hits = 0, Reservation_fails = 0
L2_cache_bank[10]: Access = 24576, Miss = 24392, Miss_rate = 0.993, Pending_hits = 0, Reservation_fails = 0
L2_cache_bank[11]: Access = 24576, Miss = 24392, Miss_rate = 0.993, Pending_hits = 0, Reservation_fails = 0
L2_cache_bank[12]: Access = 24576, Miss = 24388, Miss_rate = 0.992, Pending_hits = 0, Reservation_fails = 0
L2_cache_bank[13]: Access = 24576, Miss = 24388, Miss_rate = 0.992, Pending_hits = 0, Reservation_fails = 0
L2_cache_bank[14]: Access = 24576, Miss = 24388, Miss_rate = 0.992, Pending_hits = 0, Reservation_fails = 0
L2_cache_bank[15]: Access = 24576, Miss = 24392, Miss_rate = 0.993, Pending_hits = 0, Reservation_fails = 0
L2_cache_bank[16]: Access = 24576, Miss = 24392, Miss_rate = 0.993, Pending_hits = 0, Reservation_fails = 0
L2_cache_bank[17]: Access = 24576, Miss = 24388, Miss_rate = 0.992, Pending_hits = 0, Reservation_fails = 0
L2_cache_bank[18]: Access = 24576, Miss = 24388, Miss_rate = 0.992, Pending_hits = 0, Reservation_fails = 0
L2_cache_bank[19]: Access = 24576, Miss = 24384, Miss_rate = 0.992, Pending_hits = 0, Reservation_fails = 0
L2_cache_bank[20]: Access = 24576, Miss = 24392, Miss_rate = 0.993, Pending_hits = 0, Reservation_fails = 0
L2_cache_bank[21]: Access = 24576, Miss = 24392, Miss_rate = 0.993, Pending_hits = 0, Reservation_fails = 0
L2_cache_bank[22]: Access = 24576, Miss = 24392, Miss_rate = 0.993, Pending_hits = 0, Reservation_fails = 0
L2_cache_bank[23]: Access = 24576, Miss = 24396, Miss_rate = 0.993, Pending_hits = 0, Reservation_fails = 0
L2_cache_bank[24]: Access = 24576, Miss = 24388, Miss_rate = 0.992, Pending_hits = 0, Reservation_fails = 0
L2_cache_bank[25]: Access = 24576, Miss = 24396, Miss_rate = 0.993, Pending_hits = 0, Reservation_fails = 0
L2_cache_bank[26]: Access = 24576, Miss = 24396, Miss_rate = 0.993, Pending_hits = 0, Reservation_fails = 0
L2_cache_bank[27]: Access = 24576, Miss = 24396, Miss_rate = 0.993, Pending_hits = 0, Reservation_fails = 0
L2_cache_bank[28]: Access = 24576, Miss = 24396, Miss_rate = 0.993, Pending_hits = 0, Reservation_fails = 0
L2_cache_bank[29]: Access = 24576, Miss = 24396, Miss_rate = 0.993, Pending_hits = 0, Reservation_fails = 0
L2_cache_bank[30]: Access = 24576, Miss = 24396, Miss_rate = 0.993, Pending_hits = 0, Reservation_fails = 0
L2_cache_bank[31]: Access = 24576, Miss = 24392, Miss_rate = 0.993, Pending_hits = 0, Reservation_fails = 0
L2_total_cache_accesses = 786432
L2_total_cache_misses = 780564
L2_total_cache_miss_rate = 0.9925
L2_total_cache_pending_hits = 0
L2_total_cache_reservation_fails = 0
L2_total_cache_breakdown:
	L2_cache_stats_breakdown[GLOBAL_ACC_R][HIT] = 0
	L2_cache_stats_breakdown[GLOBAL_ACC_R][HIT_RESERVED] = 0
	L2_cache_stats_breakdown[GLOBAL_ACC_R][MISS] = 32768
	L2_cache_stats_breakdown[GLOBAL_ACC_R][RESERVATION_FAIL] = 0
	L2_cache_stats_breakdown[GLOBAL_ACC_R][SECTOR_MISS] = 98304
	L2_cache_stats_breakdown[GLOBAL_ACC_R][MSHR_HIT] = 0
	L2_cache_stats_breakdown[LOCAL_ACC_R][HIT] = 0
	L2_cache_stats_breakdown[LOCAL_ACC_R][HIT_RESERVED] = 0
	L2_cache_stats_breakdown[LOCAL_ACC_R][MISS] = 0
	L2_cache_stats_breakdown[LOCAL_ACC_R][RESERVATION_FAIL] = 0
	L2_cache_stats_breakdown[LOCAL_ACC_R][SECTOR_MISS] = 0
	L2_cache_stats_breakdown[LOCAL_ACC_R][MSHR_HIT] = 0
	L2_cache_stats_breakdown[CONST_ACC_R][HIT] = 0
	L2_cache_stats_breakdown[CONST_ACC_R][HIT_RESERVED] = 0
	L2_cache_stats_breakdown[CONST_ACC_R][MISS] = 0
	L2_cache_stats_breakdown[CONST_ACC_R][RESERVATION_FAIL] = 0
	L2_cache_stats_breakdown[CONST_ACC_R][SECTOR_MISS] = 0
	L2_cache_stats_breakdown[CONST_ACC_R][MSHR_HIT] = 0
	L2_cache_stats_breakdown[TEXTURE_ACC_R][HIT] = 0
	L2_cache_stats_breakdown[TEXTURE_ACC_R][HIT_RESERVED] = 0
	L2_cache_stats_breakdown[TEXTURE_ACC_R][MISS] = 0
	L2_cache_stats_breakdown[TEXTURE_ACC_R][RESERVATION_FAIL] = 0
	L2_cache_stats_breakdown[TEXTURE_ACC_R][SECTOR_MISS] = 0
	L2_cache_stats_breakdown[TEXTURE_ACC_R][MSHR_HIT] = 0
	L2_cache_stats_breakdown[GLOBAL_ACC_W][HIT] = 0
	L2_cache_stats_breakdown[GLOBAL_ACC_W][HIT_RESERVED] = 0
	L2_cache_stats_breakdown[GLOBAL_ACC_W][MISS] = 32768
	L2_cache_stats_breakdown[GLOBAL_ACC_W][RESERVATION_FAIL] = 0
	L2_cache_stats_breakdown[GLOBAL_ACC_W][SECTOR_MISS] = 98304
	L2_cache_stats_breakdown[GLOBAL_ACC_W][MSHR_HIT] = 0
	L2_cache_stats_breakdown[LOCAL_ACC_W][HIT] = 0
	L2_cache_stats_breakdown[LOCAL_ACC_W][HIT_RESERVED] = 0
	L2_cache_stats_breakdown[LOCAL_ACC_W][MISS] = 0
	L2_cache_stats_breakdown[LOCAL_ACC_W][RESERVATION_FAIL] = 0
	L2_cache_stats_breakdown[LOCAL_ACC_W][SECTOR_MISS] = 0
	L2_cache_stats_breakdown[LOCAL_ACC_W][MSHR_HIT] = 0
	L2_cache_stats_breakdown[L1_WRBK_ACC][HIT] = 0
	L2_cache_stats_breakdown[L1_WRBK_ACC][HIT_RESERVED] = 0
	L2_cache_stats_breakdown[L1_WRBK_ACC][MISS] = 0
	L2_cache_stats_breakdown[L1_WRBK_ACC][RESERVATION_FAIL] = 0
	L2_cache_stats_breakdown[L1_WRBK_ACC][SECTOR_MISS] = 0
	L2_cache_stats_breakdown[L1_WRBK_ACC][MSHR_HIT] = 0
	L2_cache_stats_breakdown[L2_WRBK_ACC][HIT] = 0
	L2_cache_stats_breakdown[L2_WRBK_ACC][HIT_RESERVED] = 0
	L2_cache_stats_breakdown[L2_WRBK_ACC][MISS] = 0
	L2_cache_stats_breakdown[L2_WRBK_ACC][RESERVATION_FAIL] = 0
	L2_cache_stats_breakdown[L2_WRBK_ACC][SECTOR_MISS] = 0
	L2_cache_stats_breakdown[L2_WRBK_ACC][MSHR_HIT] = 0
	L2_cache_stats_breakdown[INST_ACC_R][HIT] = 0
	L2_cache_stats_breakdown[INST_ACC_R][HIT_RESERVED] = 0
	L2_cache_stats_breakdown[INST_ACC_R][MISS] = 0
	L2_cache_stats_breakdown[INST_ACC_R][RESERVATION_FAIL] = 0
	L2_cache_stats_breakdown[INST_ACC_R][SECTOR_MISS] = 0
	L2_cache_stats_breakdown[INST_ACC_R][MSHR_HIT] = 0
	L2_cache_stats_breakdown[L1_WR_ALLOC_R][HIT] = 0
	L2_cache_stats_breakdown[L1_WR_ALLOC_R][HIT_RESERVED] = 0
	L2_cache_stats_breakdown[L1_WR_ALLOC_R][MISS] = 0
	L2_cache_stats_breakdown[L1_WR_ALLOC_R][RESERVATION_FAIL] = 0
	L2_cache_stats_breakdown[L1_WR_ALLOC_R][SECTOR_MISS] = 0
	L2_cache_stats_breakdown[L1_WR_ALLOC_R][MSHR_HIT] = 0
	L2_cache_stats_breakdown[L2_WR_ALLOC_R][HIT] = 0
	L2_cache_stats_breakdown[L2_WR_ALLOC_R][HIT_RESERVED] = 0
	L2_cache_stats_breakdown[L2_WR_ALLOC_R][MISS] = 0
	L2_cache_stats_breakdown[L2_WR_ALLOC_R][RESERVATION_FAIL] = 0
	L2_cache_stats_breakdown[L2_WR_ALLOC_R][SECTOR_MISS] = 0
	L2_cache_stats_breakdown[L2_WR_ALLOC_R][MSHR_HIT] = 0
	L2_cache_stats_breakdown[GLOBAL_ACC_R][TOTAL_ACCESS] = 131072
	L2_cache_stats_breakdown[GLOBAL_ACC_W][TOTAL_ACCESS] = 131072
L2_total_cache_reservation_fail_breakdown:
L2_cache_data_port_util = 0.026
L2_cache_fill_port_util = 0.065

icnt_total_pkts_mem_to_simt=786432
icnt_total_pkts_simt_to_mem=786432
LD_mem_lat_dist  0 0 0 0 0 0 0 0 0 0 0 0 0 0 0 0 0 0 0 0 0 0 0 0 0 0 0
ST_mem_lat_dist  0 0 0 0 0 0 0 0 0 0 0 0 0 0 0 0 0 0 0 0 0 0 0 0 0 0 0
----------------------------Interconnect-DETAILS--------------------------------
Req_Network_injected_packets_num = 786432
Req_Network_cycles = 185776
Req_Network_injected_packets_per_cycle =       4.2332 
Req_Network_conflicts_per_cycle =       0.5077
Req_Network_conflicts_per_cycle_util =       0.5791
Req_Bank_Level_Parallism =       4.8286
Req_Network_in_buffer_full_per_cycle =       0.0000
Req_Network_in_buffer_avg_util =       0.3348
Req_Network_out_buffer_full_per_cycle =       0.0000
Req_Network_out_buffer_avg_util =       0.1323

Reply_Network_injected_packets_num = 786432
Reply_Network_cycles = 185776
Reply_Network_injected_packets_per_cycle =        4.2332
Reply_Network_conflicts_per_cycle =        2.4193
Reply_Network_conflicts_per_cycle_util =       2.7585
Reply_Bank_Level_Parallism =       4.8268
Reply_Network_in_buffer_full_per_cycle =       0.0000
Reply_Network_in_buffer_avg_util =       0.2870
Reply_Network_out_buffer_full_per_cycle =       0.0000
Reply_Network_out_buffer_avg_util =       0.2646
----------------------------END-of-Interconnect-DETAILS-------------------------


gpgpu_simulation_time = 0 days, 0 hrs, 2 min, 41 sec (161 sec)
gpgpu_simulation_rate = 625237 (inst/sec)
gpgpu_simulation_rate = 1153 (cycle/sec)
gpgpu_silicon_slowdown = 1127493x
GPGPU-Sim: synchronize waiting for inactive GPU simulation
GPGPU-Sim API: Stream Manager State
GPGPU-Sim: detected inactive GPU simulation thread
GPGPU-Sim PTX: Setting up arguments for 8 bytes starting at 0x7ffdc8bce3c0..
GPGPU-Sim PTX: Setting up arguments for 8 bytes starting at 0x7ffdc8bce3c8..
GPGPU-Sim PTX: Setting up arguments for 4 bytes starting at 0x7ffdc8bce3a8..
GPGPU-Sim PTX: Setting up arguments for 4 bytes starting at 0x7ffdc8bce3ac..

GPGPU-Sim PTX: cudaLaunch for 0x0x610cd6e14030 (mode=performance simulation) on stream 0
GPGPU-Sim PTX: PDOM analysis already done for _Z10bsmm_stagePKfPfii 
GPGPU-Sim PTX: pushing kernel '_Z10bsmm_stagePKfPfii' to stream 0, gridDim= (8192,1,1) blockDim = (128,1,1) 
GPGPU-Sim uArch: Shader 13 bind to kernel 4 '_Z10bsmm_stagePKfPfii'
GPGPU-Sim: Reconfigure L1 cache to 128KB
GPGPU-Sim uArch: Shader 14 bind to kernel 4 '_Z10bsmm_stagePKfPfii'
GPGPU-Sim uArch: Shader 15 bind to kernel 4 '_Z10bsmm_stagePKfPfii'
GPGPU-Sim uArch: Shader 0 bind to kernel 4 '_Z10bsmm_stagePKfPfii'
GPGPU-Sim uArch: Shader 1 bind to kernel 4 '_Z10bsmm_stagePKfPfii'
GPGPU-Sim uArch: Shader 2 bind to kernel 4 '_Z10bsmm_stagePKfPfii'
GPGPU-Sim uArch: Shader 3 bind to kernel 4 '_Z10bsmm_stagePKfPfii'
GPGPU-Sim uArch: Shader 4 bind to kernel 4 '_Z10bsmm_stagePKfPfii'
GPGPU-Sim uArch: Shader 5 bind to kernel 4 '_Z10bsmm_stagePKfPfii'
GPGPU-Sim uArch: Shader 6 bind to kernel 4 '_Z10bsmm_stagePKfPfii'
GPGPU-Sim uArch: Shader 7 bind to kernel 4 '_Z10bsmm_stagePKfPfii'
GPGPU-Sim uArch: Shader 8 bind to kernel 4 '_Z10bsmm_stagePKfPfii'
GPGPU-Sim uArch: Shader 9 bind to kernel 4 '_Z10bsmm_stagePKfPfii'
GPGPU-Sim uArch: Shader 10 bind to kernel 4 '_Z10bsmm_stagePKfPfii'
GPGPU-Sim uArch: Shader 11 bind to kernel 4 '_Z10bsmm_stagePKfPfii'
GPGPU-Sim uArch: Shader 12 bind to kernel 4 '_Z10bsmm_stagePKfPfii'
Destroy streams for kernel 4: size 0
kernel_name = _Z10bsmm_stagePKfPfii 
kernel_launch_uid = 4 
kernel_stream_id = 134438111742512
gpu_sim_cycle = 64674
gpu_sim_insn = 33554432
gpu_ipc =     518.8242
gpu_tot_sim_cycle = 250450
gpu_tot_sim_insn = 134217728
gpu_tot_ipc =     535.9063
gpu_tot_issued_cta = 32768
gpu_occupancy = 91.6639% 
gpu_tot_occupancy = 92.3347% 
max_total_param_size = 0
gpu_stall_dramfull = 0
gpu_stall_icnt2sh    = 0
partiton_level_parallism =       4.0533
partiton_level_parallism_total  =       4.1868
partiton_level_parallism_util =       4.6771
partiton_level_parallism_util_total  =       4.7899
L2_BW  =     168.6178 GB/Sec
L2_BW_total  =     174.1695 GB/Sec
gpu_total_sim_rate=624268

========= Core cache stats =========
L1I_cache:
	L1I_total_cache_accesses = 0
	L1I_total_cache_misses = 0
	L1I_total_cache_pending_hits = 0
	L1I_total_cache_reservation_fails = 0
L1D_cache:
	L1D_cache_core[0]: Access = 98736, Miss = 65824, Miss_rate = 0.667, Pending_hits = 0, Reservation_fails = 10336
	L1D_cache_core[1]: Access = 98112, Miss = 65408, Miss_rate = 0.667, Pending_hits = 0, Reservation_fails = 10770
	L1D_cache_core[2]: Access = 98352, Miss = 65568, Miss_rate = 0.667, Pending_hits = 0, Reservation_fails = 8519
	L1D_cache_core[3]: Access = 98736, Miss = 65824, Miss_rate = 0.667, Pending_hits = 0, Reservation_fails = 8759
	L1D_cache_core[4]: Access = 98688, Miss = 65792, Miss_rate = 0.667, Pending_hits = 0, Reservation_fails = 8378
	L1D_cache_core[5]: Access = 98304, Miss = 65536, Miss_rate = 0.667, Pending_hits = 0, Reservation_fails = 9087
	L1D_cache_core[6]: Access = 98832, Miss = 65888, Miss_rate = 0.667, Pending_hits = 0, Reservation_fails = 8055
	L1D_cache_core[7]: Access = 98400, Miss = 65600, Miss_rate = 0.667, Pending_hits = 0, Reservation_fails = 9990
	L1D_cache_core[8]: Access = 97680, Miss = 65120, Miss_rate = 0.667, Pending_hits = 0, Reservation_fails = 10395
	L1D_cache_core[9]: Access = 97776, Miss = 65184, Miss_rate = 0.667, Pending_hits = 0, Reservation_fails = 10070
	L1D_cache_core[10]: Access = 98304, Miss = 65536, Miss_rate = 0.667, Pending_hits = 0, Reservation_fails = 9861
	L1D_cache_core[11]: Access = 98208, Miss = 65472, Miss_rate = 0.667, Pending_hits = 0, Reservation_fails = 9372
	L1D_cache_core[12]: Access = 97824, Miss = 65216, Miss_rate = 0.667, Pending_hits = 0, Reservation_fails = 10535
	L1D_cache_core[13]: Access = 98736, Miss = 65824, Miss_rate = 0.667, Pending_hits = 0, Reservation_fails = 9510
	L1D_cache_core[14]: Access = 97632, Miss = 65088, Miss_rate = 0.667, Pending_hits = 0, Reservation_fails = 9768
	L1D_cache_core[15]: Access = 98544, Miss = 65696, Miss_rate = 0.667, Pending_hits = 0, Reservation_fails = 8861
	L1D_total_cache_accesses = 1572864
	L1D_total_cache_misses = 1048576
	L1D_total_cache_miss_rate = 0.6667
	L1D_total_cache_pending_hits = 0
	L1D_total_cache_reservation_fails = 152266
	L1D_cache_data_port_util = 0.143
	L1D_cache_fill_port_util = 0.143
L1C_cache:
	L1C_total_cache_accesses = 0
	L1C_total_cache_misses = 0
	L1C_total_cache_pending_hits = 0
	L1C_total_cache_reservation_fails = 0
L1T_cache:
	L1T_total_cache_accesses = 0
	L1T_total_cache_misses = 0
	L1T_total_cache_pending_hits = 0
	L1T_total_cache_reservation_fails = 0

Total_core_cache_stats:
	Total_core_cache_stats_breakdown[GLOBAL_ACC_R][HIT] = 131072
	Total_core_cache_stats_breakdown[GLOBAL_ACC_R][HIT_RESERVED] = 0
	Total_core_cache_stats_breakdown[GLOBAL_ACC_R][MISS] = 32768
	Total_core_cache_stats_breakdown[GLOBAL_ACC_R][RESERVATION_FAIL] = 29080
	Total_core_cache_stats_breakdown[GLOBAL_ACC_R][SECTOR_MISS] = 98304
	Total_core_cache_stats_breakdown[GLOBAL_ACC_R][MSHR_HIT] = 0
	Total_core_cache_stats_breakdown[LOCAL_ACC_R][HIT] = 0
	Total_core_cache_stats_breakdown[LOCAL_ACC_R][HIT_RESERVED] = 0
	Total_core_cache_stats_breakdown[LOCAL_ACC_R][MISS] = 0
	Total_core_cache_stats_breakdown[LOCAL_ACC_R][RESERVATION_FAIL] = 0
	Total_core_cache_stats_breakdown[LOCAL_ACC_R][SECTOR_MISS] = 0
	Total_core_cache_stats_breakdown[LOCAL_ACC_R][MSHR_HIT] = 0
	Total_core_cache_stats_breakdown[CONST_ACC_R][HIT] = 0
	Total_core_cache_stats_breakdown[CONST_ACC_R][HIT_RESERVED] = 0
	Total_core_cache_stats_breakdown[CONST_ACC_R][MISS] = 0
	Total_core_cache_stats_breakdown[CONST_ACC_R][RESERVATION_FAIL] = 0
	Total_core_cache_stats_breakdown[CONST_ACC_R][SECTOR_MISS] = 0
	Total_core_cache_stats_breakdown[CONST_ACC_R][MSHR_HIT] = 0
	Total_core_cache_stats_breakdown[TEXTURE_ACC_R][HIT] = 0
	Total_core_cache_stats_breakdown[TEXTURE_ACC_R][HIT_RESERVED] = 0
	Total_core_cache_stats_breakdown[TEXTURE_ACC_R][MISS] = 0
	Total_core_cache_stats_breakdown[TEXTURE_ACC_R][RESERVATION_FAIL] = 0
	Total_core_cache_stats_breakdown[TEXTURE_ACC_R][SECTOR_MISS] = 0
	Total_core_cache_stats_breakdown[TEXTURE_ACC_R][MSHR_HIT] = 0
	Total_core_cache_stats_breakdown[GLOBAL_ACC_W][HIT] = 0
	Total_core_cache_stats_breakdown[GLOBAL_ACC_W][HIT_RESERVED] = 0
	Total_core_cache_stats_breakdown[GLOBAL_ACC_W][MISS] = 32768
	Total_core_cache_stats_breakdown[GLOBAL_ACC_W][RESERVATION_FAIL] = 1546
	Total_core_cache_stats_breakdown[GLOBAL_ACC_W][SECTOR_MISS] = 98304
	Total_core_cache_stats_breakdown[GLOBAL_ACC_W][MSHR_HIT] = 0
	Total_core_cache_stats_breakdown[LOCAL_ACC_W][HIT] = 0
	Total_core_cache_stats_breakdown[LOCAL_ACC_W][HIT_RESERVED] = 0
	Total_core_cache_stats_breakdown[LOCAL_ACC_W][MISS] = 0
	Total_core_cache_stats_breakdown[LOCAL_ACC_W][RESERVATION_FAIL] = 0
	Total_core_cache_stats_breakdown[LOCAL_ACC_W][SECTOR_MISS] = 0
	Total_core_cache_stats_breakdown[LOCAL_ACC_W][MSHR_HIT] = 0
	Total_core_cache_stats_breakdown[L1_WRBK_ACC][HIT] = 0
	Total_core_cache_stats_breakdown[L1_WRBK_ACC][HIT_RESERVED] = 0
	Total_core_cache_stats_breakdown[L1_WRBK_ACC][MISS] = 0
	Total_core_cache_stats_breakdown[L1_WRBK_ACC][RESERVATION_FAIL] = 0
	Total_core_cache_stats_breakdown[L1_WRBK_ACC][SECTOR_MISS] = 0
	Total_core_cache_stats_breakdown[L1_WRBK_ACC][MSHR_HIT] = 0
	Total_core_cache_stats_breakdown[L2_WRBK_ACC][HIT] = 0
	Total_core_cache_stats_breakdown[L2_WRBK_ACC][HIT_RESERVED] = 0
	Total_core_cache_stats_breakdown[L2_WRBK_ACC][MISS] = 0
	Total_core_cache_stats_breakdown[L2_WRBK_ACC][RESERVATION_FAIL] = 0
	Total_core_cache_stats_breakdown[L2_WRBK_ACC][SECTOR_MISS] = 0
	Total_core_cache_stats_breakdown[L2_WRBK_ACC][MSHR_HIT] = 0
	Total_core_cache_stats_breakdown[INST_ACC_R][HIT] = 0
	Total_core_cache_stats_breakdown[INST_ACC_R][HIT_RESERVED] = 0
	Total_core_cache_stats_breakdown[INST_ACC_R][MISS] = 0
	Total_core_cache_stats_breakdown[INST_ACC_R][RESERVATION_FAIL] = 0
	Total_core_cache_stats_breakdown[INST_ACC_R][SECTOR_MISS] = 0
	Total_core_cache_stats_breakdown[INST_ACC_R][MSHR_HIT] = 0
	Total_core_cache_stats_breakdown[L1_WR_ALLOC_R][HIT] = 0
	Total_core_cache_stats_breakdown[L1_WR_ALLOC_R][HIT_RESERVED] = 0
	Total_core_cache_stats_breakdown[L1_WR_ALLOC_R][MISS] = 0
	Total_core_cache_stats_breakdown[L1_WR_ALLOC_R][RESERVATION_FAIL] = 0
	Total_core_cache_stats_breakdown[L1_WR_ALLOC_R][SECTOR_MISS] = 0
	Total_core_cache_stats_breakdown[L1_WR_ALLOC_R][MSHR_HIT] = 0
	Total_core_cache_stats_breakdown[L2_WR_ALLOC_R][HIT] = 0
	Total_core_cache_stats_breakdown[L2_WR_ALLOC_R][HIT_RESERVED] = 0
	Total_core_cache_stats_breakdown[L2_WR_ALLOC_R][MISS] = 0
	Total_core_cache_stats_breakdown[L2_WR_ALLOC_R][RESERVATION_FAIL] = 0
	Total_core_cache_stats_breakdown[L2_WR_ALLOC_R][SECTOR_MISS] = 0
	Total_core_cache_stats_breakdown[L2_WR_ALLOC_R][MSHR_HIT] = 0
	Total_core_cache_stats_breakdown[GLOBAL_ACC_R][TOTAL_ACCESS] = 262144
	Total_core_cache_stats_breakdown[GLOBAL_ACC_W][TOTAL_ACCESS] = 131072

Total_core_cache_fail_stats:
	Total_core_cache_fail_stats_breakdown[GLOBAL_ACC_R][MISS_QUEUE_FULL] = 29080
	Total_core_cache_fail_stats_breakdown[GLOBAL_ACC_W][MISS_QUEUE_FULL] = 1546
ctas_completed 32768, Shader 0 warp_id issue ditsribution:
warp_id:
0, 1, 2, 3, 4, 5, 6, 7, 8, 9, 10, 11, 12, 13, 14, 15, 16, 17, 18, 19, 20, 21, 22, 23, 24, 25, 26, 27, 28, 29, 30, 31, 32, 33, 34, 35, 36, 37, 38, 39, 40, 41, 42, 43, 44, 45, 46, 47, 
distro:
5742, 5742, 5742, 5742, 5709, 5709, 5709, 5709, 5676, 5676, 5676, 5676, 5610, 5610, 5610, 5610, 5742, 5742, 5742, 5742, 5610, 5610, 5610, 5610, 5676, 5676, 5676, 5676, 5676, 5676, 5676, 5676, 5577, 5577, 5577, 5577, 5544, 5544, 5544, 5544, 5676, 5676, 5676, 5676, 5643, 5643, 5643, 5643, 
gpgpu_n_tot_thrd_icount = 138412032
gpgpu_n_tot_w_icount = 4325376
gpgpu_n_stall_shd_mem = 3091
gpgpu_n_mem_read_local = 0
gpgpu_n_mem_write_local = 0
gpgpu_n_mem_read_global = 524288
gpgpu_n_mem_write_global = 524288
gpgpu_n_mem_texture = 0
gpgpu_n_mem_const = 0
gpgpu_n_load_insn  = 8388608
gpgpu_n_store_insn = 4194304
gpgpu_n_shmem_insn = 0
gpgpu_n_sstarr_insn = 0
gpgpu_n_tex_insn = 0
gpgpu_n_const_mem_insn = 0
gpgpu_n_param_mem_insn = 16777216
gpgpu_n_shmem_bkconflict = 0
gpgpu_n_l1cache_bkconflict = 3091
gpgpu_n_intrawarp_mshr_merge = 0
gpgpu_n_cmem_portconflict = 0
gpgpu_stall_shd_mem[c_mem][resource_stall] = 0
gpgpu_stall_shd_mem[s_mem][bk_conf] = 0
gpgpu_stall_shd_mem[gl_mem][resource_stall] = 3091
gpgpu_stall_shd_mem[gl_mem][coal_stall] = 0
gpgpu_stall_shd_mem[gl_mem][data_port_stall] = 0
gpu_reg_bank_conflict_stalls = 0
Warp Occupancy Distribution:
Stall:881171	W0_Idle:88042	W0_Scoreboard:9355155	W1:0	W2:0	W3:0	W4:0	W5:0	W6:0	W7:0	W8:0	W9:0	W10:0	W11:0	W12:0	W13:0	W14:0	W15:0	W16:0	W17:0	W18:0	W19:0	W20:0	W21:0	W22:0	W23:0	W24:0	W25:0	W26:0	W27:0	W28:0	W29:0	W30:0	W31:0	W32:4325376
single_issue_nums: WS0:1081344	WS1:1081344	WS2:1081344	WS3:1081344	
dual_issue_nums: WS0:0	WS1:0	WS2:0	WS3:0	
traffic_breakdown_coretomem[GLOBAL_ACC_R] = 4194304 {8:524288,}
traffic_breakdown_coretomem[GLOBAL_ACC_W] = 20971520 {40:524288,}
traffic_breakdown_memtocore[GLOBAL_ACC_R] = 20971520 {40:524288,}
traffic_breakdown_memtocore[GLOBAL_ACC_W] = 4194304 {8:524288,}
maxmflatency = 2024 
max_icnt2mem_latency = 231 
maxmrqlatency = 1620 
max_icnt2sh_latency = 149 
averagemflatency = 502 
avg_icnt2mem_latency = 49 
avg_mrq_latency = 198 
avg_icnt2sh_latency = 3 
mrq_lat_table:56207 	5421 	13554 	22336 	29972 	52432 	87690 	181248 	139161 	44627 	450 	0 	0 	0 	0 	0 	0 	0 	0 	0 	0 	0 	0 	0 	0 	0 	0 	0 	0 	0 	0 	0 	
dq_lat_table:0 	0 	0 	0 	0 	0 	0 	0 	0 	0 	0 	0 	0 	0 	0 	0 	0 	0 	0 	0 	0 	0 	0 	0 	0 	0 	0 	0 	0 	0 	0 	0 	
mf_lat_table:0 	0 	0 	0 	0 	0 	0 	495697 	35729 	468698 	48452 	0 	0 	0 	0 	0 	0 	0 	0 	0 	0 	0 	0 	0 	0 	0 	0 	0 	0 	0 	0 	0 	
icnt2mem_lat_table:0 	0 	0 	0 	0 	989852 	51768 	6956 	0 	0 	0 	0 	0 	0 	0 	0 	0 	0 	0 	0 	0 	0 	0 	0 	
icnt2sh_lat_table:0 	824946 	137056 	53194 	22725 	8767 	1867 	21 	0 	0 	0 	0 	0 	0 	0 	0 	0 	0 	0 	0 	0 	0 	0 	0 	
mf_lat_pw_table:0 	0 	0 	0 	0 	0 	0 	3 	255 	197 	3 	0 	0 	0 	0 	0 	0 	0 	0 	0 	0 	0 	0 	0 	0 	0 	0 	0 	0 	0 	0 	0 	
maximum concurrent accesses to same row:
dram[0]:        64        64        64        64        64        64        64        64        64        64        64        64        64        64        64        64 
dram[1]:        64        64        64        64        64        64        64        64        64        64        64        64        64        64        64        64 
dram[2]:        64        64        64        64        64        64        64        64        64        64        64        64        64        64        64        64 
dram[3]:        64        64        64        64        64        64        64        64        64        64        64        64        64        64        64        64 
dram[4]:        64        64        64        64        64        64        64        64        64        64        64        64        64        64        64        64 
dram[5]:        64        64        64        64        64        64        64        64        64        64        64        64        64        64        64        64 
dram[6]:        64        64        64        64        64        64        64        64        64        64        64        64        64        64        64        64 
dram[7]:        64        64        64        64        64        64        64        64        64        64        64        64        64        64        64        64 
dram[8]:        64        64        64        64        64        64        64        64        64        64        64        64        64        64        64        64 
dram[9]:        64        64        64        64        64        64        64        64        64        64        64        64        64        64        64        64 
dram[10]:        64        64        64        64        64        64        64        64        64        64        64        64        64        64        64        64 
dram[11]:        64        64        64        64        64        64        64        64        64        64        64        64        64        64        64        64 
dram[12]:        64        64        64        64        64        64        64        64        64        64        64        64        64        64        64        64 
dram[13]:        64        64        64        64        64        64        64        64        64        64        64        64        64        64        64        64 
dram[14]:        64        64        64        64        64        64        64        64        64        64        64        64        64        64        64        64 
dram[15]:        64        64        64        64        64        64        64        64        64        64        64        64        64        64        64        64 
maximum service time to same row:
dram[0]:     11484     11473     12030     12034      7180      7201      7432      7436      8527      8523      9330      9334      9704      9670     10725     10734 
dram[1]:     11477     11482     12025     12021      7226      7209      7428      7441      8537      8541      9339      9343      9659      9688     10727     10738 
dram[2]:     11423     11432     12034     12027      7162      7181      7436      7439      8550      8563      9333      9339      9776      9779     10690     10697 
dram[3]:     11436     11426     12043     12036      7154      7158      7427      7431      8559      8563      9326      9352      9768      9772     10701     10681 
dram[4]:     11466     11464     12076     12072      7144      7166      7458      7471      8543      8570      9376      9373      9707      9711     10747     10751 
dram[5]:     11455     11458     12060     12064      7172      7159      7467      7462      8533      8563      9365      9369      9711      9697     10721     10736 
dram[6]:     11448     11452     12093     12085      7198      7196      7438      7449      8500      8491      9326      9328      9697      9703     10705     10715 
dram[7]:     11438     11442     12095     12090      7207      7193      7442      7445      8501      8498      9326      9323      9700      9694     10721     10719 
dram[8]:     11449     11436     12075     12085      7083      7102      7422      7434      8488      8491      9401      9416      9664      9659     10790     10784 
dram[9]:     11445     11440     12079     12086      7129      7106      7430      7426      8502      8507      9404      9409      9656      9668     10780     10788 
dram[10]:     11452     11468     12040     12047      7194      7198      7414      7410      8505      8515      9347      9339      9740      9737     10682     10695 
dram[11]:     11453     11448     12036     12043      7192      7202      7418      7422      8510      8518      9343      9352      9739      9736     10688     10691 
dram[12]:     11457     11462     12047     12042      7142      7155      7440      7428      8537      8530      9311      9316      9668      9673     10725     10720 
dram[13]:     11465     11469     12056     12069      7150      7166      7432      7436      8543      8546      9307      9320      9660      9664     10730     10716 
dram[14]:     11439     11443     12059     12055      7205      7214      7422      7434      8413      8420      9290      9286      9749      9776     10702     10712 
dram[15]:     11447     11435     12047     12051      7206      7189      7426      7430      8416      8424      9282      9294      9760      9755     10708     10717 
average row accesses per activate:
dram[0]: 36.298508 36.298508 23.161905 22.311926 39.935482 41.333332 24.959999 25.469387 39.612904 39.612904 22.899082 23.111111 41.599998 41.599998 23.547171 24.000000 
dram[1]: 37.415386 37.415386 21.522123 21.714285 39.935482 39.935482 22.899082 22.486486 39.612904 39.612904 23.771429 23.547171 40.258064 40.258064 24.470589 23.547171 
dram[2]: 36.298508 37.415386 20.436975 21.147825 40.000000 40.000000 22.088495 22.486486 41.066666 41.066666 24.470589 24.233009 41.583332 41.583332 22.486486 22.690908 
dram[3]: 36.298508 36.298508 20.786325 21.333334 41.333332 41.333332 23.327103 23.547171 41.133335 41.066666 24.000000 24.000000 41.583332 41.583332 23.547171 23.111111 
dram[4]: 36.298508 36.298508 22.518518 22.311926 39.935482 39.935482 23.327103 22.088495 39.677418 39.677418 26.000000 23.111111 41.599998 41.599998 24.000000 24.000000 
dram[5]: 35.246376 36.298508 20.099174 20.436975 39.935482 39.935482 21.894737 21.894737 38.437500 38.437500 24.712872 24.470589 40.258064 41.599998 23.547171 23.547171 
dram[6]: 37.415386 37.415386 21.714285 21.522123 39.870968 39.935482 23.111111 23.547171 41.000000 40.933334 22.899082 22.285715 40.258064 40.258064 23.327103 22.899082 
dram[7]: 37.415386 37.415386 21.909910 22.728971 39.935482 39.870968 22.486486 22.285715 39.677418 41.000000 21.704348 22.088495 41.599998 41.599998 24.233009 23.771429 
dram[8]: 37.415386 37.415386 22.518518 21.333334 41.266666 41.266666 24.470589 24.712872 40.933334 41.000000 22.285715 22.088495 41.599998 41.599998 24.470589 22.899082 
dram[9]: 36.298508 37.415386 21.909910 21.522123 41.200001 41.200001 23.111111 23.111111 39.612904 39.677418 24.712872 24.959999 40.258064 40.258064 23.547171 23.547171 
dram[10]: 37.415386 37.415386 21.909910 22.518518 41.200001 41.200001 23.771429 23.771429 39.677418 41.133335 24.000000 24.959999 41.583332 41.583332 23.771429 23.327103 
dram[11]: 37.415386 36.298508 21.522123 21.909910 41.266666 41.200001 22.486486 22.690908 41.066666 41.066666 23.547171 24.000000 41.599998 41.599998 23.327103 22.899082 
dram[12]: 37.415386 37.415386 22.518518 23.384615 41.200001 41.200001 22.899082 22.899082 41.133335 41.000000 24.712872 23.327103 41.599998 40.258064 23.327103 22.899082 
dram[13]: 37.415386 37.415386 20.266666 21.333334 41.200001 41.200001 23.547171 23.327103 41.133335 41.133335 22.690908 22.088495 41.583332 41.583332 24.233009 24.233009 
dram[14]: 36.298508 36.298508 24.079208 23.611650 41.200001 41.200001 23.547171 23.547171 41.133335 41.133335 24.712872 24.712872 41.583332 41.583332 22.690908 23.327103 
dram[15]: 37.415386 36.298508 21.714285 21.522123 41.200001 41.200001 22.690908 22.285715 41.066666 41.133335 24.712872 24.712872 40.258064 40.258064 21.517241 21.517241 
average row locality = 633098/21758 = 29.097252
number of total memory accesses made:
dram[0]:         0         0         0         0         0         0         0         0         0         0         0         0         0         0         0         0 
dram[1]:         0         0         0         0         0         0         0         0         0         0         0         0         0         0         0         0 
dram[2]:         0         0         0         0         0         0         0         0         0         0         0         0         0         0         0         0 
dram[3]:         0         0         0         0         0         0         0         0         0         0         0         0         0         0         0         0 
dram[4]:         0         0         0         0         0         0         0         0         0         0         0         0         0         0         0         0 
dram[5]:         0         0         0         0         0         0         0         0         0         0         0         0         0         0         0         0 
dram[6]:         0         0         0         0         0         0         0         0         0         0         0         0         0         0         0         0 
dram[7]:         0         0         0         0         0         0         0         0         0         0         0         0         0         0         0         0 
dram[8]:         0         0         0         0         0         0         0         0         0         0         0         0         0         0         0         0 
dram[9]:         0         0         0         0         0         0         0         0         0         0         0         0         0         0         0         0 
dram[10]:         0         0         0         0         0         0         0         0         0         0         0         0         0         0         0         0 
dram[11]:         0         0         0         0         0         0         0         0         0         0         0         0         0         0         0         0 
dram[12]:         0         0         0         0         0         0         0         0         0         0         0         0         0         0         0         0 
dram[13]:         0         0         0         0         0         0         0         0         0         0         0         0         0         0         0         0 
dram[14]:         0         0         0         0         0         0         0         0         0         0         0         0         0         0         0         0 
dram[15]:         0         0         0         0         0         0         0         0         0         0         0         0         0         0         0         0 
total accesses: 0
min_bank_accesses = 0!
min_chip_accesses = 0!
number of total read accesses:
dram[0]:      1984      1984      1984      1984      2028      2032      2048      2048      2008      2008      2048      2048      2048      2048      2048      2048 
dram[1]:      1984      1984      1984      1984      2028      2028      2048      2048      2008      2008      2048      2048      2048      2048      2048      2048 
dram[2]:      1984      1984      1984      1984      2032      2032      2048      2048      2016      2016      2048      2048      2048      2048      2048      2048 
dram[3]:      1984      1984      1984      1984      2032      2032      2048      2048      2020      2016      2048      2048      2048      2048      2048      2048 
dram[4]:      1984      1984      1984      1984      2028      2028      2048      2048      2012      2012      2048      2048      2048      2048      2048      2048 
dram[5]:      1984      1984      1984      1984      2028      2028      2048      2048      2012      2012      2048      2048      2048      2048      2048      2048 
dram[6]:      1984      1984      1984      1984      2024      2028      2048      2048      2012      2008      2048      2048      2048      2048      2048      2048 
dram[7]:      1984      1984      1984      1984      2028      2024      2048      2048      2012      2012      2048      2048      2048      2048      2048      2048 
dram[8]:      1984      1984      1984      1984      2028      2028      2048      2048      2008      2012      2048      2048      2048      2048      2048      2048 
dram[9]:      1984      1984      1984      1984      2024      2024      2048      2048      2008      2012      2048      2048      2048      2048      2048      2048 
dram[10]:      1984      1984      1984      1984      2024      2024      2048      2048      2012      2020      2048      2048      2048      2048      2048      2048 
dram[11]:      1984      1984      1984      1984      2028      2024      2048      2048      2016      2016      2048      2048      2048      2048      2048      2048 
dram[12]:      1984      1984      1984      1984      2024      2024      2048      2048      2020      2012      2048      2048      2048      2048      2048      2048 
dram[13]:      1984      1984      1984      1984      2024      2024      2048      2048      2020      2020      2048      2048      2048      2048      2048      2048 
dram[14]:      1984      1984      1984      1984      2024      2024      2048      2048      2020      2020      2048      2048      2048      2048      2048      2048 
dram[15]:      1984      1984      1984      1984      2024      2024      2048      2048      2016      2020      2048      2048      2048      2048      2048      2048 
total dram reads = 518420
bank skew: 2048/1984 = 1.03
chip skew: 32420/32388 = 1.00
number of total write accesses:
dram[0]:      1792      1792      1792      1792      1792      1792      1792      1792      1792      1792      1792      1792      1792      1792      1792      1792 
dram[1]:      1792      1792      1792      1792      1792      1792      1792      1792      1792      1792      1792      1792      1792      1792      1792      1792 
dram[2]:      1792      1792      1792      1792      1792      1792      1792      1792      1792      1792      1792      1792      1788      1788      1792      1792 
dram[3]:      1792      1792      1792      1792      1792      1792      1792      1792      1792      1792      1792      1792      1788      1788      1792      1792 
dram[4]:      1792      1792      1792      1792      1792      1792      1792      1792      1792      1792      1792      1792      1792      1792      1792      1792 
dram[5]:      1792      1792      1792      1792      1792      1792      1792      1792      1792      1792      1792      1792      1792      1792      1792      1792 
dram[6]:      1792      1792      1792      1792      1792      1792      1792      1792      1792      1792      1792      1792      1792      1792      1792      1792 
dram[7]:      1792      1792      1792      1792      1792      1792      1792      1792      1792      1792      1792      1792      1792      1792      1792      1792 
dram[8]:      1792      1792      1792      1792      1792      1792      1792      1792      1792      1792      1792      1792      1792      1792      1792      1792 
dram[9]:      1792      1792      1792      1792      1792      1792      1792      1792      1792      1792      1792      1792      1792      1792      1792      1792 
dram[10]:      1792      1792      1792      1792      1792      1792      1792      1792      1792      1792      1792      1792      1788      1788      1792      1792 
dram[11]:      1792      1792      1792      1792      1792      1792      1792      1792      1792      1792      1792      1792      1792      1792      1792      1792 
dram[12]:      1792      1792      1792      1792      1792      1792      1792      1792      1792      1792      1792      1792      1792      1792      1792      1792 
dram[13]:      1792      1792      1792      1792      1792      1792      1792      1792      1792      1792      1792      1792      1788      1788      1792      1792 
dram[14]:      1792      1792      1792      1792      1792      1792      1792      1792      1792      1792      1792      1792      1788      1788      1792      1792 
dram[15]:      1792      1792      1792      1792      1792      1792      1792      1792      1792      1792      1792      1792      1792      1792      1792      1792 
total dram writes = 458712
bank skew: 1792/1788 = 1.00
chip skew: 28672/28664 = 1.00
average mf latency per bank:
dram[0]:        536       546       553       557       540       550       550       541       529       534       542       547       529       534       556       566
dram[1]:        541       547       531       531       522       525       520       521       529       534       545       547       551       556       562       558
dram[2]:        524       531       544       546       538       545       546       545       532       539       530       538       538       541       542       548
dram[3]:        535       544       531       540       536       542       527       534       526       532       537       539       530       535       550       565
dram[4]:        526       540       551       551       538       543       547       549       529       534       542       549       552       559       559       564
dram[5]:        518       525       542       541       540       548       529       528       517       522       529       539       533       538       542       545
dram[6]:        521       529       531       541       540       546       531       539       514       521       522       532       525       531       537       540
dram[7]:        532       542       522       536       523       525       516       520       534       537       551       552       555       560       571       564
dram[8]:        531       540       550       549       537       540       528       528       516       518       536       539       540       546       551       558
dram[9]:        531       539       561       555       548       558       552       546       525       532       536       538       527       530       534       539
dram[10]:        526       532       553       559       539       544       525       521       521       527       545       534       545       549       550       553
dram[11]:        538       544       535       537       527       530       517       516       520       525       534       536       531       537       546       540
dram[12]:        527       533       543       547       524       528       514       511       506       510       536       542       538       543       552       556
dram[13]:        518       524       554       560       553       558       541       533       520       523       550       548       521       530       552       550
dram[14]:        533       541       540       545       540       548       523       536       533       539       556       557       538       542       569       554
dram[15]:        528       532       547       544       546       552       539       535       517       522       540       539       537       546       535       536
maximum mf latency per bank:
dram[0]:       1564      1609      1754      1789      1331      1335      1438      1666      1312      1301      1430      1535      1576      1577      1597      1596
dram[1]:       1571      1561      1755      1745      1171      1175      1347      1397      1226      1227      1307      1305      1350      1352      1524      1481
dram[2]:       2024      1654      1708      1795      1294      1293      1495      1526      1161      1154      1255      1518      1372      1368      1330      1372
dram[3]:       1597      1603      1767      1762      1218      1219      1357      1422      1306      1306      1389      1414      1362      1363      1305      1329
dram[4]:       1578      1657      1714      1807      1374      1379      1454      1966      1357      1357      1321      1351      1448      1453      1451      1488
dram[5]:       1581      1601      1756      1752      1273      1275      1318      1332      1308      1328      1367      1405      1432      1434      1460      1369
dram[6]:       1527      1575      1746      1762      1415      1413      1494      1509      1289      1318      1369      1389      1278      1284      1658      1737
dram[7]:       1531      1520      1740      1746      1222      1228      1268      1311      1335      1340      1527      1661      1392      1505      1568      1443
dram[8]:       1551      1606      1751      1773      1335      1337      1358      1367      1233      1237      1403      1448      1345      1345      1337      1376
dram[9]:       1978      1580      1742      1780      1332      1334      1364      1360      1309      1310      1270      1273      1280      1282      1344      1297
dram[10]:       1546      1589      1740      1768      1249      1240      1461      1354      1259      1263      1586      1330      1302      1347      1454      1399
dram[11]:       1582      1580      1765      1753      1182      1184      1396      1390      1317      1323      1265      1323      1292      1295      1489      1346
dram[12]:       1561      1577      1735      1756      1265      1271      1340      1342      1290      1295      1351      1387      1512      1518      1312      1325
dram[13]:       1555      1578      1760      1762      1266      1268      1566      1382      1315      1320      1472      1592      1409      1453      1488      1470
dram[14]:       1568      1586      1746      1756      1282      1301      1975      1354      1292      1288      1431      1569      1446      1448      1400      1415
dram[15]:       1631      1992      1721      1781      1277      1279      1424      1336      1204      1205      1360      1373      1449      1452      1293      1307
Memory Partition 0: 
Cache L2_bank_000:
MSHR contents

Cache L2_bank_001:
MSHR contents

In Dram Latency Queue (total = 0): 
DRAM[0]: 16 bks, busW=2 BL=16 CL=24, tRRD=12 tCCD=4, tRCD=24 tRAS=55 tRP=24 tRC=78
n_cmd=308243 n_nop=244570 n_act=1339 n_pre=1323 n_ref_event=0 n_req=39564 n_rd=32396 n_rd_L2_A=0 n_write=0 n_wr_bk=28672 bw_util=0.7925
n_activity=267725 dram_eff=0.9124
bk0: 1984a 241123i bk1: 1984a 239764i bk2: 1984a 241162i bk3: 1984a 240460i bk4: 2028a 239928i bk5: 2032a 237565i bk6: 2048a 236442i bk7: 2048a 235338i bk8: 2008a 239623i bk9: 2008a 238412i bk10: 2048a 236895i bk11: 2048a 236547i bk12: 2048a 241937i bk13: 2048a 240560i bk14: 2048a 238634i bk15: 2048a 236562i 

------------------------------------------------------------------------

Row_Buffer_Locality = 0.966156
Row_Buffer_Locality_read = 0.980738
Row_Buffer_Locality_write = 0.900251
Bank_Level_Parallism = 4.373334
Bank_Level_Parallism_Col = 4.225400
Bank_Level_Parallism_Ready = 1.702752
write_to_read_ratio_blp_rw_average = 0.540286
GrpLevelPara = 3.106573 

BW Util details:
bwutil = 0.792466 
total_CMD = 308243 
util_bw = 244272 
Wasted_Col = 17741 
Wasted_Row = 1768 
Idle = 44462 

BW Util Bottlenecks: 
RCDc_limit = 3377 
RCDWRc_limit = 1130 
WTRc_limit = 13831 
RTWc_limit = 21441 
CCDLc_limit = 10320 
rwq = 0 
CCDLc_limit_alone = 7647 
WTRc_limit_alone = 12931 
RTWc_limit_alone = 19668 

Commands details: 
total_CMD = 308243 
n_nop = 244570 
Read = 32396 
Write = 0 
L2_Alloc = 0 
L2_WB = 28672 
n_act = 1339 
n_pre = 1323 
n_ref = 0 
n_req = 39564 
total_req = 61068 

Dual Bus Interface Util: 
issued_total_row = 2662 
issued_total_col = 61068 
Row_Bus_Util =  0.008636 
CoL_Bus_Util = 0.198116 
Either_Row_CoL_Bus_Util = 0.206568 
Issued_on_Two_Bus_Simul_Util = 0.000185 
issued_two_Eff = 0.000895 
queue_avg = 32.441315 


dram_util_bins: 0 0 0 0 0 0 0 0 0 0
dram_eff_bins: 0 0 0 0 0 0 0 0 0 0
mrqq: max=64 avg=32.4413
Memory Partition 1: 
Cache L2_bank_002:
MSHR contents

Cache L2_bank_003:
MSHR contents

In Dram Latency Queue (total = 0): 
DRAM[1]: 16 bks, busW=2 BL=16 CL=24, tRRD=12 tCCD=4, tRCD=24 tRAS=55 tRP=24 tRC=78
n_cmd=308243 n_nop=244537 n_act=1366 n_pre=1350 n_ref_event=0 n_req=39560 n_rd=32392 n_rd_L2_A=0 n_write=0 n_wr_bk=28672 bw_util=0.7924
n_activity=267373 dram_eff=0.9135
bk0: 1984a 244226i bk1: 1984a 242830i bk2: 1984a 242642i bk3: 1984a 243561i bk4: 2028a 241188i bk5: 2028a 240248i bk6: 2048a 238055i bk7: 2048a 236258i bk8: 2008a 239638i bk9: 2008a 239310i bk10: 2048a 239974i bk11: 2048a 239837i bk12: 2048a 241061i bk13: 2048a 239749i bk14: 2048a 238735i bk15: 2048a 239061i 

------------------------------------------------------------------------

Row_Buffer_Locality = 0.965470
Row_Buffer_Locality_read = 0.980489
Row_Buffer_Locality_write = 0.897600
Bank_Level_Parallism = 4.286375
Bank_Level_Parallism_Col = 4.140830
Bank_Level_Parallism_Ready = 1.672928
write_to_read_ratio_blp_rw_average = 0.529293
GrpLevelPara = 3.061375 

BW Util details:
bwutil = 0.792414 
total_CMD = 308243 
util_bw = 244256 
Wasted_Col = 16647 
Wasted_Row = 2258 
Idle = 45082 

BW Util Bottlenecks: 
RCDc_limit = 3759 
RCDWRc_limit = 1259 
WTRc_limit = 12217 
RTWc_limit = 18521 
CCDLc_limit = 7887 
rwq = 0 
CCDLc_limit_alone = 5888 
WTRc_limit_alone = 11573 
RTWc_limit_alone = 17166 

Commands details: 
total_CMD = 308243 
n_nop = 244537 
Read = 32392 
Write = 0 
L2_Alloc = 0 
L2_WB = 28672 
n_act = 1366 
n_pre = 1350 
n_ref = 0 
n_req = 39560 
total_req = 61064 

Dual Bus Interface Util: 
issued_total_row = 2716 
issued_total_col = 61064 
Row_Bus_Util =  0.008811 
CoL_Bus_Util = 0.198103 
Either_Row_CoL_Bus_Util = 0.206675 
Issued_on_Two_Bus_Simul_Util = 0.000240 
issued_two_Eff = 0.001162 
queue_avg = 30.886305 


dram_util_bins: 0 0 0 0 0 0 0 0 0 0
dram_eff_bins: 0 0 0 0 0 0 0 0 0 0
mrqq: max=64 avg=30.8863
Memory Partition 2: 
Cache L2_bank_004:
MSHR contents

Cache L2_bank_005:
MSHR contents

In Dram Latency Queue (total = 2): 
Ready @ 250562 -   mf: uid=3918862, sid4294967295:w4294967295, part=2, addr=0xc01e7480, store, size=128, L2_WRBK  status = IN_PARTITION_DRAM_LATENCY_QUEUE (250308), 
Ready @ 250575 -   mf: uid=3918865, sid4294967295:w4294967295, part=2, addr=0xc01e7400, store, size=128, L2_WRBK  status = IN_PARTITION_DRAM_LATENCY_QUEUE (250321), 
DRAM[2]: 16 bks, busW=2 BL=16 CL=24, tRRD=12 tCCD=4, tRCD=24 tRAS=55 tRP=24 tRC=78
n_cmd=308243 n_nop=244476 n_act=1380 n_pre=1364 n_ref_event=0 n_req=39582 n_rd=32416 n_rd_L2_A=0 n_write=0 n_wr_bk=28664 bw_util=0.7926
n_activity=267426 dram_eff=0.9136
bk0: 1984a 242088i bk1: 1984a 242260i bk2: 1984a 240018i bk3: 1984a 237754i bk4: 2032a 241220i bk5: 2032a 239592i bk6: 2048a 234097i bk7: 2048a 234612i bk8: 2016a 240324i bk9: 2016a 239449i bk10: 2048a 239440i bk11: 2048a 239408i bk12: 2048a 243238i bk13: 2048a 241989i bk14: 2048a 241240i bk15: 2048a 239629i 

------------------------------------------------------------------------

Row_Buffer_Locality = 0.965136
Row_Buffer_Locality_read = 0.980257
Row_Buffer_Locality_write = 0.896735
Bank_Level_Parallism = 4.329394
Bank_Level_Parallism_Col = 4.186472
Bank_Level_Parallism_Ready = 1.711925
write_to_read_ratio_blp_rw_average = 0.541343
GrpLevelPara = 3.086997 

BW Util details:
bwutil = 0.792621 
total_CMD = 308243 
util_bw = 244320 
Wasted_Col = 16190 
Wasted_Row = 2512 
Idle = 45221 

BW Util Bottlenecks: 
RCDc_limit = 3824 
RCDWRc_limit = 1387 
WTRc_limit = 11400 
RTWc_limit = 18229 
CCDLc_limit = 8076 
rwq = 0 
CCDLc_limit_alone = 6145 
WTRc_limit_alone = 10623 
RTWc_limit_alone = 17075 

Commands details: 
total_CMD = 308243 
n_nop = 244476 
Read = 32416 
Write = 0 
L2_Alloc = 0 
L2_WB = 28664 
n_act = 1380 
n_pre = 1364 
n_ref = 0 
n_req = 39582 
total_req = 61080 

Dual Bus Interface Util: 
issued_total_row = 2744 
issued_total_col = 61080 
Row_Bus_Util =  0.008902 
CoL_Bus_Util = 0.198155 
Either_Row_CoL_Bus_Util = 0.206872 
Issued_on_Two_Bus_Simul_Util = 0.000185 
issued_two_Eff = 0.000894 
queue_avg = 31.499073 


dram_util_bins: 0 0 0 0 0 0 0 0 0 0
dram_eff_bins: 0 0 0 0 0 0 0 0 0 0
mrqq: max=64 avg=31.4991
Memory Partition 3: 
Cache L2_bank_006:
MSHR contents

Cache L2_bank_007:
MSHR contents

In Dram Latency Queue (total = 2): 
Ready @ 250453 -   mf: uid=3918853, sid4294967295:w4294967295, part=3, addr=0xc01e7580, store, size=128, L2_WRBK  status = IN_PARTITION_DRAM_LATENCY_QUEUE (250199), 
Ready @ 250503 -   mf: uid=3918859, sid4294967295:w4294967295, part=3, addr=0xc01e7500, store, size=128, L2_WRBK  status = IN_PARTITION_DRAM_LATENCY_QUEUE (250249), 
DRAM[3]: 16 bks, busW=2 BL=16 CL=24, tRRD=12 tCCD=4, tRCD=24 tRAS=55 tRP=24 tRC=78
n_cmd=308243 n_nop=244524 n_act=1360 n_pre=1344 n_ref_event=0 n_req=39586 n_rd=32420 n_rd_L2_A=0 n_write=0 n_wr_bk=28664 bw_util=0.7927
n_activity=268368 dram_eff=0.9105
bk0: 1984a 244460i bk1: 1984a 242928i bk2: 1984a 238212i bk3: 1984a 240524i bk4: 2032a 245065i bk5: 2032a 243994i bk6: 2048a 236200i bk7: 2048a 236469i bk8: 2020a 239039i bk9: 2016a 238109i bk10: 2048a 237631i bk11: 2048a 237758i bk12: 2048a 241209i bk13: 2048a 239043i bk14: 2048a 242659i bk15: 2048a 239740i 

------------------------------------------------------------------------

Row_Buffer_Locality = 0.965644
Row_Buffer_Locality_read = 0.980352
Row_Buffer_Locality_write = 0.899107
Bank_Level_Parallism = 4.287879
Bank_Level_Parallism_Col = 4.141673
Bank_Level_Parallism_Ready = 1.652656
write_to_read_ratio_blp_rw_average = 0.530991
GrpLevelPara = 3.084370 

BW Util details:
bwutil = 0.792673 
total_CMD = 308243 
util_bw = 244336 
Wasted_Col = 17605 
Wasted_Row = 2052 
Idle = 44250 

BW Util Bottlenecks: 
RCDc_limit = 3435 
RCDWRc_limit = 1366 
WTRc_limit = 14235 
RTWc_limit = 19165 
CCDLc_limit = 9466 
rwq = 0 
CCDLc_limit_alone = 7287 
WTRc_limit_alone = 13448 
RTWc_limit_alone = 17773 

Commands details: 
total_CMD = 308243 
n_nop = 244524 
Read = 32420 
Write = 0 
L2_Alloc = 0 
L2_WB = 28664 
n_act = 1360 
n_pre = 1344 
n_ref = 0 
n_req = 39586 
total_req = 61084 

Dual Bus Interface Util: 
issued_total_row = 2704 
issued_total_col = 61084 
Row_Bus_Util =  0.008772 
CoL_Bus_Util = 0.198168 
Either_Row_CoL_Bus_Util = 0.206717 
Issued_on_Two_Bus_Simul_Util = 0.000224 
issued_two_Eff = 0.001083 
queue_avg = 31.046677 


dram_util_bins: 0 0 0 0 0 0 0 0 0 0
dram_eff_bins: 0 0 0 0 0 0 0 0 0 0
mrqq: max=64 avg=31.0467
Memory Partition 4: 
Cache L2_bank_008:
MSHR contents

Cache L2_bank_009:
MSHR contents

In Dram Latency Queue (total = 0): 
DRAM[4]: 16 bks, busW=2 BL=16 CL=24, tRRD=12 tCCD=4, tRCD=24 tRAS=55 tRP=24 tRC=78
n_cmd=308243 n_nop=244557 n_act=1351 n_pre=1335 n_ref_event=0 n_req=39568 n_rd=32400 n_rd_L2_A=0 n_write=0 n_wr_bk=28672 bw_util=0.7925
n_activity=267085 dram_eff=0.9146
bk0: 1984a 243880i bk1: 1984a 241355i bk2: 1984a 241866i bk3: 1984a 239785i bk4: 2028a 239999i bk5: 2028a 238179i bk6: 2048a 235258i bk7: 2048a 236358i bk8: 2012a 238504i bk9: 2012a 236947i bk10: 2048a 237835i bk11: 2048a 236915i bk12: 2048a 240377i bk13: 2048a 239084i bk14: 2048a 239970i bk15: 2048a 239575i 

------------------------------------------------------------------------

Row_Buffer_Locality = 0.965856
Row_Buffer_Locality_read = 0.980772
Row_Buffer_Locality_write = 0.898438
Bank_Level_Parallism = 4.367801
Bank_Level_Parallism_Col = 4.219831
Bank_Level_Parallism_Ready = 1.707419
write_to_read_ratio_blp_rw_average = 0.541595
GrpLevelPara = 3.120183 

BW Util details:
bwutil = 0.792518 
total_CMD = 308243 
util_bw = 244288 
Wasted_Col = 16764 
Wasted_Row = 1935 
Idle = 45256 

BW Util Bottlenecks: 
RCDc_limit = 3344 
RCDWRc_limit = 1075 
WTRc_limit = 12698 
RTWc_limit = 19845 
CCDLc_limit = 8944 
rwq = 0 
CCDLc_limit_alone = 6844 
WTRc_limit_alone = 12067 
RTWc_limit_alone = 18376 

Commands details: 
total_CMD = 308243 
n_nop = 244557 
Read = 32400 
Write = 0 
L2_Alloc = 0 
L2_WB = 28672 
n_act = 1351 
n_pre = 1335 
n_ref = 0 
n_req = 39568 
total_req = 61072 

Dual Bus Interface Util: 
issued_total_row = 2686 
issued_total_col = 61072 
Row_Bus_Util =  0.008714 
CoL_Bus_Util = 0.198129 
Either_Row_CoL_Bus_Util = 0.206610 
Issued_on_Two_Bus_Simul_Util = 0.000234 
issued_two_Eff = 0.001131 
queue_avg = 32.769314 


dram_util_bins: 0 0 0 0 0 0 0 0 0 0
dram_eff_bins: 0 0 0 0 0 0 0 0 0 0
mrqq: max=64 avg=32.7693
Memory Partition 5: 
Cache L2_bank_010:
MSHR contents

Cache L2_bank_011:
MSHR contents

In Dram Latency Queue (total = 0): 
DRAM[5]: 16 bks, busW=2 BL=16 CL=24, tRRD=12 tCCD=4, tRCD=24 tRAS=55 tRP=24 tRC=78
n_cmd=308243 n_nop=244472 n_act=1393 n_pre=1377 n_ref_event=0 n_req=39568 n_rd=32400 n_rd_L2_A=0 n_write=0 n_wr_bk=28672 bw_util=0.7925
n_activity=267344 dram_eff=0.9138
bk0: 1984a 241453i bk1: 1984a 240573i bk2: 1984a 239558i bk3: 1984a 240780i bk4: 2028a 242533i bk5: 2028a 241395i bk6: 2048a 237304i bk7: 2048a 235800i bk8: 2012a 242674i bk9: 2012a 241134i bk10: 2048a 239566i bk11: 2048a 238558i bk12: 2048a 244328i bk13: 2048a 242686i bk14: 2048a 241643i bk15: 2048a 241435i 

------------------------------------------------------------------------

Row_Buffer_Locality = 0.964795
Row_Buffer_Locality_read = 0.979969
Row_Buffer_Locality_write = 0.896205
Bank_Level_Parallism = 4.263774
Bank_Level_Parallism_Col = 4.112020
Bank_Level_Parallism_Ready = 1.654349
write_to_read_ratio_blp_rw_average = 0.539182
GrpLevelPara = 3.069017 

BW Util details:
bwutil = 0.792518 
total_CMD = 308243 
util_bw = 244288 
Wasted_Col = 16903 
Wasted_Row = 2173 
Idle = 44879 

BW Util Bottlenecks: 
RCDc_limit = 3818 
RCDWRc_limit = 1207 
WTRc_limit = 13515 
RTWc_limit = 19161 
CCDLc_limit = 8800 
rwq = 0 
CCDLc_limit_alone = 6557 
WTRc_limit_alone = 12702 
RTWc_limit_alone = 17731 

Commands details: 
total_CMD = 308243 
n_nop = 244472 
Read = 32400 
Write = 0 
L2_Alloc = 0 
L2_WB = 28672 
n_act = 1393 
n_pre = 1377 
n_ref = 0 
n_req = 39568 
total_req = 61072 

Dual Bus Interface Util: 
issued_total_row = 2770 
issued_total_col = 61072 
Row_Bus_Util =  0.008986 
CoL_Bus_Util = 0.198129 
Either_Row_CoL_Bus_Util = 0.206885 
Issued_on_Two_Bus_Simul_Util = 0.000230 
issued_two_Eff = 0.001113 
queue_avg = 30.790474 


dram_util_bins: 0 0 0 0 0 0 0 0 0 0
dram_eff_bins: 0 0 0 0 0 0 0 0 0 0
mrqq: max=64 avg=30.7905
Memory Partition 6: 
Cache L2_bank_012:
MSHR contents

Cache L2_bank_013:
MSHR contents

In Dram Latency Queue (total = 0): 
DRAM[6]: 16 bks, busW=2 BL=16 CL=24, tRRD=12 tCCD=4, tRCD=24 tRAS=55 tRP=24 tRC=78
n_cmd=308243 n_nop=244508 n_act=1374 n_pre=1358 n_ref_event=0 n_req=39560 n_rd=32392 n_rd_L2_A=0 n_write=0 n_wr_bk=28672 bw_util=0.7924
n_activity=267386 dram_eff=0.9135
bk0: 1984a 243503i bk1: 1984a 241367i bk2: 1984a 243240i bk3: 1984a 242283i bk4: 2024a 240204i bk5: 2028a 237996i bk6: 2048a 235049i bk7: 2048a 236199i bk8: 2012a 243844i bk9: 2008a 241766i bk10: 2048a 240682i bk11: 2048a 240032i bk12: 2048a 240190i bk13: 2048a 239714i bk14: 2048a 240958i bk15: 2048a 239652i 

------------------------------------------------------------------------

Row_Buffer_Locality = 0.965268
Row_Buffer_Locality_read = 0.980119
Row_Buffer_Locality_write = 0.898158
Bank_Level_Parallism = 4.289108
Bank_Level_Parallism_Col = 4.142173
Bank_Level_Parallism_Ready = 1.662713
write_to_read_ratio_blp_rw_average = 0.539591
GrpLevelPara = 3.090043 

BW Util details:
bwutil = 0.792414 
total_CMD = 308243 
util_bw = 244256 
Wasted_Col = 16519 
Wasted_Row = 2279 
Idle = 45189 

BW Util Bottlenecks: 
RCDc_limit = 3524 
RCDWRc_limit = 1261 
WTRc_limit = 12035 
RTWc_limit = 20146 
CCDLc_limit = 8509 
rwq = 0 
CCDLc_limit_alone = 6137 
WTRc_limit_alone = 11256 
RTWc_limit_alone = 18553 

Commands details: 
total_CMD = 308243 
n_nop = 244508 
Read = 32392 
Write = 0 
L2_Alloc = 0 
L2_WB = 28672 
n_act = 1374 
n_pre = 1358 
n_ref = 0 
n_req = 39560 
total_req = 61064 

Dual Bus Interface Util: 
issued_total_row = 2732 
issued_total_col = 61064 
Row_Bus_Util =  0.008863 
CoL_Bus_Util = 0.198103 
Either_Row_CoL_Bus_Util = 0.206769 
Issued_on_Two_Bus_Simul_Util = 0.000198 
issued_two_Eff = 0.000957 
queue_avg = 30.689592 


dram_util_bins: 0 0 0 0 0 0 0 0 0 0
dram_eff_bins: 0 0 0 0 0 0 0 0 0 0
mrqq: max=64 avg=30.6896
Memory Partition 7: 
Cache L2_bank_014:
MSHR contents

Cache L2_bank_015:
MSHR contents

In Dram Latency Queue (total = 0): 
DRAM[7]: 16 bks, busW=2 BL=16 CL=24, tRRD=12 tCCD=4, tRCD=24 tRAS=55 tRP=24 tRC=78
n_cmd=308243 n_nop=244514 n_act=1373 n_pre=1357 n_ref_event=0 n_req=39564 n_rd=32396 n_rd_L2_A=0 n_write=0 n_wr_bk=28672 bw_util=0.7925
n_activity=267559 dram_eff=0.913
bk0: 1984a 246700i bk1: 1984a 244470i bk2: 1984a 245903i bk3: 1984a 243665i bk4: 2028a 239937i bk5: 2024a 238899i bk6: 2048a 239508i bk7: 2048a 240400i bk8: 2012a 239440i bk9: 2012a 238525i bk10: 2048a 240050i bk11: 2048a 239183i bk12: 2048a 238746i bk13: 2048a 237616i bk14: 2048a 238878i bk15: 2048a 240582i 

------------------------------------------------------------------------

Row_Buffer_Locality = 0.965297
Row_Buffer_Locality_read = 0.980306
Row_Buffer_Locality_write = 0.897461
Bank_Level_Parallism = 4.264013
Bank_Level_Parallism_Col = 4.120853
Bank_Level_Parallism_Ready = 1.659562
write_to_read_ratio_blp_rw_average = 0.539948
GrpLevelPara = 3.053878 

BW Util details:
bwutil = 0.792466 
total_CMD = 308243 
util_bw = 244272 
Wasted_Col = 16459 
Wasted_Row = 2448 
Idle = 45064 

BW Util Bottlenecks: 
RCDc_limit = 3822 
RCDWRc_limit = 1363 
WTRc_limit = 12119 
RTWc_limit = 18663 
CCDLc_limit = 8273 
rwq = 0 
CCDLc_limit_alone = 6203 
WTRc_limit_alone = 11388 
RTWc_limit_alone = 17324 

Commands details: 
total_CMD = 308243 
n_nop = 244514 
Read = 32396 
Write = 0 
L2_Alloc = 0 
L2_WB = 28672 
n_act = 1373 
n_pre = 1357 
n_ref = 0 
n_req = 39564 
total_req = 61068 

Dual Bus Interface Util: 
issued_total_row = 2730 
issued_total_col = 61068 
Row_Bus_Util =  0.008857 
CoL_Bus_Util = 0.198116 
Either_Row_CoL_Bus_Util = 0.206749 
Issued_on_Two_Bus_Simul_Util = 0.000224 
issued_two_Eff = 0.001083 
queue_avg = 31.421307 


dram_util_bins: 0 0 0 0 0 0 0 0 0 0
dram_eff_bins: 0 0 0 0 0 0 0 0 0 0
mrqq: max=64 avg=31.4213
Memory Partition 8: 
Cache L2_bank_016:
MSHR contents

Cache L2_bank_017:
MSHR contents

In Dram Latency Queue (total = 0): 
DRAM[8]: 16 bks, busW=2 BL=16 CL=24, tRRD=12 tCCD=4, tRCD=24 tRAS=55 tRP=24 tRC=78
n_cmd=308243 n_nop=244550 n_act=1351 n_pre=1335 n_ref_event=0 n_req=39564 n_rd=32396 n_rd_L2_A=0 n_write=0 n_wr_bk=28672 bw_util=0.7925
n_activity=267205 dram_eff=0.9142
bk0: 1984a 243211i bk1: 1984a 242328i bk2: 1984a 240368i bk3: 1984a 239430i bk4: 2028a 243297i bk5: 2028a 241990i bk6: 2048a 238153i bk7: 2048a 237453i bk8: 2008a 239550i bk9: 2012a 238038i bk10: 2048a 241919i bk11: 2048a 240933i bk12: 2048a 240332i bk13: 2048a 238580i bk14: 2048a 239481i bk15: 2048a 239247i 

------------------------------------------------------------------------

Row_Buffer_Locality = 0.965853
Row_Buffer_Locality_read = 0.980646
Row_Buffer_Locality_write = 0.898996
Bank_Level_Parallism = 4.292295
Bank_Level_Parallism_Col = 4.153857
Bank_Level_Parallism_Ready = 1.694605
write_to_read_ratio_blp_rw_average = 0.536321
GrpLevelPara = 3.110700 

BW Util details:
bwutil = 0.792466 
total_CMD = 308243 
util_bw = 244272 
Wasted_Col = 16426 
Wasted_Row = 2589 
Idle = 44956 

BW Util Bottlenecks: 
RCDc_limit = 3972 
RCDWRc_limit = 1310 
WTRc_limit = 13306 
RTWc_limit = 18103 
CCDLc_limit = 8154 
rwq = 0 
CCDLc_limit_alone = 6058 
WTRc_limit_alone = 12479 
RTWc_limit_alone = 16834 

Commands details: 
total_CMD = 308243 
n_nop = 244550 
Read = 32396 
Write = 0 
L2_Alloc = 0 
L2_WB = 28672 
n_act = 1351 
n_pre = 1335 
n_ref = 0 
n_req = 39564 
total_req = 61068 

Dual Bus Interface Util: 
issued_total_row = 2686 
issued_total_col = 61068 
Row_Bus_Util =  0.008714 
CoL_Bus_Util = 0.198116 
Either_Row_CoL_Bus_Util = 0.206632 
Issued_on_Two_Bus_Simul_Util = 0.000198 
issued_two_Eff = 0.000958 
queue_avg = 31.382397 


dram_util_bins: 0 0 0 0 0 0 0 0 0 0
dram_eff_bins: 0 0 0 0 0 0 0 0 0 0
mrqq: max=64 avg=31.3824
Memory Partition 9: 
Cache L2_bank_018:
MSHR contents

Cache L2_bank_019:
MSHR contents

In Dram Latency Queue (total = 0): 
DRAM[9]: 16 bks, busW=2 BL=16 CL=24, tRRD=12 tCCD=4, tRCD=24 tRAS=55 tRP=24 tRC=78
n_cmd=308243 n_nop=244560 n_act=1353 n_pre=1337 n_ref_event=0 n_req=39556 n_rd=32388 n_rd_L2_A=0 n_write=0 n_wr_bk=28672 bw_util=0.7924
n_activity=267566 dram_eff=0.9128
bk0: 1984a 242923i bk1: 1984a 243112i bk2: 1984a 242365i bk3: 1984a 241268i bk4: 2024a 240419i bk5: 2024a 239783i bk6: 2048a 236788i bk7: 2048a 234463i bk8: 2008a 242908i bk9: 2012a 241543i bk10: 2048a 242796i bk11: 2048a 242678i bk12: 2048a 243659i bk13: 2048a 241479i bk14: 2048a 243390i bk15: 2048a 242752i 

------------------------------------------------------------------------

Row_Buffer_Locality = 0.965795
Row_Buffer_Locality_read = 0.980672
Row_Buffer_Locality_write = 0.898577
Bank_Level_Parallism = 4.217986
Bank_Level_Parallism_Col = 4.072063
Bank_Level_Parallism_Ready = 1.631112
write_to_read_ratio_blp_rw_average = 0.537192
GrpLevelPara = 3.069525 

BW Util details:
bwutil = 0.792362 
total_CMD = 308243 
util_bw = 244240 
Wasted_Col = 17189 
Wasted_Row = 2217 
Idle = 44597 

BW Util Bottlenecks: 
RCDc_limit = 3630 
RCDWRc_limit = 1241 
WTRc_limit = 14128 
RTWc_limit = 18385 
CCDLc_limit = 8873 
rwq = 0 
CCDLc_limit_alone = 6633 
WTRc_limit_alone = 13151 
RTWc_limit_alone = 17122 

Commands details: 
total_CMD = 308243 
n_nop = 244560 
Read = 32388 
Write = 0 
L2_Alloc = 0 
L2_WB = 28672 
n_act = 1353 
n_pre = 1337 
n_ref = 0 
n_req = 39556 
total_req = 61060 

Dual Bus Interface Util: 
issued_total_row = 2690 
issued_total_col = 61060 
Row_Bus_Util =  0.008727 
CoL_Bus_Util = 0.198090 
Either_Row_CoL_Bus_Util = 0.206600 
Issued_on_Two_Bus_Simul_Util = 0.000217 
issued_two_Eff = 0.001052 
queue_avg = 31.423584 


dram_util_bins: 0 0 0 0 0 0 0 0 0 0
dram_eff_bins: 0 0 0 0 0 0 0 0 0 0
mrqq: max=64 avg=31.4236
Memory Partition 10: 
Cache L2_bank_020:
MSHR contents

Cache L2_bank_021:
MSHR contents

In Dram Latency Queue (total = 2): 
Ready @ 250518 -   mf: uid=3918860, sid4294967295:w4294967295, part=10, addr=0xc01e7c80, store, size=128, L2_WRBK  status = IN_PARTITION_DRAM_LATENCY_QUEUE (250264), 
Ready @ 250522 -   mf: uid=3918861, sid4294967295:w4294967295, part=10, addr=0xc01e7c00, store, size=128, L2_WRBK  status = IN_PARTITION_DRAM_LATENCY_QUEUE (250268), 
DRAM[10]: 16 bks, busW=2 BL=16 CL=24, tRRD=12 tCCD=4, tRCD=24 tRAS=55 tRP=24 tRC=78
n_cmd=308243 n_nop=244593 n_act=1337 n_pre=1321 n_ref_event=0 n_req=39566 n_rd=32400 n_rd_L2_A=0 n_write=0 n_wr_bk=28664 bw_util=0.7924
n_activity=267959 dram_eff=0.9115
bk0: 1984a 243077i bk1: 1984a 242590i bk2: 1984a 242492i bk3: 1984a 242026i bk4: 2024a 239780i bk5: 2024a 239150i bk6: 2048a 235231i bk7: 2048a 235228i bk8: 2012a 241511i bk9: 2020a 239997i bk10: 2048a 236108i bk11: 2048a 237576i bk12: 2048a 240327i bk13: 2048a 239068i bk14: 2048a 240746i bk15: 2048a 241657i 

------------------------------------------------------------------------

Row_Buffer_Locality = 0.966208
Row_Buffer_Locality_read = 0.980802
Row_Buffer_Locality_write = 0.900223
Bank_Level_Parallism = 4.315987
Bank_Level_Parallism_Col = 4.171045
Bank_Level_Parallism_Ready = 1.654422
write_to_read_ratio_blp_rw_average = 0.533924
GrpLevelPara = 3.082990 

BW Util details:
bwutil = 0.792414 
total_CMD = 308243 
util_bw = 244256 
Wasted_Col = 17477 
Wasted_Row = 1969 
Idle = 44541 

BW Util Bottlenecks: 
RCDc_limit = 3556 
RCDWRc_limit = 1138 
WTRc_limit = 13540 
RTWc_limit = 20743 
CCDLc_limit = 9555 
rwq = 0 
CCDLc_limit_alone = 7270 
WTRc_limit_alone = 12814 
RTWc_limit_alone = 19184 

Commands details: 
total_CMD = 308243 
n_nop = 244593 
Read = 32400 
Write = 0 
L2_Alloc = 0 
L2_WB = 28664 
n_act = 1337 
n_pre = 1321 
n_ref = 0 
n_req = 39566 
total_req = 61064 

Dual Bus Interface Util: 
issued_total_row = 2658 
issued_total_col = 61064 
Row_Bus_Util =  0.008623 
CoL_Bus_Util = 0.198103 
Either_Row_CoL_Bus_Util = 0.206493 
Issued_on_Two_Bus_Simul_Util = 0.000234 
issued_two_Eff = 0.001131 
queue_avg = 31.432753 


dram_util_bins: 0 0 0 0 0 0 0 0 0 0
dram_eff_bins: 0 0 0 0 0 0 0 0 0 0
mrqq: max=64 avg=31.4328
Memory Partition 11: 
Cache L2_bank_022:
MSHR contents

Cache L2_bank_023:
MSHR contents

In Dram Latency Queue (total = 0): 
DRAM[11]: 16 bks, busW=2 BL=16 CL=24, tRRD=12 tCCD=4, tRCD=24 tRAS=55 tRP=24 tRC=78
n_cmd=308243 n_nop=244532 n_act=1363 n_pre=1347 n_ref_event=0 n_req=39572 n_rd=32404 n_rd_L2_A=0 n_write=0 n_wr_bk=28672 bw_util=0.7926
n_activity=267884 dram_eff=0.912
bk0: 1984a 243132i bk1: 1984a 240695i bk2: 1984a 243832i bk3: 1984a 242343i bk4: 2028a 241640i bk5: 2024a 241531i bk6: 2048a 235590i bk7: 2048a 234854i bk8: 2016a 240833i bk9: 2016a 239996i bk10: 2048a 239195i bk11: 2048a 238805i bk12: 2048a 242292i bk13: 2048a 241317i bk14: 2048a 240696i bk15: 2048a 239755i 

------------------------------------------------------------------------

Row_Buffer_Locality = 0.965556
Row_Buffer_Locality_read = 0.980465
Row_Buffer_Locality_write = 0.898158
Bank_Level_Parallism = 4.278844
Bank_Level_Parallism_Col = 4.132839
Bank_Level_Parallism_Ready = 1.655770
write_to_read_ratio_blp_rw_average = 0.531598
GrpLevelPara = 3.083414 

BW Util details:
bwutil = 0.792570 
total_CMD = 308243 
util_bw = 244304 
Wasted_Col = 17223 
Wasted_Row = 2153 
Idle = 44563 

BW Util Bottlenecks: 
RCDc_limit = 3724 
RCDWRc_limit = 1397 
WTRc_limit = 13003 
RTWc_limit = 19093 
CCDLc_limit = 8970 
rwq = 0 
CCDLc_limit_alone = 6790 
WTRc_limit_alone = 12188 
RTWc_limit_alone = 17728 

Commands details: 
total_CMD = 308243 
n_nop = 244532 
Read = 32404 
Write = 0 
L2_Alloc = 0 
L2_WB = 28672 
n_act = 1363 
n_pre = 1347 
n_ref = 0 
n_req = 39572 
total_req = 61076 

Dual Bus Interface Util: 
issued_total_row = 2710 
issued_total_col = 61076 
Row_Bus_Util =  0.008792 
CoL_Bus_Util = 0.198142 
Either_Row_CoL_Bus_Util = 0.206691 
Issued_on_Two_Bus_Simul_Util = 0.000243 
issued_two_Eff = 0.001177 
queue_avg = 30.269625 


dram_util_bins: 0 0 0 0 0 0 0 0 0 0
dram_eff_bins: 0 0 0 0 0 0 0 0 0 0
mrqq: max=64 avg=30.2696
Memory Partition 12: 
Cache L2_bank_024:
MSHR contents

Cache L2_bank_025:
MSHR contents

In Dram Latency Queue (total = 0): 
DRAM[12]: 16 bks, busW=2 BL=16 CL=24, tRRD=12 tCCD=4, tRCD=24 tRAS=55 tRP=24 tRC=78
n_cmd=308243 n_nop=244563 n_act=1346 n_pre=1330 n_ref_event=0 n_req=39568 n_rd=32400 n_rd_L2_A=0 n_write=0 n_wr_bk=28672 bw_util=0.7925
n_activity=267627 dram_eff=0.9128
bk0: 1984a 244951i bk1: 1984a 243179i bk2: 1984a 243347i bk3: 1984a 242868i bk4: 2024a 242089i bk5: 2024a 240821i bk6: 2048a 237048i bk7: 2048a 237147i bk8: 2020a 242446i bk9: 2012a 241983i bk10: 2048a 239081i bk11: 2048a 238538i bk12: 2048a 240276i bk13: 2048a 239027i bk14: 2048a 240722i bk15: 2048a 239754i 

------------------------------------------------------------------------

Row_Buffer_Locality = 0.965983
Row_Buffer_Locality_read = 0.980833
Row_Buffer_Locality_write = 0.898856
Bank_Level_Parallism = 4.261445
Bank_Level_Parallism_Col = 4.117805
Bank_Level_Parallism_Ready = 1.653651
write_to_read_ratio_blp_rw_average = 0.541572
GrpLevelPara = 3.078853 

BW Util details:
bwutil = 0.792518 
total_CMD = 308243 
util_bw = 244288 
Wasted_Col = 16772 
Wasted_Row = 2155 
Idle = 45028 

BW Util Bottlenecks: 
RCDc_limit = 3408 
RCDWRc_limit = 1268 
WTRc_limit = 13569 
RTWc_limit = 18780 
CCDLc_limit = 8137 
rwq = 0 
CCDLc_limit_alone = 6115 
WTRc_limit_alone = 12665 
RTWc_limit_alone = 17662 

Commands details: 
total_CMD = 308243 
n_nop = 244563 
Read = 32400 
Write = 0 
L2_Alloc = 0 
L2_WB = 28672 
n_act = 1346 
n_pre = 1330 
n_ref = 0 
n_req = 39568 
total_req = 61072 

Dual Bus Interface Util: 
issued_total_row = 2676 
issued_total_col = 61072 
Row_Bus_Util =  0.008681 
CoL_Bus_Util = 0.198129 
Either_Row_CoL_Bus_Util = 0.206590 
Issued_on_Two_Bus_Simul_Util = 0.000221 
issued_two_Eff = 0.001068 
queue_avg = 30.038218 


dram_util_bins: 0 0 0 0 0 0 0 0 0 0
dram_eff_bins: 0 0 0 0 0 0 0 0 0 0
mrqq: max=64 avg=30.0382
Memory Partition 13: 
Cache L2_bank_026:
MSHR contents

Cache L2_bank_027:
MSHR contents

In Dram Latency Queue (total = 2): 
Ready @ 250645 -   mf: uid=3918866, sid4294967295:w4294967295, part=13, addr=0xc01e7b00, store, size=128, L2_WRBK  status = IN_PARTITION_DRAM_LATENCY_QUEUE (250391), 
Ready @ 250696 -   mf: uid=3918867, sid4294967295:w4294967295, part=13, addr=0xc01e7b80, store, size=128, L2_WRBK  status = IN_PARTITION_DRAM_LATENCY_QUEUE (250442), 
DRAM[13]: 16 bks, busW=2 BL=16 CL=24, tRRD=12 tCCD=4, tRCD=24 tRAS=55 tRP=24 tRC=78
n_cmd=308243 n_nop=244519 n_act=1366 n_pre=1350 n_ref_event=0 n_req=39574 n_rd=32408 n_rd_L2_A=0 n_write=0 n_wr_bk=28664 bw_util=0.7925
n_activity=268122 dram_eff=0.9111
bk0: 1984a 244831i bk1: 1984a 243956i bk2: 1984a 241885i bk3: 1984a 243185i bk4: 2024a 241944i bk5: 2024a 239826i bk6: 2048a 237072i bk7: 2048a 236019i bk8: 2020a 239826i bk9: 2020a 238422i bk10: 2048a 241802i bk11: 2048a 239916i bk12: 2048a 243321i bk13: 2048a 243053i bk14: 2048a 240213i bk15: 2048a 240303i 

------------------------------------------------------------------------

Row_Buffer_Locality = 0.965482
Row_Buffer_Locality_read = 0.980313
Row_Buffer_Locality_write = 0.898409
Bank_Level_Parallism = 4.244159
Bank_Level_Parallism_Col = 4.094482
Bank_Level_Parallism_Ready = 1.669025
write_to_read_ratio_blp_rw_average = 0.536853
GrpLevelPara = 3.054964 

BW Util details:
bwutil = 0.792518 
total_CMD = 308243 
util_bw = 244288 
Wasted_Col = 17537 
Wasted_Row = 1977 
Idle = 44441 

BW Util Bottlenecks: 
RCDc_limit = 3196 
RCDWRc_limit = 1311 
WTRc_limit = 12708 
RTWc_limit = 20472 
CCDLc_limit = 9218 
rwq = 0 
CCDLc_limit_alone = 6931 
WTRc_limit_alone = 11989 
RTWc_limit_alone = 18904 

Commands details: 
total_CMD = 308243 
n_nop = 244519 
Read = 32408 
Write = 0 
L2_Alloc = 0 
L2_WB = 28664 
n_act = 1366 
n_pre = 1350 
n_ref = 0 
n_req = 39574 
total_req = 61072 

Dual Bus Interface Util: 
issued_total_row = 2716 
issued_total_col = 61072 
Row_Bus_Util =  0.008811 
CoL_Bus_Util = 0.198129 
Either_Row_CoL_Bus_Util = 0.206733 
Issued_on_Two_Bus_Simul_Util = 0.000208 
issued_two_Eff = 0.001004 
queue_avg = 31.352650 


dram_util_bins: 0 0 0 0 0 0 0 0 0 0
dram_eff_bins: 0 0 0 0 0 0 0 0 0 0
mrqq: max=64 avg=31.3526
Memory Partition 14: 
Cache L2_bank_028:
MSHR contents

Cache L2_bank_029:
MSHR contents

In Dram Latency Queue (total = 2): 
Ready @ 250562 -   mf: uid=3918863, sid4294967295:w4294967295, part=14, addr=0xc01e7800, store, size=128, L2_WRBK  status = IN_PARTITION_DRAM_LATENCY_QUEUE (250308), 
Ready @ 250570 -   mf: uid=3918864, sid4294967295:w4294967295, part=14, addr=0xc01e7880, store, size=128, L2_WRBK  status = IN_PARTITION_DRAM_LATENCY_QUEUE (250316), 
DRAM[14]: 16 bks, busW=2 BL=16 CL=24, tRRD=12 tCCD=4, tRCD=24 tRAS=55 tRP=24 tRC=78
n_cmd=308243 n_nop=244586 n_act=1329 n_pre=1313 n_ref_event=0 n_req=39574 n_rd=32408 n_rd_L2_A=0 n_write=0 n_wr_bk=28664 bw_util=0.7925
n_activity=267367 dram_eff=0.9137
bk0: 1984a 242939i bk1: 1984a 241477i bk2: 1984a 242448i bk3: 1984a 240907i bk4: 2024a 240207i bk5: 2024a 239089i bk6: 2048a 235639i bk7: 2048a 235635i bk8: 2020a 237159i bk9: 2020a 235843i bk10: 2048a 236599i bk11: 2048a 236619i bk12: 2048a 239462i bk13: 2048a 238427i bk14: 2048a 240120i bk15: 2048a 240902i 

------------------------------------------------------------------------

Row_Buffer_Locality = 0.966417
Row_Buffer_Locality_read = 0.980900
Row_Buffer_Locality_write = 0.900921
Bank_Level_Parallism = 4.374278
Bank_Level_Parallism_Col = 4.225320
Bank_Level_Parallism_Ready = 1.724441
write_to_read_ratio_blp_rw_average = 0.546458
GrpLevelPara = 3.117441 

BW Util details:
bwutil = 0.792518 
total_CMD = 308243 
util_bw = 244288 
Wasted_Col = 17264 
Wasted_Row = 1655 
Idle = 45036 

BW Util Bottlenecks: 
RCDc_limit = 3290 
RCDWRc_limit = 995 
WTRc_limit = 12594 
RTWc_limit = 21856 
CCDLc_limit = 9997 
rwq = 0 
CCDLc_limit_alone = 7481 
WTRc_limit_alone = 11776 
RTWc_limit_alone = 20158 

Commands details: 
total_CMD = 308243 
n_nop = 244586 
Read = 32408 
Write = 0 
L2_Alloc = 0 
L2_WB = 28664 
n_act = 1329 
n_pre = 1313 
n_ref = 0 
n_req = 39574 
total_req = 61072 

Dual Bus Interface Util: 
issued_total_row = 2642 
issued_total_col = 61072 
Row_Bus_Util =  0.008571 
CoL_Bus_Util = 0.198129 
Either_Row_CoL_Bus_Util = 0.206516 
Issued_on_Two_Bus_Simul_Util = 0.000185 
issued_two_Eff = 0.000895 
queue_avg = 32.269695 


dram_util_bins: 0 0 0 0 0 0 0 0 0 0
dram_eff_bins: 0 0 0 0 0 0 0 0 0 0
mrqq: max=64 avg=32.2697
Memory Partition 15: 
Cache L2_bank_030:
MSHR contents

Cache L2_bank_031:
MSHR contents

In Dram Latency Queue (total = 0): 
DRAM[15]: 16 bks, busW=2 BL=16 CL=24, tRRD=12 tCCD=4, tRCD=24 tRAS=55 tRP=24 tRC=78
n_cmd=308243 n_nop=244495 n_act=1377 n_pre=1361 n_ref_event=0 n_req=39572 n_rd=32404 n_rd_L2_A=0 n_write=0 n_wr_bk=28672 bw_util=0.7926
n_activity=267868 dram_eff=0.912
bk0: 1984a 242781i bk1: 1984a 242323i bk2: 1984a 242471i bk3: 1984a 241135i bk4: 2024a 238857i bk5: 2024a 237807i bk6: 2048a 235054i bk7: 2048a 234264i bk8: 2016a 243386i bk9: 2020a 241320i bk10: 2048a 241843i bk11: 2048a 241170i bk12: 2048a 244026i bk13: 2048a 242692i bk14: 2048a 241936i bk15: 2048a 240843i 

------------------------------------------------------------------------

Row_Buffer_Locality = 0.965203
Row_Buffer_Locality_read = 0.980249
Row_Buffer_Locality_write = 0.897182
Bank_Level_Parallism = 4.260326
Bank_Level_Parallism_Col = 4.112956
Bank_Level_Parallism_Ready = 1.668920
write_to_read_ratio_blp_rw_average = 0.537004
GrpLevelPara = 3.057348 

BW Util details:
bwutil = 0.792570 
total_CMD = 308243 
util_bw = 244304 
Wasted_Col = 16912 
Wasted_Row = 2338 
Idle = 44689 

BW Util Bottlenecks: 
RCDc_limit = 3736 
RCDWRc_limit = 1265 
WTRc_limit = 11978 
RTWc_limit = 19424 
CCDLc_limit = 8424 
rwq = 0 
CCDLc_limit_alone = 6489 
WTRc_limit_alone = 11299 
RTWc_limit_alone = 18168 

Commands details: 
total_CMD = 308243 
n_nop = 244495 
Read = 32404 
Write = 0 
L2_Alloc = 0 
L2_WB = 28672 
n_act = 1377 
n_pre = 1361 
n_ref = 0 
n_req = 39572 
total_req = 61076 

Dual Bus Interface Util: 
issued_total_row = 2738 
issued_total_col = 61076 
Row_Bus_Util =  0.008883 
CoL_Bus_Util = 0.198142 
Either_Row_CoL_Bus_Util = 0.206811 
Issued_on_Two_Bus_Simul_Util = 0.000214 
issued_two_Eff = 0.001035 
queue_avg = 30.890068 


dram_util_bins: 0 0 0 0 0 0 0 0 0 0
dram_eff_bins: 0 0 0 0 0 0 0 0 0 0
mrqq: max=64 avg=30.8901

========= L2 cache stats =========
L2_cache_bank[0]: Access = 32768, Miss = 32584, Miss_rate = 0.994, Pending_hits = 0, Reservation_fails = 0
L2_cache_bank[1]: Access = 32768, Miss = 32580, Miss_rate = 0.994, Pending_hits = 0, Reservation_fails = 0
L2_cache_bank[2]: Access = 32768, Miss = 32580, Miss_rate = 0.994, Pending_hits = 0, Reservation_fails = 0
L2_cache_bank[3]: Access = 32768, Miss = 32580, Miss_rate = 0.994, Pending_hits = 0, Reservation_fails = 0
L2_cache_bank[4]: Access = 32768, Miss = 32592, Miss_rate = 0.995, Pending_hits = 0, Reservation_fails = 0
L2_cache_bank[5]: Access = 32768, Miss = 32592, Miss_rate = 0.995, Pending_hits = 0, Reservation_fails = 0
L2_cache_bank[6]: Access = 32768, Miss = 32596, Miss_rate = 0.995, Pending_hits = 0, Reservation_fails = 0
L2_cache_bank[7]: Access = 32768, Miss = 32592, Miss_rate = 0.995, Pending_hits = 0, Reservation_fails = 0
L2_cache_bank[8]: Access = 32768, Miss = 32584, Miss_rate = 0.994, Pending_hits = 0, Reservation_fails = 0
L2_cache_bank[9]: Access = 32768, Miss = 32584, Miss_rate = 0.994, Pending_hits = 0, Reservation_fails = 0
L2_cache_bank[10]: Access = 32768, Miss = 32584, Miss_rate = 0.994, Pending_hits = 0, Reservation_fails = 0
L2_cache_bank[11]: Access = 32768, Miss = 32584, Miss_rate = 0.994, Pending_hits = 0, Reservation_fails = 0
L2_cache_bank[12]: Access = 32768, Miss = 32580, Miss_rate = 0.994, Pending_hits = 0, Reservation_fails = 0
L2_cache_bank[13]: Access = 32768, Miss = 32580, Miss_rate = 0.994, Pending_hits = 0, Reservation_fails = 0
L2_cache_bank[14]: Access = 32768, Miss = 32580, Miss_rate = 0.994, Pending_hits = 0, Reservation_fails = 0
L2_cache_bank[15]: Access = 32768, Miss = 32584, Miss_rate = 0.994, Pending_hits = 0, Reservation_fails = 0
L2_cache_bank[16]: Access = 32768, Miss = 32584, Miss_rate = 0.994, Pending_hits = 0, Reservation_fails = 0
L2_cache_bank[17]: Access = 32768, Miss = 32580, Miss_rate = 0.994, Pending_hits = 0, Reservation_fails = 0
L2_cache_bank[18]: Access = 32768, Miss = 32580, Miss_rate = 0.994, Pending_hits = 0, Reservation_fails = 0
L2_cache_bank[19]: Access = 32768, Miss = 32576, Miss_rate = 0.994, Pending_hits = 0, Reservation_fails = 0
L2_cache_bank[20]: Access = 32768, Miss = 32584, Miss_rate = 0.994, Pending_hits = 0, Reservation_fails = 0
L2_cache_bank[21]: Access = 32768, Miss = 32584, Miss_rate = 0.994, Pending_hits = 0, Reservation_fails = 0
L2_cache_bank[22]: Access = 32768, Miss = 32584, Miss_rate = 0.994, Pending_hits = 0, Reservation_fails = 0
L2_cache_bank[23]: Access = 32768, Miss = 32588, Miss_rate = 0.995, Pending_hits = 0, Reservation_fails = 0
L2_cache_bank[24]: Access = 32768, Miss = 32580, Miss_rate = 0.994, Pending_hits = 0, Reservation_fails = 0
L2_cache_bank[25]: Access = 32768, Miss = 32588, Miss_rate = 0.995, Pending_hits = 0, Reservation_fails = 0
L2_cache_bank[26]: Access = 32768, Miss = 32588, Miss_rate = 0.995, Pending_hits = 0, Reservation_fails = 0
L2_cache_bank[27]: Access = 32768, Miss = 32588, Miss_rate = 0.995, Pending_hits = 0, Reservation_fails = 0
L2_cache_bank[28]: Access = 32768, Miss = 32588, Miss_rate = 0.995, Pending_hits = 0, Reservation_fails = 0
L2_cache_bank[29]: Access = 32768, Miss = 32588, Miss_rate = 0.995, Pending_hits = 0, Reservation_fails = 0
L2_cache_bank[30]: Access = 32768, Miss = 32588, Miss_rate = 0.995, Pending_hits = 0, Reservation_fails = 0
L2_cache_bank[31]: Access = 32768, Miss = 32584, Miss_rate = 0.994, Pending_hits = 0, Reservation_fails = 0
L2_total_cache_accesses = 1048576
L2_total_cache_misses = 1042708
L2_total_cache_miss_rate = 0.9944
L2_total_cache_pending_hits = 0
L2_total_cache_reservation_fails = 0
L2_total_cache_breakdown:
	L2_cache_stats_breakdown[GLOBAL_ACC_R][HIT] = 0
	L2_cache_stats_breakdown[GLOBAL_ACC_R][HIT_RESERVED] = 0
	L2_cache_stats_breakdown[GLOBAL_ACC_R][MISS] = 32768
	L2_cache_stats_breakdown[GLOBAL_ACC_R][RESERVATION_FAIL] = 0
	L2_cache_stats_breakdown[GLOBAL_ACC_R][SECTOR_MISS] = 98304
	L2_cache_stats_breakdown[GLOBAL_ACC_R][MSHR_HIT] = 0
	L2_cache_stats_breakdown[LOCAL_ACC_R][HIT] = 0
	L2_cache_stats_breakdown[LOCAL_ACC_R][HIT_RESERVED] = 0
	L2_cache_stats_breakdown[LOCAL_ACC_R][MISS] = 0
	L2_cache_stats_breakdown[LOCAL_ACC_R][RESERVATION_FAIL] = 0
	L2_cache_stats_breakdown[LOCAL_ACC_R][SECTOR_MISS] = 0
	L2_cache_stats_breakdown[LOCAL_ACC_R][MSHR_HIT] = 0
	L2_cache_stats_breakdown[CONST_ACC_R][HIT] = 0
	L2_cache_stats_breakdown[CONST_ACC_R][HIT_RESERVED] = 0
	L2_cache_stats_breakdown[CONST_ACC_R][MISS] = 0
	L2_cache_stats_breakdown[CONST_ACC_R][RESERVATION_FAIL] = 0
	L2_cache_stats_breakdown[CONST_ACC_R][SECTOR_MISS] = 0
	L2_cache_stats_breakdown[CONST_ACC_R][MSHR_HIT] = 0
	L2_cache_stats_breakdown[TEXTURE_ACC_R][HIT] = 0
	L2_cache_stats_breakdown[TEXTURE_ACC_R][HIT_RESERVED] = 0
	L2_cache_stats_breakdown[TEXTURE_ACC_R][MISS] = 0
	L2_cache_stats_breakdown[TEXTURE_ACC_R][RESERVATION_FAIL] = 0
	L2_cache_stats_breakdown[TEXTURE_ACC_R][SECTOR_MISS] = 0
	L2_cache_stats_breakdown[TEXTURE_ACC_R][MSHR_HIT] = 0
	L2_cache_stats_breakdown[GLOBAL_ACC_W][HIT] = 0
	L2_cache_stats_breakdown[GLOBAL_ACC_W][HIT_RESERVED] = 0
	L2_cache_stats_breakdown[GLOBAL_ACC_W][MISS] = 32768
	L2_cache_stats_breakdown[GLOBAL_ACC_W][RESERVATION_FAIL] = 0
	L2_cache_stats_breakdown[GLOBAL_ACC_W][SECTOR_MISS] = 98304
	L2_cache_stats_breakdown[GLOBAL_ACC_W][MSHR_HIT] = 0
	L2_cache_stats_breakdown[LOCAL_ACC_W][HIT] = 0
	L2_cache_stats_breakdown[LOCAL_ACC_W][HIT_RESERVED] = 0
	L2_cache_stats_breakdown[LOCAL_ACC_W][MISS] = 0
	L2_cache_stats_breakdown[LOCAL_ACC_W][RESERVATION_FAIL] = 0
	L2_cache_stats_breakdown[LOCAL_ACC_W][SECTOR_MISS] = 0
	L2_cache_stats_breakdown[LOCAL_ACC_W][MSHR_HIT] = 0
	L2_cache_stats_breakdown[L1_WRBK_ACC][HIT] = 0
	L2_cache_stats_breakdown[L1_WRBK_ACC][HIT_RESERVED] = 0
	L2_cache_stats_breakdown[L1_WRBK_ACC][MISS] = 0
	L2_cache_stats_breakdown[L1_WRBK_ACC][RESERVATION_FAIL] = 0
	L2_cache_stats_breakdown[L1_WRBK_ACC][SECTOR_MISS] = 0
	L2_cache_stats_breakdown[L1_WRBK_ACC][MSHR_HIT] = 0
	L2_cache_stats_breakdown[L2_WRBK_ACC][HIT] = 0
	L2_cache_stats_breakdown[L2_WRBK_ACC][HIT_RESERVED] = 0
	L2_cache_stats_breakdown[L2_WRBK_ACC][MISS] = 0
	L2_cache_stats_breakdown[L2_WRBK_ACC][RESERVATION_FAIL] = 0
	L2_cache_stats_breakdown[L2_WRBK_ACC][SECTOR_MISS] = 0
	L2_cache_stats_breakdown[L2_WRBK_ACC][MSHR_HIT] = 0
	L2_cache_stats_breakdown[INST_ACC_R][HIT] = 0
	L2_cache_stats_breakdown[INST_ACC_R][HIT_RESERVED] = 0
	L2_cache_stats_breakdown[INST_ACC_R][MISS] = 0
	L2_cache_stats_breakdown[INST_ACC_R][RESERVATION_FAIL] = 0
	L2_cache_stats_breakdown[INST_ACC_R][SECTOR_MISS] = 0
	L2_cache_stats_breakdown[INST_ACC_R][MSHR_HIT] = 0
	L2_cache_stats_breakdown[L1_WR_ALLOC_R][HIT] = 0
	L2_cache_stats_breakdown[L1_WR_ALLOC_R][HIT_RESERVED] = 0
	L2_cache_stats_breakdown[L1_WR_ALLOC_R][MISS] = 0
	L2_cache_stats_breakdown[L1_WR_ALLOC_R][RESERVATION_FAIL] = 0
	L2_cache_stats_breakdown[L1_WR_ALLOC_R][SECTOR_MISS] = 0
	L2_cache_stats_breakdown[L1_WR_ALLOC_R][MSHR_HIT] = 0
	L2_cache_stats_breakdown[L2_WR_ALLOC_R][HIT] = 0
	L2_cache_stats_breakdown[L2_WR_ALLOC_R][HIT_RESERVED] = 0
	L2_cache_stats_breakdown[L2_WR_ALLOC_R][MISS] = 0
	L2_cache_stats_breakdown[L2_WR_ALLOC_R][RESERVATION_FAIL] = 0
	L2_cache_stats_breakdown[L2_WR_ALLOC_R][SECTOR_MISS] = 0
	L2_cache_stats_breakdown[L2_WR_ALLOC_R][MSHR_HIT] = 0
	L2_cache_stats_breakdown[GLOBAL_ACC_R][TOTAL_ACCESS] = 131072
	L2_cache_stats_breakdown[GLOBAL_ACC_W][TOTAL_ACCESS] = 131072
L2_total_cache_reservation_fail_breakdown:
L2_cache_data_port_util = 0.026
L2_cache_fill_port_util = 0.065

icnt_total_pkts_mem_to_simt=1048576
icnt_total_pkts_simt_to_mem=1048576
LD_mem_lat_dist  0 0 0 0 0 0 0 0 0 0 0 0 0 0 0 0 0 0 0 0 0 0 0 0 0 0 0
ST_mem_lat_dist  0 0 0 0 0 0 0 0 0 0 0 0 0 0 0 0 0 0 0 0 0 0 0 0 0 0 0
----------------------------Interconnect-DETAILS--------------------------------
Req_Network_injected_packets_num = 1048576
Req_Network_cycles = 250450
Req_Network_injected_packets_per_cycle =       4.1868 
Req_Network_conflicts_per_cycle =       0.4919
Req_Network_conflicts_per_cycle_util =       0.5627
Req_Bank_Level_Parallism =       4.7899
Req_Network_in_buffer_full_per_cycle =       0.0000
Req_Network_in_buffer_avg_util =       0.3128
Req_Network_out_buffer_full_per_cycle =       0.0000
Req_Network_out_buffer_avg_util =       0.1308

Reply_Network_injected_packets_num = 1048576
Reply_Network_cycles = 250450
Reply_Network_injected_packets_per_cycle =        4.1868
Reply_Network_conflicts_per_cycle =        2.2160
Reply_Network_conflicts_per_cycle_util =       2.5335
Reply_Bank_Level_Parallism =       4.7868
Reply_Network_in_buffer_full_per_cycle =       0.0000
Reply_Network_in_buffer_avg_util =       0.2461
Reply_Network_out_buffer_full_per_cycle =       0.0000
Reply_Network_out_buffer_avg_util =       0.2617
----------------------------END-of-Interconnect-DETAILS-------------------------


gpgpu_simulation_time = 0 days, 0 hrs, 3 min, 35 sec (215 sec)
gpgpu_simulation_rate = 624268 (inst/sec)
gpgpu_simulation_rate = 1164 (cycle/sec)
gpgpu_silicon_slowdown = 1116838x
GPGPU-Sim: synchronize waiting for inactive GPU simulation
GPGPU-Sim API: Stream Manager State
GPGPU-Sim: detected inactive GPU simulation thread
MLX_FIG24_SCHEDULE_SUMMARY {"count":1048576,"stages":4,"block_threads":128,"ctas_per_stage":8192,"total_ctas":32768,"scalar_fma":12582912,"checksum":608173.982270300,"reference":608173.993988991,"relative_error":1.92686476423e-08}
GPGPU-Sim: *** exit detected ***
