self exe links to: /workspace/MLX_dev/build/xavier-attention-components/mlx_attention_proxy
self exe links to: /workspace/MLX_dev/build/xavier-attention-components/mlx_attention_proxy
11.0


        *** GPGPU-Sim Simulator Version 4.2.0  [build gpgpu-sim_git-commit-68e1cd3_modified_1.0] ***


GPGPU-Sim PTX: simulation mode 0 (can change with PTX_SIM_MODE_FUNC environment variable:
               1=functional simulation only, 0=detailed performance simulator)
GPGPU-Sim PTX: overriding embedded ptx with ptx file (PTX_SIM_USE_PTX_FILE is set)
GPGPU-Sim: Configuration options:

-save_embedded_ptx                      0 # saves ptx files embedded in binary as <n>.ptx
-keep                                   0 # keep intermediate files created by GPGPU-Sim when interfacing with external programs
-gpgpu_ptx_save_converted_ptxplus                    0 # Saved converted ptxplus to a file
-gpgpu_occupancy_sm_number                   70 # The SM number to pass to ptxas when getting register usage for computing GPU occupancy. This parameter is required in the config.
-ptx_opcode_latency_int      4,13,4,5,145,32 # Opcode latencies for integers <ADD,MAX,MUL,MAD,DIV,SHFL>Default 1,1,19,25,145,32
-ptx_opcode_latency_fp          4,13,4,5,39 # Opcode latencies for single precision floating points <ADD,MAX,MUL,MAD,DIV>Default 1,1,1,1,30
-ptx_opcode_latency_dp         8,19,8,8,330 # Opcode latencies for double precision floating points <ADD,MAX,MUL,MAD,DIV>Default 8,8,8,8,335
-ptx_opcode_latency_sfu                  100 # Opcode latencies for SFU instructionsDefault 8
-ptx_opcode_latency_tesnor                   64 # Opcode latencies for Tensor instructionsDefault 64
-ptx_opcode_initiation_int          2,2,2,2,8,4 # Opcode initiation intervals for integers <ADD,MAX,MUL,MAD,DIV,SHFL>Default 1,1,4,4,32,4
-ptx_opcode_initiation_fp            2,2,2,2,4 # Opcode initiation intervals for single precision floating points <ADD,MAX,MUL,MAD,DIV>Default 1,1,1,1,5
-ptx_opcode_initiation_dp          4,4,4,4,130 # Opcode initiation intervals for double precision floating points <ADD,MAX,MUL,MAD,DIV>Default 8,8,8,8,130
-ptx_opcode_initiation_sfu                    8 # Opcode initiation intervals for sfu instructionsDefault 8
-ptx_opcode_initiation_tensor                   64 # Opcode initiation intervals for tensor instructionsDefault 64
-cdp_latency         7200,8000,100,12000,1600 # CDP API latency <cudaStreamCreateWithFlags, cudaGetParameterBufferV2_init_perWarp, cudaGetParameterBufferV2_perKernel, cudaLaunchDeviceV2_init_perWarp, cudaLaunchDevicV2_perKernel>Default 7200,8000,100,12000,1600
-network_mode                           2 # Interconnection network mode
-inter_config_file                   mesh # Interconnection network config file
-icnt_in_buffer_limit                  512 # in_buffer_limit
-icnt_out_buffer_limit                  512 # out_buffer_limit
-icnt_subnets                           2 # subnets
-icnt_arbiter_algo                      1 # arbiter_algo
-icnt_verbose                           0 # inct_verbose
-icnt_grant_cycles                      1 # grant_cycles
-gpgpu_ptx_use_cuobjdump                    1 # Use cuobjdump to extract ptx and sass from binaries
-gpgpu_experimental_lib_support                    0 # Try to extract code from cuda libraries [Broken because of unknown cudaGetExportTable]
-checkpoint_option                      0 #  checkpointing flag (0 = no checkpoint)
-checkpoint_kernel                      1 #  checkpointing during execution of which kernel (1- 1st kernel)
-checkpoint_CTA                         0 #  checkpointing after # of CTA (< less than total CTA)
-resume_option                          0 #  resume flag (0 = no resume)
-resume_kernel                          0 #  Resume from which kernel (1= 1st kernel)
-resume_CTA                             0 #  resume from which CTA 
-checkpoint_CTA_t                       0 #  resume from which CTA 
-checkpoint_insn_Y                      0 #  resume from which CTA 
-gpgpu_ptx_convert_to_ptxplus                    0 # Convert SASS (native ISA) to ptxplus and run ptxplus
-gpgpu_ptx_force_max_capability                   70 # Force maximum compute capability
-gpgpu_ptx_inst_debug_to_file                    0 # Dump executed instructions' debug information to file
-gpgpu_ptx_inst_debug_file       inst_debug.txt # Executed instructions' debug output file
-gpgpu_ptx_inst_debug_thread_uid                    1 # Thread UID for executed instructions' debug output
-gpgpu_simd_model                       1 # 1 = post-dominator
-gpgpu_shader_core_pipeline              2048:32 # shader core pipeline config, i.e., {<nthread>:<warpsize>}
-gpgpu_tex_cache:l1  N:4:128:256,L:R:m:N:L,T:512:8,128:2 # per-shader L1 texture cache  (READ-ONLY) config  {<nsets>:<bsize>:<assoc>,<rep>:<wr>:<alloc>:<wr_alloc>,<mshr>:<N>:<merge>,<mq>:<rf>}
-gpgpu_const_cache:l1 N:128:64:8,L:R:f:N:L,S:2:64,4 # per-shader L1 constant memory cache  (READ-ONLY) config  {<nsets>:<bsize>:<assoc>,<rep>:<wr>:<alloc>:<wr_alloc>,<mshr>:<N>:<merge>,<mq>} 
-gpgpu_cache:il1     N:64:128:16,L:R:f:N:L,S:2:48,4 # shader L1 instruction cache config  {<nsets>:<bsize>:<assoc>,<rep>:<wr>:<alloc>:<wr_alloc>,<mshr>:<N>:<merge>,<mq>} 
-gpgpu_cache:dl1     S:4:128:64,L:T:m:L:L,A:512:8,16:0,32 # per-shader L1 data cache config  {<nsets>:<bsize>:<assoc>,<rep>:<wr>:<alloc>:<wr_alloc>,<mshr>:<N>:<merge>,<mq> | none}
-gpgpu_l1_cache_write_ratio                   25 # L1D write ratio
-gpgpu_l1_banks                         4 # The number of L1 cache banks
-gpgpu_l1_banks_byte_interleaving                   32 # l1 banks byte interleaving granularity
-gpgpu_l1_banks_hashing_function                    0 # l1 banks hashing function
-gpgpu_l1_latency                      20 # L1 Hit Latency
-gpgpu_smem_latency                    20 # smem Latency
-gpgpu_cache:dl1PrefL1                 none # per-shader L1 data cache config  {<nsets>:<bsize>:<assoc>,<rep>:<wr>:<alloc>:<wr_alloc>,<mshr>:<N>:<merge>,<mq> | none}
-gpgpu_cache:dl1PrefShared                 none # per-shader L1 data cache config  {<nsets>:<bsize>:<assoc>,<rep>:<wr>:<alloc>:<wr_alloc>,<mshr>:<N>:<merge>,<mq> | none}
-gpgpu_gmem_skip_L1D                    0 # global memory access skip L1D cache (implements -Xptxas -dlcm=cg, default=no skip)
-gpgpu_perfect_mem                      0 # enable perfect memory mode (no cache miss)
-n_regfile_gating_group                    4 # group of lanes that should be read/written together)
-gpgpu_clock_gated_reg_file                    0 # enable clock gated reg file for power calculations
-gpgpu_clock_gated_lanes                    0 # enable clock gated lanes for power calculations
-gpgpu_shader_registers                65536 # Number of registers per shader core. Limits number of concurrent CTAs. (default 8192)
-gpgpu_registers_per_block                65536 # Maximum number of registers per CTA. (default 8192)
-gpgpu_ignore_resources_limitation                    0 # gpgpu_ignore_resources_limitation (default 0)
-gpgpu_shader_cta                      32 # Maximum number of concurrent CTAs in shader (default 32)
-gpgpu_num_cta_barriers                   16 # Maximum number of named barriers per CTA (default 16)
-gpgpu_n_clusters                       8 # number of processing clusters
-gpgpu_n_cores_per_cluster                    1 # number of simd cores per cluster
-gpgpu_n_cluster_ejection_buffer_size                   32 # number of packets in ejection buffer
-gpgpu_n_ldst_response_buffer_size                    2 # number of response packets in ld/st unit ejection buffer
-gpgpu_shmem_per_block                65536 # Size of shared memory per thread block or CTA (default 48kB)
-gpgpu_shmem_size                   98304 # Size of shared memory per shader core (default 16kB)
-gpgpu_shmem_option       0,8,16,32,64,96 # Option list of shared memory sizes
-gpgpu_unified_l1d_size                  128 # Size of unified data cache(L1D + shared memory) in KB
-gpgpu_adaptive_cache_config                    1 # adaptive_cache_config
-gpgpu_shmem_sizeDefault                98304 # Size of shared memory per shader core (default 16kB)
-gpgpu_shmem_size_PrefL1                16384 # Size of shared memory per shader core (default 16kB)
-gpgpu_shmem_size_PrefShared                16384 # Size of shared memory per shader core (default 16kB)
-gpgpu_shmem_num_banks                   32 # Number of banks in the shared memory in each shader core (default 16)
-gpgpu_shmem_limited_broadcast                    0 # Limit shared memory to do one broadcast per cycle (default on)
-gpgpu_shmem_warp_parts                    1 # Number of portions a warp is divided into for shared memory bank conflict check 
-gpgpu_mem_unit_ports                    1 # The number of memory transactions allowed per core cycle
-gpgpu_shmem_warp_parts                    1 # Number of portions a warp is divided into for shared memory bank conflict check 
-gpgpu_warpdistro_shader                   -1 # Specify which shader core to collect the warp size distribution from
-gpgpu_warp_issue_shader                    0 # Specify which shader core to collect the warp issue distribution from
-gpgpu_local_mem_map                    1 # Mapping from local memory space address to simulated GPU physical address space (default = enabled)
-gpgpu_num_reg_banks                    8 # Number of register banks (default = 8)
-gpgpu_reg_bank_use_warp_id                    0 # Use warp ID in mapping registers to banks (default = off)
-gpgpu_sub_core_model                    1 # Sub Core Volta/Pascal model (default = off)
-gpgpu_enable_specialized_operand_collector                    0 # enable_specialized_operand_collector
-gpgpu_operand_collector_num_units_sp                    4 # number of collector units (default = 4)
-gpgpu_operand_collector_num_units_dp                    0 # number of collector units (default = 0)
-gpgpu_operand_collector_num_units_sfu                    4 # number of collector units (default = 4)
-gpgpu_operand_collector_num_units_int                    0 # number of collector units (default = 0)
-gpgpu_operand_collector_num_units_tensor_core                    4 # number of collector units (default = 4)
-gpgpu_operand_collector_num_units_mem                    2 # number of collector units (default = 2)
-gpgpu_operand_collector_num_units_gen                    8 # number of collector units (default = 0)
-gpgpu_operand_collector_num_in_ports_sp                    1 # number of collector unit in ports (default = 1)
-gpgpu_operand_collector_num_in_ports_dp                    0 # number of collector unit in ports (default = 0)
-gpgpu_operand_collector_num_in_ports_sfu                    1 # number of collector unit in ports (default = 1)
-gpgpu_operand_collector_num_in_ports_int                    0 # number of collector unit in ports (default = 0)
-gpgpu_operand_collector_num_in_ports_tensor_core                    1 # number of collector unit in ports (default = 1)
-gpgpu_operand_collector_num_in_ports_mem                    1 # number of collector unit in ports (default = 1)
-gpgpu_operand_collector_num_in_ports_gen                    8 # number of collector unit in ports (default = 0)
-gpgpu_operand_collector_num_out_ports_sp                    1 # number of collector unit in ports (default = 1)
-gpgpu_operand_collector_num_out_ports_dp                    0 # number of collector unit in ports (default = 0)
-gpgpu_operand_collector_num_out_ports_sfu                    1 # number of collector unit in ports (default = 1)
-gpgpu_operand_collector_num_out_ports_int                    0 # number of collector unit in ports (default = 0)
-gpgpu_operand_collector_num_out_ports_tensor_core                    1 # number of collector unit in ports (default = 1)
-gpgpu_operand_collector_num_out_ports_mem                    1 # number of collector unit in ports (default = 1)
-gpgpu_operand_collector_num_out_ports_gen                    8 # number of collector unit in ports (default = 0)
-gpgpu_coalesce_arch                   60 # Coalescing arch (GT200 = 13, Fermi = 20)
-gpgpu_num_sched_per_core                    4 # Number of warp schedulers per core
-gpgpu_max_insn_issue_per_warp                    1 # Max number of instructions that can be issued per warp in one cycle by scheduler (either 1 or 2)
-gpgpu_dual_issue_diff_exec_units                    1 # should dual issue use two different execution unit resources (Default = 1)
-gpgpu_simt_core_sim_order                    1 # Select the simulation order of cores in a cluster (0=Fix, 1=Round-Robin)
-gpgpu_pipeline_widths 4,4,4,4,4,4,4,4,4,4,8,4,4 # Pipeline widths ID_OC_SP,ID_OC_DP,ID_OC_INT,ID_OC_SFU,ID_OC_MEM,OC_EX_SP,OC_EX_DP,OC_EX_INT,OC_EX_SFU,OC_EX_MEM,EX_WB,ID_OC_TENSOR_CORE,OC_EX_TENSOR_CORE
-gpgpu_tensor_core_avail                    1 # Tensor Core Available (default=0)
-gpgpu_num_sp_units                     4 # Number of SP units (default=1)
-gpgpu_num_dp_units                     4 # Number of DP units (default=0)
-gpgpu_num_int_units                    4 # Number of INT units (default=0)
-gpgpu_num_sfu_units                    4 # Number of SF units (default=1)
-gpgpu_num_tensor_core_units                    4 # Number of tensor_core units (default=1)
-gpgpu_num_mem_units                    1 # Number if ldst units (default=1) WARNING: not hooked up to anything
-gpgpu_scheduler                      lrr # Scheduler configuration: < lrr | gto | two_level_active > If two_level_active:<num_active_warps>:<inner_prioritization>:<outer_prioritization>For complete list of prioritization values see shader.h enum scheduler_prioritization_typeDefault: gto
-gpgpu_concurrent_kernel_sm                    0 # Support concurrent kernels on a SM (default = disabled)
-gpgpu_perfect_inst_const_cache                    1 # perfect inst and const cache mode, so all inst and const hits in the cache(default = disabled)
-gpgpu_inst_fetch_throughput                    4 # the number of fetched intruction per warp each cycle
-gpgpu_reg_file_port_throughput                    2 # the number ports of the register file
-specialized_unit_1         0,4,4,4,4,BRA # specialized unit config {<enabled>,<num_units>:<latency>:<initiation>,<ID_OC_SPEC>:<OC_EX_SPEC>,<NAME>}
-specialized_unit_2         0,4,4,4,4,BRA # specialized unit config {<enabled>,<num_units>:<latency>:<initiation>,<ID_OC_SPEC>:<OC_EX_SPEC>,<NAME>}
-specialized_unit_3         0,4,4,4,4,BRA # specialized unit config {<enabled>,<num_units>:<latency>:<initiation>,<ID_OC_SPEC>:<OC_EX_SPEC>,<NAME>}
-specialized_unit_4         0,4,4,4,4,BRA # specialized unit config {<enabled>,<num_units>:<latency>:<initiation>,<ID_OC_SPEC>:<OC_EX_SPEC>,<NAME>}
-specialized_unit_5         0,4,4,4,4,BRA # specialized unit config {<enabled>,<num_units>:<latency>:<initiation>,<ID_OC_SPEC>:<OC_EX_SPEC>,<NAME>}
-specialized_unit_6         0,4,4,4,4,BRA # specialized unit config {<enabled>,<num_units>:<latency>:<initiation>,<ID_OC_SPEC>:<OC_EX_SPEC>,<NAME>}
-specialized_unit_7         0,4,4,4,4,BRA # specialized unit config {<enabled>,<num_units>:<latency>:<initiation>,<ID_OC_SPEC>:<OC_EX_SPEC>,<NAME>}
-specialized_unit_8         0,4,4,4,4,BRA # specialized unit config {<enabled>,<num_units>:<latency>:<initiation>,<ID_OC_SPEC>:<OC_EX_SPEC>,<NAME>}
-gpgpu_perf_sim_memcpy                    1 # Fill the L2 cache on memcpy
-gpgpu_simple_dram_model                    0 # simple_dram_model with fixed latency and BW
-gpgpu_dram_scheduler                    1 # 0 = fifo, 1 = FR-FCFS (defaul)
-gpgpu_dram_partition_queues          64:64:64:64 # i2$:$2d:d2$:$2i
-l2_ideal                               0 # Use a ideal L2 cache that always hit
-gpgpu_cache:dl2     S:32:128:24,L:B:m:L:P,A:192:4,32:0,32 # unified banked L2 data cache config  {<nsets>:<bsize>:<assoc>,<rep>:<wr>:<alloc>:<wr_alloc>,<mshr>:<N>:<merge>,<mq>}
-gpgpu_cache:dl2_texture_only                    0 # L2 cache used for texture only
-gpgpu_n_mem                           16 # number of memory modules (e.g. memory controllers) in gpu
-gpgpu_n_sub_partition_per_mchannel                    2 # number of memory subpartition in each memory module
-gpgpu_n_mem_per_ctrlr                    1 # number of memory chips per memory controller
-gpgpu_memlatency_stat                   14 # track and display latency statistics 0x2 enables MC, 0x4 enables queue logs
-gpgpu_frfcfs_dram_sched_queue_size                   64 # 0 = unlimited (default); # entries per chip
-gpgpu_dram_return_queue_size                  192 # 0 = unlimited (default); # entries per chip
-gpgpu_dram_buswidth                   16 # default = 4 bytes (8 bytes per cycle at DDR)
-gpgpu_dram_burst_length                    2 # Burst length of each DRAM request (default = 4 data bus cycle)
-dram_data_command_freq_ratio                    2 # Frequency ratio between DRAM data bus and command bus (default = 2 times, i.e. DDR)
-gpgpu_dram_timing_opt nbk=16:CCD=1:RRD=3:RCD=12:RAS=28:RP=12:RC=40: CL=12:WL=2:CDLR=3:WR=10:nbkgrp=4:CCDL=2:RTPL=3 # DRAM timing parameters = {nbk:tCCD:tRRD:tRCD:tRAS:tRP:tRC:CL:WL:tCDLR:tWR:nbkgrp:tCCDL:tRTPL}
-gpgpu_l2_rop_latency                  160 # ROP queue latency (default 85)
-dram_latency                         100 # DRAM latency (default 30)
-dram_dual_bus_interface                  257 # dual_bus_interface (default = 0) 
-dram_bnk_indexing_policy                    1 # dram_bnk_indexing_policy (0 = normal indexing, 1 = Xoring with the higher bits) (Default = 0)
-dram_bnkgrp_indexing_policy                    1 # dram_bnkgrp_indexing_policy (0 = take higher bits, 1 = take lower bits) (Default = 0)
-dram_seperate_write_queue_enable                    1 # Seperate_Write_Queue_Enable
-dram_write_queue_size           128:108:32 # Write_Queue_Size
-dram_elimnate_rw_turnaround                    0 # elimnate_rw_turnaround i.e set tWTR and tRTW = 0
-icnt_flit_size                        40 # icnt_flit_size
-SST_mode                               0 # SST mode
-gpgpu_mem_addr_mapping dramid@8;00000000.00000000.00000000.00000000.0000RRRR.RRRRRRRR.RBBBCCCB.CCCSSSSS # mapping memory address to dram model {dramid@<start bit>;<memory address map>}
-gpgpu_mem_addr_test                    0 # run sweep test to check address mapping for aliased address
-gpgpu_mem_address_mask                    1 # 0 = old addressing mask, 1 = new addressing mask, 2 = new add. mask + flipped bank sel and chip sel bits
-gpgpu_memory_partition_indexing                    2 # 0 = no indexing, 1 = bitwise xoring, 2 = IPoly, 3 = custom indexing
-accelwattch_xml_file accelwattch_sass_sim.xml # AccelWattch XML file
-power_simulation_enabled                    0 # Turn on power simulator (1=On, 0=Off)
-power_per_cycle_dump                    0 # Dump detailed power output each cycle
-hw_perf_file_name            hw_perf.csv # Hardware Performance Statistics file
-hw_perf_bench_name                       # Kernel Name in Hardware Performance Statistics file
-power_simulation_mode                    0 # Switch performance counter input for power simulation (0=Sim, 1=HW, 2=HW-Sim Hybrid)
-dvfs_enabled                           0 # Turn on DVFS for power model
-aggregate_power_stats                    0 # Accumulate power across all kernels
-accelwattch_hybrid_perfsim_L1_RH                    0 # Get L1 Read Hits for Accelwattch-Hybrid from Accel-Sim
-accelwattch_hybrid_perfsim_L1_RM                    0 # Get L1 Read Misses for Accelwattch-Hybrid from Accel-Sim
-accelwattch_hybrid_perfsim_L1_WH                    0 # Get L1 Write Hits for Accelwattch-Hybrid from Accel-Sim
-accelwattch_hybrid_perfsim_L1_WM                    0 # Get L1 Write Misses for Accelwattch-Hybrid from Accel-Sim
-accelwattch_hybrid_perfsim_L2_RH                    0 # Get L2 Read Hits for Accelwattch-Hybrid from Accel-Sim
-accelwattch_hybrid_perfsim_L2_RM                    0 # Get L2 Read Misses for Accelwattch-Hybrid from Accel-Sim
-accelwattch_hybrid_perfsim_L2_WH                    0 # Get L2 Write Hits for Accelwattch-Hybrid from Accel-Sim
-accelwattch_hybrid_perfsim_L2_WM                    0 # Get L2 Write Misses for Accelwattch-Hybrid from Accel-Sim
-accelwattch_hybrid_perfsim_CC_ACC                    0 # Get Constant Cache Acesses for Accelwattch-Hybrid from Accel-Sim
-accelwattch_hybrid_perfsim_SHARED_ACC                    0 # Get Shared Memory Acesses for Accelwattch-Hybrid from Accel-Sim
-accelwattch_hybrid_perfsim_DRAM_RD                    0 # Get DRAM Reads for Accelwattch-Hybrid from Accel-Sim
-accelwattch_hybrid_perfsim_DRAM_WR                    0 # Get DRAM Writes for Accelwattch-Hybrid from Accel-Sim
-accelwattch_hybrid_perfsim_NOC                    0 # Get Interconnect Acesses for Accelwattch-Hybrid from Accel-Sim
-accelwattch_hybrid_perfsim_PIPE_DUTY                    0 # Get Pipeline Duty Cycle Acesses for Accelwattch-Hybrid from Accel-Sim
-accelwattch_hybrid_perfsim_NUM_SM_IDLE                    0 # Get Number of Idle SMs for Accelwattch-Hybrid from Accel-Sim
-accelwattch_hybrid_perfsim_CYCLES                    0 # Get Executed Cycles for Accelwattch-Hybrid from Accel-Sim
-accelwattch_hybrid_perfsim_VOLTAGE                    0 # Get Chip Voltage for Accelwattch-Hybrid from Accel-Sim
-power_trace_enabled                    0 # produce a file for the power trace (1=On, 0=Off)
-power_trace_zlevel                     6 # Compression level of the power trace output log (0=no comp, 9=highest)
-steady_power_levels_enabled                    0 # produce a file for the steady power levels (1=On, 0=Off)
-steady_state_definition                  8:4 # allowed deviation:number of samples
-gpgpu_max_cycle                        0 # terminates gpu simulation early (0 = no limit)
-gpgpu_max_insn                         0 # terminates gpu simulation early (0 = no limit)
-gpgpu_max_cta                          0 # terminates gpu simulation early (0 = no limit)
-gpgpu_max_completed_cta                    0 # terminates gpu simulation early (0 = no limit)
-gpgpu_runtime_stat                   500 # display runtime statistics such as dram utilization {<freq>:<flag>}
-liveness_message_freq                    1 # Minimum number of seconds between simulation liveness messages (0 = always print)
-gpgpu_compute_capability_major                    7 # Major compute capability version number
-gpgpu_compute_capability_minor                    0 # Minor compute capability version number
-gpgpu_flush_l1_cache                    1 # Flush L1 cache at the end of each kernel call
-gpgpu_flush_l2_cache                    0 # Flush L2 cache at the end of each kernel call
-gpgpu_deadlock_detect                    1 # Stop the simulation at deadlock (1=on (default), 0=off)
-gpgpu_ptx_instruction_classification                    0 # if enabled will classify ptx instruction types per kernel (Max 255 kernels now)
-gpgpu_ptx_sim_mode                     0 # Select between Performance (default) or Functional simulation (1)
-gpgpu_clock_domains  1377:1377:1377:2133 # Clock Domain Frequencies in MhZ {<Core Clock>:<ICNT Clock>:<L2 Clock>:<DRAM Clock>}
-gpgpu_max_concurrent_kernel                  128 # maximum kernels that can run concurrently on GPU, set this value according to max resident grids for your compute capability
-gpgpu_cflog_interval                    0 # Interval between each snapshot in control flow logger
-visualizer_enabled                     0 # Turn on visualizer output (1=On, 0=Off)
-visualizer_outputfile                 NULL # Specifies the output log file for visualizer
-visualizer_zlevel                      6 # Compression level of the visualizer output log (0=no comp, 9=highest)
-gpgpu_stack_size_limit                 1024 # GPU thread stack size
-gpgpu_heap_size_limit              8388608 # GPU malloc heap size 
-gpgpu_runtime_sync_depth_limit                    2 # GPU device runtime synchronize depth
-gpgpu_runtime_pending_launch_count_limit                 2048 # GPU device runtime pending launch count
-trace_enabled                          0 # Turn on traces
-trace_components                    none # comma seperated list of traces to enable. Complete list found in trace_streams.tup. Default none
-trace_sampling_core                    0 # The core which is printed using CORE_DPRINTF. Default 0
-trace_sampling_memory_partition                   -1 # The memory partition which is printed using MEMPART_DPRINTF. Default -1 (i.e. all)
-enable_ptx_file_line_stats                    1 # Turn on PTX source line statistic profiling. (1 = On)
-ptx_line_stats_filename gpgpu_inst_stats.txt # Output file for PTX source line statistics.
-gpgpu_kernel_launch_latency                    0 # Kernel launch latency in cycles. Default: 0
-gpgpu_cdp_enabled                      0 # Turn on CDP
-gpgpu_TB_launch_latency                    0 # thread block launch latency in cycles. Default: 0
DRAM Timing Options:
nbk                                    16 # number of banks
CCD                                     1 # column to column delay
RRD                                    cc24a1e8e7d047e9483bf8eef7b8691c  /workspace/MLX_dev/build/xavier-attention-components/mlx_attention_proxy
Extracting PTX file and ptxas options    1: mlx_attention_proxy.1.sm_70.ptx -arch=sm_70
 3 # minimal delay between activation of rows in different banks
RCD                                    12 # row to column delay
RAS                                    28 # time needed to activate row
RP                                     12 # time needed to precharge (deactivate) row
RC                                     40 # row cycle time
CDLR                                    3 # switching from write to read (changes tWTR)
WR                                     10 # last data-in to row precharge
CL                                     12 # CAS latency
WL                                      2 # Write latency
nbkgrp                                  4 # number of bank groups
CCDL                                    2 # column to column delay between accesses to different bank groups
RTPL                                    3 # read to precharge delay between accesses to different bank groups
Total number of memory sub partition = 32
addr_dec_mask[CHIP]  = 0000000000000f00 	high:12 low:8
addr_dec_mask[BK]    = 0000000000071000 	high:19 low:12
addr_dec_mask[ROW]   = 00000000fff80000 	high:32 low:19
addr_dec_mask[COL]   = 000000000000e0ff 	high:16 low:0
addr_dec_mask[BURST] = 000000000000001f 	high:5 low:0
sub_partition_id_mask = 0000000000001000
GPGPU-Sim uArch: clock freqs: 1377000000.000000:1377000000.000000:1377000000.000000:2133000000.000000
GPGPU-Sim uArch: clock periods: 0.00000000072621641249:0.00000000072621641249:0.00000000072621641249:0.00000000046882325363
*** Initializing Memory Statistics ***
GPGPU-Sim uArch: performance model initialization complete.
GPGPU-Sim PTX: __cudaRegisterFatBinary, fat_cubin_handle = 1, filename=default
self exe links to: /workspace/MLX_dev/build/xavier-attention-components/mlx_attention_proxy
Running md5sum using "md5sum /workspace/MLX_dev/build/xavier-attention-components/mlx_attention_proxy "
self exe links to: /workspace/MLX_dev/build/xavier-attention-components/mlx_attention_proxy
Extracting specific PTX file named mlx_attention_proxy.1.sm_70.ptx 
GPGPU-Sim PTX: __cudaRegisterFunction _Z10sv_outputsPKfS0_S0_Pfii : hostFun 0x0x5cb5c5929770, fat_cubin_handle = 1
GPGPU-Sim PTX: Parsing mlx_attention_proxy.1.sm_70.ptx
GPGPU-Sim PTX: allocating global region for "__cudart_i2opi_f" from 0x100 to 0x118 (global memory space)
GPGPU-Sim PTX: allocating stack frame region for .local "__local_depot0" from 0x0 to 0x1c
GPGPU-Sim PTX: Warning -- ignoring pragma 'nounroll'
GPGPU-Sim PTX: Warning -- ignoring pragma 'nounroll'
GPGPU-Sim PTX: instruction assembly for function '_Z14fft_pair_stagePK6float2PS_ii'...   done.
GPGPU-Sim PTX: instruction assembly for function '_Z13truncate_halfPK6float2PS_i'...   done.
GPGPU-Sim PTX: Warning -- ignoring pragma 'nounroll'
GPGPU-Sim PTX: instruction assembly for function '_Z9qk_scoresPKfS0_Pfii'...   done.
GPGPU-Sim PTX: Warning -- ignoring pragma 'nounroll'
GPGPU-Sim PTX: Warning -- ignoring pragma 'nounroll'
GPGPU-Sim PTX: instruction assembly for function '_Z13softmax_statsPKfPfii'...   done.
GPGPU-Sim PTX: Warning -- ignoring pragma 'nounroll'
GPGPU-Sim PTX: instruction assembly for function '_Z10sv_outputsPKfS0_S0_Pfii'...   done.
GPGPU-Sim PTX: finished parsing EMBEDDED .ptx file mlx_attention_proxy.1.sm_70.ptx
GPGPU-Sim PTX: loading globals with explicit initializers... 
GPGPU-Sim PTX:     initializing '__cudart_i2opi_f' ...  wrote 24 bytes
GPGPU-Sim PTX: finished loading globals (24 bytes total).
GPGPU-Sim PTX: loading constants with explicit initializers...  done.
GPGPU-Sim PTX: Loading PTXInfo from mlx_attention_proxy.1.sm_70.ptx
GPGPU-Sim PTX: Kernel '_Z10sv_outputsPKfS0_S0_Pfii' : regs=28, lmem=0, smem=0, cmem=392
GPGPU-Sim PTX: Kernel '_Z13softmax_statsPKfPfii' : regs=31, lmem=0, smem=0, cmem=376
GPGPU-Sim PTX: Kernel '_Z9qk_scoresPKfS0_Pfii' : regs=28, lmem=0, smem=0, cmem=384
GPGPU-Sim PTX: Kernel '_Z13truncate_halfPK6float2PS_i' : regs=8, lmem=0, smem=0, cmem=372
GPGPU-Sim PTX: Kernel '_Z14fft_pair_stagePK6float2PS_ii' : regs=28, lmem=0, smem=0, cmem=384
GPGPU-Sim PTX: __cudaRegisterFunction _Z13softmax_statsPKfPfii : hostFun 0x0x5cb5c59299b0, fat_cubin_handle = 1
GPGPU-Sim PTX: __cudaRegisterFunction _Z9qk_scoresPKfS0_Pfii : hostFun 0x0x5cb5c59298a0, fat_cubin_handle = 1
GPGPU-Sim PTX: __cudaRegisterFunction _Z13truncate_halfPK6float2PS_i : hostFun 0x0x5cb5c5929aa0, fat_cubin_handle = 1
GPGPU-Sim PTX: __cudaRegisterFunction _Z14fft_pair_stagePK6float2PS_ii : hostFun 0x0x5cb5c5929b80, fat_cubin_handle = 1
self exe links to: /workspace/MLX_dev/build/xavier-attention-components/mlx_attention_proxy
self exe links to: /workspace/MLX_dev/build/xavier-attention-components/mlx_attention_proxy
11.0
GPGPU-Sim PTX: __cudaRegisterFatBinary, fat_cubin_handle = 2, filename=default
GPGPU-Sim PTX: __cudaRegisterFunction __nv_static_44__570e7b9d_22_cuda_device_runtime_cu_8b1a5d37__Z16memcpy_3d_deviceImLi1ELi1ELi1EEvPKhPhT_S3_S3_S3_S3_S3_S3_jjjjjjjjS3_S1_S2_ : hostFun 0x0x5cb5c592fe20, fat_cubin_handle = 2
Warning: cannot find deviceFun __nv_static_44__570e7b9d_22_cuda_device_runtime_cu_8b1a5d37__Z16memcpy_3d_deviceImLi1ELi1ELi1EEvPKhPhT_S3_S3_S3_S3_S3_S3_jjjjjjjjS3_S1_S2_
GPGPU-Sim PTX: __cudaRegisterFunction __nv_static_44__570e7b9d_22_cuda_device_runtime_cu_8b1a5d37__Z16memcpy_3d_deviceImLi1ELi1ELi0EEvPKhPhT_S3_S3_S3_S3_S3_S3_jjjjjjjjS3_S1_S2_ : hostFun 0x0x5cb5c592faf0, fat_cubin_handle = 2
Warning: cannot find deviceFun __nv_static_44__570e7b9d_22_cuda_device_runtime_cu_8b1a5d37__Z16memcpy_3d_deviceImLi1ELi1ELi0EEvPKhPhT_S3_S3_S3_S3_S3_S3_jjjjjjjjS3_S1_S2_
GPGPU-Sim PTX: __cudaRegisterFunction __nv_static_44__570e7b9d_22_cuda_device_runtime_cu_8b1a5d37__Z16memcpy_3d_deviceImLi1ELi0ELi1EEvPKhPhT_S3_S3_S3_S3_S3_S3_jjjjjjjjS3_S1_S2_ : hostFun 0x0x5cb5c592f7c0, fat_cubin_handle = 2
Warning: cannot find deviceFun __nv_static_44__570e7b9d_22_cuda_device_runtime_cu_8b1a5d37__Z16memcpy_3d_deviceImLi1ELi0ELi1EEvPKhPhT_S3_S3_S3_S3_S3_S3_jjjjjjjjS3_S1_S2_
GPGPU-Sim PTX: __cudaRegisterFunction __nv_static_44__570e7b9d_22_cuda_device_runtime_cu_8b1a5d37__Z16memcpy_3d_deviceImLi1ELi0ELi0EEvPKhPhT_S3_S3_S3_S3_S3_S3_jjjjjjjjS3_S1_S2_ : hostFun 0x0x5cb5c592f490, fat_cubin_handle = 2
Warning: cannot find deviceFun __nv_static_44__570e7b9d_22_cuda_device_runtime_cu_8b1a5d37__Z16memcpy_3d_deviceImLi1ELi0ELi0EEvPKhPhT_S3_S3_S3_S3_S3_S3_jjjjjjjjS3_S1_S2_
GPGPU-Sim PTX: __cudaRegisterFunction __nv_static_44__570e7b9d_22_cuda_device_runtime_cu_8b1a5d37__Z16memcpy_3d_deviceImLi0ELi1ELi1EEvPKhPhT_S3_S3_S3_S3_S3_S3_jjjjjjjjS3_S1_S2_ : hostFun 0x0x5cb5c592f160, fat_cubin_handle = 2
Warning: cannot find deviceFun __nv_static_44__570e7b9d_22_cuda_device_runtime_cu_8b1a5d37__Z16memcpy_3d_deviceImLi0ELi1ELi1EEvPKhPhT_S3_S3_S3_S3_S3_S3_jjjjjjjjS3_S1_S2_
GPGPU-Sim PTX: __cudaRegisterFunction __nv_static_44__570e7b9d_22_cuda_device_runtime_cu_8b1a5d37__Z16memcpy_3d_deviceImLi0ELi1ELi0EEvPKhPhT_S3_S3_S3_S3_S3_S3_jjjjjjjjS3_S1_S2_ : hostFun 0x0x5cb5c592ee30, fat_cubin_handle = 2
Warning: cannot find deviceFun __nv_static_44__570e7b9d_22_cuda_device_runtime_cu_8b1a5d37__Z16memcpy_3d_deviceImLi0ELi1ELi0EEvPKhPhT_S3_S3_S3_S3_S3_S3_jjjjjjjjS3_S1_S2_
GPGPU-Sim PTX: __cudaRegisterFunction __nv_static_44__570e7b9d_22_cuda_device_runtime_cu_8b1a5d37__Z16memcpy_3d_deviceImLi0ELi0ELi1EEvPKhPhT_S3_S3_S3_S3_S3_S3_jjjjjjjjS3_S1_S2_ : hostFun 0x0x5cb5c592eb00, fat_cubin_handle = 2
Warning: cannot find deviceFun __nv_static_44__570e7b9d_22_cuda_device_runtime_cu_8b1a5d37__Z16memcpy_3d_deviceImLi0ELi0ELi1EEvPKhPhT_S3_S3_S3_S3_S3_S3_jjjjjjjjS3_S1_S2_
GPGPU-Sim PTX: __cudaRegisterFunction __nv_static_44__570e7b9d_22_cuda_device_runtime_cu_8b1a5d37__Z16memcpy_3d_deviceImLi0ELi0ELi0EEvPKhPhT_S3_S3_S3_S3_S3_S3_jjjjjjjjS3_S1_S2_ : hostFun 0x0x5cb5c592e7d0, fat_cubin_handle = 2
Warning: cannot find deviceFun __nv_static_44__570e7b9d_22_cuda_device_runtime_cu_8b1a5d37__Z16memcpy_3d_deviceImLi0ELi0ELi0EEvPKhPhT_S3_S3_S3_S3_S3_S3_jjjjjjjjS3_S1_S2_
GPGPU-Sim PTX: __cudaRegisterFunction __nv_static_44__570e7b9d_22_cuda_device_runtime_cu_8b1a5d37__Z16memcpy_3d_deviceIjLi1ELi1ELi1EEvPKhPhT_S3_S3_S3_S3_S3_S3_jjjjjjjjS3_S1_S2_ : hostFun 0x0x5cb5c592e4c0, fat_cubin_handle = 2
Warning: cannot find deviceFun __nv_static_44__570e7b9d_22_cuda_device_runtime_cu_8b1a5d37__Z16memcpy_3d_deviceIjLi1ELi1ELi1EEvPKhPhT_S3_S3_S3_S3_S3_S3_jjjjjjjjS3_S1_S2_
GPGPU-Sim PTX: __cudaRegisterFunction __nv_static_44__570e7b9d_22_cuda_device_runtime_cu_8b1a5d37__Z16memcpy_3d_deviceIjLi1ELi1ELi0EEvPKhPhT_S3_S3_S3_S3_S3_S3_jjjjjjjjS3_S1_S2_ : hostFun 0x0x5cb5c592e1b0, fat_cubin_handle = 2
Warning: cannot find deviceFun __nv_static_44__570e7b9d_22_cuda_device_runtime_cu_8b1a5d37__Z16memcpy_3d_deviceIjLi1ELi1ELi0EEvPKhPhT_S3_S3_S3_S3_S3_S3_jjjjjjjjS3_S1_S2_
GPGPU-Sim PTX: __cudaRegisterFunction __nv_static_44__570e7b9d_22_cuda_device_runtime_cu_8b1a5d37__Z16memcpy_3d_deviceIjLi1ELi0ELi1EEvPKhPhT_S3_S3_S3_S3_S3_S3_jjjjjjjjS3_S1_S2_ : hostFun 0x0x5cb5c592dea0, fat_cubin_handle = 2
Warning: cannot find deviceFun __nv_static_44__570e7b9d_22_cuda_device_runtime_cu_8b1a5d37__Z16memcpy_3d_deviceIjLi1ELi0ELi1EEvPKhPhT_S3_S3_S3_S3_S3_S3_jjjjjjjjS3_S1_S2_
GPGPU-Sim PTX: __cudaRegisterFunction __nv_static_44__570e7b9d_22_cuda_device_runtime_cu_8b1a5d37__Z16memcpy_3d_deviceIjLi1ELi0ELi0EEvPKhPhT_S3_S3_S3_S3_S3_S3_jjjjjjjjS3_S1_S2_ : hostFun 0x0x5cb5c592db90, fat_cubin_handle = 2
Warning: cannot find deviceFun __nv_static_44__570e7b9d_22_cuda_device_runtime_cu_8b1a5d37__Z16memcpy_3d_deviceIjLi1ELi0ELi0EEvPKhPhT_S3_S3_S3_S3_S3_S3_jjjjjjjjS3_S1_S2_
GPGPU-Sim PTX: __cudaRegisterFunction __nv_static_44__570e7b9d_22_cuda_device_runtime_cu_8b1a5d37__Z16memcpy_3d_deviceIjLi0ELi1ELi1EEvPKhPhT_S3_S3_S3_S3_S3_S3_jjjjjjjjS3_S1_S2_ : hostFun 0x0x5cb5c592d880, fat_cubin_handle = 2
Warning: cannot find deviceFun __nv_static_44__570e7b9d_22_cuda_device_runtime_cu_8b1a5d37__Z16memcpy_3d_deviceIjLi0ELi1ELi1EEvPKhPhT_S3_S3_S3_S3_S3_S3_jjjjjjjjS3_S1_S2_
GPGPU-Sim PTX: __cudaRegisterFunction __nv_static_44__570e7b9d_22_cuda_device_runtime_cu_8b1a5d37__Z16memcpy_3d_deviceIjLi0ELi1ELi0EEvPKhPhT_S3_S3_S3_S3_S3_S3_jjjjjjjjS3_S1_S2_ : hostFun 0x0x5cb5c592d570, fat_cubin_handle = 2
Warning: cannot find deviceFun __nv_static_44__570e7b9d_22_cuda_device_runtime_cu_8b1a5d37__Z16memcpy_3d_deviceIjLi0ELi1ELi0EEvPKhPhT_S3_S3_S3_S3_S3_S3_jjjjjjjjS3_S1_S2_
GPGPU-Sim PTX: __cudaRegisterFunction __nv_static_44__570e7b9d_22_cuda_device_runtime_cu_8b1a5d37__Z16memcpy_3d_deviceIjLi0ELi0ELi1EEvPKhPhT_S3_S3_S3_S3_S3_S3_jjjjjjjjS3_S1_S2_ : hostFun 0x0x5cb5c592d260, fat_cubin_handle = 2
Warning: cannot find deviceFun __nv_static_44__570e7b9d_22_cuda_device_runtime_cu_8b1a5d37__Z16memcpy_3d_deviceIjLi0ELi0ELi1EEvPKhPhT_S3_S3_S3_S3_S3_S3_jjjjjjjjS3_S1_S2_
GPGPU-Sim PTX: __cudaRegisterFunction __nv_static_44__570e7b9d_22_cuda_device_runtime_cu_8b1a5d37__Z16memcpy_3d_deviceIjLi0ELi0ELi0EEvPKhPhT_S3_S3_S3_S3_S3_S3_jjjjjjjjS3_S1_S2_ : hostFun 0x0x5cb5c592cf50, fat_cubin_handle = 2
Warning: cannot find deviceFun __nv_static_44__570e7b9d_22_cuda_device_runtime_cu_8b1a5d37__Z16memcpy_3d_deviceIjLi0ELi0ELi0EEvPKhPhT_S3_S3_S3_S3_S3_S3_jjjjjjjjS3_S1_S2_
GPGPU-Sim PTX: __cudaRegisterFunction __nv_static_44__570e7b9d_22_cuda_device_runtime_cu_8b1a5d37__Z16memset_3d_deviceImLi1ELi1ELi1EEvPhhjT_S1_S1_S1_S1_jjjjjjjS1_S0_ : hostFun 0x0x5cb5c592cd00, fat_cubin_handle = 2
Warning: cannot find deviceFun __nv_static_44__570e7b9d_22_cuda_device_runtime_cu_8b1a5d37__Z16memset_3d_deviceImLi1ELi1ELi1EEvPhhjT_S1_S1_S1_S1_jjjjjjjS1_S0_
GPGPU-Sim PTX: __cudaRegisterFunction __nv_static_44__570e7b9d_22_cuda_device_runtime_cu_8b1a5d37__Z16memset_3d_deviceImLi1ELi1ELi0EEvPhhjT_S1_S1_S1_S1_jjjjjjjS1_S0_ : hostFun 0x0x5cb5c592cab0, fat_cubin_handle = 2
Warning: cannot find deviceFun __nv_static_44__570e7b9d_22_cuda_device_runtime_cu_8b1a5d37__Z16memset_3d_deviceImLi1ELi1ELi0EEvPhhjT_S1_S1_S1_S1_jjjjjjjS1_S0_
GPGPU-Sim PTX: __cudaRegisterFunction __nv_static_44__570e7b9d_22_cuda_device_runtime_cu_8b1a5d37__Z16memset_3d_deviceImLi1ELi0ELi1EEvPhhjT_S1_S1_S1_S1_jjjjjjjS1_S0_ : hostFun 0x0x5cb5c592c860, fat_cubin_handle = 2
Warning: cannot find deviceFun __nv_static_44__570e7b9d_22_cuda_device_runtime_cu_8b1a5d37__Z16memset_3d_deviceImLi1ELi0ELi1EEvPhhjT_S1_S1_S1_S1_jjjjjjjS1_S0_
GPGPU-Sim PTX: __cudaRegisterFunction __nv_static_44__570e7b9d_22_cuda_device_runtime_cu_8b1a5d37__Z16memset_3d_deviceImLi1ELi0ELi0EEvPhhjT_S1_S1_S1_S1_jjjjjjjS1_S0_ : hostFun 0x0x5cb5c592c610, fat_cubin_handle = 2
Warning: cannot find deviceFun __nv_static_44__570e7b9d_22_cuda_device_runtime_cu_8b1a5d37__Z16memset_3d_deviceImLi1ELi0ELi0EEvPhhjT_S1_S1_S1_S1_jjjjjjjS1_S0_
GPGPU-Sim PTX: __cudaRegisterFunction __nv_static_44__570e7b9d_22_cuda_device_runtime_cu_8b1a5d37__Z16memset_3d_deviceImLi0ELi1ELi1EEvPhhjT_S1_S1_S1_S1_jjjjjjjS1_S0_ : hostFun 0x0x5cb5c592c3c0, fat_cubin_handle = 2
Warning: cannot find deviceFun __nv_static_44__570e7b9d_22_cuda_device_runtime_cu_8b1a5d37__Z16memset_3d_deviceImLi0ELi1ELi1EEvPhhjT_S1_S1_S1_S1_jjjjjjjS1_S0_
GPGPU-Sim PTX: __cudaRegisterFunction __nv_static_44__570e7b9d_22_cuda_device_runtime_cu_8b1a5d37__Z16memset_3d_deviceImLi0ELi1ELi0EEvPhhjT_S1_S1_S1_S1_jjjjjjjS1_S0_ : hostFun 0x0x5cb5c592c170, fat_cubin_handle = 2
Warning: cannot find deviceFun __nv_static_44__570e7b9d_22_cuda_device_runtime_cu_8b1a5d37__Z16memset_3d_deviceImLi0ELi1ELi0EEvPhhjT_S1_S1_S1_S1_jjjjjjjS1_S0_
GPGPU-Sim PTX: __cudaRegisterFunction __nv_static_44__570e7b9d_22_cuda_device_runtime_cu_8b1a5d37__Z16memset_3d_deviceImLi0ELi0ELi1EEvPhhjT_S1_S1_S1_S1_jjjjjjjS1_S0_ : hostFun 0x0x5cb5c592bf20, fat_cubin_handle = 2
Warning: cannot find deviceFun __nv_static_44__570e7b9d_22_cuda_device_runtime_cu_8b1a5d37__Z16memset_3d_deviceImLi0ELi0ELi1EEvPhhjT_S1_S1_S1_S1_jjjjjjjS1_S0_
GPGPU-Sim PTX: __cudaRegisterFunction __nv_static_44__570e7b9d_22_cuda_device_runtime_cu_8b1a5d37__Z16memset_3d_deviceImLi0ELi0ELi0EEvPhhjT_S1_S1_S1_S1_jjjjjjjS1_S0_ : hostFun 0x0x5cb5c592bcd0, fat_cubin_handle = 2
Warning: cannot find deviceFun __nv_static_44__570e7b9d_22_cuda_device_runtime_cu_8b1a5d37__Z16memset_3d_deviceImLi0ELi0ELi0EEvPhhjT_S1_S1_S1_S1_jjjjjjjS1_S0_
GPGPU-Sim PTX: __cudaRegisterFunction __nv_static_44__570e7b9d_22_cuda_device_runtime_cu_8b1a5d37__Z16memset_3d_deviceIjLi1ELi1ELi1EEvPhhjT_S1_S1_S1_S1_jjjjjjjS1_S0_ : hostFun 0x0x5cb5c592bab0, fat_cubin_handle = 2
Warning: cannot find deviceFun __nv_static_44__570e7b9d_22_cuda_device_runtime_cu_8b1a5d37__Z16memset_3d_deviceIjLi1ELi1ELi1EEvPhhjT_S1_S1_S1_S1_jjjjjjjS1_S0_
GPGPU-Sim PTX: __cudaRegisterFunction __nv_static_44__570e7b9d_22_cuda_device_runtime_cu_8b1a5d37__Z16memset_3d_deviceIjLi1ELi1ELi0EEvPhhjT_S1_S1_S1_S1_jjjjjjjS1_S0_ : hostFun 0x0x5cb5c592b890, fat_cubin_handle = 2
Warning: cannot find deviceFun __nv_static_44__570e7b9d_22_cuda_device_runtime_cu_8b1a5d37__Z16memset_3d_deviceIjLi1ELi1ELi0EEvPhhjT_S1_S1_S1_S1_jjjjjjjS1_S0_
GPGPU-Sim PTX: __cudaRegisterFunction __nv_static_44__570e7b9d_22_cuda_device_runtime_cu_8b1a5d37__Z16memset_3d_deviceIjLi1ELi0ELi1EEvPhhjT_S1_S1_S1_S1_jjjjjjjS1_S0_ : hostFun 0x0x5cb5c592b670, fat_cubin_handle = 2
Warning: cannot find deviceFun __nv_static_44__570e7b9d_22_cuda_device_runtime_cu_8b1a5d37__Z16memset_3d_deviceIjLi1ELi0ELi1EEvPhhjT_S1_S1_S1_S1_jjjjjjjS1_S0_
GPGPU-Sim PTX: __cudaRegisterFunction __nv_static_44__570e7b9d_22_cuda_device_runtime_cu_8b1a5d37__Z16memset_3d_deviceIjLi1ELi0ELi0EEvPhhjT_S1_S1_S1_S1_jjjjjjjS1_S0_ : hostFun 0x0x5cb5c592b450, fat_cubin_handle = 2
Warning: cannot find deviceFun __nv_static_44__570e7b9d_22_cuda_device_runtime_cu_8b1a5d37__Z16memset_3d_deviceIjLi1ELi0ELi0EEvPhhjT_S1_S1_S1_S1_jjjjjjjS1_S0_
GPGPU-Sim PTX: __cudaRegisterFunction __nv_static_44__570e7b9d_22_cuda_device_runtime_cu_8b1a5d37__Z16memset_3d_deviceIjLi0ELi1ELi1EEvPhhjT_S1_S1_S1_S1_jjjjjjjS1_S0_ : hostFun 0x0x5cb5c592b230, fat_cubin_handle = 2
Warning: cannot find deviceFun __nv_static_44__570e7b9d_22_cuda_device_runtime_cu_8b1a5d37__Z16memset_3d_deviceIjLi0ELi1ELi1EEvPhhjT_S1_S1_S1_S1_jjjjjjjS1_S0_
GPGPU-Sim PTX: __cudaRegisterFunction __nv_static_44__570e7b9d_22_cuda_device_runtime_cu_8b1a5d37__Z16memset_3d_deviceIjLi0ELi1ELi0EEvPhhjT_S1_S1_S1_S1_jjjjjjjS1_S0_ : hostFun 0x0x5cb5c592b010, fat_cubin_handle = 2
Warning: cannot find deviceFun __nv_static_44__570e7b9d_22_cuda_device_runtime_cu_8b1a5d37__Z16memset_3d_deviceIjLi0ELi1ELi0EEvPhhjT_S1_S1_S1_S1_jjjjjjjS1_S0_
GPGPU-Sim PTX: __cudaRegisterFunction __nv_static_44__570e7b9d_22_cuda_device_runtime_cu_8b1a5d37__Z16memset_3d_deviceIjLi0ELi0ELi1EEvPhhjT_S1_S1_S1_S1_jjjjjjjS1_S0_ : hostFun 0x0x5cb5c592adf0, fat_cubin_handle = 2
Warning: cannot find deviceFun __nv_static_44__570e7b9d_22_cuda_device_runtime_cu_8b1a5d37__Z16memset_3d_deviceIjLi0ELi0ELi1EEvPhhjT_S1_S1_S1_S1_jjjjjjjS1_S0_
GPGPU-Sim PTX: __cudaRegisterFunction __nv_static_44__570e7b9d_22_cuda_device_runtime_cu_8b1a5d37__Z16memset_3d_deviceIjLi0ELi0ELi0EEvPhhjT_S1_S1_S1_S1_jjjjjjjS1_S0_ : hostFun 0x0x5cb5c592abd0, fat_cubin_handle = 2
Warning: cannot find deviceFun __nv_static_44__570e7b9d_22_cuda_device_runtime_cu_8b1a5d37__Z16memset_3d_deviceIjLi0ELi0ELi0EEvPhhjT_S1_S1_S1_S1_jjjjjjjS1_S0_
GPGPU-Sim PTX: __cudaRegisterVar: hostVar = 0x5cb5c5a241a0; deviceAddress = __nv_static_44__570e7b9d_22_cuda_device_runtime_cu_8b1a5d37_set_kernel32; deviceName = __nv_static_44__570e7b9d_22_cuda_device_runtime_cu_8b1a5d37_set_kernel32
GPGPU-Sim PTX: __cudaRegisterVar: Registering const memory space of 64 bytes
GPGPU-Sim PTX registering global __nv_static_44__570e7b9d_22_cuda_device_runtime_cu_8b1a5d37_set_kernel32 hostVar to name mapping
GPGPU-Sim PTX: __cudaRegisterVar: hostVar = 0x5cb5c5a24160; deviceAddress = __nv_static_44__570e7b9d_22_cuda_device_runtime_cu_8b1a5d37_set_kernel64; deviceName = __nv_static_44__570e7b9d_22_cuda_device_runtime_cu_8b1a5d37_set_kernel64
GPGPU-Sim PTX: __cudaRegisterVar: Registering const memory space of 64 bytes
GPGPU-Sim PTX registering global __nv_static_44__570e7b9d_22_cuda_device_runtime_cu_8b1a5d37_set_kernel64 hostVar to name mapping
GPGPU-Sim PTX: __cudaRegisterVar: hostVar = 0x5cb5c5a24120; deviceAddress = __nv_static_44__570e7b9d_22_cuda_device_runtime_cu_8b1a5d37_cpy_kernel32; deviceName = __nv_static_44__570e7b9d_22_cuda_device_runtime_cu_8b1a5d37_cpy_kernel32
GPGPU-Sim PTX: __cudaRegisterVar: Registering const memory space of 64 bytes
GPGPU-Sim PTX registering global __nv_static_44__570e7b9d_22_cuda_device_runtime_cu_8b1a5d37_cpy_kernel32 hostVar to name mapping
GPGPU-Sim PTX: __cudaRegisterVar: hostVar = 0x5cb5c5a240e0; deviceAddress = __nv_static_44__570e7b9d_22_cuda_device_runtime_cu_8b1a5d37_cpy_kernel64; deviceName = __nv_static_44__570e7b9d_22_cuda_device_runtime_cu_8b1a5d37_cpy_kernel64
GPGPU-Sim PTX: __cudaRegisterVar: Registering const memory space of 64 bytes
GPGPU-Sim PTX registering global __nv_static_44__570e7b9d_22_cuda_device_runtime_cu_8b1a5d37_cpy_kernel64 hostVar to name mapping
GPGPU-Sim PTX: __cudaRegisterVar: hostVar = 0x5cb5c5a230a0; deviceAddress = __nv_static_44__570e7b9d_22_cuda_device_runtime_cu_8b1a5d37_cudartErrorTableArr; deviceName = __nv_static_44__570e7b9d_22_cuda_device_runtime_cu_8b1a5d37_cudartErrorTableArr
GPGPU-Sim PTX: __cudaRegisterVar: Registering const memory space of 3000 bytes
GPGPU-Sim PTX registering global __nv_static_44__570e7b9d_22_cuda_device_runtime_cu_8b1a5d37_cudartErrorTableArr hostVar to name mapping
GPGPU-Sim PTX: __cudaRegisterVar: hostVar = 0x5cb5c5a240d0; deviceAddress = cudartErrorTable; deviceName = cudartErrorTable
GPGPU-Sim PTX: __cudaRegisterVar: Registering const memory space of 8 bytes
GPGPU-Sim PTX registering global cudartErrorTable hostVar to name mapping
GPGPU-Sim PTX: __cudaRegisterVar: hostVar = 0x5cb5c5934ba8; deviceAddress = cudartErrorTableEntryCount; deviceName = cudartErrorTableEntryCount
GPGPU-Sim PTX: __cudaRegisterVar: Registering const memory space of 4 bytes
GPGPU-Sim PTX registering global cudartErrorTableEntryCount hostVar to name mapping
GPGPU-Sim PTX: __cudaRegisterVar: hostVar = 0x5cb5c5934b40; deviceAddress = __nv_static_44__570e7b9d_22_cuda_device_runtime_cu_8b1a5d37_cudartErrorCnpMapArr; deviceName = __nv_static_44__570e7b9d_22_cuda_device_runtime_cu_8b1a5d37_cudartErrorCnpMapArr
GPGPU-Sim PTX: __cudaRegisterVar: Registering const memory space of 104 bytes
GPGPU-Sim PTX registering global __nv_static_44__570e7b9d_22_cuda_device_runtime_cu_8b1a5d37_cudartErrorCnpMapArr hostVar to name mapping
GPGPU-Sim PTX: __cudaRegisterVar: hostVar = 0x5cb5c5a240c8; deviceAddress = cudartErrorCnpMap; deviceName = cudartErrorCnpMap
GPGPU-Sim PTX: __cudaRegisterVar: Registering const memory space of 8 bytes
GPGPU-Sim PTX registering global cudartErrorCnpMap hostVar to name mapping
GPGPU-Sim PTX: __cudaRegisterVar: hostVar = 0x5cb5c5934b20; deviceAddress = cudartErrorCnpMapEntryCount; deviceName = cudartErrorCnpMapEntryCount
GPGPU-Sim PTX: __cudaRegisterVar: Registering const memory space of 4 bytes
GPGPU-Sim PTX registering global cudartErrorCnpMapEntryCount hostVar to name mapping
GPGPU-Sim PTX: __cudaRegisterVar: hostVar = 0x5cb5c5a240c0; deviceAddress = __CNPRT_VERSION_NUMBER__; deviceName = __CNPRT_VERSION_NUMBER__
GPGPU-Sim PTX: __cudaRegisterVar: Registering const memory space of 4 bytes
GPGPU-Sim PTX registering global __CNPRT_VERSION_NUMBER__ hostVar to name mapping
GPGPU-Sim PTX: Setting up arguments for 8 bytes starting at 0x7ffe37d544e8..
GPGPU-Sim PTX: Setting up arguments for 8 bytes starting at 0x7ffe37d544e0..
GPGPU-Sim PTX: Setting up arguments for 8 bytes starting at 0x7ffe37d544d8..
GPGPU-Sim PTX: Setting up arguments for 4 bytes starting at 0x7ffe37d544d4..
GPGPU-Sim PTX: Setting up arguments for 4 bytes starting at 0x7ffe37d544d0..

GPGPU-Sim PTX: cudaLaunch for 0x0x5cb5c59298a0 (mode=performance simulation) on stream 0
GPGPU-Sim PTX: finding reconvergence points for '_Z9qk_scoresPKfS0_Pfii'...
GPGPU-Sim PTX: Finding dominators for '_Z9qk_scoresPKfS0_Pfii'...
GPGPU-Sim PTX: Finding immediate dominators for '_Z9qk_scoresPKfS0_Pfii'...
GPGPU-Sim PTX: Finding postdominators for '_Z9qk_scoresPKfS0_Pfii'...
GPGPU-Sim PTX: Finding immediate postdominators for '_Z9qk_scoresPKfS0_Pfii'...
GPGPU-Sim PTX: pre-decoding instructions for '_Z9qk_scoresPKfS0_Pfii'...
GPGPU-Sim PTX: reconvergence points for _Z9qk_scoresPKfS0_Pfii...
GPGPU-Sim PTX:  1 (potential) branch divergence @  PC=0x908 (mlx_attention_proxy.1.sm_70.ptx:399) @%p1 bra $L__BB2_9;
GPGPU-Sim PTX:    immediate post dominator      @  PC=0xab0 (mlx_attention_proxy.1.sm_70.ptx:467) ret;
GPGPU-Sim PTX:  2 (potential) branch divergence @  PC=0x920 (mlx_attention_proxy.1.sm_70.ptx:403) @%p2 bra $L__BB2_8;
GPGPU-Sim PTX:    immediate post dominator      @  PC=0xa90 (mlx_attention_proxy.1.sm_70.ptx:461) cvta.to.global.u64 %rd21, %rd14;
GPGPU-Sim PTX:  3 (potential) branch divergence @  PC=0x950 (mlx_attention_proxy.1.sm_70.ptx:410) @%p3 bra $L__BB2_5;
GPGPU-Sim PTX:    immediate post dominator      @  PC=0xa18 (mlx_attention_proxy.1.sm_70.ptx:440) setp.eq.s32 %p5, %r24, 0;
GPGPU-Sim PTX:  4 (potential) branch divergence @  PC=0xa10 (mlx_attention_proxy.1.sm_70.ptx:437) @%p4 bra $L__BB2_4;
GPGPU-Sim PTX:    immediate post dominator      @  PC=0xa18 (mlx_attention_proxy.1.sm_70.ptx:440) setp.eq.s32 %p5, %r24, 0;
GPGPU-Sim PTX:  5 (potential) branch divergence @  PC=0xa20 (mlx_attention_proxy.1.sm_70.ptx:441) @%p5 bra $L__BB2_8;
GPGPU-Sim PTX:    immediate post dominator      @  PC=0xa90 (mlx_attention_proxy.1.sm_70.ptx:461) cvta.to.global.u64 %rd21, %rd14;
GPGPU-Sim PTX:  6 (potential) branch divergence @  PC=0xa88 (mlx_attention_proxy.1.sm_70.ptx:458) @%p6 bra $L__BB2_7;
GPGPU-Sim PTX:    immediate post dominator      @  PC=0xa90 (mlx_attention_proxy.1.sm_70.ptx:461) cvta.to.global.u64 %rd21, %rd14;
GPGPU-Sim PTX: ... end of reconvergence points for _Z9qk_scoresPKfS0_Pfii
GPGPU-Sim PTX: ... done pre-decoding instructions for '_Z9qk_scoresPKfS0_Pfii'.
GPGPU-Sim PTX: pushing kernel '_Z9qk_scoresPKfS0_Pfii' to stream 0, gridDim= (128,1,1) blockDim = (128,1,1) 
GPGPU-Sim uArch: Shader 0 bind to kernel 1 '_Z9qk_scoresPKfS0_Pfii'
GPGPU-Sim uArch: CTA/core = 16, limited by: threads
GPGPU-Sim: Reconfigure L1 cache to 128KB
GPGPU-Sim uArch: Shader 1 bind to kernel 1 '_Z9qk_scoresPKfS0_Pfii'
GPGPU-Sim uArch: Shader 2 bind to kernel 1 '_Z9qk_scoresPKfS0_Pfii'
GPGPU-Sim uArch: Shader 3 bind to kernel 1 '_Z9qk_scoresPKfS0_Pfii'
GPGPU-Sim uArch: Shader 4 bind to kernel 1 '_Z9qk_scoresPKfS0_Pfii'
GPGPU-Sim uArch: Shader 5 bind to kernel 1 '_Z9qk_scoresPKfS0_Pfii'
GPGPU-Sim uArch: Shader 6 bind to kernel 1 '_Z9qk_scoresPKfS0_Pfii'
GPGPU-Sim uArch: Shader 7 bind to kernel 1 '_Z9qk_scoresPKfS0_Pfii'
Destroy streams for kernel 1: size 0
kernel_name = _Z9qk_scoresPKfS0_Pfii 
kernel_launch_uid = 1 
kernel_stream_id = 0
gpu_sim_cycle = 9352772
gpu_sim_insn = 302497792
gpu_ipc =      32.3431
gpu_tot_sim_cycle = 9352772
gpu_tot_sim_insn = 302497792
gpu_tot_ipc =      32.3431
gpu_tot_issued_cta = 128
gpu_occupancy = 99.3174% 
gpu_tot_occupancy = 99.3174% 
max_total_param_size = 0
gpu_stall_dramfull = 0
gpu_stall_icnt2sh    = 0
partiton_level_parallism =       4.6733
partiton_level_parallism_total  =       4.6733
partiton_level_parallism_util =       4.7215
partiton_level_parallism_util_total  =       4.7215
L2_BW  =     205.9232 GB/Sec
L2_BW_total  =     205.9232 GB/Sec
gpu_total_sim_rate=102402

========= Core cache stats =========
L1I_cache:
	L1I_total_cache_accesses = 0
	L1I_total_cache_misses = 0
	L1I_total_cache_pending_hits = 0
	L1I_total_cache_reservation_fails = 0
L1D_cache:
	L1D_cache_core[0]: Access = 8651008, Miss = 5812503, Miss_rate = 0.672, Pending_hits = 37145, Reservation_fails = 1362375
	L1D_cache_core[1]: Access = 8651008, Miss = 5310432, Miss_rate = 0.614, Pending_hits = 30672, Reservation_fails = 1190061
	L1D_cache_core[2]: Access = 8651008, Miss = 5465463, Miss_rate = 0.632, Pending_hits = 32995, Reservation_fails = 1383265
	L1D_cache_core[3]: Access = 8651008, Miss = 5645931, Miss_rate = 0.653, Pending_hits = 39887, Reservation_fails = 1587055
	L1D_cache_core[4]: Access = 8651008, Miss = 5219482, Miss_rate = 0.603, Pending_hits = 37204, Reservation_fails = 1369776
	L1D_cache_core[5]: Access = 8651008, Miss = 5255879, Miss_rate = 0.608, Pending_hits = 30214, Reservation_fails = 1173223
	L1D_cache_core[6]: Access = 8651008, Miss = 5939079, Miss_rate = 0.687, Pending_hits = 46672, Reservation_fails = 1666163
	L1D_cache_core[7]: Access = 8651008, Miss = 5059304, Miss_rate = 0.585, Pending_hits = 21936, Reservation_fails = 872061
	L1D_total_cache_accesses = 69208064
	L1D_total_cache_misses = 43708073
	L1D_total_cache_miss_rate = 0.6315
	L1D_total_cache_pending_hits = 276725
	L1D_total_cache_reservation_fails = 10603979
	L1D_cache_data_port_util = 0.344
	L1D_cache_fill_port_util = 0.595
L1C_cache:
	L1C_total_cache_accesses = 0
	L1C_total_cache_misses = 0
	L1C_total_cache_pending_hits = 0
	L1C_total_cache_reservation_fails = 0
L1T_cache:
	L1T_total_cache_accesses = 0
	L1T_total_cache_misses = 0
	L1T_total_cache_pending_hits = 0
	L1T_total_cache_reservation_fails = 0

Total_core_cache_stats:
	Total_core_cache_stats_breakdown[GLOBAL_ACC_R][HIT] = 25223266
	Total_core_cache_stats_breakdown[GLOBAL_ACC_R][HIT_RESERVED] = 276725
	Total_core_cache_stats_breakdown[GLOBAL_ACC_R][MISS] = 42829780
	Total_core_cache_stats_breakdown[GLOBAL_ACC_R][RESERVATION_FAIL] = 10603979
	Total_core_cache_stats_breakdown[GLOBAL_ACC_R][SECTOR_MISS] = 876245
	Total_core_cache_stats_breakdown[GLOBAL_ACC_R][MSHR_HIT] = 276725
	Total_core_cache_stats_breakdown[LOCAL_ACC_R][HIT] = 0
	Total_core_cache_stats_breakdown[LOCAL_ACC_R][HIT_RESERVED] = 0
	Total_core_cache_stats_breakdown[LOCAL_ACC_R][MISS] = 0
	Total_core_cache_stats_breakdown[LOCAL_ACC_R][RESERVATION_FAIL] = 0
	Total_core_cache_stats_breakdown[LOCAL_ACC_R][SECTOR_MISS] = 0
	Total_core_cache_stats_breakdown[LOCAL_ACC_R][MSHR_HIT] = 0
	Total_core_cache_stats_breakdown[CONST_ACC_R][HIT] = 0
	Total_core_cache_stats_breakdown[CONST_ACC_R][HIT_RESERVED] = 0
	Total_core_cache_stats_breakdown[CONST_ACC_R][MISS] = 0
	Total_core_cache_stats_breakdown[CONST_ACC_R][RESERVATION_FAIL] = 0
	Total_core_cache_stats_breakdown[CONST_ACC_R][SECTOR_MISS] = 0
	Total_core_cache_stats_breakdown[CONST_ACC_R][MSHR_HIT] = 0
	Total_core_cache_stats_breakdown[TEXTURE_ACC_R][HIT] = 0
	Total_core_cache_stats_breakdown[TEXTURE_ACC_R][HIT_RESERVED] = 0
	Total_core_cache_stats_breakdown[TEXTURE_ACC_R][MISS] = 0
	Total_core_cache_stats_breakdown[TEXTURE_ACC_R][RESERVATION_FAIL] = 0
	Total_core_cache_stats_breakdown[TEXTURE_ACC_R][SECTOR_MISS] = 0
	Total_core_cache_stats_breakdown[TEXTURE_ACC_R][MSHR_HIT] = 0
	Total_core_cache_stats_breakdown[GLOBAL_ACC_W][HIT] = 0
	Total_core_cache_stats_breakdown[GLOBAL_ACC_W][HIT_RESERVED] = 0
	Total_core_cache_stats_breakdown[GLOBAL_ACC_W][MISS] = 512
	Total_core_cache_stats_breakdown[GLOBAL_ACC_W][RESERVATION_FAIL] = 0
	Total_core_cache_stats_breakdown[GLOBAL_ACC_W][SECTOR_MISS] = 1536
	Total_core_cache_stats_breakdown[GLOBAL_ACC_W][MSHR_HIT] = 0
	Total_core_cache_stats_breakdown[LOCAL_ACC_W][HIT] = 0
	Total_core_cache_stats_breakdown[LOCAL_ACC_W][HIT_RESERVED] = 0
	Total_core_cache_stats_breakdown[LOCAL_ACC_W][MISS] = 0
	Total_core_cache_stats_breakdown[LOCAL_ACC_W][RESERVATION_FAIL] = 0
	Total_core_cache_stats_breakdown[LOCAL_ACC_W][SECTOR_MISS] = 0
	Total_core_cache_stats_breakdown[LOCAL_ACC_W][MSHR_HIT] = 0
	Total_core_cache_stats_breakdown[L1_WRBK_ACC][HIT] = 0
	Total_core_cache_stats_breakdown[L1_WRBK_ACC][HIT_RESERVED] = 0
	Total_core_cache_stats_breakdown[L1_WRBK_ACC][MISS] = 0
	Total_core_cache_stats_breakdown[L1_WRBK_ACC][RESERVATION_FAIL] = 0
	Total_core_cache_stats_breakdown[L1_WRBK_ACC][SECTOR_MISS] = 0
	Total_core_cache_stats_breakdown[L1_WRBK_ACC][MSHR_HIT] = 0
	Total_core_cache_stats_breakdown[L2_WRBK_ACC][HIT] = 0
	Total_core_cache_stats_breakdown[L2_WRBK_ACC][HIT_RESERVED] = 0
	Total_core_cache_stats_breakdown[L2_WRBK_ACC][MISS] = 0
	Total_core_cache_stats_breakdown[L2_WRBK_ACC][RESERVATION_FAIL] = 0
	Total_core_cache_stats_breakdown[L2_WRBK_ACC][SECTOR_MISS] = 0
	Total_core_cache_stats_breakdown[L2_WRBK_ACC][MSHR_HIT] = 0
	Total_core_cache_stats_breakdown[INST_ACC_R][HIT] = 0
	Total_core_cache_stats_breakdown[INST_ACC_R][HIT_RESERVED] = 0
	Total_core_cache_stats_breakdown[INST_ACC_R][MISS] = 0
	Total_core_cache_stats_breakdown[INST_ACC_R][RESERVATION_FAIL] = 0
	Total_core_cache_stats_breakdown[INST_ACC_R][SECTOR_MISS] = 0
	Total_core_cache_stats_breakdown[INST_ACC_R][MSHR_HIT] = 0
	Total_core_cache_stats_breakdown[L1_WR_ALLOC_R][HIT] = 0
	Total_core_cache_stats_breakdown[L1_WR_ALLOC_R][HIT_RESERVED] = 0
	Total_core_cache_stats_breakdown[L1_WR_ALLOC_R][MISS] = 0
	Total_core_cache_stats_breakdown[L1_WR_ALLOC_R][RESERVATION_FAIL] = 0
	Total_core_cache_stats_breakdown[L1_WR_ALLOC_R][SECTOR_MISS] = 0
	Total_core_cache_stats_breakdown[L1_WR_ALLOC_R][MSHR_HIT] = 0
	Total_core_cache_stats_breakdown[L2_WR_ALLOC_R][HIT] = 0
	Total_core_cache_stats_breakdown[L2_WR_ALLOC_R][HIT_RESERVED] = 0
	Total_core_cache_stats_breakdown[L2_WR_ALLOC_R][MISS] = 0
	Total_core_cache_stats_breakdown[L2_WR_ALLOC_R][RESERVATION_FAIL] = 0
	Total_core_cache_stats_breakdown[L2_WR_ALLOC_R][SECTOR_MISS] = 0
	Total_core_cache_stats_breakdown[L2_WR_ALLOC_R][MSHR_HIT] = 0
	Total_core_cache_stats_breakdown[GLOBAL_ACC_R][TOTAL_ACCESS] = 69206016
	Total_core_cache_stats_breakdown[GLOBAL_ACC_W][TOTAL_ACCESS] = 2048

Total_core_cache_fail_stats:
	Total_core_cache_fail_stats_breakdown[GLOBAL_ACC_R][LINE_ALLOC_FAIL] = 10520678
	Total_core_cache_fail_stats_breakdown[GLOBAL_ACC_R][MISS_QUEUE_FULL] = 8203
	Total_core_cache_fail_stats_breakdown[GLOBAL_ACC_R][MSHR_MERGE_ENRTY_FAIL] = 75098
ctas_completed 128, Shader 0 warp_id issue ditsribution:
warp_id:
0, 1, 2, 3, 4, 5, 6, 7, 8, 9, 10, 11, 12, 13, 14, 15, 16, 17, 18, 19, 20, 21, 22, 23, 24, 25, 26, 27, 28, 29, 30, 31, 32, 33, 34, 35, 36, 37, 38, 39, 40, 41, 42, 43, 44, 45, 46, 47, 48, 49, 50, 51, 52, 53, 54, 55, 56, 57, 58, 59, 60, 61, 62, 63, 
distro:
18467, 18467, 18467, 18467, 18467, 18467, 18467, 18467, 18467, 18467, 18467, 18467, 18467, 18467, 18467, 18467, 18467, 18467, 18467, 18467, 18467, 18467, 18467, 18467, 18467, 18467, 18467, 18467, 18467, 18467, 18467, 18467, 18467, 18467, 18467, 18467, 18467, 18467, 18467, 18467, 18467, 18467, 18467, 18467, 18467, 18467, 18467, 18467, 18467, 18467, 18467, 18467, 18467, 18467, 18467, 18467, 18467, 18467, 18467, 18467, 18467, 18467, 18467, 18467, 
gpgpu_n_tot_thrd_icount = 302563328
gpgpu_n_tot_w_icount = 9455104
gpgpu_n_stall_shd_mem = 69210436
gpgpu_n_mem_read_local = 0
gpgpu_n_mem_write_local = 0
gpgpu_n_mem_read_global = 43706025
gpgpu_n_mem_write_global = 2048
gpgpu_n_mem_texture = 0
gpgpu_n_mem_const = 0
gpgpu_n_load_insn  = 134217728
gpgpu_n_store_insn = 16384
gpgpu_n_shmem_insn = 0
gpgpu_n_sstarr_insn = 0
gpgpu_n_tex_insn = 0
gpgpu_n_const_mem_insn = 0
gpgpu_n_param_mem_insn = 81920
gpgpu_n_shmem_bkconflict = 0
gpgpu_n_l1cache_bkconflict = 69210436
gpgpu_n_intrawarp_mshr_merge = 0
gpgpu_n_cmem_portconflict = 0
gpgpu_stall_shd_mem[c_mem][resource_stall] = 0
gpgpu_stall_shd_mem[s_mem][bk_conf] = 0
gpgpu_stall_shd_mem[gl_mem][resource_stall] = 69210436
gpgpu_stall_shd_mem[gl_mem][coal_stall] = 0
gpgpu_stall_shd_mem[gl_mem][data_port_stall] = 0
gpu_reg_bank_conflict_stalls = 0
Warp Occupancy Distribution:
Stall:283713406	W0_Idle:43720	W0_Scoreboard:467554	W1:0	W2:0	W3:0	W4:0	W5:0	W6:0	W7:0	W8:0	W9:0	W10:0	W11:0	W12:0	W13:0	W14:0	W15:0	W16:0	W17:0	W18:0	W19:0	W20:0	W21:0	W22:0	W23:0	W24:0	W25:0	W26:0	W27:0	W28:0	W29:0	W30:0	W31:0	W32:9455104
single_issue_nums: WS0:2363776	WS1:2363776	WS2:2363776	WS3:2363776	
dual_issue_nums: WS0:0	WS1:0	WS2:0	WS3:0	
traffic_breakdown_coretomem[GLOBAL_ACC_R] = 349648200 {8:43706025,}
traffic_breakdown_coretomem[GLOBAL_ACC_W] = 81920 {40:2048,}
traffic_breakdown_memtocore[GLOBAL_ACC_R] = 1748241000 {40:43706025,}
traffic_breakdown_memtocore[GLOBAL_ACC_W] = 16384 {8:2048,}
maxmflatency = 5690 
max_icnt2mem_latency = 5318 
maxmrqlatency = 208 
max_icnt2sh_latency = 422 
averagemflatency = 335 
avg_icnt2mem_latency = 26 
avg_mrq_latency = 6 
avg_icnt2sh_latency = 48 
mrq_lat_table:21006871 	628207 	1236227 	2754487 	2253764 	1380953 	245921 	4637 	0 	0 	0 	0 	0 	0 	0 	0 	0 	0 	0 	0 	0 	0 	0 	0 	0 	0 	0 	0 	0 	0 	0 	0 	
dq_lat_table:0 	0 	0 	0 	0 	0 	0 	0 	0 	0 	0 	0 	0 	0 	0 	0 	0 	0 	0 	0 	0 	0 	0 	0 	0 	0 	0 	0 	0 	0 	0 	0 	
mf_lat_table:0 	0 	0 	0 	0 	0 	0 	9173496 	34094130 	437099 	3144 	191 	13 	0 	0 	0 	0 	0 	0 	0 	0 	0 	0 	0 	0 	0 	0 	0 	0 	0 	0 	0 	
icnt2mem_lat_table:0 	0 	0 	0 	39442406 	3830859 	322690 	81316 	23645 	6233 	809 	107 	8 	0 	0 	0 	0 	0 	0 	0 	0 	0 	0 	0 	
icnt2sh_lat_table:0 	5916424 	4106390 	4703769 	6687973 	9054791 	9669797 	3532503 	36426 	0 	0 	0 	0 	0 	0 	0 	0 	0 	0 	0 	0 	0 	0 	0 	
mf_lat_pw_table:0 	0 	0 	0 	0 	0 	0 	641 	18059 	0 	0 	0 	0 	0 	0 	0 	0 	0 	0 	0 	0 	0 	0 	0 	0 	0 	0 	0 	0 	0 	0 	0 	
maximum concurrent accesses to same row:
dram[0]:         5         5         2         2         3         3         2         2         3         3         2         2         2         2         2         2 
dram[1]:         4         3         3         3         2         2         2         2         2         2         2         2         2         2         3         3 
dram[2]:         3         3         2         2         2         2         2         2         2         2         2         2         3         3         2         2 
dram[3]:         2         3         2         2         2         2         3         3         2         2         3         3         2         2         2         2 
dram[4]:         4         4         3         3         2         2         2         2         2         2         2         2         2         2         3         3 
dram[5]:         4         4         2         2         3         3         2         2         3         3         2         2         2         2         2         2 
dram[6]:         4         4         2         2         2         2         3         3         2         2         3         3         2         2         2         2 
dram[7]:         5         4         2         2         2         2         2         2         2         2         2         2         3         3         2         2 
dram[8]:         3         5         2         2         2         2         2         2         2         2         2         2         3         3         2         2 
dram[9]:         4         3         2         2         2         2         3         3         2         2         3         3         2         2         2         2 
dram[10]:         4         3         2         2         3         3         2         2         3         3         2         2         2         2         2         2 
dram[11]:         4         4         3         3         2         2         2         2         2         2         2         2         2         2         3         3 
dram[12]:         2         4         2         2         2         2         3         3         2         2         3         3         2         2         2         2 
dram[13]:         3         4         2         2         2         2         2         2         2         2         2         2         3         3         2         2 
dram[14]:         3         4         3         3         2         2         2         2         2         2         2         2         2         2         3         3 
dram[15]:         3         4         2         2         3         3         2         2         3         3         2         2         2         2         2         2 
maximum service time to same row:
dram[0]:      9171      5546      7670      4495      9865      5353     11156      4763      9864      5370     11158      4765      9171      5545      7686      4497 
dram[1]:     11160      4751      9874      5382      7685      4482      9184      5544      7670      4485      9183      5545     11160      4752      9872      5366 
dram[2]:      9863      5373     11161      4761      9176      5544      7686      4492      9176      5544      7671      4490      9866      5357     11162      4759 
dram[3]:      7670      4488      9180      5544     11157      4758      9872      5362     11156      4754      9874      5377      7686      4486      9180      5545 
dram[4]:     11162      4752      9872      5381      7687      4484      9184      5545      7670      4481      9184      5543     11162      4752      9874      5364 
dram[5]:      9173      5545      7670      4495      9865      5353     11158      4765      9866      5369     11156      4763      9173      5547      7686      4493 
dram[6]:      7670      4486      9180      5544     11158      4754      9874      5360     11158      4758      9872      5377      7685      4488      9180      5543 
dram[7]:      9867      5372     11161      4759      9176      5544      7686      4490      9177      5545      7670      4491      9864      5357     11160      4761 
dram[8]:      9863      5370     11156      4765      9172      5544      7687      4496      9171      5548      7670      4495      9865      5353     11158      4763 
dram[9]:      7670      4484      9184      5544     11160      4754      9873      5366     11160      4750      9874      5381      7686      4483      9183      5544 
dram[10]:      9175      5543      7670      4490      9865      5357     11160      4758      9865      5373     11162      4761      9175      5543      7687      4493 
dram[11]:     11156      4756      9874      5377      7686      4486      9180      5544      7670      4488      9180      5545     11156      4757      9872      5362 
dram[12]:      7670      4481      9185      5544     11162      4750      9874      5364     11162      4754      9872      5380      7686      4483      9185      5544 
dram[13]:      9867      5368     11157      4763      9172      5548      7685      4494      9173      5544      7670      4495      9865      5353     11157      4765 
dram[14]:     11158      4757      9872      5377      7686      4488      9180      5544      7670      4486      9180      5543     11158      4755      9874      5360 
dram[15]:      9176      5544      7670      4492      9865      5357     11162      4762      9865      5373     11160      4758      9177      5545      7685      4490 
average row accesses per activate:
dram[0]:  1.000439  1.000592  1.000061  1.000052  1.000112  1.000061  1.000043  1.000061  1.000121  1.000061  1.000035  1.000052  1.000095  1.000061  1.000086  1.000044 
dram[1]:  1.000345  1.000279  1.000121  1.000061  1.000052  1.000044  1.000095  1.000061  1.000078  1.000044  1.000086  1.000070  1.000060  1.000052  1.000138  1.000061 
dram[2]:  1.000112  1.000096  1.000069  1.000061  1.000103  1.000061  1.000052  1.000044  1.000086  1.000061  1.000078  1.000044  1.000130  1.000052  1.000060  1.000052 
dram[3]:  1.000061  1.000096  1.000095  1.000070  1.000043  1.000061  1.000112  1.000070  1.000035  1.000052  1.000138  1.000061  1.000087  1.000044  1.000077  1.000061 
dram[4]:  1.000276  1.000799  1.000112  1.000061  1.000052  1.000044  1.000095  1.000061  1.000078  1.000044  1.000086  1.000061  1.000060  1.000052  1.000138  1.000052 
dram[5]:  1.000490  1.000790  1.000061  1.000052  1.000112  1.000061  1.000052  1.000061  1.000130  1.000061  1.000035  1.000052  1.000095  1.000061  1.000086  1.000044 
dram[6]:  1.000492  1.000478  1.000095  1.000070  1.000043  1.000061  1.000121  1.000070  1.000035  1.000052  1.000138  1.000061  1.000086  1.000044  1.000077  1.000061 
dram[7]:  1.000543  1.000461  1.000069  1.000061  1.000103  1.000061  1.000052  1.000044  1.000086  1.000061  1.000078  1.000044  1.000130  1.000061  1.000060  1.000052 
dram[8]:  1.000491  1.000635  1.000060  1.000061  1.000095  1.000061  1.000052  1.000044  1.000086  1.000061  1.000086  1.000044  1.000121  1.000052  1.000052  1.000052 
dram[9]:  1.000483  1.000486  1.000095  1.000070  1.000043  1.000061  1.000112  1.000061  1.000052  1.000052  1.000138  1.000061  1.000095  1.000044  1.000077  1.000061 
dram[10]:  1.000439  1.000548  1.000061  1.000052  1.000112  1.000070  1.000052  1.000061  1.000121  1.000061  1.000026  1.000052  1.000086  1.000061  1.000086  1.000044 
dram[11]:  1.000310  1.000505  1.000104  1.000061  1.000052  1.000052  1.000103  1.000061  1.000078  1.000044  1.000086  1.000061  1.000060  1.000052  1.000138  1.000061 
dram[12]:  1.000078  1.000478  1.000095  1.000079  1.000052  1.000061  1.000112  1.000052  1.000052  1.000052  1.000130  1.000061  1.000086  1.000044  1.000086  1.000061 
dram[13]:  1.000164  1.000539  1.000060  1.000061  1.000103  1.000061  1.000052  1.000044  1.000086  1.000061  1.000078  1.000044  1.000130  1.000061  1.000052  1.000052 
dram[14]:  1.000379  1.000314  1.000104  1.000061  1.000052  1.000052  1.000103  1.000061  1.000078  1.000044  1.000086  1.000061  1.000060  1.000052  1.000147  1.000052 
dram[15]:  1.000447  1.000278  1.000061  1.000052  1.000112  1.000061  1.000060  1.000061  1.000130  1.000061  1.000035  1.000052  1.000086  1.000061  1.000086  1.000044 
average row locality = 29511067/29507762 = 1.000112
number of total memory accesses made:
dram[0]:         0         0         0         0         0         0         0         0         0         0         0         0         0         0         0         0 
dram[1]:         0         0         0         0         0         0         0         0         0         0         0         0         0         0         0         0 
dram[2]:         0         0         0         0         0         0         0         0         0         0         0         0         0         0         0         0 
dram[3]:         0         0         0         0         0         0         0         0         0         0         0         0         0         0         0         0 
dram[4]:         0         0         0         0         0         0         0         0         0         0         0         0         0         0         0         0 
dram[5]:         0         0         0         0         0         0         0         0         0         0         0         0         0         0         0         0 
dram[6]:         0         0         0         0         0         0         0         0         0         0         0         0         0         0         0         0 
dram[7]:         0         0         0         0         0         0         0         0         0         0         0         0         0         0         0         0 
dram[8]:         0         0         0         0         0         0         0         0         0         0         0         0         0         0         0         0 
dram[9]:         0         0         0         0         0         0         0         0         0         0         0         0         0         0         0         0 
dram[10]:         0         0         0         0         0         0         0         0         0         0         0         0         0         0         0         0 
dram[11]:         0         0         0         0         0         0         0         0         0         0         0         0         0         0         0         0 
dram[12]:         0         0         0         0         0         0         0         0         0         0         0         0         0         0         0         0 
dram[13]:         0         0         0         0         0         0         0         0         0         0         0         0         0         0         0         0 
dram[14]:         0         0         0         0         0         0         0         0         0         0         0         0         0         0         0         0 
dram[15]:         0         0         0         0         0         0         0         0         0         0         0         0         0         0         0         0 
total accesses: 0
min_bank_accesses = 0!
min_chip_accesses = 0!
number of total read accesses:
dram[0]:    142882     88056    142725     87829    142783     87710    142495     87835    142757     87718    142490     87857    142725     87860    142731     87792 
dram[1]:    142611     88059    142785     87681    142732     87855    142716     87859    142703     87813    142743     87871    142517     87870    142779     87712 
dram[2]:    142763     87644    142458     87839    142701     87834    142720     87834    142714     87859    142698     87791    142766     87707    142507     87846 
dram[3]:    142721     87835    142693     87784    142475     87836    142763     87690    142499     87833    142752     87693    142722     87757    142729     87865 
dram[4]:    142595     88488    142778     87694    142728     87869    142706     87870    142696     87821    142723     87871    142508     87875    142785     87721 
dram[5]:    142909     88504    142723     87848    142789     87742    142484     87869    142750     87738    142490     87848    142733     87877    142732     87814 
dram[6]:    143064     88150    142731     87790    142506     87843    142786     87701    142516     87855    142778     87711    142751     87778    142768     87893 
dram[7]:    143098     87986    142482     87847    142734     87848    142740     87849    142735     87861    142724     87804    142794     87712    142527     87870 
dram[8]:    143017     88139    142483     87853    142716     87848    142727     87889    142730     87896    142720     87824    142773     87732    142509     87878 
dram[9]:    143041     88297    142727     87837    142503     87861    142792     87725    142515     87890    142775     87735    142738     87779    142752     87904 
dram[10]:    142979     88106    142724     87813    142780     87730    142494     87847    142774     87739    142496     87844    142737     87870    142730     87779 
dram[11]:    142733     88190    142771     87686    142722     87839    142710     87851    142720     87806    142733     87862    142508     87862    142774     87699 
dram[12]:    142863     88186    142703     87824    142479     87864    142769     87763    142494     87882    142751     87745    142722     87786    142742     87923 
dram[13]:    142933     88051    142466     87850    142691     87840    142711     87880    142709     87899    142708     87828    142760     87768    142492     87903 
dram[14]:    142727     88117    142769     87684    142722     87863    142701     87854    142716     87802    142730     87858    142514     87861    142784     87718 
dram[15]:    143003     88083    142727     87824    142788     87728    142489     87857    142779     87727    142497     87857    142737     87849    142742     87773 
total dram reads = 29511067
bank skew: 143098/87644 = 1.63
chip skew: 1844871/1843647 = 1.00
number of total write accesses:
dram[0]:         0        12         0         0         0         0         0         0         0         0         0         0         0         0         0         0 
dram[1]:         0        16         0         0         0         0         0         0         0         0         0         0         0         0         0         0 
dram[2]:         0        12         0         0         0         0         0         0         0         0         0         0         0         0         0         0 
dram[3]:         0        16         0         0         0         0         0         0         0         0         0         0         0         0         0         0 
dram[4]:         0        32         0        12         0         0         0         0         0         0         0         0         0         0         0         0 
dram[5]:         0        16         0        16         0         0         0         0         0         0         0         0         0         0         0         0 
dram[6]:         0        32         0         8         0         0         0         0         0         0         0         0         0         0         0         0 
dram[7]:         0        16         0        16         0         0         0         0         0         0         0         0         0         0         0         0 
dram[8]:         0         8         0         0         0         0         0         0         0         0         0         0         0         0         0         0 
dram[9]:         0        16         0         0         0         0         0         0         0         0         0         0         0         0         0         0 
dram[10]:         0        12         0         0         0         0         0         0         0         0         0         0         0         0         0         0 
dram[11]:         0        16         0         0         0         0         0         0         0         0         0         0         0         0         0         0 
dram[12]:         0        32         0         8         0         0         0         0         0         0         0         0         0         0         0         0 
dram[13]:         0        24         0        16         0         0         0         0         0         0         0         0         0         0         0         0 
dram[14]:         0        32         0         8         0         0         0         0         0         0         0         0         0         0         0         0 
dram[15]:         0        24         0        16         0         0         0         0         0         0         0         0         0         0         0         0 
total dram writes = 416
min_bank_accesses = 0!
chip skew: 44/8 = 5.50
average mf latency per bank:
dram[0]:        482       560       465       545       462       544       462       544       463       545       463       544       463       545       464       546
dram[1]:        482       561       463       545       461       544       461       544       462       546       462       545       462       544       462       546
dram[2]:        486       566       465       549       463       548       463       549       464       549       465       550       464       550       464       549
dram[3]:        484       561       464       545       461       544       462       545       462       545       463       546       463       546       463       545
dram[4]:        485       562       465       550       463       549       463       549       464       551       464       550       464       550       464       551
dram[5]:        485       559       466       547       464       547       464       546       464       547       465       547       464       547       465       549
dram[6]:        483       562       465       547       462       546       463       547       463       547       463       548       464       548       464       547
dram[7]:        480       560       463       544       461       544       461       544       461       545       462       546       462       545       462       544
dram[8]:        479       556       463       542       461       542       461       543       461       543       462       544       462       544       462       543
dram[9]:        482       558       466       545       463       544       463       545       464       545       464       546       464       547       465       546
dram[10]:        479       561       463       549       461       548       461       547       462       549       462       548       462       548       463       550
dram[11]:        479       556       464       544       462       543       461       543       462       544       462       544       462       543       463       545
dram[12]:        480       559       465       549       463       547       463       549       463       548       464       550       464       550       464       549
dram[13]:        477       558       463       547       461       546       461       547       462       547       462       548       462       548       462       547
dram[14]:        479       561       465       549       463       547       463       547       463       549       464       548       463       548       464       549
dram[15]:        476       559       463       547       460       546       460       546       460       547       461       547       461       547       462       548
maximum mf latency per bank:
dram[0]:       4688      1711      1980      1710      1407       942      1225       708       731       671       711       640       725       676       787       649
dram[1]:       3788      1596      2460      1204      1175       940       938       730       713       659       689       672       665       658       681       677
dram[2]:       5671      1419      2896      1114      1821      1094      1014       863       718       703       703       678       726       707       750       693
dram[3]:       3669      2022      4226      1549      1995      1165       917       733      1107       685       715       663       804       726       688       703
dram[4]:       4373      1594      2462      1199      1093      1295       868       958       688       680       688       670       717       644       725       652
dram[5]:       4900      1789      2115      1677      1477      1178      1191       682       676       652       711       654       673       696       695       699
dram[6]:       2326      2034      3549      1590      1696      1035       888       775      1127       713       659       712       750       742       660       774
dram[7]:       5661      1317      2169      1048      1452      1341      1017       983       716       746       761       679       725       670       765       673
dram[8]:       5690      1527      2974      1199      2708       986      1035       863       763       783       687       683       703       650       714       676
dram[9]:       2271      1779      3300      1692      1437      1123      1137       724       692       675       722       673       697       688       666       680
dram[10]:       4349      1797      2008      1639      1310       935      1143       916       660       652       659       668       692       679       655       661
dram[11]:       4065      1268      2843      1155      1900      1120       910       816       812       690       711       693       684       649       703       654
dram[12]:       2485      1774      3280      1634      1410      1097       782       727       652       678       673       660       704       653       656       684
dram[13]:       5679      1538      2938      1070      2494      1270      1057       969       684       844       648       667       658       661       689       714
dram[14]:       4050      1611      5249      1194      1601      1575      1468       946       693       690       716       699       704       669       681       652
dram[15]:       4375      1796      1902      1694      1335       894      1228       788       696       693       690       708       682       708       743       673
Memory Partition 0: 
Cache L2_bank_000:
MSHR contents

Cache L2_bank_001:
MSHR contents

In Dram Latency Queue (total = 0): 
DRAM[0]: 16 bks, busW=16 BL=2 CL=12, tRRD=3 tCCD=1, tRCD=12 tRAS=28 tRP=12 tRC=40
n_cmd=14487626 n_nop=9486957 n_act=1844017 n_pre=1844001 n_ref_event=0 n_req=1844248 n_rd=1844245 n_rd_L2_A=0 n_write=0 n_wr_bk=0 bw_util=0.1273
n_activity=13976908 dram_eff=0.1319
bk0: 116252a 10934998i bk1: 114891a 10985231i bk2: 115642a 10959401i bk3: 114730a 10990861i bk4: 115820a 10947284i bk5: 114640a 10993599i bk6: 115803a 10947336i bk7: 114558a 10993046i bk8: 115787a 10949180i bk9: 114613a 10996175i bk10: 115752a 10955904i bk11: 114582a 10996628i bk12: 116089a 10938274i bk13: 114673a 10993424i bk14: 115653a 10956236i bk15: 114760a 10985159i 

------------------------------------------------------------------------

Row_Buffer_Locality = 0.000124
Row_Buffer_Locality_read = 0.000124
Row_Buffer_Locality_write = -nan
Bank_Level_Parallism = 4.410151
Bank_Level_Parallism_Col = 2.025337
Bank_Level_Parallism_Ready = 1.000007
write_to_read_ratio_blp_rw_average = 0.000000
GrpLevelPara = 1.697747 

BW Util details:
bwutil = 0.127298 
total_CMD = 14487626 
util_bw = 1844245 
Wasted_Col = 9377667 
Wasted_Row = 1957573 
Idle = 1308141 

BW Util Bottlenecks: 
RCDc_limit = 18792259 
RCDWRc_limit = 0 
WTRc_limit = 0 
RTWc_limit = 0 
CCDLc_limit = 931964 
rwq = 0 
CCDLc_limit_alone = 931964 
WTRc_limit_alone = 0 
RTWc_limit_alone = 0 

Commands details: 
total_CMD = 14487626 
n_nop = 9486957 
Read = 1844245 
Write = 0 
L2_Alloc = 0 
L2_WB = 0 
n_act = 1844017 
n_pre = 1844001 
n_ref = 0 
n_req = 1844248 
total_req = 1844245 

Dual Bus Interface Util: 
issued_total_row = 3688018 
issued_total_col = 1844245 
Row_Bus_Util =  0.254563 
CoL_Bus_Util = 0.127298 
Either_Row_CoL_Bus_Util = 0.345168 
Issued_on_Two_Bus_Simul_Util = 0.036693 
issued_two_Eff = 0.106305 
queue_avg = 1.103724 


dram_util_bins: 0 0 0 0 0 0 0 0 0 0
dram_eff_bins: 0 0 0 0 0 0 0 0 0 0
mrqq: max=18 avg=1.10372
Memory Partition 1: 
Cache L2_bank_002:
MSHR contents

Cache L2_bank_003:
MSHR contents

In Dram Latency Queue (total = 0): 
DRAM[1]: 16 bks, busW=16 BL=2 CL=12, tRRD=3 tCCD=1, tRCD=12 tRAS=28 tRP=12 tRC=40
n_cmd=14487626 n_nop=9484966 n_act=1844116 n_pre=1844100 n_ref_event=0 n_req=1844310 n_rd=1844306 n_rd_L2_A=0 n_write=0 n_wr_bk=0 bw_util=0.1273
n_activity=13976906 dram_eff=0.132
bk0: 115959a 10947845i bk1: 114819a 10987579i bk2: 115809a 10950458i bk3: 114607a 10994867i bk4: 115661a 10953556i bk5: 114755a 10986496i bk6: 116104a 10938767i bk7: 114670a 10992666i bk8: 115670a 10954702i bk9: 114737a 10988842i bk10: 116093a 10941140i bk11: 114678a 10993651i bk12: 115750a 10950181i bk13: 114551a 10994649i bk14: 115799a 10947054i bk15: 114644a 10992784i 

------------------------------------------------------------------------

Row_Buffer_Locality = 0.000103
Row_Buffer_Locality_read = 0.000103
Row_Buffer_Locality_write = -nan
Bank_Level_Parallism = 4.411323
Bank_Level_Parallism_Col = 2.025764
Bank_Level_Parallism_Ready = 1.000004
write_to_read_ratio_blp_rw_average = 0.000000
GrpLevelPara = 1.698471 

BW Util details:
bwutil = 0.127302 
total_CMD = 14487626 
util_bw = 1844306 
Wasted_Col = 9375421 
Wasted_Row = 1957971 
Idle = 1309928 

BW Util Bottlenecks: 
RCDc_limit = 18793913 
RCDWRc_limit = 0 
WTRc_limit = 0 
RTWc_limit = 0 
CCDLc_limit = 931929 
rwq = 0 
CCDLc_limit_alone = 931929 
WTRc_limit_alone = 0 
RTWc_limit_alone = 0 

Commands details: 
total_CMD = 14487626 
n_nop = 9484966 
Read = 1844306 
Write = 0 
L2_Alloc = 0 
L2_WB = 0 
n_act = 1844116 
n_pre = 1844100 
n_ref = 0 
n_req = 1844310 
total_req = 1844306 

Dual Bus Interface Util: 
issued_total_row = 3688216 
issued_total_col = 1844306 
Row_Bus_Util =  0.254577 
CoL_Bus_Util = 0.127302 
Either_Row_CoL_Bus_Util = 0.345306 
Issued_on_Two_Bus_Simul_Util = 0.036573 
issued_two_Eff = 0.105916 
queue_avg = 1.103763 


dram_util_bins: 0 0 0 0 0 0 0 0 0 0
dram_eff_bins: 0 0 0 0 0 0 0 0 0 0
mrqq: max=17 avg=1.10376
Memory Partition 2: 
Cache L2_bank_004:
MSHR contents

Cache L2_bank_005:
MSHR contents

In Dram Latency Queue (total = 0): 
DRAM[2]: 16 bks, busW=16 BL=2 CL=12, tRRD=3 tCCD=1, tRCD=12 tRAS=28 tRP=12 tRC=40
n_cmd=14487626 n_nop=9487453 n_act=1843547 n_pre=1843531 n_ref_event=0 n_req=1843684 n_rd=1843681 n_rd_L2_A=0 n_write=0 n_wr_bk=0 bw_util=0.1273
n_activity=13974803 dram_eff=0.1319
bk0: 115789a 10951798i bk1: 114626a 10994103i bk2: 115771a 10949856i bk3: 114569a 10995087i bk4: 116091a 10937509i bk5: 114642a 10991965i bk6: 115627a 10957062i bk7: 114737a 10986707i bk8: 116090a 10943397i bk9: 114665a 10995685i bk10: 115640a 10958062i bk11: 114721a 10990035i bk12: 115782a 10948090i bk13: 114628a 10992805i bk14: 115760a 10951491i bk15: 114543a 10992478i 

------------------------------------------------------------------------

Row_Buffer_Locality = 0.000073
Row_Buffer_Locality_read = 0.000073
Row_Buffer_Locality_write = -nan
Bank_Level_Parallism = 4.410487
Bank_Level_Parallism_Col = 2.025933
Bank_Level_Parallism_Ready = 1.000002
write_to_read_ratio_blp_rw_average = 0.000000
GrpLevelPara = 1.699290 

BW Util details:
bwutil = 0.127259 
total_CMD = 14487626 
util_bw = 1843681 
Wasted_Col = 9371593 
Wasted_Row = 1960043 
Idle = 1312309 

BW Util Bottlenecks: 
RCDc_limit = 18786976 
RCDWRc_limit = 0 
WTRc_limit = 0 
RTWc_limit = 0 
CCDLc_limit = 930625 
rwq = 0 
CCDLc_limit_alone = 930625 
WTRc_limit_alone = 0 
RTWc_limit_alone = 0 

Commands details: 
total_CMD = 14487626 
n_nop = 9487453 
Read = 1843681 
Write = 0 
L2_Alloc = 0 
L2_WB = 0 
n_act = 1843547 
n_pre = 1843531 
n_ref = 0 
n_req = 1843684 
total_req = 1843681 

Dual Bus Interface Util: 
issued_total_row = 3687078 
issued_total_col = 1843681 
Row_Bus_Util =  0.254498 
CoL_Bus_Util = 0.127259 
Either_Row_CoL_Bus_Util = 0.345134 
Issued_on_Two_Bus_Simul_Util = 0.036623 
issued_two_Eff = 0.106114 
queue_avg = 1.104865 


dram_util_bins: 0 0 0 0 0 0 0 0 0 0
dram_eff_bins: 0 0 0 0 0 0 0 0 0 0
mrqq: max=20 avg=1.10487
Memory Partition 3: 
Cache L2_bank_006:
MSHR contents

Cache L2_bank_007:
MSHR contents

In Dram Latency Queue (total = 0): 
DRAM[3]: 16 bks, busW=16 BL=2 CL=12, tRRD=3 tCCD=1, tRCD=12 tRAS=28 tRP=12 tRC=40
n_cmd=14487626 n_nop=9487873 n_act=1843513 n_pre=1843497 n_ref_event=0 n_req=1843651 n_rd=1843647 n_rd_L2_A=0 n_write=0 n_wr_bk=0 bw_util=0.1273
n_activity=13976371 dram_eff=0.1319
bk0: 115644a 10957298i bk1: 114747a 10989138i bk2: 116081a 10939729i bk3: 114631a 10993299i bk4: 115773a 10948851i bk5: 114553a 10993620i bk6: 115808a 10948954i bk7: 114639a 10989613i bk8: 115732a 10953275i bk9: 114558a 10998145i bk10: 115763a 10952936i bk11: 114591a 10995254i bk12: 115634a 10955062i bk13: 114750a 10984664i bk14: 116071a 10941388i bk15: 114672a 10994867i 

------------------------------------------------------------------------

Row_Buffer_Locality = 0.000073
Row_Buffer_Locality_read = 0.000073
Row_Buffer_Locality_write = -nan
Bank_Level_Parallism = 4.410144
Bank_Level_Parallism_Col = 2.025537
Bank_Level_Parallism_Ready = 1.000002
write_to_read_ratio_blp_rw_average = 0.000000
GrpLevelPara = 1.698499 

BW Util details:
bwutil = 0.127257 
total_CMD = 14487626 
util_bw = 1843647 
Wasted_Col = 9374319 
Wasted_Row = 1958375 
Idle = 1311285 

BW Util Bottlenecks: 
RCDc_limit = 18789555 
RCDWRc_limit = 0 
WTRc_limit = 0 
RTWc_limit = 0 
CCDLc_limit = 930935 
rwq = 0 
CCDLc_limit_alone = 930935 
WTRc_limit_alone = 0 
RTWc_limit_alone = 0 

Commands details: 
total_CMD = 14487626 
n_nop = 9487873 
Read = 1843647 
Write = 0 
L2_Alloc = 0 
L2_WB = 0 
n_act = 1843513 
n_pre = 1843497 
n_ref = 0 
n_req = 1843651 
total_req = 1843647 

Dual Bus Interface Util: 
issued_total_row = 3687010 
issued_total_col = 1843647 
Row_Bus_Util =  0.254494 
CoL_Bus_Util = 0.127257 
Either_Row_CoL_Bus_Util = 0.345105 
Issued_on_Two_Bus_Simul_Util = 0.036645 
issued_two_Eff = 0.106186 
queue_avg = 1.102926 


dram_util_bins: 0 0 0 0 0 0 0 0 0 0
dram_eff_bins: 0 0 0 0 0 0 0 0 0 0
mrqq: max=18 avg=1.10293
Memory Partition 4: 
Cache L2_bank_008:
MSHR contents

Cache L2_bank_009:
MSHR contents

In Dram Latency Queue (total = 0): 
DRAM[4]: 16 bks, busW=16 BL=2 CL=12, tRRD=3 tCCD=1, tRCD=12 tRAS=28 tRP=12 tRC=40
n_cmd=14487626 n_nop=9485306 n_act=1844489 n_pre=1844473 n_ref_event=0 n_req=1844739 n_rd=1844728 n_rd_L2_A=0 n_write=0 n_wr_bk=0 bw_util=0.1273
n_activity=13976003 dram_eff=0.132
bk0: 115942a 10947875i bk1: 115224a 10973798i bk2: 115808a 10951893i bk3: 114615a 10993310i bk4: 115666a 10955761i bk5: 114758a 10985915i bk6: 116110a 10937003i bk7: 114678a 10992683i bk8: 115669a 10955493i bk9: 114724a 10991142i bk10: 116099a 10941200i bk11: 114670a 10993334i bk12: 115749a 10948227i bk13: 114569a 10994180i bk14: 115798a 10946091i bk15: 114649a 10992291i 

------------------------------------------------------------------------

Row_Buffer_Locality = 0.000130
Row_Buffer_Locality_read = 0.000130
Row_Buffer_Locality_write = -nan
Bank_Level_Parallism = 4.412742
Bank_Level_Parallism_Col = 2.026191
Bank_Level_Parallism_Ready = 1.000008
write_to_read_ratio_blp_rw_average = 0.000000
GrpLevelPara = 1.699441 

BW Util details:
bwutil = 0.127331 
total_CMD = 14487626 
util_bw = 1844728 
Wasted_Col = 9374805 
Wasted_Row = 1957432 
Idle = 1310661 

BW Util Bottlenecks: 
RCDc_limit = 18796335 
RCDWRc_limit = 0 
WTRc_limit = 0 
RTWc_limit = 0 
CCDLc_limit = 933210 
rwq = 0 
CCDLc_limit_alone = 933210 
WTRc_limit_alone = 0 
RTWc_limit_alone = 0 

Commands details: 
total_CMD = 14487626 
n_nop = 9485306 
Read = 1844728 
Write = 0 
L2_Alloc = 0 
L2_WB = 0 
n_act = 1844489 
n_pre = 1844473 
n_ref = 0 
n_req = 1844739 
total_req = 1844728 

Dual Bus Interface Util: 
issued_total_row = 3688962 
issued_total_col = 1844728 
Row_Bus_Util =  0.254628 
CoL_Bus_Util = 0.127331 
Either_Row_CoL_Bus_Util = 0.345282 
Issued_on_Two_Bus_Simul_Util = 0.036678 
issued_two_Eff = 0.106225 
queue_avg = 1.103432 


dram_util_bins: 0 0 0 0 0 0 0 0 0 0
dram_eff_bins: 0 0 0 0 0 0 0 0 0 0
mrqq: max=18 avg=1.10343
Memory Partition 5: 
Cache L2_bank_010:
MSHR contents

Cache L2_bank_011:
MSHR contents

In Dram Latency Queue (total = 0): 
DRAM[5]: 16 bks, busW=16 BL=2 CL=12, tRRD=3 tCCD=1, tRCD=12 tRAS=28 tRP=12 tRC=40
n_cmd=14487626 n_nop=9485458 n_act=1844591 n_pre=1844575 n_ref_event=0 n_req=1844858 n_rd=1844850 n_rd_L2_A=0 n_write=0 n_wr_bk=0 bw_util=0.1273
n_activity=13976758 dram_eff=0.132
bk0: 116285a 10934837i bk1: 115318a 10971183i bk2: 115651a 10957410i bk3: 114747a 10987997i bk4: 115828a 10946555i bk5: 114662a 10992441i bk6: 115825a 10945881i bk7: 114553a 10994174i bk8: 115799a 10947418i bk9: 114625a 10996338i bk10: 115765a 10952436i bk11: 114593a 10995017i bk12: 116088a 10936237i bk13: 114688a 10991083i bk14: 115658a 10954449i bk15: 114765a 10985124i 

------------------------------------------------------------------------

Row_Buffer_Locality = 0.000140
Row_Buffer_Locality_read = 0.000140
Row_Buffer_Locality_write = -nan
Bank_Level_Parallism = 4.413265
Bank_Level_Parallism_Col = 2.025860
Bank_Level_Parallism_Ready = 1.000008
write_to_read_ratio_blp_rw_average = 0.000000
GrpLevelPara = 1.698768 

BW Util details:
bwutil = 0.127340 
total_CMD = 14487626 
util_bw = 1844850 
Wasted_Col = 9377761 
Wasted_Row = 1955454 
Idle = 1309561 

BW Util Bottlenecks: 
RCDc_limit = 18797519 
RCDWRc_limit = 0 
WTRc_limit = 0 
RTWc_limit = 0 
CCDLc_limit = 932246 
rwq = 0 
CCDLc_limit_alone = 932246 
WTRc_limit_alone = 0 
RTWc_limit_alone = 0 

Commands details: 
total_CMD = 14487626 
n_nop = 9485458 
Read = 1844850 
Write = 0 
L2_Alloc = 0 
L2_WB = 0 
n_act = 1844591 
n_pre = 1844575 
n_ref = 0 
n_req = 1844858 
total_req = 1844850 

Dual Bus Interface Util: 
issued_total_row = 3689166 
issued_total_col = 1844850 
Row_Bus_Util =  0.254643 
CoL_Bus_Util = 0.127340 
Either_Row_CoL_Bus_Util = 0.345272 
Issued_on_Two_Bus_Simul_Util = 0.036711 
issued_two_Eff = 0.106323 
queue_avg = 1.105218 


dram_util_bins: 0 0 0 0 0 0 0 0 0 0
dram_eff_bins: 0 0 0 0 0 0 0 0 0 0
mrqq: max=18 avg=1.10522
Memory Partition 6: 
Cache L2_bank_012:
MSHR contents

Cache L2_bank_013:
MSHR contents

In Dram Latency Queue (total = 0): 
DRAM[6]: 16 bks, busW=16 BL=2 CL=12, tRRD=3 tCCD=1, tRCD=12 tRAS=28 tRP=12 tRC=40
n_cmd=14487626 n_nop=9485225 n_act=1844392 n_pre=1844376 n_ref_event=0 n_req=1844631 n_rd=1844621 n_rd_L2_A=0 n_write=0 n_wr_bk=0 bw_util=0.1273
n_activity=13978469 dram_eff=0.132
bk0: 115994a 10946975i bk1: 115085a 10981476i bk2: 116115a 10938791i bk3: 114646a 10995308i bk4: 115791a 10947300i bk5: 114585a 10989909i bk6: 115829a 10948479i bk7: 114662a 10989656i bk8: 115758a 10951065i bk9: 114582a 10996472i bk10: 115776a 10951542i bk11: 114603a 10997643i bk12: 115647a 10955167i bk13: 114769a 10983992i bk14: 116105a 10938398i bk15: 114674a 10994005i 

------------------------------------------------------------------------

Row_Buffer_Locality = 0.000124
Row_Buffer_Locality_read = 0.000124
Row_Buffer_Locality_write = -nan
Bank_Level_Parallism = 4.411422
Bank_Level_Parallism_Col = 2.025617
Bank_Level_Parallism_Ready = 1.000006
write_to_read_ratio_blp_rw_average = 0.000000
GrpLevelPara = 1.699004 

BW Util details:
bwutil = 0.127324 
total_CMD = 14487626 
util_bw = 1844621 
Wasted_Col = 9377890 
Wasted_Row = 1957016 
Idle = 1308099 

BW Util Bottlenecks: 
RCDc_limit = 18798492 
RCDWRc_limit = 0 
WTRc_limit = 0 
RTWc_limit = 0 
CCDLc_limit = 931604 
rwq = 0 
CCDLc_limit_alone = 931604 
WTRc_limit_alone = 0 
RTWc_limit_alone = 0 

Commands details: 
total_CMD = 14487626 
n_nop = 9485225 
Read = 1844621 
Write = 0 
L2_Alloc = 0 
L2_WB = 0 
n_act = 1844392 
n_pre = 1844376 
n_ref = 0 
n_req = 1844631 
total_req = 1844621 

Dual Bus Interface Util: 
issued_total_row = 3688768 
issued_total_col = 1844621 
Row_Bus_Util =  0.254615 
CoL_Bus_Util = 0.127324 
Either_Row_CoL_Bus_Util = 0.345288 
Issued_on_Two_Bus_Simul_Util = 0.036651 
issued_two_Eff = 0.106147 
queue_avg = 1.104944 


dram_util_bins: 0 0 0 0 0 0 0 0 0 0
dram_eff_bins: 0 0 0 0 0 0 0 0 0 0
mrqq: max=18 avg=1.10494
Memory Partition 7: 
Cache L2_bank_014:
MSHR contents

Cache L2_bank_015:
MSHR contents

In Dram Latency Queue (total = 0): 
DRAM[7]: 16 bks, busW=16 BL=2 CL=12, tRRD=3 tCCD=1, tRCD=12 tRAS=28 tRP=12 tRC=40
n_cmd=14487626 n_nop=9484917 n_act=1844384 n_pre=1844368 n_ref_event=0 n_req=1844619 n_rd=1844611 n_rd_L2_A=0 n_write=0 n_wr_bk=0 bw_util=0.1273
n_activity=13976901 dram_eff=0.132
bk0: 116111a 10943055i bk1: 114959a 10985386i bk2: 115787a 10950437i bk3: 114593a 10993984i bk4: 116110a 10937819i bk5: 114671a 10992469i bk6: 115650a 10955291i bk7: 114759a 10985779i bk8: 116106a 10939729i bk9: 114679a 10992336i bk10: 115664a 10957929i bk11: 114744a 10989981i bk12: 115787a 10945118i bk13: 114648a 10991929i bk14: 115784a 10951310i bk15: 114559a 10993025i 

------------------------------------------------------------------------

Row_Buffer_Locality = 0.000123
Row_Buffer_Locality_read = 0.000123
Row_Buffer_Locality_write = -nan
Bank_Level_Parallism = 4.412004
Bank_Level_Parallism_Col = 2.026090
Bank_Level_Parallism_Ready = 1.000007
write_to_read_ratio_blp_rw_average = 0.000000
GrpLevelPara = 1.699219 

BW Util details:
bwutil = 0.127323 
total_CMD = 14487626 
util_bw = 1844611 
Wasted_Col = 9374784 
Wasted_Row = 1958529 
Idle = 1309702 

BW Util Bottlenecks: 
RCDc_limit = 18794794 
RCDWRc_limit = 0 
WTRc_limit = 0 
RTWc_limit = 0 
CCDLc_limit = 933528 
rwq = 0 
CCDLc_limit_alone = 933528 
WTRc_limit_alone = 0 
RTWc_limit_alone = 0 

Commands details: 
total_CMD = 14487626 
n_nop = 9484917 
Read = 1844611 
Write = 0 
L2_Alloc = 0 
L2_WB = 0 
n_act = 1844384 
n_pre = 1844368 
n_ref = 0 
n_req = 1844619 
total_req = 1844611 

Dual Bus Interface Util: 
issued_total_row = 3688752 
issued_total_col = 1844611 
Row_Bus_Util =  0.254614 
CoL_Bus_Util = 0.127323 
Either_Row_CoL_Bus_Util = 0.345309 
Issued_on_Two_Bus_Simul_Util = 0.036628 
issued_two_Eff = 0.106073 
queue_avg = 1.104121 


dram_util_bins: 0 0 0 0 0 0 0 0 0 0
dram_eff_bins: 0 0 0 0 0 0 0 0 0 0
mrqq: max=18 avg=1.10412
Memory Partition 8: 
Cache L2_bank_016:
MSHR contents

Cache L2_bank_017:
MSHR contents

In Dram Latency Queue (total = 0): 
DRAM[8]: 16 bks, busW=16 BL=2 CL=12, tRRD=3 tCCD=1, tRCD=12 tRAS=28 tRP=12 tRC=40
n_cmd=14487626 n_nop=9484701 n_act=1844497 n_pre=1844481 n_ref_event=0 n_req=1844736 n_rd=1844734 n_rd_L2_A=0 n_write=0 n_wr_bk=0 bw_util=0.1273
n_activity=13975678 dram_eff=0.132
bk0: 116067a 10945490i bk1: 115086a 10985422i bk2: 115787a 10951006i bk3: 114580a 10993904i bk4: 116111a 10938166i bk5: 114665a 10991481i bk6: 115649a 10955974i bk7: 114769a 10985442i bk8: 116115a 10942784i bk9: 114693a 10993227i bk10: 115658a 10958302i bk11: 114724a 10991277i bk12: 115808a 10945475i bk13: 114644a 10990711i bk14: 115796a 10952673i bk15: 114582a 10994286i 

------------------------------------------------------------------------

Row_Buffer_Locality = 0.000128
Row_Buffer_Locality_read = 0.000128
Row_Buffer_Locality_write = -nan
Bank_Level_Parallism = 4.411736
Bank_Level_Parallism_Col = 2.026277
Bank_Level_Parallism_Ready = 1.000006
write_to_read_ratio_blp_rw_average = 0.000000
GrpLevelPara = 1.698895 

BW Util details:
bwutil = 0.127332 
total_CMD = 14487626 
util_bw = 1844734 
Wasted_Col = 9374234 
Wasted_Row = 1957505 
Idle = 1311153 

BW Util Bottlenecks: 
RCDc_limit = 18795380 
RCDWRc_limit = 0 
WTRc_limit = 0 
RTWc_limit = 0 
CCDLc_limit = 932072 
rwq = 0 
CCDLc_limit_alone = 932072 
WTRc_limit_alone = 0 
RTWc_limit_alone = 0 

Commands details: 
total_CMD = 14487626 
n_nop = 9484701 
Read = 1844734 
Write = 0 
L2_Alloc = 0 
L2_WB = 0 
n_act = 1844497 
n_pre = 1844481 
n_ref = 0 
n_req = 1844736 
total_req = 1844734 

Dual Bus Interface Util: 
issued_total_row = 3688978 
issued_total_col = 1844734 
Row_Bus_Util =  0.254630 
CoL_Bus_Util = 0.127332 
Either_Row_CoL_Bus_Util = 0.345324 
Issued_on_Two_Bus_Simul_Util = 0.036637 
issued_two_Eff = 0.106095 
queue_avg = 1.102277 


dram_util_bins: 0 0 0 0 0 0 0 0 0 0
dram_eff_bins: 0 0 0 0 0 0 0 0 0 0
mrqq: max=18 avg=1.10228
Memory Partition 9: 
Cache L2_bank_018:
MSHR contents

Cache L2_bank_019:
MSHR contents

In Dram Latency Queue (total = 0): 
DRAM[9]: 16 bks, busW=16 BL=2 CL=12, tRRD=3 tCCD=1, tRCD=12 tRAS=28 tRP=12 tRC=40
n_cmd=14487626 n_nop=9484169 n_act=1844641 n_pre=1844625 n_ref_event=0 n_req=1844875 n_rd=1844871 n_rd_L2_A=0 n_write=0 n_wr_bk=0 bw_util=0.1273
n_activity=13978436 dram_eff=0.132
bk0: 115973a 10949410i bk1: 115225a 10975166i bk2: 116103a 10940589i bk3: 114668a 10994471i bk4: 115804a 10947435i bk5: 114601a 10987959i bk6: 115835a 10947404i bk7: 114667a 10989524i bk8: 115776a 10953386i bk9: 114571a 10997375i bk10: 115790a 10949926i bk11: 114623a 10996658i bk12: 115664a 10953671i bk13: 114766a 10983833i bk14: 116101a 10938849i bk15: 114704a 10991736i 

------------------------------------------------------------------------

Row_Buffer_Locality = 0.000125
Row_Buffer_Locality_read = 0.000125
Row_Buffer_Locality_write = -nan
Bank_Level_Parallism = 4.412354
Bank_Level_Parallism_Col = 2.025997
Bank_Level_Parallism_Ready = 1.000006
write_to_read_ratio_blp_rw_average = 0.000000
GrpLevelPara = 1.698866 

BW Util details:
bwutil = 0.127341 
total_CMD = 14487626 
util_bw = 1844871 
Wasted_Col = 9376732 
Wasted_Row = 1957188 
Idle = 1308835 

BW Util Bottlenecks: 
RCDc_limit = 18798482 
RCDWRc_limit = 0 
WTRc_limit = 0 
RTWc_limit = 0 
CCDLc_limit = 931503 
rwq = 0 
CCDLc_limit_alone = 931503 
WTRc_limit_alone = 0 
RTWc_limit_alone = 0 

Commands details: 
total_CMD = 14487626 
n_nop = 9484169 
Read = 1844871 
Write = 0 
L2_Alloc = 0 
L2_WB = 0 
n_act = 1844641 
n_pre = 1844625 
n_ref = 0 
n_req = 1844875 
total_req = 1844871 

Dual Bus Interface Util: 
issued_total_row = 3689266 
issued_total_col = 1844871 
Row_Bus_Util =  0.254649 
CoL_Bus_Util = 0.127341 
Either_Row_CoL_Bus_Util = 0.345361 
Issued_on_Two_Bus_Simul_Util = 0.036630 
issued_two_Eff = 0.106063 
queue_avg = 1.104631 


dram_util_bins: 0 0 0 0 0 0 0 0 0 0
dram_eff_bins: 0 0 0 0 0 0 0 0 0 0
mrqq: max=17 avg=1.10463
Memory Partition 10: 
Cache L2_bank_020:
MSHR contents

Cache L2_bank_021:
MSHR contents

In Dram Latency Queue (total = 0): 
DRAM[10]: 16 bks, busW=16 BL=2 CL=12, tRRD=3 tCCD=1, tRCD=12 tRAS=28 tRP=12 tRC=40
n_cmd=14487626 n_nop=9485853 n_act=1844219 n_pre=1844203 n_ref_event=0 n_req=1844445 n_rd=1844442 n_rd_L2_A=0 n_write=0 n_wr_bk=0 bw_util=0.1273
n_activity=13976850 dram_eff=0.132
bk0: 116344a 10933510i bk1: 114982a 10987407i bk2: 115652a 10958435i bk3: 114733a 10988409i bk4: 115818a 10946752i bk5: 114667a 10993086i bk6: 115791a 10947209i bk7: 114548a 10994106i bk8: 115781a 10951646i bk9: 114611a 10997035i bk10: 115739a 10954250i bk11: 114579a 10996475i bk12: 116081a 10938486i bk13: 114690a 10992740i bk14: 115658a 10956905i bk15: 114768a 10985846i 

------------------------------------------------------------------------

Row_Buffer_Locality = 0.000121
Row_Buffer_Locality_read = 0.000121
Row_Buffer_Locality_write = -nan
Bank_Level_Parallism = 4.410199
Bank_Level_Parallism_Col = 2.026067
Bank_Level_Parallism_Ready = 1.000007
write_to_read_ratio_blp_rw_average = 0.000000
GrpLevelPara = 1.698201 

BW Util details:
bwutil = 0.127312 
total_CMD = 14487626 
util_bw = 1844442 
Wasted_Col = 9374646 
Wasted_Row = 1960398 
Idle = 1308140 

BW Util Bottlenecks: 
RCDc_limit = 18792567 
RCDWRc_limit = 0 
WTRc_limit = 0 
RTWc_limit = 0 
CCDLc_limit = 932807 
rwq = 0 
CCDLc_limit_alone = 932807 
WTRc_limit_alone = 0 
RTWc_limit_alone = 0 

Commands details: 
total_CMD = 14487626 
n_nop = 9485853 
Read = 1844442 
Write = 0 
L2_Alloc = 0 
L2_WB = 0 
n_act = 1844219 
n_pre = 1844203 
n_ref = 0 
n_req = 1844445 
total_req = 1844442 

Dual Bus Interface Util: 
issued_total_row = 3688422 
issued_total_col = 1844442 
Row_Bus_Util =  0.254591 
CoL_Bus_Util = 0.127312 
Either_Row_CoL_Bus_Util = 0.345244 
Issued_on_Two_Bus_Simul_Util = 0.036658 
issued_two_Eff = 0.106181 
queue_avg = 1.104190 


dram_util_bins: 0 0 0 0 0 0 0 0 0 0
dram_eff_bins: 0 0 0 0 0 0 0 0 0 0
mrqq: max=19 avg=1.10419
Memory Partition 11: 
Cache L2_bank_022:
MSHR contents

Cache L2_bank_023:
MSHR contents

In Dram Latency Queue (total = 0): 
DRAM[11]: 16 bks, busW=16 BL=2 CL=12, tRRD=3 tCCD=1, tRCD=12 tRAS=28 tRP=12 tRC=40
n_cmd=14487626 n_nop=9485732 n_act=1844255 n_pre=1844239 n_ref_event=0 n_req=1844470 n_rd=1844466 n_rd_L2_A=0 n_write=0 n_wr_bk=0 bw_util=0.1273
n_activity=13976534 dram_eff=0.132
bk0: 116041a 10942812i bk1: 114940a 10985049i bk2: 115815a 10949226i bk3: 114612a 10995390i bk4: 115651a 10955619i bk5: 114759a 10986917i bk6: 116114a 10938243i bk7: 114658a 10993926i bk8: 115655a 10957121i bk9: 114736a 10988558i bk10: 116088a 10943170i bk11: 114672a 10994552i bk12: 115743a 10950468i bk13: 114553a 10994935i bk14: 115798a 10946868i bk15: 114631a 10994828i 

------------------------------------------------------------------------

Row_Buffer_Locality = 0.000114
Row_Buffer_Locality_read = 0.000114
Row_Buffer_Locality_write = -nan
Bank_Level_Parallism = 4.411505
Bank_Level_Parallism_Col = 2.026013
Bank_Level_Parallism_Ready = 1.000006
write_to_read_ratio_blp_rw_average = 0.000000
GrpLevelPara = 1.698508 

BW Util details:
bwutil = 0.127313 
total_CMD = 14487626 
util_bw = 1844466 
Wasted_Col = 9374494 
Wasted_Row = 1957676 
Idle = 1310990 

BW Util Bottlenecks: 
RCDc_limit = 18793249 
RCDWRc_limit = 0 
WTRc_limit = 0 
RTWc_limit = 0 
CCDLc_limit = 932573 
rwq = 0 
CCDLc_limit_alone = 932573 
WTRc_limit_alone = 0 
RTWc_limit_alone = 0 

Commands details: 
total_CMD = 14487626 
n_nop = 9485732 
Read = 1844466 
Write = 0 
L2_Alloc = 0 
L2_WB = 0 
n_act = 1844255 
n_pre = 1844239 
n_ref = 0 
n_req = 1844470 
total_req = 1844466 

Dual Bus Interface Util: 
issued_total_row = 3688494 
issued_total_col = 1844466 
Row_Bus_Util =  0.254596 
CoL_Bus_Util = 0.127313 
Either_Row_CoL_Bus_Util = 0.345253 
Issued_on_Two_Bus_Simul_Util = 0.036657 
issued_two_Eff = 0.106173 
queue_avg = 1.103320 


dram_util_bins: 0 0 0 0 0 0 0 0 0 0
dram_eff_bins: 0 0 0 0 0 0 0 0 0 0
mrqq: max=17 avg=1.10332
Memory Partition 12: 
Cache L2_bank_024:
MSHR contents

Cache L2_bank_025:
MSHR contents

In Dram Latency Queue (total = 0): 
DRAM[12]: 16 bks, busW=16 BL=2 CL=12, tRRD=3 tCCD=1, tRCD=12 tRAS=28 tRP=12 tRC=40
n_cmd=14487626 n_nop=9485816 n_act=1844314 n_pre=1844298 n_ref_event=0 n_req=1844506 n_rd=1844496 n_rd_L2_A=0 n_write=0 n_wr_bk=0 bw_util=0.1273
n_activity=13977524 dram_eff=0.132
bk0: 115821a 10950291i bk1: 115098a 10979296i bk2: 116105a 10938965i bk3: 114645a 10995813i bk4: 115790a 10948047i bk5: 114570a 10989342i bk6: 115832a 10948766i bk7: 114673a 10990052i bk8: 115789a 10953174i bk9: 114568a 10997413i bk10: 115798a 10950777i bk11: 114626a 10995075i bk12: 115653a 10957488i bk13: 114755a 10986890i bk14: 116084a 10939814i bk15: 114689a 10993877i 

------------------------------------------------------------------------

Row_Buffer_Locality = 0.000099
Row_Buffer_Locality_read = 0.000099
Row_Buffer_Locality_write = -nan
Bank_Level_Parallism = 4.411712
Bank_Level_Parallism_Col = 2.025758
Bank_Level_Parallism_Ready = 1.000005
write_to_read_ratio_blp_rw_average = 0.000000
GrpLevelPara = 1.698953 

BW Util details:
bwutil = 0.127315 
total_CMD = 14487626 
util_bw = 1844496 
Wasted_Col = 9376458 
Wasted_Row = 1955661 
Idle = 1311011 

BW Util Bottlenecks: 
RCDc_limit = 18795420 
RCDWRc_limit = 0 
WTRc_limit = 0 
RTWc_limit = 0 
CCDLc_limit = 930337 
rwq = 0 
CCDLc_limit_alone = 930337 
WTRc_limit_alone = 0 
RTWc_limit_alone = 0 

Commands details: 
total_CMD = 14487626 
n_nop = 9485816 
Read = 1844496 
Write = 0 
L2_Alloc = 0 
L2_WB = 0 
n_act = 1844314 
n_pre = 1844298 
n_ref = 0 
n_req = 1844506 
total_req = 1844496 

Dual Bus Interface Util: 
issued_total_row = 3688612 
issued_total_col = 1844496 
Row_Bus_Util =  0.254604 
CoL_Bus_Util = 0.127315 
Either_Row_CoL_Bus_Util = 0.345247 
Issued_on_Two_Bus_Simul_Util = 0.036673 
issued_two_Eff = 0.106221 
queue_avg = 1.104722 


dram_util_bins: 0 0 0 0 0 0 0 0 0 0
dram_eff_bins: 0 0 0 0 0 0 0 0 0 0
mrqq: max=18 avg=1.10472
Memory Partition 13: 
Cache L2_bank_026:
MSHR contents

Cache L2_bank_027:
MSHR contents

In Dram Latency Queue (total = 0): 
DRAM[13]: 16 bks, busW=16 BL=2 CL=12, tRRD=3 tCCD=1, tRCD=12 tRAS=28 tRP=12 tRC=40
n_cmd=14487626 n_nop=9486555 n_act=1844299 n_pre=1844283 n_ref_event=0 n_req=1844499 n_rd=1844489 n_rd_L2_A=0 n_write=0 n_wr_bk=0 bw_util=0.1273
n_activity=13975096 dram_eff=0.132
bk0: 115990a 10945435i bk1: 114989a 10984499i bk2: 115779a 10951748i bk3: 114577a 10994700i bk4: 116102a 10937499i bk5: 114657a 10992516i bk6: 115636a 10956710i bk7: 114777a 10984713i bk8: 116114a 10941482i bk9: 114677a 10994248i bk10: 115669a 10957999i bk11: 114730a 10990506i bk12: 115790a 10946791i bk13: 114652a 10991872i bk14: 115783a 10950167i bk15: 114567a 10991326i 

------------------------------------------------------------------------

Row_Buffer_Locality = 0.000103
Row_Buffer_Locality_read = 0.000103
Row_Buffer_Locality_write = -nan
Bank_Level_Parallism = 4.412275
Bank_Level_Parallism_Col = 2.026391
Bank_Level_Parallism_Ready = 1.000003
write_to_read_ratio_blp_rw_average = 0.000000
GrpLevelPara = 1.699418 

BW Util details:
bwutil = 0.127315 
total_CMD = 14487626 
util_bw = 1844489 
Wasted_Col = 9372856 
Wasted_Row = 1958239 
Idle = 1312042 

BW Util Bottlenecks: 
RCDc_limit = 18793295 
RCDWRc_limit = 0 
WTRc_limit = 0 
RTWc_limit = 0 
CCDLc_limit = 932290 
rwq = 0 
CCDLc_limit_alone = 932290 
WTRc_limit_alone = 0 
RTWc_limit_alone = 0 

Commands details: 
total_CMD = 14487626 
n_nop = 9486555 
Read = 1844489 
Write = 0 
L2_Alloc = 0 
L2_WB = 0 
n_act = 1844299 
n_pre = 1844283 
n_ref = 0 
n_req = 1844499 
total_req = 1844489 

Dual Bus Interface Util: 
issued_total_row = 3688582 
issued_total_col = 1844489 
Row_Bus_Util =  0.254602 
CoL_Bus_Util = 0.127315 
Either_Row_CoL_Bus_Util = 0.345196 
Issued_on_Two_Bus_Simul_Util = 0.036721 
issued_two_Eff = 0.106377 
queue_avg = 1.103715 


dram_util_bins: 0 0 0 0 0 0 0 0 0 0
dram_eff_bins: 0 0 0 0 0 0 0 0 0 0
mrqq: max=17 avg=1.10371
Memory Partition 14: 
Cache L2_bank_028:
MSHR contents

Cache L2_bank_029:
MSHR contents

In Dram Latency Queue (total = 0): 
DRAM[14]: 16 bks, busW=16 BL=2 CL=12, tRRD=3 tCCD=1, tRCD=12 tRAS=28 tRP=12 tRC=40
n_cmd=14487626 n_nop=9484951 n_act=1844223 n_pre=1844207 n_ref_event=0 n_req=1844430 n_rd=1844420 n_rd_L2_A=0 n_write=0 n_wr_bk=0 bw_util=0.1273
n_activity=13975862 dram_eff=0.132
bk0: 116058a 10944481i bk1: 114855a 10987442i bk2: 115801a 10950087i bk3: 114612a 10994415i bk4: 115650a 10957121i bk5: 114769a 10985587i bk6: 116108a 10938183i bk7: 114663a 10993402i bk8: 115655a 10957068i bk9: 114731a 10990859i bk10: 116100a 10941706i bk11: 114670a 10995057i bk12: 115750a 10950705i bk13: 114563a 10995893i bk14: 115805a 10947175i bk15: 114630a 10993334i 

------------------------------------------------------------------------

Row_Buffer_Locality = 0.000107
Row_Buffer_Locality_read = 0.000107
Row_Buffer_Locality_write = -nan
Bank_Level_Parallism = 4.410852
Bank_Level_Parallism_Col = 2.025891
Bank_Level_Parallism_Ready = 1.000003
write_to_read_ratio_blp_rw_average = 0.000000
GrpLevelPara = 1.699001 

BW Util details:
bwutil = 0.127310 
total_CMD = 14487626 
util_bw = 1844420 
Wasted_Col = 9375151 
Wasted_Row = 1957910 
Idle = 1310145 

BW Util Bottlenecks: 
RCDc_limit = 18794429 
RCDWRc_limit = 0 
WTRc_limit = 0 
RTWc_limit = 0 
CCDLc_limit = 931789 
rwq = 0 
CCDLc_limit_alone = 931789 
WTRc_limit_alone = 0 
RTWc_limit_alone = 0 

Commands details: 
total_CMD = 14487626 
n_nop = 9484951 
Read = 1844420 
Write = 0 
L2_Alloc = 0 
L2_WB = 0 
n_act = 1844223 
n_pre = 1844207 
n_ref = 0 
n_req = 1844430 
total_req = 1844420 

Dual Bus Interface Util: 
issued_total_row = 3688430 
issued_total_col = 1844420 
Row_Bus_Util =  0.254592 
CoL_Bus_Util = 0.127310 
Either_Row_CoL_Bus_Util = 0.345307 
Issued_on_Two_Bus_Simul_Util = 0.036595 
issued_two_Eff = 0.105978 
queue_avg = 1.101560 


dram_util_bins: 0 0 0 0 0 0 0 0 0 0
dram_eff_bins: 0 0 0 0 0 0 0 0 0 0
mrqq: max=18 avg=1.10156
Memory Partition 15: 
Cache L2_bank_030:
MSHR contents

Cache L2_bank_031:
MSHR contents

In Dram Latency Queue (total = 0): 
DRAM[15]: 16 bks, busW=16 BL=2 CL=12, tRRD=3 tCCD=1, tRCD=12 tRAS=28 tRP=12 tRC=40
n_cmd=14487626 n_nop=9485636 n_act=1844265 n_pre=1844249 n_ref_event=0 n_req=1844470 n_rd=1844460 n_rd_L2_A=0 n_write=0 n_wr_bk=0 bw_util=0.1273
n_activity=13976729 dram_eff=0.132
bk0: 116377a 10932811i bk1: 114928a 10985061i bk2: 115643a 10958695i bk3: 114736a 10988508i bk4: 115818a 10948437i bk5: 114656a 10991630i bk6: 115792a 10946626i bk7: 114562a 10992860i bk8: 115791a 10951952i bk9: 114613a 10996994i bk10: 115740a 10955262i bk11: 114592a 10997625i bk12: 116100a 10937815i bk13: 114699a 10990601i bk14: 115651a 10954521i bk15: 114762a 10985593i 

------------------------------------------------------------------------

Row_Buffer_Locality = 0.000106
Row_Buffer_Locality_read = 0.000106
Row_Buffer_Locality_write = -nan
Bank_Level_Parallism = 4.410959
Bank_Level_Parallism_Col = 2.026519
Bank_Level_Parallism_Ready = 1.000002
write_to_read_ratio_blp_rw_average = 0.000000
GrpLevelPara = 1.698941 

BW Util details:
bwutil = 0.127313 
total_CMD = 14487626 
util_bw = 1844460 
Wasted_Col = 9372465 
Wasted_Row = 1961952 
Idle = 1308749 

BW Util Bottlenecks: 
RCDc_limit = 18793191 
RCDWRc_limit = 0 
WTRc_limit = 0 
RTWc_limit = 0 
CCDLc_limit = 931688 
rwq = 0 
CCDLc_limit_alone = 931688 
WTRc_limit_alone = 0 
RTWc_limit_alone = 0 

Commands details: 
total_CMD = 14487626 
n_nop = 9485636 
Read = 1844460 
Write = 0 
L2_Alloc = 0 
L2_WB = 0 
n_act = 1844265 
n_pre = 1844249 
n_ref = 0 
n_req = 1844470 
total_req = 1844460 

Dual Bus Interface Util: 
issued_total_row = 3688514 
issued_total_col = 1844460 
Row_Bus_Util =  0.254598 
CoL_Bus_Util = 0.127313 
Either_Row_CoL_Bus_Util = 0.345259 
Issued_on_Two_Bus_Simul_Util = 0.036651 
issued_two_Eff = 0.106155 
queue_avg = 1.102529 


dram_util_bins: 0 0 0 0 0 0 0 0 0 0
dram_eff_bins: 0 0 0 0 0 0 0 0 0 0
mrqq: max=18 avg=1.10253

========= L2 cache stats =========
L2_cache_bank[0]: Access = 1367416, Miss = 922241, Miss_rate = 0.674, Pending_hits = 4, Reservation_fails = 788152
L2_cache_bank[1]: Access = 1365838, Miss = 922132, Miss_rate = 0.675, Pending_hits = 7, Reservation_fails = 791628
L2_cache_bank[2]: Access = 1367526, Miss = 922325, Miss_rate = 0.674, Pending_hits = 4, Reservation_fails = 784092
L2_cache_bank[3]: Access = 1365819, Miss = 922109, Miss_rate = 0.675, Pending_hits = 6, Reservation_fails = 794081
L2_cache_bank[4]: Access = 1368154, Miss = 921873, Miss_rate = 0.674, Pending_hits = 0, Reservation_fails = 788723
L2_cache_bank[5]: Access = 1366102, Miss = 921936, Miss_rate = 0.675, Pending_hits = 0, Reservation_fails = 794858
L2_cache_bank[6]: Access = 1367711, Miss = 921898, Miss_rate = 0.674, Pending_hits = 0, Reservation_fails = 790575
L2_cache_bank[7]: Access = 1365804, Miss = 921877, Miss_rate = 0.675, Pending_hits = 0, Reservation_fails = 796837
L2_cache_bank[8]: Access = 1367957, Miss = 922243, Miss_rate = 0.674, Pending_hits = 3, Reservation_fails = 781236
L2_cache_bank[9]: Access = 1365324, Miss = 922613, Miss_rate = 0.676, Pending_hits = 36, Reservation_fails = 791714
L2_cache_bank[10]: Access = 1367463, Miss = 922182, Miss_rate = 0.674, Pending_hits = 1, Reservation_fails = 790947
L2_cache_bank[11]: Access = 1365184, Miss = 922796, Miss_rate = 0.676, Pending_hits = 40, Reservation_fails = 792346
L2_cache_bank[12]: Access = 1367253, Miss = 922268, Miss_rate = 0.675, Pending_hits = 3, Reservation_fails = 793213
L2_cache_bank[13]: Access = 1365328, Miss = 922481, Miss_rate = 0.676, Pending_hits = 13, Reservation_fails = 796991
L2_cache_bank[14]: Access = 1366911, Miss = 922199, Miss_rate = 0.675, Pending_hits = 3, Reservation_fails = 789066
L2_cache_bank[15]: Access = 1365134, Miss = 922540, Miss_rate = 0.676, Pending_hits = 14, Reservation_fails = 789823
L2_cache_bank[16]: Access = 1366736, Miss = 922271, Miss_rate = 0.675, Pending_hits = 3, Reservation_fails = 783517
L2_cache_bank[17]: Access = 1364715, Miss = 922591, Miss_rate = 0.676, Pending_hits = 12, Reservation_fails = 789667
L2_cache_bank[18]: Access = 1366511, Miss = 922350, Miss_rate = 0.675, Pending_hits = 8, Reservation_fails = 792328
L2_cache_bank[19]: Access = 1364886, Miss = 922649, Miss_rate = 0.676, Pending_hits = 10, Reservation_fails = 795612
L2_cache_bank[20]: Access = 1366245, Miss = 922184, Miss_rate = 0.675, Pending_hits = 4, Reservation_fails = 791879
L2_cache_bank[21]: Access = 1364787, Miss = 922386, Miss_rate = 0.676, Pending_hits = 7, Reservation_fails = 790926
L2_cache_bank[22]: Access = 1366020, Miss = 922271, Miss_rate = 0.675, Pending_hits = 4, Reservation_fails = 792409
L2_cache_bank[23]: Access = 1364722, Miss = 922323, Miss_rate = 0.676, Pending_hits = 9, Reservation_fails = 792851
L2_cache_bank[24]: Access = 1364916, Miss = 922079, Miss_rate = 0.676, Pending_hits = 6, Reservation_fails = 793897
L2_cache_bank[25]: Access = 1364536, Miss = 922545, Miss_rate = 0.676, Pending_hits = 20, Reservation_fails = 791128
L2_cache_bank[26]: Access = 1364917, Miss = 922014, Miss_rate = 0.676, Pending_hits = 13, Reservation_fails = 786922
L2_cache_bank[27]: Access = 1364464, Miss = 922603, Miss_rate = 0.676, Pending_hits = 24, Reservation_fails = 787702
L2_cache_bank[28]: Access = 1365355, Miss = 922306, Miss_rate = 0.676, Pending_hits = 6, Reservation_fails = 787363
L2_cache_bank[29]: Access = 1364642, Miss = 922242, Miss_rate = 0.676, Pending_hits = 6, Reservation_fails = 784162
L2_cache_bank[30]: Access = 1365103, Miss = 922300, Miss_rate = 0.676, Pending_hits = 5, Reservation_fails = 784629
L2_cache_bank[31]: Access = 1364594, Miss = 922288, Miss_rate = 0.676, Pending_hits = 5, Reservation_fails = 783661
L2_total_cache_accesses = 43708073
L2_total_cache_misses = 29513115
L2_total_cache_miss_rate = 0.6752
L2_total_cache_pending_hits = 276
L2_total_cache_reservation_fails = 25282935
L2_total_cache_breakdown:
	L2_cache_stats_breakdown[GLOBAL_ACC_R][HIT] = 14194682
	L2_cache_stats_breakdown[GLOBAL_ACC_R][HIT_RESERVED] = 276
	L2_cache_stats_breakdown[GLOBAL_ACC_R][MISS] = 28973447
	L2_cache_stats_breakdown[GLOBAL_ACC_R][RESERVATION_FAIL] = 25282935
	L2_cache_stats_breakdown[GLOBAL_ACC_R][SECTOR_MISS] = 537620
	L2_cache_stats_breakdown[GLOBAL_ACC_R][MSHR_HIT] = 276
	L2_cache_stats_breakdown[LOCAL_ACC_R][HIT] = 0
	L2_cache_stats_breakdown[LOCAL_ACC_R][HIT_RESERVED] = 0
	L2_cache_stats_breakdown[LOCAL_ACC_R][MISS] = 0
	L2_cache_stats_breakdown[LOCAL_ACC_R][RESERVATION_FAIL] = 0
	L2_cache_stats_breakdown[LOCAL_ACC_R][SECTOR_MISS] = 0
	L2_cache_stats_breakdown[LOCAL_ACC_R][MSHR_HIT] = 0
	L2_cache_stats_breakdown[CONST_ACC_R][HIT] = 0
	L2_cache_stats_breakdown[CONST_ACC_R][HIT_RESERVED] = 0
	L2_cache_stats_breakdown[CONST_ACC_R][MISS] = 0
	L2_cache_stats_breakdown[CONST_ACC_R][RESERVATION_FAIL] = 0
	L2_cache_stats_breakdown[CONST_ACC_R][SECTOR_MISS] = 0
	L2_cache_stats_breakdown[CONST_ACC_R][MSHR_HIT] = 0
	L2_cache_stats_breakdown[TEXTURE_ACC_R][HIT] = 0
	L2_cache_stats_breakdown[TEXTURE_ACC_R][HIT_RESERVED] = 0
	L2_cache_stats_breakdown[TEXTURE_ACC_R][MISS] = 0
	L2_cache_stats_breakdown[TEXTURE_ACC_R][RESERVATION_FAIL] = 0
	L2_cache_stats_breakdown[TEXTURE_ACC_R][SECTOR_MISS] = 0
	L2_cache_stats_breakdown[TEXTURE_ACC_R][MSHR_HIT] = 0
	L2_cache_stats_breakdown[GLOBAL_ACC_W][HIT] = 0
	L2_cache_stats_breakdown[GLOBAL_ACC_W][HIT_RESERVED] = 0
	L2_cache_stats_breakdown[GLOBAL_ACC_W][MISS] = 512
	L2_cache_stats_breakdown[GLOBAL_ACC_W][RESERVATION_FAIL] = 0
	L2_cache_stats_breakdown[GLOBAL_ACC_W][SECTOR_MISS] = 1536
	L2_cache_stats_breakdown[GLOBAL_ACC_W][MSHR_HIT] = 0
	L2_cache_stats_breakdown[LOCAL_ACC_W][HIT] = 0
	L2_cache_stats_breakdown[LOCAL_ACC_W][HIT_RESERVED] = 0
	L2_cache_stats_breakdown[LOCAL_ACC_W][MISS] = 0
	L2_cache_stats_breakdown[LOCAL_ACC_W][RESERVATION_FAIL] = 0
	L2_cache_stats_breakdown[LOCAL_ACC_W][SECTOR_MISS] = 0
	L2_cache_stats_breakdown[LOCAL_ACC_W][MSHR_HIT] = 0
	L2_cache_stats_breakdown[L1_WRBK_ACC][HIT] = 0
	L2_cache_stats_breakdown[L1_WRBK_ACC][HIT_RESERVED] = 0
	L2_cache_stats_breakdown[L1_WRBK_ACC][MISS] = 0
	L2_cache_stats_breakdown[L1_WRBK_ACC][RESERVATION_FAIL] = 0
	L2_cache_stats_breakdown[L1_WRBK_ACC][SECTOR_MISS] = 0
	L2_cache_stats_breakdown[L1_WRBK_ACC][MSHR_HIT] = 0
	L2_cache_stats_breakdown[L2_WRBK_ACC][HIT] = 0
	L2_cache_stats_breakdown[L2_WRBK_ACC][HIT_RESERVED] = 0
	L2_cache_stats_breakdown[L2_WRBK_ACC][MISS] = 0
	L2_cache_stats_breakdown[L2_WRBK_ACC][RESERVATION_FAIL] = 0
	L2_cache_stats_breakdown[L2_WRBK_ACC][SECTOR_MISS] = 0
	L2_cache_stats_breakdown[L2_WRBK_ACC][MSHR_HIT] = 0
	L2_cache_stats_breakdown[INST_ACC_R][HIT] = 0
	L2_cache_stats_breakdown[INST_ACC_R][HIT_RESERVED] = 0
	L2_cache_stats_breakdown[INST_ACC_R][MISS] = 0
	L2_cache_stats_breakdown[INST_ACC_R][RESERVATION_FAIL] = 0
	L2_cache_stats_breakdown[INST_ACC_R][SECTOR_MISS] = 0
	L2_cache_stats_breakdown[INST_ACC_R][MSHR_HIT] = 0
	L2_cache_stats_breakdown[L1_WR_ALLOC_R][HIT] = 0
	L2_cache_stats_breakdown[L1_WR_ALLOC_R][HIT_RESERVED] = 0
	L2_cache_stats_breakdown[L1_WR_ALLOC_R][MISS] = 0
	L2_cache_stats_breakdown[L1_WR_ALLOC_R][RESERVATION_FAIL] = 0
	L2_cache_stats_breakdown[L1_WR_ALLOC_R][SECTOR_MISS] = 0
	L2_cache_stats_breakdown[L1_WR_ALLOC_R][MSHR_HIT] = 0
	L2_cache_stats_breakdown[L2_WR_ALLOC_R][HIT] = 0
	L2_cache_stats_breakdown[L2_WR_ALLOC_R][HIT_RESERVED] = 0
	L2_cache_stats_breakdown[L2_WR_ALLOC_R][MISS] = 0
	L2_cache_stats_breakdown[L2_WR_ALLOC_R][RESERVATION_FAIL] = 0
	L2_cache_stats_breakdown[L2_WR_ALLOC_R][SECTOR_MISS] = 0
	L2_cache_stats_breakdown[L2_WR_ALLOC_R][MSHR_HIT] = 0
	L2_cache_stats_breakdown[GLOBAL_ACC_R][TOTAL_ACCESS] = 43706025
	L2_cache_stats_breakdown[GLOBAL_ACC_W][TOTAL_ACCESS] = 2048
L2_total_cache_reservation_fail_breakdown:
	L2_cache_stats_fail_breakdown[GLOBAL_ACC_R][LINE_ALLOC_FAIL] = 25282935
L2_cache_data_port_util = 0.047
L2_cache_fill_port_util = 0.099

icnt_total_pkts_mem_to_simt=43708073
icnt_total_pkts_simt_to_mem=43708073
LD_mem_lat_dist  0 0 0 0 0 0 0 0 0 0 0 0 0 0 0 0 0 0 0 0 0 0 0 0 0 0 0
ST_mem_lat_dist  0 0 0 0 0 0 0 0 0 0 0 0 0 0 0 0 0 0 0 0 0 0 0 0 0 0 0
----------------------------Interconnect-DETAILS--------------------------------
Req_Network_injected_packets_num = 43708073
Req_Network_cycles = 9352772
Req_Network_injected_packets_per_cycle =       4.6733 
Req_Network_conflicts_per_cycle =       0.2118
Req_Network_conflicts_per_cycle_util =       0.2139
Req_Bank_Level_Parallism =       4.7215
Req_Network_in_buffer_full_per_cycle =       0.0000
Req_Network_in_buffer_avg_util =       0.0743
Req_Network_out_buffer_full_per_cycle =       0.0000
Req_Network_out_buffer_avg_util =       0.1460

Reply_Network_injected_packets_num = 43708073
Reply_Network_cycles = 9352772
Reply_Network_injected_packets_per_cycle =        4.6733
Reply_Network_conflicts_per_cycle =       21.8584
Reply_Network_conflicts_per_cycle_util =      22.0523
Reply_Bank_Level_Parallism =       4.7147
Reply_Network_in_buffer_full_per_cycle =       0.0000
Reply_Network_in_buffer_avg_util =       6.7653
Reply_Network_out_buffer_full_per_cycle =       0.0000
Reply_Network_out_buffer_avg_util =       0.5842
----------------------------END-of-Interconnect-DETAILS-------------------------


gpgpu_simulation_time = 0 days, 0 hrs, 49 min, 14 sec (2954 sec)
gpgpu_simulation_rate = 102402 (inst/sec)
gpgpu_simulation_rate = 3166 (cycle/sec)
gpgpu_silicon_slowdown = 434933x
GPGPU-Sim: synchronize waiting for inactive GPU simulation
GPGPU-Sim API: Stream Manager State
GPGPU-Sim: detected inactive GPU simulation thread
MLX_GPU_PROXY_SUMMARY {"operator":"qk","count":16384,"parameter":4096,"parameter2":0,"checksum":10334573.467346191,"reference":10334573.467346191,"relative_error":0}
GPGPU-Sim: *** exit detected ***
