self exe links to: /workspace/MLX_dev/build/gpgpusim-rtx3090-proxy/mlx_gpu_proxy
self exe links to: /workspace/MLX_dev/build/gpgpusim-rtx3090-proxy/mlx_gpu_proxy
11.0


        *** GPGPU-Sim Simulator Version 4.2.0  [build gpgpu-sim_git-commit-68e1cd3_modified_1.0] ***


GPGPU-Sim PTX: simulation mode 0 (can change with PTX_SIM_MODE_FUNC environment variable:
               1=functional simulation only, 0=detailed performance simulator)
GPGPU-Sim PTX: overriding embedded ptx with ptx file (PTX_SIM_USE_PTX_FILE is set)
GPGPU-Sim: Configuration options:

-save_embedded_ptx                      0 # saves ptx files embedded in binary as <n>.ptx
-keep                                   0 # keep intermediate files created by GPGPU-Sim when interfacing with external programs
-gpgpu_ptx_save_converted_ptxplus                    0 # Saved converted ptxplus to a file
-gpgpu_occupancy_sm_number                   86 # The SM number to pass to ptxas when getting register usage for computing GPU occupancy. This parameter is required in the config.
-ptx_opcode_latency_int           4,4,4,4,21 # Opcode latencies for integers <ADD,MAX,MUL,MAD,DIV,SHFL>Default 1,1,19,25,145,32
-ptx_opcode_latency_fp           4,4,4,4,39 # Opcode latencies for single precision floating points <ADD,MAX,MUL,MAD,DIV>Default 1,1,1,1,30
-ptx_opcode_latency_dp      64,64,64,64,330 # Opcode latencies for double precision floating points <ADD,MAX,MUL,MAD,DIV>Default 8,8,8,8,335
-ptx_opcode_latency_sfu                   21 # Opcode latencies for SFU instructionsDefault 8
-ptx_opcode_latency_tesnor                   64 # Opcode latencies for Tensor instructionsDefault 64
-ptx_opcode_initiation_int            2,2,2,2,2 # Opcode initiation intervals for integers <ADD,MAX,MUL,MAD,DIV,SHFL>Default 1,1,4,4,32,4
-ptx_opcode_initiation_fp            1,1,1,1,2 # Opcode initiation intervals for single precision floating points <ADD,MAX,MUL,MAD,DIV>Default 1,1,1,1,5
-ptx_opcode_initiation_dp      64,64,64,64,130 # Opcode initiation intervals for double precision floating points <ADD,MAX,MUL,MAD,DIV>Default 8,8,8,8,130
-ptx_opcode_initiation_sfu                    8 # Opcode initiation intervals for sfu instructionsDefault 8
-ptx_opcode_initiation_tensor                   64 # Opcode initiation intervals for tensor instructionsDefault 64
-cdp_latency         7200,8000,100,12000,1600 # CDP API latency <cudaStreamCreateWithFlags, cudaGetParameterBufferV2_init_perWarp, cudaGetParameterBufferV2_perKernel, cudaLaunchDeviceV2_init_perWarp, cudaLaunchDevicV2_perKernel>Default 7200,8000,100,12000,1600
-network_mode                           2 # Interconnection network mode
-inter_config_file                   mesh # Interconnection network config file
-icnt_in_buffer_limit                  512 # in_buffer_limit
-icnt_out_buffer_limit                  512 # out_buffer_limit
-icnt_subnets                           2 # subnets
-icnt_arbiter_algo                      1 # arbiter_algo
-icnt_verbose                           0 # inct_verbose
-icnt_grant_cycles                      1 # grant_cycles
-gpgpu_ptx_use_cuobjdump                    1 # Use cuobjdump to extract ptx and sass from binaries
-gpgpu_experimental_lib_support                    0 # Try to extract code from cuda libraries [Broken because of unknown cudaGetExportTable]
-checkpoint_option                      0 #  checkpointing flag (0 = no checkpoint)
-checkpoint_kernel                      1 #  checkpointing during execution of which kernel (1- 1st kernel)
-checkpoint_CTA                         0 #  checkpointing after # of CTA (< less than total CTA)
-resume_option                          0 #  resume flag (0 = no resume)
-resume_kernel                          0 #  Resume from which kernel (1= 1st kernel)
-resume_CTA                             0 #  resume from which CTA 
-checkpoint_CTA_t                       0 #  resume from which CTA 
-checkpoint_insn_Y                      0 #  resume from which CTA 
-gpgpu_ptx_convert_to_ptxplus                    0 # Convert SASS (native ISA) to ptxplus and run ptxplus
-gpgpu_ptx_force_max_capability                   86 # Force maximum compute capability
-gpgpu_ptx_inst_debug_to_file                    0 # Dump executed instructions' debug information to file
-gpgpu_ptx_inst_debug_file       inst_debug.txt # Executed instructions' debug output file
-gpgpu_ptx_inst_debug_thread_uid                    1 # Thread UID for executed instructions' debug output
-gpgpu_simd_model                       1 # 1 = post-dominator
-gpgpu_shader_core_pipeline              1536:32 # shader core pipeline config, i.e., {<nthread>:<warpsize>}
-gpgpu_tex_cache:l1  N:4:128:256,L:R:m:N:L,T:512:8,128:2 # per-shader L1 texture cache  (READ-ONLY) config  {<nsets>:<bsize>:<assoc>,<rep>:<wr>:<alloc>:<wr_alloc>,<mshr>:<N>:<merge>,<mq>:<rf>}
-gpgpu_const_cache:l1 N:128:64:8,L:R:f:N:L,S:2:64,4 # per-shader L1 constant memory cache  (READ-ONLY) config  {<nsets>:<bsize>:<assoc>,<rep>:<wr>:<alloc>:<wr_alloc>,<mshr>:<N>:<merge>,<mq>} 
-gpgpu_cache:il1     N:64:128:16,L:R:f:N:L,S:2:48,4 # shader L1 instruction cache config  {<nsets>:<bsize>:<assoc>,<rep>:<wr>:<alloc>:<wr_alloc>,<mshr>:<N>:<merge>,<mq>} 
-gpgpu_cache:dl1     S:4:128:256,L:T:m:L:L,A:384:48,16:0,32 # per-shader L1 data cache config  {<nsets>:<bsize>:<assoc>,<rep>:<wr>:<alloc>:<wr_alloc>,<mshr>:<N>:<merge>,<mq> | none}
-gpgpu_l1_cache_write_ratio                   25 # L1D write ratio
-gpgpu_l1_banks                         4 # The number of L1 cache banks
-gpgpu_l1_banks_byte_interleaving                   32 # l1 banks byte interleaving granularity
-gpgpu_l1_banks_hashing_function                    0 # l1 banks hashing function
-gpgpu_l1_latency                      39 # L1 Hit Latency
-gpgpu_smem_latency                    29 # smem Latency
-gpgpu_cache:dl1PrefL1                 none # per-shader L1 data cache config  {<nsets>:<bsize>:<assoc>,<rep>:<wr>:<alloc>:<wr_alloc>,<mshr>:<N>:<merge>,<mq> | none}
-gpgpu_cache:dl1PrefShared                 none # per-shader L1 data cache config  {<nsets>:<bsize>:<assoc>,<rep>:<wr>:<alloc>:<wr_alloc>,<mshr>:<N>:<merge>,<mq> | none}
-gpgpu_gmem_skip_L1D                    0 # global memory access skip L1D cache (implements -Xptxas -dlcm=cg, default=no skip)
-gpgpu_perfect_mem                      0 # enable perfect memory mode (no cache miss)
-n_regfile_gating_group                    4 # group of lanes that should be read/written together)
-gpgpu_clock_gated_reg_file                    0 # enable clock gated reg file for power calculations
-gpgpu_clock_gated_lanes                    0 # enable clock gated lanes for power calculations
-gpgpu_shader_registers                65536 # Number of registers per shader core. Limits number of concurrent CTAs. (default 8192)
-gpgpu_registers_per_block                65536 # Maximum number of registers per CTA. (default 8192)
-gpgpu_ignore_resources_limitation                    0 # gpgpu_ignore_resources_limitation (default 0)
-gpgpu_shader_cta                      32 # Maximum number of concurrent CTAs in shader (default 32)
-gpgpu_num_cta_barriers                   16 # Maximum number of named barriers per CTA (default 16)
-gpgpu_n_clusters                      82 # number of processing clusters
-gpgpu_n_cores_per_cluster                    1 # number of simd cores per cluster
-gpgpu_n_cluster_ejection_buffer_size                   32 # number of packets in ejection buffer
-gpgpu_n_ldst_response_buffer_size                    2 # number of response packets in ld/st unit ejection buffer
-gpgpu_shmem_per_block                49152 # Size of shared memory per thread block or CTA (default 48kB)
-gpgpu_shmem_size                  102400 # Size of shared memory per shader core (default 16kB)
-gpgpu_shmem_option      0,8,16,32,64,100 # Option list of shared memory sizes
-gpgpu_unified_l1d_size                  128 # Size of unified data cache(L1D + shared memory) in KB
-gpgpu_adaptive_cache_config                    1 # adaptive_cache_config
-gpgpu_shmem_sizeDefault               102400 # Size of shared memory per shader core (default 16kB)
-gpgpu_shmem_size_PrefL1                16384 # Size of shared memory per shader core (default 16kB)
-gpgpu_shmem_size_PrefShared                16384 # Size of shared memory per shader core (default 16kB)
-gpgpu_shmem_num_banks                   32 # Number of banks in the shared memory in each shader core (default 16)
-gpgpu_shmem_limited_broadcast                    0 # Limit shared memory to do one broadcast per cycle (default on)
-gpgpu_shmem_warp_parts                    1 # Number of portions a warp is divided into for shared memory bank conflict check 
-gpgpu_mem_unit_ports                    1 # The number of memory transactions allowed per core cycle
-gpgpu_shmem_warp_parts                    1 # Number of portions a warp is divided into for shared memory bank conflict check 
-gpgpu_warpdistro_shader                   -1 # Specify which shader core to collect the warp size distribution from
-gpgpu_warp_issue_shader                    0 # Specify which shader core to collect the warp issue distribution from
-gpgpu_local_mem_map                    1 # Mapping from local memory space address to simulated GPU physical address space (default = enabled)
-gpgpu_num_reg_banks                    8 # Number of register banks (default = 8)
-gpgpu_reg_bank_use_warp_id                    0 # Use warp ID in mapping registers to banks (default = off)
-gpgpu_sub_core_model                    1 # Sub Core Volta/Pascal model (default = off)
-gpgpu_enable_specialized_operand_collector                    0 # enable_specialized_operand_collector
-gpgpu_operand_collector_num_units_sp                    4 # number of collector units (default = 4)
-gpgpu_operand_collector_num_units_dp                    0 # number of collector units (default = 0)
-gpgpu_operand_collector_num_units_sfu                    4 # number of collector units (default = 4)
-gpgpu_operand_collector_num_units_int                    0 # number of collector units (default = 0)
-gpgpu_operand_collector_num_units_tensor_core                    4 # number of collector units (default = 4)
-gpgpu_operand_collector_num_units_mem                    2 # number of collector units (default = 2)
-gpgpu_operand_collector_num_units_gen                    8 # number of collector units (default = 0)
-gpgpu_operand_collector_num_in_ports_sp                    1 # number of collector unit in ports (default = 1)
-gpgpu_operand_collector_num_in_ports_dp                    0 # number of collector unit in ports (default = 0)
-gpgpu_operand_collector_num_in_ports_sfu                    1 # number of collector unit in ports (default = 1)
-gpgpu_operand_collector_num_in_ports_int                    0 # number of collector unit in ports (default = 0)
-gpgpu_operand_collector_num_in_ports_tensor_core                    1 # number of collector unit in ports (default = 1)
-gpgpu_operand_collector_num_in_ports_mem                    1 # number of collector unit in ports (default = 1)
-gpgpu_operand_collector_num_in_ports_gen                    8 # number of collector unit in ports (default = 0)
-gpgpu_operand_collector_num_out_ports_sp                    1 # number of collector unit in ports (default = 1)
-gpgpu_operand_collector_num_out_ports_dp                    0 # number of collector unit in ports (default = 0)
-gpgpu_operand_collector_num_out_ports_sfu                    1 # number of collector unit in ports (default = 1)
-gpgpu_operand_collector_num_out_ports_int                    0 # number of collector unit in ports (default = 0)
-gpgpu_operand_collector_num_out_ports_tensor_core                    1 # number of collector unit in ports (default = 1)
-gpgpu_operand_collector_num_out_ports_mem                    1 # number of collector unit in ports (default = 1)
-gpgpu_operand_collector_num_out_ports_gen                    8 # number of collector unit in ports (default = 0)
-gpgpu_coalesce_arch                   86 # Coalescing arch (GT200 = 13, Fermi = 20)
-gpgpu_num_sched_per_core                    4 # Number of warp schedulers per core
-gpgpu_max_insn_issue_per_warp                    1 # Max number of instructions that can be issued per warp in one cycle by scheduler (either 1 or 2)
-gpgpu_dual_issue_diff_exec_units                    1 # should dual issue use two different execution unit resources (Default = 1)
-gpgpu_simt_core_sim_order                    1 # Select the simulation order of cores in a cluster (0=Fix, 1=Round-Robin)
-gpgpu_pipeline_widths 4,4,4,4,4,4,4,4,4,4,8,4,4 # Pipeline widths ID_OC_SP,ID_OC_DP,ID_OC_INT,ID_OC_SFU,ID_OC_MEM,OC_EX_SP,OC_EX_DP,OC_EX_INT,OC_EX_SFU,OC_EX_MEM,EX_WB,ID_OC_TENSOR_CORE,OC_EX_TENSOR_CORE
-gpgpu_tensor_core_avail                    1 # Tensor Core Available (default=0)
-gpgpu_num_sp_units                     4 # Number of SP units (default=1)
-gpgpu_num_dp_units                     4 # Number of DP units (default=0)
-gpgpu_num_int_units                    4 # Number of INT units (default=0)
-gpgpu_num_sfu_units                    4 # Number of SF units (default=1)
-gpgpu_num_tensor_core_units                    4 # Number of tensor_core units (default=1)
-gpgpu_num_mem_units                    1 # Number if ldst units (default=1) WARNING: not hooked up to anything
-gpgpu_scheduler                      lrr # Scheduler configuration: < lrr | gto | two_level_active > If two_level_active:<num_active_warps>:<inner_prioritization>:<outer_prioritization>For complete list of prioritization values see shader.h enum scheduler_prioritization_typeDefault: gto
-gpgpu_concurrent_kernel_sm                    0 # Support concurrent kernels on a SM (default = disabled)
-gpgpu_perfect_inst_const_cache                    1 # perfect inst and const cache mode, so all inst and const hits in the cache(default = disabled)
-gpgpu_inst_fetch_throughput                    4 # the number of fetched intruction per warp each cycle
-gpgpu_reg_file_port_throughput                    2 # the number ports of the register file
-specialized_unit_1         0,4,4,4,4,BRA # specialized unit config {<enabled>,<num_units>:<latency>:<initiation>,<ID_OC_SPEC>:<OC_EX_SPEC>,<NAME>}
-specialized_unit_2         0,4,4,4,4,BRA # specialized unit config {<enabled>,<num_units>:<latency>:<initiation>,<ID_OC_SPEC>:<OC_EX_SPEC>,<NAME>}
-specialized_unit_3         0,4,4,4,4,BRA # specialized unit config {<enabled>,<num_units>:<latency>:<initiation>,<ID_OC_SPEC>:<OC_EX_SPEC>,<NAME>}
-specialized_unit_4         0,4,4,4,4,BRA # specialized unit config {<enabled>,<num_units>:<latency>:<initiation>,<ID_OC_SPEC>:<OC_EX_SPEC>,<NAME>}
-specialized_unit_5         0,4,4,4,4,BRA # specialized unit config {<enabled>,<num_units>:<latency>:<initiation>,<ID_OC_SPEC>:<OC_EX_SPEC>,<NAME>}
-specialized_unit_6         0,4,4,4,4,BRA # specialized unit config {<enabled>,<num_units>:<latency>:<initiation>,<ID_OC_SPEC>:<OC_EX_SPEC>,<NAME>}
-specialized_unit_7         0,4,4,4,4,BRA # specialized unit config {<enabled>,<num_units>:<latency>:<initiation>,<ID_OC_SPEC>:<OC_EX_SPEC>,<NAME>}
-specialized_unit_8         0,4,4,4,4,BRA # specialized unit config {<enabled>,<num_units>:<latency>:<initiation>,<ID_OC_SPEC>:<OC_EX_SPEC>,<NAME>}
-gpgpu_perf_sim_memcpy                    1 # Fill the L2 cache on memcpy
-gpgpu_simple_dram_model                    0 # simple_dram_model with fixed latency and BW
-gpgpu_dram_scheduler                    1 # 0 = fifo, 1 = FR-FCFS (defaul)
-gpgpu_dram_partition_queues          64:64:64:64 # i2$:$2d:d2$:$2i
-l2_ideal                               0 # Use a ideal L2 cache that always hit
-gpgpu_cache:dl2     S:64:128:16,L:B:m:L:P,A:192:4,32:0,32 # unified banked L2 data cache config  {<nsets>:<bsize>:<assoc>,<rep>:<wr>:<alloc>:<wr_alloc>,<mshr>:<N>:<merge>,<mq>}
-gpgpu_cache:dl2_texture_only                    0 # L2 cache used for texture only
-gpgpu_n_mem                           24 # number of memory modules (e.g. memory controllers) in gpu
-gpgpu_n_sub_partition_per_mchannel                    2 # number of memory subpartition in each memory module
-gpgpu_n_mem_per_ctrlr                    1 # number of memory chips per memory controller
-gpgpu_memlatency_stat                   14 # track and display latency statistics 0x2 enables MC, 0x4 enables queue logs
-gpgpu_frfcfs_dram_sched_queue_size                   64 # 0 = unlimited (default); # entries per chip
-gpgpu_dram_return_queue_size                  192 # 0 = unlimited (default); # entries per chip
-gpgpu_dram_buswidth                    2 # default = 4 bytes (8 bytes per cycle at DDR)
-gpgpu_dram_burst_length                   16 # Burst length of each DRAM request (default = 4 data bus cycle)
-dram_data_command_freq_ratio                    4 # Frequency ratio between DRAM data bus and command bus (default = 2 times, i.e. DDR)
-gpgpu_dram_timing_opt nbk=16:CCD=4:RRD=12:RCD=24:RAS=55:RP=24:RC=78:CL=24:WL=8:CDLR=10:WR=24:nbkgrp=4:CCDL=6:RTPL=4 # DRAM timing parameters = {nbk:tCCD:tRRD:tRCD:tRAS:tRP:tRC:CL:WL:tCDLR:tWR:nbkgrp:tCCDL:tRTPL}
-gpgpu_l2_rop_latency                  187 # ROP queue latency (default 85)
-dram_latency                         254 # DRAM latency (default 30)
-dram_dual_bus_interface                    0 # dual_bus_interface (default = 0) 
-dram_bnk_indexing_policy                    0 # dram_bnk_indexing_policy (0 = normal indexing, 1 = Xoring with the higher bits) (Default = 0)
-dram_bnkgrp_indexing_policy                    1 # dram_bnkgrp_indexing_policy (0 = take higher bits, 1 = take lower bits) (Default = 0)
-dram_seperate_write_queue_enable                    0 # Seperate_Write_Queue_Enable
-dram_write_queue_size             32:28:16 # Write_Queue_Size
-dram_elimnate_rw_turnaround                    0 # elimnate_rw_turnaround i.e set tWTR and tRTW = 0
-icnt_flit_size                        40 # icnt_flit_size
-SST_mode                               0 # SST mode
-gpgpu_mem_addr_mapping dramid@8;00000000.00000000.00000000.00000000.0000RRRR.RRRRRRRR.RBBBCCCC.BCCSSSSS # mapping memory address to dram model {dramid@<start bit>;<memory address map>}
-gpgpu_mem_addr_test                    0 # run sweep test to check address mapping for aliased address
-gpgpu_mem_address_mask                    1 # 0 = old addressing mask, 1 = new addressing mask, 2 = new add. mask + flipped bank sel and chip sel bits
-gpgpu_memory_partition_indexing                    2 # 0 = no indexing, 1 = bitwise xoring, 2 = IPoly, 3 = custom indexing
-accelwattch_xml_file accelwattch_sass_sim.xml # AccelWattch XML file
-power_simulation_enabled                    0 # Turn on power simulator (1=On, 0=Off)
-power_per_cycle_dump                    0 # Dump detailed power output each cycle
-hw_perf_file_name            hw_perf.csv # Hardware Performance Statistics file
-hw_perf_bench_name                       # Kernel Name in Hardware Performance Statistics file
-power_simulation_mode                    0 # Switch performance counter input for power simulation (0=Sim, 1=HW, 2=HW-Sim Hybrid)
-dvfs_enabled                           0 # Turn on DVFS for power model
-aggregate_power_stats                    0 # Accumulate power across all kernels
-accelwattch_hybrid_perfsim_L1_RH                    0 # Get L1 Read Hits for Accelwattch-Hybrid from Accel-Sim
-accelwattch_hybrid_perfsim_L1_RM                    0 # Get L1 Read Misses for Accelwattch-Hybrid from Accel-Sim
-accelwattch_hybrid_perfsim_L1_WH                    0 # Get L1 Write Hits for Accelwattch-Hybrid from Accel-Sim
-accelwattch_hybrid_perfsim_L1_WM                    0 # Get L1 Write Misses for Accelwattch-Hybrid from Accel-Sim
-accelwattch_hybrid_perfsim_L2_RH                    0 # Get L2 Read Hits for Accelwattch-Hybrid from Accel-Sim
-accelwattch_hybrid_perfsim_L2_RM                    0 # Get L2 Read Misses for Accelwattch-Hybrid from Accel-Sim
-accelwattch_hybrid_perfsim_L2_WH                    0 # Get L2 Write Hits for Accelwattch-Hybrid from Accel-Sim
-accelwattch_hybrid_perfsim_L2_WM                    0 # Get L2 Write Misses for Accelwattch-Hybrid from Accel-Sim
-accelwattch_hybrid_perfsim_CC_ACC                    0 # Get Constant Cache Acesses for Accelwattch-Hybrid from Accel-Sim
-accelwattch_hybrid_perfsim_SHARED_ACC                    0 # Get Shared Memory Acesses for Accelwattch-Hybrid from Accel-Sim
-accelwattch_hybrid_perfsim_DRAM_RD                    0 # Get DRAM Reads for Accelwattch-Hybrid from Accel-Sim
-accelwattch_hybrid_perfsim_DRAM_WR                    0 # Get DRAM Writes for Accelwattch-Hybrid from Accel-Sim
-accelwattch_hybrid_perfsim_NOC                    0 # Get Interconnect Acesses for Accelwattch-Hybrid from Accel-Sim
-accelwattch_hybrid_perfsim_PIPE_DUTY                    0 # Get Pipeline Duty Cycle Acesses for Accelwattch-Hybrid from Accel-Sim
-accelwattch_hybrid_perfsim_NUM_SM_IDLE                    0 # Get Number of Idle SMs for Accelwattch-Hybrid from Accel-Sim
-accelwattch_hybrid_perfsim_CYCLES                    0 # Get Executed Cycles for Accelwattch-Hybrid from Accel-Sim
-accelwattch_hybrid_perfsim_VOLTAGE                    0 # Get Chip Voltage for Accelwattch-Hybrid from Accel-Sim
-power_trace_enabled                    0 # produce a file for the power trace (1=On, 0=Off)
-power_trace_zlevel                     6 # Compression level of the power trace output log (0=no comp, 9=highest)
-steady_power_levels_enabled                    0 # produce a file for the steady power levels (1=On, 0=Off)
-steady_state_definition                  8:4 # allowed deviation:number of samples
-gpgpu_max_cycle                        0 # terminates gpu simulation early (0 = no limit)
-gpgpu_max_insn                         0 # terminates gpu simulation early (0 = no limit)
-gpgpu_max_cta                          0 # terminates gpu simulation early (0 = no limit)
-gpgpu_max_completed_cta                    0 # terminates gpu simulation early (0 = no limit)
-gpgpu_runtime_stat                   500 # display runtime statistics such as dram utilization {<freq>:<flag>}
-liveness_message_freq                    1 # Minimum number of seconds between simulation liveness messages (0 = always print)
-gpgpu_compute_capability_major                    8 # Major compute capability version number
-gpgpu_compute_capability_minor                    6 # Minor compute capability version number
-gpgpu_flush_l1_cache                    1 # Flush L1 cache at the end of each kernel call
-gpgpu_flush_l2_cache                    0 # Flush L2 cache at the end of each kernel call
-gpgpu_deadlock_detect                    1 # Stop the simulation at deadlock (1=on (default), 0=off)
-gpgpu_ptx_instruction_classification                    0 # if enabled will classify ptx instruction types per kernel (Max 255 kernels now)
-gpgpu_ptx_sim_mode                     0 # Select between Performance (default) or Functional simulation (1)
-gpgpu_clock_domains  1695:1695:1695:5250 # Clock Domain Frequencies in MhZ {<Core Clock>:<ICNT Clock>:<L2 Clock>:<DRAM Clock>}
-gpgpu_max_concurrent_kernel                  128 # maximum kernels that can run concurrently on GPU, set this value according to max resident grids for your compute capability
-gpgpu_cflog_interval                    0 # Interval between each snapshot in control flow logger
-visualizer_enabled                     0 # Turn on visualizer output (1=On, 0=Off)
-visualizer_outputfile                 NULL # Specifies the output log file for visualizer
-visualizer_zlevel                      6 # Compression level of the visualizer output log (0=no comp, 9=highest)
-gpgpu_stack_size_limit                 1024 # GPU thread stack size
-gpgpu_heap_size_limit              8388608 # GPU malloc heap size 
-gpgpu_runtime_sync_depth_limit                    2 # GPU device runtime synchronize depth
-gpgpu_runtime_pending_launch_count_limit                 2048 # GPU device runtime pending launch count
-trace_enabled                          0 # Turn on traces
-trace_components                    none # comma seperated list of traces to enable. Complete list found in trace_streams.tup. Default none
-trace_sampling_core                    0 # The core which is printed using CORE_DPRINTF. Default 0
-trace_sampling_memory_partition                   -1 # The memory partition which is printed using MEMPART_DPRINTF. Default -1 (i.e. all)
-enable_ptx_file_line_stats                    1 # Turn on PTX source line statistic profiling. (1 = On)
-ptx_line_stats_filename gpgpu_inst_stats.txt # Output file for PTX source line statistics.
-gpgpu_kernel_launch_latency                 5000 # Kernel launch latency in cycles. Default: 0
-gpgpu_cdp_enabled                      0 # Turn on CDP
-gpgpu_TB_launch_latency                    0 # thread block launch latency in cycles. Default: 0
DRAM Timing Options:
nbk                                    16 # number of banks
CCD                                     4 # column to column delay
RRD                                 945d68ee6a31f3cb88d14eac742c7903  /workspace/MLX_dev/build/gpgpusim-rtx3090-proxy/mlx_gpu_proxy
Extracting PTX file and ptxas options    1: mlx_gpu_proxy.1.sm_86.ptx -arch=sm_86
   12 # minimal delay between activation of rows in different banks
RCD                                    24 # row to column delay
RAS                                    55 # time needed to activate row
RP                                     24 # time needed to precharge (deactivate) row
RC                                     78 # row cycle time
CDLR                                   10 # switching from write to read (changes tWTR)
WR                                     24 # last data-in to row precharge
CL                                     24 # CAS latency
WL                                      8 # Write latency
nbkgrp                                  4 # number of bank groups
CCDL                                    6 # column to column delay between accesses to different bank groups
RTPL                                    4 # read to precharge delay between accesses to different bank groups
Total number of memory sub partition = 48
addr_dec_mask[CHIP]  = 0000000000000000 	high:64 low:0
addr_dec_mask[BK]    = 0000000000007080 	high:15 low:7
addr_dec_mask[ROW]   = 000000000fff8000 	high:28 low:15
addr_dec_mask[COL]   = 0000000000000f7f 	high:12 low:0
addr_dec_mask[BURST] = 000000000000001f 	high:5 low:0
sub_partition_id_mask = 0000000000000080
GPGPU-Sim uArch: clock freqs: 1695000000.000000:1695000000.000000:1695000000.000000:5250000000.000000
GPGPU-Sim uArch: clock periods: 0.00000000058997050147:0.00000000058997050147:0.00000000058997050147:0.00000000019047619048
*** Initializing Memory Statistics ***
GPGPU-Sim uArch: performance model initialization complete.
GPGPU-Sim PTX: __cudaRegisterFatBinary, fat_cubin_handle = 1, filename=default
self exe links to: /workspace/MLX_dev/build/gpgpusim-rtx3090-proxy/mlx_gpu_proxy
Running md5sum using "md5sum /workspace/MLX_dev/build/gpgpusim-rtx3090-proxy/mlx_gpu_proxy "
self exe links to: /workspace/MLX_dev/build/gpgpusim-rtx3090-proxy/mlx_gpu_proxy
Extracting specific PTX file named mlx_gpu_proxy.1.sm_86.ptx 
GPGPU-Sim PTX: __cudaRegisterFunction _Z10swa_kernelPKfS0_S0_Pfii : hostFun 0x0x55c1c88f1830, fat_cubin_handle = 1
GPGPU-Sim PTX: Parsing mlx_gpu_proxy.1.sm_86.ptx
GPGPU-Sim PTX: allocating global region for "__cudart_i2opi_f" from 0x100 to 0x118 (global memory space)
GPGPU-Sim PTX: instruction assembly for function '_Z10vector_addPKfS0_Pfi'...   done.
GPGPU-Sim PTX: instruction assembly for function '_Z10bsmm_stagePKfPfii'...   done.
GPGPU-Sim PTX: allocating stack frame region for .local "__local_depot2" from 0x0 to 0x1c
GPGPU-Sim PTX: Warning -- ignoring pragma 'nounroll'
GPGPU-Sim PTX: Warning -- ignoring pragma 'nounroll'
GPGPU-Sim PTX: instruction assembly for function '_Z9fft_stagePK6float2PS_ii'...   done.
GPGPU-Sim PTX: Warning -- ignoring pragma 'nounroll'
GPGPU-Sim PTX: Warning -- ignoring pragma 'nounroll'
GPGPU-Sim PTX: instruction assembly for function '_Z10swa_kernelPKfS0_S0_Pfii'...   done.
GPGPU-Sim PTX: finished parsing EMBEDDED .ptx file mlx_gpu_proxy.1.sm_86.ptx
GPGPU-Sim PTX: loading globals with explicit initializers... 
GPGPU-Sim PTX:     initializing '__cudart_i2opi_f' ...  wrote 24 bytes
GPGPU-Sim PTX: finished loading globals (24 bytes total).
GPGPU-Sim PTX: loading constants with explicit initializers...  done.
GPGPU-Sim PTX: Loading PTXInfo from mlx_gpu_proxy.1.sm_86.ptx
GPGPU-Sim PTX: Kernel '_Z10swa_kernelPKfS0_S0_Pfii' : regs=34, lmem=0, smem=0, cmem=392
GPGPU-Sim PTX: Kernel '_Z9fft_stagePK6float2PS_ii' : regs=24, lmem=0, smem=0, cmem=384
GPGPU-Sim PTX: Kernel '_Z10bsmm_stagePKfPfii' : regs=14, lmem=0, smem=0, cmem=376
GPGPU-Sim PTX: Kernel '_Z10vector_addPKfS0_Pfi' : regs=12, lmem=0, smem=0, cmem=380
GPGPU-Sim PTX: __cudaRegisterFunction _Z9fft_stagePK6float2PS_ii : hostFun 0x0x55c1c88f1960, fat_cubin_handle = 1
GPGPU-Sim PTX: __cudaRegisterFunction _Z10bsmm_stagePKfPfii : hostFun 0x0x55c1c88f1b50, fat_cubin_handle = 1
GPGPU-Sim PTX: __cudaRegisterFunction _Z10vector_addPKfS0_Pfi : hostFun 0x0x55c1c88f1a50, fat_cubin_handle = 1
self exe links to: /workspace/MLX_dev/build/gpgpusim-rtx3090-proxy/mlx_gpu_proxy
self exe links to: /workspace/MLX_dev/build/gpgpusim-rtx3090-proxy/mlx_gpu_proxy
11.0
GPGPU-Sim PTX: __cudaRegisterFatBinary, fat_cubin_handle = 2, filename=default
GPGPU-Sim PTX: __cudaRegisterFunction __nv_static_44__570e7b9d_22_cuda_device_runtime_cu_8b1a5d37__Z16memcpy_3d_deviceImLi1ELi1ELi1EEvPKhPhT_S3_S3_S3_S3_S3_S3_jjjjjjjjS3_S1_S2_ : hostFun 0x0x55c1c88f7b20, fat_cubin_handle = 2
Warning: cannot find deviceFun __nv_static_44__570e7b9d_22_cuda_device_runtime_cu_8b1a5d37__Z16memcpy_3d_deviceImLi1ELi1ELi1EEvPKhPhT_S3_S3_S3_S3_S3_S3_jjjjjjjjS3_S1_S2_
GPGPU-Sim PTX: __cudaRegisterFunction __nv_static_44__570e7b9d_22_cuda_device_runtime_cu_8b1a5d37__Z16memcpy_3d_deviceImLi1ELi1ELi0EEvPKhPhT_S3_S3_S3_S3_S3_S3_jjjjjjjjS3_S1_S2_ : hostFun 0x0x55c1c88f77f0, fat_cubin_handle = 2
Warning: cannot find deviceFun __nv_static_44__570e7b9d_22_cuda_device_runtime_cu_8b1a5d37__Z16memcpy_3d_deviceImLi1ELi1ELi0EEvPKhPhT_S3_S3_S3_S3_S3_S3_jjjjjjjjS3_S1_S2_
GPGPU-Sim PTX: __cudaRegisterFunction __nv_static_44__570e7b9d_22_cuda_device_runtime_cu_8b1a5d37__Z16memcpy_3d_deviceImLi1ELi0ELi1EEvPKhPhT_S3_S3_S3_S3_S3_S3_jjjjjjjjS3_S1_S2_ : hostFun 0x0x55c1c88f74c0, fat_cubin_handle = 2
Warning: cannot find deviceFun __nv_static_44__570e7b9d_22_cuda_device_runtime_cu_8b1a5d37__Z16memcpy_3d_deviceImLi1ELi0ELi1EEvPKhPhT_S3_S3_S3_S3_S3_S3_jjjjjjjjS3_S1_S2_
GPGPU-Sim PTX: __cudaRegisterFunction __nv_static_44__570e7b9d_22_cuda_device_runtime_cu_8b1a5d37__Z16memcpy_3d_deviceImLi1ELi0ELi0EEvPKhPhT_S3_S3_S3_S3_S3_S3_jjjjjjjjS3_S1_S2_ : hostFun 0x0x55c1c88f7190, fat_cubin_handle = 2
Warning: cannot find deviceFun __nv_static_44__570e7b9d_22_cuda_device_runtime_cu_8b1a5d37__Z16memcpy_3d_deviceImLi1ELi0ELi0EEvPKhPhT_S3_S3_S3_S3_S3_S3_jjjjjjjjS3_S1_S2_
GPGPU-Sim PTX: __cudaRegisterFunction __nv_static_44__570e7b9d_22_cuda_device_runtime_cu_8b1a5d37__Z16memcpy_3d_deviceImLi0ELi1ELi1EEvPKhPhT_S3_S3_S3_S3_S3_S3_jjjjjjjjS3_S1_S2_ : hostFun 0x0x55c1c88f6e60, fat_cubin_handle = 2
Warning: cannot find deviceFun __nv_static_44__570e7b9d_22_cuda_device_runtime_cu_8b1a5d37__Z16memcpy_3d_deviceImLi0ELi1ELi1EEvPKhPhT_S3_S3_S3_S3_S3_S3_jjjjjjjjS3_S1_S2_
GPGPU-Sim PTX: __cudaRegisterFunction __nv_static_44__570e7b9d_22_cuda_device_runtime_cu_8b1a5d37__Z16memcpy_3d_deviceImLi0ELi1ELi0EEvPKhPhT_S3_S3_S3_S3_S3_S3_jjjjjjjjS3_S1_S2_ : hostFun 0x0x55c1c88f6b30, fat_cubin_handle = 2
Warning: cannot find deviceFun __nv_static_44__570e7b9d_22_cuda_device_runtime_cu_8b1a5d37__Z16memcpy_3d_deviceImLi0ELi1ELi0EEvPKhPhT_S3_S3_S3_S3_S3_S3_jjjjjjjjS3_S1_S2_
GPGPU-Sim PTX: __cudaRegisterFunction __nv_static_44__570e7b9d_22_cuda_device_runtime_cu_8b1a5d37__Z16memcpy_3d_deviceImLi0ELi0ELi1EEvPKhPhT_S3_S3_S3_S3_S3_S3_jjjjjjjjS3_S1_S2_ : hostFun 0x0x55c1c88f6800, fat_cubin_handle = 2
Warning: cannot find deviceFun __nv_static_44__570e7b9d_22_cuda_device_runtime_cu_8b1a5d37__Z16memcpy_3d_deviceImLi0ELi0ELi1EEvPKhPhT_S3_S3_S3_S3_S3_S3_jjjjjjjjS3_S1_S2_
GPGPU-Sim PTX: __cudaRegisterFunction __nv_static_44__570e7b9d_22_cuda_device_runtime_cu_8b1a5d37__Z16memcpy_3d_deviceImLi0ELi0ELi0EEvPKhPhT_S3_S3_S3_S3_S3_S3_jjjjjjjjS3_S1_S2_ : hostFun 0x0x55c1c88f64d0, fat_cubin_handle = 2
Warning: cannot find deviceFun __nv_static_44__570e7b9d_22_cuda_device_runtime_cu_8b1a5d37__Z16memcpy_3d_deviceImLi0ELi0ELi0EEvPKhPhT_S3_S3_S3_S3_S3_S3_jjjjjjjjS3_S1_S2_
GPGPU-Sim PTX: __cudaRegisterFunction __nv_static_44__570e7b9d_22_cuda_device_runtime_cu_8b1a5d37__Z16memcpy_3d_deviceIjLi1ELi1ELi1EEvPKhPhT_S3_S3_S3_S3_S3_S3_jjjjjjjjS3_S1_S2_ : hostFun 0x0x55c1c88f61c0, fat_cubin_handle = 2
Warning: cannot find deviceFun __nv_static_44__570e7b9d_22_cuda_device_runtime_cu_8b1a5d37__Z16memcpy_3d_deviceIjLi1ELi1ELi1EEvPKhPhT_S3_S3_S3_S3_S3_S3_jjjjjjjjS3_S1_S2_
GPGPU-Sim PTX: __cudaRegisterFunction __nv_static_44__570e7b9d_22_cuda_device_runtime_cu_8b1a5d37__Z16memcpy_3d_deviceIjLi1ELi1ELi0EEvPKhPhT_S3_S3_S3_S3_S3_S3_jjjjjjjjS3_S1_S2_ : hostFun 0x0x55c1c88f5eb0, fat_cubin_handle = 2
Warning: cannot find deviceFun __nv_static_44__570e7b9d_22_cuda_device_runtime_cu_8b1a5d37__Z16memcpy_3d_deviceIjLi1ELi1ELi0EEvPKhPhT_S3_S3_S3_S3_S3_S3_jjjjjjjjS3_S1_S2_
GPGPU-Sim PTX: __cudaRegisterFunction __nv_static_44__570e7b9d_22_cuda_device_runtime_cu_8b1a5d37__Z16memcpy_3d_deviceIjLi1ELi0ELi1EEvPKhPhT_S3_S3_S3_S3_S3_S3_jjjjjjjjS3_S1_S2_ : hostFun 0x0x55c1c88f5ba0, fat_cubin_handle = 2
Warning: cannot find deviceFun __nv_static_44__570e7b9d_22_cuda_device_runtime_cu_8b1a5d37__Z16memcpy_3d_deviceIjLi1ELi0ELi1EEvPKhPhT_S3_S3_S3_S3_S3_S3_jjjjjjjjS3_S1_S2_
GPGPU-Sim PTX: __cudaRegisterFunction __nv_static_44__570e7b9d_22_cuda_device_runtime_cu_8b1a5d37__Z16memcpy_3d_deviceIjLi1ELi0ELi0EEvPKhPhT_S3_S3_S3_S3_S3_S3_jjjjjjjjS3_S1_S2_ : hostFun 0x0x55c1c88f5890, fat_cubin_handle = 2
Warning: cannot find deviceFun __nv_static_44__570e7b9d_22_cuda_device_runtime_cu_8b1a5d37__Z16memcpy_3d_deviceIjLi1ELi0ELi0EEvPKhPhT_S3_S3_S3_S3_S3_S3_jjjjjjjjS3_S1_S2_
GPGPU-Sim PTX: __cudaRegisterFunction __nv_static_44__570e7b9d_22_cuda_device_runtime_cu_8b1a5d37__Z16memcpy_3d_deviceIjLi0ELi1ELi1EEvPKhPhT_S3_S3_S3_S3_S3_S3_jjjjjjjjS3_S1_S2_ : hostFun 0x0x55c1c88f5580, fat_cubin_handle = 2
Warning: cannot find deviceFun __nv_static_44__570e7b9d_22_cuda_device_runtime_cu_8b1a5d37__Z16memcpy_3d_deviceIjLi0ELi1ELi1EEvPKhPhT_S3_S3_S3_S3_S3_S3_jjjjjjjjS3_S1_S2_
GPGPU-Sim PTX: __cudaRegisterFunction __nv_static_44__570e7b9d_22_cuda_device_runtime_cu_8b1a5d37__Z16memcpy_3d_deviceIjLi0ELi1ELi0EEvPKhPhT_S3_S3_S3_S3_S3_S3_jjjjjjjjS3_S1_S2_ : hostFun 0x0x55c1c88f5270, fat_cubin_handle = 2
Warning: cannot find deviceFun __nv_static_44__570e7b9d_22_cuda_device_runtime_cu_8b1a5d37__Z16memcpy_3d_deviceIjLi0ELi1ELi0EEvPKhPhT_S3_S3_S3_S3_S3_S3_jjjjjjjjS3_S1_S2_
GPGPU-Sim PTX: __cudaRegisterFunction __nv_static_44__570e7b9d_22_cuda_device_runtime_cu_8b1a5d37__Z16memcpy_3d_deviceIjLi0ELi0ELi1EEvPKhPhT_S3_S3_S3_S3_S3_S3_jjjjjjjjS3_S1_S2_ : hostFun 0x0x55c1c88f4f60, fat_cubin_handle = 2
Warning: cannot find deviceFun __nv_static_44__570e7b9d_22_cuda_device_runtime_cu_8b1a5d37__Z16memcpy_3d_deviceIjLi0ELi0ELi1EEvPKhPhT_S3_S3_S3_S3_S3_S3_jjjjjjjjS3_S1_S2_
GPGPU-Sim PTX: __cudaRegisterFunction __nv_static_44__570e7b9d_22_cuda_device_runtime_cu_8b1a5d37__Z16memcpy_3d_deviceIjLi0ELi0ELi0EEvPKhPhT_S3_S3_S3_S3_S3_S3_jjjjjjjjS3_S1_S2_ : hostFun 0x0x55c1c88f4c50, fat_cubin_handle = 2
Warning: cannot find deviceFun __nv_static_44__570e7b9d_22_cuda_device_runtime_cu_8b1a5d37__Z16memcpy_3d_deviceIjLi0ELi0ELi0EEvPKhPhT_S3_S3_S3_S3_S3_S3_jjjjjjjjS3_S1_S2_
GPGPU-Sim PTX: __cudaRegisterFunction __nv_static_44__570e7b9d_22_cuda_device_runtime_cu_8b1a5d37__Z16memset_3d_deviceImLi1ELi1ELi1EEvPhhjT_S1_S1_S1_S1_jjjjjjjS1_S0_ : hostFun 0x0x55c1c88f4a00, fat_cubin_handle = 2
Warning: cannot find deviceFun __nv_static_44__570e7b9d_22_cuda_device_runtime_cu_8b1a5d37__Z16memset_3d_deviceImLi1ELi1ELi1EEvPhhjT_S1_S1_S1_S1_jjjjjjjS1_S0_
GPGPU-Sim PTX: __cudaRegisterFunction __nv_static_44__570e7b9d_22_cuda_device_runtime_cu_8b1a5d37__Z16memset_3d_deviceImLi1ELi1ELi0EEvPhhjT_S1_S1_S1_S1_jjjjjjjS1_S0_ : hostFun 0x0x55c1c88f47b0, fat_cubin_handle = 2
Warning: cannot find deviceFun __nv_static_44__570e7b9d_22_cuda_device_runtime_cu_8b1a5d37__Z16memset_3d_deviceImLi1ELi1ELi0EEvPhhjT_S1_S1_S1_S1_jjjjjjjS1_S0_
GPGPU-Sim PTX: __cudaRegisterFunction __nv_static_44__570e7b9d_22_cuda_device_runtime_cu_8b1a5d37__Z16memset_3d_deviceImLi1ELi0ELi1EEvPhhjT_S1_S1_S1_S1_jjjjjjjS1_S0_ : hostFun 0x0x55c1c88f4560, fat_cubin_handle = 2
Warning: cannot find deviceFun __nv_static_44__570e7b9d_22_cuda_device_runtime_cu_8b1a5d37__Z16memset_3d_deviceImLi1ELi0ELi1EEvPhhjT_S1_S1_S1_S1_jjjjjjjS1_S0_
GPGPU-Sim PTX: __cudaRegisterFunction __nv_static_44__570e7b9d_22_cuda_device_runtime_cu_8b1a5d37__Z16memset_3d_deviceImLi1ELi0ELi0EEvPhhjT_S1_S1_S1_S1_jjjjjjjS1_S0_ : hostFun 0x0x55c1c88f4310, fat_cubin_handle = 2
Warning: cannot find deviceFun __nv_static_44__570e7b9d_22_cuda_device_runtime_cu_8b1a5d37__Z16memset_3d_deviceImLi1ELi0ELi0EEvPhhjT_S1_S1_S1_S1_jjjjjjjS1_S0_
GPGPU-Sim PTX: __cudaRegisterFunction __nv_static_44__570e7b9d_22_cuda_device_runtime_cu_8b1a5d37__Z16memset_3d_deviceImLi0ELi1ELi1EEvPhhjT_S1_S1_S1_S1_jjjjjjjS1_S0_ : hostFun 0x0x55c1c88f40c0, fat_cubin_handle = 2
Warning: cannot find deviceFun __nv_static_44__570e7b9d_22_cuda_device_runtime_cu_8b1a5d37__Z16memset_3d_deviceImLi0ELi1ELi1EEvPhhjT_S1_S1_S1_S1_jjjjjjjS1_S0_
GPGPU-Sim PTX: __cudaRegisterFunction __nv_static_44__570e7b9d_22_cuda_device_runtime_cu_8b1a5d37__Z16memset_3d_deviceImLi0ELi1ELi0EEvPhhjT_S1_S1_S1_S1_jjjjjjjS1_S0_ : hostFun 0x0x55c1c88f3e70, fat_cubin_handle = 2
Warning: cannot find deviceFun __nv_static_44__570e7b9d_22_cuda_device_runtime_cu_8b1a5d37__Z16memset_3d_deviceImLi0ELi1ELi0EEvPhhjT_S1_S1_S1_S1_jjjjjjjS1_S0_
GPGPU-Sim PTX: __cudaRegisterFunction __nv_static_44__570e7b9d_22_cuda_device_runtime_cu_8b1a5d37__Z16memset_3d_deviceImLi0ELi0ELi1EEvPhhjT_S1_S1_S1_S1_jjjjjjjS1_S0_ : hostFun 0x0x55c1c88f3c20, fat_cubin_handle = 2
Warning: cannot find deviceFun __nv_static_44__570e7b9d_22_cuda_device_runtime_cu_8b1a5d37__Z16memset_3d_deviceImLi0ELi0ELi1EEvPhhjT_S1_S1_S1_S1_jjjjjjjS1_S0_
GPGPU-Sim PTX: __cudaRegisterFunction __nv_static_44__570e7b9d_22_cuda_device_runtime_cu_8b1a5d37__Z16memset_3d_deviceImLi0ELi0ELi0EEvPhhjT_S1_S1_S1_S1_jjjjjjjS1_S0_ : hostFun 0x0x55c1c88f39d0, fat_cubin_handle = 2
Warning: cannot find deviceFun __nv_static_44__570e7b9d_22_cuda_device_runtime_cu_8b1a5d37__Z16memset_3d_deviceImLi0ELi0ELi0EEvPhhjT_S1_S1_S1_S1_jjjjjjjS1_S0_
GPGPU-Sim PTX: __cudaRegisterFunction __nv_static_44__570e7b9d_22_cuda_device_runtime_cu_8b1a5d37__Z16memset_3d_deviceIjLi1ELi1ELi1EEvPhhjT_S1_S1_S1_S1_jjjjjjjS1_S0_ : hostFun 0x0x55c1c88f37b0, fat_cubin_handle = 2
Warning: cannot find deviceFun __nv_static_44__570e7b9d_22_cuda_device_runtime_cu_8b1a5d37__Z16memset_3d_deviceIjLi1ELi1ELi1EEvPhhjT_S1_S1_S1_S1_jjjjjjjS1_S0_
GPGPU-Sim PTX: __cudaRegisterFunction __nv_static_44__570e7b9d_22_cuda_device_runtime_cu_8b1a5d37__Z16memset_3d_deviceIjLi1ELi1ELi0EEvPhhjT_S1_S1_S1_S1_jjjjjjjS1_S0_ : hostFun 0x0x55c1c88f3590, fat_cubin_handle = 2
Warning: cannot find deviceFun __nv_static_44__570e7b9d_22_cuda_device_runtime_cu_8b1a5d37__Z16memset_3d_deviceIjLi1ELi1ELi0EEvPhhjT_S1_S1_S1_S1_jjjjjjjS1_S0_
GPGPU-Sim PTX: __cudaRegisterFunction __nv_static_44__570e7b9d_22_cuda_device_runtime_cu_8b1a5d37__Z16memset_3d_deviceIjLi1ELi0ELi1EEvPhhjT_S1_S1_S1_S1_jjjjjjjS1_S0_ : hostFun 0x0x55c1c88f3370, fat_cubin_handle = 2
Warning: cannot find deviceFun __nv_static_44__570e7b9d_22_cuda_device_runtime_cu_8b1a5d37__Z16memset_3d_deviceIjLi1ELi0ELi1EEvPhhjT_S1_S1_S1_S1_jjjjjjjS1_S0_
GPGPU-Sim PTX: __cudaRegisterFunction __nv_static_44__570e7b9d_22_cuda_device_runtime_cu_8b1a5d37__Z16memset_3d_deviceIjLi1ELi0ELi0EEvPhhjT_S1_S1_S1_S1_jjjjjjjS1_S0_ : hostFun 0x0x55c1c88f3150, fat_cubin_handle = 2
Warning: cannot find deviceFun __nv_static_44__570e7b9d_22_cuda_device_runtime_cu_8b1a5d37__Z16memset_3d_deviceIjLi1ELi0ELi0EEvPhhjT_S1_S1_S1_S1_jjjjjjjS1_S0_
GPGPU-Sim PTX: __cudaRegisterFunction __nv_static_44__570e7b9d_22_cuda_device_runtime_cu_8b1a5d37__Z16memset_3d_deviceIjLi0ELi1ELi1EEvPhhjT_S1_S1_S1_S1_jjjjjjjS1_S0_ : hostFun 0x0x55c1c88f2f30, fat_cubin_handle = 2
Warning: cannot find deviceFun __nv_static_44__570e7b9d_22_cuda_device_runtime_cu_8b1a5d37__Z16memset_3d_deviceIjLi0ELi1ELi1EEvPhhjT_S1_S1_S1_S1_jjjjjjjS1_S0_
GPGPU-Sim PTX: __cudaRegisterFunction __nv_static_44__570e7b9d_22_cuda_device_runtime_cu_8b1a5d37__Z16memset_3d_deviceIjLi0ELi1ELi0EEvPhhjT_S1_S1_S1_S1_jjjjjjjS1_S0_ : hostFun 0x0x55c1c88f2d10, fat_cubin_handle = 2
Warning: cannot find deviceFun __nv_static_44__570e7b9d_22_cuda_device_runtime_cu_8b1a5d37__Z16memset_3d_deviceIjLi0ELi1ELi0EEvPhhjT_S1_S1_S1_S1_jjjjjjjS1_S0_
GPGPU-Sim PTX: __cudaRegisterFunction __nv_static_44__570e7b9d_22_cuda_device_runtime_cu_8b1a5d37__Z16memset_3d_deviceIjLi0ELi0ELi1EEvPhhjT_S1_S1_S1_S1_jjjjjjjS1_S0_ : hostFun 0x0x55c1c88f2af0, fat_cubin_handle = 2
Warning: cannot find deviceFun __nv_static_44__570e7b9d_22_cuda_device_runtime_cu_8b1a5d37__Z16memset_3d_deviceIjLi0ELi0ELi1EEvPhhjT_S1_S1_S1_S1_jjjjjjjS1_S0_
GPGPU-Sim PTX: __cudaRegisterFunction __nv_static_44__570e7b9d_22_cuda_device_runtime_cu_8b1a5d37__Z16memset_3d_deviceIjLi0ELi0ELi0EEvPhhjT_S1_S1_S1_S1_jjjjjjjS1_S0_ : hostFun 0x0x55c1c88f28d0, fat_cubin_handle = 2
Warning: cannot find deviceFun __nv_static_44__570e7b9d_22_cuda_device_runtime_cu_8b1a5d37__Z16memset_3d_deviceIjLi0ELi0ELi0EEvPhhjT_S1_S1_S1_S1_jjjjjjjS1_S0_
GPGPU-Sim PTX: __cudaRegisterVar: hostVar = 0x55c1c89eb1a0; deviceAddress = __nv_static_44__570e7b9d_22_cuda_device_runtime_cu_8b1a5d37_set_kernel32; deviceName = __nv_static_44__570e7b9d_22_cuda_device_runtime_cu_8b1a5d37_set_kernel32
GPGPU-Sim PTX: __cudaRegisterVar: Registering const memory space of 64 bytes
GPGPU-Sim PTX registering global __nv_static_44__570e7b9d_22_cuda_device_runtime_cu_8b1a5d37_set_kernel32 hostVar to name mapping
GPGPU-Sim PTX: __cudaRegisterVar: hostVar = 0x55c1c89eb160; deviceAddress = __nv_static_44__570e7b9d_22_cuda_device_runtime_cu_8b1a5d37_set_kernel64; deviceName = __nv_static_44__570e7b9d_22_cuda_device_runtime_cu_8b1a5d37_set_kernel64
GPGPU-Sim PTX: __cudaRegisterVar: Registering const memory space of 64 bytes
GPGPU-Sim PTX registering global __nv_static_44__570e7b9d_22_cuda_device_runtime_cu_8b1a5d37_set_kernel64 hostVar to name mapping
GPGPU-Sim PTX: __cudaRegisterVar: hostVar = 0x55c1c89eb120; deviceAddress = __nv_static_44__570e7b9d_22_cuda_device_runtime_cu_8b1a5d37_cpy_kernel32; deviceName = __nv_static_44__570e7b9d_22_cuda_device_runtime_cu_8b1a5d37_cpy_kernel32
GPGPU-Sim PTX: __cudaRegisterVar: Registering const memory space of 64 bytes
GPGPU-Sim PTX registering global __nv_static_44__570e7b9d_22_cuda_device_runtime_cu_8b1a5d37_cpy_kernel32 hostVar to name mapping
GPGPU-Sim PTX: __cudaRegisterVar: hostVar = 0x55c1c89eb0e0; deviceAddress = __nv_static_44__570e7b9d_22_cuda_device_runtime_cu_8b1a5d37_cpy_kernel64; deviceName = __nv_static_44__570e7b9d_22_cuda_device_runtime_cu_8b1a5d37_cpy_kernel64
GPGPU-Sim PTX: __cudaRegisterVar: Registering const memory space of 64 bytes
GPGPU-Sim PTX registering global __nv_static_44__570e7b9d_22_cuda_device_runtime_cu_8b1a5d37_cpy_kernel64 hostVar to name mapping
GPGPU-Sim PTX: __cudaRegisterVar: hostVar = 0x55c1c89ea0a0; deviceAddress = __nv_static_44__570e7b9d_22_cuda_device_runtime_cu_8b1a5d37_cudartErrorTableArr; deviceName = __nv_static_44__570e7b9d_22_cuda_device_runtime_cu_8b1a5d37_cudartErrorTableArr
GPGPU-Sim PTX: __cudaRegisterVar: Registering const memory space of 3000 bytes
GPGPU-Sim PTX registering global __nv_static_44__570e7b9d_22_cuda_device_runtime_cu_8b1a5d37_cudartErrorTableArr hostVar to name mapping
GPGPU-Sim PTX: __cudaRegisterVar: hostVar = 0x55c1c89eb0d0; deviceAddress = cudartErrorTable; deviceName = cudartErrorTable
GPGPU-Sim PTX: __cudaRegisterVar: Registering const memory space of 8 bytes
GPGPU-Sim PTX registering global cudartErrorTable hostVar to name mapping
GPGPU-Sim PTX: __cudaRegisterVar: hostVar = 0x55c1c88fbb48; deviceAddress = cudartErrorTableEntryCount; deviceName = cudartErrorTableEntryCount
GPGPU-Sim PTX: __cudaRegisterVar: Registering const memory space of 4 bytes
GPGPU-Sim PTX registering global cudartErrorTableEntryCount hostVar to name mapping
GPGPU-Sim PTX: __cudaRegisterVar: hostVar = 0x55c1c88fbae0; deviceAddress = __nv_static_44__570e7b9d_22_cuda_device_runtime_cu_8b1a5d37_cudartErrorCnpMapArr; deviceName = __nv_static_44__570e7b9d_22_cuda_device_runtime_cu_8b1a5d37_cudartErrorCnpMapArr
GPGPU-Sim PTX: __cudaRegisterVar: Registering const memory space of 104 bytes
GPGPU-Sim PTX registering global __nv_static_44__570e7b9d_22_cuda_device_runtime_cu_8b1a5d37_cudartErrorCnpMapArr hostVar to name mapping
GPGPU-Sim PTX: __cudaRegisterVar: hostVar = 0x55c1c89eb0c8; deviceAddress = cudartErrorCnpMap; deviceName = cudartErrorCnpMap
GPGPU-Sim PTX: __cudaRegisterVar: Registering const memory space of 8 bytes
GPGPU-Sim PTX registering global cudartErrorCnpMap hostVar to name mapping
GPGPU-Sim PTX: __cudaRegisterVar: hostVar = 0x55c1c88fbac0; deviceAddress = cudartErrorCnpMapEntryCount; deviceName = cudartErrorCnpMapEntryCount
GPGPU-Sim PTX: __cudaRegisterVar: Registering const memory space of 4 bytes
GPGPU-Sim PTX registering global cudartErrorCnpMapEntryCount hostVar to name mapping
GPGPU-Sim PTX: __cudaRegisterVar: hostVar = 0x55c1c89eb0c0; deviceAddress = __CNPRT_VERSION_NUMBER__; deviceName = __CNPRT_VERSION_NUMBER__
GPGPU-Sim PTX: __cudaRegisterVar: Registering const memory space of 4 bytes
GPGPU-Sim PTX registering global __CNPRT_VERSION_NUMBER__ hostVar to name mapping
GPGPU-Sim PTX: Setting up arguments for 8 bytes starting at 0x7ffe0f169e30..
GPGPU-Sim PTX: Setting up arguments for 8 bytes starting at 0x7ffe0f169e38..
GPGPU-Sim PTX: Setting up arguments for 4 bytes starting at 0x7ffe0f169df8..
GPGPU-Sim PTX: Setting up arguments for 4 bytes starting at 0x7ffe0f169dfc..

GPGPU-Sim PTX: cudaLaunch for 0x0x55c1c88f1b50 (mode=performance simulation) on stream 0
GPGPU-Sim PTX: finding reconvergence points for '_Z10bsmm_stagePKfPfii'...
GPGPU-Sim PTX: Finding dominators for '_Z10bsmm_stagePKfPfii'...
GPGPU-Sim PTX: Finding immediate dominators for '_Z10bsmm_stagePKfPfii'...
GPGPU-Sim PTX: Finding postdominators for '_Z10bsmm_stagePKfPfii'...
GPGPU-Sim PTX: Finding immediate postdominators for '_Z10bsmm_stagePKfPfii'...
GPGPU-Sim PTX: pre-decoding instructions for '_Z10bsmm_stagePKfPfii'...
GPGPU-Sim PTX: reconvergence points for _Z10bsmm_stagePKfPfii...
GPGPU-Sim PTX:  1 (potential) branch divergence @  PC=0x0f8 (mlx_gpu_proxy.1.sm_86.ptx:79) @%p1 bra $L__BB1_2;
GPGPU-Sim PTX:    immediate post dominator      @  PC=0x1b0 (mlx_gpu_proxy.1.sm_86.ptx:105) ret;
GPGPU-Sim PTX: ... end of reconvergence points for _Z10bsmm_stagePKfPfii
GPGPU-Sim PTX: ... done pre-decoding instructions for '_Z10bsmm_stagePKfPfii'.
GPGPU-Sim PTX: pushing kernel '_Z10bsmm_stagePKfPfii' to stream 0, gridDim= (82,1,1) blockDim = (128,1,1) 
GPGPU-Sim uArch: Shader 0 bind to kernel 1 '_Z10bsmm_stagePKfPfii'
GPGPU-Sim uArch: CTA/core = 12, limited by: threads
GPGPU-Sim: Reconfigure L1 cache to 128KB
GPGPU-Sim uArch: Shader 1 bind to kernel 1 '_Z10bsmm_stagePKfPfii'
GPGPU-Sim uArch: Shader 2 bind to kernel 1 '_Z10bsmm_stagePKfPfii'
GPGPU-Sim uArch: Shader 3 bind to kernel 1 '_Z10bsmm_stagePKfPfii'
GPGPU-Sim uArch: Shader 4 bind to kernel 1 '_Z10bsmm_stagePKfPfii'
GPGPU-Sim uArch: Shader 5 bind to kernel 1 '_Z10bsmm_stagePKfPfii'
GPGPU-Sim uArch: Shader 6 bind to kernel 1 '_Z10bsmm_stagePKfPfii'
GPGPU-Sim uArch: Shader 7 bind to kernel 1 '_Z10bsmm_stagePKfPfii'
GPGPU-Sim uArch: Shader 8 bind to kernel 1 '_Z10bsmm_stagePKfPfii'
GPGPU-Sim uArch: Shader 9 bind to kernel 1 '_Z10bsmm_stagePKfPfii'
GPGPU-Sim uArch: Shader 10 bind to kernel 1 '_Z10bsmm_stagePKfPfii'
GPGPU-Sim uArch: Shader 11 bind to kernel 1 '_Z10bsmm_stagePKfPfii'
GPGPU-Sim uArch: Shader 12 bind to kernel 1 '_Z10bsmm_stagePKfPfii'
GPGPU-Sim uArch: Shader 13 bind to kernel 1 '_Z10bsmm_stagePKfPfii'
GPGPU-Sim uArch: Shader 14 bind to kernel 1 '_Z10bsmm_stagePKfPfii'
GPGPU-Sim uArch: Shader 15 bind to kernel 1 '_Z10bsmm_stagePKfPfii'
GPGPU-Sim uArch: Shader 16 bind to kernel 1 '_Z10bsmm_stagePKfPfii'
GPGPU-Sim uArch: Shader 17 bind to kernel 1 '_Z10bsmm_stagePKfPfii'
GPGPU-Sim uArch: Shader 18 bind to kernel 1 '_Z10bsmm_stagePKfPfii'
GPGPU-Sim uArch: Shader 19 bind to kernel 1 '_Z10bsmm_stagePKfPfii'
GPGPU-Sim uArch: Shader 20 bind to kernel 1 '_Z10bsmm_stagePKfPfii'
GPGPU-Sim uArch: Shader 21 bind to kernel 1 '_Z10bsmm_stagePKfPfii'
GPGPU-Sim uArch: Shader 22 bind to kernel 1 '_Z10bsmm_stagePKfPfii'
GPGPU-Sim uArch: Shader 23 bind to kernel 1 '_Z10bsmm_stagePKfPfii'
GPGPU-Sim uArch: Shader 24 bind to kernel 1 '_Z10bsmm_stagePKfPfii'
GPGPU-Sim uArch: Shader 25 bind to kernel 1 '_Z10bsmm_stagePKfPfii'
GPGPU-Sim uArch: Shader 26 bind to kernel 1 '_Z10bsmm_stagePKfPfii'
GPGPU-Sim uArch: Shader 27 bind to kernel 1 '_Z10bsmm_stagePKfPfii'
GPGPU-Sim uArch: Shader 28 bind to kernel 1 '_Z10bsmm_stagePKfPfii'
GPGPU-Sim uArch: Shader 29 bind to kernel 1 '_Z10bsmm_stagePKfPfii'
GPGPU-Sim uArch: Shader 30 bind to kernel 1 '_Z10bsmm_stagePKfPfii'
GPGPU-Sim uArch: Shader 31 bind to kernel 1 '_Z10bsmm_stagePKfPfii'
GPGPU-Sim uArch: Shader 32 bind to kernel 1 '_Z10bsmm_stagePKfPfii'
GPGPU-Sim uArch: Shader 33 bind to kernel 1 '_Z10bsmm_stagePKfPfii'
GPGPU-Sim uArch: Shader 34 bind to kernel 1 '_Z10bsmm_stagePKfPfii'
GPGPU-Sim uArch: Shader 35 bind to kernel 1 '_Z10bsmm_stagePKfPfii'
GPGPU-Sim uArch: Shader 36 bind to kernel 1 '_Z10bsmm_stagePKfPfii'
GPGPU-Sim uArch: Shader 37 bind to kernel 1 '_Z10bsmm_stagePKfPfii'
GPGPU-Sim uArch: Shader 38 bind to kernel 1 '_Z10bsmm_stagePKfPfii'
GPGPU-Sim uArch: Shader 39 bind to kernel 1 '_Z10bsmm_stagePKfPfii'
GPGPU-Sim uArch: Shader 40 bind to kernel 1 '_Z10bsmm_stagePKfPfii'
GPGPU-Sim uArch: Shader 41 bind to kernel 1 '_Z10bsmm_stagePKfPfii'
GPGPU-Sim uArch: Shader 42 bind to kernel 1 '_Z10bsmm_stagePKfPfii'
GPGPU-Sim uArch: Shader 43 bind to kernel 1 '_Z10bsmm_stagePKfPfii'
GPGPU-Sim uArch: Shader 44 bind to kernel 1 '_Z10bsmm_stagePKfPfii'
GPGPU-Sim uArch: Shader 45 bind to kernel 1 '_Z10bsmm_stagePKfPfii'
GPGPU-Sim uArch: Shader 46 bind to kernel 1 '_Z10bsmm_stagePKfPfii'
GPGPU-Sim uArch: Shader 47 bind to kernel 1 '_Z10bsmm_stagePKfPfii'
GPGPU-Sim uArch: Shader 48 bind to kernel 1 '_Z10bsmm_stagePKfPfii'
GPGPU-Sim uArch: Shader 49 bind to kernel 1 '_Z10bsmm_stagePKfPfii'
GPGPU-Sim uArch: Shader 50 bind to kernel 1 '_Z10bsmm_stagePKfPfii'
GPGPU-Sim uArch: Shader 51 bind to kernel 1 '_Z10bsmm_stagePKfPfii'
GPGPU-Sim uArch: Shader 52 bind to kernel 1 '_Z10bsmm_stagePKfPfii'
GPGPU-Sim uArch: Shader 53 bind to kernel 1 '_Z10bsmm_stagePKfPfii'
GPGPU-Sim uArch: Shader 54 bind to kernel 1 '_Z10bsmm_stagePKfPfii'
GPGPU-Sim uArch: Shader 55 bind to kernel 1 '_Z10bsmm_stagePKfPfii'
GPGPU-Sim uArch: Shader 56 bind to kernel 1 '_Z10bsmm_stagePKfPfii'
GPGPU-Sim uArch: Shader 57 bind to kernel 1 '_Z10bsmm_stagePKfPfii'
GPGPU-Sim uArch: Shader 58 bind to kernel 1 '_Z10bsmm_stagePKfPfii'
GPGPU-Sim uArch: Shader 59 bind to kernel 1 '_Z10bsmm_stagePKfPfii'
GPGPU-Sim uArch: Shader 60 bind to kernel 1 '_Z10bsmm_stagePKfPfii'
GPGPU-Sim uArch: Shader 61 bind to kernel 1 '_Z10bsmm_stagePKfPfii'
GPGPU-Sim uArch: Shader 62 bind to kernel 1 '_Z10bsmm_stagePKfPfii'
GPGPU-Sim uArch: Shader 63 bind to kernel 1 '_Z10bsmm_stagePKfPfii'
GPGPU-Sim uArch: Shader 64 bind to kernel 1 '_Z10bsmm_stagePKfPfii'
GPGPU-Sim uArch: Shader 65 bind to kernel 1 '_Z10bsmm_stagePKfPfii'
GPGPU-Sim uArch: Shader 66 bind to kernel 1 '_Z10bsmm_stagePKfPfii'
GPGPU-Sim uArch: Shader 67 bind to kernel 1 '_Z10bsmm_stagePKfPfii'
GPGPU-Sim uArch: Shader 68 bind to kernel 1 '_Z10bsmm_stagePKfPfii'
GPGPU-Sim uArch: Shader 69 bind to kernel 1 '_Z10bsmm_stagePKfPfii'
GPGPU-Sim uArch: Shader 70 bind to kernel 1 '_Z10bsmm_stagePKfPfii'
GPGPU-Sim uArch: Shader 71 bind to kernel 1 '_Z10bsmm_stagePKfPfii'
GPGPU-Sim uArch: Shader 72 bind to kernel 1 '_Z10bsmm_stagePKfPfii'
GPGPU-Sim uArch: Shader 73 bind to kernel 1 '_Z10bsmm_stagePKfPfii'
GPGPU-Sim uArch: Shader 74 bind to kernel 1 '_Z10bsmm_stagePKfPfii'
GPGPU-Sim uArch: Shader 75 bind to kernel 1 '_Z10bsmm_stagePKfPfii'
GPGPU-Sim uArch: Shader 76 bind to kernel 1 '_Z10bsmm_stagePKfPfii'
GPGPU-Sim uArch: Shader 77 bind to kernel 1 '_Z10bsmm_stagePKfPfii'
GPGPU-Sim uArch: Shader 78 bind to kernel 1 '_Z10bsmm_stagePKfPfii'
GPGPU-Sim uArch: Shader 79 bind to kernel 1 '_Z10bsmm_stagePKfPfii'
GPGPU-Sim uArch: Shader 80 bind to kernel 1 '_Z10bsmm_stagePKfPfii'
GPGPU-Sim uArch: Shader 81 bind to kernel 1 '_Z10bsmm_stagePKfPfii'
Destroy streams for kernel 1: size 0
kernel_name = _Z10bsmm_stagePKfPfii 
kernel_launch_uid = 1 
kernel_stream_id = 0
gpu_sim_cycle = 5708
gpu_sim_insn = 335872
gpu_ipc =      58.8423
gpu_tot_sim_cycle = 5708
gpu_tot_sim_insn = 335872
gpu_tot_ipc =      58.8423
gpu_tot_issued_cta = 82
gpu_occupancy = 8.1387% 
gpu_tot_occupancy = 8.1387% 
max_total_param_size = 0
gpu_stall_dramfull = 0
gpu_stall_icnt2sh    = 0
partiton_level_parallism =       0.4597
partiton_level_parallism_total  =       0.4597
partiton_level_parallism_util =      25.2308
partiton_level_parallism_util_total  =      25.2308
L2_BW  =      24.9344 GB/Sec
L2_BW_total  =      24.9344 GB/Sec
gpu_total_sim_rate=167936

========= Core cache stats =========
L1I_cache:
	L1I_total_cache_accesses = 0
	L1I_total_cache_misses = 0
	L1I_total_cache_pending_hits = 0
	L1I_total_cache_reservation_fails = 0
L1D_cache:
	L1D_cache_core[0]: Access = 48, Miss = 32, Miss_rate = 0.667, Pending_hits = 0, Reservation_fails = 0
	L1D_cache_core[1]: Access = 48, Miss = 32, Miss_rate = 0.667, Pending_hits = 0, Reservation_fails = 0
	L1D_cache_core[2]: Access = 48, Miss = 32, Miss_rate = 0.667, Pending_hits = 0, Reservation_fails = 0
	L1D_cache_core[3]: Access = 48, Miss = 32, Miss_rate = 0.667, Pending_hits = 0, Reservation_fails = 0
	L1D_cache_core[4]: Access = 48, Miss = 32, Miss_rate = 0.667, Pending_hits = 0, Reservation_fails = 0
	L1D_cache_core[5]: Access = 48, Miss = 32, Miss_rate = 0.667, Pending_hits = 0, Reservation_fails = 0
	L1D_cache_core[6]: Access = 48, Miss = 32, Miss_rate = 0.667, Pending_hits = 0, Reservation_fails = 0
	L1D_cache_core[7]: Access = 48, Miss = 32, Miss_rate = 0.667, Pending_hits = 0, Reservation_fails = 0
	L1D_cache_core[8]: Access = 48, Miss = 32, Miss_rate = 0.667, Pending_hits = 0, Reservation_fails = 0
	L1D_cache_core[9]: Access = 48, Miss = 32, Miss_rate = 0.667, Pending_hits = 0, Reservation_fails = 0
	L1D_cache_core[10]: Access = 48, Miss = 32, Miss_rate = 0.667, Pending_hits = 0, Reservation_fails = 0
	L1D_cache_core[11]: Access = 48, Miss = 32, Miss_rate = 0.667, Pending_hits = 0, Reservation_fails = 0
	L1D_cache_core[12]: Access = 48, Miss = 32, Miss_rate = 0.667, Pending_hits = 0, Reservation_fails = 0
	L1D_cache_core[13]: Access = 48, Miss = 32, Miss_rate = 0.667, Pending_hits = 0, Reservation_fails = 0
	L1D_cache_core[14]: Access = 48, Miss = 32, Miss_rate = 0.667, Pending_hits = 0, Reservation_fails = 0
	L1D_cache_core[15]: Access = 48, Miss = 32, Miss_rate = 0.667, Pending_hits = 0, Reservation_fails = 0
	L1D_cache_core[16]: Access = 48, Miss = 32, Miss_rate = 0.667, Pending_hits = 0, Reservation_fails = 0
	L1D_cache_core[17]: Access = 48, Miss = 32, Miss_rate = 0.667, Pending_hits = 0, Reservation_fails = 0
	L1D_cache_core[18]: Access = 48, Miss = 32, Miss_rate = 0.667, Pending_hits = 0, Reservation_fails = 0
	L1D_cache_core[19]: Access = 48, Miss = 32, Miss_rate = 0.667, Pending_hits = 0, Reservation_fails = 0
	L1D_cache_core[20]: Access = 48, Miss = 32, Miss_rate = 0.667, Pending_hits = 0, Reservation_fails = 0
	L1D_cache_core[21]: Access = 48, Miss = 32, Miss_rate = 0.667, Pending_hits = 0, Reservation_fails = 0
	L1D_cache_core[22]: Access = 48, Miss = 32, Miss_rate = 0.667, Pending_hits = 0, Reservation_fails = 0
	L1D_cache_core[23]: Access = 48, Miss = 32, Miss_rate = 0.667, Pending_hits = 0, Reservation_fails = 0
	L1D_cache_core[24]: Access = 48, Miss = 32, Miss_rate = 0.667, Pending_hits = 0, Reservation_fails = 0
	L1D_cache_core[25]: Access = 48, Miss = 32, Miss_rate = 0.667, Pending_hits = 0, Reservation_fails = 0
	L1D_cache_core[26]: Access = 48, Miss = 32, Miss_rate = 0.667, Pending_hits = 0, Reservation_fails = 0
	L1D_cache_core[27]: Access = 48, Miss = 32, Miss_rate = 0.667, Pending_hits = 0, Reservation_fails = 0
	L1D_cache_core[28]: Access = 48, Miss = 32, Miss_rate = 0.667, Pending_hits = 0, Reservation_fails = 0
	L1D_cache_core[29]: Access = 48, Miss = 32, Miss_rate = 0.667, Pending_hits = 0, Reservation_fails = 0
	L1D_cache_core[30]: Access = 48, Miss = 32, Miss_rate = 0.667, Pending_hits = 0, Reservation_fails = 0
	L1D_cache_core[31]: Access = 48, Miss = 32, Miss_rate = 0.667, Pending_hits = 0, Reservation_fails = 0
	L1D_cache_core[32]: Access = 48, Miss = 32, Miss_rate = 0.667, Pending_hits = 0, Reservation_fails = 0
	L1D_cache_core[33]: Access = 48, Miss = 32, Miss_rate = 0.667, Pending_hits = 0, Reservation_fails = 0
	L1D_cache_core[34]: Access = 48, Miss = 32, Miss_rate = 0.667, Pending_hits = 0, Reservation_fails = 0
	L1D_cache_core[35]: Access = 48, Miss = 32, Miss_rate = 0.667, Pending_hits = 0, Reservation_fails = 0
	L1D_cache_core[36]: Access = 48, Miss = 32, Miss_rate = 0.667, Pending_hits = 0, Reservation_fails = 0
	L1D_cache_core[37]: Access = 48, Miss = 32, Miss_rate = 0.667, Pending_hits = 0, Reservation_fails = 0
	L1D_cache_core[38]: Access = 48, Miss = 32, Miss_rate = 0.667, Pending_hits = 0, Reservation_fails = 0
	L1D_cache_core[39]: Access = 48, Miss = 32, Miss_rate = 0.667, Pending_hits = 0, Reservation_fails = 0
	L1D_cache_core[40]: Access = 48, Miss = 32, Miss_rate = 0.667, Pending_hits = 0, Reservation_fails = 0
	L1D_cache_core[41]: Access = 48, Miss = 32, Miss_rate = 0.667, Pending_hits = 0, Reservation_fails = 0
	L1D_cache_core[42]: Access = 48, Miss = 32, Miss_rate = 0.667, Pending_hits = 0, Reservation_fails = 0
	L1D_cache_core[43]: Access = 48, Miss = 32, Miss_rate = 0.667, Pending_hits = 0, Reservation_fails = 0
	L1D_cache_core[44]: Access = 48, Miss = 32, Miss_rate = 0.667, Pending_hits = 0, Reservation_fails = 0
	L1D_cache_core[45]: Access = 48, Miss = 32, Miss_rate = 0.667, Pending_hits = 0, Reservation_fails = 0
	L1D_cache_core[46]: Access = 48, Miss = 32, Miss_rate = 0.667, Pending_hits = 0, Reservation_fails = 0
	L1D_cache_core[47]: Access = 48, Miss = 32, Miss_rate = 0.667, Pending_hits = 0, Reservation_fails = 0
	L1D_cache_core[48]: Access = 48, Miss = 32, Miss_rate = 0.667, Pending_hits = 0, Reservation_fails = 0
	L1D_cache_core[49]: Access = 48, Miss = 32, Miss_rate = 0.667, Pending_hits = 0, Reservation_fails = 0
	L1D_cache_core[50]: Access = 48, Miss = 32, Miss_rate = 0.667, Pending_hits = 0, Reservation_fails = 0
	L1D_cache_core[51]: Access = 48, Miss = 32, Miss_rate = 0.667, Pending_hits = 0, Reservation_fails = 0
	L1D_cache_core[52]: Access = 48, Miss = 32, Miss_rate = 0.667, Pending_hits = 0, Reservation_fails = 0
	L1D_cache_core[53]: Access = 48, Miss = 32, Miss_rate = 0.667, Pending_hits = 0, Reservation_fails = 0
	L1D_cache_core[54]: Access = 48, Miss = 32, Miss_rate = 0.667, Pending_hits = 0, Reservation_fails = 0
	L1D_cache_core[55]: Access = 48, Miss = 32, Miss_rate = 0.667, Pending_hits = 0, Reservation_fails = 0
	L1D_cache_core[56]: Access = 48, Miss = 32, Miss_rate = 0.667, Pending_hits = 0, Reservation_fails = 0
	L1D_cache_core[57]: Access = 48, Miss = 32, Miss_rate = 0.667, Pending_hits = 0, Reservation_fails = 0
	L1D_cache_core[58]: Access = 48, Miss = 32, Miss_rate = 0.667, Pending_hits = 0, Reservation_fails = 0
	L1D_cache_core[59]: Access = 48, Miss = 32, Miss_rate = 0.667, Pending_hits = 0, Reservation_fails = 0
	L1D_cache_core[60]: Access = 48, Miss = 32, Miss_rate = 0.667, Pending_hits = 0, Reservation_fails = 0
	L1D_cache_core[61]: Access = 48, Miss = 32, Miss_rate = 0.667, Pending_hits = 0, Reservation_fails = 0
	L1D_cache_core[62]: Access = 48, Miss = 32, Miss_rate = 0.667, Pending_hits = 0, Reservation_fails = 0
	L1D_cache_core[63]: Access = 48, Miss = 32, Miss_rate = 0.667, Pending_hits = 0, Reservation_fails = 0
	L1D_cache_core[64]: Access = 48, Miss = 32, Miss_rate = 0.667, Pending_hits = 0, Reservation_fails = 0
	L1D_cache_core[65]: Access = 48, Miss = 32, Miss_rate = 0.667, Pending_hits = 0, Reservation_fails = 0
	L1D_cache_core[66]: Access = 48, Miss = 32, Miss_rate = 0.667, Pending_hits = 0, Reservation_fails = 0
	L1D_cache_core[67]: Access = 48, Miss = 32, Miss_rate = 0.667, Pending_hits = 0, Reservation_fails = 0
	L1D_cache_core[68]: Access = 48, Miss = 32, Miss_rate = 0.667, Pending_hits = 0, Reservation_fails = 0
	L1D_cache_core[69]: Access = 48, Miss = 32, Miss_rate = 0.667, Pending_hits = 0, Reservation_fails = 0
	L1D_cache_core[70]: Access = 48, Miss = 32, Miss_rate = 0.667, Pending_hits = 0, Reservation_fails = 0
	L1D_cache_core[71]: Access = 48, Miss = 32, Miss_rate = 0.667, Pending_hits = 0, Reservation_fails = 0
	L1D_cache_core[72]: Access = 48, Miss = 32, Miss_rate = 0.667, Pending_hits = 0, Reservation_fails = 0
	L1D_cache_core[73]: Access = 48, Miss = 32, Miss_rate = 0.667, Pending_hits = 0, Reservation_fails = 0
	L1D_cache_core[74]: Access = 48, Miss = 32, Miss_rate = 0.667, Pending_hits = 0, Reservation_fails = 0
	L1D_cache_core[75]: Access = 48, Miss = 32, Miss_rate = 0.667, Pending_hits = 0, Reservation_fails = 0
	L1D_cache_core[76]: Access = 48, Miss = 32, Miss_rate = 0.667, Pending_hits = 0, Reservation_fails = 0
	L1D_cache_core[77]: Access = 48, Miss = 32, Miss_rate = 0.667, Pending_hits = 0, Reservation_fails = 0
	L1D_cache_core[78]: Access = 48, Miss = 32, Miss_rate = 0.667, Pending_hits = 0, Reservation_fails = 0
	L1D_cache_core[79]: Access = 48, Miss = 32, Miss_rate = 0.667, Pending_hits = 0, Reservation_fails = 0
	L1D_cache_core[80]: Access = 48, Miss = 32, Miss_rate = 0.667, Pending_hits = 0, Reservation_fails = 0
	L1D_cache_core[81]: Access = 48, Miss = 32, Miss_rate = 0.667, Pending_hits = 0, Reservation_fails = 0
	L1D_total_cache_accesses = 3936
	L1D_total_cache_misses = 2624
	L1D_total_cache_miss_rate = 0.6667
	L1D_total_cache_pending_hits = 0
	L1D_total_cache_reservation_fails = 0
	L1D_cache_data_port_util = 0.023
	L1D_cache_fill_port_util = 0.023
L1C_cache:
	L1C_total_cache_accesses = 0
	L1C_total_cache_misses = 0
	L1C_total_cache_pending_hits = 0
	L1C_total_cache_reservation_fails = 0
L1T_cache:
	L1T_total_cache_accesses = 0
	L1T_total_cache_misses = 0
	L1T_total_cache_pending_hits = 0
	L1T_total_cache_reservation_fails = 0

Total_core_cache_stats:
	Total_core_cache_stats_breakdown[GLOBAL_ACC_R][HIT] = 1312
	Total_core_cache_stats_breakdown[GLOBAL_ACC_R][HIT_RESERVED] = 0
	Total_core_cache_stats_breakdown[GLOBAL_ACC_R][MISS] = 328
	Total_core_cache_stats_breakdown[GLOBAL_ACC_R][RESERVATION_FAIL] = 0
	Total_core_cache_stats_breakdown[GLOBAL_ACC_R][SECTOR_MISS] = 984
	Total_core_cache_stats_breakdown[GLOBAL_ACC_R][MSHR_HIT] = 0
	Total_core_cache_stats_breakdown[LOCAL_ACC_R][HIT] = 0
	Total_core_cache_stats_breakdown[LOCAL_ACC_R][HIT_RESERVED] = 0
	Total_core_cache_stats_breakdown[LOCAL_ACC_R][MISS] = 0
	Total_core_cache_stats_breakdown[LOCAL_ACC_R][RESERVATION_FAIL] = 0
	Total_core_cache_stats_breakdown[LOCAL_ACC_R][SECTOR_MISS] = 0
	Total_core_cache_stats_breakdown[LOCAL_ACC_R][MSHR_HIT] = 0
	Total_core_cache_stats_breakdown[CONST_ACC_R][HIT] = 0
	Total_core_cache_stats_breakdown[CONST_ACC_R][HIT_RESERVED] = 0
	Total_core_cache_stats_breakdown[CONST_ACC_R][MISS] = 0
	Total_core_cache_stats_breakdown[CONST_ACC_R][RESERVATION_FAIL] = 0
	Total_core_cache_stats_breakdown[CONST_ACC_R][SECTOR_MISS] = 0
	Total_core_cache_stats_breakdown[CONST_ACC_R][MSHR_HIT] = 0
	Total_core_cache_stats_breakdown[TEXTURE_ACC_R][HIT] = 0
	Total_core_cache_stats_breakdown[TEXTURE_ACC_R][HIT_RESERVED] = 0
	Total_core_cache_stats_breakdown[TEXTURE_ACC_R][MISS] = 0
	Total_core_cache_stats_breakdown[TEXTURE_ACC_R][RESERVATION_FAIL] = 0
	Total_core_cache_stats_breakdown[TEXTURE_ACC_R][SECTOR_MISS] = 0
	Total_core_cache_stats_breakdown[TEXTURE_ACC_R][MSHR_HIT] = 0
	Total_core_cache_stats_breakdown[GLOBAL_ACC_W][HIT] = 0
	Total_core_cache_stats_breakdown[GLOBAL_ACC_W][HIT_RESERVED] = 0
	Total_core_cache_stats_breakdown[GLOBAL_ACC_W][MISS] = 328
	Total_core_cache_stats_breakdown[GLOBAL_ACC_W][RESERVATION_FAIL] = 0
	Total_core_cache_stats_breakdown[GLOBAL_ACC_W][SECTOR_MISS] = 984
	Total_core_cache_stats_breakdown[GLOBAL_ACC_W][MSHR_HIT] = 0
	Total_core_cache_stats_breakdown[LOCAL_ACC_W][HIT] = 0
	Total_core_cache_stats_breakdown[LOCAL_ACC_W][HIT_RESERVED] = 0
	Total_core_cache_stats_breakdown[LOCAL_ACC_W][MISS] = 0
	Total_core_cache_stats_breakdown[LOCAL_ACC_W][RESERVATION_FAIL] = 0
	Total_core_cache_stats_breakdown[LOCAL_ACC_W][SECTOR_MISS] = 0
	Total_core_cache_stats_breakdown[LOCAL_ACC_W][MSHR_HIT] = 0
	Total_core_cache_stats_breakdown[L1_WRBK_ACC][HIT] = 0
	Total_core_cache_stats_breakdown[L1_WRBK_ACC][HIT_RESERVED] = 0
	Total_core_cache_stats_breakdown[L1_WRBK_ACC][MISS] = 0
	Total_core_cache_stats_breakdown[L1_WRBK_ACC][RESERVATION_FAIL] = 0
	Total_core_cache_stats_breakdown[L1_WRBK_ACC][SECTOR_MISS] = 0
	Total_core_cache_stats_breakdown[L1_WRBK_ACC][MSHR_HIT] = 0
	Total_core_cache_stats_breakdown[L2_WRBK_ACC][HIT] = 0
	Total_core_cache_stats_breakdown[L2_WRBK_ACC][HIT_RESERVED] = 0
	Total_core_cache_stats_breakdown[L2_WRBK_ACC][MISS] = 0
	Total_core_cache_stats_breakdown[L2_WRBK_ACC][RESERVATION_FAIL] = 0
	Total_core_cache_stats_breakdown[L2_WRBK_ACC][SECTOR_MISS] = 0
	Total_core_cache_stats_breakdown[L2_WRBK_ACC][MSHR_HIT] = 0
	Total_core_cache_stats_breakdown[INST_ACC_R][HIT] = 0
	Total_core_cache_stats_breakdown[INST_ACC_R][HIT_RESERVED] = 0
	Total_core_cache_stats_breakdown[INST_ACC_R][MISS] = 0
	Total_core_cache_stats_breakdown[INST_ACC_R][RESERVATION_FAIL] = 0
	Total_core_cache_stats_breakdown[INST_ACC_R][SECTOR_MISS] = 0
	Total_core_cache_stats_breakdown[INST_ACC_R][MSHR_HIT] = 0
	Total_core_cache_stats_breakdown[L1_WR_ALLOC_R][HIT] = 0
	Total_core_cache_stats_breakdown[L1_WR_ALLOC_R][HIT_RESERVED] = 0
	Total_core_cache_stats_breakdown[L1_WR_ALLOC_R][MISS] = 0
	Total_core_cache_stats_breakdown[L1_WR_ALLOC_R][RESERVATION_FAIL] = 0
	Total_core_cache_stats_breakdown[L1_WR_ALLOC_R][SECTOR_MISS] = 0
	Total_core_cache_stats_breakdown[L1_WR_ALLOC_R][MSHR_HIT] = 0
	Total_core_cache_stats_breakdown[L2_WR_ALLOC_R][HIT] = 0
	Total_core_cache_stats_breakdown[L2_WR_ALLOC_R][HIT_RESERVED] = 0
	Total_core_cache_stats_breakdown[L2_WR_ALLOC_R][MISS] = 0
	Total_core_cache_stats_breakdown[L2_WR_ALLOC_R][RESERVATION_FAIL] = 0
	Total_core_cache_stats_breakdown[L2_WR_ALLOC_R][SECTOR_MISS] = 0
	Total_core_cache_stats_breakdown[L2_WR_ALLOC_R][MSHR_HIT] = 0
	Total_core_cache_stats_breakdown[GLOBAL_ACC_R][TOTAL_ACCESS] = 2624
	Total_core_cache_stats_breakdown[GLOBAL_ACC_W][TOTAL_ACCESS] = 1312

Total_core_cache_fail_stats:
ctas_completed 82, Shader 0 warp_id issue ditsribution:
warp_id:
0, 1, 2, 3, 
distro:
33, 33, 33, 33, 
gpgpu_n_tot_thrd_icount = 346368
gpgpu_n_tot_w_icount = 10824
gpgpu_n_stall_shd_mem = 0
gpgpu_n_mem_read_local = 0
gpgpu_n_mem_write_local = 0
gpgpu_n_mem_read_global = 1312
gpgpu_n_mem_write_global = 1312
gpgpu_n_mem_texture = 0
gpgpu_n_mem_const = 0
gpgpu_n_load_insn  = 20992
gpgpu_n_store_insn = 10496
gpgpu_n_shmem_insn = 0
gpgpu_n_sstarr_insn = 0
gpgpu_n_tex_insn = 0
gpgpu_n_const_mem_insn = 0
gpgpu_n_param_mem_insn = 41984
gpgpu_n_shmem_bkconflict = 0
gpgpu_n_l1cache_bkconflict = 0
gpgpu_n_intrawarp_mshr_merge = 0
gpgpu_n_cmem_portconflict = 0
gpgpu_stall_shd_mem[c_mem][resource_stall] = 0
gpgpu_stall_shd_mem[s_mem][bk_conf] = 0
gpgpu_stall_shd_mem[gl_mem][resource_stall] = 0
gpgpu_stall_shd_mem[gl_mem][coal_stall] = 0
gpgpu_stall_shd_mem[gl_mem][data_port_stall] = 0
gpu_reg_bank_conflict_stalls = 0
Warp Occupancy Distribution:
Stall:984	W0_Idle:87648	W0_Scoreboard:124480	W1:0	W2:0	W3:0	W4:0	W5:0	W6:0	W7:0	W8:0	W9:0	W10:0	W11:0	W12:0	W13:0	W14:0	W15:0	W16:0	W17:0	W18:0	W19:0	W20:0	W21:0	W22:0	W23:0	W24:0	W25:0	W26:0	W27:0	W28:0	W29:0	W30:0	W31:0	W32:10824
single_issue_nums: WS0:2706	WS1:2706	WS2:2706	WS3:2706	
dual_issue_nums: WS0:0	WS1:0	WS2:0	WS3:0	
traffic_breakdown_coretomem[GLOBAL_ACC_R] = 10496 {8:1312,}
traffic_breakdown_coretomem[GLOBAL_ACC_W] = 52480 {40:1312,}
traffic_breakdown_memtocore[GLOBAL_ACC_R] = 52480 {40:1312,}
traffic_breakdown_memtocore[GLOBAL_ACC_W] = 10496 {8:1312,}
maxmflatency = 276 
max_icnt2mem_latency = 85 
maxmrqlatency = 0 
max_icnt2sh_latency = 6 
averagemflatency = 246 
avg_icnt2mem_latency = 107 
avg_icnt2sh_latency = 4 
mrq_lat_table:0 	0 	0 	0 	0 	0 	0 	0 	0 	0 	0 	0 	0 	0 	0 	0 	0 	0 	0 	0 	0 	0 	0 	0 	0 	0 	0 	0 	0 	0 	0 	0 	
dq_lat_table:0 	0 	0 	0 	0 	0 	0 	0 	0 	0 	0 	0 	0 	0 	0 	0 	0 	0 	0 	0 	0 	0 	0 	0 	0 	0 	0 	0 	0 	0 	0 	0 	
mf_lat_table:0 	0 	0 	0 	0 	0 	0 	2198 	426 	0 	0 	0 	0 	0 	0 	0 	0 	0 	0 	0 	0 	0 	0 	0 	0 	0 	0 	0 	0 	0 	0 	0 	
icnt2mem_lat_table:0 	0 	0 	0 	0 	2134 	490 	0 	0 	0 	0 	0 	0 	0 	0 	0 	0 	0 	0 	0 	0 	0 	0 	0 	
icnt2sh_lat_table:0 	2592 	32 	0 	0 	0 	0 	0 	0 	0 	0 	0 	0 	0 	0 	0 	0 	0 	0 	0 	0 	0 	0 	0 	
mf_lat_pw_table:0 	0 	0 	0 	0 	0 	0 	1 	0 	0 	0 	0 	0 	0 	0 	0 	0 	0 	0 	0 	0 	0 	0 	0 	0 	0 	0 	0 	0 	0 	0 	0 	
maximum concurrent accesses to same row:
dram[0]:         0         0         0         0         0         0         0         0         0         0         0         0         0         0         0         0 
dram[1]:         0         0         0         0         0         0         0         0         0         0         0         0         0         0         0         0 
dram[2]:         0         0         0         0         0         0         0         0         0         0         0         0         0         0         0         0 
dram[3]:         0         0         0         0         0         0         0         0         0         0         0         0         0         0         0         0 
dram[4]:         0         0         0         0         0         0         0         0         0         0         0         0         0         0         0         0 
dram[5]:         0         0         0         0         0         0         0         0         0         0         0         0         0         0         0         0 
dram[6]:         0         0         0         0         0         0         0         0         0         0         0         0         0         0         0         0 
dram[7]:         0         0         0         0         0         0         0         0         0         0         0         0         0         0         0         0 
dram[8]:         0         0         0         0         0         0         0         0         0         0         0         0         0         0         0         0 
dram[9]:         0         0         0         0         0         0         0         0         0         0         0         0         0         0         0         0 
dram[10]:         0         0         0         0         0         0         0         0         0         0         0         0         0         0         0         0 
dram[11]:         0         0         0         0         0         0         0         0         0         0         0         0         0         0         0         0 
dram[12]:         0         0         0         0         0         0         0         0         0         0         0         0         0         0         0         0 
dram[13]:         0         0         0         0         0         0         0         0         0         0         0         0         0         0         0         0 
dram[14]:         0         0         0         0         0         0         0         0         0         0         0         0         0         0         0         0 
dram[15]:         0         0         0         0         0         0         0         0         0         0         0         0         0         0         0         0 
dram[16]:         0         0         0         0         0         0         0         0         0         0         0         0         0         0         0         0 
dram[17]:         0         0         0         0         0         0         0         0         0         0         0         0         0         0         0         0 
dram[18]:         0         0         0         0         0         0         0         0         0         0         0         0         0         0         0         0 
dram[19]:         0         0         0         0         0         0         0         0         0         0         0         0         0         0         0         0 
dram[20]:         0         0         0         0         0         0         0         0         0         0         0         0         0         0         0         0 
dram[21]:         0         0         0         0         0         0         0         0         0         0         0         0         0         0         0         0 
dram[22]:         0         0         0         0         0         0         0         0         0         0         0         0         0         0         0         0 
dram[23]:         0         0         0         0         0         0         0         0         0         0         0         0         0         0         0         0 
maximum service time to same row:
dram[0]:         0         0         0         0         0         0         0         0         0         0         0         0         0         0         0         0 
dram[1]:         0         0         0         0         0         0         0         0         0         0         0         0         0         0         0         0 
dram[2]:         0         0         0         0         0         0         0         0         0         0         0         0         0         0         0         0 
dram[3]:         0         0         0         0         0         0         0         0         0         0         0         0         0         0         0         0 
dram[4]:         0         0         0         0         0         0         0         0         0         0         0         0         0         0         0         0 
dram[5]:         0         0         0         0         0         0         0         0         0         0         0         0         0         0         0         0 
dram[6]:         0         0         0         0         0         0         0         0         0         0         0         0         0         0         0         0 
dram[7]:         0         0         0         0         0         0         0         0         0         0         0         0         0         0         0         0 
dram[8]:         0         0         0         0         0         0         0         0         0         0         0         0         0         0         0         0 
dram[9]:         0         0         0         0         0         0         0         0         0         0         0         0         0         0         0         0 
dram[10]:         0         0         0         0         0         0         0         0         0         0         0         0         0         0         0         0 
dram[11]:         0         0         0         0         0         0         0         0         0         0         0         0         0         0         0         0 
dram[12]:         0         0         0         0         0         0         0         0         0         0         0         0         0         0         0         0 
dram[13]:         0         0         0         0         0         0         0         0         0         0         0         0         0         0         0         0 
dram[14]:         0         0         0         0         0         0         0         0         0         0         0         0         0         0         0         0 
dram[15]:         0         0         0         0         0         0         0         0         0         0         0         0         0         0         0         0 
dram[16]:         0         0         0         0         0         0         0         0         0         0         0         0         0         0         0         0 
dram[17]:         0         0         0         0         0         0         0         0         0         0         0         0         0         0         0         0 
dram[18]:         0         0         0         0         0         0         0         0         0         0         0         0         0         0         0         0 
dram[19]:         0         0         0         0         0         0         0         0         0         0         0         0         0         0         0         0 
dram[20]:         0         0         0         0         0         0         0         0         0         0         0         0         0         0         0         0 
dram[21]:         0         0         0         0         0         0         0         0         0         0         0         0         0         0         0         0 
dram[22]:         0         0         0         0         0         0         0         0         0         0         0         0         0         0         0         0 
dram[23]:         0         0         0         0         0         0         0         0         0         0         0         0         0         0         0         0 
average row accesses per activate:
dram[0]:      -nan      -nan      -nan      -nan      -nan      -nan      -nan      -nan      -nan      -nan      -nan      -nan      -nan      -nan      -nan      -nan 
dram[1]:      -nan      -nan      -nan      -nan      -nan      -nan      -nan      -nan      -nan      -nan      -nan      -nan      -nan      -nan      -nan      -nan 
dram[2]:      -nan      -nan      -nan      -nan      -nan      -nan      -nan      -nan      -nan      -nan      -nan      -nan      -nan      -nan      -nan      -nan 
dram[3]:      -nan      -nan      -nan      -nan      -nan      -nan      -nan      -nan      -nan      -nan      -nan      -nan      -nan      -nan      -nan      -nan 
dram[4]:      -nan      -nan      -nan      -nan      -nan      -nan      -nan      -nan      -nan      -nan      -nan      -nan      -nan      -nan      -nan      -nan 
dram[5]:      -nan      -nan      -nan      -nan      -nan      -nan      -nan      -nan      -nan      -nan      -nan      -nan      -nan      -nan      -nan      -nan 
dram[6]:      -nan      -nan      -nan      -nan      -nan      -nan      -nan      -nan      -nan      -nan      -nan      -nan      -nan      -nan      -nan      -nan 
dram[7]:      -nan      -nan      -nan      -nan      -nan      -nan      -nan      -nan      -nan      -nan      -nan      -nan      -nan      -nan      -nan      -nan 
dram[8]:      -nan      -nan      -nan      -nan      -nan      -nan      -nan      -nan      -nan      -nan      -nan      -nan      -nan      -nan      -nan      -nan 
dram[9]:      -nan      -nan      -nan      -nan      -nan      -nan      -nan      -nan      -nan      -nan      -nan      -nan      -nan      -nan      -nan      -nan 
dram[10]:      -nan      -nan      -nan      -nan      -nan      -nan      -nan      -nan      -nan      -nan      -nan      -nan      -nan      -nan      -nan      -nan 
dram[11]:      -nan      -nan      -nan      -nan      -nan      -nan      -nan      -nan      -nan      -nan      -nan      -nan      -nan      -nan      -nan      -nan 
dram[12]:      -nan      -nan      -nan      -nan      -nan      -nan      -nan      -nan      -nan      -nan      -nan      -nan      -nan      -nan      -nan      -nan 
dram[13]:      -nan      -nan      -nan      -nan      -nan      -nan      -nan      -nan      -nan      -nan      -nan      -nan      -nan      -nan      -nan      -nan 
dram[14]:      -nan      -nan      -nan      -nan      -nan      -nan      -nan      -nan      -nan      -nan      -nan      -nan      -nan      -nan      -nan      -nan 
dram[15]:      -nan      -nan      -nan      -nan      -nan      -nan      -nan      -nan      -nan      -nan      -nan      -nan      -nan      -nan      -nan      -nan 
dram[16]:      -nan      -nan      -nan      -nan      -nan      -nan      -nan      -nan      -nan      -nan      -nan      -nan      -nan      -nan      -nan      -nan 
dram[17]:      -nan      -nan      -nan      -nan      -nan      -nan      -nan      -nan      -nan      -nan      -nan      -nan      -nan      -nan      -nan      -nan 
dram[18]:      -nan      -nan      -nan      -nan      -nan      -nan      -nan      -nan      -nan      -nan      -nan      -nan      -nan      -nan      -nan      -nan 
dram[19]:      -nan      -nan      -nan      -nan      -nan      -nan      -nan      -nan      -nan      -nan      -nan      -nan      -nan      -nan      -nan      -nan 
dram[20]:      -nan      -nan      -nan      -nan      -nan      -nan      -nan      -nan      -nan      -nan      -nan      -nan      -nan      -nan      -nan      -nan 
dram[21]:      -nan      -nan      -nan      -nan      -nan      -nan      -nan      -nan      -nan      -nan      -nan      -nan      -nan      -nan      -nan      -nan 
dram[22]:      -nan      -nan      -nan      -nan      -nan      -nan      -nan      -nan      -nan      -nan      -nan      -nan      -nan      -nan      -nan      -nan 
dram[23]:      -nan      -nan      -nan      -nan      -nan      -nan      -nan      -nan      -nan      -nan      -nan      -nan      -nan      -nan      -nan      -nan 
average row locality = 0/0 = -nan
number of total memory accesses made:
dram[0]:         0         0         0         0         0         0         0         0         0         0         0         0         0         0         0         0 
dram[1]:         0         0         0         0         0         0         0         0         0         0         0         0         0         0         0         0 
dram[2]:         0         0         0         0         0         0         0         0         0         0         0         0         0         0         0         0 
dram[3]:         0         0         0         0         0         0         0         0         0         0         0         0         0         0         0         0 
dram[4]:         0         0         0         0         0         0         0         0         0         0         0         0         0         0         0         0 
dram[5]:         0         0         0         0         0         0         0         0         0         0         0         0         0         0         0         0 
dram[6]:         0         0         0         0         0         0         0         0         0         0         0         0         0         0         0         0 
dram[7]:         0         0         0         0         0         0         0         0         0         0         0         0         0         0         0         0 
dram[8]:         0         0         0         0         0         0         0         0         0         0         0         0         0         0         0         0 
dram[9]:         0         0         0         0         0         0         0         0         0         0         0         0         0         0         0         0 
dram[10]:         0         0         0         0         0         0         0         0         0         0         0         0         0         0         0         0 
dram[11]:         0         0         0         0         0         0         0         0         0         0         0         0         0         0         0         0 
dram[12]:         0         0         0         0         0         0         0         0         0         0         0         0         0         0         0         0 
dram[13]:         0         0         0         0         0         0         0         0         0         0         0         0         0         0         0         0 
dram[14]:         0         0         0         0         0         0         0         0         0         0         0         0         0         0         0         0 
dram[15]:         0         0         0         0         0         0         0         0         0         0         0         0         0         0         0         0 
dram[16]:         0         0         0         0         0         0         0         0         0         0         0         0         0         0         0         0 
dram[17]:         0         0         0         0         0         0         0         0         0         0         0         0         0         0         0         0 
dram[18]:         0         0         0         0         0         0         0         0         0         0         0         0         0         0         0         0 
dram[19]:         0         0         0         0         0         0         0         0         0         0         0         0         0         0         0         0 
dram[20]:         0         0         0         0         0         0         0         0         0         0         0         0         0         0         0         0 
dram[21]:         0         0         0         0         0         0         0         0         0         0         0         0         0         0         0         0 
dram[22]:         0         0         0         0         0         0         0         0         0         0         0         0         0         0         0         0 
dram[23]:         0         0         0         0         0         0         0         0         0         0         0         0         0         0         0         0 
total accesses: 0
min_bank_accesses = 0!
min_chip_accesses = 0!
number of total read accesses:
dram[0]:         0         0         0         0         0         0         0         0         0         0         0         0         0         0         0         0 
dram[1]:         0         0         0         0         0         0         0         0         0         0         0         0         0         0         0         0 
dram[2]:         0         0         0         0         0         0         0         0         0         0         0         0         0         0         0         0 
dram[3]:         0         0         0         0         0         0         0         0         0         0         0         0         0         0         0         0 
dram[4]:         0         0         0         0         0         0         0         0         0         0         0         0         0         0         0         0 
dram[5]:         0         0         0         0         0         0         0         0         0         0         0         0         0         0         0         0 
dram[6]:         0         0         0         0         0         0         0         0         0         0         0         0         0         0         0         0 
dram[7]:         0         0         0         0         0         0         0         0         0         0         0         0         0         0         0         0 
dram[8]:         0         0         0         0         0         0         0         0         0         0         0         0         0         0         0         0 
dram[9]:         0         0         0         0         0         0         0         0         0         0         0         0         0         0         0         0 
dram[10]:         0         0         0         0         0         0         0         0         0         0         0         0         0         0         0         0 
dram[11]:         0         0         0         0         0         0         0         0         0         0         0         0         0         0         0         0 
dram[12]:         0         0         0         0         0         0         0         0         0         0         0         0         0         0         0         0 
dram[13]:         0         0         0         0         0         0         0         0         0         0         0         0         0         0         0         0 
dram[14]:         0         0         0         0         0         0         0         0         0         0         0         0         0         0         0         0 
dram[15]:         0         0         0         0         0         0         0         0         0         0         0         0         0         0         0         0 
dram[16]:         0         0         0         0         0         0         0         0         0         0         0         0         0         0         0         0 
dram[17]:         0         0         0         0         0         0         0         0         0         0         0         0         0         0         0         0 
dram[18]:         0         0         0         0         0         0         0         0         0         0         0         0         0         0         0         0 
dram[19]:         0         0         0         0         0         0         0         0         0         0         0         0         0         0         0         0 
dram[20]:         0         0         0         0         0         0         0         0         0         0         0         0         0         0         0         0 
dram[21]:         0         0         0         0         0         0         0         0         0         0         0         0         0         0         0         0 
dram[22]:         0         0         0         0         0         0         0         0         0         0         0         0         0         0         0         0 
dram[23]:         0         0         0         0         0         0         0         0         0         0         0         0         0         0         0         0 
total dram reads = 0
min_bank_accesses = 0!
min_chip_accesses = 0!
number of total write accesses:
dram[0]:         0         0         0         0         0         0         0         0         0         0         0         0         0         0         0         0 
dram[1]:         0         0         0         0         0         0         0         0         0         0         0         0         0         0         0         0 
dram[2]:         0         0         0         0         0         0         0         0         0         0         0         0         0         0         0         0 
dram[3]:         0         0         0         0         0         0         0         0         0         0         0         0         0         0         0         0 
dram[4]:         0         0         0         0         0         0         0         0         0         0         0         0         0         0         0         0 
dram[5]:         0         0         0         0         0         0         0         0         0         0         0         0         0         0         0         0 
dram[6]:         0         0         0         0         0         0         0         0         0         0         0         0         0         0         0         0 
dram[7]:         0         0         0         0         0         0         0         0         0         0         0         0         0         0         0         0 
dram[8]:         0         0         0         0         0         0         0         0         0         0         0         0         0         0         0         0 
dram[9]:         0         0         0         0         0         0         0         0         0         0         0         0         0         0         0         0 
dram[10]:         0         0         0         0         0         0         0         0         0         0         0         0         0         0         0         0 
dram[11]:         0         0         0         0         0         0         0         0         0         0         0         0         0         0         0         0 
dram[12]:         0         0         0         0         0         0         0         0         0         0         0         0         0         0         0         0 
dram[13]:         0         0         0         0         0         0         0         0         0         0         0         0         0         0         0         0 
dram[14]:         0         0         0         0         0         0         0         0         0         0         0         0         0         0         0         0 
dram[15]:         0         0         0         0         0         0         0         0         0         0         0         0         0         0         0         0 
dram[16]:         0         0         0         0         0         0         0         0         0         0         0         0         0         0         0         0 
dram[17]:         0         0         0         0         0         0         0         0         0         0         0         0         0         0         0         0 
dram[18]:         0         0         0         0         0         0         0         0         0         0         0         0         0         0         0         0 
dram[19]:         0         0         0         0         0         0         0         0         0         0         0         0         0         0         0         0 
dram[20]:         0         0         0         0         0         0         0         0         0         0         0         0         0         0         0         0 
dram[21]:         0         0         0         0         0         0         0         0         0         0         0         0         0         0         0         0 
dram[22]:         0         0         0         0         0         0         0         0         0         0         0         0         0         0         0         0 
dram[23]:         0         0         0         0         0         0         0         0         0         0         0         0         0         0         0         0 
total dram writes = 0
min_bank_accesses = 0!
min_chip_accesses = 0!
average mf latency per bank:
dram[0]:     none      none      none      none      none      none      none      none      none      none      none      none      none      none      none      none  
dram[1]:     none      none      none      none      none      none      none      none      none      none      none      none      none      none      none      none  
dram[2]:     none      none      none      none      none      none      none      none      none      none      none      none      none      none      none      none  
dram[3]:     none      none      none      none      none      none      none      none      none      none      none      none      none      none      none      none  
dram[4]:     none      none      none      none      none      none      none      none      none      none      none      none      none      none      none      none  
dram[5]:     none      none      none      none      none      none      none      none      none      none      none      none      none      none      none      none  
dram[6]:     none      none      none      none      none      none      none      none      none      none      none      none      none      none      none      none  
dram[7]:     none      none      none      none      none      none      none      none      none      none      none      none      none      none      none      none  
dram[8]:     none      none      none      none      none      none      none      none      none      none      none      none      none      none      none      none  
dram[9]:     none      none      none      none      none      none      none      none      none      none      none      none      none      none      none      none  
dram[10]:     none      none      none      none      none      none      none      none      none      none      none      none      none      none      none      none  
dram[11]:     none      none      none      none      none      none      none      none      none      none      none      none      none      none      none      none  
dram[12]:     none      none      none      none      none      none      none      none      none      none      none      none      none      none      none      none  
dram[13]:     none      none      none      none      none      none      none      none      none      none      none      none      none      none      none      none  
dram[14]:     none      none      none      none      none      none      none      none      none      none      none      none      none      none      none      none  
dram[15]:     none      none      none      none      none      none      none      none      none      none      none      none      none      none      none      none  
dram[16]:     none      none      none      none      none      none      none      none      none      none      none      none      none      none      none      none  
dram[17]:     none      none      none      none      none      none      none      none      none      none      none      none      none      none      none      none  
dram[18]:     none      none      none      none      none      none      none      none      none      none      none      none      none      none      none      none  
dram[19]:     none      none      none      none      none      none      none      none      none      none      none      none      none      none      none      none  
dram[20]:     none      none      none      none      none      none      none      none      none      none      none      none      none      none      none      none  
dram[21]:     none      none      none      none      none      none      none      none      none      none      none      none      none      none      none      none  
dram[22]:     none      none      none      none      none      none      none      none      none      none      none      none      none      none      none      none  
dram[23]:     none      none      none      none      none      none      none      none      none      none      none      none      none      none      none      none  
maximum mf latency per bank:
dram[0]:        263       267         0         0         0         0         0         0         0         0         0         0         0         0         0         0
dram[1]:        261       251         0         0         0         0         0         0         0         0         0         0         0         0         0         0
dram[2]:        263       267         0         0         0         0         0         0         0         0         0         0         0         0         0         0
dram[3]:        261       251         0         0         0         0         0         0         0         0         0         0         0         0         0         0
dram[4]:        276       274         0         0         0         0         0         0         0         0         0         0         0         0         0         0
dram[5]:        269       253         0         0         0         0         0         0         0         0         0         0         0         0         0         0
dram[6]:        276       274         0         0         0         0         0         0         0         0         0         0         0         0         0         0
dram[7]:        269       253         0         0         0         0         0         0         0         0         0         0         0         0         0         0
dram[8]:        262       251         0         0         0         0         0         0         0         0         0         0         0         0         0         0
dram[9]:        261       250         0         0         0         0         0         0         0         0         0         0         0         0         0         0
dram[10]:        262       251         0         0         0         0         0         0         0         0         0         0         0         0         0         0
dram[11]:        261       250         0         0         0         0         0         0         0         0         0         0         0         0         0         0
dram[12]:        262       251         0         0         0         0         0         0         0         0         0         0         0         0         0         0
dram[13]:        261       250         0         0         0         0         0         0         0         0         0         0         0         0         0         0
dram[14]:        262       251         0         0         0         0         0         0         0         0         0         0         0         0         0         0
dram[15]:        261       250         0         0         0         0         0         0         0         0         0         0         0         0         0         0
dram[16]:        260       251         0         0         0         0         0         0         0         0         0         0         0         0         0         0
dram[17]:        261       247         0         0         0         0         0         0         0         0         0         0         0         0         0         0
dram[18]:        260       251         0         0         0         0         0         0         0         0         0         0         0         0         0         0
dram[19]:        261       247         0         0         0         0         0         0         0         0         0         0         0         0         0         0
dram[20]:        262       251         0         0         0         0         0         0         0         0         0         0         0         0         0         0
dram[21]:        261       250         0         0         0         0         0         0         0         0         0         0         0         0         0         0
dram[22]:        262       251         0         0         0         0         0         0         0         0         0         0         0         0         0         0
dram[23]:        261       250         0         0         0         0         0         0         0         0         0         0         0         0         0         0
Memory Partition 0: 
Cache L2_bank_000:
MSHR contents

Cache L2_bank_001:
MSHR contents

In Dram Latency Queue (total = 0): 
DRAM[0]: 16 bks, busW=2 BL=16 CL=24, tRRD=12 tCCD=4, tRCD=24 tRAS=55 tRP=24 tRC=78
n_cmd=17677 n_nop=17677 n_act=0 n_pre=0 n_ref_event=0 n_req=0 n_rd=0 n_rd_L2_A=0 n_write=0 n_wr_bk=0 bw_util=0
n_activity=0 dram_eff=-nan
bk0: 0a 17677i bk1: 0a 17677i bk2: 0a 17677i bk3: 0a 17677i bk4: 0a 17677i bk5: 0a 17677i bk6: 0a 17677i bk7: 0a 17677i bk8: 0a 17677i bk9: 0a 17677i bk10: 0a 17677i bk11: 0a 17677i bk12: 0a 17677i bk13: 0a 17677i bk14: 0a 17677i bk15: 0a 17677i 

------------------------------------------------------------------------

Row_Buffer_Locality = -nan
Row_Buffer_Locality_read = -nan
Row_Buffer_Locality_write = -nan
Bank_Level_Parallism = -nan
Bank_Level_Parallism_Col = -nan
Bank_Level_Parallism_Ready = -nan
write_to_read_ratio_blp_rw_average = -nan
GrpLevelPara = -nan 

BW Util details:
bwutil = 0.000000 
total_CMD = 17677 
util_bw = 0 
Wasted_Col = 0 
Wasted_Row = 0 
Idle = 17677 

BW Util Bottlenecks: 
RCDc_limit = 0 
RCDWRc_limit = 0 
WTRc_limit = 0 
RTWc_limit = 0 
CCDLc_limit = 0 
rwq = 0 
CCDLc_limit_alone = 0 
WTRc_limit_alone = 0 
RTWc_limit_alone = 0 

Commands details: 
total_CMD = 17677 
n_nop = 17677 
Read = 0 
Write = 0 
L2_Alloc = 0 
L2_WB = 0 
n_act = 0 
n_pre = 0 
n_ref = 0 
n_req = 0 
total_req = 0 

Dual Bus Interface Util: 
issued_total_row = 0 
issued_total_col = 0 
Row_Bus_Util =  0.000000 
CoL_Bus_Util = 0.000000 
Either_Row_CoL_Bus_Util = 0.000000 
Issued_on_Two_Bus_Simul_Util = 0.000000 
issued_two_Eff = -nan 
queue_avg = 0.000000 


dram_util_bins: 0 0 0 0 0 0 0 0 0 0
dram_eff_bins: 0 0 0 0 0 0 0 0 0 0
mrqq: max=0 avg=0
Memory Partition 1: 
Cache L2_bank_002:
MSHR contents

Cache L2_bank_003:
MSHR contents

In Dram Latency Queue (total = 0): 
DRAM[1]: 16 bks, busW=2 BL=16 CL=24, tRRD=12 tCCD=4, tRCD=24 tRAS=55 tRP=24 tRC=78
n_cmd=17677 n_nop=17677 n_act=0 n_pre=0 n_ref_event=0 n_req=0 n_rd=0 n_rd_L2_A=0 n_write=0 n_wr_bk=0 bw_util=0
n_activity=0 dram_eff=-nan
bk0: 0a 17677i bk1: 0a 17677i bk2: 0a 17677i bk3: 0a 17677i bk4: 0a 17677i bk5: 0a 17677i bk6: 0a 17677i bk7: 0a 17677i bk8: 0a 17677i bk9: 0a 17677i bk10: 0a 17677i bk11: 0a 17677i bk12: 0a 17677i bk13: 0a 17677i bk14: 0a 17677i bk15: 0a 17677i 

------------------------------------------------------------------------

Row_Buffer_Locality = -nan
Row_Buffer_Locality_read = -nan
Row_Buffer_Locality_write = -nan
Bank_Level_Parallism = -nan
Bank_Level_Parallism_Col = -nan
Bank_Level_Parallism_Ready = -nan
write_to_read_ratio_blp_rw_average = -nan
GrpLevelPara = -nan 

BW Util details:
bwutil = 0.000000 
total_CMD = 17677 
util_bw = 0 
Wasted_Col = 0 
Wasted_Row = 0 
Idle = 17677 

BW Util Bottlenecks: 
RCDc_limit = 0 
RCDWRc_limit = 0 
WTRc_limit = 0 
RTWc_limit = 0 
CCDLc_limit = 0 
rwq = 0 
CCDLc_limit_alone = 0 
WTRc_limit_alone = 0 
RTWc_limit_alone = 0 

Commands details: 
total_CMD = 17677 
n_nop = 17677 
Read = 0 
Write = 0 
L2_Alloc = 0 
L2_WB = 0 
n_act = 0 
n_pre = 0 
n_ref = 0 
n_req = 0 
total_req = 0 

Dual Bus Interface Util: 
issued_total_row = 0 
issued_total_col = 0 
Row_Bus_Util =  0.000000 
CoL_Bus_Util = 0.000000 
Either_Row_CoL_Bus_Util = 0.000000 
Issued_on_Two_Bus_Simul_Util = 0.000000 
issued_two_Eff = -nan 
queue_avg = 0.000000 


dram_util_bins: 0 0 0 0 0 0 0 0 0 0
dram_eff_bins: 0 0 0 0 0 0 0 0 0 0
mrqq: max=0 avg=0
Memory Partition 2: 
Cache L2_bank_004:
MSHR contents

Cache L2_bank_005:
MSHR contents

In Dram Latency Queue (total = 0): 
DRAM[2]: 16 bks, busW=2 BL=16 CL=24, tRRD=12 tCCD=4, tRCD=24 tRAS=55 tRP=24 tRC=78
n_cmd=17677 n_nop=17677 n_act=0 n_pre=0 n_ref_event=0 n_req=0 n_rd=0 n_rd_L2_A=0 n_write=0 n_wr_bk=0 bw_util=0
n_activity=0 dram_eff=-nan
bk0: 0a 17677i bk1: 0a 17677i bk2: 0a 17677i bk3: 0a 17677i bk4: 0a 17677i bk5: 0a 17677i bk6: 0a 17677i bk7: 0a 17677i bk8: 0a 17677i bk9: 0a 17677i bk10: 0a 17677i bk11: 0a 17677i bk12: 0a 17677i bk13: 0a 17677i bk14: 0a 17677i bk15: 0a 17677i 

------------------------------------------------------------------------

Row_Buffer_Locality = -nan
Row_Buffer_Locality_read = -nan
Row_Buffer_Locality_write = -nan
Bank_Level_Parallism = -nan
Bank_Level_Parallism_Col = -nan
Bank_Level_Parallism_Ready = -nan
write_to_read_ratio_blp_rw_average = -nan
GrpLevelPara = -nan 

BW Util details:
bwutil = 0.000000 
total_CMD = 17677 
util_bw = 0 
Wasted_Col = 0 
Wasted_Row = 0 
Idle = 17677 

BW Util Bottlenecks: 
RCDc_limit = 0 
RCDWRc_limit = 0 
WTRc_limit = 0 
RTWc_limit = 0 
CCDLc_limit = 0 
rwq = 0 
CCDLc_limit_alone = 0 
WTRc_limit_alone = 0 
RTWc_limit_alone = 0 

Commands details: 
total_CMD = 17677 
n_nop = 17677 
Read = 0 
Write = 0 
L2_Alloc = 0 
L2_WB = 0 
n_act = 0 
n_pre = 0 
n_ref = 0 
n_req = 0 
total_req = 0 

Dual Bus Interface Util: 
issued_total_row = 0 
issued_total_col = 0 
Row_Bus_Util =  0.000000 
CoL_Bus_Util = 0.000000 
Either_Row_CoL_Bus_Util = 0.000000 
Issued_on_Two_Bus_Simul_Util = 0.000000 
issued_two_Eff = -nan 
queue_avg = 0.000000 


dram_util_bins: 0 0 0 0 0 0 0 0 0 0
dram_eff_bins: 0 0 0 0 0 0 0 0 0 0
mrqq: max=0 avg=0
Memory Partition 3: 
Cache L2_bank_006:
MSHR contents

Cache L2_bank_007:
MSHR contents

In Dram Latency Queue (total = 0): 
DRAM[3]: 16 bks, busW=2 BL=16 CL=24, tRRD=12 tCCD=4, tRCD=24 tRAS=55 tRP=24 tRC=78
n_cmd=17677 n_nop=17677 n_act=0 n_pre=0 n_ref_event=0 n_req=0 n_rd=0 n_rd_L2_A=0 n_write=0 n_wr_bk=0 bw_util=0
n_activity=0 dram_eff=-nan
bk0: 0a 17677i bk1: 0a 17677i bk2: 0a 17677i bk3: 0a 17677i bk4: 0a 17677i bk5: 0a 17677i bk6: 0a 17677i bk7: 0a 17677i bk8: 0a 17677i bk9: 0a 17677i bk10: 0a 17677i bk11: 0a 17677i bk12: 0a 17677i bk13: 0a 17677i bk14: 0a 17677i bk15: 0a 17677i 

------------------------------------------------------------------------

Row_Buffer_Locality = -nan
Row_Buffer_Locality_read = -nan
Row_Buffer_Locality_write = -nan
Bank_Level_Parallism = -nan
Bank_Level_Parallism_Col = -nan
Bank_Level_Parallism_Ready = -nan
write_to_read_ratio_blp_rw_average = -nan
GrpLevelPara = -nan 

BW Util details:
bwutil = 0.000000 
total_CMD = 17677 
util_bw = 0 
Wasted_Col = 0 
Wasted_Row = 0 
Idle = 17677 

BW Util Bottlenecks: 
RCDc_limit = 0 
RCDWRc_limit = 0 
WTRc_limit = 0 
RTWc_limit = 0 
CCDLc_limit = 0 
rwq = 0 
CCDLc_limit_alone = 0 
WTRc_limit_alone = 0 
RTWc_limit_alone = 0 

Commands details: 
total_CMD = 17677 
n_nop = 17677 
Read = 0 
Write = 0 
L2_Alloc = 0 
L2_WB = 0 
n_act = 0 
n_pre = 0 
n_ref = 0 
n_req = 0 
total_req = 0 

Dual Bus Interface Util: 
issued_total_row = 0 
issued_total_col = 0 
Row_Bus_Util =  0.000000 
CoL_Bus_Util = 0.000000 
Either_Row_CoL_Bus_Util = 0.000000 
Issued_on_Two_Bus_Simul_Util = 0.000000 
issued_two_Eff = -nan 
queue_avg = 0.000000 


dram_util_bins: 0 0 0 0 0 0 0 0 0 0
dram_eff_bins: 0 0 0 0 0 0 0 0 0 0
mrqq: max=0 avg=0
Memory Partition 4: 
Cache L2_bank_008:
MSHR contents

Cache L2_bank_009:
MSHR contents

In Dram Latency Queue (total = 0): 
DRAM[4]: 16 bks, busW=2 BL=16 CL=24, tRRD=12 tCCD=4, tRCD=24 tRAS=55 tRP=24 tRC=78
n_cmd=17677 n_nop=17677 n_act=0 n_pre=0 n_ref_event=0 n_req=0 n_rd=0 n_rd_L2_A=0 n_write=0 n_wr_bk=0 bw_util=0
n_activity=0 dram_eff=-nan
bk0: 0a 17677i bk1: 0a 17677i bk2: 0a 17677i bk3: 0a 17677i bk4: 0a 17677i bk5: 0a 17677i bk6: 0a 17677i bk7: 0a 17677i bk8: 0a 17677i bk9: 0a 17677i bk10: 0a 17677i bk11: 0a 17677i bk12: 0a 17677i bk13: 0a 17677i bk14: 0a 17677i bk15: 0a 17677i 

------------------------------------------------------------------------

Row_Buffer_Locality = -nan
Row_Buffer_Locality_read = -nan
Row_Buffer_Locality_write = -nan
Bank_Level_Parallism = -nan
Bank_Level_Parallism_Col = -nan
Bank_Level_Parallism_Ready = -nan
write_to_read_ratio_blp_rw_average = -nan
GrpLevelPara = -nan 

BW Util details:
bwutil = 0.000000 
total_CMD = 17677 
util_bw = 0 
Wasted_Col = 0 
Wasted_Row = 0 
Idle = 17677 

BW Util Bottlenecks: 
RCDc_limit = 0 
RCDWRc_limit = 0 
WTRc_limit = 0 
RTWc_limit = 0 
CCDLc_limit = 0 
rwq = 0 
CCDLc_limit_alone = 0 
WTRc_limit_alone = 0 
RTWc_limit_alone = 0 

Commands details: 
total_CMD = 17677 
n_nop = 17677 
Read = 0 
Write = 0 
L2_Alloc = 0 
L2_WB = 0 
n_act = 0 
n_pre = 0 
n_ref = 0 
n_req = 0 
total_req = 0 

Dual Bus Interface Util: 
issued_total_row = 0 
issued_total_col = 0 
Row_Bus_Util =  0.000000 
CoL_Bus_Util = 0.000000 
Either_Row_CoL_Bus_Util = 0.000000 
Issued_on_Two_Bus_Simul_Util = 0.000000 
issued_two_Eff = -nan 
queue_avg = 0.000000 


dram_util_bins: 0 0 0 0 0 0 0 0 0 0
dram_eff_bins: 0 0 0 0 0 0 0 0 0 0
mrqq: max=0 avg=0
Memory Partition 5: 
Cache L2_bank_010:
MSHR contents

Cache L2_bank_011:
MSHR contents

In Dram Latency Queue (total = 0): 
DRAM[5]: 16 bks, busW=2 BL=16 CL=24, tRRD=12 tCCD=4, tRCD=24 tRAS=55 tRP=24 tRC=78
n_cmd=17677 n_nop=17677 n_act=0 n_pre=0 n_ref_event=0 n_req=0 n_rd=0 n_rd_L2_A=0 n_write=0 n_wr_bk=0 bw_util=0
n_activity=0 dram_eff=-nan
bk0: 0a 17677i bk1: 0a 17677i bk2: 0a 17677i bk3: 0a 17677i bk4: 0a 17677i bk5: 0a 17677i bk6: 0a 17677i bk7: 0a 17677i bk8: 0a 17677i bk9: 0a 17677i bk10: 0a 17677i bk11: 0a 17677i bk12: 0a 17677i bk13: 0a 17677i bk14: 0a 17677i bk15: 0a 17677i 

------------------------------------------------------------------------

Row_Buffer_Locality = -nan
Row_Buffer_Locality_read = -nan
Row_Buffer_Locality_write = -nan
Bank_Level_Parallism = -nan
Bank_Level_Parallism_Col = -nan
Bank_Level_Parallism_Ready = -nan
write_to_read_ratio_blp_rw_average = -nan
GrpLevelPara = -nan 

BW Util details:
bwutil = 0.000000 
total_CMD = 17677 
util_bw = 0 
Wasted_Col = 0 
Wasted_Row = 0 
Idle = 17677 

BW Util Bottlenecks: 
RCDc_limit = 0 
RCDWRc_limit = 0 
WTRc_limit = 0 
RTWc_limit = 0 
CCDLc_limit = 0 
rwq = 0 
CCDLc_limit_alone = 0 
WTRc_limit_alone = 0 
RTWc_limit_alone = 0 

Commands details: 
total_CMD = 17677 
n_nop = 17677 
Read = 0 
Write = 0 
L2_Alloc = 0 
L2_WB = 0 
n_act = 0 
n_pre = 0 
n_ref = 0 
n_req = 0 
total_req = 0 

Dual Bus Interface Util: 
issued_total_row = 0 
issued_total_col = 0 
Row_Bus_Util =  0.000000 
CoL_Bus_Util = 0.000000 
Either_Row_CoL_Bus_Util = 0.000000 
Issued_on_Two_Bus_Simul_Util = 0.000000 
issued_two_Eff = -nan 
queue_avg = 0.000000 


dram_util_bins: 0 0 0 0 0 0 0 0 0 0
dram_eff_bins: 0 0 0 0 0 0 0 0 0 0
mrqq: max=0 avg=0
Memory Partition 6: 
Cache L2_bank_012:
MSHR contents

Cache L2_bank_013:
MSHR contents

In Dram Latency Queue (total = 0): 
DRAM[6]: 16 bks, busW=2 BL=16 CL=24, tRRD=12 tCCD=4, tRCD=24 tRAS=55 tRP=24 tRC=78
n_cmd=17677 n_nop=17677 n_act=0 n_pre=0 n_ref_event=0 n_req=0 n_rd=0 n_rd_L2_A=0 n_write=0 n_wr_bk=0 bw_util=0
n_activity=0 dram_eff=-nan
bk0: 0a 17677i bk1: 0a 17677i bk2: 0a 17677i bk3: 0a 17677i bk4: 0a 17677i bk5: 0a 17677i bk6: 0a 17677i bk7: 0a 17677i bk8: 0a 17677i bk9: 0a 17677i bk10: 0a 17677i bk11: 0a 17677i bk12: 0a 17677i bk13: 0a 17677i bk14: 0a 17677i bk15: 0a 17677i 

------------------------------------------------------------------------

Row_Buffer_Locality = -nan
Row_Buffer_Locality_read = -nan
Row_Buffer_Locality_write = -nan
Bank_Level_Parallism = -nan
Bank_Level_Parallism_Col = -nan
Bank_Level_Parallism_Ready = -nan
write_to_read_ratio_blp_rw_average = -nan
GrpLevelPara = -nan 

BW Util details:
bwutil = 0.000000 
total_CMD = 17677 
util_bw = 0 
Wasted_Col = 0 
Wasted_Row = 0 
Idle = 17677 

BW Util Bottlenecks: 
RCDc_limit = 0 
RCDWRc_limit = 0 
WTRc_limit = 0 
RTWc_limit = 0 
CCDLc_limit = 0 
rwq = 0 
CCDLc_limit_alone = 0 
WTRc_limit_alone = 0 
RTWc_limit_alone = 0 

Commands details: 
total_CMD = 17677 
n_nop = 17677 
Read = 0 
Write = 0 
L2_Alloc = 0 
L2_WB = 0 
n_act = 0 
n_pre = 0 
n_ref = 0 
n_req = 0 
total_req = 0 

Dual Bus Interface Util: 
issued_total_row = 0 
issued_total_col = 0 
Row_Bus_Util =  0.000000 
CoL_Bus_Util = 0.000000 
Either_Row_CoL_Bus_Util = 0.000000 
Issued_on_Two_Bus_Simul_Util = 0.000000 
issued_two_Eff = -nan 
queue_avg = 0.000000 


dram_util_bins: 0 0 0 0 0 0 0 0 0 0
dram_eff_bins: 0 0 0 0 0 0 0 0 0 0
mrqq: max=0 avg=0
Memory Partition 7: 
Cache L2_bank_014:
MSHR contents

Cache L2_bank_015:
MSHR contents

In Dram Latency Queue (total = 0): 
DRAM[7]: 16 bks, busW=2 BL=16 CL=24, tRRD=12 tCCD=4, tRCD=24 tRAS=55 tRP=24 tRC=78
n_cmd=17677 n_nop=17677 n_act=0 n_pre=0 n_ref_event=0 n_req=0 n_rd=0 n_rd_L2_A=0 n_write=0 n_wr_bk=0 bw_util=0
n_activity=0 dram_eff=-nan
bk0: 0a 17677i bk1: 0a 17677i bk2: 0a 17677i bk3: 0a 17677i bk4: 0a 17677i bk5: 0a 17677i bk6: 0a 17677i bk7: 0a 17677i bk8: 0a 17677i bk9: 0a 17677i bk10: 0a 17677i bk11: 0a 17677i bk12: 0a 17677i bk13: 0a 17677i bk14: 0a 17677i bk15: 0a 17677i 

------------------------------------------------------------------------

Row_Buffer_Locality = -nan
Row_Buffer_Locality_read = -nan
Row_Buffer_Locality_write = -nan
Bank_Level_Parallism = -nan
Bank_Level_Parallism_Col = -nan
Bank_Level_Parallism_Ready = -nan
write_to_read_ratio_blp_rw_average = -nan
GrpLevelPara = -nan 

BW Util details:
bwutil = 0.000000 
total_CMD = 17677 
util_bw = 0 
Wasted_Col = 0 
Wasted_Row = 0 
Idle = 17677 

BW Util Bottlenecks: 
RCDc_limit = 0 
RCDWRc_limit = 0 
WTRc_limit = 0 
RTWc_limit = 0 
CCDLc_limit = 0 
rwq = 0 
CCDLc_limit_alone = 0 
WTRc_limit_alone = 0 
RTWc_limit_alone = 0 

Commands details: 
total_CMD = 17677 
n_nop = 17677 
Read = 0 
Write = 0 
L2_Alloc = 0 
L2_WB = 0 
n_act = 0 
n_pre = 0 
n_ref = 0 
n_req = 0 
total_req = 0 

Dual Bus Interface Util: 
issued_total_row = 0 
issued_total_col = 0 
Row_Bus_Util =  0.000000 
CoL_Bus_Util = 0.000000 
Either_Row_CoL_Bus_Util = 0.000000 
Issued_on_Two_Bus_Simul_Util = 0.000000 
issued_two_Eff = -nan 
queue_avg = 0.000000 


dram_util_bins: 0 0 0 0 0 0 0 0 0 0
dram_eff_bins: 0 0 0 0 0 0 0 0 0 0
mrqq: max=0 avg=0
Memory Partition 8: 
Cache L2_bank_016:
MSHR contents

Cache L2_bank_017:
MSHR contents

In Dram Latency Queue (total = 0): 
DRAM[8]: 16 bks, busW=2 BL=16 CL=24, tRRD=12 tCCD=4, tRCD=24 tRAS=55 tRP=24 tRC=78
n_cmd=17677 n_nop=17677 n_act=0 n_pre=0 n_ref_event=0 n_req=0 n_rd=0 n_rd_L2_A=0 n_write=0 n_wr_bk=0 bw_util=0
n_activity=0 dram_eff=-nan
bk0: 0a 17677i bk1: 0a 17677i bk2: 0a 17677i bk3: 0a 17677i bk4: 0a 17677i bk5: 0a 17677i bk6: 0a 17677i bk7: 0a 17677i bk8: 0a 17677i bk9: 0a 17677i bk10: 0a 17677i bk11: 0a 17677i bk12: 0a 17677i bk13: 0a 17677i bk14: 0a 17677i bk15: 0a 17677i 

------------------------------------------------------------------------

Row_Buffer_Locality = -nan
Row_Buffer_Locality_read = -nan
Row_Buffer_Locality_write = -nan
Bank_Level_Parallism = -nan
Bank_Level_Parallism_Col = -nan
Bank_Level_Parallism_Ready = -nan
write_to_read_ratio_blp_rw_average = -nan
GrpLevelPara = -nan 

BW Util details:
bwutil = 0.000000 
total_CMD = 17677 
util_bw = 0 
Wasted_Col = 0 
Wasted_Row = 0 
Idle = 17677 

BW Util Bottlenecks: 
RCDc_limit = 0 
RCDWRc_limit = 0 
WTRc_limit = 0 
RTWc_limit = 0 
CCDLc_limit = 0 
rwq = 0 
CCDLc_limit_alone = 0 
WTRc_limit_alone = 0 
RTWc_limit_alone = 0 

Commands details: 
total_CMD = 17677 
n_nop = 17677 
Read = 0 
Write = 0 
L2_Alloc = 0 
L2_WB = 0 
n_act = 0 
n_pre = 0 
n_ref = 0 
n_req = 0 
total_req = 0 

Dual Bus Interface Util: 
issued_total_row = 0 
issued_total_col = 0 
Row_Bus_Util =  0.000000 
CoL_Bus_Util = 0.000000 
Either_Row_CoL_Bus_Util = 0.000000 
Issued_on_Two_Bus_Simul_Util = 0.000000 
issued_two_Eff = -nan 
queue_avg = 0.000000 


dram_util_bins: 0 0 0 0 0 0 0 0 0 0
dram_eff_bins: 0 0 0 0 0 0 0 0 0 0
mrqq: max=0 avg=0
Memory Partition 9: 
Cache L2_bank_018:
MSHR contents

Cache L2_bank_019:
MSHR contents

In Dram Latency Queue (total = 0): 
DRAM[9]: 16 bks, busW=2 BL=16 CL=24, tRRD=12 tCCD=4, tRCD=24 tRAS=55 tRP=24 tRC=78
n_cmd=17677 n_nop=17677 n_act=0 n_pre=0 n_ref_event=0 n_req=0 n_rd=0 n_rd_L2_A=0 n_write=0 n_wr_bk=0 bw_util=0
n_activity=0 dram_eff=-nan
bk0: 0a 17677i bk1: 0a 17677i bk2: 0a 17677i bk3: 0a 17677i bk4: 0a 17677i bk5: 0a 17677i bk6: 0a 17677i bk7: 0a 17677i bk8: 0a 17677i bk9: 0a 17677i bk10: 0a 17677i bk11: 0a 17677i bk12: 0a 17677i bk13: 0a 17677i bk14: 0a 17677i bk15: 0a 17677i 

------------------------------------------------------------------------

Row_Buffer_Locality = -nan
Row_Buffer_Locality_read = -nan
Row_Buffer_Locality_write = -nan
Bank_Level_Parallism = -nan
Bank_Level_Parallism_Col = -nan
Bank_Level_Parallism_Ready = -nan
write_to_read_ratio_blp_rw_average = -nan
GrpLevelPara = -nan 

BW Util details:
bwutil = 0.000000 
total_CMD = 17677 
util_bw = 0 
Wasted_Col = 0 
Wasted_Row = 0 
Idle = 17677 

BW Util Bottlenecks: 
RCDc_limit = 0 
RCDWRc_limit = 0 
WTRc_limit = 0 
RTWc_limit = 0 
CCDLc_limit = 0 
rwq = 0 
CCDLc_limit_alone = 0 
WTRc_limit_alone = 0 
RTWc_limit_alone = 0 

Commands details: 
total_CMD = 17677 
n_nop = 17677 
Read = 0 
Write = 0 
L2_Alloc = 0 
L2_WB = 0 
n_act = 0 
n_pre = 0 
n_ref = 0 
n_req = 0 
total_req = 0 

Dual Bus Interface Util: 
issued_total_row = 0 
issued_total_col = 0 
Row_Bus_Util =  0.000000 
CoL_Bus_Util = 0.000000 
Either_Row_CoL_Bus_Util = 0.000000 
Issued_on_Two_Bus_Simul_Util = 0.000000 
issued_two_Eff = -nan 
queue_avg = 0.000000 


dram_util_bins: 0 0 0 0 0 0 0 0 0 0
dram_eff_bins: 0 0 0 0 0 0 0 0 0 0
mrqq: max=0 avg=0
Memory Partition 10: 
Cache L2_bank_020:
MSHR contents

Cache L2_bank_021:
MSHR contents

In Dram Latency Queue (total = 0): 
DRAM[10]: 16 bks, busW=2 BL=16 CL=24, tRRD=12 tCCD=4, tRCD=24 tRAS=55 tRP=24 tRC=78
n_cmd=17677 n_nop=17677 n_act=0 n_pre=0 n_ref_event=0 n_req=0 n_rd=0 n_rd_L2_A=0 n_write=0 n_wr_bk=0 bw_util=0
n_activity=0 dram_eff=-nan
bk0: 0a 17677i bk1: 0a 17677i bk2: 0a 17677i bk3: 0a 17677i bk4: 0a 17677i bk5: 0a 17677i bk6: 0a 17677i bk7: 0a 17677i bk8: 0a 17677i bk9: 0a 17677i bk10: 0a 17677i bk11: 0a 17677i bk12: 0a 17677i bk13: 0a 17677i bk14: 0a 17677i bk15: 0a 17677i 

------------------------------------------------------------------------

Row_Buffer_Locality = -nan
Row_Buffer_Locality_read = -nan
Row_Buffer_Locality_write = -nan
Bank_Level_Parallism = -nan
Bank_Level_Parallism_Col = -nan
Bank_Level_Parallism_Ready = -nan
write_to_read_ratio_blp_rw_average = -nan
GrpLevelPara = -nan 

BW Util details:
bwutil = 0.000000 
total_CMD = 17677 
util_bw = 0 
Wasted_Col = 0 
Wasted_Row = 0 
Idle = 17677 

BW Util Bottlenecks: 
RCDc_limit = 0 
RCDWRc_limit = 0 
WTRc_limit = 0 
RTWc_limit = 0 
CCDLc_limit = 0 
rwq = 0 
CCDLc_limit_alone = 0 
WTRc_limit_alone = 0 
RTWc_limit_alone = 0 

Commands details: 
total_CMD = 17677 
n_nop = 17677 
Read = 0 
Write = 0 
L2_Alloc = 0 
L2_WB = 0 
n_act = 0 
n_pre = 0 
n_ref = 0 
n_req = 0 
total_req = 0 

Dual Bus Interface Util: 
issued_total_row = 0 
issued_total_col = 0 
Row_Bus_Util =  0.000000 
CoL_Bus_Util = 0.000000 
Either_Row_CoL_Bus_Util = 0.000000 
Issued_on_Two_Bus_Simul_Util = 0.000000 
issued_two_Eff = -nan 
queue_avg = 0.000000 


dram_util_bins: 0 0 0 0 0 0 0 0 0 0
dram_eff_bins: 0 0 0 0 0 0 0 0 0 0
mrqq: max=0 avg=0
Memory Partition 11: 
Cache L2_bank_022:
MSHR contents

Cache L2_bank_023:
MSHR contents

In Dram Latency Queue (total = 0): 
DRAM[11]: 16 bks, busW=2 BL=16 CL=24, tRRD=12 tCCD=4, tRCD=24 tRAS=55 tRP=24 tRC=78
n_cmd=17677 n_nop=17677 n_act=0 n_pre=0 n_ref_event=0 n_req=0 n_rd=0 n_rd_L2_A=0 n_write=0 n_wr_bk=0 bw_util=0
n_activity=0 dram_eff=-nan
bk0: 0a 17677i bk1: 0a 17677i bk2: 0a 17677i bk3: 0a 17677i bk4: 0a 17677i bk5: 0a 17677i bk6: 0a 17677i bk7: 0a 17677i bk8: 0a 17677i bk9: 0a 17677i bk10: 0a 17677i bk11: 0a 17677i bk12: 0a 17677i bk13: 0a 17677i bk14: 0a 17677i bk15: 0a 17677i 

------------------------------------------------------------------------

Row_Buffer_Locality = -nan
Row_Buffer_Locality_read = -nan
Row_Buffer_Locality_write = -nan
Bank_Level_Parallism = -nan
Bank_Level_Parallism_Col = -nan
Bank_Level_Parallism_Ready = -nan
write_to_read_ratio_blp_rw_average = -nan
GrpLevelPara = -nan 

BW Util details:
bwutil = 0.000000 
total_CMD = 17677 
util_bw = 0 
Wasted_Col = 0 
Wasted_Row = 0 
Idle = 17677 

BW Util Bottlenecks: 
RCDc_limit = 0 
RCDWRc_limit = 0 
WTRc_limit = 0 
RTWc_limit = 0 
CCDLc_limit = 0 
rwq = 0 
CCDLc_limit_alone = 0 
WTRc_limit_alone = 0 
RTWc_limit_alone = 0 

Commands details: 
total_CMD = 17677 
n_nop = 17677 
Read = 0 
Write = 0 
L2_Alloc = 0 
L2_WB = 0 
n_act = 0 
n_pre = 0 
n_ref = 0 
n_req = 0 
total_req = 0 

Dual Bus Interface Util: 
issued_total_row = 0 
issued_total_col = 0 
Row_Bus_Util =  0.000000 
CoL_Bus_Util = 0.000000 
Either_Row_CoL_Bus_Util = 0.000000 
Issued_on_Two_Bus_Simul_Util = 0.000000 
issued_two_Eff = -nan 
queue_avg = 0.000000 


dram_util_bins: 0 0 0 0 0 0 0 0 0 0
dram_eff_bins: 0 0 0 0 0 0 0 0 0 0
mrqq: max=0 avg=0
Memory Partition 12: 
Cache L2_bank_024:
MSHR contents

Cache L2_bank_025:
MSHR contents

In Dram Latency Queue (total = 0): 
DRAM[12]: 16 bks, busW=2 BL=16 CL=24, tRRD=12 tCCD=4, tRCD=24 tRAS=55 tRP=24 tRC=78
n_cmd=17677 n_nop=17677 n_act=0 n_pre=0 n_ref_event=0 n_req=0 n_rd=0 n_rd_L2_A=0 n_write=0 n_wr_bk=0 bw_util=0
n_activity=0 dram_eff=-nan
bk0: 0a 17677i bk1: 0a 17677i bk2: 0a 17677i bk3: 0a 17677i bk4: 0a 17677i bk5: 0a 17677i bk6: 0a 17677i bk7: 0a 17677i bk8: 0a 17677i bk9: 0a 17677i bk10: 0a 17677i bk11: 0a 17677i bk12: 0a 17677i bk13: 0a 17677i bk14: 0a 17677i bk15: 0a 17677i 

------------------------------------------------------------------------

Row_Buffer_Locality = -nan
Row_Buffer_Locality_read = -nan
Row_Buffer_Locality_write = -nan
Bank_Level_Parallism = -nan
Bank_Level_Parallism_Col = -nan
Bank_Level_Parallism_Ready = -nan
write_to_read_ratio_blp_rw_average = -nan
GrpLevelPara = -nan 

BW Util details:
bwutil = 0.000000 
total_CMD = 17677 
util_bw = 0 
Wasted_Col = 0 
Wasted_Row = 0 
Idle = 17677 

BW Util Bottlenecks: 
RCDc_limit = 0 
RCDWRc_limit = 0 
WTRc_limit = 0 
RTWc_limit = 0 
CCDLc_limit = 0 
rwq = 0 
CCDLc_limit_alone = 0 
WTRc_limit_alone = 0 
RTWc_limit_alone = 0 

Commands details: 
total_CMD = 17677 
n_nop = 17677 
Read = 0 
Write = 0 
L2_Alloc = 0 
L2_WB = 0 
n_act = 0 
n_pre = 0 
n_ref = 0 
n_req = 0 
total_req = 0 

Dual Bus Interface Util: 
issued_total_row = 0 
issued_total_col = 0 
Row_Bus_Util =  0.000000 
CoL_Bus_Util = 0.000000 
Either_Row_CoL_Bus_Util = 0.000000 
Issued_on_Two_Bus_Simul_Util = 0.000000 
issued_two_Eff = -nan 
queue_avg = 0.000000 


dram_util_bins: 0 0 0 0 0 0 0 0 0 0
dram_eff_bins: 0 0 0 0 0 0 0 0 0 0
mrqq: max=0 avg=0
Memory Partition 13: 
Cache L2_bank_026:
MSHR contents

Cache L2_bank_027:
MSHR contents

In Dram Latency Queue (total = 0): 
DRAM[13]: 16 bks, busW=2 BL=16 CL=24, tRRD=12 tCCD=4, tRCD=24 tRAS=55 tRP=24 tRC=78
n_cmd=17677 n_nop=17677 n_act=0 n_pre=0 n_ref_event=0 n_req=0 n_rd=0 n_rd_L2_A=0 n_write=0 n_wr_bk=0 bw_util=0
n_activity=0 dram_eff=-nan
bk0: 0a 17677i bk1: 0a 17677i bk2: 0a 17677i bk3: 0a 17677i bk4: 0a 17677i bk5: 0a 17677i bk6: 0a 17677i bk7: 0a 17677i bk8: 0a 17677i bk9: 0a 17677i bk10: 0a 17677i bk11: 0a 17677i bk12: 0a 17677i bk13: 0a 17677i bk14: 0a 17677i bk15: 0a 17677i 

------------------------------------------------------------------------

Row_Buffer_Locality = -nan
Row_Buffer_Locality_read = -nan
Row_Buffer_Locality_write = -nan
Bank_Level_Parallism = -nan
Bank_Level_Parallism_Col = -nan
Bank_Level_Parallism_Ready = -nan
write_to_read_ratio_blp_rw_average = -nan
GrpLevelPara = -nan 

BW Util details:
bwutil = 0.000000 
total_CMD = 17677 
util_bw = 0 
Wasted_Col = 0 
Wasted_Row = 0 
Idle = 17677 

BW Util Bottlenecks: 
RCDc_limit = 0 
RCDWRc_limit = 0 
WTRc_limit = 0 
RTWc_limit = 0 
CCDLc_limit = 0 
rwq = 0 
CCDLc_limit_alone = 0 
WTRc_limit_alone = 0 
RTWc_limit_alone = 0 

Commands details: 
total_CMD = 17677 
n_nop = 17677 
Read = 0 
Write = 0 
L2_Alloc = 0 
L2_WB = 0 
n_act = 0 
n_pre = 0 
n_ref = 0 
n_req = 0 
total_req = 0 

Dual Bus Interface Util: 
issued_total_row = 0 
issued_total_col = 0 
Row_Bus_Util =  0.000000 
CoL_Bus_Util = 0.000000 
Either_Row_CoL_Bus_Util = 0.000000 
Issued_on_Two_Bus_Simul_Util = 0.000000 
issued_two_Eff = -nan 
queue_avg = 0.000000 


dram_util_bins: 0 0 0 0 0 0 0 0 0 0
dram_eff_bins: 0 0 0 0 0 0 0 0 0 0
mrqq: max=0 avg=0
Memory Partition 14: 
Cache L2_bank_028:
MSHR contents

Cache L2_bank_029:
MSHR contents

In Dram Latency Queue (total = 0): 
DRAM[14]: 16 bks, busW=2 BL=16 CL=24, tRRD=12 tCCD=4, tRCD=24 tRAS=55 tRP=24 tRC=78
n_cmd=17677 n_nop=17677 n_act=0 n_pre=0 n_ref_event=0 n_req=0 n_rd=0 n_rd_L2_A=0 n_write=0 n_wr_bk=0 bw_util=0
n_activity=0 dram_eff=-nan
bk0: 0a 17677i bk1: 0a 17677i bk2: 0a 17677i bk3: 0a 17677i bk4: 0a 17677i bk5: 0a 17677i bk6: 0a 17677i bk7: 0a 17677i bk8: 0a 17677i bk9: 0a 17677i bk10: 0a 17677i bk11: 0a 17677i bk12: 0a 17677i bk13: 0a 17677i bk14: 0a 17677i bk15: 0a 17677i 

------------------------------------------------------------------------

Row_Buffer_Locality = -nan
Row_Buffer_Locality_read = -nan
Row_Buffer_Locality_write = -nan
Bank_Level_Parallism = -nan
Bank_Level_Parallism_Col = -nan
Bank_Level_Parallism_Ready = -nan
write_to_read_ratio_blp_rw_average = -nan
GrpLevelPara = -nan 

BW Util details:
bwutil = 0.000000 
total_CMD = 17677 
util_bw = 0 
Wasted_Col = 0 
Wasted_Row = 0 
Idle = 17677 

BW Util Bottlenecks: 
RCDc_limit = 0 
RCDWRc_limit = 0 
WTRc_limit = 0 
RTWc_limit = 0 
CCDLc_limit = 0 
rwq = 0 
CCDLc_limit_alone = 0 
WTRc_limit_alone = 0 
RTWc_limit_alone = 0 

Commands details: 
total_CMD = 17677 
n_nop = 17677 
Read = 0 
Write = 0 
L2_Alloc = 0 
L2_WB = 0 
n_act = 0 
n_pre = 0 
n_ref = 0 
n_req = 0 
total_req = 0 

Dual Bus Interface Util: 
issued_total_row = 0 
issued_total_col = 0 
Row_Bus_Util =  0.000000 
CoL_Bus_Util = 0.000000 
Either_Row_CoL_Bus_Util = 0.000000 
Issued_on_Two_Bus_Simul_Util = 0.000000 
issued_two_Eff = -nan 
queue_avg = 0.000000 


dram_util_bins: 0 0 0 0 0 0 0 0 0 0
dram_eff_bins: 0 0 0 0 0 0 0 0 0 0
mrqq: max=0 avg=0
Memory Partition 15: 
Cache L2_bank_030:
MSHR contents

Cache L2_bank_031:
MSHR contents

In Dram Latency Queue (total = 0): 
DRAM[15]: 16 bks, busW=2 BL=16 CL=24, tRRD=12 tCCD=4, tRCD=24 tRAS=55 tRP=24 tRC=78
n_cmd=17677 n_nop=17677 n_act=0 n_pre=0 n_ref_event=0 n_req=0 n_rd=0 n_rd_L2_A=0 n_write=0 n_wr_bk=0 bw_util=0
n_activity=0 dram_eff=-nan
bk0: 0a 17677i bk1: 0a 17677i bk2: 0a 17677i bk3: 0a 17677i bk4: 0a 17677i bk5: 0a 17677i bk6: 0a 17677i bk7: 0a 17677i bk8: 0a 17677i bk9: 0a 17677i bk10: 0a 17677i bk11: 0a 17677i bk12: 0a 17677i bk13: 0a 17677i bk14: 0a 17677i bk15: 0a 17677i 

------------------------------------------------------------------------

Row_Buffer_Locality = -nan
Row_Buffer_Locality_read = -nan
Row_Buffer_Locality_write = -nan
Bank_Level_Parallism = -nan
Bank_Level_Parallism_Col = -nan
Bank_Level_Parallism_Ready = -nan
write_to_read_ratio_blp_rw_average = -nan
GrpLevelPara = -nan 

BW Util details:
bwutil = 0.000000 
total_CMD = 17677 
util_bw = 0 
Wasted_Col = 0 
Wasted_Row = 0 
Idle = 17677 

BW Util Bottlenecks: 
RCDc_limit = 0 
RCDWRc_limit = 0 
WTRc_limit = 0 
RTWc_limit = 0 
CCDLc_limit = 0 
rwq = 0 
CCDLc_limit_alone = 0 
WTRc_limit_alone = 0 
RTWc_limit_alone = 0 

Commands details: 
total_CMD = 17677 
n_nop = 17677 
Read = 0 
Write = 0 
L2_Alloc = 0 
L2_WB = 0 
n_act = 0 
n_pre = 0 
n_ref = 0 
n_req = 0 
total_req = 0 

Dual Bus Interface Util: 
issued_total_row = 0 
issued_total_col = 0 
Row_Bus_Util =  0.000000 
CoL_Bus_Util = 0.000000 
Either_Row_CoL_Bus_Util = 0.000000 
Issued_on_Two_Bus_Simul_Util = 0.000000 
issued_two_Eff = -nan 
queue_avg = 0.000000 


dram_util_bins: 0 0 0 0 0 0 0 0 0 0
dram_eff_bins: 0 0 0 0 0 0 0 0 0 0
mrqq: max=0 avg=0
Memory Partition 16: 
Cache L2_bank_032:
MSHR contents

Cache L2_bank_033:
MSHR contents

In Dram Latency Queue (total = 0): 
DRAM[16]: 16 bks, busW=2 BL=16 CL=24, tRRD=12 tCCD=4, tRCD=24 tRAS=55 tRP=24 tRC=78
n_cmd=17677 n_nop=17677 n_act=0 n_pre=0 n_ref_event=0 n_req=0 n_rd=0 n_rd_L2_A=0 n_write=0 n_wr_bk=0 bw_util=0
n_activity=0 dram_eff=-nan
bk0: 0a 17677i bk1: 0a 17677i bk2: 0a 17677i bk3: 0a 17677i bk4: 0a 17677i bk5: 0a 17677i bk6: 0a 17677i bk7: 0a 17677i bk8: 0a 17677i bk9: 0a 17677i bk10: 0a 17677i bk11: 0a 17677i bk12: 0a 17677i bk13: 0a 17677i bk14: 0a 17677i bk15: 0a 17677i 

------------------------------------------------------------------------

Row_Buffer_Locality = -nan
Row_Buffer_Locality_read = -nan
Row_Buffer_Locality_write = -nan
Bank_Level_Parallism = -nan
Bank_Level_Parallism_Col = -nan
Bank_Level_Parallism_Ready = -nan
write_to_read_ratio_blp_rw_average = -nan
GrpLevelPara = -nan 

BW Util details:
bwutil = 0.000000 
total_CMD = 17677 
util_bw = 0 
Wasted_Col = 0 
Wasted_Row = 0 
Idle = 17677 

BW Util Bottlenecks: 
RCDc_limit = 0 
RCDWRc_limit = 0 
WTRc_limit = 0 
RTWc_limit = 0 
CCDLc_limit = 0 
rwq = 0 
CCDLc_limit_alone = 0 
WTRc_limit_alone = 0 
RTWc_limit_alone = 0 

Commands details: 
total_CMD = 17677 
n_nop = 17677 
Read = 0 
Write = 0 
L2_Alloc = 0 
L2_WB = 0 
n_act = 0 
n_pre = 0 
n_ref = 0 
n_req = 0 
total_req = 0 

Dual Bus Interface Util: 
issued_total_row = 0 
issued_total_col = 0 
Row_Bus_Util =  0.000000 
CoL_Bus_Util = 0.000000 
Either_Row_CoL_Bus_Util = 0.000000 
Issued_on_Two_Bus_Simul_Util = 0.000000 
issued_two_Eff = -nan 
queue_avg = 0.000000 


dram_util_bins: 0 0 0 0 0 0 0 0 0 0
dram_eff_bins: 0 0 0 0 0 0 0 0 0 0
mrqq: max=0 avg=0
Memory Partition 17: 
Cache L2_bank_034:
MSHR contents

Cache L2_bank_035:
MSHR contents

In Dram Latency Queue (total = 0): 
DRAM[17]: 16 bks, busW=2 BL=16 CL=24, tRRD=12 tCCD=4, tRCD=24 tRAS=55 tRP=24 tRC=78
n_cmd=17677 n_nop=17677 n_act=0 n_pre=0 n_ref_event=0 n_req=0 n_rd=0 n_rd_L2_A=0 n_write=0 n_wr_bk=0 bw_util=0
n_activity=0 dram_eff=-nan
bk0: 0a 17677i bk1: 0a 17677i bk2: 0a 17677i bk3: 0a 17677i bk4: 0a 17677i bk5: 0a 17677i bk6: 0a 17677i bk7: 0a 17677i bk8: 0a 17677i bk9: 0a 17677i bk10: 0a 17677i bk11: 0a 17677i bk12: 0a 17677i bk13: 0a 17677i bk14: 0a 17677i bk15: 0a 17677i 

------------------------------------------------------------------------

Row_Buffer_Locality = -nan
Row_Buffer_Locality_read = -nan
Row_Buffer_Locality_write = -nan
Bank_Level_Parallism = -nan
Bank_Level_Parallism_Col = -nan
Bank_Level_Parallism_Ready = -nan
write_to_read_ratio_blp_rw_average = -nan
GrpLevelPara = -nan 

BW Util details:
bwutil = 0.000000 
total_CMD = 17677 
util_bw = 0 
Wasted_Col = 0 
Wasted_Row = 0 
Idle = 17677 

BW Util Bottlenecks: 
RCDc_limit = 0 
RCDWRc_limit = 0 
WTRc_limit = 0 
RTWc_limit = 0 
CCDLc_limit = 0 
rwq = 0 
CCDLc_limit_alone = 0 
WTRc_limit_alone = 0 
RTWc_limit_alone = 0 

Commands details: 
total_CMD = 17677 
n_nop = 17677 
Read = 0 
Write = 0 
L2_Alloc = 0 
L2_WB = 0 
n_act = 0 
n_pre = 0 
n_ref = 0 
n_req = 0 
total_req = 0 

Dual Bus Interface Util: 
issued_total_row = 0 
issued_total_col = 0 
Row_Bus_Util =  0.000000 
CoL_Bus_Util = 0.000000 
Either_Row_CoL_Bus_Util = 0.000000 
Issued_on_Two_Bus_Simul_Util = 0.000000 
issued_two_Eff = -nan 
queue_avg = 0.000000 


dram_util_bins: 0 0 0 0 0 0 0 0 0 0
dram_eff_bins: 0 0 0 0 0 0 0 0 0 0
mrqq: max=0 avg=0
Memory Partition 18: 
Cache L2_bank_036:
MSHR contents

Cache L2_bank_037:
MSHR contents

In Dram Latency Queue (total = 0): 
DRAM[18]: 16 bks, busW=2 BL=16 CL=24, tRRD=12 tCCD=4, tRCD=24 tRAS=55 tRP=24 tRC=78
n_cmd=17677 n_nop=17677 n_act=0 n_pre=0 n_ref_event=0 n_req=0 n_rd=0 n_rd_L2_A=0 n_write=0 n_wr_bk=0 bw_util=0
n_activity=0 dram_eff=-nan
bk0: 0a 17677i bk1: 0a 17677i bk2: 0a 17677i bk3: 0a 17677i bk4: 0a 17677i bk5: 0a 17677i bk6: 0a 17677i bk7: 0a 17677i bk8: 0a 17677i bk9: 0a 17677i bk10: 0a 17677i bk11: 0a 17677i bk12: 0a 17677i bk13: 0a 17677i bk14: 0a 17677i bk15: 0a 17677i 

------------------------------------------------------------------------

Row_Buffer_Locality = -nan
Row_Buffer_Locality_read = -nan
Row_Buffer_Locality_write = -nan
Bank_Level_Parallism = -nan
Bank_Level_Parallism_Col = -nan
Bank_Level_Parallism_Ready = -nan
write_to_read_ratio_blp_rw_average = -nan
GrpLevelPara = -nan 

BW Util details:
bwutil = 0.000000 
total_CMD = 17677 
util_bw = 0 
Wasted_Col = 0 
Wasted_Row = 0 
Idle = 17677 

BW Util Bottlenecks: 
RCDc_limit = 0 
RCDWRc_limit = 0 
WTRc_limit = 0 
RTWc_limit = 0 
CCDLc_limit = 0 
rwq = 0 
CCDLc_limit_alone = 0 
WTRc_limit_alone = 0 
RTWc_limit_alone = 0 

Commands details: 
total_CMD = 17677 
n_nop = 17677 
Read = 0 
Write = 0 
L2_Alloc = 0 
L2_WB = 0 
n_act = 0 
n_pre = 0 
n_ref = 0 
n_req = 0 
total_req = 0 

Dual Bus Interface Util: 
issued_total_row = 0 
issued_total_col = 0 
Row_Bus_Util =  0.000000 
CoL_Bus_Util = 0.000000 
Either_Row_CoL_Bus_Util = 0.000000 
Issued_on_Two_Bus_Simul_Util = 0.000000 
issued_two_Eff = -nan 
queue_avg = 0.000000 


dram_util_bins: 0 0 0 0 0 0 0 0 0 0
dram_eff_bins: 0 0 0 0 0 0 0 0 0 0
mrqq: max=0 avg=0
Memory Partition 19: 
Cache L2_bank_038:
MSHR contents

Cache L2_bank_039:
MSHR contents

In Dram Latency Queue (total = 0): 
DRAM[19]: 16 bks, busW=2 BL=16 CL=24, tRRD=12 tCCD=4, tRCD=24 tRAS=55 tRP=24 tRC=78
n_cmd=17677 n_nop=17677 n_act=0 n_pre=0 n_ref_event=0 n_req=0 n_rd=0 n_rd_L2_A=0 n_write=0 n_wr_bk=0 bw_util=0
n_activity=0 dram_eff=-nan
bk0: 0a 17677i bk1: 0a 17677i bk2: 0a 17677i bk3: 0a 17677i bk4: 0a 17677i bk5: 0a 17677i bk6: 0a 17677i bk7: 0a 17677i bk8: 0a 17677i bk9: 0a 17677i bk10: 0a 17677i bk11: 0a 17677i bk12: 0a 17677i bk13: 0a 17677i bk14: 0a 17677i bk15: 0a 17677i 

------------------------------------------------------------------------

Row_Buffer_Locality = -nan
Row_Buffer_Locality_read = -nan
Row_Buffer_Locality_write = -nan
Bank_Level_Parallism = -nan
Bank_Level_Parallism_Col = -nan
Bank_Level_Parallism_Ready = -nan
write_to_read_ratio_blp_rw_average = -nan
GrpLevelPara = -nan 

BW Util details:
bwutil = 0.000000 
total_CMD = 17677 
util_bw = 0 
Wasted_Col = 0 
Wasted_Row = 0 
Idle = 17677 

BW Util Bottlenecks: 
RCDc_limit = 0 
RCDWRc_limit = 0 
WTRc_limit = 0 
RTWc_limit = 0 
CCDLc_limit = 0 
rwq = 0 
CCDLc_limit_alone = 0 
WTRc_limit_alone = 0 
RTWc_limit_alone = 0 

Commands details: 
total_CMD = 17677 
n_nop = 17677 
Read = 0 
Write = 0 
L2_Alloc = 0 
L2_WB = 0 
n_act = 0 
n_pre = 0 
n_ref = 0 
n_req = 0 
total_req = 0 

Dual Bus Interface Util: 
issued_total_row = 0 
issued_total_col = 0 
Row_Bus_Util =  0.000000 
CoL_Bus_Util = 0.000000 
Either_Row_CoL_Bus_Util = 0.000000 
Issued_on_Two_Bus_Simul_Util = 0.000000 
issued_two_Eff = -nan 
queue_avg = 0.000000 


dram_util_bins: 0 0 0 0 0 0 0 0 0 0
dram_eff_bins: 0 0 0 0 0 0 0 0 0 0
mrqq: max=0 avg=0
Memory Partition 20: 
Cache L2_bank_040:
MSHR contents

Cache L2_bank_041:
MSHR contents

In Dram Latency Queue (total = 0): 
DRAM[20]: 16 bks, busW=2 BL=16 CL=24, tRRD=12 tCCD=4, tRCD=24 tRAS=55 tRP=24 tRC=78
n_cmd=17677 n_nop=17677 n_act=0 n_pre=0 n_ref_event=0 n_req=0 n_rd=0 n_rd_L2_A=0 n_write=0 n_wr_bk=0 bw_util=0
n_activity=0 dram_eff=-nan
bk0: 0a 17677i bk1: 0a 17677i bk2: 0a 17677i bk3: 0a 17677i bk4: 0a 17677i bk5: 0a 17677i bk6: 0a 17677i bk7: 0a 17677i bk8: 0a 17677i bk9: 0a 17677i bk10: 0a 17677i bk11: 0a 17677i bk12: 0a 17677i bk13: 0a 17677i bk14: 0a 17677i bk15: 0a 17677i 

------------------------------------------------------------------------

Row_Buffer_Locality = -nan
Row_Buffer_Locality_read = -nan
Row_Buffer_Locality_write = -nan
Bank_Level_Parallism = -nan
Bank_Level_Parallism_Col = -nan
Bank_Level_Parallism_Ready = -nan
write_to_read_ratio_blp_rw_average = -nan
GrpLevelPara = -nan 

BW Util details:
bwutil = 0.000000 
total_CMD = 17677 
util_bw = 0 
Wasted_Col = 0 
Wasted_Row = 0 
Idle = 17677 

BW Util Bottlenecks: 
RCDc_limit = 0 
RCDWRc_limit = 0 
WTRc_limit = 0 
RTWc_limit = 0 
CCDLc_limit = 0 
rwq = 0 
CCDLc_limit_alone = 0 
WTRc_limit_alone = 0 
RTWc_limit_alone = 0 

Commands details: 
total_CMD = 17677 
n_nop = 17677 
Read = 0 
Write = 0 
L2_Alloc = 0 
L2_WB = 0 
n_act = 0 
n_pre = 0 
n_ref = 0 
n_req = 0 
total_req = 0 

Dual Bus Interface Util: 
issued_total_row = 0 
issued_total_col = 0 
Row_Bus_Util =  0.000000 
CoL_Bus_Util = 0.000000 
Either_Row_CoL_Bus_Util = 0.000000 
Issued_on_Two_Bus_Simul_Util = 0.000000 
issued_two_Eff = -nan 
queue_avg = 0.000000 


dram_util_bins: 0 0 0 0 0 0 0 0 0 0
dram_eff_bins: 0 0 0 0 0 0 0 0 0 0
mrqq: max=0 avg=0
Memory Partition 21: 
Cache L2_bank_042:
MSHR contents

Cache L2_bank_043:
MSHR contents

In Dram Latency Queue (total = 0): 
DRAM[21]: 16 bks, busW=2 BL=16 CL=24, tRRD=12 tCCD=4, tRCD=24 tRAS=55 tRP=24 tRC=78
n_cmd=17677 n_nop=17677 n_act=0 n_pre=0 n_ref_event=0 n_req=0 n_rd=0 n_rd_L2_A=0 n_write=0 n_wr_bk=0 bw_util=0
n_activity=0 dram_eff=-nan
bk0: 0a 17677i bk1: 0a 17677i bk2: 0a 17677i bk3: 0a 17677i bk4: 0a 17677i bk5: 0a 17677i bk6: 0a 17677i bk7: 0a 17677i bk8: 0a 17677i bk9: 0a 17677i bk10: 0a 17677i bk11: 0a 17677i bk12: 0a 17677i bk13: 0a 17677i bk14: 0a 17677i bk15: 0a 17677i 

------------------------------------------------------------------------

Row_Buffer_Locality = -nan
Row_Buffer_Locality_read = -nan
Row_Buffer_Locality_write = -nan
Bank_Level_Parallism = -nan
Bank_Level_Parallism_Col = -nan
Bank_Level_Parallism_Ready = -nan
write_to_read_ratio_blp_rw_average = -nan
GrpLevelPara = -nan 

BW Util details:
bwutil = 0.000000 
total_CMD = 17677 
util_bw = 0 
Wasted_Col = 0 
Wasted_Row = 0 
Idle = 17677 

BW Util Bottlenecks: 
RCDc_limit = 0 
RCDWRc_limit = 0 
WTRc_limit = 0 
RTWc_limit = 0 
CCDLc_limit = 0 
rwq = 0 
CCDLc_limit_alone = 0 
WTRc_limit_alone = 0 
RTWc_limit_alone = 0 

Commands details: 
total_CMD = 17677 
n_nop = 17677 
Read = 0 
Write = 0 
L2_Alloc = 0 
L2_WB = 0 
n_act = 0 
n_pre = 0 
n_ref = 0 
n_req = 0 
total_req = 0 

Dual Bus Interface Util: 
issued_total_row = 0 
issued_total_col = 0 
Row_Bus_Util =  0.000000 
CoL_Bus_Util = 0.000000 
Either_Row_CoL_Bus_Util = 0.000000 
Issued_on_Two_Bus_Simul_Util = 0.000000 
issued_two_Eff = -nan 
queue_avg = 0.000000 


dram_util_bins: 0 0 0 0 0 0 0 0 0 0
dram_eff_bins: 0 0 0 0 0 0 0 0 0 0
mrqq: max=0 avg=0
Memory Partition 22: 
Cache L2_bank_044:
MSHR contents

Cache L2_bank_045:
MSHR contents

In Dram Latency Queue (total = 0): 
DRAM[22]: 16 bks, busW=2 BL=16 CL=24, tRRD=12 tCCD=4, tRCD=24 tRAS=55 tRP=24 tRC=78
n_cmd=17677 n_nop=17677 n_act=0 n_pre=0 n_ref_event=0 n_req=0 n_rd=0 n_rd_L2_A=0 n_write=0 n_wr_bk=0 bw_util=0
n_activity=0 dram_eff=-nan
bk0: 0a 17677i bk1: 0a 17677i bk2: 0a 17677i bk3: 0a 17677i bk4: 0a 17677i bk5: 0a 17677i bk6: 0a 17677i bk7: 0a 17677i bk8: 0a 17677i bk9: 0a 17677i bk10: 0a 17677i bk11: 0a 17677i bk12: 0a 17677i bk13: 0a 17677i bk14: 0a 17677i bk15: 0a 17677i 

------------------------------------------------------------------------

Row_Buffer_Locality = -nan
Row_Buffer_Locality_read = -nan
Row_Buffer_Locality_write = -nan
Bank_Level_Parallism = -nan
Bank_Level_Parallism_Col = -nan
Bank_Level_Parallism_Ready = -nan
write_to_read_ratio_blp_rw_average = -nan
GrpLevelPara = -nan 

BW Util details:
bwutil = 0.000000 
total_CMD = 17677 
util_bw = 0 
Wasted_Col = 0 
Wasted_Row = 0 
Idle = 17677 

BW Util Bottlenecks: 
RCDc_limit = 0 
RCDWRc_limit = 0 
WTRc_limit = 0 
RTWc_limit = 0 
CCDLc_limit = 0 
rwq = 0 
CCDLc_limit_alone = 0 
WTRc_limit_alone = 0 
RTWc_limit_alone = 0 

Commands details: 
total_CMD = 17677 
n_nop = 17677 
Read = 0 
Write = 0 
L2_Alloc = 0 
L2_WB = 0 
n_act = 0 
n_pre = 0 
n_ref = 0 
n_req = 0 
total_req = 0 

Dual Bus Interface Util: 
issued_total_row = 0 
issued_total_col = 0 
Row_Bus_Util =  0.000000 
CoL_Bus_Util = 0.000000 
Either_Row_CoL_Bus_Util = 0.000000 
Issued_on_Two_Bus_Simul_Util = 0.000000 
issued_two_Eff = -nan 
queue_avg = 0.000000 


dram_util_bins: 0 0 0 0 0 0 0 0 0 0
dram_eff_bins: 0 0 0 0 0 0 0 0 0 0
mrqq: max=0 avg=0
Memory Partition 23: 
Cache L2_bank_046:
MSHR contents

Cache L2_bank_047:
MSHR contents

In Dram Latency Queue (total = 0): 
DRAM[23]: 16 bks, busW=2 BL=16 CL=24, tRRD=12 tCCD=4, tRCD=24 tRAS=55 tRP=24 tRC=78
n_cmd=17677 n_nop=17677 n_act=0 n_pre=0 n_ref_event=0 n_req=0 n_rd=0 n_rd_L2_A=0 n_write=0 n_wr_bk=0 bw_util=0
n_activity=0 dram_eff=-nan
bk0: 0a 17677i bk1: 0a 17677i bk2: 0a 17677i bk3: 0a 17677i bk4: 0a 17677i bk5: 0a 17677i bk6: 0a 17677i bk7: 0a 17677i bk8: 0a 17677i bk9: 0a 17677i bk10: 0a 17677i bk11: 0a 17677i bk12: 0a 17677i bk13: 0a 17677i bk14: 0a 17677i bk15: 0a 17677i 

------------------------------------------------------------------------

Row_Buffer_Locality = -nan
Row_Buffer_Locality_read = -nan
Row_Buffer_Locality_write = -nan
Bank_Level_Parallism = -nan
Bank_Level_Parallism_Col = -nan
Bank_Level_Parallism_Ready = -nan
write_to_read_ratio_blp_rw_average = -nan
GrpLevelPara = -nan 

BW Util details:
bwutil = 0.000000 
total_CMD = 17677 
util_bw = 0 
Wasted_Col = 0 
Wasted_Row = 0 
Idle = 17677 

BW Util Bottlenecks: 
RCDc_limit = 0 
RCDWRc_limit = 0 
WTRc_limit = 0 
RTWc_limit = 0 
CCDLc_limit = 0 
rwq = 0 
CCDLc_limit_alone = 0 
WTRc_limit_alone = 0 
RTWc_limit_alone = 0 

Commands details: 
total_CMD = 17677 
n_nop = 17677 
Read = 0 
Write = 0 
L2_Alloc = 0 
L2_WB = 0 
n_act = 0 
n_pre = 0 
n_ref = 0 
n_req = 0 
total_req = 0 

Dual Bus Interface Util: 
issued_total_row = 0 
issued_total_col = 0 
Row_Bus_Util =  0.000000 
CoL_Bus_Util = 0.000000 
Either_Row_CoL_Bus_Util = 0.000000 
Issued_on_Two_Bus_Simul_Util = 0.000000 
issued_two_Eff = -nan 
queue_avg = 0.000000 


dram_util_bins: 0 0 0 0 0 0 0 0 0 0
dram_eff_bins: 0 0 0 0 0 0 0 0 0 0
mrqq: max=0 avg=0

========= L2 cache stats =========
L2_cache_bank[0]: Access = 76, Miss = 48, Miss_rate = 0.632, Pending_hits = 0, Reservation_fails = 0
L2_cache_bank[1]: Access = 76, Miss = 48, Miss_rate = 0.632, Pending_hits = 0, Reservation_fails = 0
L2_cache_bank[2]: Access = 76, Miss = 48, Miss_rate = 0.632, Pending_hits = 0, Reservation_fails = 0
L2_cache_bank[3]: Access = 76, Miss = 48, Miss_rate = 0.632, Pending_hits = 0, Reservation_fails = 0
L2_cache_bank[4]: Access = 76, Miss = 48, Miss_rate = 0.632, Pending_hits = 0, Reservation_fails = 0
L2_cache_bank[5]: Access = 76, Miss = 48, Miss_rate = 0.632, Pending_hits = 0, Reservation_fails = 0
L2_cache_bank[6]: Access = 76, Miss = 48, Miss_rate = 0.632, Pending_hits = 0, Reservation_fails = 0
L2_cache_bank[7]: Access = 76, Miss = 48, Miss_rate = 0.632, Pending_hits = 0, Reservation_fails = 0
L2_cache_bank[8]: Access = 76, Miss = 48, Miss_rate = 0.632, Pending_hits = 0, Reservation_fails = 0
L2_cache_bank[9]: Access = 76, Miss = 48, Miss_rate = 0.632, Pending_hits = 0, Reservation_fails = 0
L2_cache_bank[10]: Access = 76, Miss = 48, Miss_rate = 0.632, Pending_hits = 0, Reservation_fails = 0
L2_cache_bank[11]: Access = 76, Miss = 48, Miss_rate = 0.632, Pending_hits = 0, Reservation_fails = 0
L2_cache_bank[12]: Access = 76, Miss = 48, Miss_rate = 0.632, Pending_hits = 0, Reservation_fails = 0
L2_cache_bank[13]: Access = 76, Miss = 48, Miss_rate = 0.632, Pending_hits = 0, Reservation_fails = 0
L2_cache_bank[14]: Access = 76, Miss = 48, Miss_rate = 0.632, Pending_hits = 0, Reservation_fails = 0
L2_cache_bank[15]: Access = 76, Miss = 48, Miss_rate = 0.632, Pending_hits = 0, Reservation_fails = 0
L2_cache_bank[16]: Access = 56, Miss = 28, Miss_rate = 0.500, Pending_hits = 0, Reservation_fails = 0
L2_cache_bank[17]: Access = 56, Miss = 28, Miss_rate = 0.500, Pending_hits = 0, Reservation_fails = 0
L2_cache_bank[18]: Access = 56, Miss = 28, Miss_rate = 0.500, Pending_hits = 0, Reservation_fails = 0
L2_cache_bank[19]: Access = 56, Miss = 28, Miss_rate = 0.500, Pending_hits = 0, Reservation_fails = 0
L2_cache_bank[20]: Access = 56, Miss = 28, Miss_rate = 0.500, Pending_hits = 0, Reservation_fails = 0
L2_cache_bank[21]: Access = 56, Miss = 28, Miss_rate = 0.500, Pending_hits = 0, Reservation_fails = 0
L2_cache_bank[22]: Access = 56, Miss = 28, Miss_rate = 0.500, Pending_hits = 0, Reservation_fails = 0
L2_cache_bank[23]: Access = 56, Miss = 28, Miss_rate = 0.500, Pending_hits = 0, Reservation_fails = 0
L2_cache_bank[24]: Access = 56, Miss = 28, Miss_rate = 0.500, Pending_hits = 0, Reservation_fails = 0
L2_cache_bank[25]: Access = 56, Miss = 28, Miss_rate = 0.500, Pending_hits = 0, Reservation_fails = 0
L2_cache_bank[26]: Access = 56, Miss = 28, Miss_rate = 0.500, Pending_hits = 0, Reservation_fails = 0
L2_cache_bank[27]: Access = 56, Miss = 28, Miss_rate = 0.500, Pending_hits = 0, Reservation_fails = 0
L2_cache_bank[28]: Access = 56, Miss = 28, Miss_rate = 0.500, Pending_hits = 0, Reservation_fails = 0
L2_cache_bank[29]: Access = 56, Miss = 28, Miss_rate = 0.500, Pending_hits = 0, Reservation_fails = 0
L2_cache_bank[30]: Access = 56, Miss = 28, Miss_rate = 0.500, Pending_hits = 0, Reservation_fails = 0
L2_cache_bank[31]: Access = 56, Miss = 28, Miss_rate = 0.500, Pending_hits = 0, Reservation_fails = 0
L2_cache_bank[32]: Access = 32, Miss = 8, Miss_rate = 0.250, Pending_hits = 0, Reservation_fails = 0
L2_cache_bank[33]: Access = 32, Miss = 8, Miss_rate = 0.250, Pending_hits = 0, Reservation_fails = 0
L2_cache_bank[34]: Access = 32, Miss = 8, Miss_rate = 0.250, Pending_hits = 0, Reservation_fails = 0
L2_cache_bank[35]: Access = 32, Miss = 8, Miss_rate = 0.250, Pending_hits = 0, Reservation_fails = 0
L2_cache_bank[36]: Access = 32, Miss = 8, Miss_rate = 0.250, Pending_hits = 0, Reservation_fails = 0
L2_cache_bank[37]: Access = 32, Miss = 8, Miss_rate = 0.250, Pending_hits = 0, Reservation_fails = 0
L2_cache_bank[38]: Access = 32, Miss = 8, Miss_rate = 0.250, Pending_hits = 0, Reservation_fails = 0
L2_cache_bank[39]: Access = 32, Miss = 8, Miss_rate = 0.250, Pending_hits = 0, Reservation_fails = 0
L2_cache_bank[40]: Access = 32, Miss = 4, Miss_rate = 0.125, Pending_hits = 0, Reservation_fails = 0
L2_cache_bank[41]: Access = 32, Miss = 4, Miss_rate = 0.125, Pending_hits = 0, Reservation_fails = 0
L2_cache_bank[42]: Access = 32, Miss = 4, Miss_rate = 0.125, Pending_hits = 0, Reservation_fails = 0
L2_cache_bank[43]: Access = 32, Miss = 4, Miss_rate = 0.125, Pending_hits = 0, Reservation_fails = 0
L2_cache_bank[44]: Access = 32, Miss = 4, Miss_rate = 0.125, Pending_hits = 0, Reservation_fails = 0
L2_cache_bank[45]: Access = 32, Miss = 4, Miss_rate = 0.125, Pending_hits = 0, Reservation_fails = 0
L2_cache_bank[46]: Access = 32, Miss = 4, Miss_rate = 0.125, Pending_hits = 0, Reservation_fails = 0
L2_cache_bank[47]: Access = 32, Miss = 4, Miss_rate = 0.125, Pending_hits = 0, Reservation_fails = 0
L2_total_cache_accesses = 2624
L2_total_cache_misses = 1312
L2_total_cache_miss_rate = 0.5000
L2_total_cache_pending_hits = 0
L2_total_cache_reservation_fails = 0
L2_total_cache_breakdown:
	L2_cache_stats_breakdown[GLOBAL_ACC_R][HIT] = 1312
	L2_cache_stats_breakdown[GLOBAL_ACC_R][HIT_RESERVED] = 0
	L2_cache_stats_breakdown[GLOBAL_ACC_R][MISS] = 0
	L2_cache_stats_breakdown[GLOBAL_ACC_R][RESERVATION_FAIL] = 0
	L2_cache_stats_breakdown[GLOBAL_ACC_R][SECTOR_MISS] = 0
	L2_cache_stats_breakdown[GLOBAL_ACC_R][MSHR_HIT] = 0
	L2_cache_stats_breakdown[LOCAL_ACC_R][HIT] = 0
	L2_cache_stats_breakdown[LOCAL_ACC_R][HIT_RESERVED] = 0
	L2_cache_stats_breakdown[LOCAL_ACC_R][MISS] = 0
	L2_cache_stats_breakdown[LOCAL_ACC_R][RESERVATION_FAIL] = 0
	L2_cache_stats_breakdown[LOCAL_ACC_R][SECTOR_MISS] = 0
	L2_cache_stats_breakdown[LOCAL_ACC_R][MSHR_HIT] = 0
	L2_cache_stats_breakdown[CONST_ACC_R][HIT] = 0
	L2_cache_stats_breakdown[CONST_ACC_R][HIT_RESERVED] = 0
	L2_cache_stats_breakdown[CONST_ACC_R][MISS] = 0
	L2_cache_stats_breakdown[CONST_ACC_R][RESERVATION_FAIL] = 0
	L2_cache_stats_breakdown[CONST_ACC_R][SECTOR_MISS] = 0
	L2_cache_stats_breakdown[CONST_ACC_R][MSHR_HIT] = 0
	L2_cache_stats_breakdown[TEXTURE_ACC_R][HIT] = 0
	L2_cache_stats_breakdown[TEXTURE_ACC_R][HIT_RESERVED] = 0
	L2_cache_stats_breakdown[TEXTURE_ACC_R][MISS] = 0
	L2_cache_stats_breakdown[TEXTURE_ACC_R][RESERVATION_FAIL] = 0
	L2_cache_stats_breakdown[TEXTURE_ACC_R][SECTOR_MISS] = 0
	L2_cache_stats_breakdown[TEXTURE_ACC_R][MSHR_HIT] = 0
	L2_cache_stats_breakdown[GLOBAL_ACC_W][HIT] = 0
	L2_cache_stats_breakdown[GLOBAL_ACC_W][HIT_RESERVED] = 0
	L2_cache_stats_breakdown[GLOBAL_ACC_W][MISS] = 328
	L2_cache_stats_breakdown[GLOBAL_ACC_W][RESERVATION_FAIL] = 0
	L2_cache_stats_breakdown[GLOBAL_ACC_W][SECTOR_MISS] = 984
	L2_cache_stats_breakdown[GLOBAL_ACC_W][MSHR_HIT] = 0
	L2_cache_stats_breakdown[LOCAL_ACC_W][HIT] = 0
	L2_cache_stats_breakdown[LOCAL_ACC_W][HIT_RESERVED] = 0
	L2_cache_stats_breakdown[LOCAL_ACC_W][MISS] = 0
	L2_cache_stats_breakdown[LOCAL_ACC_W][RESERVATION_FAIL] = 0
	L2_cache_stats_breakdown[LOCAL_ACC_W][SECTOR_MISS] = 0
	L2_cache_stats_breakdown[LOCAL_ACC_W][MSHR_HIT] = 0
	L2_cache_stats_breakdown[L1_WRBK_ACC][HIT] = 0
	L2_cache_stats_breakdown[L1_WRBK_ACC][HIT_RESERVED] = 0
	L2_cache_stats_breakdown[L1_WRBK_ACC][MISS] = 0
	L2_cache_stats_breakdown[L1_WRBK_ACC][RESERVATION_FAIL] = 0
	L2_cache_stats_breakdown[L1_WRBK_ACC][SECTOR_MISS] = 0
	L2_cache_stats_breakdown[L1_WRBK_ACC][MSHR_HIT] = 0
	L2_cache_stats_breakdown[L2_WRBK_ACC][HIT] = 0
	L2_cache_stats_breakdown[L2_WRBK_ACC][HIT_RESERVED] = 0
	L2_cache_stats_breakdown[L2_WRBK_ACC][MISS] = 0
	L2_cache_stats_breakdown[L2_WRBK_ACC][RESERVATION_FAIL] = 0
	L2_cache_stats_breakdown[L2_WRBK_ACC][SECTOR_MISS] = 0
	L2_cache_stats_breakdown[L2_WRBK_ACC][MSHR_HIT] = 0
	L2_cache_stats_breakdown[INST_ACC_R][HIT] = 0
	L2_cache_stats_breakdown[INST_ACC_R][HIT_RESERVED] = 0
	L2_cache_stats_breakdown[INST_ACC_R][MISS] = 0
	L2_cache_stats_breakdown[INST_ACC_R][RESERVATION_FAIL] = 0
	L2_cache_stats_breakdown[INST_ACC_R][SECTOR_MISS] = 0
	L2_cache_stats_breakdown[INST_ACC_R][MSHR_HIT] = 0
	L2_cache_stats_breakdown[L1_WR_ALLOC_R][HIT] = 0
	L2_cache_stats_breakdown[L1_WR_ALLOC_R][HIT_RESERVED] = 0
	L2_cache_stats_breakdown[L1_WR_ALLOC_R][MISS] = 0
	L2_cache_stats_breakdown[L1_WR_ALLOC_R][RESERVATION_FAIL] = 0
	L2_cache_stats_breakdown[L1_WR_ALLOC_R][SECTOR_MISS] = 0
	L2_cache_stats_breakdown[L1_WR_ALLOC_R][MSHR_HIT] = 0
	L2_cache_stats_breakdown[L2_WR_ALLOC_R][HIT] = 0
	L2_cache_stats_breakdown[L2_WR_ALLOC_R][HIT_RESERVED] = 0
	L2_cache_stats_breakdown[L2_WR_ALLOC_R][MISS] = 0
	L2_cache_stats_breakdown[L2_WR_ALLOC_R][RESERVATION_FAIL] = 0
	L2_cache_stats_breakdown[L2_WR_ALLOC_R][SECTOR_MISS] = 0
	L2_cache_stats_breakdown[L2_WR_ALLOC_R][MSHR_HIT] = 0
	L2_cache_stats_breakdown[GLOBAL_ACC_R][TOTAL_ACCESS] = 1312
	L2_cache_stats_breakdown[GLOBAL_ACC_W][TOTAL_ACCESS] = 1312
L2_total_cache_reservation_fail_breakdown:
L2_cache_data_port_util = 0.005
L2_cache_fill_port_util = 0.000

icnt_total_pkts_mem_to_simt=2624
icnt_total_pkts_simt_to_mem=2624
LD_mem_lat_dist  0 0 0 0 0 0 0 0 0 0 0 0 0 0 0 0 0 0 0 0 0 0 0 0 0 0 0
ST_mem_lat_dist  0 0 0 0 0 0 0 0 0 0 0 0 0 0 0 0 0 0 0 0 0 0 0 0 0 0 0
----------------------------Interconnect-DETAILS--------------------------------
Req_Network_injected_packets_num = 2624
Req_Network_cycles = 5708
Req_Network_injected_packets_per_cycle =       0.4597 
Req_Network_conflicts_per_cycle =       0.5459
Req_Network_conflicts_per_cycle_util =      29.9615
Req_Bank_Level_Parallism =      25.2308
Req_Network_in_buffer_full_per_cycle =       0.0000
Req_Network_in_buffer_avg_util =       0.0440
Req_Network_out_buffer_full_per_cycle =       0.0000
Req_Network_out_buffer_avg_util =       0.0096

Reply_Network_injected_packets_num = 2624
Reply_Network_cycles = 5708
Reply_Network_injected_packets_per_cycle =        0.4597
Reply_Network_conflicts_per_cycle =        0.0252
Reply_Network_conflicts_per_cycle_util =       1.3846
Reply_Bank_Level_Parallism =      25.2308
Reply_Network_in_buffer_full_per_cycle =       0.0000
Reply_Network_in_buffer_avg_util =       0.0011
Reply_Network_out_buffer_full_per_cycle =       0.0000
Reply_Network_out_buffer_avg_util =       0.0056
----------------------------END-of-Interconnect-DETAILS-------------------------


gpgpu_simulation_time = 0 days, 0 hrs, 0 min, 2 sec (2 sec)
gpgpu_simulation_rate = 167936 (inst/sec)
gpgpu_simulation_rate = 2854 (cycle/sec)
gpgpu_silicon_slowdown = 593903x
GPGPU-Sim: synchronize waiting for inactive GPU simulation
GPGPU-Sim API: Stream Manager State
GPGPU-Sim: detected inactive GPU simulation thread
GPGPU-Sim PTX: Setting up arguments for 8 bytes starting at 0x7ffe0f169e30..
GPGPU-Sim PTX: Setting up arguments for 8 bytes starting at 0x7ffe0f169e38..
GPGPU-Sim PTX: Setting up arguments for 4 bytes starting at 0x7ffe0f169df8..
GPGPU-Sim PTX: Setting up arguments for 4 bytes starting at 0x7ffe0f169dfc..

GPGPU-Sim PTX: cudaLaunch for 0x0x55c1c88f1b50 (mode=performance simulation) on stream 0
GPGPU-Sim PTX: PDOM analysis already done for _Z10bsmm_stagePKfPfii 
GPGPU-Sim PTX: pushing kernel '_Z10bsmm_stagePKfPfii' to stream 0, gridDim= (82,1,1) blockDim = (128,1,1) 
GPGPU-Sim uArch: Shader 0 bind to kernel 2 '_Z10bsmm_stagePKfPfii'
GPGPU-Sim: Reconfigure L1 cache to 128KB
GPGPU-Sim uArch: Shader 1 bind to kernel 2 '_Z10bsmm_stagePKfPfii'
GPGPU-Sim uArch: Shader 2 bind to kernel 2 '_Z10bsmm_stagePKfPfii'
GPGPU-Sim uArch: Shader 3 bind to kernel 2 '_Z10bsmm_stagePKfPfii'
GPGPU-Sim uArch: Shader 4 bind to kernel 2 '_Z10bsmm_stagePKfPfii'
GPGPU-Sim uArch: Shader 5 bind to kernel 2 '_Z10bsmm_stagePKfPfii'
GPGPU-Sim uArch: Shader 6 bind to kernel 2 '_Z10bsmm_stagePKfPfii'
GPGPU-Sim uArch: Shader 7 bind to kernel 2 '_Z10bsmm_stagePKfPfii'
GPGPU-Sim uArch: Shader 8 bind to kernel 2 '_Z10bsmm_stagePKfPfii'
GPGPU-Sim uArch: Shader 9 bind to kernel 2 '_Z10bsmm_stagePKfPfii'
GPGPU-Sim uArch: Shader 10 bind to kernel 2 '_Z10bsmm_stagePKfPfii'
GPGPU-Sim uArch: Shader 11 bind to kernel 2 '_Z10bsmm_stagePKfPfii'
GPGPU-Sim uArch: Shader 12 bind to kernel 2 '_Z10bsmm_stagePKfPfii'
GPGPU-Sim uArch: Shader 13 bind to kernel 2 '_Z10bsmm_stagePKfPfii'
GPGPU-Sim uArch: Shader 14 bind to kernel 2 '_Z10bsmm_stagePKfPfii'
GPGPU-Sim uArch: Shader 15 bind to kernel 2 '_Z10bsmm_stagePKfPfii'
GPGPU-Sim uArch: Shader 16 bind to kernel 2 '_Z10bsmm_stagePKfPfii'
GPGPU-Sim uArch: Shader 17 bind to kernel 2 '_Z10bsmm_stagePKfPfii'
GPGPU-Sim uArch: Shader 18 bind to kernel 2 '_Z10bsmm_stagePKfPfii'
GPGPU-Sim uArch: Shader 19 bind to kernel 2 '_Z10bsmm_stagePKfPfii'
GPGPU-Sim uArch: Shader 20 bind to kernel 2 '_Z10bsmm_stagePKfPfii'
GPGPU-Sim uArch: Shader 21 bind to kernel 2 '_Z10bsmm_stagePKfPfii'
GPGPU-Sim uArch: Shader 22 bind to kernel 2 '_Z10bsmm_stagePKfPfii'
GPGPU-Sim uArch: Shader 23 bind to kernel 2 '_Z10bsmm_stagePKfPfii'
GPGPU-Sim uArch: Shader 24 bind to kernel 2 '_Z10bsmm_stagePKfPfii'
GPGPU-Sim uArch: Shader 25 bind to kernel 2 '_Z10bsmm_stagePKfPfii'
GPGPU-Sim uArch: Shader 26 bind to kernel 2 '_Z10bsmm_stagePKfPfii'
GPGPU-Sim uArch: Shader 27 bind to kernel 2 '_Z10bsmm_stagePKfPfii'
GPGPU-Sim uArch: Shader 28 bind to kernel 2 '_Z10bsmm_stagePKfPfii'
GPGPU-Sim uArch: Shader 29 bind to kernel 2 '_Z10bsmm_stagePKfPfii'
GPGPU-Sim uArch: Shader 30 bind to kernel 2 '_Z10bsmm_stagePKfPfii'
GPGPU-Sim uArch: Shader 31 bind to kernel 2 '_Z10bsmm_stagePKfPfii'
GPGPU-Sim uArch: Shader 32 bind to kernel 2 '_Z10bsmm_stagePKfPfii'
GPGPU-Sim uArch: Shader 33 bind to kernel 2 '_Z10bsmm_stagePKfPfii'
GPGPU-Sim uArch: Shader 34 bind to kernel 2 '_Z10bsmm_stagePKfPfii'
GPGPU-Sim uArch: Shader 35 bind to kernel 2 '_Z10bsmm_stagePKfPfii'
GPGPU-Sim uArch: Shader 36 bind to kernel 2 '_Z10bsmm_stagePKfPfii'
GPGPU-Sim uArch: Shader 37 bind to kernel 2 '_Z10bsmm_stagePKfPfii'
GPGPU-Sim uArch: Shader 38 bind to kernel 2 '_Z10bsmm_stagePKfPfii'
GPGPU-Sim uArch: Shader 39 bind to kernel 2 '_Z10bsmm_stagePKfPfii'
GPGPU-Sim uArch: Shader 40 bind to kernel 2 '_Z10bsmm_stagePKfPfii'
GPGPU-Sim uArch: Shader 41 bind to kernel 2 '_Z10bsmm_stagePKfPfii'
GPGPU-Sim uArch: Shader 42 bind to kernel 2 '_Z10bsmm_stagePKfPfii'
GPGPU-Sim uArch: Shader 43 bind to kernel 2 '_Z10bsmm_stagePKfPfii'
GPGPU-Sim uArch: Shader 44 bind to kernel 2 '_Z10bsmm_stagePKfPfii'
GPGPU-Sim uArch: Shader 45 bind to kernel 2 '_Z10bsmm_stagePKfPfii'
GPGPU-Sim uArch: Shader 46 bind to kernel 2 '_Z10bsmm_stagePKfPfii'
GPGPU-Sim uArch: Shader 47 bind to kernel 2 '_Z10bsmm_stagePKfPfii'
GPGPU-Sim uArch: Shader 48 bind to kernel 2 '_Z10bsmm_stagePKfPfii'
GPGPU-Sim uArch: Shader 49 bind to kernel 2 '_Z10bsmm_stagePKfPfii'
GPGPU-Sim uArch: Shader 50 bind to kernel 2 '_Z10bsmm_stagePKfPfii'
GPGPU-Sim uArch: Shader 51 bind to kernel 2 '_Z10bsmm_stagePKfPfii'
GPGPU-Sim uArch: Shader 52 bind to kernel 2 '_Z10bsmm_stagePKfPfii'
GPGPU-Sim uArch: Shader 53 bind to kernel 2 '_Z10bsmm_stagePKfPfii'
GPGPU-Sim uArch: Shader 54 bind to kernel 2 '_Z10bsmm_stagePKfPfii'
GPGPU-Sim uArch: Shader 55 bind to kernel 2 '_Z10bsmm_stagePKfPfii'
GPGPU-Sim uArch: Shader 56 bind to kernel 2 '_Z10bsmm_stagePKfPfii'
GPGPU-Sim uArch: Shader 57 bind to kernel 2 '_Z10bsmm_stagePKfPfii'
GPGPU-Sim uArch: Shader 58 bind to kernel 2 '_Z10bsmm_stagePKfPfii'
GPGPU-Sim uArch: Shader 59 bind to kernel 2 '_Z10bsmm_stagePKfPfii'
GPGPU-Sim uArch: Shader 60 bind to kernel 2 '_Z10bsmm_stagePKfPfii'
GPGPU-Sim uArch: Shader 61 bind to kernel 2 '_Z10bsmm_stagePKfPfii'
GPGPU-Sim uArch: Shader 62 bind to kernel 2 '_Z10bsmm_stagePKfPfii'
GPGPU-Sim uArch: Shader 63 bind to kernel 2 '_Z10bsmm_stagePKfPfii'
GPGPU-Sim uArch: Shader 64 bind to kernel 2 '_Z10bsmm_stagePKfPfii'
GPGPU-Sim uArch: Shader 65 bind to kernel 2 '_Z10bsmm_stagePKfPfii'
GPGPU-Sim uArch: Shader 66 bind to kernel 2 '_Z10bsmm_stagePKfPfii'
GPGPU-Sim uArch: Shader 67 bind to kernel 2 '_Z10bsmm_stagePKfPfii'
GPGPU-Sim uArch: Shader 68 bind to kernel 2 '_Z10bsmm_stagePKfPfii'
GPGPU-Sim uArch: Shader 69 bind to kernel 2 '_Z10bsmm_stagePKfPfii'
GPGPU-Sim uArch: Shader 70 bind to kernel 2 '_Z10bsmm_stagePKfPfii'
GPGPU-Sim uArch: Shader 71 bind to kernel 2 '_Z10bsmm_stagePKfPfii'
GPGPU-Sim uArch: Shader 72 bind to kernel 2 '_Z10bsmm_stagePKfPfii'
GPGPU-Sim uArch: Shader 73 bind to kernel 2 '_Z10bsmm_stagePKfPfii'
GPGPU-Sim uArch: Shader 74 bind to kernel 2 '_Z10bsmm_stagePKfPfii'
GPGPU-Sim uArch: Shader 75 bind to kernel 2 '_Z10bsmm_stagePKfPfii'
GPGPU-Sim uArch: Shader 76 bind to kernel 2 '_Z10bsmm_stagePKfPfii'
GPGPU-Sim uArch: Shader 77 bind to kernel 2 '_Z10bsmm_stagePKfPfii'
GPGPU-Sim uArch: Shader 78 bind to kernel 2 '_Z10bsmm_stagePKfPfii'
GPGPU-Sim uArch: Shader 79 bind to kernel 2 '_Z10bsmm_stagePKfPfii'
GPGPU-Sim uArch: Shader 80 bind to kernel 2 '_Z10bsmm_stagePKfPfii'
GPGPU-Sim uArch: Shader 81 bind to kernel 2 '_Z10bsmm_stagePKfPfii'
Destroy streams for kernel 2: size 0
kernel_name = _Z10bsmm_stagePKfPfii 
kernel_launch_uid = 2 
kernel_stream_id = 140455600206528
gpu_sim_cycle = 5699
gpu_sim_insn = 335872
gpu_ipc =      58.9353
gpu_tot_sim_cycle = 11407
gpu_tot_sim_insn = 671744
gpu_tot_ipc =      58.8888
gpu_tot_issued_cta = 164
gpu_occupancy = 8.1547% 
gpu_tot_occupancy = 8.1467% 
max_total_param_size = 0
gpu_stall_dramfull = 0
gpu_stall_icnt2sh    = 0
partiton_level_parallism =       0.4604
partiton_level_parallism_total  =       0.4601
partiton_level_parallism_util =      21.1613
partiton_level_parallism_util_total  =      23.0175
L2_BW  =      24.9738 GB/Sec
L2_BW_total  =      24.9541 GB/Sec
gpu_total_sim_rate=167936

========= Core cache stats =========
L1I_cache:
	L1I_total_cache_accesses = 0
	L1I_total_cache_misses = 0
	L1I_total_cache_pending_hits = 0
	L1I_total_cache_reservation_fails = 0
L1D_cache:
	L1D_cache_core[0]: Access = 96, Miss = 64, Miss_rate = 0.667, Pending_hits = 0, Reservation_fails = 0
	L1D_cache_core[1]: Access = 96, Miss = 64, Miss_rate = 0.667, Pending_hits = 0, Reservation_fails = 0
	L1D_cache_core[2]: Access = 96, Miss = 64, Miss_rate = 0.667, Pending_hits = 0, Reservation_fails = 0
	L1D_cache_core[3]: Access = 96, Miss = 64, Miss_rate = 0.667, Pending_hits = 0, Reservation_fails = 0
	L1D_cache_core[4]: Access = 96, Miss = 64, Miss_rate = 0.667, Pending_hits = 0, Reservation_fails = 0
	L1D_cache_core[5]: Access = 96, Miss = 64, Miss_rate = 0.667, Pending_hits = 0, Reservation_fails = 0
	L1D_cache_core[6]: Access = 96, Miss = 64, Miss_rate = 0.667, Pending_hits = 0, Reservation_fails = 0
	L1D_cache_core[7]: Access = 96, Miss = 64, Miss_rate = 0.667, Pending_hits = 0, Reservation_fails = 0
	L1D_cache_core[8]: Access = 96, Miss = 64, Miss_rate = 0.667, Pending_hits = 0, Reservation_fails = 0
	L1D_cache_core[9]: Access = 96, Miss = 64, Miss_rate = 0.667, Pending_hits = 0, Reservation_fails = 0
	L1D_cache_core[10]: Access = 96, Miss = 64, Miss_rate = 0.667, Pending_hits = 0, Reservation_fails = 0
	L1D_cache_core[11]: Access = 96, Miss = 64, Miss_rate = 0.667, Pending_hits = 0, Reservation_fails = 0
	L1D_cache_core[12]: Access = 96, Miss = 64, Miss_rate = 0.667, Pending_hits = 0, Reservation_fails = 0
	L1D_cache_core[13]: Access = 96, Miss = 64, Miss_rate = 0.667, Pending_hits = 0, Reservation_fails = 0
	L1D_cache_core[14]: Access = 96, Miss = 64, Miss_rate = 0.667, Pending_hits = 0, Reservation_fails = 0
	L1D_cache_core[15]: Access = 96, Miss = 64, Miss_rate = 0.667, Pending_hits = 0, Reservation_fails = 0
	L1D_cache_core[16]: Access = 96, Miss = 64, Miss_rate = 0.667, Pending_hits = 0, Reservation_fails = 0
	L1D_cache_core[17]: Access = 96, Miss = 64, Miss_rate = 0.667, Pending_hits = 0, Reservation_fails = 0
	L1D_cache_core[18]: Access = 96, Miss = 64, Miss_rate = 0.667, Pending_hits = 0, Reservation_fails = 0
	L1D_cache_core[19]: Access = 96, Miss = 64, Miss_rate = 0.667, Pending_hits = 0, Reservation_fails = 0
	L1D_cache_core[20]: Access = 96, Miss = 64, Miss_rate = 0.667, Pending_hits = 0, Reservation_fails = 0
	L1D_cache_core[21]: Access = 96, Miss = 64, Miss_rate = 0.667, Pending_hits = 0, Reservation_fails = 0
	L1D_cache_core[22]: Access = 96, Miss = 64, Miss_rate = 0.667, Pending_hits = 0, Reservation_fails = 0
	L1D_cache_core[23]: Access = 96, Miss = 64, Miss_rate = 0.667, Pending_hits = 0, Reservation_fails = 0
	L1D_cache_core[24]: Access = 96, Miss = 64, Miss_rate = 0.667, Pending_hits = 0, Reservation_fails = 0
	L1D_cache_core[25]: Access = 96, Miss = 64, Miss_rate = 0.667, Pending_hits = 0, Reservation_fails = 0
	L1D_cache_core[26]: Access = 96, Miss = 64, Miss_rate = 0.667, Pending_hits = 0, Reservation_fails = 0
	L1D_cache_core[27]: Access = 96, Miss = 64, Miss_rate = 0.667, Pending_hits = 0, Reservation_fails = 0
	L1D_cache_core[28]: Access = 96, Miss = 64, Miss_rate = 0.667, Pending_hits = 0, Reservation_fails = 0
	L1D_cache_core[29]: Access = 96, Miss = 64, Miss_rate = 0.667, Pending_hits = 0, Reservation_fails = 0
	L1D_cache_core[30]: Access = 96, Miss = 64, Miss_rate = 0.667, Pending_hits = 0, Reservation_fails = 0
	L1D_cache_core[31]: Access = 96, Miss = 64, Miss_rate = 0.667, Pending_hits = 0, Reservation_fails = 0
	L1D_cache_core[32]: Access = 96, Miss = 64, Miss_rate = 0.667, Pending_hits = 0, Reservation_fails = 0
	L1D_cache_core[33]: Access = 96, Miss = 64, Miss_rate = 0.667, Pending_hits = 0, Reservation_fails = 0
	L1D_cache_core[34]: Access = 96, Miss = 64, Miss_rate = 0.667, Pending_hits = 0, Reservation_fails = 0
	L1D_cache_core[35]: Access = 96, Miss = 64, Miss_rate = 0.667, Pending_hits = 0, Reservation_fails = 0
	L1D_cache_core[36]: Access = 96, Miss = 64, Miss_rate = 0.667, Pending_hits = 0, Reservation_fails = 0
	L1D_cache_core[37]: Access = 96, Miss = 64, Miss_rate = 0.667, Pending_hits = 0, Reservation_fails = 0
	L1D_cache_core[38]: Access = 96, Miss = 64, Miss_rate = 0.667, Pending_hits = 0, Reservation_fails = 0
	L1D_cache_core[39]: Access = 96, Miss = 64, Miss_rate = 0.667, Pending_hits = 0, Reservation_fails = 0
	L1D_cache_core[40]: Access = 96, Miss = 64, Miss_rate = 0.667, Pending_hits = 0, Reservation_fails = 0
	L1D_cache_core[41]: Access = 96, Miss = 64, Miss_rate = 0.667, Pending_hits = 0, Reservation_fails = 0
	L1D_cache_core[42]: Access = 96, Miss = 64, Miss_rate = 0.667, Pending_hits = 0, Reservation_fails = 0
	L1D_cache_core[43]: Access = 96, Miss = 64, Miss_rate = 0.667, Pending_hits = 0, Reservation_fails = 0
	L1D_cache_core[44]: Access = 96, Miss = 64, Miss_rate = 0.667, Pending_hits = 0, Reservation_fails = 0
	L1D_cache_core[45]: Access = 96, Miss = 64, Miss_rate = 0.667, Pending_hits = 0, Reservation_fails = 0
	L1D_cache_core[46]: Access = 96, Miss = 64, Miss_rate = 0.667, Pending_hits = 0, Reservation_fails = 0
	L1D_cache_core[47]: Access = 96, Miss = 64, Miss_rate = 0.667, Pending_hits = 0, Reservation_fails = 0
	L1D_cache_core[48]: Access = 96, Miss = 64, Miss_rate = 0.667, Pending_hits = 0, Reservation_fails = 0
	L1D_cache_core[49]: Access = 96, Miss = 64, Miss_rate = 0.667, Pending_hits = 0, Reservation_fails = 0
	L1D_cache_core[50]: Access = 96, Miss = 64, Miss_rate = 0.667, Pending_hits = 0, Reservation_fails = 0
	L1D_cache_core[51]: Access = 96, Miss = 64, Miss_rate = 0.667, Pending_hits = 0, Reservation_fails = 0
	L1D_cache_core[52]: Access = 96, Miss = 64, Miss_rate = 0.667, Pending_hits = 0, Reservation_fails = 0
	L1D_cache_core[53]: Access = 96, Miss = 64, Miss_rate = 0.667, Pending_hits = 0, Reservation_fails = 0
	L1D_cache_core[54]: Access = 96, Miss = 64, Miss_rate = 0.667, Pending_hits = 0, Reservation_fails = 0
	L1D_cache_core[55]: Access = 96, Miss = 64, Miss_rate = 0.667, Pending_hits = 0, Reservation_fails = 0
	L1D_cache_core[56]: Access = 96, Miss = 64, Miss_rate = 0.667, Pending_hits = 0, Reservation_fails = 0
	L1D_cache_core[57]: Access = 96, Miss = 64, Miss_rate = 0.667, Pending_hits = 0, Reservation_fails = 0
	L1D_cache_core[58]: Access = 96, Miss = 64, Miss_rate = 0.667, Pending_hits = 0, Reservation_fails = 0
	L1D_cache_core[59]: Access = 96, Miss = 64, Miss_rate = 0.667, Pending_hits = 0, Reservation_fails = 0
	L1D_cache_core[60]: Access = 96, Miss = 64, Miss_rate = 0.667, Pending_hits = 0, Reservation_fails = 0
	L1D_cache_core[61]: Access = 96, Miss = 64, Miss_rate = 0.667, Pending_hits = 0, Reservation_fails = 0
	L1D_cache_core[62]: Access = 96, Miss = 64, Miss_rate = 0.667, Pending_hits = 0, Reservation_fails = 0
	L1D_cache_core[63]: Access = 96, Miss = 64, Miss_rate = 0.667, Pending_hits = 0, Reservation_fails = 0
	L1D_cache_core[64]: Access = 96, Miss = 64, Miss_rate = 0.667, Pending_hits = 0, Reservation_fails = 0
	L1D_cache_core[65]: Access = 96, Miss = 64, Miss_rate = 0.667, Pending_hits = 0, Reservation_fails = 0
	L1D_cache_core[66]: Access = 96, Miss = 64, Miss_rate = 0.667, Pending_hits = 0, Reservation_fails = 0
	L1D_cache_core[67]: Access = 96, Miss = 64, Miss_rate = 0.667, Pending_hits = 0, Reservation_fails = 0
	L1D_cache_core[68]: Access = 96, Miss = 64, Miss_rate = 0.667, Pending_hits = 0, Reservation_fails = 0
	L1D_cache_core[69]: Access = 96, Miss = 64, Miss_rate = 0.667, Pending_hits = 0, Reservation_fails = 0
	L1D_cache_core[70]: Access = 96, Miss = 64, Miss_rate = 0.667, Pending_hits = 0, Reservation_fails = 0
	L1D_cache_core[71]: Access = 96, Miss = 64, Miss_rate = 0.667, Pending_hits = 0, Reservation_fails = 0
	L1D_cache_core[72]: Access = 96, Miss = 64, Miss_rate = 0.667, Pending_hits = 0, Reservation_fails = 0
	L1D_cache_core[73]: Access = 96, Miss = 64, Miss_rate = 0.667, Pending_hits = 0, Reservation_fails = 0
	L1D_cache_core[74]: Access = 96, Miss = 64, Miss_rate = 0.667, Pending_hits = 0, Reservation_fails = 0
	L1D_cache_core[75]: Access = 96, Miss = 64, Miss_rate = 0.667, Pending_hits = 0, Reservation_fails = 0
	L1D_cache_core[76]: Access = 96, Miss = 64, Miss_rate = 0.667, Pending_hits = 0, Reservation_fails = 0
	L1D_cache_core[77]: Access = 96, Miss = 64, Miss_rate = 0.667, Pending_hits = 0, Reservation_fails = 0
	L1D_cache_core[78]: Access = 96, Miss = 64, Miss_rate = 0.667, Pending_hits = 0, Reservation_fails = 0
	L1D_cache_core[79]: Access = 96, Miss = 64, Miss_rate = 0.667, Pending_hits = 0, Reservation_fails = 0
	L1D_cache_core[80]: Access = 96, Miss = 64, Miss_rate = 0.667, Pending_hits = 0, Reservation_fails = 0
	L1D_cache_core[81]: Access = 96, Miss = 64, Miss_rate = 0.667, Pending_hits = 0, Reservation_fails = 0
	L1D_total_cache_accesses = 7872
	L1D_total_cache_misses = 5248
	L1D_total_cache_miss_rate = 0.6667
	L1D_total_cache_pending_hits = 0
	L1D_total_cache_reservation_fails = 0
	L1D_cache_data_port_util = 0.023
	L1D_cache_fill_port_util = 0.023
L1C_cache:
	L1C_total_cache_accesses = 0
	L1C_total_cache_misses = 0
	L1C_total_cache_pending_hits = 0
	L1C_total_cache_reservation_fails = 0
L1T_cache:
	L1T_total_cache_accesses = 0
	L1T_total_cache_misses = 0
	L1T_total_cache_pending_hits = 0
	L1T_total_cache_reservation_fails = 0

Total_core_cache_stats:
	Total_core_cache_stats_breakdown[GLOBAL_ACC_R][HIT] = 1312
	Total_core_cache_stats_breakdown[GLOBAL_ACC_R][HIT_RESERVED] = 0
	Total_core_cache_stats_breakdown[GLOBAL_ACC_R][MISS] = 328
	Total_core_cache_stats_breakdown[GLOBAL_ACC_R][RESERVATION_FAIL] = 0
	Total_core_cache_stats_breakdown[GLOBAL_ACC_R][SECTOR_MISS] = 984
	Total_core_cache_stats_breakdown[GLOBAL_ACC_R][MSHR_HIT] = 0
	Total_core_cache_stats_breakdown[LOCAL_ACC_R][HIT] = 0
	Total_core_cache_stats_breakdown[LOCAL_ACC_R][HIT_RESERVED] = 0
	Total_core_cache_stats_breakdown[LOCAL_ACC_R][MISS] = 0
	Total_core_cache_stats_breakdown[LOCAL_ACC_R][RESERVATION_FAIL] = 0
	Total_core_cache_stats_breakdown[LOCAL_ACC_R][SECTOR_MISS] = 0
	Total_core_cache_stats_breakdown[LOCAL_ACC_R][MSHR_HIT] = 0
	Total_core_cache_stats_breakdown[CONST_ACC_R][HIT] = 0
	Total_core_cache_stats_breakdown[CONST_ACC_R][HIT_RESERVED] = 0
	Total_core_cache_stats_breakdown[CONST_ACC_R][MISS] = 0
	Total_core_cache_stats_breakdown[CONST_ACC_R][RESERVATION_FAIL] = 0
	Total_core_cache_stats_breakdown[CONST_ACC_R][SECTOR_MISS] = 0
	Total_core_cache_stats_breakdown[CONST_ACC_R][MSHR_HIT] = 0
	Total_core_cache_stats_breakdown[TEXTURE_ACC_R][HIT] = 0
	Total_core_cache_stats_breakdown[TEXTURE_ACC_R][HIT_RESERVED] = 0
	Total_core_cache_stats_breakdown[TEXTURE_ACC_R][MISS] = 0
	Total_core_cache_stats_breakdown[TEXTURE_ACC_R][RESERVATION_FAIL] = 0
	Total_core_cache_stats_breakdown[TEXTURE_ACC_R][SECTOR_MISS] = 0
	Total_core_cache_stats_breakdown[TEXTURE_ACC_R][MSHR_HIT] = 0
	Total_core_cache_stats_breakdown[GLOBAL_ACC_W][HIT] = 0
	Total_core_cache_stats_breakdown[GLOBAL_ACC_W][HIT_RESERVED] = 0
	Total_core_cache_stats_breakdown[GLOBAL_ACC_W][MISS] = 328
	Total_core_cache_stats_breakdown[GLOBAL_ACC_W][RESERVATION_FAIL] = 0
	Total_core_cache_stats_breakdown[GLOBAL_ACC_W][SECTOR_MISS] = 984
	Total_core_cache_stats_breakdown[GLOBAL_ACC_W][MSHR_HIT] = 0
	Total_core_cache_stats_breakdown[LOCAL_ACC_W][HIT] = 0
	Total_core_cache_stats_breakdown[LOCAL_ACC_W][HIT_RESERVED] = 0
	Total_core_cache_stats_breakdown[LOCAL_ACC_W][MISS] = 0
	Total_core_cache_stats_breakdown[LOCAL_ACC_W][RESERVATION_FAIL] = 0
	Total_core_cache_stats_breakdown[LOCAL_ACC_W][SECTOR_MISS] = 0
	Total_core_cache_stats_breakdown[LOCAL_ACC_W][MSHR_HIT] = 0
	Total_core_cache_stats_breakdown[L1_WRBK_ACC][HIT] = 0
	Total_core_cache_stats_breakdown[L1_WRBK_ACC][HIT_RESERVED] = 0
	Total_core_cache_stats_breakdown[L1_WRBK_ACC][MISS] = 0
	Total_core_cache_stats_breakdown[L1_WRBK_ACC][RESERVATION_FAIL] = 0
	Total_core_cache_stats_breakdown[L1_WRBK_ACC][SECTOR_MISS] = 0
	Total_core_cache_stats_breakdown[L1_WRBK_ACC][MSHR_HIT] = 0
	Total_core_cache_stats_breakdown[L2_WRBK_ACC][HIT] = 0
	Total_core_cache_stats_breakdown[L2_WRBK_ACC][HIT_RESERVED] = 0
	Total_core_cache_stats_breakdown[L2_WRBK_ACC][MISS] = 0
	Total_core_cache_stats_breakdown[L2_WRBK_ACC][RESERVATION_FAIL] = 0
	Total_core_cache_stats_breakdown[L2_WRBK_ACC][SECTOR_MISS] = 0
	Total_core_cache_stats_breakdown[L2_WRBK_ACC][MSHR_HIT] = 0
	Total_core_cache_stats_breakdown[INST_ACC_R][HIT] = 0
	Total_core_cache_stats_breakdown[INST_ACC_R][HIT_RESERVED] = 0
	Total_core_cache_stats_breakdown[INST_ACC_R][MISS] = 0
	Total_core_cache_stats_breakdown[INST_ACC_R][RESERVATION_FAIL] = 0
	Total_core_cache_stats_breakdown[INST_ACC_R][SECTOR_MISS] = 0
	Total_core_cache_stats_breakdown[INST_ACC_R][MSHR_HIT] = 0
	Total_core_cache_stats_breakdown[L1_WR_ALLOC_R][HIT] = 0
	Total_core_cache_stats_breakdown[L1_WR_ALLOC_R][HIT_RESERVED] = 0
	Total_core_cache_stats_breakdown[L1_WR_ALLOC_R][MISS] = 0
	Total_core_cache_stats_breakdown[L1_WR_ALLOC_R][RESERVATION_FAIL] = 0
	Total_core_cache_stats_breakdown[L1_WR_ALLOC_R][SECTOR_MISS] = 0
	Total_core_cache_stats_breakdown[L1_WR_ALLOC_R][MSHR_HIT] = 0
	Total_core_cache_stats_breakdown[L2_WR_ALLOC_R][HIT] = 0
	Total_core_cache_stats_breakdown[L2_WR_ALLOC_R][HIT_RESERVED] = 0
	Total_core_cache_stats_breakdown[L2_WR_ALLOC_R][MISS] = 0
	Total_core_cache_stats_breakdown[L2_WR_ALLOC_R][RESERVATION_FAIL] = 0
	Total_core_cache_stats_breakdown[L2_WR_ALLOC_R][SECTOR_MISS] = 0
	Total_core_cache_stats_breakdown[L2_WR_ALLOC_R][MSHR_HIT] = 0
	Total_core_cache_stats_breakdown[GLOBAL_ACC_R][TOTAL_ACCESS] = 2624
	Total_core_cache_stats_breakdown[GLOBAL_ACC_W][TOTAL_ACCESS] = 1312

Total_core_cache_fail_stats:
ctas_completed 164, Shader 0 warp_id issue ditsribution:
warp_id:
0, 1, 2, 3, 
distro:
66, 66, 66, 66, 
gpgpu_n_tot_thrd_icount = 692736
gpgpu_n_tot_w_icount = 21648
gpgpu_n_stall_shd_mem = 0
gpgpu_n_mem_read_local = 0
gpgpu_n_mem_write_local = 0
gpgpu_n_mem_read_global = 2624
gpgpu_n_mem_write_global = 2624
gpgpu_n_mem_texture = 0
gpgpu_n_mem_const = 0
gpgpu_n_load_insn  = 41984
gpgpu_n_store_insn = 20992
gpgpu_n_shmem_insn = 0
gpgpu_n_sstarr_insn = 0
gpgpu_n_tex_insn = 0
gpgpu_n_const_mem_insn = 0
gpgpu_n_param_mem_insn = 83968
gpgpu_n_shmem_bkconflict = 0
gpgpu_n_l1cache_bkconflict = 0
gpgpu_n_intrawarp_mshr_merge = 0
gpgpu_n_cmem_portconflict = 0
gpgpu_stall_shd_mem[c_mem][resource_stall] = 0
gpgpu_stall_shd_mem[s_mem][bk_conf] = 0
gpgpu_stall_shd_mem[gl_mem][resource_stall] = 0
gpgpu_stall_shd_mem[gl_mem][coal_stall] = 0
gpgpu_stall_shd_mem[gl_mem][data_port_stall] = 0
gpu_reg_bank_conflict_stalls = 0
Warp Occupancy Distribution:
Stall:2036	W0_Idle:172384	W0_Scoreboard:251508	W1:0	W2:0	W3:0	W4:0	W5:0	W6:0	W7:0	W8:0	W9:0	W10:0	W11:0	W12:0	W13:0	W14:0	W15:0	W16:0	W17:0	W18:0	W19:0	W20:0	W21:0	W22:0	W23:0	W24:0	W25:0	W26:0	W27:0	W28:0	W29:0	W30:0	W31:0	W32:21648
single_issue_nums: WS0:5412	WS1:5412	WS2:5412	WS3:5412	
dual_issue_nums: WS0:0	WS1:0	WS2:0	WS3:0	
traffic_breakdown_coretomem[GLOBAL_ACC_R] = 20992 {8:2624,}
traffic_breakdown_coretomem[GLOBAL_ACC_W] = 104960 {40:2624,}
traffic_breakdown_memtocore[GLOBAL_ACC_R] = 104960 {40:2624,}
traffic_breakdown_memtocore[GLOBAL_ACC_W] = 20992 {8:2624,}
maxmflatency = 291 
max_icnt2mem_latency = 100 
maxmrqlatency = 0 
max_icnt2sh_latency = 6 
averagemflatency = 247 
avg_icnt2mem_latency = 71 
avg_icnt2sh_latency = 2 
mrq_lat_table:0 	0 	0 	0 	0 	0 	0 	0 	0 	0 	0 	0 	0 	0 	0 	0 	0 	0 	0 	0 	0 	0 	0 	0 	0 	0 	0 	0 	0 	0 	0 	0 	
dq_lat_table:0 	0 	0 	0 	0 	0 	0 	0 	0 	0 	0 	0 	0 	0 	0 	0 	0 	0 	0 	0 	0 	0 	0 	0 	0 	0 	0 	0 	0 	0 	0 	0 	
mf_lat_table:0 	0 	0 	0 	0 	0 	0 	4270 	978 	0 	0 	0 	0 	0 	0 	0 	0 	0 	0 	0 	0 	0 	0 	0 	0 	0 	0 	0 	0 	0 	0 	0 	
icnt2mem_lat_table:0 	0 	0 	0 	0 	4182 	1066 	0 	0 	0 	0 	0 	0 	0 	0 	0 	0 	0 	0 	0 	0 	0 	0 	0 	
icnt2sh_lat_table:0 	5196 	52 	0 	0 	0 	0 	0 	0 	0 	0 	0 	0 	0 	0 	0 	0 	0 	0 	0 	0 	0 	0 	0 	
mf_lat_pw_table:0 	0 	0 	0 	0 	0 	0 	3 	0 	0 	0 	0 	0 	0 	0 	0 	0 	0 	0 	0 	0 	0 	0 	0 	0 	0 	0 	0 	0 	0 	0 	0 	
maximum concurrent accesses to same row:
dram[0]:         0         0         0         0         0         0         0         0         0         0         0         0         0         0         0         0 
dram[1]:         0         0         0         0         0         0         0         0         0         0         0         0         0         0         0         0 
dram[2]:         0         0         0         0         0         0         0         0         0         0         0         0         0         0         0         0 
dram[3]:         0         0         0         0         0         0         0         0         0         0         0         0         0         0         0         0 
dram[4]:         0         0         0         0         0         0         0         0         0         0         0         0         0         0         0         0 
dram[5]:         0         0         0         0         0         0         0         0         0         0         0         0         0         0         0         0 
dram[6]:         0         0         0         0         0         0         0         0         0         0         0         0         0         0         0         0 
dram[7]:         0         0         0         0         0         0         0         0         0         0         0         0         0         0         0         0 
dram[8]:         0         0         0         0         0         0         0         0         0         0         0         0         0         0         0         0 
dram[9]:         0         0         0         0         0         0         0         0         0         0         0         0         0         0         0         0 
dram[10]:         0         0         0         0         0         0         0         0         0         0         0         0         0         0         0         0 
dram[11]:         0         0         0         0         0         0         0         0         0         0         0         0         0         0         0         0 
dram[12]:         0         0         0         0         0         0         0         0         0         0         0         0         0         0         0         0 
dram[13]:         0         0         0         0         0         0         0         0         0         0         0         0         0         0         0         0 
dram[14]:         0         0         0         0         0         0         0         0         0         0         0         0         0         0         0         0 
dram[15]:         0         0         0         0         0         0         0         0         0         0         0         0         0         0         0         0 
dram[16]:         0         0         0         0         0         0         0         0         0         0         0         0         0         0         0         0 
dram[17]:         0         0         0         0         0         0         0         0         0         0         0         0         0         0         0         0 
dram[18]:         0         0         0         0         0         0         0         0         0         0         0         0         0         0         0         0 
dram[19]:         0         0         0         0         0         0         0         0         0         0         0         0         0         0         0         0 
dram[20]:         0         0         0         0         0         0         0         0         0         0         0         0         0         0         0         0 
dram[21]:         0         0         0         0         0         0         0         0         0         0         0         0         0         0         0         0 
dram[22]:         0         0         0         0         0         0         0         0         0         0         0         0         0         0         0         0 
dram[23]:         0         0         0         0         0         0         0         0         0         0         0         0         0         0         0         0 
maximum service time to same row:
dram[0]:         0         0         0         0         0         0         0         0         0         0         0         0         0         0         0         0 
dram[1]:         0         0         0         0         0         0         0         0         0         0         0         0         0         0         0         0 
dram[2]:         0         0         0         0         0         0         0         0         0         0         0         0         0         0         0         0 
dram[3]:         0         0         0         0         0         0         0         0         0         0         0         0         0         0         0         0 
dram[4]:         0         0         0         0         0         0         0         0         0         0         0         0         0         0         0         0 
dram[5]:         0         0         0         0         0         0         0         0         0         0         0         0         0         0         0         0 
dram[6]:         0         0         0         0         0         0         0         0         0         0         0         0         0         0         0         0 
dram[7]:         0         0         0         0         0         0         0         0         0         0         0         0         0         0         0         0 
dram[8]:         0         0         0         0         0         0         0         0         0         0         0         0         0         0         0         0 
dram[9]:         0         0         0         0         0         0         0         0         0         0         0         0         0         0         0         0 
dram[10]:         0         0         0         0         0         0         0         0         0         0         0         0         0         0         0         0 
dram[11]:         0         0         0         0         0         0         0         0         0         0         0         0         0         0         0         0 
dram[12]:         0         0         0         0         0         0         0         0         0         0         0         0         0         0         0         0 
dram[13]:         0         0         0         0         0         0         0         0         0         0         0         0         0         0         0         0 
dram[14]:         0         0         0         0         0         0         0         0         0         0         0         0         0         0         0         0 
dram[15]:         0         0         0         0         0         0         0         0         0         0         0         0         0         0         0         0 
dram[16]:         0         0         0         0         0         0         0         0         0         0         0         0         0         0         0         0 
dram[17]:         0         0         0         0         0         0         0         0         0         0         0         0         0         0         0         0 
dram[18]:         0         0         0         0         0         0         0         0         0         0         0         0         0         0         0         0 
dram[19]:         0         0         0         0         0         0         0         0         0         0         0         0         0         0         0         0 
dram[20]:         0         0         0         0         0         0         0         0         0         0         0         0         0         0         0         0 
dram[21]:         0         0         0         0         0         0         0         0         0         0         0         0         0         0         0         0 
dram[22]:         0         0         0         0         0         0         0         0         0         0         0         0         0         0         0         0 
dram[23]:         0         0         0         0         0         0         0         0         0         0         0         0         0         0         0         0 
average row accesses per activate:
dram[0]:      -nan      -nan      -nan      -nan      -nan      -nan      -nan      -nan      -nan      -nan      -nan      -nan      -nan      -nan      -nan      -nan 
dram[1]:      -nan      -nan      -nan      -nan      -nan      -nan      -nan      -nan      -nan      -nan      -nan      -nan      -nan      -nan      -nan      -nan 
dram[2]:      -nan      -nan      -nan      -nan      -nan      -nan      -nan      -nan      -nan      -nan      -nan      -nan      -nan      -nan      -nan      -nan 
dram[3]:      -nan      -nan      -nan      -nan      -nan      -nan      -nan      -nan      -nan      -nan      -nan      -nan      -nan      -nan      -nan      -nan 
dram[4]:      -nan      -nan      -nan      -nan      -nan      -nan      -nan      -nan      -nan      -nan      -nan      -nan      -nan      -nan      -nan      -nan 
dram[5]:      -nan      -nan      -nan      -nan      -nan      -nan      -nan      -nan      -nan      -nan      -nan      -nan      -nan      -nan      -nan      -nan 
dram[6]:      -nan      -nan      -nan      -nan      -nan      -nan      -nan      -nan      -nan      -nan      -nan      -nan      -nan      -nan      -nan      -nan 
dram[7]:      -nan      -nan      -nan      -nan      -nan      -nan      -nan      -nan      -nan      -nan      -nan      -nan      -nan      -nan      -nan      -nan 
dram[8]:      -nan      -nan      -nan      -nan      -nan      -nan      -nan      -nan      -nan      -nan      -nan      -nan      -nan      -nan      -nan      -nan 
dram[9]:      -nan      -nan      -nan      -nan      -nan      -nan      -nan      -nan      -nan      -nan      -nan      -nan      -nan      -nan      -nan      -nan 
dram[10]:      -nan      -nan      -nan      -nan      -nan      -nan      -nan      -nan      -nan      -nan      -nan      -nan      -nan      -nan      -nan      -nan 
dram[11]:      -nan      -nan      -nan      -nan      -nan      -nan      -nan      -nan      -nan      -nan      -nan      -nan      -nan      -nan      -nan      -nan 
dram[12]:      -nan      -nan      -nan      -nan      -nan      -nan      -nan      -nan      -nan      -nan      -nan      -nan      -nan      -nan      -nan      -nan 
dram[13]:      -nan      -nan      -nan      -nan      -nan      -nan      -nan      -nan      -nan      -nan      -nan      -nan      -nan      -nan      -nan      -nan 
dram[14]:      -nan      -nan      -nan      -nan      -nan      -nan      -nan      -nan      -nan      -nan      -nan      -nan      -nan      -nan      -nan      -nan 
dram[15]:      -nan      -nan      -nan      -nan      -nan      -nan      -nan      -nan      -nan      -nan      -nan      -nan      -nan      -nan      -nan      -nan 
dram[16]:      -nan      -nan      -nan      -nan      -nan      -nan      -nan      -nan      -nan      -nan      -nan      -nan      -nan      -nan      -nan      -nan 
dram[17]:      -nan      -nan      -nan      -nan      -nan      -nan      -nan      -nan      -nan      -nan      -nan      -nan      -nan      -nan      -nan      -nan 
dram[18]:      -nan      -nan      -nan      -nan      -nan      -nan      -nan      -nan      -nan      -nan      -nan      -nan      -nan      -nan      -nan      -nan 
dram[19]:      -nan      -nan      -nan      -nan      -nan      -nan      -nan      -nan      -nan      -nan      -nan      -nan      -nan      -nan      -nan      -nan 
dram[20]:      -nan      -nan      -nan      -nan      -nan      -nan      -nan      -nan      -nan      -nan      -nan      -nan      -nan      -nan      -nan      -nan 
dram[21]:      -nan      -nan      -nan      -nan      -nan      -nan      -nan      -nan      -nan      -nan      -nan      -nan      -nan      -nan      -nan      -nan 
dram[22]:      -nan      -nan      -nan      -nan      -nan      -nan      -nan      -nan      -nan      -nan      -nan      -nan      -nan      -nan      -nan      -nan 
dram[23]:      -nan      -nan      -nan      -nan      -nan      -nan      -nan      -nan      -nan      -nan      -nan      -nan      -nan      -nan      -nan      -nan 
average row locality = 0/0 = -nan
number of total memory accesses made:
dram[0]:         0         0         0         0         0         0         0         0         0         0         0         0         0         0         0         0 
dram[1]:         0         0         0         0         0         0         0         0         0         0         0         0         0         0         0         0 
dram[2]:         0         0         0         0         0         0         0         0         0         0         0         0         0         0         0         0 
dram[3]:         0         0         0         0         0         0         0         0         0         0         0         0         0         0         0         0 
dram[4]:         0         0         0         0         0         0         0         0         0         0         0         0         0         0         0         0 
dram[5]:         0         0         0         0         0         0         0         0         0         0         0         0         0         0         0         0 
dram[6]:         0         0         0         0         0         0         0         0         0         0         0         0         0         0         0         0 
dram[7]:         0         0         0         0         0         0         0         0         0         0         0         0         0         0         0         0 
dram[8]:         0         0         0         0         0         0         0         0         0         0         0         0         0         0         0         0 
dram[9]:         0         0         0         0         0         0         0         0         0         0         0         0         0         0         0         0 
dram[10]:         0         0         0         0         0         0         0         0         0         0         0         0         0         0         0         0 
dram[11]:         0         0         0         0         0         0         0         0         0         0         0         0         0         0         0         0 
dram[12]:         0         0         0         0         0         0         0         0         0         0         0         0         0         0         0         0 
dram[13]:         0         0         0         0         0         0         0         0         0         0         0         0         0         0         0         0 
dram[14]:         0         0         0         0         0         0         0         0         0         0         0         0         0         0         0         0 
dram[15]:         0         0         0         0         0         0         0         0         0         0         0         0         0         0         0         0 
dram[16]:         0         0         0         0         0         0         0         0         0         0         0         0         0         0         0         0 
dram[17]:         0         0         0         0         0         0         0         0         0         0         0         0         0         0         0         0 
dram[18]:         0         0         0         0         0         0         0         0         0         0         0         0         0         0         0         0 
dram[19]:         0         0         0         0         0         0         0         0         0         0         0         0         0         0         0         0 
dram[20]:         0         0         0         0         0         0         0         0         0         0         0         0         0         0         0         0 
dram[21]:         0         0         0         0         0         0         0         0         0         0         0         0         0         0         0         0 
dram[22]:         0         0         0         0         0         0         0         0         0         0         0         0         0         0         0         0 
dram[23]:         0         0         0         0         0         0         0         0         0         0         0         0         0         0         0         0 
total accesses: 0
min_bank_accesses = 0!
min_chip_accesses = 0!
number of total read accesses:
dram[0]:         0         0         0         0         0         0         0         0         0         0         0         0         0         0         0         0 
dram[1]:         0         0         0         0         0         0         0         0         0         0         0         0         0         0         0         0 
dram[2]:         0         0         0         0         0         0         0         0         0         0         0         0         0         0         0         0 
dram[3]:         0         0         0         0         0         0         0         0         0         0         0         0         0         0         0         0 
dram[4]:         0         0         0         0         0         0         0         0         0         0         0         0         0         0         0         0 
dram[5]:         0         0         0         0         0         0         0         0         0         0         0         0         0         0         0         0 
dram[6]:         0         0         0         0         0         0         0         0         0         0         0         0         0         0         0         0 
dram[7]:         0         0         0         0         0         0         0         0         0         0         0         0         0         0         0         0 
dram[8]:         0         0         0         0         0         0         0         0         0         0         0         0         0         0         0         0 
dram[9]:         0         0         0         0         0         0         0         0         0         0         0         0         0         0         0         0 
dram[10]:         0         0         0         0         0         0         0         0         0         0         0         0         0         0         0         0 
dram[11]:         0         0         0         0         0         0         0         0         0         0         0         0         0         0         0         0 
dram[12]:         0         0         0         0         0         0         0         0         0         0         0         0         0         0         0         0 
dram[13]:         0         0         0         0         0         0         0         0         0         0         0         0         0         0         0         0 
dram[14]:         0         0         0         0         0         0         0         0         0         0         0         0         0         0         0         0 
dram[15]:         0         0         0         0         0         0         0         0         0         0         0         0         0         0         0         0 
dram[16]:         0         0         0         0         0         0         0         0         0         0         0         0         0         0         0         0 
dram[17]:         0         0         0         0         0         0         0         0         0         0         0         0         0         0         0         0 
dram[18]:         0         0         0         0         0         0         0         0         0         0         0         0         0         0         0         0 
dram[19]:         0         0         0         0         0         0         0         0         0         0         0         0         0         0         0         0 
dram[20]:         0         0         0         0         0         0         0         0         0         0         0         0         0         0         0         0 
dram[21]:         0         0         0         0         0         0         0         0         0         0         0         0         0         0         0         0 
dram[22]:         0         0         0         0         0         0         0         0         0         0         0         0         0         0         0         0 
dram[23]:         0         0         0         0         0         0         0         0         0         0         0         0         0         0         0         0 
total dram reads = 0
min_bank_accesses = 0!
min_chip_accesses = 0!
number of total write accesses:
dram[0]:         0         0         0         0         0         0         0         0         0         0         0         0         0         0         0         0 
dram[1]:         0         0         0         0         0         0         0         0         0         0         0         0         0         0         0         0 
dram[2]:         0         0         0         0         0         0         0         0         0         0         0         0         0         0         0         0 
dram[3]:         0         0         0         0         0         0         0         0         0         0         0         0         0         0         0         0 
dram[4]:         0         0         0         0         0         0         0         0         0         0         0         0         0         0         0         0 
dram[5]:         0         0         0         0         0         0         0         0         0         0         0         0         0         0         0         0 
dram[6]:         0         0         0         0         0         0         0         0         0         0         0         0         0         0         0         0 
dram[7]:         0         0         0         0         0         0         0         0         0         0         0         0         0         0         0         0 
dram[8]:         0         0         0         0         0         0         0         0         0         0         0         0         0         0         0         0 
dram[9]:         0         0         0         0         0         0         0         0         0         0         0         0         0         0         0         0 
dram[10]:         0         0         0         0         0         0         0         0         0         0         0         0         0         0         0         0 
dram[11]:         0         0         0         0         0         0         0         0         0         0         0         0         0         0         0         0 
dram[12]:         0         0         0         0         0         0         0         0         0         0         0         0         0         0         0         0 
dram[13]:         0         0         0         0         0         0         0         0         0         0         0         0         0         0         0         0 
dram[14]:         0         0         0         0         0         0         0         0         0         0         0         0         0         0         0         0 
dram[15]:         0         0         0         0         0         0         0         0         0         0         0         0         0         0         0         0 
dram[16]:         0         0         0         0         0         0         0         0         0         0         0         0         0         0         0         0 
dram[17]:         0         0         0         0         0         0         0         0         0         0         0         0         0         0         0         0 
dram[18]:         0         0         0         0         0         0         0         0         0         0         0         0         0         0         0         0 
dram[19]:         0         0         0         0         0         0         0         0         0         0         0         0         0         0         0         0 
dram[20]:         0         0         0         0         0         0         0         0         0         0         0         0         0         0         0         0 
dram[21]:         0         0         0         0         0         0         0         0         0         0         0         0         0         0         0         0 
dram[22]:         0         0         0         0         0         0         0         0         0         0         0         0         0         0         0         0 
dram[23]:         0         0         0         0         0         0         0         0         0         0         0         0         0         0         0         0 
total dram writes = 0
min_bank_accesses = 0!
min_chip_accesses = 0!
average mf latency per bank:
dram[0]:     none      none      none      none      none      none      none      none      none      none      none      none      none      none      none      none  
dram[1]:     none      none      none      none      none      none      none      none      none      none      none      none      none      none      none      none  
dram[2]:     none      none      none      none      none      none      none      none      none      none      none      none      none      none      none      none  
dram[3]:     none      none      none      none      none      none      none      none      none      none      none      none      none      none      none      none  
dram[4]:     none      none      none      none      none      none      none      none      none      none      none      none      none      none      none      none  
dram[5]:     none      none      none      none      none      none      none      none      none      none      none      none      none      none      none      none  
dram[6]:     none      none      none      none      none      none      none      none      none      none      none      none      none      none      none      none  
dram[7]:     none      none      none      none      none      none      none      none      none      none      none      none      none      none      none      none  
dram[8]:     none      none      none      none      none      none      none      none      none      none      none      none      none      none      none      none  
dram[9]:     none      none      none      none      none      none      none      none      none      none      none      none      none      none      none      none  
dram[10]:     none      none      none      none      none      none      none      none      none      none      none      none      none      none      none      none  
dram[11]:     none      none      none      none      none      none      none      none      none      none      none      none      none      none      none      none  
dram[12]:     none      none      none      none      none      none      none      none      none      none      none      none      none      none      none      none  
dram[13]:     none      none      none      none      none      none      none      none      none      none      none      none      none      none      none      none  
dram[14]:     none      none      none      none      none      none      none      none      none      none      none      none      none      none      none      none  
dram[15]:     none      none      none      none      none      none      none      none      none      none      none      none      none      none      none      none  
dram[16]:     none      none      none      none      none      none      none      none      none      none      none      none      none      none      none      none  
dram[17]:     none      none      none      none      none      none      none      none      none      none      none      none      none      none      none      none  
dram[18]:     none      none      none      none      none      none      none      none      none      none      none      none      none      none      none      none  
dram[19]:     none      none      none      none      none      none      none      none      none      none      none      none      none      none      none      none  
dram[20]:     none      none      none      none      none      none      none      none      none      none      none      none      none      none      none      none  
dram[21]:     none      none      none      none      none      none      none      none      none      none      none      none      none      none      none      none  
dram[22]:     none      none      none      none      none      none      none      none      none      none      none      none      none      none      none      none  
dram[23]:     none      none      none      none      none      none      none      none      none      none      none      none      none      none      none      none  
maximum mf latency per bank:
dram[0]:        279       267         0         0         0         0         0         0         0         0         0         0         0         0         0         0
dram[1]:        277       273         0         0         0         0         0         0         0         0         0         0         0         0         0         0
dram[2]:        279       267         0         0         0         0         0         0         0         0         0         0         0         0         0         0
dram[3]:        277       273         0         0         0         0         0         0         0         0         0         0         0         0         0         0
dram[4]:        291       274         0         0         0         0         0         0         0         0         0         0         0         0         0         0
dram[5]:        286       281         0         0         0         0         0         0         0         0         0         0         0         0         0         0
dram[6]:        291       274         0         0         0         0         0         0         0         0         0         0         0         0         0         0
dram[7]:        286       281         0         0         0         0         0         0         0         0         0         0         0         0         0         0
dram[8]:        266       265         0         0         0         0         0         0         0         0         0         0         0         0         0         0
dram[9]:        267       250         0         0         0         0         0         0         0         0         0         0         0         0         0         0
dram[10]:        266       265         0         0         0         0         0         0         0         0         0         0         0         0         0         0
dram[11]:        267       250         0         0         0         0         0         0         0         0         0         0         0         0         0         0
dram[12]:        262       262         0         0         0         0         0         0         0         0         0         0         0         0         0         0
dram[13]:        264       251         0         0         0         0         0         0         0         0         0         0         0         0         0         0
dram[14]:        262       262         0         0         0         0         0         0         0         0         0         0         0         0         0         0
dram[15]:        264       251         0         0         0         0         0         0         0         0         0         0         0         0         0         0
dram[16]:        260       251         0         0         0         0         0         0         0         0         0         0         0         0         0         0
dram[17]:        261       247         0         0         0         0         0         0         0         0         0         0         0         0         0         0
dram[18]:        260       251         0         0         0         0         0         0         0         0         0         0         0         0         0         0
dram[19]:        261       247         0         0         0         0         0         0         0         0         0         0         0         0         0         0
dram[20]:        262       251         0         0         0         0         0         0         0         0         0         0         0         0         0         0
dram[21]:        261       250         0         0         0         0         0         0         0         0         0         0         0         0         0         0
dram[22]:        262       251         0         0         0         0         0         0         0         0         0         0         0         0         0         0
dram[23]:        261       250         0         0         0         0         0         0         0         0         0         0         0         0         0         0
Memory Partition 0: 
Cache L2_bank_000:
MSHR contents

Cache L2_bank_001:
MSHR contents

In Dram Latency Queue (total = 0): 
DRAM[0]: 16 bks, busW=2 BL=16 CL=24, tRRD=12 tCCD=4, tRCD=24 tRAS=55 tRP=24 tRC=78
n_cmd=35326 n_nop=35326 n_act=0 n_pre=0 n_ref_event=0 n_req=0 n_rd=0 n_rd_L2_A=0 n_write=0 n_wr_bk=0 bw_util=0
n_activity=0 dram_eff=-nan
bk0: 0a 35326i bk1: 0a 35326i bk2: 0a 35326i bk3: 0a 35326i bk4: 0a 35326i bk5: 0a 35326i bk6: 0a 35326i bk7: 0a 35326i bk8: 0a 35326i bk9: 0a 35326i bk10: 0a 35326i bk11: 0a 35326i bk12: 0a 35326i bk13: 0a 35326i bk14: 0a 35326i bk15: 0a 35326i 

------------------------------------------------------------------------

Row_Buffer_Locality = -nan
Row_Buffer_Locality_read = -nan
Row_Buffer_Locality_write = -nan
Bank_Level_Parallism = -nan
Bank_Level_Parallism_Col = -nan
Bank_Level_Parallism_Ready = -nan
write_to_read_ratio_blp_rw_average = -nan
GrpLevelPara = -nan 

BW Util details:
bwutil = 0.000000 
total_CMD = 35326 
util_bw = 0 
Wasted_Col = 0 
Wasted_Row = 0 
Idle = 35326 

BW Util Bottlenecks: 
RCDc_limit = 0 
RCDWRc_limit = 0 
WTRc_limit = 0 
RTWc_limit = 0 
CCDLc_limit = 0 
rwq = 0 
CCDLc_limit_alone = 0 
WTRc_limit_alone = 0 
RTWc_limit_alone = 0 

Commands details: 
total_CMD = 35326 
n_nop = 35326 
Read = 0 
Write = 0 
L2_Alloc = 0 
L2_WB = 0 
n_act = 0 
n_pre = 0 
n_ref = 0 
n_req = 0 
total_req = 0 

Dual Bus Interface Util: 
issued_total_row = 0 
issued_total_col = 0 
Row_Bus_Util =  0.000000 
CoL_Bus_Util = 0.000000 
Either_Row_CoL_Bus_Util = 0.000000 
Issued_on_Two_Bus_Simul_Util = 0.000000 
issued_two_Eff = -nan 
queue_avg = 0.000000 


dram_util_bins: 0 0 0 0 0 0 0 0 0 0
dram_eff_bins: 0 0 0 0 0 0 0 0 0 0
mrqq: max=0 avg=0
Memory Partition 1: 
Cache L2_bank_002:
MSHR contents

Cache L2_bank_003:
MSHR contents

In Dram Latency Queue (total = 0): 
DRAM[1]: 16 bks, busW=2 BL=16 CL=24, tRRD=12 tCCD=4, tRCD=24 tRAS=55 tRP=24 tRC=78
n_cmd=35326 n_nop=35326 n_act=0 n_pre=0 n_ref_event=0 n_req=0 n_rd=0 n_rd_L2_A=0 n_write=0 n_wr_bk=0 bw_util=0
n_activity=0 dram_eff=-nan
bk0: 0a 35326i bk1: 0a 35326i bk2: 0a 35326i bk3: 0a 35326i bk4: 0a 35326i bk5: 0a 35326i bk6: 0a 35326i bk7: 0a 35326i bk8: 0a 35326i bk9: 0a 35326i bk10: 0a 35326i bk11: 0a 35326i bk12: 0a 35326i bk13: 0a 35326i bk14: 0a 35326i bk15: 0a 35326i 

------------------------------------------------------------------------

Row_Buffer_Locality = -nan
Row_Buffer_Locality_read = -nan
Row_Buffer_Locality_write = -nan
Bank_Level_Parallism = -nan
Bank_Level_Parallism_Col = -nan
Bank_Level_Parallism_Ready = -nan
write_to_read_ratio_blp_rw_average = -nan
GrpLevelPara = -nan 

BW Util details:
bwutil = 0.000000 
total_CMD = 35326 
util_bw = 0 
Wasted_Col = 0 
Wasted_Row = 0 
Idle = 35326 

BW Util Bottlenecks: 
RCDc_limit = 0 
RCDWRc_limit = 0 
WTRc_limit = 0 
RTWc_limit = 0 
CCDLc_limit = 0 
rwq = 0 
CCDLc_limit_alone = 0 
WTRc_limit_alone = 0 
RTWc_limit_alone = 0 

Commands details: 
total_CMD = 35326 
n_nop = 35326 
Read = 0 
Write = 0 
L2_Alloc = 0 
L2_WB = 0 
n_act = 0 
n_pre = 0 
n_ref = 0 
n_req = 0 
total_req = 0 

Dual Bus Interface Util: 
issued_total_row = 0 
issued_total_col = 0 
Row_Bus_Util =  0.000000 
CoL_Bus_Util = 0.000000 
Either_Row_CoL_Bus_Util = 0.000000 
Issued_on_Two_Bus_Simul_Util = 0.000000 
issued_two_Eff = -nan 
queue_avg = 0.000000 


dram_util_bins: 0 0 0 0 0 0 0 0 0 0
dram_eff_bins: 0 0 0 0 0 0 0 0 0 0
mrqq: max=0 avg=0
Memory Partition 2: 
Cache L2_bank_004:
MSHR contents

Cache L2_bank_005:
MSHR contents

In Dram Latency Queue (total = 0): 
DRAM[2]: 16 bks, busW=2 BL=16 CL=24, tRRD=12 tCCD=4, tRCD=24 tRAS=55 tRP=24 tRC=78
n_cmd=35326 n_nop=35326 n_act=0 n_pre=0 n_ref_event=0 n_req=0 n_rd=0 n_rd_L2_A=0 n_write=0 n_wr_bk=0 bw_util=0
n_activity=0 dram_eff=-nan
bk0: 0a 35326i bk1: 0a 35326i bk2: 0a 35326i bk3: 0a 35326i bk4: 0a 35326i bk5: 0a 35326i bk6: 0a 35326i bk7: 0a 35326i bk8: 0a 35326i bk9: 0a 35326i bk10: 0a 35326i bk11: 0a 35326i bk12: 0a 35326i bk13: 0a 35326i bk14: 0a 35326i bk15: 0a 35326i 

------------------------------------------------------------------------

Row_Buffer_Locality = -nan
Row_Buffer_Locality_read = -nan
Row_Buffer_Locality_write = -nan
Bank_Level_Parallism = -nan
Bank_Level_Parallism_Col = -nan
Bank_Level_Parallism_Ready = -nan
write_to_read_ratio_blp_rw_average = -nan
GrpLevelPara = -nan 

BW Util details:
bwutil = 0.000000 
total_CMD = 35326 
util_bw = 0 
Wasted_Col = 0 
Wasted_Row = 0 
Idle = 35326 

BW Util Bottlenecks: 
RCDc_limit = 0 
RCDWRc_limit = 0 
WTRc_limit = 0 
RTWc_limit = 0 
CCDLc_limit = 0 
rwq = 0 
CCDLc_limit_alone = 0 
WTRc_limit_alone = 0 
RTWc_limit_alone = 0 

Commands details: 
total_CMD = 35326 
n_nop = 35326 
Read = 0 
Write = 0 
L2_Alloc = 0 
L2_WB = 0 
n_act = 0 
n_pre = 0 
n_ref = 0 
n_req = 0 
total_req = 0 

Dual Bus Interface Util: 
issued_total_row = 0 
issued_total_col = 0 
Row_Bus_Util =  0.000000 
CoL_Bus_Util = 0.000000 
Either_Row_CoL_Bus_Util = 0.000000 
Issued_on_Two_Bus_Simul_Util = 0.000000 
issued_two_Eff = -nan 
queue_avg = 0.000000 


dram_util_bins: 0 0 0 0 0 0 0 0 0 0
dram_eff_bins: 0 0 0 0 0 0 0 0 0 0
mrqq: max=0 avg=0
Memory Partition 3: 
Cache L2_bank_006:
MSHR contents

Cache L2_bank_007:
MSHR contents

In Dram Latency Queue (total = 0): 
DRAM[3]: 16 bks, busW=2 BL=16 CL=24, tRRD=12 tCCD=4, tRCD=24 tRAS=55 tRP=24 tRC=78
n_cmd=35326 n_nop=35326 n_act=0 n_pre=0 n_ref_event=0 n_req=0 n_rd=0 n_rd_L2_A=0 n_write=0 n_wr_bk=0 bw_util=0
n_activity=0 dram_eff=-nan
bk0: 0a 35326i bk1: 0a 35326i bk2: 0a 35326i bk3: 0a 35326i bk4: 0a 35326i bk5: 0a 35326i bk6: 0a 35326i bk7: 0a 35326i bk8: 0a 35326i bk9: 0a 35326i bk10: 0a 35326i bk11: 0a 35326i bk12: 0a 35326i bk13: 0a 35326i bk14: 0a 35326i bk15: 0a 35326i 

------------------------------------------------------------------------

Row_Buffer_Locality = -nan
Row_Buffer_Locality_read = -nan
Row_Buffer_Locality_write = -nan
Bank_Level_Parallism = -nan
Bank_Level_Parallism_Col = -nan
Bank_Level_Parallism_Ready = -nan
write_to_read_ratio_blp_rw_average = -nan
GrpLevelPara = -nan 

BW Util details:
bwutil = 0.000000 
total_CMD = 35326 
util_bw = 0 
Wasted_Col = 0 
Wasted_Row = 0 
Idle = 35326 

BW Util Bottlenecks: 
RCDc_limit = 0 
RCDWRc_limit = 0 
WTRc_limit = 0 
RTWc_limit = 0 
CCDLc_limit = 0 
rwq = 0 
CCDLc_limit_alone = 0 
WTRc_limit_alone = 0 
RTWc_limit_alone = 0 

Commands details: 
total_CMD = 35326 
n_nop = 35326 
Read = 0 
Write = 0 
L2_Alloc = 0 
L2_WB = 0 
n_act = 0 
n_pre = 0 
n_ref = 0 
n_req = 0 
total_req = 0 

Dual Bus Interface Util: 
issued_total_row = 0 
issued_total_col = 0 
Row_Bus_Util =  0.000000 
CoL_Bus_Util = 0.000000 
Either_Row_CoL_Bus_Util = 0.000000 
Issued_on_Two_Bus_Simul_Util = 0.000000 
issued_two_Eff = -nan 
queue_avg = 0.000000 


dram_util_bins: 0 0 0 0 0 0 0 0 0 0
dram_eff_bins: 0 0 0 0 0 0 0 0 0 0
mrqq: max=0 avg=0
Memory Partition 4: 
Cache L2_bank_008:
MSHR contents

Cache L2_bank_009:
MSHR contents

In Dram Latency Queue (total = 0): 
DRAM[4]: 16 bks, busW=2 BL=16 CL=24, tRRD=12 tCCD=4, tRCD=24 tRAS=55 tRP=24 tRC=78
n_cmd=35326 n_nop=35326 n_act=0 n_pre=0 n_ref_event=0 n_req=0 n_rd=0 n_rd_L2_A=0 n_write=0 n_wr_bk=0 bw_util=0
n_activity=0 dram_eff=-nan
bk0: 0a 35326i bk1: 0a 35326i bk2: 0a 35326i bk3: 0a 35326i bk4: 0a 35326i bk5: 0a 35326i bk6: 0a 35326i bk7: 0a 35326i bk8: 0a 35326i bk9: 0a 35326i bk10: 0a 35326i bk11: 0a 35326i bk12: 0a 35326i bk13: 0a 35326i bk14: 0a 35326i bk15: 0a 35326i 

------------------------------------------------------------------------

Row_Buffer_Locality = -nan
Row_Buffer_Locality_read = -nan
Row_Buffer_Locality_write = -nan
Bank_Level_Parallism = -nan
Bank_Level_Parallism_Col = -nan
Bank_Level_Parallism_Ready = -nan
write_to_read_ratio_blp_rw_average = -nan
GrpLevelPara = -nan 

BW Util details:
bwutil = 0.000000 
total_CMD = 35326 
util_bw = 0 
Wasted_Col = 0 
Wasted_Row = 0 
Idle = 35326 

BW Util Bottlenecks: 
RCDc_limit = 0 
RCDWRc_limit = 0 
WTRc_limit = 0 
RTWc_limit = 0 
CCDLc_limit = 0 
rwq = 0 
CCDLc_limit_alone = 0 
WTRc_limit_alone = 0 
RTWc_limit_alone = 0 

Commands details: 
total_CMD = 35326 
n_nop = 35326 
Read = 0 
Write = 0 
L2_Alloc = 0 
L2_WB = 0 
n_act = 0 
n_pre = 0 
n_ref = 0 
n_req = 0 
total_req = 0 

Dual Bus Interface Util: 
issued_total_row = 0 
issued_total_col = 0 
Row_Bus_Util =  0.000000 
CoL_Bus_Util = 0.000000 
Either_Row_CoL_Bus_Util = 0.000000 
Issued_on_Two_Bus_Simul_Util = 0.000000 
issued_two_Eff = -nan 
queue_avg = 0.000000 


dram_util_bins: 0 0 0 0 0 0 0 0 0 0
dram_eff_bins: 0 0 0 0 0 0 0 0 0 0
mrqq: max=0 avg=0
Memory Partition 5: 
Cache L2_bank_010:
MSHR contents

Cache L2_bank_011:
MSHR contents

In Dram Latency Queue (total = 0): 
DRAM[5]: 16 bks, busW=2 BL=16 CL=24, tRRD=12 tCCD=4, tRCD=24 tRAS=55 tRP=24 tRC=78
n_cmd=35326 n_nop=35326 n_act=0 n_pre=0 n_ref_event=0 n_req=0 n_rd=0 n_rd_L2_A=0 n_write=0 n_wr_bk=0 bw_util=0
n_activity=0 dram_eff=-nan
bk0: 0a 35326i bk1: 0a 35326i bk2: 0a 35326i bk3: 0a 35326i bk4: 0a 35326i bk5: 0a 35326i bk6: 0a 35326i bk7: 0a 35326i bk8: 0a 35326i bk9: 0a 35326i bk10: 0a 35326i bk11: 0a 35326i bk12: 0a 35326i bk13: 0a 35326i bk14: 0a 35326i bk15: 0a 35326i 

------------------------------------------------------------------------

Row_Buffer_Locality = -nan
Row_Buffer_Locality_read = -nan
Row_Buffer_Locality_write = -nan
Bank_Level_Parallism = -nan
Bank_Level_Parallism_Col = -nan
Bank_Level_Parallism_Ready = -nan
write_to_read_ratio_blp_rw_average = -nan
GrpLevelPara = -nan 

BW Util details:
bwutil = 0.000000 
total_CMD = 35326 
util_bw = 0 
Wasted_Col = 0 
Wasted_Row = 0 
Idle = 35326 

BW Util Bottlenecks: 
RCDc_limit = 0 
RCDWRc_limit = 0 
WTRc_limit = 0 
RTWc_limit = 0 
CCDLc_limit = 0 
rwq = 0 
CCDLc_limit_alone = 0 
WTRc_limit_alone = 0 
RTWc_limit_alone = 0 

Commands details: 
total_CMD = 35326 
n_nop = 35326 
Read = 0 
Write = 0 
L2_Alloc = 0 
L2_WB = 0 
n_act = 0 
n_pre = 0 
n_ref = 0 
n_req = 0 
total_req = 0 

Dual Bus Interface Util: 
issued_total_row = 0 
issued_total_col = 0 
Row_Bus_Util =  0.000000 
CoL_Bus_Util = 0.000000 
Either_Row_CoL_Bus_Util = 0.000000 
Issued_on_Two_Bus_Simul_Util = 0.000000 
issued_two_Eff = -nan 
queue_avg = 0.000000 


dram_util_bins: 0 0 0 0 0 0 0 0 0 0
dram_eff_bins: 0 0 0 0 0 0 0 0 0 0
mrqq: max=0 avg=0
Memory Partition 6: 
Cache L2_bank_012:
MSHR contents

Cache L2_bank_013:
MSHR contents

In Dram Latency Queue (total = 0): 
DRAM[6]: 16 bks, busW=2 BL=16 CL=24, tRRD=12 tCCD=4, tRCD=24 tRAS=55 tRP=24 tRC=78
n_cmd=35326 n_nop=35326 n_act=0 n_pre=0 n_ref_event=0 n_req=0 n_rd=0 n_rd_L2_A=0 n_write=0 n_wr_bk=0 bw_util=0
n_activity=0 dram_eff=-nan
bk0: 0a 35326i bk1: 0a 35326i bk2: 0a 35326i bk3: 0a 35326i bk4: 0a 35326i bk5: 0a 35326i bk6: 0a 35326i bk7: 0a 35326i bk8: 0a 35326i bk9: 0a 35326i bk10: 0a 35326i bk11: 0a 35326i bk12: 0a 35326i bk13: 0a 35326i bk14: 0a 35326i bk15: 0a 35326i 

------------------------------------------------------------------------

Row_Buffer_Locality = -nan
Row_Buffer_Locality_read = -nan
Row_Buffer_Locality_write = -nan
Bank_Level_Parallism = -nan
Bank_Level_Parallism_Col = -nan
Bank_Level_Parallism_Ready = -nan
write_to_read_ratio_blp_rw_average = -nan
GrpLevelPara = -nan 

BW Util details:
bwutil = 0.000000 
total_CMD = 35326 
util_bw = 0 
Wasted_Col = 0 
Wasted_Row = 0 
Idle = 35326 

BW Util Bottlenecks: 
RCDc_limit = 0 
RCDWRc_limit = 0 
WTRc_limit = 0 
RTWc_limit = 0 
CCDLc_limit = 0 
rwq = 0 
CCDLc_limit_alone = 0 
WTRc_limit_alone = 0 
RTWc_limit_alone = 0 

Commands details: 
total_CMD = 35326 
n_nop = 35326 
Read = 0 
Write = 0 
L2_Alloc = 0 
L2_WB = 0 
n_act = 0 
n_pre = 0 
n_ref = 0 
n_req = 0 
total_req = 0 

Dual Bus Interface Util: 
issued_total_row = 0 
issued_total_col = 0 
Row_Bus_Util =  0.000000 
CoL_Bus_Util = 0.000000 
Either_Row_CoL_Bus_Util = 0.000000 
Issued_on_Two_Bus_Simul_Util = 0.000000 
issued_two_Eff = -nan 
queue_avg = 0.000000 


dram_util_bins: 0 0 0 0 0 0 0 0 0 0
dram_eff_bins: 0 0 0 0 0 0 0 0 0 0
mrqq: max=0 avg=0
Memory Partition 7: 
Cache L2_bank_014:
MSHR contents

Cache L2_bank_015:
MSHR contents

In Dram Latency Queue (total = 0): 
DRAM[7]: 16 bks, busW=2 BL=16 CL=24, tRRD=12 tCCD=4, tRCD=24 tRAS=55 tRP=24 tRC=78
n_cmd=35326 n_nop=35326 n_act=0 n_pre=0 n_ref_event=0 n_req=0 n_rd=0 n_rd_L2_A=0 n_write=0 n_wr_bk=0 bw_util=0
n_activity=0 dram_eff=-nan
bk0: 0a 35326i bk1: 0a 35326i bk2: 0a 35326i bk3: 0a 35326i bk4: 0a 35326i bk5: 0a 35326i bk6: 0a 35326i bk7: 0a 35326i bk8: 0a 35326i bk9: 0a 35326i bk10: 0a 35326i bk11: 0a 35326i bk12: 0a 35326i bk13: 0a 35326i bk14: 0a 35326i bk15: 0a 35326i 

------------------------------------------------------------------------

Row_Buffer_Locality = -nan
Row_Buffer_Locality_read = -nan
Row_Buffer_Locality_write = -nan
Bank_Level_Parallism = -nan
Bank_Level_Parallism_Col = -nan
Bank_Level_Parallism_Ready = -nan
write_to_read_ratio_blp_rw_average = -nan
GrpLevelPara = -nan 

BW Util details:
bwutil = 0.000000 
total_CMD = 35326 
util_bw = 0 
Wasted_Col = 0 
Wasted_Row = 0 
Idle = 35326 

BW Util Bottlenecks: 
RCDc_limit = 0 
RCDWRc_limit = 0 
WTRc_limit = 0 
RTWc_limit = 0 
CCDLc_limit = 0 
rwq = 0 
CCDLc_limit_alone = 0 
WTRc_limit_alone = 0 
RTWc_limit_alone = 0 

Commands details: 
total_CMD = 35326 
n_nop = 35326 
Read = 0 
Write = 0 
L2_Alloc = 0 
L2_WB = 0 
n_act = 0 
n_pre = 0 
n_ref = 0 
n_req = 0 
total_req = 0 

Dual Bus Interface Util: 
issued_total_row = 0 
issued_total_col = 0 
Row_Bus_Util =  0.000000 
CoL_Bus_Util = 0.000000 
Either_Row_CoL_Bus_Util = 0.000000 
Issued_on_Two_Bus_Simul_Util = 0.000000 
issued_two_Eff = -nan 
queue_avg = 0.000000 


dram_util_bins: 0 0 0 0 0 0 0 0 0 0
dram_eff_bins: 0 0 0 0 0 0 0 0 0 0
mrqq: max=0 avg=0
Memory Partition 8: 
Cache L2_bank_016:
MSHR contents

Cache L2_bank_017:
MSHR contents

In Dram Latency Queue (total = 0): 
DRAM[8]: 16 bks, busW=2 BL=16 CL=24, tRRD=12 tCCD=4, tRCD=24 tRAS=55 tRP=24 tRC=78
n_cmd=35326 n_nop=35326 n_act=0 n_pre=0 n_ref_event=0 n_req=0 n_rd=0 n_rd_L2_A=0 n_write=0 n_wr_bk=0 bw_util=0
n_activity=0 dram_eff=-nan
bk0: 0a 35326i bk1: 0a 35326i bk2: 0a 35326i bk3: 0a 35326i bk4: 0a 35326i bk5: 0a 35326i bk6: 0a 35326i bk7: 0a 35326i bk8: 0a 35326i bk9: 0a 35326i bk10: 0a 35326i bk11: 0a 35326i bk12: 0a 35326i bk13: 0a 35326i bk14: 0a 35326i bk15: 0a 35326i 

------------------------------------------------------------------------

Row_Buffer_Locality = -nan
Row_Buffer_Locality_read = -nan
Row_Buffer_Locality_write = -nan
Bank_Level_Parallism = -nan
Bank_Level_Parallism_Col = -nan
Bank_Level_Parallism_Ready = -nan
write_to_read_ratio_blp_rw_average = -nan
GrpLevelPara = -nan 

BW Util details:
bwutil = 0.000000 
total_CMD = 35326 
util_bw = 0 
Wasted_Col = 0 
Wasted_Row = 0 
Idle = 35326 

BW Util Bottlenecks: 
RCDc_limit = 0 
RCDWRc_limit = 0 
WTRc_limit = 0 
RTWc_limit = 0 
CCDLc_limit = 0 
rwq = 0 
CCDLc_limit_alone = 0 
WTRc_limit_alone = 0 
RTWc_limit_alone = 0 

Commands details: 
total_CMD = 35326 
n_nop = 35326 
Read = 0 
Write = 0 
L2_Alloc = 0 
L2_WB = 0 
n_act = 0 
n_pre = 0 
n_ref = 0 
n_req = 0 
total_req = 0 

Dual Bus Interface Util: 
issued_total_row = 0 
issued_total_col = 0 
Row_Bus_Util =  0.000000 
CoL_Bus_Util = 0.000000 
Either_Row_CoL_Bus_Util = 0.000000 
Issued_on_Two_Bus_Simul_Util = 0.000000 
issued_two_Eff = -nan 
queue_avg = 0.000000 


dram_util_bins: 0 0 0 0 0 0 0 0 0 0
dram_eff_bins: 0 0 0 0 0 0 0 0 0 0
mrqq: max=0 avg=0
Memory Partition 9: 
Cache L2_bank_018:
MSHR contents

Cache L2_bank_019:
MSHR contents

In Dram Latency Queue (total = 0): 
DRAM[9]: 16 bks, busW=2 BL=16 CL=24, tRRD=12 tCCD=4, tRCD=24 tRAS=55 tRP=24 tRC=78
n_cmd=35326 n_nop=35326 n_act=0 n_pre=0 n_ref_event=0 n_req=0 n_rd=0 n_rd_L2_A=0 n_write=0 n_wr_bk=0 bw_util=0
n_activity=0 dram_eff=-nan
bk0: 0a 35326i bk1: 0a 35326i bk2: 0a 35326i bk3: 0a 35326i bk4: 0a 35326i bk5: 0a 35326i bk6: 0a 35326i bk7: 0a 35326i bk8: 0a 35326i bk9: 0a 35326i bk10: 0a 35326i bk11: 0a 35326i bk12: 0a 35326i bk13: 0a 35326i bk14: 0a 35326i bk15: 0a 35326i 

------------------------------------------------------------------------

Row_Buffer_Locality = -nan
Row_Buffer_Locality_read = -nan
Row_Buffer_Locality_write = -nan
Bank_Level_Parallism = -nan
Bank_Level_Parallism_Col = -nan
Bank_Level_Parallism_Ready = -nan
write_to_read_ratio_blp_rw_average = -nan
GrpLevelPara = -nan 

BW Util details:
bwutil = 0.000000 
total_CMD = 35326 
util_bw = 0 
Wasted_Col = 0 
Wasted_Row = 0 
Idle = 35326 

BW Util Bottlenecks: 
RCDc_limit = 0 
RCDWRc_limit = 0 
WTRc_limit = 0 
RTWc_limit = 0 
CCDLc_limit = 0 
rwq = 0 
CCDLc_limit_alone = 0 
WTRc_limit_alone = 0 
RTWc_limit_alone = 0 

Commands details: 
total_CMD = 35326 
n_nop = 35326 
Read = 0 
Write = 0 
L2_Alloc = 0 
L2_WB = 0 
n_act = 0 
n_pre = 0 
n_ref = 0 
n_req = 0 
total_req = 0 

Dual Bus Interface Util: 
issued_total_row = 0 
issued_total_col = 0 
Row_Bus_Util =  0.000000 
CoL_Bus_Util = 0.000000 
Either_Row_CoL_Bus_Util = 0.000000 
Issued_on_Two_Bus_Simul_Util = 0.000000 
issued_two_Eff = -nan 
queue_avg = 0.000000 


dram_util_bins: 0 0 0 0 0 0 0 0 0 0
dram_eff_bins: 0 0 0 0 0 0 0 0 0 0
mrqq: max=0 avg=0
Memory Partition 10: 
Cache L2_bank_020:
MSHR contents

Cache L2_bank_021:
MSHR contents

In Dram Latency Queue (total = 0): 
DRAM[10]: 16 bks, busW=2 BL=16 CL=24, tRRD=12 tCCD=4, tRCD=24 tRAS=55 tRP=24 tRC=78
n_cmd=35326 n_nop=35326 n_act=0 n_pre=0 n_ref_event=0 n_req=0 n_rd=0 n_rd_L2_A=0 n_write=0 n_wr_bk=0 bw_util=0
n_activity=0 dram_eff=-nan
bk0: 0a 35326i bk1: 0a 35326i bk2: 0a 35326i bk3: 0a 35326i bk4: 0a 35326i bk5: 0a 35326i bk6: 0a 35326i bk7: 0a 35326i bk8: 0a 35326i bk9: 0a 35326i bk10: 0a 35326i bk11: 0a 35326i bk12: 0a 35326i bk13: 0a 35326i bk14: 0a 35326i bk15: 0a 35326i 

------------------------------------------------------------------------

Row_Buffer_Locality = -nan
Row_Buffer_Locality_read = -nan
Row_Buffer_Locality_write = -nan
Bank_Level_Parallism = -nan
Bank_Level_Parallism_Col = -nan
Bank_Level_Parallism_Ready = -nan
write_to_read_ratio_blp_rw_average = -nan
GrpLevelPara = -nan 

BW Util details:
bwutil = 0.000000 
total_CMD = 35326 
util_bw = 0 
Wasted_Col = 0 
Wasted_Row = 0 
Idle = 35326 

BW Util Bottlenecks: 
RCDc_limit = 0 
RCDWRc_limit = 0 
WTRc_limit = 0 
RTWc_limit = 0 
CCDLc_limit = 0 
rwq = 0 
CCDLc_limit_alone = 0 
WTRc_limit_alone = 0 
RTWc_limit_alone = 0 

Commands details: 
total_CMD = 35326 
n_nop = 35326 
Read = 0 
Write = 0 
L2_Alloc = 0 
L2_WB = 0 
n_act = 0 
n_pre = 0 
n_ref = 0 
n_req = 0 
total_req = 0 

Dual Bus Interface Util: 
issued_total_row = 0 
issued_total_col = 0 
Row_Bus_Util =  0.000000 
CoL_Bus_Util = 0.000000 
Either_Row_CoL_Bus_Util = 0.000000 
Issued_on_Two_Bus_Simul_Util = 0.000000 
issued_two_Eff = -nan 
queue_avg = 0.000000 


dram_util_bins: 0 0 0 0 0 0 0 0 0 0
dram_eff_bins: 0 0 0 0 0 0 0 0 0 0
mrqq: max=0 avg=0
Memory Partition 11: 
Cache L2_bank_022:
MSHR contents

Cache L2_bank_023:
MSHR contents

In Dram Latency Queue (total = 0): 
DRAM[11]: 16 bks, busW=2 BL=16 CL=24, tRRD=12 tCCD=4, tRCD=24 tRAS=55 tRP=24 tRC=78
n_cmd=35326 n_nop=35326 n_act=0 n_pre=0 n_ref_event=0 n_req=0 n_rd=0 n_rd_L2_A=0 n_write=0 n_wr_bk=0 bw_util=0
n_activity=0 dram_eff=-nan
bk0: 0a 35326i bk1: 0a 35326i bk2: 0a 35326i bk3: 0a 35326i bk4: 0a 35326i bk5: 0a 35326i bk6: 0a 35326i bk7: 0a 35326i bk8: 0a 35326i bk9: 0a 35326i bk10: 0a 35326i bk11: 0a 35326i bk12: 0a 35326i bk13: 0a 35326i bk14: 0a 35326i bk15: 0a 35326i 

------------------------------------------------------------------------

Row_Buffer_Locality = -nan
Row_Buffer_Locality_read = -nan
Row_Buffer_Locality_write = -nan
Bank_Level_Parallism = -nan
Bank_Level_Parallism_Col = -nan
Bank_Level_Parallism_Ready = -nan
write_to_read_ratio_blp_rw_average = -nan
GrpLevelPara = -nan 

BW Util details:
bwutil = 0.000000 
total_CMD = 35326 
util_bw = 0 
Wasted_Col = 0 
Wasted_Row = 0 
Idle = 35326 

BW Util Bottlenecks: 
RCDc_limit = 0 
RCDWRc_limit = 0 
WTRc_limit = 0 
RTWc_limit = 0 
CCDLc_limit = 0 
rwq = 0 
CCDLc_limit_alone = 0 
WTRc_limit_alone = 0 
RTWc_limit_alone = 0 

Commands details: 
total_CMD = 35326 
n_nop = 35326 
Read = 0 
Write = 0 
L2_Alloc = 0 
L2_WB = 0 
n_act = 0 
n_pre = 0 
n_ref = 0 
n_req = 0 
total_req = 0 

Dual Bus Interface Util: 
issued_total_row = 0 
issued_total_col = 0 
Row_Bus_Util =  0.000000 
CoL_Bus_Util = 0.000000 
Either_Row_CoL_Bus_Util = 0.000000 
Issued_on_Two_Bus_Simul_Util = 0.000000 
issued_two_Eff = -nan 
queue_avg = 0.000000 


dram_util_bins: 0 0 0 0 0 0 0 0 0 0
dram_eff_bins: 0 0 0 0 0 0 0 0 0 0
mrqq: max=0 avg=0
Memory Partition 12: 
Cache L2_bank_024:
MSHR contents

Cache L2_bank_025:
MSHR contents

In Dram Latency Queue (total = 0): 
DRAM[12]: 16 bks, busW=2 BL=16 CL=24, tRRD=12 tCCD=4, tRCD=24 tRAS=55 tRP=24 tRC=78
n_cmd=35326 n_nop=35326 n_act=0 n_pre=0 n_ref_event=0 n_req=0 n_rd=0 n_rd_L2_A=0 n_write=0 n_wr_bk=0 bw_util=0
n_activity=0 dram_eff=-nan
bk0: 0a 35326i bk1: 0a 35326i bk2: 0a 35326i bk3: 0a 35326i bk4: 0a 35326i bk5: 0a 35326i bk6: 0a 35326i bk7: 0a 35326i bk8: 0a 35326i bk9: 0a 35326i bk10: 0a 35326i bk11: 0a 35326i bk12: 0a 35326i bk13: 0a 35326i bk14: 0a 35326i bk15: 0a 35326i 

------------------------------------------------------------------------

Row_Buffer_Locality = -nan
Row_Buffer_Locality_read = -nan
Row_Buffer_Locality_write = -nan
Bank_Level_Parallism = -nan
Bank_Level_Parallism_Col = -nan
Bank_Level_Parallism_Ready = -nan
write_to_read_ratio_blp_rw_average = -nan
GrpLevelPara = -nan 

BW Util details:
bwutil = 0.000000 
total_CMD = 35326 
util_bw = 0 
Wasted_Col = 0 
Wasted_Row = 0 
Idle = 35326 

BW Util Bottlenecks: 
RCDc_limit = 0 
RCDWRc_limit = 0 
WTRc_limit = 0 
RTWc_limit = 0 
CCDLc_limit = 0 
rwq = 0 
CCDLc_limit_alone = 0 
WTRc_limit_alone = 0 
RTWc_limit_alone = 0 

Commands details: 
total_CMD = 35326 
n_nop = 35326 
Read = 0 
Write = 0 
L2_Alloc = 0 
L2_WB = 0 
n_act = 0 
n_pre = 0 
n_ref = 0 
n_req = 0 
total_req = 0 

Dual Bus Interface Util: 
issued_total_row = 0 
issued_total_col = 0 
Row_Bus_Util =  0.000000 
CoL_Bus_Util = 0.000000 
Either_Row_CoL_Bus_Util = 0.000000 
Issued_on_Two_Bus_Simul_Util = 0.000000 
issued_two_Eff = -nan 
queue_avg = 0.000000 


dram_util_bins: 0 0 0 0 0 0 0 0 0 0
dram_eff_bins: 0 0 0 0 0 0 0 0 0 0
mrqq: max=0 avg=0
Memory Partition 13: 
Cache L2_bank_026:
MSHR contents

Cache L2_bank_027:
MSHR contents

In Dram Latency Queue (total = 0): 
DRAM[13]: 16 bks, busW=2 BL=16 CL=24, tRRD=12 tCCD=4, tRCD=24 tRAS=55 tRP=24 tRC=78
n_cmd=35326 n_nop=35326 n_act=0 n_pre=0 n_ref_event=0 n_req=0 n_rd=0 n_rd_L2_A=0 n_write=0 n_wr_bk=0 bw_util=0
n_activity=0 dram_eff=-nan
bk0: 0a 35326i bk1: 0a 35326i bk2: 0a 35326i bk3: 0a 35326i bk4: 0a 35326i bk5: 0a 35326i bk6: 0a 35326i bk7: 0a 35326i bk8: 0a 35326i bk9: 0a 35326i bk10: 0a 35326i bk11: 0a 35326i bk12: 0a 35326i bk13: 0a 35326i bk14: 0a 35326i bk15: 0a 35326i 

------------------------------------------------------------------------

Row_Buffer_Locality = -nan
Row_Buffer_Locality_read = -nan
Row_Buffer_Locality_write = -nan
Bank_Level_Parallism = -nan
Bank_Level_Parallism_Col = -nan
Bank_Level_Parallism_Ready = -nan
write_to_read_ratio_blp_rw_average = -nan
GrpLevelPara = -nan 

BW Util details:
bwutil = 0.000000 
total_CMD = 35326 
util_bw = 0 
Wasted_Col = 0 
Wasted_Row = 0 
Idle = 35326 

BW Util Bottlenecks: 
RCDc_limit = 0 
RCDWRc_limit = 0 
WTRc_limit = 0 
RTWc_limit = 0 
CCDLc_limit = 0 
rwq = 0 
CCDLc_limit_alone = 0 
WTRc_limit_alone = 0 
RTWc_limit_alone = 0 

Commands details: 
total_CMD = 35326 
n_nop = 35326 
Read = 0 
Write = 0 
L2_Alloc = 0 
L2_WB = 0 
n_act = 0 
n_pre = 0 
n_ref = 0 
n_req = 0 
total_req = 0 

Dual Bus Interface Util: 
issued_total_row = 0 
issued_total_col = 0 
Row_Bus_Util =  0.000000 
CoL_Bus_Util = 0.000000 
Either_Row_CoL_Bus_Util = 0.000000 
Issued_on_Two_Bus_Simul_Util = 0.000000 
issued_two_Eff = -nan 
queue_avg = 0.000000 


dram_util_bins: 0 0 0 0 0 0 0 0 0 0
dram_eff_bins: 0 0 0 0 0 0 0 0 0 0
mrqq: max=0 avg=0
Memory Partition 14: 
Cache L2_bank_028:
MSHR contents

Cache L2_bank_029:
MSHR contents

In Dram Latency Queue (total = 0): 
DRAM[14]: 16 bks, busW=2 BL=16 CL=24, tRRD=12 tCCD=4, tRCD=24 tRAS=55 tRP=24 tRC=78
n_cmd=35326 n_nop=35326 n_act=0 n_pre=0 n_ref_event=0 n_req=0 n_rd=0 n_rd_L2_A=0 n_write=0 n_wr_bk=0 bw_util=0
n_activity=0 dram_eff=-nan
bk0: 0a 35326i bk1: 0a 35326i bk2: 0a 35326i bk3: 0a 35326i bk4: 0a 35326i bk5: 0a 35326i bk6: 0a 35326i bk7: 0a 35326i bk8: 0a 35326i bk9: 0a 35326i bk10: 0a 35326i bk11: 0a 35326i bk12: 0a 35326i bk13: 0a 35326i bk14: 0a 35326i bk15: 0a 35326i 

------------------------------------------------------------------------

Row_Buffer_Locality = -nan
Row_Buffer_Locality_read = -nan
Row_Buffer_Locality_write = -nan
Bank_Level_Parallism = -nan
Bank_Level_Parallism_Col = -nan
Bank_Level_Parallism_Ready = -nan
write_to_read_ratio_blp_rw_average = -nan
GrpLevelPara = -nan 

BW Util details:
bwutil = 0.000000 
total_CMD = 35326 
util_bw = 0 
Wasted_Col = 0 
Wasted_Row = 0 
Idle = 35326 

BW Util Bottlenecks: 
RCDc_limit = 0 
RCDWRc_limit = 0 
WTRc_limit = 0 
RTWc_limit = 0 
CCDLc_limit = 0 
rwq = 0 
CCDLc_limit_alone = 0 
WTRc_limit_alone = 0 
RTWc_limit_alone = 0 

Commands details: 
total_CMD = 35326 
n_nop = 35326 
Read = 0 
Write = 0 
L2_Alloc = 0 
L2_WB = 0 
n_act = 0 
n_pre = 0 
n_ref = 0 
n_req = 0 
total_req = 0 

Dual Bus Interface Util: 
issued_total_row = 0 
issued_total_col = 0 
Row_Bus_Util =  0.000000 
CoL_Bus_Util = 0.000000 
Either_Row_CoL_Bus_Util = 0.000000 
Issued_on_Two_Bus_Simul_Util = 0.000000 
issued_two_Eff = -nan 
queue_avg = 0.000000 


dram_util_bins: 0 0 0 0 0 0 0 0 0 0
dram_eff_bins: 0 0 0 0 0 0 0 0 0 0
mrqq: max=0 avg=0
Memory Partition 15: 
Cache L2_bank_030:
MSHR contents

Cache L2_bank_031:
MSHR contents

In Dram Latency Queue (total = 0): 
DRAM[15]: 16 bks, busW=2 BL=16 CL=24, tRRD=12 tCCD=4, tRCD=24 tRAS=55 tRP=24 tRC=78
n_cmd=35326 n_nop=35326 n_act=0 n_pre=0 n_ref_event=0 n_req=0 n_rd=0 n_rd_L2_A=0 n_write=0 n_wr_bk=0 bw_util=0
n_activity=0 dram_eff=-nan
bk0: 0a 35326i bk1: 0a 35326i bk2: 0a 35326i bk3: 0a 35326i bk4: 0a 35326i bk5: 0a 35326i bk6: 0a 35326i bk7: 0a 35326i bk8: 0a 35326i bk9: 0a 35326i bk10: 0a 35326i bk11: 0a 35326i bk12: 0a 35326i bk13: 0a 35326i bk14: 0a 35326i bk15: 0a 35326i 

------------------------------------------------------------------------

Row_Buffer_Locality = -nan
Row_Buffer_Locality_read = -nan
Row_Buffer_Locality_write = -nan
Bank_Level_Parallism = -nan
Bank_Level_Parallism_Col = -nan
Bank_Level_Parallism_Ready = -nan
write_to_read_ratio_blp_rw_average = -nan
GrpLevelPara = -nan 

BW Util details:
bwutil = 0.000000 
total_CMD = 35326 
util_bw = 0 
Wasted_Col = 0 
Wasted_Row = 0 
Idle = 35326 

BW Util Bottlenecks: 
RCDc_limit = 0 
RCDWRc_limit = 0 
WTRc_limit = 0 
RTWc_limit = 0 
CCDLc_limit = 0 
rwq = 0 
CCDLc_limit_alone = 0 
WTRc_limit_alone = 0 
RTWc_limit_alone = 0 

Commands details: 
total_CMD = 35326 
n_nop = 35326 
Read = 0 
Write = 0 
L2_Alloc = 0 
L2_WB = 0 
n_act = 0 
n_pre = 0 
n_ref = 0 
n_req = 0 
total_req = 0 

Dual Bus Interface Util: 
issued_total_row = 0 
issued_total_col = 0 
Row_Bus_Util =  0.000000 
CoL_Bus_Util = 0.000000 
Either_Row_CoL_Bus_Util = 0.000000 
Issued_on_Two_Bus_Simul_Util = 0.000000 
issued_two_Eff = -nan 
queue_avg = 0.000000 


dram_util_bins: 0 0 0 0 0 0 0 0 0 0
dram_eff_bins: 0 0 0 0 0 0 0 0 0 0
mrqq: max=0 avg=0
Memory Partition 16: 
Cache L2_bank_032:
MSHR contents

Cache L2_bank_033:
MSHR contents

In Dram Latency Queue (total = 0): 
DRAM[16]: 16 bks, busW=2 BL=16 CL=24, tRRD=12 tCCD=4, tRCD=24 tRAS=55 tRP=24 tRC=78
n_cmd=35326 n_nop=35326 n_act=0 n_pre=0 n_ref_event=0 n_req=0 n_rd=0 n_rd_L2_A=0 n_write=0 n_wr_bk=0 bw_util=0
n_activity=0 dram_eff=-nan
bk0: 0a 35326i bk1: 0a 35326i bk2: 0a 35326i bk3: 0a 35326i bk4: 0a 35326i bk5: 0a 35326i bk6: 0a 35326i bk7: 0a 35326i bk8: 0a 35326i bk9: 0a 35326i bk10: 0a 35326i bk11: 0a 35326i bk12: 0a 35326i bk13: 0a 35326i bk14: 0a 35326i bk15: 0a 35326i 

------------------------------------------------------------------------

Row_Buffer_Locality = -nan
Row_Buffer_Locality_read = -nan
Row_Buffer_Locality_write = -nan
Bank_Level_Parallism = -nan
Bank_Level_Parallism_Col = -nan
Bank_Level_Parallism_Ready = -nan
write_to_read_ratio_blp_rw_average = -nan
GrpLevelPara = -nan 

BW Util details:
bwutil = 0.000000 
total_CMD = 35326 
util_bw = 0 
Wasted_Col = 0 
Wasted_Row = 0 
Idle = 35326 

BW Util Bottlenecks: 
RCDc_limit = 0 
RCDWRc_limit = 0 
WTRc_limit = 0 
RTWc_limit = 0 
CCDLc_limit = 0 
rwq = 0 
CCDLc_limit_alone = 0 
WTRc_limit_alone = 0 
RTWc_limit_alone = 0 

Commands details: 
total_CMD = 35326 
n_nop = 35326 
Read = 0 
Write = 0 
L2_Alloc = 0 
L2_WB = 0 
n_act = 0 
n_pre = 0 
n_ref = 0 
n_req = 0 
total_req = 0 

Dual Bus Interface Util: 
issued_total_row = 0 
issued_total_col = 0 
Row_Bus_Util =  0.000000 
CoL_Bus_Util = 0.000000 
Either_Row_CoL_Bus_Util = 0.000000 
Issued_on_Two_Bus_Simul_Util = 0.000000 
issued_two_Eff = -nan 
queue_avg = 0.000000 


dram_util_bins: 0 0 0 0 0 0 0 0 0 0
dram_eff_bins: 0 0 0 0 0 0 0 0 0 0
mrqq: max=0 avg=0
Memory Partition 17: 
Cache L2_bank_034:
MSHR contents

Cache L2_bank_035:
MSHR contents

In Dram Latency Queue (total = 0): 
DRAM[17]: 16 bks, busW=2 BL=16 CL=24, tRRD=12 tCCD=4, tRCD=24 tRAS=55 tRP=24 tRC=78
n_cmd=35326 n_nop=35326 n_act=0 n_pre=0 n_ref_event=0 n_req=0 n_rd=0 n_rd_L2_A=0 n_write=0 n_wr_bk=0 bw_util=0
n_activity=0 dram_eff=-nan
bk0: 0a 35326i bk1: 0a 35326i bk2: 0a 35326i bk3: 0a 35326i bk4: 0a 35326i bk5: 0a 35326i bk6: 0a 35326i bk7: 0a 35326i bk8: 0a 35326i bk9: 0a 35326i bk10: 0a 35326i bk11: 0a 35326i bk12: 0a 35326i bk13: 0a 35326i bk14: 0a 35326i bk15: 0a 35326i 

------------------------------------------------------------------------

Row_Buffer_Locality = -nan
Row_Buffer_Locality_read = -nan
Row_Buffer_Locality_write = -nan
Bank_Level_Parallism = -nan
Bank_Level_Parallism_Col = -nan
Bank_Level_Parallism_Ready = -nan
write_to_read_ratio_blp_rw_average = -nan
GrpLevelPara = -nan 

BW Util details:
bwutil = 0.000000 
total_CMD = 35326 
util_bw = 0 
Wasted_Col = 0 
Wasted_Row = 0 
Idle = 35326 

BW Util Bottlenecks: 
RCDc_limit = 0 
RCDWRc_limit = 0 
WTRc_limit = 0 
RTWc_limit = 0 
CCDLc_limit = 0 
rwq = 0 
CCDLc_limit_alone = 0 
WTRc_limit_alone = 0 
RTWc_limit_alone = 0 

Commands details: 
total_CMD = 35326 
n_nop = 35326 
Read = 0 
Write = 0 
L2_Alloc = 0 
L2_WB = 0 
n_act = 0 
n_pre = 0 
n_ref = 0 
n_req = 0 
total_req = 0 

Dual Bus Interface Util: 
issued_total_row = 0 
issued_total_col = 0 
Row_Bus_Util =  0.000000 
CoL_Bus_Util = 0.000000 
Either_Row_CoL_Bus_Util = 0.000000 
Issued_on_Two_Bus_Simul_Util = 0.000000 
issued_two_Eff = -nan 
queue_avg = 0.000000 


dram_util_bins: 0 0 0 0 0 0 0 0 0 0
dram_eff_bins: 0 0 0 0 0 0 0 0 0 0
mrqq: max=0 avg=0
Memory Partition 18: 
Cache L2_bank_036:
MSHR contents

Cache L2_bank_037:
MSHR contents

In Dram Latency Queue (total = 0): 
DRAM[18]: 16 bks, busW=2 BL=16 CL=24, tRRD=12 tCCD=4, tRCD=24 tRAS=55 tRP=24 tRC=78
n_cmd=35326 n_nop=35326 n_act=0 n_pre=0 n_ref_event=0 n_req=0 n_rd=0 n_rd_L2_A=0 n_write=0 n_wr_bk=0 bw_util=0
n_activity=0 dram_eff=-nan
bk0: 0a 35326i bk1: 0a 35326i bk2: 0a 35326i bk3: 0a 35326i bk4: 0a 35326i bk5: 0a 35326i bk6: 0a 35326i bk7: 0a 35326i bk8: 0a 35326i bk9: 0a 35326i bk10: 0a 35326i bk11: 0a 35326i bk12: 0a 35326i bk13: 0a 35326i bk14: 0a 35326i bk15: 0a 35326i 

------------------------------------------------------------------------

Row_Buffer_Locality = -nan
Row_Buffer_Locality_read = -nan
Row_Buffer_Locality_write = -nan
Bank_Level_Parallism = -nan
Bank_Level_Parallism_Col = -nan
Bank_Level_Parallism_Ready = -nan
write_to_read_ratio_blp_rw_average = -nan
GrpLevelPara = -nan 

BW Util details:
bwutil = 0.000000 
total_CMD = 35326 
util_bw = 0 
Wasted_Col = 0 
Wasted_Row = 0 
Idle = 35326 

BW Util Bottlenecks: 
RCDc_limit = 0 
RCDWRc_limit = 0 
WTRc_limit = 0 
RTWc_limit = 0 
CCDLc_limit = 0 
rwq = 0 
CCDLc_limit_alone = 0 
WTRc_limit_alone = 0 
RTWc_limit_alone = 0 

Commands details: 
total_CMD = 35326 
n_nop = 35326 
Read = 0 
Write = 0 
L2_Alloc = 0 
L2_WB = 0 
n_act = 0 
n_pre = 0 
n_ref = 0 
n_req = 0 
total_req = 0 

Dual Bus Interface Util: 
issued_total_row = 0 
issued_total_col = 0 
Row_Bus_Util =  0.000000 
CoL_Bus_Util = 0.000000 
Either_Row_CoL_Bus_Util = 0.000000 
Issued_on_Two_Bus_Simul_Util = 0.000000 
issued_two_Eff = -nan 
queue_avg = 0.000000 


dram_util_bins: 0 0 0 0 0 0 0 0 0 0
dram_eff_bins: 0 0 0 0 0 0 0 0 0 0
mrqq: max=0 avg=0
Memory Partition 19: 
Cache L2_bank_038:
MSHR contents

Cache L2_bank_039:
MSHR contents

In Dram Latency Queue (total = 0): 
DRAM[19]: 16 bks, busW=2 BL=16 CL=24, tRRD=12 tCCD=4, tRCD=24 tRAS=55 tRP=24 tRC=78
n_cmd=35326 n_nop=35326 n_act=0 n_pre=0 n_ref_event=0 n_req=0 n_rd=0 n_rd_L2_A=0 n_write=0 n_wr_bk=0 bw_util=0
n_activity=0 dram_eff=-nan
bk0: 0a 35326i bk1: 0a 35326i bk2: 0a 35326i bk3: 0a 35326i bk4: 0a 35326i bk5: 0a 35326i bk6: 0a 35326i bk7: 0a 35326i bk8: 0a 35326i bk9: 0a 35326i bk10: 0a 35326i bk11: 0a 35326i bk12: 0a 35326i bk13: 0a 35326i bk14: 0a 35326i bk15: 0a 35326i 

------------------------------------------------------------------------

Row_Buffer_Locality = -nan
Row_Buffer_Locality_read = -nan
Row_Buffer_Locality_write = -nan
Bank_Level_Parallism = -nan
Bank_Level_Parallism_Col = -nan
Bank_Level_Parallism_Ready = -nan
write_to_read_ratio_blp_rw_average = -nan
GrpLevelPara = -nan 

BW Util details:
bwutil = 0.000000 
total_CMD = 35326 
util_bw = 0 
Wasted_Col = 0 
Wasted_Row = 0 
Idle = 35326 

BW Util Bottlenecks: 
RCDc_limit = 0 
RCDWRc_limit = 0 
WTRc_limit = 0 
RTWc_limit = 0 
CCDLc_limit = 0 
rwq = 0 
CCDLc_limit_alone = 0 
WTRc_limit_alone = 0 
RTWc_limit_alone = 0 

Commands details: 
total_CMD = 35326 
n_nop = 35326 
Read = 0 
Write = 0 
L2_Alloc = 0 
L2_WB = 0 
n_act = 0 
n_pre = 0 
n_ref = 0 
n_req = 0 
total_req = 0 

Dual Bus Interface Util: 
issued_total_row = 0 
issued_total_col = 0 
Row_Bus_Util =  0.000000 
CoL_Bus_Util = 0.000000 
Either_Row_CoL_Bus_Util = 0.000000 
Issued_on_Two_Bus_Simul_Util = 0.000000 
issued_two_Eff = -nan 
queue_avg = 0.000000 


dram_util_bins: 0 0 0 0 0 0 0 0 0 0
dram_eff_bins: 0 0 0 0 0 0 0 0 0 0
mrqq: max=0 avg=0
Memory Partition 20: 
Cache L2_bank_040:
MSHR contents

Cache L2_bank_041:
MSHR contents

In Dram Latency Queue (total = 0): 
DRAM[20]: 16 bks, busW=2 BL=16 CL=24, tRRD=12 tCCD=4, tRCD=24 tRAS=55 tRP=24 tRC=78
n_cmd=35326 n_nop=35326 n_act=0 n_pre=0 n_ref_event=0 n_req=0 n_rd=0 n_rd_L2_A=0 n_write=0 n_wr_bk=0 bw_util=0
n_activity=0 dram_eff=-nan
bk0: 0a 35326i bk1: 0a 35326i bk2: 0a 35326i bk3: 0a 35326i bk4: 0a 35326i bk5: 0a 35326i bk6: 0a 35326i bk7: 0a 35326i bk8: 0a 35326i bk9: 0a 35326i bk10: 0a 35326i bk11: 0a 35326i bk12: 0a 35326i bk13: 0a 35326i bk14: 0a 35326i bk15: 0a 35326i 

------------------------------------------------------------------------

Row_Buffer_Locality = -nan
Row_Buffer_Locality_read = -nan
Row_Buffer_Locality_write = -nan
Bank_Level_Parallism = -nan
Bank_Level_Parallism_Col = -nan
Bank_Level_Parallism_Ready = -nan
write_to_read_ratio_blp_rw_average = -nan
GrpLevelPara = -nan 

BW Util details:
bwutil = 0.000000 
total_CMD = 35326 
util_bw = 0 
Wasted_Col = 0 
Wasted_Row = 0 
Idle = 35326 

BW Util Bottlenecks: 
RCDc_limit = 0 
RCDWRc_limit = 0 
WTRc_limit = 0 
RTWc_limit = 0 
CCDLc_limit = 0 
rwq = 0 
CCDLc_limit_alone = 0 
WTRc_limit_alone = 0 
RTWc_limit_alone = 0 

Commands details: 
total_CMD = 35326 
n_nop = 35326 
Read = 0 
Write = 0 
L2_Alloc = 0 
L2_WB = 0 
n_act = 0 
n_pre = 0 
n_ref = 0 
n_req = 0 
total_req = 0 

Dual Bus Interface Util: 
issued_total_row = 0 
issued_total_col = 0 
Row_Bus_Util =  0.000000 
CoL_Bus_Util = 0.000000 
Either_Row_CoL_Bus_Util = 0.000000 
Issued_on_Two_Bus_Simul_Util = 0.000000 
issued_two_Eff = -nan 
queue_avg = 0.000000 


dram_util_bins: 0 0 0 0 0 0 0 0 0 0
dram_eff_bins: 0 0 0 0 0 0 0 0 0 0
mrqq: max=0 avg=0
Memory Partition 21: 
Cache L2_bank_042:
MSHR contents

Cache L2_bank_043:
MSHR contents

In Dram Latency Queue (total = 0): 
DRAM[21]: 16 bks, busW=2 BL=16 CL=24, tRRD=12 tCCD=4, tRCD=24 tRAS=55 tRP=24 tRC=78
n_cmd=35326 n_nop=35326 n_act=0 n_pre=0 n_ref_event=0 n_req=0 n_rd=0 n_rd_L2_A=0 n_write=0 n_wr_bk=0 bw_util=0
n_activity=0 dram_eff=-nan
bk0: 0a 35326i bk1: 0a 35326i bk2: 0a 35326i bk3: 0a 35326i bk4: 0a 35326i bk5: 0a 35326i bk6: 0a 35326i bk7: 0a 35326i bk8: 0a 35326i bk9: 0a 35326i bk10: 0a 35326i bk11: 0a 35326i bk12: 0a 35326i bk13: 0a 35326i bk14: 0a 35326i bk15: 0a 35326i 

------------------------------------------------------------------------

Row_Buffer_Locality = -nan
Row_Buffer_Locality_read = -nan
Row_Buffer_Locality_write = -nan
Bank_Level_Parallism = -nan
Bank_Level_Parallism_Col = -nan
Bank_Level_Parallism_Ready = -nan
write_to_read_ratio_blp_rw_average = -nan
GrpLevelPara = -nan 

BW Util details:
bwutil = 0.000000 
total_CMD = 35326 
util_bw = 0 
Wasted_Col = 0 
Wasted_Row = 0 
Idle = 35326 

BW Util Bottlenecks: 
RCDc_limit = 0 
RCDWRc_limit = 0 
WTRc_limit = 0 
RTWc_limit = 0 
CCDLc_limit = 0 
rwq = 0 
CCDLc_limit_alone = 0 
WTRc_limit_alone = 0 
RTWc_limit_alone = 0 

Commands details: 
total_CMD = 35326 
n_nop = 35326 
Read = 0 
Write = 0 
L2_Alloc = 0 
L2_WB = 0 
n_act = 0 
n_pre = 0 
n_ref = 0 
n_req = 0 
total_req = 0 

Dual Bus Interface Util: 
issued_total_row = 0 
issued_total_col = 0 
Row_Bus_Util =  0.000000 
CoL_Bus_Util = 0.000000 
Either_Row_CoL_Bus_Util = 0.000000 
Issued_on_Two_Bus_Simul_Util = 0.000000 
issued_two_Eff = -nan 
queue_avg = 0.000000 


dram_util_bins: 0 0 0 0 0 0 0 0 0 0
dram_eff_bins: 0 0 0 0 0 0 0 0 0 0
mrqq: max=0 avg=0
Memory Partition 22: 
Cache L2_bank_044:
MSHR contents

Cache L2_bank_045:
MSHR contents

In Dram Latency Queue (total = 0): 
DRAM[22]: 16 bks, busW=2 BL=16 CL=24, tRRD=12 tCCD=4, tRCD=24 tRAS=55 tRP=24 tRC=78
n_cmd=35326 n_nop=35326 n_act=0 n_pre=0 n_ref_event=0 n_req=0 n_rd=0 n_rd_L2_A=0 n_write=0 n_wr_bk=0 bw_util=0
n_activity=0 dram_eff=-nan
bk0: 0a 35326i bk1: 0a 35326i bk2: 0a 35326i bk3: 0a 35326i bk4: 0a 35326i bk5: 0a 35326i bk6: 0a 35326i bk7: 0a 35326i bk8: 0a 35326i bk9: 0a 35326i bk10: 0a 35326i bk11: 0a 35326i bk12: 0a 35326i bk13: 0a 35326i bk14: 0a 35326i bk15: 0a 35326i 

------------------------------------------------------------------------

Row_Buffer_Locality = -nan
Row_Buffer_Locality_read = -nan
Row_Buffer_Locality_write = -nan
Bank_Level_Parallism = -nan
Bank_Level_Parallism_Col = -nan
Bank_Level_Parallism_Ready = -nan
write_to_read_ratio_blp_rw_average = -nan
GrpLevelPara = -nan 

BW Util details:
bwutil = 0.000000 
total_CMD = 35326 
util_bw = 0 
Wasted_Col = 0 
Wasted_Row = 0 
Idle = 35326 

BW Util Bottlenecks: 
RCDc_limit = 0 
RCDWRc_limit = 0 
WTRc_limit = 0 
RTWc_limit = 0 
CCDLc_limit = 0 
rwq = 0 
CCDLc_limit_alone = 0 
WTRc_limit_alone = 0 
RTWc_limit_alone = 0 

Commands details: 
total_CMD = 35326 
n_nop = 35326 
Read = 0 
Write = 0 
L2_Alloc = 0 
L2_WB = 0 
n_act = 0 
n_pre = 0 
n_ref = 0 
n_req = 0 
total_req = 0 

Dual Bus Interface Util: 
issued_total_row = 0 
issued_total_col = 0 
Row_Bus_Util =  0.000000 
CoL_Bus_Util = 0.000000 
Either_Row_CoL_Bus_Util = 0.000000 
Issued_on_Two_Bus_Simul_Util = 0.000000 
issued_two_Eff = -nan 
queue_avg = 0.000000 


dram_util_bins: 0 0 0 0 0 0 0 0 0 0
dram_eff_bins: 0 0 0 0 0 0 0 0 0 0
mrqq: max=0 avg=0
Memory Partition 23: 
Cache L2_bank_046:
MSHR contents

Cache L2_bank_047:
MSHR contents

In Dram Latency Queue (total = 0): 
DRAM[23]: 16 bks, busW=2 BL=16 CL=24, tRRD=12 tCCD=4, tRCD=24 tRAS=55 tRP=24 tRC=78
n_cmd=35326 n_nop=35326 n_act=0 n_pre=0 n_ref_event=0 n_req=0 n_rd=0 n_rd_L2_A=0 n_write=0 n_wr_bk=0 bw_util=0
n_activity=0 dram_eff=-nan
bk0: 0a 35326i bk1: 0a 35326i bk2: 0a 35326i bk3: 0a 35326i bk4: 0a 35326i bk5: 0a 35326i bk6: 0a 35326i bk7: 0a 35326i bk8: 0a 35326i bk9: 0a 35326i bk10: 0a 35326i bk11: 0a 35326i bk12: 0a 35326i bk13: 0a 35326i bk14: 0a 35326i bk15: 0a 35326i 

------------------------------------------------------------------------

Row_Buffer_Locality = -nan
Row_Buffer_Locality_read = -nan
Row_Buffer_Locality_write = -nan
Bank_Level_Parallism = -nan
Bank_Level_Parallism_Col = -nan
Bank_Level_Parallism_Ready = -nan
write_to_read_ratio_blp_rw_average = -nan
GrpLevelPara = -nan 

BW Util details:
bwutil = 0.000000 
total_CMD = 35326 
util_bw = 0 
Wasted_Col = 0 
Wasted_Row = 0 
Idle = 35326 

BW Util Bottlenecks: 
RCDc_limit = 0 
RCDWRc_limit = 0 
WTRc_limit = 0 
RTWc_limit = 0 
CCDLc_limit = 0 
rwq = 0 
CCDLc_limit_alone = 0 
WTRc_limit_alone = 0 
RTWc_limit_alone = 0 

Commands details: 
total_CMD = 35326 
n_nop = 35326 
Read = 0 
Write = 0 
L2_Alloc = 0 
L2_WB = 0 
n_act = 0 
n_pre = 0 
n_ref = 0 
n_req = 0 
total_req = 0 

Dual Bus Interface Util: 
issued_total_row = 0 
issued_total_col = 0 
Row_Bus_Util =  0.000000 
CoL_Bus_Util = 0.000000 
Either_Row_CoL_Bus_Util = 0.000000 
Issued_on_Two_Bus_Simul_Util = 0.000000 
issued_two_Eff = -nan 
queue_avg = 0.000000 


dram_util_bins: 0 0 0 0 0 0 0 0 0 0
dram_eff_bins: 0 0 0 0 0 0 0 0 0 0
mrqq: max=0 avg=0

========= L2 cache stats =========
L2_cache_bank[0]: Access = 152, Miss = 48, Miss_rate = 0.316, Pending_hits = 0, Reservation_fails = 0
L2_cache_bank[1]: Access = 152, Miss = 48, Miss_rate = 0.316, Pending_hits = 0, Reservation_fails = 0
L2_cache_bank[2]: Access = 152, Miss = 48, Miss_rate = 0.316, Pending_hits = 0, Reservation_fails = 0
L2_cache_bank[3]: Access = 152, Miss = 48, Miss_rate = 0.316, Pending_hits = 0, Reservation_fails = 0
L2_cache_bank[4]: Access = 152, Miss = 48, Miss_rate = 0.316, Pending_hits = 0, Reservation_fails = 0
L2_cache_bank[5]: Access = 152, Miss = 48, Miss_rate = 0.316, Pending_hits = 0, Reservation_fails = 0
L2_cache_bank[6]: Access = 152, Miss = 48, Miss_rate = 0.316, Pending_hits = 0, Reservation_fails = 0
L2_cache_bank[7]: Access = 152, Miss = 48, Miss_rate = 0.316, Pending_hits = 0, Reservation_fails = 0
L2_cache_bank[8]: Access = 152, Miss = 48, Miss_rate = 0.316, Pending_hits = 0, Reservation_fails = 0
L2_cache_bank[9]: Access = 152, Miss = 48, Miss_rate = 0.316, Pending_hits = 0, Reservation_fails = 0
L2_cache_bank[10]: Access = 152, Miss = 48, Miss_rate = 0.316, Pending_hits = 0, Reservation_fails = 0
L2_cache_bank[11]: Access = 152, Miss = 48, Miss_rate = 0.316, Pending_hits = 0, Reservation_fails = 0
L2_cache_bank[12]: Access = 152, Miss = 48, Miss_rate = 0.316, Pending_hits = 0, Reservation_fails = 0
L2_cache_bank[13]: Access = 152, Miss = 48, Miss_rate = 0.316, Pending_hits = 0, Reservation_fails = 0
L2_cache_bank[14]: Access = 152, Miss = 48, Miss_rate = 0.316, Pending_hits = 0, Reservation_fails = 0
L2_cache_bank[15]: Access = 152, Miss = 48, Miss_rate = 0.316, Pending_hits = 0, Reservation_fails = 0
L2_cache_bank[16]: Access = 112, Miss = 28, Miss_rate = 0.250, Pending_hits = 0, Reservation_fails = 0
L2_cache_bank[17]: Access = 112, Miss = 28, Miss_rate = 0.250, Pending_hits = 0, Reservation_fails = 0
L2_cache_bank[18]: Access = 112, Miss = 28, Miss_rate = 0.250, Pending_hits = 0, Reservation_fails = 0
L2_cache_bank[19]: Access = 112, Miss = 28, Miss_rate = 0.250, Pending_hits = 0, Reservation_fails = 0
L2_cache_bank[20]: Access = 112, Miss = 28, Miss_rate = 0.250, Pending_hits = 0, Reservation_fails = 0
L2_cache_bank[21]: Access = 112, Miss = 28, Miss_rate = 0.250, Pending_hits = 0, Reservation_fails = 0
L2_cache_bank[22]: Access = 112, Miss = 28, Miss_rate = 0.250, Pending_hits = 0, Reservation_fails = 0
L2_cache_bank[23]: Access = 112, Miss = 28, Miss_rate = 0.250, Pending_hits = 0, Reservation_fails = 0
L2_cache_bank[24]: Access = 112, Miss = 28, Miss_rate = 0.250, Pending_hits = 0, Reservation_fails = 0
L2_cache_bank[25]: Access = 112, Miss = 28, Miss_rate = 0.250, Pending_hits = 0, Reservation_fails = 0
L2_cache_bank[26]: Access = 112, Miss = 28, Miss_rate = 0.250, Pending_hits = 0, Reservation_fails = 0
L2_cache_bank[27]: Access = 112, Miss = 28, Miss_rate = 0.250, Pending_hits = 0, Reservation_fails = 0
L2_cache_bank[28]: Access = 112, Miss = 28, Miss_rate = 0.250, Pending_hits = 0, Reservation_fails = 0
L2_cache_bank[29]: Access = 112, Miss = 28, Miss_rate = 0.250, Pending_hits = 0, Reservation_fails = 0
L2_cache_bank[30]: Access = 112, Miss = 28, Miss_rate = 0.250, Pending_hits = 0, Reservation_fails = 0
L2_cache_bank[31]: Access = 112, Miss = 28, Miss_rate = 0.250, Pending_hits = 0, Reservation_fails = 0
L2_cache_bank[32]: Access = 64, Miss = 8, Miss_rate = 0.125, Pending_hits = 0, Reservation_fails = 0
L2_cache_bank[33]: Access = 64, Miss = 8, Miss_rate = 0.125, Pending_hits = 0, Reservation_fails = 0
L2_cache_bank[34]: Access = 64, Miss = 8, Miss_rate = 0.125, Pending_hits = 0, Reservation_fails = 0
L2_cache_bank[35]: Access = 64, Miss = 8, Miss_rate = 0.125, Pending_hits = 0, Reservation_fails = 0
L2_cache_bank[36]: Access = 64, Miss = 8, Miss_rate = 0.125, Pending_hits = 0, Reservation_fails = 0
L2_cache_bank[37]: Access = 64, Miss = 8, Miss_rate = 0.125, Pending_hits = 0, Reservation_fails = 0
L2_cache_bank[38]: Access = 64, Miss = 8, Miss_rate = 0.125, Pending_hits = 0, Reservation_fails = 0
L2_cache_bank[39]: Access = 64, Miss = 8, Miss_rate = 0.125, Pending_hits = 0, Reservation_fails = 0
L2_cache_bank[40]: Access = 64, Miss = 4, Miss_rate = 0.062, Pending_hits = 0, Reservation_fails = 0
L2_cache_bank[41]: Access = 64, Miss = 4, Miss_rate = 0.062, Pending_hits = 0, Reservation_fails = 0
L2_cache_bank[42]: Access = 64, Miss = 4, Miss_rate = 0.062, Pending_hits = 0, Reservation_fails = 0
L2_cache_bank[43]: Access = 64, Miss = 4, Miss_rate = 0.062, Pending_hits = 0, Reservation_fails = 0
L2_cache_bank[44]: Access = 64, Miss = 4, Miss_rate = 0.062, Pending_hits = 0, Reservation_fails = 0
L2_cache_bank[45]: Access = 64, Miss = 4, Miss_rate = 0.062, Pending_hits = 0, Reservation_fails = 0
L2_cache_bank[46]: Access = 64, Miss = 4, Miss_rate = 0.062, Pending_hits = 0, Reservation_fails = 0
L2_cache_bank[47]: Access = 64, Miss = 4, Miss_rate = 0.062, Pending_hits = 0, Reservation_fails = 0
L2_total_cache_accesses = 5248
L2_total_cache_misses = 1312
L2_total_cache_miss_rate = 0.2500
L2_total_cache_pending_hits = 0
L2_total_cache_reservation_fails = 0
L2_total_cache_breakdown:
	L2_cache_stats_breakdown[GLOBAL_ACC_R][HIT] = 1312
	L2_cache_stats_breakdown[GLOBAL_ACC_R][HIT_RESERVED] = 0
	L2_cache_stats_breakdown[GLOBAL_ACC_R][MISS] = 0
	L2_cache_stats_breakdown[GLOBAL_ACC_R][RESERVATION_FAIL] = 0
	L2_cache_stats_breakdown[GLOBAL_ACC_R][SECTOR_MISS] = 0
	L2_cache_stats_breakdown[GLOBAL_ACC_R][MSHR_HIT] = 0
	L2_cache_stats_breakdown[LOCAL_ACC_R][HIT] = 0
	L2_cache_stats_breakdown[LOCAL_ACC_R][HIT_RESERVED] = 0
	L2_cache_stats_breakdown[LOCAL_ACC_R][MISS] = 0
	L2_cache_stats_breakdown[LOCAL_ACC_R][RESERVATION_FAIL] = 0
	L2_cache_stats_breakdown[LOCAL_ACC_R][SECTOR_MISS] = 0
	L2_cache_stats_breakdown[LOCAL_ACC_R][MSHR_HIT] = 0
	L2_cache_stats_breakdown[CONST_ACC_R][HIT] = 0
	L2_cache_stats_breakdown[CONST_ACC_R][HIT_RESERVED] = 0
	L2_cache_stats_breakdown[CONST_ACC_R][MISS] = 0
	L2_cache_stats_breakdown[CONST_ACC_R][RESERVATION_FAIL] = 0
	L2_cache_stats_breakdown[CONST_ACC_R][SECTOR_MISS] = 0
	L2_cache_stats_breakdown[CONST_ACC_R][MSHR_HIT] = 0
	L2_cache_stats_breakdown[TEXTURE_ACC_R][HIT] = 0
	L2_cache_stats_breakdown[TEXTURE_ACC_R][HIT_RESERVED] = 0
	L2_cache_stats_breakdown[TEXTURE_ACC_R][MISS] = 0
	L2_cache_stats_breakdown[TEXTURE_ACC_R][RESERVATION_FAIL] = 0
	L2_cache_stats_breakdown[TEXTURE_ACC_R][SECTOR_MISS] = 0
	L2_cache_stats_breakdown[TEXTURE_ACC_R][MSHR_HIT] = 0
	L2_cache_stats_breakdown[GLOBAL_ACC_W][HIT] = 1312
	L2_cache_stats_breakdown[GLOBAL_ACC_W][HIT_RESERVED] = 0
	L2_cache_stats_breakdown[GLOBAL_ACC_W][MISS] = 0
	L2_cache_stats_breakdown[GLOBAL_ACC_W][RESERVATION_FAIL] = 0
	L2_cache_stats_breakdown[GLOBAL_ACC_W][SECTOR_MISS] = 0
	L2_cache_stats_breakdown[GLOBAL_ACC_W][MSHR_HIT] = 0
	L2_cache_stats_breakdown[LOCAL_ACC_W][HIT] = 0
	L2_cache_stats_breakdown[LOCAL_ACC_W][HIT_RESERVED] = 0
	L2_cache_stats_breakdown[LOCAL_ACC_W][MISS] = 0
	L2_cache_stats_breakdown[LOCAL_ACC_W][RESERVATION_FAIL] = 0
	L2_cache_stats_breakdown[LOCAL_ACC_W][SECTOR_MISS] = 0
	L2_cache_stats_breakdown[LOCAL_ACC_W][MSHR_HIT] = 0
	L2_cache_stats_breakdown[L1_WRBK_ACC][HIT] = 0
	L2_cache_stats_breakdown[L1_WRBK_ACC][HIT_RESERVED] = 0
	L2_cache_stats_breakdown[L1_WRBK_ACC][MISS] = 0
	L2_cache_stats_breakdown[L1_WRBK_ACC][RESERVATION_FAIL] = 0
	L2_cache_stats_breakdown[L1_WRBK_ACC][SECTOR_MISS] = 0
	L2_cache_stats_breakdown[L1_WRBK_ACC][MSHR_HIT] = 0
	L2_cache_stats_breakdown[L2_WRBK_ACC][HIT] = 0
	L2_cache_stats_breakdown[L2_WRBK_ACC][HIT_RESERVED] = 0
	L2_cache_stats_breakdown[L2_WRBK_ACC][MISS] = 0
	L2_cache_stats_breakdown[L2_WRBK_ACC][RESERVATION_FAIL] = 0
	L2_cache_stats_breakdown[L2_WRBK_ACC][SECTOR_MISS] = 0
	L2_cache_stats_breakdown[L2_WRBK_ACC][MSHR_HIT] = 0
	L2_cache_stats_breakdown[INST_ACC_R][HIT] = 0
	L2_cache_stats_breakdown[INST_ACC_R][HIT_RESERVED] = 0
	L2_cache_stats_breakdown[INST_ACC_R][MISS] = 0
	L2_cache_stats_breakdown[INST_ACC_R][RESERVATION_FAIL] = 0
	L2_cache_stats_breakdown[INST_ACC_R][SECTOR_MISS] = 0
	L2_cache_stats_breakdown[INST_ACC_R][MSHR_HIT] = 0
	L2_cache_stats_breakdown[L1_WR_ALLOC_R][HIT] = 0
	L2_cache_stats_breakdown[L1_WR_ALLOC_R][HIT_RESERVED] = 0
	L2_cache_stats_breakdown[L1_WR_ALLOC_R][MISS] = 0
	L2_cache_stats_breakdown[L1_WR_ALLOC_R][RESERVATION_FAIL] = 0
	L2_cache_stats_breakdown[L1_WR_ALLOC_R][SECTOR_MISS] = 0
	L2_cache_stats_breakdown[L1_WR_ALLOC_R][MSHR_HIT] = 0
	L2_cache_stats_breakdown[L2_WR_ALLOC_R][HIT] = 0
	L2_cache_stats_breakdown[L2_WR_ALLOC_R][HIT_RESERVED] = 0
	L2_cache_stats_breakdown[L2_WR_ALLOC_R][MISS] = 0
	L2_cache_stats_breakdown[L2_WR_ALLOC_R][RESERVATION_FAIL] = 0
	L2_cache_stats_breakdown[L2_WR_ALLOC_R][SECTOR_MISS] = 0
	L2_cache_stats_breakdown[L2_WR_ALLOC_R][MSHR_HIT] = 0
	L2_cache_stats_breakdown[GLOBAL_ACC_R][TOTAL_ACCESS] = 1312
	L2_cache_stats_breakdown[GLOBAL_ACC_W][TOTAL_ACCESS] = 1312
L2_total_cache_reservation_fail_breakdown:
L2_cache_data_port_util = 0.007
L2_cache_fill_port_util = 0.000

icnt_total_pkts_mem_to_simt=5248
icnt_total_pkts_simt_to_mem=5248
LD_mem_lat_dist  0 0 0 0 0 0 0 0 0 0 0 0 0 0 0 0 0 0 0 0 0 0 0 0 0 0 0
ST_mem_lat_dist  0 0 0 0 0 0 0 0 0 0 0 0 0 0 0 0 0 0 0 0 0 0 0 0 0 0 0
----------------------------Interconnect-DETAILS--------------------------------
Req_Network_injected_packets_num = 5248
Req_Network_cycles = 11407
Req_Network_injected_packets_per_cycle =       0.4601 
Req_Network_conflicts_per_cycle =       0.5281
Req_Network_conflicts_per_cycle_util =      26.4211
Req_Bank_Level_Parallism =      23.0175
Req_Network_in_buffer_full_per_cycle =       0.0000
Req_Network_in_buffer_avg_util =       0.0452
Req_Network_out_buffer_full_per_cycle =       0.0000
Req_Network_out_buffer_avg_util =       0.0096

Reply_Network_injected_packets_num = 5248
Reply_Network_cycles = 11407
Reply_Network_injected_packets_per_cycle =        0.4601
Reply_Network_conflicts_per_cycle =        0.0217
Reply_Network_conflicts_per_cycle_util =       1.0877
Reply_Bank_Level_Parallism =      23.0175
Reply_Network_in_buffer_full_per_cycle =       0.0000
Reply_Network_in_buffer_avg_util =       0.0010
Reply_Network_out_buffer_full_per_cycle =       0.0000
Reply_Network_out_buffer_avg_util =       0.0056
----------------------------END-of-Interconnect-DETAILS-------------------------


gpgpu_simulation_time = 0 days, 0 hrs, 0 min, 4 sec (4 sec)
gpgpu_simulation_rate = 167936 (inst/sec)
gpgpu_simulation_rate = 2851 (cycle/sec)
gpgpu_silicon_slowdown = 594528x
GPGPU-Sim: synchronize waiting for inactive GPU simulation
GPGPU-Sim API: Stream Manager State
GPGPU-Sim: detected inactive GPU simulation thread
GPGPU-Sim PTX: Setting up arguments for 8 bytes starting at 0x7ffe0f169e30..
GPGPU-Sim PTX: Setting up arguments for 8 bytes starting at 0x7ffe0f169e38..
GPGPU-Sim PTX: Setting up arguments for 4 bytes starting at 0x7ffe0f169df8..
GPGPU-Sim PTX: Setting up arguments for 4 bytes starting at 0x7ffe0f169dfc..

GPGPU-Sim PTX: cudaLaunch for 0x0x55c1c88f1b50 (mode=performance simulation) on stream 0
GPGPU-Sim PTX: PDOM analysis already done for _Z10bsmm_stagePKfPfii 
GPGPU-Sim PTX: pushing kernel '_Z10bsmm_stagePKfPfii' to stream 0, gridDim= (82,1,1) blockDim = (128,1,1) 
GPGPU-Sim uArch: Shader 0 bind to kernel 3 '_Z10bsmm_stagePKfPfii'
GPGPU-Sim: Reconfigure L1 cache to 128KB
GPGPU-Sim uArch: Shader 1 bind to kernel 3 '_Z10bsmm_stagePKfPfii'
GPGPU-Sim uArch: Shader 2 bind to kernel 3 '_Z10bsmm_stagePKfPfii'
GPGPU-Sim uArch: Shader 3 bind to kernel 3 '_Z10bsmm_stagePKfPfii'
GPGPU-Sim uArch: Shader 4 bind to kernel 3 '_Z10bsmm_stagePKfPfii'
GPGPU-Sim uArch: Shader 5 bind to kernel 3 '_Z10bsmm_stagePKfPfii'
GPGPU-Sim uArch: Shader 6 bind to kernel 3 '_Z10bsmm_stagePKfPfii'
GPGPU-Sim uArch: Shader 7 bind to kernel 3 '_Z10bsmm_stagePKfPfii'
GPGPU-Sim uArch: Shader 8 bind to kernel 3 '_Z10bsmm_stagePKfPfii'
GPGPU-Sim uArch: Shader 9 bind to kernel 3 '_Z10bsmm_stagePKfPfii'
GPGPU-Sim uArch: Shader 10 bind to kernel 3 '_Z10bsmm_stagePKfPfii'
GPGPU-Sim uArch: Shader 11 bind to kernel 3 '_Z10bsmm_stagePKfPfii'
GPGPU-Sim uArch: Shader 12 bind to kernel 3 '_Z10bsmm_stagePKfPfii'
GPGPU-Sim uArch: Shader 13 bind to kernel 3 '_Z10bsmm_stagePKfPfii'
GPGPU-Sim uArch: Shader 14 bind to kernel 3 '_Z10bsmm_stagePKfPfii'
GPGPU-Sim uArch: Shader 15 bind to kernel 3 '_Z10bsmm_stagePKfPfii'
GPGPU-Sim uArch: Shader 16 bind to kernel 3 '_Z10bsmm_stagePKfPfii'
GPGPU-Sim uArch: Shader 17 bind to kernel 3 '_Z10bsmm_stagePKfPfii'
GPGPU-Sim uArch: Shader 18 bind to kernel 3 '_Z10bsmm_stagePKfPfii'
GPGPU-Sim uArch: Shader 19 bind to kernel 3 '_Z10bsmm_stagePKfPfii'
GPGPU-Sim uArch: Shader 20 bind to kernel 3 '_Z10bsmm_stagePKfPfii'
GPGPU-Sim uArch: Shader 21 bind to kernel 3 '_Z10bsmm_stagePKfPfii'
GPGPU-Sim uArch: Shader 22 bind to kernel 3 '_Z10bsmm_stagePKfPfii'
GPGPU-Sim uArch: Shader 23 bind to kernel 3 '_Z10bsmm_stagePKfPfii'
GPGPU-Sim uArch: Shader 24 bind to kernel 3 '_Z10bsmm_stagePKfPfii'
GPGPU-Sim uArch: Shader 25 bind to kernel 3 '_Z10bsmm_stagePKfPfii'
GPGPU-Sim uArch: Shader 26 bind to kernel 3 '_Z10bsmm_stagePKfPfii'
GPGPU-Sim uArch: Shader 27 bind to kernel 3 '_Z10bsmm_stagePKfPfii'
GPGPU-Sim uArch: Shader 28 bind to kernel 3 '_Z10bsmm_stagePKfPfii'
GPGPU-Sim uArch: Shader 29 bind to kernel 3 '_Z10bsmm_stagePKfPfii'
GPGPU-Sim uArch: Shader 30 bind to kernel 3 '_Z10bsmm_stagePKfPfii'
GPGPU-Sim uArch: Shader 31 bind to kernel 3 '_Z10bsmm_stagePKfPfii'
GPGPU-Sim uArch: Shader 32 bind to kernel 3 '_Z10bsmm_stagePKfPfii'
GPGPU-Sim uArch: Shader 33 bind to kernel 3 '_Z10bsmm_stagePKfPfii'
GPGPU-Sim uArch: Shader 34 bind to kernel 3 '_Z10bsmm_stagePKfPfii'
GPGPU-Sim uArch: Shader 35 bind to kernel 3 '_Z10bsmm_stagePKfPfii'
GPGPU-Sim uArch: Shader 36 bind to kernel 3 '_Z10bsmm_stagePKfPfii'
GPGPU-Sim uArch: Shader 37 bind to kernel 3 '_Z10bsmm_stagePKfPfii'
GPGPU-Sim uArch: Shader 38 bind to kernel 3 '_Z10bsmm_stagePKfPfii'
GPGPU-Sim uArch: Shader 39 bind to kernel 3 '_Z10bsmm_stagePKfPfii'
GPGPU-Sim uArch: Shader 40 bind to kernel 3 '_Z10bsmm_stagePKfPfii'
GPGPU-Sim uArch: Shader 41 bind to kernel 3 '_Z10bsmm_stagePKfPfii'
GPGPU-Sim uArch: Shader 42 bind to kernel 3 '_Z10bsmm_stagePKfPfii'
GPGPU-Sim uArch: Shader 43 bind to kernel 3 '_Z10bsmm_stagePKfPfii'
GPGPU-Sim uArch: Shader 44 bind to kernel 3 '_Z10bsmm_stagePKfPfii'
GPGPU-Sim uArch: Shader 45 bind to kernel 3 '_Z10bsmm_stagePKfPfii'
GPGPU-Sim uArch: Shader 46 bind to kernel 3 '_Z10bsmm_stagePKfPfii'
GPGPU-Sim uArch: Shader 47 bind to kernel 3 '_Z10bsmm_stagePKfPfii'
GPGPU-Sim uArch: Shader 48 bind to kernel 3 '_Z10bsmm_stagePKfPfii'
GPGPU-Sim uArch: Shader 49 bind to kernel 3 '_Z10bsmm_stagePKfPfii'
GPGPU-Sim uArch: Shader 50 bind to kernel 3 '_Z10bsmm_stagePKfPfii'
GPGPU-Sim uArch: Shader 51 bind to kernel 3 '_Z10bsmm_stagePKfPfii'
GPGPU-Sim uArch: Shader 52 bind to kernel 3 '_Z10bsmm_stagePKfPfii'
GPGPU-Sim uArch: Shader 53 bind to kernel 3 '_Z10bsmm_stagePKfPfii'
GPGPU-Sim uArch: Shader 54 bind to kernel 3 '_Z10bsmm_stagePKfPfii'
GPGPU-Sim uArch: Shader 55 bind to kernel 3 '_Z10bsmm_stagePKfPfii'
GPGPU-Sim uArch: Shader 56 bind to kernel 3 '_Z10bsmm_stagePKfPfii'
GPGPU-Sim uArch: Shader 57 bind to kernel 3 '_Z10bsmm_stagePKfPfii'
GPGPU-Sim uArch: Shader 58 bind to kernel 3 '_Z10bsmm_stagePKfPfii'
GPGPU-Sim uArch: Shader 59 bind to kernel 3 '_Z10bsmm_stagePKfPfii'
GPGPU-Sim uArch: Shader 60 bind to kernel 3 '_Z10bsmm_stagePKfPfii'
GPGPU-Sim uArch: Shader 61 bind to kernel 3 '_Z10bsmm_stagePKfPfii'
GPGPU-Sim uArch: Shader 62 bind to kernel 3 '_Z10bsmm_stagePKfPfii'
GPGPU-Sim uArch: Shader 63 bind to kernel 3 '_Z10bsmm_stagePKfPfii'
GPGPU-Sim uArch: Shader 64 bind to kernel 3 '_Z10bsmm_stagePKfPfii'
GPGPU-Sim uArch: Shader 65 bind to kernel 3 '_Z10bsmm_stagePKfPfii'
GPGPU-Sim uArch: Shader 66 bind to kernel 3 '_Z10bsmm_stagePKfPfii'
GPGPU-Sim uArch: Shader 67 bind to kernel 3 '_Z10bsmm_stagePKfPfii'
GPGPU-Sim uArch: Shader 68 bind to kernel 3 '_Z10bsmm_stagePKfPfii'
GPGPU-Sim uArch: Shader 69 bind to kernel 3 '_Z10bsmm_stagePKfPfii'
GPGPU-Sim uArch: Shader 70 bind to kernel 3 '_Z10bsmm_stagePKfPfii'
GPGPU-Sim uArch: Shader 71 bind to kernel 3 '_Z10bsmm_stagePKfPfii'
GPGPU-Sim uArch: Shader 72 bind to kernel 3 '_Z10bsmm_stagePKfPfii'
GPGPU-Sim uArch: Shader 73 bind to kernel 3 '_Z10bsmm_stagePKfPfii'
GPGPU-Sim uArch: Shader 74 bind to kernel 3 '_Z10bsmm_stagePKfPfii'
GPGPU-Sim uArch: Shader 75 bind to kernel 3 '_Z10bsmm_stagePKfPfii'
GPGPU-Sim uArch: Shader 76 bind to kernel 3 '_Z10bsmm_stagePKfPfii'
GPGPU-Sim uArch: Shader 77 bind to kernel 3 '_Z10bsmm_stagePKfPfii'
GPGPU-Sim uArch: Shader 78 bind to kernel 3 '_Z10bsmm_stagePKfPfii'
GPGPU-Sim uArch: Shader 79 bind to kernel 3 '_Z10bsmm_stagePKfPfii'
GPGPU-Sim uArch: Shader 80 bind to kernel 3 '_Z10bsmm_stagePKfPfii'
GPGPU-Sim uArch: Shader 81 bind to kernel 3 '_Z10bsmm_stagePKfPfii'
Destroy streams for kernel 3: size 0
kernel_name = _Z10bsmm_stagePKfPfii 
kernel_launch_uid = 3 
kernel_stream_id = 0
gpu_sim_cycle = 5701
gpu_sim_insn = 335872
gpu_ipc =      58.9146
gpu_tot_sim_cycle = 17108
gpu_tot_sim_insn = 1007616
gpu_tot_ipc =      58.8974
gpu_tot_issued_cta = 246
gpu_occupancy = 8.1421% 
gpu_tot_occupancy = 8.1452% 
max_total_param_size = 0
gpu_stall_dramfull = 0
gpu_stall_icnt2sh    = 0
partiton_level_parallism =       0.4603
partiton_level_parallism_total  =       0.4601
partiton_level_parallism_util =      22.4274
partiton_level_parallism_util_total  =      22.8174
L2_BW  =      24.9651 GB/Sec
L2_BW_total  =      24.9578 GB/Sec
gpu_total_sim_rate=167936

========= Core cache stats =========
L1I_cache:
	L1I_total_cache_accesses = 0
	L1I_total_cache_misses = 0
	L1I_total_cache_pending_hits = 0
	L1I_total_cache_reservation_fails = 0
L1D_cache:
	L1D_cache_core[0]: Access = 144, Miss = 96, Miss_rate = 0.667, Pending_hits = 0, Reservation_fails = 0
	L1D_cache_core[1]: Access = 144, Miss = 96, Miss_rate = 0.667, Pending_hits = 0, Reservation_fails = 0
	L1D_cache_core[2]: Access = 144, Miss = 96, Miss_rate = 0.667, Pending_hits = 0, Reservation_fails = 0
	L1D_cache_core[3]: Access = 144, Miss = 96, Miss_rate = 0.667, Pending_hits = 0, Reservation_fails = 0
	L1D_cache_core[4]: Access = 144, Miss = 96, Miss_rate = 0.667, Pending_hits = 0, Reservation_fails = 0
	L1D_cache_core[5]: Access = 144, Miss = 96, Miss_rate = 0.667, Pending_hits = 0, Reservation_fails = 0
	L1D_cache_core[6]: Access = 144, Miss = 96, Miss_rate = 0.667, Pending_hits = 0, Reservation_fails = 0
	L1D_cache_core[7]: Access = 144, Miss = 96, Miss_rate = 0.667, Pending_hits = 0, Reservation_fails = 0
	L1D_cache_core[8]: Access = 144, Miss = 96, Miss_rate = 0.667, Pending_hits = 0, Reservation_fails = 0
	L1D_cache_core[9]: Access = 144, Miss = 96, Miss_rate = 0.667, Pending_hits = 0, Reservation_fails = 0
	L1D_cache_core[10]: Access = 144, Miss = 96, Miss_rate = 0.667, Pending_hits = 0, Reservation_fails = 0
	L1D_cache_core[11]: Access = 144, Miss = 96, Miss_rate = 0.667, Pending_hits = 0, Reservation_fails = 0
	L1D_cache_core[12]: Access = 144, Miss = 96, Miss_rate = 0.667, Pending_hits = 0, Reservation_fails = 0
	L1D_cache_core[13]: Access = 144, Miss = 96, Miss_rate = 0.667, Pending_hits = 0, Reservation_fails = 0
	L1D_cache_core[14]: Access = 144, Miss = 96, Miss_rate = 0.667, Pending_hits = 0, Reservation_fails = 0
	L1D_cache_core[15]: Access = 144, Miss = 96, Miss_rate = 0.667, Pending_hits = 0, Reservation_fails = 0
	L1D_cache_core[16]: Access = 144, Miss = 96, Miss_rate = 0.667, Pending_hits = 0, Reservation_fails = 0
	L1D_cache_core[17]: Access = 144, Miss = 96, Miss_rate = 0.667, Pending_hits = 0, Reservation_fails = 0
	L1D_cache_core[18]: Access = 144, Miss = 96, Miss_rate = 0.667, Pending_hits = 0, Reservation_fails = 0
	L1D_cache_core[19]: Access = 144, Miss = 96, Miss_rate = 0.667, Pending_hits = 0, Reservation_fails = 0
	L1D_cache_core[20]: Access = 144, Miss = 96, Miss_rate = 0.667, Pending_hits = 0, Reservation_fails = 0
	L1D_cache_core[21]: Access = 144, Miss = 96, Miss_rate = 0.667, Pending_hits = 0, Reservation_fails = 0
	L1D_cache_core[22]: Access = 144, Miss = 96, Miss_rate = 0.667, Pending_hits = 0, Reservation_fails = 0
	L1D_cache_core[23]: Access = 144, Miss = 96, Miss_rate = 0.667, Pending_hits = 0, Reservation_fails = 0
	L1D_cache_core[24]: Access = 144, Miss = 96, Miss_rate = 0.667, Pending_hits = 0, Reservation_fails = 0
	L1D_cache_core[25]: Access = 144, Miss = 96, Miss_rate = 0.667, Pending_hits = 0, Reservation_fails = 0
	L1D_cache_core[26]: Access = 144, Miss = 96, Miss_rate = 0.667, Pending_hits = 0, Reservation_fails = 0
	L1D_cache_core[27]: Access = 144, Miss = 96, Miss_rate = 0.667, Pending_hits = 0, Reservation_fails = 0
	L1D_cache_core[28]: Access = 144, Miss = 96, Miss_rate = 0.667, Pending_hits = 0, Reservation_fails = 0
	L1D_cache_core[29]: Access = 144, Miss = 96, Miss_rate = 0.667, Pending_hits = 0, Reservation_fails = 0
	L1D_cache_core[30]: Access = 144, Miss = 96, Miss_rate = 0.667, Pending_hits = 0, Reservation_fails = 0
	L1D_cache_core[31]: Access = 144, Miss = 96, Miss_rate = 0.667, Pending_hits = 0, Reservation_fails = 0
	L1D_cache_core[32]: Access = 144, Miss = 96, Miss_rate = 0.667, Pending_hits = 0, Reservation_fails = 0
	L1D_cache_core[33]: Access = 144, Miss = 96, Miss_rate = 0.667, Pending_hits = 0, Reservation_fails = 0
	L1D_cache_core[34]: Access = 144, Miss = 96, Miss_rate = 0.667, Pending_hits = 0, Reservation_fails = 0
	L1D_cache_core[35]: Access = 144, Miss = 96, Miss_rate = 0.667, Pending_hits = 0, Reservation_fails = 0
	L1D_cache_core[36]: Access = 144, Miss = 96, Miss_rate = 0.667, Pending_hits = 0, Reservation_fails = 0
	L1D_cache_core[37]: Access = 144, Miss = 96, Miss_rate = 0.667, Pending_hits = 0, Reservation_fails = 0
	L1D_cache_core[38]: Access = 144, Miss = 96, Miss_rate = 0.667, Pending_hits = 0, Reservation_fails = 0
	L1D_cache_core[39]: Access = 144, Miss = 96, Miss_rate = 0.667, Pending_hits = 0, Reservation_fails = 0
	L1D_cache_core[40]: Access = 144, Miss = 96, Miss_rate = 0.667, Pending_hits = 0, Reservation_fails = 0
	L1D_cache_core[41]: Access = 144, Miss = 96, Miss_rate = 0.667, Pending_hits = 0, Reservation_fails = 0
	L1D_cache_core[42]: Access = 144, Miss = 96, Miss_rate = 0.667, Pending_hits = 0, Reservation_fails = 0
	L1D_cache_core[43]: Access = 144, Miss = 96, Miss_rate = 0.667, Pending_hits = 0, Reservation_fails = 0
	L1D_cache_core[44]: Access = 144, Miss = 96, Miss_rate = 0.667, Pending_hits = 0, Reservation_fails = 0
	L1D_cache_core[45]: Access = 144, Miss = 96, Miss_rate = 0.667, Pending_hits = 0, Reservation_fails = 0
	L1D_cache_core[46]: Access = 144, Miss = 96, Miss_rate = 0.667, Pending_hits = 0, Reservation_fails = 0
	L1D_cache_core[47]: Access = 144, Miss = 96, Miss_rate = 0.667, Pending_hits = 0, Reservation_fails = 0
	L1D_cache_core[48]: Access = 144, Miss = 96, Miss_rate = 0.667, Pending_hits = 0, Reservation_fails = 0
	L1D_cache_core[49]: Access = 144, Miss = 96, Miss_rate = 0.667, Pending_hits = 0, Reservation_fails = 0
	L1D_cache_core[50]: Access = 144, Miss = 96, Miss_rate = 0.667, Pending_hits = 0, Reservation_fails = 0
	L1D_cache_core[51]: Access = 144, Miss = 96, Miss_rate = 0.667, Pending_hits = 0, Reservation_fails = 0
	L1D_cache_core[52]: Access = 144, Miss = 96, Miss_rate = 0.667, Pending_hits = 0, Reservation_fails = 0
	L1D_cache_core[53]: Access = 144, Miss = 96, Miss_rate = 0.667, Pending_hits = 0, Reservation_fails = 0
	L1D_cache_core[54]: Access = 144, Miss = 96, Miss_rate = 0.667, Pending_hits = 0, Reservation_fails = 0
	L1D_cache_core[55]: Access = 144, Miss = 96, Miss_rate = 0.667, Pending_hits = 0, Reservation_fails = 0
	L1D_cache_core[56]: Access = 144, Miss = 96, Miss_rate = 0.667, Pending_hits = 0, Reservation_fails = 0
	L1D_cache_core[57]: Access = 144, Miss = 96, Miss_rate = 0.667, Pending_hits = 0, Reservation_fails = 0
	L1D_cache_core[58]: Access = 144, Miss = 96, Miss_rate = 0.667, Pending_hits = 0, Reservation_fails = 0
	L1D_cache_core[59]: Access = 144, Miss = 96, Miss_rate = 0.667, Pending_hits = 0, Reservation_fails = 0
	L1D_cache_core[60]: Access = 144, Miss = 96, Miss_rate = 0.667, Pending_hits = 0, Reservation_fails = 0
	L1D_cache_core[61]: Access = 144, Miss = 96, Miss_rate = 0.667, Pending_hits = 0, Reservation_fails = 0
	L1D_cache_core[62]: Access = 144, Miss = 96, Miss_rate = 0.667, Pending_hits = 0, Reservation_fails = 0
	L1D_cache_core[63]: Access = 144, Miss = 96, Miss_rate = 0.667, Pending_hits = 0, Reservation_fails = 0
	L1D_cache_core[64]: Access = 144, Miss = 96, Miss_rate = 0.667, Pending_hits = 0, Reservation_fails = 0
	L1D_cache_core[65]: Access = 144, Miss = 96, Miss_rate = 0.667, Pending_hits = 0, Reservation_fails = 0
	L1D_cache_core[66]: Access = 144, Miss = 96, Miss_rate = 0.667, Pending_hits = 0, Reservation_fails = 0
	L1D_cache_core[67]: Access = 144, Miss = 96, Miss_rate = 0.667, Pending_hits = 0, Reservation_fails = 0
	L1D_cache_core[68]: Access = 144, Miss = 96, Miss_rate = 0.667, Pending_hits = 0, Reservation_fails = 0
	L1D_cache_core[69]: Access = 144, Miss = 96, Miss_rate = 0.667, Pending_hits = 0, Reservation_fails = 0
	L1D_cache_core[70]: Access = 144, Miss = 96, Miss_rate = 0.667, Pending_hits = 0, Reservation_fails = 0
	L1D_cache_core[71]: Access = 144, Miss = 96, Miss_rate = 0.667, Pending_hits = 0, Reservation_fails = 0
	L1D_cache_core[72]: Access = 144, Miss = 96, Miss_rate = 0.667, Pending_hits = 0, Reservation_fails = 0
	L1D_cache_core[73]: Access = 144, Miss = 96, Miss_rate = 0.667, Pending_hits = 0, Reservation_fails = 0
	L1D_cache_core[74]: Access = 144, Miss = 96, Miss_rate = 0.667, Pending_hits = 0, Reservation_fails = 0
	L1D_cache_core[75]: Access = 144, Miss = 96, Miss_rate = 0.667, Pending_hits = 0, Reservation_fails = 0
	L1D_cache_core[76]: Access = 144, Miss = 96, Miss_rate = 0.667, Pending_hits = 0, Reservation_fails = 0
	L1D_cache_core[77]: Access = 144, Miss = 96, Miss_rate = 0.667, Pending_hits = 0, Reservation_fails = 0
	L1D_cache_core[78]: Access = 144, Miss = 96, Miss_rate = 0.667, Pending_hits = 0, Reservation_fails = 0
	L1D_cache_core[79]: Access = 144, Miss = 96, Miss_rate = 0.667, Pending_hits = 0, Reservation_fails = 0
	L1D_cache_core[80]: Access = 144, Miss = 96, Miss_rate = 0.667, Pending_hits = 0, Reservation_fails = 0
	L1D_cache_core[81]: Access = 144, Miss = 96, Miss_rate = 0.667, Pending_hits = 0, Reservation_fails = 0
	L1D_total_cache_accesses = 11808
	L1D_total_cache_misses = 7872
	L1D_total_cache_miss_rate = 0.6667
	L1D_total_cache_pending_hits = 0
	L1D_total_cache_reservation_fails = 0
	L1D_cache_data_port_util = 0.023
	L1D_cache_fill_port_util = 0.023
L1C_cache:
	L1C_total_cache_accesses = 0
	L1C_total_cache_misses = 0
	L1C_total_cache_pending_hits = 0
	L1C_total_cache_reservation_fails = 0
L1T_cache:
	L1T_total_cache_accesses = 0
	L1T_total_cache_misses = 0
	L1T_total_cache_pending_hits = 0
	L1T_total_cache_reservation_fails = 0

Total_core_cache_stats:
	Total_core_cache_stats_breakdown[GLOBAL_ACC_R][HIT] = 2624
	Total_core_cache_stats_breakdown[GLOBAL_ACC_R][HIT_RESERVED] = 0
	Total_core_cache_stats_breakdown[GLOBAL_ACC_R][MISS] = 656
	Total_core_cache_stats_breakdown[GLOBAL_ACC_R][RESERVATION_FAIL] = 0
	Total_core_cache_stats_breakdown[GLOBAL_ACC_R][SECTOR_MISS] = 1968
	Total_core_cache_stats_breakdown[GLOBAL_ACC_R][MSHR_HIT] = 0
	Total_core_cache_stats_breakdown[LOCAL_ACC_R][HIT] = 0
	Total_core_cache_stats_breakdown[LOCAL_ACC_R][HIT_RESERVED] = 0
	Total_core_cache_stats_breakdown[LOCAL_ACC_R][MISS] = 0
	Total_core_cache_stats_breakdown[LOCAL_ACC_R][RESERVATION_FAIL] = 0
	Total_core_cache_stats_breakdown[LOCAL_ACC_R][SECTOR_MISS] = 0
	Total_core_cache_stats_breakdown[LOCAL_ACC_R][MSHR_HIT] = 0
	Total_core_cache_stats_breakdown[CONST_ACC_R][HIT] = 0
	Total_core_cache_stats_breakdown[CONST_ACC_R][HIT_RESERVED] = 0
	Total_core_cache_stats_breakdown[CONST_ACC_R][MISS] = 0
	Total_core_cache_stats_breakdown[CONST_ACC_R][RESERVATION_FAIL] = 0
	Total_core_cache_stats_breakdown[CONST_ACC_R][SECTOR_MISS] = 0
	Total_core_cache_stats_breakdown[CONST_ACC_R][MSHR_HIT] = 0
	Total_core_cache_stats_breakdown[TEXTURE_ACC_R][HIT] = 0
	Total_core_cache_stats_breakdown[TEXTURE_ACC_R][HIT_RESERVED] = 0
	Total_core_cache_stats_breakdown[TEXTURE_ACC_R][MISS] = 0
	Total_core_cache_stats_breakdown[TEXTURE_ACC_R][RESERVATION_FAIL] = 0
	Total_core_cache_stats_breakdown[TEXTURE_ACC_R][SECTOR_MISS] = 0
	Total_core_cache_stats_breakdown[TEXTURE_ACC_R][MSHR_HIT] = 0
	Total_core_cache_stats_breakdown[GLOBAL_ACC_W][HIT] = 0
	Total_core_cache_stats_breakdown[GLOBAL_ACC_W][HIT_RESERVED] = 0
	Total_core_cache_stats_breakdown[GLOBAL_ACC_W][MISS] = 656
	Total_core_cache_stats_breakdown[GLOBAL_ACC_W][RESERVATION_FAIL] = 0
	Total_core_cache_stats_breakdown[GLOBAL_ACC_W][SECTOR_MISS] = 1968
	Total_core_cache_stats_breakdown[GLOBAL_ACC_W][MSHR_HIT] = 0
	Total_core_cache_stats_breakdown[LOCAL_ACC_W][HIT] = 0
	Total_core_cache_stats_breakdown[LOCAL_ACC_W][HIT_RESERVED] = 0
	Total_core_cache_stats_breakdown[LOCAL_ACC_W][MISS] = 0
	Total_core_cache_stats_breakdown[LOCAL_ACC_W][RESERVATION_FAIL] = 0
	Total_core_cache_stats_breakdown[LOCAL_ACC_W][SECTOR_MISS] = 0
	Total_core_cache_stats_breakdown[LOCAL_ACC_W][MSHR_HIT] = 0
	Total_core_cache_stats_breakdown[L1_WRBK_ACC][HIT] = 0
	Total_core_cache_stats_breakdown[L1_WRBK_ACC][HIT_RESERVED] = 0
	Total_core_cache_stats_breakdown[L1_WRBK_ACC][MISS] = 0
	Total_core_cache_stats_breakdown[L1_WRBK_ACC][RESERVATION_FAIL] = 0
	Total_core_cache_stats_breakdown[L1_WRBK_ACC][SECTOR_MISS] = 0
	Total_core_cache_stats_breakdown[L1_WRBK_ACC][MSHR_HIT] = 0
	Total_core_cache_stats_breakdown[L2_WRBK_ACC][HIT] = 0
	Total_core_cache_stats_breakdown[L2_WRBK_ACC][HIT_RESERVED] = 0
	Total_core_cache_stats_breakdown[L2_WRBK_ACC][MISS] = 0
	Total_core_cache_stats_breakdown[L2_WRBK_ACC][RESERVATION_FAIL] = 0
	Total_core_cache_stats_breakdown[L2_WRBK_ACC][SECTOR_MISS] = 0
	Total_core_cache_stats_breakdown[L2_WRBK_ACC][MSHR_HIT] = 0
	Total_core_cache_stats_breakdown[INST_ACC_R][HIT] = 0
	Total_core_cache_stats_breakdown[INST_ACC_R][HIT_RESERVED] = 0
	Total_core_cache_stats_breakdown[INST_ACC_R][MISS] = 0
	Total_core_cache_stats_breakdown[INST_ACC_R][RESERVATION_FAIL] = 0
	Total_core_cache_stats_breakdown[INST_ACC_R][SECTOR_MISS] = 0
	Total_core_cache_stats_breakdown[INST_ACC_R][MSHR_HIT] = 0
	Total_core_cache_stats_breakdown[L1_WR_ALLOC_R][HIT] = 0
	Total_core_cache_stats_breakdown[L1_WR_ALLOC_R][HIT_RESERVED] = 0
	Total_core_cache_stats_breakdown[L1_WR_ALLOC_R][MISS] = 0
	Total_core_cache_stats_breakdown[L1_WR_ALLOC_R][RESERVATION_FAIL] = 0
	Total_core_cache_stats_breakdown[L1_WR_ALLOC_R][SECTOR_MISS] = 0
	Total_core_cache_stats_breakdown[L1_WR_ALLOC_R][MSHR_HIT] = 0
	Total_core_cache_stats_breakdown[L2_WR_ALLOC_R][HIT] = 0
	Total_core_cache_stats_breakdown[L2_WR_ALLOC_R][HIT_RESERVED] = 0
	Total_core_cache_stats_breakdown[L2_WR_ALLOC_R][MISS] = 0
	Total_core_cache_stats_breakdown[L2_WR_ALLOC_R][RESERVATION_FAIL] = 0
	Total_core_cache_stats_breakdown[L2_WR_ALLOC_R][SECTOR_MISS] = 0
	Total_core_cache_stats_breakdown[L2_WR_ALLOC_R][MSHR_HIT] = 0
	Total_core_cache_stats_breakdown[GLOBAL_ACC_R][TOTAL_ACCESS] = 5248
	Total_core_cache_stats_breakdown[GLOBAL_ACC_W][TOTAL_ACCESS] = 2624

Total_core_cache_fail_stats:
ctas_completed 246, Shader 0 warp_id issue ditsribution:
warp_id:
0, 1, 2, 3, 
distro:
99, 99, 99, 99, 
gpgpu_n_tot_thrd_icount = 1039104
gpgpu_n_tot_w_icount = 32472
gpgpu_n_stall_shd_mem = 0
gpgpu_n_mem_read_local = 0
gpgpu_n_mem_write_local = 0
gpgpu_n_mem_read_global = 3936
gpgpu_n_mem_write_global = 3936
gpgpu_n_mem_texture = 0
gpgpu_n_mem_const = 0
gpgpu_n_load_insn  = 62976
gpgpu_n_store_insn = 31488
gpgpu_n_shmem_insn = 0
gpgpu_n_sstarr_insn = 0
gpgpu_n_tex_insn = 0
gpgpu_n_const_mem_insn = 0
gpgpu_n_param_mem_insn = 125952
gpgpu_n_shmem_bkconflict = 0
gpgpu_n_l1cache_bkconflict = 0
gpgpu_n_intrawarp_mshr_merge = 0
gpgpu_n_cmem_portconflict = 0
gpgpu_stall_shd_mem[c_mem][resource_stall] = 0
gpgpu_stall_shd_mem[s_mem][bk_conf] = 0
gpgpu_stall_shd_mem[gl_mem][resource_stall] = 0
gpgpu_stall_shd_mem[gl_mem][coal_stall] = 0
gpgpu_stall_shd_mem[gl_mem][data_port_stall] = 0
gpu_reg_bank_conflict_stalls = 0
Warp Occupancy Distribution:
Stall:3174	W0_Idle:258752	W0_Scoreboard:377010	W1:0	W2:0	W3:0	W4:0	W5:0	W6:0	W7:0	W8:0	W9:0	W10:0	W11:0	W12:0	W13:0	W14:0	W15:0	W16:0	W17:0	W18:0	W19:0	W20:0	W21:0	W22:0	W23:0	W24:0	W25:0	W26:0	W27:0	W28:0	W29:0	W30:0	W31:0	W32:32472
single_issue_nums: WS0:8118	WS1:8118	WS2:8118	WS3:8118	
dual_issue_nums: WS0:0	WS1:0	WS2:0	WS3:0	
traffic_breakdown_coretomem[GLOBAL_ACC_R] = 31488 {8:3936,}
traffic_breakdown_coretomem[GLOBAL_ACC_W] = 157440 {40:3936,}
traffic_breakdown_memtocore[GLOBAL_ACC_R] = 157440 {40:3936,}
traffic_breakdown_memtocore[GLOBAL_ACC_W] = 31488 {8:3936,}
maxmflatency = 291 
max_icnt2mem_latency = 100 
maxmrqlatency = 0 
max_icnt2sh_latency = 6 
averagemflatency = 245 
avg_icnt2mem_latency = 64 
avg_icnt2sh_latency = 2 
mrq_lat_table:0 	0 	0 	0 	0 	0 	0 	0 	0 	0 	0 	0 	0 	0 	0 	0 	0 	0 	0 	0 	0 	0 	0 	0 	0 	0 	0 	0 	0 	0 	0 	0 	
dq_lat_table:0 	0 	0 	0 	0 	0 	0 	0 	0 	0 	0 	0 	0 	0 	0 	0 	0 	0 	0 	0 	0 	0 	0 	0 	0 	0 	0 	0 	0 	0 	0 	0 	
mf_lat_table:0 	0 	0 	0 	0 	0 	0 	6428 	1444 	0 	0 	0 	0 	0 	0 	0 	0 	0 	0 	0 	0 	0 	0 	0 	0 	0 	0 	0 	0 	0 	0 	0 	
icnt2mem_lat_table:0 	0 	0 	0 	0 	6310 	1562 	0 	0 	0 	0 	0 	0 	0 	0 	0 	0 	0 	0 	0 	0 	0 	0 	0 	
icnt2sh_lat_table:0 	7794 	78 	0 	0 	0 	0 	0 	0 	0 	0 	0 	0 	0 	0 	0 	0 	0 	0 	0 	0 	0 	0 	0 	
mf_lat_pw_table:0 	0 	0 	0 	0 	0 	0 	5 	0 	0 	0 	0 	0 	0 	0 	0 	0 	0 	0 	0 	0 	0 	0 	0 	0 	0 	0 	0 	0 	0 	0 	0 	
maximum concurrent accesses to same row:
dram[0]:         0         0         0         0         0         0         0         0         0         0         0         0         0         0         0         0 
dram[1]:         0         0         0         0         0         0         0         0         0         0         0         0         0         0         0         0 
dram[2]:         0         0         0         0         0         0         0         0         0         0         0         0         0         0         0         0 
dram[3]:         0         0         0         0         0         0         0         0         0         0         0         0         0         0         0         0 
dram[4]:         0         0         0         0         0         0         0         0         0         0         0         0         0         0         0         0 
dram[5]:         0         0         0         0         0         0         0         0         0         0         0         0         0         0         0         0 
dram[6]:         0         0         0         0         0         0         0         0         0         0         0         0         0         0         0         0 
dram[7]:         0         0         0         0         0         0         0         0         0         0         0         0         0         0         0         0 
dram[8]:         0         0         0         0         0         0         0         0         0         0         0         0         0         0         0         0 
dram[9]:         0         0         0         0         0         0         0         0         0         0         0         0         0         0         0         0 
dram[10]:         0         0         0         0         0         0         0         0         0         0         0         0         0         0         0         0 
dram[11]:         0         0         0         0         0         0         0         0         0         0         0         0         0         0         0         0 
dram[12]:         0         0         0         0         0         0         0         0         0         0         0         0         0         0         0         0 
dram[13]:         0         0         0         0         0         0         0         0         0         0         0         0         0         0         0         0 
dram[14]:         0         0         0         0         0         0         0         0         0         0         0         0         0         0         0         0 
dram[15]:         0         0         0         0         0         0         0         0         0         0         0         0         0         0         0         0 
dram[16]:         0         0         0         0         0         0         0         0         0         0         0         0         0         0         0         0 
dram[17]:         0         0         0         0         0         0         0         0         0         0         0         0         0         0         0         0 
dram[18]:         0         0         0         0         0         0         0         0         0         0         0         0         0         0         0         0 
dram[19]:         0         0         0         0         0         0         0         0         0         0         0         0         0         0         0         0 
dram[20]:         0         0         0         0         0         0         0         0         0         0         0         0         0         0         0         0 
dram[21]:         0         0         0         0         0         0         0         0         0         0         0         0         0         0         0         0 
dram[22]:         0         0         0         0         0         0         0         0         0         0         0         0         0         0         0         0 
dram[23]:         0         0         0         0         0         0         0         0         0         0         0         0         0         0         0         0 
maximum service time to same row:
dram[0]:         0         0         0         0         0         0         0         0         0         0         0         0         0         0         0         0 
dram[1]:         0         0         0         0         0         0         0         0         0         0         0         0         0         0         0         0 
dram[2]:         0         0         0         0         0         0         0         0         0         0         0         0         0         0         0         0 
dram[3]:         0         0         0         0         0         0         0         0         0         0         0         0         0         0         0         0 
dram[4]:         0         0         0         0         0         0         0         0         0         0         0         0         0         0         0         0 
dram[5]:         0         0         0         0         0         0         0         0         0         0         0         0         0         0         0         0 
dram[6]:         0         0         0         0         0         0         0         0         0         0         0         0         0         0         0         0 
dram[7]:         0         0         0         0         0         0         0         0         0         0         0         0         0         0         0         0 
dram[8]:         0         0         0         0         0         0         0         0         0         0         0         0         0         0         0         0 
dram[9]:         0         0         0         0         0         0         0         0         0         0         0         0         0         0         0         0 
dram[10]:         0         0         0         0         0         0         0         0         0         0         0         0         0         0         0         0 
dram[11]:         0         0         0         0         0         0         0         0         0         0         0         0         0         0         0         0 
dram[12]:         0         0         0         0         0         0         0         0         0         0         0         0         0         0         0         0 
dram[13]:         0         0         0         0         0         0         0         0         0         0         0         0         0         0         0         0 
dram[14]:         0         0         0         0         0         0         0         0         0         0         0         0         0         0         0         0 
dram[15]:         0         0         0         0         0         0         0         0         0         0         0         0         0         0         0         0 
dram[16]:         0         0         0         0         0         0         0         0         0         0         0         0         0         0         0         0 
dram[17]:         0         0         0         0         0         0         0         0         0         0         0         0         0         0         0         0 
dram[18]:         0         0         0         0         0         0         0         0         0         0         0         0         0         0         0         0 
dram[19]:         0         0         0         0         0         0         0         0         0         0         0         0         0         0         0         0 
dram[20]:         0         0         0         0         0         0         0         0         0         0         0         0         0         0         0         0 
dram[21]:         0         0         0         0         0         0         0         0         0         0         0         0         0         0         0         0 
dram[22]:         0         0         0         0         0         0         0         0         0         0         0         0         0         0         0         0 
dram[23]:         0         0         0         0         0         0         0         0         0         0         0         0         0         0         0         0 
average row accesses per activate:
dram[0]:      -nan      -nan      -nan      -nan      -nan      -nan      -nan      -nan      -nan      -nan      -nan      -nan      -nan      -nan      -nan      -nan 
dram[1]:      -nan      -nan      -nan      -nan      -nan      -nan      -nan      -nan      -nan      -nan      -nan      -nan      -nan      -nan      -nan      -nan 
dram[2]:      -nan      -nan      -nan      -nan      -nan      -nan      -nan      -nan      -nan      -nan      -nan      -nan      -nan      -nan      -nan      -nan 
dram[3]:      -nan      -nan      -nan      -nan      -nan      -nan      -nan      -nan      -nan      -nan      -nan      -nan      -nan      -nan      -nan      -nan 
dram[4]:      -nan      -nan      -nan      -nan      -nan      -nan      -nan      -nan      -nan      -nan      -nan      -nan      -nan      -nan      -nan      -nan 
dram[5]:      -nan      -nan      -nan      -nan      -nan      -nan      -nan      -nan      -nan      -nan      -nan      -nan      -nan      -nan      -nan      -nan 
dram[6]:      -nan      -nan      -nan      -nan      -nan      -nan      -nan      -nan      -nan      -nan      -nan      -nan      -nan      -nan      -nan      -nan 
dram[7]:      -nan      -nan      -nan      -nan      -nan      -nan      -nan      -nan      -nan      -nan      -nan      -nan      -nan      -nan      -nan      -nan 
dram[8]:      -nan      -nan      -nan      -nan      -nan      -nan      -nan      -nan      -nan      -nan      -nan      -nan      -nan      -nan      -nan      -nan 
dram[9]:      -nan      -nan      -nan      -nan      -nan      -nan      -nan      -nan      -nan      -nan      -nan      -nan      -nan      -nan      -nan      -nan 
dram[10]:      -nan      -nan      -nan      -nan      -nan      -nan      -nan      -nan      -nan      -nan      -nan      -nan      -nan      -nan      -nan      -nan 
dram[11]:      -nan      -nan      -nan      -nan      -nan      -nan      -nan      -nan      -nan      -nan      -nan      -nan      -nan      -nan      -nan      -nan 
dram[12]:      -nan      -nan      -nan      -nan      -nan      -nan      -nan      -nan      -nan      -nan      -nan      -nan      -nan      -nan      -nan      -nan 
dram[13]:      -nan      -nan      -nan      -nan      -nan      -nan      -nan      -nan      -nan      -nan      -nan      -nan      -nan      -nan      -nan      -nan 
dram[14]:      -nan      -nan      -nan      -nan      -nan      -nan      -nan      -nan      -nan      -nan      -nan      -nan      -nan      -nan      -nan      -nan 
dram[15]:      -nan      -nan      -nan      -nan      -nan      -nan      -nan      -nan      -nan      -nan      -nan      -nan      -nan      -nan      -nan      -nan 
dram[16]:      -nan      -nan      -nan      -nan      -nan      -nan      -nan      -nan      -nan      -nan      -nan      -nan      -nan      -nan      -nan      -nan 
dram[17]:      -nan      -nan      -nan      -nan      -nan      -nan      -nan      -nan      -nan      -nan      -nan      -nan      -nan      -nan      -nan      -nan 
dram[18]:      -nan      -nan      -nan      -nan      -nan      -nan      -nan      -nan      -nan      -nan      -nan      -nan      -nan      -nan      -nan      -nan 
dram[19]:      -nan      -nan      -nan      -nan      -nan      -nan      -nan      -nan      -nan      -nan      -nan      -nan      -nan      -nan      -nan      -nan 
dram[20]:      -nan      -nan      -nan      -nan      -nan      -nan      -nan      -nan      -nan      -nan      -nan      -nan      -nan      -nan      -nan      -nan 
dram[21]:      -nan      -nan      -nan      -nan      -nan      -nan      -nan      -nan      -nan      -nan      -nan      -nan      -nan      -nan      -nan      -nan 
dram[22]:      -nan      -nan      -nan      -nan      -nan      -nan      -nan      -nan      -nan      -nan      -nan      -nan      -nan      -nan      -nan      -nan 
dram[23]:      -nan      -nan      -nan      -nan      -nan      -nan      -nan      -nan      -nan      -nan      -nan      -nan      -nan      -nan      -nan      -nan 
average row locality = 0/0 = -nan
number of total memory accesses made:
dram[0]:         0         0         0         0         0         0         0         0         0         0         0         0         0         0         0         0 
dram[1]:         0         0         0         0         0         0         0         0         0         0         0         0         0         0         0         0 
dram[2]:         0         0         0         0         0         0         0         0         0         0         0         0         0         0         0         0 
dram[3]:         0         0         0         0         0         0         0         0         0         0         0         0         0         0         0         0 
dram[4]:         0         0         0         0         0         0         0         0         0         0         0         0         0         0         0         0 
dram[5]:         0         0         0         0         0         0         0         0         0         0         0         0         0         0         0         0 
dram[6]:         0         0         0         0         0         0         0         0         0         0         0         0         0         0         0         0 
dram[7]:         0         0         0         0         0         0         0         0         0         0         0         0         0         0         0         0 
dram[8]:         0         0         0         0         0         0         0         0         0         0         0         0         0         0         0         0 
dram[9]:         0         0         0         0         0         0         0         0         0         0         0         0         0         0         0         0 
dram[10]:         0         0         0         0         0         0         0         0         0         0         0         0         0         0         0         0 
dram[11]:         0         0         0         0         0         0         0         0         0         0         0         0         0         0         0         0 
dram[12]:         0         0         0         0         0         0         0         0         0         0         0         0         0         0         0         0 
dram[13]:         0         0         0         0         0         0         0         0         0         0         0         0         0         0         0         0 
dram[14]:         0         0         0         0         0         0         0         0         0         0         0         0         0         0         0         0 
dram[15]:         0         0         0         0         0         0         0         0         0         0         0         0         0         0         0         0 
dram[16]:         0         0         0         0         0         0         0         0         0         0         0         0         0         0         0         0 
dram[17]:         0         0         0         0         0         0         0         0         0         0         0         0         0         0         0         0 
dram[18]:         0         0         0         0         0         0         0         0         0         0         0         0         0         0         0         0 
dram[19]:         0         0         0         0         0         0         0         0         0         0         0         0         0         0         0         0 
dram[20]:         0         0         0         0         0         0         0         0         0         0         0         0         0         0         0         0 
dram[21]:         0         0         0         0         0         0         0         0         0         0         0         0         0         0         0         0 
dram[22]:         0         0         0         0         0         0         0         0         0         0         0         0         0         0         0         0 
dram[23]:         0         0         0         0         0         0         0         0         0         0         0         0         0         0         0         0 
total accesses: 0
min_bank_accesses = 0!
min_chip_accesses = 0!
number of total read accesses:
dram[0]:         0         0         0         0         0         0         0         0         0         0         0         0         0         0         0         0 
dram[1]:         0         0         0         0         0         0         0         0         0         0         0         0         0         0         0         0 
dram[2]:         0         0         0         0         0         0         0         0         0         0         0         0         0         0         0         0 
dram[3]:         0         0         0         0         0         0         0         0         0         0         0         0         0         0         0         0 
dram[4]:         0         0         0         0         0         0         0         0         0         0         0         0         0         0         0         0 
dram[5]:         0         0         0         0         0         0         0         0         0         0         0         0         0         0         0         0 
dram[6]:         0         0         0         0         0         0         0         0         0         0         0         0         0         0         0         0 
dram[7]:         0         0         0         0         0         0         0         0         0         0         0         0         0         0         0         0 
dram[8]:         0         0         0         0         0         0         0         0         0         0         0         0         0         0         0         0 
dram[9]:         0         0         0         0         0         0         0         0         0         0         0         0         0         0         0         0 
dram[10]:         0         0         0         0         0         0         0         0         0         0         0         0         0         0         0         0 
dram[11]:         0         0         0         0         0         0         0         0         0         0         0         0         0         0         0         0 
dram[12]:         0         0         0         0         0         0         0         0         0         0         0         0         0         0         0         0 
dram[13]:         0         0         0         0         0         0         0         0         0         0         0         0         0         0         0         0 
dram[14]:         0         0         0         0         0         0         0         0         0         0         0         0         0         0         0         0 
dram[15]:         0         0         0         0         0         0         0         0         0         0         0         0         0         0         0         0 
dram[16]:         0         0         0         0         0         0         0         0         0         0         0         0         0         0         0         0 
dram[17]:         0         0         0         0         0         0         0         0         0         0         0         0         0         0         0         0 
dram[18]:         0         0         0         0         0         0         0         0         0         0         0         0         0         0         0         0 
dram[19]:         0         0         0         0         0         0         0         0         0         0         0         0         0         0         0         0 
dram[20]:         0         0         0         0         0         0         0         0         0         0         0         0         0         0         0         0 
dram[21]:         0         0         0         0         0         0         0         0         0         0         0         0         0         0         0         0 
dram[22]:         0         0         0         0         0         0         0         0         0         0         0         0         0         0         0         0 
dram[23]:         0         0         0         0         0         0         0         0         0         0         0         0         0         0         0         0 
total dram reads = 0
min_bank_accesses = 0!
min_chip_accesses = 0!
number of total write accesses:
dram[0]:         0         0         0         0         0         0         0         0         0         0         0         0         0         0         0         0 
dram[1]:         0         0         0         0         0         0         0         0         0         0         0         0         0         0         0         0 
dram[2]:         0         0         0         0         0         0         0         0         0         0         0         0         0         0         0         0 
dram[3]:         0         0         0         0         0         0         0         0         0         0         0         0         0         0         0         0 
dram[4]:         0         0         0         0         0         0         0         0         0         0         0         0         0         0         0         0 
dram[5]:         0         0         0         0         0         0         0         0         0         0         0         0         0         0         0         0 
dram[6]:         0         0         0         0         0         0         0         0         0         0         0         0         0         0         0         0 
dram[7]:         0         0         0         0         0         0         0         0         0         0         0         0         0         0         0         0 
dram[8]:         0         0         0         0         0         0         0         0         0         0         0         0         0         0         0         0 
dram[9]:         0         0         0         0         0         0         0         0         0         0         0         0         0         0         0         0 
dram[10]:         0         0         0         0         0         0         0         0         0         0         0         0         0         0         0         0 
dram[11]:         0         0         0         0         0         0         0         0         0         0         0         0         0         0         0         0 
dram[12]:         0         0         0         0         0         0         0         0         0         0         0         0         0         0         0         0 
dram[13]:         0         0         0         0         0         0         0         0         0         0         0         0         0         0         0         0 
dram[14]:         0         0         0         0         0         0         0         0         0         0         0         0         0         0         0         0 
dram[15]:         0         0         0         0         0         0         0         0         0         0         0         0         0         0         0         0 
dram[16]:         0         0         0         0         0         0         0         0         0         0         0         0         0         0         0         0 
dram[17]:         0         0         0         0         0         0         0         0         0         0         0         0         0         0         0         0 
dram[18]:         0         0         0         0         0         0         0         0         0         0         0         0         0         0         0         0 
dram[19]:         0         0         0         0         0         0         0         0         0         0         0         0         0         0         0         0 
dram[20]:         0         0         0         0         0         0         0         0         0         0         0         0         0         0         0         0 
dram[21]:         0         0         0         0         0         0         0         0         0         0         0         0         0         0         0         0 
dram[22]:         0         0         0         0         0         0         0         0         0         0         0         0         0         0         0         0 
dram[23]:         0         0         0         0         0         0         0         0         0         0         0         0         0         0         0         0 
total dram writes = 0
min_bank_accesses = 0!
min_chip_accesses = 0!
average mf latency per bank:
dram[0]:     none      none      none      none      none      none      none      none      none      none      none      none      none      none      none      none  
dram[1]:     none      none      none      none      none      none      none      none      none      none      none      none      none      none      none      none  
dram[2]:     none      none      none      none      none      none      none      none      none      none      none      none      none      none      none      none  
dram[3]:     none      none      none      none      none      none      none      none      none      none      none      none      none      none      none      none  
dram[4]:     none      none      none      none      none      none      none      none      none      none      none      none      none      none      none      none  
dram[5]:     none      none      none      none      none      none      none      none      none      none      none      none      none      none      none      none  
dram[6]:     none      none      none      none      none      none      none      none      none      none      none      none      none      none      none      none  
dram[7]:     none      none      none      none      none      none      none      none      none      none      none      none      none      none      none      none  
dram[8]:     none      none      none      none      none      none      none      none      none      none      none      none      none      none      none      none  
dram[9]:     none      none      none      none      none      none      none      none      none      none      none      none      none      none      none      none  
dram[10]:     none      none      none      none      none      none      none      none      none      none      none      none      none      none      none      none  
dram[11]:     none      none      none      none      none      none      none      none      none      none      none      none      none      none      none      none  
dram[12]:     none      none      none      none      none      none      none      none      none      none      none      none      none      none      none      none  
dram[13]:     none      none      none      none      none      none      none      none      none      none      none      none      none      none      none      none  
dram[14]:     none      none      none      none      none      none      none      none      none      none      none      none      none      none      none      none  
dram[15]:     none      none      none      none      none      none      none      none      none      none      none      none      none      none      none      none  
dram[16]:     none      none      none      none      none      none      none      none      none      none      none      none      none      none      none      none  
dram[17]:     none      none      none      none      none      none      none      none      none      none      none      none      none      none      none      none  
dram[18]:     none      none      none      none      none      none      none      none      none      none      none      none      none      none      none      none  
dram[19]:     none      none      none      none      none      none      none      none      none      none      none      none      none      none      none      none  
dram[20]:     none      none      none      none      none      none      none      none      none      none      none      none      none      none      none      none  
dram[21]:     none      none      none      none      none      none      none      none      none      none      none      none      none      none      none      none  
dram[22]:     none      none      none      none      none      none      none      none      none      none      none      none      none      none      none      none  
dram[23]:     none      none      none      none      none      none      none      none      none      none      none      none      none      none      none      none  
maximum mf latency per bank:
dram[0]:        279       267         0         0         0         0         0         0         0         0         0         0         0         0         0         0
dram[1]:        281       273         0         0         0         0         0         0         0         0         0         0         0         0         0         0
dram[2]:        279       267         0         0         0         0         0         0         0         0         0         0         0         0         0         0
dram[3]:        281       273         0         0         0         0         0         0         0         0         0         0         0         0         0         0
dram[4]:        291       274         0         0         0         0         0         0         0         0         0         0         0         0         0         0
dram[5]:        286       281         0         0         0         0         0         0         0         0         0         0         0         0         0         0
dram[6]:        291       274         0         0         0         0         0         0         0         0         0         0         0         0         0         0
dram[7]:        286       281         0         0         0         0         0         0         0         0         0         0         0         0         0         0
dram[8]:        266       265         0         0         0         0         0         0         0         0         0         0         0         0         0         0
dram[9]:        267       250         0         0         0         0         0         0         0         0         0         0         0         0         0         0
dram[10]:        266       265         0         0         0         0         0         0         0         0         0         0         0         0         0         0
dram[11]:        267       250         0         0         0         0         0         0         0         0         0         0         0         0         0         0
dram[12]:        271       264         0         0         0         0         0         0         0         0         0         0         0         0         0         0
dram[13]:        271       251         0         0         0         0         0         0         0         0         0         0         0         0         0         0
dram[14]:        271       264         0         0         0         0         0         0         0         0         0         0         0         0         0         0
dram[15]:        271       251         0         0         0         0         0         0         0         0         0         0         0         0         0         0
dram[16]:        269       251         0         0         0         0         0         0         0         0         0         0         0         0         0         0
dram[17]:        266       257         0         0         0         0         0         0         0         0         0         0         0         0         0         0
dram[18]:        269       251         0         0         0         0         0         0         0         0         0         0         0         0         0         0
dram[19]:        266       257         0         0         0         0         0         0         0         0         0         0         0         0         0         0
dram[20]:        267       265         0         0         0         0         0         0         0         0         0         0         0         0         0         0
dram[21]:        268       260         0         0         0         0         0         0         0         0         0         0         0         0         0         0
dram[22]:        267       265         0         0         0         0         0         0         0         0         0         0         0         0         0         0
dram[23]:        268       260         0         0         0         0         0         0         0         0         0         0         0         0         0         0
Memory Partition 0: 
Cache L2_bank_000:
MSHR contents

Cache L2_bank_001:
MSHR contents

In Dram Latency Queue (total = 0): 
DRAM[0]: 16 bks, busW=2 BL=16 CL=24, tRRD=12 tCCD=4, tRCD=24 tRAS=55 tRP=24 tRC=78
n_cmd=52981 n_nop=52981 n_act=0 n_pre=0 n_ref_event=0 n_req=0 n_rd=0 n_rd_L2_A=0 n_write=0 n_wr_bk=0 bw_util=0
n_activity=0 dram_eff=-nan
bk0: 0a 52981i bk1: 0a 52981i bk2: 0a 52981i bk3: 0a 52981i bk4: 0a 52981i bk5: 0a 52981i bk6: 0a 52981i bk7: 0a 52981i bk8: 0a 52981i bk9: 0a 52981i bk10: 0a 52981i bk11: 0a 52981i bk12: 0a 52981i bk13: 0a 52981i bk14: 0a 52981i bk15: 0a 52981i 

------------------------------------------------------------------------

Row_Buffer_Locality = -nan
Row_Buffer_Locality_read = -nan
Row_Buffer_Locality_write = -nan
Bank_Level_Parallism = -nan
Bank_Level_Parallism_Col = -nan
Bank_Level_Parallism_Ready = -nan
write_to_read_ratio_blp_rw_average = -nan
GrpLevelPara = -nan 

BW Util details:
bwutil = 0.000000 
total_CMD = 52981 
util_bw = 0 
Wasted_Col = 0 
Wasted_Row = 0 
Idle = 52981 

BW Util Bottlenecks: 
RCDc_limit = 0 
RCDWRc_limit = 0 
WTRc_limit = 0 
RTWc_limit = 0 
CCDLc_limit = 0 
rwq = 0 
CCDLc_limit_alone = 0 
WTRc_limit_alone = 0 
RTWc_limit_alone = 0 

Commands details: 
total_CMD = 52981 
n_nop = 52981 
Read = 0 
Write = 0 
L2_Alloc = 0 
L2_WB = 0 
n_act = 0 
n_pre = 0 
n_ref = 0 
n_req = 0 
total_req = 0 

Dual Bus Interface Util: 
issued_total_row = 0 
issued_total_col = 0 
Row_Bus_Util =  0.000000 
CoL_Bus_Util = 0.000000 
Either_Row_CoL_Bus_Util = 0.000000 
Issued_on_Two_Bus_Simul_Util = 0.000000 
issued_two_Eff = -nan 
queue_avg = 0.000000 


dram_util_bins: 0 0 0 0 0 0 0 0 0 0
dram_eff_bins: 0 0 0 0 0 0 0 0 0 0
mrqq: max=0 avg=0
Memory Partition 1: 
Cache L2_bank_002:
MSHR contents

Cache L2_bank_003:
MSHR contents

In Dram Latency Queue (total = 0): 
DRAM[1]: 16 bks, busW=2 BL=16 CL=24, tRRD=12 tCCD=4, tRCD=24 tRAS=55 tRP=24 tRC=78
n_cmd=52981 n_nop=52981 n_act=0 n_pre=0 n_ref_event=0 n_req=0 n_rd=0 n_rd_L2_A=0 n_write=0 n_wr_bk=0 bw_util=0
n_activity=0 dram_eff=-nan
bk0: 0a 52981i bk1: 0a 52981i bk2: 0a 52981i bk3: 0a 52981i bk4: 0a 52981i bk5: 0a 52981i bk6: 0a 52981i bk7: 0a 52981i bk8: 0a 52981i bk9: 0a 52981i bk10: 0a 52981i bk11: 0a 52981i bk12: 0a 52981i bk13: 0a 52981i bk14: 0a 52981i bk15: 0a 52981i 

------------------------------------------------------------------------

Row_Buffer_Locality = -nan
Row_Buffer_Locality_read = -nan
Row_Buffer_Locality_write = -nan
Bank_Level_Parallism = -nan
Bank_Level_Parallism_Col = -nan
Bank_Level_Parallism_Ready = -nan
write_to_read_ratio_blp_rw_average = -nan
GrpLevelPara = -nan 

BW Util details:
bwutil = 0.000000 
total_CMD = 52981 
util_bw = 0 
Wasted_Col = 0 
Wasted_Row = 0 
Idle = 52981 

BW Util Bottlenecks: 
RCDc_limit = 0 
RCDWRc_limit = 0 
WTRc_limit = 0 
RTWc_limit = 0 
CCDLc_limit = 0 
rwq = 0 
CCDLc_limit_alone = 0 
WTRc_limit_alone = 0 
RTWc_limit_alone = 0 

Commands details: 
total_CMD = 52981 
n_nop = 52981 
Read = 0 
Write = 0 
L2_Alloc = 0 
L2_WB = 0 
n_act = 0 
n_pre = 0 
n_ref = 0 
n_req = 0 
total_req = 0 

Dual Bus Interface Util: 
issued_total_row = 0 
issued_total_col = 0 
Row_Bus_Util =  0.000000 
CoL_Bus_Util = 0.000000 
Either_Row_CoL_Bus_Util = 0.000000 
Issued_on_Two_Bus_Simul_Util = 0.000000 
issued_two_Eff = -nan 
queue_avg = 0.000000 


dram_util_bins: 0 0 0 0 0 0 0 0 0 0
dram_eff_bins: 0 0 0 0 0 0 0 0 0 0
mrqq: max=0 avg=0
Memory Partition 2: 
Cache L2_bank_004:
MSHR contents

Cache L2_bank_005:
MSHR contents

In Dram Latency Queue (total = 0): 
DRAM[2]: 16 bks, busW=2 BL=16 CL=24, tRRD=12 tCCD=4, tRCD=24 tRAS=55 tRP=24 tRC=78
n_cmd=52981 n_nop=52981 n_act=0 n_pre=0 n_ref_event=0 n_req=0 n_rd=0 n_rd_L2_A=0 n_write=0 n_wr_bk=0 bw_util=0
n_activity=0 dram_eff=-nan
bk0: 0a 52981i bk1: 0a 52981i bk2: 0a 52981i bk3: 0a 52981i bk4: 0a 52981i bk5: 0a 52981i bk6: 0a 52981i bk7: 0a 52981i bk8: 0a 52981i bk9: 0a 52981i bk10: 0a 52981i bk11: 0a 52981i bk12: 0a 52981i bk13: 0a 52981i bk14: 0a 52981i bk15: 0a 52981i 

------------------------------------------------------------------------

Row_Buffer_Locality = -nan
Row_Buffer_Locality_read = -nan
Row_Buffer_Locality_write = -nan
Bank_Level_Parallism = -nan
Bank_Level_Parallism_Col = -nan
Bank_Level_Parallism_Ready = -nan
write_to_read_ratio_blp_rw_average = -nan
GrpLevelPara = -nan 

BW Util details:
bwutil = 0.000000 
total_CMD = 52981 
util_bw = 0 
Wasted_Col = 0 
Wasted_Row = 0 
Idle = 52981 

BW Util Bottlenecks: 
RCDc_limit = 0 
RCDWRc_limit = 0 
WTRc_limit = 0 
RTWc_limit = 0 
CCDLc_limit = 0 
rwq = 0 
CCDLc_limit_alone = 0 
WTRc_limit_alone = 0 
RTWc_limit_alone = 0 

Commands details: 
total_CMD = 52981 
n_nop = 52981 
Read = 0 
Write = 0 
L2_Alloc = 0 
L2_WB = 0 
n_act = 0 
n_pre = 0 
n_ref = 0 
n_req = 0 
total_req = 0 

Dual Bus Interface Util: 
issued_total_row = 0 
issued_total_col = 0 
Row_Bus_Util =  0.000000 
CoL_Bus_Util = 0.000000 
Either_Row_CoL_Bus_Util = 0.000000 
Issued_on_Two_Bus_Simul_Util = 0.000000 
issued_two_Eff = -nan 
queue_avg = 0.000000 


dram_util_bins: 0 0 0 0 0 0 0 0 0 0
dram_eff_bins: 0 0 0 0 0 0 0 0 0 0
mrqq: max=0 avg=0
Memory Partition 3: 
Cache L2_bank_006:
MSHR contents

Cache L2_bank_007:
MSHR contents

In Dram Latency Queue (total = 0): 
DRAM[3]: 16 bks, busW=2 BL=16 CL=24, tRRD=12 tCCD=4, tRCD=24 tRAS=55 tRP=24 tRC=78
n_cmd=52981 n_nop=52981 n_act=0 n_pre=0 n_ref_event=0 n_req=0 n_rd=0 n_rd_L2_A=0 n_write=0 n_wr_bk=0 bw_util=0
n_activity=0 dram_eff=-nan
bk0: 0a 52981i bk1: 0a 52981i bk2: 0a 52981i bk3: 0a 52981i bk4: 0a 52981i bk5: 0a 52981i bk6: 0a 52981i bk7: 0a 52981i bk8: 0a 52981i bk9: 0a 52981i bk10: 0a 52981i bk11: 0a 52981i bk12: 0a 52981i bk13: 0a 52981i bk14: 0a 52981i bk15: 0a 52981i 

------------------------------------------------------------------------

Row_Buffer_Locality = -nan
Row_Buffer_Locality_read = -nan
Row_Buffer_Locality_write = -nan
Bank_Level_Parallism = -nan
Bank_Level_Parallism_Col = -nan
Bank_Level_Parallism_Ready = -nan
write_to_read_ratio_blp_rw_average = -nan
GrpLevelPara = -nan 

BW Util details:
bwutil = 0.000000 
total_CMD = 52981 
util_bw = 0 
Wasted_Col = 0 
Wasted_Row = 0 
Idle = 52981 

BW Util Bottlenecks: 
RCDc_limit = 0 
RCDWRc_limit = 0 
WTRc_limit = 0 
RTWc_limit = 0 
CCDLc_limit = 0 
rwq = 0 
CCDLc_limit_alone = 0 
WTRc_limit_alone = 0 
RTWc_limit_alone = 0 

Commands details: 
total_CMD = 52981 
n_nop = 52981 
Read = 0 
Write = 0 
L2_Alloc = 0 
L2_WB = 0 
n_act = 0 
n_pre = 0 
n_ref = 0 
n_req = 0 
total_req = 0 

Dual Bus Interface Util: 
issued_total_row = 0 
issued_total_col = 0 
Row_Bus_Util =  0.000000 
CoL_Bus_Util = 0.000000 
Either_Row_CoL_Bus_Util = 0.000000 
Issued_on_Two_Bus_Simul_Util = 0.000000 
issued_two_Eff = -nan 
queue_avg = 0.000000 


dram_util_bins: 0 0 0 0 0 0 0 0 0 0
dram_eff_bins: 0 0 0 0 0 0 0 0 0 0
mrqq: max=0 avg=0
Memory Partition 4: 
Cache L2_bank_008:
MSHR contents

Cache L2_bank_009:
MSHR contents

In Dram Latency Queue (total = 0): 
DRAM[4]: 16 bks, busW=2 BL=16 CL=24, tRRD=12 tCCD=4, tRCD=24 tRAS=55 tRP=24 tRC=78
n_cmd=52981 n_nop=52981 n_act=0 n_pre=0 n_ref_event=0 n_req=0 n_rd=0 n_rd_L2_A=0 n_write=0 n_wr_bk=0 bw_util=0
n_activity=0 dram_eff=-nan
bk0: 0a 52981i bk1: 0a 52981i bk2: 0a 52981i bk3: 0a 52981i bk4: 0a 52981i bk5: 0a 52981i bk6: 0a 52981i bk7: 0a 52981i bk8: 0a 52981i bk9: 0a 52981i bk10: 0a 52981i bk11: 0a 52981i bk12: 0a 52981i bk13: 0a 52981i bk14: 0a 52981i bk15: 0a 52981i 

------------------------------------------------------------------------

Row_Buffer_Locality = -nan
Row_Buffer_Locality_read = -nan
Row_Buffer_Locality_write = -nan
Bank_Level_Parallism = -nan
Bank_Level_Parallism_Col = -nan
Bank_Level_Parallism_Ready = -nan
write_to_read_ratio_blp_rw_average = -nan
GrpLevelPara = -nan 

BW Util details:
bwutil = 0.000000 
total_CMD = 52981 
util_bw = 0 
Wasted_Col = 0 
Wasted_Row = 0 
Idle = 52981 

BW Util Bottlenecks: 
RCDc_limit = 0 
RCDWRc_limit = 0 
WTRc_limit = 0 
RTWc_limit = 0 
CCDLc_limit = 0 
rwq = 0 
CCDLc_limit_alone = 0 
WTRc_limit_alone = 0 
RTWc_limit_alone = 0 

Commands details: 
total_CMD = 52981 
n_nop = 52981 
Read = 0 
Write = 0 
L2_Alloc = 0 
L2_WB = 0 
n_act = 0 
n_pre = 0 
n_ref = 0 
n_req = 0 
total_req = 0 

Dual Bus Interface Util: 
issued_total_row = 0 
issued_total_col = 0 
Row_Bus_Util =  0.000000 
CoL_Bus_Util = 0.000000 
Either_Row_CoL_Bus_Util = 0.000000 
Issued_on_Two_Bus_Simul_Util = 0.000000 
issued_two_Eff = -nan 
queue_avg = 0.000000 


dram_util_bins: 0 0 0 0 0 0 0 0 0 0
dram_eff_bins: 0 0 0 0 0 0 0 0 0 0
mrqq: max=0 avg=0
Memory Partition 5: 
Cache L2_bank_010:
MSHR contents

Cache L2_bank_011:
MSHR contents

In Dram Latency Queue (total = 0): 
DRAM[5]: 16 bks, busW=2 BL=16 CL=24, tRRD=12 tCCD=4, tRCD=24 tRAS=55 tRP=24 tRC=78
n_cmd=52981 n_nop=52981 n_act=0 n_pre=0 n_ref_event=0 n_req=0 n_rd=0 n_rd_L2_A=0 n_write=0 n_wr_bk=0 bw_util=0
n_activity=0 dram_eff=-nan
bk0: 0a 52981i bk1: 0a 52981i bk2: 0a 52981i bk3: 0a 52981i bk4: 0a 52981i bk5: 0a 52981i bk6: 0a 52981i bk7: 0a 52981i bk8: 0a 52981i bk9: 0a 52981i bk10: 0a 52981i bk11: 0a 52981i bk12: 0a 52981i bk13: 0a 52981i bk14: 0a 52981i bk15: 0a 52981i 

------------------------------------------------------------------------

Row_Buffer_Locality = -nan
Row_Buffer_Locality_read = -nan
Row_Buffer_Locality_write = -nan
Bank_Level_Parallism = -nan
Bank_Level_Parallism_Col = -nan
Bank_Level_Parallism_Ready = -nan
write_to_read_ratio_blp_rw_average = -nan
GrpLevelPara = -nan 

BW Util details:
bwutil = 0.000000 
total_CMD = 52981 
util_bw = 0 
Wasted_Col = 0 
Wasted_Row = 0 
Idle = 52981 

BW Util Bottlenecks: 
RCDc_limit = 0 
RCDWRc_limit = 0 
WTRc_limit = 0 
RTWc_limit = 0 
CCDLc_limit = 0 
rwq = 0 
CCDLc_limit_alone = 0 
WTRc_limit_alone = 0 
RTWc_limit_alone = 0 

Commands details: 
total_CMD = 52981 
n_nop = 52981 
Read = 0 
Write = 0 
L2_Alloc = 0 
L2_WB = 0 
n_act = 0 
n_pre = 0 
n_ref = 0 
n_req = 0 
total_req = 0 

Dual Bus Interface Util: 
issued_total_row = 0 
issued_total_col = 0 
Row_Bus_Util =  0.000000 
CoL_Bus_Util = 0.000000 
Either_Row_CoL_Bus_Util = 0.000000 
Issued_on_Two_Bus_Simul_Util = 0.000000 
issued_two_Eff = -nan 
queue_avg = 0.000000 


dram_util_bins: 0 0 0 0 0 0 0 0 0 0
dram_eff_bins: 0 0 0 0 0 0 0 0 0 0
mrqq: max=0 avg=0
Memory Partition 6: 
Cache L2_bank_012:
MSHR contents

Cache L2_bank_013:
MSHR contents

In Dram Latency Queue (total = 0): 
DRAM[6]: 16 bks, busW=2 BL=16 CL=24, tRRD=12 tCCD=4, tRCD=24 tRAS=55 tRP=24 tRC=78
n_cmd=52981 n_nop=52981 n_act=0 n_pre=0 n_ref_event=0 n_req=0 n_rd=0 n_rd_L2_A=0 n_write=0 n_wr_bk=0 bw_util=0
n_activity=0 dram_eff=-nan
bk0: 0a 52981i bk1: 0a 52981i bk2: 0a 52981i bk3: 0a 52981i bk4: 0a 52981i bk5: 0a 52981i bk6: 0a 52981i bk7: 0a 52981i bk8: 0a 52981i bk9: 0a 52981i bk10: 0a 52981i bk11: 0a 52981i bk12: 0a 52981i bk13: 0a 52981i bk14: 0a 52981i bk15: 0a 52981i 

------------------------------------------------------------------------

Row_Buffer_Locality = -nan
Row_Buffer_Locality_read = -nan
Row_Buffer_Locality_write = -nan
Bank_Level_Parallism = -nan
Bank_Level_Parallism_Col = -nan
Bank_Level_Parallism_Ready = -nan
write_to_read_ratio_blp_rw_average = -nan
GrpLevelPara = -nan 

BW Util details:
bwutil = 0.000000 
total_CMD = 52981 
util_bw = 0 
Wasted_Col = 0 
Wasted_Row = 0 
Idle = 52981 

BW Util Bottlenecks: 
RCDc_limit = 0 
RCDWRc_limit = 0 
WTRc_limit = 0 
RTWc_limit = 0 
CCDLc_limit = 0 
rwq = 0 
CCDLc_limit_alone = 0 
WTRc_limit_alone = 0 
RTWc_limit_alone = 0 

Commands details: 
total_CMD = 52981 
n_nop = 52981 
Read = 0 
Write = 0 
L2_Alloc = 0 
L2_WB = 0 
n_act = 0 
n_pre = 0 
n_ref = 0 
n_req = 0 
total_req = 0 

Dual Bus Interface Util: 
issued_total_row = 0 
issued_total_col = 0 
Row_Bus_Util =  0.000000 
CoL_Bus_Util = 0.000000 
Either_Row_CoL_Bus_Util = 0.000000 
Issued_on_Two_Bus_Simul_Util = 0.000000 
issued_two_Eff = -nan 
queue_avg = 0.000000 


dram_util_bins: 0 0 0 0 0 0 0 0 0 0
dram_eff_bins: 0 0 0 0 0 0 0 0 0 0
mrqq: max=0 avg=0
Memory Partition 7: 
Cache L2_bank_014:
MSHR contents

Cache L2_bank_015:
MSHR contents

In Dram Latency Queue (total = 0): 
DRAM[7]: 16 bks, busW=2 BL=16 CL=24, tRRD=12 tCCD=4, tRCD=24 tRAS=55 tRP=24 tRC=78
n_cmd=52981 n_nop=52981 n_act=0 n_pre=0 n_ref_event=0 n_req=0 n_rd=0 n_rd_L2_A=0 n_write=0 n_wr_bk=0 bw_util=0
n_activity=0 dram_eff=-nan
bk0: 0a 52981i bk1: 0a 52981i bk2: 0a 52981i bk3: 0a 52981i bk4: 0a 52981i bk5: 0a 52981i bk6: 0a 52981i bk7: 0a 52981i bk8: 0a 52981i bk9: 0a 52981i bk10: 0a 52981i bk11: 0a 52981i bk12: 0a 52981i bk13: 0a 52981i bk14: 0a 52981i bk15: 0a 52981i 

------------------------------------------------------------------------

Row_Buffer_Locality = -nan
Row_Buffer_Locality_read = -nan
Row_Buffer_Locality_write = -nan
Bank_Level_Parallism = -nan
Bank_Level_Parallism_Col = -nan
Bank_Level_Parallism_Ready = -nan
write_to_read_ratio_blp_rw_average = -nan
GrpLevelPara = -nan 

BW Util details:
bwutil = 0.000000 
total_CMD = 52981 
util_bw = 0 
Wasted_Col = 0 
Wasted_Row = 0 
Idle = 52981 

BW Util Bottlenecks: 
RCDc_limit = 0 
RCDWRc_limit = 0 
WTRc_limit = 0 
RTWc_limit = 0 
CCDLc_limit = 0 
rwq = 0 
CCDLc_limit_alone = 0 
WTRc_limit_alone = 0 
RTWc_limit_alone = 0 

Commands details: 
total_CMD = 52981 
n_nop = 52981 
Read = 0 
Write = 0 
L2_Alloc = 0 
L2_WB = 0 
n_act = 0 
n_pre = 0 
n_ref = 0 
n_req = 0 
total_req = 0 

Dual Bus Interface Util: 
issued_total_row = 0 
issued_total_col = 0 
Row_Bus_Util =  0.000000 
CoL_Bus_Util = 0.000000 
Either_Row_CoL_Bus_Util = 0.000000 
Issued_on_Two_Bus_Simul_Util = 0.000000 
issued_two_Eff = -nan 
queue_avg = 0.000000 


dram_util_bins: 0 0 0 0 0 0 0 0 0 0
dram_eff_bins: 0 0 0 0 0 0 0 0 0 0
mrqq: max=0 avg=0
Memory Partition 8: 
Cache L2_bank_016:
MSHR contents

Cache L2_bank_017:
MSHR contents

In Dram Latency Queue (total = 0): 
DRAM[8]: 16 bks, busW=2 BL=16 CL=24, tRRD=12 tCCD=4, tRCD=24 tRAS=55 tRP=24 tRC=78
n_cmd=52981 n_nop=52981 n_act=0 n_pre=0 n_ref_event=0 n_req=0 n_rd=0 n_rd_L2_A=0 n_write=0 n_wr_bk=0 bw_util=0
n_activity=0 dram_eff=-nan
bk0: 0a 52981i bk1: 0a 52981i bk2: 0a 52981i bk3: 0a 52981i bk4: 0a 52981i bk5: 0a 52981i bk6: 0a 52981i bk7: 0a 52981i bk8: 0a 52981i bk9: 0a 52981i bk10: 0a 52981i bk11: 0a 52981i bk12: 0a 52981i bk13: 0a 52981i bk14: 0a 52981i bk15: 0a 52981i 

------------------------------------------------------------------------

Row_Buffer_Locality = -nan
Row_Buffer_Locality_read = -nan
Row_Buffer_Locality_write = -nan
Bank_Level_Parallism = -nan
Bank_Level_Parallism_Col = -nan
Bank_Level_Parallism_Ready = -nan
write_to_read_ratio_blp_rw_average = -nan
GrpLevelPara = -nan 

BW Util details:
bwutil = 0.000000 
total_CMD = 52981 
util_bw = 0 
Wasted_Col = 0 
Wasted_Row = 0 
Idle = 52981 

BW Util Bottlenecks: 
RCDc_limit = 0 
RCDWRc_limit = 0 
WTRc_limit = 0 
RTWc_limit = 0 
CCDLc_limit = 0 
rwq = 0 
CCDLc_limit_alone = 0 
WTRc_limit_alone = 0 
RTWc_limit_alone = 0 

Commands details: 
total_CMD = 52981 
n_nop = 52981 
Read = 0 
Write = 0 
L2_Alloc = 0 
L2_WB = 0 
n_act = 0 
n_pre = 0 
n_ref = 0 
n_req = 0 
total_req = 0 

Dual Bus Interface Util: 
issued_total_row = 0 
issued_total_col = 0 
Row_Bus_Util =  0.000000 
CoL_Bus_Util = 0.000000 
Either_Row_CoL_Bus_Util = 0.000000 
Issued_on_Two_Bus_Simul_Util = 0.000000 
issued_two_Eff = -nan 
queue_avg = 0.000000 


dram_util_bins: 0 0 0 0 0 0 0 0 0 0
dram_eff_bins: 0 0 0 0 0 0 0 0 0 0
mrqq: max=0 avg=0
Memory Partition 9: 
Cache L2_bank_018:
MSHR contents

Cache L2_bank_019:
MSHR contents

In Dram Latency Queue (total = 0): 
DRAM[9]: 16 bks, busW=2 BL=16 CL=24, tRRD=12 tCCD=4, tRCD=24 tRAS=55 tRP=24 tRC=78
n_cmd=52981 n_nop=52981 n_act=0 n_pre=0 n_ref_event=0 n_req=0 n_rd=0 n_rd_L2_A=0 n_write=0 n_wr_bk=0 bw_util=0
n_activity=0 dram_eff=-nan
bk0: 0a 52981i bk1: 0a 52981i bk2: 0a 52981i bk3: 0a 52981i bk4: 0a 52981i bk5: 0a 52981i bk6: 0a 52981i bk7: 0a 52981i bk8: 0a 52981i bk9: 0a 52981i bk10: 0a 52981i bk11: 0a 52981i bk12: 0a 52981i bk13: 0a 52981i bk14: 0a 52981i bk15: 0a 52981i 

------------------------------------------------------------------------

Row_Buffer_Locality = -nan
Row_Buffer_Locality_read = -nan
Row_Buffer_Locality_write = -nan
Bank_Level_Parallism = -nan
Bank_Level_Parallism_Col = -nan
Bank_Level_Parallism_Ready = -nan
write_to_read_ratio_blp_rw_average = -nan
GrpLevelPara = -nan 

BW Util details:
bwutil = 0.000000 
total_CMD = 52981 
util_bw = 0 
Wasted_Col = 0 
Wasted_Row = 0 
Idle = 52981 

BW Util Bottlenecks: 
RCDc_limit = 0 
RCDWRc_limit = 0 
WTRc_limit = 0 
RTWc_limit = 0 
CCDLc_limit = 0 
rwq = 0 
CCDLc_limit_alone = 0 
WTRc_limit_alone = 0 
RTWc_limit_alone = 0 

Commands details: 
total_CMD = 52981 
n_nop = 52981 
Read = 0 
Write = 0 
L2_Alloc = 0 
L2_WB = 0 
n_act = 0 
n_pre = 0 
n_ref = 0 
n_req = 0 
total_req = 0 

Dual Bus Interface Util: 
issued_total_row = 0 
issued_total_col = 0 
Row_Bus_Util =  0.000000 
CoL_Bus_Util = 0.000000 
Either_Row_CoL_Bus_Util = 0.000000 
Issued_on_Two_Bus_Simul_Util = 0.000000 
issued_two_Eff = -nan 
queue_avg = 0.000000 


dram_util_bins: 0 0 0 0 0 0 0 0 0 0
dram_eff_bins: 0 0 0 0 0 0 0 0 0 0
mrqq: max=0 avg=0
Memory Partition 10: 
Cache L2_bank_020:
MSHR contents

Cache L2_bank_021:
MSHR contents

In Dram Latency Queue (total = 0): 
DRAM[10]: 16 bks, busW=2 BL=16 CL=24, tRRD=12 tCCD=4, tRCD=24 tRAS=55 tRP=24 tRC=78
n_cmd=52981 n_nop=52981 n_act=0 n_pre=0 n_ref_event=0 n_req=0 n_rd=0 n_rd_L2_A=0 n_write=0 n_wr_bk=0 bw_util=0
n_activity=0 dram_eff=-nan
bk0: 0a 52981i bk1: 0a 52981i bk2: 0a 52981i bk3: 0a 52981i bk4: 0a 52981i bk5: 0a 52981i bk6: 0a 52981i bk7: 0a 52981i bk8: 0a 52981i bk9: 0a 52981i bk10: 0a 52981i bk11: 0a 52981i bk12: 0a 52981i bk13: 0a 52981i bk14: 0a 52981i bk15: 0a 52981i 

------------------------------------------------------------------------

Row_Buffer_Locality = -nan
Row_Buffer_Locality_read = -nan
Row_Buffer_Locality_write = -nan
Bank_Level_Parallism = -nan
Bank_Level_Parallism_Col = -nan
Bank_Level_Parallism_Ready = -nan
write_to_read_ratio_blp_rw_average = -nan
GrpLevelPara = -nan 

BW Util details:
bwutil = 0.000000 
total_CMD = 52981 
util_bw = 0 
Wasted_Col = 0 
Wasted_Row = 0 
Idle = 52981 

BW Util Bottlenecks: 
RCDc_limit = 0 
RCDWRc_limit = 0 
WTRc_limit = 0 
RTWc_limit = 0 
CCDLc_limit = 0 
rwq = 0 
CCDLc_limit_alone = 0 
WTRc_limit_alone = 0 
RTWc_limit_alone = 0 

Commands details: 
total_CMD = 52981 
n_nop = 52981 
Read = 0 
Write = 0 
L2_Alloc = 0 
L2_WB = 0 
n_act = 0 
n_pre = 0 
n_ref = 0 
n_req = 0 
total_req = 0 

Dual Bus Interface Util: 
issued_total_row = 0 
issued_total_col = 0 
Row_Bus_Util =  0.000000 
CoL_Bus_Util = 0.000000 
Either_Row_CoL_Bus_Util = 0.000000 
Issued_on_Two_Bus_Simul_Util = 0.000000 
issued_two_Eff = -nan 
queue_avg = 0.000000 


dram_util_bins: 0 0 0 0 0 0 0 0 0 0
dram_eff_bins: 0 0 0 0 0 0 0 0 0 0
mrqq: max=0 avg=0
Memory Partition 11: 
Cache L2_bank_022:
MSHR contents

Cache L2_bank_023:
MSHR contents

In Dram Latency Queue (total = 0): 
DRAM[11]: 16 bks, busW=2 BL=16 CL=24, tRRD=12 tCCD=4, tRCD=24 tRAS=55 tRP=24 tRC=78
n_cmd=52981 n_nop=52981 n_act=0 n_pre=0 n_ref_event=0 n_req=0 n_rd=0 n_rd_L2_A=0 n_write=0 n_wr_bk=0 bw_util=0
n_activity=0 dram_eff=-nan
bk0: 0a 52981i bk1: 0a 52981i bk2: 0a 52981i bk3: 0a 52981i bk4: 0a 52981i bk5: 0a 52981i bk6: 0a 52981i bk7: 0a 52981i bk8: 0a 52981i bk9: 0a 52981i bk10: 0a 52981i bk11: 0a 52981i bk12: 0a 52981i bk13: 0a 52981i bk14: 0a 52981i bk15: 0a 52981i 

------------------------------------------------------------------------

Row_Buffer_Locality = -nan
Row_Buffer_Locality_read = -nan
Row_Buffer_Locality_write = -nan
Bank_Level_Parallism = -nan
Bank_Level_Parallism_Col = -nan
Bank_Level_Parallism_Ready = -nan
write_to_read_ratio_blp_rw_average = -nan
GrpLevelPara = -nan 

BW Util details:
bwutil = 0.000000 
total_CMD = 52981 
util_bw = 0 
Wasted_Col = 0 
Wasted_Row = 0 
Idle = 52981 

BW Util Bottlenecks: 
RCDc_limit = 0 
RCDWRc_limit = 0 
WTRc_limit = 0 
RTWc_limit = 0 
CCDLc_limit = 0 
rwq = 0 
CCDLc_limit_alone = 0 
WTRc_limit_alone = 0 
RTWc_limit_alone = 0 

Commands details: 
total_CMD = 52981 
n_nop = 52981 
Read = 0 
Write = 0 
L2_Alloc = 0 
L2_WB = 0 
n_act = 0 
n_pre = 0 
n_ref = 0 
n_req = 0 
total_req = 0 

Dual Bus Interface Util: 
issued_total_row = 0 
issued_total_col = 0 
Row_Bus_Util =  0.000000 
CoL_Bus_Util = 0.000000 
Either_Row_CoL_Bus_Util = 0.000000 
Issued_on_Two_Bus_Simul_Util = 0.000000 
issued_two_Eff = -nan 
queue_avg = 0.000000 


dram_util_bins: 0 0 0 0 0 0 0 0 0 0
dram_eff_bins: 0 0 0 0 0 0 0 0 0 0
mrqq: max=0 avg=0
Memory Partition 12: 
Cache L2_bank_024:
MSHR contents

Cache L2_bank_025:
MSHR contents

In Dram Latency Queue (total = 0): 
DRAM[12]: 16 bks, busW=2 BL=16 CL=24, tRRD=12 tCCD=4, tRCD=24 tRAS=55 tRP=24 tRC=78
n_cmd=52981 n_nop=52981 n_act=0 n_pre=0 n_ref_event=0 n_req=0 n_rd=0 n_rd_L2_A=0 n_write=0 n_wr_bk=0 bw_util=0
n_activity=0 dram_eff=-nan
bk0: 0a 52981i bk1: 0a 52981i bk2: 0a 52981i bk3: 0a 52981i bk4: 0a 52981i bk5: 0a 52981i bk6: 0a 52981i bk7: 0a 52981i bk8: 0a 52981i bk9: 0a 52981i bk10: 0a 52981i bk11: 0a 52981i bk12: 0a 52981i bk13: 0a 52981i bk14: 0a 52981i bk15: 0a 52981i 

------------------------------------------------------------------------

Row_Buffer_Locality = -nan
Row_Buffer_Locality_read = -nan
Row_Buffer_Locality_write = -nan
Bank_Level_Parallism = -nan
Bank_Level_Parallism_Col = -nan
Bank_Level_Parallism_Ready = -nan
write_to_read_ratio_blp_rw_average = -nan
GrpLevelPara = -nan 

BW Util details:
bwutil = 0.000000 
total_CMD = 52981 
util_bw = 0 
Wasted_Col = 0 
Wasted_Row = 0 
Idle = 52981 

BW Util Bottlenecks: 
RCDc_limit = 0 
RCDWRc_limit = 0 
WTRc_limit = 0 
RTWc_limit = 0 
CCDLc_limit = 0 
rwq = 0 
CCDLc_limit_alone = 0 
WTRc_limit_alone = 0 
RTWc_limit_alone = 0 

Commands details: 
total_CMD = 52981 
n_nop = 52981 
Read = 0 
Write = 0 
L2_Alloc = 0 
L2_WB = 0 
n_act = 0 
n_pre = 0 
n_ref = 0 
n_req = 0 
total_req = 0 

Dual Bus Interface Util: 
issued_total_row = 0 
issued_total_col = 0 
Row_Bus_Util =  0.000000 
CoL_Bus_Util = 0.000000 
Either_Row_CoL_Bus_Util = 0.000000 
Issued_on_Two_Bus_Simul_Util = 0.000000 
issued_two_Eff = -nan 
queue_avg = 0.000000 


dram_util_bins: 0 0 0 0 0 0 0 0 0 0
dram_eff_bins: 0 0 0 0 0 0 0 0 0 0
mrqq: max=0 avg=0
Memory Partition 13: 
Cache L2_bank_026:
MSHR contents

Cache L2_bank_027:
MSHR contents

In Dram Latency Queue (total = 0): 
DRAM[13]: 16 bks, busW=2 BL=16 CL=24, tRRD=12 tCCD=4, tRCD=24 tRAS=55 tRP=24 tRC=78
n_cmd=52981 n_nop=52981 n_act=0 n_pre=0 n_ref_event=0 n_req=0 n_rd=0 n_rd_L2_A=0 n_write=0 n_wr_bk=0 bw_util=0
n_activity=0 dram_eff=-nan
bk0: 0a 52981i bk1: 0a 52981i bk2: 0a 52981i bk3: 0a 52981i bk4: 0a 52981i bk5: 0a 52981i bk6: 0a 52981i bk7: 0a 52981i bk8: 0a 52981i bk9: 0a 52981i bk10: 0a 52981i bk11: 0a 52981i bk12: 0a 52981i bk13: 0a 52981i bk14: 0a 52981i bk15: 0a 52981i 

------------------------------------------------------------------------

Row_Buffer_Locality = -nan
Row_Buffer_Locality_read = -nan
Row_Buffer_Locality_write = -nan
Bank_Level_Parallism = -nan
Bank_Level_Parallism_Col = -nan
Bank_Level_Parallism_Ready = -nan
write_to_read_ratio_blp_rw_average = -nan
GrpLevelPara = -nan 

BW Util details:
bwutil = 0.000000 
total_CMD = 52981 
util_bw = 0 
Wasted_Col = 0 
Wasted_Row = 0 
Idle = 52981 

BW Util Bottlenecks: 
RCDc_limit = 0 
RCDWRc_limit = 0 
WTRc_limit = 0 
RTWc_limit = 0 
CCDLc_limit = 0 
rwq = 0 
CCDLc_limit_alone = 0 
WTRc_limit_alone = 0 
RTWc_limit_alone = 0 

Commands details: 
total_CMD = 52981 
n_nop = 52981 
Read = 0 
Write = 0 
L2_Alloc = 0 
L2_WB = 0 
n_act = 0 
n_pre = 0 
n_ref = 0 
n_req = 0 
total_req = 0 

Dual Bus Interface Util: 
issued_total_row = 0 
issued_total_col = 0 
Row_Bus_Util =  0.000000 
CoL_Bus_Util = 0.000000 
Either_Row_CoL_Bus_Util = 0.000000 
Issued_on_Two_Bus_Simul_Util = 0.000000 
issued_two_Eff = -nan 
queue_avg = 0.000000 


dram_util_bins: 0 0 0 0 0 0 0 0 0 0
dram_eff_bins: 0 0 0 0 0 0 0 0 0 0
mrqq: max=0 avg=0
Memory Partition 14: 
Cache L2_bank_028:
MSHR contents

Cache L2_bank_029:
MSHR contents

In Dram Latency Queue (total = 0): 
DRAM[14]: 16 bks, busW=2 BL=16 CL=24, tRRD=12 tCCD=4, tRCD=24 tRAS=55 tRP=24 tRC=78
n_cmd=52981 n_nop=52981 n_act=0 n_pre=0 n_ref_event=0 n_req=0 n_rd=0 n_rd_L2_A=0 n_write=0 n_wr_bk=0 bw_util=0
n_activity=0 dram_eff=-nan
bk0: 0a 52981i bk1: 0a 52981i bk2: 0a 52981i bk3: 0a 52981i bk4: 0a 52981i bk5: 0a 52981i bk6: 0a 52981i bk7: 0a 52981i bk8: 0a 52981i bk9: 0a 52981i bk10: 0a 52981i bk11: 0a 52981i bk12: 0a 52981i bk13: 0a 52981i bk14: 0a 52981i bk15: 0a 52981i 

------------------------------------------------------------------------

Row_Buffer_Locality = -nan
Row_Buffer_Locality_read = -nan
Row_Buffer_Locality_write = -nan
Bank_Level_Parallism = -nan
Bank_Level_Parallism_Col = -nan
Bank_Level_Parallism_Ready = -nan
write_to_read_ratio_blp_rw_average = -nan
GrpLevelPara = -nan 

BW Util details:
bwutil = 0.000000 
total_CMD = 52981 
util_bw = 0 
Wasted_Col = 0 
Wasted_Row = 0 
Idle = 52981 

BW Util Bottlenecks: 
RCDc_limit = 0 
RCDWRc_limit = 0 
WTRc_limit = 0 
RTWc_limit = 0 
CCDLc_limit = 0 
rwq = 0 
CCDLc_limit_alone = 0 
WTRc_limit_alone = 0 
RTWc_limit_alone = 0 

Commands details: 
total_CMD = 52981 
n_nop = 52981 
Read = 0 
Write = 0 
L2_Alloc = 0 
L2_WB = 0 
n_act = 0 
n_pre = 0 
n_ref = 0 
n_req = 0 
total_req = 0 

Dual Bus Interface Util: 
issued_total_row = 0 
issued_total_col = 0 
Row_Bus_Util =  0.000000 
CoL_Bus_Util = 0.000000 
Either_Row_CoL_Bus_Util = 0.000000 
Issued_on_Two_Bus_Simul_Util = 0.000000 
issued_two_Eff = -nan 
queue_avg = 0.000000 


dram_util_bins: 0 0 0 0 0 0 0 0 0 0
dram_eff_bins: 0 0 0 0 0 0 0 0 0 0
mrqq: max=0 avg=0
Memory Partition 15: 
Cache L2_bank_030:
MSHR contents

Cache L2_bank_031:
MSHR contents

In Dram Latency Queue (total = 0): 
DRAM[15]: 16 bks, busW=2 BL=16 CL=24, tRRD=12 tCCD=4, tRCD=24 tRAS=55 tRP=24 tRC=78
n_cmd=52981 n_nop=52981 n_act=0 n_pre=0 n_ref_event=0 n_req=0 n_rd=0 n_rd_L2_A=0 n_write=0 n_wr_bk=0 bw_util=0
n_activity=0 dram_eff=-nan
bk0: 0a 52981i bk1: 0a 52981i bk2: 0a 52981i bk3: 0a 52981i bk4: 0a 52981i bk5: 0a 52981i bk6: 0a 52981i bk7: 0a 52981i bk8: 0a 52981i bk9: 0a 52981i bk10: 0a 52981i bk11: 0a 52981i bk12: 0a 52981i bk13: 0a 52981i bk14: 0a 52981i bk15: 0a 52981i 

------------------------------------------------------------------------

Row_Buffer_Locality = -nan
Row_Buffer_Locality_read = -nan
Row_Buffer_Locality_write = -nan
Bank_Level_Parallism = -nan
Bank_Level_Parallism_Col = -nan
Bank_Level_Parallism_Ready = -nan
write_to_read_ratio_blp_rw_average = -nan
GrpLevelPara = -nan 

BW Util details:
bwutil = 0.000000 
total_CMD = 52981 
util_bw = 0 
Wasted_Col = 0 
Wasted_Row = 0 
Idle = 52981 

BW Util Bottlenecks: 
RCDc_limit = 0 
RCDWRc_limit = 0 
WTRc_limit = 0 
RTWc_limit = 0 
CCDLc_limit = 0 
rwq = 0 
CCDLc_limit_alone = 0 
WTRc_limit_alone = 0 
RTWc_limit_alone = 0 

Commands details: 
total_CMD = 52981 
n_nop = 52981 
Read = 0 
Write = 0 
L2_Alloc = 0 
L2_WB = 0 
n_act = 0 
n_pre = 0 
n_ref = 0 
n_req = 0 
total_req = 0 

Dual Bus Interface Util: 
issued_total_row = 0 
issued_total_col = 0 
Row_Bus_Util =  0.000000 
CoL_Bus_Util = 0.000000 
Either_Row_CoL_Bus_Util = 0.000000 
Issued_on_Two_Bus_Simul_Util = 0.000000 
issued_two_Eff = -nan 
queue_avg = 0.000000 


dram_util_bins: 0 0 0 0 0 0 0 0 0 0
dram_eff_bins: 0 0 0 0 0 0 0 0 0 0
mrqq: max=0 avg=0
Memory Partition 16: 
Cache L2_bank_032:
MSHR contents

Cache L2_bank_033:
MSHR contents

In Dram Latency Queue (total = 0): 
DRAM[16]: 16 bks, busW=2 BL=16 CL=24, tRRD=12 tCCD=4, tRCD=24 tRAS=55 tRP=24 tRC=78
n_cmd=52981 n_nop=52981 n_act=0 n_pre=0 n_ref_event=0 n_req=0 n_rd=0 n_rd_L2_A=0 n_write=0 n_wr_bk=0 bw_util=0
n_activity=0 dram_eff=-nan
bk0: 0a 52981i bk1: 0a 52981i bk2: 0a 52981i bk3: 0a 52981i bk4: 0a 52981i bk5: 0a 52981i bk6: 0a 52981i bk7: 0a 52981i bk8: 0a 52981i bk9: 0a 52981i bk10: 0a 52981i bk11: 0a 52981i bk12: 0a 52981i bk13: 0a 52981i bk14: 0a 52981i bk15: 0a 52981i 

------------------------------------------------------------------------

Row_Buffer_Locality = -nan
Row_Buffer_Locality_read = -nan
Row_Buffer_Locality_write = -nan
Bank_Level_Parallism = -nan
Bank_Level_Parallism_Col = -nan
Bank_Level_Parallism_Ready = -nan
write_to_read_ratio_blp_rw_average = -nan
GrpLevelPara = -nan 

BW Util details:
bwutil = 0.000000 
total_CMD = 52981 
util_bw = 0 
Wasted_Col = 0 
Wasted_Row = 0 
Idle = 52981 

BW Util Bottlenecks: 
RCDc_limit = 0 
RCDWRc_limit = 0 
WTRc_limit = 0 
RTWc_limit = 0 
CCDLc_limit = 0 
rwq = 0 
CCDLc_limit_alone = 0 
WTRc_limit_alone = 0 
RTWc_limit_alone = 0 

Commands details: 
total_CMD = 52981 
n_nop = 52981 
Read = 0 
Write = 0 
L2_Alloc = 0 
L2_WB = 0 
n_act = 0 
n_pre = 0 
n_ref = 0 
n_req = 0 
total_req = 0 

Dual Bus Interface Util: 
issued_total_row = 0 
issued_total_col = 0 
Row_Bus_Util =  0.000000 
CoL_Bus_Util = 0.000000 
Either_Row_CoL_Bus_Util = 0.000000 
Issued_on_Two_Bus_Simul_Util = 0.000000 
issued_two_Eff = -nan 
queue_avg = 0.000000 


dram_util_bins: 0 0 0 0 0 0 0 0 0 0
dram_eff_bins: 0 0 0 0 0 0 0 0 0 0
mrqq: max=0 avg=0
Memory Partition 17: 
Cache L2_bank_034:
MSHR contents

Cache L2_bank_035:
MSHR contents

In Dram Latency Queue (total = 0): 
DRAM[17]: 16 bks, busW=2 BL=16 CL=24, tRRD=12 tCCD=4, tRCD=24 tRAS=55 tRP=24 tRC=78
n_cmd=52981 n_nop=52981 n_act=0 n_pre=0 n_ref_event=0 n_req=0 n_rd=0 n_rd_L2_A=0 n_write=0 n_wr_bk=0 bw_util=0
n_activity=0 dram_eff=-nan
bk0: 0a 52981i bk1: 0a 52981i bk2: 0a 52981i bk3: 0a 52981i bk4: 0a 52981i bk5: 0a 52981i bk6: 0a 52981i bk7: 0a 52981i bk8: 0a 52981i bk9: 0a 52981i bk10: 0a 52981i bk11: 0a 52981i bk12: 0a 52981i bk13: 0a 52981i bk14: 0a 52981i bk15: 0a 52981i 

------------------------------------------------------------------------

Row_Buffer_Locality = -nan
Row_Buffer_Locality_read = -nan
Row_Buffer_Locality_write = -nan
Bank_Level_Parallism = -nan
Bank_Level_Parallism_Col = -nan
Bank_Level_Parallism_Ready = -nan
write_to_read_ratio_blp_rw_average = -nan
GrpLevelPara = -nan 

BW Util details:
bwutil = 0.000000 
total_CMD = 52981 
util_bw = 0 
Wasted_Col = 0 
Wasted_Row = 0 
Idle = 52981 

BW Util Bottlenecks: 
RCDc_limit = 0 
RCDWRc_limit = 0 
WTRc_limit = 0 
RTWc_limit = 0 
CCDLc_limit = 0 
rwq = 0 
CCDLc_limit_alone = 0 
WTRc_limit_alone = 0 
RTWc_limit_alone = 0 

Commands details: 
total_CMD = 52981 
n_nop = 52981 
Read = 0 
Write = 0 
L2_Alloc = 0 
L2_WB = 0 
n_act = 0 
n_pre = 0 
n_ref = 0 
n_req = 0 
total_req = 0 

Dual Bus Interface Util: 
issued_total_row = 0 
issued_total_col = 0 
Row_Bus_Util =  0.000000 
CoL_Bus_Util = 0.000000 
Either_Row_CoL_Bus_Util = 0.000000 
Issued_on_Two_Bus_Simul_Util = 0.000000 
issued_two_Eff = -nan 
queue_avg = 0.000000 


dram_util_bins: 0 0 0 0 0 0 0 0 0 0
dram_eff_bins: 0 0 0 0 0 0 0 0 0 0
mrqq: max=0 avg=0
Memory Partition 18: 
Cache L2_bank_036:
MSHR contents

Cache L2_bank_037:
MSHR contents

In Dram Latency Queue (total = 0): 
DRAM[18]: 16 bks, busW=2 BL=16 CL=24, tRRD=12 tCCD=4, tRCD=24 tRAS=55 tRP=24 tRC=78
n_cmd=52981 n_nop=52981 n_act=0 n_pre=0 n_ref_event=0 n_req=0 n_rd=0 n_rd_L2_A=0 n_write=0 n_wr_bk=0 bw_util=0
n_activity=0 dram_eff=-nan
bk0: 0a 52981i bk1: 0a 52981i bk2: 0a 52981i bk3: 0a 52981i bk4: 0a 52981i bk5: 0a 52981i bk6: 0a 52981i bk7: 0a 52981i bk8: 0a 52981i bk9: 0a 52981i bk10: 0a 52981i bk11: 0a 52981i bk12: 0a 52981i bk13: 0a 52981i bk14: 0a 52981i bk15: 0a 52981i 

------------------------------------------------------------------------

Row_Buffer_Locality = -nan
Row_Buffer_Locality_read = -nan
Row_Buffer_Locality_write = -nan
Bank_Level_Parallism = -nan
Bank_Level_Parallism_Col = -nan
Bank_Level_Parallism_Ready = -nan
write_to_read_ratio_blp_rw_average = -nan
GrpLevelPara = -nan 

BW Util details:
bwutil = 0.000000 
total_CMD = 52981 
util_bw = 0 
Wasted_Col = 0 
Wasted_Row = 0 
Idle = 52981 

BW Util Bottlenecks: 
RCDc_limit = 0 
RCDWRc_limit = 0 
WTRc_limit = 0 
RTWc_limit = 0 
CCDLc_limit = 0 
rwq = 0 
CCDLc_limit_alone = 0 
WTRc_limit_alone = 0 
RTWc_limit_alone = 0 

Commands details: 
total_CMD = 52981 
n_nop = 52981 
Read = 0 
Write = 0 
L2_Alloc = 0 
L2_WB = 0 
n_act = 0 
n_pre = 0 
n_ref = 0 
n_req = 0 
total_req = 0 

Dual Bus Interface Util: 
issued_total_row = 0 
issued_total_col = 0 
Row_Bus_Util =  0.000000 
CoL_Bus_Util = 0.000000 
Either_Row_CoL_Bus_Util = 0.000000 
Issued_on_Two_Bus_Simul_Util = 0.000000 
issued_two_Eff = -nan 
queue_avg = 0.000000 


dram_util_bins: 0 0 0 0 0 0 0 0 0 0
dram_eff_bins: 0 0 0 0 0 0 0 0 0 0
mrqq: max=0 avg=0
Memory Partition 19: 
Cache L2_bank_038:
MSHR contents

Cache L2_bank_039:
MSHR contents

In Dram Latency Queue (total = 0): 
DRAM[19]: 16 bks, busW=2 BL=16 CL=24, tRRD=12 tCCD=4, tRCD=24 tRAS=55 tRP=24 tRC=78
n_cmd=52981 n_nop=52981 n_act=0 n_pre=0 n_ref_event=0 n_req=0 n_rd=0 n_rd_L2_A=0 n_write=0 n_wr_bk=0 bw_util=0
n_activity=0 dram_eff=-nan
bk0: 0a 52981i bk1: 0a 52981i bk2: 0a 52981i bk3: 0a 52981i bk4: 0a 52981i bk5: 0a 52981i bk6: 0a 52981i bk7: 0a 52981i bk8: 0a 52981i bk9: 0a 52981i bk10: 0a 52981i bk11: 0a 52981i bk12: 0a 52981i bk13: 0a 52981i bk14: 0a 52981i bk15: 0a 52981i 

------------------------------------------------------------------------

Row_Buffer_Locality = -nan
Row_Buffer_Locality_read = -nan
Row_Buffer_Locality_write = -nan
Bank_Level_Parallism = -nan
Bank_Level_Parallism_Col = -nan
Bank_Level_Parallism_Ready = -nan
write_to_read_ratio_blp_rw_average = -nan
GrpLevelPara = -nan 

BW Util details:
bwutil = 0.000000 
total_CMD = 52981 
util_bw = 0 
Wasted_Col = 0 
Wasted_Row = 0 
Idle = 52981 

BW Util Bottlenecks: 
RCDc_limit = 0 
RCDWRc_limit = 0 
WTRc_limit = 0 
RTWc_limit = 0 
CCDLc_limit = 0 
rwq = 0 
CCDLc_limit_alone = 0 
WTRc_limit_alone = 0 
RTWc_limit_alone = 0 

Commands details: 
total_CMD = 52981 
n_nop = 52981 
Read = 0 
Write = 0 
L2_Alloc = 0 
L2_WB = 0 
n_act = 0 
n_pre = 0 
n_ref = 0 
n_req = 0 
total_req = 0 

Dual Bus Interface Util: 
issued_total_row = 0 
issued_total_col = 0 
Row_Bus_Util =  0.000000 
CoL_Bus_Util = 0.000000 
Either_Row_CoL_Bus_Util = 0.000000 
Issued_on_Two_Bus_Simul_Util = 0.000000 
issued_two_Eff = -nan 
queue_avg = 0.000000 


dram_util_bins: 0 0 0 0 0 0 0 0 0 0
dram_eff_bins: 0 0 0 0 0 0 0 0 0 0
mrqq: max=0 avg=0
Memory Partition 20: 
Cache L2_bank_040:
MSHR contents

Cache L2_bank_041:
MSHR contents

In Dram Latency Queue (total = 0): 
DRAM[20]: 16 bks, busW=2 BL=16 CL=24, tRRD=12 tCCD=4, tRCD=24 tRAS=55 tRP=24 tRC=78
n_cmd=52981 n_nop=52981 n_act=0 n_pre=0 n_ref_event=0 n_req=0 n_rd=0 n_rd_L2_A=0 n_write=0 n_wr_bk=0 bw_util=0
n_activity=0 dram_eff=-nan
bk0: 0a 52981i bk1: 0a 52981i bk2: 0a 52981i bk3: 0a 52981i bk4: 0a 52981i bk5: 0a 52981i bk6: 0a 52981i bk7: 0a 52981i bk8: 0a 52981i bk9: 0a 52981i bk10: 0a 52981i bk11: 0a 52981i bk12: 0a 52981i bk13: 0a 52981i bk14: 0a 52981i bk15: 0a 52981i 

------------------------------------------------------------------------

Row_Buffer_Locality = -nan
Row_Buffer_Locality_read = -nan
Row_Buffer_Locality_write = -nan
Bank_Level_Parallism = -nan
Bank_Level_Parallism_Col = -nan
Bank_Level_Parallism_Ready = -nan
write_to_read_ratio_blp_rw_average = -nan
GrpLevelPara = -nan 

BW Util details:
bwutil = 0.000000 
total_CMD = 52981 
util_bw = 0 
Wasted_Col = 0 
Wasted_Row = 0 
Idle = 52981 

BW Util Bottlenecks: 
RCDc_limit = 0 
RCDWRc_limit = 0 
WTRc_limit = 0 
RTWc_limit = 0 
CCDLc_limit = 0 
rwq = 0 
CCDLc_limit_alone = 0 
WTRc_limit_alone = 0 
RTWc_limit_alone = 0 

Commands details: 
total_CMD = 52981 
n_nop = 52981 
Read = 0 
Write = 0 
L2_Alloc = 0 
L2_WB = 0 
n_act = 0 
n_pre = 0 
n_ref = 0 
n_req = 0 
total_req = 0 

Dual Bus Interface Util: 
issued_total_row = 0 
issued_total_col = 0 
Row_Bus_Util =  0.000000 
CoL_Bus_Util = 0.000000 
Either_Row_CoL_Bus_Util = 0.000000 
Issued_on_Two_Bus_Simul_Util = 0.000000 
issued_two_Eff = -nan 
queue_avg = 0.000000 


dram_util_bins: 0 0 0 0 0 0 0 0 0 0
dram_eff_bins: 0 0 0 0 0 0 0 0 0 0
mrqq: max=0 avg=0
Memory Partition 21: 
Cache L2_bank_042:
MSHR contents

Cache L2_bank_043:
MSHR contents

In Dram Latency Queue (total = 0): 
DRAM[21]: 16 bks, busW=2 BL=16 CL=24, tRRD=12 tCCD=4, tRCD=24 tRAS=55 tRP=24 tRC=78
n_cmd=52981 n_nop=52981 n_act=0 n_pre=0 n_ref_event=0 n_req=0 n_rd=0 n_rd_L2_A=0 n_write=0 n_wr_bk=0 bw_util=0
n_activity=0 dram_eff=-nan
bk0: 0a 52981i bk1: 0a 52981i bk2: 0a 52981i bk3: 0a 52981i bk4: 0a 52981i bk5: 0a 52981i bk6: 0a 52981i bk7: 0a 52981i bk8: 0a 52981i bk9: 0a 52981i bk10: 0a 52981i bk11: 0a 52981i bk12: 0a 52981i bk13: 0a 52981i bk14: 0a 52981i bk15: 0a 52981i 

------------------------------------------------------------------------

Row_Buffer_Locality = -nan
Row_Buffer_Locality_read = -nan
Row_Buffer_Locality_write = -nan
Bank_Level_Parallism = -nan
Bank_Level_Parallism_Col = -nan
Bank_Level_Parallism_Ready = -nan
write_to_read_ratio_blp_rw_average = -nan
GrpLevelPara = -nan 

BW Util details:
bwutil = 0.000000 
total_CMD = 52981 
util_bw = 0 
Wasted_Col = 0 
Wasted_Row = 0 
Idle = 52981 

BW Util Bottlenecks: 
RCDc_limit = 0 
RCDWRc_limit = 0 
WTRc_limit = 0 
RTWc_limit = 0 
CCDLc_limit = 0 
rwq = 0 
CCDLc_limit_alone = 0 
WTRc_limit_alone = 0 
RTWc_limit_alone = 0 

Commands details: 
total_CMD = 52981 
n_nop = 52981 
Read = 0 
Write = 0 
L2_Alloc = 0 
L2_WB = 0 
n_act = 0 
n_pre = 0 
n_ref = 0 
n_req = 0 
total_req = 0 

Dual Bus Interface Util: 
issued_total_row = 0 
issued_total_col = 0 
Row_Bus_Util =  0.000000 
CoL_Bus_Util = 0.000000 
Either_Row_CoL_Bus_Util = 0.000000 
Issued_on_Two_Bus_Simul_Util = 0.000000 
issued_two_Eff = -nan 
queue_avg = 0.000000 


dram_util_bins: 0 0 0 0 0 0 0 0 0 0
dram_eff_bins: 0 0 0 0 0 0 0 0 0 0
mrqq: max=0 avg=0
Memory Partition 22: 
Cache L2_bank_044:
MSHR contents

Cache L2_bank_045:
MSHR contents

In Dram Latency Queue (total = 0): 
DRAM[22]: 16 bks, busW=2 BL=16 CL=24, tRRD=12 tCCD=4, tRCD=24 tRAS=55 tRP=24 tRC=78
n_cmd=52981 n_nop=52981 n_act=0 n_pre=0 n_ref_event=0 n_req=0 n_rd=0 n_rd_L2_A=0 n_write=0 n_wr_bk=0 bw_util=0
n_activity=0 dram_eff=-nan
bk0: 0a 52981i bk1: 0a 52981i bk2: 0a 52981i bk3: 0a 52981i bk4: 0a 52981i bk5: 0a 52981i bk6: 0a 52981i bk7: 0a 52981i bk8: 0a 52981i bk9: 0a 52981i bk10: 0a 52981i bk11: 0a 52981i bk12: 0a 52981i bk13: 0a 52981i bk14: 0a 52981i bk15: 0a 52981i 

------------------------------------------------------------------------

Row_Buffer_Locality = -nan
Row_Buffer_Locality_read = -nan
Row_Buffer_Locality_write = -nan
Bank_Level_Parallism = -nan
Bank_Level_Parallism_Col = -nan
Bank_Level_Parallism_Ready = -nan
write_to_read_ratio_blp_rw_average = -nan
GrpLevelPara = -nan 

BW Util details:
bwutil = 0.000000 
total_CMD = 52981 
util_bw = 0 
Wasted_Col = 0 
Wasted_Row = 0 
Idle = 52981 

BW Util Bottlenecks: 
RCDc_limit = 0 
RCDWRc_limit = 0 
WTRc_limit = 0 
RTWc_limit = 0 
CCDLc_limit = 0 
rwq = 0 
CCDLc_limit_alone = 0 
WTRc_limit_alone = 0 
RTWc_limit_alone = 0 

Commands details: 
total_CMD = 52981 
n_nop = 52981 
Read = 0 
Write = 0 
L2_Alloc = 0 
L2_WB = 0 
n_act = 0 
n_pre = 0 
n_ref = 0 
n_req = 0 
total_req = 0 

Dual Bus Interface Util: 
issued_total_row = 0 
issued_total_col = 0 
Row_Bus_Util =  0.000000 
CoL_Bus_Util = 0.000000 
Either_Row_CoL_Bus_Util = 0.000000 
Issued_on_Two_Bus_Simul_Util = 0.000000 
issued_two_Eff = -nan 
queue_avg = 0.000000 


dram_util_bins: 0 0 0 0 0 0 0 0 0 0
dram_eff_bins: 0 0 0 0 0 0 0 0 0 0
mrqq: max=0 avg=0
Memory Partition 23: 
Cache L2_bank_046:
MSHR contents

Cache L2_bank_047:
MSHR contents

In Dram Latency Queue (total = 0): 
DRAM[23]: 16 bks, busW=2 BL=16 CL=24, tRRD=12 tCCD=4, tRCD=24 tRAS=55 tRP=24 tRC=78
n_cmd=52981 n_nop=52981 n_act=0 n_pre=0 n_ref_event=0 n_req=0 n_rd=0 n_rd_L2_A=0 n_write=0 n_wr_bk=0 bw_util=0
n_activity=0 dram_eff=-nan
bk0: 0a 52981i bk1: 0a 52981i bk2: 0a 52981i bk3: 0a 52981i bk4: 0a 52981i bk5: 0a 52981i bk6: 0a 52981i bk7: 0a 52981i bk8: 0a 52981i bk9: 0a 52981i bk10: 0a 52981i bk11: 0a 52981i bk12: 0a 52981i bk13: 0a 52981i bk14: 0a 52981i bk15: 0a 52981i 

------------------------------------------------------------------------

Row_Buffer_Locality = -nan
Row_Buffer_Locality_read = -nan
Row_Buffer_Locality_write = -nan
Bank_Level_Parallism = -nan
Bank_Level_Parallism_Col = -nan
Bank_Level_Parallism_Ready = -nan
write_to_read_ratio_blp_rw_average = -nan
GrpLevelPara = -nan 

BW Util details:
bwutil = 0.000000 
total_CMD = 52981 
util_bw = 0 
Wasted_Col = 0 
Wasted_Row = 0 
Idle = 52981 

BW Util Bottlenecks: 
RCDc_limit = 0 
RCDWRc_limit = 0 
WTRc_limit = 0 
RTWc_limit = 0 
CCDLc_limit = 0 
rwq = 0 
CCDLc_limit_alone = 0 
WTRc_limit_alone = 0 
RTWc_limit_alone = 0 

Commands details: 
total_CMD = 52981 
n_nop = 52981 
Read = 0 
Write = 0 
L2_Alloc = 0 
L2_WB = 0 
n_act = 0 
n_pre = 0 
n_ref = 0 
n_req = 0 
total_req = 0 

Dual Bus Interface Util: 
issued_total_row = 0 
issued_total_col = 0 
Row_Bus_Util =  0.000000 
CoL_Bus_Util = 0.000000 
Either_Row_CoL_Bus_Util = 0.000000 
Issued_on_Two_Bus_Simul_Util = 0.000000 
issued_two_Eff = -nan 
queue_avg = 0.000000 


dram_util_bins: 0 0 0 0 0 0 0 0 0 0
dram_eff_bins: 0 0 0 0 0 0 0 0 0 0
mrqq: max=0 avg=0

========= L2 cache stats =========
L2_cache_bank[0]: Access = 228, Miss = 48, Miss_rate = 0.211, Pending_hits = 0, Reservation_fails = 0
L2_cache_bank[1]: Access = 228, Miss = 48, Miss_rate = 0.211, Pending_hits = 0, Reservation_fails = 0
L2_cache_bank[2]: Access = 228, Miss = 48, Miss_rate = 0.211, Pending_hits = 0, Reservation_fails = 0
L2_cache_bank[3]: Access = 228, Miss = 48, Miss_rate = 0.211, Pending_hits = 0, Reservation_fails = 0
L2_cache_bank[4]: Access = 228, Miss = 48, Miss_rate = 0.211, Pending_hits = 0, Reservation_fails = 0
L2_cache_bank[5]: Access = 228, Miss = 48, Miss_rate = 0.211, Pending_hits = 0, Reservation_fails = 0
L2_cache_bank[6]: Access = 228, Miss = 48, Miss_rate = 0.211, Pending_hits = 0, Reservation_fails = 0
L2_cache_bank[7]: Access = 228, Miss = 48, Miss_rate = 0.211, Pending_hits = 0, Reservation_fails = 0
L2_cache_bank[8]: Access = 228, Miss = 48, Miss_rate = 0.211, Pending_hits = 0, Reservation_fails = 0
L2_cache_bank[9]: Access = 228, Miss = 48, Miss_rate = 0.211, Pending_hits = 0, Reservation_fails = 0
L2_cache_bank[10]: Access = 228, Miss = 48, Miss_rate = 0.211, Pending_hits = 0, Reservation_fails = 0
L2_cache_bank[11]: Access = 228, Miss = 48, Miss_rate = 0.211, Pending_hits = 0, Reservation_fails = 0
L2_cache_bank[12]: Access = 228, Miss = 48, Miss_rate = 0.211, Pending_hits = 0, Reservation_fails = 0
L2_cache_bank[13]: Access = 228, Miss = 48, Miss_rate = 0.211, Pending_hits = 0, Reservation_fails = 0
L2_cache_bank[14]: Access = 228, Miss = 48, Miss_rate = 0.211, Pending_hits = 0, Reservation_fails = 0
L2_cache_bank[15]: Access = 228, Miss = 48, Miss_rate = 0.211, Pending_hits = 0, Reservation_fails = 0
L2_cache_bank[16]: Access = 168, Miss = 28, Miss_rate = 0.167, Pending_hits = 0, Reservation_fails = 0
L2_cache_bank[17]: Access = 168, Miss = 28, Miss_rate = 0.167, Pending_hits = 0, Reservation_fails = 0
L2_cache_bank[18]: Access = 168, Miss = 28, Miss_rate = 0.167, Pending_hits = 0, Reservation_fails = 0
L2_cache_bank[19]: Access = 168, Miss = 28, Miss_rate = 0.167, Pending_hits = 0, Reservation_fails = 0
L2_cache_bank[20]: Access = 168, Miss = 28, Miss_rate = 0.167, Pending_hits = 0, Reservation_fails = 0
L2_cache_bank[21]: Access = 168, Miss = 28, Miss_rate = 0.167, Pending_hits = 0, Reservation_fails = 0
L2_cache_bank[22]: Access = 168, Miss = 28, Miss_rate = 0.167, Pending_hits = 0, Reservation_fails = 0
L2_cache_bank[23]: Access = 168, Miss = 28, Miss_rate = 0.167, Pending_hits = 0, Reservation_fails = 0
L2_cache_bank[24]: Access = 168, Miss = 28, Miss_rate = 0.167, Pending_hits = 0, Reservation_fails = 0
L2_cache_bank[25]: Access = 168, Miss = 28, Miss_rate = 0.167, Pending_hits = 0, Reservation_fails = 0
L2_cache_bank[26]: Access = 168, Miss = 28, Miss_rate = 0.167, Pending_hits = 0, Reservation_fails = 0
L2_cache_bank[27]: Access = 168, Miss = 28, Miss_rate = 0.167, Pending_hits = 0, Reservation_fails = 0
L2_cache_bank[28]: Access = 168, Miss = 28, Miss_rate = 0.167, Pending_hits = 0, Reservation_fails = 0
L2_cache_bank[29]: Access = 168, Miss = 28, Miss_rate = 0.167, Pending_hits = 0, Reservation_fails = 0
L2_cache_bank[30]: Access = 168, Miss = 28, Miss_rate = 0.167, Pending_hits = 0, Reservation_fails = 0
L2_cache_bank[31]: Access = 168, Miss = 28, Miss_rate = 0.167, Pending_hits = 0, Reservation_fails = 0
L2_cache_bank[32]: Access = 96, Miss = 8, Miss_rate = 0.083, Pending_hits = 0, Reservation_fails = 0
L2_cache_bank[33]: Access = 96, Miss = 8, Miss_rate = 0.083, Pending_hits = 0, Reservation_fails = 0
L2_cache_bank[34]: Access = 96, Miss = 8, Miss_rate = 0.083, Pending_hits = 0, Reservation_fails = 0
L2_cache_bank[35]: Access = 96, Miss = 8, Miss_rate = 0.083, Pending_hits = 0, Reservation_fails = 0
L2_cache_bank[36]: Access = 96, Miss = 8, Miss_rate = 0.083, Pending_hits = 0, Reservation_fails = 0
L2_cache_bank[37]: Access = 96, Miss = 8, Miss_rate = 0.083, Pending_hits = 0, Reservation_fails = 0
L2_cache_bank[38]: Access = 96, Miss = 8, Miss_rate = 0.083, Pending_hits = 0, Reservation_fails = 0
L2_cache_bank[39]: Access = 96, Miss = 8, Miss_rate = 0.083, Pending_hits = 0, Reservation_fails = 0
L2_cache_bank[40]: Access = 96, Miss = 4, Miss_rate = 0.042, Pending_hits = 0, Reservation_fails = 0
L2_cache_bank[41]: Access = 96, Miss = 4, Miss_rate = 0.042, Pending_hits = 0, Reservation_fails = 0
L2_cache_bank[42]: Access = 96, Miss = 4, Miss_rate = 0.042, Pending_hits = 0, Reservation_fails = 0
L2_cache_bank[43]: Access = 96, Miss = 4, Miss_rate = 0.042, Pending_hits = 0, Reservation_fails = 0
L2_cache_bank[44]: Access = 96, Miss = 4, Miss_rate = 0.042, Pending_hits = 0, Reservation_fails = 0
L2_cache_bank[45]: Access = 96, Miss = 4, Miss_rate = 0.042, Pending_hits = 0, Reservation_fails = 0
L2_cache_bank[46]: Access = 96, Miss = 4, Miss_rate = 0.042, Pending_hits = 0, Reservation_fails = 0
L2_cache_bank[47]: Access = 96, Miss = 4, Miss_rate = 0.042, Pending_hits = 0, Reservation_fails = 0
L2_total_cache_accesses = 7872
L2_total_cache_misses = 1312
L2_total_cache_miss_rate = 0.1667
L2_total_cache_pending_hits = 0
L2_total_cache_reservation_fails = 0
L2_total_cache_breakdown:
	L2_cache_stats_breakdown[GLOBAL_ACC_R][HIT] = 2624
	L2_cache_stats_breakdown[GLOBAL_ACC_R][HIT_RESERVED] = 0
	L2_cache_stats_breakdown[GLOBAL_ACC_R][MISS] = 0
	L2_cache_stats_breakdown[GLOBAL_ACC_R][RESERVATION_FAIL] = 0
	L2_cache_stats_breakdown[GLOBAL_ACC_R][SECTOR_MISS] = 0
	L2_cache_stats_breakdown[GLOBAL_ACC_R][MSHR_HIT] = 0
	L2_cache_stats_breakdown[LOCAL_ACC_R][HIT] = 0
	L2_cache_stats_breakdown[LOCAL_ACC_R][HIT_RESERVED] = 0
	L2_cache_stats_breakdown[LOCAL_ACC_R][MISS] = 0
	L2_cache_stats_breakdown[LOCAL_ACC_R][RESERVATION_FAIL] = 0
	L2_cache_stats_breakdown[LOCAL_ACC_R][SECTOR_MISS] = 0
	L2_cache_stats_breakdown[LOCAL_ACC_R][MSHR_HIT] = 0
	L2_cache_stats_breakdown[CONST_ACC_R][HIT] = 0
	L2_cache_stats_breakdown[CONST_ACC_R][HIT_RESERVED] = 0
	L2_cache_stats_breakdown[CONST_ACC_R][MISS] = 0
	L2_cache_stats_breakdown[CONST_ACC_R][RESERVATION_FAIL] = 0
	L2_cache_stats_breakdown[CONST_ACC_R][SECTOR_MISS] = 0
	L2_cache_stats_breakdown[CONST_ACC_R][MSHR_HIT] = 0
	L2_cache_stats_breakdown[TEXTURE_ACC_R][HIT] = 0
	L2_cache_stats_breakdown[TEXTURE_ACC_R][HIT_RESERVED] = 0
	L2_cache_stats_breakdown[TEXTURE_ACC_R][MISS] = 0
	L2_cache_stats_breakdown[TEXTURE_ACC_R][RESERVATION_FAIL] = 0
	L2_cache_stats_breakdown[TEXTURE_ACC_R][SECTOR_MISS] = 0
	L2_cache_stats_breakdown[TEXTURE_ACC_R][MSHR_HIT] = 0
	L2_cache_stats_breakdown[GLOBAL_ACC_W][HIT] = 1312
	L2_cache_stats_breakdown[GLOBAL_ACC_W][HIT_RESERVED] = 0
	L2_cache_stats_breakdown[GLOBAL_ACC_W][MISS] = 328
	L2_cache_stats_breakdown[GLOBAL_ACC_W][RESERVATION_FAIL] = 0
	L2_cache_stats_breakdown[GLOBAL_ACC_W][SECTOR_MISS] = 984
	L2_cache_stats_breakdown[GLOBAL_ACC_W][MSHR_HIT] = 0
	L2_cache_stats_breakdown[LOCAL_ACC_W][HIT] = 0
	L2_cache_stats_breakdown[LOCAL_ACC_W][HIT_RESERVED] = 0
	L2_cache_stats_breakdown[LOCAL_ACC_W][MISS] = 0
	L2_cache_stats_breakdown[LOCAL_ACC_W][RESERVATION_FAIL] = 0
	L2_cache_stats_breakdown[LOCAL_ACC_W][SECTOR_MISS] = 0
	L2_cache_stats_breakdown[LOCAL_ACC_W][MSHR_HIT] = 0
	L2_cache_stats_breakdown[L1_WRBK_ACC][HIT] = 0
	L2_cache_stats_breakdown[L1_WRBK_ACC][HIT_RESERVED] = 0
	L2_cache_stats_breakdown[L1_WRBK_ACC][MISS] = 0
	L2_cache_stats_breakdown[L1_WRBK_ACC][RESERVATION_FAIL] = 0
	L2_cache_stats_breakdown[L1_WRBK_ACC][SECTOR_MISS] = 0
	L2_cache_stats_breakdown[L1_WRBK_ACC][MSHR_HIT] = 0
	L2_cache_stats_breakdown[L2_WRBK_ACC][HIT] = 0
	L2_cache_stats_breakdown[L2_WRBK_ACC][HIT_RESERVED] = 0
	L2_cache_stats_breakdown[L2_WRBK_ACC][MISS] = 0
	L2_cache_stats_breakdown[L2_WRBK_ACC][RESERVATION_FAIL] = 0
	L2_cache_stats_breakdown[L2_WRBK_ACC][SECTOR_MISS] = 0
	L2_cache_stats_breakdown[L2_WRBK_ACC][MSHR_HIT] = 0
	L2_cache_stats_breakdown[INST_ACC_R][HIT] = 0
	L2_cache_stats_breakdown[INST_ACC_R][HIT_RESERVED] = 0
	L2_cache_stats_breakdown[INST_ACC_R][MISS] = 0
	L2_cache_stats_breakdown[INST_ACC_R][RESERVATION_FAIL] = 0
	L2_cache_stats_breakdown[INST_ACC_R][SECTOR_MISS] = 0
	L2_cache_stats_breakdown[INST_ACC_R][MSHR_HIT] = 0
	L2_cache_stats_breakdown[L1_WR_ALLOC_R][HIT] = 0
	L2_cache_stats_breakdown[L1_WR_ALLOC_R][HIT_RESERVED] = 0
	L2_cache_stats_breakdown[L1_WR_ALLOC_R][MISS] = 0
	L2_cache_stats_breakdown[L1_WR_ALLOC_R][RESERVATION_FAIL] = 0
	L2_cache_stats_breakdown[L1_WR_ALLOC_R][SECTOR_MISS] = 0
	L2_cache_stats_breakdown[L1_WR_ALLOC_R][MSHR_HIT] = 0
	L2_cache_stats_breakdown[L2_WR_ALLOC_R][HIT] = 0
	L2_cache_stats_breakdown[L2_WR_ALLOC_R][HIT_RESERVED] = 0
	L2_cache_stats_breakdown[L2_WR_ALLOC_R][MISS] = 0
	L2_cache_stats_breakdown[L2_WR_ALLOC_R][RESERVATION_FAIL] = 0
	L2_cache_stats_breakdown[L2_WR_ALLOC_R][SECTOR_MISS] = 0
	L2_cache_stats_breakdown[L2_WR_ALLOC_R][MSHR_HIT] = 0
	L2_cache_stats_breakdown[GLOBAL_ACC_R][TOTAL_ACCESS] = 2624
	L2_cache_stats_breakdown[GLOBAL_ACC_W][TOTAL_ACCESS] = 2624
L2_total_cache_reservation_fail_breakdown:
L2_cache_data_port_util = 0.008
L2_cache_fill_port_util = 0.000

icnt_total_pkts_mem_to_simt=7872
icnt_total_pkts_simt_to_mem=7872
LD_mem_lat_dist  0 0 0 0 0 0 0 0 0 0 0 0 0 0 0 0 0 0 0 0 0 0 0 0 0 0 0
ST_mem_lat_dist  0 0 0 0 0 0 0 0 0 0 0 0 0 0 0 0 0 0 0 0 0 0 0 0 0 0 0
----------------------------Interconnect-DETAILS--------------------------------
Req_Network_injected_packets_num = 7872
Req_Network_cycles = 17108
Req_Network_injected_packets_per_cycle =       0.4601 
Req_Network_conflicts_per_cycle =       0.5255
Req_Network_conflicts_per_cycle_util =      26.0580
Req_Bank_Level_Parallism =      22.8174
Req_Network_in_buffer_full_per_cycle =       0.0000
Req_Network_in_buffer_avg_util =       0.0446
Req_Network_out_buffer_full_per_cycle =       0.0000
Req_Network_out_buffer_avg_util =       0.0096

Reply_Network_injected_packets_num = 7872
Reply_Network_cycles = 17108
Reply_Network_injected_packets_per_cycle =        0.4601
Reply_Network_conflicts_per_cycle =        0.0226
Reply_Network_conflicts_per_cycle_util =       1.1156
Reply_Bank_Level_Parallism =      22.7514
Reply_Network_in_buffer_full_per_cycle =       0.0000
Reply_Network_in_buffer_avg_util =       0.0011
Reply_Network_out_buffer_full_per_cycle =       0.0000
Reply_Network_out_buffer_avg_util =       0.0056
----------------------------END-of-Interconnect-DETAILS-------------------------


gpgpu_simulation_time = 0 days, 0 hrs, 0 min, 6 sec (6 sec)
gpgpu_simulation_rate = 167936 (inst/sec)
gpgpu_simulation_rate = 2851 (cycle/sec)
gpgpu_silicon_slowdown = 594528x
GPGPU-Sim: synchronize waiting for inactive GPU simulation
GPGPU-Sim API: Stream Manager State
GPGPU-Sim: detected inactive GPU simulation thread
GPGPU-Sim PTX: Setting up arguments for 8 bytes starting at 0x7ffe0f169e30..
GPGPU-Sim PTX: Setting up arguments for 8 bytes starting at 0x7ffe0f169e38..
GPGPU-Sim PTX: Setting up arguments for 4 bytes starting at 0x7ffe0f169df8..
GPGPU-Sim PTX: Setting up arguments for 4 bytes starting at 0x7ffe0f169dfc..

GPGPU-Sim PTX: cudaLaunch for 0x0x55c1c88f1b50 (mode=performance simulation) on stream 0
GPGPU-Sim PTX: PDOM analysis already done for _Z10bsmm_stagePKfPfii 
GPGPU-Sim PTX: pushing kernel '_Z10bsmm_stagePKfPfii' to stream 0, gridDim= (82,1,1) blockDim = (128,1,1) 
GPGPU-Sim uArch: Shader 0 bind to kernel 4 '_Z10bsmm_stagePKfPfii'
GPGPU-Sim: Reconfigure L1 cache to 128KB
GPGPU-Sim uArch: Shader 1 bind to kernel 4 '_Z10bsmm_stagePKfPfii'
GPGPU-Sim uArch: Shader 2 bind to kernel 4 '_Z10bsmm_stagePKfPfii'
GPGPU-Sim uArch: Shader 3 bind to kernel 4 '_Z10bsmm_stagePKfPfii'
GPGPU-Sim uArch: Shader 4 bind to kernel 4 '_Z10bsmm_stagePKfPfii'
GPGPU-Sim uArch: Shader 5 bind to kernel 4 '_Z10bsmm_stagePKfPfii'
GPGPU-Sim uArch: Shader 6 bind to kernel 4 '_Z10bsmm_stagePKfPfii'
GPGPU-Sim uArch: Shader 7 bind to kernel 4 '_Z10bsmm_stagePKfPfii'
GPGPU-Sim uArch: Shader 8 bind to kernel 4 '_Z10bsmm_stagePKfPfii'
GPGPU-Sim uArch: Shader 9 bind to kernel 4 '_Z10bsmm_stagePKfPfii'
GPGPU-Sim uArch: Shader 10 bind to kernel 4 '_Z10bsmm_stagePKfPfii'
GPGPU-Sim uArch: Shader 11 bind to kernel 4 '_Z10bsmm_stagePKfPfii'
GPGPU-Sim uArch: Shader 12 bind to kernel 4 '_Z10bsmm_stagePKfPfii'
GPGPU-Sim uArch: Shader 13 bind to kernel 4 '_Z10bsmm_stagePKfPfii'
GPGPU-Sim uArch: Shader 14 bind to kernel 4 '_Z10bsmm_stagePKfPfii'
GPGPU-Sim uArch: Shader 15 bind to kernel 4 '_Z10bsmm_stagePKfPfii'
GPGPU-Sim uArch: Shader 16 bind to kernel 4 '_Z10bsmm_stagePKfPfii'
GPGPU-Sim uArch: Shader 17 bind to kernel 4 '_Z10bsmm_stagePKfPfii'
GPGPU-Sim uArch: Shader 18 bind to kernel 4 '_Z10bsmm_stagePKfPfii'
GPGPU-Sim uArch: Shader 19 bind to kernel 4 '_Z10bsmm_stagePKfPfii'
GPGPU-Sim uArch: Shader 20 bind to kernel 4 '_Z10bsmm_stagePKfPfii'
GPGPU-Sim uArch: Shader 21 bind to kernel 4 '_Z10bsmm_stagePKfPfii'
GPGPU-Sim uArch: Shader 22 bind to kernel 4 '_Z10bsmm_stagePKfPfii'
GPGPU-Sim uArch: Shader 23 bind to kernel 4 '_Z10bsmm_stagePKfPfii'
GPGPU-Sim uArch: Shader 24 bind to kernel 4 '_Z10bsmm_stagePKfPfii'
GPGPU-Sim uArch: Shader 25 bind to kernel 4 '_Z10bsmm_stagePKfPfii'
GPGPU-Sim uArch: Shader 26 bind to kernel 4 '_Z10bsmm_stagePKfPfii'
GPGPU-Sim uArch: Shader 27 bind to kernel 4 '_Z10bsmm_stagePKfPfii'
GPGPU-Sim uArch: Shader 28 bind to kernel 4 '_Z10bsmm_stagePKfPfii'
GPGPU-Sim uArch: Shader 29 bind to kernel 4 '_Z10bsmm_stagePKfPfii'
GPGPU-Sim uArch: Shader 30 bind to kernel 4 '_Z10bsmm_stagePKfPfii'
GPGPU-Sim uArch: Shader 31 bind to kernel 4 '_Z10bsmm_stagePKfPfii'
GPGPU-Sim uArch: Shader 32 bind to kernel 4 '_Z10bsmm_stagePKfPfii'
GPGPU-Sim uArch: Shader 33 bind to kernel 4 '_Z10bsmm_stagePKfPfii'
GPGPU-Sim uArch: Shader 34 bind to kernel 4 '_Z10bsmm_stagePKfPfii'
GPGPU-Sim uArch: Shader 35 bind to kernel 4 '_Z10bsmm_stagePKfPfii'
GPGPU-Sim uArch: Shader 36 bind to kernel 4 '_Z10bsmm_stagePKfPfii'
GPGPU-Sim uArch: Shader 37 bind to kernel 4 '_Z10bsmm_stagePKfPfii'
GPGPU-Sim uArch: Shader 38 bind to kernel 4 '_Z10bsmm_stagePKfPfii'
GPGPU-Sim uArch: Shader 39 bind to kernel 4 '_Z10bsmm_stagePKfPfii'
GPGPU-Sim uArch: Shader 40 bind to kernel 4 '_Z10bsmm_stagePKfPfii'
GPGPU-Sim uArch: Shader 41 bind to kernel 4 '_Z10bsmm_stagePKfPfii'
GPGPU-Sim uArch: Shader 42 bind to kernel 4 '_Z10bsmm_stagePKfPfii'
GPGPU-Sim uArch: Shader 43 bind to kernel 4 '_Z10bsmm_stagePKfPfii'
GPGPU-Sim uArch: Shader 44 bind to kernel 4 '_Z10bsmm_stagePKfPfii'
GPGPU-Sim uArch: Shader 45 bind to kernel 4 '_Z10bsmm_stagePKfPfii'
GPGPU-Sim uArch: Shader 46 bind to kernel 4 '_Z10bsmm_stagePKfPfii'
GPGPU-Sim uArch: Shader 47 bind to kernel 4 '_Z10bsmm_stagePKfPfii'
GPGPU-Sim uArch: Shader 48 bind to kernel 4 '_Z10bsmm_stagePKfPfii'
GPGPU-Sim uArch: Shader 49 bind to kernel 4 '_Z10bsmm_stagePKfPfii'
GPGPU-Sim uArch: Shader 50 bind to kernel 4 '_Z10bsmm_stagePKfPfii'
GPGPU-Sim uArch: Shader 51 bind to kernel 4 '_Z10bsmm_stagePKfPfii'
GPGPU-Sim uArch: Shader 52 bind to kernel 4 '_Z10bsmm_stagePKfPfii'
GPGPU-Sim uArch: Shader 53 bind to kernel 4 '_Z10bsmm_stagePKfPfii'
GPGPU-Sim uArch: Shader 54 bind to kernel 4 '_Z10bsmm_stagePKfPfii'
GPGPU-Sim uArch: Shader 55 bind to kernel 4 '_Z10bsmm_stagePKfPfii'
GPGPU-Sim uArch: Shader 56 bind to kernel 4 '_Z10bsmm_stagePKfPfii'
GPGPU-Sim uArch: Shader 57 bind to kernel 4 '_Z10bsmm_stagePKfPfii'
GPGPU-Sim uArch: Shader 58 bind to kernel 4 '_Z10bsmm_stagePKfPfii'
GPGPU-Sim uArch: Shader 59 bind to kernel 4 '_Z10bsmm_stagePKfPfii'
GPGPU-Sim uArch: Shader 60 bind to kernel 4 '_Z10bsmm_stagePKfPfii'
GPGPU-Sim uArch: Shader 61 bind to kernel 4 '_Z10bsmm_stagePKfPfii'
GPGPU-Sim uArch: Shader 62 bind to kernel 4 '_Z10bsmm_stagePKfPfii'
GPGPU-Sim uArch: Shader 63 bind to kernel 4 '_Z10bsmm_stagePKfPfii'
GPGPU-Sim uArch: Shader 64 bind to kernel 4 '_Z10bsmm_stagePKfPfii'
GPGPU-Sim uArch: Shader 65 bind to kernel 4 '_Z10bsmm_stagePKfPfii'
GPGPU-Sim uArch: Shader 66 bind to kernel 4 '_Z10bsmm_stagePKfPfii'
GPGPU-Sim uArch: Shader 67 bind to kernel 4 '_Z10bsmm_stagePKfPfii'
GPGPU-Sim uArch: Shader 68 bind to kernel 4 '_Z10bsmm_stagePKfPfii'
GPGPU-Sim uArch: Shader 69 bind to kernel 4 '_Z10bsmm_stagePKfPfii'
GPGPU-Sim uArch: Shader 70 bind to kernel 4 '_Z10bsmm_stagePKfPfii'
GPGPU-Sim uArch: Shader 71 bind to kernel 4 '_Z10bsmm_stagePKfPfii'
GPGPU-Sim uArch: Shader 72 bind to kernel 4 '_Z10bsmm_stagePKfPfii'
GPGPU-Sim uArch: Shader 73 bind to kernel 4 '_Z10bsmm_stagePKfPfii'
GPGPU-Sim uArch: Shader 74 bind to kernel 4 '_Z10bsmm_stagePKfPfii'
GPGPU-Sim uArch: Shader 75 bind to kernel 4 '_Z10bsmm_stagePKfPfii'
GPGPU-Sim uArch: Shader 76 bind to kernel 4 '_Z10bsmm_stagePKfPfii'
GPGPU-Sim uArch: Shader 77 bind to kernel 4 '_Z10bsmm_stagePKfPfii'
GPGPU-Sim uArch: Shader 78 bind to kernel 4 '_Z10bsmm_stagePKfPfii'
GPGPU-Sim uArch: Shader 79 bind to kernel 4 '_Z10bsmm_stagePKfPfii'
GPGPU-Sim uArch: Shader 80 bind to kernel 4 '_Z10bsmm_stagePKfPfii'
GPGPU-Sim uArch: Shader 81 bind to kernel 4 '_Z10bsmm_stagePKfPfii'
Destroy streams for kernel 4: size 0
kernel_name = _Z10bsmm_stagePKfPfii 
kernel_launch_uid = 4 
kernel_stream_id = 140455600392288
gpu_sim_cycle = 5704
gpu_sim_insn = 335872
gpu_ipc =      58.8836
gpu_tot_sim_cycle = 22812
gpu_tot_sim_insn = 1343488
gpu_tot_ipc =      58.8939
gpu_tot_issued_cta = 328
gpu_occupancy = 8.1489% 
gpu_tot_occupancy = 8.1461% 
max_total_param_size = 0
gpu_stall_dramfull = 0
gpu_stall_icnt2sh    = 0
partiton_level_parallism =       0.4600
partiton_level_parallism_total  =       0.4601
partiton_level_parallism_util =      19.8788
partiton_level_parallism_util_total  =      22.0042
L2_BW  =      24.9519 GB/Sec
L2_BW_total  =      24.9563 GB/Sec
gpu_total_sim_rate=191926

========= Core cache stats =========
L1I_cache:
	L1I_total_cache_accesses = 0
	L1I_total_cache_misses = 0
	L1I_total_cache_pending_hits = 0
	L1I_total_cache_reservation_fails = 0
L1D_cache:
	L1D_cache_core[0]: Access = 192, Miss = 128, Miss_rate = 0.667, Pending_hits = 0, Reservation_fails = 0
	L1D_cache_core[1]: Access = 192, Miss = 128, Miss_rate = 0.667, Pending_hits = 0, Reservation_fails = 0
	L1D_cache_core[2]: Access = 192, Miss = 128, Miss_rate = 0.667, Pending_hits = 0, Reservation_fails = 0
	L1D_cache_core[3]: Access = 192, Miss = 128, Miss_rate = 0.667, Pending_hits = 0, Reservation_fails = 0
	L1D_cache_core[4]: Access = 192, Miss = 128, Miss_rate = 0.667, Pending_hits = 0, Reservation_fails = 0
	L1D_cache_core[5]: Access = 192, Miss = 128, Miss_rate = 0.667, Pending_hits = 0, Reservation_fails = 0
	L1D_cache_core[6]: Access = 192, Miss = 128, Miss_rate = 0.667, Pending_hits = 0, Reservation_fails = 0
	L1D_cache_core[7]: Access = 192, Miss = 128, Miss_rate = 0.667, Pending_hits = 0, Reservation_fails = 0
	L1D_cache_core[8]: Access = 192, Miss = 128, Miss_rate = 0.667, Pending_hits = 0, Reservation_fails = 0
	L1D_cache_core[9]: Access = 192, Miss = 128, Miss_rate = 0.667, Pending_hits = 0, Reservation_fails = 0
	L1D_cache_core[10]: Access = 192, Miss = 128, Miss_rate = 0.667, Pending_hits = 0, Reservation_fails = 0
	L1D_cache_core[11]: Access = 192, Miss = 128, Miss_rate = 0.667, Pending_hits = 0, Reservation_fails = 0
	L1D_cache_core[12]: Access = 192, Miss = 128, Miss_rate = 0.667, Pending_hits = 0, Reservation_fails = 0
	L1D_cache_core[13]: Access = 192, Miss = 128, Miss_rate = 0.667, Pending_hits = 0, Reservation_fails = 0
	L1D_cache_core[14]: Access = 192, Miss = 128, Miss_rate = 0.667, Pending_hits = 0, Reservation_fails = 0
	L1D_cache_core[15]: Access = 192, Miss = 128, Miss_rate = 0.667, Pending_hits = 0, Reservation_fails = 0
	L1D_cache_core[16]: Access = 192, Miss = 128, Miss_rate = 0.667, Pending_hits = 0, Reservation_fails = 0
	L1D_cache_core[17]: Access = 192, Miss = 128, Miss_rate = 0.667, Pending_hits = 0, Reservation_fails = 0
	L1D_cache_core[18]: Access = 192, Miss = 128, Miss_rate = 0.667, Pending_hits = 0, Reservation_fails = 0
	L1D_cache_core[19]: Access = 192, Miss = 128, Miss_rate = 0.667, Pending_hits = 0, Reservation_fails = 0
	L1D_cache_core[20]: Access = 192, Miss = 128, Miss_rate = 0.667, Pending_hits = 0, Reservation_fails = 0
	L1D_cache_core[21]: Access = 192, Miss = 128, Miss_rate = 0.667, Pending_hits = 0, Reservation_fails = 0
	L1D_cache_core[22]: Access = 192, Miss = 128, Miss_rate = 0.667, Pending_hits = 0, Reservation_fails = 0
	L1D_cache_core[23]: Access = 192, Miss = 128, Miss_rate = 0.667, Pending_hits = 0, Reservation_fails = 0
	L1D_cache_core[24]: Access = 192, Miss = 128, Miss_rate = 0.667, Pending_hits = 0, Reservation_fails = 0
	L1D_cache_core[25]: Access = 192, Miss = 128, Miss_rate = 0.667, Pending_hits = 0, Reservation_fails = 0
	L1D_cache_core[26]: Access = 192, Miss = 128, Miss_rate = 0.667, Pending_hits = 0, Reservation_fails = 0
	L1D_cache_core[27]: Access = 192, Miss = 128, Miss_rate = 0.667, Pending_hits = 0, Reservation_fails = 0
	L1D_cache_core[28]: Access = 192, Miss = 128, Miss_rate = 0.667, Pending_hits = 0, Reservation_fails = 0
	L1D_cache_core[29]: Access = 192, Miss = 128, Miss_rate = 0.667, Pending_hits = 0, Reservation_fails = 0
	L1D_cache_core[30]: Access = 192, Miss = 128, Miss_rate = 0.667, Pending_hits = 0, Reservation_fails = 0
	L1D_cache_core[31]: Access = 192, Miss = 128, Miss_rate = 0.667, Pending_hits = 0, Reservation_fails = 0
	L1D_cache_core[32]: Access = 192, Miss = 128, Miss_rate = 0.667, Pending_hits = 0, Reservation_fails = 0
	L1D_cache_core[33]: Access = 192, Miss = 128, Miss_rate = 0.667, Pending_hits = 0, Reservation_fails = 0
	L1D_cache_core[34]: Access = 192, Miss = 128, Miss_rate = 0.667, Pending_hits = 0, Reservation_fails = 0
	L1D_cache_core[35]: Access = 192, Miss = 128, Miss_rate = 0.667, Pending_hits = 0, Reservation_fails = 0
	L1D_cache_core[36]: Access = 192, Miss = 128, Miss_rate = 0.667, Pending_hits = 0, Reservation_fails = 0
	L1D_cache_core[37]: Access = 192, Miss = 128, Miss_rate = 0.667, Pending_hits = 0, Reservation_fails = 0
	L1D_cache_core[38]: Access = 192, Miss = 128, Miss_rate = 0.667, Pending_hits = 0, Reservation_fails = 0
	L1D_cache_core[39]: Access = 192, Miss = 128, Miss_rate = 0.667, Pending_hits = 0, Reservation_fails = 0
	L1D_cache_core[40]: Access = 192, Miss = 128, Miss_rate = 0.667, Pending_hits = 0, Reservation_fails = 0
	L1D_cache_core[41]: Access = 192, Miss = 128, Miss_rate = 0.667, Pending_hits = 0, Reservation_fails = 0
	L1D_cache_core[42]: Access = 192, Miss = 128, Miss_rate = 0.667, Pending_hits = 0, Reservation_fails = 0
	L1D_cache_core[43]: Access = 192, Miss = 128, Miss_rate = 0.667, Pending_hits = 0, Reservation_fails = 0
	L1D_cache_core[44]: Access = 192, Miss = 128, Miss_rate = 0.667, Pending_hits = 0, Reservation_fails = 0
	L1D_cache_core[45]: Access = 192, Miss = 128, Miss_rate = 0.667, Pending_hits = 0, Reservation_fails = 0
	L1D_cache_core[46]: Access = 192, Miss = 128, Miss_rate = 0.667, Pending_hits = 0, Reservation_fails = 0
	L1D_cache_core[47]: Access = 192, Miss = 128, Miss_rate = 0.667, Pending_hits = 0, Reservation_fails = 0
	L1D_cache_core[48]: Access = 192, Miss = 128, Miss_rate = 0.667, Pending_hits = 0, Reservation_fails = 0
	L1D_cache_core[49]: Access = 192, Miss = 128, Miss_rate = 0.667, Pending_hits = 0, Reservation_fails = 0
	L1D_cache_core[50]: Access = 192, Miss = 128, Miss_rate = 0.667, Pending_hits = 0, Reservation_fails = 0
	L1D_cache_core[51]: Access = 192, Miss = 128, Miss_rate = 0.667, Pending_hits = 0, Reservation_fails = 0
	L1D_cache_core[52]: Access = 192, Miss = 128, Miss_rate = 0.667, Pending_hits = 0, Reservation_fails = 0
	L1D_cache_core[53]: Access = 192, Miss = 128, Miss_rate = 0.667, Pending_hits = 0, Reservation_fails = 0
	L1D_cache_core[54]: Access = 192, Miss = 128, Miss_rate = 0.667, Pending_hits = 0, Reservation_fails = 0
	L1D_cache_core[55]: Access = 192, Miss = 128, Miss_rate = 0.667, Pending_hits = 0, Reservation_fails = 0
	L1D_cache_core[56]: Access = 192, Miss = 128, Miss_rate = 0.667, Pending_hits = 0, Reservation_fails = 0
	L1D_cache_core[57]: Access = 192, Miss = 128, Miss_rate = 0.667, Pending_hits = 0, Reservation_fails = 0
	L1D_cache_core[58]: Access = 192, Miss = 128, Miss_rate = 0.667, Pending_hits = 0, Reservation_fails = 0
	L1D_cache_core[59]: Access = 192, Miss = 128, Miss_rate = 0.667, Pending_hits = 0, Reservation_fails = 0
	L1D_cache_core[60]: Access = 192, Miss = 128, Miss_rate = 0.667, Pending_hits = 0, Reservation_fails = 0
	L1D_cache_core[61]: Access = 192, Miss = 128, Miss_rate = 0.667, Pending_hits = 0, Reservation_fails = 0
	L1D_cache_core[62]: Access = 192, Miss = 128, Miss_rate = 0.667, Pending_hits = 0, Reservation_fails = 0
	L1D_cache_core[63]: Access = 192, Miss = 128, Miss_rate = 0.667, Pending_hits = 0, Reservation_fails = 0
	L1D_cache_core[64]: Access = 192, Miss = 128, Miss_rate = 0.667, Pending_hits = 0, Reservation_fails = 0
	L1D_cache_core[65]: Access = 192, Miss = 128, Miss_rate = 0.667, Pending_hits = 0, Reservation_fails = 0
	L1D_cache_core[66]: Access = 192, Miss = 128, Miss_rate = 0.667, Pending_hits = 0, Reservation_fails = 0
	L1D_cache_core[67]: Access = 192, Miss = 128, Miss_rate = 0.667, Pending_hits = 0, Reservation_fails = 0
	L1D_cache_core[68]: Access = 192, Miss = 128, Miss_rate = 0.667, Pending_hits = 0, Reservation_fails = 0
	L1D_cache_core[69]: Access = 192, Miss = 128, Miss_rate = 0.667, Pending_hits = 0, Reservation_fails = 0
	L1D_cache_core[70]: Access = 192, Miss = 128, Miss_rate = 0.667, Pending_hits = 0, Reservation_fails = 0
	L1D_cache_core[71]: Access = 192, Miss = 128, Miss_rate = 0.667, Pending_hits = 0, Reservation_fails = 0
	L1D_cache_core[72]: Access = 192, Miss = 128, Miss_rate = 0.667, Pending_hits = 0, Reservation_fails = 0
	L1D_cache_core[73]: Access = 192, Miss = 128, Miss_rate = 0.667, Pending_hits = 0, Reservation_fails = 0
	L1D_cache_core[74]: Access = 192, Miss = 128, Miss_rate = 0.667, Pending_hits = 0, Reservation_fails = 0
	L1D_cache_core[75]: Access = 192, Miss = 128, Miss_rate = 0.667, Pending_hits = 0, Reservation_fails = 0
	L1D_cache_core[76]: Access = 192, Miss = 128, Miss_rate = 0.667, Pending_hits = 0, Reservation_fails = 0
	L1D_cache_core[77]: Access = 192, Miss = 128, Miss_rate = 0.667, Pending_hits = 0, Reservation_fails = 0
	L1D_cache_core[78]: Access = 192, Miss = 128, Miss_rate = 0.667, Pending_hits = 0, Reservation_fails = 0
	L1D_cache_core[79]: Access = 192, Miss = 128, Miss_rate = 0.667, Pending_hits = 0, Reservation_fails = 0
	L1D_cache_core[80]: Access = 192, Miss = 128, Miss_rate = 0.667, Pending_hits = 0, Reservation_fails = 0
	L1D_cache_core[81]: Access = 192, Miss = 128, Miss_rate = 0.667, Pending_hits = 0, Reservation_fails = 0
	L1D_total_cache_accesses = 15744
	L1D_total_cache_misses = 10496
	L1D_total_cache_miss_rate = 0.6667
	L1D_total_cache_pending_hits = 0
	L1D_total_cache_reservation_fails = 0
	L1D_cache_data_port_util = 0.023
	L1D_cache_fill_port_util = 0.023
L1C_cache:
	L1C_total_cache_accesses = 0
	L1C_total_cache_misses = 0
	L1C_total_cache_pending_hits = 0
	L1C_total_cache_reservation_fails = 0
L1T_cache:
	L1T_total_cache_accesses = 0
	L1T_total_cache_misses = 0
	L1T_total_cache_pending_hits = 0
	L1T_total_cache_reservation_fails = 0

Total_core_cache_stats:
	Total_core_cache_stats_breakdown[GLOBAL_ACC_R][HIT] = 1312
	Total_core_cache_stats_breakdown[GLOBAL_ACC_R][HIT_RESERVED] = 0
	Total_core_cache_stats_breakdown[GLOBAL_ACC_R][MISS] = 328
	Total_core_cache_stats_breakdown[GLOBAL_ACC_R][RESERVATION_FAIL] = 0
	Total_core_cache_stats_breakdown[GLOBAL_ACC_R][SECTOR_MISS] = 984
	Total_core_cache_stats_breakdown[GLOBAL_ACC_R][MSHR_HIT] = 0
	Total_core_cache_stats_breakdown[LOCAL_ACC_R][HIT] = 0
	Total_core_cache_stats_breakdown[LOCAL_ACC_R][HIT_RESERVED] = 0
	Total_core_cache_stats_breakdown[LOCAL_ACC_R][MISS] = 0
	Total_core_cache_stats_breakdown[LOCAL_ACC_R][RESERVATION_FAIL] = 0
	Total_core_cache_stats_breakdown[LOCAL_ACC_R][SECTOR_MISS] = 0
	Total_core_cache_stats_breakdown[LOCAL_ACC_R][MSHR_HIT] = 0
	Total_core_cache_stats_breakdown[CONST_ACC_R][HIT] = 0
	Total_core_cache_stats_breakdown[CONST_ACC_R][HIT_RESERVED] = 0
	Total_core_cache_stats_breakdown[CONST_ACC_R][MISS] = 0
	Total_core_cache_stats_breakdown[CONST_ACC_R][RESERVATION_FAIL] = 0
	Total_core_cache_stats_breakdown[CONST_ACC_R][SECTOR_MISS] = 0
	Total_core_cache_stats_breakdown[CONST_ACC_R][MSHR_HIT] = 0
	Total_core_cache_stats_breakdown[TEXTURE_ACC_R][HIT] = 0
	Total_core_cache_stats_breakdown[TEXTURE_ACC_R][HIT_RESERVED] = 0
	Total_core_cache_stats_breakdown[TEXTURE_ACC_R][MISS] = 0
	Total_core_cache_stats_breakdown[TEXTURE_ACC_R][RESERVATION_FAIL] = 0
	Total_core_cache_stats_breakdown[TEXTURE_ACC_R][SECTOR_MISS] = 0
	Total_core_cache_stats_breakdown[TEXTURE_ACC_R][MSHR_HIT] = 0
	Total_core_cache_stats_breakdown[GLOBAL_ACC_W][HIT] = 0
	Total_core_cache_stats_breakdown[GLOBAL_ACC_W][HIT_RESERVED] = 0
	Total_core_cache_stats_breakdown[GLOBAL_ACC_W][MISS] = 328
	Total_core_cache_stats_breakdown[GLOBAL_ACC_W][RESERVATION_FAIL] = 0
	Total_core_cache_stats_breakdown[GLOBAL_ACC_W][SECTOR_MISS] = 984
	Total_core_cache_stats_breakdown[GLOBAL_ACC_W][MSHR_HIT] = 0
	Total_core_cache_stats_breakdown[LOCAL_ACC_W][HIT] = 0
	Total_core_cache_stats_breakdown[LOCAL_ACC_W][HIT_RESERVED] = 0
	Total_core_cache_stats_breakdown[LOCAL_ACC_W][MISS] = 0
	Total_core_cache_stats_breakdown[LOCAL_ACC_W][RESERVATION_FAIL] = 0
	Total_core_cache_stats_breakdown[LOCAL_ACC_W][SECTOR_MISS] = 0
	Total_core_cache_stats_breakdown[LOCAL_ACC_W][MSHR_HIT] = 0
	Total_core_cache_stats_breakdown[L1_WRBK_ACC][HIT] = 0
	Total_core_cache_stats_breakdown[L1_WRBK_ACC][HIT_RESERVED] = 0
	Total_core_cache_stats_breakdown[L1_WRBK_ACC][MISS] = 0
	Total_core_cache_stats_breakdown[L1_WRBK_ACC][RESERVATION_FAIL] = 0
	Total_core_cache_stats_breakdown[L1_WRBK_ACC][SECTOR_MISS] = 0
	Total_core_cache_stats_breakdown[L1_WRBK_ACC][MSHR_HIT] = 0
	Total_core_cache_stats_breakdown[L2_WRBK_ACC][HIT] = 0
	Total_core_cache_stats_breakdown[L2_WRBK_ACC][HIT_RESERVED] = 0
	Total_core_cache_stats_breakdown[L2_WRBK_ACC][MISS] = 0
	Total_core_cache_stats_breakdown[L2_WRBK_ACC][RESERVATION_FAIL] = 0
	Total_core_cache_stats_breakdown[L2_WRBK_ACC][SECTOR_MISS] = 0
	Total_core_cache_stats_breakdown[L2_WRBK_ACC][MSHR_HIT] = 0
	Total_core_cache_stats_breakdown[INST_ACC_R][HIT] = 0
	Total_core_cache_stats_breakdown[INST_ACC_R][HIT_RESERVED] = 0
	Total_core_cache_stats_breakdown[INST_ACC_R][MISS] = 0
	Total_core_cache_stats_breakdown[INST_ACC_R][RESERVATION_FAIL] = 0
	Total_core_cache_stats_breakdown[INST_ACC_R][SECTOR_MISS] = 0
	Total_core_cache_stats_breakdown[INST_ACC_R][MSHR_HIT] = 0
	Total_core_cache_stats_breakdown[L1_WR_ALLOC_R][HIT] = 0
	Total_core_cache_stats_breakdown[L1_WR_ALLOC_R][HIT_RESERVED] = 0
	Total_core_cache_stats_breakdown[L1_WR_ALLOC_R][MISS] = 0
	Total_core_cache_stats_breakdown[L1_WR_ALLOC_R][RESERVATION_FAIL] = 0
	Total_core_cache_stats_breakdown[L1_WR_ALLOC_R][SECTOR_MISS] = 0
	Total_core_cache_stats_breakdown[L1_WR_ALLOC_R][MSHR_HIT] = 0
	Total_core_cache_stats_breakdown[L2_WR_ALLOC_R][HIT] = 0
	Total_core_cache_stats_breakdown[L2_WR_ALLOC_R][HIT_RESERVED] = 0
	Total_core_cache_stats_breakdown[L2_WR_ALLOC_R][MISS] = 0
	Total_core_cache_stats_breakdown[L2_WR_ALLOC_R][RESERVATION_FAIL] = 0
	Total_core_cache_stats_breakdown[L2_WR_ALLOC_R][SECTOR_MISS] = 0
	Total_core_cache_stats_breakdown[L2_WR_ALLOC_R][MSHR_HIT] = 0
	Total_core_cache_stats_breakdown[GLOBAL_ACC_R][TOTAL_ACCESS] = 2624
	Total_core_cache_stats_breakdown[GLOBAL_ACC_W][TOTAL_ACCESS] = 1312

Total_core_cache_fail_stats:
ctas_completed 328, Shader 0 warp_id issue ditsribution:
warp_id:
0, 1, 2, 3, 
distro:
132, 132, 132, 132, 
gpgpu_n_tot_thrd_icount = 1385472
gpgpu_n_tot_w_icount = 43296
gpgpu_n_stall_shd_mem = 0
gpgpu_n_mem_read_local = 0
gpgpu_n_mem_write_local = 0
gpgpu_n_mem_read_global = 5248
gpgpu_n_mem_write_global = 5248
gpgpu_n_mem_texture = 0
gpgpu_n_mem_const = 0
gpgpu_n_load_insn  = 83968
gpgpu_n_store_insn = 41984
gpgpu_n_shmem_insn = 0
gpgpu_n_sstarr_insn = 0
gpgpu_n_tex_insn = 0
gpgpu_n_const_mem_insn = 0
gpgpu_n_param_mem_insn = 167936
gpgpu_n_shmem_bkconflict = 0
gpgpu_n_l1cache_bkconflict = 0
gpgpu_n_intrawarp_mshr_merge = 0
gpgpu_n_cmem_portconflict = 0
gpgpu_stall_shd_mem[c_mem][resource_stall] = 0
gpgpu_stall_shd_mem[s_mem][bk_conf] = 0
gpgpu_stall_shd_mem[gl_mem][resource_stall] = 0
gpgpu_stall_shd_mem[gl_mem][coal_stall] = 0
gpgpu_stall_shd_mem[gl_mem][data_port_stall] = 0
gpu_reg_bank_conflict_stalls = 0
Warp Occupancy Distribution:
Stall:4306	W0_Idle:343324	W0_Scoreboard:504002	W1:0	W2:0	W3:0	W4:0	W5:0	W6:0	W7:0	W8:0	W9:0	W10:0	W11:0	W12:0	W13:0	W14:0	W15:0	W16:0	W17:0	W18:0	W19:0	W20:0	W21:0	W22:0	W23:0	W24:0	W25:0	W26:0	W27:0	W28:0	W29:0	W30:0	W31:0	W32:43296
single_issue_nums: WS0:10824	WS1:10824	WS2:10824	WS3:10824	
dual_issue_nums: WS0:0	WS1:0	WS2:0	WS3:0	
traffic_breakdown_coretomem[GLOBAL_ACC_R] = 41984 {8:5248,}
traffic_breakdown_coretomem[GLOBAL_ACC_W] = 209920 {40:5248,}
traffic_breakdown_memtocore[GLOBAL_ACC_R] = 209920 {40:5248,}
traffic_breakdown_memtocore[GLOBAL_ACC_W] = 41984 {8:5248,}
maxmflatency = 295 
max_icnt2mem_latency = 103 
maxmrqlatency = 0 
max_icnt2sh_latency = 6 
averagemflatency = 246 
avg_icnt2mem_latency = 61 
avg_icnt2sh_latency = 2 
mrq_lat_table:0 	0 	0 	0 	0 	0 	0 	0 	0 	0 	0 	0 	0 	0 	0 	0 	0 	0 	0 	0 	0 	0 	0 	0 	0 	0 	0 	0 	0 	0 	0 	0 	
dq_lat_table:0 	0 	0 	0 	0 	0 	0 	0 	0 	0 	0 	0 	0 	0 	0 	0 	0 	0 	0 	0 	0 	0 	0 	0 	0 	0 	0 	0 	0 	0 	0 	0 	
mf_lat_table:0 	0 	0 	0 	0 	0 	0 	8516 	1980 	0 	0 	0 	0 	0 	0 	0 	0 	0 	0 	0 	0 	0 	0 	0 	0 	0 	0 	0 	0 	0 	0 	0 	
icnt2mem_lat_table:0 	0 	0 	0 	0 	8380 	2116 	0 	0 	0 	0 	0 	0 	0 	0 	0 	0 	0 	0 	0 	0 	0 	0 	0 	
icnt2sh_lat_table:0 	10412 	84 	0 	0 	0 	0 	0 	0 	0 	0 	0 	0 	0 	0 	0 	0 	0 	0 	0 	0 	0 	0 	0 	
mf_lat_pw_table:0 	0 	0 	0 	0 	0 	0 	7 	0 	0 	0 	0 	0 	0 	0 	0 	0 	0 	0 	0 	0 	0 	0 	0 	0 	0 	0 	0 	0 	0 	0 	0 	
maximum concurrent accesses to same row:
dram[0]:         0         0         0         0         0         0         0         0         0         0         0         0         0         0         0         0 
dram[1]:         0         0         0         0         0         0         0         0         0         0         0         0         0         0         0         0 
dram[2]:         0         0         0         0         0         0         0         0         0         0         0         0         0         0         0         0 
dram[3]:         0         0         0         0         0         0         0         0         0         0         0         0         0         0         0         0 
dram[4]:         0         0         0         0         0         0         0         0         0         0         0         0         0         0         0         0 
dram[5]:         0         0         0         0         0         0         0         0         0         0         0         0         0         0         0         0 
dram[6]:         0         0         0         0         0         0         0         0         0         0         0         0         0         0         0         0 
dram[7]:         0         0         0         0         0         0         0         0         0         0         0         0         0         0         0         0 
dram[8]:         0         0         0         0         0         0         0         0         0         0         0         0         0         0         0         0 
dram[9]:         0         0         0         0         0         0         0         0         0         0         0         0         0         0         0         0 
dram[10]:         0         0         0         0         0         0         0         0         0         0         0         0         0         0         0         0 
dram[11]:         0         0         0         0         0         0         0         0         0         0         0         0         0         0         0         0 
dram[12]:         0         0         0         0         0         0         0         0         0         0         0         0         0         0         0         0 
dram[13]:         0         0         0         0         0         0         0         0         0         0         0         0         0         0         0         0 
dram[14]:         0         0         0         0         0         0         0         0         0         0         0         0         0         0         0         0 
dram[15]:         0         0         0         0         0         0         0         0         0         0         0         0         0         0         0         0 
dram[16]:         0         0         0         0         0         0         0         0         0         0         0         0         0         0         0         0 
dram[17]:         0         0         0         0         0         0         0         0         0         0         0         0         0         0         0         0 
dram[18]:         0         0         0         0         0         0         0         0         0         0         0         0         0         0         0         0 
dram[19]:         0         0         0         0         0         0         0         0         0         0         0         0         0         0         0         0 
dram[20]:         0         0         0         0         0         0         0         0         0         0         0         0         0         0         0         0 
dram[21]:         0         0         0         0         0         0         0         0         0         0         0         0         0         0         0         0 
dram[22]:         0         0         0         0         0         0         0         0         0         0         0         0         0         0         0         0 
dram[23]:         0         0         0         0         0         0         0         0         0         0         0         0         0         0         0         0 
maximum service time to same row:
dram[0]:         0         0         0         0         0         0         0         0         0         0         0         0         0         0         0         0 
dram[1]:         0         0         0         0         0         0         0         0         0         0         0         0         0         0         0         0 
dram[2]:         0         0         0         0         0         0         0         0         0         0         0         0         0         0         0         0 
dram[3]:         0         0         0         0         0         0         0         0         0         0         0         0         0         0         0         0 
dram[4]:         0         0         0         0         0         0         0         0         0         0         0         0         0         0         0         0 
dram[5]:         0         0         0         0         0         0         0         0         0         0         0         0         0         0         0         0 
dram[6]:         0         0         0         0         0         0         0         0         0         0         0         0         0         0         0         0 
dram[7]:         0         0         0         0         0         0         0         0         0         0         0         0         0         0         0         0 
dram[8]:         0         0         0         0         0         0         0         0         0         0         0         0         0         0         0         0 
dram[9]:         0         0         0         0         0         0         0         0         0         0         0         0         0         0         0         0 
dram[10]:         0         0         0         0         0         0         0         0         0         0         0         0         0         0         0         0 
dram[11]:         0         0         0         0         0         0         0         0         0         0         0         0         0         0         0         0 
dram[12]:         0         0         0         0         0         0         0         0         0         0         0         0         0         0         0         0 
dram[13]:         0         0         0         0         0         0         0         0         0         0         0         0         0         0         0         0 
dram[14]:         0         0         0         0         0         0         0         0         0         0         0         0         0         0         0         0 
dram[15]:         0         0         0         0         0         0         0         0         0         0         0         0         0         0         0         0 
dram[16]:         0         0         0         0         0         0         0         0         0         0         0         0         0         0         0         0 
dram[17]:         0         0         0         0         0         0         0         0         0         0         0         0         0         0         0         0 
dram[18]:         0         0         0         0         0         0         0         0         0         0         0         0         0         0         0         0 
dram[19]:         0         0         0         0         0         0         0         0         0         0         0         0         0         0         0         0 
dram[20]:         0         0         0         0         0         0         0         0         0         0         0         0         0         0         0         0 
dram[21]:         0         0         0         0         0         0         0         0         0         0         0         0         0         0         0         0 
dram[22]:         0         0         0         0         0         0         0         0         0         0         0         0         0         0         0         0 
dram[23]:         0         0         0         0         0         0         0         0         0         0         0         0         0         0         0         0 
average row accesses per activate:
dram[0]:      -nan      -nan      -nan      -nan      -nan      -nan      -nan      -nan      -nan      -nan      -nan      -nan      -nan      -nan      -nan      -nan 
dram[1]:      -nan      -nan      -nan      -nan      -nan      -nan      -nan      -nan      -nan      -nan      -nan      -nan      -nan      -nan      -nan      -nan 
dram[2]:      -nan      -nan      -nan      -nan      -nan      -nan      -nan      -nan      -nan      -nan      -nan      -nan      -nan      -nan      -nan      -nan 
dram[3]:      -nan      -nan      -nan      -nan      -nan      -nan      -nan      -nan      -nan      -nan      -nan      -nan      -nan      -nan      -nan      -nan 
dram[4]:      -nan      -nan      -nan      -nan      -nan      -nan      -nan      -nan      -nan      -nan      -nan      -nan      -nan      -nan      -nan      -nan 
dram[5]:      -nan      -nan      -nan      -nan      -nan      -nan      -nan      -nan      -nan      -nan      -nan      -nan      -nan      -nan      -nan      -nan 
dram[6]:      -nan      -nan      -nan      -nan      -nan      -nan      -nan      -nan      -nan      -nan      -nan      -nan      -nan      -nan      -nan      -nan 
dram[7]:      -nan      -nan      -nan      -nan      -nan      -nan      -nan      -nan      -nan      -nan      -nan      -nan      -nan      -nan      -nan      -nan 
dram[8]:      -nan      -nan      -nan      -nan      -nan      -nan      -nan      -nan      -nan      -nan      -nan      -nan      -nan      -nan      -nan      -nan 
dram[9]:      -nan      -nan      -nan      -nan      -nan      -nan      -nan      -nan      -nan      -nan      -nan      -nan      -nan      -nan      -nan      -nan 
dram[10]:      -nan      -nan      -nan      -nan      -nan      -nan      -nan      -nan      -nan      -nan      -nan      -nan      -nan      -nan      -nan      -nan 
dram[11]:      -nan      -nan      -nan      -nan      -nan      -nan      -nan      -nan      -nan      -nan      -nan      -nan      -nan      -nan      -nan      -nan 
dram[12]:      -nan      -nan      -nan      -nan      -nan      -nan      -nan      -nan      -nan      -nan      -nan      -nan      -nan      -nan      -nan      -nan 
dram[13]:      -nan      -nan      -nan      -nan      -nan      -nan      -nan      -nan      -nan      -nan      -nan      -nan      -nan      -nan      -nan      -nan 
dram[14]:      -nan      -nan      -nan      -nan      -nan      -nan      -nan      -nan      -nan      -nan      -nan      -nan      -nan      -nan      -nan      -nan 
dram[15]:      -nan      -nan      -nan      -nan      -nan      -nan      -nan      -nan      -nan      -nan      -nan      -nan      -nan      -nan      -nan      -nan 
dram[16]:      -nan      -nan      -nan      -nan      -nan      -nan      -nan      -nan      -nan      -nan      -nan      -nan      -nan      -nan      -nan      -nan 
dram[17]:      -nan      -nan      -nan      -nan      -nan      -nan      -nan      -nan      -nan      -nan      -nan      -nan      -nan      -nan      -nan      -nan 
dram[18]:      -nan      -nan      -nan      -nan      -nan      -nan      -nan      -nan      -nan      -nan      -nan      -nan      -nan      -nan      -nan      -nan 
dram[19]:      -nan      -nan      -nan      -nan      -nan      -nan      -nan      -nan      -nan      -nan      -nan      -nan      -nan      -nan      -nan      -nan 
dram[20]:      -nan      -nan      -nan      -nan      -nan      -nan      -nan      -nan      -nan      -nan      -nan      -nan      -nan      -nan      -nan      -nan 
dram[21]:      -nan      -nan      -nan      -nan      -nan      -nan      -nan      -nan      -nan      -nan      -nan      -nan      -nan      -nan      -nan      -nan 
dram[22]:      -nan      -nan      -nan      -nan      -nan      -nan      -nan      -nan      -nan      -nan      -nan      -nan      -nan      -nan      -nan      -nan 
dram[23]:      -nan      -nan      -nan      -nan      -nan      -nan      -nan      -nan      -nan      -nan      -nan      -nan      -nan      -nan      -nan      -nan 
average row locality = 0/0 = -nan
number of total memory accesses made:
dram[0]:         0         0         0         0         0         0         0         0         0         0         0         0         0         0         0         0 
dram[1]:         0         0         0         0         0         0         0         0         0         0         0         0         0         0         0         0 
dram[2]:         0         0         0         0         0         0         0         0         0         0         0         0         0         0         0         0 
dram[3]:         0         0         0         0         0         0         0         0         0         0         0         0         0         0         0         0 
dram[4]:         0         0         0         0         0         0         0         0         0         0         0         0         0         0         0         0 
dram[5]:         0         0         0         0         0         0         0         0         0         0         0         0         0         0         0         0 
dram[6]:         0         0         0         0         0         0         0         0         0         0         0         0         0         0         0         0 
dram[7]:         0         0         0         0         0         0         0         0         0         0         0         0         0         0         0         0 
dram[8]:         0         0         0         0         0         0         0         0         0         0         0         0         0         0         0         0 
dram[9]:         0         0         0         0         0         0         0         0         0         0         0         0         0         0         0         0 
dram[10]:         0         0         0         0         0         0         0         0         0         0         0         0         0         0         0         0 
dram[11]:         0         0         0         0         0         0         0         0         0         0         0         0         0         0         0         0 
dram[12]:         0         0         0         0         0         0         0         0         0         0         0         0         0         0         0         0 
dram[13]:         0         0         0         0         0         0         0         0         0         0         0         0         0         0         0         0 
dram[14]:         0         0         0         0         0         0         0         0         0         0         0         0         0         0         0         0 
dram[15]:         0         0         0         0         0         0         0         0         0         0         0         0         0         0         0         0 
dram[16]:         0         0         0         0         0         0         0         0         0         0         0         0         0         0         0         0 
dram[17]:         0         0         0         0         0         0         0         0         0         0         0         0         0         0         0         0 
dram[18]:         0         0         0         0         0         0         0         0         0         0         0         0         0         0         0         0 
dram[19]:         0         0         0         0         0         0         0         0         0         0         0         0         0         0         0         0 
dram[20]:         0         0         0         0         0         0         0         0         0         0         0         0         0         0         0         0 
dram[21]:         0         0         0         0         0         0         0         0         0         0         0         0         0         0         0         0 
dram[22]:         0         0         0         0         0         0         0         0         0         0         0         0         0         0         0         0 
dram[23]:         0         0         0         0         0         0         0         0         0         0         0         0         0         0         0         0 
total accesses: 0
min_bank_accesses = 0!
min_chip_accesses = 0!
number of total read accesses:
dram[0]:         0         0         0         0         0         0         0         0         0         0         0         0         0         0         0         0 
dram[1]:         0         0         0         0         0         0         0         0         0         0         0         0         0         0         0         0 
dram[2]:         0         0         0         0         0         0         0         0         0         0         0         0         0         0         0         0 
dram[3]:         0         0         0         0         0         0         0         0         0         0         0         0         0         0         0         0 
dram[4]:         0         0         0         0         0         0         0         0         0         0         0         0         0         0         0         0 
dram[5]:         0         0         0         0         0         0         0         0         0         0         0         0         0         0         0         0 
dram[6]:         0         0         0         0         0         0         0         0         0         0         0         0         0         0         0         0 
dram[7]:         0         0         0         0         0         0         0         0         0         0         0         0         0         0         0         0 
dram[8]:         0         0         0         0         0         0         0         0         0         0         0         0         0         0         0         0 
dram[9]:         0         0         0         0         0         0         0         0         0         0         0         0         0         0         0         0 
dram[10]:         0         0         0         0         0         0         0         0         0         0         0         0         0         0         0         0 
dram[11]:         0         0         0         0         0         0         0         0         0         0         0         0         0         0         0         0 
dram[12]:         0         0         0         0         0         0         0         0         0         0         0         0         0         0         0         0 
dram[13]:         0         0         0         0         0         0         0         0         0         0         0         0         0         0         0         0 
dram[14]:         0         0         0         0         0         0         0         0         0         0         0         0         0         0         0         0 
dram[15]:         0         0         0         0         0         0         0         0         0         0         0         0         0         0         0         0 
dram[16]:         0         0         0         0         0         0         0         0         0         0         0         0         0         0         0         0 
dram[17]:         0         0         0         0         0         0         0         0         0         0         0         0         0         0         0         0 
dram[18]:         0         0         0         0         0         0         0         0         0         0         0         0         0         0         0         0 
dram[19]:         0         0         0         0         0         0         0         0         0         0         0         0         0         0         0         0 
dram[20]:         0         0         0         0         0         0         0         0         0         0         0         0         0         0         0         0 
dram[21]:         0         0         0         0         0         0         0         0         0         0         0         0         0         0         0         0 
dram[22]:         0         0         0         0         0         0         0         0         0         0         0         0         0         0         0         0 
dram[23]:         0         0         0         0         0         0         0         0         0         0         0         0         0         0         0         0 
total dram reads = 0
min_bank_accesses = 0!
min_chip_accesses = 0!
number of total write accesses:
dram[0]:         0         0         0         0         0         0         0         0         0         0         0         0         0         0         0         0 
dram[1]:         0         0         0         0         0         0         0         0         0         0         0         0         0         0         0         0 
dram[2]:         0         0         0         0         0         0         0         0         0         0         0         0         0         0         0         0 
dram[3]:         0         0         0         0         0         0         0         0         0         0         0         0         0         0         0         0 
dram[4]:         0         0         0         0         0         0         0         0         0         0         0         0         0         0         0         0 
dram[5]:         0         0         0         0         0         0         0         0         0         0         0         0         0         0         0         0 
dram[6]:         0         0         0         0         0         0         0         0         0         0         0         0         0         0         0         0 
dram[7]:         0         0         0         0         0         0         0         0         0         0         0         0         0         0         0         0 
dram[8]:         0         0         0         0         0         0         0         0         0         0         0         0         0         0         0         0 
dram[9]:         0         0         0         0         0         0         0         0         0         0         0         0         0         0         0         0 
dram[10]:         0         0         0         0         0         0         0         0         0         0         0         0         0         0         0         0 
dram[11]:         0         0         0         0         0         0         0         0         0         0         0         0         0         0         0         0 
dram[12]:         0         0         0         0         0         0         0         0         0         0         0         0         0         0         0         0 
dram[13]:         0         0         0         0         0         0         0         0         0         0         0         0         0         0         0         0 
dram[14]:         0         0         0         0         0         0         0         0         0         0         0         0         0         0         0         0 
dram[15]:         0         0         0         0         0         0         0         0         0         0         0         0         0         0         0         0 
dram[16]:         0         0         0         0         0         0         0         0         0         0         0         0         0         0         0         0 
dram[17]:         0         0         0         0         0         0         0         0         0         0         0         0         0         0         0         0 
dram[18]:         0         0         0         0         0         0         0         0         0         0         0         0         0         0         0         0 
dram[19]:         0         0         0         0         0         0         0         0         0         0         0         0         0         0         0         0 
dram[20]:         0         0         0         0         0         0         0         0         0         0         0         0         0         0         0         0 
dram[21]:         0         0         0         0         0         0         0         0         0         0         0         0         0         0         0         0 
dram[22]:         0         0         0         0         0         0         0         0         0         0         0         0         0         0         0         0 
dram[23]:         0         0         0         0         0         0         0         0         0         0         0         0         0         0         0         0 
total dram writes = 0
min_bank_accesses = 0!
min_chip_accesses = 0!
average mf latency per bank:
dram[0]:     none      none      none      none      none      none      none      none      none      none      none      none      none      none      none      none  
dram[1]:     none      none      none      none      none      none      none      none      none      none      none      none      none      none      none      none  
dram[2]:     none      none      none      none      none      none      none      none      none      none      none      none      none      none      none      none  
dram[3]:     none      none      none      none      none      none      none      none      none      none      none      none      none      none      none      none  
dram[4]:     none      none      none      none      none      none      none      none      none      none      none      none      none      none      none      none  
dram[5]:     none      none      none      none      none      none      none      none      none      none      none      none      none      none      none      none  
dram[6]:     none      none      none      none      none      none      none      none      none      none      none      none      none      none      none      none  
dram[7]:     none      none      none      none      none      none      none      none      none      none      none      none      none      none      none      none  
dram[8]:     none      none      none      none      none      none      none      none      none      none      none      none      none      none      none      none  
dram[9]:     none      none      none      none      none      none      none      none      none      none      none      none      none      none      none      none  
dram[10]:     none      none      none      none      none      none      none      none      none      none      none      none      none      none      none      none  
dram[11]:     none      none      none      none      none      none      none      none      none      none      none      none      none      none      none      none  
dram[12]:     none      none      none      none      none      none      none      none      none      none      none      none      none      none      none      none  
dram[13]:     none      none      none      none      none      none      none      none      none      none      none      none      none      none      none      none  
dram[14]:     none      none      none      none      none      none      none      none      none      none      none      none      none      none      none      none  
dram[15]:     none      none      none      none      none      none      none      none      none      none      none      none      none      none      none      none  
dram[16]:     none      none      none      none      none      none      none      none      none      none      none      none      none      none      none      none  
dram[17]:     none      none      none      none      none      none      none      none      none      none      none      none      none      none      none      none  
dram[18]:     none      none      none      none      none      none      none      none      none      none      none      none      none      none      none      none  
dram[19]:     none      none      none      none      none      none      none      none      none      none      none      none      none      none      none      none  
dram[20]:     none      none      none      none      none      none      none      none      none      none      none      none      none      none      none      none  
dram[21]:     none      none      none      none      none      none      none      none      none      none      none      none      none      none      none      none  
dram[22]:     none      none      none      none      none      none      none      none      none      none      none      none      none      none      none      none  
dram[23]:     none      none      none      none      none      none      none      none      none      none      none      none      none      none      none      none  
maximum mf latency per bank:
dram[0]:        293       272         0         0         0         0         0         0         0         0         0         0         0         0         0         0
dram[1]:        295       280         0         0         0         0         0         0         0         0         0         0         0         0         0         0
dram[2]:        293       272         0         0         0         0         0         0         0         0         0         0         0         0         0         0
dram[3]:        295       280         0         0         0         0         0         0         0         0         0         0         0         0         0         0
dram[4]:        291       274         0         0         0         0         0         0         0         0         0         0         0         0         0         0
dram[5]:        286       281         0         0         0         0         0         0         0         0         0         0         0         0         0         0
dram[6]:        291       274         0         0         0         0         0         0         0         0         0         0         0         0         0         0
dram[7]:        286       281         0         0         0         0         0         0         0         0         0         0         0         0         0         0
dram[8]:        266       265         0         0         0         0         0         0         0         0         0         0         0         0         0         0
dram[9]:        267       252         0         0         0         0         0         0         0         0         0         0         0         0         0         0
dram[10]:        266       265         0         0         0         0         0         0         0         0         0         0         0         0         0         0
dram[11]:        267       252         0         0         0         0         0         0         0         0         0         0         0         0         0         0
dram[12]:        271       264         0         0         0         0         0         0         0         0         0         0         0         0         0         0
dram[13]:        271       253         0         0         0         0         0         0         0         0         0         0         0         0         0         0
dram[14]:        271       264         0         0         0         0         0         0         0         0         0         0         0         0         0         0
dram[15]:        271       253         0         0         0         0         0         0         0         0         0         0         0         0         0         0
dram[16]:        269       251         0         0         0         0         0         0         0         0         0         0         0         0         0         0
dram[17]:        266       257         0         0         0         0         0         0         0         0         0         0         0         0         0         0
dram[18]:        269       251         0         0         0         0         0         0         0         0         0         0         0         0         0         0
dram[19]:        266       257         0         0         0         0         0         0         0         0         0         0         0         0         0         0
dram[20]:        267       265         0         0         0         0         0         0         0         0         0         0         0         0         0         0
dram[21]:        268       260         0         0         0         0         0         0         0         0         0         0         0         0         0         0
dram[22]:        267       265         0         0         0         0         0         0         0         0         0         0         0         0         0         0
dram[23]:        268       260         0         0         0         0         0         0         0         0         0         0         0         0         0         0
Memory Partition 0: 
Cache L2_bank_000:
MSHR contents

Cache L2_bank_001:
MSHR contents

In Dram Latency Queue (total = 0): 
DRAM[0]: 16 bks, busW=2 BL=16 CL=24, tRRD=12 tCCD=4, tRCD=24 tRAS=55 tRP=24 tRC=78
n_cmd=70646 n_nop=70646 n_act=0 n_pre=0 n_ref_event=0 n_req=0 n_rd=0 n_rd_L2_A=0 n_write=0 n_wr_bk=0 bw_util=0
n_activity=0 dram_eff=-nan
bk0: 0a 70646i bk1: 0a 70646i bk2: 0a 70646i bk3: 0a 70646i bk4: 0a 70646i bk5: 0a 70646i bk6: 0a 70646i bk7: 0a 70646i bk8: 0a 70646i bk9: 0a 70646i bk10: 0a 70646i bk11: 0a 70646i bk12: 0a 70646i bk13: 0a 70646i bk14: 0a 70646i bk15: 0a 70646i 

------------------------------------------------------------------------

Row_Buffer_Locality = -nan
Row_Buffer_Locality_read = -nan
Row_Buffer_Locality_write = -nan
Bank_Level_Parallism = -nan
Bank_Level_Parallism_Col = -nan
Bank_Level_Parallism_Ready = -nan
write_to_read_ratio_blp_rw_average = -nan
GrpLevelPara = -nan 

BW Util details:
bwutil = 0.000000 
total_CMD = 70646 
util_bw = 0 
Wasted_Col = 0 
Wasted_Row = 0 
Idle = 70646 

BW Util Bottlenecks: 
RCDc_limit = 0 
RCDWRc_limit = 0 
WTRc_limit = 0 
RTWc_limit = 0 
CCDLc_limit = 0 
rwq = 0 
CCDLc_limit_alone = 0 
WTRc_limit_alone = 0 
RTWc_limit_alone = 0 

Commands details: 
total_CMD = 70646 
n_nop = 70646 
Read = 0 
Write = 0 
L2_Alloc = 0 
L2_WB = 0 
n_act = 0 
n_pre = 0 
n_ref = 0 
n_req = 0 
total_req = 0 

Dual Bus Interface Util: 
issued_total_row = 0 
issued_total_col = 0 
Row_Bus_Util =  0.000000 
CoL_Bus_Util = 0.000000 
Either_Row_CoL_Bus_Util = 0.000000 
Issued_on_Two_Bus_Simul_Util = 0.000000 
issued_two_Eff = -nan 
queue_avg = 0.000000 


dram_util_bins: 0 0 0 0 0 0 0 0 0 0
dram_eff_bins: 0 0 0 0 0 0 0 0 0 0
mrqq: max=0 avg=0
Memory Partition 1: 
Cache L2_bank_002:
MSHR contents

Cache L2_bank_003:
MSHR contents

In Dram Latency Queue (total = 0): 
DRAM[1]: 16 bks, busW=2 BL=16 CL=24, tRRD=12 tCCD=4, tRCD=24 tRAS=55 tRP=24 tRC=78
n_cmd=70646 n_nop=70646 n_act=0 n_pre=0 n_ref_event=0 n_req=0 n_rd=0 n_rd_L2_A=0 n_write=0 n_wr_bk=0 bw_util=0
n_activity=0 dram_eff=-nan
bk0: 0a 70646i bk1: 0a 70646i bk2: 0a 70646i bk3: 0a 70646i bk4: 0a 70646i bk5: 0a 70646i bk6: 0a 70646i bk7: 0a 70646i bk8: 0a 70646i bk9: 0a 70646i bk10: 0a 70646i bk11: 0a 70646i bk12: 0a 70646i bk13: 0a 70646i bk14: 0a 70646i bk15: 0a 70646i 

------------------------------------------------------------------------

Row_Buffer_Locality = -nan
Row_Buffer_Locality_read = -nan
Row_Buffer_Locality_write = -nan
Bank_Level_Parallism = -nan
Bank_Level_Parallism_Col = -nan
Bank_Level_Parallism_Ready = -nan
write_to_read_ratio_blp_rw_average = -nan
GrpLevelPara = -nan 

BW Util details:
bwutil = 0.000000 
total_CMD = 70646 
util_bw = 0 
Wasted_Col = 0 
Wasted_Row = 0 
Idle = 70646 

BW Util Bottlenecks: 
RCDc_limit = 0 
RCDWRc_limit = 0 
WTRc_limit = 0 
RTWc_limit = 0 
CCDLc_limit = 0 
rwq = 0 
CCDLc_limit_alone = 0 
WTRc_limit_alone = 0 
RTWc_limit_alone = 0 

Commands details: 
total_CMD = 70646 
n_nop = 70646 
Read = 0 
Write = 0 
L2_Alloc = 0 
L2_WB = 0 
n_act = 0 
n_pre = 0 
n_ref = 0 
n_req = 0 
total_req = 0 

Dual Bus Interface Util: 
issued_total_row = 0 
issued_total_col = 0 
Row_Bus_Util =  0.000000 
CoL_Bus_Util = 0.000000 
Either_Row_CoL_Bus_Util = 0.000000 
Issued_on_Two_Bus_Simul_Util = 0.000000 
issued_two_Eff = -nan 
queue_avg = 0.000000 


dram_util_bins: 0 0 0 0 0 0 0 0 0 0
dram_eff_bins: 0 0 0 0 0 0 0 0 0 0
mrqq: max=0 avg=0
Memory Partition 2: 
Cache L2_bank_004:
MSHR contents

Cache L2_bank_005:
MSHR contents

In Dram Latency Queue (total = 0): 
DRAM[2]: 16 bks, busW=2 BL=16 CL=24, tRRD=12 tCCD=4, tRCD=24 tRAS=55 tRP=24 tRC=78
n_cmd=70646 n_nop=70646 n_act=0 n_pre=0 n_ref_event=0 n_req=0 n_rd=0 n_rd_L2_A=0 n_write=0 n_wr_bk=0 bw_util=0
n_activity=0 dram_eff=-nan
bk0: 0a 70646i bk1: 0a 70646i bk2: 0a 70646i bk3: 0a 70646i bk4: 0a 70646i bk5: 0a 70646i bk6: 0a 70646i bk7: 0a 70646i bk8: 0a 70646i bk9: 0a 70646i bk10: 0a 70646i bk11: 0a 70646i bk12: 0a 70646i bk13: 0a 70646i bk14: 0a 70646i bk15: 0a 70646i 

------------------------------------------------------------------------

Row_Buffer_Locality = -nan
Row_Buffer_Locality_read = -nan
Row_Buffer_Locality_write = -nan
Bank_Level_Parallism = -nan
Bank_Level_Parallism_Col = -nan
Bank_Level_Parallism_Ready = -nan
write_to_read_ratio_blp_rw_average = -nan
GrpLevelPara = -nan 

BW Util details:
bwutil = 0.000000 
total_CMD = 70646 
util_bw = 0 
Wasted_Col = 0 
Wasted_Row = 0 
Idle = 70646 

BW Util Bottlenecks: 
RCDc_limit = 0 
RCDWRc_limit = 0 
WTRc_limit = 0 
RTWc_limit = 0 
CCDLc_limit = 0 
rwq = 0 
CCDLc_limit_alone = 0 
WTRc_limit_alone = 0 
RTWc_limit_alone = 0 

Commands details: 
total_CMD = 70646 
n_nop = 70646 
Read = 0 
Write = 0 
L2_Alloc = 0 
L2_WB = 0 
n_act = 0 
n_pre = 0 
n_ref = 0 
n_req = 0 
total_req = 0 

Dual Bus Interface Util: 
issued_total_row = 0 
issued_total_col = 0 
Row_Bus_Util =  0.000000 
CoL_Bus_Util = 0.000000 
Either_Row_CoL_Bus_Util = 0.000000 
Issued_on_Two_Bus_Simul_Util = 0.000000 
issued_two_Eff = -nan 
queue_avg = 0.000000 


dram_util_bins: 0 0 0 0 0 0 0 0 0 0
dram_eff_bins: 0 0 0 0 0 0 0 0 0 0
mrqq: max=0 avg=0
Memory Partition 3: 
Cache L2_bank_006:
MSHR contents

Cache L2_bank_007:
MSHR contents

In Dram Latency Queue (total = 0): 
DRAM[3]: 16 bks, busW=2 BL=16 CL=24, tRRD=12 tCCD=4, tRCD=24 tRAS=55 tRP=24 tRC=78
n_cmd=70646 n_nop=70646 n_act=0 n_pre=0 n_ref_event=0 n_req=0 n_rd=0 n_rd_L2_A=0 n_write=0 n_wr_bk=0 bw_util=0
n_activity=0 dram_eff=-nan
bk0: 0a 70646i bk1: 0a 70646i bk2: 0a 70646i bk3: 0a 70646i bk4: 0a 70646i bk5: 0a 70646i bk6: 0a 70646i bk7: 0a 70646i bk8: 0a 70646i bk9: 0a 70646i bk10: 0a 70646i bk11: 0a 70646i bk12: 0a 70646i bk13: 0a 70646i bk14: 0a 70646i bk15: 0a 70646i 

------------------------------------------------------------------------

Row_Buffer_Locality = -nan
Row_Buffer_Locality_read = -nan
Row_Buffer_Locality_write = -nan
Bank_Level_Parallism = -nan
Bank_Level_Parallism_Col = -nan
Bank_Level_Parallism_Ready = -nan
write_to_read_ratio_blp_rw_average = -nan
GrpLevelPara = -nan 

BW Util details:
bwutil = 0.000000 
total_CMD = 70646 
util_bw = 0 
Wasted_Col = 0 
Wasted_Row = 0 
Idle = 70646 

BW Util Bottlenecks: 
RCDc_limit = 0 
RCDWRc_limit = 0 
WTRc_limit = 0 
RTWc_limit = 0 
CCDLc_limit = 0 
rwq = 0 
CCDLc_limit_alone = 0 
WTRc_limit_alone = 0 
RTWc_limit_alone = 0 

Commands details: 
total_CMD = 70646 
n_nop = 70646 
Read = 0 
Write = 0 
L2_Alloc = 0 
L2_WB = 0 
n_act = 0 
n_pre = 0 
n_ref = 0 
n_req = 0 
total_req = 0 

Dual Bus Interface Util: 
issued_total_row = 0 
issued_total_col = 0 
Row_Bus_Util =  0.000000 
CoL_Bus_Util = 0.000000 
Either_Row_CoL_Bus_Util = 0.000000 
Issued_on_Two_Bus_Simul_Util = 0.000000 
issued_two_Eff = -nan 
queue_avg = 0.000000 


dram_util_bins: 0 0 0 0 0 0 0 0 0 0
dram_eff_bins: 0 0 0 0 0 0 0 0 0 0
mrqq: max=0 avg=0
Memory Partition 4: 
Cache L2_bank_008:
MSHR contents

Cache L2_bank_009:
MSHR contents

In Dram Latency Queue (total = 0): 
DRAM[4]: 16 bks, busW=2 BL=16 CL=24, tRRD=12 tCCD=4, tRCD=24 tRAS=55 tRP=24 tRC=78
n_cmd=70646 n_nop=70646 n_act=0 n_pre=0 n_ref_event=0 n_req=0 n_rd=0 n_rd_L2_A=0 n_write=0 n_wr_bk=0 bw_util=0
n_activity=0 dram_eff=-nan
bk0: 0a 70646i bk1: 0a 70646i bk2: 0a 70646i bk3: 0a 70646i bk4: 0a 70646i bk5: 0a 70646i bk6: 0a 70646i bk7: 0a 70646i bk8: 0a 70646i bk9: 0a 70646i bk10: 0a 70646i bk11: 0a 70646i bk12: 0a 70646i bk13: 0a 70646i bk14: 0a 70646i bk15: 0a 70646i 

------------------------------------------------------------------------

Row_Buffer_Locality = -nan
Row_Buffer_Locality_read = -nan
Row_Buffer_Locality_write = -nan
Bank_Level_Parallism = -nan
Bank_Level_Parallism_Col = -nan
Bank_Level_Parallism_Ready = -nan
write_to_read_ratio_blp_rw_average = -nan
GrpLevelPara = -nan 

BW Util details:
bwutil = 0.000000 
total_CMD = 70646 
util_bw = 0 
Wasted_Col = 0 
Wasted_Row = 0 
Idle = 70646 

BW Util Bottlenecks: 
RCDc_limit = 0 
RCDWRc_limit = 0 
WTRc_limit = 0 
RTWc_limit = 0 
CCDLc_limit = 0 
rwq = 0 
CCDLc_limit_alone = 0 
WTRc_limit_alone = 0 
RTWc_limit_alone = 0 

Commands details: 
total_CMD = 70646 
n_nop = 70646 
Read = 0 
Write = 0 
L2_Alloc = 0 
L2_WB = 0 
n_act = 0 
n_pre = 0 
n_ref = 0 
n_req = 0 
total_req = 0 

Dual Bus Interface Util: 
issued_total_row = 0 
issued_total_col = 0 
Row_Bus_Util =  0.000000 
CoL_Bus_Util = 0.000000 
Either_Row_CoL_Bus_Util = 0.000000 
Issued_on_Two_Bus_Simul_Util = 0.000000 
issued_two_Eff = -nan 
queue_avg = 0.000000 


dram_util_bins: 0 0 0 0 0 0 0 0 0 0
dram_eff_bins: 0 0 0 0 0 0 0 0 0 0
mrqq: max=0 avg=0
Memory Partition 5: 
Cache L2_bank_010:
MSHR contents

Cache L2_bank_011:
MSHR contents

In Dram Latency Queue (total = 0): 
DRAM[5]: 16 bks, busW=2 BL=16 CL=24, tRRD=12 tCCD=4, tRCD=24 tRAS=55 tRP=24 tRC=78
n_cmd=70646 n_nop=70646 n_act=0 n_pre=0 n_ref_event=0 n_req=0 n_rd=0 n_rd_L2_A=0 n_write=0 n_wr_bk=0 bw_util=0
n_activity=0 dram_eff=-nan
bk0: 0a 70646i bk1: 0a 70646i bk2: 0a 70646i bk3: 0a 70646i bk4: 0a 70646i bk5: 0a 70646i bk6: 0a 70646i bk7: 0a 70646i bk8: 0a 70646i bk9: 0a 70646i bk10: 0a 70646i bk11: 0a 70646i bk12: 0a 70646i bk13: 0a 70646i bk14: 0a 70646i bk15: 0a 70646i 

------------------------------------------------------------------------

Row_Buffer_Locality = -nan
Row_Buffer_Locality_read = -nan
Row_Buffer_Locality_write = -nan
Bank_Level_Parallism = -nan
Bank_Level_Parallism_Col = -nan
Bank_Level_Parallism_Ready = -nan
write_to_read_ratio_blp_rw_average = -nan
GrpLevelPara = -nan 

BW Util details:
bwutil = 0.000000 
total_CMD = 70646 
util_bw = 0 
Wasted_Col = 0 
Wasted_Row = 0 
Idle = 70646 

BW Util Bottlenecks: 
RCDc_limit = 0 
RCDWRc_limit = 0 
WTRc_limit = 0 
RTWc_limit = 0 
CCDLc_limit = 0 
rwq = 0 
CCDLc_limit_alone = 0 
WTRc_limit_alone = 0 
RTWc_limit_alone = 0 

Commands details: 
total_CMD = 70646 
n_nop = 70646 
Read = 0 
Write = 0 
L2_Alloc = 0 
L2_WB = 0 
n_act = 0 
n_pre = 0 
n_ref = 0 
n_req = 0 
total_req = 0 

Dual Bus Interface Util: 
issued_total_row = 0 
issued_total_col = 0 
Row_Bus_Util =  0.000000 
CoL_Bus_Util = 0.000000 
Either_Row_CoL_Bus_Util = 0.000000 
Issued_on_Two_Bus_Simul_Util = 0.000000 
issued_two_Eff = -nan 
queue_avg = 0.000000 


dram_util_bins: 0 0 0 0 0 0 0 0 0 0
dram_eff_bins: 0 0 0 0 0 0 0 0 0 0
mrqq: max=0 avg=0
Memory Partition 6: 
Cache L2_bank_012:
MSHR contents

Cache L2_bank_013:
MSHR contents

In Dram Latency Queue (total = 0): 
DRAM[6]: 16 bks, busW=2 BL=16 CL=24, tRRD=12 tCCD=4, tRCD=24 tRAS=55 tRP=24 tRC=78
n_cmd=70646 n_nop=70646 n_act=0 n_pre=0 n_ref_event=0 n_req=0 n_rd=0 n_rd_L2_A=0 n_write=0 n_wr_bk=0 bw_util=0
n_activity=0 dram_eff=-nan
bk0: 0a 70646i bk1: 0a 70646i bk2: 0a 70646i bk3: 0a 70646i bk4: 0a 70646i bk5: 0a 70646i bk6: 0a 70646i bk7: 0a 70646i bk8: 0a 70646i bk9: 0a 70646i bk10: 0a 70646i bk11: 0a 70646i bk12: 0a 70646i bk13: 0a 70646i bk14: 0a 70646i bk15: 0a 70646i 

------------------------------------------------------------------------

Row_Buffer_Locality = -nan
Row_Buffer_Locality_read = -nan
Row_Buffer_Locality_write = -nan
Bank_Level_Parallism = -nan
Bank_Level_Parallism_Col = -nan
Bank_Level_Parallism_Ready = -nan
write_to_read_ratio_blp_rw_average = -nan
GrpLevelPara = -nan 

BW Util details:
bwutil = 0.000000 
total_CMD = 70646 
util_bw = 0 
Wasted_Col = 0 
Wasted_Row = 0 
Idle = 70646 

BW Util Bottlenecks: 
RCDc_limit = 0 
RCDWRc_limit = 0 
WTRc_limit = 0 
RTWc_limit = 0 
CCDLc_limit = 0 
rwq = 0 
CCDLc_limit_alone = 0 
WTRc_limit_alone = 0 
RTWc_limit_alone = 0 

Commands details: 
total_CMD = 70646 
n_nop = 70646 
Read = 0 
Write = 0 
L2_Alloc = 0 
L2_WB = 0 
n_act = 0 
n_pre = 0 
n_ref = 0 
n_req = 0 
total_req = 0 

Dual Bus Interface Util: 
issued_total_row = 0 
issued_total_col = 0 
Row_Bus_Util =  0.000000 
CoL_Bus_Util = 0.000000 
Either_Row_CoL_Bus_Util = 0.000000 
Issued_on_Two_Bus_Simul_Util = 0.000000 
issued_two_Eff = -nan 
queue_avg = 0.000000 


dram_util_bins: 0 0 0 0 0 0 0 0 0 0
dram_eff_bins: 0 0 0 0 0 0 0 0 0 0
mrqq: max=0 avg=0
Memory Partition 7: 
Cache L2_bank_014:
MSHR contents

Cache L2_bank_015:
MSHR contents

In Dram Latency Queue (total = 0): 
DRAM[7]: 16 bks, busW=2 BL=16 CL=24, tRRD=12 tCCD=4, tRCD=24 tRAS=55 tRP=24 tRC=78
n_cmd=70646 n_nop=70646 n_act=0 n_pre=0 n_ref_event=0 n_req=0 n_rd=0 n_rd_L2_A=0 n_write=0 n_wr_bk=0 bw_util=0
n_activity=0 dram_eff=-nan
bk0: 0a 70646i bk1: 0a 70646i bk2: 0a 70646i bk3: 0a 70646i bk4: 0a 70646i bk5: 0a 70646i bk6: 0a 70646i bk7: 0a 70646i bk8: 0a 70646i bk9: 0a 70646i bk10: 0a 70646i bk11: 0a 70646i bk12: 0a 70646i bk13: 0a 70646i bk14: 0a 70646i bk15: 0a 70646i 

------------------------------------------------------------------------

Row_Buffer_Locality = -nan
Row_Buffer_Locality_read = -nan
Row_Buffer_Locality_write = -nan
Bank_Level_Parallism = -nan
Bank_Level_Parallism_Col = -nan
Bank_Level_Parallism_Ready = -nan
write_to_read_ratio_blp_rw_average = -nan
GrpLevelPara = -nan 

BW Util details:
bwutil = 0.000000 
total_CMD = 70646 
util_bw = 0 
Wasted_Col = 0 
Wasted_Row = 0 
Idle = 70646 

BW Util Bottlenecks: 
RCDc_limit = 0 
RCDWRc_limit = 0 
WTRc_limit = 0 
RTWc_limit = 0 
CCDLc_limit = 0 
rwq = 0 
CCDLc_limit_alone = 0 
WTRc_limit_alone = 0 
RTWc_limit_alone = 0 

Commands details: 
total_CMD = 70646 
n_nop = 70646 
Read = 0 
Write = 0 
L2_Alloc = 0 
L2_WB = 0 
n_act = 0 
n_pre = 0 
n_ref = 0 
n_req = 0 
total_req = 0 

Dual Bus Interface Util: 
issued_total_row = 0 
issued_total_col = 0 
Row_Bus_Util =  0.000000 
CoL_Bus_Util = 0.000000 
Either_Row_CoL_Bus_Util = 0.000000 
Issued_on_Two_Bus_Simul_Util = 0.000000 
issued_two_Eff = -nan 
queue_avg = 0.000000 


dram_util_bins: 0 0 0 0 0 0 0 0 0 0
dram_eff_bins: 0 0 0 0 0 0 0 0 0 0
mrqq: max=0 avg=0
Memory Partition 8: 
Cache L2_bank_016:
MSHR contents

Cache L2_bank_017:
MSHR contents

In Dram Latency Queue (total = 0): 
DRAM[8]: 16 bks, busW=2 BL=16 CL=24, tRRD=12 tCCD=4, tRCD=24 tRAS=55 tRP=24 tRC=78
n_cmd=70646 n_nop=70646 n_act=0 n_pre=0 n_ref_event=0 n_req=0 n_rd=0 n_rd_L2_A=0 n_write=0 n_wr_bk=0 bw_util=0
n_activity=0 dram_eff=-nan
bk0: 0a 70646i bk1: 0a 70646i bk2: 0a 70646i bk3: 0a 70646i bk4: 0a 70646i bk5: 0a 70646i bk6: 0a 70646i bk7: 0a 70646i bk8: 0a 70646i bk9: 0a 70646i bk10: 0a 70646i bk11: 0a 70646i bk12: 0a 70646i bk13: 0a 70646i bk14: 0a 70646i bk15: 0a 70646i 

------------------------------------------------------------------------

Row_Buffer_Locality = -nan
Row_Buffer_Locality_read = -nan
Row_Buffer_Locality_write = -nan
Bank_Level_Parallism = -nan
Bank_Level_Parallism_Col = -nan
Bank_Level_Parallism_Ready = -nan
write_to_read_ratio_blp_rw_average = -nan
GrpLevelPara = -nan 

BW Util details:
bwutil = 0.000000 
total_CMD = 70646 
util_bw = 0 
Wasted_Col = 0 
Wasted_Row = 0 
Idle = 70646 

BW Util Bottlenecks: 
RCDc_limit = 0 
RCDWRc_limit = 0 
WTRc_limit = 0 
RTWc_limit = 0 
CCDLc_limit = 0 
rwq = 0 
CCDLc_limit_alone = 0 
WTRc_limit_alone = 0 
RTWc_limit_alone = 0 

Commands details: 
total_CMD = 70646 
n_nop = 70646 
Read = 0 
Write = 0 
L2_Alloc = 0 
L2_WB = 0 
n_act = 0 
n_pre = 0 
n_ref = 0 
n_req = 0 
total_req = 0 

Dual Bus Interface Util: 
issued_total_row = 0 
issued_total_col = 0 
Row_Bus_Util =  0.000000 
CoL_Bus_Util = 0.000000 
Either_Row_CoL_Bus_Util = 0.000000 
Issued_on_Two_Bus_Simul_Util = 0.000000 
issued_two_Eff = -nan 
queue_avg = 0.000000 


dram_util_bins: 0 0 0 0 0 0 0 0 0 0
dram_eff_bins: 0 0 0 0 0 0 0 0 0 0
mrqq: max=0 avg=0
Memory Partition 9: 
Cache L2_bank_018:
MSHR contents

Cache L2_bank_019:
MSHR contents

In Dram Latency Queue (total = 0): 
DRAM[9]: 16 bks, busW=2 BL=16 CL=24, tRRD=12 tCCD=4, tRCD=24 tRAS=55 tRP=24 tRC=78
n_cmd=70646 n_nop=70646 n_act=0 n_pre=0 n_ref_event=0 n_req=0 n_rd=0 n_rd_L2_A=0 n_write=0 n_wr_bk=0 bw_util=0
n_activity=0 dram_eff=-nan
bk0: 0a 70646i bk1: 0a 70646i bk2: 0a 70646i bk3: 0a 70646i bk4: 0a 70646i bk5: 0a 70646i bk6: 0a 70646i bk7: 0a 70646i bk8: 0a 70646i bk9: 0a 70646i bk10: 0a 70646i bk11: 0a 70646i bk12: 0a 70646i bk13: 0a 70646i bk14: 0a 70646i bk15: 0a 70646i 

------------------------------------------------------------------------

Row_Buffer_Locality = -nan
Row_Buffer_Locality_read = -nan
Row_Buffer_Locality_write = -nan
Bank_Level_Parallism = -nan
Bank_Level_Parallism_Col = -nan
Bank_Level_Parallism_Ready = -nan
write_to_read_ratio_blp_rw_average = -nan
GrpLevelPara = -nan 

BW Util details:
bwutil = 0.000000 
total_CMD = 70646 
util_bw = 0 
Wasted_Col = 0 
Wasted_Row = 0 
Idle = 70646 

BW Util Bottlenecks: 
RCDc_limit = 0 
RCDWRc_limit = 0 
WTRc_limit = 0 
RTWc_limit = 0 
CCDLc_limit = 0 
rwq = 0 
CCDLc_limit_alone = 0 
WTRc_limit_alone = 0 
RTWc_limit_alone = 0 

Commands details: 
total_CMD = 70646 
n_nop = 70646 
Read = 0 
Write = 0 
L2_Alloc = 0 
L2_WB = 0 
n_act = 0 
n_pre = 0 
n_ref = 0 
n_req = 0 
total_req = 0 

Dual Bus Interface Util: 
issued_total_row = 0 
issued_total_col = 0 
Row_Bus_Util =  0.000000 
CoL_Bus_Util = 0.000000 
Either_Row_CoL_Bus_Util = 0.000000 
Issued_on_Two_Bus_Simul_Util = 0.000000 
issued_two_Eff = -nan 
queue_avg = 0.000000 


dram_util_bins: 0 0 0 0 0 0 0 0 0 0
dram_eff_bins: 0 0 0 0 0 0 0 0 0 0
mrqq: max=0 avg=0
Memory Partition 10: 
Cache L2_bank_020:
MSHR contents

Cache L2_bank_021:
MSHR contents

In Dram Latency Queue (total = 0): 
DRAM[10]: 16 bks, busW=2 BL=16 CL=24, tRRD=12 tCCD=4, tRCD=24 tRAS=55 tRP=24 tRC=78
n_cmd=70646 n_nop=70646 n_act=0 n_pre=0 n_ref_event=0 n_req=0 n_rd=0 n_rd_L2_A=0 n_write=0 n_wr_bk=0 bw_util=0
n_activity=0 dram_eff=-nan
bk0: 0a 70646i bk1: 0a 70646i bk2: 0a 70646i bk3: 0a 70646i bk4: 0a 70646i bk5: 0a 70646i bk6: 0a 70646i bk7: 0a 70646i bk8: 0a 70646i bk9: 0a 70646i bk10: 0a 70646i bk11: 0a 70646i bk12: 0a 70646i bk13: 0a 70646i bk14: 0a 70646i bk15: 0a 70646i 

------------------------------------------------------------------------

Row_Buffer_Locality = -nan
Row_Buffer_Locality_read = -nan
Row_Buffer_Locality_write = -nan
Bank_Level_Parallism = -nan
Bank_Level_Parallism_Col = -nan
Bank_Level_Parallism_Ready = -nan
write_to_read_ratio_blp_rw_average = -nan
GrpLevelPara = -nan 

BW Util details:
bwutil = 0.000000 
total_CMD = 70646 
util_bw = 0 
Wasted_Col = 0 
Wasted_Row = 0 
Idle = 70646 

BW Util Bottlenecks: 
RCDc_limit = 0 
RCDWRc_limit = 0 
WTRc_limit = 0 
RTWc_limit = 0 
CCDLc_limit = 0 
rwq = 0 
CCDLc_limit_alone = 0 
WTRc_limit_alone = 0 
RTWc_limit_alone = 0 

Commands details: 
total_CMD = 70646 
n_nop = 70646 
Read = 0 
Write = 0 
L2_Alloc = 0 
L2_WB = 0 
n_act = 0 
n_pre = 0 
n_ref = 0 
n_req = 0 
total_req = 0 

Dual Bus Interface Util: 
issued_total_row = 0 
issued_total_col = 0 
Row_Bus_Util =  0.000000 
CoL_Bus_Util = 0.000000 
Either_Row_CoL_Bus_Util = 0.000000 
Issued_on_Two_Bus_Simul_Util = 0.000000 
issued_two_Eff = -nan 
queue_avg = 0.000000 


dram_util_bins: 0 0 0 0 0 0 0 0 0 0
dram_eff_bins: 0 0 0 0 0 0 0 0 0 0
mrqq: max=0 avg=0
Memory Partition 11: 
Cache L2_bank_022:
MSHR contents

Cache L2_bank_023:
MSHR contents

In Dram Latency Queue (total = 0): 
DRAM[11]: 16 bks, busW=2 BL=16 CL=24, tRRD=12 tCCD=4, tRCD=24 tRAS=55 tRP=24 tRC=78
n_cmd=70646 n_nop=70646 n_act=0 n_pre=0 n_ref_event=0 n_req=0 n_rd=0 n_rd_L2_A=0 n_write=0 n_wr_bk=0 bw_util=0
n_activity=0 dram_eff=-nan
bk0: 0a 70646i bk1: 0a 70646i bk2: 0a 70646i bk3: 0a 70646i bk4: 0a 70646i bk5: 0a 70646i bk6: 0a 70646i bk7: 0a 70646i bk8: 0a 70646i bk9: 0a 70646i bk10: 0a 70646i bk11: 0a 70646i bk12: 0a 70646i bk13: 0a 70646i bk14: 0a 70646i bk15: 0a 70646i 

------------------------------------------------------------------------

Row_Buffer_Locality = -nan
Row_Buffer_Locality_read = -nan
Row_Buffer_Locality_write = -nan
Bank_Level_Parallism = -nan
Bank_Level_Parallism_Col = -nan
Bank_Level_Parallism_Ready = -nan
write_to_read_ratio_blp_rw_average = -nan
GrpLevelPara = -nan 

BW Util details:
bwutil = 0.000000 
total_CMD = 70646 
util_bw = 0 
Wasted_Col = 0 
Wasted_Row = 0 
Idle = 70646 

BW Util Bottlenecks: 
RCDc_limit = 0 
RCDWRc_limit = 0 
WTRc_limit = 0 
RTWc_limit = 0 
CCDLc_limit = 0 
rwq = 0 
CCDLc_limit_alone = 0 
WTRc_limit_alone = 0 
RTWc_limit_alone = 0 

Commands details: 
total_CMD = 70646 
n_nop = 70646 
Read = 0 
Write = 0 
L2_Alloc = 0 
L2_WB = 0 
n_act = 0 
n_pre = 0 
n_ref = 0 
n_req = 0 
total_req = 0 

Dual Bus Interface Util: 
issued_total_row = 0 
issued_total_col = 0 
Row_Bus_Util =  0.000000 
CoL_Bus_Util = 0.000000 
Either_Row_CoL_Bus_Util = 0.000000 
Issued_on_Two_Bus_Simul_Util = 0.000000 
issued_two_Eff = -nan 
queue_avg = 0.000000 


dram_util_bins: 0 0 0 0 0 0 0 0 0 0
dram_eff_bins: 0 0 0 0 0 0 0 0 0 0
mrqq: max=0 avg=0
Memory Partition 12: 
Cache L2_bank_024:
MSHR contents

Cache L2_bank_025:
MSHR contents

In Dram Latency Queue (total = 0): 
DRAM[12]: 16 bks, busW=2 BL=16 CL=24, tRRD=12 tCCD=4, tRCD=24 tRAS=55 tRP=24 tRC=78
n_cmd=70646 n_nop=70646 n_act=0 n_pre=0 n_ref_event=0 n_req=0 n_rd=0 n_rd_L2_A=0 n_write=0 n_wr_bk=0 bw_util=0
n_activity=0 dram_eff=-nan
bk0: 0a 70646i bk1: 0a 70646i bk2: 0a 70646i bk3: 0a 70646i bk4: 0a 70646i bk5: 0a 70646i bk6: 0a 70646i bk7: 0a 70646i bk8: 0a 70646i bk9: 0a 70646i bk10: 0a 70646i bk11: 0a 70646i bk12: 0a 70646i bk13: 0a 70646i bk14: 0a 70646i bk15: 0a 70646i 

------------------------------------------------------------------------

Row_Buffer_Locality = -nan
Row_Buffer_Locality_read = -nan
Row_Buffer_Locality_write = -nan
Bank_Level_Parallism = -nan
Bank_Level_Parallism_Col = -nan
Bank_Level_Parallism_Ready = -nan
write_to_read_ratio_blp_rw_average = -nan
GrpLevelPara = -nan 

BW Util details:
bwutil = 0.000000 
total_CMD = 70646 
util_bw = 0 
Wasted_Col = 0 
Wasted_Row = 0 
Idle = 70646 

BW Util Bottlenecks: 
RCDc_limit = 0 
RCDWRc_limit = 0 
WTRc_limit = 0 
RTWc_limit = 0 
CCDLc_limit = 0 
rwq = 0 
CCDLc_limit_alone = 0 
WTRc_limit_alone = 0 
RTWc_limit_alone = 0 

Commands details: 
total_CMD = 70646 
n_nop = 70646 
Read = 0 
Write = 0 
L2_Alloc = 0 
L2_WB = 0 
n_act = 0 
n_pre = 0 
n_ref = 0 
n_req = 0 
total_req = 0 

Dual Bus Interface Util: 
issued_total_row = 0 
issued_total_col = 0 
Row_Bus_Util =  0.000000 
CoL_Bus_Util = 0.000000 
Either_Row_CoL_Bus_Util = 0.000000 
Issued_on_Two_Bus_Simul_Util = 0.000000 
issued_two_Eff = -nan 
queue_avg = 0.000000 


dram_util_bins: 0 0 0 0 0 0 0 0 0 0
dram_eff_bins: 0 0 0 0 0 0 0 0 0 0
mrqq: max=0 avg=0
Memory Partition 13: 
Cache L2_bank_026:
MSHR contents

Cache L2_bank_027:
MSHR contents

In Dram Latency Queue (total = 0): 
DRAM[13]: 16 bks, busW=2 BL=16 CL=24, tRRD=12 tCCD=4, tRCD=24 tRAS=55 tRP=24 tRC=78
n_cmd=70646 n_nop=70646 n_act=0 n_pre=0 n_ref_event=0 n_req=0 n_rd=0 n_rd_L2_A=0 n_write=0 n_wr_bk=0 bw_util=0
n_activity=0 dram_eff=-nan
bk0: 0a 70646i bk1: 0a 70646i bk2: 0a 70646i bk3: 0a 70646i bk4: 0a 70646i bk5: 0a 70646i bk6: 0a 70646i bk7: 0a 70646i bk8: 0a 70646i bk9: 0a 70646i bk10: 0a 70646i bk11: 0a 70646i bk12: 0a 70646i bk13: 0a 70646i bk14: 0a 70646i bk15: 0a 70646i 

------------------------------------------------------------------------

Row_Buffer_Locality = -nan
Row_Buffer_Locality_read = -nan
Row_Buffer_Locality_write = -nan
Bank_Level_Parallism = -nan
Bank_Level_Parallism_Col = -nan
Bank_Level_Parallism_Ready = -nan
write_to_read_ratio_blp_rw_average = -nan
GrpLevelPara = -nan 

BW Util details:
bwutil = 0.000000 
total_CMD = 70646 
util_bw = 0 
Wasted_Col = 0 
Wasted_Row = 0 
Idle = 70646 

BW Util Bottlenecks: 
RCDc_limit = 0 
RCDWRc_limit = 0 
WTRc_limit = 0 
RTWc_limit = 0 
CCDLc_limit = 0 
rwq = 0 
CCDLc_limit_alone = 0 
WTRc_limit_alone = 0 
RTWc_limit_alone = 0 

Commands details: 
total_CMD = 70646 
n_nop = 70646 
Read = 0 
Write = 0 
L2_Alloc = 0 
L2_WB = 0 
n_act = 0 
n_pre = 0 
n_ref = 0 
n_req = 0 
total_req = 0 

Dual Bus Interface Util: 
issued_total_row = 0 
issued_total_col = 0 
Row_Bus_Util =  0.000000 
CoL_Bus_Util = 0.000000 
Either_Row_CoL_Bus_Util = 0.000000 
Issued_on_Two_Bus_Simul_Util = 0.000000 
issued_two_Eff = -nan 
queue_avg = 0.000000 


dram_util_bins: 0 0 0 0 0 0 0 0 0 0
dram_eff_bins: 0 0 0 0 0 0 0 0 0 0
mrqq: max=0 avg=0
Memory Partition 14: 
Cache L2_bank_028:
MSHR contents

Cache L2_bank_029:
MSHR contents

In Dram Latency Queue (total = 0): 
DRAM[14]: 16 bks, busW=2 BL=16 CL=24, tRRD=12 tCCD=4, tRCD=24 tRAS=55 tRP=24 tRC=78
n_cmd=70646 n_nop=70646 n_act=0 n_pre=0 n_ref_event=0 n_req=0 n_rd=0 n_rd_L2_A=0 n_write=0 n_wr_bk=0 bw_util=0
n_activity=0 dram_eff=-nan
bk0: 0a 70646i bk1: 0a 70646i bk2: 0a 70646i bk3: 0a 70646i bk4: 0a 70646i bk5: 0a 70646i bk6: 0a 70646i bk7: 0a 70646i bk8: 0a 70646i bk9: 0a 70646i bk10: 0a 70646i bk11: 0a 70646i bk12: 0a 70646i bk13: 0a 70646i bk14: 0a 70646i bk15: 0a 70646i 

------------------------------------------------------------------------

Row_Buffer_Locality = -nan
Row_Buffer_Locality_read = -nan
Row_Buffer_Locality_write = -nan
Bank_Level_Parallism = -nan
Bank_Level_Parallism_Col = -nan
Bank_Level_Parallism_Ready = -nan
write_to_read_ratio_blp_rw_average = -nan
GrpLevelPara = -nan 

BW Util details:
bwutil = 0.000000 
total_CMD = 70646 
util_bw = 0 
Wasted_Col = 0 
Wasted_Row = 0 
Idle = 70646 

BW Util Bottlenecks: 
RCDc_limit = 0 
RCDWRc_limit = 0 
WTRc_limit = 0 
RTWc_limit = 0 
CCDLc_limit = 0 
rwq = 0 
CCDLc_limit_alone = 0 
WTRc_limit_alone = 0 
RTWc_limit_alone = 0 

Commands details: 
total_CMD = 70646 
n_nop = 70646 
Read = 0 
Write = 0 
L2_Alloc = 0 
L2_WB = 0 
n_act = 0 
n_pre = 0 
n_ref = 0 
n_req = 0 
total_req = 0 

Dual Bus Interface Util: 
issued_total_row = 0 
issued_total_col = 0 
Row_Bus_Util =  0.000000 
CoL_Bus_Util = 0.000000 
Either_Row_CoL_Bus_Util = 0.000000 
Issued_on_Two_Bus_Simul_Util = 0.000000 
issued_two_Eff = -nan 
queue_avg = 0.000000 


dram_util_bins: 0 0 0 0 0 0 0 0 0 0
dram_eff_bins: 0 0 0 0 0 0 0 0 0 0
mrqq: max=0 avg=0
Memory Partition 15: 
Cache L2_bank_030:
MSHR contents

Cache L2_bank_031:
MSHR contents

In Dram Latency Queue (total = 0): 
DRAM[15]: 16 bks, busW=2 BL=16 CL=24, tRRD=12 tCCD=4, tRCD=24 tRAS=55 tRP=24 tRC=78
n_cmd=70646 n_nop=70646 n_act=0 n_pre=0 n_ref_event=0 n_req=0 n_rd=0 n_rd_L2_A=0 n_write=0 n_wr_bk=0 bw_util=0
n_activity=0 dram_eff=-nan
bk0: 0a 70646i bk1: 0a 70646i bk2: 0a 70646i bk3: 0a 70646i bk4: 0a 70646i bk5: 0a 70646i bk6: 0a 70646i bk7: 0a 70646i bk8: 0a 70646i bk9: 0a 70646i bk10: 0a 70646i bk11: 0a 70646i bk12: 0a 70646i bk13: 0a 70646i bk14: 0a 70646i bk15: 0a 70646i 

------------------------------------------------------------------------

Row_Buffer_Locality = -nan
Row_Buffer_Locality_read = -nan
Row_Buffer_Locality_write = -nan
Bank_Level_Parallism = -nan
Bank_Level_Parallism_Col = -nan
Bank_Level_Parallism_Ready = -nan
write_to_read_ratio_blp_rw_average = -nan
GrpLevelPara = -nan 

BW Util details:
bwutil = 0.000000 
total_CMD = 70646 
util_bw = 0 
Wasted_Col = 0 
Wasted_Row = 0 
Idle = 70646 

BW Util Bottlenecks: 
RCDc_limit = 0 
RCDWRc_limit = 0 
WTRc_limit = 0 
RTWc_limit = 0 
CCDLc_limit = 0 
rwq = 0 
CCDLc_limit_alone = 0 
WTRc_limit_alone = 0 
RTWc_limit_alone = 0 

Commands details: 
total_CMD = 70646 
n_nop = 70646 
Read = 0 
Write = 0 
L2_Alloc = 0 
L2_WB = 0 
n_act = 0 
n_pre = 0 
n_ref = 0 
n_req = 0 
total_req = 0 

Dual Bus Interface Util: 
issued_total_row = 0 
issued_total_col = 0 
Row_Bus_Util =  0.000000 
CoL_Bus_Util = 0.000000 
Either_Row_CoL_Bus_Util = 0.000000 
Issued_on_Two_Bus_Simul_Util = 0.000000 
issued_two_Eff = -nan 
queue_avg = 0.000000 


dram_util_bins: 0 0 0 0 0 0 0 0 0 0
dram_eff_bins: 0 0 0 0 0 0 0 0 0 0
mrqq: max=0 avg=0
Memory Partition 16: 
Cache L2_bank_032:
MSHR contents

Cache L2_bank_033:
MSHR contents

In Dram Latency Queue (total = 0): 
DRAM[16]: 16 bks, busW=2 BL=16 CL=24, tRRD=12 tCCD=4, tRCD=24 tRAS=55 tRP=24 tRC=78
n_cmd=70646 n_nop=70646 n_act=0 n_pre=0 n_ref_event=0 n_req=0 n_rd=0 n_rd_L2_A=0 n_write=0 n_wr_bk=0 bw_util=0
n_activity=0 dram_eff=-nan
bk0: 0a 70646i bk1: 0a 70646i bk2: 0a 70646i bk3: 0a 70646i bk4: 0a 70646i bk5: 0a 70646i bk6: 0a 70646i bk7: 0a 70646i bk8: 0a 70646i bk9: 0a 70646i bk10: 0a 70646i bk11: 0a 70646i bk12: 0a 70646i bk13: 0a 70646i bk14: 0a 70646i bk15: 0a 70646i 

------------------------------------------------------------------------

Row_Buffer_Locality = -nan
Row_Buffer_Locality_read = -nan
Row_Buffer_Locality_write = -nan
Bank_Level_Parallism = -nan
Bank_Level_Parallism_Col = -nan
Bank_Level_Parallism_Ready = -nan
write_to_read_ratio_blp_rw_average = -nan
GrpLevelPara = -nan 

BW Util details:
bwutil = 0.000000 
total_CMD = 70646 
util_bw = 0 
Wasted_Col = 0 
Wasted_Row = 0 
Idle = 70646 

BW Util Bottlenecks: 
RCDc_limit = 0 
RCDWRc_limit = 0 
WTRc_limit = 0 
RTWc_limit = 0 
CCDLc_limit = 0 
rwq = 0 
CCDLc_limit_alone = 0 
WTRc_limit_alone = 0 
RTWc_limit_alone = 0 

Commands details: 
total_CMD = 70646 
n_nop = 70646 
Read = 0 
Write = 0 
L2_Alloc = 0 
L2_WB = 0 
n_act = 0 
n_pre = 0 
n_ref = 0 
n_req = 0 
total_req = 0 

Dual Bus Interface Util: 
issued_total_row = 0 
issued_total_col = 0 
Row_Bus_Util =  0.000000 
CoL_Bus_Util = 0.000000 
Either_Row_CoL_Bus_Util = 0.000000 
Issued_on_Two_Bus_Simul_Util = 0.000000 
issued_two_Eff = -nan 
queue_avg = 0.000000 


dram_util_bins: 0 0 0 0 0 0 0 0 0 0
dram_eff_bins: 0 0 0 0 0 0 0 0 0 0
mrqq: max=0 avg=0
Memory Partition 17: 
Cache L2_bank_034:
MSHR contents

Cache L2_bank_035:
MSHR contents

In Dram Latency Queue (total = 0): 
DRAM[17]: 16 bks, busW=2 BL=16 CL=24, tRRD=12 tCCD=4, tRCD=24 tRAS=55 tRP=24 tRC=78
n_cmd=70646 n_nop=70646 n_act=0 n_pre=0 n_ref_event=0 n_req=0 n_rd=0 n_rd_L2_A=0 n_write=0 n_wr_bk=0 bw_util=0
n_activity=0 dram_eff=-nan
bk0: 0a 70646i bk1: 0a 70646i bk2: 0a 70646i bk3: 0a 70646i bk4: 0a 70646i bk5: 0a 70646i bk6: 0a 70646i bk7: 0a 70646i bk8: 0a 70646i bk9: 0a 70646i bk10: 0a 70646i bk11: 0a 70646i bk12: 0a 70646i bk13: 0a 70646i bk14: 0a 70646i bk15: 0a 70646i 

------------------------------------------------------------------------

Row_Buffer_Locality = -nan
Row_Buffer_Locality_read = -nan
Row_Buffer_Locality_write = -nan
Bank_Level_Parallism = -nan
Bank_Level_Parallism_Col = -nan
Bank_Level_Parallism_Ready = -nan
write_to_read_ratio_blp_rw_average = -nan
GrpLevelPara = -nan 

BW Util details:
bwutil = 0.000000 
total_CMD = 70646 
util_bw = 0 
Wasted_Col = 0 
Wasted_Row = 0 
Idle = 70646 

BW Util Bottlenecks: 
RCDc_limit = 0 
RCDWRc_limit = 0 
WTRc_limit = 0 
RTWc_limit = 0 
CCDLc_limit = 0 
rwq = 0 
CCDLc_limit_alone = 0 
WTRc_limit_alone = 0 
RTWc_limit_alone = 0 

Commands details: 
total_CMD = 70646 
n_nop = 70646 
Read = 0 
Write = 0 
L2_Alloc = 0 
L2_WB = 0 
n_act = 0 
n_pre = 0 
n_ref = 0 
n_req = 0 
total_req = 0 

Dual Bus Interface Util: 
issued_total_row = 0 
issued_total_col = 0 
Row_Bus_Util =  0.000000 
CoL_Bus_Util = 0.000000 
Either_Row_CoL_Bus_Util = 0.000000 
Issued_on_Two_Bus_Simul_Util = 0.000000 
issued_two_Eff = -nan 
queue_avg = 0.000000 


dram_util_bins: 0 0 0 0 0 0 0 0 0 0
dram_eff_bins: 0 0 0 0 0 0 0 0 0 0
mrqq: max=0 avg=0
Memory Partition 18: 
Cache L2_bank_036:
MSHR contents

Cache L2_bank_037:
MSHR contents

In Dram Latency Queue (total = 0): 
DRAM[18]: 16 bks, busW=2 BL=16 CL=24, tRRD=12 tCCD=4, tRCD=24 tRAS=55 tRP=24 tRC=78
n_cmd=70646 n_nop=70646 n_act=0 n_pre=0 n_ref_event=0 n_req=0 n_rd=0 n_rd_L2_A=0 n_write=0 n_wr_bk=0 bw_util=0
n_activity=0 dram_eff=-nan
bk0: 0a 70646i bk1: 0a 70646i bk2: 0a 70646i bk3: 0a 70646i bk4: 0a 70646i bk5: 0a 70646i bk6: 0a 70646i bk7: 0a 70646i bk8: 0a 70646i bk9: 0a 70646i bk10: 0a 70646i bk11: 0a 70646i bk12: 0a 70646i bk13: 0a 70646i bk14: 0a 70646i bk15: 0a 70646i 

------------------------------------------------------------------------

Row_Buffer_Locality = -nan
Row_Buffer_Locality_read = -nan
Row_Buffer_Locality_write = -nan
Bank_Level_Parallism = -nan
Bank_Level_Parallism_Col = -nan
Bank_Level_Parallism_Ready = -nan
write_to_read_ratio_blp_rw_average = -nan
GrpLevelPara = -nan 

BW Util details:
bwutil = 0.000000 
total_CMD = 70646 
util_bw = 0 
Wasted_Col = 0 
Wasted_Row = 0 
Idle = 70646 

BW Util Bottlenecks: 
RCDc_limit = 0 
RCDWRc_limit = 0 
WTRc_limit = 0 
RTWc_limit = 0 
CCDLc_limit = 0 
rwq = 0 
CCDLc_limit_alone = 0 
WTRc_limit_alone = 0 
RTWc_limit_alone = 0 

Commands details: 
total_CMD = 70646 
n_nop = 70646 
Read = 0 
Write = 0 
L2_Alloc = 0 
L2_WB = 0 
n_act = 0 
n_pre = 0 
n_ref = 0 
n_req = 0 
total_req = 0 

Dual Bus Interface Util: 
issued_total_row = 0 
issued_total_col = 0 
Row_Bus_Util =  0.000000 
CoL_Bus_Util = 0.000000 
Either_Row_CoL_Bus_Util = 0.000000 
Issued_on_Two_Bus_Simul_Util = 0.000000 
issued_two_Eff = -nan 
queue_avg = 0.000000 


dram_util_bins: 0 0 0 0 0 0 0 0 0 0
dram_eff_bins: 0 0 0 0 0 0 0 0 0 0
mrqq: max=0 avg=0
Memory Partition 19: 
Cache L2_bank_038:
MSHR contents

Cache L2_bank_039:
MSHR contents

In Dram Latency Queue (total = 0): 
DRAM[19]: 16 bks, busW=2 BL=16 CL=24, tRRD=12 tCCD=4, tRCD=24 tRAS=55 tRP=24 tRC=78
n_cmd=70646 n_nop=70646 n_act=0 n_pre=0 n_ref_event=0 n_req=0 n_rd=0 n_rd_L2_A=0 n_write=0 n_wr_bk=0 bw_util=0
n_activity=0 dram_eff=-nan
bk0: 0a 70646i bk1: 0a 70646i bk2: 0a 70646i bk3: 0a 70646i bk4: 0a 70646i bk5: 0a 70646i bk6: 0a 70646i bk7: 0a 70646i bk8: 0a 70646i bk9: 0a 70646i bk10: 0a 70646i bk11: 0a 70646i bk12: 0a 70646i bk13: 0a 70646i bk14: 0a 70646i bk15: 0a 70646i 

------------------------------------------------------------------------

Row_Buffer_Locality = -nan
Row_Buffer_Locality_read = -nan
Row_Buffer_Locality_write = -nan
Bank_Level_Parallism = -nan
Bank_Level_Parallism_Col = -nan
Bank_Level_Parallism_Ready = -nan
write_to_read_ratio_blp_rw_average = -nan
GrpLevelPara = -nan 

BW Util details:
bwutil = 0.000000 
total_CMD = 70646 
util_bw = 0 
Wasted_Col = 0 
Wasted_Row = 0 
Idle = 70646 

BW Util Bottlenecks: 
RCDc_limit = 0 
RCDWRc_limit = 0 
WTRc_limit = 0 
RTWc_limit = 0 
CCDLc_limit = 0 
rwq = 0 
CCDLc_limit_alone = 0 
WTRc_limit_alone = 0 
RTWc_limit_alone = 0 

Commands details: 
total_CMD = 70646 
n_nop = 70646 
Read = 0 
Write = 0 
L2_Alloc = 0 
L2_WB = 0 
n_act = 0 
n_pre = 0 
n_ref = 0 
n_req = 0 
total_req = 0 

Dual Bus Interface Util: 
issued_total_row = 0 
issued_total_col = 0 
Row_Bus_Util =  0.000000 
CoL_Bus_Util = 0.000000 
Either_Row_CoL_Bus_Util = 0.000000 
Issued_on_Two_Bus_Simul_Util = 0.000000 
issued_two_Eff = -nan 
queue_avg = 0.000000 


dram_util_bins: 0 0 0 0 0 0 0 0 0 0
dram_eff_bins: 0 0 0 0 0 0 0 0 0 0
mrqq: max=0 avg=0
Memory Partition 20: 
Cache L2_bank_040:
MSHR contents

Cache L2_bank_041:
MSHR contents

In Dram Latency Queue (total = 0): 
DRAM[20]: 16 bks, busW=2 BL=16 CL=24, tRRD=12 tCCD=4, tRCD=24 tRAS=55 tRP=24 tRC=78
n_cmd=70646 n_nop=70646 n_act=0 n_pre=0 n_ref_event=0 n_req=0 n_rd=0 n_rd_L2_A=0 n_write=0 n_wr_bk=0 bw_util=0
n_activity=0 dram_eff=-nan
bk0: 0a 70646i bk1: 0a 70646i bk2: 0a 70646i bk3: 0a 70646i bk4: 0a 70646i bk5: 0a 70646i bk6: 0a 70646i bk7: 0a 70646i bk8: 0a 70646i bk9: 0a 70646i bk10: 0a 70646i bk11: 0a 70646i bk12: 0a 70646i bk13: 0a 70646i bk14: 0a 70646i bk15: 0a 70646i 

------------------------------------------------------------------------

Row_Buffer_Locality = -nan
Row_Buffer_Locality_read = -nan
Row_Buffer_Locality_write = -nan
Bank_Level_Parallism = -nan
Bank_Level_Parallism_Col = -nan
Bank_Level_Parallism_Ready = -nan
write_to_read_ratio_blp_rw_average = -nan
GrpLevelPara = -nan 

BW Util details:
bwutil = 0.000000 
total_CMD = 70646 
util_bw = 0 
Wasted_Col = 0 
Wasted_Row = 0 
Idle = 70646 

BW Util Bottlenecks: 
RCDc_limit = 0 
RCDWRc_limit = 0 
WTRc_limit = 0 
RTWc_limit = 0 
CCDLc_limit = 0 
rwq = 0 
CCDLc_limit_alone = 0 
WTRc_limit_alone = 0 
RTWc_limit_alone = 0 

Commands details: 
total_CMD = 70646 
n_nop = 70646 
Read = 0 
Write = 0 
L2_Alloc = 0 
L2_WB = 0 
n_act = 0 
n_pre = 0 
n_ref = 0 
n_req = 0 
total_req = 0 

Dual Bus Interface Util: 
issued_total_row = 0 
issued_total_col = 0 
Row_Bus_Util =  0.000000 
CoL_Bus_Util = 0.000000 
Either_Row_CoL_Bus_Util = 0.000000 
Issued_on_Two_Bus_Simul_Util = 0.000000 
issued_two_Eff = -nan 
queue_avg = 0.000000 


dram_util_bins: 0 0 0 0 0 0 0 0 0 0
dram_eff_bins: 0 0 0 0 0 0 0 0 0 0
mrqq: max=0 avg=0
Memory Partition 21: 
Cache L2_bank_042:
MSHR contents

Cache L2_bank_043:
MSHR contents

In Dram Latency Queue (total = 0): 
DRAM[21]: 16 bks, busW=2 BL=16 CL=24, tRRD=12 tCCD=4, tRCD=24 tRAS=55 tRP=24 tRC=78
n_cmd=70646 n_nop=70646 n_act=0 n_pre=0 n_ref_event=0 n_req=0 n_rd=0 n_rd_L2_A=0 n_write=0 n_wr_bk=0 bw_util=0
n_activity=0 dram_eff=-nan
bk0: 0a 70646i bk1: 0a 70646i bk2: 0a 70646i bk3: 0a 70646i bk4: 0a 70646i bk5: 0a 70646i bk6: 0a 70646i bk7: 0a 70646i bk8: 0a 70646i bk9: 0a 70646i bk10: 0a 70646i bk11: 0a 70646i bk12: 0a 70646i bk13: 0a 70646i bk14: 0a 70646i bk15: 0a 70646i 

------------------------------------------------------------------------

Row_Buffer_Locality = -nan
Row_Buffer_Locality_read = -nan
Row_Buffer_Locality_write = -nan
Bank_Level_Parallism = -nan
Bank_Level_Parallism_Col = -nan
Bank_Level_Parallism_Ready = -nan
write_to_read_ratio_blp_rw_average = -nan
GrpLevelPara = -nan 

BW Util details:
bwutil = 0.000000 
total_CMD = 70646 
util_bw = 0 
Wasted_Col = 0 
Wasted_Row = 0 
Idle = 70646 

BW Util Bottlenecks: 
RCDc_limit = 0 
RCDWRc_limit = 0 
WTRc_limit = 0 
RTWc_limit = 0 
CCDLc_limit = 0 
rwq = 0 
CCDLc_limit_alone = 0 
WTRc_limit_alone = 0 
RTWc_limit_alone = 0 

Commands details: 
total_CMD = 70646 
n_nop = 70646 
Read = 0 
Write = 0 
L2_Alloc = 0 
L2_WB = 0 
n_act = 0 
n_pre = 0 
n_ref = 0 
n_req = 0 
total_req = 0 

Dual Bus Interface Util: 
issued_total_row = 0 
issued_total_col = 0 
Row_Bus_Util =  0.000000 
CoL_Bus_Util = 0.000000 
Either_Row_CoL_Bus_Util = 0.000000 
Issued_on_Two_Bus_Simul_Util = 0.000000 
issued_two_Eff = -nan 
queue_avg = 0.000000 


dram_util_bins: 0 0 0 0 0 0 0 0 0 0
dram_eff_bins: 0 0 0 0 0 0 0 0 0 0
mrqq: max=0 avg=0
Memory Partition 22: 
Cache L2_bank_044:
MSHR contents

Cache L2_bank_045:
MSHR contents

In Dram Latency Queue (total = 0): 
DRAM[22]: 16 bks, busW=2 BL=16 CL=24, tRRD=12 tCCD=4, tRCD=24 tRAS=55 tRP=24 tRC=78
n_cmd=70646 n_nop=70646 n_act=0 n_pre=0 n_ref_event=0 n_req=0 n_rd=0 n_rd_L2_A=0 n_write=0 n_wr_bk=0 bw_util=0
n_activity=0 dram_eff=-nan
bk0: 0a 70646i bk1: 0a 70646i bk2: 0a 70646i bk3: 0a 70646i bk4: 0a 70646i bk5: 0a 70646i bk6: 0a 70646i bk7: 0a 70646i bk8: 0a 70646i bk9: 0a 70646i bk10: 0a 70646i bk11: 0a 70646i bk12: 0a 70646i bk13: 0a 70646i bk14: 0a 70646i bk15: 0a 70646i 

------------------------------------------------------------------------

Row_Buffer_Locality = -nan
Row_Buffer_Locality_read = -nan
Row_Buffer_Locality_write = -nan
Bank_Level_Parallism = -nan
Bank_Level_Parallism_Col = -nan
Bank_Level_Parallism_Ready = -nan
write_to_read_ratio_blp_rw_average = -nan
GrpLevelPara = -nan 

BW Util details:
bwutil = 0.000000 
total_CMD = 70646 
util_bw = 0 
Wasted_Col = 0 
Wasted_Row = 0 
Idle = 70646 

BW Util Bottlenecks: 
RCDc_limit = 0 
RCDWRc_limit = 0 
WTRc_limit = 0 
RTWc_limit = 0 
CCDLc_limit = 0 
rwq = 0 
CCDLc_limit_alone = 0 
WTRc_limit_alone = 0 
RTWc_limit_alone = 0 

Commands details: 
total_CMD = 70646 
n_nop = 70646 
Read = 0 
Write = 0 
L2_Alloc = 0 
L2_WB = 0 
n_act = 0 
n_pre = 0 
n_ref = 0 
n_req = 0 
total_req = 0 

Dual Bus Interface Util: 
issued_total_row = 0 
issued_total_col = 0 
Row_Bus_Util =  0.000000 
CoL_Bus_Util = 0.000000 
Either_Row_CoL_Bus_Util = 0.000000 
Issued_on_Two_Bus_Simul_Util = 0.000000 
issued_two_Eff = -nan 
queue_avg = 0.000000 


dram_util_bins: 0 0 0 0 0 0 0 0 0 0
dram_eff_bins: 0 0 0 0 0 0 0 0 0 0
mrqq: max=0 avg=0
Memory Partition 23: 
Cache L2_bank_046:
MSHR contents

Cache L2_bank_047:
MSHR contents

In Dram Latency Queue (total = 0): 
DRAM[23]: 16 bks, busW=2 BL=16 CL=24, tRRD=12 tCCD=4, tRCD=24 tRAS=55 tRP=24 tRC=78
n_cmd=70646 n_nop=70646 n_act=0 n_pre=0 n_ref_event=0 n_req=0 n_rd=0 n_rd_L2_A=0 n_write=0 n_wr_bk=0 bw_util=0
n_activity=0 dram_eff=-nan
bk0: 0a 70646i bk1: 0a 70646i bk2: 0a 70646i bk3: 0a 70646i bk4: 0a 70646i bk5: 0a 70646i bk6: 0a 70646i bk7: 0a 70646i bk8: 0a 70646i bk9: 0a 70646i bk10: 0a 70646i bk11: 0a 70646i bk12: 0a 70646i bk13: 0a 70646i bk14: 0a 70646i bk15: 0a 70646i 

------------------------------------------------------------------------

Row_Buffer_Locality = -nan
Row_Buffer_Locality_read = -nan
Row_Buffer_Locality_write = -nan
Bank_Level_Parallism = -nan
Bank_Level_Parallism_Col = -nan
Bank_Level_Parallism_Ready = -nan
write_to_read_ratio_blp_rw_average = -nan
GrpLevelPara = -nan 

BW Util details:
bwutil = 0.000000 
total_CMD = 70646 
util_bw = 0 
Wasted_Col = 0 
Wasted_Row = 0 
Idle = 70646 

BW Util Bottlenecks: 
RCDc_limit = 0 
RCDWRc_limit = 0 
WTRc_limit = 0 
RTWc_limit = 0 
CCDLc_limit = 0 
rwq = 0 
CCDLc_limit_alone = 0 
WTRc_limit_alone = 0 
RTWc_limit_alone = 0 

Commands details: 
total_CMD = 70646 
n_nop = 70646 
Read = 0 
Write = 0 
L2_Alloc = 0 
L2_WB = 0 
n_act = 0 
n_pre = 0 
n_ref = 0 
n_req = 0 
total_req = 0 

Dual Bus Interface Util: 
issued_total_row = 0 
issued_total_col = 0 
Row_Bus_Util =  0.000000 
CoL_Bus_Util = 0.000000 
Either_Row_CoL_Bus_Util = 0.000000 
Issued_on_Two_Bus_Simul_Util = 0.000000 
issued_two_Eff = -nan 
queue_avg = 0.000000 


dram_util_bins: 0 0 0 0 0 0 0 0 0 0
dram_eff_bins: 0 0 0 0 0 0 0 0 0 0
mrqq: max=0 avg=0

========= L2 cache stats =========
L2_cache_bank[0]: Access = 304, Miss = 48, Miss_rate = 0.158, Pending_hits = 0, Reservation_fails = 0
L2_cache_bank[1]: Access = 304, Miss = 48, Miss_rate = 0.158, Pending_hits = 0, Reservation_fails = 0
L2_cache_bank[2]: Access = 304, Miss = 48, Miss_rate = 0.158, Pending_hits = 0, Reservation_fails = 0
L2_cache_bank[3]: Access = 304, Miss = 48, Miss_rate = 0.158, Pending_hits = 0, Reservation_fails = 0
L2_cache_bank[4]: Access = 304, Miss = 48, Miss_rate = 0.158, Pending_hits = 0, Reservation_fails = 0
L2_cache_bank[5]: Access = 304, Miss = 48, Miss_rate = 0.158, Pending_hits = 0, Reservation_fails = 0
L2_cache_bank[6]: Access = 304, Miss = 48, Miss_rate = 0.158, Pending_hits = 0, Reservation_fails = 0
L2_cache_bank[7]: Access = 304, Miss = 48, Miss_rate = 0.158, Pending_hits = 0, Reservation_fails = 0
L2_cache_bank[8]: Access = 304, Miss = 48, Miss_rate = 0.158, Pending_hits = 0, Reservation_fails = 0
L2_cache_bank[9]: Access = 304, Miss = 48, Miss_rate = 0.158, Pending_hits = 0, Reservation_fails = 0
L2_cache_bank[10]: Access = 304, Miss = 48, Miss_rate = 0.158, Pending_hits = 0, Reservation_fails = 0
L2_cache_bank[11]: Access = 304, Miss = 48, Miss_rate = 0.158, Pending_hits = 0, Reservation_fails = 0
L2_cache_bank[12]: Access = 304, Miss = 48, Miss_rate = 0.158, Pending_hits = 0, Reservation_fails = 0
L2_cache_bank[13]: Access = 304, Miss = 48, Miss_rate = 0.158, Pending_hits = 0, Reservation_fails = 0
L2_cache_bank[14]: Access = 304, Miss = 48, Miss_rate = 0.158, Pending_hits = 0, Reservation_fails = 0
L2_cache_bank[15]: Access = 304, Miss = 48, Miss_rate = 0.158, Pending_hits = 0, Reservation_fails = 0
L2_cache_bank[16]: Access = 224, Miss = 28, Miss_rate = 0.125, Pending_hits = 0, Reservation_fails = 0
L2_cache_bank[17]: Access = 224, Miss = 28, Miss_rate = 0.125, Pending_hits = 0, Reservation_fails = 0
L2_cache_bank[18]: Access = 224, Miss = 28, Miss_rate = 0.125, Pending_hits = 0, Reservation_fails = 0
L2_cache_bank[19]: Access = 224, Miss = 28, Miss_rate = 0.125, Pending_hits = 0, Reservation_fails = 0
L2_cache_bank[20]: Access = 224, Miss = 28, Miss_rate = 0.125, Pending_hits = 0, Reservation_fails = 0
L2_cache_bank[21]: Access = 224, Miss = 28, Miss_rate = 0.125, Pending_hits = 0, Reservation_fails = 0
L2_cache_bank[22]: Access = 224, Miss = 28, Miss_rate = 0.125, Pending_hits = 0, Reservation_fails = 0
L2_cache_bank[23]: Access = 224, Miss = 28, Miss_rate = 0.125, Pending_hits = 0, Reservation_fails = 0
L2_cache_bank[24]: Access = 224, Miss = 28, Miss_rate = 0.125, Pending_hits = 0, Reservation_fails = 0
L2_cache_bank[25]: Access = 224, Miss = 28, Miss_rate = 0.125, Pending_hits = 0, Reservation_fails = 0
L2_cache_bank[26]: Access = 224, Miss = 28, Miss_rate = 0.125, Pending_hits = 0, Reservation_fails = 0
L2_cache_bank[27]: Access = 224, Miss = 28, Miss_rate = 0.125, Pending_hits = 0, Reservation_fails = 0
L2_cache_bank[28]: Access = 224, Miss = 28, Miss_rate = 0.125, Pending_hits = 0, Reservation_fails = 0
L2_cache_bank[29]: Access = 224, Miss = 28, Miss_rate = 0.125, Pending_hits = 0, Reservation_fails = 0
L2_cache_bank[30]: Access = 224, Miss = 28, Miss_rate = 0.125, Pending_hits = 0, Reservation_fails = 0
L2_cache_bank[31]: Access = 224, Miss = 28, Miss_rate = 0.125, Pending_hits = 0, Reservation_fails = 0
L2_cache_bank[32]: Access = 128, Miss = 8, Miss_rate = 0.062, Pending_hits = 0, Reservation_fails = 0
L2_cache_bank[33]: Access = 128, Miss = 8, Miss_rate = 0.062, Pending_hits = 0, Reservation_fails = 0
L2_cache_bank[34]: Access = 128, Miss = 8, Miss_rate = 0.062, Pending_hits = 0, Reservation_fails = 0
L2_cache_bank[35]: Access = 128, Miss = 8, Miss_rate = 0.062, Pending_hits = 0, Reservation_fails = 0
L2_cache_bank[36]: Access = 128, Miss = 8, Miss_rate = 0.062, Pending_hits = 0, Reservation_fails = 0
L2_cache_bank[37]: Access = 128, Miss = 8, Miss_rate = 0.062, Pending_hits = 0, Reservation_fails = 0
L2_cache_bank[38]: Access = 128, Miss = 8, Miss_rate = 0.062, Pending_hits = 0, Reservation_fails = 0
L2_cache_bank[39]: Access = 128, Miss = 8, Miss_rate = 0.062, Pending_hits = 0, Reservation_fails = 0
L2_cache_bank[40]: Access = 128, Miss = 4, Miss_rate = 0.031, Pending_hits = 0, Reservation_fails = 0
L2_cache_bank[41]: Access = 128, Miss = 4, Miss_rate = 0.031, Pending_hits = 0, Reservation_fails = 0
L2_cache_bank[42]: Access = 128, Miss = 4, Miss_rate = 0.031, Pending_hits = 0, Reservation_fails = 0
L2_cache_bank[43]: Access = 128, Miss = 4, Miss_rate = 0.031, Pending_hits = 0, Reservation_fails = 0
L2_cache_bank[44]: Access = 128, Miss = 4, Miss_rate = 0.031, Pending_hits = 0, Reservation_fails = 0
L2_cache_bank[45]: Access = 128, Miss = 4, Miss_rate = 0.031, Pending_hits = 0, Reservation_fails = 0
L2_cache_bank[46]: Access = 128, Miss = 4, Miss_rate = 0.031, Pending_hits = 0, Reservation_fails = 0
L2_cache_bank[47]: Access = 128, Miss = 4, Miss_rate = 0.031, Pending_hits = 0, Reservation_fails = 0
L2_total_cache_accesses = 10496
L2_total_cache_misses = 1312
L2_total_cache_miss_rate = 0.1250
L2_total_cache_pending_hits = 0
L2_total_cache_reservation_fails = 0
L2_total_cache_breakdown:
	L2_cache_stats_breakdown[GLOBAL_ACC_R][HIT] = 1312
	L2_cache_stats_breakdown[GLOBAL_ACC_R][HIT_RESERVED] = 0
	L2_cache_stats_breakdown[GLOBAL_ACC_R][MISS] = 0
	L2_cache_stats_breakdown[GLOBAL_ACC_R][RESERVATION_FAIL] = 0
	L2_cache_stats_breakdown[GLOBAL_ACC_R][SECTOR_MISS] = 0
	L2_cache_stats_breakdown[GLOBAL_ACC_R][MSHR_HIT] = 0
	L2_cache_stats_breakdown[LOCAL_ACC_R][HIT] = 0
	L2_cache_stats_breakdown[LOCAL_ACC_R][HIT_RESERVED] = 0
	L2_cache_stats_breakdown[LOCAL_ACC_R][MISS] = 0
	L2_cache_stats_breakdown[LOCAL_ACC_R][RESERVATION_FAIL] = 0
	L2_cache_stats_breakdown[LOCAL_ACC_R][SECTOR_MISS] = 0
	L2_cache_stats_breakdown[LOCAL_ACC_R][MSHR_HIT] = 0
	L2_cache_stats_breakdown[CONST_ACC_R][HIT] = 0
	L2_cache_stats_breakdown[CONST_ACC_R][HIT_RESERVED] = 0
	L2_cache_stats_breakdown[CONST_ACC_R][MISS] = 0
	L2_cache_stats_breakdown[CONST_ACC_R][RESERVATION_FAIL] = 0
	L2_cache_stats_breakdown[CONST_ACC_R][SECTOR_MISS] = 0
	L2_cache_stats_breakdown[CONST_ACC_R][MSHR_HIT] = 0
	L2_cache_stats_breakdown[TEXTURE_ACC_R][HIT] = 0
	L2_cache_stats_breakdown[TEXTURE_ACC_R][HIT_RESERVED] = 0
	L2_cache_stats_breakdown[TEXTURE_ACC_R][MISS] = 0
	L2_cache_stats_breakdown[TEXTURE_ACC_R][RESERVATION_FAIL] = 0
	L2_cache_stats_breakdown[TEXTURE_ACC_R][SECTOR_MISS] = 0
	L2_cache_stats_breakdown[TEXTURE_ACC_R][MSHR_HIT] = 0
	L2_cache_stats_breakdown[GLOBAL_ACC_W][HIT] = 1312
	L2_cache_stats_breakdown[GLOBAL_ACC_W][HIT_RESERVED] = 0
	L2_cache_stats_breakdown[GLOBAL_ACC_W][MISS] = 0
	L2_cache_stats_breakdown[GLOBAL_ACC_W][RESERVATION_FAIL] = 0
	L2_cache_stats_breakdown[GLOBAL_ACC_W][SECTOR_MISS] = 0
	L2_cache_stats_breakdown[GLOBAL_ACC_W][MSHR_HIT] = 0
	L2_cache_stats_breakdown[LOCAL_ACC_W][HIT] = 0
	L2_cache_stats_breakdown[LOCAL_ACC_W][HIT_RESERVED] = 0
	L2_cache_stats_breakdown[LOCAL_ACC_W][MISS] = 0
	L2_cache_stats_breakdown[LOCAL_ACC_W][RESERVATION_FAIL] = 0
	L2_cache_stats_breakdown[LOCAL_ACC_W][SECTOR_MISS] = 0
	L2_cache_stats_breakdown[LOCAL_ACC_W][MSHR_HIT] = 0
	L2_cache_stats_breakdown[L1_WRBK_ACC][HIT] = 0
	L2_cache_stats_breakdown[L1_WRBK_ACC][HIT_RESERVED] = 0
	L2_cache_stats_breakdown[L1_WRBK_ACC][MISS] = 0
	L2_cache_stats_breakdown[L1_WRBK_ACC][RESERVATION_FAIL] = 0
	L2_cache_stats_breakdown[L1_WRBK_ACC][SECTOR_MISS] = 0
	L2_cache_stats_breakdown[L1_WRBK_ACC][MSHR_HIT] = 0
	L2_cache_stats_breakdown[L2_WRBK_ACC][HIT] = 0
	L2_cache_stats_breakdown[L2_WRBK_ACC][HIT_RESERVED] = 0
	L2_cache_stats_breakdown[L2_WRBK_ACC][MISS] = 0
	L2_cache_stats_breakdown[L2_WRBK_ACC][RESERVATION_FAIL] = 0
	L2_cache_stats_breakdown[L2_WRBK_ACC][SECTOR_MISS] = 0
	L2_cache_stats_breakdown[L2_WRBK_ACC][MSHR_HIT] = 0
	L2_cache_stats_breakdown[INST_ACC_R][HIT] = 0
	L2_cache_stats_breakdown[INST_ACC_R][HIT_RESERVED] = 0
	L2_cache_stats_breakdown[INST_ACC_R][MISS] = 0
	L2_cache_stats_breakdown[INST_ACC_R][RESERVATION_FAIL] = 0
	L2_cache_stats_breakdown[INST_ACC_R][SECTOR_MISS] = 0
	L2_cache_stats_breakdown[INST_ACC_R][MSHR_HIT] = 0
	L2_cache_stats_breakdown[L1_WR_ALLOC_R][HIT] = 0
	L2_cache_stats_breakdown[L1_WR_ALLOC_R][HIT_RESERVED] = 0
	L2_cache_stats_breakdown[L1_WR_ALLOC_R][MISS] = 0
	L2_cache_stats_breakdown[L1_WR_ALLOC_R][RESERVATION_FAIL] = 0
	L2_cache_stats_breakdown[L1_WR_ALLOC_R][SECTOR_MISS] = 0
	L2_cache_stats_breakdown[L1_WR_ALLOC_R][MSHR_HIT] = 0
	L2_cache_stats_breakdown[L2_WR_ALLOC_R][HIT] = 0
	L2_cache_stats_breakdown[L2_WR_ALLOC_R][HIT_RESERVED] = 0
	L2_cache_stats_breakdown[L2_WR_ALLOC_R][MISS] = 0
	L2_cache_stats_breakdown[L2_WR_ALLOC_R][RESERVATION_FAIL] = 0
	L2_cache_stats_breakdown[L2_WR_ALLOC_R][SECTOR_MISS] = 0
	L2_cache_stats_breakdown[L2_WR_ALLOC_R][MSHR_HIT] = 0
	L2_cache_stats_breakdown[GLOBAL_ACC_R][TOTAL_ACCESS] = 1312
	L2_cache_stats_breakdown[GLOBAL_ACC_W][TOTAL_ACCESS] = 1312
L2_total_cache_reservation_fail_breakdown:
L2_cache_data_port_util = 0.008
L2_cache_fill_port_util = 0.000

icnt_total_pkts_mem_to_simt=10496
icnt_total_pkts_simt_to_mem=10496
LD_mem_lat_dist  0 0 0 0 0 0 0 0 0 0 0 0 0 0 0 0 0 0 0 0 0 0 0 0 0 0 0
ST_mem_lat_dist  0 0 0 0 0 0 0 0 0 0 0 0 0 0 0 0 0 0 0 0 0 0 0 0 0 0 0
----------------------------Interconnect-DETAILS--------------------------------
Req_Network_injected_packets_num = 10496
Req_Network_cycles = 22812
Req_Network_injected_packets_per_cycle =       0.4601 
Req_Network_conflicts_per_cycle =       0.5174
Req_Network_conflicts_per_cycle_util =      24.7463
Req_Bank_Level_Parallism =      22.0042
Req_Network_in_buffer_full_per_cycle =       0.0000
Req_Network_in_buffer_avg_util =       0.0445
Req_Network_out_buffer_full_per_cycle =       0.0000
Req_Network_out_buffer_avg_util =       0.0096

Reply_Network_injected_packets_num = 10496
Reply_Network_cycles = 22812
Reply_Network_injected_packets_per_cycle =        0.4601
Reply_Network_conflicts_per_cycle =        0.0209
Reply_Network_conflicts_per_cycle_util =       0.9937
Reply_Bank_Level_Parallism =      21.9123
Reply_Network_in_buffer_full_per_cycle =       0.0000
Reply_Network_in_buffer_avg_util =       0.0010
Reply_Network_out_buffer_full_per_cycle =       0.0000
Reply_Network_out_buffer_avg_util =       0.0056
----------------------------END-of-Interconnect-DETAILS-------------------------


gpgpu_simulation_time = 0 days, 0 hrs, 0 min, 8 sec (8 sec)
gpgpu_simulation_rate = 167936 (inst/sec)
gpgpu_simulation_rate = 2851 (cycle/sec)
gpgpu_silicon_slowdown = 594528x
GPGPU-Sim: synchronize waiting for inactive GPU simulation
GPGPU-Sim API: Stream Manager State
GPGPU-Sim: detected inactive GPU simulation thread
MLX_GPU_PROXY_SUMMARY {"operator":"bsmm","count":10496,"parameter":4,"checksum":6087.329822898,"reference":6087.329939842,"relative_error":1.92111014525e-08}
GPGPU-Sim: *** exit detected ***
