self exe links to: /workspace/MLX_dev/build/fig24-qkv-orin-steady-state/mlx_fig24_schedule_witness
self exe links to: /workspace/MLX_dev/build/fig24-qkv-orin-steady-state/mlx_fig24_schedule_witness
11.0


        *** GPGPU-Sim Simulator Version 4.2.0  [build gpgpu-sim_git-commit-68e1cd3_modified_1.0] ***


GPGPU-Sim PTX: simulation mode 0 (can change with PTX_SIM_MODE_FUNC environment variable:
               1=functional simulation only, 0=detailed performance simulator)
GPGPU-Sim PTX: overriding embedded ptx with ptx file (PTX_SIM_USE_PTX_FILE is set)
GPGPU-Sim: Configuration options:

-save_embedded_ptx                      0 # saves ptx files embedded in binary as <n>.ptx
-keep                                   0 # keep intermediate files created by GPGPU-Sim when interfacing with external programs
-gpgpu_ptx_save_converted_ptxplus                    0 # Saved converted ptxplus to a file
-gpgpu_occupancy_sm_number                   86 # The SM number to pass to ptxas when getting register usage for computing GPU occupancy. This parameter is required in the config.
-ptx_opcode_latency_int           4,4,4,4,21 # Opcode latencies for integers <ADD,MAX,MUL,MAD,DIV,SHFL>Default 1,1,19,25,145,32
-ptx_opcode_latency_fp           4,4,4,4,39 # Opcode latencies for single precision floating points <ADD,MAX,MUL,MAD,DIV>Default 1,1,1,1,30
-ptx_opcode_latency_dp      64,64,64,64,330 # Opcode latencies for double precision floating points <ADD,MAX,MUL,MAD,DIV>Default 8,8,8,8,335
-ptx_opcode_latency_sfu                   21 # Opcode latencies for SFU instructionsDefault 8
-ptx_opcode_latency_tesnor                   64 # Opcode latencies for Tensor instructionsDefault 64
-ptx_opcode_initiation_int            2,2,2,2,2 # Opcode initiation intervals for integers <ADD,MAX,MUL,MAD,DIV,SHFL>Default 1,1,4,4,32,4
-ptx_opcode_initiation_fp            1,1,1,1,2 # Opcode initiation intervals for single precision floating points <ADD,MAX,MUL,MAD,DIV>Default 1,1,1,1,5
-ptx_opcode_initiation_dp      64,64,64,64,130 # Opcode initiation intervals for double precision floating points <ADD,MAX,MUL,MAD,DIV>Default 8,8,8,8,130
-ptx_opcode_initiation_sfu                    8 # Opcode initiation intervals for sfu instructionsDefault 8
-ptx_opcode_initiation_tensor                   64 # Opcode initiation intervals for tensor instructionsDefault 64
-cdp_latency         7200,8000,100,12000,1600 # CDP API latency <cudaStreamCreateWithFlags, cudaGetParameterBufferV2_init_perWarp, cudaGetParameterBufferV2_perKernel, cudaLaunchDeviceV2_init_perWarp, cudaLaunchDevicV2_perKernel>Default 7200,8000,100,12000,1600
-network_mode                           2 # Interconnection network mode
-inter_config_file                   mesh # Interconnection network config file
-icnt_in_buffer_limit                  512 # in_buffer_limit
-icnt_out_buffer_limit                  512 # out_buffer_limit
-icnt_subnets                           2 # subnets
-icnt_arbiter_algo                      1 # arbiter_algo
-icnt_verbose                           0 # inct_verbose
-icnt_grant_cycles                      1 # grant_cycles
-gpgpu_ptx_use_cuobjdump                    1 # Use cuobjdump to extract ptx and sass from binaries
-gpgpu_experimental_lib_support                    0 # Try to extract code from cuda libraries [Broken because of unknown cudaGetExportTable]
-checkpoint_option                      0 #  checkpointing flag (0 = no checkpoint)
-checkpoint_kernel                      1 #  checkpointing during execution of which kernel (1- 1st kernel)
-checkpoint_CTA                         0 #  checkpointing after # of CTA (< less than total CTA)
-resume_option                          0 #  resume flag (0 = no resume)
-resume_kernel                          0 #  Resume from which kernel (1= 1st kernel)
-resume_CTA                             0 #  resume from which CTA 
-checkpoint_CTA_t                       0 #  resume from which CTA 
-checkpoint_insn_Y                      0 #  resume from which CTA 
-gpgpu_ptx_convert_to_ptxplus                    0 # Convert SASS (native ISA) to ptxplus and run ptxplus
-gpgpu_ptx_force_max_capability                   86 # Force maximum compute capability
-gpgpu_ptx_inst_debug_to_file                    0 # Dump executed instructions' debug information to file
-gpgpu_ptx_inst_debug_file       inst_debug.txt # Executed instructions' debug output file
-gpgpu_ptx_inst_debug_thread_uid                    1 # Thread UID for executed instructions' debug output
-gpgpu_simd_model                       1 # 1 = post-dominator
-gpgpu_shader_core_pipeline              1536:32 # shader core pipeline config, i.e., {<nthread>:<warpsize>}
-gpgpu_tex_cache:l1  N:4:128:256,L:R:m:N:L,T:512:8,128:2 # per-shader L1 texture cache  (READ-ONLY) config  {<nsets>:<bsize>:<assoc>,<rep>:<wr>:<alloc>:<wr_alloc>,<mshr>:<N>:<merge>,<mq>:<rf>}
-gpgpu_const_cache:l1 N:128:64:8,L:R:f:N:L,S:2:64,4 # per-shader L1 constant memory cache  (READ-ONLY) config  {<nsets>:<bsize>:<assoc>,<rep>:<wr>:<alloc>:<wr_alloc>,<mshr>:<N>:<merge>,<mq>} 
-gpgpu_cache:il1     N:64:128:16,L:R:f:N:L,S:2:48,4 # shader L1 instruction cache config  {<nsets>:<bsize>:<assoc>,<rep>:<wr>:<alloc>:<wr_alloc>,<mshr>:<N>:<merge>,<mq>} 
-gpgpu_cache:dl1     S:4:128:256,L:T:m:L:L,A:384:48,16:0,32 # per-shader L1 data cache config  {<nsets>:<bsize>:<assoc>,<rep>:<wr>:<alloc>:<wr_alloc>,<mshr>:<N>:<merge>,<mq> | none}
-gpgpu_l1_cache_write_ratio                   25 # L1D write ratio
-gpgpu_l1_banks                         4 # The number of L1 cache banks
-gpgpu_l1_banks_byte_interleaving                   32 # l1 banks byte interleaving granularity
-gpgpu_l1_banks_hashing_function                    0 # l1 banks hashing function
-gpgpu_l1_latency                      39 # L1 Hit Latency
-gpgpu_smem_latency                    29 # smem Latency
-gpgpu_cache:dl1PrefL1                 none # per-shader L1 data cache config  {<nsets>:<bsize>:<assoc>,<rep>:<wr>:<alloc>:<wr_alloc>,<mshr>:<N>:<merge>,<mq> | none}
-gpgpu_cache:dl1PrefShared                 none # per-shader L1 data cache config  {<nsets>:<bsize>:<assoc>,<rep>:<wr>:<alloc>:<wr_alloc>,<mshr>:<N>:<merge>,<mq> | none}
-gpgpu_gmem_skip_L1D                    0 # global memory access skip L1D cache (implements -Xptxas -dlcm=cg, default=no skip)
-gpgpu_perfect_mem                      0 # enable perfect memory mode (no cache miss)
-n_regfile_gating_group                    4 # group of lanes that should be read/written together)
-gpgpu_clock_gated_reg_file                    0 # enable clock gated reg file for power calculations
-gpgpu_clock_gated_lanes                    0 # enable clock gated lanes for power calculations
-gpgpu_shader_registers                65536 # Number of registers per shader core. Limits number of concurrent CTAs. (default 8192)
-gpgpu_registers_per_block                65536 # Maximum number of registers per CTA. (default 8192)
-gpgpu_ignore_resources_limitation                    0 # gpgpu_ignore_resources_limitation (default 0)
-gpgpu_shader_cta                      32 # Maximum number of concurrent CTAs in shader (default 32)
-gpgpu_num_cta_barriers                   16 # Maximum number of named barriers per CTA (default 16)
-gpgpu_n_clusters                      16 # number of processing clusters
-gpgpu_n_cores_per_cluster                    1 # number of simd cores per cluster
-gpgpu_n_cluster_ejection_buffer_size                   32 # number of packets in ejection buffer
-gpgpu_n_ldst_response_buffer_size                    2 # number of response packets in ld/st unit ejection buffer
-gpgpu_shmem_per_block                49152 # Size of shared memory per thread block or CTA (default 48kB)
-gpgpu_shmem_size                  102400 # Size of shared memory per shader core (default 16kB)
-gpgpu_shmem_option      0,8,16,32,64,100 # Option list of shared memory sizes
-gpgpu_unified_l1d_size                  128 # Size of unified data cache(L1D + shared memory) in KB
-gpgpu_adaptive_cache_config                    1 # adaptive_cache_config
-gpgpu_shmem_sizeDefault               102400 # Size of shared memory per shader core (default 16kB)
-gpgpu_shmem_size_PrefL1                16384 # Size of shared memory per shader core (default 16kB)
-gpgpu_shmem_size_PrefShared                16384 # Size of shared memory per shader core (default 16kB)
-gpgpu_shmem_num_banks                   32 # Number of banks in the shared memory in each shader core (default 16)
-gpgpu_shmem_limited_broadcast                    0 # Limit shared memory to do one broadcast per cycle (default on)
-gpgpu_shmem_warp_parts                    1 # Number of portions a warp is divided into for shared memory bank conflict check 
-gpgpu_mem_unit_ports                    1 # The number of memory transactions allowed per core cycle
-gpgpu_shmem_warp_parts                    1 # Number of portions a warp is divided into for shared memory bank conflict check 
-gpgpu_warpdistro_shader                   -1 # Specify which shader core to collect the warp size distribution from
-gpgpu_warp_issue_shader                    0 # Specify which shader core to collect the warp issue distribution from
-gpgpu_local_mem_map                    1 # Mapping from local memory space address to simulated GPU physical address space (default = enabled)
-gpgpu_num_reg_banks                    8 # Number of register banks (default = 8)
-gpgpu_reg_bank_use_warp_id                    0 # Use warp ID in mapping registers to banks (default = off)
-gpgpu_sub_core_model                    1 # Sub Core Volta/Pascal model (default = off)
-gpgpu_enable_specialized_operand_collector                    0 # enable_specialized_operand_collector
-gpgpu_operand_collector_num_units_sp                    4 # number of collector units (default = 4)
-gpgpu_operand_collector_num_units_dp                    0 # number of collector units (default = 0)
-gpgpu_operand_collector_num_units_sfu                    4 # number of collector units (default = 4)
-gpgpu_operand_collector_num_units_int                    0 # number of collector units (default = 0)
-gpgpu_operand_collector_num_units_tensor_core                    4 # number of collector units (default = 4)
-gpgpu_operand_collector_num_units_mem                    2 # number of collector units (default = 2)
-gpgpu_operand_collector_num_units_gen                    8 # number of collector units (default = 0)
-gpgpu_operand_collector_num_in_ports_sp                    1 # number of collector unit in ports (default = 1)
-gpgpu_operand_collector_num_in_ports_dp                    0 # number of collector unit in ports (default = 0)
-gpgpu_operand_collector_num_in_ports_sfu                    1 # number of collector unit in ports (default = 1)
-gpgpu_operand_collector_num_in_ports_int                    0 # number of collector unit in ports (default = 0)
-gpgpu_operand_collector_num_in_ports_tensor_core                    1 # number of collector unit in ports (default = 1)
-gpgpu_operand_collector_num_in_ports_mem                    1 # number of collector unit in ports (default = 1)
-gpgpu_operand_collector_num_in_ports_gen                    8 # number of collector unit in ports (default = 0)
-gpgpu_operand_collector_num_out_ports_sp                    1 # number of collector unit in ports (default = 1)
-gpgpu_operand_collector_num_out_ports_dp                    0 # number of collector unit in ports (default = 0)
-gpgpu_operand_collector_num_out_ports_sfu                    1 # number of collector unit in ports (default = 1)
-gpgpu_operand_collector_num_out_ports_int                    0 # number of collector unit in ports (default = 0)
-gpgpu_operand_collector_num_out_ports_tensor_core                    1 # number of collector unit in ports (default = 1)
-gpgpu_operand_collector_num_out_ports_mem                    1 # number of collector unit in ports (default = 1)
-gpgpu_operand_collector_num_out_ports_gen                    8 # number of collector unit in ports (default = 0)
-gpgpu_coalesce_arch                   86 # Coalescing arch (GT200 = 13, Fermi = 20)
-gpgpu_num_sched_per_core                    4 # Number of warp schedulers per core
-gpgpu_max_insn_issue_per_warp                    1 # Max number of instructions that can be issued per warp in one cycle by scheduler (either 1 or 2)
-gpgpu_dual_issue_diff_exec_units                    1 # should dual issue use two different execution unit resources (Default = 1)
-gpgpu_simt_core_sim_order                    1 # Select the simulation order of cores in a cluster (0=Fix, 1=Round-Robin)
-gpgpu_pipeline_widths 4,4,4,4,4,4,4,4,4,4,8,4,4 # Pipeline widths ID_OC_SP,ID_OC_DP,ID_OC_INT,ID_OC_SFU,ID_OC_MEM,OC_EX_SP,OC_EX_DP,OC_EX_INT,OC_EX_SFU,OC_EX_MEM,EX_WB,ID_OC_TENSOR_CORE,OC_EX_TENSOR_CORE
-gpgpu_tensor_core_avail                    1 # Tensor Core Available (default=0)
-gpgpu_num_sp_units                     4 # Number of SP units (default=1)
-gpgpu_num_dp_units                     4 # Number of DP units (default=0)
-gpgpu_num_int_units                    4 # Number of INT units (default=0)
-gpgpu_num_sfu_units                    4 # Number of SF units (default=1)
-gpgpu_num_tensor_core_units                    4 # Number of tensor_core units (default=1)
-gpgpu_num_mem_units                    1 # Number if ldst units (default=1) WARNING: not hooked up to anything
-gpgpu_scheduler                      lrr # Scheduler configuration: < lrr | gto | two_level_active > If two_level_active:<num_active_warps>:<inner_prioritization>:<outer_prioritization>For complete list of prioritization values see shader.h enum scheduler_prioritization_typeDefault: gto
-gpgpu_concurrent_kernel_sm                    0 # Support concurrent kernels on a SM (default = disabled)
-gpgpu_perfect_inst_const_cache                    1 # perfect inst and const cache mode, so all inst and const hits in the cache(default = disabled)
-gpgpu_inst_fetch_throughput                    4 # the number of fetched intruction per warp each cycle
-gpgpu_reg_file_port_throughput                    2 # the number ports of the register file
-specialized_unit_1         0,4,4,4,4,BRA # specialized unit config {<enabled>,<num_units>:<latency>:<initiation>,<ID_OC_SPEC>:<OC_EX_SPEC>,<NAME>}
-specialized_unit_2         0,4,4,4,4,BRA # specialized unit config {<enabled>,<num_units>:<latency>:<initiation>,<ID_OC_SPEC>:<OC_EX_SPEC>,<NAME>}
-specialized_unit_3         0,4,4,4,4,BRA # specialized unit config {<enabled>,<num_units>:<latency>:<initiation>,<ID_OC_SPEC>:<OC_EX_SPEC>,<NAME>}
-specialized_unit_4         0,4,4,4,4,BRA # specialized unit config {<enabled>,<num_units>:<latency>:<initiation>,<ID_OC_SPEC>:<OC_EX_SPEC>,<NAME>}
-specialized_unit_5         0,4,4,4,4,BRA # specialized unit config {<enabled>,<num_units>:<latency>:<initiation>,<ID_OC_SPEC>:<OC_EX_SPEC>,<NAME>}
-specialized_unit_6         0,4,4,4,4,BRA # specialized unit config {<enabled>,<num_units>:<latency>:<initiation>,<ID_OC_SPEC>:<OC_EX_SPEC>,<NAME>}
-specialized_unit_7         0,4,4,4,4,BRA # specialized unit config {<enabled>,<num_units>:<latency>:<initiation>,<ID_OC_SPEC>:<OC_EX_SPEC>,<NAME>}
-specialized_unit_8         0,4,4,4,4,BRA # specialized unit config {<enabled>,<num_units>:<latency>:<initiation>,<ID_OC_SPEC>:<OC_EX_SPEC>,<NAME>}
-gpgpu_perf_sim_memcpy                    1 # Fill the L2 cache on memcpy
-gpgpu_simple_dram_model                    0 # simple_dram_model with fixed latency and BW
-gpgpu_dram_scheduler                    1 # 0 = fifo, 1 = FR-FCFS (defaul)
-gpgpu_dram_partition_queues          64:64:64:64 # i2$:$2d:d2$:$2i
-l2_ideal                               0 # Use a ideal L2 cache that always hit
-gpgpu_cache:dl2     S:64:128:16,L:B:m:L:P,A:192:4,32:0,32 # unified banked L2 data cache config  {<nsets>:<bsize>:<assoc>,<rep>:<wr>:<alloc>:<wr_alloc>,<mshr>:<N>:<merge>,<mq>}
-gpgpu_cache:dl2_texture_only                    0 # L2 cache used for texture only
-gpgpu_n_mem                           16 # number of memory modules (e.g. memory controllers) in gpu
-gpgpu_n_sub_partition_per_mchannel                    2 # number of memory subpartition in each memory module
-gpgpu_n_mem_per_ctrlr                    1 # number of memory chips per memory controller
-gpgpu_memlatency_stat                   14 # track and display latency statistics 0x2 enables MC, 0x4 enables queue logs
-gpgpu_frfcfs_dram_sched_queue_size                   64 # 0 = unlimited (default); # entries per chip
-gpgpu_dram_return_queue_size                  192 # 0 = unlimited (default); # entries per chip
-gpgpu_dram_buswidth                    2 # default = 4 bytes (8 bytes per cycle at DDR)
-gpgpu_dram_burst_length                   16 # Burst length of each DRAM request (default = 4 data bus cycle)
-dram_data_command_freq_ratio                    4 # Frequency ratio between DRAM data bus and command bus (default = 2 times, i.e. DDR)
-gpgpu_dram_timing_opt nbk=16:CCD=4:RRD=12:RCD=24:RAS=55:RP=24:RC=78:CL=24:WL=8:CDLR=10:WR=24:nbkgrp=4:CCDL=6:RTPL=4 # DRAM timing parameters = {nbk:tCCD:tRRD:tRCD:tRAS:tRP:tRC:CL:WL:tCDLR:tWR:nbkgrp:tCCDL:tRTPL}
-gpgpu_l2_rop_latency                  187 # ROP queue latency (default 85)
-dram_latency                         254 # DRAM latency (default 30)
-dram_dual_bus_interface                    0 # dual_bus_interface (default = 0) 
-dram_bnk_indexing_policy                    0 # dram_bnk_indexing_policy (0 = normal indexing, 1 = Xoring with the higher bits) (Default = 0)
-dram_bnkgrp_indexing_policy                    1 # dram_bnkgrp_indexing_policy (0 = take higher bits, 1 = take lower bits) (Default = 0)
-dram_seperate_write_queue_enable                    0 # Seperate_Write_Queue_Enable
-dram_write_queue_size             32:28:16 # Write_Queue_Size
-dram_elimnate_rw_turnaround                    0 # elimnate_rw_turnaround i.e set tWTR and tRTW = 0
-icnt_flit_size                        40 # icnt_flit_size
-SST_mode                               0 # SST mode
-gpgpu_mem_addr_mapping dramid@8;00000000.00000000.00000000.00000000.0000RRRR.RRRRRRRR.RBBBCCCC.BCCSSSSS # mapping memory address to dram model {dramid@<start bit>;<memory address map>}
-gpgpu_mem_addr_test                    0 # run sweep test to check address mapping for aliased address
-gpgpu_mem_address_mask                    1 # 0 = old addressing mask, 1 = new addressing mask, 2 = new add. mask + flipped bank sel and chip sel bits
-gpgpu_memory_partition_indexing                    2 # 0 = no indexing, 1 = bitwise xoring, 2 = IPoly, 3 = custom indexing
-accelwattch_xml_file accelwattch_sass_sim.xml # AccelWattch XML file
-power_simulation_enabled                    0 # Turn on power simulator (1=On, 0=Off)
-power_per_cycle_dump                    0 # Dump detailed power output each cycle
-hw_perf_file_name            hw_perf.csv # Hardware Performance Statistics file
-hw_perf_bench_name                       # Kernel Name in Hardware Performance Statistics file
-power_simulation_mode                    0 # Switch performance counter input for power simulation (0=Sim, 1=HW, 2=HW-Sim Hybrid)
-dvfs_enabled                           0 # Turn on DVFS for power model
-aggregate_power_stats                    0 # Accumulate power across all kernels
-accelwattch_hybrid_perfsim_L1_RH                    0 # Get L1 Read Hits for Accelwattch-Hybrid from Accel-Sim
-accelwattch_hybrid_perfsim_L1_RM                    0 # Get L1 Read Misses for Accelwattch-Hybrid from Accel-Sim
-accelwattch_hybrid_perfsim_L1_WH                    0 # Get L1 Write Hits for Accelwattch-Hybrid from Accel-Sim
-accelwattch_hybrid_perfsim_L1_WM                    0 # Get L1 Write Misses for Accelwattch-Hybrid from Accel-Sim
-accelwattch_hybrid_perfsim_L2_RH                    0 # Get L2 Read Hits for Accelwattch-Hybrid from Accel-Sim
-accelwattch_hybrid_perfsim_L2_RM                    0 # Get L2 Read Misses for Accelwattch-Hybrid from Accel-Sim
-accelwattch_hybrid_perfsim_L2_WH                    0 # Get L2 Write Hits for Accelwattch-Hybrid from Accel-Sim
-accelwattch_hybrid_perfsim_L2_WM                    0 # Get L2 Write Misses for Accelwattch-Hybrid from Accel-Sim
-accelwattch_hybrid_perfsim_CC_ACC                    0 # Get Constant Cache Acesses for Accelwattch-Hybrid from Accel-Sim
-accelwattch_hybrid_perfsim_SHARED_ACC                    0 # Get Shared Memory Acesses for Accelwattch-Hybrid from Accel-Sim
-accelwattch_hybrid_perfsim_DRAM_RD                    0 # Get DRAM Reads for Accelwattch-Hybrid from Accel-Sim
-accelwattch_hybrid_perfsim_DRAM_WR                    0 # Get DRAM Writes for Accelwattch-Hybrid from Accel-Sim
-accelwattch_hybrid_perfsim_NOC                    0 # Get Interconnect Acesses for Accelwattch-Hybrid from Accel-Sim
-accelwattch_hybrid_perfsim_PIPE_DUTY                    0 # Get Pipeline Duty Cycle Acesses for Accelwattch-Hybrid from Accel-Sim
-accelwattch_hybrid_perfsim_NUM_SM_IDLE                    0 # Get Number of Idle SMs for Accelwattch-Hybrid from Accel-Sim
-accelwattch_hybrid_perfsim_CYCLES                    0 # Get Executed Cycles for Accelwattch-Hybrid from Accel-Sim
-accelwattch_hybrid_perfsim_VOLTAGE                    0 # Get Chip Voltage for Accelwattch-Hybrid from Accel-Sim
-power_trace_enabled                    0 # produce a file for the power trace (1=On, 0=Off)
-power_trace_zlevel                     6 # Compression level of the power trace output log (0=no comp, 9=highest)
-steady_power_levels_enabled                    0 # produce a file for the steady power levels (1=On, 0=Off)
-steady_state_definition                  8:4 # allowed deviation:number of samples
-gpgpu_max_cycle                        0 # terminates gpu simulation early (0 = no limit)
-gpgpu_max_insn                         0 # terminates gpu simulation early (0 = no limit)
-gpgpu_max_cta                          0 # terminates gpu simulation early (0 = no limit)
-gpgpu_max_completed_cta                    0 # terminates gpu simulation early (0 = no limit)
-gpgpu_runtime_stat                   500 # display runtime statistics such as dram utilization {<freq>:<flag>}
-liveness_message_freq                    1 # Minimum number of seconds between simulation liveness messages (0 = always print)
-gpgpu_compute_capability_major                    8 # Major compute capability version number
-gpgpu_compute_capability_minor                    6 # Minor compute capability version number
-gpgpu_flush_l1_cache                    1 # Flush L1 cache at the end of each kernel call
-gpgpu_flush_l2_cache                    0 # Flush L2 cache at the end of each kernel call
-gpgpu_deadlock_detect                    1 # Stop the simulation at deadlock (1=on (default), 0=off)
-gpgpu_ptx_instruction_classification                    0 # if enabled will classify ptx instruction types per kernel (Max 255 kernels now)
-gpgpu_ptx_sim_mode                     0 # Select between Performance (default) or Functional simulation (1)
-gpgpu_clock_domains  1300:1300:1300:1600 # Clock Domain Frequencies in MhZ {<Core Clock>:<ICNT Clock>:<L2 Clock>:<DRAM Clock>}
-gpgpu_max_concurrent_kernel                  128 # maximum kernels that can run concurrently on GPU, set this value according to max resident grids for your compute capability
-gpgpu_cflog_interval                    0 # Interval between each snapshot in control flow logger
-visualizer_enabled                     0 # Turn on visualizer output (1=On, 0=Off)
-visualizer_outputfile                 NULL # Specifies the output log file for visualizer
-visualizer_zlevel                      6 # Compression level of the visualizer output log (0=no comp, 9=highest)
-gpgpu_stack_size_limit                 1024 # GPU thread stack size
-gpgpu_heap_size_limit              8388608 # GPU malloc heap size 
-gpgpu_runtime_sync_depth_limit                    2 # GPU device runtime synchronize depth
-gpgpu_runtime_pending_launch_count_limit                 2048 # GPU device runtime pending launch count
-trace_enabled                          0 # Turn on traces
-trace_components                    none # comma seperated list of traces to enable. Complete list found in trace_streams.tup. Default none
-trace_sampling_core                    0 # The core which is printed using CORE_DPRINTF. Default 0
-trace_sampling_memory_partition                   -1 # The memory partition which is printed using MEMPART_DPRINTF. Default -1 (i.e. all)
-enable_ptx_file_line_stats                    1 # Turn on PTX source line statistic profiling. (1 = On)
-ptx_line_stats_filename gpgpu_inst_stats.txt # Output file for PTX source line statistics.
-gpgpu_kernel_launch_latency                 5000 # Kernel launch latency in cycles. Default: 0
-gpgpu_cdp_enabled                      0 # Turn on CDP
-gpgpu_TB_launch_latency                    0 # thread block launch latency in cycles. Default: 0
DRAM Timing Options:
nbk                                    16 # number of banks
CCD                                     4 # column to column delay
RRD                                 ec7039057ea4c19d9060dc6fc436d410  /workspace/MLX_dev/build/fig24-qkv-orin-steady-state/mlx_fig24_schedule_witness
Extracting PTX file and ptxas options    1: mlx_fig24_schedule_witness.1.sm_86.ptx -arch=sm_86
   12 # minimal delay between activation of rows in different banks
RCD                                    24 # row to column delay
RAS                                    55 # time needed to activate row
RP                                     24 # time needed to precharge (deactivate) row
RC                                     78 # row cycle time
CDLR                                   10 # switching from write to read (changes tWTR)
WR                                     24 # last data-in to row precharge
CL                                     24 # CAS latency
WL                                      8 # Write latency
nbkgrp                                  4 # number of bank groups
CCDL                                    6 # column to column delay between accesses to different bank groups
RTPL                                    4 # read to precharge delay between accesses to different bank groups
Total number of memory sub partition = 32
addr_dec_mask[CHIP]  = 0000000000000f00 	high:12 low:8
addr_dec_mask[BK]    = 0000000000070080 	high:19 low:7
addr_dec_mask[ROW]   = 00000000fff80000 	high:32 low:19
addr_dec_mask[COL]   = 000000000000f07f 	high:16 low:0
addr_dec_mask[BURST] = 000000000000001f 	high:5 low:0
sub_partition_id_mask = 0000000000000080
GPGPU-Sim uArch: clock freqs: 1300000000.000000:1300000000.000000:1300000000.000000:1600000000.000000
GPGPU-Sim uArch: clock periods: 0.00000000076923076923:0.00000000076923076923:0.00000000076923076923:0.00000000062500000000
*** Initializing Memory Statistics ***
GPGPU-Sim uArch: performance model initialization complete.
GPGPU-Sim PTX: __cudaRegisterFatBinary, fat_cubin_handle = 1, filename=default
self exe links to: /workspace/MLX_dev/build/fig24-qkv-orin-steady-state/mlx_fig24_schedule_witness
Running md5sum using "md5sum /workspace/MLX_dev/build/fig24-qkv-orin-steady-state/mlx_fig24_schedule_witness "
self exe links to: /workspace/MLX_dev/build/fig24-qkv-orin-steady-state/mlx_fig24_schedule_witness
Extracting specific PTX file named mlx_fig24_schedule_witness.1.sm_86.ptx 
GPGPU-Sim PTX: __cudaRegisterFunction _Z10bsmm_stagePKfPfii : hostFun 0x0x556812d3e030, fat_cubin_handle = 1
GPGPU-Sim PTX: Parsing mlx_fig24_schedule_witness.1.sm_86.ptx
GPGPU-Sim PTX: instruction assembly for function '_Z10bsmm_stagePKfPfii'...   done.
GPGPU-Sim PTX: finished parsing EMBEDDED .ptx file mlx_fig24_schedule_witness.1.sm_86.ptx
GPGPU-Sim PTX: loading globals with explicit initializers... 
GPGPU-Sim PTX: finished loading globals (0 bytes total).
GPGPU-Sim PTX: loading constants with explicit initializers...  done.
GPGPU-Sim PTX: Loading PTXInfo from mlx_fig24_schedule_witness.1.sm_86.ptx
GPGPU-Sim PTX: Kernel '_Z10bsmm_stagePKfPfii' : regs=14, lmem=0, smem=0, cmem=376
self exe links to: /workspace/MLX_dev/build/fig24-qkv-orin-steady-state/mlx_fig24_schedule_witness
self exe links to: /workspace/MLX_dev/build/fig24-qkv-orin-steady-state/mlx_fig24_schedule_witness
11.0
GPGPU-Sim PTX: __cudaRegisterFatBinary, fat_cubin_handle = 2, filename=default
GPGPU-Sim PTX: __cudaRegisterFunction __nv_static_44__570e7b9d_22_cuda_device_runtime_cu_8b1a5d37__Z16memcpy_3d_deviceImLi1ELi1ELi1EEvPKhPhT_S3_S3_S3_S3_S3_S3_jjjjjjjjS3_S1_S2_ : hostFun 0x0x556812d43ce0, fat_cubin_handle = 2
Warning: cannot find deviceFun __nv_static_44__570e7b9d_22_cuda_device_runtime_cu_8b1a5d37__Z16memcpy_3d_deviceImLi1ELi1ELi1EEvPKhPhT_S3_S3_S3_S3_S3_S3_jjjjjjjjS3_S1_S2_
GPGPU-Sim PTX: __cudaRegisterFunction __nv_static_44__570e7b9d_22_cuda_device_runtime_cu_8b1a5d37__Z16memcpy_3d_deviceImLi1ELi1ELi0EEvPKhPhT_S3_S3_S3_S3_S3_S3_jjjjjjjjS3_S1_S2_ : hostFun 0x0x556812d439b0, fat_cubin_handle = 2
Warning: cannot find deviceFun __nv_static_44__570e7b9d_22_cuda_device_runtime_cu_8b1a5d37__Z16memcpy_3d_deviceImLi1ELi1ELi0EEvPKhPhT_S3_S3_S3_S3_S3_S3_jjjjjjjjS3_S1_S2_
GPGPU-Sim PTX: __cudaRegisterFunction __nv_static_44__570e7b9d_22_cuda_device_runtime_cu_8b1a5d37__Z16memcpy_3d_deviceImLi1ELi0ELi1EEvPKhPhT_S3_S3_S3_S3_S3_S3_jjjjjjjjS3_S1_S2_ : hostFun 0x0x556812d43680, fat_cubin_handle = 2
Warning: cannot find deviceFun __nv_static_44__570e7b9d_22_cuda_device_runtime_cu_8b1a5d37__Z16memcpy_3d_deviceImLi1ELi0ELi1EEvPKhPhT_S3_S3_S3_S3_S3_S3_jjjjjjjjS3_S1_S2_
GPGPU-Sim PTX: __cudaRegisterFunction __nv_static_44__570e7b9d_22_cuda_device_runtime_cu_8b1a5d37__Z16memcpy_3d_deviceImLi1ELi0ELi0EEvPKhPhT_S3_S3_S3_S3_S3_S3_jjjjjjjjS3_S1_S2_ : hostFun 0x0x556812d43350, fat_cubin_handle = 2
Warning: cannot find deviceFun __nv_static_44__570e7b9d_22_cuda_device_runtime_cu_8b1a5d37__Z16memcpy_3d_deviceImLi1ELi0ELi0EEvPKhPhT_S3_S3_S3_S3_S3_S3_jjjjjjjjS3_S1_S2_
GPGPU-Sim PTX: __cudaRegisterFunction __nv_static_44__570e7b9d_22_cuda_device_runtime_cu_8b1a5d37__Z16memcpy_3d_deviceImLi0ELi1ELi1EEvPKhPhT_S3_S3_S3_S3_S3_S3_jjjjjjjjS3_S1_S2_ : hostFun 0x0x556812d43020, fat_cubin_handle = 2
Warning: cannot find deviceFun __nv_static_44__570e7b9d_22_cuda_device_runtime_cu_8b1a5d37__Z16memcpy_3d_deviceImLi0ELi1ELi1EEvPKhPhT_S3_S3_S3_S3_S3_S3_jjjjjjjjS3_S1_S2_
GPGPU-Sim PTX: __cudaRegisterFunction __nv_static_44__570e7b9d_22_cuda_device_runtime_cu_8b1a5d37__Z16memcpy_3d_deviceImLi0ELi1ELi0EEvPKhPhT_S3_S3_S3_S3_S3_S3_jjjjjjjjS3_S1_S2_ : hostFun 0x0x556812d42cf0, fat_cubin_handle = 2
Warning: cannot find deviceFun __nv_static_44__570e7b9d_22_cuda_device_runtime_cu_8b1a5d37__Z16memcpy_3d_deviceImLi0ELi1ELi0EEvPKhPhT_S3_S3_S3_S3_S3_S3_jjjjjjjjS3_S1_S2_
GPGPU-Sim PTX: __cudaRegisterFunction __nv_static_44__570e7b9d_22_cuda_device_runtime_cu_8b1a5d37__Z16memcpy_3d_deviceImLi0ELi0ELi1EEvPKhPhT_S3_S3_S3_S3_S3_S3_jjjjjjjjS3_S1_S2_ : hostFun 0x0x556812d429c0, fat_cubin_handle = 2
Warning: cannot find deviceFun __nv_static_44__570e7b9d_22_cuda_device_runtime_cu_8b1a5d37__Z16memcpy_3d_deviceImLi0ELi0ELi1EEvPKhPhT_S3_S3_S3_S3_S3_S3_jjjjjjjjS3_S1_S2_
GPGPU-Sim PTX: __cudaRegisterFunction __nv_static_44__570e7b9d_22_cuda_device_runtime_cu_8b1a5d37__Z16memcpy_3d_deviceImLi0ELi0ELi0EEvPKhPhT_S3_S3_S3_S3_S3_S3_jjjjjjjjS3_S1_S2_ : hostFun 0x0x556812d42690, fat_cubin_handle = 2
Warning: cannot find deviceFun __nv_static_44__570e7b9d_22_cuda_device_runtime_cu_8b1a5d37__Z16memcpy_3d_deviceImLi0ELi0ELi0EEvPKhPhT_S3_S3_S3_S3_S3_S3_jjjjjjjjS3_S1_S2_
GPGPU-Sim PTX: __cudaRegisterFunction __nv_static_44__570e7b9d_22_cuda_device_runtime_cu_8b1a5d37__Z16memcpy_3d_deviceIjLi1ELi1ELi1EEvPKhPhT_S3_S3_S3_S3_S3_S3_jjjjjjjjS3_S1_S2_ : hostFun 0x0x556812d42380, fat_cubin_handle = 2
Warning: cannot find deviceFun __nv_static_44__570e7b9d_22_cuda_device_runtime_cu_8b1a5d37__Z16memcpy_3d_deviceIjLi1ELi1ELi1EEvPKhPhT_S3_S3_S3_S3_S3_S3_jjjjjjjjS3_S1_S2_
GPGPU-Sim PTX: __cudaRegisterFunction __nv_static_44__570e7b9d_22_cuda_device_runtime_cu_8b1a5d37__Z16memcpy_3d_deviceIjLi1ELi1ELi0EEvPKhPhT_S3_S3_S3_S3_S3_S3_jjjjjjjjS3_S1_S2_ : hostFun 0x0x556812d42070, fat_cubin_handle = 2
Warning: cannot find deviceFun __nv_static_44__570e7b9d_22_cuda_device_runtime_cu_8b1a5d37__Z16memcpy_3d_deviceIjLi1ELi1ELi0EEvPKhPhT_S3_S3_S3_S3_S3_S3_jjjjjjjjS3_S1_S2_
GPGPU-Sim PTX: __cudaRegisterFunction __nv_static_44__570e7b9d_22_cuda_device_runtime_cu_8b1a5d37__Z16memcpy_3d_deviceIjLi1ELi0ELi1EEvPKhPhT_S3_S3_S3_S3_S3_S3_jjjjjjjjS3_S1_S2_ : hostFun 0x0x556812d41d60, fat_cubin_handle = 2
Warning: cannot find deviceFun __nv_static_44__570e7b9d_22_cuda_device_runtime_cu_8b1a5d37__Z16memcpy_3d_deviceIjLi1ELi0ELi1EEvPKhPhT_S3_S3_S3_S3_S3_S3_jjjjjjjjS3_S1_S2_
GPGPU-Sim PTX: __cudaRegisterFunction __nv_static_44__570e7b9d_22_cuda_device_runtime_cu_8b1a5d37__Z16memcpy_3d_deviceIjLi1ELi0ELi0EEvPKhPhT_S3_S3_S3_S3_S3_S3_jjjjjjjjS3_S1_S2_ : hostFun 0x0x556812d41a50, fat_cubin_handle = 2
Warning: cannot find deviceFun __nv_static_44__570e7b9d_22_cuda_device_runtime_cu_8b1a5d37__Z16memcpy_3d_deviceIjLi1ELi0ELi0EEvPKhPhT_S3_S3_S3_S3_S3_S3_jjjjjjjjS3_S1_S2_
GPGPU-Sim PTX: __cudaRegisterFunction __nv_static_44__570e7b9d_22_cuda_device_runtime_cu_8b1a5d37__Z16memcpy_3d_deviceIjLi0ELi1ELi1EEvPKhPhT_S3_S3_S3_S3_S3_S3_jjjjjjjjS3_S1_S2_ : hostFun 0x0x556812d41740, fat_cubin_handle = 2
Warning: cannot find deviceFun __nv_static_44__570e7b9d_22_cuda_device_runtime_cu_8b1a5d37__Z16memcpy_3d_deviceIjLi0ELi1ELi1EEvPKhPhT_S3_S3_S3_S3_S3_S3_jjjjjjjjS3_S1_S2_
GPGPU-Sim PTX: __cudaRegisterFunction __nv_static_44__570e7b9d_22_cuda_device_runtime_cu_8b1a5d37__Z16memcpy_3d_deviceIjLi0ELi1ELi0EEvPKhPhT_S3_S3_S3_S3_S3_S3_jjjjjjjjS3_S1_S2_ : hostFun 0x0x556812d41430, fat_cubin_handle = 2
Warning: cannot find deviceFun __nv_static_44__570e7b9d_22_cuda_device_runtime_cu_8b1a5d37__Z16memcpy_3d_deviceIjLi0ELi1ELi0EEvPKhPhT_S3_S3_S3_S3_S3_S3_jjjjjjjjS3_S1_S2_
GPGPU-Sim PTX: __cudaRegisterFunction __nv_static_44__570e7b9d_22_cuda_device_runtime_cu_8b1a5d37__Z16memcpy_3d_deviceIjLi0ELi0ELi1EEvPKhPhT_S3_S3_S3_S3_S3_S3_jjjjjjjjS3_S1_S2_ : hostFun 0x0x556812d41120, fat_cubin_handle = 2
Warning: cannot find deviceFun __nv_static_44__570e7b9d_22_cuda_device_runtime_cu_8b1a5d37__Z16memcpy_3d_deviceIjLi0ELi0ELi1EEvPKhPhT_S3_S3_S3_S3_S3_S3_jjjjjjjjS3_S1_S2_
GPGPU-Sim PTX: __cudaRegisterFunction __nv_static_44__570e7b9d_22_cuda_device_runtime_cu_8b1a5d37__Z16memcpy_3d_deviceIjLi0ELi0ELi0EEvPKhPhT_S3_S3_S3_S3_S3_S3_jjjjjjjjS3_S1_S2_ : hostFun 0x0x556812d40e10, fat_cubin_handle = 2
Warning: cannot find deviceFun __nv_static_44__570e7b9d_22_cuda_device_runtime_cu_8b1a5d37__Z16memcpy_3d_deviceIjLi0ELi0ELi0EEvPKhPhT_S3_S3_S3_S3_S3_S3_jjjjjjjjS3_S1_S2_
GPGPU-Sim PTX: __cudaRegisterFunction __nv_static_44__570e7b9d_22_cuda_device_runtime_cu_8b1a5d37__Z16memset_3d_deviceImLi1ELi1ELi1EEvPhhjT_S1_S1_S1_S1_jjjjjjjS1_S0_ : hostFun 0x0x556812d40bc0, fat_cubin_handle = 2
Warning: cannot find deviceFun __nv_static_44__570e7b9d_22_cuda_device_runtime_cu_8b1a5d37__Z16memset_3d_deviceImLi1ELi1ELi1EEvPhhjT_S1_S1_S1_S1_jjjjjjjS1_S0_
GPGPU-Sim PTX: __cudaRegisterFunction __nv_static_44__570e7b9d_22_cuda_device_runtime_cu_8b1a5d37__Z16memset_3d_deviceImLi1ELi1ELi0EEvPhhjT_S1_S1_S1_S1_jjjjjjjS1_S0_ : hostFun 0x0x556812d40970, fat_cubin_handle = 2
Warning: cannot find deviceFun __nv_static_44__570e7b9d_22_cuda_device_runtime_cu_8b1a5d37__Z16memset_3d_deviceImLi1ELi1ELi0EEvPhhjT_S1_S1_S1_S1_jjjjjjjS1_S0_
GPGPU-Sim PTX: __cudaRegisterFunction __nv_static_44__570e7b9d_22_cuda_device_runtime_cu_8b1a5d37__Z16memset_3d_deviceImLi1ELi0ELi1EEvPhhjT_S1_S1_S1_S1_jjjjjjjS1_S0_ : hostFun 0x0x556812d40720, fat_cubin_handle = 2
Warning: cannot find deviceFun __nv_static_44__570e7b9d_22_cuda_device_runtime_cu_8b1a5d37__Z16memset_3d_deviceImLi1ELi0ELi1EEvPhhjT_S1_S1_S1_S1_jjjjjjjS1_S0_
GPGPU-Sim PTX: __cudaRegisterFunction __nv_static_44__570e7b9d_22_cuda_device_runtime_cu_8b1a5d37__Z16memset_3d_deviceImLi1ELi0ELi0EEvPhhjT_S1_S1_S1_S1_jjjjjjjS1_S0_ : hostFun 0x0x556812d404d0, fat_cubin_handle = 2
Warning: cannot find deviceFun __nv_static_44__570e7b9d_22_cuda_device_runtime_cu_8b1a5d37__Z16memset_3d_deviceImLi1ELi0ELi0EEvPhhjT_S1_S1_S1_S1_jjjjjjjS1_S0_
GPGPU-Sim PTX: __cudaRegisterFunction __nv_static_44__570e7b9d_22_cuda_device_runtime_cu_8b1a5d37__Z16memset_3d_deviceImLi0ELi1ELi1EEvPhhjT_S1_S1_S1_S1_jjjjjjjS1_S0_ : hostFun 0x0x556812d40280, fat_cubin_handle = 2
Warning: cannot find deviceFun __nv_static_44__570e7b9d_22_cuda_device_runtime_cu_8b1a5d37__Z16memset_3d_deviceImLi0ELi1ELi1EEvPhhjT_S1_S1_S1_S1_jjjjjjjS1_S0_
GPGPU-Sim PTX: __cudaRegisterFunction __nv_static_44__570e7b9d_22_cuda_device_runtime_cu_8b1a5d37__Z16memset_3d_deviceImLi0ELi1ELi0EEvPhhjT_S1_S1_S1_S1_jjjjjjjS1_S0_ : hostFun 0x0x556812d40030, fat_cubin_handle = 2
Warning: cannot find deviceFun __nv_static_44__570e7b9d_22_cuda_device_runtime_cu_8b1a5d37__Z16memset_3d_deviceImLi0ELi1ELi0EEvPhhjT_S1_S1_S1_S1_jjjjjjjS1_S0_
GPGPU-Sim PTX: __cudaRegisterFunction __nv_static_44__570e7b9d_22_cuda_device_runtime_cu_8b1a5d37__Z16memset_3d_deviceImLi0ELi0ELi1EEvPhhjT_S1_S1_S1_S1_jjjjjjjS1_S0_ : hostFun 0x0x556812d3fde0, fat_cubin_handle = 2
Warning: cannot find deviceFun __nv_static_44__570e7b9d_22_cuda_device_runtime_cu_8b1a5d37__Z16memset_3d_deviceImLi0ELi0ELi1EEvPhhjT_S1_S1_S1_S1_jjjjjjjS1_S0_
GPGPU-Sim PTX: __cudaRegisterFunction __nv_static_44__570e7b9d_22_cuda_device_runtime_cu_8b1a5d37__Z16memset_3d_deviceImLi0ELi0ELi0EEvPhhjT_S1_S1_S1_S1_jjjjjjjS1_S0_ : hostFun 0x0x556812d3fb90, fat_cubin_handle = 2
Warning: cannot find deviceFun __nv_static_44__570e7b9d_22_cuda_device_runtime_cu_8b1a5d37__Z16memset_3d_deviceImLi0ELi0ELi0EEvPhhjT_S1_S1_S1_S1_jjjjjjjS1_S0_
GPGPU-Sim PTX: __cudaRegisterFunction __nv_static_44__570e7b9d_22_cuda_device_runtime_cu_8b1a5d37__Z16memset_3d_deviceIjLi1ELi1ELi1EEvPhhjT_S1_S1_S1_S1_jjjjjjjS1_S0_ : hostFun 0x0x556812d3f970, fat_cubin_handle = 2
Warning: cannot find deviceFun __nv_static_44__570e7b9d_22_cuda_device_runtime_cu_8b1a5d37__Z16memset_3d_deviceIjLi1ELi1ELi1EEvPhhjT_S1_S1_S1_S1_jjjjjjjS1_S0_
GPGPU-Sim PTX: __cudaRegisterFunction __nv_static_44__570e7b9d_22_cuda_device_runtime_cu_8b1a5d37__Z16memset_3d_deviceIjLi1ELi1ELi0EEvPhhjT_S1_S1_S1_S1_jjjjjjjS1_S0_ : hostFun 0x0x556812d3f750, fat_cubin_handle = 2
Warning: cannot find deviceFun __nv_static_44__570e7b9d_22_cuda_device_runtime_cu_8b1a5d37__Z16memset_3d_deviceIjLi1ELi1ELi0EEvPhhjT_S1_S1_S1_S1_jjjjjjjS1_S0_
GPGPU-Sim PTX: __cudaRegisterFunction __nv_static_44__570e7b9d_22_cuda_device_runtime_cu_8b1a5d37__Z16memset_3d_deviceIjLi1ELi0ELi1EEvPhhjT_S1_S1_S1_S1_jjjjjjjS1_S0_ : hostFun 0x0x556812d3f530, fat_cubin_handle = 2
Warning: cannot find deviceFun __nv_static_44__570e7b9d_22_cuda_device_runtime_cu_8b1a5d37__Z16memset_3d_deviceIjLi1ELi0ELi1EEvPhhjT_S1_S1_S1_S1_jjjjjjjS1_S0_
GPGPU-Sim PTX: __cudaRegisterFunction __nv_static_44__570e7b9d_22_cuda_device_runtime_cu_8b1a5d37__Z16memset_3d_deviceIjLi1ELi0ELi0EEvPhhjT_S1_S1_S1_S1_jjjjjjjS1_S0_ : hostFun 0x0x556812d3f310, fat_cubin_handle = 2
Warning: cannot find deviceFun __nv_static_44__570e7b9d_22_cuda_device_runtime_cu_8b1a5d37__Z16memset_3d_deviceIjLi1ELi0ELi0EEvPhhjT_S1_S1_S1_S1_jjjjjjjS1_S0_
GPGPU-Sim PTX: __cudaRegisterFunction __nv_static_44__570e7b9d_22_cuda_device_runtime_cu_8b1a5d37__Z16memset_3d_deviceIjLi0ELi1ELi1EEvPhhjT_S1_S1_S1_S1_jjjjjjjS1_S0_ : hostFun 0x0x556812d3f0f0, fat_cubin_handle = 2
Warning: cannot find deviceFun __nv_static_44__570e7b9d_22_cuda_device_runtime_cu_8b1a5d37__Z16memset_3d_deviceIjLi0ELi1ELi1EEvPhhjT_S1_S1_S1_S1_jjjjjjjS1_S0_
GPGPU-Sim PTX: __cudaRegisterFunction __nv_static_44__570e7b9d_22_cuda_device_runtime_cu_8b1a5d37__Z16memset_3d_deviceIjLi0ELi1ELi0EEvPhhjT_S1_S1_S1_S1_jjjjjjjS1_S0_ : hostFun 0x0x556812d3eed0, fat_cubin_handle = 2
Warning: cannot find deviceFun __nv_static_44__570e7b9d_22_cuda_device_runtime_cu_8b1a5d37__Z16memset_3d_deviceIjLi0ELi1ELi0EEvPhhjT_S1_S1_S1_S1_jjjjjjjS1_S0_
GPGPU-Sim PTX: __cudaRegisterFunction __nv_static_44__570e7b9d_22_cuda_device_runtime_cu_8b1a5d37__Z16memset_3d_deviceIjLi0ELi0ELi1EEvPhhjT_S1_S1_S1_S1_jjjjjjjS1_S0_ : hostFun 0x0x556812d3ecb0, fat_cubin_handle = 2
Warning: cannot find deviceFun __nv_static_44__570e7b9d_22_cuda_device_runtime_cu_8b1a5d37__Z16memset_3d_deviceIjLi0ELi0ELi1EEvPhhjT_S1_S1_S1_S1_jjjjjjjS1_S0_
GPGPU-Sim PTX: __cudaRegisterFunction __nv_static_44__570e7b9d_22_cuda_device_runtime_cu_8b1a5d37__Z16memset_3d_deviceIjLi0ELi0ELi0EEvPhhjT_S1_S1_S1_S1_jjjjjjjS1_S0_ : hostFun 0x0x556812d3ea90, fat_cubin_handle = 2
Warning: cannot find deviceFun __nv_static_44__570e7b9d_22_cuda_device_runtime_cu_8b1a5d37__Z16memset_3d_deviceIjLi0ELi0ELi0EEvPhhjT_S1_S1_S1_S1_jjjjjjjS1_S0_
GPGPU-Sim PTX: __cudaRegisterVar: hostVar = 0x556812e361a0; deviceAddress = __nv_static_44__570e7b9d_22_cuda_device_runtime_cu_8b1a5d37_set_kernel32; deviceName = __nv_static_44__570e7b9d_22_cuda_device_runtime_cu_8b1a5d37_set_kernel32
GPGPU-Sim PTX: __cudaRegisterVar: Registering const memory space of 64 bytes
GPGPU-Sim PTX registering global __nv_static_44__570e7b9d_22_cuda_device_runtime_cu_8b1a5d37_set_kernel32 hostVar to name mapping
GPGPU-Sim PTX: __cudaRegisterVar: hostVar = 0x556812e36160; deviceAddress = __nv_static_44__570e7b9d_22_cuda_device_runtime_cu_8b1a5d37_set_kernel64; deviceName = __nv_static_44__570e7b9d_22_cuda_device_runtime_cu_8b1a5d37_set_kernel64
GPGPU-Sim PTX: __cudaRegisterVar: Registering const memory space of 64 bytes
GPGPU-Sim PTX registering global __nv_static_44__570e7b9d_22_cuda_device_runtime_cu_8b1a5d37_set_kernel64 hostVar to name mapping
GPGPU-Sim PTX: __cudaRegisterVar: hostVar = 0x556812e36120; deviceAddress = __nv_static_44__570e7b9d_22_cuda_device_runtime_cu_8b1a5d37_cpy_kernel32; deviceName = __nv_static_44__570e7b9d_22_cuda_device_runtime_cu_8b1a5d37_cpy_kernel32
GPGPU-Sim PTX: __cudaRegisterVar: Registering const memory space of 64 bytes
GPGPU-Sim PTX registering global __nv_static_44__570e7b9d_22_cuda_device_runtime_cu_8b1a5d37_cpy_kernel32 hostVar to name mapping
GPGPU-Sim PTX: __cudaRegisterVar: hostVar = 0x556812e360e0; deviceAddress = __nv_static_44__570e7b9d_22_cuda_device_runtime_cu_8b1a5d37_cpy_kernel64; deviceName = __nv_static_44__570e7b9d_22_cuda_device_runtime_cu_8b1a5d37_cpy_kernel64
GPGPU-Sim PTX: __cudaRegisterVar: Registering const memory space of 64 bytes
GPGPU-Sim PTX registering global __nv_static_44__570e7b9d_22_cuda_device_runtime_cu_8b1a5d37_cpy_kernel64 hostVar to name mapping
GPGPU-Sim PTX: __cudaRegisterVar: hostVar = 0x556812e350e0; deviceAddress = __nv_static_44__570e7b9d_22_cuda_device_runtime_cu_8b1a5d37_cudartErrorTableArr; deviceName = __nv_static_44__570e7b9d_22_cuda_device_runtime_cu_8b1a5d37_cudartErrorTableArr
GPGPU-Sim PTX: __cudaRegisterVar: Registering const memory space of 3000 bytes
GPGPU-Sim PTX registering global __nv_static_44__570e7b9d_22_cuda_device_runtime_cu_8b1a5d37_cudartErrorTableArr hostVar to name mapping
GPGPU-Sim PTX: __cudaRegisterVar: hostVar = 0x556812e360d0; deviceAddress = cudartErrorTable; deviceName = cudartErrorTable
GPGPU-Sim PTX: __cudaRegisterVar: Registering const memory space of 8 bytes
GPGPU-Sim PTX registering global cudartErrorTable hostVar to name mapping
GPGPU-Sim PTX: __cudaRegisterVar: hostVar = 0x556812d48988; deviceAddress = cudartErrorTableEntryCount; deviceName = cudartErrorTableEntryCount
GPGPU-Sim PTX: __cudaRegisterVar: Registering const memory space of 4 bytes
GPGPU-Sim PTX registering global cudartErrorTableEntryCount hostVar to name mapping
GPGPU-Sim PTX: __cudaRegisterVar: hostVar = 0x556812d48920; deviceAddress = __nv_static_44__570e7b9d_22_cuda_device_runtime_cu_8b1a5d37_cudartErrorCnpMapArr; deviceName = __nv_static_44__570e7b9d_22_cuda_device_runtime_cu_8b1a5d37_cudartErrorCnpMapArr
GPGPU-Sim PTX: __cudaRegisterVar: Registering const memory space of 104 bytes
GPGPU-Sim PTX registering global __nv_static_44__570e7b9d_22_cuda_device_runtime_cu_8b1a5d37_cudartErrorCnpMapArr hostVar to name mapping
GPGPU-Sim PTX: __cudaRegisterVar: hostVar = 0x556812e360c8; deviceAddress = cudartErrorCnpMap; deviceName = cudartErrorCnpMap
GPGPU-Sim PTX: __cudaRegisterVar: Registering const memory space of 8 bytes
GPGPU-Sim PTX registering global cudartErrorCnpMap hostVar to name mapping
GPGPU-Sim PTX: __cudaRegisterVar: hostVar = 0x556812d48900; deviceAddress = cudartErrorCnpMapEntryCount; deviceName = cudartErrorCnpMapEntryCount
GPGPU-Sim PTX: __cudaRegisterVar: Registering const memory space of 4 bytes
GPGPU-Sim PTX registering global cudartErrorCnpMapEntryCount hostVar to name mapping
GPGPU-Sim PTX: __cudaRegisterVar: hostVar = 0x556812e360c0; deviceAddress = __CNPRT_VERSION_NUMBER__; deviceName = __CNPRT_VERSION_NUMBER__
GPGPU-Sim PTX: __cudaRegisterVar: Registering const memory space of 4 bytes
GPGPU-Sim PTX registering global __CNPRT_VERSION_NUMBER__ hostVar to name mapping
GPGPU-Sim PTX: Setting up arguments for 8 bytes starting at 0x7ffcf854fe80..
GPGPU-Sim PTX: Setting up arguments for 8 bytes starting at 0x7ffcf854fe88..
GPGPU-Sim PTX: Setting up arguments for 4 bytes starting at 0x7ffcf854fe68..
GPGPU-Sim PTX: Setting up arguments for 4 bytes starting at 0x7ffcf854fe6c..

GPGPU-Sim PTX: cudaLaunch for 0x0x556812d3e030 (mode=performance simulation) on stream 0
GPGPU-Sim PTX: finding reconvergence points for '_Z10bsmm_stagePKfPfii'...
GPGPU-Sim PTX: Finding dominators for '_Z10bsmm_stagePKfPfii'...
GPGPU-Sim PTX: Finding immediate dominators for '_Z10bsmm_stagePKfPfii'...
GPGPU-Sim PTX: Finding postdominators for '_Z10bsmm_stagePKfPfii'...
GPGPU-Sim PTX: Finding immediate postdominators for '_Z10bsmm_stagePKfPfii'...
GPGPU-Sim PTX: pre-decoding instructions for '_Z10bsmm_stagePKfPfii'...
GPGPU-Sim PTX: reconvergence points for _Z10bsmm_stagePKfPfii...
GPGPU-Sim PTX:  1 (potential) branch divergence @  PC=0x048 (mlx_fig24_schedule_witness.1.sm_86.ptx:37) @%p1 bra $L__BB0_2;
GPGPU-Sim PTX:    immediate post dominator      @  PC=0x100 (mlx_fig24_schedule_witness.1.sm_86.ptx:63) ret;
GPGPU-Sim PTX: ... end of reconvergence points for _Z10bsmm_stagePKfPfii
GPGPU-Sim PTX: ... done pre-decoding instructions for '_Z10bsmm_stagePKfPfii'.
GPGPU-Sim PTX: pushing kernel '_Z10bsmm_stagePKfPfii' to stream 0, gridDim= (4096,1,1) blockDim = (128,1,1) 
GPGPU-Sim uArch: Shader 0 bind to kernel 1 '_Z10bsmm_stagePKfPfii'
GPGPU-Sim uArch: CTA/core = 12, limited by: threads
GPGPU-Sim: Reconfigure L1 cache to 128KB
GPGPU-Sim uArch: Shader 1 bind to kernel 1 '_Z10bsmm_stagePKfPfii'
GPGPU-Sim uArch: Shader 2 bind to kernel 1 '_Z10bsmm_stagePKfPfii'
GPGPU-Sim uArch: Shader 3 bind to kernel 1 '_Z10bsmm_stagePKfPfii'
GPGPU-Sim uArch: Shader 4 bind to kernel 1 '_Z10bsmm_stagePKfPfii'
GPGPU-Sim uArch: Shader 5 bind to kernel 1 '_Z10bsmm_stagePKfPfii'
GPGPU-Sim uArch: Shader 6 bind to kernel 1 '_Z10bsmm_stagePKfPfii'
GPGPU-Sim uArch: Shader 7 bind to kernel 1 '_Z10bsmm_stagePKfPfii'
GPGPU-Sim uArch: Shader 8 bind to kernel 1 '_Z10bsmm_stagePKfPfii'
GPGPU-Sim uArch: Shader 9 bind to kernel 1 '_Z10bsmm_stagePKfPfii'
GPGPU-Sim uArch: Shader 10 bind to kernel 1 '_Z10bsmm_stagePKfPfii'
GPGPU-Sim uArch: Shader 11 bind to kernel 1 '_Z10bsmm_stagePKfPfii'
GPGPU-Sim uArch: Shader 12 bind to kernel 1 '_Z10bsmm_stagePKfPfii'
GPGPU-Sim uArch: Shader 13 bind to kernel 1 '_Z10bsmm_stagePKfPfii'
GPGPU-Sim uArch: Shader 14 bind to kernel 1 '_Z10bsmm_stagePKfPfii'
GPGPU-Sim uArch: Shader 15 bind to kernel 1 '_Z10bsmm_stagePKfPfii'
Destroy streams for kernel 1: size 0
kernel_name = _Z10bsmm_stagePKfPfii 
kernel_launch_uid = 1 
kernel_stream_id = 0
gpu_sim_cycle = 24918
gpu_sim_insn = 16777216
gpu_ipc =     673.2971
gpu_tot_sim_cycle = 24918
gpu_tot_sim_insn = 16777216
gpu_tot_ipc =     673.2971
gpu_tot_issued_cta = 4096
gpu_occupancy = 94.4553% 
gpu_tot_occupancy = 94.4553% 
max_total_param_size = 0
gpu_stall_dramfull = 0
gpu_stall_icnt2sh    = 0
partiton_level_parallism =       5.2601
partiton_level_parallism_total  =       5.2601
partiton_level_parallism_util =       7.0325
partiton_level_parallism_util_total  =       7.0325
L2_BW  =     218.8215 GB/Sec
L2_BW_total  =     218.8215 GB/Sec
gpu_total_sim_rate=645277

========= Core cache stats =========
L1I_cache:
	L1I_total_cache_accesses = 0
	L1I_total_cache_misses = 0
	L1I_total_cache_pending_hits = 0
	L1I_total_cache_reservation_fails = 0
L1D_cache:
	L1D_cache_core[0]: Access = 12672, Miss = 8448, Miss_rate = 0.667, Pending_hits = 0, Reservation_fails = 4182
	L1D_cache_core[1]: Access = 13056, Miss = 8704, Miss_rate = 0.667, Pending_hits = 0, Reservation_fails = 3254
	L1D_cache_core[2]: Access = 12144, Miss = 8096, Miss_rate = 0.667, Pending_hits = 0, Reservation_fails = 5135
	L1D_cache_core[3]: Access = 12144, Miss = 8096, Miss_rate = 0.667, Pending_hits = 0, Reservation_fails = 4604
	L1D_cache_core[4]: Access = 12336, Miss = 8224, Miss_rate = 0.667, Pending_hits = 0, Reservation_fails = 4763
	L1D_cache_core[5]: Access = 10944, Miss = 7296, Miss_rate = 0.667, Pending_hits = 0, Reservation_fails = 5840
	L1D_cache_core[6]: Access = 12816, Miss = 8544, Miss_rate = 0.667, Pending_hits = 0, Reservation_fails = 4125
	L1D_cache_core[7]: Access = 11328, Miss = 7552, Miss_rate = 0.667, Pending_hits = 0, Reservation_fails = 5742
	L1D_cache_core[8]: Access = 12240, Miss = 8160, Miss_rate = 0.667, Pending_hits = 0, Reservation_fails = 4838
	L1D_cache_core[9]: Access = 11712, Miss = 7808, Miss_rate = 0.667, Pending_hits = 0, Reservation_fails = 5391
	L1D_cache_core[10]: Access = 11520, Miss = 7680, Miss_rate = 0.667, Pending_hits = 0, Reservation_fails = 5744
	L1D_cache_core[11]: Access = 12672, Miss = 8448, Miss_rate = 0.667, Pending_hits = 0, Reservation_fails = 3601
	L1D_cache_core[12]: Access = 13200, Miss = 8800, Miss_rate = 0.667, Pending_hits = 0, Reservation_fails = 3775
	L1D_cache_core[13]: Access = 12288, Miss = 8192, Miss_rate = 0.667, Pending_hits = 0, Reservation_fails = 4568
	L1D_cache_core[14]: Access = 12672, Miss = 8448, Miss_rate = 0.667, Pending_hits = 0, Reservation_fails = 3966
	L1D_cache_core[15]: Access = 12864, Miss = 8576, Miss_rate = 0.667, Pending_hits = 0, Reservation_fails = 4211
	L1D_total_cache_accesses = 196608
	L1D_total_cache_misses = 131072
	L1D_total_cache_miss_rate = 0.6667
	L1D_total_cache_pending_hits = 0
	L1D_total_cache_reservation_fails = 73739
	L1D_cache_data_port_util = 0.209
	L1D_cache_fill_port_util = 0.209
L1C_cache:
	L1C_total_cache_accesses = 0
	L1C_total_cache_misses = 0
	L1C_total_cache_pending_hits = 0
	L1C_total_cache_reservation_fails = 0
L1T_cache:
	L1T_total_cache_accesses = 0
	L1T_total_cache_misses = 0
	L1T_total_cache_pending_hits = 0
	L1T_total_cache_reservation_fails = 0

Total_core_cache_stats:
	Total_core_cache_stats_breakdown[GLOBAL_ACC_R][HIT] = 65536
	Total_core_cache_stats_breakdown[GLOBAL_ACC_R][HIT_RESERVED] = 0
	Total_core_cache_stats_breakdown[GLOBAL_ACC_R][MISS] = 16384
	Total_core_cache_stats_breakdown[GLOBAL_ACC_R][RESERVATION_FAIL] = 55980
	Total_core_cache_stats_breakdown[GLOBAL_ACC_R][SECTOR_MISS] = 49152
	Total_core_cache_stats_breakdown[GLOBAL_ACC_R][MSHR_HIT] = 0
	Total_core_cache_stats_breakdown[LOCAL_ACC_R][HIT] = 0
	Total_core_cache_stats_breakdown[LOCAL_ACC_R][HIT_RESERVED] = 0
	Total_core_cache_stats_breakdown[LOCAL_ACC_R][MISS] = 0
	Total_core_cache_stats_breakdown[LOCAL_ACC_R][RESERVATION_FAIL] = 0
	Total_core_cache_stats_breakdown[LOCAL_ACC_R][SECTOR_MISS] = 0
	Total_core_cache_stats_breakdown[LOCAL_ACC_R][MSHR_HIT] = 0
	Total_core_cache_stats_breakdown[CONST_ACC_R][HIT] = 0
	Total_core_cache_stats_breakdown[CONST_ACC_R][HIT_RESERVED] = 0
	Total_core_cache_stats_breakdown[CONST_ACC_R][MISS] = 0
	Total_core_cache_stats_breakdown[CONST_ACC_R][RESERVATION_FAIL] = 0
	Total_core_cache_stats_breakdown[CONST_ACC_R][SECTOR_MISS] = 0
	Total_core_cache_stats_breakdown[CONST_ACC_R][MSHR_HIT] = 0
	Total_core_cache_stats_breakdown[TEXTURE_ACC_R][HIT] = 0
	Total_core_cache_stats_breakdown[TEXTURE_ACC_R][HIT_RESERVED] = 0
	Total_core_cache_stats_breakdown[TEXTURE_ACC_R][MISS] = 0
	Total_core_cache_stats_breakdown[TEXTURE_ACC_R][RESERVATION_FAIL] = 0
	Total_core_cache_stats_breakdown[TEXTURE_ACC_R][SECTOR_MISS] = 0
	Total_core_cache_stats_breakdown[TEXTURE_ACC_R][MSHR_HIT] = 0
	Total_core_cache_stats_breakdown[GLOBAL_ACC_W][HIT] = 0
	Total_core_cache_stats_breakdown[GLOBAL_ACC_W][HIT_RESERVED] = 0
	Total_core_cache_stats_breakdown[GLOBAL_ACC_W][MISS] = 16384
	Total_core_cache_stats_breakdown[GLOBAL_ACC_W][RESERVATION_FAIL] = 17759
	Total_core_cache_stats_breakdown[GLOBAL_ACC_W][SECTOR_MISS] = 49152
	Total_core_cache_stats_breakdown[GLOBAL_ACC_W][MSHR_HIT] = 0
	Total_core_cache_stats_breakdown[LOCAL_ACC_W][HIT] = 0
	Total_core_cache_stats_breakdown[LOCAL_ACC_W][HIT_RESERVED] = 0
	Total_core_cache_stats_breakdown[LOCAL_ACC_W][MISS] = 0
	Total_core_cache_stats_breakdown[LOCAL_ACC_W][RESERVATION_FAIL] = 0
	Total_core_cache_stats_breakdown[LOCAL_ACC_W][SECTOR_MISS] = 0
	Total_core_cache_stats_breakdown[LOCAL_ACC_W][MSHR_HIT] = 0
	Total_core_cache_stats_breakdown[L1_WRBK_ACC][HIT] = 0
	Total_core_cache_stats_breakdown[L1_WRBK_ACC][HIT_RESERVED] = 0
	Total_core_cache_stats_breakdown[L1_WRBK_ACC][MISS] = 0
	Total_core_cache_stats_breakdown[L1_WRBK_ACC][RESERVATION_FAIL] = 0
	Total_core_cache_stats_breakdown[L1_WRBK_ACC][SECTOR_MISS] = 0
	Total_core_cache_stats_breakdown[L1_WRBK_ACC][MSHR_HIT] = 0
	Total_core_cache_stats_breakdown[L2_WRBK_ACC][HIT] = 0
	Total_core_cache_stats_breakdown[L2_WRBK_ACC][HIT_RESERVED] = 0
	Total_core_cache_stats_breakdown[L2_WRBK_ACC][MISS] = 0
	Total_core_cache_stats_breakdown[L2_WRBK_ACC][RESERVATION_FAIL] = 0
	Total_core_cache_stats_breakdown[L2_WRBK_ACC][SECTOR_MISS] = 0
	Total_core_cache_stats_breakdown[L2_WRBK_ACC][MSHR_HIT] = 0
	Total_core_cache_stats_breakdown[INST_ACC_R][HIT] = 0
	Total_core_cache_stats_breakdown[INST_ACC_R][HIT_RESERVED] = 0
	Total_core_cache_stats_breakdown[INST_ACC_R][MISS] = 0
	Total_core_cache_stats_breakdown[INST_ACC_R][RESERVATION_FAIL] = 0
	Total_core_cache_stats_breakdown[INST_ACC_R][SECTOR_MISS] = 0
	Total_core_cache_stats_breakdown[INST_ACC_R][MSHR_HIT] = 0
	Total_core_cache_stats_breakdown[L1_WR_ALLOC_R][HIT] = 0
	Total_core_cache_stats_breakdown[L1_WR_ALLOC_R][HIT_RESERVED] = 0
	Total_core_cache_stats_breakdown[L1_WR_ALLOC_R][MISS] = 0
	Total_core_cache_stats_breakdown[L1_WR_ALLOC_R][RESERVATION_FAIL] = 0
	Total_core_cache_stats_breakdown[L1_WR_ALLOC_R][SECTOR_MISS] = 0
	Total_core_cache_stats_breakdown[L1_WR_ALLOC_R][MSHR_HIT] = 0
	Total_core_cache_stats_breakdown[L2_WR_ALLOC_R][HIT] = 0
	Total_core_cache_stats_breakdown[L2_WR_ALLOC_R][HIT_RESERVED] = 0
	Total_core_cache_stats_breakdown[L2_WR_ALLOC_R][MISS] = 0
	Total_core_cache_stats_breakdown[L2_WR_ALLOC_R][RESERVATION_FAIL] = 0
	Total_core_cache_stats_breakdown[L2_WR_ALLOC_R][SECTOR_MISS] = 0
	Total_core_cache_stats_breakdown[L2_WR_ALLOC_R][MSHR_HIT] = 0
	Total_core_cache_stats_breakdown[GLOBAL_ACC_R][TOTAL_ACCESS] = 131072
	Total_core_cache_stats_breakdown[GLOBAL_ACC_W][TOTAL_ACCESS] = 65536

Total_core_cache_fail_stats:
	Total_core_cache_fail_stats_breakdown[GLOBAL_ACC_R][MISS_QUEUE_FULL] = 55980
	Total_core_cache_fail_stats_breakdown[GLOBAL_ACC_W][MISS_QUEUE_FULL] = 17759
ctas_completed 4096, Shader 0 warp_id issue ditsribution:
warp_id:
0, 1, 2, 3, 4, 5, 6, 7, 8, 9, 10, 11, 12, 13, 14, 15, 16, 17, 18, 19, 20, 21, 22, 23, 24, 25, 26, 27, 28, 29, 30, 31, 32, 33, 34, 35, 36, 37, 38, 39, 40, 41, 42, 43, 44, 45, 46, 47, 
distro:
726, 726, 726, 726, 759, 759, 759, 759, 726, 726, 726, 726, 726, 726, 726, 726, 726, 726, 726, 726, 726, 726, 726, 726, 693, 693, 693, 693, 726, 726, 726, 726, 726, 726, 726, 726, 726, 726, 726, 726, 726, 726, 726, 726, 726, 726, 726, 726, 
gpgpu_n_tot_thrd_icount = 17301504
gpgpu_n_tot_w_icount = 540672
gpgpu_n_stall_shd_mem = 40
gpgpu_n_mem_read_local = 0
gpgpu_n_mem_write_local = 0
gpgpu_n_mem_read_global = 65536
gpgpu_n_mem_write_global = 65536
gpgpu_n_mem_texture = 0
gpgpu_n_mem_const = 0
gpgpu_n_load_insn  = 1048576
gpgpu_n_store_insn = 524288
gpgpu_n_shmem_insn = 0
gpgpu_n_sstarr_insn = 0
gpgpu_n_tex_insn = 0
gpgpu_n_const_mem_insn = 0
gpgpu_n_param_mem_insn = 2097152
gpgpu_n_shmem_bkconflict = 0
gpgpu_n_l1cache_bkconflict = 40
gpgpu_n_intrawarp_mshr_merge = 0
gpgpu_n_cmem_portconflict = 0
gpgpu_stall_shd_mem[c_mem][resource_stall] = 0
gpgpu_stall_shd_mem[s_mem][bk_conf] = 0
gpgpu_stall_shd_mem[gl_mem][resource_stall] = 40
gpgpu_stall_shd_mem[gl_mem][coal_stall] = 0
gpgpu_stall_shd_mem[gl_mem][data_port_stall] = 0
gpu_reg_bank_conflict_stalls = 0
Warp Occupancy Distribution:
Stall:168334	W0_Idle:19076	W0_Scoreboard:527326	W1:0	W2:0	W3:0	W4:0	W5:0	W6:0	W7:0	W8:0	W9:0	W10:0	W11:0	W12:0	W13:0	W14:0	W15:0	W16:0	W17:0	W18:0	W19:0	W20:0	W21:0	W22:0	W23:0	W24:0	W25:0	W26:0	W27:0	W28:0	W29:0	W30:0	W31:0	W32:540672
single_issue_nums: WS0:135168	WS1:135168	WS2:135168	WS3:135168	
dual_issue_nums: WS0:0	WS1:0	WS2:0	WS3:0	
traffic_breakdown_coretomem[GLOBAL_ACC_R] = 524288 {8:65536,}
traffic_breakdown_coretomem[GLOBAL_ACC_W] = 2621440 {40:65536,}
traffic_breakdown_memtocore[GLOBAL_ACC_R] = 2621440 {40:65536,}
traffic_breakdown_memtocore[GLOBAL_ACC_W] = 524288 {8:65536,}
maxmflatency = 464 
max_icnt2mem_latency = 223 
maxmrqlatency = 0 
max_icnt2sh_latency = 148 
averagemflatency = 263 
avg_icnt2mem_latency = 63 
avg_icnt2sh_latency = 11 
mrq_lat_table:0 	0 	0 	0 	0 	0 	0 	0 	0 	0 	0 	0 	0 	0 	0 	0 	0 	0 	0 	0 	0 	0 	0 	0 	0 	0 	0 	0 	0 	0 	0 	0 	
dq_lat_table:0 	0 	0 	0 	0 	0 	0 	0 	0 	0 	0 	0 	0 	0 	0 	0 	0 	0 	0 	0 	0 	0 	0 	0 	0 	0 	0 	0 	0 	0 	0 	0 	
mf_lat_table:0 	0 	0 	0 	0 	0 	0 	71471 	59601 	0 	0 	0 	0 	0 	0 	0 	0 	0 	0 	0 	0 	0 	0 	0 	0 	0 	0 	0 	0 	0 	0 	0 	
icnt2mem_lat_table:0 	0 	0 	0 	0 	93992 	31475 	5605 	0 	0 	0 	0 	0 	0 	0 	0 	0 	0 	0 	0 	0 	0 	0 	0 	
icnt2sh_lat_table:0 	42999 	27251 	28127 	21883 	9554 	1245 	13 	0 	0 	0 	0 	0 	0 	0 	0 	0 	0 	0 	0 	0 	0 	0 	0 	
mf_lat_pw_table:0 	0 	0 	0 	0 	0 	0 	11 	27 	0 	0 	0 	0 	0 	0 	0 	0 	0 	0 	0 	0 	0 	0 	0 	0 	0 	0 	0 	0 	0 	0 	0 	
maximum concurrent accesses to same row:
dram[0]:         0         0         0         0         0         0         0         0         0         0         0         0         0         0         0         0 
dram[1]:         0         0         0         0         0         0         0         0         0         0         0         0         0         0         0         0 
dram[2]:         0         0         0         0         0         0         0         0         0         0         0         0         0         0         0         0 
dram[3]:         0         0         0         0         0         0         0         0         0         0         0         0         0         0         0         0 
dram[4]:         0         0         0         0         0         0         0         0         0         0         0         0         0         0         0         0 
dram[5]:         0         0         0         0         0         0         0         0         0         0         0         0         0         0         0         0 
dram[6]:         0         0         0         0         0         0         0         0         0         0         0         0         0         0         0         0 
dram[7]:         0         0         0         0         0         0         0         0         0         0         0         0         0         0         0         0 
dram[8]:         0         0         0         0         0         0         0         0         0         0         0         0         0         0         0         0 
dram[9]:         0         0         0         0         0         0         0         0         0         0         0         0         0         0         0         0 
dram[10]:         0         0         0         0         0         0         0         0         0         0         0         0         0         0         0         0 
dram[11]:         0         0         0         0         0         0         0         0         0         0         0         0         0         0         0         0 
dram[12]:         0         0         0         0         0         0         0         0         0         0         0         0         0         0         0         0 
dram[13]:         0         0         0         0         0         0         0         0         0         0         0         0         0         0         0         0 
dram[14]:         0         0         0         0         0         0         0         0         0         0         0         0         0         0         0         0 
dram[15]:         0         0         0         0         0         0         0         0         0         0         0         0         0         0         0         0 
maximum service time to same row:
dram[0]:         0         0         0         0         0         0         0         0         0         0         0         0         0         0         0         0 
dram[1]:         0         0         0         0         0         0         0         0         0         0         0         0         0         0         0         0 
dram[2]:         0         0         0         0         0         0         0         0         0         0         0         0         0         0         0         0 
dram[3]:         0         0         0         0         0         0         0         0         0         0         0         0         0         0         0         0 
dram[4]:         0         0         0         0         0         0         0         0         0         0         0         0         0         0         0         0 
dram[5]:         0         0         0         0         0         0         0         0         0         0         0         0         0         0         0         0 
dram[6]:         0         0         0         0         0         0         0         0         0         0         0         0         0         0         0         0 
dram[7]:         0         0         0         0         0         0         0         0         0         0         0         0         0         0         0         0 
dram[8]:         0         0         0         0         0         0         0         0         0         0         0         0         0         0         0         0 
dram[9]:         0         0         0         0         0         0         0         0         0         0         0         0         0         0         0         0 
dram[10]:         0         0         0         0         0         0         0         0         0         0         0         0         0         0         0         0 
dram[11]:         0         0         0         0         0         0         0         0         0         0         0         0         0         0         0         0 
dram[12]:         0         0         0         0         0         0         0         0         0         0         0         0         0         0         0         0 
dram[13]:         0         0         0         0         0         0         0         0         0         0         0         0         0         0         0         0 
dram[14]:         0         0         0         0         0         0         0         0         0         0         0         0         0         0         0         0 
dram[15]:         0         0         0         0         0         0         0         0         0         0         0         0         0         0         0         0 
average row accesses per activate:
dram[0]:      -nan      -nan      -nan      -nan      -nan      -nan      -nan      -nan      -nan      -nan      -nan      -nan      -nan      -nan      -nan      -nan 
dram[1]:      -nan      -nan      -nan      -nan      -nan      -nan      -nan      -nan      -nan      -nan      -nan      -nan      -nan      -nan      -nan      -nan 
dram[2]:      -nan      -nan      -nan      -nan      -nan      -nan      -nan      -nan      -nan      -nan      -nan      -nan      -nan      -nan      -nan      -nan 
dram[3]:      -nan      -nan      -nan      -nan      -nan      -nan      -nan      -nan      -nan      -nan      -nan      -nan      -nan      -nan      -nan      -nan 
dram[4]:      -nan      -nan      -nan      -nan      -nan      -nan      -nan      -nan      -nan      -nan      -nan      -nan      -nan      -nan      -nan      -nan 
dram[5]:      -nan      -nan      -nan      -nan      -nan      -nan      -nan      -nan      -nan      -nan      -nan      -nan      -nan      -nan      -nan      -nan 
dram[6]:      -nan      -nan      -nan      -nan      -nan      -nan      -nan      -nan      -nan      -nan      -nan      -nan      -nan      -nan      -nan      -nan 
dram[7]:      -nan      -nan      -nan      -nan      -nan      -nan      -nan      -nan      -nan      -nan      -nan      -nan      -nan      -nan      -nan      -nan 
dram[8]:      -nan      -nan      -nan      -nan      -nan      -nan      -nan      -nan      -nan      -nan      -nan      -nan      -nan      -nan      -nan      -nan 
dram[9]:      -nan      -nan      -nan      -nan      -nan      -nan      -nan      -nan      -nan      -nan      -nan      -nan      -nan      -nan      -nan      -nan 
dram[10]:      -nan      -nan      -nan      -nan      -nan      -nan      -nan      -nan      -nan      -nan      -nan      -nan      -nan      -nan      -nan      -nan 
dram[11]:      -nan      -nan      -nan      -nan      -nan      -nan      -nan      -nan      -nan      -nan      -nan      -nan      -nan      -nan      -nan      -nan 
dram[12]:      -nan      -nan      -nan      -nan      -nan      -nan      -nan      -nan      -nan      -nan      -nan      -nan      -nan      -nan      -nan      -nan 
dram[13]:      -nan      -nan      -nan      -nan      -nan      -nan      -nan      -nan      -nan      -nan      -nan      -nan      -nan      -nan      -nan      -nan 
dram[14]:      -nan      -nan      -nan      -nan      -nan      -nan      -nan      -nan      -nan      -nan      -nan      -nan      -nan      -nan      -nan      -nan 
dram[15]:      -nan      -nan      -nan      -nan      -nan      -nan      -nan      -nan      -nan      -nan      -nan      -nan      -nan      -nan      -nan      -nan 
average row locality = 0/0 = -nan
number of total memory accesses made:
dram[0]:         0         0         0         0         0         0         0         0         0         0         0         0         0         0         0         0 
dram[1]:         0         0         0         0         0         0         0         0         0         0         0         0         0         0         0         0 
dram[2]:         0         0         0         0         0         0         0         0         0         0         0         0         0         0         0         0 
dram[3]:         0         0         0         0         0         0         0         0         0         0         0         0         0         0         0         0 
dram[4]:         0         0         0         0         0         0         0         0         0         0         0         0         0         0         0         0 
dram[5]:         0         0         0         0         0         0         0         0         0         0         0         0         0         0         0         0 
dram[6]:         0         0         0         0         0         0         0         0         0         0         0         0         0         0         0         0 
dram[7]:         0         0         0         0         0         0         0         0         0         0         0         0         0         0         0         0 
dram[8]:         0         0         0         0         0         0         0         0         0         0         0         0         0         0         0         0 
dram[9]:         0         0         0         0         0         0         0         0         0         0         0         0         0         0         0         0 
dram[10]:         0         0         0         0         0         0         0         0         0         0         0         0         0         0         0         0 
dram[11]:         0         0         0         0         0         0         0         0         0         0         0         0         0         0         0         0 
dram[12]:         0         0         0         0         0         0         0         0         0         0         0         0         0         0         0         0 
dram[13]:         0         0         0         0         0         0         0         0         0         0         0         0         0         0         0         0 
dram[14]:         0         0         0         0         0         0         0         0         0         0         0         0         0         0         0         0 
dram[15]:         0         0         0         0         0         0         0         0         0         0         0         0         0         0         0         0 
total accesses: 0
min_bank_accesses = 0!
min_chip_accesses = 0!
number of total read accesses:
dram[0]:         0         0         0         0         0         0         0         0         0         0         0         0         0         0         0         0 
dram[1]:         0         0         0         0         0         0         0         0         0         0         0         0         0         0         0         0 
dram[2]:         0         0         0         0         0         0         0         0         0         0         0         0         0         0         0         0 
dram[3]:         0         0         0         0         0         0         0         0         0         0         0         0         0         0         0         0 
dram[4]:         0         0         0         0         0         0         0         0         0         0         0         0         0         0         0         0 
dram[5]:         0         0         0         0         0         0         0         0         0         0         0         0         0         0         0         0 
dram[6]:         0         0         0         0         0         0         0         0         0         0         0         0         0         0         0         0 
dram[7]:         0         0         0         0         0         0         0         0         0         0         0         0         0         0         0         0 
dram[8]:         0         0         0         0         0         0         0         0         0         0         0         0         0         0         0         0 
dram[9]:         0         0         0         0         0         0         0         0         0         0         0         0         0         0         0         0 
dram[10]:         0         0         0         0         0         0         0         0         0         0         0         0         0         0         0         0 
dram[11]:         0         0         0         0         0         0         0         0         0         0         0         0         0         0         0         0 
dram[12]:         0         0         0         0         0         0         0         0         0         0         0         0         0         0         0         0 
dram[13]:         0         0         0         0         0         0         0         0         0         0         0         0         0         0         0         0 
dram[14]:         0         0         0         0         0         0         0         0         0         0         0         0         0         0         0         0 
dram[15]:         0         0         0         0         0         0         0         0         0         0         0         0         0         0         0         0 
total dram reads = 0
min_bank_accesses = 0!
min_chip_accesses = 0!
number of total write accesses:
dram[0]:         0         0         0         0         0         0         0         0         0         0         0         0         0         0         0         0 
dram[1]:         0         0         0         0         0         0         0         0         0         0         0         0         0         0         0         0 
dram[2]:         0         0         0         0         0         0         0         0         0         0         0         0         0         0         0         0 
dram[3]:         0         0         0         0         0         0         0         0         0         0         0         0         0         0         0         0 
dram[4]:         0         0         0         0         0         0         0         0         0         0         0         0         0         0         0         0 
dram[5]:         0         0         0         0         0         0         0         0         0         0         0         0         0         0         0         0 
dram[6]:         0         0         0         0         0         0         0         0         0         0         0         0         0         0         0         0 
dram[7]:         0         0         0         0         0         0         0         0         0         0         0         0         0         0         0         0 
dram[8]:         0         0         0         0         0         0         0         0         0         0         0         0         0         0         0         0 
dram[9]:         0         0         0         0         0         0         0         0         0         0         0         0         0         0         0         0 
dram[10]:         0         0         0         0         0         0         0         0         0         0         0         0         0         0         0         0 
dram[11]:         0         0         0         0         0         0         0         0         0         0         0         0         0         0         0         0 
dram[12]:         0         0         0         0         0         0         0         0         0         0         0         0         0         0         0         0 
dram[13]:         0         0         0         0         0         0         0         0         0         0         0         0         0         0         0         0 
dram[14]:         0         0         0         0         0         0         0         0         0         0         0         0         0         0         0         0 
dram[15]:         0         0         0         0         0         0         0         0         0         0         0         0         0         0         0         0 
total dram writes = 0
min_bank_accesses = 0!
min_chip_accesses = 0!
average mf latency per bank:
dram[0]:     none      none      none      none      none      none      none      none      none      none      none      none      none      none      none      none  
dram[1]:     none      none      none      none      none      none      none      none      none      none      none      none      none      none      none      none  
dram[2]:     none      none      none      none      none      none      none      none      none      none      none      none      none      none      none      none  
dram[3]:     none      none      none      none      none      none      none      none      none      none      none      none      none      none      none      none  
dram[4]:     none      none      none      none      none      none      none      none      none      none      none      none      none      none      none      none  
dram[5]:     none      none      none      none      none      none      none      none      none      none      none      none      none      none      none      none  
dram[6]:     none      none      none      none      none      none      none      none      none      none      none      none      none      none      none      none  
dram[7]:     none      none      none      none      none      none      none      none      none      none      none      none      none      none      none      none  
dram[8]:     none      none      none      none      none      none      none      none      none      none      none      none      none      none      none      none  
dram[9]:     none      none      none      none      none      none      none      none      none      none      none      none      none      none      none      none  
dram[10]:     none      none      none      none      none      none      none      none      none      none      none      none      none      none      none      none  
dram[11]:     none      none      none      none      none      none      none      none      none      none      none      none      none      none      none      none  
dram[12]:     none      none      none      none      none      none      none      none      none      none      none      none      none      none      none      none  
dram[13]:     none      none      none      none      none      none      none      none      none      none      none      none      none      none      none      none  
dram[14]:     none      none      none      none      none      none      none      none      none      none      none      none      none      none      none      none  
dram[15]:     none      none      none      none      none      none      none      none      none      none      none      none      none      none      none      none  
maximum mf latency per bank:
dram[0]:        438       435       413       435       397       394       360       358       355       378       391       413       361       371       377       359
dram[1]:        458       458       456       464       392       394       388       396       401       398       371       380       371       360       364       364
dram[2]:        431       441       434       410       386       386       391       407       398       398       369       360       360       366       379       380
dram[3]:        453       453       420       448       392       394       413       397       400       414       376       395       370       394       368       383
dram[4]:        449       432       417       429       414       390       419       416       431       397       390       404       404       404       380       382
dram[5]:        455       452       448       448       383       385       387       394       385       394       378       384       365       375       373       387
dram[6]:        462       442       443       431       409       395       400       389       410       416       364       389       391       360       356       352
dram[7]:        443       458       438       448       375       378       394       392       403       403       382       367       367       365       369       355
dram[8]:        439       427       427       433       397       391       369       384       408       389       413       384       359       354       360       366
dram[9]:        453       446       451       454       389       393       368       377       387       381       382       423       354       386       364       389
dram[10]:        434       434       433       438       421       432       412       379       363       361       380       369       364       368       371       366
dram[11]:        432       438       429       428       404       406       386       393       387       381       379       380       375       367       360       361
dram[12]:        436       434       421       423       398       398       372       370       369       378       383       379       377       372       356       388
dram[13]:        461       456       445       450       414       407       379       390       390       382       377       376       375       378       369       362
dram[14]:        427       420       420       421       422       419       410       401       390       404       369       372       393       382       370       359
dram[15]:        460       457       437       451       411       407       370       409       373       366       395       392       398       389       392       398
Memory Partition 0: 
Cache L2_bank_000:
MSHR contents

Cache L2_bank_001:
MSHR contents

In Dram Latency Queue (total = 0): 
DRAM[0]: 16 bks, busW=2 BL=16 CL=24, tRRD=12 tCCD=4, tRCD=24 tRAS=55 tRP=24 tRC=78
n_cmd=30668 n_nop=30668 n_act=0 n_pre=0 n_ref_event=0 n_req=0 n_rd=0 n_rd_L2_A=0 n_write=0 n_wr_bk=0 bw_util=0
n_activity=0 dram_eff=-nan
bk0: 0a 30668i bk1: 0a 30668i bk2: 0a 30668i bk3: 0a 30668i bk4: 0a 30668i bk5: 0a 30668i bk6: 0a 30668i bk7: 0a 30668i bk8: 0a 30668i bk9: 0a 30668i bk10: 0a 30668i bk11: 0a 30668i bk12: 0a 30668i bk13: 0a 30668i bk14: 0a 30668i bk15: 0a 30668i 

------------------------------------------------------------------------

Row_Buffer_Locality = -nan
Row_Buffer_Locality_read = -nan
Row_Buffer_Locality_write = -nan
Bank_Level_Parallism = -nan
Bank_Level_Parallism_Col = -nan
Bank_Level_Parallism_Ready = -nan
write_to_read_ratio_blp_rw_average = -nan
GrpLevelPara = -nan 

BW Util details:
bwutil = 0.000000 
total_CMD = 30668 
util_bw = 0 
Wasted_Col = 0 
Wasted_Row = 0 
Idle = 30668 

BW Util Bottlenecks: 
RCDc_limit = 0 
RCDWRc_limit = 0 
WTRc_limit = 0 
RTWc_limit = 0 
CCDLc_limit = 0 
rwq = 0 
CCDLc_limit_alone = 0 
WTRc_limit_alone = 0 
RTWc_limit_alone = 0 

Commands details: 
total_CMD = 30668 
n_nop = 30668 
Read = 0 
Write = 0 
L2_Alloc = 0 
L2_WB = 0 
n_act = 0 
n_pre = 0 
n_ref = 0 
n_req = 0 
total_req = 0 

Dual Bus Interface Util: 
issued_total_row = 0 
issued_total_col = 0 
Row_Bus_Util =  0.000000 
CoL_Bus_Util = 0.000000 
Either_Row_CoL_Bus_Util = 0.000000 
Issued_on_Two_Bus_Simul_Util = 0.000000 
issued_two_Eff = -nan 
queue_avg = 0.000000 


dram_util_bins: 0 0 0 0 0 0 0 0 0 0
dram_eff_bins: 0 0 0 0 0 0 0 0 0 0
mrqq: max=0 avg=0
Memory Partition 1: 
Cache L2_bank_002:
MSHR contents

Cache L2_bank_003:
MSHR contents

In Dram Latency Queue (total = 0): 
DRAM[1]: 16 bks, busW=2 BL=16 CL=24, tRRD=12 tCCD=4, tRCD=24 tRAS=55 tRP=24 tRC=78
n_cmd=30668 n_nop=30668 n_act=0 n_pre=0 n_ref_event=0 n_req=0 n_rd=0 n_rd_L2_A=0 n_write=0 n_wr_bk=0 bw_util=0
n_activity=0 dram_eff=-nan
bk0: 0a 30668i bk1: 0a 30668i bk2: 0a 30668i bk3: 0a 30668i bk4: 0a 30668i bk5: 0a 30668i bk6: 0a 30668i bk7: 0a 30668i bk8: 0a 30668i bk9: 0a 30668i bk10: 0a 30668i bk11: 0a 30668i bk12: 0a 30668i bk13: 0a 30668i bk14: 0a 30668i bk15: 0a 30668i 

------------------------------------------------------------------------

Row_Buffer_Locality = -nan
Row_Buffer_Locality_read = -nan
Row_Buffer_Locality_write = -nan
Bank_Level_Parallism = -nan
Bank_Level_Parallism_Col = -nan
Bank_Level_Parallism_Ready = -nan
write_to_read_ratio_blp_rw_average = -nan
GrpLevelPara = -nan 

BW Util details:
bwutil = 0.000000 
total_CMD = 30668 
util_bw = 0 
Wasted_Col = 0 
Wasted_Row = 0 
Idle = 30668 

BW Util Bottlenecks: 
RCDc_limit = 0 
RCDWRc_limit = 0 
WTRc_limit = 0 
RTWc_limit = 0 
CCDLc_limit = 0 
rwq = 0 
CCDLc_limit_alone = 0 
WTRc_limit_alone = 0 
RTWc_limit_alone = 0 

Commands details: 
total_CMD = 30668 
n_nop = 30668 
Read = 0 
Write = 0 
L2_Alloc = 0 
L2_WB = 0 
n_act = 0 
n_pre = 0 
n_ref = 0 
n_req = 0 
total_req = 0 

Dual Bus Interface Util: 
issued_total_row = 0 
issued_total_col = 0 
Row_Bus_Util =  0.000000 
CoL_Bus_Util = 0.000000 
Either_Row_CoL_Bus_Util = 0.000000 
Issued_on_Two_Bus_Simul_Util = 0.000000 
issued_two_Eff = -nan 
queue_avg = 0.000000 


dram_util_bins: 0 0 0 0 0 0 0 0 0 0
dram_eff_bins: 0 0 0 0 0 0 0 0 0 0
mrqq: max=0 avg=0
Memory Partition 2: 
Cache L2_bank_004:
MSHR contents

Cache L2_bank_005:
MSHR contents

In Dram Latency Queue (total = 0): 
DRAM[2]: 16 bks, busW=2 BL=16 CL=24, tRRD=12 tCCD=4, tRCD=24 tRAS=55 tRP=24 tRC=78
n_cmd=30668 n_nop=30668 n_act=0 n_pre=0 n_ref_event=0 n_req=0 n_rd=0 n_rd_L2_A=0 n_write=0 n_wr_bk=0 bw_util=0
n_activity=0 dram_eff=-nan
bk0: 0a 30668i bk1: 0a 30668i bk2: 0a 30668i bk3: 0a 30668i bk4: 0a 30668i bk5: 0a 30668i bk6: 0a 30668i bk7: 0a 30668i bk8: 0a 30668i bk9: 0a 30668i bk10: 0a 30668i bk11: 0a 30668i bk12: 0a 30668i bk13: 0a 30668i bk14: 0a 30668i bk15: 0a 30668i 

------------------------------------------------------------------------

Row_Buffer_Locality = -nan
Row_Buffer_Locality_read = -nan
Row_Buffer_Locality_write = -nan
Bank_Level_Parallism = -nan
Bank_Level_Parallism_Col = -nan
Bank_Level_Parallism_Ready = -nan
write_to_read_ratio_blp_rw_average = -nan
GrpLevelPara = -nan 

BW Util details:
bwutil = 0.000000 
total_CMD = 30668 
util_bw = 0 
Wasted_Col = 0 
Wasted_Row = 0 
Idle = 30668 

BW Util Bottlenecks: 
RCDc_limit = 0 
RCDWRc_limit = 0 
WTRc_limit = 0 
RTWc_limit = 0 
CCDLc_limit = 0 
rwq = 0 
CCDLc_limit_alone = 0 
WTRc_limit_alone = 0 
RTWc_limit_alone = 0 

Commands details: 
total_CMD = 30668 
n_nop = 30668 
Read = 0 
Write = 0 
L2_Alloc = 0 
L2_WB = 0 
n_act = 0 
n_pre = 0 
n_ref = 0 
n_req = 0 
total_req = 0 

Dual Bus Interface Util: 
issued_total_row = 0 
issued_total_col = 0 
Row_Bus_Util =  0.000000 
CoL_Bus_Util = 0.000000 
Either_Row_CoL_Bus_Util = 0.000000 
Issued_on_Two_Bus_Simul_Util = 0.000000 
issued_two_Eff = -nan 
queue_avg = 0.000000 


dram_util_bins: 0 0 0 0 0 0 0 0 0 0
dram_eff_bins: 0 0 0 0 0 0 0 0 0 0
mrqq: max=0 avg=0
Memory Partition 3: 
Cache L2_bank_006:
MSHR contents

Cache L2_bank_007:
MSHR contents

In Dram Latency Queue (total = 0): 
DRAM[3]: 16 bks, busW=2 BL=16 CL=24, tRRD=12 tCCD=4, tRCD=24 tRAS=55 tRP=24 tRC=78
n_cmd=30668 n_nop=30668 n_act=0 n_pre=0 n_ref_event=0 n_req=0 n_rd=0 n_rd_L2_A=0 n_write=0 n_wr_bk=0 bw_util=0
n_activity=0 dram_eff=-nan
bk0: 0a 30668i bk1: 0a 30668i bk2: 0a 30668i bk3: 0a 30668i bk4: 0a 30668i bk5: 0a 30668i bk6: 0a 30668i bk7: 0a 30668i bk8: 0a 30668i bk9: 0a 30668i bk10: 0a 30668i bk11: 0a 30668i bk12: 0a 30668i bk13: 0a 30668i bk14: 0a 30668i bk15: 0a 30668i 

------------------------------------------------------------------------

Row_Buffer_Locality = -nan
Row_Buffer_Locality_read = -nan
Row_Buffer_Locality_write = -nan
Bank_Level_Parallism = -nan
Bank_Level_Parallism_Col = -nan
Bank_Level_Parallism_Ready = -nan
write_to_read_ratio_blp_rw_average = -nan
GrpLevelPara = -nan 

BW Util details:
bwutil = 0.000000 
total_CMD = 30668 
util_bw = 0 
Wasted_Col = 0 
Wasted_Row = 0 
Idle = 30668 

BW Util Bottlenecks: 
RCDc_limit = 0 
RCDWRc_limit = 0 
WTRc_limit = 0 
RTWc_limit = 0 
CCDLc_limit = 0 
rwq = 0 
CCDLc_limit_alone = 0 
WTRc_limit_alone = 0 
RTWc_limit_alone = 0 

Commands details: 
total_CMD = 30668 
n_nop = 30668 
Read = 0 
Write = 0 
L2_Alloc = 0 
L2_WB = 0 
n_act = 0 
n_pre = 0 
n_ref = 0 
n_req = 0 
total_req = 0 

Dual Bus Interface Util: 
issued_total_row = 0 
issued_total_col = 0 
Row_Bus_Util =  0.000000 
CoL_Bus_Util = 0.000000 
Either_Row_CoL_Bus_Util = 0.000000 
Issued_on_Two_Bus_Simul_Util = 0.000000 
issued_two_Eff = -nan 
queue_avg = 0.000000 


dram_util_bins: 0 0 0 0 0 0 0 0 0 0
dram_eff_bins: 0 0 0 0 0 0 0 0 0 0
mrqq: max=0 avg=0
Memory Partition 4: 
Cache L2_bank_008:
MSHR contents

Cache L2_bank_009:
MSHR contents

In Dram Latency Queue (total = 0): 
DRAM[4]: 16 bks, busW=2 BL=16 CL=24, tRRD=12 tCCD=4, tRCD=24 tRAS=55 tRP=24 tRC=78
n_cmd=30668 n_nop=30668 n_act=0 n_pre=0 n_ref_event=0 n_req=0 n_rd=0 n_rd_L2_A=0 n_write=0 n_wr_bk=0 bw_util=0
n_activity=0 dram_eff=-nan
bk0: 0a 30668i bk1: 0a 30668i bk2: 0a 30668i bk3: 0a 30668i bk4: 0a 30668i bk5: 0a 30668i bk6: 0a 30668i bk7: 0a 30668i bk8: 0a 30668i bk9: 0a 30668i bk10: 0a 30668i bk11: 0a 30668i bk12: 0a 30668i bk13: 0a 30668i bk14: 0a 30668i bk15: 0a 30668i 

------------------------------------------------------------------------

Row_Buffer_Locality = -nan
Row_Buffer_Locality_read = -nan
Row_Buffer_Locality_write = -nan
Bank_Level_Parallism = -nan
Bank_Level_Parallism_Col = -nan
Bank_Level_Parallism_Ready = -nan
write_to_read_ratio_blp_rw_average = -nan
GrpLevelPara = -nan 

BW Util details:
bwutil = 0.000000 
total_CMD = 30668 
util_bw = 0 
Wasted_Col = 0 
Wasted_Row = 0 
Idle = 30668 

BW Util Bottlenecks: 
RCDc_limit = 0 
RCDWRc_limit = 0 
WTRc_limit = 0 
RTWc_limit = 0 
CCDLc_limit = 0 
rwq = 0 
CCDLc_limit_alone = 0 
WTRc_limit_alone = 0 
RTWc_limit_alone = 0 

Commands details: 
total_CMD = 30668 
n_nop = 30668 
Read = 0 
Write = 0 
L2_Alloc = 0 
L2_WB = 0 
n_act = 0 
n_pre = 0 
n_ref = 0 
n_req = 0 
total_req = 0 

Dual Bus Interface Util: 
issued_total_row = 0 
issued_total_col = 0 
Row_Bus_Util =  0.000000 
CoL_Bus_Util = 0.000000 
Either_Row_CoL_Bus_Util = 0.000000 
Issued_on_Two_Bus_Simul_Util = 0.000000 
issued_two_Eff = -nan 
queue_avg = 0.000000 


dram_util_bins: 0 0 0 0 0 0 0 0 0 0
dram_eff_bins: 0 0 0 0 0 0 0 0 0 0
mrqq: max=0 avg=0
Memory Partition 5: 
Cache L2_bank_010:
MSHR contents

Cache L2_bank_011:
MSHR contents

In Dram Latency Queue (total = 0): 
DRAM[5]: 16 bks, busW=2 BL=16 CL=24, tRRD=12 tCCD=4, tRCD=24 tRAS=55 tRP=24 tRC=78
n_cmd=30668 n_nop=30668 n_act=0 n_pre=0 n_ref_event=0 n_req=0 n_rd=0 n_rd_L2_A=0 n_write=0 n_wr_bk=0 bw_util=0
n_activity=0 dram_eff=-nan
bk0: 0a 30668i bk1: 0a 30668i bk2: 0a 30668i bk3: 0a 30668i bk4: 0a 30668i bk5: 0a 30668i bk6: 0a 30668i bk7: 0a 30668i bk8: 0a 30668i bk9: 0a 30668i bk10: 0a 30668i bk11: 0a 30668i bk12: 0a 30668i bk13: 0a 30668i bk14: 0a 30668i bk15: 0a 30668i 

------------------------------------------------------------------------

Row_Buffer_Locality = -nan
Row_Buffer_Locality_read = -nan
Row_Buffer_Locality_write = -nan
Bank_Level_Parallism = -nan
Bank_Level_Parallism_Col = -nan
Bank_Level_Parallism_Ready = -nan
write_to_read_ratio_blp_rw_average = -nan
GrpLevelPara = -nan 

BW Util details:
bwutil = 0.000000 
total_CMD = 30668 
util_bw = 0 
Wasted_Col = 0 
Wasted_Row = 0 
Idle = 30668 

BW Util Bottlenecks: 
RCDc_limit = 0 
RCDWRc_limit = 0 
WTRc_limit = 0 
RTWc_limit = 0 
CCDLc_limit = 0 
rwq = 0 
CCDLc_limit_alone = 0 
WTRc_limit_alone = 0 
RTWc_limit_alone = 0 

Commands details: 
total_CMD = 30668 
n_nop = 30668 
Read = 0 
Write = 0 
L2_Alloc = 0 
L2_WB = 0 
n_act = 0 
n_pre = 0 
n_ref = 0 
n_req = 0 
total_req = 0 

Dual Bus Interface Util: 
issued_total_row = 0 
issued_total_col = 0 
Row_Bus_Util =  0.000000 
CoL_Bus_Util = 0.000000 
Either_Row_CoL_Bus_Util = 0.000000 
Issued_on_Two_Bus_Simul_Util = 0.000000 
issued_two_Eff = -nan 
queue_avg = 0.000000 


dram_util_bins: 0 0 0 0 0 0 0 0 0 0
dram_eff_bins: 0 0 0 0 0 0 0 0 0 0
mrqq: max=0 avg=0
Memory Partition 6: 
Cache L2_bank_012:
MSHR contents

Cache L2_bank_013:
MSHR contents

In Dram Latency Queue (total = 0): 
DRAM[6]: 16 bks, busW=2 BL=16 CL=24, tRRD=12 tCCD=4, tRCD=24 tRAS=55 tRP=24 tRC=78
n_cmd=30668 n_nop=30668 n_act=0 n_pre=0 n_ref_event=0 n_req=0 n_rd=0 n_rd_L2_A=0 n_write=0 n_wr_bk=0 bw_util=0
n_activity=0 dram_eff=-nan
bk0: 0a 30668i bk1: 0a 30668i bk2: 0a 30668i bk3: 0a 30668i bk4: 0a 30668i bk5: 0a 30668i bk6: 0a 30668i bk7: 0a 30668i bk8: 0a 30668i bk9: 0a 30668i bk10: 0a 30668i bk11: 0a 30668i bk12: 0a 30668i bk13: 0a 30668i bk14: 0a 30668i bk15: 0a 30668i 

------------------------------------------------------------------------

Row_Buffer_Locality = -nan
Row_Buffer_Locality_read = -nan
Row_Buffer_Locality_write = -nan
Bank_Level_Parallism = -nan
Bank_Level_Parallism_Col = -nan
Bank_Level_Parallism_Ready = -nan
write_to_read_ratio_blp_rw_average = -nan
GrpLevelPara = -nan 

BW Util details:
bwutil = 0.000000 
total_CMD = 30668 
util_bw = 0 
Wasted_Col = 0 
Wasted_Row = 0 
Idle = 30668 

BW Util Bottlenecks: 
RCDc_limit = 0 
RCDWRc_limit = 0 
WTRc_limit = 0 
RTWc_limit = 0 
CCDLc_limit = 0 
rwq = 0 
CCDLc_limit_alone = 0 
WTRc_limit_alone = 0 
RTWc_limit_alone = 0 

Commands details: 
total_CMD = 30668 
n_nop = 30668 
Read = 0 
Write = 0 
L2_Alloc = 0 
L2_WB = 0 
n_act = 0 
n_pre = 0 
n_ref = 0 
n_req = 0 
total_req = 0 

Dual Bus Interface Util: 
issued_total_row = 0 
issued_total_col = 0 
Row_Bus_Util =  0.000000 
CoL_Bus_Util = 0.000000 
Either_Row_CoL_Bus_Util = 0.000000 
Issued_on_Two_Bus_Simul_Util = 0.000000 
issued_two_Eff = -nan 
queue_avg = 0.000000 


dram_util_bins: 0 0 0 0 0 0 0 0 0 0
dram_eff_bins: 0 0 0 0 0 0 0 0 0 0
mrqq: max=0 avg=0
Memory Partition 7: 
Cache L2_bank_014:
MSHR contents

Cache L2_bank_015:
MSHR contents

In Dram Latency Queue (total = 0): 
DRAM[7]: 16 bks, busW=2 BL=16 CL=24, tRRD=12 tCCD=4, tRCD=24 tRAS=55 tRP=24 tRC=78
n_cmd=30668 n_nop=30668 n_act=0 n_pre=0 n_ref_event=0 n_req=0 n_rd=0 n_rd_L2_A=0 n_write=0 n_wr_bk=0 bw_util=0
n_activity=0 dram_eff=-nan
bk0: 0a 30668i bk1: 0a 30668i bk2: 0a 30668i bk3: 0a 30668i bk4: 0a 30668i bk5: 0a 30668i bk6: 0a 30668i bk7: 0a 30668i bk8: 0a 30668i bk9: 0a 30668i bk10: 0a 30668i bk11: 0a 30668i bk12: 0a 30668i bk13: 0a 30668i bk14: 0a 30668i bk15: 0a 30668i 

------------------------------------------------------------------------

Row_Buffer_Locality = -nan
Row_Buffer_Locality_read = -nan
Row_Buffer_Locality_write = -nan
Bank_Level_Parallism = -nan
Bank_Level_Parallism_Col = -nan
Bank_Level_Parallism_Ready = -nan
write_to_read_ratio_blp_rw_average = -nan
GrpLevelPara = -nan 

BW Util details:
bwutil = 0.000000 
total_CMD = 30668 
util_bw = 0 
Wasted_Col = 0 
Wasted_Row = 0 
Idle = 30668 

BW Util Bottlenecks: 
RCDc_limit = 0 
RCDWRc_limit = 0 
WTRc_limit = 0 
RTWc_limit = 0 
CCDLc_limit = 0 
rwq = 0 
CCDLc_limit_alone = 0 
WTRc_limit_alone = 0 
RTWc_limit_alone = 0 

Commands details: 
total_CMD = 30668 
n_nop = 30668 
Read = 0 
Write = 0 
L2_Alloc = 0 
L2_WB = 0 
n_act = 0 
n_pre = 0 
n_ref = 0 
n_req = 0 
total_req = 0 

Dual Bus Interface Util: 
issued_total_row = 0 
issued_total_col = 0 
Row_Bus_Util =  0.000000 
CoL_Bus_Util = 0.000000 
Either_Row_CoL_Bus_Util = 0.000000 
Issued_on_Two_Bus_Simul_Util = 0.000000 
issued_two_Eff = -nan 
queue_avg = 0.000000 


dram_util_bins: 0 0 0 0 0 0 0 0 0 0
dram_eff_bins: 0 0 0 0 0 0 0 0 0 0
mrqq: max=0 avg=0
Memory Partition 8: 
Cache L2_bank_016:
MSHR contents

Cache L2_bank_017:
MSHR contents

In Dram Latency Queue (total = 0): 
DRAM[8]: 16 bks, busW=2 BL=16 CL=24, tRRD=12 tCCD=4, tRCD=24 tRAS=55 tRP=24 tRC=78
n_cmd=30668 n_nop=30668 n_act=0 n_pre=0 n_ref_event=0 n_req=0 n_rd=0 n_rd_L2_A=0 n_write=0 n_wr_bk=0 bw_util=0
n_activity=0 dram_eff=-nan
bk0: 0a 30668i bk1: 0a 30668i bk2: 0a 30668i bk3: 0a 30668i bk4: 0a 30668i bk5: 0a 30668i bk6: 0a 30668i bk7: 0a 30668i bk8: 0a 30668i bk9: 0a 30668i bk10: 0a 30668i bk11: 0a 30668i bk12: 0a 30668i bk13: 0a 30668i bk14: 0a 30668i bk15: 0a 30668i 

------------------------------------------------------------------------

Row_Buffer_Locality = -nan
Row_Buffer_Locality_read = -nan
Row_Buffer_Locality_write = -nan
Bank_Level_Parallism = -nan
Bank_Level_Parallism_Col = -nan
Bank_Level_Parallism_Ready = -nan
write_to_read_ratio_blp_rw_average = -nan
GrpLevelPara = -nan 

BW Util details:
bwutil = 0.000000 
total_CMD = 30668 
util_bw = 0 
Wasted_Col = 0 
Wasted_Row = 0 
Idle = 30668 

BW Util Bottlenecks: 
RCDc_limit = 0 
RCDWRc_limit = 0 
WTRc_limit = 0 
RTWc_limit = 0 
CCDLc_limit = 0 
rwq = 0 
CCDLc_limit_alone = 0 
WTRc_limit_alone = 0 
RTWc_limit_alone = 0 

Commands details: 
total_CMD = 30668 
n_nop = 30668 
Read = 0 
Write = 0 
L2_Alloc = 0 
L2_WB = 0 
n_act = 0 
n_pre = 0 
n_ref = 0 
n_req = 0 
total_req = 0 

Dual Bus Interface Util: 
issued_total_row = 0 
issued_total_col = 0 
Row_Bus_Util =  0.000000 
CoL_Bus_Util = 0.000000 
Either_Row_CoL_Bus_Util = 0.000000 
Issued_on_Two_Bus_Simul_Util = 0.000000 
issued_two_Eff = -nan 
queue_avg = 0.000000 


dram_util_bins: 0 0 0 0 0 0 0 0 0 0
dram_eff_bins: 0 0 0 0 0 0 0 0 0 0
mrqq: max=0 avg=0
Memory Partition 9: 
Cache L2_bank_018:
MSHR contents

Cache L2_bank_019:
MSHR contents

In Dram Latency Queue (total = 0): 
DRAM[9]: 16 bks, busW=2 BL=16 CL=24, tRRD=12 tCCD=4, tRCD=24 tRAS=55 tRP=24 tRC=78
n_cmd=30668 n_nop=30668 n_act=0 n_pre=0 n_ref_event=0 n_req=0 n_rd=0 n_rd_L2_A=0 n_write=0 n_wr_bk=0 bw_util=0
n_activity=0 dram_eff=-nan
bk0: 0a 30668i bk1: 0a 30668i bk2: 0a 30668i bk3: 0a 30668i bk4: 0a 30668i bk5: 0a 30668i bk6: 0a 30668i bk7: 0a 30668i bk8: 0a 30668i bk9: 0a 30668i bk10: 0a 30668i bk11: 0a 30668i bk12: 0a 30668i bk13: 0a 30668i bk14: 0a 30668i bk15: 0a 30668i 

------------------------------------------------------------------------

Row_Buffer_Locality = -nan
Row_Buffer_Locality_read = -nan
Row_Buffer_Locality_write = -nan
Bank_Level_Parallism = -nan
Bank_Level_Parallism_Col = -nan
Bank_Level_Parallism_Ready = -nan
write_to_read_ratio_blp_rw_average = -nan
GrpLevelPara = -nan 

BW Util details:
bwutil = 0.000000 
total_CMD = 30668 
util_bw = 0 
Wasted_Col = 0 
Wasted_Row = 0 
Idle = 30668 

BW Util Bottlenecks: 
RCDc_limit = 0 
RCDWRc_limit = 0 
WTRc_limit = 0 
RTWc_limit = 0 
CCDLc_limit = 0 
rwq = 0 
CCDLc_limit_alone = 0 
WTRc_limit_alone = 0 
RTWc_limit_alone = 0 

Commands details: 
total_CMD = 30668 
n_nop = 30668 
Read = 0 
Write = 0 
L2_Alloc = 0 
L2_WB = 0 
n_act = 0 
n_pre = 0 
n_ref = 0 
n_req = 0 
total_req = 0 

Dual Bus Interface Util: 
issued_total_row = 0 
issued_total_col = 0 
Row_Bus_Util =  0.000000 
CoL_Bus_Util = 0.000000 
Either_Row_CoL_Bus_Util = 0.000000 
Issued_on_Two_Bus_Simul_Util = 0.000000 
issued_two_Eff = -nan 
queue_avg = 0.000000 


dram_util_bins: 0 0 0 0 0 0 0 0 0 0
dram_eff_bins: 0 0 0 0 0 0 0 0 0 0
mrqq: max=0 avg=0
Memory Partition 10: 
Cache L2_bank_020:
MSHR contents

Cache L2_bank_021:
MSHR contents

In Dram Latency Queue (total = 0): 
DRAM[10]: 16 bks, busW=2 BL=16 CL=24, tRRD=12 tCCD=4, tRCD=24 tRAS=55 tRP=24 tRC=78
n_cmd=30668 n_nop=30668 n_act=0 n_pre=0 n_ref_event=0 n_req=0 n_rd=0 n_rd_L2_A=0 n_write=0 n_wr_bk=0 bw_util=0
n_activity=0 dram_eff=-nan
bk0: 0a 30668i bk1: 0a 30668i bk2: 0a 30668i bk3: 0a 30668i bk4: 0a 30668i bk5: 0a 30668i bk6: 0a 30668i bk7: 0a 30668i bk8: 0a 30668i bk9: 0a 30668i bk10: 0a 30668i bk11: 0a 30668i bk12: 0a 30668i bk13: 0a 30668i bk14: 0a 30668i bk15: 0a 30668i 

------------------------------------------------------------------------

Row_Buffer_Locality = -nan
Row_Buffer_Locality_read = -nan
Row_Buffer_Locality_write = -nan
Bank_Level_Parallism = -nan
Bank_Level_Parallism_Col = -nan
Bank_Level_Parallism_Ready = -nan
write_to_read_ratio_blp_rw_average = -nan
GrpLevelPara = -nan 

BW Util details:
bwutil = 0.000000 
total_CMD = 30668 
util_bw = 0 
Wasted_Col = 0 
Wasted_Row = 0 
Idle = 30668 

BW Util Bottlenecks: 
RCDc_limit = 0 
RCDWRc_limit = 0 
WTRc_limit = 0 
RTWc_limit = 0 
CCDLc_limit = 0 
rwq = 0 
CCDLc_limit_alone = 0 
WTRc_limit_alone = 0 
RTWc_limit_alone = 0 

Commands details: 
total_CMD = 30668 
n_nop = 30668 
Read = 0 
Write = 0 
L2_Alloc = 0 
L2_WB = 0 
n_act = 0 
n_pre = 0 
n_ref = 0 
n_req = 0 
total_req = 0 

Dual Bus Interface Util: 
issued_total_row = 0 
issued_total_col = 0 
Row_Bus_Util =  0.000000 
CoL_Bus_Util = 0.000000 
Either_Row_CoL_Bus_Util = 0.000000 
Issued_on_Two_Bus_Simul_Util = 0.000000 
issued_two_Eff = -nan 
queue_avg = 0.000000 


dram_util_bins: 0 0 0 0 0 0 0 0 0 0
dram_eff_bins: 0 0 0 0 0 0 0 0 0 0
mrqq: max=0 avg=0
Memory Partition 11: 
Cache L2_bank_022:
MSHR contents

Cache L2_bank_023:
MSHR contents

In Dram Latency Queue (total = 0): 
DRAM[11]: 16 bks, busW=2 BL=16 CL=24, tRRD=12 tCCD=4, tRCD=24 tRAS=55 tRP=24 tRC=78
n_cmd=30668 n_nop=30668 n_act=0 n_pre=0 n_ref_event=0 n_req=0 n_rd=0 n_rd_L2_A=0 n_write=0 n_wr_bk=0 bw_util=0
n_activity=0 dram_eff=-nan
bk0: 0a 30668i bk1: 0a 30668i bk2: 0a 30668i bk3: 0a 30668i bk4: 0a 30668i bk5: 0a 30668i bk6: 0a 30668i bk7: 0a 30668i bk8: 0a 30668i bk9: 0a 30668i bk10: 0a 30668i bk11: 0a 30668i bk12: 0a 30668i bk13: 0a 30668i bk14: 0a 30668i bk15: 0a 30668i 

------------------------------------------------------------------------

Row_Buffer_Locality = -nan
Row_Buffer_Locality_read = -nan
Row_Buffer_Locality_write = -nan
Bank_Level_Parallism = -nan
Bank_Level_Parallism_Col = -nan
Bank_Level_Parallism_Ready = -nan
write_to_read_ratio_blp_rw_average = -nan
GrpLevelPara = -nan 

BW Util details:
bwutil = 0.000000 
total_CMD = 30668 
util_bw = 0 
Wasted_Col = 0 
Wasted_Row = 0 
Idle = 30668 

BW Util Bottlenecks: 
RCDc_limit = 0 
RCDWRc_limit = 0 
WTRc_limit = 0 
RTWc_limit = 0 
CCDLc_limit = 0 
rwq = 0 
CCDLc_limit_alone = 0 
WTRc_limit_alone = 0 
RTWc_limit_alone = 0 

Commands details: 
total_CMD = 30668 
n_nop = 30668 
Read = 0 
Write = 0 
L2_Alloc = 0 
L2_WB = 0 
n_act = 0 
n_pre = 0 
n_ref = 0 
n_req = 0 
total_req = 0 

Dual Bus Interface Util: 
issued_total_row = 0 
issued_total_col = 0 
Row_Bus_Util =  0.000000 
CoL_Bus_Util = 0.000000 
Either_Row_CoL_Bus_Util = 0.000000 
Issued_on_Two_Bus_Simul_Util = 0.000000 
issued_two_Eff = -nan 
queue_avg = 0.000000 


dram_util_bins: 0 0 0 0 0 0 0 0 0 0
dram_eff_bins: 0 0 0 0 0 0 0 0 0 0
mrqq: max=0 avg=0
Memory Partition 12: 
Cache L2_bank_024:
MSHR contents

Cache L2_bank_025:
MSHR contents

In Dram Latency Queue (total = 0): 
DRAM[12]: 16 bks, busW=2 BL=16 CL=24, tRRD=12 tCCD=4, tRCD=24 tRAS=55 tRP=24 tRC=78
n_cmd=30668 n_nop=30668 n_act=0 n_pre=0 n_ref_event=0 n_req=0 n_rd=0 n_rd_L2_A=0 n_write=0 n_wr_bk=0 bw_util=0
n_activity=0 dram_eff=-nan
bk0: 0a 30668i bk1: 0a 30668i bk2: 0a 30668i bk3: 0a 30668i bk4: 0a 30668i bk5: 0a 30668i bk6: 0a 30668i bk7: 0a 30668i bk8: 0a 30668i bk9: 0a 30668i bk10: 0a 30668i bk11: 0a 30668i bk12: 0a 30668i bk13: 0a 30668i bk14: 0a 30668i bk15: 0a 30668i 

------------------------------------------------------------------------

Row_Buffer_Locality = -nan
Row_Buffer_Locality_read = -nan
Row_Buffer_Locality_write = -nan
Bank_Level_Parallism = -nan
Bank_Level_Parallism_Col = -nan
Bank_Level_Parallism_Ready = -nan
write_to_read_ratio_blp_rw_average = -nan
GrpLevelPara = -nan 

BW Util details:
bwutil = 0.000000 
total_CMD = 30668 
util_bw = 0 
Wasted_Col = 0 
Wasted_Row = 0 
Idle = 30668 

BW Util Bottlenecks: 
RCDc_limit = 0 
RCDWRc_limit = 0 
WTRc_limit = 0 
RTWc_limit = 0 
CCDLc_limit = 0 
rwq = 0 
CCDLc_limit_alone = 0 
WTRc_limit_alone = 0 
RTWc_limit_alone = 0 

Commands details: 
total_CMD = 30668 
n_nop = 30668 
Read = 0 
Write = 0 
L2_Alloc = 0 
L2_WB = 0 
n_act = 0 
n_pre = 0 
n_ref = 0 
n_req = 0 
total_req = 0 

Dual Bus Interface Util: 
issued_total_row = 0 
issued_total_col = 0 
Row_Bus_Util =  0.000000 
CoL_Bus_Util = 0.000000 
Either_Row_CoL_Bus_Util = 0.000000 
Issued_on_Two_Bus_Simul_Util = 0.000000 
issued_two_Eff = -nan 
queue_avg = 0.000000 


dram_util_bins: 0 0 0 0 0 0 0 0 0 0
dram_eff_bins: 0 0 0 0 0 0 0 0 0 0
mrqq: max=0 avg=0
Memory Partition 13: 
Cache L2_bank_026:
MSHR contents

Cache L2_bank_027:
MSHR contents

In Dram Latency Queue (total = 0): 
DRAM[13]: 16 bks, busW=2 BL=16 CL=24, tRRD=12 tCCD=4, tRCD=24 tRAS=55 tRP=24 tRC=78
n_cmd=30668 n_nop=30668 n_act=0 n_pre=0 n_ref_event=0 n_req=0 n_rd=0 n_rd_L2_A=0 n_write=0 n_wr_bk=0 bw_util=0
n_activity=0 dram_eff=-nan
bk0: 0a 30668i bk1: 0a 30668i bk2: 0a 30668i bk3: 0a 30668i bk4: 0a 30668i bk5: 0a 30668i bk6: 0a 30668i bk7: 0a 30668i bk8: 0a 30668i bk9: 0a 30668i bk10: 0a 30668i bk11: 0a 30668i bk12: 0a 30668i bk13: 0a 30668i bk14: 0a 30668i bk15: 0a 30668i 

------------------------------------------------------------------------

Row_Buffer_Locality = -nan
Row_Buffer_Locality_read = -nan
Row_Buffer_Locality_write = -nan
Bank_Level_Parallism = -nan
Bank_Level_Parallism_Col = -nan
Bank_Level_Parallism_Ready = -nan
write_to_read_ratio_blp_rw_average = -nan
GrpLevelPara = -nan 

BW Util details:
bwutil = 0.000000 
total_CMD = 30668 
util_bw = 0 
Wasted_Col = 0 
Wasted_Row = 0 
Idle = 30668 

BW Util Bottlenecks: 
RCDc_limit = 0 
RCDWRc_limit = 0 
WTRc_limit = 0 
RTWc_limit = 0 
CCDLc_limit = 0 
rwq = 0 
CCDLc_limit_alone = 0 
WTRc_limit_alone = 0 
RTWc_limit_alone = 0 

Commands details: 
total_CMD = 30668 
n_nop = 30668 
Read = 0 
Write = 0 
L2_Alloc = 0 
L2_WB = 0 
n_act = 0 
n_pre = 0 
n_ref = 0 
n_req = 0 
total_req = 0 

Dual Bus Interface Util: 
issued_total_row = 0 
issued_total_col = 0 
Row_Bus_Util =  0.000000 
CoL_Bus_Util = 0.000000 
Either_Row_CoL_Bus_Util = 0.000000 
Issued_on_Two_Bus_Simul_Util = 0.000000 
issued_two_Eff = -nan 
queue_avg = 0.000000 


dram_util_bins: 0 0 0 0 0 0 0 0 0 0
dram_eff_bins: 0 0 0 0 0 0 0 0 0 0
mrqq: max=0 avg=0
Memory Partition 14: 
Cache L2_bank_028:
MSHR contents

Cache L2_bank_029:
MSHR contents

In Dram Latency Queue (total = 0): 
DRAM[14]: 16 bks, busW=2 BL=16 CL=24, tRRD=12 tCCD=4, tRCD=24 tRAS=55 tRP=24 tRC=78
n_cmd=30668 n_nop=30668 n_act=0 n_pre=0 n_ref_event=0 n_req=0 n_rd=0 n_rd_L2_A=0 n_write=0 n_wr_bk=0 bw_util=0
n_activity=0 dram_eff=-nan
bk0: 0a 30668i bk1: 0a 30668i bk2: 0a 30668i bk3: 0a 30668i bk4: 0a 30668i bk5: 0a 30668i bk6: 0a 30668i bk7: 0a 30668i bk8: 0a 30668i bk9: 0a 30668i bk10: 0a 30668i bk11: 0a 30668i bk12: 0a 30668i bk13: 0a 30668i bk14: 0a 30668i bk15: 0a 30668i 

------------------------------------------------------------------------

Row_Buffer_Locality = -nan
Row_Buffer_Locality_read = -nan
Row_Buffer_Locality_write = -nan
Bank_Level_Parallism = -nan
Bank_Level_Parallism_Col = -nan
Bank_Level_Parallism_Ready = -nan
write_to_read_ratio_blp_rw_average = -nan
GrpLevelPara = -nan 

BW Util details:
bwutil = 0.000000 
total_CMD = 30668 
util_bw = 0 
Wasted_Col = 0 
Wasted_Row = 0 
Idle = 30668 

BW Util Bottlenecks: 
RCDc_limit = 0 
RCDWRc_limit = 0 
WTRc_limit = 0 
RTWc_limit = 0 
CCDLc_limit = 0 
rwq = 0 
CCDLc_limit_alone = 0 
WTRc_limit_alone = 0 
RTWc_limit_alone = 0 

Commands details: 
total_CMD = 30668 
n_nop = 30668 
Read = 0 
Write = 0 
L2_Alloc = 0 
L2_WB = 0 
n_act = 0 
n_pre = 0 
n_ref = 0 
n_req = 0 
total_req = 0 

Dual Bus Interface Util: 
issued_total_row = 0 
issued_total_col = 0 
Row_Bus_Util =  0.000000 
CoL_Bus_Util = 0.000000 
Either_Row_CoL_Bus_Util = 0.000000 
Issued_on_Two_Bus_Simul_Util = 0.000000 
issued_two_Eff = -nan 
queue_avg = 0.000000 


dram_util_bins: 0 0 0 0 0 0 0 0 0 0
dram_eff_bins: 0 0 0 0 0 0 0 0 0 0
mrqq: max=0 avg=0
Memory Partition 15: 
Cache L2_bank_030:
MSHR contents

Cache L2_bank_031:
MSHR contents

In Dram Latency Queue (total = 0): 
DRAM[15]: 16 bks, busW=2 BL=16 CL=24, tRRD=12 tCCD=4, tRCD=24 tRAS=55 tRP=24 tRC=78
n_cmd=30668 n_nop=30668 n_act=0 n_pre=0 n_ref_event=0 n_req=0 n_rd=0 n_rd_L2_A=0 n_write=0 n_wr_bk=0 bw_util=0
n_activity=0 dram_eff=-nan
bk0: 0a 30668i bk1: 0a 30668i bk2: 0a 30668i bk3: 0a 30668i bk4: 0a 30668i bk5: 0a 30668i bk6: 0a 30668i bk7: 0a 30668i bk8: 0a 30668i bk9: 0a 30668i bk10: 0a 30668i bk11: 0a 30668i bk12: 0a 30668i bk13: 0a 30668i bk14: 0a 30668i bk15: 0a 30668i 

------------------------------------------------------------------------

Row_Buffer_Locality = -nan
Row_Buffer_Locality_read = -nan
Row_Buffer_Locality_write = -nan
Bank_Level_Parallism = -nan
Bank_Level_Parallism_Col = -nan
Bank_Level_Parallism_Ready = -nan
write_to_read_ratio_blp_rw_average = -nan
GrpLevelPara = -nan 

BW Util details:
bwutil = 0.000000 
total_CMD = 30668 
util_bw = 0 
Wasted_Col = 0 
Wasted_Row = 0 
Idle = 30668 

BW Util Bottlenecks: 
RCDc_limit = 0 
RCDWRc_limit = 0 
WTRc_limit = 0 
RTWc_limit = 0 
CCDLc_limit = 0 
rwq = 0 
CCDLc_limit_alone = 0 
WTRc_limit_alone = 0 
RTWc_limit_alone = 0 

Commands details: 
total_CMD = 30668 
n_nop = 30668 
Read = 0 
Write = 0 
L2_Alloc = 0 
L2_WB = 0 
n_act = 0 
n_pre = 0 
n_ref = 0 
n_req = 0 
total_req = 0 

Dual Bus Interface Util: 
issued_total_row = 0 
issued_total_col = 0 
Row_Bus_Util =  0.000000 
CoL_Bus_Util = 0.000000 
Either_Row_CoL_Bus_Util = 0.000000 
Issued_on_Two_Bus_Simul_Util = 0.000000 
issued_two_Eff = -nan 
queue_avg = 0.000000 


dram_util_bins: 0 0 0 0 0 0 0 0 0 0
dram_eff_bins: 0 0 0 0 0 0 0 0 0 0
mrqq: max=0 avg=0

========= L2 cache stats =========
L2_cache_bank[0]: Access = 4096, Miss = 2048, Miss_rate = 0.500, Pending_hits = 0, Reservation_fails = 0
L2_cache_bank[1]: Access = 4096, Miss = 2048, Miss_rate = 0.500, Pending_hits = 0, Reservation_fails = 0
L2_cache_bank[2]: Access = 4096, Miss = 2048, Miss_rate = 0.500, Pending_hits = 0, Reservation_fails = 0
L2_cache_bank[3]: Access = 4096, Miss = 2048, Miss_rate = 0.500, Pending_hits = 0, Reservation_fails = 0
L2_cache_bank[4]: Access = 4096, Miss = 2048, Miss_rate = 0.500, Pending_hits = 0, Reservation_fails = 0
L2_cache_bank[5]: Access = 4096, Miss = 2048, Miss_rate = 0.500, Pending_hits = 0, Reservation_fails = 0
L2_cache_bank[6]: Access = 4096, Miss = 2048, Miss_rate = 0.500, Pending_hits = 0, Reservation_fails = 0
L2_cache_bank[7]: Access = 4096, Miss = 2048, Miss_rate = 0.500, Pending_hits = 0, Reservation_fails = 0
L2_cache_bank[8]: Access = 4096, Miss = 2048, Miss_rate = 0.500, Pending_hits = 0, Reservation_fails = 0
L2_cache_bank[9]: Access = 4096, Miss = 2048, Miss_rate = 0.500, Pending_hits = 0, Reservation_fails = 0
L2_cache_bank[10]: Access = 4096, Miss = 2048, Miss_rate = 0.500, Pending_hits = 0, Reservation_fails = 0
L2_cache_bank[11]: Access = 4096, Miss = 2048, Miss_rate = 0.500, Pending_hits = 0, Reservation_fails = 0
L2_cache_bank[12]: Access = 4096, Miss = 2048, Miss_rate = 0.500, Pending_hits = 0, Reservation_fails = 0
L2_cache_bank[13]: Access = 4096, Miss = 2048, Miss_rate = 0.500, Pending_hits = 0, Reservation_fails = 0
L2_cache_bank[14]: Access = 4096, Miss = 2048, Miss_rate = 0.500, Pending_hits = 0, Reservation_fails = 0
L2_cache_bank[15]: Access = 4096, Miss = 2048, Miss_rate = 0.500, Pending_hits = 0, Reservation_fails = 0
L2_cache_bank[16]: Access = 4096, Miss = 2048, Miss_rate = 0.500, Pending_hits = 0, Reservation_fails = 0
L2_cache_bank[17]: Access = 4096, Miss = 2048, Miss_rate = 0.500, Pending_hits = 0, Reservation_fails = 0
L2_cache_bank[18]: Access = 4096, Miss = 2048, Miss_rate = 0.500, Pending_hits = 0, Reservation_fails = 0
L2_cache_bank[19]: Access = 4096, Miss = 2048, Miss_rate = 0.500, Pending_hits = 0, Reservation_fails = 0
L2_cache_bank[20]: Access = 4096, Miss = 2048, Miss_rate = 0.500, Pending_hits = 0, Reservation_fails = 0
L2_cache_bank[21]: Access = 4096, Miss = 2048, Miss_rate = 0.500, Pending_hits = 0, Reservation_fails = 0
L2_cache_bank[22]: Access = 4096, Miss = 2048, Miss_rate = 0.500, Pending_hits = 0, Reservation_fails = 0
L2_cache_bank[23]: Access = 4096, Miss = 2048, Miss_rate = 0.500, Pending_hits = 0, Reservation_fails = 0
L2_cache_bank[24]: Access = 4096, Miss = 2048, Miss_rate = 0.500, Pending_hits = 0, Reservation_fails = 0
L2_cache_bank[25]: Access = 4096, Miss = 2048, Miss_rate = 0.500, Pending_hits = 0, Reservation_fails = 0
L2_cache_bank[26]: Access = 4096, Miss = 2048, Miss_rate = 0.500, Pending_hits = 0, Reservation_fails = 0
L2_cache_bank[27]: Access = 4096, Miss = 2048, Miss_rate = 0.500, Pending_hits = 0, Reservation_fails = 0
L2_cache_bank[28]: Access = 4096, Miss = 2048, Miss_rate = 0.500, Pending_hits = 0, Reservation_fails = 0
L2_cache_bank[29]: Access = 4096, Miss = 2048, Miss_rate = 0.500, Pending_hits = 0, Reservation_fails = 0
L2_cache_bank[30]: Access = 4096, Miss = 2048, Miss_rate = 0.500, Pending_hits = 0, Reservation_fails = 0
L2_cache_bank[31]: Access = 4096, Miss = 2048, Miss_rate = 0.500, Pending_hits = 0, Reservation_fails = 0
L2_total_cache_accesses = 131072
L2_total_cache_misses = 65536
L2_total_cache_miss_rate = 0.5000
L2_total_cache_pending_hits = 0
L2_total_cache_reservation_fails = 0
L2_total_cache_breakdown:
	L2_cache_stats_breakdown[GLOBAL_ACC_R][HIT] = 65536
	L2_cache_stats_breakdown[GLOBAL_ACC_R][HIT_RESERVED] = 0
	L2_cache_stats_breakdown[GLOBAL_ACC_R][MISS] = 0
	L2_cache_stats_breakdown[GLOBAL_ACC_R][RESERVATION_FAIL] = 0
	L2_cache_stats_breakdown[GLOBAL_ACC_R][SECTOR_MISS] = 0
	L2_cache_stats_breakdown[GLOBAL_ACC_R][MSHR_HIT] = 0
	L2_cache_stats_breakdown[LOCAL_ACC_R][HIT] = 0
	L2_cache_stats_breakdown[LOCAL_ACC_R][HIT_RESERVED] = 0
	L2_cache_stats_breakdown[LOCAL_ACC_R][MISS] = 0
	L2_cache_stats_breakdown[LOCAL_ACC_R][RESERVATION_FAIL] = 0
	L2_cache_stats_breakdown[LOCAL_ACC_R][SECTOR_MISS] = 0
	L2_cache_stats_breakdown[LOCAL_ACC_R][MSHR_HIT] = 0
	L2_cache_stats_breakdown[CONST_ACC_R][HIT] = 0
	L2_cache_stats_breakdown[CONST_ACC_R][HIT_RESERVED] = 0
	L2_cache_stats_breakdown[CONST_ACC_R][MISS] = 0
	L2_cache_stats_breakdown[CONST_ACC_R][RESERVATION_FAIL] = 0
	L2_cache_stats_breakdown[CONST_ACC_R][SECTOR_MISS] = 0
	L2_cache_stats_breakdown[CONST_ACC_R][MSHR_HIT] = 0
	L2_cache_stats_breakdown[TEXTURE_ACC_R][HIT] = 0
	L2_cache_stats_breakdown[TEXTURE_ACC_R][HIT_RESERVED] = 0
	L2_cache_stats_breakdown[TEXTURE_ACC_R][MISS] = 0
	L2_cache_stats_breakdown[TEXTURE_ACC_R][RESERVATION_FAIL] = 0
	L2_cache_stats_breakdown[TEXTURE_ACC_R][SECTOR_MISS] = 0
	L2_cache_stats_breakdown[TEXTURE_ACC_R][MSHR_HIT] = 0
	L2_cache_stats_breakdown[GLOBAL_ACC_W][HIT] = 0
	L2_cache_stats_breakdown[GLOBAL_ACC_W][HIT_RESERVED] = 0
	L2_cache_stats_breakdown[GLOBAL_ACC_W][MISS] = 16384
	L2_cache_stats_breakdown[GLOBAL_ACC_W][RESERVATION_FAIL] = 0
	L2_cache_stats_breakdown[GLOBAL_ACC_W][SECTOR_MISS] = 49152
	L2_cache_stats_breakdown[GLOBAL_ACC_W][MSHR_HIT] = 0
	L2_cache_stats_breakdown[LOCAL_ACC_W][HIT] = 0
	L2_cache_stats_breakdown[LOCAL_ACC_W][HIT_RESERVED] = 0
	L2_cache_stats_breakdown[LOCAL_ACC_W][MISS] = 0
	L2_cache_stats_breakdown[LOCAL_ACC_W][RESERVATION_FAIL] = 0
	L2_cache_stats_breakdown[LOCAL_ACC_W][SECTOR_MISS] = 0
	L2_cache_stats_breakdown[LOCAL_ACC_W][MSHR_HIT] = 0
	L2_cache_stats_breakdown[L1_WRBK_ACC][HIT] = 0
	L2_cache_stats_breakdown[L1_WRBK_ACC][HIT_RESERVED] = 0
	L2_cache_stats_breakdown[L1_WRBK_ACC][MISS] = 0
	L2_cache_stats_breakdown[L1_WRBK_ACC][RESERVATION_FAIL] = 0
	L2_cache_stats_breakdown[L1_WRBK_ACC][SECTOR_MISS] = 0
	L2_cache_stats_breakdown[L1_WRBK_ACC][MSHR_HIT] = 0
	L2_cache_stats_breakdown[L2_WRBK_ACC][HIT] = 0
	L2_cache_stats_breakdown[L2_WRBK_ACC][HIT_RESERVED] = 0
	L2_cache_stats_breakdown[L2_WRBK_ACC][MISS] = 0
	L2_cache_stats_breakdown[L2_WRBK_ACC][RESERVATION_FAIL] = 0
	L2_cache_stats_breakdown[L2_WRBK_ACC][SECTOR_MISS] = 0
	L2_cache_stats_breakdown[L2_WRBK_ACC][MSHR_HIT] = 0
	L2_cache_stats_breakdown[INST_ACC_R][HIT] = 0
	L2_cache_stats_breakdown[INST_ACC_R][HIT_RESERVED] = 0
	L2_cache_stats_breakdown[INST_ACC_R][MISS] = 0
	L2_cache_stats_breakdown[INST_ACC_R][RESERVATION_FAIL] = 0
	L2_cache_stats_breakdown[INST_ACC_R][SECTOR_MISS] = 0
	L2_cache_stats_breakdown[INST_ACC_R][MSHR_HIT] = 0
	L2_cache_stats_breakdown[L1_WR_ALLOC_R][HIT] = 0
	L2_cache_stats_breakdown[L1_WR_ALLOC_R][HIT_RESERVED] = 0
	L2_cache_stats_breakdown[L1_WR_ALLOC_R][MISS] = 0
	L2_cache_stats_breakdown[L1_WR_ALLOC_R][RESERVATION_FAIL] = 0
	L2_cache_stats_breakdown[L1_WR_ALLOC_R][SECTOR_MISS] = 0
	L2_cache_stats_breakdown[L1_WR_ALLOC_R][MSHR_HIT] = 0
	L2_cache_stats_breakdown[L2_WR_ALLOC_R][HIT] = 0
	L2_cache_stats_breakdown[L2_WR_ALLOC_R][HIT_RESERVED] = 0
	L2_cache_stats_breakdown[L2_WR_ALLOC_R][MISS] = 0
	L2_cache_stats_breakdown[L2_WR_ALLOC_R][RESERVATION_FAIL] = 0
	L2_cache_stats_breakdown[L2_WR_ALLOC_R][SECTOR_MISS] = 0
	L2_cache_stats_breakdown[L2_WR_ALLOC_R][MSHR_HIT] = 0
	L2_cache_stats_breakdown[GLOBAL_ACC_R][TOTAL_ACCESS] = 65536
	L2_cache_stats_breakdown[GLOBAL_ACC_W][TOTAL_ACCESS] = 65536
L2_total_cache_reservation_fail_breakdown:
L2_cache_data_port_util = 0.082
L2_cache_fill_port_util = 0.000

icnt_total_pkts_mem_to_simt=131072
icnt_total_pkts_simt_to_mem=131072
LD_mem_lat_dist  0 0 0 0 0 0 0 0 0 0 0 0 0 0 0 0 0 0 0 0 0 0 0 0 0 0 0
ST_mem_lat_dist  0 0 0 0 0 0 0 0 0 0 0 0 0 0 0 0 0 0 0 0 0 0 0 0 0 0 0
----------------------------Interconnect-DETAILS--------------------------------
Req_Network_injected_packets_num = 131072
Req_Network_cycles = 24918
Req_Network_injected_packets_per_cycle =       5.2601 
Req_Network_conflicts_per_cycle =       1.0030
Req_Network_conflicts_per_cycle_util =       1.3410
Req_Bank_Level_Parallism =       7.0325
Req_Network_in_buffer_full_per_cycle =       0.0000
Req_Network_in_buffer_avg_util =       1.2184
Req_Network_out_buffer_full_per_cycle =       0.0000
Req_Network_out_buffer_avg_util =       0.1644

Reply_Network_injected_packets_num = 131072
Reply_Network_cycles = 24918
Reply_Network_injected_packets_per_cycle =        5.2601
Reply_Network_conflicts_per_cycle =        8.4860
Reply_Network_conflicts_per_cycle_util =      11.2907
Reply_Bank_Level_Parallism =       6.9987
Reply_Network_in_buffer_full_per_cycle =       0.0000
Reply_Network_in_buffer_avg_util =       1.5996
Reply_Network_out_buffer_full_per_cycle =       0.0000
Reply_Network_out_buffer_avg_util =       0.3288
----------------------------END-of-Interconnect-DETAILS-------------------------


gpgpu_simulation_time = 0 days, 0 hrs, 0 min, 26 sec (26 sec)
gpgpu_simulation_rate = 645277 (inst/sec)
gpgpu_simulation_rate = 958 (cycle/sec)
gpgpu_silicon_slowdown = 1356993x
GPGPU-Sim: synchronize waiting for inactive GPU simulation
GPGPU-Sim API: Stream Manager State
GPGPU-Sim: detected inactive GPU simulation thread
GPGPU-Sim PTX: Setting up arguments for 8 bytes starting at 0x7ffcf854fe80..
GPGPU-Sim PTX: Setting up arguments for 8 bytes starting at 0x7ffcf854fe88..
GPGPU-Sim PTX: Setting up arguments for 4 bytes starting at 0x7ffcf854fe68..
GPGPU-Sim PTX: Setting up arguments for 4 bytes starting at 0x7ffcf854fe6c..

GPGPU-Sim PTX: cudaLaunch for 0x0x556812d3e030 (mode=performance simulation) on stream 0
GPGPU-Sim PTX: PDOM analysis already done for _Z10bsmm_stagePKfPfii 
GPGPU-Sim PTX: pushing kernel '_Z10bsmm_stagePKfPfii' to stream 0, gridDim= (4096,1,1) blockDim = (128,1,1) 
GPGPU-Sim uArch: Shader 2 bind to kernel 2 '_Z10bsmm_stagePKfPfii'
GPGPU-Sim: Reconfigure L1 cache to 128KB
GPGPU-Sim uArch: Shader 3 bind to kernel 2 '_Z10bsmm_stagePKfPfii'
GPGPU-Sim uArch: Shader 4 bind to kernel 2 '_Z10bsmm_stagePKfPfii'
GPGPU-Sim uArch: Shader 5 bind to kernel 2 '_Z10bsmm_stagePKfPfii'
GPGPU-Sim uArch: Shader 6 bind to kernel 2 '_Z10bsmm_stagePKfPfii'
GPGPU-Sim uArch: Shader 7 bind to kernel 2 '_Z10bsmm_stagePKfPfii'
GPGPU-Sim uArch: Shader 8 bind to kernel 2 '_Z10bsmm_stagePKfPfii'
GPGPU-Sim uArch: Shader 9 bind to kernel 2 '_Z10bsmm_stagePKfPfii'
GPGPU-Sim uArch: Shader 10 bind to kernel 2 '_Z10bsmm_stagePKfPfii'
GPGPU-Sim uArch: Shader 11 bind to kernel 2 '_Z10bsmm_stagePKfPfii'
GPGPU-Sim uArch: Shader 12 bind to kernel 2 '_Z10bsmm_stagePKfPfii'
GPGPU-Sim uArch: Shader 13 bind to kernel 2 '_Z10bsmm_stagePKfPfii'
GPGPU-Sim uArch: Shader 14 bind to kernel 2 '_Z10bsmm_stagePKfPfii'
GPGPU-Sim uArch: Shader 15 bind to kernel 2 '_Z10bsmm_stagePKfPfii'
GPGPU-Sim uArch: Shader 0 bind to kernel 2 '_Z10bsmm_stagePKfPfii'
GPGPU-Sim uArch: Shader 1 bind to kernel 2 '_Z10bsmm_stagePKfPfii'
Destroy streams for kernel 2: size 0
kernel_name = _Z10bsmm_stagePKfPfii 
kernel_launch_uid = 2 
kernel_stream_id = 137876499112624
gpu_sim_cycle = 24636
gpu_sim_insn = 16777216
gpu_ipc =     681.0041
gpu_tot_sim_cycle = 49554
gpu_tot_sim_insn = 33554432
gpu_tot_ipc =     677.1286
gpu_tot_issued_cta = 8192
gpu_occupancy = 94.2739% 
gpu_tot_occupancy = 94.3648% 
max_total_param_size = 0
gpu_stall_dramfull = 0
gpu_stall_icnt2sh    = 0
partiton_level_parallism =       5.3203
partiton_level_parallism_total  =       5.2901
partiton_level_parallism_util =       7.0465
partiton_level_parallism_util_total  =       7.0395
L2_BW  =     221.3263 GB/Sec
L2_BW_total  =     220.0668 GB/Sec
gpu_total_sim_rate=645277

========= Core cache stats =========
L1I_cache:
	L1I_total_cache_accesses = 0
	L1I_total_cache_misses = 0
	L1I_total_cache_pending_hits = 0
	L1I_total_cache_reservation_fails = 0
L1D_cache:
	L1D_cache_core[0]: Access = 25200, Miss = 16800, Miss_rate = 0.667, Pending_hits = 0, Reservation_fails = 8681
	L1D_cache_core[1]: Access = 24768, Miss = 16512, Miss_rate = 0.667, Pending_hits = 0, Reservation_fails = 8438
	L1D_cache_core[2]: Access = 24240, Miss = 16160, Miss_rate = 0.667, Pending_hits = 0, Reservation_fails = 9861
	L1D_cache_core[3]: Access = 24720, Miss = 16480, Miss_rate = 0.667, Pending_hits = 0, Reservation_fails = 9662
	L1D_cache_core[4]: Access = 24864, Miss = 16576, Miss_rate = 0.667, Pending_hits = 0, Reservation_fails = 9000
	L1D_cache_core[5]: Access = 21936, Miss = 14624, Miss_rate = 0.667, Pending_hits = 0, Reservation_fails = 11346
	L1D_cache_core[6]: Access = 24768, Miss = 16512, Miss_rate = 0.667, Pending_hits = 0, Reservation_fails = 8433
	L1D_cache_core[7]: Access = 23616, Miss = 15744, Miss_rate = 0.667, Pending_hits = 0, Reservation_fails = 10618
	L1D_cache_core[8]: Access = 25632, Miss = 17088, Miss_rate = 0.667, Pending_hits = 0, Reservation_fails = 8635
	L1D_cache_core[9]: Access = 22992, Miss = 15328, Miss_rate = 0.667, Pending_hits = 0, Reservation_fails = 10972
	L1D_cache_core[10]: Access = 23760, Miss = 15840, Miss_rate = 0.667, Pending_hits = 0, Reservation_fails = 10270
	L1D_cache_core[11]: Access = 25728, Miss = 17152, Miss_rate = 0.667, Pending_hits = 0, Reservation_fails = 8064
	L1D_cache_core[12]: Access = 26544, Miss = 17696, Miss_rate = 0.667, Pending_hits = 0, Reservation_fails = 7409
	L1D_cache_core[13]: Access = 23088, Miss = 15392, Miss_rate = 0.667, Pending_hits = 0, Reservation_fails = 10136
	L1D_cache_core[14]: Access = 25872, Miss = 17248, Miss_rate = 0.667, Pending_hits = 0, Reservation_fails = 7290
	L1D_cache_core[15]: Access = 25488, Miss = 16992, Miss_rate = 0.667, Pending_hits = 0, Reservation_fails = 8411
	L1D_total_cache_accesses = 393216
	L1D_total_cache_misses = 262144
	L1D_total_cache_miss_rate = 0.6667
	L1D_total_cache_pending_hits = 0
	L1D_total_cache_reservation_fails = 147226
	L1D_cache_data_port_util = 0.209
	L1D_cache_fill_port_util = 0.209
L1C_cache:
	L1C_total_cache_accesses = 0
	L1C_total_cache_misses = 0
	L1C_total_cache_pending_hits = 0
	L1C_total_cache_reservation_fails = 0
L1T_cache:
	L1T_total_cache_accesses = 0
	L1T_total_cache_misses = 0
	L1T_total_cache_pending_hits = 0
	L1T_total_cache_reservation_fails = 0

Total_core_cache_stats:
	Total_core_cache_stats_breakdown[GLOBAL_ACC_R][HIT] = 65536
	Total_core_cache_stats_breakdown[GLOBAL_ACC_R][HIT_RESERVED] = 0
	Total_core_cache_stats_breakdown[GLOBAL_ACC_R][MISS] = 16384
	Total_core_cache_stats_breakdown[GLOBAL_ACC_R][RESERVATION_FAIL] = 55693
	Total_core_cache_stats_breakdown[GLOBAL_ACC_R][SECTOR_MISS] = 49152
	Total_core_cache_stats_breakdown[GLOBAL_ACC_R][MSHR_HIT] = 0
	Total_core_cache_stats_breakdown[LOCAL_ACC_R][HIT] = 0
	Total_core_cache_stats_breakdown[LOCAL_ACC_R][HIT_RESERVED] = 0
	Total_core_cache_stats_breakdown[LOCAL_ACC_R][MISS] = 0
	Total_core_cache_stats_breakdown[LOCAL_ACC_R][RESERVATION_FAIL] = 0
	Total_core_cache_stats_breakdown[LOCAL_ACC_R][SECTOR_MISS] = 0
	Total_core_cache_stats_breakdown[LOCAL_ACC_R][MSHR_HIT] = 0
	Total_core_cache_stats_breakdown[CONST_ACC_R][HIT] = 0
	Total_core_cache_stats_breakdown[CONST_ACC_R][HIT_RESERVED] = 0
	Total_core_cache_stats_breakdown[CONST_ACC_R][MISS] = 0
	Total_core_cache_stats_breakdown[CONST_ACC_R][RESERVATION_FAIL] = 0
	Total_core_cache_stats_breakdown[CONST_ACC_R][SECTOR_MISS] = 0
	Total_core_cache_stats_breakdown[CONST_ACC_R][MSHR_HIT] = 0
	Total_core_cache_stats_breakdown[TEXTURE_ACC_R][HIT] = 0
	Total_core_cache_stats_breakdown[TEXTURE_ACC_R][HIT_RESERVED] = 0
	Total_core_cache_stats_breakdown[TEXTURE_ACC_R][MISS] = 0
	Total_core_cache_stats_breakdown[TEXTURE_ACC_R][RESERVATION_FAIL] = 0
	Total_core_cache_stats_breakdown[TEXTURE_ACC_R][SECTOR_MISS] = 0
	Total_core_cache_stats_breakdown[TEXTURE_ACC_R][MSHR_HIT] = 0
	Total_core_cache_stats_breakdown[GLOBAL_ACC_W][HIT] = 0
	Total_core_cache_stats_breakdown[GLOBAL_ACC_W][HIT_RESERVED] = 0
	Total_core_cache_stats_breakdown[GLOBAL_ACC_W][MISS] = 16384
	Total_core_cache_stats_breakdown[GLOBAL_ACC_W][RESERVATION_FAIL] = 17794
	Total_core_cache_stats_breakdown[GLOBAL_ACC_W][SECTOR_MISS] = 49152
	Total_core_cache_stats_breakdown[GLOBAL_ACC_W][MSHR_HIT] = 0
	Total_core_cache_stats_breakdown[LOCAL_ACC_W][HIT] = 0
	Total_core_cache_stats_breakdown[LOCAL_ACC_W][HIT_RESERVED] = 0
	Total_core_cache_stats_breakdown[LOCAL_ACC_W][MISS] = 0
	Total_core_cache_stats_breakdown[LOCAL_ACC_W][RESERVATION_FAIL] = 0
	Total_core_cache_stats_breakdown[LOCAL_ACC_W][SECTOR_MISS] = 0
	Total_core_cache_stats_breakdown[LOCAL_ACC_W][MSHR_HIT] = 0
	Total_core_cache_stats_breakdown[L1_WRBK_ACC][HIT] = 0
	Total_core_cache_stats_breakdown[L1_WRBK_ACC][HIT_RESERVED] = 0
	Total_core_cache_stats_breakdown[L1_WRBK_ACC][MISS] = 0
	Total_core_cache_stats_breakdown[L1_WRBK_ACC][RESERVATION_FAIL] = 0
	Total_core_cache_stats_breakdown[L1_WRBK_ACC][SECTOR_MISS] = 0
	Total_core_cache_stats_breakdown[L1_WRBK_ACC][MSHR_HIT] = 0
	Total_core_cache_stats_breakdown[L2_WRBK_ACC][HIT] = 0
	Total_core_cache_stats_breakdown[L2_WRBK_ACC][HIT_RESERVED] = 0
	Total_core_cache_stats_breakdown[L2_WRBK_ACC][MISS] = 0
	Total_core_cache_stats_breakdown[L2_WRBK_ACC][RESERVATION_FAIL] = 0
	Total_core_cache_stats_breakdown[L2_WRBK_ACC][SECTOR_MISS] = 0
	Total_core_cache_stats_breakdown[L2_WRBK_ACC][MSHR_HIT] = 0
	Total_core_cache_stats_breakdown[INST_ACC_R][HIT] = 0
	Total_core_cache_stats_breakdown[INST_ACC_R][HIT_RESERVED] = 0
	Total_core_cache_stats_breakdown[INST_ACC_R][MISS] = 0
	Total_core_cache_stats_breakdown[INST_ACC_R][RESERVATION_FAIL] = 0
	Total_core_cache_stats_breakdown[INST_ACC_R][SECTOR_MISS] = 0
	Total_core_cache_stats_breakdown[INST_ACC_R][MSHR_HIT] = 0
	Total_core_cache_stats_breakdown[L1_WR_ALLOC_R][HIT] = 0
	Total_core_cache_stats_breakdown[L1_WR_ALLOC_R][HIT_RESERVED] = 0
	Total_core_cache_stats_breakdown[L1_WR_ALLOC_R][MISS] = 0
	Total_core_cache_stats_breakdown[L1_WR_ALLOC_R][RESERVATION_FAIL] = 0
	Total_core_cache_stats_breakdown[L1_WR_ALLOC_R][SECTOR_MISS] = 0
	Total_core_cache_stats_breakdown[L1_WR_ALLOC_R][MSHR_HIT] = 0
	Total_core_cache_stats_breakdown[L2_WR_ALLOC_R][HIT] = 0
	Total_core_cache_stats_breakdown[L2_WR_ALLOC_R][HIT_RESERVED] = 0
	Total_core_cache_stats_breakdown[L2_WR_ALLOC_R][MISS] = 0
	Total_core_cache_stats_breakdown[L2_WR_ALLOC_R][RESERVATION_FAIL] = 0
	Total_core_cache_stats_breakdown[L2_WR_ALLOC_R][SECTOR_MISS] = 0
	Total_core_cache_stats_breakdown[L2_WR_ALLOC_R][MSHR_HIT] = 0
	Total_core_cache_stats_breakdown[GLOBAL_ACC_R][TOTAL_ACCESS] = 131072
	Total_core_cache_stats_breakdown[GLOBAL_ACC_W][TOTAL_ACCESS] = 65536

Total_core_cache_fail_stats:
	Total_core_cache_fail_stats_breakdown[GLOBAL_ACC_R][MISS_QUEUE_FULL] = 55693
	Total_core_cache_fail_stats_breakdown[GLOBAL_ACC_W][MISS_QUEUE_FULL] = 17794
ctas_completed 8192, Shader 0 warp_id issue ditsribution:
warp_id:
0, 1, 2, 3, 4, 5, 6, 7, 8, 9, 10, 11, 12, 13, 14, 15, 16, 17, 18, 19, 20, 21, 22, 23, 24, 25, 26, 27, 28, 29, 30, 31, 32, 33, 34, 35, 36, 37, 38, 39, 40, 41, 42, 43, 44, 45, 46, 47, 
distro:
1485, 1485, 1485, 1485, 1452, 1452, 1452, 1452, 1452, 1452, 1452, 1452, 1452, 1452, 1452, 1452, 1419, 1419, 1419, 1419, 1419, 1419, 1419, 1419, 1419, 1419, 1419, 1419, 1419, 1419, 1419, 1419, 1452, 1452, 1452, 1452, 1452, 1452, 1452, 1452, 1452, 1452, 1452, 1452, 1452, 1452, 1452, 1452, 
gpgpu_n_tot_thrd_icount = 34603008
gpgpu_n_tot_w_icount = 1081344
gpgpu_n_stall_shd_mem = 1337
gpgpu_n_mem_read_local = 0
gpgpu_n_mem_write_local = 0
gpgpu_n_mem_read_global = 131072
gpgpu_n_mem_write_global = 131072
gpgpu_n_mem_texture = 0
gpgpu_n_mem_const = 0
gpgpu_n_load_insn  = 2097152
gpgpu_n_store_insn = 1048576
gpgpu_n_shmem_insn = 0
gpgpu_n_sstarr_insn = 0
gpgpu_n_tex_insn = 0
gpgpu_n_const_mem_insn = 0
gpgpu_n_param_mem_insn = 4194304
gpgpu_n_shmem_bkconflict = 0
gpgpu_n_l1cache_bkconflict = 1337
gpgpu_n_intrawarp_mshr_merge = 0
gpgpu_n_cmem_portconflict = 0
gpgpu_stall_shd_mem[c_mem][resource_stall] = 0
gpgpu_stall_shd_mem[s_mem][bk_conf] = 0
gpgpu_stall_shd_mem[gl_mem][resource_stall] = 1337
gpgpu_stall_shd_mem[gl_mem][coal_stall] = 0
gpgpu_stall_shd_mem[gl_mem][data_port_stall] = 0
gpu_reg_bank_conflict_stalls = 0
Warp Occupancy Distribution:
Stall:335817	W0_Idle:41550	W0_Scoreboard:1046309	W1:0	W2:0	W3:0	W4:0	W5:0	W6:0	W7:0	W8:0	W9:0	W10:0	W11:0	W12:0	W13:0	W14:0	W15:0	W16:0	W17:0	W18:0	W19:0	W20:0	W21:0	W22:0	W23:0	W24:0	W25:0	W26:0	W27:0	W28:0	W29:0	W30:0	W31:0	W32:1081344
single_issue_nums: WS0:270336	WS1:270336	WS2:270336	WS3:270336	
dual_issue_nums: WS0:0	WS1:0	WS2:0	WS3:0	
traffic_breakdown_coretomem[GLOBAL_ACC_R] = 1048576 {8:131072,}
traffic_breakdown_coretomem[GLOBAL_ACC_W] = 5242880 {40:131072,}
traffic_breakdown_memtocore[GLOBAL_ACC_R] = 5242880 {40:131072,}
traffic_breakdown_memtocore[GLOBAL_ACC_W] = 1048576 {8:131072,}
maxmflatency = 472 
max_icnt2mem_latency = 223 
maxmrqlatency = 0 
max_icnt2sh_latency = 148 
averagemflatency = 263 
avg_icnt2mem_latency = 62 
avg_icnt2sh_latency = 11 
mrq_lat_table:0 	0 	0 	0 	0 	0 	0 	0 	0 	0 	0 	0 	0 	0 	0 	0 	0 	0 	0 	0 	0 	0 	0 	0 	0 	0 	0 	0 	0 	0 	0 	0 	
dq_lat_table:0 	0 	0 	0 	0 	0 	0 	0 	0 	0 	0 	0 	0 	0 	0 	0 	0 	0 	0 	0 	0 	0 	0 	0 	0 	0 	0 	0 	0 	0 	0 	0 	
mf_lat_table:0 	0 	0 	0 	0 	0 	0 	146198 	115946 	0 	0 	0 	0 	0 	0 	0 	0 	0 	0 	0 	0 	0 	0 	0 	0 	0 	0 	0 	0 	0 	0 	0 	
icnt2mem_lat_table:0 	0 	0 	0 	0 	189619 	61650 	10875 	0 	0 	0 	0 	0 	0 	0 	0 	0 	0 	0 	0 	0 	0 	0 	0 	
icnt2sh_lat_table:0 	88389 	55441 	55939 	41567 	18461 	2328 	19 	0 	0 	0 	0 	0 	0 	0 	0 	0 	0 	0 	0 	0 	0 	0 	0 	
mf_lat_pw_table:0 	0 	0 	0 	0 	0 	0 	23 	54 	0 	0 	0 	0 	0 	0 	0 	0 	0 	0 	0 	0 	0 	0 	0 	0 	0 	0 	0 	0 	0 	0 	0 	
maximum concurrent accesses to same row:
dram[0]:         0         0         0         0         0         0         0         0         0         0         0         0         0         0         0         0 
dram[1]:         0         0         0         0         0         0         0         0         0         0         0         0         0         0         0         0 
dram[2]:         0         0         0         0         0         0         0         0         0         0         0         0         0         0         0         0 
dram[3]:         0         0         0         0         0         0         0         0         0         0         0         0         0         0         0         0 
dram[4]:         0         0         0         0         0         0         0         0         0         0         0         0         0         0         0         0 
dram[5]:         0         0         0         0         0         0         0         0         0         0         0         0         0         0         0         0 
dram[6]:         0         0         0         0         0         0         0         0         0         0         0         0         0         0         0         0 
dram[7]:         0         0         0         0         0         0         0         0         0         0         0         0         0         0         0         0 
dram[8]:         0         0         0         0         0         0         0         0         0         0         0         0         0         0         0         0 
dram[9]:         0         0         0         0         0         0         0         0         0         0         0         0         0         0         0         0 
dram[10]:         0         0         0         0         0         0         0         0         0         0         0         0         0         0         0         0 
dram[11]:         0         0         0         0         0         0         0         0         0         0         0         0         0         0         0         0 
dram[12]:         0         0         0         0         0         0         0         0         0         0         0         0         0         0         0         0 
dram[13]:         0         0         0         0         0         0         0         0         0         0         0         0         0         0         0         0 
dram[14]:         0         0         0         0         0         0         0         0         0         0         0         0         0         0         0         0 
dram[15]:         0         0         0         0         0         0         0         0         0         0         0         0         0         0         0         0 
maximum service time to same row:
dram[0]:         0         0         0         0         0         0         0         0         0         0         0         0         0         0         0         0 
dram[1]:         0         0         0         0         0         0         0         0         0         0         0         0         0         0         0         0 
dram[2]:         0         0         0         0         0         0         0         0         0         0         0         0         0         0         0         0 
dram[3]:         0         0         0         0         0         0         0         0         0         0         0         0         0         0         0         0 
dram[4]:         0         0         0         0         0         0         0         0         0         0         0         0         0         0         0         0 
dram[5]:         0         0         0         0         0         0         0         0         0         0         0         0         0         0         0         0 
dram[6]:         0         0         0         0         0         0         0         0         0         0         0         0         0         0         0         0 
dram[7]:         0         0         0         0         0         0         0         0         0         0         0         0         0         0         0         0 
dram[8]:         0         0         0         0         0         0         0         0         0         0         0         0         0         0         0         0 
dram[9]:         0         0         0         0         0         0         0         0         0         0         0         0         0         0         0         0 
dram[10]:         0         0         0         0         0         0         0         0         0         0         0         0         0         0         0         0 
dram[11]:         0         0         0         0         0         0         0         0         0         0         0         0         0         0         0         0 
dram[12]:         0         0         0         0         0         0         0         0         0         0         0         0         0         0         0         0 
dram[13]:         0         0         0         0         0         0         0         0         0         0         0         0         0         0         0         0 
dram[14]:         0         0         0         0         0         0         0         0         0         0         0         0         0         0         0         0 
dram[15]:         0         0         0         0         0         0         0         0         0         0         0         0         0         0         0         0 
average row accesses per activate:
dram[0]:      -nan      -nan      -nan      -nan      -nan      -nan      -nan      -nan      -nan      -nan      -nan      -nan      -nan      -nan      -nan      -nan 
dram[1]:      -nan      -nan      -nan      -nan      -nan      -nan      -nan      -nan      -nan      -nan      -nan      -nan      -nan      -nan      -nan      -nan 
dram[2]:      -nan      -nan      -nan      -nan      -nan      -nan      -nan      -nan      -nan      -nan      -nan      -nan      -nan      -nan      -nan      -nan 
dram[3]:      -nan      -nan      -nan      -nan      -nan      -nan      -nan      -nan      -nan      -nan      -nan      -nan      -nan      -nan      -nan      -nan 
dram[4]:      -nan      -nan      -nan      -nan      -nan      -nan      -nan      -nan      -nan      -nan      -nan      -nan      -nan      -nan      -nan      -nan 
dram[5]:      -nan      -nan      -nan      -nan      -nan      -nan      -nan      -nan      -nan      -nan      -nan      -nan      -nan      -nan      -nan      -nan 
dram[6]:      -nan      -nan      -nan      -nan      -nan      -nan      -nan      -nan      -nan      -nan      -nan      -nan      -nan      -nan      -nan      -nan 
dram[7]:      -nan      -nan      -nan      -nan      -nan      -nan      -nan      -nan      -nan      -nan      -nan      -nan      -nan      -nan      -nan      -nan 
dram[8]:      -nan      -nan      -nan      -nan      -nan      -nan      -nan      -nan      -nan      -nan      -nan      -nan      -nan      -nan      -nan      -nan 
dram[9]:      -nan      -nan      -nan      -nan      -nan      -nan      -nan      -nan      -nan      -nan      -nan      -nan      -nan      -nan      -nan      -nan 
dram[10]:      -nan      -nan      -nan      -nan      -nan      -nan      -nan      -nan      -nan      -nan      -nan      -nan      -nan      -nan      -nan      -nan 
dram[11]:      -nan      -nan      -nan      -nan      -nan      -nan      -nan      -nan      -nan      -nan      -nan      -nan      -nan      -nan      -nan      -nan 
dram[12]:      -nan      -nan      -nan      -nan      -nan      -nan      -nan      -nan      -nan      -nan      -nan      -nan      -nan      -nan      -nan      -nan 
dram[13]:      -nan      -nan      -nan      -nan      -nan      -nan      -nan      -nan      -nan      -nan      -nan      -nan      -nan      -nan      -nan      -nan 
dram[14]:      -nan      -nan      -nan      -nan      -nan      -nan      -nan      -nan      -nan      -nan      -nan      -nan      -nan      -nan      -nan      -nan 
dram[15]:      -nan      -nan      -nan      -nan      -nan      -nan      -nan      -nan      -nan      -nan      -nan      -nan      -nan      -nan      -nan      -nan 
average row locality = 0/0 = -nan
number of total memory accesses made:
dram[0]:         0         0         0         0         0         0         0         0         0         0         0         0         0         0         0         0 
dram[1]:         0         0         0         0         0         0         0         0         0         0         0         0         0         0         0         0 
dram[2]:         0         0         0         0         0         0         0         0         0         0         0         0         0         0         0         0 
dram[3]:         0         0         0         0         0         0         0         0         0         0         0         0         0         0         0         0 
dram[4]:         0         0         0         0         0         0         0         0         0         0         0         0         0         0         0         0 
dram[5]:         0         0         0         0         0         0         0         0         0         0         0         0         0         0         0         0 
dram[6]:         0         0         0         0         0         0         0         0         0         0         0         0         0         0         0         0 
dram[7]:         0         0         0         0         0         0         0         0         0         0         0         0         0         0         0         0 
dram[8]:         0         0         0         0         0         0         0         0         0         0         0         0         0         0         0         0 
dram[9]:         0         0         0         0         0         0         0         0         0         0         0         0         0         0         0         0 
dram[10]:         0         0         0         0         0         0         0         0         0         0         0         0         0         0         0         0 
dram[11]:         0         0         0         0         0         0         0         0         0         0         0         0         0         0         0         0 
dram[12]:         0         0         0         0         0         0         0         0         0         0         0         0         0         0         0         0 
dram[13]:         0         0         0         0         0         0         0         0         0         0         0         0         0         0         0         0 
dram[14]:         0         0         0         0         0         0         0         0         0         0         0         0         0         0         0         0 
dram[15]:         0         0         0         0         0         0         0         0         0         0         0         0         0         0         0         0 
total accesses: 0
min_bank_accesses = 0!
min_chip_accesses = 0!
number of total read accesses:
dram[0]:         0         0         0         0         0         0         0         0         0         0         0         0         0         0         0         0 
dram[1]:         0         0         0         0         0         0         0         0         0         0         0         0         0         0         0         0 
dram[2]:         0         0         0         0         0         0         0         0         0         0         0         0         0         0         0         0 
dram[3]:         0         0         0         0         0         0         0         0         0         0         0         0         0         0         0         0 
dram[4]:         0         0         0         0         0         0         0         0         0         0         0         0         0         0         0         0 
dram[5]:         0         0         0         0         0         0         0         0         0         0         0         0         0         0         0         0 
dram[6]:         0         0         0         0         0         0         0         0         0         0         0         0         0         0         0         0 
dram[7]:         0         0         0         0         0         0         0         0         0         0         0         0         0         0         0         0 
dram[8]:         0         0         0         0         0         0         0         0         0         0         0         0         0         0         0         0 
dram[9]:         0         0         0         0         0         0         0         0         0         0         0         0         0         0         0         0 
dram[10]:         0         0         0         0         0         0         0         0         0         0         0         0         0         0         0         0 
dram[11]:         0         0         0         0         0         0         0         0         0         0         0         0         0         0         0         0 
dram[12]:         0         0         0         0         0         0         0         0         0         0         0         0         0         0         0         0 
dram[13]:         0         0         0         0         0         0         0         0         0         0         0         0         0         0         0         0 
dram[14]:         0         0         0         0         0         0         0         0         0         0         0         0         0         0         0         0 
dram[15]:         0         0         0         0         0         0         0         0         0         0         0         0         0         0         0         0 
total dram reads = 0
min_bank_accesses = 0!
min_chip_accesses = 0!
number of total write accesses:
dram[0]:         0         0         0         0         0         0         0         0         0         0         0         0         0         0         0         0 
dram[1]:         0         0         0         0         0         0         0         0         0         0         0         0         0         0         0         0 
dram[2]:         0         0         0         0         0         0         0         0         0         0         0         0         0         0         0         0 
dram[3]:         0         0         0         0         0         0         0         0         0         0         0         0         0         0         0         0 
dram[4]:         0         0         0         0         0         0         0         0         0         0         0         0         0         0         0         0 
dram[5]:         0         0         0         0         0         0         0         0         0         0         0         0         0         0         0         0 
dram[6]:         0         0         0         0         0         0         0         0         0         0         0         0         0         0         0         0 
dram[7]:         0         0         0         0         0         0         0         0         0         0         0         0         0         0         0         0 
dram[8]:         0         0         0         0         0         0         0         0         0         0         0         0         0         0         0         0 
dram[9]:         0         0         0         0         0         0         0         0         0         0         0         0         0         0         0         0 
dram[10]:         0         0         0         0         0         0         0         0         0         0         0         0         0         0         0         0 
dram[11]:         0         0         0         0         0         0         0         0         0         0         0         0         0         0         0         0 
dram[12]:         0         0         0         0         0         0         0         0         0         0         0         0         0         0         0         0 
dram[13]:         0         0         0         0         0         0         0         0         0         0         0         0         0         0         0         0 
dram[14]:         0         0         0         0         0         0         0         0         0         0         0         0         0         0         0         0 
dram[15]:         0         0         0         0         0         0         0         0         0         0         0         0         0         0         0         0 
total dram writes = 0
min_bank_accesses = 0!
min_chip_accesses = 0!
average mf latency per bank:
dram[0]:     none      none      none      none      none      none      none      none      none      none      none      none      none      none      none      none  
dram[1]:     none      none      none      none      none      none      none      none      none      none      none      none      none      none      none      none  
dram[2]:     none      none      none      none      none      none      none      none      none      none      none      none      none      none      none      none  
dram[3]:     none      none      none      none      none      none      none      none      none      none      none      none      none      none      none      none  
dram[4]:     none      none      none      none      none      none      none      none      none      none      none      none      none      none      none      none  
dram[5]:     none      none      none      none      none      none      none      none      none      none      none      none      none      none      none      none  
dram[6]:     none      none      none      none      none      none      none      none      none      none      none      none      none      none      none      none  
dram[7]:     none      none      none      none      none      none      none      none      none      none      none      none      none      none      none      none  
dram[8]:     none      none      none      none      none      none      none      none      none      none      none      none      none      none      none      none  
dram[9]:     none      none      none      none      none      none      none      none      none      none      none      none      none      none      none      none  
dram[10]:     none      none      none      none      none      none      none      none      none      none      none      none      none      none      none      none  
dram[11]:     none      none      none      none      none      none      none      none      none      none      none      none      none      none      none      none  
dram[12]:     none      none      none      none      none      none      none      none      none      none      none      none      none      none      none      none  
dram[13]:     none      none      none      none      none      none      none      none      none      none      none      none      none      none      none      none  
dram[14]:     none      none      none      none      none      none      none      none      none      none      none      none      none      none      none      none  
dram[15]:     none      none      none      none      none      none      none      none      none      none      none      none      none      none      none      none  
maximum mf latency per bank:
dram[0]:        458       443       454       446       397       394       376       391       383       423       391       413       396       389       403       378
dram[1]:        458       458       459       466       395       394       404       396       447       398       372       384       384       372       374       393
dram[2]:        457       441       446       444       386       399       418       414       411       418       385       394       378       389       415       417
dram[3]:        472       467       453       455       406       399       413       397       400       414       387       395       395       394       374       383
dram[4]:        449       432       417       429       414       390       419       416       431       397       451       404       404       404       382       383
dram[5]:        455       452       448       448       426       412       387       394       388       394       389       389       388       390       403       403
dram[6]:        462       459       454       452       409       397       400       389       410       416       387       393       391       373       416       429
dram[7]:        443       458       445       448       404       404       394       410       403       403       382       403       378       382       407       424
dram[8]:        446       462       427       436       399       391       369       384       408       422       413       384       364       367       386       413
dram[9]:        453       449       451       454       389       393       368       377       387       381       391       423       368       386       386       395
dram[10]:        434       434       433       438       421       432       412       379       431       380       388       387       366       368       371       382
dram[11]:        432       440       429       428       404       438       386       393       394       381       407       412       375       393       395       392
dram[12]:        456       435       447       428       411       398       385       370       402       387       383       379       403       378       367       388
dram[13]:        461       456       445       450       414       407       379       390       405       384       377       376       375       384       372       370
dram[14]:        463       457       426       437       422       419       410       401       394       404       377       388       393       386       396       404
dram[15]:        460       457       437       451       411       407       400       409       374       401       395       392       398       389       392       398
Memory Partition 0: 
Cache L2_bank_000:
MSHR contents

Cache L2_bank_001:
MSHR contents

In Dram Latency Queue (total = 0): 
DRAM[0]: 16 bks, busW=2 BL=16 CL=24, tRRD=12 tCCD=4, tRCD=24 tRAS=55 tRP=24 tRC=78
n_cmd=60989 n_nop=60989 n_act=0 n_pre=0 n_ref_event=0 n_req=0 n_rd=0 n_rd_L2_A=0 n_write=0 n_wr_bk=0 bw_util=0
n_activity=0 dram_eff=-nan
bk0: 0a 60989i bk1: 0a 60989i bk2: 0a 60989i bk3: 0a 60989i bk4: 0a 60989i bk5: 0a 60989i bk6: 0a 60989i bk7: 0a 60989i bk8: 0a 60989i bk9: 0a 60989i bk10: 0a 60989i bk11: 0a 60989i bk12: 0a 60989i bk13: 0a 60989i bk14: 0a 60989i bk15: 0a 60989i 

------------------------------------------------------------------------

Row_Buffer_Locality = -nan
Row_Buffer_Locality_read = -nan
Row_Buffer_Locality_write = -nan
Bank_Level_Parallism = -nan
Bank_Level_Parallism_Col = -nan
Bank_Level_Parallism_Ready = -nan
write_to_read_ratio_blp_rw_average = -nan
GrpLevelPara = -nan 

BW Util details:
bwutil = 0.000000 
total_CMD = 60989 
util_bw = 0 
Wasted_Col = 0 
Wasted_Row = 0 
Idle = 60989 

BW Util Bottlenecks: 
RCDc_limit = 0 
RCDWRc_limit = 0 
WTRc_limit = 0 
RTWc_limit = 0 
CCDLc_limit = 0 
rwq = 0 
CCDLc_limit_alone = 0 
WTRc_limit_alone = 0 
RTWc_limit_alone = 0 

Commands details: 
total_CMD = 60989 
n_nop = 60989 
Read = 0 
Write = 0 
L2_Alloc = 0 
L2_WB = 0 
n_act = 0 
n_pre = 0 
n_ref = 0 
n_req = 0 
total_req = 0 

Dual Bus Interface Util: 
issued_total_row = 0 
issued_total_col = 0 
Row_Bus_Util =  0.000000 
CoL_Bus_Util = 0.000000 
Either_Row_CoL_Bus_Util = 0.000000 
Issued_on_Two_Bus_Simul_Util = 0.000000 
issued_two_Eff = -nan 
queue_avg = 0.000000 


dram_util_bins: 0 0 0 0 0 0 0 0 0 0
dram_eff_bins: 0 0 0 0 0 0 0 0 0 0
mrqq: max=0 avg=0
Memory Partition 1: 
Cache L2_bank_002:
MSHR contents

Cache L2_bank_003:
MSHR contents

In Dram Latency Queue (total = 0): 
DRAM[1]: 16 bks, busW=2 BL=16 CL=24, tRRD=12 tCCD=4, tRCD=24 tRAS=55 tRP=24 tRC=78
n_cmd=60989 n_nop=60989 n_act=0 n_pre=0 n_ref_event=0 n_req=0 n_rd=0 n_rd_L2_A=0 n_write=0 n_wr_bk=0 bw_util=0
n_activity=0 dram_eff=-nan
bk0: 0a 60989i bk1: 0a 60989i bk2: 0a 60989i bk3: 0a 60989i bk4: 0a 60989i bk5: 0a 60989i bk6: 0a 60989i bk7: 0a 60989i bk8: 0a 60989i bk9: 0a 60989i bk10: 0a 60989i bk11: 0a 60989i bk12: 0a 60989i bk13: 0a 60989i bk14: 0a 60989i bk15: 0a 60989i 

------------------------------------------------------------------------

Row_Buffer_Locality = -nan
Row_Buffer_Locality_read = -nan
Row_Buffer_Locality_write = -nan
Bank_Level_Parallism = -nan
Bank_Level_Parallism_Col = -nan
Bank_Level_Parallism_Ready = -nan
write_to_read_ratio_blp_rw_average = -nan
GrpLevelPara = -nan 

BW Util details:
bwutil = 0.000000 
total_CMD = 60989 
util_bw = 0 
Wasted_Col = 0 
Wasted_Row = 0 
Idle = 60989 

BW Util Bottlenecks: 
RCDc_limit = 0 
RCDWRc_limit = 0 
WTRc_limit = 0 
RTWc_limit = 0 
CCDLc_limit = 0 
rwq = 0 
CCDLc_limit_alone = 0 
WTRc_limit_alone = 0 
RTWc_limit_alone = 0 

Commands details: 
total_CMD = 60989 
n_nop = 60989 
Read = 0 
Write = 0 
L2_Alloc = 0 
L2_WB = 0 
n_act = 0 
n_pre = 0 
n_ref = 0 
n_req = 0 
total_req = 0 

Dual Bus Interface Util: 
issued_total_row = 0 
issued_total_col = 0 
Row_Bus_Util =  0.000000 
CoL_Bus_Util = 0.000000 
Either_Row_CoL_Bus_Util = 0.000000 
Issued_on_Two_Bus_Simul_Util = 0.000000 
issued_two_Eff = -nan 
queue_avg = 0.000000 


dram_util_bins: 0 0 0 0 0 0 0 0 0 0
dram_eff_bins: 0 0 0 0 0 0 0 0 0 0
mrqq: max=0 avg=0
Memory Partition 2: 
Cache L2_bank_004:
MSHR contents

Cache L2_bank_005:
MSHR contents

In Dram Latency Queue (total = 0): 
DRAM[2]: 16 bks, busW=2 BL=16 CL=24, tRRD=12 tCCD=4, tRCD=24 tRAS=55 tRP=24 tRC=78
n_cmd=60989 n_nop=60989 n_act=0 n_pre=0 n_ref_event=0 n_req=0 n_rd=0 n_rd_L2_A=0 n_write=0 n_wr_bk=0 bw_util=0
n_activity=0 dram_eff=-nan
bk0: 0a 60989i bk1: 0a 60989i bk2: 0a 60989i bk3: 0a 60989i bk4: 0a 60989i bk5: 0a 60989i bk6: 0a 60989i bk7: 0a 60989i bk8: 0a 60989i bk9: 0a 60989i bk10: 0a 60989i bk11: 0a 60989i bk12: 0a 60989i bk13: 0a 60989i bk14: 0a 60989i bk15: 0a 60989i 

------------------------------------------------------------------------

Row_Buffer_Locality = -nan
Row_Buffer_Locality_read = -nan
Row_Buffer_Locality_write = -nan
Bank_Level_Parallism = -nan
Bank_Level_Parallism_Col = -nan
Bank_Level_Parallism_Ready = -nan
write_to_read_ratio_blp_rw_average = -nan
GrpLevelPara = -nan 

BW Util details:
bwutil = 0.000000 
total_CMD = 60989 
util_bw = 0 
Wasted_Col = 0 
Wasted_Row = 0 
Idle = 60989 

BW Util Bottlenecks: 
RCDc_limit = 0 
RCDWRc_limit = 0 
WTRc_limit = 0 
RTWc_limit = 0 
CCDLc_limit = 0 
rwq = 0 
CCDLc_limit_alone = 0 
WTRc_limit_alone = 0 
RTWc_limit_alone = 0 

Commands details: 
total_CMD = 60989 
n_nop = 60989 
Read = 0 
Write = 0 
L2_Alloc = 0 
L2_WB = 0 
n_act = 0 
n_pre = 0 
n_ref = 0 
n_req = 0 
total_req = 0 

Dual Bus Interface Util: 
issued_total_row = 0 
issued_total_col = 0 
Row_Bus_Util =  0.000000 
CoL_Bus_Util = 0.000000 
Either_Row_CoL_Bus_Util = 0.000000 
Issued_on_Two_Bus_Simul_Util = 0.000000 
issued_two_Eff = -nan 
queue_avg = 0.000000 


dram_util_bins: 0 0 0 0 0 0 0 0 0 0
dram_eff_bins: 0 0 0 0 0 0 0 0 0 0
mrqq: max=0 avg=0
Memory Partition 3: 
Cache L2_bank_006:
MSHR contents

Cache L2_bank_007:
MSHR contents

In Dram Latency Queue (total = 0): 
DRAM[3]: 16 bks, busW=2 BL=16 CL=24, tRRD=12 tCCD=4, tRCD=24 tRAS=55 tRP=24 tRC=78
n_cmd=60989 n_nop=60989 n_act=0 n_pre=0 n_ref_event=0 n_req=0 n_rd=0 n_rd_L2_A=0 n_write=0 n_wr_bk=0 bw_util=0
n_activity=0 dram_eff=-nan
bk0: 0a 60989i bk1: 0a 60989i bk2: 0a 60989i bk3: 0a 60989i bk4: 0a 60989i bk5: 0a 60989i bk6: 0a 60989i bk7: 0a 60989i bk8: 0a 60989i bk9: 0a 60989i bk10: 0a 60989i bk11: 0a 60989i bk12: 0a 60989i bk13: 0a 60989i bk14: 0a 60989i bk15: 0a 60989i 

------------------------------------------------------------------------

Row_Buffer_Locality = -nan
Row_Buffer_Locality_read = -nan
Row_Buffer_Locality_write = -nan
Bank_Level_Parallism = -nan
Bank_Level_Parallism_Col = -nan
Bank_Level_Parallism_Ready = -nan
write_to_read_ratio_blp_rw_average = -nan
GrpLevelPara = -nan 

BW Util details:
bwutil = 0.000000 
total_CMD = 60989 
util_bw = 0 
Wasted_Col = 0 
Wasted_Row = 0 
Idle = 60989 

BW Util Bottlenecks: 
RCDc_limit = 0 
RCDWRc_limit = 0 
WTRc_limit = 0 
RTWc_limit = 0 
CCDLc_limit = 0 
rwq = 0 
CCDLc_limit_alone = 0 
WTRc_limit_alone = 0 
RTWc_limit_alone = 0 

Commands details: 
total_CMD = 60989 
n_nop = 60989 
Read = 0 
Write = 0 
L2_Alloc = 0 
L2_WB = 0 
n_act = 0 
n_pre = 0 
n_ref = 0 
n_req = 0 
total_req = 0 

Dual Bus Interface Util: 
issued_total_row = 0 
issued_total_col = 0 
Row_Bus_Util =  0.000000 
CoL_Bus_Util = 0.000000 
Either_Row_CoL_Bus_Util = 0.000000 
Issued_on_Two_Bus_Simul_Util = 0.000000 
issued_two_Eff = -nan 
queue_avg = 0.000000 


dram_util_bins: 0 0 0 0 0 0 0 0 0 0
dram_eff_bins: 0 0 0 0 0 0 0 0 0 0
mrqq: max=0 avg=0
Memory Partition 4: 
Cache L2_bank_008:
MSHR contents

Cache L2_bank_009:
MSHR contents

In Dram Latency Queue (total = 0): 
DRAM[4]: 16 bks, busW=2 BL=16 CL=24, tRRD=12 tCCD=4, tRCD=24 tRAS=55 tRP=24 tRC=78
n_cmd=60989 n_nop=60989 n_act=0 n_pre=0 n_ref_event=0 n_req=0 n_rd=0 n_rd_L2_A=0 n_write=0 n_wr_bk=0 bw_util=0
n_activity=0 dram_eff=-nan
bk0: 0a 60989i bk1: 0a 60989i bk2: 0a 60989i bk3: 0a 60989i bk4: 0a 60989i bk5: 0a 60989i bk6: 0a 60989i bk7: 0a 60989i bk8: 0a 60989i bk9: 0a 60989i bk10: 0a 60989i bk11: 0a 60989i bk12: 0a 60989i bk13: 0a 60989i bk14: 0a 60989i bk15: 0a 60989i 

------------------------------------------------------------------------

Row_Buffer_Locality = -nan
Row_Buffer_Locality_read = -nan
Row_Buffer_Locality_write = -nan
Bank_Level_Parallism = -nan
Bank_Level_Parallism_Col = -nan
Bank_Level_Parallism_Ready = -nan
write_to_read_ratio_blp_rw_average = -nan
GrpLevelPara = -nan 

BW Util details:
bwutil = 0.000000 
total_CMD = 60989 
util_bw = 0 
Wasted_Col = 0 
Wasted_Row = 0 
Idle = 60989 

BW Util Bottlenecks: 
RCDc_limit = 0 
RCDWRc_limit = 0 
WTRc_limit = 0 
RTWc_limit = 0 
CCDLc_limit = 0 
rwq = 0 
CCDLc_limit_alone = 0 
WTRc_limit_alone = 0 
RTWc_limit_alone = 0 

Commands details: 
total_CMD = 60989 
n_nop = 60989 
Read = 0 
Write = 0 
L2_Alloc = 0 
L2_WB = 0 
n_act = 0 
n_pre = 0 
n_ref = 0 
n_req = 0 
total_req = 0 

Dual Bus Interface Util: 
issued_total_row = 0 
issued_total_col = 0 
Row_Bus_Util =  0.000000 
CoL_Bus_Util = 0.000000 
Either_Row_CoL_Bus_Util = 0.000000 
Issued_on_Two_Bus_Simul_Util = 0.000000 
issued_two_Eff = -nan 
queue_avg = 0.000000 


dram_util_bins: 0 0 0 0 0 0 0 0 0 0
dram_eff_bins: 0 0 0 0 0 0 0 0 0 0
mrqq: max=0 avg=0
Memory Partition 5: 
Cache L2_bank_010:
MSHR contents

Cache L2_bank_011:
MSHR contents

In Dram Latency Queue (total = 0): 
DRAM[5]: 16 bks, busW=2 BL=16 CL=24, tRRD=12 tCCD=4, tRCD=24 tRAS=55 tRP=24 tRC=78
n_cmd=60989 n_nop=60989 n_act=0 n_pre=0 n_ref_event=0 n_req=0 n_rd=0 n_rd_L2_A=0 n_write=0 n_wr_bk=0 bw_util=0
n_activity=0 dram_eff=-nan
bk0: 0a 60989i bk1: 0a 60989i bk2: 0a 60989i bk3: 0a 60989i bk4: 0a 60989i bk5: 0a 60989i bk6: 0a 60989i bk7: 0a 60989i bk8: 0a 60989i bk9: 0a 60989i bk10: 0a 60989i bk11: 0a 60989i bk12: 0a 60989i bk13: 0a 60989i bk14: 0a 60989i bk15: 0a 60989i 

------------------------------------------------------------------------

Row_Buffer_Locality = -nan
Row_Buffer_Locality_read = -nan
Row_Buffer_Locality_write = -nan
Bank_Level_Parallism = -nan
Bank_Level_Parallism_Col = -nan
Bank_Level_Parallism_Ready = -nan
write_to_read_ratio_blp_rw_average = -nan
GrpLevelPara = -nan 

BW Util details:
bwutil = 0.000000 
total_CMD = 60989 
util_bw = 0 
Wasted_Col = 0 
Wasted_Row = 0 
Idle = 60989 

BW Util Bottlenecks: 
RCDc_limit = 0 
RCDWRc_limit = 0 
WTRc_limit = 0 
RTWc_limit = 0 
CCDLc_limit = 0 
rwq = 0 
CCDLc_limit_alone = 0 
WTRc_limit_alone = 0 
RTWc_limit_alone = 0 

Commands details: 
total_CMD = 60989 
n_nop = 60989 
Read = 0 
Write = 0 
L2_Alloc = 0 
L2_WB = 0 
n_act = 0 
n_pre = 0 
n_ref = 0 
n_req = 0 
total_req = 0 

Dual Bus Interface Util: 
issued_total_row = 0 
issued_total_col = 0 
Row_Bus_Util =  0.000000 
CoL_Bus_Util = 0.000000 
Either_Row_CoL_Bus_Util = 0.000000 
Issued_on_Two_Bus_Simul_Util = 0.000000 
issued_two_Eff = -nan 
queue_avg = 0.000000 


dram_util_bins: 0 0 0 0 0 0 0 0 0 0
dram_eff_bins: 0 0 0 0 0 0 0 0 0 0
mrqq: max=0 avg=0
Memory Partition 6: 
Cache L2_bank_012:
MSHR contents

Cache L2_bank_013:
MSHR contents

In Dram Latency Queue (total = 0): 
DRAM[6]: 16 bks, busW=2 BL=16 CL=24, tRRD=12 tCCD=4, tRCD=24 tRAS=55 tRP=24 tRC=78
n_cmd=60989 n_nop=60989 n_act=0 n_pre=0 n_ref_event=0 n_req=0 n_rd=0 n_rd_L2_A=0 n_write=0 n_wr_bk=0 bw_util=0
n_activity=0 dram_eff=-nan
bk0: 0a 60989i bk1: 0a 60989i bk2: 0a 60989i bk3: 0a 60989i bk4: 0a 60989i bk5: 0a 60989i bk6: 0a 60989i bk7: 0a 60989i bk8: 0a 60989i bk9: 0a 60989i bk10: 0a 60989i bk11: 0a 60989i bk12: 0a 60989i bk13: 0a 60989i bk14: 0a 60989i bk15: 0a 60989i 

------------------------------------------------------------------------

Row_Buffer_Locality = -nan
Row_Buffer_Locality_read = -nan
Row_Buffer_Locality_write = -nan
Bank_Level_Parallism = -nan
Bank_Level_Parallism_Col = -nan
Bank_Level_Parallism_Ready = -nan
write_to_read_ratio_blp_rw_average = -nan
GrpLevelPara = -nan 

BW Util details:
bwutil = 0.000000 
total_CMD = 60989 
util_bw = 0 
Wasted_Col = 0 
Wasted_Row = 0 
Idle = 60989 

BW Util Bottlenecks: 
RCDc_limit = 0 
RCDWRc_limit = 0 
WTRc_limit = 0 
RTWc_limit = 0 
CCDLc_limit = 0 
rwq = 0 
CCDLc_limit_alone = 0 
WTRc_limit_alone = 0 
RTWc_limit_alone = 0 

Commands details: 
total_CMD = 60989 
n_nop = 60989 
Read = 0 
Write = 0 
L2_Alloc = 0 
L2_WB = 0 
n_act = 0 
n_pre = 0 
n_ref = 0 
n_req = 0 
total_req = 0 

Dual Bus Interface Util: 
issued_total_row = 0 
issued_total_col = 0 
Row_Bus_Util =  0.000000 
CoL_Bus_Util = 0.000000 
Either_Row_CoL_Bus_Util = 0.000000 
Issued_on_Two_Bus_Simul_Util = 0.000000 
issued_two_Eff = -nan 
queue_avg = 0.000000 


dram_util_bins: 0 0 0 0 0 0 0 0 0 0
dram_eff_bins: 0 0 0 0 0 0 0 0 0 0
mrqq: max=0 avg=0
Memory Partition 7: 
Cache L2_bank_014:
MSHR contents

Cache L2_bank_015:
MSHR contents

In Dram Latency Queue (total = 0): 
DRAM[7]: 16 bks, busW=2 BL=16 CL=24, tRRD=12 tCCD=4, tRCD=24 tRAS=55 tRP=24 tRC=78
n_cmd=60989 n_nop=60989 n_act=0 n_pre=0 n_ref_event=0 n_req=0 n_rd=0 n_rd_L2_A=0 n_write=0 n_wr_bk=0 bw_util=0
n_activity=0 dram_eff=-nan
bk0: 0a 60989i bk1: 0a 60989i bk2: 0a 60989i bk3: 0a 60989i bk4: 0a 60989i bk5: 0a 60989i bk6: 0a 60989i bk7: 0a 60989i bk8: 0a 60989i bk9: 0a 60989i bk10: 0a 60989i bk11: 0a 60989i bk12: 0a 60989i bk13: 0a 60989i bk14: 0a 60989i bk15: 0a 60989i 

------------------------------------------------------------------------

Row_Buffer_Locality = -nan
Row_Buffer_Locality_read = -nan
Row_Buffer_Locality_write = -nan
Bank_Level_Parallism = -nan
Bank_Level_Parallism_Col = -nan
Bank_Level_Parallism_Ready = -nan
write_to_read_ratio_blp_rw_average = -nan
GrpLevelPara = -nan 

BW Util details:
bwutil = 0.000000 
total_CMD = 60989 
util_bw = 0 
Wasted_Col = 0 
Wasted_Row = 0 
Idle = 60989 

BW Util Bottlenecks: 
RCDc_limit = 0 
RCDWRc_limit = 0 
WTRc_limit = 0 
RTWc_limit = 0 
CCDLc_limit = 0 
rwq = 0 
CCDLc_limit_alone = 0 
WTRc_limit_alone = 0 
RTWc_limit_alone = 0 

Commands details: 
total_CMD = 60989 
n_nop = 60989 
Read = 0 
Write = 0 
L2_Alloc = 0 
L2_WB = 0 
n_act = 0 
n_pre = 0 
n_ref = 0 
n_req = 0 
total_req = 0 

Dual Bus Interface Util: 
issued_total_row = 0 
issued_total_col = 0 
Row_Bus_Util =  0.000000 
CoL_Bus_Util = 0.000000 
Either_Row_CoL_Bus_Util = 0.000000 
Issued_on_Two_Bus_Simul_Util = 0.000000 
issued_two_Eff = -nan 
queue_avg = 0.000000 


dram_util_bins: 0 0 0 0 0 0 0 0 0 0
dram_eff_bins: 0 0 0 0 0 0 0 0 0 0
mrqq: max=0 avg=0
Memory Partition 8: 
Cache L2_bank_016:
MSHR contents

Cache L2_bank_017:
MSHR contents

In Dram Latency Queue (total = 0): 
DRAM[8]: 16 bks, busW=2 BL=16 CL=24, tRRD=12 tCCD=4, tRCD=24 tRAS=55 tRP=24 tRC=78
n_cmd=60989 n_nop=60989 n_act=0 n_pre=0 n_ref_event=0 n_req=0 n_rd=0 n_rd_L2_A=0 n_write=0 n_wr_bk=0 bw_util=0
n_activity=0 dram_eff=-nan
bk0: 0a 60989i bk1: 0a 60989i bk2: 0a 60989i bk3: 0a 60989i bk4: 0a 60989i bk5: 0a 60989i bk6: 0a 60989i bk7: 0a 60989i bk8: 0a 60989i bk9: 0a 60989i bk10: 0a 60989i bk11: 0a 60989i bk12: 0a 60989i bk13: 0a 60989i bk14: 0a 60989i bk15: 0a 60989i 

------------------------------------------------------------------------

Row_Buffer_Locality = -nan
Row_Buffer_Locality_read = -nan
Row_Buffer_Locality_write = -nan
Bank_Level_Parallism = -nan
Bank_Level_Parallism_Col = -nan
Bank_Level_Parallism_Ready = -nan
write_to_read_ratio_blp_rw_average = -nan
GrpLevelPara = -nan 

BW Util details:
bwutil = 0.000000 
total_CMD = 60989 
util_bw = 0 
Wasted_Col = 0 
Wasted_Row = 0 
Idle = 60989 

BW Util Bottlenecks: 
RCDc_limit = 0 
RCDWRc_limit = 0 
WTRc_limit = 0 
RTWc_limit = 0 
CCDLc_limit = 0 
rwq = 0 
CCDLc_limit_alone = 0 
WTRc_limit_alone = 0 
RTWc_limit_alone = 0 

Commands details: 
total_CMD = 60989 
n_nop = 60989 
Read = 0 
Write = 0 
L2_Alloc = 0 
L2_WB = 0 
n_act = 0 
n_pre = 0 
n_ref = 0 
n_req = 0 
total_req = 0 

Dual Bus Interface Util: 
issued_total_row = 0 
issued_total_col = 0 
Row_Bus_Util =  0.000000 
CoL_Bus_Util = 0.000000 
Either_Row_CoL_Bus_Util = 0.000000 
Issued_on_Two_Bus_Simul_Util = 0.000000 
issued_two_Eff = -nan 
queue_avg = 0.000000 


dram_util_bins: 0 0 0 0 0 0 0 0 0 0
dram_eff_bins: 0 0 0 0 0 0 0 0 0 0
mrqq: max=0 avg=0
Memory Partition 9: 
Cache L2_bank_018:
MSHR contents

Cache L2_bank_019:
MSHR contents

In Dram Latency Queue (total = 0): 
DRAM[9]: 16 bks, busW=2 BL=16 CL=24, tRRD=12 tCCD=4, tRCD=24 tRAS=55 tRP=24 tRC=78
n_cmd=60989 n_nop=60989 n_act=0 n_pre=0 n_ref_event=0 n_req=0 n_rd=0 n_rd_L2_A=0 n_write=0 n_wr_bk=0 bw_util=0
n_activity=0 dram_eff=-nan
bk0: 0a 60989i bk1: 0a 60989i bk2: 0a 60989i bk3: 0a 60989i bk4: 0a 60989i bk5: 0a 60989i bk6: 0a 60989i bk7: 0a 60989i bk8: 0a 60989i bk9: 0a 60989i bk10: 0a 60989i bk11: 0a 60989i bk12: 0a 60989i bk13: 0a 60989i bk14: 0a 60989i bk15: 0a 60989i 

------------------------------------------------------------------------

Row_Buffer_Locality = -nan
Row_Buffer_Locality_read = -nan
Row_Buffer_Locality_write = -nan
Bank_Level_Parallism = -nan
Bank_Level_Parallism_Col = -nan
Bank_Level_Parallism_Ready = -nan
write_to_read_ratio_blp_rw_average = -nan
GrpLevelPara = -nan 

BW Util details:
bwutil = 0.000000 
total_CMD = 60989 
util_bw = 0 
Wasted_Col = 0 
Wasted_Row = 0 
Idle = 60989 

BW Util Bottlenecks: 
RCDc_limit = 0 
RCDWRc_limit = 0 
WTRc_limit = 0 
RTWc_limit = 0 
CCDLc_limit = 0 
rwq = 0 
CCDLc_limit_alone = 0 
WTRc_limit_alone = 0 
RTWc_limit_alone = 0 

Commands details: 
total_CMD = 60989 
n_nop = 60989 
Read = 0 
Write = 0 
L2_Alloc = 0 
L2_WB = 0 
n_act = 0 
n_pre = 0 
n_ref = 0 
n_req = 0 
total_req = 0 

Dual Bus Interface Util: 
issued_total_row = 0 
issued_total_col = 0 
Row_Bus_Util =  0.000000 
CoL_Bus_Util = 0.000000 
Either_Row_CoL_Bus_Util = 0.000000 
Issued_on_Two_Bus_Simul_Util = 0.000000 
issued_two_Eff = -nan 
queue_avg = 0.000000 


dram_util_bins: 0 0 0 0 0 0 0 0 0 0
dram_eff_bins: 0 0 0 0 0 0 0 0 0 0
mrqq: max=0 avg=0
Memory Partition 10: 
Cache L2_bank_020:
MSHR contents

Cache L2_bank_021:
MSHR contents

In Dram Latency Queue (total = 0): 
DRAM[10]: 16 bks, busW=2 BL=16 CL=24, tRRD=12 tCCD=4, tRCD=24 tRAS=55 tRP=24 tRC=78
n_cmd=60989 n_nop=60989 n_act=0 n_pre=0 n_ref_event=0 n_req=0 n_rd=0 n_rd_L2_A=0 n_write=0 n_wr_bk=0 bw_util=0
n_activity=0 dram_eff=-nan
bk0: 0a 60989i bk1: 0a 60989i bk2: 0a 60989i bk3: 0a 60989i bk4: 0a 60989i bk5: 0a 60989i bk6: 0a 60989i bk7: 0a 60989i bk8: 0a 60989i bk9: 0a 60989i bk10: 0a 60989i bk11: 0a 60989i bk12: 0a 60989i bk13: 0a 60989i bk14: 0a 60989i bk15: 0a 60989i 

------------------------------------------------------------------------

Row_Buffer_Locality = -nan
Row_Buffer_Locality_read = -nan
Row_Buffer_Locality_write = -nan
Bank_Level_Parallism = -nan
Bank_Level_Parallism_Col = -nan
Bank_Level_Parallism_Ready = -nan
write_to_read_ratio_blp_rw_average = -nan
GrpLevelPara = -nan 

BW Util details:
bwutil = 0.000000 
total_CMD = 60989 
util_bw = 0 
Wasted_Col = 0 
Wasted_Row = 0 
Idle = 60989 

BW Util Bottlenecks: 
RCDc_limit = 0 
RCDWRc_limit = 0 
WTRc_limit = 0 
RTWc_limit = 0 
CCDLc_limit = 0 
rwq = 0 
CCDLc_limit_alone = 0 
WTRc_limit_alone = 0 
RTWc_limit_alone = 0 

Commands details: 
total_CMD = 60989 
n_nop = 60989 
Read = 0 
Write = 0 
L2_Alloc = 0 
L2_WB = 0 
n_act = 0 
n_pre = 0 
n_ref = 0 
n_req = 0 
total_req = 0 

Dual Bus Interface Util: 
issued_total_row = 0 
issued_total_col = 0 
Row_Bus_Util =  0.000000 
CoL_Bus_Util = 0.000000 
Either_Row_CoL_Bus_Util = 0.000000 
Issued_on_Two_Bus_Simul_Util = 0.000000 
issued_two_Eff = -nan 
queue_avg = 0.000000 


dram_util_bins: 0 0 0 0 0 0 0 0 0 0
dram_eff_bins: 0 0 0 0 0 0 0 0 0 0
mrqq: max=0 avg=0
Memory Partition 11: 
Cache L2_bank_022:
MSHR contents

Cache L2_bank_023:
MSHR contents

In Dram Latency Queue (total = 0): 
DRAM[11]: 16 bks, busW=2 BL=16 CL=24, tRRD=12 tCCD=4, tRCD=24 tRAS=55 tRP=24 tRC=78
n_cmd=60989 n_nop=60989 n_act=0 n_pre=0 n_ref_event=0 n_req=0 n_rd=0 n_rd_L2_A=0 n_write=0 n_wr_bk=0 bw_util=0
n_activity=0 dram_eff=-nan
bk0: 0a 60989i bk1: 0a 60989i bk2: 0a 60989i bk3: 0a 60989i bk4: 0a 60989i bk5: 0a 60989i bk6: 0a 60989i bk7: 0a 60989i bk8: 0a 60989i bk9: 0a 60989i bk10: 0a 60989i bk11: 0a 60989i bk12: 0a 60989i bk13: 0a 60989i bk14: 0a 60989i bk15: 0a 60989i 

------------------------------------------------------------------------

Row_Buffer_Locality = -nan
Row_Buffer_Locality_read = -nan
Row_Buffer_Locality_write = -nan
Bank_Level_Parallism = -nan
Bank_Level_Parallism_Col = -nan
Bank_Level_Parallism_Ready = -nan
write_to_read_ratio_blp_rw_average = -nan
GrpLevelPara = -nan 

BW Util details:
bwutil = 0.000000 
total_CMD = 60989 
util_bw = 0 
Wasted_Col = 0 
Wasted_Row = 0 
Idle = 60989 

BW Util Bottlenecks: 
RCDc_limit = 0 
RCDWRc_limit = 0 
WTRc_limit = 0 
RTWc_limit = 0 
CCDLc_limit = 0 
rwq = 0 
CCDLc_limit_alone = 0 
WTRc_limit_alone = 0 
RTWc_limit_alone = 0 

Commands details: 
total_CMD = 60989 
n_nop = 60989 
Read = 0 
Write = 0 
L2_Alloc = 0 
L2_WB = 0 
n_act = 0 
n_pre = 0 
n_ref = 0 
n_req = 0 
total_req = 0 

Dual Bus Interface Util: 
issued_total_row = 0 
issued_total_col = 0 
Row_Bus_Util =  0.000000 
CoL_Bus_Util = 0.000000 
Either_Row_CoL_Bus_Util = 0.000000 
Issued_on_Two_Bus_Simul_Util = 0.000000 
issued_two_Eff = -nan 
queue_avg = 0.000000 


dram_util_bins: 0 0 0 0 0 0 0 0 0 0
dram_eff_bins: 0 0 0 0 0 0 0 0 0 0
mrqq: max=0 avg=0
Memory Partition 12: 
Cache L2_bank_024:
MSHR contents

Cache L2_bank_025:
MSHR contents

In Dram Latency Queue (total = 0): 
DRAM[12]: 16 bks, busW=2 BL=16 CL=24, tRRD=12 tCCD=4, tRCD=24 tRAS=55 tRP=24 tRC=78
n_cmd=60989 n_nop=60989 n_act=0 n_pre=0 n_ref_event=0 n_req=0 n_rd=0 n_rd_L2_A=0 n_write=0 n_wr_bk=0 bw_util=0
n_activity=0 dram_eff=-nan
bk0: 0a 60989i bk1: 0a 60989i bk2: 0a 60989i bk3: 0a 60989i bk4: 0a 60989i bk5: 0a 60989i bk6: 0a 60989i bk7: 0a 60989i bk8: 0a 60989i bk9: 0a 60989i bk10: 0a 60989i bk11: 0a 60989i bk12: 0a 60989i bk13: 0a 60989i bk14: 0a 60989i bk15: 0a 60989i 

------------------------------------------------------------------------

Row_Buffer_Locality = -nan
Row_Buffer_Locality_read = -nan
Row_Buffer_Locality_write = -nan
Bank_Level_Parallism = -nan
Bank_Level_Parallism_Col = -nan
Bank_Level_Parallism_Ready = -nan
write_to_read_ratio_blp_rw_average = -nan
GrpLevelPara = -nan 

BW Util details:
bwutil = 0.000000 
total_CMD = 60989 
util_bw = 0 
Wasted_Col = 0 
Wasted_Row = 0 
Idle = 60989 

BW Util Bottlenecks: 
RCDc_limit = 0 
RCDWRc_limit = 0 
WTRc_limit = 0 
RTWc_limit = 0 
CCDLc_limit = 0 
rwq = 0 
CCDLc_limit_alone = 0 
WTRc_limit_alone = 0 
RTWc_limit_alone = 0 

Commands details: 
total_CMD = 60989 
n_nop = 60989 
Read = 0 
Write = 0 
L2_Alloc = 0 
L2_WB = 0 
n_act = 0 
n_pre = 0 
n_ref = 0 
n_req = 0 
total_req = 0 

Dual Bus Interface Util: 
issued_total_row = 0 
issued_total_col = 0 
Row_Bus_Util =  0.000000 
CoL_Bus_Util = 0.000000 
Either_Row_CoL_Bus_Util = 0.000000 
Issued_on_Two_Bus_Simul_Util = 0.000000 
issued_two_Eff = -nan 
queue_avg = 0.000000 


dram_util_bins: 0 0 0 0 0 0 0 0 0 0
dram_eff_bins: 0 0 0 0 0 0 0 0 0 0
mrqq: max=0 avg=0
Memory Partition 13: 
Cache L2_bank_026:
MSHR contents

Cache L2_bank_027:
MSHR contents

In Dram Latency Queue (total = 0): 
DRAM[13]: 16 bks, busW=2 BL=16 CL=24, tRRD=12 tCCD=4, tRCD=24 tRAS=55 tRP=24 tRC=78
n_cmd=60989 n_nop=60989 n_act=0 n_pre=0 n_ref_event=0 n_req=0 n_rd=0 n_rd_L2_A=0 n_write=0 n_wr_bk=0 bw_util=0
n_activity=0 dram_eff=-nan
bk0: 0a 60989i bk1: 0a 60989i bk2: 0a 60989i bk3: 0a 60989i bk4: 0a 60989i bk5: 0a 60989i bk6: 0a 60989i bk7: 0a 60989i bk8: 0a 60989i bk9: 0a 60989i bk10: 0a 60989i bk11: 0a 60989i bk12: 0a 60989i bk13: 0a 60989i bk14: 0a 60989i bk15: 0a 60989i 

------------------------------------------------------------------------

Row_Buffer_Locality = -nan
Row_Buffer_Locality_read = -nan
Row_Buffer_Locality_write = -nan
Bank_Level_Parallism = -nan
Bank_Level_Parallism_Col = -nan
Bank_Level_Parallism_Ready = -nan
write_to_read_ratio_blp_rw_average = -nan
GrpLevelPara = -nan 

BW Util details:
bwutil = 0.000000 
total_CMD = 60989 
util_bw = 0 
Wasted_Col = 0 
Wasted_Row = 0 
Idle = 60989 

BW Util Bottlenecks: 
RCDc_limit = 0 
RCDWRc_limit = 0 
WTRc_limit = 0 
RTWc_limit = 0 
CCDLc_limit = 0 
rwq = 0 
CCDLc_limit_alone = 0 
WTRc_limit_alone = 0 
RTWc_limit_alone = 0 

Commands details: 
total_CMD = 60989 
n_nop = 60989 
Read = 0 
Write = 0 
L2_Alloc = 0 
L2_WB = 0 
n_act = 0 
n_pre = 0 
n_ref = 0 
n_req = 0 
total_req = 0 

Dual Bus Interface Util: 
issued_total_row = 0 
issued_total_col = 0 
Row_Bus_Util =  0.000000 
CoL_Bus_Util = 0.000000 
Either_Row_CoL_Bus_Util = 0.000000 
Issued_on_Two_Bus_Simul_Util = 0.000000 
issued_two_Eff = -nan 
queue_avg = 0.000000 


dram_util_bins: 0 0 0 0 0 0 0 0 0 0
dram_eff_bins: 0 0 0 0 0 0 0 0 0 0
mrqq: max=0 avg=0
Memory Partition 14: 
Cache L2_bank_028:
MSHR contents

Cache L2_bank_029:
MSHR contents

In Dram Latency Queue (total = 0): 
DRAM[14]: 16 bks, busW=2 BL=16 CL=24, tRRD=12 tCCD=4, tRCD=24 tRAS=55 tRP=24 tRC=78
n_cmd=60989 n_nop=60989 n_act=0 n_pre=0 n_ref_event=0 n_req=0 n_rd=0 n_rd_L2_A=0 n_write=0 n_wr_bk=0 bw_util=0
n_activity=0 dram_eff=-nan
bk0: 0a 60989i bk1: 0a 60989i bk2: 0a 60989i bk3: 0a 60989i bk4: 0a 60989i bk5: 0a 60989i bk6: 0a 60989i bk7: 0a 60989i bk8: 0a 60989i bk9: 0a 60989i bk10: 0a 60989i bk11: 0a 60989i bk12: 0a 60989i bk13: 0a 60989i bk14: 0a 60989i bk15: 0a 60989i 

------------------------------------------------------------------------

Row_Buffer_Locality = -nan
Row_Buffer_Locality_read = -nan
Row_Buffer_Locality_write = -nan
Bank_Level_Parallism = -nan
Bank_Level_Parallism_Col = -nan
Bank_Level_Parallism_Ready = -nan
write_to_read_ratio_blp_rw_average = -nan
GrpLevelPara = -nan 

BW Util details:
bwutil = 0.000000 
total_CMD = 60989 
util_bw = 0 
Wasted_Col = 0 
Wasted_Row = 0 
Idle = 60989 

BW Util Bottlenecks: 
RCDc_limit = 0 
RCDWRc_limit = 0 
WTRc_limit = 0 
RTWc_limit = 0 
CCDLc_limit = 0 
rwq = 0 
CCDLc_limit_alone = 0 
WTRc_limit_alone = 0 
RTWc_limit_alone = 0 

Commands details: 
total_CMD = 60989 
n_nop = 60989 
Read = 0 
Write = 0 
L2_Alloc = 0 
L2_WB = 0 
n_act = 0 
n_pre = 0 
n_ref = 0 
n_req = 0 
total_req = 0 

Dual Bus Interface Util: 
issued_total_row = 0 
issued_total_col = 0 
Row_Bus_Util =  0.000000 
CoL_Bus_Util = 0.000000 
Either_Row_CoL_Bus_Util = 0.000000 
Issued_on_Two_Bus_Simul_Util = 0.000000 
issued_two_Eff = -nan 
queue_avg = 0.000000 


dram_util_bins: 0 0 0 0 0 0 0 0 0 0
dram_eff_bins: 0 0 0 0 0 0 0 0 0 0
mrqq: max=0 avg=0
Memory Partition 15: 
Cache L2_bank_030:
MSHR contents

Cache L2_bank_031:
MSHR contents

In Dram Latency Queue (total = 0): 
DRAM[15]: 16 bks, busW=2 BL=16 CL=24, tRRD=12 tCCD=4, tRCD=24 tRAS=55 tRP=24 tRC=78
n_cmd=60989 n_nop=60989 n_act=0 n_pre=0 n_ref_event=0 n_req=0 n_rd=0 n_rd_L2_A=0 n_write=0 n_wr_bk=0 bw_util=0
n_activity=0 dram_eff=-nan
bk0: 0a 60989i bk1: 0a 60989i bk2: 0a 60989i bk3: 0a 60989i bk4: 0a 60989i bk5: 0a 60989i bk6: 0a 60989i bk7: 0a 60989i bk8: 0a 60989i bk9: 0a 60989i bk10: 0a 60989i bk11: 0a 60989i bk12: 0a 60989i bk13: 0a 60989i bk14: 0a 60989i bk15: 0a 60989i 

------------------------------------------------------------------------

Row_Buffer_Locality = -nan
Row_Buffer_Locality_read = -nan
Row_Buffer_Locality_write = -nan
Bank_Level_Parallism = -nan
Bank_Level_Parallism_Col = -nan
Bank_Level_Parallism_Ready = -nan
write_to_read_ratio_blp_rw_average = -nan
GrpLevelPara = -nan 

BW Util details:
bwutil = 0.000000 
total_CMD = 60989 
util_bw = 0 
Wasted_Col = 0 
Wasted_Row = 0 
Idle = 60989 

BW Util Bottlenecks: 
RCDc_limit = 0 
RCDWRc_limit = 0 
WTRc_limit = 0 
RTWc_limit = 0 
CCDLc_limit = 0 
rwq = 0 
CCDLc_limit_alone = 0 
WTRc_limit_alone = 0 
RTWc_limit_alone = 0 

Commands details: 
total_CMD = 60989 
n_nop = 60989 
Read = 0 
Write = 0 
L2_Alloc = 0 
L2_WB = 0 
n_act = 0 
n_pre = 0 
n_ref = 0 
n_req = 0 
total_req = 0 

Dual Bus Interface Util: 
issued_total_row = 0 
issued_total_col = 0 
Row_Bus_Util =  0.000000 
CoL_Bus_Util = 0.000000 
Either_Row_CoL_Bus_Util = 0.000000 
Issued_on_Two_Bus_Simul_Util = 0.000000 
issued_two_Eff = -nan 
queue_avg = 0.000000 


dram_util_bins: 0 0 0 0 0 0 0 0 0 0
dram_eff_bins: 0 0 0 0 0 0 0 0 0 0
mrqq: max=0 avg=0

========= L2 cache stats =========
L2_cache_bank[0]: Access = 8192, Miss = 2048, Miss_rate = 0.250, Pending_hits = 0, Reservation_fails = 0
L2_cache_bank[1]: Access = 8192, Miss = 2048, Miss_rate = 0.250, Pending_hits = 0, Reservation_fails = 0
L2_cache_bank[2]: Access = 8192, Miss = 2048, Miss_rate = 0.250, Pending_hits = 0, Reservation_fails = 0
L2_cache_bank[3]: Access = 8192, Miss = 2048, Miss_rate = 0.250, Pending_hits = 0, Reservation_fails = 0
L2_cache_bank[4]: Access = 8192, Miss = 2048, Miss_rate = 0.250, Pending_hits = 0, Reservation_fails = 0
L2_cache_bank[5]: Access = 8192, Miss = 2048, Miss_rate = 0.250, Pending_hits = 0, Reservation_fails = 0
L2_cache_bank[6]: Access = 8192, Miss = 2048, Miss_rate = 0.250, Pending_hits = 0, Reservation_fails = 0
L2_cache_bank[7]: Access = 8192, Miss = 2048, Miss_rate = 0.250, Pending_hits = 0, Reservation_fails = 0
L2_cache_bank[8]: Access = 8192, Miss = 2048, Miss_rate = 0.250, Pending_hits = 0, Reservation_fails = 0
L2_cache_bank[9]: Access = 8192, Miss = 2048, Miss_rate = 0.250, Pending_hits = 0, Reservation_fails = 0
L2_cache_bank[10]: Access = 8192, Miss = 2048, Miss_rate = 0.250, Pending_hits = 0, Reservation_fails = 0
L2_cache_bank[11]: Access = 8192, Miss = 2048, Miss_rate = 0.250, Pending_hits = 0, Reservation_fails = 0
L2_cache_bank[12]: Access = 8192, Miss = 2048, Miss_rate = 0.250, Pending_hits = 0, Reservation_fails = 0
L2_cache_bank[13]: Access = 8192, Miss = 2048, Miss_rate = 0.250, Pending_hits = 0, Reservation_fails = 0
L2_cache_bank[14]: Access = 8192, Miss = 2048, Miss_rate = 0.250, Pending_hits = 0, Reservation_fails = 0
L2_cache_bank[15]: Access = 8192, Miss = 2048, Miss_rate = 0.250, Pending_hits = 0, Reservation_fails = 0
L2_cache_bank[16]: Access = 8192, Miss = 2048, Miss_rate = 0.250, Pending_hits = 0, Reservation_fails = 0
L2_cache_bank[17]: Access = 8192, Miss = 2048, Miss_rate = 0.250, Pending_hits = 0, Reservation_fails = 0
L2_cache_bank[18]: Access = 8192, Miss = 2048, Miss_rate = 0.250, Pending_hits = 0, Reservation_fails = 0
L2_cache_bank[19]: Access = 8192, Miss = 2048, Miss_rate = 0.250, Pending_hits = 0, Reservation_fails = 0
L2_cache_bank[20]: Access = 8192, Miss = 2048, Miss_rate = 0.250, Pending_hits = 0, Reservation_fails = 0
L2_cache_bank[21]: Access = 8192, Miss = 2048, Miss_rate = 0.250, Pending_hits = 0, Reservation_fails = 0
L2_cache_bank[22]: Access = 8192, Miss = 2048, Miss_rate = 0.250, Pending_hits = 0, Reservation_fails = 0
L2_cache_bank[23]: Access = 8192, Miss = 2048, Miss_rate = 0.250, Pending_hits = 0, Reservation_fails = 0
L2_cache_bank[24]: Access = 8192, Miss = 2048, Miss_rate = 0.250, Pending_hits = 0, Reservation_fails = 0
L2_cache_bank[25]: Access = 8192, Miss = 2048, Miss_rate = 0.250, Pending_hits = 0, Reservation_fails = 0
L2_cache_bank[26]: Access = 8192, Miss = 2048, Miss_rate = 0.250, Pending_hits = 0, Reservation_fails = 0
L2_cache_bank[27]: Access = 8192, Miss = 2048, Miss_rate = 0.250, Pending_hits = 0, Reservation_fails = 0
L2_cache_bank[28]: Access = 8192, Miss = 2048, Miss_rate = 0.250, Pending_hits = 0, Reservation_fails = 0
L2_cache_bank[29]: Access = 8192, Miss = 2048, Miss_rate = 0.250, Pending_hits = 0, Reservation_fails = 0
L2_cache_bank[30]: Access = 8192, Miss = 2048, Miss_rate = 0.250, Pending_hits = 0, Reservation_fails = 0
L2_cache_bank[31]: Access = 8192, Miss = 2048, Miss_rate = 0.250, Pending_hits = 0, Reservation_fails = 0
L2_total_cache_accesses = 262144
L2_total_cache_misses = 65536
L2_total_cache_miss_rate = 0.2500
L2_total_cache_pending_hits = 0
L2_total_cache_reservation_fails = 0
L2_total_cache_breakdown:
	L2_cache_stats_breakdown[GLOBAL_ACC_R][HIT] = 65536
	L2_cache_stats_breakdown[GLOBAL_ACC_R][HIT_RESERVED] = 0
	L2_cache_stats_breakdown[GLOBAL_ACC_R][MISS] = 0
	L2_cache_stats_breakdown[GLOBAL_ACC_R][RESERVATION_FAIL] = 0
	L2_cache_stats_breakdown[GLOBAL_ACC_R][SECTOR_MISS] = 0
	L2_cache_stats_breakdown[GLOBAL_ACC_R][MSHR_HIT] = 0
	L2_cache_stats_breakdown[LOCAL_ACC_R][HIT] = 0
	L2_cache_stats_breakdown[LOCAL_ACC_R][HIT_RESERVED] = 0
	L2_cache_stats_breakdown[LOCAL_ACC_R][MISS] = 0
	L2_cache_stats_breakdown[LOCAL_ACC_R][RESERVATION_FAIL] = 0
	L2_cache_stats_breakdown[LOCAL_ACC_R][SECTOR_MISS] = 0
	L2_cache_stats_breakdown[LOCAL_ACC_R][MSHR_HIT] = 0
	L2_cache_stats_breakdown[CONST_ACC_R][HIT] = 0
	L2_cache_stats_breakdown[CONST_ACC_R][HIT_RESERVED] = 0
	L2_cache_stats_breakdown[CONST_ACC_R][MISS] = 0
	L2_cache_stats_breakdown[CONST_ACC_R][RESERVATION_FAIL] = 0
	L2_cache_stats_breakdown[CONST_ACC_R][SECTOR_MISS] = 0
	L2_cache_stats_breakdown[CONST_ACC_R][MSHR_HIT] = 0
	L2_cache_stats_breakdown[TEXTURE_ACC_R][HIT] = 0
	L2_cache_stats_breakdown[TEXTURE_ACC_R][HIT_RESERVED] = 0
	L2_cache_stats_breakdown[TEXTURE_ACC_R][MISS] = 0
	L2_cache_stats_breakdown[TEXTURE_ACC_R][RESERVATION_FAIL] = 0
	L2_cache_stats_breakdown[TEXTURE_ACC_R][SECTOR_MISS] = 0
	L2_cache_stats_breakdown[TEXTURE_ACC_R][MSHR_HIT] = 0
	L2_cache_stats_breakdown[GLOBAL_ACC_W][HIT] = 65536
	L2_cache_stats_breakdown[GLOBAL_ACC_W][HIT_RESERVED] = 0
	L2_cache_stats_breakdown[GLOBAL_ACC_W][MISS] = 0
	L2_cache_stats_breakdown[GLOBAL_ACC_W][RESERVATION_FAIL] = 0
	L2_cache_stats_breakdown[GLOBAL_ACC_W][SECTOR_MISS] = 0
	L2_cache_stats_breakdown[GLOBAL_ACC_W][MSHR_HIT] = 0
	L2_cache_stats_breakdown[LOCAL_ACC_W][HIT] = 0
	L2_cache_stats_breakdown[LOCAL_ACC_W][HIT_RESERVED] = 0
	L2_cache_stats_breakdown[LOCAL_ACC_W][MISS] = 0
	L2_cache_stats_breakdown[LOCAL_ACC_W][RESERVATION_FAIL] = 0
	L2_cache_stats_breakdown[LOCAL_ACC_W][SECTOR_MISS] = 0
	L2_cache_stats_breakdown[LOCAL_ACC_W][MSHR_HIT] = 0
	L2_cache_stats_breakdown[L1_WRBK_ACC][HIT] = 0
	L2_cache_stats_breakdown[L1_WRBK_ACC][HIT_RESERVED] = 0
	L2_cache_stats_breakdown[L1_WRBK_ACC][MISS] = 0
	L2_cache_stats_breakdown[L1_WRBK_ACC][RESERVATION_FAIL] = 0
	L2_cache_stats_breakdown[L1_WRBK_ACC][SECTOR_MISS] = 0
	L2_cache_stats_breakdown[L1_WRBK_ACC][MSHR_HIT] = 0
	L2_cache_stats_breakdown[L2_WRBK_ACC][HIT] = 0
	L2_cache_stats_breakdown[L2_WRBK_ACC][HIT_RESERVED] = 0
	L2_cache_stats_breakdown[L2_WRBK_ACC][MISS] = 0
	L2_cache_stats_breakdown[L2_WRBK_ACC][RESERVATION_FAIL] = 0
	L2_cache_stats_breakdown[L2_WRBK_ACC][SECTOR_MISS] = 0
	L2_cache_stats_breakdown[L2_WRBK_ACC][MSHR_HIT] = 0
	L2_cache_stats_breakdown[INST_ACC_R][HIT] = 0
	L2_cache_stats_breakdown[INST_ACC_R][HIT_RESERVED] = 0
	L2_cache_stats_breakdown[INST_ACC_R][MISS] = 0
	L2_cache_stats_breakdown[INST_ACC_R][RESERVATION_FAIL] = 0
	L2_cache_stats_breakdown[INST_ACC_R][SECTOR_MISS] = 0
	L2_cache_stats_breakdown[INST_ACC_R][MSHR_HIT] = 0
	L2_cache_stats_breakdown[L1_WR_ALLOC_R][HIT] = 0
	L2_cache_stats_breakdown[L1_WR_ALLOC_R][HIT_RESERVED] = 0
	L2_cache_stats_breakdown[L1_WR_ALLOC_R][MISS] = 0
	L2_cache_stats_breakdown[L1_WR_ALLOC_R][RESERVATION_FAIL] = 0
	L2_cache_stats_breakdown[L1_WR_ALLOC_R][SECTOR_MISS] = 0
	L2_cache_stats_breakdown[L1_WR_ALLOC_R][MSHR_HIT] = 0
	L2_cache_stats_breakdown[L2_WR_ALLOC_R][HIT] = 0
	L2_cache_stats_breakdown[L2_WR_ALLOC_R][HIT_RESERVED] = 0
	L2_cache_stats_breakdown[L2_WR_ALLOC_R][MISS] = 0
	L2_cache_stats_breakdown[L2_WR_ALLOC_R][RESERVATION_FAIL] = 0
	L2_cache_stats_breakdown[L2_WR_ALLOC_R][SECTOR_MISS] = 0
	L2_cache_stats_breakdown[L2_WR_ALLOC_R][MSHR_HIT] = 0
	L2_cache_stats_breakdown[GLOBAL_ACC_R][TOTAL_ACCESS] = 65536
	L2_cache_stats_breakdown[GLOBAL_ACC_W][TOTAL_ACCESS] = 65536
L2_total_cache_reservation_fail_breakdown:
L2_cache_data_port_util = 0.124
L2_cache_fill_port_util = 0.000

icnt_total_pkts_mem_to_simt=262144
icnt_total_pkts_simt_to_mem=262144
LD_mem_lat_dist  0 0 0 0 0 0 0 0 0 0 0 0 0 0 0 0 0 0 0 0 0 0 0 0 0 0 0
ST_mem_lat_dist  0 0 0 0 0 0 0 0 0 0 0 0 0 0 0 0 0 0 0 0 0 0 0 0 0 0 0
----------------------------Interconnect-DETAILS--------------------------------
Req_Network_injected_packets_num = 262144
Req_Network_cycles = 49554
Req_Network_injected_packets_per_cycle =       5.2901 
Req_Network_conflicts_per_cycle =       0.9883
Req_Network_conflicts_per_cycle_util =       1.3152
Req_Bank_Level_Parallism =       7.0395
Req_Network_in_buffer_full_per_cycle =       0.0000
Req_Network_in_buffer_avg_util =       1.1300
Req_Network_out_buffer_full_per_cycle =       0.0000
Req_Network_out_buffer_avg_util =       0.1653

Reply_Network_injected_packets_num = 262144
Reply_Network_cycles = 49554
Reply_Network_injected_packets_per_cycle =        5.2901
Reply_Network_conflicts_per_cycle =        8.4027
Reply_Network_conflicts_per_cycle_util =      11.1247
Reply_Bank_Level_Parallism =       7.0038
Reply_Network_in_buffer_full_per_cycle =       0.0000
Reply_Network_in_buffer_avg_util =       1.5525
Reply_Network_out_buffer_full_per_cycle =       0.0000
Reply_Network_out_buffer_avg_util =       0.3306
----------------------------END-of-Interconnect-DETAILS-------------------------


gpgpu_simulation_time = 0 days, 0 hrs, 0 min, 52 sec (52 sec)
gpgpu_simulation_rate = 645277 (inst/sec)
gpgpu_simulation_rate = 952 (cycle/sec)
gpgpu_silicon_slowdown = 1365546x
GPGPU-Sim: synchronize waiting for inactive GPU simulation
GPGPU-Sim API: Stream Manager State
GPGPU-Sim: detected inactive GPU simulation thread
GPGPU-Sim PTX: Setting up arguments for 8 bytes starting at 0x7ffcf854fe80..
GPGPU-Sim PTX: Setting up arguments for 8 bytes starting at 0x7ffcf854fe88..
GPGPU-Sim PTX: Setting up arguments for 4 bytes starting at 0x7ffcf854fe68..
GPGPU-Sim PTX: Setting up arguments for 4 bytes starting at 0x7ffcf854fe6c..

GPGPU-Sim PTX: cudaLaunch for 0x0x556812d3e030 (mode=performance simulation) on stream 0
GPGPU-Sim PTX: PDOM analysis already done for _Z10bsmm_stagePKfPfii 
GPGPU-Sim PTX: pushing kernel '_Z10bsmm_stagePKfPfii' to stream 0, gridDim= (4096,1,1) blockDim = (128,1,1) 
GPGPU-Sim uArch: Shader 0 bind to kernel 3 '_Z10bsmm_stagePKfPfii'
GPGPU-Sim: Reconfigure L1 cache to 128KB
GPGPU-Sim uArch: Shader 1 bind to kernel 3 '_Z10bsmm_stagePKfPfii'
GPGPU-Sim uArch: Shader 2 bind to kernel 3 '_Z10bsmm_stagePKfPfii'
GPGPU-Sim uArch: Shader 3 bind to kernel 3 '_Z10bsmm_stagePKfPfii'
GPGPU-Sim uArch: Shader 4 bind to kernel 3 '_Z10bsmm_stagePKfPfii'
GPGPU-Sim uArch: Shader 5 bind to kernel 3 '_Z10bsmm_stagePKfPfii'
GPGPU-Sim uArch: Shader 6 bind to kernel 3 '_Z10bsmm_stagePKfPfii'
GPGPU-Sim uArch: Shader 7 bind to kernel 3 '_Z10bsmm_stagePKfPfii'
GPGPU-Sim uArch: Shader 8 bind to kernel 3 '_Z10bsmm_stagePKfPfii'
GPGPU-Sim uArch: Shader 9 bind to kernel 3 '_Z10bsmm_stagePKfPfii'
GPGPU-Sim uArch: Shader 10 bind to kernel 3 '_Z10bsmm_stagePKfPfii'
GPGPU-Sim uArch: Shader 11 bind to kernel 3 '_Z10bsmm_stagePKfPfii'
GPGPU-Sim uArch: Shader 12 bind to kernel 3 '_Z10bsmm_stagePKfPfii'
GPGPU-Sim uArch: Shader 13 bind to kernel 3 '_Z10bsmm_stagePKfPfii'
GPGPU-Sim uArch: Shader 14 bind to kernel 3 '_Z10bsmm_stagePKfPfii'
GPGPU-Sim uArch: Shader 15 bind to kernel 3 '_Z10bsmm_stagePKfPfii'
Destroy streams for kernel 3: size 0
kernel_name = _Z10bsmm_stagePKfPfii 
kernel_launch_uid = 3 
kernel_stream_id = 93906327557512
gpu_sim_cycle = 24489
gpu_sim_insn = 16777216
gpu_ipc =     685.0919
gpu_tot_sim_cycle = 74043
gpu_tot_sim_insn = 50331648
gpu_tot_ipc =     679.7624
gpu_tot_issued_cta = 12288
gpu_occupancy = 94.3563% 
gpu_tot_occupancy = 94.3620% 
max_total_param_size = 0
gpu_stall_dramfull = 0
gpu_stall_icnt2sh    = 0
partiton_level_parallism =       5.3523
partiton_level_parallism_total  =       5.3106
partiton_level_parallism_util =       7.1130
partiton_level_parallism_util_total  =       7.0638
L2_BW  =     222.6549 GB/Sec
L2_BW_total  =     220.9228 GB/Sec
gpu_total_sim_rate=637109

========= Core cache stats =========
L1I_cache:
	L1I_total_cache_accesses = 0
	L1I_total_cache_misses = 0
	L1I_total_cache_pending_hits = 0
	L1I_total_cache_reservation_fails = 0
L1D_cache:
	L1D_cache_core[0]: Access = 36528, Miss = 24352, Miss_rate = 0.667, Pending_hits = 0, Reservation_fails = 14160
	L1D_cache_core[1]: Access = 36720, Miss = 24480, Miss_rate = 0.667, Pending_hits = 0, Reservation_fails = 13315
	L1D_cache_core[2]: Access = 36576, Miss = 24384, Miss_rate = 0.667, Pending_hits = 0, Reservation_fails = 13882
	L1D_cache_core[3]: Access = 35712, Miss = 23808, Miss_rate = 0.667, Pending_hits = 0, Reservation_fails = 15107
	L1D_cache_core[4]: Access = 38208, Miss = 25472, Miss_rate = 0.667, Pending_hits = 0, Reservation_fails = 11480
	L1D_cache_core[5]: Access = 34560, Miss = 23040, Miss_rate = 0.667, Pending_hits = 0, Reservation_fails = 16234
	L1D_cache_core[6]: Access = 36192, Miss = 24128, Miss_rate = 0.667, Pending_hits = 0, Reservation_fails = 13785
	L1D_cache_core[7]: Access = 36960, Miss = 24640, Miss_rate = 0.667, Pending_hits = 0, Reservation_fails = 14061
	L1D_cache_core[8]: Access = 38016, Miss = 25344, Miss_rate = 0.667, Pending_hits = 0, Reservation_fails = 13618
	L1D_cache_core[9]: Access = 35952, Miss = 23968, Miss_rate = 0.667, Pending_hits = 0, Reservation_fails = 14998
	L1D_cache_core[10]: Access = 36432, Miss = 24288, Miss_rate = 0.667, Pending_hits = 0, Reservation_fails = 14608
	L1D_cache_core[11]: Access = 38016, Miss = 25344, Miss_rate = 0.667, Pending_hits = 0, Reservation_fails = 12451
	L1D_cache_core[12]: Access = 38496, Miss = 25664, Miss_rate = 0.667, Pending_hits = 0, Reservation_fails = 11972
	L1D_cache_core[13]: Access = 35040, Miss = 23360, Miss_rate = 0.667, Pending_hits = 0, Reservation_fails = 15028
	L1D_cache_core[14]: Access = 38352, Miss = 25568, Miss_rate = 0.667, Pending_hits = 0, Reservation_fails = 11186
	L1D_cache_core[15]: Access = 38064, Miss = 25376, Miss_rate = 0.667, Pending_hits = 0, Reservation_fails = 12581
	L1D_total_cache_accesses = 589824
	L1D_total_cache_misses = 393216
	L1D_total_cache_miss_rate = 0.6667
	L1D_total_cache_pending_hits = 0
	L1D_total_cache_reservation_fails = 218466
	L1D_cache_data_port_util = 0.210
	L1D_cache_fill_port_util = 0.210
L1C_cache:
	L1C_total_cache_accesses = 0
	L1C_total_cache_misses = 0
	L1C_total_cache_pending_hits = 0
	L1C_total_cache_reservation_fails = 0
L1T_cache:
	L1T_total_cache_accesses = 0
	L1T_total_cache_misses = 0
	L1T_total_cache_pending_hits = 0
	L1T_total_cache_reservation_fails = 0

Total_core_cache_stats:
	Total_core_cache_stats_breakdown[GLOBAL_ACC_R][HIT] = 65536
	Total_core_cache_stats_breakdown[GLOBAL_ACC_R][HIT_RESERVED] = 0
	Total_core_cache_stats_breakdown[GLOBAL_ACC_R][MISS] = 16384
	Total_core_cache_stats_breakdown[GLOBAL_ACC_R][RESERVATION_FAIL] = 55870
	Total_core_cache_stats_breakdown[GLOBAL_ACC_R][SECTOR_MISS] = 49152
	Total_core_cache_stats_breakdown[GLOBAL_ACC_R][MSHR_HIT] = 0
	Total_core_cache_stats_breakdown[LOCAL_ACC_R][HIT] = 0
	Total_core_cache_stats_breakdown[LOCAL_ACC_R][HIT_RESERVED] = 0
	Total_core_cache_stats_breakdown[LOCAL_ACC_R][MISS] = 0
	Total_core_cache_stats_breakdown[LOCAL_ACC_R][RESERVATION_FAIL] = 0
	Total_core_cache_stats_breakdown[LOCAL_ACC_R][SECTOR_MISS] = 0
	Total_core_cache_stats_breakdown[LOCAL_ACC_R][MSHR_HIT] = 0
	Total_core_cache_stats_breakdown[CONST_ACC_R][HIT] = 0
	Total_core_cache_stats_breakdown[CONST_ACC_R][HIT_RESERVED] = 0
	Total_core_cache_stats_breakdown[CONST_ACC_R][MISS] = 0
	Total_core_cache_stats_breakdown[CONST_ACC_R][RESERVATION_FAIL] = 0
	Total_core_cache_stats_breakdown[CONST_ACC_R][SECTOR_MISS] = 0
	Total_core_cache_stats_breakdown[CONST_ACC_R][MSHR_HIT] = 0
	Total_core_cache_stats_breakdown[TEXTURE_ACC_R][HIT] = 0
	Total_core_cache_stats_breakdown[TEXTURE_ACC_R][HIT_RESERVED] = 0
	Total_core_cache_stats_breakdown[TEXTURE_ACC_R][MISS] = 0
	Total_core_cache_stats_breakdown[TEXTURE_ACC_R][RESERVATION_FAIL] = 0
	Total_core_cache_stats_breakdown[TEXTURE_ACC_R][SECTOR_MISS] = 0
	Total_core_cache_stats_breakdown[TEXTURE_ACC_R][MSHR_HIT] = 0
	Total_core_cache_stats_breakdown[GLOBAL_ACC_W][HIT] = 0
	Total_core_cache_stats_breakdown[GLOBAL_ACC_W][HIT_RESERVED] = 0
	Total_core_cache_stats_breakdown[GLOBAL_ACC_W][MISS] = 16384
	Total_core_cache_stats_breakdown[GLOBAL_ACC_W][RESERVATION_FAIL] = 15370
	Total_core_cache_stats_breakdown[GLOBAL_ACC_W][SECTOR_MISS] = 49152
	Total_core_cache_stats_breakdown[GLOBAL_ACC_W][MSHR_HIT] = 0
	Total_core_cache_stats_breakdown[LOCAL_ACC_W][HIT] = 0
	Total_core_cache_stats_breakdown[LOCAL_ACC_W][HIT_RESERVED] = 0
	Total_core_cache_stats_breakdown[LOCAL_ACC_W][MISS] = 0
	Total_core_cache_stats_breakdown[LOCAL_ACC_W][RESERVATION_FAIL] = 0
	Total_core_cache_stats_breakdown[LOCAL_ACC_W][SECTOR_MISS] = 0
	Total_core_cache_stats_breakdown[LOCAL_ACC_W][MSHR_HIT] = 0
	Total_core_cache_stats_breakdown[L1_WRBK_ACC][HIT] = 0
	Total_core_cache_stats_breakdown[L1_WRBK_ACC][HIT_RESERVED] = 0
	Total_core_cache_stats_breakdown[L1_WRBK_ACC][MISS] = 0
	Total_core_cache_stats_breakdown[L1_WRBK_ACC][RESERVATION_FAIL] = 0
	Total_core_cache_stats_breakdown[L1_WRBK_ACC][SECTOR_MISS] = 0
	Total_core_cache_stats_breakdown[L1_WRBK_ACC][MSHR_HIT] = 0
	Total_core_cache_stats_breakdown[L2_WRBK_ACC][HIT] = 0
	Total_core_cache_stats_breakdown[L2_WRBK_ACC][HIT_RESERVED] = 0
	Total_core_cache_stats_breakdown[L2_WRBK_ACC][MISS] = 0
	Total_core_cache_stats_breakdown[L2_WRBK_ACC][RESERVATION_FAIL] = 0
	Total_core_cache_stats_breakdown[L2_WRBK_ACC][SECTOR_MISS] = 0
	Total_core_cache_stats_breakdown[L2_WRBK_ACC][MSHR_HIT] = 0
	Total_core_cache_stats_breakdown[INST_ACC_R][HIT] = 0
	Total_core_cache_stats_breakdown[INST_ACC_R][HIT_RESERVED] = 0
	Total_core_cache_stats_breakdown[INST_ACC_R][MISS] = 0
	Total_core_cache_stats_breakdown[INST_ACC_R][RESERVATION_FAIL] = 0
	Total_core_cache_stats_breakdown[INST_ACC_R][SECTOR_MISS] = 0
	Total_core_cache_stats_breakdown[INST_ACC_R][MSHR_HIT] = 0
	Total_core_cache_stats_breakdown[L1_WR_ALLOC_R][HIT] = 0
	Total_core_cache_stats_breakdown[L1_WR_ALLOC_R][HIT_RESERVED] = 0
	Total_core_cache_stats_breakdown[L1_WR_ALLOC_R][MISS] = 0
	Total_core_cache_stats_breakdown[L1_WR_ALLOC_R][RESERVATION_FAIL] = 0
	Total_core_cache_stats_breakdown[L1_WR_ALLOC_R][SECTOR_MISS] = 0
	Total_core_cache_stats_breakdown[L1_WR_ALLOC_R][MSHR_HIT] = 0
	Total_core_cache_stats_breakdown[L2_WR_ALLOC_R][HIT] = 0
	Total_core_cache_stats_breakdown[L2_WR_ALLOC_R][HIT_RESERVED] = 0
	Total_core_cache_stats_breakdown[L2_WR_ALLOC_R][MISS] = 0
	Total_core_cache_stats_breakdown[L2_WR_ALLOC_R][RESERVATION_FAIL] = 0
	Total_core_cache_stats_breakdown[L2_WR_ALLOC_R][SECTOR_MISS] = 0
	Total_core_cache_stats_breakdown[L2_WR_ALLOC_R][MSHR_HIT] = 0
	Total_core_cache_stats_breakdown[GLOBAL_ACC_R][TOTAL_ACCESS] = 131072
	Total_core_cache_stats_breakdown[GLOBAL_ACC_W][TOTAL_ACCESS] = 65536

Total_core_cache_fail_stats:
	Total_core_cache_fail_stats_breakdown[GLOBAL_ACC_R][MISS_QUEUE_FULL] = 55870
	Total_core_cache_fail_stats_breakdown[GLOBAL_ACC_W][MISS_QUEUE_FULL] = 15370
ctas_completed 12288, Shader 0 warp_id issue ditsribution:
warp_id:
0, 1, 2, 3, 4, 5, 6, 7, 8, 9, 10, 11, 12, 13, 14, 15, 16, 17, 18, 19, 20, 21, 22, 23, 24, 25, 26, 27, 28, 29, 30, 31, 32, 33, 34, 35, 36, 37, 38, 39, 40, 41, 42, 43, 44, 45, 46, 47, 
distro:
2178, 2178, 2178, 2178, 2145, 2145, 2145, 2145, 2112, 2112, 2112, 2112, 2112, 2112, 2112, 2112, 2112, 2112, 2112, 2112, 2046, 2046, 2046, 2046, 2046, 2046, 2046, 2046, 2046, 2046, 2046, 2046, 2112, 2112, 2112, 2112, 2046, 2046, 2046, 2046, 2079, 2079, 2079, 2079, 2079, 2079, 2079, 2079, 
gpgpu_n_tot_thrd_icount = 51904512
gpgpu_n_tot_w_icount = 1622016
gpgpu_n_stall_shd_mem = 2585
gpgpu_n_mem_read_local = 0
gpgpu_n_mem_write_local = 0
gpgpu_n_mem_read_global = 196608
gpgpu_n_mem_write_global = 196608
gpgpu_n_mem_texture = 0
gpgpu_n_mem_const = 0
gpgpu_n_load_insn  = 3145728
gpgpu_n_store_insn = 1572864
gpgpu_n_shmem_insn = 0
gpgpu_n_sstarr_insn = 0
gpgpu_n_tex_insn = 0
gpgpu_n_const_mem_insn = 0
gpgpu_n_param_mem_insn = 6291456
gpgpu_n_shmem_bkconflict = 0
gpgpu_n_l1cache_bkconflict = 2585
gpgpu_n_intrawarp_mshr_merge = 0
gpgpu_n_cmem_portconflict = 0
gpgpu_stall_shd_mem[c_mem][resource_stall] = 0
gpgpu_stall_shd_mem[s_mem][bk_conf] = 0
gpgpu_stall_shd_mem[gl_mem][resource_stall] = 2585
gpgpu_stall_shd_mem[gl_mem][coal_stall] = 0
gpgpu_stall_shd_mem[gl_mem][data_port_stall] = 0
gpu_reg_bank_conflict_stalls = 0
Warp Occupancy Distribution:
Stall:500273	W0_Idle:62997	W0_Scoreboard:1558078	W1:0	W2:0	W3:0	W4:0	W5:0	W6:0	W7:0	W8:0	W9:0	W10:0	W11:0	W12:0	W13:0	W14:0	W15:0	W16:0	W17:0	W18:0	W19:0	W20:0	W21:0	W22:0	W23:0	W24:0	W25:0	W26:0	W27:0	W28:0	W29:0	W30:0	W31:0	W32:1622016
single_issue_nums: WS0:405504	WS1:405504	WS2:405504	WS3:405504	
dual_issue_nums: WS0:0	WS1:0	WS2:0	WS3:0	
traffic_breakdown_coretomem[GLOBAL_ACC_R] = 1572864 {8:196608,}
traffic_breakdown_coretomem[GLOBAL_ACC_W] = 7864320 {40:196608,}
traffic_breakdown_memtocore[GLOBAL_ACC_R] = 7864320 {40:196608,}
traffic_breakdown_memtocore[GLOBAL_ACC_W] = 1572864 {8:196608,}
maxmflatency = 503 
max_icnt2mem_latency = 223 
maxmrqlatency = 0 
max_icnt2sh_latency = 171 
averagemflatency = 262 
avg_icnt2mem_latency = 62 
avg_icnt2sh_latency = 11 
mrq_lat_table:0 	0 	0 	0 	0 	0 	0 	0 	0 	0 	0 	0 	0 	0 	0 	0 	0 	0 	0 	0 	0 	0 	0 	0 	0 	0 	0 	0 	0 	0 	0 	0 	
dq_lat_table:0 	0 	0 	0 	0 	0 	0 	0 	0 	0 	0 	0 	0 	0 	0 	0 	0 	0 	0 	0 	0 	0 	0 	0 	0 	0 	0 	0 	0 	0 	0 	0 	
mf_lat_table:0 	0 	0 	0 	0 	0 	0 	217806 	175410 	0 	0 	0 	0 	0 	0 	0 	0 	0 	0 	0 	0 	0 	0 	0 	0 	0 	0 	0 	0 	0 	0 	0 	
icnt2mem_lat_table:0 	0 	0 	0 	0 	284819 	92896 	15501 	0 	0 	0 	0 	0 	0 	0 	0 	0 	0 	0 	0 	0 	0 	0 	0 	
icnt2sh_lat_table:0 	130259 	82646 	84066 	63764 	28632 	3733 	116 	0 	0 	0 	0 	0 	0 	0 	0 	0 	0 	0 	0 	0 	0 	0 	0 	
mf_lat_pw_table:0 	0 	0 	0 	0 	0 	0 	30 	85 	0 	0 	0 	0 	0 	0 	0 	0 	0 	0 	0 	0 	0 	0 	0 	0 	0 	0 	0 	0 	0 	0 	0 	
maximum concurrent accesses to same row:
dram[0]:         0         0         0         0         0         0         0         0         0         0         0         0         0         0         0         0 
dram[1]:         0         0         0         0         0         0         0         0         0         0         0         0         0         0         0         0 
dram[2]:         0         0         0         0         0         0         0         0         0         0         0         0         0         0         0         0 
dram[3]:         0         0         0         0         0         0         0         0         0         0         0         0         0         0         0         0 
dram[4]:         0         0         0         0         0         0         0         0         0         0         0         0         0         0         0         0 
dram[5]:         0         0         0         0         0         0         0         0         0         0         0         0         0         0         0         0 
dram[6]:         0         0         0         0         0         0         0         0         0         0         0         0         0         0         0         0 
dram[7]:         0         0         0         0         0         0         0         0         0         0         0         0         0         0         0         0 
dram[8]:         0         0         0         0         0         0         0         0         0         0         0         0         0         0         0         0 
dram[9]:         0         0         0         0         0         0         0         0         0         0         0         0         0         0         0         0 
dram[10]:         0         0         0         0         0         0         0         0         0         0         0         0         0         0         0         0 
dram[11]:         0         0         0         0         0         0         0         0         0         0         0         0         0         0         0         0 
dram[12]:         0         0         0         0         0         0         0         0         0         0         0         0         0         0         0         0 
dram[13]:         0         0         0         0         0         0         0         0         0         0         0         0         0         0         0         0 
dram[14]:         0         0         0         0         0         0         0         0         0         0         0         0         0         0         0         0 
dram[15]:         0         0         0         0         0         0         0         0         0         0         0         0         0         0         0         0 
maximum service time to same row:
dram[0]:         0         0         0         0         0         0         0         0         0         0         0         0         0         0         0         0 
dram[1]:         0         0         0         0         0         0         0         0         0         0         0         0         0         0         0         0 
dram[2]:         0         0         0         0         0         0         0         0         0         0         0         0         0         0         0         0 
dram[3]:         0         0         0         0         0         0         0         0         0         0         0         0         0         0         0         0 
dram[4]:         0         0         0         0         0         0         0         0         0         0         0         0         0         0         0         0 
dram[5]:         0         0         0         0         0         0         0         0         0         0         0         0         0         0         0         0 
dram[6]:         0         0         0         0         0         0         0         0         0         0         0         0         0         0         0         0 
dram[7]:         0         0         0         0         0         0         0         0         0         0         0         0         0         0         0         0 
dram[8]:         0         0         0         0         0         0         0         0         0         0         0         0         0         0         0         0 
dram[9]:         0         0         0         0         0         0         0         0         0         0         0         0         0         0         0         0 
dram[10]:         0         0         0         0         0         0         0         0         0         0         0         0         0         0         0         0 
dram[11]:         0         0         0         0         0         0         0         0         0         0         0         0         0         0         0         0 
dram[12]:         0         0         0         0         0         0         0         0         0         0         0         0         0         0         0         0 
dram[13]:         0         0         0         0         0         0         0         0         0         0         0         0         0         0         0         0 
dram[14]:         0         0         0         0         0         0         0         0         0         0         0         0         0         0         0         0 
dram[15]:         0         0         0         0         0         0         0         0         0         0         0         0         0         0         0         0 
average row accesses per activate:
dram[0]:      -nan      -nan      -nan      -nan      -nan      -nan      -nan      -nan      -nan      -nan      -nan      -nan      -nan      -nan      -nan      -nan 
dram[1]:      -nan      -nan      -nan      -nan      -nan      -nan      -nan      -nan      -nan      -nan      -nan      -nan      -nan      -nan      -nan      -nan 
dram[2]:      -nan      -nan      -nan      -nan      -nan      -nan      -nan      -nan      -nan      -nan      -nan      -nan      -nan      -nan      -nan      -nan 
dram[3]:      -nan      -nan      -nan      -nan      -nan      -nan      -nan      -nan      -nan      -nan      -nan      -nan      -nan      -nan      -nan      -nan 
dram[4]:      -nan      -nan      -nan      -nan      -nan      -nan      -nan      -nan      -nan      -nan      -nan      -nan      -nan      -nan      -nan      -nan 
dram[5]:      -nan      -nan      -nan      -nan      -nan      -nan      -nan      -nan      -nan      -nan      -nan      -nan      -nan      -nan      -nan      -nan 
dram[6]:      -nan      -nan      -nan      -nan      -nan      -nan      -nan      -nan      -nan      -nan      -nan      -nan      -nan      -nan      -nan      -nan 
dram[7]:      -nan      -nan      -nan      -nan      -nan      -nan      -nan      -nan      -nan      -nan      -nan      -nan      -nan      -nan      -nan      -nan 
dram[8]:      -nan      -nan      -nan      -nan      -nan      -nan      -nan      -nan      -nan      -nan      -nan      -nan      -nan      -nan      -nan      -nan 
dram[9]:      -nan      -nan      -nan      -nan      -nan      -nan      -nan      -nan      -nan      -nan      -nan      -nan      -nan      -nan      -nan      -nan 
dram[10]:      -nan      -nan      -nan      -nan      -nan      -nan      -nan      -nan      -nan      -nan      -nan      -nan      -nan      -nan      -nan      -nan 
dram[11]:      -nan      -nan      -nan      -nan      -nan      -nan      -nan      -nan      -nan      -nan      -nan      -nan      -nan      -nan      -nan      -nan 
dram[12]:      -nan      -nan      -nan      -nan      -nan      -nan      -nan      -nan      -nan      -nan      -nan      -nan      -nan      -nan      -nan      -nan 
dram[13]:      -nan      -nan      -nan      -nan      -nan      -nan      -nan      -nan      -nan      -nan      -nan      -nan      -nan      -nan      -nan      -nan 
dram[14]:      -nan      -nan      -nan      -nan      -nan      -nan      -nan      -nan      -nan      -nan      -nan      -nan      -nan      -nan      -nan      -nan 
dram[15]:      -nan      -nan      -nan      -nan      -nan      -nan      -nan      -nan      -nan      -nan      -nan      -nan      -nan      -nan      -nan      -nan 
average row locality = 0/0 = -nan
number of total memory accesses made:
dram[0]:         0         0         0         0         0         0         0         0         0         0         0         0         0         0         0         0 
dram[1]:         0         0         0         0         0         0         0         0         0         0         0         0         0         0         0         0 
dram[2]:         0         0         0         0         0         0         0         0         0         0         0         0         0         0         0         0 
dram[3]:         0         0         0         0         0         0         0         0         0         0         0         0         0         0         0         0 
dram[4]:         0         0         0         0         0         0         0         0         0         0         0         0         0         0         0         0 
dram[5]:         0         0         0         0         0         0         0         0         0         0         0         0         0         0         0         0 
dram[6]:         0         0         0         0         0         0         0         0         0         0         0         0         0         0         0         0 
dram[7]:         0         0         0         0         0         0         0         0         0         0         0         0         0         0         0         0 
dram[8]:         0         0         0         0         0         0         0         0         0         0         0         0         0         0         0         0 
dram[9]:         0         0         0         0         0         0         0         0         0         0         0         0         0         0         0         0 
dram[10]:         0         0         0         0         0         0         0         0         0         0         0         0         0         0         0         0 
dram[11]:         0         0         0         0         0         0         0         0         0         0         0         0         0         0         0         0 
dram[12]:         0         0         0         0         0         0         0         0         0         0         0         0         0         0         0         0 
dram[13]:         0         0         0         0         0         0         0         0         0         0         0         0         0         0         0         0 
dram[14]:         0         0         0         0         0         0         0         0         0         0         0         0         0         0         0         0 
dram[15]:         0         0         0         0         0         0         0         0         0         0         0         0         0         0         0         0 
total accesses: 0
min_bank_accesses = 0!
min_chip_accesses = 0!
number of total read accesses:
dram[0]:         0         0         0         0         0         0         0         0         0         0         0         0         0         0         0         0 
dram[1]:         0         0         0         0         0         0         0         0         0         0         0         0         0         0         0         0 
dram[2]:         0         0         0         0         0         0         0         0         0         0         0         0         0         0         0         0 
dram[3]:         0         0         0         0         0         0         0         0         0         0         0         0         0         0         0         0 
dram[4]:         0         0         0         0         0         0         0         0         0         0         0         0         0         0         0         0 
dram[5]:         0         0         0         0         0         0         0         0         0         0         0         0         0         0         0         0 
dram[6]:         0         0         0         0         0         0         0         0         0         0         0         0         0         0         0         0 
dram[7]:         0         0         0         0         0         0         0         0         0         0         0         0         0         0         0         0 
dram[8]:         0         0         0         0         0         0         0         0         0         0         0         0         0         0         0         0 
dram[9]:         0         0         0         0         0         0         0         0         0         0         0         0         0         0         0         0 
dram[10]:         0         0         0         0         0         0         0         0         0         0         0         0         0         0         0         0 
dram[11]:         0         0         0         0         0         0         0         0         0         0         0         0         0         0         0         0 
dram[12]:         0         0         0         0         0         0         0         0         0         0         0         0         0         0         0         0 
dram[13]:         0         0         0         0         0         0         0         0         0         0         0         0         0         0         0         0 
dram[14]:         0         0         0         0         0         0         0         0         0         0         0         0         0         0         0         0 
dram[15]:         0         0         0         0         0         0         0         0         0         0         0         0         0         0         0         0 
total dram reads = 0
min_bank_accesses = 0!
min_chip_accesses = 0!
number of total write accesses:
dram[0]:         0         0         0         0         0         0         0         0         0         0         0         0         0         0         0         0 
dram[1]:         0         0         0         0         0         0         0         0         0         0         0         0         0         0         0         0 
dram[2]:         0         0         0         0         0         0         0         0         0         0         0         0         0         0         0         0 
dram[3]:         0         0         0         0         0         0         0         0         0         0         0         0         0         0         0         0 
dram[4]:         0         0         0         0         0         0         0         0         0         0         0         0         0         0         0         0 
dram[5]:         0         0         0         0         0         0         0         0         0         0         0         0         0         0         0         0 
dram[6]:         0         0         0         0         0         0         0         0         0         0         0         0         0         0         0         0 
dram[7]:         0         0         0         0         0         0         0         0         0         0         0         0         0         0         0         0 
dram[8]:         0         0         0         0         0         0         0         0         0         0         0         0         0         0         0         0 
dram[9]:         0         0         0         0         0         0         0         0         0         0         0         0         0         0         0         0 
dram[10]:         0         0         0         0         0         0         0         0         0         0         0         0         0         0         0         0 
dram[11]:         0         0         0         0         0         0         0         0         0         0         0         0         0         0         0         0 
dram[12]:         0         0         0         0         0         0         0         0         0         0         0         0         0         0         0         0 
dram[13]:         0         0         0         0         0         0         0         0         0         0         0         0         0         0         0         0 
dram[14]:         0         0         0         0         0         0         0         0         0         0         0         0         0         0         0         0 
dram[15]:         0         0         0         0         0         0         0         0         0         0         0         0         0         0         0         0 
total dram writes = 0
min_bank_accesses = 0!
min_chip_accesses = 0!
average mf latency per bank:
dram[0]:     none      none      none      none      none      none      none      none      none      none      none      none      none      none      none      none  
dram[1]:     none      none      none      none      none      none      none      none      none      none      none      none      none      none      none      none  
dram[2]:     none      none      none      none      none      none      none      none      none      none      none      none      none      none      none      none  
dram[3]:     none      none      none      none      none      none      none      none      none      none      none      none      none      none      none      none  
dram[4]:     none      none      none      none      none      none      none      none      none      none      none      none      none      none      none      none  
dram[5]:     none      none      none      none      none      none      none      none      none      none      none      none      none      none      none      none  
dram[6]:     none      none      none      none      none      none      none      none      none      none      none      none      none      none      none      none  
dram[7]:     none      none      none      none      none      none      none      none      none      none      none      none      none      none      none      none  
dram[8]:     none      none      none      none      none      none      none      none      none      none      none      none      none      none      none      none  
dram[9]:     none      none      none      none      none      none      none      none      none      none      none      none      none      none      none      none  
dram[10]:     none      none      none      none      none      none      none      none      none      none      none      none      none      none      none      none  
dram[11]:     none      none      none      none      none      none      none      none      none      none      none      none      none      none      none      none  
dram[12]:     none      none      none      none      none      none      none      none      none      none      none      none      none      none      none      none  
dram[13]:     none      none      none      none      none      none      none      none      none      none      none      none      none      none      none      none  
dram[14]:     none      none      none      none      none      none      none      none      none      none      none      none      none      none      none      none  
dram[15]:     none      none      none      none      none      none      none      none      none      none      none      none      none      none      none      none  
maximum mf latency per bank:
dram[0]:        458       443       454       446       421       401       406       391       394       423       413       413       414       389       403       378
dram[1]:        458       458       459       466       410       394       404       401       447       398       393       384       396       398       396       393
dram[2]:        457       441       446       444       427       427       418       414       411       418       385       394       380       389       415       417
dram[3]:        472       467       453       455       437       423       413       397       400       414       387       395       395       394       374       383
dram[4]:        449       439       434       430       415       390       419       416       431       406       451       415       404       404       382       383
dram[5]:        455       454       448       448       426       412       387       394       437       437       405       411       405       390       403       403
dram[6]:        462       459       454       452       409       410       400       412       410       416       387       394       391       373       416       429
dram[7]:        443       458       445       448       407       406       394       410       403       409       389       403       385       401       407       424
dram[8]:        446       462       439       453       476       503       420       416       408       422       413       384       367       368       386       413
dram[9]:        453       449       451       454       403       393       368       377       410       420       391       423       368       386       386       395
dram[10]:        434       444       437       438       421       432       412       379       431       412       388       398       366       369       371       382
dram[11]:        432       458       435       432       404       438       390       393       411       417       407       412       375       393       395       392
dram[12]:        456       447       456       448       418       406       411       423       402       387       387       387       403       384       369       388
dram[13]:        461       456       445       450       414       407       383       390       405       384       381       376       375       384       372       370
dram[14]:        463       457       454       452       422       419       410       401       405       411       391       426       393       386       396       404
dram[15]:        460       457       445       454       453       442       402       409       403       409       401       397       398       389       392       398
Memory Partition 0: 
Cache L2_bank_000:
MSHR contents

Cache L2_bank_001:
MSHR contents

In Dram Latency Queue (total = 0): 
DRAM[0]: 16 bks, busW=2 BL=16 CL=24, tRRD=12 tCCD=4, tRCD=24 tRAS=55 tRP=24 tRC=78
n_cmd=91129 n_nop=91129 n_act=0 n_pre=0 n_ref_event=0 n_req=0 n_rd=0 n_rd_L2_A=0 n_write=0 n_wr_bk=0 bw_util=0
n_activity=0 dram_eff=-nan
bk0: 0a 91129i bk1: 0a 91129i bk2: 0a 91129i bk3: 0a 91129i bk4: 0a 91129i bk5: 0a 91129i bk6: 0a 91129i bk7: 0a 91129i bk8: 0a 91129i bk9: 0a 91129i bk10: 0a 91129i bk11: 0a 91129i bk12: 0a 91129i bk13: 0a 91129i bk14: 0a 91129i bk15: 0a 91129i 

------------------------------------------------------------------------

Row_Buffer_Locality = -nan
Row_Buffer_Locality_read = -nan
Row_Buffer_Locality_write = -nan
Bank_Level_Parallism = -nan
Bank_Level_Parallism_Col = -nan
Bank_Level_Parallism_Ready = -nan
write_to_read_ratio_blp_rw_average = -nan
GrpLevelPara = -nan 

BW Util details:
bwutil = 0.000000 
total_CMD = 91129 
util_bw = 0 
Wasted_Col = 0 
Wasted_Row = 0 
Idle = 91129 

BW Util Bottlenecks: 
RCDc_limit = 0 
RCDWRc_limit = 0 
WTRc_limit = 0 
RTWc_limit = 0 
CCDLc_limit = 0 
rwq = 0 
CCDLc_limit_alone = 0 
WTRc_limit_alone = 0 
RTWc_limit_alone = 0 

Commands details: 
total_CMD = 91129 
n_nop = 91129 
Read = 0 
Write = 0 
L2_Alloc = 0 
L2_WB = 0 
n_act = 0 
n_pre = 0 
n_ref = 0 
n_req = 0 
total_req = 0 

Dual Bus Interface Util: 
issued_total_row = 0 
issued_total_col = 0 
Row_Bus_Util =  0.000000 
CoL_Bus_Util = 0.000000 
Either_Row_CoL_Bus_Util = 0.000000 
Issued_on_Two_Bus_Simul_Util = 0.000000 
issued_two_Eff = -nan 
queue_avg = 0.000000 


dram_util_bins: 0 0 0 0 0 0 0 0 0 0
dram_eff_bins: 0 0 0 0 0 0 0 0 0 0
mrqq: max=0 avg=0
Memory Partition 1: 
Cache L2_bank_002:
MSHR contents

Cache L2_bank_003:
MSHR contents

In Dram Latency Queue (total = 0): 
DRAM[1]: 16 bks, busW=2 BL=16 CL=24, tRRD=12 tCCD=4, tRCD=24 tRAS=55 tRP=24 tRC=78
n_cmd=91129 n_nop=91129 n_act=0 n_pre=0 n_ref_event=0 n_req=0 n_rd=0 n_rd_L2_A=0 n_write=0 n_wr_bk=0 bw_util=0
n_activity=0 dram_eff=-nan
bk0: 0a 91129i bk1: 0a 91129i bk2: 0a 91129i bk3: 0a 91129i bk4: 0a 91129i bk5: 0a 91129i bk6: 0a 91129i bk7: 0a 91129i bk8: 0a 91129i bk9: 0a 91129i bk10: 0a 91129i bk11: 0a 91129i bk12: 0a 91129i bk13: 0a 91129i bk14: 0a 91129i bk15: 0a 91129i 

------------------------------------------------------------------------

Row_Buffer_Locality = -nan
Row_Buffer_Locality_read = -nan
Row_Buffer_Locality_write = -nan
Bank_Level_Parallism = -nan
Bank_Level_Parallism_Col = -nan
Bank_Level_Parallism_Ready = -nan
write_to_read_ratio_blp_rw_average = -nan
GrpLevelPara = -nan 

BW Util details:
bwutil = 0.000000 
total_CMD = 91129 
util_bw = 0 
Wasted_Col = 0 
Wasted_Row = 0 
Idle = 91129 

BW Util Bottlenecks: 
RCDc_limit = 0 
RCDWRc_limit = 0 
WTRc_limit = 0 
RTWc_limit = 0 
CCDLc_limit = 0 
rwq = 0 
CCDLc_limit_alone = 0 
WTRc_limit_alone = 0 
RTWc_limit_alone = 0 

Commands details: 
total_CMD = 91129 
n_nop = 91129 
Read = 0 
Write = 0 
L2_Alloc = 0 
L2_WB = 0 
n_act = 0 
n_pre = 0 
n_ref = 0 
n_req = 0 
total_req = 0 

Dual Bus Interface Util: 
issued_total_row = 0 
issued_total_col = 0 
Row_Bus_Util =  0.000000 
CoL_Bus_Util = 0.000000 
Either_Row_CoL_Bus_Util = 0.000000 
Issued_on_Two_Bus_Simul_Util = 0.000000 
issued_two_Eff = -nan 
queue_avg = 0.000000 


dram_util_bins: 0 0 0 0 0 0 0 0 0 0
dram_eff_bins: 0 0 0 0 0 0 0 0 0 0
mrqq: max=0 avg=0
Memory Partition 2: 
Cache L2_bank_004:
MSHR contents

Cache L2_bank_005:
MSHR contents

In Dram Latency Queue (total = 0): 
DRAM[2]: 16 bks, busW=2 BL=16 CL=24, tRRD=12 tCCD=4, tRCD=24 tRAS=55 tRP=24 tRC=78
n_cmd=91129 n_nop=91129 n_act=0 n_pre=0 n_ref_event=0 n_req=0 n_rd=0 n_rd_L2_A=0 n_write=0 n_wr_bk=0 bw_util=0
n_activity=0 dram_eff=-nan
bk0: 0a 91129i bk1: 0a 91129i bk2: 0a 91129i bk3: 0a 91129i bk4: 0a 91129i bk5: 0a 91129i bk6: 0a 91129i bk7: 0a 91129i bk8: 0a 91129i bk9: 0a 91129i bk10: 0a 91129i bk11: 0a 91129i bk12: 0a 91129i bk13: 0a 91129i bk14: 0a 91129i bk15: 0a 91129i 

------------------------------------------------------------------------

Row_Buffer_Locality = -nan
Row_Buffer_Locality_read = -nan
Row_Buffer_Locality_write = -nan
Bank_Level_Parallism = -nan
Bank_Level_Parallism_Col = -nan
Bank_Level_Parallism_Ready = -nan
write_to_read_ratio_blp_rw_average = -nan
GrpLevelPara = -nan 

BW Util details:
bwutil = 0.000000 
total_CMD = 91129 
util_bw = 0 
Wasted_Col = 0 
Wasted_Row = 0 
Idle = 91129 

BW Util Bottlenecks: 
RCDc_limit = 0 
RCDWRc_limit = 0 
WTRc_limit = 0 
RTWc_limit = 0 
CCDLc_limit = 0 
rwq = 0 
CCDLc_limit_alone = 0 
WTRc_limit_alone = 0 
RTWc_limit_alone = 0 

Commands details: 
total_CMD = 91129 
n_nop = 91129 
Read = 0 
Write = 0 
L2_Alloc = 0 
L2_WB = 0 
n_act = 0 
n_pre = 0 
n_ref = 0 
n_req = 0 
total_req = 0 

Dual Bus Interface Util: 
issued_total_row = 0 
issued_total_col = 0 
Row_Bus_Util =  0.000000 
CoL_Bus_Util = 0.000000 
Either_Row_CoL_Bus_Util = 0.000000 
Issued_on_Two_Bus_Simul_Util = 0.000000 
issued_two_Eff = -nan 
queue_avg = 0.000000 


dram_util_bins: 0 0 0 0 0 0 0 0 0 0
dram_eff_bins: 0 0 0 0 0 0 0 0 0 0
mrqq: max=0 avg=0
Memory Partition 3: 
Cache L2_bank_006:
MSHR contents

Cache L2_bank_007:
MSHR contents

In Dram Latency Queue (total = 0): 
DRAM[3]: 16 bks, busW=2 BL=16 CL=24, tRRD=12 tCCD=4, tRCD=24 tRAS=55 tRP=24 tRC=78
n_cmd=91129 n_nop=91129 n_act=0 n_pre=0 n_ref_event=0 n_req=0 n_rd=0 n_rd_L2_A=0 n_write=0 n_wr_bk=0 bw_util=0
n_activity=0 dram_eff=-nan
bk0: 0a 91129i bk1: 0a 91129i bk2: 0a 91129i bk3: 0a 91129i bk4: 0a 91129i bk5: 0a 91129i bk6: 0a 91129i bk7: 0a 91129i bk8: 0a 91129i bk9: 0a 91129i bk10: 0a 91129i bk11: 0a 91129i bk12: 0a 91129i bk13: 0a 91129i bk14: 0a 91129i bk15: 0a 91129i 

------------------------------------------------------------------------

Row_Buffer_Locality = -nan
Row_Buffer_Locality_read = -nan
Row_Buffer_Locality_write = -nan
Bank_Level_Parallism = -nan
Bank_Level_Parallism_Col = -nan
Bank_Level_Parallism_Ready = -nan
write_to_read_ratio_blp_rw_average = -nan
GrpLevelPara = -nan 

BW Util details:
bwutil = 0.000000 
total_CMD = 91129 
util_bw = 0 
Wasted_Col = 0 
Wasted_Row = 0 
Idle = 91129 

BW Util Bottlenecks: 
RCDc_limit = 0 
RCDWRc_limit = 0 
WTRc_limit = 0 
RTWc_limit = 0 
CCDLc_limit = 0 
rwq = 0 
CCDLc_limit_alone = 0 
WTRc_limit_alone = 0 
RTWc_limit_alone = 0 

Commands details: 
total_CMD = 91129 
n_nop = 91129 
Read = 0 
Write = 0 
L2_Alloc = 0 
L2_WB = 0 
n_act = 0 
n_pre = 0 
n_ref = 0 
n_req = 0 
total_req = 0 

Dual Bus Interface Util: 
issued_total_row = 0 
issued_total_col = 0 
Row_Bus_Util =  0.000000 
CoL_Bus_Util = 0.000000 
Either_Row_CoL_Bus_Util = 0.000000 
Issued_on_Two_Bus_Simul_Util = 0.000000 
issued_two_Eff = -nan 
queue_avg = 0.000000 


dram_util_bins: 0 0 0 0 0 0 0 0 0 0
dram_eff_bins: 0 0 0 0 0 0 0 0 0 0
mrqq: max=0 avg=0
Memory Partition 4: 
Cache L2_bank_008:
MSHR contents

Cache L2_bank_009:
MSHR contents

In Dram Latency Queue (total = 0): 
DRAM[4]: 16 bks, busW=2 BL=16 CL=24, tRRD=12 tCCD=4, tRCD=24 tRAS=55 tRP=24 tRC=78
n_cmd=91129 n_nop=91129 n_act=0 n_pre=0 n_ref_event=0 n_req=0 n_rd=0 n_rd_L2_A=0 n_write=0 n_wr_bk=0 bw_util=0
n_activity=0 dram_eff=-nan
bk0: 0a 91129i bk1: 0a 91129i bk2: 0a 91129i bk3: 0a 91129i bk4: 0a 91129i bk5: 0a 91129i bk6: 0a 91129i bk7: 0a 91129i bk8: 0a 91129i bk9: 0a 91129i bk10: 0a 91129i bk11: 0a 91129i bk12: 0a 91129i bk13: 0a 91129i bk14: 0a 91129i bk15: 0a 91129i 

------------------------------------------------------------------------

Row_Buffer_Locality = -nan
Row_Buffer_Locality_read = -nan
Row_Buffer_Locality_write = -nan
Bank_Level_Parallism = -nan
Bank_Level_Parallism_Col = -nan
Bank_Level_Parallism_Ready = -nan
write_to_read_ratio_blp_rw_average = -nan
GrpLevelPara = -nan 

BW Util details:
bwutil = 0.000000 
total_CMD = 91129 
util_bw = 0 
Wasted_Col = 0 
Wasted_Row = 0 
Idle = 91129 

BW Util Bottlenecks: 
RCDc_limit = 0 
RCDWRc_limit = 0 
WTRc_limit = 0 
RTWc_limit = 0 
CCDLc_limit = 0 
rwq = 0 
CCDLc_limit_alone = 0 
WTRc_limit_alone = 0 
RTWc_limit_alone = 0 

Commands details: 
total_CMD = 91129 
n_nop = 91129 
Read = 0 
Write = 0 
L2_Alloc = 0 
L2_WB = 0 
n_act = 0 
n_pre = 0 
n_ref = 0 
n_req = 0 
total_req = 0 

Dual Bus Interface Util: 
issued_total_row = 0 
issued_total_col = 0 
Row_Bus_Util =  0.000000 
CoL_Bus_Util = 0.000000 
Either_Row_CoL_Bus_Util = 0.000000 
Issued_on_Two_Bus_Simul_Util = 0.000000 
issued_two_Eff = -nan 
queue_avg = 0.000000 


dram_util_bins: 0 0 0 0 0 0 0 0 0 0
dram_eff_bins: 0 0 0 0 0 0 0 0 0 0
mrqq: max=0 avg=0
Memory Partition 5: 
Cache L2_bank_010:
MSHR contents

Cache L2_bank_011:
MSHR contents

In Dram Latency Queue (total = 0): 
DRAM[5]: 16 bks, busW=2 BL=16 CL=24, tRRD=12 tCCD=4, tRCD=24 tRAS=55 tRP=24 tRC=78
n_cmd=91129 n_nop=91129 n_act=0 n_pre=0 n_ref_event=0 n_req=0 n_rd=0 n_rd_L2_A=0 n_write=0 n_wr_bk=0 bw_util=0
n_activity=0 dram_eff=-nan
bk0: 0a 91129i bk1: 0a 91129i bk2: 0a 91129i bk3: 0a 91129i bk4: 0a 91129i bk5: 0a 91129i bk6: 0a 91129i bk7: 0a 91129i bk8: 0a 91129i bk9: 0a 91129i bk10: 0a 91129i bk11: 0a 91129i bk12: 0a 91129i bk13: 0a 91129i bk14: 0a 91129i bk15: 0a 91129i 

------------------------------------------------------------------------

Row_Buffer_Locality = -nan
Row_Buffer_Locality_read = -nan
Row_Buffer_Locality_write = -nan
Bank_Level_Parallism = -nan
Bank_Level_Parallism_Col = -nan
Bank_Level_Parallism_Ready = -nan
write_to_read_ratio_blp_rw_average = -nan
GrpLevelPara = -nan 

BW Util details:
bwutil = 0.000000 
total_CMD = 91129 
util_bw = 0 
Wasted_Col = 0 
Wasted_Row = 0 
Idle = 91129 

BW Util Bottlenecks: 
RCDc_limit = 0 
RCDWRc_limit = 0 
WTRc_limit = 0 
RTWc_limit = 0 
CCDLc_limit = 0 
rwq = 0 
CCDLc_limit_alone = 0 
WTRc_limit_alone = 0 
RTWc_limit_alone = 0 

Commands details: 
total_CMD = 91129 
n_nop = 91129 
Read = 0 
Write = 0 
L2_Alloc = 0 
L2_WB = 0 
n_act = 0 
n_pre = 0 
n_ref = 0 
n_req = 0 
total_req = 0 

Dual Bus Interface Util: 
issued_total_row = 0 
issued_total_col = 0 
Row_Bus_Util =  0.000000 
CoL_Bus_Util = 0.000000 
Either_Row_CoL_Bus_Util = 0.000000 
Issued_on_Two_Bus_Simul_Util = 0.000000 
issued_two_Eff = -nan 
queue_avg = 0.000000 


dram_util_bins: 0 0 0 0 0 0 0 0 0 0
dram_eff_bins: 0 0 0 0 0 0 0 0 0 0
mrqq: max=0 avg=0
Memory Partition 6: 
Cache L2_bank_012:
MSHR contents

Cache L2_bank_013:
MSHR contents

In Dram Latency Queue (total = 0): 
DRAM[6]: 16 bks, busW=2 BL=16 CL=24, tRRD=12 tCCD=4, tRCD=24 tRAS=55 tRP=24 tRC=78
n_cmd=91129 n_nop=91129 n_act=0 n_pre=0 n_ref_event=0 n_req=0 n_rd=0 n_rd_L2_A=0 n_write=0 n_wr_bk=0 bw_util=0
n_activity=0 dram_eff=-nan
bk0: 0a 91129i bk1: 0a 91129i bk2: 0a 91129i bk3: 0a 91129i bk4: 0a 91129i bk5: 0a 91129i bk6: 0a 91129i bk7: 0a 91129i bk8: 0a 91129i bk9: 0a 91129i bk10: 0a 91129i bk11: 0a 91129i bk12: 0a 91129i bk13: 0a 91129i bk14: 0a 91129i bk15: 0a 91129i 

------------------------------------------------------------------------

Row_Buffer_Locality = -nan
Row_Buffer_Locality_read = -nan
Row_Buffer_Locality_write = -nan
Bank_Level_Parallism = -nan
Bank_Level_Parallism_Col = -nan
Bank_Level_Parallism_Ready = -nan
write_to_read_ratio_blp_rw_average = -nan
GrpLevelPara = -nan 

BW Util details:
bwutil = 0.000000 
total_CMD = 91129 
util_bw = 0 
Wasted_Col = 0 
Wasted_Row = 0 
Idle = 91129 

BW Util Bottlenecks: 
RCDc_limit = 0 
RCDWRc_limit = 0 
WTRc_limit = 0 
RTWc_limit = 0 
CCDLc_limit = 0 
rwq = 0 
CCDLc_limit_alone = 0 
WTRc_limit_alone = 0 
RTWc_limit_alone = 0 

Commands details: 
total_CMD = 91129 
n_nop = 91129 
Read = 0 
Write = 0 
L2_Alloc = 0 
L2_WB = 0 
n_act = 0 
n_pre = 0 
n_ref = 0 
n_req = 0 
total_req = 0 

Dual Bus Interface Util: 
issued_total_row = 0 
issued_total_col = 0 
Row_Bus_Util =  0.000000 
CoL_Bus_Util = 0.000000 
Either_Row_CoL_Bus_Util = 0.000000 
Issued_on_Two_Bus_Simul_Util = 0.000000 
issued_two_Eff = -nan 
queue_avg = 0.000000 


dram_util_bins: 0 0 0 0 0 0 0 0 0 0
dram_eff_bins: 0 0 0 0 0 0 0 0 0 0
mrqq: max=0 avg=0
Memory Partition 7: 
Cache L2_bank_014:
MSHR contents

Cache L2_bank_015:
MSHR contents

In Dram Latency Queue (total = 0): 
DRAM[7]: 16 bks, busW=2 BL=16 CL=24, tRRD=12 tCCD=4, tRCD=24 tRAS=55 tRP=24 tRC=78
n_cmd=91129 n_nop=91129 n_act=0 n_pre=0 n_ref_event=0 n_req=0 n_rd=0 n_rd_L2_A=0 n_write=0 n_wr_bk=0 bw_util=0
n_activity=0 dram_eff=-nan
bk0: 0a 91129i bk1: 0a 91129i bk2: 0a 91129i bk3: 0a 91129i bk4: 0a 91129i bk5: 0a 91129i bk6: 0a 91129i bk7: 0a 91129i bk8: 0a 91129i bk9: 0a 91129i bk10: 0a 91129i bk11: 0a 91129i bk12: 0a 91129i bk13: 0a 91129i bk14: 0a 91129i bk15: 0a 91129i 

------------------------------------------------------------------------

Row_Buffer_Locality = -nan
Row_Buffer_Locality_read = -nan
Row_Buffer_Locality_write = -nan
Bank_Level_Parallism = -nan
Bank_Level_Parallism_Col = -nan
Bank_Level_Parallism_Ready = -nan
write_to_read_ratio_blp_rw_average = -nan
GrpLevelPara = -nan 

BW Util details:
bwutil = 0.000000 
total_CMD = 91129 
util_bw = 0 
Wasted_Col = 0 
Wasted_Row = 0 
Idle = 91129 

BW Util Bottlenecks: 
RCDc_limit = 0 
RCDWRc_limit = 0 
WTRc_limit = 0 
RTWc_limit = 0 
CCDLc_limit = 0 
rwq = 0 
CCDLc_limit_alone = 0 
WTRc_limit_alone = 0 
RTWc_limit_alone = 0 

Commands details: 
total_CMD = 91129 
n_nop = 91129 
Read = 0 
Write = 0 
L2_Alloc = 0 
L2_WB = 0 
n_act = 0 
n_pre = 0 
n_ref = 0 
n_req = 0 
total_req = 0 

Dual Bus Interface Util: 
issued_total_row = 0 
issued_total_col = 0 
Row_Bus_Util =  0.000000 
CoL_Bus_Util = 0.000000 
Either_Row_CoL_Bus_Util = 0.000000 
Issued_on_Two_Bus_Simul_Util = 0.000000 
issued_two_Eff = -nan 
queue_avg = 0.000000 


dram_util_bins: 0 0 0 0 0 0 0 0 0 0
dram_eff_bins: 0 0 0 0 0 0 0 0 0 0
mrqq: max=0 avg=0
Memory Partition 8: 
Cache L2_bank_016:
MSHR contents

Cache L2_bank_017:
MSHR contents

In Dram Latency Queue (total = 0): 
DRAM[8]: 16 bks, busW=2 BL=16 CL=24, tRRD=12 tCCD=4, tRCD=24 tRAS=55 tRP=24 tRC=78
n_cmd=91129 n_nop=91129 n_act=0 n_pre=0 n_ref_event=0 n_req=0 n_rd=0 n_rd_L2_A=0 n_write=0 n_wr_bk=0 bw_util=0
n_activity=0 dram_eff=-nan
bk0: 0a 91129i bk1: 0a 91129i bk2: 0a 91129i bk3: 0a 91129i bk4: 0a 91129i bk5: 0a 91129i bk6: 0a 91129i bk7: 0a 91129i bk8: 0a 91129i bk9: 0a 91129i bk10: 0a 91129i bk11: 0a 91129i bk12: 0a 91129i bk13: 0a 91129i bk14: 0a 91129i bk15: 0a 91129i 

------------------------------------------------------------------------

Row_Buffer_Locality = -nan
Row_Buffer_Locality_read = -nan
Row_Buffer_Locality_write = -nan
Bank_Level_Parallism = -nan
Bank_Level_Parallism_Col = -nan
Bank_Level_Parallism_Ready = -nan
write_to_read_ratio_blp_rw_average = -nan
GrpLevelPara = -nan 

BW Util details:
bwutil = 0.000000 
total_CMD = 91129 
util_bw = 0 
Wasted_Col = 0 
Wasted_Row = 0 
Idle = 91129 

BW Util Bottlenecks: 
RCDc_limit = 0 
RCDWRc_limit = 0 
WTRc_limit = 0 
RTWc_limit = 0 
CCDLc_limit = 0 
rwq = 0 
CCDLc_limit_alone = 0 
WTRc_limit_alone = 0 
RTWc_limit_alone = 0 

Commands details: 
total_CMD = 91129 
n_nop = 91129 
Read = 0 
Write = 0 
L2_Alloc = 0 
L2_WB = 0 
n_act = 0 
n_pre = 0 
n_ref = 0 
n_req = 0 
total_req = 0 

Dual Bus Interface Util: 
issued_total_row = 0 
issued_total_col = 0 
Row_Bus_Util =  0.000000 
CoL_Bus_Util = 0.000000 
Either_Row_CoL_Bus_Util = 0.000000 
Issued_on_Two_Bus_Simul_Util = 0.000000 
issued_two_Eff = -nan 
queue_avg = 0.000000 


dram_util_bins: 0 0 0 0 0 0 0 0 0 0
dram_eff_bins: 0 0 0 0 0 0 0 0 0 0
mrqq: max=0 avg=0
Memory Partition 9: 
Cache L2_bank_018:
MSHR contents

Cache L2_bank_019:
MSHR contents

In Dram Latency Queue (total = 0): 
DRAM[9]: 16 bks, busW=2 BL=16 CL=24, tRRD=12 tCCD=4, tRCD=24 tRAS=55 tRP=24 tRC=78
n_cmd=91129 n_nop=91129 n_act=0 n_pre=0 n_ref_event=0 n_req=0 n_rd=0 n_rd_L2_A=0 n_write=0 n_wr_bk=0 bw_util=0
n_activity=0 dram_eff=-nan
bk0: 0a 91129i bk1: 0a 91129i bk2: 0a 91129i bk3: 0a 91129i bk4: 0a 91129i bk5: 0a 91129i bk6: 0a 91129i bk7: 0a 91129i bk8: 0a 91129i bk9: 0a 91129i bk10: 0a 91129i bk11: 0a 91129i bk12: 0a 91129i bk13: 0a 91129i bk14: 0a 91129i bk15: 0a 91129i 

------------------------------------------------------------------------

Row_Buffer_Locality = -nan
Row_Buffer_Locality_read = -nan
Row_Buffer_Locality_write = -nan
Bank_Level_Parallism = -nan
Bank_Level_Parallism_Col = -nan
Bank_Level_Parallism_Ready = -nan
write_to_read_ratio_blp_rw_average = -nan
GrpLevelPara = -nan 

BW Util details:
bwutil = 0.000000 
total_CMD = 91129 
util_bw = 0 
Wasted_Col = 0 
Wasted_Row = 0 
Idle = 91129 

BW Util Bottlenecks: 
RCDc_limit = 0 
RCDWRc_limit = 0 
WTRc_limit = 0 
RTWc_limit = 0 
CCDLc_limit = 0 
rwq = 0 
CCDLc_limit_alone = 0 
WTRc_limit_alone = 0 
RTWc_limit_alone = 0 

Commands details: 
total_CMD = 91129 
n_nop = 91129 
Read = 0 
Write = 0 
L2_Alloc = 0 
L2_WB = 0 
n_act = 0 
n_pre = 0 
n_ref = 0 
n_req = 0 
total_req = 0 

Dual Bus Interface Util: 
issued_total_row = 0 
issued_total_col = 0 
Row_Bus_Util =  0.000000 
CoL_Bus_Util = 0.000000 
Either_Row_CoL_Bus_Util = 0.000000 
Issued_on_Two_Bus_Simul_Util = 0.000000 
issued_two_Eff = -nan 
queue_avg = 0.000000 


dram_util_bins: 0 0 0 0 0 0 0 0 0 0
dram_eff_bins: 0 0 0 0 0 0 0 0 0 0
mrqq: max=0 avg=0
Memory Partition 10: 
Cache L2_bank_020:
MSHR contents

Cache L2_bank_021:
MSHR contents

In Dram Latency Queue (total = 0): 
DRAM[10]: 16 bks, busW=2 BL=16 CL=24, tRRD=12 tCCD=4, tRCD=24 tRAS=55 tRP=24 tRC=78
n_cmd=91129 n_nop=91129 n_act=0 n_pre=0 n_ref_event=0 n_req=0 n_rd=0 n_rd_L2_A=0 n_write=0 n_wr_bk=0 bw_util=0
n_activity=0 dram_eff=-nan
bk0: 0a 91129i bk1: 0a 91129i bk2: 0a 91129i bk3: 0a 91129i bk4: 0a 91129i bk5: 0a 91129i bk6: 0a 91129i bk7: 0a 91129i bk8: 0a 91129i bk9: 0a 91129i bk10: 0a 91129i bk11: 0a 91129i bk12: 0a 91129i bk13: 0a 91129i bk14: 0a 91129i bk15: 0a 91129i 

------------------------------------------------------------------------

Row_Buffer_Locality = -nan
Row_Buffer_Locality_read = -nan
Row_Buffer_Locality_write = -nan
Bank_Level_Parallism = -nan
Bank_Level_Parallism_Col = -nan
Bank_Level_Parallism_Ready = -nan
write_to_read_ratio_blp_rw_average = -nan
GrpLevelPara = -nan 

BW Util details:
bwutil = 0.000000 
total_CMD = 91129 
util_bw = 0 
Wasted_Col = 0 
Wasted_Row = 0 
Idle = 91129 

BW Util Bottlenecks: 
RCDc_limit = 0 
RCDWRc_limit = 0 
WTRc_limit = 0 
RTWc_limit = 0 
CCDLc_limit = 0 
rwq = 0 
CCDLc_limit_alone = 0 
WTRc_limit_alone = 0 
RTWc_limit_alone = 0 

Commands details: 
total_CMD = 91129 
n_nop = 91129 
Read = 0 
Write = 0 
L2_Alloc = 0 
L2_WB = 0 
n_act = 0 
n_pre = 0 
n_ref = 0 
n_req = 0 
total_req = 0 

Dual Bus Interface Util: 
issued_total_row = 0 
issued_total_col = 0 
Row_Bus_Util =  0.000000 
CoL_Bus_Util = 0.000000 
Either_Row_CoL_Bus_Util = 0.000000 
Issued_on_Two_Bus_Simul_Util = 0.000000 
issued_two_Eff = -nan 
queue_avg = 0.000000 


dram_util_bins: 0 0 0 0 0 0 0 0 0 0
dram_eff_bins: 0 0 0 0 0 0 0 0 0 0
mrqq: max=0 avg=0
Memory Partition 11: 
Cache L2_bank_022:
MSHR contents

Cache L2_bank_023:
MSHR contents

In Dram Latency Queue (total = 0): 
DRAM[11]: 16 bks, busW=2 BL=16 CL=24, tRRD=12 tCCD=4, tRCD=24 tRAS=55 tRP=24 tRC=78
n_cmd=91129 n_nop=91129 n_act=0 n_pre=0 n_ref_event=0 n_req=0 n_rd=0 n_rd_L2_A=0 n_write=0 n_wr_bk=0 bw_util=0
n_activity=0 dram_eff=-nan
bk0: 0a 91129i bk1: 0a 91129i bk2: 0a 91129i bk3: 0a 91129i bk4: 0a 91129i bk5: 0a 91129i bk6: 0a 91129i bk7: 0a 91129i bk8: 0a 91129i bk9: 0a 91129i bk10: 0a 91129i bk11: 0a 91129i bk12: 0a 91129i bk13: 0a 91129i bk14: 0a 91129i bk15: 0a 91129i 

------------------------------------------------------------------------

Row_Buffer_Locality = -nan
Row_Buffer_Locality_read = -nan
Row_Buffer_Locality_write = -nan
Bank_Level_Parallism = -nan
Bank_Level_Parallism_Col = -nan
Bank_Level_Parallism_Ready = -nan
write_to_read_ratio_blp_rw_average = -nan
GrpLevelPara = -nan 

BW Util details:
bwutil = 0.000000 
total_CMD = 91129 
util_bw = 0 
Wasted_Col = 0 
Wasted_Row = 0 
Idle = 91129 

BW Util Bottlenecks: 
RCDc_limit = 0 
RCDWRc_limit = 0 
WTRc_limit = 0 
RTWc_limit = 0 
CCDLc_limit = 0 
rwq = 0 
CCDLc_limit_alone = 0 
WTRc_limit_alone = 0 
RTWc_limit_alone = 0 

Commands details: 
total_CMD = 91129 
n_nop = 91129 
Read = 0 
Write = 0 
L2_Alloc = 0 
L2_WB = 0 
n_act = 0 
n_pre = 0 
n_ref = 0 
n_req = 0 
total_req = 0 

Dual Bus Interface Util: 
issued_total_row = 0 
issued_total_col = 0 
Row_Bus_Util =  0.000000 
CoL_Bus_Util = 0.000000 
Either_Row_CoL_Bus_Util = 0.000000 
Issued_on_Two_Bus_Simul_Util = 0.000000 
issued_two_Eff = -nan 
queue_avg = 0.000000 


dram_util_bins: 0 0 0 0 0 0 0 0 0 0
dram_eff_bins: 0 0 0 0 0 0 0 0 0 0
mrqq: max=0 avg=0
Memory Partition 12: 
Cache L2_bank_024:
MSHR contents

Cache L2_bank_025:
MSHR contents

In Dram Latency Queue (total = 0): 
DRAM[12]: 16 bks, busW=2 BL=16 CL=24, tRRD=12 tCCD=4, tRCD=24 tRAS=55 tRP=24 tRC=78
n_cmd=91129 n_nop=91129 n_act=0 n_pre=0 n_ref_event=0 n_req=0 n_rd=0 n_rd_L2_A=0 n_write=0 n_wr_bk=0 bw_util=0
n_activity=0 dram_eff=-nan
bk0: 0a 91129i bk1: 0a 91129i bk2: 0a 91129i bk3: 0a 91129i bk4: 0a 91129i bk5: 0a 91129i bk6: 0a 91129i bk7: 0a 91129i bk8: 0a 91129i bk9: 0a 91129i bk10: 0a 91129i bk11: 0a 91129i bk12: 0a 91129i bk13: 0a 91129i bk14: 0a 91129i bk15: 0a 91129i 

------------------------------------------------------------------------

Row_Buffer_Locality = -nan
Row_Buffer_Locality_read = -nan
Row_Buffer_Locality_write = -nan
Bank_Level_Parallism = -nan
Bank_Level_Parallism_Col = -nan
Bank_Level_Parallism_Ready = -nan
write_to_read_ratio_blp_rw_average = -nan
GrpLevelPara = -nan 

BW Util details:
bwutil = 0.000000 
total_CMD = 91129 
util_bw = 0 
Wasted_Col = 0 
Wasted_Row = 0 
Idle = 91129 

BW Util Bottlenecks: 
RCDc_limit = 0 
RCDWRc_limit = 0 
WTRc_limit = 0 
RTWc_limit = 0 
CCDLc_limit = 0 
rwq = 0 
CCDLc_limit_alone = 0 
WTRc_limit_alone = 0 
RTWc_limit_alone = 0 

Commands details: 
total_CMD = 91129 
n_nop = 91129 
Read = 0 
Write = 0 
L2_Alloc = 0 
L2_WB = 0 
n_act = 0 
n_pre = 0 
n_ref = 0 
n_req = 0 
total_req = 0 

Dual Bus Interface Util: 
issued_total_row = 0 
issued_total_col = 0 
Row_Bus_Util =  0.000000 
CoL_Bus_Util = 0.000000 
Either_Row_CoL_Bus_Util = 0.000000 
Issued_on_Two_Bus_Simul_Util = 0.000000 
issued_two_Eff = -nan 
queue_avg = 0.000000 


dram_util_bins: 0 0 0 0 0 0 0 0 0 0
dram_eff_bins: 0 0 0 0 0 0 0 0 0 0
mrqq: max=0 avg=0
Memory Partition 13: 
Cache L2_bank_026:
MSHR contents

Cache L2_bank_027:
MSHR contents

In Dram Latency Queue (total = 0): 
DRAM[13]: 16 bks, busW=2 BL=16 CL=24, tRRD=12 tCCD=4, tRCD=24 tRAS=55 tRP=24 tRC=78
n_cmd=91129 n_nop=91129 n_act=0 n_pre=0 n_ref_event=0 n_req=0 n_rd=0 n_rd_L2_A=0 n_write=0 n_wr_bk=0 bw_util=0
n_activity=0 dram_eff=-nan
bk0: 0a 91129i bk1: 0a 91129i bk2: 0a 91129i bk3: 0a 91129i bk4: 0a 91129i bk5: 0a 91129i bk6: 0a 91129i bk7: 0a 91129i bk8: 0a 91129i bk9: 0a 91129i bk10: 0a 91129i bk11: 0a 91129i bk12: 0a 91129i bk13: 0a 91129i bk14: 0a 91129i bk15: 0a 91129i 

------------------------------------------------------------------------

Row_Buffer_Locality = -nan
Row_Buffer_Locality_read = -nan
Row_Buffer_Locality_write = -nan
Bank_Level_Parallism = -nan
Bank_Level_Parallism_Col = -nan
Bank_Level_Parallism_Ready = -nan
write_to_read_ratio_blp_rw_average = -nan
GrpLevelPara = -nan 

BW Util details:
bwutil = 0.000000 
total_CMD = 91129 
util_bw = 0 
Wasted_Col = 0 
Wasted_Row = 0 
Idle = 91129 

BW Util Bottlenecks: 
RCDc_limit = 0 
RCDWRc_limit = 0 
WTRc_limit = 0 
RTWc_limit = 0 
CCDLc_limit = 0 
rwq = 0 
CCDLc_limit_alone = 0 
WTRc_limit_alone = 0 
RTWc_limit_alone = 0 

Commands details: 
total_CMD = 91129 
n_nop = 91129 
Read = 0 
Write = 0 
L2_Alloc = 0 
L2_WB = 0 
n_act = 0 
n_pre = 0 
n_ref = 0 
n_req = 0 
total_req = 0 

Dual Bus Interface Util: 
issued_total_row = 0 
issued_total_col = 0 
Row_Bus_Util =  0.000000 
CoL_Bus_Util = 0.000000 
Either_Row_CoL_Bus_Util = 0.000000 
Issued_on_Two_Bus_Simul_Util = 0.000000 
issued_two_Eff = -nan 
queue_avg = 0.000000 


dram_util_bins: 0 0 0 0 0 0 0 0 0 0
dram_eff_bins: 0 0 0 0 0 0 0 0 0 0
mrqq: max=0 avg=0
Memory Partition 14: 
Cache L2_bank_028:
MSHR contents

Cache L2_bank_029:
MSHR contents

In Dram Latency Queue (total = 0): 
DRAM[14]: 16 bks, busW=2 BL=16 CL=24, tRRD=12 tCCD=4, tRCD=24 tRAS=55 tRP=24 tRC=78
n_cmd=91129 n_nop=91129 n_act=0 n_pre=0 n_ref_event=0 n_req=0 n_rd=0 n_rd_L2_A=0 n_write=0 n_wr_bk=0 bw_util=0
n_activity=0 dram_eff=-nan
bk0: 0a 91129i bk1: 0a 91129i bk2: 0a 91129i bk3: 0a 91129i bk4: 0a 91129i bk5: 0a 91129i bk6: 0a 91129i bk7: 0a 91129i bk8: 0a 91129i bk9: 0a 91129i bk10: 0a 91129i bk11: 0a 91129i bk12: 0a 91129i bk13: 0a 91129i bk14: 0a 91129i bk15: 0a 91129i 

------------------------------------------------------------------------

Row_Buffer_Locality = -nan
Row_Buffer_Locality_read = -nan
Row_Buffer_Locality_write = -nan
Bank_Level_Parallism = -nan
Bank_Level_Parallism_Col = -nan
Bank_Level_Parallism_Ready = -nan
write_to_read_ratio_blp_rw_average = -nan
GrpLevelPara = -nan 

BW Util details:
bwutil = 0.000000 
total_CMD = 91129 
util_bw = 0 
Wasted_Col = 0 
Wasted_Row = 0 
Idle = 91129 

BW Util Bottlenecks: 
RCDc_limit = 0 
RCDWRc_limit = 0 
WTRc_limit = 0 
RTWc_limit = 0 
CCDLc_limit = 0 
rwq = 0 
CCDLc_limit_alone = 0 
WTRc_limit_alone = 0 
RTWc_limit_alone = 0 

Commands details: 
total_CMD = 91129 
n_nop = 91129 
Read = 0 
Write = 0 
L2_Alloc = 0 
L2_WB = 0 
n_act = 0 
n_pre = 0 
n_ref = 0 
n_req = 0 
total_req = 0 

Dual Bus Interface Util: 
issued_total_row = 0 
issued_total_col = 0 
Row_Bus_Util =  0.000000 
CoL_Bus_Util = 0.000000 
Either_Row_CoL_Bus_Util = 0.000000 
Issued_on_Two_Bus_Simul_Util = 0.000000 
issued_two_Eff = -nan 
queue_avg = 0.000000 


dram_util_bins: 0 0 0 0 0 0 0 0 0 0
dram_eff_bins: 0 0 0 0 0 0 0 0 0 0
mrqq: max=0 avg=0
Memory Partition 15: 
Cache L2_bank_030:
MSHR contents

Cache L2_bank_031:
MSHR contents

In Dram Latency Queue (total = 0): 
DRAM[15]: 16 bks, busW=2 BL=16 CL=24, tRRD=12 tCCD=4, tRCD=24 tRAS=55 tRP=24 tRC=78
n_cmd=91129 n_nop=91129 n_act=0 n_pre=0 n_ref_event=0 n_req=0 n_rd=0 n_rd_L2_A=0 n_write=0 n_wr_bk=0 bw_util=0
n_activity=0 dram_eff=-nan
bk0: 0a 91129i bk1: 0a 91129i bk2: 0a 91129i bk3: 0a 91129i bk4: 0a 91129i bk5: 0a 91129i bk6: 0a 91129i bk7: 0a 91129i bk8: 0a 91129i bk9: 0a 91129i bk10: 0a 91129i bk11: 0a 91129i bk12: 0a 91129i bk13: 0a 91129i bk14: 0a 91129i bk15: 0a 91129i 

------------------------------------------------------------------------

Row_Buffer_Locality = -nan
Row_Buffer_Locality_read = -nan
Row_Buffer_Locality_write = -nan
Bank_Level_Parallism = -nan
Bank_Level_Parallism_Col = -nan
Bank_Level_Parallism_Ready = -nan
write_to_read_ratio_blp_rw_average = -nan
GrpLevelPara = -nan 

BW Util details:
bwutil = 0.000000 
total_CMD = 91129 
util_bw = 0 
Wasted_Col = 0 
Wasted_Row = 0 
Idle = 91129 

BW Util Bottlenecks: 
RCDc_limit = 0 
RCDWRc_limit = 0 
WTRc_limit = 0 
RTWc_limit = 0 
CCDLc_limit = 0 
rwq = 0 
CCDLc_limit_alone = 0 
WTRc_limit_alone = 0 
RTWc_limit_alone = 0 

Commands details: 
total_CMD = 91129 
n_nop = 91129 
Read = 0 
Write = 0 
L2_Alloc = 0 
L2_WB = 0 
n_act = 0 
n_pre = 0 
n_ref = 0 
n_req = 0 
total_req = 0 

Dual Bus Interface Util: 
issued_total_row = 0 
issued_total_col = 0 
Row_Bus_Util =  0.000000 
CoL_Bus_Util = 0.000000 
Either_Row_CoL_Bus_Util = 0.000000 
Issued_on_Two_Bus_Simul_Util = 0.000000 
issued_two_Eff = -nan 
queue_avg = 0.000000 


dram_util_bins: 0 0 0 0 0 0 0 0 0 0
dram_eff_bins: 0 0 0 0 0 0 0 0 0 0
mrqq: max=0 avg=0

========= L2 cache stats =========
L2_cache_bank[0]: Access = 12288, Miss = 2048, Miss_rate = 0.167, Pending_hits = 0, Reservation_fails = 0
L2_cache_bank[1]: Access = 12288, Miss = 2048, Miss_rate = 0.167, Pending_hits = 0, Reservation_fails = 0
L2_cache_bank[2]: Access = 12288, Miss = 2048, Miss_rate = 0.167, Pending_hits = 0, Reservation_fails = 0
L2_cache_bank[3]: Access = 12288, Miss = 2048, Miss_rate = 0.167, Pending_hits = 0, Reservation_fails = 0
L2_cache_bank[4]: Access = 12288, Miss = 2048, Miss_rate = 0.167, Pending_hits = 0, Reservation_fails = 0
L2_cache_bank[5]: Access = 12288, Miss = 2048, Miss_rate = 0.167, Pending_hits = 0, Reservation_fails = 0
L2_cache_bank[6]: Access = 12288, Miss = 2048, Miss_rate = 0.167, Pending_hits = 0, Reservation_fails = 0
L2_cache_bank[7]: Access = 12288, Miss = 2048, Miss_rate = 0.167, Pending_hits = 0, Reservation_fails = 0
L2_cache_bank[8]: Access = 12288, Miss = 2048, Miss_rate = 0.167, Pending_hits = 0, Reservation_fails = 0
L2_cache_bank[9]: Access = 12288, Miss = 2048, Miss_rate = 0.167, Pending_hits = 0, Reservation_fails = 0
L2_cache_bank[10]: Access = 12288, Miss = 2048, Miss_rate = 0.167, Pending_hits = 0, Reservation_fails = 0
L2_cache_bank[11]: Access = 12288, Miss = 2048, Miss_rate = 0.167, Pending_hits = 0, Reservation_fails = 0
L2_cache_bank[12]: Access = 12288, Miss = 2048, Miss_rate = 0.167, Pending_hits = 0, Reservation_fails = 0
L2_cache_bank[13]: Access = 12288, Miss = 2048, Miss_rate = 0.167, Pending_hits = 0, Reservation_fails = 0
L2_cache_bank[14]: Access = 12288, Miss = 2048, Miss_rate = 0.167, Pending_hits = 0, Reservation_fails = 0
L2_cache_bank[15]: Access = 12288, Miss = 2048, Miss_rate = 0.167, Pending_hits = 0, Reservation_fails = 0
L2_cache_bank[16]: Access = 12288, Miss = 2048, Miss_rate = 0.167, Pending_hits = 0, Reservation_fails = 0
L2_cache_bank[17]: Access = 12288, Miss = 2048, Miss_rate = 0.167, Pending_hits = 0, Reservation_fails = 0
L2_cache_bank[18]: Access = 12288, Miss = 2048, Miss_rate = 0.167, Pending_hits = 0, Reservation_fails = 0
L2_cache_bank[19]: Access = 12288, Miss = 2048, Miss_rate = 0.167, Pending_hits = 0, Reservation_fails = 0
L2_cache_bank[20]: Access = 12288, Miss = 2048, Miss_rate = 0.167, Pending_hits = 0, Reservation_fails = 0
L2_cache_bank[21]: Access = 12288, Miss = 2048, Miss_rate = 0.167, Pending_hits = 0, Reservation_fails = 0
L2_cache_bank[22]: Access = 12288, Miss = 2048, Miss_rate = 0.167, Pending_hits = 0, Reservation_fails = 0
L2_cache_bank[23]: Access = 12288, Miss = 2048, Miss_rate = 0.167, Pending_hits = 0, Reservation_fails = 0
L2_cache_bank[24]: Access = 12288, Miss = 2048, Miss_rate = 0.167, Pending_hits = 0, Reservation_fails = 0
L2_cache_bank[25]: Access = 12288, Miss = 2048, Miss_rate = 0.167, Pending_hits = 0, Reservation_fails = 0
L2_cache_bank[26]: Access = 12288, Miss = 2048, Miss_rate = 0.167, Pending_hits = 0, Reservation_fails = 0
L2_cache_bank[27]: Access = 12288, Miss = 2048, Miss_rate = 0.167, Pending_hits = 0, Reservation_fails = 0
L2_cache_bank[28]: Access = 12288, Miss = 2048, Miss_rate = 0.167, Pending_hits = 0, Reservation_fails = 0
L2_cache_bank[29]: Access = 12288, Miss = 2048, Miss_rate = 0.167, Pending_hits = 0, Reservation_fails = 0
L2_cache_bank[30]: Access = 12288, Miss = 2048, Miss_rate = 0.167, Pending_hits = 0, Reservation_fails = 0
L2_cache_bank[31]: Access = 12288, Miss = 2048, Miss_rate = 0.167, Pending_hits = 0, Reservation_fails = 0
L2_total_cache_accesses = 393216
L2_total_cache_misses = 65536
L2_total_cache_miss_rate = 0.1667
L2_total_cache_pending_hits = 0
L2_total_cache_reservation_fails = 0
L2_total_cache_breakdown:
	L2_cache_stats_breakdown[GLOBAL_ACC_R][HIT] = 65536
	L2_cache_stats_breakdown[GLOBAL_ACC_R][HIT_RESERVED] = 0
	L2_cache_stats_breakdown[GLOBAL_ACC_R][MISS] = 0
	L2_cache_stats_breakdown[GLOBAL_ACC_R][RESERVATION_FAIL] = 0
	L2_cache_stats_breakdown[GLOBAL_ACC_R][SECTOR_MISS] = 0
	L2_cache_stats_breakdown[GLOBAL_ACC_R][MSHR_HIT] = 0
	L2_cache_stats_breakdown[LOCAL_ACC_R][HIT] = 0
	L2_cache_stats_breakdown[LOCAL_ACC_R][HIT_RESERVED] = 0
	L2_cache_stats_breakdown[LOCAL_ACC_R][MISS] = 0
	L2_cache_stats_breakdown[LOCAL_ACC_R][RESERVATION_FAIL] = 0
	L2_cache_stats_breakdown[LOCAL_ACC_R][SECTOR_MISS] = 0
	L2_cache_stats_breakdown[LOCAL_ACC_R][MSHR_HIT] = 0
	L2_cache_stats_breakdown[CONST_ACC_R][HIT] = 0
	L2_cache_stats_breakdown[CONST_ACC_R][HIT_RESERVED] = 0
	L2_cache_stats_breakdown[CONST_ACC_R][MISS] = 0
	L2_cache_stats_breakdown[CONST_ACC_R][RESERVATION_FAIL] = 0
	L2_cache_stats_breakdown[CONST_ACC_R][SECTOR_MISS] = 0
	L2_cache_stats_breakdown[CONST_ACC_R][MSHR_HIT] = 0
	L2_cache_stats_breakdown[TEXTURE_ACC_R][HIT] = 0
	L2_cache_stats_breakdown[TEXTURE_ACC_R][HIT_RESERVED] = 0
	L2_cache_stats_breakdown[TEXTURE_ACC_R][MISS] = 0
	L2_cache_stats_breakdown[TEXTURE_ACC_R][RESERVATION_FAIL] = 0
	L2_cache_stats_breakdown[TEXTURE_ACC_R][SECTOR_MISS] = 0
	L2_cache_stats_breakdown[TEXTURE_ACC_R][MSHR_HIT] = 0
	L2_cache_stats_breakdown[GLOBAL_ACC_W][HIT] = 65536
	L2_cache_stats_breakdown[GLOBAL_ACC_W][HIT_RESERVED] = 0
	L2_cache_stats_breakdown[GLOBAL_ACC_W][MISS] = 0
	L2_cache_stats_breakdown[GLOBAL_ACC_W][RESERVATION_FAIL] = 0
	L2_cache_stats_breakdown[GLOBAL_ACC_W][SECTOR_MISS] = 0
	L2_cache_stats_breakdown[GLOBAL_ACC_W][MSHR_HIT] = 0
	L2_cache_stats_breakdown[LOCAL_ACC_W][HIT] = 0
	L2_cache_stats_breakdown[LOCAL_ACC_W][HIT_RESERVED] = 0
	L2_cache_stats_breakdown[LOCAL_ACC_W][MISS] = 0
	L2_cache_stats_breakdown[LOCAL_ACC_W][RESERVATION_FAIL] = 0
	L2_cache_stats_breakdown[LOCAL_ACC_W][SECTOR_MISS] = 0
	L2_cache_stats_breakdown[LOCAL_ACC_W][MSHR_HIT] = 0
	L2_cache_stats_breakdown[L1_WRBK_ACC][HIT] = 0
	L2_cache_stats_breakdown[L1_WRBK_ACC][HIT_RESERVED] = 0
	L2_cache_stats_breakdown[L1_WRBK_ACC][MISS] = 0
	L2_cache_stats_breakdown[L1_WRBK_ACC][RESERVATION_FAIL] = 0
	L2_cache_stats_breakdown[L1_WRBK_ACC][SECTOR_MISS] = 0
	L2_cache_stats_breakdown[L1_WRBK_ACC][MSHR_HIT] = 0
	L2_cache_stats_breakdown[L2_WRBK_ACC][HIT] = 0
	L2_cache_stats_breakdown[L2_WRBK_ACC][HIT_RESERVED] = 0
	L2_cache_stats_breakdown[L2_WRBK_ACC][MISS] = 0
	L2_cache_stats_breakdown[L2_WRBK_ACC][RESERVATION_FAIL] = 0
	L2_cache_stats_breakdown[L2_WRBK_ACC][SECTOR_MISS] = 0
	L2_cache_stats_breakdown[L2_WRBK_ACC][MSHR_HIT] = 0
	L2_cache_stats_breakdown[INST_ACC_R][HIT] = 0
	L2_cache_stats_breakdown[INST_ACC_R][HIT_RESERVED] = 0
	L2_cache_stats_breakdown[INST_ACC_R][MISS] = 0
	L2_cache_stats_breakdown[INST_ACC_R][RESERVATION_FAIL] = 0
	L2_cache_stats_breakdown[INST_ACC_R][SECTOR_MISS] = 0
	L2_cache_stats_breakdown[INST_ACC_R][MSHR_HIT] = 0
	L2_cache_stats_breakdown[L1_WR_ALLOC_R][HIT] = 0
	L2_cache_stats_breakdown[L1_WR_ALLOC_R][HIT_RESERVED] = 0
	L2_cache_stats_breakdown[L1_WR_ALLOC_R][MISS] = 0
	L2_cache_stats_breakdown[L1_WR_ALLOC_R][RESERVATION_FAIL] = 0
	L2_cache_stats_breakdown[L1_WR_ALLOC_R][SECTOR_MISS] = 0
	L2_cache_stats_breakdown[L1_WR_ALLOC_R][MSHR_HIT] = 0
	L2_cache_stats_breakdown[L2_WR_ALLOC_R][HIT] = 0
	L2_cache_stats_breakdown[L2_WR_ALLOC_R][HIT_RESERVED] = 0
	L2_cache_stats_breakdown[L2_WR_ALLOC_R][MISS] = 0
	L2_cache_stats_breakdown[L2_WR_ALLOC_R][RESERVATION_FAIL] = 0
	L2_cache_stats_breakdown[L2_WR_ALLOC_R][SECTOR_MISS] = 0
	L2_cache_stats_breakdown[L2_WR_ALLOC_R][MSHR_HIT] = 0
	L2_cache_stats_breakdown[GLOBAL_ACC_R][TOTAL_ACCESS] = 65536
	L2_cache_stats_breakdown[GLOBAL_ACC_W][TOTAL_ACCESS] = 65536
L2_total_cache_reservation_fail_breakdown:
L2_cache_data_port_util = 0.138
L2_cache_fill_port_util = 0.000

icnt_total_pkts_mem_to_simt=393216
icnt_total_pkts_simt_to_mem=393216
LD_mem_lat_dist  0 0 0 0 0 0 0 0 0 0 0 0 0 0 0 0 0 0 0 0 0 0 0 0 0 0 0
ST_mem_lat_dist  0 0 0 0 0 0 0 0 0 0 0 0 0 0 0 0 0 0 0 0 0 0 0 0 0 0 0
----------------------------Interconnect-DETAILS--------------------------------
Req_Network_injected_packets_num = 393216
Req_Network_cycles = 74043
Req_Network_injected_packets_per_cycle =       5.3106 
Req_Network_conflicts_per_cycle =       0.9983
Req_Network_conflicts_per_cycle_util =       1.3279
Req_Bank_Level_Parallism =       7.0638
Req_Network_in_buffer_full_per_cycle =       0.0000
Req_Network_in_buffer_avg_util =       1.1071
Req_Network_out_buffer_full_per_cycle =       0.0000
Req_Network_out_buffer_avg_util =       0.1660

Reply_Network_injected_packets_num = 393216
Reply_Network_cycles = 74043
Reply_Network_injected_packets_per_cycle =        5.3106
Reply_Network_conflicts_per_cycle =        8.5151
Reply_Network_conflicts_per_cycle_util =      11.2623
Reply_Bank_Level_Parallism =       7.0240
Reply_Network_in_buffer_full_per_cycle =       0.0000
Reply_Network_in_buffer_avg_util =       1.5985
Reply_Network_out_buffer_full_per_cycle =       0.0000
Reply_Network_out_buffer_avg_util =       0.3319
----------------------------END-of-Interconnect-DETAILS-------------------------


gpgpu_simulation_time = 0 days, 0 hrs, 1 min, 19 sec (79 sec)
gpgpu_simulation_rate = 637109 (inst/sec)
gpgpu_simulation_rate = 937 (cycle/sec)
gpgpu_silicon_slowdown = 1387406x
GPGPU-Sim: synchronize waiting for inactive GPU simulation
GPGPU-Sim API: Stream Manager State
GPGPU-Sim: detected inactive GPU simulation thread
GPGPU-Sim PTX: Setting up arguments for 8 bytes starting at 0x7ffcf854fe80..
GPGPU-Sim PTX: Setting up arguments for 8 bytes starting at 0x7ffcf854fe88..
GPGPU-Sim PTX: Setting up arguments for 4 bytes starting at 0x7ffcf854fe68..
GPGPU-Sim PTX: Setting up arguments for 4 bytes starting at 0x7ffcf854fe6c..

GPGPU-Sim PTX: cudaLaunch for 0x0x556812d3e030 (mode=performance simulation) on stream 0
GPGPU-Sim PTX: PDOM analysis already done for _Z10bsmm_stagePKfPfii 
GPGPU-Sim PTX: pushing kernel '_Z10bsmm_stagePKfPfii' to stream 0, gridDim= (4096,1,1) blockDim = (128,1,1) 
GPGPU-Sim uArch: Shader 1 bind to kernel 4 '_Z10bsmm_stagePKfPfii'
GPGPU-Sim: Reconfigure L1 cache to 128KB
GPGPU-Sim uArch: Shader 2 bind to kernel 4 '_Z10bsmm_stagePKfPfii'
GPGPU-Sim uArch: Shader 3 bind to kernel 4 '_Z10bsmm_stagePKfPfii'
GPGPU-Sim uArch: Shader 4 bind to kernel 4 '_Z10bsmm_stagePKfPfii'
GPGPU-Sim uArch: Shader 5 bind to kernel 4 '_Z10bsmm_stagePKfPfii'
GPGPU-Sim uArch: Shader 6 bind to kernel 4 '_Z10bsmm_stagePKfPfii'
GPGPU-Sim uArch: Shader 7 bind to kernel 4 '_Z10bsmm_stagePKfPfii'
GPGPU-Sim uArch: Shader 8 bind to kernel 4 '_Z10bsmm_stagePKfPfii'
GPGPU-Sim uArch: Shader 9 bind to kernel 4 '_Z10bsmm_stagePKfPfii'
GPGPU-Sim uArch: Shader 10 bind to kernel 4 '_Z10bsmm_stagePKfPfii'
GPGPU-Sim uArch: Shader 11 bind to kernel 4 '_Z10bsmm_stagePKfPfii'
GPGPU-Sim uArch: Shader 12 bind to kernel 4 '_Z10bsmm_stagePKfPfii'
GPGPU-Sim uArch: Shader 13 bind to kernel 4 '_Z10bsmm_stagePKfPfii'
GPGPU-Sim uArch: Shader 14 bind to kernel 4 '_Z10bsmm_stagePKfPfii'
GPGPU-Sim uArch: Shader 15 bind to kernel 4 '_Z10bsmm_stagePKfPfii'
GPGPU-Sim uArch: Shader 0 bind to kernel 4 '_Z10bsmm_stagePKfPfii'
Destroy streams for kernel 4: size 0
kernel_name = _Z10bsmm_stagePKfPfii 
kernel_launch_uid = 4 
kernel_stream_id = 93906327557512
gpu_sim_cycle = 24200
gpu_sim_insn = 16777216
gpu_ipc =     693.2734
gpu_tot_sim_cycle = 98243
gpu_tot_sim_insn = 67108864
gpu_tot_ipc =     683.0905
gpu_tot_issued_cta = 16384
gpu_occupancy = 94.8742% 
gpu_tot_occupancy = 94.4867% 
max_total_param_size = 0
gpu_stall_dramfull = 0
gpu_stall_icnt2sh    = 0
partiton_level_parallism =       5.4162
partiton_level_parallism_total  =       5.3366
partiton_level_parallism_util =       7.2492
partiton_level_parallism_util_total  =       7.1093
L2_BW  =     225.3139 GB/Sec
L2_BW_total  =     222.0044 GB/Sec
gpu_total_sim_rate=633102

========= Core cache stats =========
L1I_cache:
	L1I_total_cache_accesses = 0
	L1I_total_cache_misses = 0
	L1I_total_cache_pending_hits = 0
	L1I_total_cache_reservation_fails = 0
L1D_cache:
	L1D_cache_core[0]: Access = 48480, Miss = 32320, Miss_rate = 0.667, Pending_hits = 0, Reservation_fails = 19256
	L1D_cache_core[1]: Access = 48336, Miss = 32224, Miss_rate = 0.667, Pending_hits = 0, Reservation_fails = 17505
	L1D_cache_core[2]: Access = 49200, Miss = 32800, Miss_rate = 0.667, Pending_hits = 0, Reservation_fails = 18058
	L1D_cache_core[3]: Access = 48240, Miss = 32160, Miss_rate = 0.667, Pending_hits = 0, Reservation_fails = 19288
	L1D_cache_core[4]: Access = 51120, Miss = 34080, Miss_rate = 0.667, Pending_hits = 0, Reservation_fails = 14627
	L1D_cache_core[5]: Access = 47808, Miss = 31872, Miss_rate = 0.667, Pending_hits = 0, Reservation_fails = 19371
	L1D_cache_core[6]: Access = 48480, Miss = 32320, Miss_rate = 0.667, Pending_hits = 0, Reservation_fails = 18105
	L1D_cache_core[7]: Access = 49488, Miss = 32992, Miss_rate = 0.667, Pending_hits = 0, Reservation_fails = 18010
	L1D_cache_core[8]: Access = 50448, Miss = 33632, Miss_rate = 0.667, Pending_hits = 0, Reservation_fails = 18175
	L1D_cache_core[9]: Access = 48672, Miss = 32448, Miss_rate = 0.667, Pending_hits = 0, Reservation_fails = 18304
	L1D_cache_core[10]: Access = 48432, Miss = 32288, Miss_rate = 0.667, Pending_hits = 0, Reservation_fails = 18893
	L1D_cache_core[11]: Access = 49920, Miss = 33280, Miss_rate = 0.667, Pending_hits = 0, Reservation_fails = 17018
	L1D_cache_core[12]: Access = 50016, Miss = 33344, Miss_rate = 0.667, Pending_hits = 0, Reservation_fails = 16729
	L1D_cache_core[13]: Access = 48048, Miss = 32032, Miss_rate = 0.667, Pending_hits = 0, Reservation_fails = 17929
	L1D_cache_core[14]: Access = 50160, Miss = 33440, Miss_rate = 0.667, Pending_hits = 0, Reservation_fails = 16393
	L1D_cache_core[15]: Access = 49584, Miss = 33056, Miss_rate = 0.667, Pending_hits = 0, Reservation_fails = 16698
	L1D_total_cache_accesses = 786432
	L1D_total_cache_misses = 524288
	L1D_total_cache_miss_rate = 0.6667
	L1D_total_cache_pending_hits = 0
	L1D_total_cache_reservation_fails = 284359
	L1D_cache_data_port_util = 0.212
	L1D_cache_fill_port_util = 0.212
L1C_cache:
	L1C_total_cache_accesses = 0
	L1C_total_cache_misses = 0
	L1C_total_cache_pending_hits = 0
	L1C_total_cache_reservation_fails = 0
L1T_cache:
	L1T_total_cache_accesses = 0
	L1T_total_cache_misses = 0
	L1T_total_cache_pending_hits = 0
	L1T_total_cache_reservation_fails = 0

Total_core_cache_stats:
	Total_core_cache_stats_breakdown[GLOBAL_ACC_R][HIT] = 131072
	Total_core_cache_stats_breakdown[GLOBAL_ACC_R][HIT_RESERVED] = 0
	Total_core_cache_stats_breakdown[GLOBAL_ACC_R][MISS] = 32768
	Total_core_cache_stats_breakdown[GLOBAL_ACC_R][RESERVATION_FAIL] = 107581
	Total_core_cache_stats_breakdown[GLOBAL_ACC_R][SECTOR_MISS] = 98304
	Total_core_cache_stats_breakdown[GLOBAL_ACC_R][MSHR_HIT] = 0
	Total_core_cache_stats_breakdown[LOCAL_ACC_R][HIT] = 0
	Total_core_cache_stats_breakdown[LOCAL_ACC_R][HIT_RESERVED] = 0
	Total_core_cache_stats_breakdown[LOCAL_ACC_R][MISS] = 0
	Total_core_cache_stats_breakdown[LOCAL_ACC_R][RESERVATION_FAIL] = 0
	Total_core_cache_stats_breakdown[LOCAL_ACC_R][SECTOR_MISS] = 0
	Total_core_cache_stats_breakdown[LOCAL_ACC_R][MSHR_HIT] = 0
	Total_core_cache_stats_breakdown[CONST_ACC_R][HIT] = 0
	Total_core_cache_stats_breakdown[CONST_ACC_R][HIT_RESERVED] = 0
	Total_core_cache_stats_breakdown[CONST_ACC_R][MISS] = 0
	Total_core_cache_stats_breakdown[CONST_ACC_R][RESERVATION_FAIL] = 0
	Total_core_cache_stats_breakdown[CONST_ACC_R][SECTOR_MISS] = 0
	Total_core_cache_stats_breakdown[CONST_ACC_R][MSHR_HIT] = 0
	Total_core_cache_stats_breakdown[TEXTURE_ACC_R][HIT] = 0
	Total_core_cache_stats_breakdown[TEXTURE_ACC_R][HIT_RESERVED] = 0
	Total_core_cache_stats_breakdown[TEXTURE_ACC_R][MISS] = 0
	Total_core_cache_stats_breakdown[TEXTURE_ACC_R][RESERVATION_FAIL] = 0
	Total_core_cache_stats_breakdown[TEXTURE_ACC_R][SECTOR_MISS] = 0
	Total_core_cache_stats_breakdown[TEXTURE_ACC_R][MSHR_HIT] = 0
	Total_core_cache_stats_breakdown[GLOBAL_ACC_W][HIT] = 0
	Total_core_cache_stats_breakdown[GLOBAL_ACC_W][HIT_RESERVED] = 0
	Total_core_cache_stats_breakdown[GLOBAL_ACC_W][MISS] = 32768
	Total_core_cache_stats_breakdown[GLOBAL_ACC_W][RESERVATION_FAIL] = 29552
	Total_core_cache_stats_breakdown[GLOBAL_ACC_W][SECTOR_MISS] = 98304
	Total_core_cache_stats_breakdown[GLOBAL_ACC_W][MSHR_HIT] = 0
	Total_core_cache_stats_breakdown[LOCAL_ACC_W][HIT] = 0
	Total_core_cache_stats_breakdown[LOCAL_ACC_W][HIT_RESERVED] = 0
	Total_core_cache_stats_breakdown[LOCAL_ACC_W][MISS] = 0
	Total_core_cache_stats_breakdown[LOCAL_ACC_W][RESERVATION_FAIL] = 0
	Total_core_cache_stats_breakdown[LOCAL_ACC_W][SECTOR_MISS] = 0
	Total_core_cache_stats_breakdown[LOCAL_ACC_W][MSHR_HIT] = 0
	Total_core_cache_stats_breakdown[L1_WRBK_ACC][HIT] = 0
	Total_core_cache_stats_breakdown[L1_WRBK_ACC][HIT_RESERVED] = 0
	Total_core_cache_stats_breakdown[L1_WRBK_ACC][MISS] = 0
	Total_core_cache_stats_breakdown[L1_WRBK_ACC][RESERVATION_FAIL] = 0
	Total_core_cache_stats_breakdown[L1_WRBK_ACC][SECTOR_MISS] = 0
	Total_core_cache_stats_breakdown[L1_WRBK_ACC][MSHR_HIT] = 0
	Total_core_cache_stats_breakdown[L2_WRBK_ACC][HIT] = 0
	Total_core_cache_stats_breakdown[L2_WRBK_ACC][HIT_RESERVED] = 0
	Total_core_cache_stats_breakdown[L2_WRBK_ACC][MISS] = 0
	Total_core_cache_stats_breakdown[L2_WRBK_ACC][RESERVATION_FAIL] = 0
	Total_core_cache_stats_breakdown[L2_WRBK_ACC][SECTOR_MISS] = 0
	Total_core_cache_stats_breakdown[L2_WRBK_ACC][MSHR_HIT] = 0
	Total_core_cache_stats_breakdown[INST_ACC_R][HIT] = 0
	Total_core_cache_stats_breakdown[INST_ACC_R][HIT_RESERVED] = 0
	Total_core_cache_stats_breakdown[INST_ACC_R][MISS] = 0
	Total_core_cache_stats_breakdown[INST_ACC_R][RESERVATION_FAIL] = 0
	Total_core_cache_stats_breakdown[INST_ACC_R][SECTOR_MISS] = 0
	Total_core_cache_stats_breakdown[INST_ACC_R][MSHR_HIT] = 0
	Total_core_cache_stats_breakdown[L1_WR_ALLOC_R][HIT] = 0
	Total_core_cache_stats_breakdown[L1_WR_ALLOC_R][HIT_RESERVED] = 0
	Total_core_cache_stats_breakdown[L1_WR_ALLOC_R][MISS] = 0
	Total_core_cache_stats_breakdown[L1_WR_ALLOC_R][RESERVATION_FAIL] = 0
	Total_core_cache_stats_breakdown[L1_WR_ALLOC_R][SECTOR_MISS] = 0
	Total_core_cache_stats_breakdown[L1_WR_ALLOC_R][MSHR_HIT] = 0
	Total_core_cache_stats_breakdown[L2_WR_ALLOC_R][HIT] = 0
	Total_core_cache_stats_breakdown[L2_WR_ALLOC_R][HIT_RESERVED] = 0
	Total_core_cache_stats_breakdown[L2_WR_ALLOC_R][MISS] = 0
	Total_core_cache_stats_breakdown[L2_WR_ALLOC_R][RESERVATION_FAIL] = 0
	Total_core_cache_stats_breakdown[L2_WR_ALLOC_R][SECTOR_MISS] = 0
	Total_core_cache_stats_breakdown[L2_WR_ALLOC_R][MSHR_HIT] = 0
	Total_core_cache_stats_breakdown[GLOBAL_ACC_R][TOTAL_ACCESS] = 262144
	Total_core_cache_stats_breakdown[GLOBAL_ACC_W][TOTAL_ACCESS] = 131072

Total_core_cache_fail_stats:
	Total_core_cache_fail_stats_breakdown[GLOBAL_ACC_R][MISS_QUEUE_FULL] = 107581
	Total_core_cache_fail_stats_breakdown[GLOBAL_ACC_W][MISS_QUEUE_FULL] = 29552
ctas_completed 16384, Shader 0 warp_id issue ditsribution:
warp_id:
0, 1, 2, 3, 4, 5, 6, 7, 8, 9, 10, 11, 12, 13, 14, 15, 16, 17, 18, 19, 20, 21, 22, 23, 24, 25, 26, 27, 28, 29, 30, 31, 32, 33, 34, 35, 36, 37, 38, 39, 40, 41, 42, 43, 44, 45, 46, 47, 
distro:
2871, 2871, 2871, 2871, 2838, 2838, 2838, 2838, 2805, 2805, 2805, 2805, 2805, 2805, 2805, 2805, 2772, 2772, 2772, 2772, 2739, 2739, 2739, 2739, 2739, 2739, 2739, 2739, 2739, 2739, 2739, 2739, 2805, 2805, 2805, 2805, 2739, 2739, 2739, 2739, 2739, 2739, 2739, 2739, 2739, 2739, 2739, 2739, 
gpgpu_n_tot_thrd_icount = 69206016
gpgpu_n_tot_w_icount = 2162688
gpgpu_n_stall_shd_mem = 3753
gpgpu_n_mem_read_local = 0
gpgpu_n_mem_write_local = 0
gpgpu_n_mem_read_global = 262144
gpgpu_n_mem_write_global = 262144
gpgpu_n_mem_texture = 0
gpgpu_n_mem_const = 0
gpgpu_n_load_insn  = 4194304
gpgpu_n_store_insn = 2097152
gpgpu_n_shmem_insn = 0
gpgpu_n_sstarr_insn = 0
gpgpu_n_tex_insn = 0
gpgpu_n_const_mem_insn = 0
gpgpu_n_param_mem_insn = 8388608
gpgpu_n_shmem_bkconflict = 0
gpgpu_n_l1cache_bkconflict = 3753
gpgpu_n_intrawarp_mshr_merge = 0
gpgpu_n_cmem_portconflict = 0
gpgpu_stall_shd_mem[c_mem][resource_stall] = 0
gpgpu_stall_shd_mem[s_mem][bk_conf] = 0
gpgpu_stall_shd_mem[gl_mem][resource_stall] = 3753
gpgpu_stall_shd_mem[gl_mem][coal_stall] = 0
gpgpu_stall_shd_mem[gl_mem][data_port_stall] = 0
gpu_reg_bank_conflict_stalls = 0
Warp Occupancy Distribution:
Stall:657999	W0_Idle:81724	W0_Scoreboard:2046273	W1:0	W2:0	W3:0	W4:0	W5:0	W6:0	W7:0	W8:0	W9:0	W10:0	W11:0	W12:0	W13:0	W14:0	W15:0	W16:0	W17:0	W18:0	W19:0	W20:0	W21:0	W22:0	W23:0	W24:0	W25:0	W26:0	W27:0	W28:0	W29:0	W30:0	W31:0	W32:2162688
single_issue_nums: WS0:540672	WS1:540672	WS2:540672	WS3:540672	
dual_issue_nums: WS0:0	WS1:0	WS2:0	WS3:0	
traffic_breakdown_coretomem[GLOBAL_ACC_R] = 2097152 {8:262144,}
traffic_breakdown_coretomem[GLOBAL_ACC_W] = 10485760 {40:262144,}
traffic_breakdown_memtocore[GLOBAL_ACC_R] = 10485760 {40:262144,}
traffic_breakdown_memtocore[GLOBAL_ACC_W] = 2097152 {8:262144,}
maxmflatency = 503 
max_icnt2mem_latency = 235 
maxmrqlatency = 0 
max_icnt2sh_latency = 171 
averagemflatency = 262 
avg_icnt2mem_latency = 61 
avg_icnt2sh_latency = 11 
mrq_lat_table:0 	0 	0 	0 	0 	0 	0 	0 	0 	0 	0 	0 	0 	0 	0 	0 	0 	0 	0 	0 	0 	0 	0 	0 	0 	0 	0 	0 	0 	0 	0 	0 	
dq_lat_table:0 	0 	0 	0 	0 	0 	0 	0 	0 	0 	0 	0 	0 	0 	0 	0 	0 	0 	0 	0 	0 	0 	0 	0 	0 	0 	0 	0 	0 	0 	0 	0 	
mf_lat_table:0 	0 	0 	0 	0 	0 	0 	295697 	228591 	0 	0 	0 	0 	0 	0 	0 	0 	0 	0 	0 	0 	0 	0 	0 	0 	0 	0 	0 	0 	0 	0 	0 	
icnt2mem_lat_table:0 	0 	0 	0 	0 	383130 	121513 	19645 	0 	0 	0 	0 	0 	0 	0 	0 	0 	0 	0 	0 	0 	0 	0 	0 	
icnt2sh_lat_table:0 	175957 	110558 	112681 	83999 	36396 	4581 	116 	0 	0 	0 	0 	0 	0 	0 	0 	0 	0 	0 	0 	0 	0 	0 	0 	
mf_lat_pw_table:0 	0 	0 	0 	0 	0 	0 	49 	104 	0 	0 	0 	0 	0 	0 	0 	0 	0 	0 	0 	0 	0 	0 	0 	0 	0 	0 	0 	0 	0 	0 	0 	
maximum concurrent accesses to same row:
dram[0]:         0         0         0         0         0         0         0         0         0         0         0         0         0         0         0         0 
dram[1]:         0         0         0         0         0         0         0         0         0         0         0         0         0         0         0         0 
dram[2]:         0         0         0         0         0         0         0         0         0         0         0         0         0         0         0         0 
dram[3]:         0         0         0         0         0         0         0         0         0         0         0         0         0         0         0         0 
dram[4]:         0         0         0         0         0         0         0         0         0         0         0         0         0         0         0         0 
dram[5]:         0         0         0         0         0         0         0         0         0         0         0         0         0         0         0         0 
dram[6]:         0         0         0         0         0         0         0         0         0         0         0         0         0         0         0         0 
dram[7]:         0         0         0         0         0         0         0         0         0         0         0         0         0         0         0         0 
dram[8]:         0         0         0         0         0         0         0         0         0         0         0         0         0         0         0         0 
dram[9]:         0         0         0         0         0         0         0         0         0         0         0         0         0         0         0         0 
dram[10]:         0         0         0         0         0         0         0         0         0         0         0         0         0         0         0         0 
dram[11]:         0         0         0         0         0         0         0         0         0         0         0         0         0         0         0         0 
dram[12]:         0         0         0         0         0         0         0         0         0         0         0         0         0         0         0         0 
dram[13]:         0         0         0         0         0         0         0         0         0         0         0         0         0         0         0         0 
dram[14]:         0         0         0         0         0         0         0         0         0         0         0         0         0         0         0         0 
dram[15]:         0         0         0         0         0         0         0         0         0         0         0         0         0         0         0         0 
maximum service time to same row:
dram[0]:         0         0         0         0         0         0         0         0         0         0         0         0         0         0         0         0 
dram[1]:         0         0         0         0         0         0         0         0         0         0         0         0         0         0         0         0 
dram[2]:         0         0         0         0         0         0         0         0         0         0         0         0         0         0         0         0 
dram[3]:         0         0         0         0         0         0         0         0         0         0         0         0         0         0         0         0 
dram[4]:         0         0         0         0         0         0         0         0         0         0         0         0         0         0         0         0 
dram[5]:         0         0         0         0         0         0         0         0         0         0         0         0         0         0         0         0 
dram[6]:         0         0         0         0         0         0         0         0         0         0         0         0         0         0         0         0 
dram[7]:         0         0         0         0         0         0         0         0         0         0         0         0         0         0         0         0 
dram[8]:         0         0         0         0         0         0         0         0         0         0         0         0         0         0         0         0 
dram[9]:         0         0         0         0         0         0         0         0         0         0         0         0         0         0         0         0 
dram[10]:         0         0         0         0         0         0         0         0         0         0         0         0         0         0         0         0 
dram[11]:         0         0         0         0         0         0         0         0         0         0         0         0         0         0         0         0 
dram[12]:         0         0         0         0         0         0         0         0         0         0         0         0         0         0         0         0 
dram[13]:         0         0         0         0         0         0         0         0         0         0         0         0         0         0         0         0 
dram[14]:         0         0         0         0         0         0         0         0         0         0         0         0         0         0         0         0 
dram[15]:         0         0         0         0         0         0         0         0         0         0         0         0         0         0         0         0 
average row accesses per activate:
dram[0]:      -nan      -nan      -nan      -nan      -nan      -nan      -nan      -nan      -nan      -nan      -nan      -nan      -nan      -nan      -nan      -nan 
dram[1]:      -nan      -nan      -nan      -nan      -nan      -nan      -nan      -nan      -nan      -nan      -nan      -nan      -nan      -nan      -nan      -nan 
dram[2]:      -nan      -nan      -nan      -nan      -nan      -nan      -nan      -nan      -nan      -nan      -nan      -nan      -nan      -nan      -nan      -nan 
dram[3]:      -nan      -nan      -nan      -nan      -nan      -nan      -nan      -nan      -nan      -nan      -nan      -nan      -nan      -nan      -nan      -nan 
dram[4]:      -nan      -nan      -nan      -nan      -nan      -nan      -nan      -nan      -nan      -nan      -nan      -nan      -nan      -nan      -nan      -nan 
dram[5]:      -nan      -nan      -nan      -nan      -nan      -nan      -nan      -nan      -nan      -nan      -nan      -nan      -nan      -nan      -nan      -nan 
dram[6]:      -nan      -nan      -nan      -nan      -nan      -nan      -nan      -nan      -nan      -nan      -nan      -nan      -nan      -nan      -nan      -nan 
dram[7]:      -nan      -nan      -nan      -nan      -nan      -nan      -nan      -nan      -nan      -nan      -nan      -nan      -nan      -nan      -nan      -nan 
dram[8]:      -nan      -nan      -nan      -nan      -nan      -nan      -nan      -nan      -nan      -nan      -nan      -nan      -nan      -nan      -nan      -nan 
dram[9]:      -nan      -nan      -nan      -nan      -nan      -nan      -nan      -nan      -nan      -nan      -nan      -nan      -nan      -nan      -nan      -nan 
dram[10]:      -nan      -nan      -nan      -nan      -nan      -nan      -nan      -nan      -nan      -nan      -nan      -nan      -nan      -nan      -nan      -nan 
dram[11]:      -nan      -nan      -nan      -nan      -nan      -nan      -nan      -nan      -nan      -nan      -nan      -nan      -nan      -nan      -nan      -nan 
dram[12]:      -nan      -nan      -nan      -nan      -nan      -nan      -nan      -nan      -nan      -nan      -nan      -nan      -nan      -nan      -nan      -nan 
dram[13]:      -nan      -nan      -nan      -nan      -nan      -nan      -nan      -nan      -nan      -nan      -nan      -nan      -nan      -nan      -nan      -nan 
dram[14]:      -nan      -nan      -nan      -nan      -nan      -nan      -nan      -nan      -nan      -nan      -nan      -nan      -nan      -nan      -nan      -nan 
dram[15]:      -nan      -nan      -nan      -nan      -nan      -nan      -nan      -nan      -nan      -nan      -nan      -nan      -nan      -nan      -nan      -nan 
average row locality = 0/0 = -nan
number of total memory accesses made:
dram[0]:         0         0         0         0         0         0         0         0         0         0         0         0         0         0         0         0 
dram[1]:         0         0         0         0         0         0         0         0         0         0         0         0         0         0         0         0 
dram[2]:         0         0         0         0         0         0         0         0         0         0         0         0         0         0         0         0 
dram[3]:         0         0         0         0         0         0         0         0         0         0         0         0         0         0         0         0 
dram[4]:         0         0         0         0         0         0         0         0         0         0         0         0         0         0         0         0 
dram[5]:         0         0         0         0         0         0         0         0         0         0         0         0         0         0         0         0 
dram[6]:         0         0         0         0         0         0         0         0         0         0         0         0         0         0         0         0 
dram[7]:         0         0         0         0         0         0         0         0         0         0         0         0         0         0         0         0 
dram[8]:         0         0         0         0         0         0         0         0         0         0         0         0         0         0         0         0 
dram[9]:         0         0         0         0         0         0         0         0         0         0         0         0         0         0         0         0 
dram[10]:         0         0         0         0         0         0         0         0         0         0         0         0         0         0         0         0 
dram[11]:         0         0         0         0         0         0         0         0         0         0         0         0         0         0         0         0 
dram[12]:         0         0         0         0         0         0         0         0         0         0         0         0         0         0         0         0 
dram[13]:         0         0         0         0         0         0         0         0         0         0         0         0         0         0         0         0 
dram[14]:         0         0         0         0         0         0         0         0         0         0         0         0         0         0         0         0 
dram[15]:         0         0         0         0         0         0         0         0         0         0         0         0         0         0         0         0 
total accesses: 0
min_bank_accesses = 0!
min_chip_accesses = 0!
number of total read accesses:
dram[0]:         0         0         0         0         0         0         0         0         0         0         0         0         0         0         0         0 
dram[1]:         0         0         0         0         0         0         0         0         0         0         0         0         0         0         0         0 
dram[2]:         0         0         0         0         0         0         0         0         0         0         0         0         0         0         0         0 
dram[3]:         0         0         0         0         0         0         0         0         0         0         0         0         0         0         0         0 
dram[4]:         0         0         0         0         0         0         0         0         0         0         0         0         0         0         0         0 
dram[5]:         0         0         0         0         0         0         0         0         0         0         0         0         0         0         0         0 
dram[6]:         0         0         0         0         0         0         0         0         0         0         0         0         0         0         0         0 
dram[7]:         0         0         0         0         0         0         0         0         0         0         0         0         0         0         0         0 
dram[8]:         0         0         0         0         0         0         0         0         0         0         0         0         0         0         0         0 
dram[9]:         0         0         0         0         0         0         0         0         0         0         0         0         0         0         0         0 
dram[10]:         0         0         0         0         0         0         0         0         0         0         0         0         0         0         0         0 
dram[11]:         0         0         0         0         0         0         0         0         0         0         0         0         0         0         0         0 
dram[12]:         0         0         0         0         0         0         0         0         0         0         0         0         0         0         0         0 
dram[13]:         0         0         0         0         0         0         0         0         0         0         0         0         0         0         0         0 
dram[14]:         0         0         0         0         0         0         0         0         0         0         0         0         0         0         0         0 
dram[15]:         0         0         0         0         0         0         0         0         0         0         0         0         0         0         0         0 
total dram reads = 0
min_bank_accesses = 0!
min_chip_accesses = 0!
number of total write accesses:
dram[0]:         0         0         0         0         0         0         0         0         0         0         0         0         0         0         0         0 
dram[1]:         0         0         0         0         0         0         0         0         0         0         0         0         0         0         0         0 
dram[2]:         0         0         0         0         0         0         0         0         0         0         0         0         0         0         0         0 
dram[3]:         0         0         0         0         0         0         0         0         0         0         0         0         0         0         0         0 
dram[4]:         0         0         0         0         0         0         0         0         0         0         0         0         0         0         0         0 
dram[5]:         0         0         0         0         0         0         0         0         0         0         0         0         0         0         0         0 
dram[6]:         0         0         0         0         0         0         0         0         0         0         0         0         0         0         0         0 
dram[7]:         0         0         0         0         0         0         0         0         0         0         0         0         0         0         0         0 
dram[8]:         0         0         0         0         0         0         0         0         0         0         0         0         0         0         0         0 
dram[9]:         0         0         0         0         0         0         0         0         0         0         0         0         0         0         0         0 
dram[10]:         0         0         0         0         0         0         0         0         0         0         0         0         0         0         0         0 
dram[11]:         0         0         0         0         0         0         0         0         0         0         0         0         0         0         0         0 
dram[12]:         0         0         0         0         0         0         0         0         0         0         0         0         0         0         0         0 
dram[13]:         0         0         0         0         0         0         0         0         0         0         0         0         0         0         0         0 
dram[14]:         0         0         0         0         0         0         0         0         0         0         0         0         0         0         0         0 
dram[15]:         0         0         0         0         0         0         0         0         0         0         0         0         0         0         0         0 
total dram writes = 0
min_bank_accesses = 0!
min_chip_accesses = 0!
average mf latency per bank:
dram[0]:     none      none      none      none      none      none      none      none      none      none      none      none      none      none      none      none  
dram[1]:     none      none      none      none      none      none      none      none      none      none      none      none      none      none      none      none  
dram[2]:     none      none      none      none      none      none      none      none      none      none      none      none      none      none      none      none  
dram[3]:     none      none      none      none      none      none      none      none      none      none      none      none      none      none      none      none  
dram[4]:     none      none      none      none      none      none      none      none      none      none      none      none      none      none      none      none  
dram[5]:     none      none      none      none      none      none      none      none      none      none      none      none      none      none      none      none  
dram[6]:     none      none      none      none      none      none      none      none      none      none      none      none      none      none      none      none  
dram[7]:     none      none      none      none      none      none      none      none      none      none      none      none      none      none      none      none  
dram[8]:     none      none      none      none      none      none      none      none      none      none      none      none      none      none      none      none  
dram[9]:     none      none      none      none      none      none      none      none      none      none      none      none      none      none      none      none  
dram[10]:     none      none      none      none      none      none      none      none      none      none      none      none      none      none      none      none  
dram[11]:     none      none      none      none      none      none      none      none      none      none      none      none      none      none      none      none  
dram[12]:     none      none      none      none      none      none      none      none      none      none      none      none      none      none      none      none  
dram[13]:     none      none      none      none      none      none      none      none      none      none      none      none      none      none      none      none  
dram[14]:     none      none      none      none      none      none      none      none      none      none      none      none      none      none      none      none  
dram[15]:     none      none      none      none      none      none      none      none      none      none      none      none      none      none      none      none  
maximum mf latency per bank:
dram[0]:        458       443       454       446       421       422       417       410       429       423       413       413       414       389       403       384
dram[1]:        458       458       459       466       410       394       412       421       447       421       393       391       396       398       396       393
dram[2]:        468       465       446       444       427       427       418       414       411       418       385       400       393       389       415       417
dram[3]:        482       467       453       455       437       423       413       397       400       414       391       395       395       394       374       383
dram[4]:        449       439       434       430       415       396       419       416       431       406       451       415       404       404       382       383
dram[5]:        455       454       448       448       426       412       387       394       437       437       405       411       405       399       403       403
dram[6]:        462       459       454       452       417       410       400       412       410       416       387       394       391       373       416       429
dram[7]:        445       458       445       448       414       421       405       410       403       409       389       403       385       401       407       424
dram[8]:        446       480       443       465       476       503       420       416       408       422       413       384       404       401       386       413
dram[9]:        480       449       461       454       411       393       370       377       410       420       427       423       426       401       386       395
dram[10]:        434       444       439       438       421       432       412       384       431       412       399       398       366       375       371       382
dram[11]:        432       458       435       441       416       438       390       393       411       417       407       412       377       393       395       392
dram[12]:        484       467       479       462       418       406       411       423       402       387       387       388       403       384       398       440
dram[13]:        477       456       478       450       414       407       383       390       405       384       382       399       375       402       419       378
dram[14]:        463       457       454       452       422       419       410       401       405       411       391       426       393       386       396       404
dram[15]:        460       457       445       455       453       442       402       409       403       409       401       397       398       389       392       398
Memory Partition 0: 
Cache L2_bank_000:
MSHR contents

Cache L2_bank_001:
MSHR contents

In Dram Latency Queue (total = 0): 
DRAM[0]: 16 bks, busW=2 BL=16 CL=24, tRRD=12 tCCD=4, tRCD=24 tRAS=55 tRP=24 tRC=78
n_cmd=120913 n_nop=120913 n_act=0 n_pre=0 n_ref_event=0 n_req=0 n_rd=0 n_rd_L2_A=0 n_write=0 n_wr_bk=0 bw_util=0
n_activity=0 dram_eff=-nan
bk0: 0a 120913i bk1: 0a 120913i bk2: 0a 120913i bk3: 0a 120913i bk4: 0a 120913i bk5: 0a 120913i bk6: 0a 120913i bk7: 0a 120913i bk8: 0a 120913i bk9: 0a 120913i bk10: 0a 120913i bk11: 0a 120913i bk12: 0a 120913i bk13: 0a 120913i bk14: 0a 120913i bk15: 0a 120913i 

------------------------------------------------------------------------

Row_Buffer_Locality = -nan
Row_Buffer_Locality_read = -nan
Row_Buffer_Locality_write = -nan
Bank_Level_Parallism = -nan
Bank_Level_Parallism_Col = -nan
Bank_Level_Parallism_Ready = -nan
write_to_read_ratio_blp_rw_average = -nan
GrpLevelPara = -nan 

BW Util details:
bwutil = 0.000000 
total_CMD = 120913 
util_bw = 0 
Wasted_Col = 0 
Wasted_Row = 0 
Idle = 120913 

BW Util Bottlenecks: 
RCDc_limit = 0 
RCDWRc_limit = 0 
WTRc_limit = 0 
RTWc_limit = 0 
CCDLc_limit = 0 
rwq = 0 
CCDLc_limit_alone = 0 
WTRc_limit_alone = 0 
RTWc_limit_alone = 0 

Commands details: 
total_CMD = 120913 
n_nop = 120913 
Read = 0 
Write = 0 
L2_Alloc = 0 
L2_WB = 0 
n_act = 0 
n_pre = 0 
n_ref = 0 
n_req = 0 
total_req = 0 

Dual Bus Interface Util: 
issued_total_row = 0 
issued_total_col = 0 
Row_Bus_Util =  0.000000 
CoL_Bus_Util = 0.000000 
Either_Row_CoL_Bus_Util = 0.000000 
Issued_on_Two_Bus_Simul_Util = 0.000000 
issued_two_Eff = -nan 
queue_avg = 0.000000 


dram_util_bins: 0 0 0 0 0 0 0 0 0 0
dram_eff_bins: 0 0 0 0 0 0 0 0 0 0
mrqq: max=0 avg=0
Memory Partition 1: 
Cache L2_bank_002:
MSHR contents

Cache L2_bank_003:
MSHR contents

In Dram Latency Queue (total = 0): 
DRAM[1]: 16 bks, busW=2 BL=16 CL=24, tRRD=12 tCCD=4, tRCD=24 tRAS=55 tRP=24 tRC=78
n_cmd=120913 n_nop=120913 n_act=0 n_pre=0 n_ref_event=0 n_req=0 n_rd=0 n_rd_L2_A=0 n_write=0 n_wr_bk=0 bw_util=0
n_activity=0 dram_eff=-nan
bk0: 0a 120913i bk1: 0a 120913i bk2: 0a 120913i bk3: 0a 120913i bk4: 0a 120913i bk5: 0a 120913i bk6: 0a 120913i bk7: 0a 120913i bk8: 0a 120913i bk9: 0a 120913i bk10: 0a 120913i bk11: 0a 120913i bk12: 0a 120913i bk13: 0a 120913i bk14: 0a 120913i bk15: 0a 120913i 

------------------------------------------------------------------------

Row_Buffer_Locality = -nan
Row_Buffer_Locality_read = -nan
Row_Buffer_Locality_write = -nan
Bank_Level_Parallism = -nan
Bank_Level_Parallism_Col = -nan
Bank_Level_Parallism_Ready = -nan
write_to_read_ratio_blp_rw_average = -nan
GrpLevelPara = -nan 

BW Util details:
bwutil = 0.000000 
total_CMD = 120913 
util_bw = 0 
Wasted_Col = 0 
Wasted_Row = 0 
Idle = 120913 

BW Util Bottlenecks: 
RCDc_limit = 0 
RCDWRc_limit = 0 
WTRc_limit = 0 
RTWc_limit = 0 
CCDLc_limit = 0 
rwq = 0 
CCDLc_limit_alone = 0 
WTRc_limit_alone = 0 
RTWc_limit_alone = 0 

Commands details: 
total_CMD = 120913 
n_nop = 120913 
Read = 0 
Write = 0 
L2_Alloc = 0 
L2_WB = 0 
n_act = 0 
n_pre = 0 
n_ref = 0 
n_req = 0 
total_req = 0 

Dual Bus Interface Util: 
issued_total_row = 0 
issued_total_col = 0 
Row_Bus_Util =  0.000000 
CoL_Bus_Util = 0.000000 
Either_Row_CoL_Bus_Util = 0.000000 
Issued_on_Two_Bus_Simul_Util = 0.000000 
issued_two_Eff = -nan 
queue_avg = 0.000000 


dram_util_bins: 0 0 0 0 0 0 0 0 0 0
dram_eff_bins: 0 0 0 0 0 0 0 0 0 0
mrqq: max=0 avg=0
Memory Partition 2: 
Cache L2_bank_004:
MSHR contents

Cache L2_bank_005:
MSHR contents

In Dram Latency Queue (total = 0): 
DRAM[2]: 16 bks, busW=2 BL=16 CL=24, tRRD=12 tCCD=4, tRCD=24 tRAS=55 tRP=24 tRC=78
n_cmd=120913 n_nop=120913 n_act=0 n_pre=0 n_ref_event=0 n_req=0 n_rd=0 n_rd_L2_A=0 n_write=0 n_wr_bk=0 bw_util=0
n_activity=0 dram_eff=-nan
bk0: 0a 120913i bk1: 0a 120913i bk2: 0a 120913i bk3: 0a 120913i bk4: 0a 120913i bk5: 0a 120913i bk6: 0a 120913i bk7: 0a 120913i bk8: 0a 120913i bk9: 0a 120913i bk10: 0a 120913i bk11: 0a 120913i bk12: 0a 120913i bk13: 0a 120913i bk14: 0a 120913i bk15: 0a 120913i 

------------------------------------------------------------------------

Row_Buffer_Locality = -nan
Row_Buffer_Locality_read = -nan
Row_Buffer_Locality_write = -nan
Bank_Level_Parallism = -nan
Bank_Level_Parallism_Col = -nan
Bank_Level_Parallism_Ready = -nan
write_to_read_ratio_blp_rw_average = -nan
GrpLevelPara = -nan 

BW Util details:
bwutil = 0.000000 
total_CMD = 120913 
util_bw = 0 
Wasted_Col = 0 
Wasted_Row = 0 
Idle = 120913 

BW Util Bottlenecks: 
RCDc_limit = 0 
RCDWRc_limit = 0 
WTRc_limit = 0 
RTWc_limit = 0 
CCDLc_limit = 0 
rwq = 0 
CCDLc_limit_alone = 0 
WTRc_limit_alone = 0 
RTWc_limit_alone = 0 

Commands details: 
total_CMD = 120913 
n_nop = 120913 
Read = 0 
Write = 0 
L2_Alloc = 0 
L2_WB = 0 
n_act = 0 
n_pre = 0 
n_ref = 0 
n_req = 0 
total_req = 0 

Dual Bus Interface Util: 
issued_total_row = 0 
issued_total_col = 0 
Row_Bus_Util =  0.000000 
CoL_Bus_Util = 0.000000 
Either_Row_CoL_Bus_Util = 0.000000 
Issued_on_Two_Bus_Simul_Util = 0.000000 
issued_two_Eff = -nan 
queue_avg = 0.000000 


dram_util_bins: 0 0 0 0 0 0 0 0 0 0
dram_eff_bins: 0 0 0 0 0 0 0 0 0 0
mrqq: max=0 avg=0
Memory Partition 3: 
Cache L2_bank_006:
MSHR contents

Cache L2_bank_007:
MSHR contents

In Dram Latency Queue (total = 0): 
DRAM[3]: 16 bks, busW=2 BL=16 CL=24, tRRD=12 tCCD=4, tRCD=24 tRAS=55 tRP=24 tRC=78
n_cmd=120913 n_nop=120913 n_act=0 n_pre=0 n_ref_event=0 n_req=0 n_rd=0 n_rd_L2_A=0 n_write=0 n_wr_bk=0 bw_util=0
n_activity=0 dram_eff=-nan
bk0: 0a 120913i bk1: 0a 120913i bk2: 0a 120913i bk3: 0a 120913i bk4: 0a 120913i bk5: 0a 120913i bk6: 0a 120913i bk7: 0a 120913i bk8: 0a 120913i bk9: 0a 120913i bk10: 0a 120913i bk11: 0a 120913i bk12: 0a 120913i bk13: 0a 120913i bk14: 0a 120913i bk15: 0a 120913i 

------------------------------------------------------------------------

Row_Buffer_Locality = -nan
Row_Buffer_Locality_read = -nan
Row_Buffer_Locality_write = -nan
Bank_Level_Parallism = -nan
Bank_Level_Parallism_Col = -nan
Bank_Level_Parallism_Ready = -nan
write_to_read_ratio_blp_rw_average = -nan
GrpLevelPara = -nan 

BW Util details:
bwutil = 0.000000 
total_CMD = 120913 
util_bw = 0 
Wasted_Col = 0 
Wasted_Row = 0 
Idle = 120913 

BW Util Bottlenecks: 
RCDc_limit = 0 
RCDWRc_limit = 0 
WTRc_limit = 0 
RTWc_limit = 0 
CCDLc_limit = 0 
rwq = 0 
CCDLc_limit_alone = 0 
WTRc_limit_alone = 0 
RTWc_limit_alone = 0 

Commands details: 
total_CMD = 120913 
n_nop = 120913 
Read = 0 
Write = 0 
L2_Alloc = 0 
L2_WB = 0 
n_act = 0 
n_pre = 0 
n_ref = 0 
n_req = 0 
total_req = 0 

Dual Bus Interface Util: 
issued_total_row = 0 
issued_total_col = 0 
Row_Bus_Util =  0.000000 
CoL_Bus_Util = 0.000000 
Either_Row_CoL_Bus_Util = 0.000000 
Issued_on_Two_Bus_Simul_Util = 0.000000 
issued_two_Eff = -nan 
queue_avg = 0.000000 


dram_util_bins: 0 0 0 0 0 0 0 0 0 0
dram_eff_bins: 0 0 0 0 0 0 0 0 0 0
mrqq: max=0 avg=0
Memory Partition 4: 
Cache L2_bank_008:
MSHR contents

Cache L2_bank_009:
MSHR contents

In Dram Latency Queue (total = 0): 
DRAM[4]: 16 bks, busW=2 BL=16 CL=24, tRRD=12 tCCD=4, tRCD=24 tRAS=55 tRP=24 tRC=78
n_cmd=120913 n_nop=120913 n_act=0 n_pre=0 n_ref_event=0 n_req=0 n_rd=0 n_rd_L2_A=0 n_write=0 n_wr_bk=0 bw_util=0
n_activity=0 dram_eff=-nan
bk0: 0a 120913i bk1: 0a 120913i bk2: 0a 120913i bk3: 0a 120913i bk4: 0a 120913i bk5: 0a 120913i bk6: 0a 120913i bk7: 0a 120913i bk8: 0a 120913i bk9: 0a 120913i bk10: 0a 120913i bk11: 0a 120913i bk12: 0a 120913i bk13: 0a 120913i bk14: 0a 120913i bk15: 0a 120913i 

------------------------------------------------------------------------

Row_Buffer_Locality = -nan
Row_Buffer_Locality_read = -nan
Row_Buffer_Locality_write = -nan
Bank_Level_Parallism = -nan
Bank_Level_Parallism_Col = -nan
Bank_Level_Parallism_Ready = -nan
write_to_read_ratio_blp_rw_average = -nan
GrpLevelPara = -nan 

BW Util details:
bwutil = 0.000000 
total_CMD = 120913 
util_bw = 0 
Wasted_Col = 0 
Wasted_Row = 0 
Idle = 120913 

BW Util Bottlenecks: 
RCDc_limit = 0 
RCDWRc_limit = 0 
WTRc_limit = 0 
RTWc_limit = 0 
CCDLc_limit = 0 
rwq = 0 
CCDLc_limit_alone = 0 
WTRc_limit_alone = 0 
RTWc_limit_alone = 0 

Commands details: 
total_CMD = 120913 
n_nop = 120913 
Read = 0 
Write = 0 
L2_Alloc = 0 
L2_WB = 0 
n_act = 0 
n_pre = 0 
n_ref = 0 
n_req = 0 
total_req = 0 

Dual Bus Interface Util: 
issued_total_row = 0 
issued_total_col = 0 
Row_Bus_Util =  0.000000 
CoL_Bus_Util = 0.000000 
Either_Row_CoL_Bus_Util = 0.000000 
Issued_on_Two_Bus_Simul_Util = 0.000000 
issued_two_Eff = -nan 
queue_avg = 0.000000 


dram_util_bins: 0 0 0 0 0 0 0 0 0 0
dram_eff_bins: 0 0 0 0 0 0 0 0 0 0
mrqq: max=0 avg=0
Memory Partition 5: 
Cache L2_bank_010:
MSHR contents

Cache L2_bank_011:
MSHR contents

In Dram Latency Queue (total = 0): 
DRAM[5]: 16 bks, busW=2 BL=16 CL=24, tRRD=12 tCCD=4, tRCD=24 tRAS=55 tRP=24 tRC=78
n_cmd=120913 n_nop=120913 n_act=0 n_pre=0 n_ref_event=0 n_req=0 n_rd=0 n_rd_L2_A=0 n_write=0 n_wr_bk=0 bw_util=0
n_activity=0 dram_eff=-nan
bk0: 0a 120913i bk1: 0a 120913i bk2: 0a 120913i bk3: 0a 120913i bk4: 0a 120913i bk5: 0a 120913i bk6: 0a 120913i bk7: 0a 120913i bk8: 0a 120913i bk9: 0a 120913i bk10: 0a 120913i bk11: 0a 120913i bk12: 0a 120913i bk13: 0a 120913i bk14: 0a 120913i bk15: 0a 120913i 

------------------------------------------------------------------------

Row_Buffer_Locality = -nan
Row_Buffer_Locality_read = -nan
Row_Buffer_Locality_write = -nan
Bank_Level_Parallism = -nan
Bank_Level_Parallism_Col = -nan
Bank_Level_Parallism_Ready = -nan
write_to_read_ratio_blp_rw_average = -nan
GrpLevelPara = -nan 

BW Util details:
bwutil = 0.000000 
total_CMD = 120913 
util_bw = 0 
Wasted_Col = 0 
Wasted_Row = 0 
Idle = 120913 

BW Util Bottlenecks: 
RCDc_limit = 0 
RCDWRc_limit = 0 
WTRc_limit = 0 
RTWc_limit = 0 
CCDLc_limit = 0 
rwq = 0 
CCDLc_limit_alone = 0 
WTRc_limit_alone = 0 
RTWc_limit_alone = 0 

Commands details: 
total_CMD = 120913 
n_nop = 120913 
Read = 0 
Write = 0 
L2_Alloc = 0 
L2_WB = 0 
n_act = 0 
n_pre = 0 
n_ref = 0 
n_req = 0 
total_req = 0 

Dual Bus Interface Util: 
issued_total_row = 0 
issued_total_col = 0 
Row_Bus_Util =  0.000000 
CoL_Bus_Util = 0.000000 
Either_Row_CoL_Bus_Util = 0.000000 
Issued_on_Two_Bus_Simul_Util = 0.000000 
issued_two_Eff = -nan 
queue_avg = 0.000000 


dram_util_bins: 0 0 0 0 0 0 0 0 0 0
dram_eff_bins: 0 0 0 0 0 0 0 0 0 0
mrqq: max=0 avg=0
Memory Partition 6: 
Cache L2_bank_012:
MSHR contents

Cache L2_bank_013:
MSHR contents

In Dram Latency Queue (total = 0): 
DRAM[6]: 16 bks, busW=2 BL=16 CL=24, tRRD=12 tCCD=4, tRCD=24 tRAS=55 tRP=24 tRC=78
n_cmd=120913 n_nop=120913 n_act=0 n_pre=0 n_ref_event=0 n_req=0 n_rd=0 n_rd_L2_A=0 n_write=0 n_wr_bk=0 bw_util=0
n_activity=0 dram_eff=-nan
bk0: 0a 120913i bk1: 0a 120913i bk2: 0a 120913i bk3: 0a 120913i bk4: 0a 120913i bk5: 0a 120913i bk6: 0a 120913i bk7: 0a 120913i bk8: 0a 120913i bk9: 0a 120913i bk10: 0a 120913i bk11: 0a 120913i bk12: 0a 120913i bk13: 0a 120913i bk14: 0a 120913i bk15: 0a 120913i 

------------------------------------------------------------------------

Row_Buffer_Locality = -nan
Row_Buffer_Locality_read = -nan
Row_Buffer_Locality_write = -nan
Bank_Level_Parallism = -nan
Bank_Level_Parallism_Col = -nan
Bank_Level_Parallism_Ready = -nan
write_to_read_ratio_blp_rw_average = -nan
GrpLevelPara = -nan 

BW Util details:
bwutil = 0.000000 
total_CMD = 120913 
util_bw = 0 
Wasted_Col = 0 
Wasted_Row = 0 
Idle = 120913 

BW Util Bottlenecks: 
RCDc_limit = 0 
RCDWRc_limit = 0 
WTRc_limit = 0 
RTWc_limit = 0 
CCDLc_limit = 0 
rwq = 0 
CCDLc_limit_alone = 0 
WTRc_limit_alone = 0 
RTWc_limit_alone = 0 

Commands details: 
total_CMD = 120913 
n_nop = 120913 
Read = 0 
Write = 0 
L2_Alloc = 0 
L2_WB = 0 
n_act = 0 
n_pre = 0 
n_ref = 0 
n_req = 0 
total_req = 0 

Dual Bus Interface Util: 
issued_total_row = 0 
issued_total_col = 0 
Row_Bus_Util =  0.000000 
CoL_Bus_Util = 0.000000 
Either_Row_CoL_Bus_Util = 0.000000 
Issued_on_Two_Bus_Simul_Util = 0.000000 
issued_two_Eff = -nan 
queue_avg = 0.000000 


dram_util_bins: 0 0 0 0 0 0 0 0 0 0
dram_eff_bins: 0 0 0 0 0 0 0 0 0 0
mrqq: max=0 avg=0
Memory Partition 7: 
Cache L2_bank_014:
MSHR contents

Cache L2_bank_015:
MSHR contents

In Dram Latency Queue (total = 0): 
DRAM[7]: 16 bks, busW=2 BL=16 CL=24, tRRD=12 tCCD=4, tRCD=24 tRAS=55 tRP=24 tRC=78
n_cmd=120913 n_nop=120913 n_act=0 n_pre=0 n_ref_event=0 n_req=0 n_rd=0 n_rd_L2_A=0 n_write=0 n_wr_bk=0 bw_util=0
n_activity=0 dram_eff=-nan
bk0: 0a 120913i bk1: 0a 120913i bk2: 0a 120913i bk3: 0a 120913i bk4: 0a 120913i bk5: 0a 120913i bk6: 0a 120913i bk7: 0a 120913i bk8: 0a 120913i bk9: 0a 120913i bk10: 0a 120913i bk11: 0a 120913i bk12: 0a 120913i bk13: 0a 120913i bk14: 0a 120913i bk15: 0a 120913i 

------------------------------------------------------------------------

Row_Buffer_Locality = -nan
Row_Buffer_Locality_read = -nan
Row_Buffer_Locality_write = -nan
Bank_Level_Parallism = -nan
Bank_Level_Parallism_Col = -nan
Bank_Level_Parallism_Ready = -nan
write_to_read_ratio_blp_rw_average = -nan
GrpLevelPara = -nan 

BW Util details:
bwutil = 0.000000 
total_CMD = 120913 
util_bw = 0 
Wasted_Col = 0 
Wasted_Row = 0 
Idle = 120913 

BW Util Bottlenecks: 
RCDc_limit = 0 
RCDWRc_limit = 0 
WTRc_limit = 0 
RTWc_limit = 0 
CCDLc_limit = 0 
rwq = 0 
CCDLc_limit_alone = 0 
WTRc_limit_alone = 0 
RTWc_limit_alone = 0 

Commands details: 
total_CMD = 120913 
n_nop = 120913 
Read = 0 
Write = 0 
L2_Alloc = 0 
L2_WB = 0 
n_act = 0 
n_pre = 0 
n_ref = 0 
n_req = 0 
total_req = 0 

Dual Bus Interface Util: 
issued_total_row = 0 
issued_total_col = 0 
Row_Bus_Util =  0.000000 
CoL_Bus_Util = 0.000000 
Either_Row_CoL_Bus_Util = 0.000000 
Issued_on_Two_Bus_Simul_Util = 0.000000 
issued_two_Eff = -nan 
queue_avg = 0.000000 


dram_util_bins: 0 0 0 0 0 0 0 0 0 0
dram_eff_bins: 0 0 0 0 0 0 0 0 0 0
mrqq: max=0 avg=0
Memory Partition 8: 
Cache L2_bank_016:
MSHR contents

Cache L2_bank_017:
MSHR contents

In Dram Latency Queue (total = 0): 
DRAM[8]: 16 bks, busW=2 BL=16 CL=24, tRRD=12 tCCD=4, tRCD=24 tRAS=55 tRP=24 tRC=78
n_cmd=120913 n_nop=120913 n_act=0 n_pre=0 n_ref_event=0 n_req=0 n_rd=0 n_rd_L2_A=0 n_write=0 n_wr_bk=0 bw_util=0
n_activity=0 dram_eff=-nan
bk0: 0a 120913i bk1: 0a 120913i bk2: 0a 120913i bk3: 0a 120913i bk4: 0a 120913i bk5: 0a 120913i bk6: 0a 120913i bk7: 0a 120913i bk8: 0a 120913i bk9: 0a 120913i bk10: 0a 120913i bk11: 0a 120913i bk12: 0a 120913i bk13: 0a 120913i bk14: 0a 120913i bk15: 0a 120913i 

------------------------------------------------------------------------

Row_Buffer_Locality = -nan
Row_Buffer_Locality_read = -nan
Row_Buffer_Locality_write = -nan
Bank_Level_Parallism = -nan
Bank_Level_Parallism_Col = -nan
Bank_Level_Parallism_Ready = -nan
write_to_read_ratio_blp_rw_average = -nan
GrpLevelPara = -nan 

BW Util details:
bwutil = 0.000000 
total_CMD = 120913 
util_bw = 0 
Wasted_Col = 0 
Wasted_Row = 0 
Idle = 120913 

BW Util Bottlenecks: 
RCDc_limit = 0 
RCDWRc_limit = 0 
WTRc_limit = 0 
RTWc_limit = 0 
CCDLc_limit = 0 
rwq = 0 
CCDLc_limit_alone = 0 
WTRc_limit_alone = 0 
RTWc_limit_alone = 0 

Commands details: 
total_CMD = 120913 
n_nop = 120913 
Read = 0 
Write = 0 
L2_Alloc = 0 
L2_WB = 0 
n_act = 0 
n_pre = 0 
n_ref = 0 
n_req = 0 
total_req = 0 

Dual Bus Interface Util: 
issued_total_row = 0 
issued_total_col = 0 
Row_Bus_Util =  0.000000 
CoL_Bus_Util = 0.000000 
Either_Row_CoL_Bus_Util = 0.000000 
Issued_on_Two_Bus_Simul_Util = 0.000000 
issued_two_Eff = -nan 
queue_avg = 0.000000 


dram_util_bins: 0 0 0 0 0 0 0 0 0 0
dram_eff_bins: 0 0 0 0 0 0 0 0 0 0
mrqq: max=0 avg=0
Memory Partition 9: 
Cache L2_bank_018:
MSHR contents

Cache L2_bank_019:
MSHR contents

In Dram Latency Queue (total = 0): 
DRAM[9]: 16 bks, busW=2 BL=16 CL=24, tRRD=12 tCCD=4, tRCD=24 tRAS=55 tRP=24 tRC=78
n_cmd=120913 n_nop=120913 n_act=0 n_pre=0 n_ref_event=0 n_req=0 n_rd=0 n_rd_L2_A=0 n_write=0 n_wr_bk=0 bw_util=0
n_activity=0 dram_eff=-nan
bk0: 0a 120913i bk1: 0a 120913i bk2: 0a 120913i bk3: 0a 120913i bk4: 0a 120913i bk5: 0a 120913i bk6: 0a 120913i bk7: 0a 120913i bk8: 0a 120913i bk9: 0a 120913i bk10: 0a 120913i bk11: 0a 120913i bk12: 0a 120913i bk13: 0a 120913i bk14: 0a 120913i bk15: 0a 120913i 

------------------------------------------------------------------------

Row_Buffer_Locality = -nan
Row_Buffer_Locality_read = -nan
Row_Buffer_Locality_write = -nan
Bank_Level_Parallism = -nan
Bank_Level_Parallism_Col = -nan
Bank_Level_Parallism_Ready = -nan
write_to_read_ratio_blp_rw_average = -nan
GrpLevelPara = -nan 

BW Util details:
bwutil = 0.000000 
total_CMD = 120913 
util_bw = 0 
Wasted_Col = 0 
Wasted_Row = 0 
Idle = 120913 

BW Util Bottlenecks: 
RCDc_limit = 0 
RCDWRc_limit = 0 
WTRc_limit = 0 
RTWc_limit = 0 
CCDLc_limit = 0 
rwq = 0 
CCDLc_limit_alone = 0 
WTRc_limit_alone = 0 
RTWc_limit_alone = 0 

Commands details: 
total_CMD = 120913 
n_nop = 120913 
Read = 0 
Write = 0 
L2_Alloc = 0 
L2_WB = 0 
n_act = 0 
n_pre = 0 
n_ref = 0 
n_req = 0 
total_req = 0 

Dual Bus Interface Util: 
issued_total_row = 0 
issued_total_col = 0 
Row_Bus_Util =  0.000000 
CoL_Bus_Util = 0.000000 
Either_Row_CoL_Bus_Util = 0.000000 
Issued_on_Two_Bus_Simul_Util = 0.000000 
issued_two_Eff = -nan 
queue_avg = 0.000000 


dram_util_bins: 0 0 0 0 0 0 0 0 0 0
dram_eff_bins: 0 0 0 0 0 0 0 0 0 0
mrqq: max=0 avg=0
Memory Partition 10: 
Cache L2_bank_020:
MSHR contents

Cache L2_bank_021:
MSHR contents

In Dram Latency Queue (total = 0): 
DRAM[10]: 16 bks, busW=2 BL=16 CL=24, tRRD=12 tCCD=4, tRCD=24 tRAS=55 tRP=24 tRC=78
n_cmd=120913 n_nop=120913 n_act=0 n_pre=0 n_ref_event=0 n_req=0 n_rd=0 n_rd_L2_A=0 n_write=0 n_wr_bk=0 bw_util=0
n_activity=0 dram_eff=-nan
bk0: 0a 120913i bk1: 0a 120913i bk2: 0a 120913i bk3: 0a 120913i bk4: 0a 120913i bk5: 0a 120913i bk6: 0a 120913i bk7: 0a 120913i bk8: 0a 120913i bk9: 0a 120913i bk10: 0a 120913i bk11: 0a 120913i bk12: 0a 120913i bk13: 0a 120913i bk14: 0a 120913i bk15: 0a 120913i 

------------------------------------------------------------------------

Row_Buffer_Locality = -nan
Row_Buffer_Locality_read = -nan
Row_Buffer_Locality_write = -nan
Bank_Level_Parallism = -nan
Bank_Level_Parallism_Col = -nan
Bank_Level_Parallism_Ready = -nan
write_to_read_ratio_blp_rw_average = -nan
GrpLevelPara = -nan 

BW Util details:
bwutil = 0.000000 
total_CMD = 120913 
util_bw = 0 
Wasted_Col = 0 
Wasted_Row = 0 
Idle = 120913 

BW Util Bottlenecks: 
RCDc_limit = 0 
RCDWRc_limit = 0 
WTRc_limit = 0 
RTWc_limit = 0 
CCDLc_limit = 0 
rwq = 0 
CCDLc_limit_alone = 0 
WTRc_limit_alone = 0 
RTWc_limit_alone = 0 

Commands details: 
total_CMD = 120913 
n_nop = 120913 
Read = 0 
Write = 0 
L2_Alloc = 0 
L2_WB = 0 
n_act = 0 
n_pre = 0 
n_ref = 0 
n_req = 0 
total_req = 0 

Dual Bus Interface Util: 
issued_total_row = 0 
issued_total_col = 0 
Row_Bus_Util =  0.000000 
CoL_Bus_Util = 0.000000 
Either_Row_CoL_Bus_Util = 0.000000 
Issued_on_Two_Bus_Simul_Util = 0.000000 
issued_two_Eff = -nan 
queue_avg = 0.000000 


dram_util_bins: 0 0 0 0 0 0 0 0 0 0
dram_eff_bins: 0 0 0 0 0 0 0 0 0 0
mrqq: max=0 avg=0
Memory Partition 11: 
Cache L2_bank_022:
MSHR contents

Cache L2_bank_023:
MSHR contents

In Dram Latency Queue (total = 0): 
DRAM[11]: 16 bks, busW=2 BL=16 CL=24, tRRD=12 tCCD=4, tRCD=24 tRAS=55 tRP=24 tRC=78
n_cmd=120913 n_nop=120913 n_act=0 n_pre=0 n_ref_event=0 n_req=0 n_rd=0 n_rd_L2_A=0 n_write=0 n_wr_bk=0 bw_util=0
n_activity=0 dram_eff=-nan
bk0: 0a 120913i bk1: 0a 120913i bk2: 0a 120913i bk3: 0a 120913i bk4: 0a 120913i bk5: 0a 120913i bk6: 0a 120913i bk7: 0a 120913i bk8: 0a 120913i bk9: 0a 120913i bk10: 0a 120913i bk11: 0a 120913i bk12: 0a 120913i bk13: 0a 120913i bk14: 0a 120913i bk15: 0a 120913i 

------------------------------------------------------------------------

Row_Buffer_Locality = -nan
Row_Buffer_Locality_read = -nan
Row_Buffer_Locality_write = -nan
Bank_Level_Parallism = -nan
Bank_Level_Parallism_Col = -nan
Bank_Level_Parallism_Ready = -nan
write_to_read_ratio_blp_rw_average = -nan
GrpLevelPara = -nan 

BW Util details:
bwutil = 0.000000 
total_CMD = 120913 
util_bw = 0 
Wasted_Col = 0 
Wasted_Row = 0 
Idle = 120913 

BW Util Bottlenecks: 
RCDc_limit = 0 
RCDWRc_limit = 0 
WTRc_limit = 0 
RTWc_limit = 0 
CCDLc_limit = 0 
rwq = 0 
CCDLc_limit_alone = 0 
WTRc_limit_alone = 0 
RTWc_limit_alone = 0 

Commands details: 
total_CMD = 120913 
n_nop = 120913 
Read = 0 
Write = 0 
L2_Alloc = 0 
L2_WB = 0 
n_act = 0 
n_pre = 0 
n_ref = 0 
n_req = 0 
total_req = 0 

Dual Bus Interface Util: 
issued_total_row = 0 
issued_total_col = 0 
Row_Bus_Util =  0.000000 
CoL_Bus_Util = 0.000000 
Either_Row_CoL_Bus_Util = 0.000000 
Issued_on_Two_Bus_Simul_Util = 0.000000 
issued_two_Eff = -nan 
queue_avg = 0.000000 


dram_util_bins: 0 0 0 0 0 0 0 0 0 0
dram_eff_bins: 0 0 0 0 0 0 0 0 0 0
mrqq: max=0 avg=0
Memory Partition 12: 
Cache L2_bank_024:
MSHR contents

Cache L2_bank_025:
MSHR contents

In Dram Latency Queue (total = 0): 
DRAM[12]: 16 bks, busW=2 BL=16 CL=24, tRRD=12 tCCD=4, tRCD=24 tRAS=55 tRP=24 tRC=78
n_cmd=120913 n_nop=120913 n_act=0 n_pre=0 n_ref_event=0 n_req=0 n_rd=0 n_rd_L2_A=0 n_write=0 n_wr_bk=0 bw_util=0
n_activity=0 dram_eff=-nan
bk0: 0a 120913i bk1: 0a 120913i bk2: 0a 120913i bk3: 0a 120913i bk4: 0a 120913i bk5: 0a 120913i bk6: 0a 120913i bk7: 0a 120913i bk8: 0a 120913i bk9: 0a 120913i bk10: 0a 120913i bk11: 0a 120913i bk12: 0a 120913i bk13: 0a 120913i bk14: 0a 120913i bk15: 0a 120913i 

------------------------------------------------------------------------

Row_Buffer_Locality = -nan
Row_Buffer_Locality_read = -nan
Row_Buffer_Locality_write = -nan
Bank_Level_Parallism = -nan
Bank_Level_Parallism_Col = -nan
Bank_Level_Parallism_Ready = -nan
write_to_read_ratio_blp_rw_average = -nan
GrpLevelPara = -nan 

BW Util details:
bwutil = 0.000000 
total_CMD = 120913 
util_bw = 0 
Wasted_Col = 0 
Wasted_Row = 0 
Idle = 120913 

BW Util Bottlenecks: 
RCDc_limit = 0 
RCDWRc_limit = 0 
WTRc_limit = 0 
RTWc_limit = 0 
CCDLc_limit = 0 
rwq = 0 
CCDLc_limit_alone = 0 
WTRc_limit_alone = 0 
RTWc_limit_alone = 0 

Commands details: 
total_CMD = 120913 
n_nop = 120913 
Read = 0 
Write = 0 
L2_Alloc = 0 
L2_WB = 0 
n_act = 0 
n_pre = 0 
n_ref = 0 
n_req = 0 
total_req = 0 

Dual Bus Interface Util: 
issued_total_row = 0 
issued_total_col = 0 
Row_Bus_Util =  0.000000 
CoL_Bus_Util = 0.000000 
Either_Row_CoL_Bus_Util = 0.000000 
Issued_on_Two_Bus_Simul_Util = 0.000000 
issued_two_Eff = -nan 
queue_avg = 0.000000 


dram_util_bins: 0 0 0 0 0 0 0 0 0 0
dram_eff_bins: 0 0 0 0 0 0 0 0 0 0
mrqq: max=0 avg=0
Memory Partition 13: 
Cache L2_bank_026:
MSHR contents

Cache L2_bank_027:
MSHR contents

In Dram Latency Queue (total = 0): 
DRAM[13]: 16 bks, busW=2 BL=16 CL=24, tRRD=12 tCCD=4, tRCD=24 tRAS=55 tRP=24 tRC=78
n_cmd=120913 n_nop=120913 n_act=0 n_pre=0 n_ref_event=0 n_req=0 n_rd=0 n_rd_L2_A=0 n_write=0 n_wr_bk=0 bw_util=0
n_activity=0 dram_eff=-nan
bk0: 0a 120913i bk1: 0a 120913i bk2: 0a 120913i bk3: 0a 120913i bk4: 0a 120913i bk5: 0a 120913i bk6: 0a 120913i bk7: 0a 120913i bk8: 0a 120913i bk9: 0a 120913i bk10: 0a 120913i bk11: 0a 120913i bk12: 0a 120913i bk13: 0a 120913i bk14: 0a 120913i bk15: 0a 120913i 

------------------------------------------------------------------------

Row_Buffer_Locality = -nan
Row_Buffer_Locality_read = -nan
Row_Buffer_Locality_write = -nan
Bank_Level_Parallism = -nan
Bank_Level_Parallism_Col = -nan
Bank_Level_Parallism_Ready = -nan
write_to_read_ratio_blp_rw_average = -nan
GrpLevelPara = -nan 

BW Util details:
bwutil = 0.000000 
total_CMD = 120913 
util_bw = 0 
Wasted_Col = 0 
Wasted_Row = 0 
Idle = 120913 

BW Util Bottlenecks: 
RCDc_limit = 0 
RCDWRc_limit = 0 
WTRc_limit = 0 
RTWc_limit = 0 
CCDLc_limit = 0 
rwq = 0 
CCDLc_limit_alone = 0 
WTRc_limit_alone = 0 
RTWc_limit_alone = 0 

Commands details: 
total_CMD = 120913 
n_nop = 120913 
Read = 0 
Write = 0 
L2_Alloc = 0 
L2_WB = 0 
n_act = 0 
n_pre = 0 
n_ref = 0 
n_req = 0 
total_req = 0 

Dual Bus Interface Util: 
issued_total_row = 0 
issued_total_col = 0 
Row_Bus_Util =  0.000000 
CoL_Bus_Util = 0.000000 
Either_Row_CoL_Bus_Util = 0.000000 
Issued_on_Two_Bus_Simul_Util = 0.000000 
issued_two_Eff = -nan 
queue_avg = 0.000000 


dram_util_bins: 0 0 0 0 0 0 0 0 0 0
dram_eff_bins: 0 0 0 0 0 0 0 0 0 0
mrqq: max=0 avg=0
Memory Partition 14: 
Cache L2_bank_028:
MSHR contents

Cache L2_bank_029:
MSHR contents

In Dram Latency Queue (total = 0): 
DRAM[14]: 16 bks, busW=2 BL=16 CL=24, tRRD=12 tCCD=4, tRCD=24 tRAS=55 tRP=24 tRC=78
n_cmd=120913 n_nop=120913 n_act=0 n_pre=0 n_ref_event=0 n_req=0 n_rd=0 n_rd_L2_A=0 n_write=0 n_wr_bk=0 bw_util=0
n_activity=0 dram_eff=-nan
bk0: 0a 120913i bk1: 0a 120913i bk2: 0a 120913i bk3: 0a 120913i bk4: 0a 120913i bk5: 0a 120913i bk6: 0a 120913i bk7: 0a 120913i bk8: 0a 120913i bk9: 0a 120913i bk10: 0a 120913i bk11: 0a 120913i bk12: 0a 120913i bk13: 0a 120913i bk14: 0a 120913i bk15: 0a 120913i 

------------------------------------------------------------------------

Row_Buffer_Locality = -nan
Row_Buffer_Locality_read = -nan
Row_Buffer_Locality_write = -nan
Bank_Level_Parallism = -nan
Bank_Level_Parallism_Col = -nan
Bank_Level_Parallism_Ready = -nan
write_to_read_ratio_blp_rw_average = -nan
GrpLevelPara = -nan 

BW Util details:
bwutil = 0.000000 
total_CMD = 120913 
util_bw = 0 
Wasted_Col = 0 
Wasted_Row = 0 
Idle = 120913 

BW Util Bottlenecks: 
RCDc_limit = 0 
RCDWRc_limit = 0 
WTRc_limit = 0 
RTWc_limit = 0 
CCDLc_limit = 0 
rwq = 0 
CCDLc_limit_alone = 0 
WTRc_limit_alone = 0 
RTWc_limit_alone = 0 

Commands details: 
total_CMD = 120913 
n_nop = 120913 
Read = 0 
Write = 0 
L2_Alloc = 0 
L2_WB = 0 
n_act = 0 
n_pre = 0 
n_ref = 0 
n_req = 0 
total_req = 0 

Dual Bus Interface Util: 
issued_total_row = 0 
issued_total_col = 0 
Row_Bus_Util =  0.000000 
CoL_Bus_Util = 0.000000 
Either_Row_CoL_Bus_Util = 0.000000 
Issued_on_Two_Bus_Simul_Util = 0.000000 
issued_two_Eff = -nan 
queue_avg = 0.000000 


dram_util_bins: 0 0 0 0 0 0 0 0 0 0
dram_eff_bins: 0 0 0 0 0 0 0 0 0 0
mrqq: max=0 avg=0
Memory Partition 15: 
Cache L2_bank_030:
MSHR contents

Cache L2_bank_031:
MSHR contents

In Dram Latency Queue (total = 0): 
DRAM[15]: 16 bks, busW=2 BL=16 CL=24, tRRD=12 tCCD=4, tRCD=24 tRAS=55 tRP=24 tRC=78
n_cmd=120913 n_nop=120913 n_act=0 n_pre=0 n_ref_event=0 n_req=0 n_rd=0 n_rd_L2_A=0 n_write=0 n_wr_bk=0 bw_util=0
n_activity=0 dram_eff=-nan
bk0: 0a 120913i bk1: 0a 120913i bk2: 0a 120913i bk3: 0a 120913i bk4: 0a 120913i bk5: 0a 120913i bk6: 0a 120913i bk7: 0a 120913i bk8: 0a 120913i bk9: 0a 120913i bk10: 0a 120913i bk11: 0a 120913i bk12: 0a 120913i bk13: 0a 120913i bk14: 0a 120913i bk15: 0a 120913i 

------------------------------------------------------------------------

Row_Buffer_Locality = -nan
Row_Buffer_Locality_read = -nan
Row_Buffer_Locality_write = -nan
Bank_Level_Parallism = -nan
Bank_Level_Parallism_Col = -nan
Bank_Level_Parallism_Ready = -nan
write_to_read_ratio_blp_rw_average = -nan
GrpLevelPara = -nan 

BW Util details:
bwutil = 0.000000 
total_CMD = 120913 
util_bw = 0 
Wasted_Col = 0 
Wasted_Row = 0 
Idle = 120913 

BW Util Bottlenecks: 
RCDc_limit = 0 
RCDWRc_limit = 0 
WTRc_limit = 0 
RTWc_limit = 0 
CCDLc_limit = 0 
rwq = 0 
CCDLc_limit_alone = 0 
WTRc_limit_alone = 0 
RTWc_limit_alone = 0 

Commands details: 
total_CMD = 120913 
n_nop = 120913 
Read = 0 
Write = 0 
L2_Alloc = 0 
L2_WB = 0 
n_act = 0 
n_pre = 0 
n_ref = 0 
n_req = 0 
total_req = 0 

Dual Bus Interface Util: 
issued_total_row = 0 
issued_total_col = 0 
Row_Bus_Util =  0.000000 
CoL_Bus_Util = 0.000000 
Either_Row_CoL_Bus_Util = 0.000000 
Issued_on_Two_Bus_Simul_Util = 0.000000 
issued_two_Eff = -nan 
queue_avg = 0.000000 


dram_util_bins: 0 0 0 0 0 0 0 0 0 0
dram_eff_bins: 0 0 0 0 0 0 0 0 0 0
mrqq: max=0 avg=0

========= L2 cache stats =========
L2_cache_bank[0]: Access = 16384, Miss = 2048, Miss_rate = 0.125, Pending_hits = 0, Reservation_fails = 0
L2_cache_bank[1]: Access = 16384, Miss = 2048, Miss_rate = 0.125, Pending_hits = 0, Reservation_fails = 0
L2_cache_bank[2]: Access = 16384, Miss = 2048, Miss_rate = 0.125, Pending_hits = 0, Reservation_fails = 0
L2_cache_bank[3]: Access = 16384, Miss = 2048, Miss_rate = 0.125, Pending_hits = 0, Reservation_fails = 0
L2_cache_bank[4]: Access = 16384, Miss = 2048, Miss_rate = 0.125, Pending_hits = 0, Reservation_fails = 0
L2_cache_bank[5]: Access = 16384, Miss = 2048, Miss_rate = 0.125, Pending_hits = 0, Reservation_fails = 0
L2_cache_bank[6]: Access = 16384, Miss = 2048, Miss_rate = 0.125, Pending_hits = 0, Reservation_fails = 0
L2_cache_bank[7]: Access = 16384, Miss = 2048, Miss_rate = 0.125, Pending_hits = 0, Reservation_fails = 0
L2_cache_bank[8]: Access = 16384, Miss = 2048, Miss_rate = 0.125, Pending_hits = 0, Reservation_fails = 0
L2_cache_bank[9]: Access = 16384, Miss = 2048, Miss_rate = 0.125, Pending_hits = 0, Reservation_fails = 0
L2_cache_bank[10]: Access = 16384, Miss = 2048, Miss_rate = 0.125, Pending_hits = 0, Reservation_fails = 0
L2_cache_bank[11]: Access = 16384, Miss = 2048, Miss_rate = 0.125, Pending_hits = 0, Reservation_fails = 0
L2_cache_bank[12]: Access = 16384, Miss = 2048, Miss_rate = 0.125, Pending_hits = 0, Reservation_fails = 0
L2_cache_bank[13]: Access = 16384, Miss = 2048, Miss_rate = 0.125, Pending_hits = 0, Reservation_fails = 0
L2_cache_bank[14]: Access = 16384, Miss = 2048, Miss_rate = 0.125, Pending_hits = 0, Reservation_fails = 0
L2_cache_bank[15]: Access = 16384, Miss = 2048, Miss_rate = 0.125, Pending_hits = 0, Reservation_fails = 0
L2_cache_bank[16]: Access = 16384, Miss = 2048, Miss_rate = 0.125, Pending_hits = 0, Reservation_fails = 0
L2_cache_bank[17]: Access = 16384, Miss = 2048, Miss_rate = 0.125, Pending_hits = 0, Reservation_fails = 0
L2_cache_bank[18]: Access = 16384, Miss = 2048, Miss_rate = 0.125, Pending_hits = 0, Reservation_fails = 0
L2_cache_bank[19]: Access = 16384, Miss = 2048, Miss_rate = 0.125, Pending_hits = 0, Reservation_fails = 0
L2_cache_bank[20]: Access = 16384, Miss = 2048, Miss_rate = 0.125, Pending_hits = 0, Reservation_fails = 0
L2_cache_bank[21]: Access = 16384, Miss = 2048, Miss_rate = 0.125, Pending_hits = 0, Reservation_fails = 0
L2_cache_bank[22]: Access = 16384, Miss = 2048, Miss_rate = 0.125, Pending_hits = 0, Reservation_fails = 0
L2_cache_bank[23]: Access = 16384, Miss = 2048, Miss_rate = 0.125, Pending_hits = 0, Reservation_fails = 0
L2_cache_bank[24]: Access = 16384, Miss = 2048, Miss_rate = 0.125, Pending_hits = 0, Reservation_fails = 0
L2_cache_bank[25]: Access = 16384, Miss = 2048, Miss_rate = 0.125, Pending_hits = 0, Reservation_fails = 0
L2_cache_bank[26]: Access = 16384, Miss = 2048, Miss_rate = 0.125, Pending_hits = 0, Reservation_fails = 0
L2_cache_bank[27]: Access = 16384, Miss = 2048, Miss_rate = 0.125, Pending_hits = 0, Reservation_fails = 0
L2_cache_bank[28]: Access = 16384, Miss = 2048, Miss_rate = 0.125, Pending_hits = 0, Reservation_fails = 0
L2_cache_bank[29]: Access = 16384, Miss = 2048, Miss_rate = 0.125, Pending_hits = 0, Reservation_fails = 0
L2_cache_bank[30]: Access = 16384, Miss = 2048, Miss_rate = 0.125, Pending_hits = 0, Reservation_fails = 0
L2_cache_bank[31]: Access = 16384, Miss = 2048, Miss_rate = 0.125, Pending_hits = 0, Reservation_fails = 0
L2_total_cache_accesses = 524288
L2_total_cache_misses = 65536
L2_total_cache_miss_rate = 0.1250
L2_total_cache_pending_hits = 0
L2_total_cache_reservation_fails = 0
L2_total_cache_breakdown:
	L2_cache_stats_breakdown[GLOBAL_ACC_R][HIT] = 131072
	L2_cache_stats_breakdown[GLOBAL_ACC_R][HIT_RESERVED] = 0
	L2_cache_stats_breakdown[GLOBAL_ACC_R][MISS] = 0
	L2_cache_stats_breakdown[GLOBAL_ACC_R][RESERVATION_FAIL] = 0
	L2_cache_stats_breakdown[GLOBAL_ACC_R][SECTOR_MISS] = 0
	L2_cache_stats_breakdown[GLOBAL_ACC_R][MSHR_HIT] = 0
	L2_cache_stats_breakdown[LOCAL_ACC_R][HIT] = 0
	L2_cache_stats_breakdown[LOCAL_ACC_R][HIT_RESERVED] = 0
	L2_cache_stats_breakdown[LOCAL_ACC_R][MISS] = 0
	L2_cache_stats_breakdown[LOCAL_ACC_R][RESERVATION_FAIL] = 0
	L2_cache_stats_breakdown[LOCAL_ACC_R][SECTOR_MISS] = 0
	L2_cache_stats_breakdown[LOCAL_ACC_R][MSHR_HIT] = 0
	L2_cache_stats_breakdown[CONST_ACC_R][HIT] = 0
	L2_cache_stats_breakdown[CONST_ACC_R][HIT_RESERVED] = 0
	L2_cache_stats_breakdown[CONST_ACC_R][MISS] = 0
	L2_cache_stats_breakdown[CONST_ACC_R][RESERVATION_FAIL] = 0
	L2_cache_stats_breakdown[CONST_ACC_R][SECTOR_MISS] = 0
	L2_cache_stats_breakdown[CONST_ACC_R][MSHR_HIT] = 0
	L2_cache_stats_breakdown[TEXTURE_ACC_R][HIT] = 0
	L2_cache_stats_breakdown[TEXTURE_ACC_R][HIT_RESERVED] = 0
	L2_cache_stats_breakdown[TEXTURE_ACC_R][MISS] = 0
	L2_cache_stats_breakdown[TEXTURE_ACC_R][RESERVATION_FAIL] = 0
	L2_cache_stats_breakdown[TEXTURE_ACC_R][SECTOR_MISS] = 0
	L2_cache_stats_breakdown[TEXTURE_ACC_R][MSHR_HIT] = 0
	L2_cache_stats_breakdown[GLOBAL_ACC_W][HIT] = 131072
	L2_cache_stats_breakdown[GLOBAL_ACC_W][HIT_RESERVED] = 0
	L2_cache_stats_breakdown[GLOBAL_ACC_W][MISS] = 0
	L2_cache_stats_breakdown[GLOBAL_ACC_W][RESERVATION_FAIL] = 0
	L2_cache_stats_breakdown[GLOBAL_ACC_W][SECTOR_MISS] = 0
	L2_cache_stats_breakdown[GLOBAL_ACC_W][MSHR_HIT] = 0
	L2_cache_stats_breakdown[LOCAL_ACC_W][HIT] = 0
	L2_cache_stats_breakdown[LOCAL_ACC_W][HIT_RESERVED] = 0
	L2_cache_stats_breakdown[LOCAL_ACC_W][MISS] = 0
	L2_cache_stats_breakdown[LOCAL_ACC_W][RESERVATION_FAIL] = 0
	L2_cache_stats_breakdown[LOCAL_ACC_W][SECTOR_MISS] = 0
	L2_cache_stats_breakdown[LOCAL_ACC_W][MSHR_HIT] = 0
	L2_cache_stats_breakdown[L1_WRBK_ACC][HIT] = 0
	L2_cache_stats_breakdown[L1_WRBK_ACC][HIT_RESERVED] = 0
	L2_cache_stats_breakdown[L1_WRBK_ACC][MISS] = 0
	L2_cache_stats_breakdown[L1_WRBK_ACC][RESERVATION_FAIL] = 0
	L2_cache_stats_breakdown[L1_WRBK_ACC][SECTOR_MISS] = 0
	L2_cache_stats_breakdown[L1_WRBK_ACC][MSHR_HIT] = 0
	L2_cache_stats_breakdown[L2_WRBK_ACC][HIT] = 0
	L2_cache_stats_breakdown[L2_WRBK_ACC][HIT_RESERVED] = 0
	L2_cache_stats_breakdown[L2_WRBK_ACC][MISS] = 0
	L2_cache_stats_breakdown[L2_WRBK_ACC][RESERVATION_FAIL] = 0
	L2_cache_stats_breakdown[L2_WRBK_ACC][SECTOR_MISS] = 0
	L2_cache_stats_breakdown[L2_WRBK_ACC][MSHR_HIT] = 0
	L2_cache_stats_breakdown[INST_ACC_R][HIT] = 0
	L2_cache_stats_breakdown[INST_ACC_R][HIT_RESERVED] = 0
	L2_cache_stats_breakdown[INST_ACC_R][MISS] = 0
	L2_cache_stats_breakdown[INST_ACC_R][RESERVATION_FAIL] = 0
	L2_cache_stats_breakdown[INST_ACC_R][SECTOR_MISS] = 0
	L2_cache_stats_breakdown[INST_ACC_R][MSHR_HIT] = 0
	L2_cache_stats_breakdown[L1_WR_ALLOC_R][HIT] = 0
	L2_cache_stats_breakdown[L1_WR_ALLOC_R][HIT_RESERVED] = 0
	L2_cache_stats_breakdown[L1_WR_ALLOC_R][MISS] = 0
	L2_cache_stats_breakdown[L1_WR_ALLOC_R][RESERVATION_FAIL] = 0
	L2_cache_stats_breakdown[L1_WR_ALLOC_R][SECTOR_MISS] = 0
	L2_cache_stats_breakdown[L1_WR_ALLOC_R][MSHR_HIT] = 0
	L2_cache_stats_breakdown[L2_WR_ALLOC_R][HIT] = 0
	L2_cache_stats_breakdown[L2_WR_ALLOC_R][HIT_RESERVED] = 0
	L2_cache_stats_breakdown[L2_WR_ALLOC_R][MISS] = 0
	L2_cache_stats_breakdown[L2_WR_ALLOC_R][RESERVATION_FAIL] = 0
	L2_cache_stats_breakdown[L2_WR_ALLOC_R][SECTOR_MISS] = 0
	L2_cache_stats_breakdown[L2_WR_ALLOC_R][MSHR_HIT] = 0
	L2_cache_stats_breakdown[GLOBAL_ACC_R][TOTAL_ACCESS] = 131072
	L2_cache_stats_breakdown[GLOBAL_ACC_W][TOTAL_ACCESS] = 131072
L2_total_cache_reservation_fail_breakdown:
L2_cache_data_port_util = 0.146
L2_cache_fill_port_util = 0.000

icnt_total_pkts_mem_to_simt=524288
icnt_total_pkts_simt_to_mem=524288
LD_mem_lat_dist  0 0 0 0 0 0 0 0 0 0 0 0 0 0 0 0 0 0 0 0 0 0 0 0 0 0 0
ST_mem_lat_dist  0 0 0 0 0 0 0 0 0 0 0 0 0 0 0 0 0 0 0 0 0 0 0 0 0 0 0
----------------------------Interconnect-DETAILS--------------------------------
Req_Network_injected_packets_num = 524288
Req_Network_cycles = 98243
Req_Network_injected_packets_per_cycle =       5.3366 
Req_Network_conflicts_per_cycle =       1.0054
Req_Network_conflicts_per_cycle_util =       1.3393
Req_Bank_Level_Parallism =       7.1093
Req_Network_in_buffer_full_per_cycle =       0.0000
Req_Network_in_buffer_avg_util =       1.1051
Req_Network_out_buffer_full_per_cycle =       0.0000
Req_Network_out_buffer_avg_util =       0.1668

Reply_Network_injected_packets_num = 524288
Reply_Network_cycles = 98243
Reply_Network_injected_packets_per_cycle =        5.3366
Reply_Network_conflicts_per_cycle =        8.4104
Reply_Network_conflicts_per_cycle_util =      11.1412
Reply_Bank_Level_Parallism =       7.0694
Reply_Network_in_buffer_full_per_cycle =       0.0000
Reply_Network_in_buffer_avg_util =       1.5648
Reply_Network_out_buffer_full_per_cycle =       0.0000
Reply_Network_out_buffer_avg_util =       0.3335
----------------------------END-of-Interconnect-DETAILS-------------------------


gpgpu_simulation_time = 0 days, 0 hrs, 1 min, 46 sec (106 sec)
gpgpu_simulation_rate = 633102 (inst/sec)
gpgpu_simulation_rate = 926 (cycle/sec)
gpgpu_silicon_slowdown = 1403887x
GPGPU-Sim: synchronize waiting for inactive GPU simulation
GPGPU-Sim API: Stream Manager State
GPGPU-Sim: detected inactive GPU simulation thread
GPGPU-Sim PTX: Setting up arguments for 8 bytes starting at 0x7ffcf854fe80..
GPGPU-Sim PTX: Setting up arguments for 8 bytes starting at 0x7ffcf854fe88..
GPGPU-Sim PTX: Setting up arguments for 4 bytes starting at 0x7ffcf854fe68..
GPGPU-Sim PTX: Setting up arguments for 4 bytes starting at 0x7ffcf854fe6c..

GPGPU-Sim PTX: cudaLaunch for 0x0x556812d3e030 (mode=performance simulation) on stream 0
GPGPU-Sim PTX: PDOM analysis already done for _Z10bsmm_stagePKfPfii 
GPGPU-Sim PTX: pushing kernel '_Z10bsmm_stagePKfPfii' to stream 0, gridDim= (4096,1,1) blockDim = (128,1,1) 
GPGPU-Sim uArch: Shader 1 bind to kernel 5 '_Z10bsmm_stagePKfPfii'
GPGPU-Sim: Reconfigure L1 cache to 128KB
GPGPU-Sim uArch: Shader 2 bind to kernel 5 '_Z10bsmm_stagePKfPfii'
GPGPU-Sim uArch: Shader 3 bind to kernel 5 '_Z10bsmm_stagePKfPfii'
GPGPU-Sim uArch: Shader 4 bind to kernel 5 '_Z10bsmm_stagePKfPfii'
GPGPU-Sim uArch: Shader 5 bind to kernel 5 '_Z10bsmm_stagePKfPfii'
GPGPU-Sim uArch: Shader 6 bind to kernel 5 '_Z10bsmm_stagePKfPfii'
GPGPU-Sim uArch: Shader 7 bind to kernel 5 '_Z10bsmm_stagePKfPfii'
GPGPU-Sim uArch: Shader 8 bind to kernel 5 '_Z10bsmm_stagePKfPfii'
GPGPU-Sim uArch: Shader 9 bind to kernel 5 '_Z10bsmm_stagePKfPfii'
GPGPU-Sim uArch: Shader 10 bind to kernel 5 '_Z10bsmm_stagePKfPfii'
GPGPU-Sim uArch: Shader 11 bind to kernel 5 '_Z10bsmm_stagePKfPfii'
GPGPU-Sim uArch: Shader 12 bind to kernel 5 '_Z10bsmm_stagePKfPfii'
GPGPU-Sim uArch: Shader 13 bind to kernel 5 '_Z10bsmm_stagePKfPfii'
GPGPU-Sim uArch: Shader 14 bind to kernel 5 '_Z10bsmm_stagePKfPfii'
GPGPU-Sim uArch: Shader 15 bind to kernel 5 '_Z10bsmm_stagePKfPfii'
GPGPU-Sim uArch: Shader 0 bind to kernel 5 '_Z10bsmm_stagePKfPfii'
Destroy streams for kernel 5: size 0
kernel_name = _Z10bsmm_stagePKfPfii 
kernel_launch_uid = 5 
kernel_stream_id = 93906327557512
gpu_sim_cycle = 24226
gpu_sim_insn = 16777216
gpu_ipc =     692.5294
gpu_tot_sim_cycle = 122469
gpu_tot_sim_insn = 83886080
gpu_tot_ipc =     684.9576
gpu_tot_issued_cta = 20480
gpu_occupancy = 94.9274% 
gpu_tot_occupancy = 94.5731% 
max_total_param_size = 0
gpu_stall_dramfull = 0
gpu_stall_icnt2sh    = 0
partiton_level_parallism =       5.4104
partiton_level_parallism_total  =       5.3512
partiton_level_parallism_util =       7.3426
partiton_level_parallism_util_total  =       7.1547
L2_BW  =     225.0720 GB/Sec
L2_BW_total  =     222.6112 GB/Sec
gpu_total_sim_rate=635500

========= Core cache stats =========
L1I_cache:
	L1I_total_cache_accesses = 0
	L1I_total_cache_misses = 0
	L1I_total_cache_pending_hits = 0
	L1I_total_cache_reservation_fails = 0
L1D_cache:
	L1D_cache_core[0]: Access = 60912, Miss = 40608, Miss_rate = 0.667, Pending_hits = 0, Reservation_fails = 23112
	L1D_cache_core[1]: Access = 60192, Miss = 40128, Miss_rate = 0.667, Pending_hits = 0, Reservation_fails = 22208
	L1D_cache_core[2]: Access = 61008, Miss = 40672, Miss_rate = 0.667, Pending_hits = 0, Reservation_fails = 22142
	L1D_cache_core[3]: Access = 61344, Miss = 40896, Miss_rate = 0.667, Pending_hits = 0, Reservation_fails = 22046
	L1D_cache_core[4]: Access = 63264, Miss = 42176, Miss_rate = 0.667, Pending_hits = 0, Reservation_fails = 18853
	L1D_cache_core[5]: Access = 61104, Miss = 40736, Miss_rate = 0.667, Pending_hits = 0, Reservation_fails = 22405
	L1D_cache_core[6]: Access = 59424, Miss = 39616, Miss_rate = 0.667, Pending_hits = 0, Reservation_fails = 23602
	L1D_cache_core[7]: Access = 60864, Miss = 40576, Miss_rate = 0.667, Pending_hits = 0, Reservation_fails = 23162
	L1D_cache_core[8]: Access = 62880, Miss = 41920, Miss_rate = 0.667, Pending_hits = 0, Reservation_fails = 22000
	L1D_cache_core[9]: Access = 60960, Miss = 40640, Miss_rate = 0.667, Pending_hits = 0, Reservation_fails = 22110
	L1D_cache_core[10]: Access = 60864, Miss = 40576, Miss_rate = 0.667, Pending_hits = 0, Reservation_fails = 23369
	L1D_cache_core[11]: Access = 62688, Miss = 41792, Miss_rate = 0.667, Pending_hits = 0, Reservation_fails = 20294
	L1D_cache_core[12]: Access = 62544, Miss = 41696, Miss_rate = 0.667, Pending_hits = 0, Reservation_fails = 20714
	L1D_cache_core[13]: Access = 60720, Miss = 40480, Miss_rate = 0.667, Pending_hits = 0, Reservation_fails = 21831
	L1D_cache_core[14]: Access = 63072, Miss = 42048, Miss_rate = 0.667, Pending_hits = 0, Reservation_fails = 20088
	L1D_cache_core[15]: Access = 61200, Miss = 40800, Miss_rate = 0.667, Pending_hits = 0, Reservation_fails = 21477
	L1D_total_cache_accesses = 983040
	L1D_total_cache_misses = 655360
	L1D_total_cache_miss_rate = 0.6667
	L1D_total_cache_pending_hits = 0
	L1D_total_cache_reservation_fails = 349413
	L1D_cache_data_port_util = 0.213
	L1D_cache_fill_port_util = 0.213
L1C_cache:
	L1C_total_cache_accesses = 0
	L1C_total_cache_misses = 0
	L1C_total_cache_pending_hits = 0
	L1C_total_cache_reservation_fails = 0
L1T_cache:
	L1T_total_cache_accesses = 0
	L1T_total_cache_misses = 0
	L1T_total_cache_pending_hits = 0
	L1T_total_cache_reservation_fails = 0

Total_core_cache_stats:
	Total_core_cache_stats_breakdown[GLOBAL_ACC_R][HIT] = 196608
	Total_core_cache_stats_breakdown[GLOBAL_ACC_R][HIT_RESERVED] = 0
	Total_core_cache_stats_breakdown[GLOBAL_ACC_R][MISS] = 49152
	Total_core_cache_stats_breakdown[GLOBAL_ACC_R][RESERVATION_FAIL] = 158156
	Total_core_cache_stats_breakdown[GLOBAL_ACC_R][SECTOR_MISS] = 147456
	Total_core_cache_stats_breakdown[GLOBAL_ACC_R][MSHR_HIT] = 0
	Total_core_cache_stats_breakdown[LOCAL_ACC_R][HIT] = 0
	Total_core_cache_stats_breakdown[LOCAL_ACC_R][HIT_RESERVED] = 0
	Total_core_cache_stats_breakdown[LOCAL_ACC_R][MISS] = 0
	Total_core_cache_stats_breakdown[LOCAL_ACC_R][RESERVATION_FAIL] = 0
	Total_core_cache_stats_breakdown[LOCAL_ACC_R][SECTOR_MISS] = 0
	Total_core_cache_stats_breakdown[LOCAL_ACC_R][MSHR_HIT] = 0
	Total_core_cache_stats_breakdown[CONST_ACC_R][HIT] = 0
	Total_core_cache_stats_breakdown[CONST_ACC_R][HIT_RESERVED] = 0
	Total_core_cache_stats_breakdown[CONST_ACC_R][MISS] = 0
	Total_core_cache_stats_breakdown[CONST_ACC_R][RESERVATION_FAIL] = 0
	Total_core_cache_stats_breakdown[CONST_ACC_R][SECTOR_MISS] = 0
	Total_core_cache_stats_breakdown[CONST_ACC_R][MSHR_HIT] = 0
	Total_core_cache_stats_breakdown[TEXTURE_ACC_R][HIT] = 0
	Total_core_cache_stats_breakdown[TEXTURE_ACC_R][HIT_RESERVED] = 0
	Total_core_cache_stats_breakdown[TEXTURE_ACC_R][MISS] = 0
	Total_core_cache_stats_breakdown[TEXTURE_ACC_R][RESERVATION_FAIL] = 0
	Total_core_cache_stats_breakdown[TEXTURE_ACC_R][SECTOR_MISS] = 0
	Total_core_cache_stats_breakdown[TEXTURE_ACC_R][MSHR_HIT] = 0
	Total_core_cache_stats_breakdown[GLOBAL_ACC_W][HIT] = 0
	Total_core_cache_stats_breakdown[GLOBAL_ACC_W][HIT_RESERVED] = 0
	Total_core_cache_stats_breakdown[GLOBAL_ACC_W][MISS] = 49152
	Total_core_cache_stats_breakdown[GLOBAL_ACC_W][RESERVATION_FAIL] = 44031
	Total_core_cache_stats_breakdown[GLOBAL_ACC_W][SECTOR_MISS] = 147456
	Total_core_cache_stats_breakdown[GLOBAL_ACC_W][MSHR_HIT] = 0
	Total_core_cache_stats_breakdown[LOCAL_ACC_W][HIT] = 0
	Total_core_cache_stats_breakdown[LOCAL_ACC_W][HIT_RESERVED] = 0
	Total_core_cache_stats_breakdown[LOCAL_ACC_W][MISS] = 0
	Total_core_cache_stats_breakdown[LOCAL_ACC_W][RESERVATION_FAIL] = 0
	Total_core_cache_stats_breakdown[LOCAL_ACC_W][SECTOR_MISS] = 0
	Total_core_cache_stats_breakdown[LOCAL_ACC_W][MSHR_HIT] = 0
	Total_core_cache_stats_breakdown[L1_WRBK_ACC][HIT] = 0
	Total_core_cache_stats_breakdown[L1_WRBK_ACC][HIT_RESERVED] = 0
	Total_core_cache_stats_breakdown[L1_WRBK_ACC][MISS] = 0
	Total_core_cache_stats_breakdown[L1_WRBK_ACC][RESERVATION_FAIL] = 0
	Total_core_cache_stats_breakdown[L1_WRBK_ACC][SECTOR_MISS] = 0
	Total_core_cache_stats_breakdown[L1_WRBK_ACC][MSHR_HIT] = 0
	Total_core_cache_stats_breakdown[L2_WRBK_ACC][HIT] = 0
	Total_core_cache_stats_breakdown[L2_WRBK_ACC][HIT_RESERVED] = 0
	Total_core_cache_stats_breakdown[L2_WRBK_ACC][MISS] = 0
	Total_core_cache_stats_breakdown[L2_WRBK_ACC][RESERVATION_FAIL] = 0
	Total_core_cache_stats_breakdown[L2_WRBK_ACC][SECTOR_MISS] = 0
	Total_core_cache_stats_breakdown[L2_WRBK_ACC][MSHR_HIT] = 0
	Total_core_cache_stats_breakdown[INST_ACC_R][HIT] = 0
	Total_core_cache_stats_breakdown[INST_ACC_R][HIT_RESERVED] = 0
	Total_core_cache_stats_breakdown[INST_ACC_R][MISS] = 0
	Total_core_cache_stats_breakdown[INST_ACC_R][RESERVATION_FAIL] = 0
	Total_core_cache_stats_breakdown[INST_ACC_R][SECTOR_MISS] = 0
	Total_core_cache_stats_breakdown[INST_ACC_R][MSHR_HIT] = 0
	Total_core_cache_stats_breakdown[L1_WR_ALLOC_R][HIT] = 0
	Total_core_cache_stats_breakdown[L1_WR_ALLOC_R][HIT_RESERVED] = 0
	Total_core_cache_stats_breakdown[L1_WR_ALLOC_R][MISS] = 0
	Total_core_cache_stats_breakdown[L1_WR_ALLOC_R][RESERVATION_FAIL] = 0
	Total_core_cache_stats_breakdown[L1_WR_ALLOC_R][SECTOR_MISS] = 0
	Total_core_cache_stats_breakdown[L1_WR_ALLOC_R][MSHR_HIT] = 0
	Total_core_cache_stats_breakdown[L2_WR_ALLOC_R][HIT] = 0
	Total_core_cache_stats_breakdown[L2_WR_ALLOC_R][HIT_RESERVED] = 0
	Total_core_cache_stats_breakdown[L2_WR_ALLOC_R][MISS] = 0
	Total_core_cache_stats_breakdown[L2_WR_ALLOC_R][RESERVATION_FAIL] = 0
	Total_core_cache_stats_breakdown[L2_WR_ALLOC_R][SECTOR_MISS] = 0
	Total_core_cache_stats_breakdown[L2_WR_ALLOC_R][MSHR_HIT] = 0
	Total_core_cache_stats_breakdown[GLOBAL_ACC_R][TOTAL_ACCESS] = 393216
	Total_core_cache_stats_breakdown[GLOBAL_ACC_W][TOTAL_ACCESS] = 196608

Total_core_cache_fail_stats:
	Total_core_cache_fail_stats_breakdown[GLOBAL_ACC_R][MISS_QUEUE_FULL] = 158156
	Total_core_cache_fail_stats_breakdown[GLOBAL_ACC_W][MISS_QUEUE_FULL] = 44031
ctas_completed 20480, Shader 0 warp_id issue ditsribution:
warp_id:
0, 1, 2, 3, 4, 5, 6, 7, 8, 9, 10, 11, 12, 13, 14, 15, 16, 17, 18, 19, 20, 21, 22, 23, 24, 25, 26, 27, 28, 29, 30, 31, 32, 33, 34, 35, 36, 37, 38, 39, 40, 41, 42, 43, 44, 45, 46, 47, 
distro:
3630, 3630, 3630, 3630, 3564, 3564, 3564, 3564, 3498, 3498, 3498, 3498, 3531, 3531, 3531, 3531, 3465, 3465, 3465, 3465, 3465, 3465, 3465, 3465, 3465, 3465, 3465, 3465, 3465, 3465, 3465, 3465, 3531, 3531, 3531, 3531, 3399, 3399, 3399, 3399, 3465, 3465, 3465, 3465, 3399, 3399, 3399, 3399, 
gpgpu_n_tot_thrd_icount = 86507520
gpgpu_n_tot_w_icount = 2703360
gpgpu_n_stall_shd_mem = 5102
gpgpu_n_mem_read_local = 0
gpgpu_n_mem_write_local = 0
gpgpu_n_mem_read_global = 327680
gpgpu_n_mem_write_global = 327680
gpgpu_n_mem_texture = 0
gpgpu_n_mem_const = 0
gpgpu_n_load_insn  = 5242880
gpgpu_n_store_insn = 2621440
gpgpu_n_shmem_insn = 0
gpgpu_n_sstarr_insn = 0
gpgpu_n_tex_insn = 0
gpgpu_n_const_mem_insn = 0
gpgpu_n_param_mem_insn = 10485760
gpgpu_n_shmem_bkconflict = 0
gpgpu_n_l1cache_bkconflict = 5102
gpgpu_n_intrawarp_mshr_merge = 0
gpgpu_n_cmem_portconflict = 0
gpgpu_stall_shd_mem[c_mem][resource_stall] = 0
gpgpu_stall_shd_mem[s_mem][bk_conf] = 0
gpgpu_stall_shd_mem[gl_mem][resource_stall] = 5102
gpgpu_stall_shd_mem[gl_mem][coal_stall] = 0
gpgpu_stall_shd_mem[gl_mem][data_port_stall] = 0
gpu_reg_bank_conflict_stalls = 0
Warp Occupancy Distribution:
Stall:816947	W0_Idle:103558	W0_Scoreboard:2530947	W1:0	W2:0	W3:0	W4:0	W5:0	W6:0	W7:0	W8:0	W9:0	W10:0	W11:0	W12:0	W13:0	W14:0	W15:0	W16:0	W17:0	W18:0	W19:0	W20:0	W21:0	W22:0	W23:0	W24:0	W25:0	W26:0	W27:0	W28:0	W29:0	W30:0	W31:0	W32:2703360
single_issue_nums: WS0:675840	WS1:675840	WS2:675840	WS3:675840	
dual_issue_nums: WS0:0	WS1:0	WS2:0	WS3:0	
traffic_breakdown_coretomem[GLOBAL_ACC_R] = 2621440 {8:327680,}
traffic_breakdown_coretomem[GLOBAL_ACC_W] = 13107200 {40:327680,}
traffic_breakdown_memtocore[GLOBAL_ACC_R] = 13107200 {40:327680,}
traffic_breakdown_memtocore[GLOBAL_ACC_W] = 2621440 {8:327680,}
maxmflatency = 503 
max_icnt2mem_latency = 235 
maxmrqlatency = 0 
max_icnt2sh_latency = 171 
averagemflatency = 261 
avg_icnt2mem_latency = 61 
avg_icnt2sh_latency = 11 
mrq_lat_table:0 	0 	0 	0 	0 	0 	0 	0 	0 	0 	0 	0 	0 	0 	0 	0 	0 	0 	0 	0 	0 	0 	0 	0 	0 	0 	0 	0 	0 	0 	0 	0 	
dq_lat_table:0 	0 	0 	0 	0 	0 	0 	0 	0 	0 	0 	0 	0 	0 	0 	0 	0 	0 	0 	0 	0 	0 	0 	0 	0 	0 	0 	0 	0 	0 	0 	0 	
mf_lat_table:0 	0 	0 	0 	0 	0 	0 	375060 	280300 	0 	0 	0 	0 	0 	0 	0 	0 	0 	0 	0 	0 	0 	0 	0 	0 	0 	0 	0 	0 	0 	0 	0 	
icnt2mem_lat_table:0 	0 	0 	0 	0 	482118 	149132 	24110 	0 	0 	0 	0 	0 	0 	0 	0 	0 	0 	0 	0 	0 	0 	0 	0 	
icnt2sh_lat_table:0 	223175 	139758 	141054 	102228 	43601 	5423 	121 	0 	0 	0 	0 	0 	0 	0 	0 	0 	0 	0 	0 	0 	0 	0 	0 	
mf_lat_pw_table:0 	0 	0 	0 	0 	0 	0 	67 	124 	0 	0 	0 	0 	0 	0 	0 	0 	0 	0 	0 	0 	0 	0 	0 	0 	0 	0 	0 	0 	0 	0 	0 	
maximum concurrent accesses to same row:
dram[0]:         0         0         0         0         0         0         0         0         0         0         0         0         0         0         0         0 
dram[1]:         0         0         0         0         0         0         0         0         0         0         0         0         0         0         0         0 
dram[2]:         0         0         0         0         0         0         0         0         0         0         0         0         0         0         0         0 
dram[3]:         0         0         0         0         0         0         0         0         0         0         0         0         0         0         0         0 
dram[4]:         0         0         0         0         0         0         0         0         0         0         0         0         0         0         0         0 
dram[5]:         0         0         0         0         0         0         0         0         0         0         0         0         0         0         0         0 
dram[6]:         0         0         0         0         0         0         0         0         0         0         0         0         0         0         0         0 
dram[7]:         0         0         0         0         0         0         0         0         0         0         0         0         0         0         0         0 
dram[8]:         0         0         0         0         0         0         0         0         0         0         0         0         0         0         0         0 
dram[9]:         0         0         0         0         0         0         0         0         0         0         0         0         0         0         0         0 
dram[10]:         0         0         0         0         0         0         0         0         0         0         0         0         0         0         0         0 
dram[11]:         0         0         0         0         0         0         0         0         0         0         0         0         0         0         0         0 
dram[12]:         0         0         0         0         0         0         0         0         0         0         0         0         0         0         0         0 
dram[13]:         0         0         0         0         0         0         0         0         0         0         0         0         0         0         0         0 
dram[14]:         0         0         0         0         0         0         0         0         0         0         0         0         0         0         0         0 
dram[15]:         0         0         0         0         0         0         0         0         0         0         0         0         0         0         0         0 
maximum service time to same row:
dram[0]:         0         0         0         0         0         0         0         0         0         0         0         0         0         0         0         0 
dram[1]:         0         0         0         0         0         0         0         0         0         0         0         0         0         0         0         0 
dram[2]:         0         0         0         0         0         0         0         0         0         0         0         0         0         0         0         0 
dram[3]:         0         0         0         0         0         0         0         0         0         0         0         0         0         0         0         0 
dram[4]:         0         0         0         0         0         0         0         0         0         0         0         0         0         0         0         0 
dram[5]:         0         0         0         0         0         0         0         0         0         0         0         0         0         0         0         0 
dram[6]:         0         0         0         0         0         0         0         0         0         0         0         0         0         0         0         0 
dram[7]:         0         0         0         0         0         0         0         0         0         0         0         0         0         0         0         0 
dram[8]:         0         0         0         0         0         0         0         0         0         0         0         0         0         0         0         0 
dram[9]:         0         0         0         0         0         0         0         0         0         0         0         0         0         0         0         0 
dram[10]:         0         0         0         0         0         0         0         0         0         0         0         0         0         0         0         0 
dram[11]:         0         0         0         0         0         0         0         0         0         0         0         0         0         0         0         0 
dram[12]:         0         0         0         0         0         0         0         0         0         0         0         0         0         0         0         0 
dram[13]:         0         0         0         0         0         0         0         0         0         0         0         0         0         0         0         0 
dram[14]:         0         0         0         0         0         0         0         0         0         0         0         0         0         0         0         0 
dram[15]:         0         0         0         0         0         0         0         0         0         0         0         0         0         0         0         0 
average row accesses per activate:
dram[0]:      -nan      -nan      -nan      -nan      -nan      -nan      -nan      -nan      -nan      -nan      -nan      -nan      -nan      -nan      -nan      -nan 
dram[1]:      -nan      -nan      -nan      -nan      -nan      -nan      -nan      -nan      -nan      -nan      -nan      -nan      -nan      -nan      -nan      -nan 
dram[2]:      -nan      -nan      -nan      -nan      -nan      -nan      -nan      -nan      -nan      -nan      -nan      -nan      -nan      -nan      -nan      -nan 
dram[3]:      -nan      -nan      -nan      -nan      -nan      -nan      -nan      -nan      -nan      -nan      -nan      -nan      -nan      -nan      -nan      -nan 
dram[4]:      -nan      -nan      -nan      -nan      -nan      -nan      -nan      -nan      -nan      -nan      -nan      -nan      -nan      -nan      -nan      -nan 
dram[5]:      -nan      -nan      -nan      -nan      -nan      -nan      -nan      -nan      -nan      -nan      -nan      -nan      -nan      -nan      -nan      -nan 
dram[6]:      -nan      -nan      -nan      -nan      -nan      -nan      -nan      -nan      -nan      -nan      -nan      -nan      -nan      -nan      -nan      -nan 
dram[7]:      -nan      -nan      -nan      -nan      -nan      -nan      -nan      -nan      -nan      -nan      -nan      -nan      -nan      -nan      -nan      -nan 
dram[8]:      -nan      -nan      -nan      -nan      -nan      -nan      -nan      -nan      -nan      -nan      -nan      -nan      -nan      -nan      -nan      -nan 
dram[9]:      -nan      -nan      -nan      -nan      -nan      -nan      -nan      -nan      -nan      -nan      -nan      -nan      -nan      -nan      -nan      -nan 
dram[10]:      -nan      -nan      -nan      -nan      -nan      -nan      -nan      -nan      -nan      -nan      -nan      -nan      -nan      -nan      -nan      -nan 
dram[11]:      -nan      -nan      -nan      -nan      -nan      -nan      -nan      -nan      -nan      -nan      -nan      -nan      -nan      -nan      -nan      -nan 
dram[12]:      -nan      -nan      -nan      -nan      -nan      -nan      -nan      -nan      -nan      -nan      -nan      -nan      -nan      -nan      -nan      -nan 
dram[13]:      -nan      -nan      -nan      -nan      -nan      -nan      -nan      -nan      -nan      -nan      -nan      -nan      -nan      -nan      -nan      -nan 
dram[14]:      -nan      -nan      -nan      -nan      -nan      -nan      -nan      -nan      -nan      -nan      -nan      -nan      -nan      -nan      -nan      -nan 
dram[15]:      -nan      -nan      -nan      -nan      -nan      -nan      -nan      -nan      -nan      -nan      -nan      -nan      -nan      -nan      -nan      -nan 
average row locality = 0/0 = -nan
number of total memory accesses made:
dram[0]:         0         0         0         0         0         0         0         0         0         0         0         0         0         0         0         0 
dram[1]:         0         0         0         0         0         0         0         0         0         0         0         0         0         0         0         0 
dram[2]:         0         0         0         0         0         0         0         0         0         0         0         0         0         0         0         0 
dram[3]:         0         0         0         0         0         0         0         0         0         0         0         0         0         0         0         0 
dram[4]:         0         0         0         0         0         0         0         0         0         0         0         0         0         0         0         0 
dram[5]:         0         0         0         0         0         0         0         0         0         0         0         0         0         0         0         0 
dram[6]:         0         0         0         0         0         0         0         0         0         0         0         0         0         0         0         0 
dram[7]:         0         0         0         0         0         0         0         0         0         0         0         0         0         0         0         0 
dram[8]:         0         0         0         0         0         0         0         0         0         0         0         0         0         0         0         0 
dram[9]:         0         0         0         0         0         0         0         0         0         0         0         0         0         0         0         0 
dram[10]:         0         0         0         0         0         0         0         0         0         0         0         0         0         0         0         0 
dram[11]:         0         0         0         0         0         0         0         0         0         0         0         0         0         0         0         0 
dram[12]:         0         0         0         0         0         0         0         0         0         0         0         0         0         0         0         0 
dram[13]:         0         0         0         0         0         0         0         0         0         0         0         0         0         0         0         0 
dram[14]:         0         0         0         0         0         0         0         0         0         0         0         0         0         0         0         0 
dram[15]:         0         0         0         0         0         0         0         0         0         0         0         0         0         0         0         0 
total accesses: 0
min_bank_accesses = 0!
min_chip_accesses = 0!
number of total read accesses:
dram[0]:         0         0         0         0         0         0         0         0         0         0         0         0         0         0         0         0 
dram[1]:         0         0         0         0         0         0         0         0         0         0         0         0         0         0         0         0 
dram[2]:         0         0         0         0         0         0         0         0         0         0         0         0         0         0         0         0 
dram[3]:         0         0         0         0         0         0         0         0         0         0         0         0         0         0         0         0 
dram[4]:         0         0         0         0         0         0         0         0         0         0         0         0         0         0         0         0 
dram[5]:         0         0         0         0         0         0         0         0         0         0         0         0         0         0         0         0 
dram[6]:         0         0         0         0         0         0         0         0         0         0         0         0         0         0         0         0 
dram[7]:         0         0         0         0         0         0         0         0         0         0         0         0         0         0         0         0 
dram[8]:         0         0         0         0         0         0         0         0         0         0         0         0         0         0         0         0 
dram[9]:         0         0         0         0         0         0         0         0         0         0         0         0         0         0         0         0 
dram[10]:         0         0         0         0         0         0         0         0         0         0         0         0         0         0         0         0 
dram[11]:         0         0         0         0         0         0         0         0         0         0         0         0         0         0         0         0 
dram[12]:         0         0         0         0         0         0         0         0         0         0         0         0         0         0         0         0 
dram[13]:         0         0         0         0         0         0         0         0         0         0         0         0         0         0         0         0 
dram[14]:         0         0         0         0         0         0         0         0         0         0         0         0         0         0         0         0 
dram[15]:         0         0         0         0         0         0         0         0         0         0         0         0         0         0         0         0 
total dram reads = 0
min_bank_accesses = 0!
min_chip_accesses = 0!
number of total write accesses:
dram[0]:         0         0         0         0         0         0         0         0         0         0         0         0         0         0         0         0 
dram[1]:         0         0         0         0         0         0         0         0         0         0         0         0         0         0         0         0 
dram[2]:         0         0         0         0         0         0         0         0         0         0         0         0         0         0         0         0 
dram[3]:         0         0         0         0         0         0         0         0         0         0         0         0         0         0         0         0 
dram[4]:         0         0         0         0         0         0         0         0         0         0         0         0         0         0         0         0 
dram[5]:         0         0         0         0         0         0         0         0         0         0         0         0         0         0         0         0 
dram[6]:         0         0         0         0         0         0         0         0         0         0         0         0         0         0         0         0 
dram[7]:         0         0         0         0         0         0         0         0         0         0         0         0         0         0         0         0 
dram[8]:         0         0         0         0         0         0         0         0         0         0         0         0         0         0         0         0 
dram[9]:         0         0         0         0         0         0         0         0         0         0         0         0         0         0         0         0 
dram[10]:         0         0         0         0         0         0         0         0         0         0         0         0         0         0         0         0 
dram[11]:         0         0         0         0         0         0         0         0         0         0         0         0         0         0         0         0 
dram[12]:         0         0         0         0         0         0         0         0         0         0         0         0         0         0         0         0 
dram[13]:         0         0         0         0         0         0         0         0         0         0         0         0         0         0         0         0 
dram[14]:         0         0         0         0         0         0         0         0         0         0         0         0         0         0         0         0 
dram[15]:         0         0         0         0         0         0         0         0         0         0         0         0         0         0         0         0 
total dram writes = 0
min_bank_accesses = 0!
min_chip_accesses = 0!
average mf latency per bank:
dram[0]:     none      none      none      none      none      none      none      none      none      none      none      none      none      none      none      none  
dram[1]:     none      none      none      none      none      none      none      none      none      none      none      none      none      none      none      none  
dram[2]:     none      none      none      none      none      none      none      none      none      none      none      none      none      none      none      none  
dram[3]:     none      none      none      none      none      none      none      none      none      none      none      none      none      none      none      none  
dram[4]:     none      none      none      none      none      none      none      none      none      none      none      none      none      none      none      none  
dram[5]:     none      none      none      none      none      none      none      none      none      none      none      none      none      none      none      none  
dram[6]:     none      none      none      none      none      none      none      none      none      none      none      none      none      none      none      none  
dram[7]:     none      none      none      none      none      none      none      none      none      none      none      none      none      none      none      none  
dram[8]:     none      none      none      none      none      none      none      none      none      none      none      none      none      none      none      none  
dram[9]:     none      none      none      none      none      none      none      none      none      none      none      none      none      none      none      none  
dram[10]:     none      none      none      none      none      none      none      none      none      none      none      none      none      none      none      none  
dram[11]:     none      none      none      none      none      none      none      none      none      none      none      none      none      none      none      none  
dram[12]:     none      none      none      none      none      none      none      none      none      none      none      none      none      none      none      none  
dram[13]:     none      none      none      none      none      none      none      none      none      none      none      none      none      none      none      none  
dram[14]:     none      none      none      none      none      none      none      none      none      none      none      none      none      none      none      none  
dram[15]:     none      none      none      none      none      none      none      none      none      none      none      none      none      none      none      none  
maximum mf latency per bank:
dram[0]:        458       443       454       446       423       422       417       410       429       423       413       413       414       389       403       384
dram[1]:        458       458       459       466       440       432       412       421       447       421       393       391       396       398       396       393
dram[2]:        468       465       446       444       427       427       418       414       411       418       385       400       393       389       415       417
dram[3]:        482       467       453       455       437       423       413       397       400       414       391       395       395       394       374       383
dram[4]:        449       439       434       430       415       396       419       416       431       406       451       415       404       404       382       383
dram[5]:        455       454       448       448       426       412       387       394       437       437       405       411       405       399       403       403
dram[6]:        462       459       454       452       417       410       400       412       410       416       387       394       391       382       416       429
dram[7]:        445       458       445       448       414       421       405       449       452       443       389       403       385       401       407       424
dram[8]:        446       480       443       465       476       503       420       416       408       422       413       384       404       401       387       413
dram[9]:        480       449       461       454       411       393       371       384       410       420       427       423       426       401       398       395
dram[10]:        434       444       439       438       421       432       419       384       431       412       399       398       366       375       390       394
dram[11]:        432       458       435       441       416       461       390       393       411       417       407       412       377       393       395       392
dram[12]:        484       467       479       462       418       406       411       423       402       387       387       388       403       384       398       440
dram[13]:        477       456       478       450       431       418       407       396       409       400       382       399       375       402       419       378
dram[14]:        463       457       454       452       422       419       410       401       439       436       391       426       393       386       396       404
dram[15]:        460       457       445       455       453       442       402       409       403       409       401       397       398       389       392       398
Memory Partition 0: 
Cache L2_bank_000:
MSHR contents

Cache L2_bank_001:
MSHR contents

In Dram Latency Queue (total = 0): 
DRAM[0]: 16 bks, busW=2 BL=16 CL=24, tRRD=12 tCCD=4, tRCD=24 tRAS=55 tRP=24 tRC=78
n_cmd=150729 n_nop=150729 n_act=0 n_pre=0 n_ref_event=0 n_req=0 n_rd=0 n_rd_L2_A=0 n_write=0 n_wr_bk=0 bw_util=0
n_activity=0 dram_eff=-nan
bk0: 0a 150729i bk1: 0a 150729i bk2: 0a 150729i bk3: 0a 150729i bk4: 0a 150729i bk5: 0a 150729i bk6: 0a 150729i bk7: 0a 150729i bk8: 0a 150729i bk9: 0a 150729i bk10: 0a 150729i bk11: 0a 150729i bk12: 0a 150729i bk13: 0a 150729i bk14: 0a 150729i bk15: 0a 150729i 

------------------------------------------------------------------------

Row_Buffer_Locality = -nan
Row_Buffer_Locality_read = -nan
Row_Buffer_Locality_write = -nan
Bank_Level_Parallism = -nan
Bank_Level_Parallism_Col = -nan
Bank_Level_Parallism_Ready = -nan
write_to_read_ratio_blp_rw_average = -nan
GrpLevelPara = -nan 

BW Util details:
bwutil = 0.000000 
total_CMD = 150729 
util_bw = 0 
Wasted_Col = 0 
Wasted_Row = 0 
Idle = 150729 

BW Util Bottlenecks: 
RCDc_limit = 0 
RCDWRc_limit = 0 
WTRc_limit = 0 
RTWc_limit = 0 
CCDLc_limit = 0 
rwq = 0 
CCDLc_limit_alone = 0 
WTRc_limit_alone = 0 
RTWc_limit_alone = 0 

Commands details: 
total_CMD = 150729 
n_nop = 150729 
Read = 0 
Write = 0 
L2_Alloc = 0 
L2_WB = 0 
n_act = 0 
n_pre = 0 
n_ref = 0 
n_req = 0 
total_req = 0 

Dual Bus Interface Util: 
issued_total_row = 0 
issued_total_col = 0 
Row_Bus_Util =  0.000000 
CoL_Bus_Util = 0.000000 
Either_Row_CoL_Bus_Util = 0.000000 
Issued_on_Two_Bus_Simul_Util = 0.000000 
issued_two_Eff = -nan 
queue_avg = 0.000000 


dram_util_bins: 0 0 0 0 0 0 0 0 0 0
dram_eff_bins: 0 0 0 0 0 0 0 0 0 0
mrqq: max=0 avg=0
Memory Partition 1: 
Cache L2_bank_002:
MSHR contents

Cache L2_bank_003:
MSHR contents

In Dram Latency Queue (total = 0): 
DRAM[1]: 16 bks, busW=2 BL=16 CL=24, tRRD=12 tCCD=4, tRCD=24 tRAS=55 tRP=24 tRC=78
n_cmd=150729 n_nop=150729 n_act=0 n_pre=0 n_ref_event=0 n_req=0 n_rd=0 n_rd_L2_A=0 n_write=0 n_wr_bk=0 bw_util=0
n_activity=0 dram_eff=-nan
bk0: 0a 150729i bk1: 0a 150729i bk2: 0a 150729i bk3: 0a 150729i bk4: 0a 150729i bk5: 0a 150729i bk6: 0a 150729i bk7: 0a 150729i bk8: 0a 150729i bk9: 0a 150729i bk10: 0a 150729i bk11: 0a 150729i bk12: 0a 150729i bk13: 0a 150729i bk14: 0a 150729i bk15: 0a 150729i 

------------------------------------------------------------------------

Row_Buffer_Locality = -nan
Row_Buffer_Locality_read = -nan
Row_Buffer_Locality_write = -nan
Bank_Level_Parallism = -nan
Bank_Level_Parallism_Col = -nan
Bank_Level_Parallism_Ready = -nan
write_to_read_ratio_blp_rw_average = -nan
GrpLevelPara = -nan 

BW Util details:
bwutil = 0.000000 
total_CMD = 150729 
util_bw = 0 
Wasted_Col = 0 
Wasted_Row = 0 
Idle = 150729 

BW Util Bottlenecks: 
RCDc_limit = 0 
RCDWRc_limit = 0 
WTRc_limit = 0 
RTWc_limit = 0 
CCDLc_limit = 0 
rwq = 0 
CCDLc_limit_alone = 0 
WTRc_limit_alone = 0 
RTWc_limit_alone = 0 

Commands details: 
total_CMD = 150729 
n_nop = 150729 
Read = 0 
Write = 0 
L2_Alloc = 0 
L2_WB = 0 
n_act = 0 
n_pre = 0 
n_ref = 0 
n_req = 0 
total_req = 0 

Dual Bus Interface Util: 
issued_total_row = 0 
issued_total_col = 0 
Row_Bus_Util =  0.000000 
CoL_Bus_Util = 0.000000 
Either_Row_CoL_Bus_Util = 0.000000 
Issued_on_Two_Bus_Simul_Util = 0.000000 
issued_two_Eff = -nan 
queue_avg = 0.000000 


dram_util_bins: 0 0 0 0 0 0 0 0 0 0
dram_eff_bins: 0 0 0 0 0 0 0 0 0 0
mrqq: max=0 avg=0
Memory Partition 2: 
Cache L2_bank_004:
MSHR contents

Cache L2_bank_005:
MSHR contents

In Dram Latency Queue (total = 0): 
DRAM[2]: 16 bks, busW=2 BL=16 CL=24, tRRD=12 tCCD=4, tRCD=24 tRAS=55 tRP=24 tRC=78
n_cmd=150729 n_nop=150729 n_act=0 n_pre=0 n_ref_event=0 n_req=0 n_rd=0 n_rd_L2_A=0 n_write=0 n_wr_bk=0 bw_util=0
n_activity=0 dram_eff=-nan
bk0: 0a 150729i bk1: 0a 150729i bk2: 0a 150729i bk3: 0a 150729i bk4: 0a 150729i bk5: 0a 150729i bk6: 0a 150729i bk7: 0a 150729i bk8: 0a 150729i bk9: 0a 150729i bk10: 0a 150729i bk11: 0a 150729i bk12: 0a 150729i bk13: 0a 150729i bk14: 0a 150729i bk15: 0a 150729i 

------------------------------------------------------------------------

Row_Buffer_Locality = -nan
Row_Buffer_Locality_read = -nan
Row_Buffer_Locality_write = -nan
Bank_Level_Parallism = -nan
Bank_Level_Parallism_Col = -nan
Bank_Level_Parallism_Ready = -nan
write_to_read_ratio_blp_rw_average = -nan
GrpLevelPara = -nan 

BW Util details:
bwutil = 0.000000 
total_CMD = 150729 
util_bw = 0 
Wasted_Col = 0 
Wasted_Row = 0 
Idle = 150729 

BW Util Bottlenecks: 
RCDc_limit = 0 
RCDWRc_limit = 0 
WTRc_limit = 0 
RTWc_limit = 0 
CCDLc_limit = 0 
rwq = 0 
CCDLc_limit_alone = 0 
WTRc_limit_alone = 0 
RTWc_limit_alone = 0 

Commands details: 
total_CMD = 150729 
n_nop = 150729 
Read = 0 
Write = 0 
L2_Alloc = 0 
L2_WB = 0 
n_act = 0 
n_pre = 0 
n_ref = 0 
n_req = 0 
total_req = 0 

Dual Bus Interface Util: 
issued_total_row = 0 
issued_total_col = 0 
Row_Bus_Util =  0.000000 
CoL_Bus_Util = 0.000000 
Either_Row_CoL_Bus_Util = 0.000000 
Issued_on_Two_Bus_Simul_Util = 0.000000 
issued_two_Eff = -nan 
queue_avg = 0.000000 


dram_util_bins: 0 0 0 0 0 0 0 0 0 0
dram_eff_bins: 0 0 0 0 0 0 0 0 0 0
mrqq: max=0 avg=0
Memory Partition 3: 
Cache L2_bank_006:
MSHR contents

Cache L2_bank_007:
MSHR contents

In Dram Latency Queue (total = 0): 
DRAM[3]: 16 bks, busW=2 BL=16 CL=24, tRRD=12 tCCD=4, tRCD=24 tRAS=55 tRP=24 tRC=78
n_cmd=150729 n_nop=150729 n_act=0 n_pre=0 n_ref_event=0 n_req=0 n_rd=0 n_rd_L2_A=0 n_write=0 n_wr_bk=0 bw_util=0
n_activity=0 dram_eff=-nan
bk0: 0a 150729i bk1: 0a 150729i bk2: 0a 150729i bk3: 0a 150729i bk4: 0a 150729i bk5: 0a 150729i bk6: 0a 150729i bk7: 0a 150729i bk8: 0a 150729i bk9: 0a 150729i bk10: 0a 150729i bk11: 0a 150729i bk12: 0a 150729i bk13: 0a 150729i bk14: 0a 150729i bk15: 0a 150729i 

------------------------------------------------------------------------

Row_Buffer_Locality = -nan
Row_Buffer_Locality_read = -nan
Row_Buffer_Locality_write = -nan
Bank_Level_Parallism = -nan
Bank_Level_Parallism_Col = -nan
Bank_Level_Parallism_Ready = -nan
write_to_read_ratio_blp_rw_average = -nan
GrpLevelPara = -nan 

BW Util details:
bwutil = 0.000000 
total_CMD = 150729 
util_bw = 0 
Wasted_Col = 0 
Wasted_Row = 0 
Idle = 150729 

BW Util Bottlenecks: 
RCDc_limit = 0 
RCDWRc_limit = 0 
WTRc_limit = 0 
RTWc_limit = 0 
CCDLc_limit = 0 
rwq = 0 
CCDLc_limit_alone = 0 
WTRc_limit_alone = 0 
RTWc_limit_alone = 0 

Commands details: 
total_CMD = 150729 
n_nop = 150729 
Read = 0 
Write = 0 
L2_Alloc = 0 
L2_WB = 0 
n_act = 0 
n_pre = 0 
n_ref = 0 
n_req = 0 
total_req = 0 

Dual Bus Interface Util: 
issued_total_row = 0 
issued_total_col = 0 
Row_Bus_Util =  0.000000 
CoL_Bus_Util = 0.000000 
Either_Row_CoL_Bus_Util = 0.000000 
Issued_on_Two_Bus_Simul_Util = 0.000000 
issued_two_Eff = -nan 
queue_avg = 0.000000 


dram_util_bins: 0 0 0 0 0 0 0 0 0 0
dram_eff_bins: 0 0 0 0 0 0 0 0 0 0
mrqq: max=0 avg=0
Memory Partition 4: 
Cache L2_bank_008:
MSHR contents

Cache L2_bank_009:
MSHR contents

In Dram Latency Queue (total = 0): 
DRAM[4]: 16 bks, busW=2 BL=16 CL=24, tRRD=12 tCCD=4, tRCD=24 tRAS=55 tRP=24 tRC=78
n_cmd=150729 n_nop=150729 n_act=0 n_pre=0 n_ref_event=0 n_req=0 n_rd=0 n_rd_L2_A=0 n_write=0 n_wr_bk=0 bw_util=0
n_activity=0 dram_eff=-nan
bk0: 0a 150729i bk1: 0a 150729i bk2: 0a 150729i bk3: 0a 150729i bk4: 0a 150729i bk5: 0a 150729i bk6: 0a 150729i bk7: 0a 150729i bk8: 0a 150729i bk9: 0a 150729i bk10: 0a 150729i bk11: 0a 150729i bk12: 0a 150729i bk13: 0a 150729i bk14: 0a 150729i bk15: 0a 150729i 

------------------------------------------------------------------------

Row_Buffer_Locality = -nan
Row_Buffer_Locality_read = -nan
Row_Buffer_Locality_write = -nan
Bank_Level_Parallism = -nan
Bank_Level_Parallism_Col = -nan
Bank_Level_Parallism_Ready = -nan
write_to_read_ratio_blp_rw_average = -nan
GrpLevelPara = -nan 

BW Util details:
bwutil = 0.000000 
total_CMD = 150729 
util_bw = 0 
Wasted_Col = 0 
Wasted_Row = 0 
Idle = 150729 

BW Util Bottlenecks: 
RCDc_limit = 0 
RCDWRc_limit = 0 
WTRc_limit = 0 
RTWc_limit = 0 
CCDLc_limit = 0 
rwq = 0 
CCDLc_limit_alone = 0 
WTRc_limit_alone = 0 
RTWc_limit_alone = 0 

Commands details: 
total_CMD = 150729 
n_nop = 150729 
Read = 0 
Write = 0 
L2_Alloc = 0 
L2_WB = 0 
n_act = 0 
n_pre = 0 
n_ref = 0 
n_req = 0 
total_req = 0 

Dual Bus Interface Util: 
issued_total_row = 0 
issued_total_col = 0 
Row_Bus_Util =  0.000000 
CoL_Bus_Util = 0.000000 
Either_Row_CoL_Bus_Util = 0.000000 
Issued_on_Two_Bus_Simul_Util = 0.000000 
issued_two_Eff = -nan 
queue_avg = 0.000000 


dram_util_bins: 0 0 0 0 0 0 0 0 0 0
dram_eff_bins: 0 0 0 0 0 0 0 0 0 0
mrqq: max=0 avg=0
Memory Partition 5: 
Cache L2_bank_010:
MSHR contents

Cache L2_bank_011:
MSHR contents

In Dram Latency Queue (total = 0): 
DRAM[5]: 16 bks, busW=2 BL=16 CL=24, tRRD=12 tCCD=4, tRCD=24 tRAS=55 tRP=24 tRC=78
n_cmd=150729 n_nop=150729 n_act=0 n_pre=0 n_ref_event=0 n_req=0 n_rd=0 n_rd_L2_A=0 n_write=0 n_wr_bk=0 bw_util=0
n_activity=0 dram_eff=-nan
bk0: 0a 150729i bk1: 0a 150729i bk2: 0a 150729i bk3: 0a 150729i bk4: 0a 150729i bk5: 0a 150729i bk6: 0a 150729i bk7: 0a 150729i bk8: 0a 150729i bk9: 0a 150729i bk10: 0a 150729i bk11: 0a 150729i bk12: 0a 150729i bk13: 0a 150729i bk14: 0a 150729i bk15: 0a 150729i 

------------------------------------------------------------------------

Row_Buffer_Locality = -nan
Row_Buffer_Locality_read = -nan
Row_Buffer_Locality_write = -nan
Bank_Level_Parallism = -nan
Bank_Level_Parallism_Col = -nan
Bank_Level_Parallism_Ready = -nan
write_to_read_ratio_blp_rw_average = -nan
GrpLevelPara = -nan 

BW Util details:
bwutil = 0.000000 
total_CMD = 150729 
util_bw = 0 
Wasted_Col = 0 
Wasted_Row = 0 
Idle = 150729 

BW Util Bottlenecks: 
RCDc_limit = 0 
RCDWRc_limit = 0 
WTRc_limit = 0 
RTWc_limit = 0 
CCDLc_limit = 0 
rwq = 0 
CCDLc_limit_alone = 0 
WTRc_limit_alone = 0 
RTWc_limit_alone = 0 

Commands details: 
total_CMD = 150729 
n_nop = 150729 
Read = 0 
Write = 0 
L2_Alloc = 0 
L2_WB = 0 
n_act = 0 
n_pre = 0 
n_ref = 0 
n_req = 0 
total_req = 0 

Dual Bus Interface Util: 
issued_total_row = 0 
issued_total_col = 0 
Row_Bus_Util =  0.000000 
CoL_Bus_Util = 0.000000 
Either_Row_CoL_Bus_Util = 0.000000 
Issued_on_Two_Bus_Simul_Util = 0.000000 
issued_two_Eff = -nan 
queue_avg = 0.000000 


dram_util_bins: 0 0 0 0 0 0 0 0 0 0
dram_eff_bins: 0 0 0 0 0 0 0 0 0 0
mrqq: max=0 avg=0
Memory Partition 6: 
Cache L2_bank_012:
MSHR contents

Cache L2_bank_013:
MSHR contents

In Dram Latency Queue (total = 0): 
DRAM[6]: 16 bks, busW=2 BL=16 CL=24, tRRD=12 tCCD=4, tRCD=24 tRAS=55 tRP=24 tRC=78
n_cmd=150729 n_nop=150729 n_act=0 n_pre=0 n_ref_event=0 n_req=0 n_rd=0 n_rd_L2_A=0 n_write=0 n_wr_bk=0 bw_util=0
n_activity=0 dram_eff=-nan
bk0: 0a 150729i bk1: 0a 150729i bk2: 0a 150729i bk3: 0a 150729i bk4: 0a 150729i bk5: 0a 150729i bk6: 0a 150729i bk7: 0a 150729i bk8: 0a 150729i bk9: 0a 150729i bk10: 0a 150729i bk11: 0a 150729i bk12: 0a 150729i bk13: 0a 150729i bk14: 0a 150729i bk15: 0a 150729i 

------------------------------------------------------------------------

Row_Buffer_Locality = -nan
Row_Buffer_Locality_read = -nan
Row_Buffer_Locality_write = -nan
Bank_Level_Parallism = -nan
Bank_Level_Parallism_Col = -nan
Bank_Level_Parallism_Ready = -nan
write_to_read_ratio_blp_rw_average = -nan
GrpLevelPara = -nan 

BW Util details:
bwutil = 0.000000 
total_CMD = 150729 
util_bw = 0 
Wasted_Col = 0 
Wasted_Row = 0 
Idle = 150729 

BW Util Bottlenecks: 
RCDc_limit = 0 
RCDWRc_limit = 0 
WTRc_limit = 0 
RTWc_limit = 0 
CCDLc_limit = 0 
rwq = 0 
CCDLc_limit_alone = 0 
WTRc_limit_alone = 0 
RTWc_limit_alone = 0 

Commands details: 
total_CMD = 150729 
n_nop = 150729 
Read = 0 
Write = 0 
L2_Alloc = 0 
L2_WB = 0 
n_act = 0 
n_pre = 0 
n_ref = 0 
n_req = 0 
total_req = 0 

Dual Bus Interface Util: 
issued_total_row = 0 
issued_total_col = 0 
Row_Bus_Util =  0.000000 
CoL_Bus_Util = 0.000000 
Either_Row_CoL_Bus_Util = 0.000000 
Issued_on_Two_Bus_Simul_Util = 0.000000 
issued_two_Eff = -nan 
queue_avg = 0.000000 


dram_util_bins: 0 0 0 0 0 0 0 0 0 0
dram_eff_bins: 0 0 0 0 0 0 0 0 0 0
mrqq: max=0 avg=0
Memory Partition 7: 
Cache L2_bank_014:
MSHR contents

Cache L2_bank_015:
MSHR contents

In Dram Latency Queue (total = 0): 
DRAM[7]: 16 bks, busW=2 BL=16 CL=24, tRRD=12 tCCD=4, tRCD=24 tRAS=55 tRP=24 tRC=78
n_cmd=150729 n_nop=150729 n_act=0 n_pre=0 n_ref_event=0 n_req=0 n_rd=0 n_rd_L2_A=0 n_write=0 n_wr_bk=0 bw_util=0
n_activity=0 dram_eff=-nan
bk0: 0a 150729i bk1: 0a 150729i bk2: 0a 150729i bk3: 0a 150729i bk4: 0a 150729i bk5: 0a 150729i bk6: 0a 150729i bk7: 0a 150729i bk8: 0a 150729i bk9: 0a 150729i bk10: 0a 150729i bk11: 0a 150729i bk12: 0a 150729i bk13: 0a 150729i bk14: 0a 150729i bk15: 0a 150729i 

------------------------------------------------------------------------

Row_Buffer_Locality = -nan
Row_Buffer_Locality_read = -nan
Row_Buffer_Locality_write = -nan
Bank_Level_Parallism = -nan
Bank_Level_Parallism_Col = -nan
Bank_Level_Parallism_Ready = -nan
write_to_read_ratio_blp_rw_average = -nan
GrpLevelPara = -nan 

BW Util details:
bwutil = 0.000000 
total_CMD = 150729 
util_bw = 0 
Wasted_Col = 0 
Wasted_Row = 0 
Idle = 150729 

BW Util Bottlenecks: 
RCDc_limit = 0 
RCDWRc_limit = 0 
WTRc_limit = 0 
RTWc_limit = 0 
CCDLc_limit = 0 
rwq = 0 
CCDLc_limit_alone = 0 
WTRc_limit_alone = 0 
RTWc_limit_alone = 0 

Commands details: 
total_CMD = 150729 
n_nop = 150729 
Read = 0 
Write = 0 
L2_Alloc = 0 
L2_WB = 0 
n_act = 0 
n_pre = 0 
n_ref = 0 
n_req = 0 
total_req = 0 

Dual Bus Interface Util: 
issued_total_row = 0 
issued_total_col = 0 
Row_Bus_Util =  0.000000 
CoL_Bus_Util = 0.000000 
Either_Row_CoL_Bus_Util = 0.000000 
Issued_on_Two_Bus_Simul_Util = 0.000000 
issued_two_Eff = -nan 
queue_avg = 0.000000 


dram_util_bins: 0 0 0 0 0 0 0 0 0 0
dram_eff_bins: 0 0 0 0 0 0 0 0 0 0
mrqq: max=0 avg=0
Memory Partition 8: 
Cache L2_bank_016:
MSHR contents

Cache L2_bank_017:
MSHR contents

In Dram Latency Queue (total = 0): 
DRAM[8]: 16 bks, busW=2 BL=16 CL=24, tRRD=12 tCCD=4, tRCD=24 tRAS=55 tRP=24 tRC=78
n_cmd=150729 n_nop=150729 n_act=0 n_pre=0 n_ref_event=0 n_req=0 n_rd=0 n_rd_L2_A=0 n_write=0 n_wr_bk=0 bw_util=0
n_activity=0 dram_eff=-nan
bk0: 0a 150729i bk1: 0a 150729i bk2: 0a 150729i bk3: 0a 150729i bk4: 0a 150729i bk5: 0a 150729i bk6: 0a 150729i bk7: 0a 150729i bk8: 0a 150729i bk9: 0a 150729i bk10: 0a 150729i bk11: 0a 150729i bk12: 0a 150729i bk13: 0a 150729i bk14: 0a 150729i bk15: 0a 150729i 

------------------------------------------------------------------------

Row_Buffer_Locality = -nan
Row_Buffer_Locality_read = -nan
Row_Buffer_Locality_write = -nan
Bank_Level_Parallism = -nan
Bank_Level_Parallism_Col = -nan
Bank_Level_Parallism_Ready = -nan
write_to_read_ratio_blp_rw_average = -nan
GrpLevelPara = -nan 

BW Util details:
bwutil = 0.000000 
total_CMD = 150729 
util_bw = 0 
Wasted_Col = 0 
Wasted_Row = 0 
Idle = 150729 

BW Util Bottlenecks: 
RCDc_limit = 0 
RCDWRc_limit = 0 
WTRc_limit = 0 
RTWc_limit = 0 
CCDLc_limit = 0 
rwq = 0 
CCDLc_limit_alone = 0 
WTRc_limit_alone = 0 
RTWc_limit_alone = 0 

Commands details: 
total_CMD = 150729 
n_nop = 150729 
Read = 0 
Write = 0 
L2_Alloc = 0 
L2_WB = 0 
n_act = 0 
n_pre = 0 
n_ref = 0 
n_req = 0 
total_req = 0 

Dual Bus Interface Util: 
issued_total_row = 0 
issued_total_col = 0 
Row_Bus_Util =  0.000000 
CoL_Bus_Util = 0.000000 
Either_Row_CoL_Bus_Util = 0.000000 
Issued_on_Two_Bus_Simul_Util = 0.000000 
issued_two_Eff = -nan 
queue_avg = 0.000000 


dram_util_bins: 0 0 0 0 0 0 0 0 0 0
dram_eff_bins: 0 0 0 0 0 0 0 0 0 0
mrqq: max=0 avg=0
Memory Partition 9: 
Cache L2_bank_018:
MSHR contents

Cache L2_bank_019:
MSHR contents

In Dram Latency Queue (total = 0): 
DRAM[9]: 16 bks, busW=2 BL=16 CL=24, tRRD=12 tCCD=4, tRCD=24 tRAS=55 tRP=24 tRC=78
n_cmd=150729 n_nop=150729 n_act=0 n_pre=0 n_ref_event=0 n_req=0 n_rd=0 n_rd_L2_A=0 n_write=0 n_wr_bk=0 bw_util=0
n_activity=0 dram_eff=-nan
bk0: 0a 150729i bk1: 0a 150729i bk2: 0a 150729i bk3: 0a 150729i bk4: 0a 150729i bk5: 0a 150729i bk6: 0a 150729i bk7: 0a 150729i bk8: 0a 150729i bk9: 0a 150729i bk10: 0a 150729i bk11: 0a 150729i bk12: 0a 150729i bk13: 0a 150729i bk14: 0a 150729i bk15: 0a 150729i 

------------------------------------------------------------------------

Row_Buffer_Locality = -nan
Row_Buffer_Locality_read = -nan
Row_Buffer_Locality_write = -nan
Bank_Level_Parallism = -nan
Bank_Level_Parallism_Col = -nan
Bank_Level_Parallism_Ready = -nan
write_to_read_ratio_blp_rw_average = -nan
GrpLevelPara = -nan 

BW Util details:
bwutil = 0.000000 
total_CMD = 150729 
util_bw = 0 
Wasted_Col = 0 
Wasted_Row = 0 
Idle = 150729 

BW Util Bottlenecks: 
RCDc_limit = 0 
RCDWRc_limit = 0 
WTRc_limit = 0 
RTWc_limit = 0 
CCDLc_limit = 0 
rwq = 0 
CCDLc_limit_alone = 0 
WTRc_limit_alone = 0 
RTWc_limit_alone = 0 

Commands details: 
total_CMD = 150729 
n_nop = 150729 
Read = 0 
Write = 0 
L2_Alloc = 0 
L2_WB = 0 
n_act = 0 
n_pre = 0 
n_ref = 0 
n_req = 0 
total_req = 0 

Dual Bus Interface Util: 
issued_total_row = 0 
issued_total_col = 0 
Row_Bus_Util =  0.000000 
CoL_Bus_Util = 0.000000 
Either_Row_CoL_Bus_Util = 0.000000 
Issued_on_Two_Bus_Simul_Util = 0.000000 
issued_two_Eff = -nan 
queue_avg = 0.000000 


dram_util_bins: 0 0 0 0 0 0 0 0 0 0
dram_eff_bins: 0 0 0 0 0 0 0 0 0 0
mrqq: max=0 avg=0
Memory Partition 10: 
Cache L2_bank_020:
MSHR contents

Cache L2_bank_021:
MSHR contents

In Dram Latency Queue (total = 0): 
DRAM[10]: 16 bks, busW=2 BL=16 CL=24, tRRD=12 tCCD=4, tRCD=24 tRAS=55 tRP=24 tRC=78
n_cmd=150729 n_nop=150729 n_act=0 n_pre=0 n_ref_event=0 n_req=0 n_rd=0 n_rd_L2_A=0 n_write=0 n_wr_bk=0 bw_util=0
n_activity=0 dram_eff=-nan
bk0: 0a 150729i bk1: 0a 150729i bk2: 0a 150729i bk3: 0a 150729i bk4: 0a 150729i bk5: 0a 150729i bk6: 0a 150729i bk7: 0a 150729i bk8: 0a 150729i bk9: 0a 150729i bk10: 0a 150729i bk11: 0a 150729i bk12: 0a 150729i bk13: 0a 150729i bk14: 0a 150729i bk15: 0a 150729i 

------------------------------------------------------------------------

Row_Buffer_Locality = -nan
Row_Buffer_Locality_read = -nan
Row_Buffer_Locality_write = -nan
Bank_Level_Parallism = -nan
Bank_Level_Parallism_Col = -nan
Bank_Level_Parallism_Ready = -nan
write_to_read_ratio_blp_rw_average = -nan
GrpLevelPara = -nan 

BW Util details:
bwutil = 0.000000 
total_CMD = 150729 
util_bw = 0 
Wasted_Col = 0 
Wasted_Row = 0 
Idle = 150729 

BW Util Bottlenecks: 
RCDc_limit = 0 
RCDWRc_limit = 0 
WTRc_limit = 0 
RTWc_limit = 0 
CCDLc_limit = 0 
rwq = 0 
CCDLc_limit_alone = 0 
WTRc_limit_alone = 0 
RTWc_limit_alone = 0 

Commands details: 
total_CMD = 150729 
n_nop = 150729 
Read = 0 
Write = 0 
L2_Alloc = 0 
L2_WB = 0 
n_act = 0 
n_pre = 0 
n_ref = 0 
n_req = 0 
total_req = 0 

Dual Bus Interface Util: 
issued_total_row = 0 
issued_total_col = 0 
Row_Bus_Util =  0.000000 
CoL_Bus_Util = 0.000000 
Either_Row_CoL_Bus_Util = 0.000000 
Issued_on_Two_Bus_Simul_Util = 0.000000 
issued_two_Eff = -nan 
queue_avg = 0.000000 


dram_util_bins: 0 0 0 0 0 0 0 0 0 0
dram_eff_bins: 0 0 0 0 0 0 0 0 0 0
mrqq: max=0 avg=0
Memory Partition 11: 
Cache L2_bank_022:
MSHR contents

Cache L2_bank_023:
MSHR contents

In Dram Latency Queue (total = 0): 
DRAM[11]: 16 bks, busW=2 BL=16 CL=24, tRRD=12 tCCD=4, tRCD=24 tRAS=55 tRP=24 tRC=78
n_cmd=150729 n_nop=150729 n_act=0 n_pre=0 n_ref_event=0 n_req=0 n_rd=0 n_rd_L2_A=0 n_write=0 n_wr_bk=0 bw_util=0
n_activity=0 dram_eff=-nan
bk0: 0a 150729i bk1: 0a 150729i bk2: 0a 150729i bk3: 0a 150729i bk4: 0a 150729i bk5: 0a 150729i bk6: 0a 150729i bk7: 0a 150729i bk8: 0a 150729i bk9: 0a 150729i bk10: 0a 150729i bk11: 0a 150729i bk12: 0a 150729i bk13: 0a 150729i bk14: 0a 150729i bk15: 0a 150729i 

------------------------------------------------------------------------

Row_Buffer_Locality = -nan
Row_Buffer_Locality_read = -nan
Row_Buffer_Locality_write = -nan
Bank_Level_Parallism = -nan
Bank_Level_Parallism_Col = -nan
Bank_Level_Parallism_Ready = -nan
write_to_read_ratio_blp_rw_average = -nan
GrpLevelPara = -nan 

BW Util details:
bwutil = 0.000000 
total_CMD = 150729 
util_bw = 0 
Wasted_Col = 0 
Wasted_Row = 0 
Idle = 150729 

BW Util Bottlenecks: 
RCDc_limit = 0 
RCDWRc_limit = 0 
WTRc_limit = 0 
RTWc_limit = 0 
CCDLc_limit = 0 
rwq = 0 
CCDLc_limit_alone = 0 
WTRc_limit_alone = 0 
RTWc_limit_alone = 0 

Commands details: 
total_CMD = 150729 
n_nop = 150729 
Read = 0 
Write = 0 
L2_Alloc = 0 
L2_WB = 0 
n_act = 0 
n_pre = 0 
n_ref = 0 
n_req = 0 
total_req = 0 

Dual Bus Interface Util: 
issued_total_row = 0 
issued_total_col = 0 
Row_Bus_Util =  0.000000 
CoL_Bus_Util = 0.000000 
Either_Row_CoL_Bus_Util = 0.000000 
Issued_on_Two_Bus_Simul_Util = 0.000000 
issued_two_Eff = -nan 
queue_avg = 0.000000 


dram_util_bins: 0 0 0 0 0 0 0 0 0 0
dram_eff_bins: 0 0 0 0 0 0 0 0 0 0
mrqq: max=0 avg=0
Memory Partition 12: 
Cache L2_bank_024:
MSHR contents

Cache L2_bank_025:
MSHR contents

In Dram Latency Queue (total = 0): 
DRAM[12]: 16 bks, busW=2 BL=16 CL=24, tRRD=12 tCCD=4, tRCD=24 tRAS=55 tRP=24 tRC=78
n_cmd=150729 n_nop=150729 n_act=0 n_pre=0 n_ref_event=0 n_req=0 n_rd=0 n_rd_L2_A=0 n_write=0 n_wr_bk=0 bw_util=0
n_activity=0 dram_eff=-nan
bk0: 0a 150729i bk1: 0a 150729i bk2: 0a 150729i bk3: 0a 150729i bk4: 0a 150729i bk5: 0a 150729i bk6: 0a 150729i bk7: 0a 150729i bk8: 0a 150729i bk9: 0a 150729i bk10: 0a 150729i bk11: 0a 150729i bk12: 0a 150729i bk13: 0a 150729i bk14: 0a 150729i bk15: 0a 150729i 

------------------------------------------------------------------------

Row_Buffer_Locality = -nan
Row_Buffer_Locality_read = -nan
Row_Buffer_Locality_write = -nan
Bank_Level_Parallism = -nan
Bank_Level_Parallism_Col = -nan
Bank_Level_Parallism_Ready = -nan
write_to_read_ratio_blp_rw_average = -nan
GrpLevelPara = -nan 

BW Util details:
bwutil = 0.000000 
total_CMD = 150729 
util_bw = 0 
Wasted_Col = 0 
Wasted_Row = 0 
Idle = 150729 

BW Util Bottlenecks: 
RCDc_limit = 0 
RCDWRc_limit = 0 
WTRc_limit = 0 
RTWc_limit = 0 
CCDLc_limit = 0 
rwq = 0 
CCDLc_limit_alone = 0 
WTRc_limit_alone = 0 
RTWc_limit_alone = 0 

Commands details: 
total_CMD = 150729 
n_nop = 150729 
Read = 0 
Write = 0 
L2_Alloc = 0 
L2_WB = 0 
n_act = 0 
n_pre = 0 
n_ref = 0 
n_req = 0 
total_req = 0 

Dual Bus Interface Util: 
issued_total_row = 0 
issued_total_col = 0 
Row_Bus_Util =  0.000000 
CoL_Bus_Util = 0.000000 
Either_Row_CoL_Bus_Util = 0.000000 
Issued_on_Two_Bus_Simul_Util = 0.000000 
issued_two_Eff = -nan 
queue_avg = 0.000000 


dram_util_bins: 0 0 0 0 0 0 0 0 0 0
dram_eff_bins: 0 0 0 0 0 0 0 0 0 0
mrqq: max=0 avg=0
Memory Partition 13: 
Cache L2_bank_026:
MSHR contents

Cache L2_bank_027:
MSHR contents

In Dram Latency Queue (total = 0): 
DRAM[13]: 16 bks, busW=2 BL=16 CL=24, tRRD=12 tCCD=4, tRCD=24 tRAS=55 tRP=24 tRC=78
n_cmd=150729 n_nop=150729 n_act=0 n_pre=0 n_ref_event=0 n_req=0 n_rd=0 n_rd_L2_A=0 n_write=0 n_wr_bk=0 bw_util=0
n_activity=0 dram_eff=-nan
bk0: 0a 150729i bk1: 0a 150729i bk2: 0a 150729i bk3: 0a 150729i bk4: 0a 150729i bk5: 0a 150729i bk6: 0a 150729i bk7: 0a 150729i bk8: 0a 150729i bk9: 0a 150729i bk10: 0a 150729i bk11: 0a 150729i bk12: 0a 150729i bk13: 0a 150729i bk14: 0a 150729i bk15: 0a 150729i 

------------------------------------------------------------------------

Row_Buffer_Locality = -nan
Row_Buffer_Locality_read = -nan
Row_Buffer_Locality_write = -nan
Bank_Level_Parallism = -nan
Bank_Level_Parallism_Col = -nan
Bank_Level_Parallism_Ready = -nan
write_to_read_ratio_blp_rw_average = -nan
GrpLevelPara = -nan 

BW Util details:
bwutil = 0.000000 
total_CMD = 150729 
util_bw = 0 
Wasted_Col = 0 
Wasted_Row = 0 
Idle = 150729 

BW Util Bottlenecks: 
RCDc_limit = 0 
RCDWRc_limit = 0 
WTRc_limit = 0 
RTWc_limit = 0 
CCDLc_limit = 0 
rwq = 0 
CCDLc_limit_alone = 0 
WTRc_limit_alone = 0 
RTWc_limit_alone = 0 

Commands details: 
total_CMD = 150729 
n_nop = 150729 
Read = 0 
Write = 0 
L2_Alloc = 0 
L2_WB = 0 
n_act = 0 
n_pre = 0 
n_ref = 0 
n_req = 0 
total_req = 0 

Dual Bus Interface Util: 
issued_total_row = 0 
issued_total_col = 0 
Row_Bus_Util =  0.000000 
CoL_Bus_Util = 0.000000 
Either_Row_CoL_Bus_Util = 0.000000 
Issued_on_Two_Bus_Simul_Util = 0.000000 
issued_two_Eff = -nan 
queue_avg = 0.000000 


dram_util_bins: 0 0 0 0 0 0 0 0 0 0
dram_eff_bins: 0 0 0 0 0 0 0 0 0 0
mrqq: max=0 avg=0
Memory Partition 14: 
Cache L2_bank_028:
MSHR contents

Cache L2_bank_029:
MSHR contents

In Dram Latency Queue (total = 0): 
DRAM[14]: 16 bks, busW=2 BL=16 CL=24, tRRD=12 tCCD=4, tRCD=24 tRAS=55 tRP=24 tRC=78
n_cmd=150729 n_nop=150729 n_act=0 n_pre=0 n_ref_event=0 n_req=0 n_rd=0 n_rd_L2_A=0 n_write=0 n_wr_bk=0 bw_util=0
n_activity=0 dram_eff=-nan
bk0: 0a 150729i bk1: 0a 150729i bk2: 0a 150729i bk3: 0a 150729i bk4: 0a 150729i bk5: 0a 150729i bk6: 0a 150729i bk7: 0a 150729i bk8: 0a 150729i bk9: 0a 150729i bk10: 0a 150729i bk11: 0a 150729i bk12: 0a 150729i bk13: 0a 150729i bk14: 0a 150729i bk15: 0a 150729i 

------------------------------------------------------------------------

Row_Buffer_Locality = -nan
Row_Buffer_Locality_read = -nan
Row_Buffer_Locality_write = -nan
Bank_Level_Parallism = -nan
Bank_Level_Parallism_Col = -nan
Bank_Level_Parallism_Ready = -nan
write_to_read_ratio_blp_rw_average = -nan
GrpLevelPara = -nan 

BW Util details:
bwutil = 0.000000 
total_CMD = 150729 
util_bw = 0 
Wasted_Col = 0 
Wasted_Row = 0 
Idle = 150729 

BW Util Bottlenecks: 
RCDc_limit = 0 
RCDWRc_limit = 0 
WTRc_limit = 0 
RTWc_limit = 0 
CCDLc_limit = 0 
rwq = 0 
CCDLc_limit_alone = 0 
WTRc_limit_alone = 0 
RTWc_limit_alone = 0 

Commands details: 
total_CMD = 150729 
n_nop = 150729 
Read = 0 
Write = 0 
L2_Alloc = 0 
L2_WB = 0 
n_act = 0 
n_pre = 0 
n_ref = 0 
n_req = 0 
total_req = 0 

Dual Bus Interface Util: 
issued_total_row = 0 
issued_total_col = 0 
Row_Bus_Util =  0.000000 
CoL_Bus_Util = 0.000000 
Either_Row_CoL_Bus_Util = 0.000000 
Issued_on_Two_Bus_Simul_Util = 0.000000 
issued_two_Eff = -nan 
queue_avg = 0.000000 


dram_util_bins: 0 0 0 0 0 0 0 0 0 0
dram_eff_bins: 0 0 0 0 0 0 0 0 0 0
mrqq: max=0 avg=0
Memory Partition 15: 
Cache L2_bank_030:
MSHR contents

Cache L2_bank_031:
MSHR contents

In Dram Latency Queue (total = 0): 
DRAM[15]: 16 bks, busW=2 BL=16 CL=24, tRRD=12 tCCD=4, tRCD=24 tRAS=55 tRP=24 tRC=78
n_cmd=150729 n_nop=150729 n_act=0 n_pre=0 n_ref_event=0 n_req=0 n_rd=0 n_rd_L2_A=0 n_write=0 n_wr_bk=0 bw_util=0
n_activity=0 dram_eff=-nan
bk0: 0a 150729i bk1: 0a 150729i bk2: 0a 150729i bk3: 0a 150729i bk4: 0a 150729i bk5: 0a 150729i bk6: 0a 150729i bk7: 0a 150729i bk8: 0a 150729i bk9: 0a 150729i bk10: 0a 150729i bk11: 0a 150729i bk12: 0a 150729i bk13: 0a 150729i bk14: 0a 150729i bk15: 0a 150729i 

------------------------------------------------------------------------

Row_Buffer_Locality = -nan
Row_Buffer_Locality_read = -nan
Row_Buffer_Locality_write = -nan
Bank_Level_Parallism = -nan
Bank_Level_Parallism_Col = -nan
Bank_Level_Parallism_Ready = -nan
write_to_read_ratio_blp_rw_average = -nan
GrpLevelPara = -nan 

BW Util details:
bwutil = 0.000000 
total_CMD = 150729 
util_bw = 0 
Wasted_Col = 0 
Wasted_Row = 0 
Idle = 150729 

BW Util Bottlenecks: 
RCDc_limit = 0 
RCDWRc_limit = 0 
WTRc_limit = 0 
RTWc_limit = 0 
CCDLc_limit = 0 
rwq = 0 
CCDLc_limit_alone = 0 
WTRc_limit_alone = 0 
RTWc_limit_alone = 0 

Commands details: 
total_CMD = 150729 
n_nop = 150729 
Read = 0 
Write = 0 
L2_Alloc = 0 
L2_WB = 0 
n_act = 0 
n_pre = 0 
n_ref = 0 
n_req = 0 
total_req = 0 

Dual Bus Interface Util: 
issued_total_row = 0 
issued_total_col = 0 
Row_Bus_Util =  0.000000 
CoL_Bus_Util = 0.000000 
Either_Row_CoL_Bus_Util = 0.000000 
Issued_on_Two_Bus_Simul_Util = 0.000000 
issued_two_Eff = -nan 
queue_avg = 0.000000 


dram_util_bins: 0 0 0 0 0 0 0 0 0 0
dram_eff_bins: 0 0 0 0 0 0 0 0 0 0
mrqq: max=0 avg=0

========= L2 cache stats =========
L2_cache_bank[0]: Access = 20480, Miss = 2048, Miss_rate = 0.100, Pending_hits = 0, Reservation_fails = 0
L2_cache_bank[1]: Access = 20480, Miss = 2048, Miss_rate = 0.100, Pending_hits = 0, Reservation_fails = 0
L2_cache_bank[2]: Access = 20480, Miss = 2048, Miss_rate = 0.100, Pending_hits = 0, Reservation_fails = 0
L2_cache_bank[3]: Access = 20480, Miss = 2048, Miss_rate = 0.100, Pending_hits = 0, Reservation_fails = 0
L2_cache_bank[4]: Access = 20480, Miss = 2048, Miss_rate = 0.100, Pending_hits = 0, Reservation_fails = 0
L2_cache_bank[5]: Access = 20480, Miss = 2048, Miss_rate = 0.100, Pending_hits = 0, Reservation_fails = 0
L2_cache_bank[6]: Access = 20480, Miss = 2048, Miss_rate = 0.100, Pending_hits = 0, Reservation_fails = 0
L2_cache_bank[7]: Access = 20480, Miss = 2048, Miss_rate = 0.100, Pending_hits = 0, Reservation_fails = 0
L2_cache_bank[8]: Access = 20480, Miss = 2048, Miss_rate = 0.100, Pending_hits = 0, Reservation_fails = 0
L2_cache_bank[9]: Access = 20480, Miss = 2048, Miss_rate = 0.100, Pending_hits = 0, Reservation_fails = 0
L2_cache_bank[10]: Access = 20480, Miss = 2048, Miss_rate = 0.100, Pending_hits = 0, Reservation_fails = 0
L2_cache_bank[11]: Access = 20480, Miss = 2048, Miss_rate = 0.100, Pending_hits = 0, Reservation_fails = 0
L2_cache_bank[12]: Access = 20480, Miss = 2048, Miss_rate = 0.100, Pending_hits = 0, Reservation_fails = 0
L2_cache_bank[13]: Access = 20480, Miss = 2048, Miss_rate = 0.100, Pending_hits = 0, Reservation_fails = 0
L2_cache_bank[14]: Access = 20480, Miss = 2048, Miss_rate = 0.100, Pending_hits = 0, Reservation_fails = 0
L2_cache_bank[15]: Access = 20480, Miss = 2048, Miss_rate = 0.100, Pending_hits = 0, Reservation_fails = 0
L2_cache_bank[16]: Access = 20480, Miss = 2048, Miss_rate = 0.100, Pending_hits = 0, Reservation_fails = 0
L2_cache_bank[17]: Access = 20480, Miss = 2048, Miss_rate = 0.100, Pending_hits = 0, Reservation_fails = 0
L2_cache_bank[18]: Access = 20480, Miss = 2048, Miss_rate = 0.100, Pending_hits = 0, Reservation_fails = 0
L2_cache_bank[19]: Access = 20480, Miss = 2048, Miss_rate = 0.100, Pending_hits = 0, Reservation_fails = 0
L2_cache_bank[20]: Access = 20480, Miss = 2048, Miss_rate = 0.100, Pending_hits = 0, Reservation_fails = 0
L2_cache_bank[21]: Access = 20480, Miss = 2048, Miss_rate = 0.100, Pending_hits = 0, Reservation_fails = 0
L2_cache_bank[22]: Access = 20480, Miss = 2048, Miss_rate = 0.100, Pending_hits = 0, Reservation_fails = 0
L2_cache_bank[23]: Access = 20480, Miss = 2048, Miss_rate = 0.100, Pending_hits = 0, Reservation_fails = 0
L2_cache_bank[24]: Access = 20480, Miss = 2048, Miss_rate = 0.100, Pending_hits = 0, Reservation_fails = 0
L2_cache_bank[25]: Access = 20480, Miss = 2048, Miss_rate = 0.100, Pending_hits = 0, Reservation_fails = 0
L2_cache_bank[26]: Access = 20480, Miss = 2048, Miss_rate = 0.100, Pending_hits = 0, Reservation_fails = 0
L2_cache_bank[27]: Access = 20480, Miss = 2048, Miss_rate = 0.100, Pending_hits = 0, Reservation_fails = 0
L2_cache_bank[28]: Access = 20480, Miss = 2048, Miss_rate = 0.100, Pending_hits = 0, Reservation_fails = 0
L2_cache_bank[29]: Access = 20480, Miss = 2048, Miss_rate = 0.100, Pending_hits = 0, Reservation_fails = 0
L2_cache_bank[30]: Access = 20480, Miss = 2048, Miss_rate = 0.100, Pending_hits = 0, Reservation_fails = 0
L2_cache_bank[31]: Access = 20480, Miss = 2048, Miss_rate = 0.100, Pending_hits = 0, Reservation_fails = 0
L2_total_cache_accesses = 655360
L2_total_cache_misses = 65536
L2_total_cache_miss_rate = 0.1000
L2_total_cache_pending_hits = 0
L2_total_cache_reservation_fails = 0
L2_total_cache_breakdown:
	L2_cache_stats_breakdown[GLOBAL_ACC_R][HIT] = 196608
	L2_cache_stats_breakdown[GLOBAL_ACC_R][HIT_RESERVED] = 0
	L2_cache_stats_breakdown[GLOBAL_ACC_R][MISS] = 0
	L2_cache_stats_breakdown[GLOBAL_ACC_R][RESERVATION_FAIL] = 0
	L2_cache_stats_breakdown[GLOBAL_ACC_R][SECTOR_MISS] = 0
	L2_cache_stats_breakdown[GLOBAL_ACC_R][MSHR_HIT] = 0
	L2_cache_stats_breakdown[LOCAL_ACC_R][HIT] = 0
	L2_cache_stats_breakdown[LOCAL_ACC_R][HIT_RESERVED] = 0
	L2_cache_stats_breakdown[LOCAL_ACC_R][MISS] = 0
	L2_cache_stats_breakdown[LOCAL_ACC_R][RESERVATION_FAIL] = 0
	L2_cache_stats_breakdown[LOCAL_ACC_R][SECTOR_MISS] = 0
	L2_cache_stats_breakdown[LOCAL_ACC_R][MSHR_HIT] = 0
	L2_cache_stats_breakdown[CONST_ACC_R][HIT] = 0
	L2_cache_stats_breakdown[CONST_ACC_R][HIT_RESERVED] = 0
	L2_cache_stats_breakdown[CONST_ACC_R][MISS] = 0
	L2_cache_stats_breakdown[CONST_ACC_R][RESERVATION_FAIL] = 0
	L2_cache_stats_breakdown[CONST_ACC_R][SECTOR_MISS] = 0
	L2_cache_stats_breakdown[CONST_ACC_R][MSHR_HIT] = 0
	L2_cache_stats_breakdown[TEXTURE_ACC_R][HIT] = 0
	L2_cache_stats_breakdown[TEXTURE_ACC_R][HIT_RESERVED] = 0
	L2_cache_stats_breakdown[TEXTURE_ACC_R][MISS] = 0
	L2_cache_stats_breakdown[TEXTURE_ACC_R][RESERVATION_FAIL] = 0
	L2_cache_stats_breakdown[TEXTURE_ACC_R][SECTOR_MISS] = 0
	L2_cache_stats_breakdown[TEXTURE_ACC_R][MSHR_HIT] = 0
	L2_cache_stats_breakdown[GLOBAL_ACC_W][HIT] = 196608
	L2_cache_stats_breakdown[GLOBAL_ACC_W][HIT_RESERVED] = 0
	L2_cache_stats_breakdown[GLOBAL_ACC_W][MISS] = 0
	L2_cache_stats_breakdown[GLOBAL_ACC_W][RESERVATION_FAIL] = 0
	L2_cache_stats_breakdown[GLOBAL_ACC_W][SECTOR_MISS] = 0
	L2_cache_stats_breakdown[GLOBAL_ACC_W][MSHR_HIT] = 0
	L2_cache_stats_breakdown[LOCAL_ACC_W][HIT] = 0
	L2_cache_stats_breakdown[LOCAL_ACC_W][HIT_RESERVED] = 0
	L2_cache_stats_breakdown[LOCAL_ACC_W][MISS] = 0
	L2_cache_stats_breakdown[LOCAL_ACC_W][RESERVATION_FAIL] = 0
	L2_cache_stats_breakdown[LOCAL_ACC_W][SECTOR_MISS] = 0
	L2_cache_stats_breakdown[LOCAL_ACC_W][MSHR_HIT] = 0
	L2_cache_stats_breakdown[L1_WRBK_ACC][HIT] = 0
	L2_cache_stats_breakdown[L1_WRBK_ACC][HIT_RESERVED] = 0
	L2_cache_stats_breakdown[L1_WRBK_ACC][MISS] = 0
	L2_cache_stats_breakdown[L1_WRBK_ACC][RESERVATION_FAIL] = 0
	L2_cache_stats_breakdown[L1_WRBK_ACC][SECTOR_MISS] = 0
	L2_cache_stats_breakdown[L1_WRBK_ACC][MSHR_HIT] = 0
	L2_cache_stats_breakdown[L2_WRBK_ACC][HIT] = 0
	L2_cache_stats_breakdown[L2_WRBK_ACC][HIT_RESERVED] = 0
	L2_cache_stats_breakdown[L2_WRBK_ACC][MISS] = 0
	L2_cache_stats_breakdown[L2_WRBK_ACC][RESERVATION_FAIL] = 0
	L2_cache_stats_breakdown[L2_WRBK_ACC][SECTOR_MISS] = 0
	L2_cache_stats_breakdown[L2_WRBK_ACC][MSHR_HIT] = 0
	L2_cache_stats_breakdown[INST_ACC_R][HIT] = 0
	L2_cache_stats_breakdown[INST_ACC_R][HIT_RESERVED] = 0
	L2_cache_stats_breakdown[INST_ACC_R][MISS] = 0
	L2_cache_stats_breakdown[INST_ACC_R][RESERVATION_FAIL] = 0
	L2_cache_stats_breakdown[INST_ACC_R][SECTOR_MISS] = 0
	L2_cache_stats_breakdown[INST_ACC_R][MSHR_HIT] = 0
	L2_cache_stats_breakdown[L1_WR_ALLOC_R][HIT] = 0
	L2_cache_stats_breakdown[L1_WR_ALLOC_R][HIT_RESERVED] = 0
	L2_cache_stats_breakdown[L1_WR_ALLOC_R][MISS] = 0
	L2_cache_stats_breakdown[L1_WR_ALLOC_R][RESERVATION_FAIL] = 0
	L2_cache_stats_breakdown[L1_WR_ALLOC_R][SECTOR_MISS] = 0
	L2_cache_stats_breakdown[L1_WR_ALLOC_R][MSHR_HIT] = 0
	L2_cache_stats_breakdown[L2_WR_ALLOC_R][HIT] = 0
	L2_cache_stats_breakdown[L2_WR_ALLOC_R][HIT_RESERVED] = 0
	L2_cache_stats_breakdown[L2_WR_ALLOC_R][MISS] = 0
	L2_cache_stats_breakdown[L2_WR_ALLOC_R][RESERVATION_FAIL] = 0
	L2_cache_stats_breakdown[L2_WR_ALLOC_R][SECTOR_MISS] = 0
	L2_cache_stats_breakdown[L2_WR_ALLOC_R][MSHR_HIT] = 0
	L2_cache_stats_breakdown[GLOBAL_ACC_R][TOTAL_ACCESS] = 196608
	L2_cache_stats_breakdown[GLOBAL_ACC_W][TOTAL_ACCESS] = 196608
L2_total_cache_reservation_fail_breakdown:
L2_cache_data_port_util = 0.151
L2_cache_fill_port_util = 0.000

icnt_total_pkts_mem_to_simt=655360
icnt_total_pkts_simt_to_mem=655360
LD_mem_lat_dist  0 0 0 0 0 0 0 0 0 0 0 0 0 0 0 0 0 0 0 0 0 0 0 0 0 0 0
ST_mem_lat_dist  0 0 0 0 0 0 0 0 0 0 0 0 0 0 0 0 0 0 0 0 0 0 0 0 0 0 0
----------------------------Interconnect-DETAILS--------------------------------
Req_Network_injected_packets_num = 655360
Req_Network_cycles = 122469
Req_Network_injected_packets_per_cycle =       5.3512 
Req_Network_conflicts_per_cycle =       1.0028
Req_Network_conflicts_per_cycle_util =       1.3408
Req_Bank_Level_Parallism =       7.1547
Req_Network_in_buffer_full_per_cycle =       0.0000
Req_Network_in_buffer_avg_util =       1.0877
Req_Network_out_buffer_full_per_cycle =       0.0000
Req_Network_out_buffer_avg_util =       0.1672

Reply_Network_injected_packets_num = 655360
Reply_Network_cycles = 122469
Reply_Network_injected_packets_per_cycle =        5.3512
Reply_Network_conflicts_per_cycle =        8.2834
Reply_Network_conflicts_per_cycle_util =      11.0112
Reply_Bank_Level_Parallism =       7.1134
Reply_Network_in_buffer_full_per_cycle =       0.0000
Reply_Network_in_buffer_avg_util =       1.5288
Reply_Network_out_buffer_full_per_cycle =       0.0000
Reply_Network_out_buffer_avg_util =       0.3345
----------------------------END-of-Interconnect-DETAILS-------------------------


gpgpu_simulation_time = 0 days, 0 hrs, 2 min, 12 sec (132 sec)
gpgpu_simulation_rate = 635500 (inst/sec)
gpgpu_simulation_rate = 927 (cycle/sec)
gpgpu_silicon_slowdown = 1402373x
GPGPU-Sim: synchronize waiting for inactive GPU simulation
GPGPU-Sim API: Stream Manager State
GPGPU-Sim: detected inactive GPU simulation thread
MLX_FIG24_SCHEDULE_SUMMARY {"count":524288,"stages":5,"block_threads":128,"ctas_per_stage":4096,"total_ctas":20480,"scalar_fma":7864320,"checksum":304086.671422660,"reference":304086.676994443,"relative_error":1.83230079135e-08}
GPGPU-Sim: *** exit detected ***
