self exe links to: /workspace/MLX_dev/build/xavier-attention-components/mlx_attention_proxy
self exe links to: /workspace/MLX_dev/build/xavier-attention-components/mlx_attention_proxy
11.0


        *** GPGPU-Sim Simulator Version 4.2.0  [build gpgpu-sim_git-commit-68e1cd3_modified_1.0] ***


GPGPU-Sim PTX: simulation mode 0 (can change with PTX_SIM_MODE_FUNC environment variable:
               1=functional simulation only, 0=detailed performance simulator)
GPGPU-Sim PTX: overriding embedded ptx with ptx file (PTX_SIM_USE_PTX_FILE is set)
GPGPU-Sim: Configuration options:

-save_embedded_ptx                      0 # saves ptx files embedded in binary as <n>.ptx
-keep                                   0 # keep intermediate files created by GPGPU-Sim when interfacing with external programs
-gpgpu_ptx_save_converted_ptxplus                    0 # Saved converted ptxplus to a file
-gpgpu_occupancy_sm_number                   70 # The SM number to pass to ptxas when getting register usage for computing GPU occupancy. This parameter is required in the config.
-ptx_opcode_latency_int      4,13,4,5,145,32 # Opcode latencies for integers <ADD,MAX,MUL,MAD,DIV,SHFL>Default 1,1,19,25,145,32
-ptx_opcode_latency_fp          4,13,4,5,39 # Opcode latencies for single precision floating points <ADD,MAX,MUL,MAD,DIV>Default 1,1,1,1,30
-ptx_opcode_latency_dp         8,19,8,8,330 # Opcode latencies for double precision floating points <ADD,MAX,MUL,MAD,DIV>Default 8,8,8,8,335
-ptx_opcode_latency_sfu                  100 # Opcode latencies for SFU instructionsDefault 8
-ptx_opcode_latency_tesnor                   64 # Opcode latencies for Tensor instructionsDefault 64
-ptx_opcode_initiation_int          2,2,2,2,8,4 # Opcode initiation intervals for integers <ADD,MAX,MUL,MAD,DIV,SHFL>Default 1,1,4,4,32,4
-ptx_opcode_initiation_fp            2,2,2,2,4 # Opcode initiation intervals for single precision floating points <ADD,MAX,MUL,MAD,DIV>Default 1,1,1,1,5
-ptx_opcode_initiation_dp          4,4,4,4,130 # Opcode initiation intervals for double precision floating points <ADD,MAX,MUL,MAD,DIV>Default 8,8,8,8,130
-ptx_opcode_initiation_sfu                    8 # Opcode initiation intervals for sfu instructionsDefault 8
-ptx_opcode_initiation_tensor                   64 # Opcode initiation intervals for tensor instructionsDefault 64
-cdp_latency         7200,8000,100,12000,1600 # CDP API latency <cudaStreamCreateWithFlags, cudaGetParameterBufferV2_init_perWarp, cudaGetParameterBufferV2_perKernel, cudaLaunchDeviceV2_init_perWarp, cudaLaunchDevicV2_perKernel>Default 7200,8000,100,12000,1600
-network_mode                           2 # Interconnection network mode
-inter_config_file                   mesh # Interconnection network config file
-icnt_in_buffer_limit                  512 # in_buffer_limit
-icnt_out_buffer_limit                  512 # out_buffer_limit
-icnt_subnets                           2 # subnets
-icnt_arbiter_algo                      1 # arbiter_algo
-icnt_verbose                           0 # inct_verbose
-icnt_grant_cycles                      1 # grant_cycles
-gpgpu_ptx_use_cuobjdump                    1 # Use cuobjdump to extract ptx and sass from binaries
-gpgpu_experimental_lib_support                    0 # Try to extract code from cuda libraries [Broken because of unknown cudaGetExportTable]
-checkpoint_option                      0 #  checkpointing flag (0 = no checkpoint)
-checkpoint_kernel                      1 #  checkpointing during execution of which kernel (1- 1st kernel)
-checkpoint_CTA                         0 #  checkpointing after # of CTA (< less than total CTA)
-resume_option                          0 #  resume flag (0 = no resume)
-resume_kernel                          0 #  Resume from which kernel (1= 1st kernel)
-resume_CTA                             0 #  resume from which CTA 
-checkpoint_CTA_t                       0 #  resume from which CTA 
-checkpoint_insn_Y                      0 #  resume from which CTA 
-gpgpu_ptx_convert_to_ptxplus                    0 # Convert SASS (native ISA) to ptxplus and run ptxplus
-gpgpu_ptx_force_max_capability                   70 # Force maximum compute capability
-gpgpu_ptx_inst_debug_to_file                    0 # Dump executed instructions' debug information to file
-gpgpu_ptx_inst_debug_file       inst_debug.txt # Executed instructions' debug output file
-gpgpu_ptx_inst_debug_thread_uid                    1 # Thread UID for executed instructions' debug output
-gpgpu_simd_model                       1 # 1 = post-dominator
-gpgpu_shader_core_pipeline              2048:32 # shader core pipeline config, i.e., {<nthread>:<warpsize>}
-gpgpu_tex_cache:l1  N:4:128:256,L:R:m:N:L,T:512:8,128:2 # per-shader L1 texture cache  (READ-ONLY) config  {<nsets>:<bsize>:<assoc>,<rep>:<wr>:<alloc>:<wr_alloc>,<mshr>:<N>:<merge>,<mq>:<rf>}
-gpgpu_const_cache:l1 N:128:64:8,L:R:f:N:L,S:2:64,4 # per-shader L1 constant memory cache  (READ-ONLY) config  {<nsets>:<bsize>:<assoc>,<rep>:<wr>:<alloc>:<wr_alloc>,<mshr>:<N>:<merge>,<mq>} 
-gpgpu_cache:il1     N:64:128:16,L:R:f:N:L,S:2:48,4 # shader L1 instruction cache config  {<nsets>:<bsize>:<assoc>,<rep>:<wr>:<alloc>:<wr_alloc>,<mshr>:<N>:<merge>,<mq>} 
-gpgpu_cache:dl1     S:4:128:64,L:T:m:L:L,A:512:8,16:0,32 # per-shader L1 data cache config  {<nsets>:<bsize>:<assoc>,<rep>:<wr>:<alloc>:<wr_alloc>,<mshr>:<N>:<merge>,<mq> | none}
-gpgpu_l1_cache_write_ratio                   25 # L1D write ratio
-gpgpu_l1_banks                         4 # The number of L1 cache banks
-gpgpu_l1_banks_byte_interleaving                   32 # l1 banks byte interleaving granularity
-gpgpu_l1_banks_hashing_function                    0 # l1 banks hashing function
-gpgpu_l1_latency                      20 # L1 Hit Latency
-gpgpu_smem_latency                    20 # smem Latency
-gpgpu_cache:dl1PrefL1                 none # per-shader L1 data cache config  {<nsets>:<bsize>:<assoc>,<rep>:<wr>:<alloc>:<wr_alloc>,<mshr>:<N>:<merge>,<mq> | none}
-gpgpu_cache:dl1PrefShared                 none # per-shader L1 data cache config  {<nsets>:<bsize>:<assoc>,<rep>:<wr>:<alloc>:<wr_alloc>,<mshr>:<N>:<merge>,<mq> | none}
-gpgpu_gmem_skip_L1D                    0 # global memory access skip L1D cache (implements -Xptxas -dlcm=cg, default=no skip)
-gpgpu_perfect_mem                      0 # enable perfect memory mode (no cache miss)
-n_regfile_gating_group                    4 # group of lanes that should be read/written together)
-gpgpu_clock_gated_reg_file                    0 # enable clock gated reg file for power calculations
-gpgpu_clock_gated_lanes                    0 # enable clock gated lanes for power calculations
-gpgpu_shader_registers                65536 # Number of registers per shader core. Limits number of concurrent CTAs. (default 8192)
-gpgpu_registers_per_block                65536 # Maximum number of registers per CTA. (default 8192)
-gpgpu_ignore_resources_limitation                    0 # gpgpu_ignore_resources_limitation (default 0)
-gpgpu_shader_cta                      32 # Maximum number of concurrent CTAs in shader (default 32)
-gpgpu_num_cta_barriers                   16 # Maximum number of named barriers per CTA (default 16)
-gpgpu_n_clusters                       8 # number of processing clusters
-gpgpu_n_cores_per_cluster                    1 # number of simd cores per cluster
-gpgpu_n_cluster_ejection_buffer_size                   32 # number of packets in ejection buffer
-gpgpu_n_ldst_response_buffer_size                    2 # number of response packets in ld/st unit ejection buffer
-gpgpu_shmem_per_block                65536 # Size of shared memory per thread block or CTA (default 48kB)
-gpgpu_shmem_size                   98304 # Size of shared memory per shader core (default 16kB)
-gpgpu_shmem_option       0,8,16,32,64,96 # Option list of shared memory sizes
-gpgpu_unified_l1d_size                  128 # Size of unified data cache(L1D + shared memory) in KB
-gpgpu_adaptive_cache_config                    1 # adaptive_cache_config
-gpgpu_shmem_sizeDefault                98304 # Size of shared memory per shader core (default 16kB)
-gpgpu_shmem_size_PrefL1                16384 # Size of shared memory per shader core (default 16kB)
-gpgpu_shmem_size_PrefShared                16384 # Size of shared memory per shader core (default 16kB)
-gpgpu_shmem_num_banks                   32 # Number of banks in the shared memory in each shader core (default 16)
-gpgpu_shmem_limited_broadcast                    0 # Limit shared memory to do one broadcast per cycle (default on)
-gpgpu_shmem_warp_parts                    1 # Number of portions a warp is divided into for shared memory bank conflict check 
-gpgpu_mem_unit_ports                    1 # The number of memory transactions allowed per core cycle
-gpgpu_shmem_warp_parts                    1 # Number of portions a warp is divided into for shared memory bank conflict check 
-gpgpu_warpdistro_shader                   -1 # Specify which shader core to collect the warp size distribution from
-gpgpu_warp_issue_shader                    0 # Specify which shader core to collect the warp issue distribution from
-gpgpu_local_mem_map                    1 # Mapping from local memory space address to simulated GPU physical address space (default = enabled)
-gpgpu_num_reg_banks                    8 # Number of register banks (default = 8)
-gpgpu_reg_bank_use_warp_id                    0 # Use warp ID in mapping registers to banks (default = off)
-gpgpu_sub_core_model                    1 # Sub Core Volta/Pascal model (default = off)
-gpgpu_enable_specialized_operand_collector                    0 # enable_specialized_operand_collector
-gpgpu_operand_collector_num_units_sp                    4 # number of collector units (default = 4)
-gpgpu_operand_collector_num_units_dp                    0 # number of collector units (default = 0)
-gpgpu_operand_collector_num_units_sfu                    4 # number of collector units (default = 4)
-gpgpu_operand_collector_num_units_int                    0 # number of collector units (default = 0)
-gpgpu_operand_collector_num_units_tensor_core                    4 # number of collector units (default = 4)
-gpgpu_operand_collector_num_units_mem                    2 # number of collector units (default = 2)
-gpgpu_operand_collector_num_units_gen                    8 # number of collector units (default = 0)
-gpgpu_operand_collector_num_in_ports_sp                    1 # number of collector unit in ports (default = 1)
-gpgpu_operand_collector_num_in_ports_dp                    0 # number of collector unit in ports (default = 0)
-gpgpu_operand_collector_num_in_ports_sfu                    1 # number of collector unit in ports (default = 1)
-gpgpu_operand_collector_num_in_ports_int                    0 # number of collector unit in ports (default = 0)
-gpgpu_operand_collector_num_in_ports_tensor_core                    1 # number of collector unit in ports (default = 1)
-gpgpu_operand_collector_num_in_ports_mem                    1 # number of collector unit in ports (default = 1)
-gpgpu_operand_collector_num_in_ports_gen                    8 # number of collector unit in ports (default = 0)
-gpgpu_operand_collector_num_out_ports_sp                    1 # number of collector unit in ports (default = 1)
-gpgpu_operand_collector_num_out_ports_dp                    0 # number of collector unit in ports (default = 0)
-gpgpu_operand_collector_num_out_ports_sfu                    1 # number of collector unit in ports (default = 1)
-gpgpu_operand_collector_num_out_ports_int                    0 # number of collector unit in ports (default = 0)
-gpgpu_operand_collector_num_out_ports_tensor_core                    1 # number of collector unit in ports (default = 1)
-gpgpu_operand_collector_num_out_ports_mem                    1 # number of collector unit in ports (default = 1)
-gpgpu_operand_collector_num_out_ports_gen                    8 # number of collector unit in ports (default = 0)
-gpgpu_coalesce_arch                   60 # Coalescing arch (GT200 = 13, Fermi = 20)
-gpgpu_num_sched_per_core                    4 # Number of warp schedulers per core
-gpgpu_max_insn_issue_per_warp                    1 # Max number of instructions that can be issued per warp in one cycle by scheduler (either 1 or 2)
-gpgpu_dual_issue_diff_exec_units                    1 # should dual issue use two different execution unit resources (Default = 1)
-gpgpu_simt_core_sim_order                    1 # Select the simulation order of cores in a cluster (0=Fix, 1=Round-Robin)
-gpgpu_pipeline_widths 4,4,4,4,4,4,4,4,4,4,8,4,4 # Pipeline widths ID_OC_SP,ID_OC_DP,ID_OC_INT,ID_OC_SFU,ID_OC_MEM,OC_EX_SP,OC_EX_DP,OC_EX_INT,OC_EX_SFU,OC_EX_MEM,EX_WB,ID_OC_TENSOR_CORE,OC_EX_TENSOR_CORE
-gpgpu_tensor_core_avail                    1 # Tensor Core Available (default=0)
-gpgpu_num_sp_units                     4 # Number of SP units (default=1)
-gpgpu_num_dp_units                     4 # Number of DP units (default=0)
-gpgpu_num_int_units                    4 # Number of INT units (default=0)
-gpgpu_num_sfu_units                    4 # Number of SF units (default=1)
-gpgpu_num_tensor_core_units                    4 # Number of tensor_core units (default=1)
-gpgpu_num_mem_units                    1 # Number if ldst units (default=1) WARNING: not hooked up to anything
-gpgpu_scheduler                      lrr # Scheduler configuration: < lrr | gto | two_level_active > If two_level_active:<num_active_warps>:<inner_prioritization>:<outer_prioritization>For complete list of prioritization values see shader.h enum scheduler_prioritization_typeDefault: gto
-gpgpu_concurrent_kernel_sm                    0 # Support concurrent kernels on a SM (default = disabled)
-gpgpu_perfect_inst_const_cache                    1 # perfect inst and const cache mode, so all inst and const hits in the cache(default = disabled)
-gpgpu_inst_fetch_throughput                    4 # the number of fetched intruction per warp each cycle
-gpgpu_reg_file_port_throughput                    2 # the number ports of the register file
-specialized_unit_1         0,4,4,4,4,BRA # specialized unit config {<enabled>,<num_units>:<latency>:<initiation>,<ID_OC_SPEC>:<OC_EX_SPEC>,<NAME>}
-specialized_unit_2         0,4,4,4,4,BRA # specialized unit config {<enabled>,<num_units>:<latency>:<initiation>,<ID_OC_SPEC>:<OC_EX_SPEC>,<NAME>}
-specialized_unit_3         0,4,4,4,4,BRA # specialized unit config {<enabled>,<num_units>:<latency>:<initiation>,<ID_OC_SPEC>:<OC_EX_SPEC>,<NAME>}
-specialized_unit_4         0,4,4,4,4,BRA # specialized unit config {<enabled>,<num_units>:<latency>:<initiation>,<ID_OC_SPEC>:<OC_EX_SPEC>,<NAME>}
-specialized_unit_5         0,4,4,4,4,BRA # specialized unit config {<enabled>,<num_units>:<latency>:<initiation>,<ID_OC_SPEC>:<OC_EX_SPEC>,<NAME>}
-specialized_unit_6         0,4,4,4,4,BRA # specialized unit config {<enabled>,<num_units>:<latency>:<initiation>,<ID_OC_SPEC>:<OC_EX_SPEC>,<NAME>}
-specialized_unit_7         0,4,4,4,4,BRA # specialized unit config {<enabled>,<num_units>:<latency>:<initiation>,<ID_OC_SPEC>:<OC_EX_SPEC>,<NAME>}
-specialized_unit_8         0,4,4,4,4,BRA # specialized unit config {<enabled>,<num_units>:<latency>:<initiation>,<ID_OC_SPEC>:<OC_EX_SPEC>,<NAME>}
-gpgpu_perf_sim_memcpy                    1 # Fill the L2 cache on memcpy
-gpgpu_simple_dram_model                    0 # simple_dram_model with fixed latency and BW
-gpgpu_dram_scheduler                    1 # 0 = fifo, 1 = FR-FCFS (defaul)
-gpgpu_dram_partition_queues          64:64:64:64 # i2$:$2d:d2$:$2i
-l2_ideal                               0 # Use a ideal L2 cache that always hit
-gpgpu_cache:dl2     S:32:128:24,L:B:m:L:P,A:192:4,32:0,32 # unified banked L2 data cache config  {<nsets>:<bsize>:<assoc>,<rep>:<wr>:<alloc>:<wr_alloc>,<mshr>:<N>:<merge>,<mq>}
-gpgpu_cache:dl2_texture_only                    0 # L2 cache used for texture only
-gpgpu_n_mem                           16 # number of memory modules (e.g. memory controllers) in gpu
-gpgpu_n_sub_partition_per_mchannel                    2 # number of memory subpartition in each memory module
-gpgpu_n_mem_per_ctrlr                    1 # number of memory chips per memory controller
-gpgpu_memlatency_stat                   14 # track and display latency statistics 0x2 enables MC, 0x4 enables queue logs
-gpgpu_frfcfs_dram_sched_queue_size                   64 # 0 = unlimited (default); # entries per chip
-gpgpu_dram_return_queue_size                  192 # 0 = unlimited (default); # entries per chip
-gpgpu_dram_buswidth                   16 # default = 4 bytes (8 bytes per cycle at DDR)
-gpgpu_dram_burst_length                    2 # Burst length of each DRAM request (default = 4 data bus cycle)
-dram_data_command_freq_ratio                    2 # Frequency ratio between DRAM data bus and command bus (default = 2 times, i.e. DDR)
-gpgpu_dram_timing_opt nbk=16:CCD=1:RRD=3:RCD=12:RAS=28:RP=12:RC=40: CL=12:WL=2:CDLR=3:WR=10:nbkgrp=4:CCDL=2:RTPL=3 # DRAM timing parameters = {nbk:tCCD:tRRD:tRCD:tRAS:tRP:tRC:CL:WL:tCDLR:tWR:nbkgrp:tCCDL:tRTPL}
-gpgpu_l2_rop_latency                  160 # ROP queue latency (default 85)
-dram_latency                         100 # DRAM latency (default 30)
-dram_dual_bus_interface                  257 # dual_bus_interface (default = 0) 
-dram_bnk_indexing_policy                    1 # dram_bnk_indexing_policy (0 = normal indexing, 1 = Xoring with the higher bits) (Default = 0)
-dram_bnkgrp_indexing_policy                    1 # dram_bnkgrp_indexing_policy (0 = take higher bits, 1 = take lower bits) (Default = 0)
-dram_seperate_write_queue_enable                    1 # Seperate_Write_Queue_Enable
-dram_write_queue_size           128:108:32 # Write_Queue_Size
-dram_elimnate_rw_turnaround                    0 # elimnate_rw_turnaround i.e set tWTR and tRTW = 0
-icnt_flit_size                        40 # icnt_flit_size
-SST_mode                               0 # SST mode
-gpgpu_mem_addr_mapping dramid@8;00000000.00000000.00000000.00000000.0000RRRR.RRRRRRRR.RBBBCCCB.CCCSSSSS # mapping memory address to dram model {dramid@<start bit>;<memory address map>}
-gpgpu_mem_addr_test                    0 # run sweep test to check address mapping for aliased address
-gpgpu_mem_address_mask                    1 # 0 = old addressing mask, 1 = new addressing mask, 2 = new add. mask + flipped bank sel and chip sel bits
-gpgpu_memory_partition_indexing                    2 # 0 = no indexing, 1 = bitwise xoring, 2 = IPoly, 3 = custom indexing
-accelwattch_xml_file accelwattch_sass_sim.xml # AccelWattch XML file
-power_simulation_enabled                    0 # Turn on power simulator (1=On, 0=Off)
-power_per_cycle_dump                    0 # Dump detailed power output each cycle
-hw_perf_file_name            hw_perf.csv # Hardware Performance Statistics file
-hw_perf_bench_name                       # Kernel Name in Hardware Performance Statistics file
-power_simulation_mode                    0 # Switch performance counter input for power simulation (0=Sim, 1=HW, 2=HW-Sim Hybrid)
-dvfs_enabled                           0 # Turn on DVFS for power model
-aggregate_power_stats                    0 # Accumulate power across all kernels
-accelwattch_hybrid_perfsim_L1_RH                    0 # Get L1 Read Hits for Accelwattch-Hybrid from Accel-Sim
-accelwattch_hybrid_perfsim_L1_RM                    0 # Get L1 Read Misses for Accelwattch-Hybrid from Accel-Sim
-accelwattch_hybrid_perfsim_L1_WH                    0 # Get L1 Write Hits for Accelwattch-Hybrid from Accel-Sim
-accelwattch_hybrid_perfsim_L1_WM                    0 # Get L1 Write Misses for Accelwattch-Hybrid from Accel-Sim
-accelwattch_hybrid_perfsim_L2_RH                    0 # Get L2 Read Hits for Accelwattch-Hybrid from Accel-Sim
-accelwattch_hybrid_perfsim_L2_RM                    0 # Get L2 Read Misses for Accelwattch-Hybrid from Accel-Sim
-accelwattch_hybrid_perfsim_L2_WH                    0 # Get L2 Write Hits for Accelwattch-Hybrid from Accel-Sim
-accelwattch_hybrid_perfsim_L2_WM                    0 # Get L2 Write Misses for Accelwattch-Hybrid from Accel-Sim
-accelwattch_hybrid_perfsim_CC_ACC                    0 # Get Constant Cache Acesses for Accelwattch-Hybrid from Accel-Sim
-accelwattch_hybrid_perfsim_SHARED_ACC                    0 # Get Shared Memory Acesses for Accelwattch-Hybrid from Accel-Sim
-accelwattch_hybrid_perfsim_DRAM_RD                    0 # Get DRAM Reads for Accelwattch-Hybrid from Accel-Sim
-accelwattch_hybrid_perfsim_DRAM_WR                    0 # Get DRAM Writes for Accelwattch-Hybrid from Accel-Sim
-accelwattch_hybrid_perfsim_NOC                    0 # Get Interconnect Acesses for Accelwattch-Hybrid from Accel-Sim
-accelwattch_hybrid_perfsim_PIPE_DUTY                    0 # Get Pipeline Duty Cycle Acesses for Accelwattch-Hybrid from Accel-Sim
-accelwattch_hybrid_perfsim_NUM_SM_IDLE                    0 # Get Number of Idle SMs for Accelwattch-Hybrid from Accel-Sim
-accelwattch_hybrid_perfsim_CYCLES                    0 # Get Executed Cycles for Accelwattch-Hybrid from Accel-Sim
-accelwattch_hybrid_perfsim_VOLTAGE                    0 # Get Chip Voltage for Accelwattch-Hybrid from Accel-Sim
-power_trace_enabled                    0 # produce a file for the power trace (1=On, 0=Off)
-power_trace_zlevel                     6 # Compression level of the power trace output log (0=no comp, 9=highest)
-steady_power_levels_enabled                    0 # produce a file for the steady power levels (1=On, 0=Off)
-steady_state_definition                  8:4 # allowed deviation:number of samples
-gpgpu_max_cycle                        0 # terminates gpu simulation early (0 = no limit)
-gpgpu_max_insn                         0 # terminates gpu simulation early (0 = no limit)
-gpgpu_max_cta                          0 # terminates gpu simulation early (0 = no limit)
-gpgpu_max_completed_cta                    0 # terminates gpu simulation early (0 = no limit)
-gpgpu_runtime_stat                   500 # display runtime statistics such as dram utilization {<freq>:<flag>}
-liveness_message_freq                    1 # Minimum number of seconds between simulation liveness messages (0 = always print)
-gpgpu_compute_capability_major                    7 # Major compute capability version number
-gpgpu_compute_capability_minor                    0 # Minor compute capability version number
-gpgpu_flush_l1_cache                    1 # Flush L1 cache at the end of each kernel call
-gpgpu_flush_l2_cache                    0 # Flush L2 cache at the end of each kernel call
-gpgpu_deadlock_detect                    1 # Stop the simulation at deadlock (1=on (default), 0=off)
-gpgpu_ptx_instruction_classification                    0 # if enabled will classify ptx instruction types per kernel (Max 255 kernels now)
-gpgpu_ptx_sim_mode                     0 # Select between Performance (default) or Functional simulation (1)
-gpgpu_clock_domains  1377:1377:1377:2133 # Clock Domain Frequencies in MhZ {<Core Clock>:<ICNT Clock>:<L2 Clock>:<DRAM Clock>}
-gpgpu_max_concurrent_kernel                  128 # maximum kernels that can run concurrently on GPU, set this value according to max resident grids for your compute capability
-gpgpu_cflog_interval                    0 # Interval between each snapshot in control flow logger
-visualizer_enabled                     0 # Turn on visualizer output (1=On, 0=Off)
-visualizer_outputfile                 NULL # Specifies the output log file for visualizer
-visualizer_zlevel                      6 # Compression level of the visualizer output log (0=no comp, 9=highest)
-gpgpu_stack_size_limit                 1024 # GPU thread stack size
-gpgpu_heap_size_limit              8388608 # GPU malloc heap size 
-gpgpu_runtime_sync_depth_limit                    2 # GPU device runtime synchronize depth
-gpgpu_runtime_pending_launch_count_limit                 2048 # GPU device runtime pending launch count
-trace_enabled                          0 # Turn on traces
-trace_components                    none # comma seperated list of traces to enable. Complete list found in trace_streams.tup. Default none
-trace_sampling_core                    0 # The core which is printed using CORE_DPRINTF. Default 0
-trace_sampling_memory_partition                   -1 # The memory partition which is printed using MEMPART_DPRINTF. Default -1 (i.e. all)
-enable_ptx_file_line_stats                    1 # Turn on PTX source line statistic profiling. (1 = On)
-ptx_line_stats_filename gpgpu_inst_stats.txt # Output file for PTX source line statistics.
-gpgpu_kernel_launch_latency                    0 # Kernel launch latency in cycles. Default: 0
-gpgpu_cdp_enabled                      0 # Turn on CDP
-gpgpu_TB_launch_latency                    0 # thread block launch latency in cycles. Default: 0
DRAM Timing Options:
nbk                                    16 # number of banks
CCD                                     1 # column to column delay
RRD                                    cc24a1e8e7d047e9483bf8eef7b8691c  /workspace/MLX_dev/build/xavier-attention-components/mlx_attention_proxy
Extracting PTX file and ptxas options    1: mlx_attention_proxy.1.sm_70.ptx -arch=sm_70
 3 # minimal delay between activation of rows in different banks
RCD                                    12 # row to column delay
RAS                                    28 # time needed to activate row
RP                                     12 # time needed to precharge (deactivate) row
RC                                     40 # row cycle time
CDLR                                    3 # switching from write to read (changes tWTR)
WR                                     10 # last data-in to row precharge
CL                                     12 # CAS latency
WL                                      2 # Write latency
nbkgrp                                  4 # number of bank groups
CCDL                                    2 # column to column delay between accesses to different bank groups
RTPL                                    3 # read to precharge delay between accesses to different bank groups
Total number of memory sub partition = 32
addr_dec_mask[CHIP]  = 0000000000000f00 	high:12 low:8
addr_dec_mask[BK]    = 0000000000071000 	high:19 low:12
addr_dec_mask[ROW]   = 00000000fff80000 	high:32 low:19
addr_dec_mask[COL]   = 000000000000e0ff 	high:16 low:0
addr_dec_mask[BURST] = 000000000000001f 	high:5 low:0
sub_partition_id_mask = 0000000000001000
GPGPU-Sim uArch: clock freqs: 1377000000.000000:1377000000.000000:1377000000.000000:2133000000.000000
GPGPU-Sim uArch: clock periods: 0.00000000072621641249:0.00000000072621641249:0.00000000072621641249:0.00000000046882325363
*** Initializing Memory Statistics ***
GPGPU-Sim uArch: performance model initialization complete.
GPGPU-Sim PTX: __cudaRegisterFatBinary, fat_cubin_handle = 1, filename=default
self exe links to: /workspace/MLX_dev/build/xavier-attention-components/mlx_attention_proxy
Running md5sum using "md5sum /workspace/MLX_dev/build/xavier-attention-components/mlx_attention_proxy "
self exe links to: /workspace/MLX_dev/build/xavier-attention-components/mlx_attention_proxy
Extracting specific PTX file named mlx_attention_proxy.1.sm_70.ptx 
GPGPU-Sim PTX: __cudaRegisterFunction _Z10sv_outputsPKfS0_S0_Pfii : hostFun 0x0x64551fd8e770, fat_cubin_handle = 1
GPGPU-Sim PTX: Parsing mlx_attention_proxy.1.sm_70.ptx
GPGPU-Sim PTX: allocating global region for "__cudart_i2opi_f" from 0x100 to 0x118 (global memory space)
GPGPU-Sim PTX: allocating stack frame region for .local "__local_depot0" from 0x0 to 0x1c
GPGPU-Sim PTX: Warning -- ignoring pragma 'nounroll'
GPGPU-Sim PTX: Warning -- ignoring pragma 'nounroll'
GPGPU-Sim PTX: instruction assembly for function '_Z14fft_pair_stagePK6float2PS_ii'...   done.
GPGPU-Sim PTX: instruction assembly for function '_Z13truncate_halfPK6float2PS_i'...   done.
GPGPU-Sim PTX: Warning -- ignoring pragma 'nounroll'
GPGPU-Sim PTX: instruction assembly for function '_Z9qk_scoresPKfS0_Pfii'...   done.
GPGPU-Sim PTX: Warning -- ignoring pragma 'nounroll'
GPGPU-Sim PTX: Warning -- ignoring pragma 'nounroll'
GPGPU-Sim PTX: instruction assembly for function '_Z13softmax_statsPKfPfii'...   done.
GPGPU-Sim PTX: Warning -- ignoring pragma 'nounroll'
GPGPU-Sim PTX: instruction assembly for function '_Z10sv_outputsPKfS0_S0_Pfii'...   done.
GPGPU-Sim PTX: finished parsing EMBEDDED .ptx file mlx_attention_proxy.1.sm_70.ptx
GPGPU-Sim PTX: loading globals with explicit initializers... 
GPGPU-Sim PTX:     initializing '__cudart_i2opi_f' ...  wrote 24 bytes
GPGPU-Sim PTX: finished loading globals (24 bytes total).
GPGPU-Sim PTX: loading constants with explicit initializers...  done.
GPGPU-Sim PTX: Loading PTXInfo from mlx_attention_proxy.1.sm_70.ptx
GPGPU-Sim PTX: Kernel '_Z10sv_outputsPKfS0_S0_Pfii' : regs=28, lmem=0, smem=0, cmem=392
GPGPU-Sim PTX: Kernel '_Z13softmax_statsPKfPfii' : regs=31, lmem=0, smem=0, cmem=376
GPGPU-Sim PTX: Kernel '_Z9qk_scoresPKfS0_Pfii' : regs=28, lmem=0, smem=0, cmem=384
GPGPU-Sim PTX: Kernel '_Z13truncate_halfPK6float2PS_i' : regs=8, lmem=0, smem=0, cmem=372
GPGPU-Sim PTX: Kernel '_Z14fft_pair_stagePK6float2PS_ii' : regs=28, lmem=0, smem=0, cmem=384
GPGPU-Sim PTX: __cudaRegisterFunction _Z13softmax_statsPKfPfii : hostFun 0x0x64551fd8e9b0, fat_cubin_handle = 1
GPGPU-Sim PTX: __cudaRegisterFunction _Z9qk_scoresPKfS0_Pfii : hostFun 0x0x64551fd8e8a0, fat_cubin_handle = 1
GPGPU-Sim PTX: __cudaRegisterFunction _Z13truncate_halfPK6float2PS_i : hostFun 0x0x64551fd8eaa0, fat_cubin_handle = 1
GPGPU-Sim PTX: __cudaRegisterFunction _Z14fft_pair_stagePK6float2PS_ii : hostFun 0x0x64551fd8eb80, fat_cubin_handle = 1
self exe links to: /workspace/MLX_dev/build/xavier-attention-components/mlx_attention_proxy
self exe links to: /workspace/MLX_dev/build/xavier-attention-components/mlx_attention_proxy
11.0
GPGPU-Sim PTX: __cudaRegisterFatBinary, fat_cubin_handle = 2, filename=default
GPGPU-Sim PTX: __cudaRegisterFunction __nv_static_44__570e7b9d_22_cuda_device_runtime_cu_8b1a5d37__Z16memcpy_3d_deviceImLi1ELi1ELi1EEvPKhPhT_S3_S3_S3_S3_S3_S3_jjjjjjjjS3_S1_S2_ : hostFun 0x0x64551fd94e20, fat_cubin_handle = 2
Warning: cannot find deviceFun __nv_static_44__570e7b9d_22_cuda_device_runtime_cu_8b1a5d37__Z16memcpy_3d_deviceImLi1ELi1ELi1EEvPKhPhT_S3_S3_S3_S3_S3_S3_jjjjjjjjS3_S1_S2_
GPGPU-Sim PTX: __cudaRegisterFunction __nv_static_44__570e7b9d_22_cuda_device_runtime_cu_8b1a5d37__Z16memcpy_3d_deviceImLi1ELi1ELi0EEvPKhPhT_S3_S3_S3_S3_S3_S3_jjjjjjjjS3_S1_S2_ : hostFun 0x0x64551fd94af0, fat_cubin_handle = 2
Warning: cannot find deviceFun __nv_static_44__570e7b9d_22_cuda_device_runtime_cu_8b1a5d37__Z16memcpy_3d_deviceImLi1ELi1ELi0EEvPKhPhT_S3_S3_S3_S3_S3_S3_jjjjjjjjS3_S1_S2_
GPGPU-Sim PTX: __cudaRegisterFunction __nv_static_44__570e7b9d_22_cuda_device_runtime_cu_8b1a5d37__Z16memcpy_3d_deviceImLi1ELi0ELi1EEvPKhPhT_S3_S3_S3_S3_S3_S3_jjjjjjjjS3_S1_S2_ : hostFun 0x0x64551fd947c0, fat_cubin_handle = 2
Warning: cannot find deviceFun __nv_static_44__570e7b9d_22_cuda_device_runtime_cu_8b1a5d37__Z16memcpy_3d_deviceImLi1ELi0ELi1EEvPKhPhT_S3_S3_S3_S3_S3_S3_jjjjjjjjS3_S1_S2_
GPGPU-Sim PTX: __cudaRegisterFunction __nv_static_44__570e7b9d_22_cuda_device_runtime_cu_8b1a5d37__Z16memcpy_3d_deviceImLi1ELi0ELi0EEvPKhPhT_S3_S3_S3_S3_S3_S3_jjjjjjjjS3_S1_S2_ : hostFun 0x0x64551fd94490, fat_cubin_handle = 2
Warning: cannot find deviceFun __nv_static_44__570e7b9d_22_cuda_device_runtime_cu_8b1a5d37__Z16memcpy_3d_deviceImLi1ELi0ELi0EEvPKhPhT_S3_S3_S3_S3_S3_S3_jjjjjjjjS3_S1_S2_
GPGPU-Sim PTX: __cudaRegisterFunction __nv_static_44__570e7b9d_22_cuda_device_runtime_cu_8b1a5d37__Z16memcpy_3d_deviceImLi0ELi1ELi1EEvPKhPhT_S3_S3_S3_S3_S3_S3_jjjjjjjjS3_S1_S2_ : hostFun 0x0x64551fd94160, fat_cubin_handle = 2
Warning: cannot find deviceFun __nv_static_44__570e7b9d_22_cuda_device_runtime_cu_8b1a5d37__Z16memcpy_3d_deviceImLi0ELi1ELi1EEvPKhPhT_S3_S3_S3_S3_S3_S3_jjjjjjjjS3_S1_S2_
GPGPU-Sim PTX: __cudaRegisterFunction __nv_static_44__570e7b9d_22_cuda_device_runtime_cu_8b1a5d37__Z16memcpy_3d_deviceImLi0ELi1ELi0EEvPKhPhT_S3_S3_S3_S3_S3_S3_jjjjjjjjS3_S1_S2_ : hostFun 0x0x64551fd93e30, fat_cubin_handle = 2
Warning: cannot find deviceFun __nv_static_44__570e7b9d_22_cuda_device_runtime_cu_8b1a5d37__Z16memcpy_3d_deviceImLi0ELi1ELi0EEvPKhPhT_S3_S3_S3_S3_S3_S3_jjjjjjjjS3_S1_S2_
GPGPU-Sim PTX: __cudaRegisterFunction __nv_static_44__570e7b9d_22_cuda_device_runtime_cu_8b1a5d37__Z16memcpy_3d_deviceImLi0ELi0ELi1EEvPKhPhT_S3_S3_S3_S3_S3_S3_jjjjjjjjS3_S1_S2_ : hostFun 0x0x64551fd93b00, fat_cubin_handle = 2
Warning: cannot find deviceFun __nv_static_44__570e7b9d_22_cuda_device_runtime_cu_8b1a5d37__Z16memcpy_3d_deviceImLi0ELi0ELi1EEvPKhPhT_S3_S3_S3_S3_S3_S3_jjjjjjjjS3_S1_S2_
GPGPU-Sim PTX: __cudaRegisterFunction __nv_static_44__570e7b9d_22_cuda_device_runtime_cu_8b1a5d37__Z16memcpy_3d_deviceImLi0ELi0ELi0EEvPKhPhT_S3_S3_S3_S3_S3_S3_jjjjjjjjS3_S1_S2_ : hostFun 0x0x64551fd937d0, fat_cubin_handle = 2
Warning: cannot find deviceFun __nv_static_44__570e7b9d_22_cuda_device_runtime_cu_8b1a5d37__Z16memcpy_3d_deviceImLi0ELi0ELi0EEvPKhPhT_S3_S3_S3_S3_S3_S3_jjjjjjjjS3_S1_S2_
GPGPU-Sim PTX: __cudaRegisterFunction __nv_static_44__570e7b9d_22_cuda_device_runtime_cu_8b1a5d37__Z16memcpy_3d_deviceIjLi1ELi1ELi1EEvPKhPhT_S3_S3_S3_S3_S3_S3_jjjjjjjjS3_S1_S2_ : hostFun 0x0x64551fd934c0, fat_cubin_handle = 2
Warning: cannot find deviceFun __nv_static_44__570e7b9d_22_cuda_device_runtime_cu_8b1a5d37__Z16memcpy_3d_deviceIjLi1ELi1ELi1EEvPKhPhT_S3_S3_S3_S3_S3_S3_jjjjjjjjS3_S1_S2_
GPGPU-Sim PTX: __cudaRegisterFunction __nv_static_44__570e7b9d_22_cuda_device_runtime_cu_8b1a5d37__Z16memcpy_3d_deviceIjLi1ELi1ELi0EEvPKhPhT_S3_S3_S3_S3_S3_S3_jjjjjjjjS3_S1_S2_ : hostFun 0x0x64551fd931b0, fat_cubin_handle = 2
Warning: cannot find deviceFun __nv_static_44__570e7b9d_22_cuda_device_runtime_cu_8b1a5d37__Z16memcpy_3d_deviceIjLi1ELi1ELi0EEvPKhPhT_S3_S3_S3_S3_S3_S3_jjjjjjjjS3_S1_S2_
GPGPU-Sim PTX: __cudaRegisterFunction __nv_static_44__570e7b9d_22_cuda_device_runtime_cu_8b1a5d37__Z16memcpy_3d_deviceIjLi1ELi0ELi1EEvPKhPhT_S3_S3_S3_S3_S3_S3_jjjjjjjjS3_S1_S2_ : hostFun 0x0x64551fd92ea0, fat_cubin_handle = 2
Warning: cannot find deviceFun __nv_static_44__570e7b9d_22_cuda_device_runtime_cu_8b1a5d37__Z16memcpy_3d_deviceIjLi1ELi0ELi1EEvPKhPhT_S3_S3_S3_S3_S3_S3_jjjjjjjjS3_S1_S2_
GPGPU-Sim PTX: __cudaRegisterFunction __nv_static_44__570e7b9d_22_cuda_device_runtime_cu_8b1a5d37__Z16memcpy_3d_deviceIjLi1ELi0ELi0EEvPKhPhT_S3_S3_S3_S3_S3_S3_jjjjjjjjS3_S1_S2_ : hostFun 0x0x64551fd92b90, fat_cubin_handle = 2
Warning: cannot find deviceFun __nv_static_44__570e7b9d_22_cuda_device_runtime_cu_8b1a5d37__Z16memcpy_3d_deviceIjLi1ELi0ELi0EEvPKhPhT_S3_S3_S3_S3_S3_S3_jjjjjjjjS3_S1_S2_
GPGPU-Sim PTX: __cudaRegisterFunction __nv_static_44__570e7b9d_22_cuda_device_runtime_cu_8b1a5d37__Z16memcpy_3d_deviceIjLi0ELi1ELi1EEvPKhPhT_S3_S3_S3_S3_S3_S3_jjjjjjjjS3_S1_S2_ : hostFun 0x0x64551fd92880, fat_cubin_handle = 2
Warning: cannot find deviceFun __nv_static_44__570e7b9d_22_cuda_device_runtime_cu_8b1a5d37__Z16memcpy_3d_deviceIjLi0ELi1ELi1EEvPKhPhT_S3_S3_S3_S3_S3_S3_jjjjjjjjS3_S1_S2_
GPGPU-Sim PTX: __cudaRegisterFunction __nv_static_44__570e7b9d_22_cuda_device_runtime_cu_8b1a5d37__Z16memcpy_3d_deviceIjLi0ELi1ELi0EEvPKhPhT_S3_S3_S3_S3_S3_S3_jjjjjjjjS3_S1_S2_ : hostFun 0x0x64551fd92570, fat_cubin_handle = 2
Warning: cannot find deviceFun __nv_static_44__570e7b9d_22_cuda_device_runtime_cu_8b1a5d37__Z16memcpy_3d_deviceIjLi0ELi1ELi0EEvPKhPhT_S3_S3_S3_S3_S3_S3_jjjjjjjjS3_S1_S2_
GPGPU-Sim PTX: __cudaRegisterFunction __nv_static_44__570e7b9d_22_cuda_device_runtime_cu_8b1a5d37__Z16memcpy_3d_deviceIjLi0ELi0ELi1EEvPKhPhT_S3_S3_S3_S3_S3_S3_jjjjjjjjS3_S1_S2_ : hostFun 0x0x64551fd92260, fat_cubin_handle = 2
Warning: cannot find deviceFun __nv_static_44__570e7b9d_22_cuda_device_runtime_cu_8b1a5d37__Z16memcpy_3d_deviceIjLi0ELi0ELi1EEvPKhPhT_S3_S3_S3_S3_S3_S3_jjjjjjjjS3_S1_S2_
GPGPU-Sim PTX: __cudaRegisterFunction __nv_static_44__570e7b9d_22_cuda_device_runtime_cu_8b1a5d37__Z16memcpy_3d_deviceIjLi0ELi0ELi0EEvPKhPhT_S3_S3_S3_S3_S3_S3_jjjjjjjjS3_S1_S2_ : hostFun 0x0x64551fd91f50, fat_cubin_handle = 2
Warning: cannot find deviceFun __nv_static_44__570e7b9d_22_cuda_device_runtime_cu_8b1a5d37__Z16memcpy_3d_deviceIjLi0ELi0ELi0EEvPKhPhT_S3_S3_S3_S3_S3_S3_jjjjjjjjS3_S1_S2_
GPGPU-Sim PTX: __cudaRegisterFunction __nv_static_44__570e7b9d_22_cuda_device_runtime_cu_8b1a5d37__Z16memset_3d_deviceImLi1ELi1ELi1EEvPhhjT_S1_S1_S1_S1_jjjjjjjS1_S0_ : hostFun 0x0x64551fd91d00, fat_cubin_handle = 2
Warning: cannot find deviceFun __nv_static_44__570e7b9d_22_cuda_device_runtime_cu_8b1a5d37__Z16memset_3d_deviceImLi1ELi1ELi1EEvPhhjT_S1_S1_S1_S1_jjjjjjjS1_S0_
GPGPU-Sim PTX: __cudaRegisterFunction __nv_static_44__570e7b9d_22_cuda_device_runtime_cu_8b1a5d37__Z16memset_3d_deviceImLi1ELi1ELi0EEvPhhjT_S1_S1_S1_S1_jjjjjjjS1_S0_ : hostFun 0x0x64551fd91ab0, fat_cubin_handle = 2
Warning: cannot find deviceFun __nv_static_44__570e7b9d_22_cuda_device_runtime_cu_8b1a5d37__Z16memset_3d_deviceImLi1ELi1ELi0EEvPhhjT_S1_S1_S1_S1_jjjjjjjS1_S0_
GPGPU-Sim PTX: __cudaRegisterFunction __nv_static_44__570e7b9d_22_cuda_device_runtime_cu_8b1a5d37__Z16memset_3d_deviceImLi1ELi0ELi1EEvPhhjT_S1_S1_S1_S1_jjjjjjjS1_S0_ : hostFun 0x0x64551fd91860, fat_cubin_handle = 2
Warning: cannot find deviceFun __nv_static_44__570e7b9d_22_cuda_device_runtime_cu_8b1a5d37__Z16memset_3d_deviceImLi1ELi0ELi1EEvPhhjT_S1_S1_S1_S1_jjjjjjjS1_S0_
GPGPU-Sim PTX: __cudaRegisterFunction __nv_static_44__570e7b9d_22_cuda_device_runtime_cu_8b1a5d37__Z16memset_3d_deviceImLi1ELi0ELi0EEvPhhjT_S1_S1_S1_S1_jjjjjjjS1_S0_ : hostFun 0x0x64551fd91610, fat_cubin_handle = 2
Warning: cannot find deviceFun __nv_static_44__570e7b9d_22_cuda_device_runtime_cu_8b1a5d37__Z16memset_3d_deviceImLi1ELi0ELi0EEvPhhjT_S1_S1_S1_S1_jjjjjjjS1_S0_
GPGPU-Sim PTX: __cudaRegisterFunction __nv_static_44__570e7b9d_22_cuda_device_runtime_cu_8b1a5d37__Z16memset_3d_deviceImLi0ELi1ELi1EEvPhhjT_S1_S1_S1_S1_jjjjjjjS1_S0_ : hostFun 0x0x64551fd913c0, fat_cubin_handle = 2
Warning: cannot find deviceFun __nv_static_44__570e7b9d_22_cuda_device_runtime_cu_8b1a5d37__Z16memset_3d_deviceImLi0ELi1ELi1EEvPhhjT_S1_S1_S1_S1_jjjjjjjS1_S0_
GPGPU-Sim PTX: __cudaRegisterFunction __nv_static_44__570e7b9d_22_cuda_device_runtime_cu_8b1a5d37__Z16memset_3d_deviceImLi0ELi1ELi0EEvPhhjT_S1_S1_S1_S1_jjjjjjjS1_S0_ : hostFun 0x0x64551fd91170, fat_cubin_handle = 2
Warning: cannot find deviceFun __nv_static_44__570e7b9d_22_cuda_device_runtime_cu_8b1a5d37__Z16memset_3d_deviceImLi0ELi1ELi0EEvPhhjT_S1_S1_S1_S1_jjjjjjjS1_S0_
GPGPU-Sim PTX: __cudaRegisterFunction __nv_static_44__570e7b9d_22_cuda_device_runtime_cu_8b1a5d37__Z16memset_3d_deviceImLi0ELi0ELi1EEvPhhjT_S1_S1_S1_S1_jjjjjjjS1_S0_ : hostFun 0x0x64551fd90f20, fat_cubin_handle = 2
Warning: cannot find deviceFun __nv_static_44__570e7b9d_22_cuda_device_runtime_cu_8b1a5d37__Z16memset_3d_deviceImLi0ELi0ELi1EEvPhhjT_S1_S1_S1_S1_jjjjjjjS1_S0_
GPGPU-Sim PTX: __cudaRegisterFunction __nv_static_44__570e7b9d_22_cuda_device_runtime_cu_8b1a5d37__Z16memset_3d_deviceImLi0ELi0ELi0EEvPhhjT_S1_S1_S1_S1_jjjjjjjS1_S0_ : hostFun 0x0x64551fd90cd0, fat_cubin_handle = 2
Warning: cannot find deviceFun __nv_static_44__570e7b9d_22_cuda_device_runtime_cu_8b1a5d37__Z16memset_3d_deviceImLi0ELi0ELi0EEvPhhjT_S1_S1_S1_S1_jjjjjjjS1_S0_
GPGPU-Sim PTX: __cudaRegisterFunction __nv_static_44__570e7b9d_22_cuda_device_runtime_cu_8b1a5d37__Z16memset_3d_deviceIjLi1ELi1ELi1EEvPhhjT_S1_S1_S1_S1_jjjjjjjS1_S0_ : hostFun 0x0x64551fd90ab0, fat_cubin_handle = 2
Warning: cannot find deviceFun __nv_static_44__570e7b9d_22_cuda_device_runtime_cu_8b1a5d37__Z16memset_3d_deviceIjLi1ELi1ELi1EEvPhhjT_S1_S1_S1_S1_jjjjjjjS1_S0_
GPGPU-Sim PTX: __cudaRegisterFunction __nv_static_44__570e7b9d_22_cuda_device_runtime_cu_8b1a5d37__Z16memset_3d_deviceIjLi1ELi1ELi0EEvPhhjT_S1_S1_S1_S1_jjjjjjjS1_S0_ : hostFun 0x0x64551fd90890, fat_cubin_handle = 2
Warning: cannot find deviceFun __nv_static_44__570e7b9d_22_cuda_device_runtime_cu_8b1a5d37__Z16memset_3d_deviceIjLi1ELi1ELi0EEvPhhjT_S1_S1_S1_S1_jjjjjjjS1_S0_
GPGPU-Sim PTX: __cudaRegisterFunction __nv_static_44__570e7b9d_22_cuda_device_runtime_cu_8b1a5d37__Z16memset_3d_deviceIjLi1ELi0ELi1EEvPhhjT_S1_S1_S1_S1_jjjjjjjS1_S0_ : hostFun 0x0x64551fd90670, fat_cubin_handle = 2
Warning: cannot find deviceFun __nv_static_44__570e7b9d_22_cuda_device_runtime_cu_8b1a5d37__Z16memset_3d_deviceIjLi1ELi0ELi1EEvPhhjT_S1_S1_S1_S1_jjjjjjjS1_S0_
GPGPU-Sim PTX: __cudaRegisterFunction __nv_static_44__570e7b9d_22_cuda_device_runtime_cu_8b1a5d37__Z16memset_3d_deviceIjLi1ELi0ELi0EEvPhhjT_S1_S1_S1_S1_jjjjjjjS1_S0_ : hostFun 0x0x64551fd90450, fat_cubin_handle = 2
Warning: cannot find deviceFun __nv_static_44__570e7b9d_22_cuda_device_runtime_cu_8b1a5d37__Z16memset_3d_deviceIjLi1ELi0ELi0EEvPhhjT_S1_S1_S1_S1_jjjjjjjS1_S0_
GPGPU-Sim PTX: __cudaRegisterFunction __nv_static_44__570e7b9d_22_cuda_device_runtime_cu_8b1a5d37__Z16memset_3d_deviceIjLi0ELi1ELi1EEvPhhjT_S1_S1_S1_S1_jjjjjjjS1_S0_ : hostFun 0x0x64551fd90230, fat_cubin_handle = 2
Warning: cannot find deviceFun __nv_static_44__570e7b9d_22_cuda_device_runtime_cu_8b1a5d37__Z16memset_3d_deviceIjLi0ELi1ELi1EEvPhhjT_S1_S1_S1_S1_jjjjjjjS1_S0_
GPGPU-Sim PTX: __cudaRegisterFunction __nv_static_44__570e7b9d_22_cuda_device_runtime_cu_8b1a5d37__Z16memset_3d_deviceIjLi0ELi1ELi0EEvPhhjT_S1_S1_S1_S1_jjjjjjjS1_S0_ : hostFun 0x0x64551fd90010, fat_cubin_handle = 2
Warning: cannot find deviceFun __nv_static_44__570e7b9d_22_cuda_device_runtime_cu_8b1a5d37__Z16memset_3d_deviceIjLi0ELi1ELi0EEvPhhjT_S1_S1_S1_S1_jjjjjjjS1_S0_
GPGPU-Sim PTX: __cudaRegisterFunction __nv_static_44__570e7b9d_22_cuda_device_runtime_cu_8b1a5d37__Z16memset_3d_deviceIjLi0ELi0ELi1EEvPhhjT_S1_S1_S1_S1_jjjjjjjS1_S0_ : hostFun 0x0x64551fd8fdf0, fat_cubin_handle = 2
Warning: cannot find deviceFun __nv_static_44__570e7b9d_22_cuda_device_runtime_cu_8b1a5d37__Z16memset_3d_deviceIjLi0ELi0ELi1EEvPhhjT_S1_S1_S1_S1_jjjjjjjS1_S0_
GPGPU-Sim PTX: __cudaRegisterFunction __nv_static_44__570e7b9d_22_cuda_device_runtime_cu_8b1a5d37__Z16memset_3d_deviceIjLi0ELi0ELi0EEvPhhjT_S1_S1_S1_S1_jjjjjjjS1_S0_ : hostFun 0x0x64551fd8fbd0, fat_cubin_handle = 2
Warning: cannot find deviceFun __nv_static_44__570e7b9d_22_cuda_device_runtime_cu_8b1a5d37__Z16memset_3d_deviceIjLi0ELi0ELi0EEvPhhjT_S1_S1_S1_S1_jjjjjjjS1_S0_
GPGPU-Sim PTX: __cudaRegisterVar: hostVar = 0x64551fe891a0; deviceAddress = __nv_static_44__570e7b9d_22_cuda_device_runtime_cu_8b1a5d37_set_kernel32; deviceName = __nv_static_44__570e7b9d_22_cuda_device_runtime_cu_8b1a5d37_set_kernel32
GPGPU-Sim PTX: __cudaRegisterVar: Registering const memory space of 64 bytes
GPGPU-Sim PTX registering global __nv_static_44__570e7b9d_22_cuda_device_runtime_cu_8b1a5d37_set_kernel32 hostVar to name mapping
GPGPU-Sim PTX: __cudaRegisterVar: hostVar = 0x64551fe89160; deviceAddress = __nv_static_44__570e7b9d_22_cuda_device_runtime_cu_8b1a5d37_set_kernel64; deviceName = __nv_static_44__570e7b9d_22_cuda_device_runtime_cu_8b1a5d37_set_kernel64
GPGPU-Sim PTX: __cudaRegisterVar: Registering const memory space of 64 bytes
GPGPU-Sim PTX registering global __nv_static_44__570e7b9d_22_cuda_device_runtime_cu_8b1a5d37_set_kernel64 hostVar to name mapping
GPGPU-Sim PTX: __cudaRegisterVar: hostVar = 0x64551fe89120; deviceAddress = __nv_static_44__570e7b9d_22_cuda_device_runtime_cu_8b1a5d37_cpy_kernel32; deviceName = __nv_static_44__570e7b9d_22_cuda_device_runtime_cu_8b1a5d37_cpy_kernel32
GPGPU-Sim PTX: __cudaRegisterVar: Registering const memory space of 64 bytes
GPGPU-Sim PTX registering global __nv_static_44__570e7b9d_22_cuda_device_runtime_cu_8b1a5d37_cpy_kernel32 hostVar to name mapping
GPGPU-Sim PTX: __cudaRegisterVar: hostVar = 0x64551fe890e0; deviceAddress = __nv_static_44__570e7b9d_22_cuda_device_runtime_cu_8b1a5d37_cpy_kernel64; deviceName = __nv_static_44__570e7b9d_22_cuda_device_runtime_cu_8b1a5d37_cpy_kernel64
GPGPU-Sim PTX: __cudaRegisterVar: Registering const memory space of 64 bytes
GPGPU-Sim PTX registering global __nv_static_44__570e7b9d_22_cuda_device_runtime_cu_8b1a5d37_cpy_kernel64 hostVar to name mapping
GPGPU-Sim PTX: __cudaRegisterVar: hostVar = 0x64551fe880a0; deviceAddress = __nv_static_44__570e7b9d_22_cuda_device_runtime_cu_8b1a5d37_cudartErrorTableArr; deviceName = __nv_static_44__570e7b9d_22_cuda_device_runtime_cu_8b1a5d37_cudartErrorTableArr
GPGPU-Sim PTX: __cudaRegisterVar: Registering const memory space of 3000 bytes
GPGPU-Sim PTX registering global __nv_static_44__570e7b9d_22_cuda_device_runtime_cu_8b1a5d37_cudartErrorTableArr hostVar to name mapping
GPGPU-Sim PTX: __cudaRegisterVar: hostVar = 0x64551fe890d0; deviceAddress = cudartErrorTable; deviceName = cudartErrorTable
GPGPU-Sim PTX: __cudaRegisterVar: Registering const memory space of 8 bytes
GPGPU-Sim PTX registering global cudartErrorTable hostVar to name mapping
GPGPU-Sim PTX: __cudaRegisterVar: hostVar = 0x64551fd99ba8; deviceAddress = cudartErrorTableEntryCount; deviceName = cudartErrorTableEntryCount
GPGPU-Sim PTX: __cudaRegisterVar: Registering const memory space of 4 bytes
GPGPU-Sim PTX registering global cudartErrorTableEntryCount hostVar to name mapping
GPGPU-Sim PTX: __cudaRegisterVar: hostVar = 0x64551fd99b40; deviceAddress = __nv_static_44__570e7b9d_22_cuda_device_runtime_cu_8b1a5d37_cudartErrorCnpMapArr; deviceName = __nv_static_44__570e7b9d_22_cuda_device_runtime_cu_8b1a5d37_cudartErrorCnpMapArr
GPGPU-Sim PTX: __cudaRegisterVar: Registering const memory space of 104 bytes
GPGPU-Sim PTX registering global __nv_static_44__570e7b9d_22_cuda_device_runtime_cu_8b1a5d37_cudartErrorCnpMapArr hostVar to name mapping
GPGPU-Sim PTX: __cudaRegisterVar: hostVar = 0x64551fe890c8; deviceAddress = cudartErrorCnpMap; deviceName = cudartErrorCnpMap
GPGPU-Sim PTX: __cudaRegisterVar: Registering const memory space of 8 bytes
GPGPU-Sim PTX registering global cudartErrorCnpMap hostVar to name mapping
GPGPU-Sim PTX: __cudaRegisterVar: hostVar = 0x64551fd99b20; deviceAddress = cudartErrorCnpMapEntryCount; deviceName = cudartErrorCnpMapEntryCount
GPGPU-Sim PTX: __cudaRegisterVar: Registering const memory space of 4 bytes
GPGPU-Sim PTX registering global cudartErrorCnpMapEntryCount hostVar to name mapping
GPGPU-Sim PTX: __cudaRegisterVar: hostVar = 0x64551fe890c0; deviceAddress = __CNPRT_VERSION_NUMBER__; deviceName = __CNPRT_VERSION_NUMBER__
GPGPU-Sim PTX: __cudaRegisterVar: Registering const memory space of 4 bytes
GPGPU-Sim PTX registering global __CNPRT_VERSION_NUMBER__ hostVar to name mapping
GPGPU-Sim PTX: Setting up arguments for 8 bytes starting at 0x7ffdd97455b8..
GPGPU-Sim PTX: Setting up arguments for 8 bytes starting at 0x7ffdd97455b0..
GPGPU-Sim PTX: Setting up arguments for 8 bytes starting at 0x7ffdd97455a8..
GPGPU-Sim PTX: Setting up arguments for 8 bytes starting at 0x7ffdd97455a0..
GPGPU-Sim PTX: Setting up arguments for 4 bytes starting at 0x7ffdd974559c..
GPGPU-Sim PTX: Setting up arguments for 4 bytes starting at 0x7ffdd9745598..

GPGPU-Sim PTX: cudaLaunch for 0x0x64551fd8e770 (mode=performance simulation) on stream 0
GPGPU-Sim PTX: finding reconvergence points for '_Z10sv_outputsPKfS0_S0_Pfii'...
GPGPU-Sim PTX: Finding dominators for '_Z10sv_outputsPKfS0_S0_Pfii'...
GPGPU-Sim PTX: Finding immediate dominators for '_Z10sv_outputsPKfS0_S0_Pfii'...
GPGPU-Sim PTX: Finding postdominators for '_Z10sv_outputsPKfS0_S0_Pfii'...
GPGPU-Sim PTX: Finding immediate postdominators for '_Z10sv_outputsPKfS0_S0_Pfii'...
GPGPU-Sim PTX: pre-decoding instructions for '_Z10sv_outputsPKfS0_S0_Pfii'...
GPGPU-Sim PTX: reconvergence points for _Z10sv_outputsPKfS0_S0_Pfii...
GPGPU-Sim PTX:  1 (potential) branch divergence @  PC=0x1040 (mlx_attention_proxy.1.sm_70.ptx:706) @%p1 bra $L__BB4_9;
GPGPU-Sim PTX:    immediate post dominator      @  PC=0x1200 (mlx_attention_proxy.1.sm_70.ptx:777) ret;
GPGPU-Sim PTX:  2 (potential) branch divergence @  PC=0x1058 (mlx_attention_proxy.1.sm_70.ptx:710) @%p2 bra $L__BB4_8;
GPGPU-Sim PTX:    immediate post dominator      @  PC=0x11c8 (mlx_attention_proxy.1.sm_70.ptx:768) cvta.to.global.u64 %rd22, %rd14;
GPGPU-Sim PTX:  3 (potential) branch divergence @  PC=0x1088 (mlx_attention_proxy.1.sm_70.ptx:717) @%p3 bra $L__BB4_5;
GPGPU-Sim PTX:    immediate post dominator      @  PC=0x1150 (mlx_attention_proxy.1.sm_70.ptx:747) setp.eq.s32 %p5, %r24, 0;
GPGPU-Sim PTX:  4 (potential) branch divergence @  PC=0x1148 (mlx_attention_proxy.1.sm_70.ptx:744) @%p4 bra $L__BB4_4;
GPGPU-Sim PTX:    immediate post dominator      @  PC=0x1150 (mlx_attention_proxy.1.sm_70.ptx:747) setp.eq.s32 %p5, %r24, 0;
GPGPU-Sim PTX:  5 (potential) branch divergence @  PC=0x1158 (mlx_attention_proxy.1.sm_70.ptx:748) @%p5 bra $L__BB4_8;
GPGPU-Sim PTX:    immediate post dominator      @  PC=0x11c8 (mlx_attention_proxy.1.sm_70.ptx:768) cvta.to.global.u64 %rd22, %rd14;
GPGPU-Sim PTX:  6 (potential) branch divergence @  PC=0x11c0 (mlx_attention_proxy.1.sm_70.ptx:765) @%p6 bra $L__BB4_7;
GPGPU-Sim PTX:    immediate post dominator      @  PC=0x11c8 (mlx_attention_proxy.1.sm_70.ptx:768) cvta.to.global.u64 %rd22, %rd14;
GPGPU-Sim PTX: ... end of reconvergence points for _Z10sv_outputsPKfS0_S0_Pfii
GPGPU-Sim PTX: ... done pre-decoding instructions for '_Z10sv_outputsPKfS0_S0_Pfii'.
GPGPU-Sim PTX: pushing kernel '_Z10sv_outputsPKfS0_S0_Pfii' to stream 0, gridDim= (64,1,1) blockDim = (128,1,1) 
GPGPU-Sim uArch: Shader 0 bind to kernel 1 '_Z10sv_outputsPKfS0_S0_Pfii'
GPGPU-Sim uArch: CTA/core = 16, limited by: threads
GPGPU-Sim: Reconfigure L1 cache to 128KB
GPGPU-Sim uArch: Shader 1 bind to kernel 1 '_Z10sv_outputsPKfS0_S0_Pfii'
GPGPU-Sim uArch: Shader 2 bind to kernel 1 '_Z10sv_outputsPKfS0_S0_Pfii'
GPGPU-Sim uArch: Shader 3 bind to kernel 1 '_Z10sv_outputsPKfS0_S0_Pfii'
GPGPU-Sim uArch: Shader 4 bind to kernel 1 '_Z10sv_outputsPKfS0_S0_Pfii'
GPGPU-Sim uArch: Shader 5 bind to kernel 1 '_Z10sv_outputsPKfS0_S0_Pfii'
GPGPU-Sim uArch: Shader 6 bind to kernel 1 '_Z10sv_outputsPKfS0_S0_Pfii'
GPGPU-Sim uArch: Shader 7 bind to kernel 1 '_Z10sv_outputsPKfS0_S0_Pfii'
Destroy streams for kernel 1: size 0
kernel_name = _Z10sv_outputsPKfS0_S0_Pfii 
kernel_launch_uid = 1 
kernel_stream_id = 0
gpu_sim_cycle = 4529778
gpu_sim_insn = 151281664
gpu_ipc =      33.3971
gpu_tot_sim_cycle = 4529778
gpu_tot_sim_insn = 151281664
gpu_tot_ipc =      33.3971
gpu_tot_issued_cta = 64
gpu_occupancy = 49.5114% 
gpu_tot_occupancy = 49.5114% 
max_total_param_size = 0
gpu_stall_dramfull = 64669
gpu_stall_icnt2sh    = 0
partiton_level_parallism =       2.9047
partiton_level_parallism_total  =       2.9047
partiton_level_parallism_util =       3.1349
partiton_level_parallism_util_total  =       3.1349
L2_BW  =     127.9923 GB/Sec
L2_BW_total  =     127.9923 GB/Sec
gpu_total_sim_rate=126807

========= Core cache stats =========
L1I_cache:
	L1I_total_cache_accesses = 0
	L1I_total_cache_misses = 0
	L1I_total_cache_pending_hits = 0
	L1I_total_cache_reservation_fails = 0
L1D_cache:
	L1D_cache_core[0]: Access = 4325536, Miss = 1654760, Miss_rate = 0.383, Pending_hits = 6458, Reservation_fails = 237161
	L1D_cache_core[1]: Access = 4325536, Miss = 1438481, Miss_rate = 0.333, Pending_hits = 4491, Reservation_fails = 175711
	L1D_cache_core[2]: Access = 4325536, Miss = 1736294, Miss_rate = 0.401, Pending_hits = 8397, Reservation_fails = 311426
	L1D_cache_core[3]: Access = 4325536, Miss = 1833250, Miss_rate = 0.424, Pending_hits = 7569, Reservation_fails = 298552
	L1D_cache_core[4]: Access = 4325536, Miss = 1475233, Miss_rate = 0.341, Pending_hits = 5444, Reservation_fails = 204075
	L1D_cache_core[5]: Access = 4325536, Miss = 1356205, Miss_rate = 0.314, Pending_hits = 4552, Reservation_fails = 183435
	L1D_cache_core[6]: Access = 4325536, Miss = 1335168, Miss_rate = 0.309, Pending_hits = 4476, Reservation_fails = 182501
	L1D_cache_core[7]: Access = 4325536, Miss = 2328215, Miss_rate = 0.538, Pending_hits = 13299, Reservation_fails = 480294
	L1D_total_cache_accesses = 34604288
	L1D_total_cache_misses = 13157606
	L1D_total_cache_miss_rate = 0.3802
	L1D_total_cache_pending_hits = 54686
	L1D_total_cache_reservation_fails = 2073155
	L1D_cache_data_port_util = 0.602
	L1D_cache_fill_port_util = 0.370
L1C_cache:
	L1C_total_cache_accesses = 0
	L1C_total_cache_misses = 0
	L1C_total_cache_pending_hits = 0
	L1C_total_cache_reservation_fails = 0
L1T_cache:
	L1T_total_cache_accesses = 0
	L1T_total_cache_misses = 0
	L1T_total_cache_pending_hits = 0
	L1T_total_cache_reservation_fails = 0

Total_core_cache_stats:
	Total_core_cache_stats_breakdown[GLOBAL_ACC_R][HIT] = 21391996
	Total_core_cache_stats_breakdown[GLOBAL_ACC_R][HIT_RESERVED] = 54686
	Total_core_cache_stats_breakdown[GLOBAL_ACC_R][MISS] = 12035180
	Total_core_cache_stats_breakdown[GLOBAL_ACC_R][RESERVATION_FAIL] = 2073155
	Total_core_cache_stats_breakdown[GLOBAL_ACC_R][SECTOR_MISS] = 1121402
	Total_core_cache_stats_breakdown[GLOBAL_ACC_R][MSHR_HIT] = 54686
	Total_core_cache_stats_breakdown[LOCAL_ACC_R][HIT] = 0
	Total_core_cache_stats_breakdown[LOCAL_ACC_R][HIT_RESERVED] = 0
	Total_core_cache_stats_breakdown[LOCAL_ACC_R][MISS] = 0
	Total_core_cache_stats_breakdown[LOCAL_ACC_R][RESERVATION_FAIL] = 0
	Total_core_cache_stats_breakdown[LOCAL_ACC_R][SECTOR_MISS] = 0
	Total_core_cache_stats_breakdown[LOCAL_ACC_R][MSHR_HIT] = 0
	Total_core_cache_stats_breakdown[CONST_ACC_R][HIT] = 0
	Total_core_cache_stats_breakdown[CONST_ACC_R][HIT_RESERVED] = 0
	Total_core_cache_stats_breakdown[CONST_ACC_R][MISS] = 0
	Total_core_cache_stats_breakdown[CONST_ACC_R][RESERVATION_FAIL] = 0
	Total_core_cache_stats_breakdown[CONST_ACC_R][SECTOR_MISS] = 0
	Total_core_cache_stats_breakdown[CONST_ACC_R][MSHR_HIT] = 0
	Total_core_cache_stats_breakdown[TEXTURE_ACC_R][HIT] = 0
	Total_core_cache_stats_breakdown[TEXTURE_ACC_R][HIT_RESERVED] = 0
	Total_core_cache_stats_breakdown[TEXTURE_ACC_R][MISS] = 0
	Total_core_cache_stats_breakdown[TEXTURE_ACC_R][RESERVATION_FAIL] = 0
	Total_core_cache_stats_breakdown[TEXTURE_ACC_R][SECTOR_MISS] = 0
	Total_core_cache_stats_breakdown[TEXTURE_ACC_R][MSHR_HIT] = 0
	Total_core_cache_stats_breakdown[GLOBAL_ACC_W][HIT] = 0
	Total_core_cache_stats_breakdown[GLOBAL_ACC_W][HIT_RESERVED] = 0
	Total_core_cache_stats_breakdown[GLOBAL_ACC_W][MISS] = 256
	Total_core_cache_stats_breakdown[GLOBAL_ACC_W][RESERVATION_FAIL] = 0
	Total_core_cache_stats_breakdown[GLOBAL_ACC_W][SECTOR_MISS] = 768
	Total_core_cache_stats_breakdown[GLOBAL_ACC_W][MSHR_HIT] = 0
	Total_core_cache_stats_breakdown[LOCAL_ACC_W][HIT] = 0
	Total_core_cache_stats_breakdown[LOCAL_ACC_W][HIT_RESERVED] = 0
	Total_core_cache_stats_breakdown[LOCAL_ACC_W][MISS] = 0
	Total_core_cache_stats_breakdown[LOCAL_ACC_W][RESERVATION_FAIL] = 0
	Total_core_cache_stats_breakdown[LOCAL_ACC_W][SECTOR_MISS] = 0
	Total_core_cache_stats_breakdown[LOCAL_ACC_W][MSHR_HIT] = 0
	Total_core_cache_stats_breakdown[L1_WRBK_ACC][HIT] = 0
	Total_core_cache_stats_breakdown[L1_WRBK_ACC][HIT_RESERVED] = 0
	Total_core_cache_stats_breakdown[L1_WRBK_ACC][MISS] = 0
	Total_core_cache_stats_breakdown[L1_WRBK_ACC][RESERVATION_FAIL] = 0
	Total_core_cache_stats_breakdown[L1_WRBK_ACC][SECTOR_MISS] = 0
	Total_core_cache_stats_breakdown[L1_WRBK_ACC][MSHR_HIT] = 0
	Total_core_cache_stats_breakdown[L2_WRBK_ACC][HIT] = 0
	Total_core_cache_stats_breakdown[L2_WRBK_ACC][HIT_RESERVED] = 0
	Total_core_cache_stats_breakdown[L2_WRBK_ACC][MISS] = 0
	Total_core_cache_stats_breakdown[L2_WRBK_ACC][RESERVATION_FAIL] = 0
	Total_core_cache_stats_breakdown[L2_WRBK_ACC][SECTOR_MISS] = 0
	Total_core_cache_stats_breakdown[L2_WRBK_ACC][MSHR_HIT] = 0
	Total_core_cache_stats_breakdown[INST_ACC_R][HIT] = 0
	Total_core_cache_stats_breakdown[INST_ACC_R][HIT_RESERVED] = 0
	Total_core_cache_stats_breakdown[INST_ACC_R][MISS] = 0
	Total_core_cache_stats_breakdown[INST_ACC_R][RESERVATION_FAIL] = 0
	Total_core_cache_stats_breakdown[INST_ACC_R][SECTOR_MISS] = 0
	Total_core_cache_stats_breakdown[INST_ACC_R][MSHR_HIT] = 0
	Total_core_cache_stats_breakdown[L1_WR_ALLOC_R][HIT] = 0
	Total_core_cache_stats_breakdown[L1_WR_ALLOC_R][HIT_RESERVED] = 0
	Total_core_cache_stats_breakdown[L1_WR_ALLOC_R][MISS] = 0
	Total_core_cache_stats_breakdown[L1_WR_ALLOC_R][RESERVATION_FAIL] = 0
	Total_core_cache_stats_breakdown[L1_WR_ALLOC_R][SECTOR_MISS] = 0
	Total_core_cache_stats_breakdown[L1_WR_ALLOC_R][MSHR_HIT] = 0
	Total_core_cache_stats_breakdown[L2_WR_ALLOC_R][HIT] = 0
	Total_core_cache_stats_breakdown[L2_WR_ALLOC_R][HIT_RESERVED] = 0
	Total_core_cache_stats_breakdown[L2_WR_ALLOC_R][MISS] = 0
	Total_core_cache_stats_breakdown[L2_WR_ALLOC_R][RESERVATION_FAIL] = 0
	Total_core_cache_stats_breakdown[L2_WR_ALLOC_R][SECTOR_MISS] = 0
	Total_core_cache_stats_breakdown[L2_WR_ALLOC_R][MSHR_HIT] = 0
	Total_core_cache_stats_breakdown[GLOBAL_ACC_R][TOTAL_ACCESS] = 34603264
	Total_core_cache_stats_breakdown[GLOBAL_ACC_W][TOTAL_ACCESS] = 1024

Total_core_cache_fail_stats:
	Total_core_cache_fail_stats_breakdown[GLOBAL_ACC_R][LINE_ALLOC_FAIL] = 1807034
	Total_core_cache_fail_stats_breakdown[GLOBAL_ACC_R][MISS_QUEUE_FULL] = 1192
	Total_core_cache_fail_stats_breakdown[GLOBAL_ACC_R][MSHR_MERGE_ENRTY_FAIL] = 264929
ctas_completed 64, Shader 0 warp_id issue ditsribution:
warp_id:
0, 1, 2, 3, 4, 5, 6, 7, 8, 9, 10, 11, 12, 13, 14, 15, 16, 17, 18, 19, 20, 21, 22, 23, 24, 25, 26, 27, 28, 29, 30, 31, 
distro:
18471, 18471, 18471, 18471, 18471, 18471, 18471, 18471, 18471, 18471, 18471, 18471, 18471, 18471, 18471, 18471, 18471, 18471, 18471, 18471, 18471, 18471, 18471, 18471, 18471, 18471, 18471, 18471, 18471, 18471, 18471, 18471, 
gpgpu_n_tot_thrd_icount = 151314432
gpgpu_n_tot_w_icount = 4728576
gpgpu_n_stall_shd_mem = 33437836
gpgpu_n_mem_read_local = 0
gpgpu_n_mem_write_local = 0
gpgpu_n_mem_read_global = 13156582
gpgpu_n_mem_write_global = 1024
gpgpu_n_mem_texture = 0
gpgpu_n_mem_const = 0
gpgpu_n_load_insn  = 67117056
gpgpu_n_store_insn = 8192
gpgpu_n_shmem_insn = 0
gpgpu_n_sstarr_insn = 0
gpgpu_n_tex_insn = 0
gpgpu_n_const_mem_insn = 0
gpgpu_n_param_mem_insn = 49152
gpgpu_n_shmem_bkconflict = 0
gpgpu_n_l1cache_bkconflict = 33437836
gpgpu_n_intrawarp_mshr_merge = 0
gpgpu_n_cmem_portconflict = 0
gpgpu_stall_shd_mem[c_mem][resource_stall] = 0
gpgpu_stall_shd_mem[s_mem][bk_conf] = 0
gpgpu_stall_shd_mem[gl_mem][resource_stall] = 33437836
gpgpu_stall_shd_mem[gl_mem][coal_stall] = 0
gpgpu_stall_shd_mem[gl_mem][data_port_stall] = 0
gpu_reg_bank_conflict_stalls = 0
Warp Occupancy Distribution:
Stall:136637288	W0_Idle:115057	W0_Scoreboard:770559	W1:0	W2:0	W3:0	W4:0	W5:0	W6:0	W7:0	W8:0	W9:0	W10:0	W11:0	W12:0	W13:0	W14:0	W15:0	W16:0	W17:0	W18:0	W19:0	W20:0	W21:0	W22:0	W23:0	W24:0	W25:0	W26:0	W27:0	W28:0	W29:0	W30:0	W31:0	W32:4728576
single_issue_nums: WS0:1182144	WS1:1182144	WS2:1182144	WS3:1182144	
dual_issue_nums: WS0:0	WS1:0	WS2:0	WS3:0	
traffic_breakdown_coretomem[GLOBAL_ACC_R] = 105252656 {8:13156582,}
traffic_breakdown_coretomem[GLOBAL_ACC_W] = 40960 {40:1024,}
traffic_breakdown_memtocore[GLOBAL_ACC_R] = 526263280 {40:13156582,}
traffic_breakdown_memtocore[GLOBAL_ACC_W] = 8192 {8:1024,}
maxmflatency = 2744 
max_icnt2mem_latency = 2165 
maxmrqlatency = 194 
max_icnt2sh_latency = 340 
averagemflatency = 315 
avg_icnt2mem_latency = 25 
avg_mrq_latency = 4 
avg_icnt2sh_latency = 25 
mrq_lat_table:7587418 	170968 	335658 	739221 	541072 	306041 	48603 	703 	0 	0 	0 	0 	0 	0 	0 	0 	0 	0 	0 	0 	0 	0 	0 	0 	0 	0 	0 	0 	0 	0 	0 	0 	
dq_lat_table:0 	0 	0 	0 	0 	0 	0 	0 	0 	0 	0 	0 	0 	0 	0 	0 	0 	0 	0 	0 	0 	0 	0 	0 	0 	0 	0 	0 	0 	0 	0 	0 	
mf_lat_table:0 	0 	0 	0 	0 	0 	0 	3100229 	9954859 	101902 	602 	14 	0 	0 	0 	0 	0 	0 	0 	0 	0 	0 	0 	0 	0 	0 	0 	0 	0 	0 	0 	0 	
icnt2mem_lat_table:0 	0 	0 	0 	12437033 	589747 	86682 	32198 	10776 	1056 	110 	4 	0 	0 	0 	0 	0 	0 	0 	0 	0 	0 	0 	0 	
icnt2sh_lat_table:0 	3477683 	1962480 	1847698 	2233269 	2166216 	1260854 	208379 	1027 	0 	0 	0 	0 	0 	0 	0 	0 	0 	0 	0 	0 	0 	0 	0 	
mf_lat_pw_table:0 	0 	0 	0 	0 	0 	0 	593 	8448 	0 	0 	0 	0 	0 	0 	0 	0 	0 	0 	0 	0 	0 	0 	0 	0 	0 	0 	0 	0 	0 	0 	0 	
maximum concurrent accesses to same row:
dram[0]:         4         5         5         3         3         2         3         3         3         2         3         5         2         4         5         2 
dram[1]:         4         4         3         2         5         3         2         4         5         3         2         4         5         3         3         6 
dram[2]:         5         4         3         3         2         4         5         3         2         4         5         3         3         2         3         3 
dram[3]:         5         3         2         4         3         3         2         2         3         2         3         2         5         3         3         4 
dram[4]:         5         4         3         2         5         3         2         4         5         3         2         4         5         3         3         3 
dram[5]:         6         4         5         3         3         2         3         3         3         2         3         3         4         4         5         2 
dram[6]:         5         4         2         4         3         3         3         2         3         3         3         2         5         2         2         4 
dram[7]:         4         4         3         3         2         4         5         3         2         4         5         3         2         2         3         3 
dram[8]:         4         3         3         3         2         4         5         3         2         4         5         3         3         2         3         3 
dram[9]:         5         4         2         4         3         3         2         2         2         3         3         2         6         3         2         3 
dram[10]:         4         4         5         3         3         2         3         3         3         2         3         3         2         5         5         3 
dram[11]:         4         4         3         2         5         3         2         4         5         3         2         4         3         3         3         2 
dram[12]:         5         3         2         4         3         3         3         2         3         3         3         2         4         3         2         4 
dram[13]:         4         4         3         3         2         4         5         3         2         4         5         4         3         2         3         3 
dram[14]:         4         4         3         2         5         3         2         4         5         3         2         4         3         3         2         2 
dram[15]:         4         5         5         3         3         2         3         3         3         2         3         3         2         7         4         3 
maximum service time to same row:
dram[0]:     12925      8166     23804      6747      3603      4488      6396      5976      3601      4488      6041      5978     19099     15331     23804      4867 
dram[1]:      6410      6699      3595      4497     23812      6740     12916     15322     23811      6738     12918     24808      6053      5978      3594     18868 
dram[2]:      3601      4488      6399      5978     12927     15331     23804      6746     12924     15331     23804      6748      3603      4488      7169      5977 
dram[3]:     23812      6737     12919     15322      6404      5977      3594      4497      6406      5976      3596      4496     23811      6740     29095     15324 
dram[4]:      6406      4954      3592      4496     23812      6736     12919     15324     23813      6739     12918     15323      4787      5976      3595     10904 
dram[5]:     12927     15331     23804      6745      3601      4488      6395      5978      3602      4488      6397      5976     10702     15331     23804      7215 
dram[6]:     23812      6739     12917     15324      6404      5976      3594      4495      6402      5978      3592      4495     23812     16245      7690     15322 
dram[7]:      3603      4488      6402      5976     12925     15331     23804      6746     12928     15331     23804      6744      3601      5488      6554      5978 
dram[8]:      3601      4095      6395      5978     12927     15331     23803      6745     12925     15331     23803      6748      3732      4488      6397      4971 
dram[9]:     23812      6737     12919     15322      6408      5978      3594      4497      5479      5976      3596      4497     22681      6739     12916      8521 
dram[10]:     12925     15330     23804      6747      3604      4488      6400      5976      3601      4488      6399      5978     12926     26693     23804      6745 
dram[11]:      6406      3865      3595      4497     23812      6739     12917     15323     23811      6738     12918     15323      5392      7593      5552      4496 
dram[12]:     23812      5413     12917     15324      6408      5976      3594      4495      6406      5978      3592      4495     23813      6737     12920      6703 
dram[13]:      3603      4133      6397      5976     12925     15331     23804      6747     12928     15331     23805      6744      3698      4488      7916      5978 
dram[14]:      6402      4954      3593      4495     23813      6736     12919     15324     23813      6738     12918     15322      6103      6242      6929      4497 
dram[15]:     12927     15332     23804      6745      3601      4488      6400      5978      3603      4488      6401      5976     12925     24008     22484      6747 
average row accesses per activate:
dram[0]:  1.006376  1.002263  1.000583  1.000369  1.000265  1.000262  1.000370  1.000236  1.000292  1.000209  1.000473  1.000395  1.000317  1.000577  1.000529  1.000185 
dram[1]:  1.007054  1.001278  1.000345  1.000315  1.000476  1.000555  1.000212  1.000629  1.000504  1.000395  1.000290  1.000577  1.000395  1.000237  1.000291  1.000394 
dram[2]:  1.008674  1.001201  1.000396  1.000289  1.000185  1.000550  1.000451  1.000501  1.000265  1.000550  1.000635  1.000476  1.000239  1.000368  1.000474  1.000342 
dram[3]:  1.008254  1.000943  1.000238  1.000811  1.000342  1.000341  1.000133  1.000263  1.000396  1.000369  1.000291  1.000315  1.000556  1.000502  1.000238  1.000550 
dram[4]:  1.006658  1.001256  1.000266  1.000261  1.000449  1.000421  1.000237  1.000578  1.000477  1.000396  1.000291  1.000628  1.000344  1.000315  1.000265  1.000525 
dram[5]:  1.006295  1.001565  1.000504  1.000552  1.000291  1.000236  1.000368  1.000315  1.000292  1.000368  1.000316  1.000210  1.000397  1.000524  1.000397  1.000448 
dram[6]:  1.005305  1.001364  1.000265  1.000602  1.000472  1.000209  1.000290  1.000237  1.000529  1.000209  1.000265  1.000289  1.000637  1.000370  1.000264  1.000629 
dram[7]:  1.003933  1.001542  1.000450  1.000366  1.000263  1.000678  1.000475  1.000423  1.000186  1.000602  1.000634  1.000474  1.000319  1.000262  1.000290  1.000184 
dram[8]:  1.003317  1.000574  1.000317  1.000341  1.000237  1.000627  1.000529  1.000421  1.000266  1.000602  1.000555  1.000395  1.000399  1.000446  1.000421  1.000526 
dram[9]:  1.002632  1.001415  1.000133  1.000811  1.000315  1.000262  1.000238  1.000288  1.000239  1.000236  1.000345  1.000289  1.000453  1.000422  1.000238  1.000446 
dram[10]:  1.001918  1.001328  1.000503  1.000579  1.000264  1.000288  1.000421  1.000314  1.000239  1.000341  1.000554  1.000237  1.000265  1.000812  1.000476  1.000396 
dram[11]:  1.001967  1.001199  1.000424  1.000341  1.000501  1.000605  1.000185  1.000627  1.000558  1.000448  1.000211  1.000710  1.000397  1.000315  1.000132  1.000289 
dram[12]:  1.002264  1.000681  1.000290  1.000605  1.000368  1.000263  1.000266  1.000340  1.000398  1.000184  1.000264  1.000264  1.000479  1.000448  1.000132  1.000498 
dram[13]:  1.001921  1.000754  1.000290  1.000237  1.000317  1.000735  1.000505  1.000368  1.000159  1.000865  1.000450  1.000556  1.000186  1.000183  1.000395  1.000131 
dram[14]:  1.002671  1.000678  1.000264  1.000263  1.000476  1.000396  1.000212  1.000574  1.000504  1.000422  1.000237  1.000655  1.000265  1.000236  1.000238  1.000342 
dram[15]:  1.001681  1.001532  1.000528  1.000502  1.000291  1.000342  1.000370  1.000236  1.000319  1.000210  1.000263  1.000185  1.000212  1.000706  1.000477  1.000396 
average row locality = 9729684/9722956 = 1.000692
number of total memory accesses made:
dram[0]:         0         0         0         0         0         0         0         0         0         0         0         0         0         0         0         0 
dram[1]:         0         0         0         0         0         0         0         0         0         0         0         0         0         0         0         0 
dram[2]:         0         0         0         0         0         0         0         0         0         0         0         0         0         0         0         0 
dram[3]:         0         0         0         0         0         0         0         0         0         0         0         0         0         0         0         0 
dram[4]:         0         0         0         0         0         0         0         0         0         0         0         0         0         0         0         0 
dram[5]:         0         0         0         0         0         0         0         0         0         0         0         0         0         0         0         0 
dram[6]:         0         0         0         0         0         0         0         0         0         0         0         0         0         0         0         0 
dram[7]:         0         0         0         0         0         0         0         0         0         0         0         0         0         0         0         0 
dram[8]:         0         0         0         0         0         0         0         0         0         0         0         0         0         0         0         0 
dram[9]:         0         0         0         0         0         0         0         0         0         0         0         0         0         0         0         0 
dram[10]:         0         0         0         0         0         0         0         0         0         0         0         0         0         0         0         0 
dram[11]:         0         0         0         0         0         0         0         0         0         0         0         0         0         0         0         0 
dram[12]:         0         0         0         0         0         0         0         0         0         0         0         0         0         0         0         0 
dram[13]:         0         0         0         0         0         0         0         0         0         0         0         0         0         0         0         0 
dram[14]:         0         0         0         0         0         0         0         0         0         0         0         0         0         0         0         0 
dram[15]:         0         0         0         0         0         0         0         0         0         0         0         0         0         0         0         0 
total accesses: 0
min_bank_accesses = 0!
min_chip_accesses = 0!
number of total read accesses:
dram[0]:     52917     24274     51898     24089     51580     24030     52171     23936     51588     24017     52141     23925     52149     23854     51860     24090 
dram[1]:     52921     24274     51632     24050     51879     24078     52152     23868     51887     24070     52136     23833     52151     23907     51613     23990 
dram[2]:     52372     24280     52212     23912     52110     23832     51886     24101     52115     23824     51908     24074     51601     24018     52163     23873 
dram[3]:     52794     24314     52144     23879     52151     23885     51642     24036     52157     23875     51626     23947     51943     24095     52127     23839 
dram[4]:     52981     24137     51668     24040     51902     24047     52198     23845     51934     24032     52143     23844     52189     23873     51615     24014 
dram[5]:     53031     24100     51943     24094     51606     24009     52163     23918     51623     23966     52179     23886     52137     23870     51933     24067 
dram[6]:     52976     24162     52205     23841     52179     23870     51620     23971     52180     23881     51613     23967     51900     24078     52161     23822 
dram[7]:     52622     24232     52207     23912     52143     23803     51901     24067     52102     23814     51880     24021     51636     23995     52160     23882 
dram[8]:     52255     24298     52162     23980     52105     23850     51893     24130     52084     23867     51873     24073     51595     24000     52101     23878 
dram[9]:     52056     24380     52140     23857     52133     23862     51604     24034     52168     23910     51567     23986     51872     24063     52121     23827 
dram[10]:     52556     24165     51914     24098     51605     24016     52204     23917     51630     24003     52143     23887     52132     23841     51896     24074 
dram[11]:     52570     24277     51624     24016     51898     24060     52149     23872     51888     24073     52127     23843     52140     23853     51630     24005 
dram[12]:     51803     24327     52196     23857     52168     23869     51600     23990     52186     23897     51561     23990     51876     24078     52128     23829 
dram[13]:     51641     24285     52207     23933     52144     23826     51889     24062     52108     23817     51896     24099     51551     24008     52174     23874 
dram[14]:     52304     24044     51677     23990     51918     24073     52200     23882     51940     24078     52177     23872     52165     23901     51622     24000 
dram[15]:     52152     24157     51950     24105     51589     23993     52196     23912     51634     23963     52186     23872     52143     23860     51906     24039 
total dram reads = 9729684
bank skew: 53031/23803 = 2.23
chip skew: 608525/607355 = 1.00
number of total write accesses:
dram[0]:         0         4         0         0         0         0         0         0         0         0         0         0         0         0         0         0 
dram[1]:         0         8         0         0         0         0         0         0         0         0         0         0         0         0         0         0 
dram[2]:         0         8         0         0         0         0         0         0         0         0         0         0         0         0         0         0 
dram[3]:         0         4         0         0         0         0         0         0         0         0         0         0         0         0         0         0 
dram[4]:         0         4         0         0         0         0         0         0         0         0         0         0         0         0         0         0 
dram[5]:         0        12         0         0         0         0         0         0         0         0         0         0         0         0         0         0 
dram[6]:         0         4         0         0         0         0         0         0         0         0         0         0         0         0         0         0 
dram[7]:         0         8         0         0         0         0         0         0         0         0         0         0         0         0         0         0 
dram[8]:         0        12         0         0         0         0         0         0         0         0         0         0         0         0         0         0 
dram[9]:         0        12         0         0         0         0         0         0         0         0         0         0         0         0         0         0 
dram[10]:         0         8         0         0         0         0         0         0         0         0         0         0         0         0         0         0 
dram[11]:         0         4         0         0         0         0         0         0         0         0         0         0         0         0         0         0 
dram[12]:         0        16         0         0         0         0         0         0         0         0         0         0         0         0         0         0 
dram[13]:         0         0         0         0         0         0         0         0         0         0         0         0         0         0         0         0 
dram[14]:         0         4         0         0         0         0         0         0         0         0         0         0         0         0         0         0 
dram[15]:         0         4         0         0         0         0         0         0         0         0         0         0         0         0         0         0 
total dram writes = 112
min_bank_accesses = 0!
min_chip_accesses = 0!
average mf latency per bank:
dram[0]:        429       461       415       456       415       455       414       457       416       455       415       456       416       455       415       454
dram[1]:        436       460       419       455       416       456       418       456       417       455       418       456       419       456       419       455
dram[2]:        437       460       418       457       417       456       416       455       418       456       417       455       418       454       417       456
dram[3]:        432       459       417       456       415       457       416       455       416       457       416       456       416       454       417       456
dram[4]:        423       460       413       456       410       456       411       457       411       456       412       456       412       457       412       455
dram[5]:        420       460       410       456       410       456       409       457       410       456       410       457       411       456       409       455
dram[6]:        417       457       410       456       408       456       410       456       409       456       410       455       409       454       410       455
dram[7]:        419       459       409       456       408       456       408       455       409       456       408       455       410       454       409       456
dram[8]:        419       460       409       456       408       456       408       454       409       456       408       455       410       455       410       456
dram[9]:        420       460       411       456       409       457       410       455       409       456       411       455       410       455       411       455
dram[10]:        420       462       410       456       410       455       409       457       411       455       411       457       411       456       410       455
dram[11]:        418       462       410       456       407       455       408       456       408       455       409       456       409       456       410       454
dram[12]:        418       457       410       457       409       457       410       456       410       457       411       455       410       455       411       456
dram[13]:        418       458       410       456       409       457       408       455       410       456       409       454       411       455       410       456
dram[14]:        414       461       408       457       405       455       406       456       406       455       407       456       407       456       408       455
dram[15]:        414       459       407       455       407       456       407       457       408       456       408       457       408       455       407       455
maximum mf latency per bank:
dram[0]:       1748       548      1885       531      1335       500      1053       527      1083       494      1025       531      1078       529       908       515
dram[1]:       2744       554      1987       606      1398       513      1397       535      1148       541      1269       546      1227       525      1226       536
dram[2]:       2618       672      1935       521      1246       522      1060       523      1304       518      1263       514      1163       505      1330       517
dram[3]:       2272       619      1370       534       943       523      1139       520       976       529      1231       537      1165       536      1143       549
dram[4]:       1509       547      2028       609      1824       505      1263       531       988       546       938       548       920       542       834       514
dram[5]:       1787       554      1902       565      1441       550       876       573       841       530       932       544       957       548       834       520
dram[6]:       2317       560      1376       514       908       536      1143       526       916       537       857       527       839       527       963       543
dram[7]:       2188       527      1470       513      1276       531       848       500       910       531       805       517       827       510       889       517
dram[8]:       2195       683      1275       512      1288       564      1132       540       931       529       810       517       836       541       888       527
dram[9]:       2445       518      1672       514      1105       523      1160       505       895       527       885       512       882       507       970       521
dram[10]:       1744       512      2004       537      1579       547       918       526       832       509       924       541       944       526       850       531
dram[11]:       2017       561      1938       533      1405       532       922       565       910       566       938       556       906       526       844       541
dram[12]:       2023       523      1445       541      1098       550      1161       525       916       511       855       516       868       542       930       530
dram[13]:       2066       669      1274       578      1228       534      1051       528       941       590       869       519       815       531       884       525
dram[14]:       2048       550      1975       520      1444       514       938       517       851       547       900       533       902       555       845       505
dram[15]:       1403       516      2006       501      1584       510       891       520       861       519       931       507       951       569       842       527
Memory Partition 0: 
Cache L2_bank_000:
MSHR contents

Cache L2_bank_001:
MSHR contents

In Dram Latency Queue (total = 0): 
DRAM[0]: 16 bks, busW=16 BL=2 CL=12, tRRD=3 tCCD=1, tRCD=12 tRAS=28 tRP=12 tRC=40
n_cmd=7016714 n_nop=5322158 n_act=607994 n_pre=607978 n_ref_event=0 n_req=608520 n_rd=608519 n_rd_L2_A=0 n_write=0 n_wr_bk=0 bw_util=0.08672
n_activity=6306604 dram_eff=0.09649
bk0: 38828a 5892083i bk1: 38529a 5897807i bk2: 37754a 5924198i bk3: 37929a 5916028i bk4: 37821a 5922807i bk5: 38111a 5908633i bk6: 37901a 5917834i bk7: 38100a 5908676i bk8: 37660a 5929059i bk9: 38209a 5906009i bk10: 38030a 5913894i bk11: 37999a 5915299i bk12: 37831a 5919975i bk13: 38130a 5908436i bk14: 37815a 5920988i bk15: 37872a 5916993i 

------------------------------------------------------------------------

Row_Buffer_Locality = 0.000863
Row_Buffer_Locality_read = 0.000863
Row_Buffer_Locality_write = -nan
Bank_Level_Parallism = 3.299694
Bank_Level_Parallism_Col = 1.742780
Bank_Level_Parallism_Ready = 1.000053
write_to_read_ratio_blp_rw_average = 0.000000
GrpLevelPara = 1.514504 

BW Util details:
bwutil = 0.086724 
total_CMD = 7016714 
util_bw = 608519 
Wasted_Col = 3733685 
Wasted_Row = 1190802 
Idle = 1483708 

BW Util Bottlenecks: 
RCDc_limit = 6404011 
RCDWRc_limit = 0 
WTRc_limit = 0 
RTWc_limit = 0 
CCDLc_limit = 257536 
rwq = 0 
CCDLc_limit_alone = 257536 
WTRc_limit_alone = 0 
RTWc_limit_alone = 0 

Commands details: 
total_CMD = 7016714 
n_nop = 5322158 
Read = 608519 
Write = 0 
L2_Alloc = 0 
L2_WB = 0 
n_act = 607994 
n_pre = 607978 
n_ref = 0 
n_req = 608520 
total_req = 608519 

Dual Bus Interface Util: 
issued_total_row = 1215972 
issued_total_col = 608519 
Row_Bus_Util =  0.173296 
CoL_Bus_Util = 0.086724 
Either_Row_CoL_Bus_Util = 0.241503 
Issued_on_Two_Bus_Simul_Util = 0.018518 
issued_two_Eff = 0.076678 
queue_avg = 0.539872 


dram_util_bins: 0 0 0 0 0 0 0 0 0 0
dram_eff_bins: 0 0 0 0 0 0 0 0 0 0
mrqq: max=16 avg=0.539872
Memory Partition 1: 
Cache L2_bank_002:
MSHR contents

Cache L2_bank_003:
MSHR contents

In Dram Latency Queue (total = 0): 
DRAM[1]: 16 bks, busW=16 BL=2 CL=12, tRRD=3 tCCD=1, tRCD=12 tRAS=28 tRP=12 tRC=40
n_cmd=7016714 n_nop=5322750 n_act=607906 n_pre=607890 n_ref_event=0 n_req=608443 n_rd=608441 n_rd_L2_A=0 n_write=0 n_wr_bk=0 bw_util=0.08671
n_activity=6313873 dram_eff=0.09637
bk0: 38973a 5888435i bk1: 38386a 5903573i bk2: 37687a 5928769i bk3: 38114a 5907636i bk4: 37855a 5920124i bk5: 37882a 5919362i bk6: 37775a 5921695i bk7: 38151a 5906566i bk8: 37705a 5925288i bk9: 38000a 5913745i bk10: 37893a 5920820i bk11: 38133a 5910865i bk12: 38009a 5914056i bk13: 38022a 5911819i bk14: 37792a 5923107i bk15: 38064a 5910434i 

------------------------------------------------------------------------

Row_Buffer_Locality = 0.000879
Row_Buffer_Locality_read = 0.000879
Row_Buffer_Locality_write = -nan
Bank_Level_Parallism = 3.296273
Bank_Level_Parallism_Col = 1.744220
Bank_Level_Parallism_Ready = 1.000041
write_to_read_ratio_blp_rw_average = 0.000000
GrpLevelPara = 1.515320 

BW Util details:
bwutil = 0.086713 
total_CMD = 7016714 
util_bw = 608441 
Wasted_Col = 3729639 
Wasted_Row = 1198347 
Idle = 1480287 

BW Util Bottlenecks: 
RCDc_limit = 6401890 
RCDWRc_limit = 0 
WTRc_limit = 0 
RTWc_limit = 0 
CCDLc_limit = 258237 
rwq = 0 
CCDLc_limit_alone = 258237 
WTRc_limit_alone = 0 
RTWc_limit_alone = 0 

Commands details: 
total_CMD = 7016714 
n_nop = 5322750 
Read = 608441 
Write = 0 
L2_Alloc = 0 
L2_WB = 0 
n_act = 607906 
n_pre = 607890 
n_ref = 0 
n_req = 608443 
total_req = 608441 

Dual Bus Interface Util: 
issued_total_row = 1215796 
issued_total_col = 608441 
Row_Bus_Util =  0.173271 
CoL_Bus_Util = 0.086713 
Either_Row_CoL_Bus_Util = 0.241418 
Issued_on_Two_Bus_Simul_Util = 0.018566 
issued_two_Eff = 0.076904 
queue_avg = 0.536993 


dram_util_bins: 0 0 0 0 0 0 0 0 0 0
dram_eff_bins: 0 0 0 0 0 0 0 0 0 0
mrqq: max=16 avg=0.536993
Memory Partition 2: 
Cache L2_bank_004:
MSHR contents

Cache L2_bank_005:
MSHR contents

In Dram Latency Queue (total = 0): 
DRAM[2]: 16 bks, busW=16 BL=2 CL=12, tRRD=3 tCCD=1, tRCD=12 tRAS=28 tRP=12 tRC=40
n_cmd=7016714 n_nop=5323540 n_act=607684 n_pre=607668 n_ref_event=0 n_req=608283 n_rd=608281 n_rd_L2_A=0 n_write=0 n_wr_bk=0 bw_util=0.08669
n_activity=6311476 dram_eff=0.09638
bk0: 38842a 5895243i bk1: 38346a 5902142i bk2: 37845a 5921124i bk3: 38060a 5909561i bk4: 37933a 5915787i bk5: 38221a 5904661i bk6: 37725a 5922496i bk7: 37919a 5915802i bk8: 37756a 5924881i bk9: 38174a 5907598i bk10: 37837a 5922361i bk11: 37861a 5917671i bk12: 37722a 5927499i bk13: 38003a 5910099i bk14: 37963a 5913065i bk15: 38074a 5910506i 

------------------------------------------------------------------------

Row_Buffer_Locality = 0.000981
Row_Buffer_Locality_read = 0.000981
Row_Buffer_Locality_write = -nan
Bank_Level_Parallism = 3.298452
Bank_Level_Parallism_Col = 1.744063
Bank_Level_Parallism_Ready = 1.000107
write_to_read_ratio_blp_rw_average = 0.000000
GrpLevelPara = 1.516107 

BW Util details:
bwutil = 0.086690 
total_CMD = 7016714 
util_bw = 608281 
Wasted_Col = 3729250 
Wasted_Row = 1196946 
Idle = 1482237 

BW Util Bottlenecks: 
RCDc_limit = 6398496 
RCDWRc_limit = 0 
WTRc_limit = 0 
RTWc_limit = 0 
CCDLc_limit = 258097 
rwq = 0 
CCDLc_limit_alone = 258097 
WTRc_limit_alone = 0 
RTWc_limit_alone = 0 

Commands details: 
total_CMD = 7016714 
n_nop = 5323540 
Read = 608281 
Write = 0 
L2_Alloc = 0 
L2_WB = 0 
n_act = 607684 
n_pre = 607668 
n_ref = 0 
n_req = 608283 
total_req = 608281 

Dual Bus Interface Util: 
issued_total_row = 1215352 
issued_total_col = 608281 
Row_Bus_Util =  0.173208 
CoL_Bus_Util = 0.086690 
Either_Row_CoL_Bus_Util = 0.241306 
Issued_on_Two_Bus_Simul_Util = 0.018593 
issued_two_Eff = 0.077050 
queue_avg = 0.539546 


dram_util_bins: 0 0 0 0 0 0 0 0 0 0
dram_eff_bins: 0 0 0 0 0 0 0 0 0 0
mrqq: max=17 avg=0.539546
Memory Partition 3: 
Cache L2_bank_006:
MSHR contents

Cache L2_bank_007:
MSHR contents

In Dram Latency Queue (total = 0): 
DRAM[3]: 16 bks, busW=16 BL=2 CL=12, tRRD=3 tCCD=1, tRCD=12 tRAS=28 tRP=12 tRC=40
n_cmd=7016714 n_nop=5323348 n_act=607898 n_pre=607882 n_ref_event=0 n_req=608455 n_rd=608454 n_rd_L2_A=0 n_write=0 n_wr_bk=0 bw_util=0.08671
n_activity=6307860 dram_eff=0.09646
bk0: 38721a 5896868i bk1: 38199a 5907951i bk2: 37769a 5923815i bk3: 38256a 5903171i bk4: 38037a 5914099i bk5: 38155a 5905940i bk6: 37688a 5926862i bk7: 38079a 5908060i bk8: 37849a 5919142i bk9: 37990a 5915158i bk10: 37866a 5921620i bk11: 38151a 5907560i bk12: 37773a 5921769i bk13: 37848a 5917839i bk14: 37888a 5918795i bk15: 38185a 5905265i 

------------------------------------------------------------------------

Row_Buffer_Locality = 0.000914
Row_Buffer_Locality_read = 0.000914
Row_Buffer_Locality_write = -nan
Bank_Level_Parallism = 3.300733
Bank_Level_Parallism_Col = 1.743464
Bank_Level_Parallism_Ready = 1.000072
write_to_read_ratio_blp_rw_average = 0.000000
GrpLevelPara = 1.514818 

BW Util details:
bwutil = 0.086715 
total_CMD = 7016714 
util_bw = 608454 
Wasted_Col = 3731704 
Wasted_Row = 1192542 
Idle = 1484014 

BW Util Bottlenecks: 
RCDc_limit = 6400839 
RCDWRc_limit = 0 
WTRc_limit = 0 
RTWc_limit = 0 
CCDLc_limit = 258145 
rwq = 0 
CCDLc_limit_alone = 258145 
WTRc_limit_alone = 0 
RTWc_limit_alone = 0 

Commands details: 
total_CMD = 7016714 
n_nop = 5323348 
Read = 608454 
Write = 0 
L2_Alloc = 0 
L2_WB = 0 
n_act = 607898 
n_pre = 607882 
n_ref = 0 
n_req = 608455 
total_req = 608454 

Dual Bus Interface Util: 
issued_total_row = 1215780 
issued_total_col = 608454 
Row_Bus_Util =  0.173269 
CoL_Bus_Util = 0.086715 
Either_Row_CoL_Bus_Util = 0.241333 
Issued_on_Two_Bus_Simul_Util = 0.018651 
issued_two_Eff = 0.077283 
queue_avg = 0.539738 


dram_util_bins: 0 0 0 0 0 0 0 0 0 0
dram_eff_bins: 0 0 0 0 0 0 0 0 0 0
mrqq: max=16 avg=0.539738
Memory Partition 4: 
Cache L2_bank_008:
MSHR contents

Cache L2_bank_009:
MSHR contents

In Dram Latency Queue (total = 0): 
DRAM[4]: 16 bks, busW=16 BL=2 CL=12, tRRD=3 tCCD=1, tRCD=12 tRAS=28 tRP=12 tRC=40
n_cmd=7016714 n_nop=5323426 n_act=607950 n_pre=607934 n_ref_event=0 n_req=608463 n_rd=608462 n_rd_L2_A=0 n_write=0 n_wr_bk=0 bw_util=0.08672
n_activity=6311771 dram_eff=0.0964
bk0: 38858a 5891520i bk1: 38257a 5906385i bk2: 37660a 5928560i bk3: 38258a 5902164i bk4: 37878a 5916709i bk5: 38039a 5911692i bk6: 37909a 5919369i bk7: 38072a 5911778i bk8: 37758a 5923827i bk9: 37913a 5914150i bk10: 37764a 5923434i bk11: 38240a 5906532i bk12: 37828a 5918667i bk13: 38128a 5909797i bk14: 37768a 5923333i bk15: 38132a 5907111i 

------------------------------------------------------------------------

Row_Buffer_Locality = 0.000841
Row_Buffer_Locality_read = 0.000841
Row_Buffer_Locality_write = -nan
Bank_Level_Parallism = 3.300142
Bank_Level_Parallism_Col = 1.745410
Bank_Level_Parallism_Ready = 1.000061
write_to_read_ratio_blp_rw_average = 0.000000
GrpLevelPara = 1.516161 

BW Util details:
bwutil = 0.086716 
total_CMD = 7016714 
util_bw = 608462 
Wasted_Col = 3727158 
Wasted_Row = 1197735 
Idle = 1483359 

BW Util Bottlenecks: 
RCDc_limit = 6400874 
RCDWRc_limit = 0 
WTRc_limit = 0 
RTWc_limit = 0 
CCDLc_limit = 259327 
rwq = 0 
CCDLc_limit_alone = 259327 
WTRc_limit_alone = 0 
RTWc_limit_alone = 0 

Commands details: 
total_CMD = 7016714 
n_nop = 5323426 
Read = 608462 
Write = 0 
L2_Alloc = 0 
L2_WB = 0 
n_act = 607950 
n_pre = 607934 
n_ref = 0 
n_req = 608463 
total_req = 608462 

Dual Bus Interface Util: 
issued_total_row = 1215884 
issued_total_col = 608462 
Row_Bus_Util =  0.173284 
CoL_Bus_Util = 0.086716 
Either_Row_CoL_Bus_Util = 0.241322 
Issued_on_Two_Bus_Simul_Util = 0.018678 
issued_two_Eff = 0.077399 
queue_avg = 0.534181 


dram_util_bins: 0 0 0 0 0 0 0 0 0 0
dram_eff_bins: 0 0 0 0 0 0 0 0 0 0
mrqq: max=16 avg=0.534181
Memory Partition 5: 
Cache L2_bank_010:
MSHR contents

Cache L2_bank_011:
MSHR contents

In Dram Latency Queue (total = 0): 
DRAM[5]: 16 bks, busW=16 BL=2 CL=12, tRRD=3 tCCD=1, tRCD=12 tRAS=28 tRP=12 tRC=40
n_cmd=7016714 n_nop=5323245 n_act=608025 n_pre=608009 n_ref_event=0 n_req=608528 n_rd=608525 n_rd_L2_A=0 n_write=0 n_wr_bk=0 bw_util=0.08673
n_activity=6307818 dram_eff=0.09647
bk0: 38687a 5897598i bk1: 38409a 5899593i bk2: 37704a 5927153i bk3: 38083a 5910393i bk4: 37831a 5921333i bk5: 38190a 5905578i bk6: 38044a 5911329i bk7: 38052a 5910508i bk8: 37654a 5927912i bk9: 38097a 5910116i bk10: 37937a 5916276i bk11: 38062a 5912268i bk12: 37760a 5922717i bk13: 38203a 5906784i bk14: 37840a 5919609i bk15: 37972a 5912759i 

------------------------------------------------------------------------

Row_Buffer_Locality = 0.000822
Row_Buffer_Locality_read = 0.000822
Row_Buffer_Locality_write = -nan
Bank_Level_Parallism = 3.300976
Bank_Level_Parallism_Col = 1.743430
Bank_Level_Parallism_Ready = 1.000044
write_to_read_ratio_blp_rw_average = 0.000000
GrpLevelPara = 1.514395 

BW Util details:
bwutil = 0.086725 
total_CMD = 7016714 
util_bw = 608525 
Wasted_Col = 3732344 
Wasted_Row = 1192048 
Idle = 1483797 

BW Util Bottlenecks: 
RCDc_limit = 6402591 
RCDWRc_limit = 0 
WTRc_limit = 0 
RTWc_limit = 0 
CCDLc_limit = 259265 
rwq = 0 
CCDLc_limit_alone = 259265 
WTRc_limit_alone = 0 
RTWc_limit_alone = 0 

Commands details: 
total_CMD = 7016714 
n_nop = 5323245 
Read = 608525 
Write = 0 
L2_Alloc = 0 
L2_WB = 0 
n_act = 608025 
n_pre = 608009 
n_ref = 0 
n_req = 608528 
total_req = 608525 

Dual Bus Interface Util: 
issued_total_row = 1216034 
issued_total_col = 608525 
Row_Bus_Util =  0.173305 
CoL_Bus_Util = 0.086725 
Either_Row_CoL_Bus_Util = 0.241348 
Issued_on_Two_Bus_Simul_Util = 0.018683 
issued_two_Eff = 0.077409 
queue_avg = 0.537127 


dram_util_bins: 0 0 0 0 0 0 0 0 0 0
dram_eff_bins: 0 0 0 0 0 0 0 0 0 0
mrqq: max=16 avg=0.537127
Memory Partition 6: 
Cache L2_bank_012:
MSHR contents

Cache L2_bank_013:
MSHR contents

In Dram Latency Queue (total = 0): 
DRAM[6]: 16 bks, busW=16 BL=2 CL=12, tRRD=3 tCCD=1, tRCD=12 tRAS=28 tRP=12 tRC=40
n_cmd=7016714 n_nop=5322477 n_act=607971 n_pre=607955 n_ref_event=0 n_req=608427 n_rd=608426 n_rd_L2_A=0 n_write=0 n_wr_bk=0 bw_util=0.08671
n_activity=6310362 dram_eff=0.09642
bk0: 38466a 5904172i bk1: 38184a 5910984i bk2: 37696a 5926604i bk3: 38248a 5903998i bk4: 38127a 5910201i bk5: 38232a 5904503i bk6: 37885a 5920750i bk7: 37999a 5911586i bk8: 37855a 5918721i bk9: 38199a 5908684i bk10: 37787a 5924145i bk11: 38122a 5908643i bk12: 37699a 5925784i bk13: 37889a 5919113i bk14: 37848a 5919641i bk15: 38190a 5906231i 

------------------------------------------------------------------------

Row_Buffer_Locality = 0.000748
Row_Buffer_Locality_read = 0.000748
Row_Buffer_Locality_write = -nan
Bank_Level_Parallism = 3.298126
Bank_Level_Parallism_Col = 1.743871
Bank_Level_Parallism_Ready = 1.000041
write_to_read_ratio_blp_rw_average = 0.000000
GrpLevelPara = 1.514224 

BW Util details:
bwutil = 0.086711 
total_CMD = 7016714 
util_bw = 608426 
Wasted_Col = 3730766 
Wasted_Row = 1194888 
Idle = 1482634 

BW Util Bottlenecks: 
RCDc_limit = 6403331 
RCDWRc_limit = 0 
WTRc_limit = 0 
RTWc_limit = 0 
CCDLc_limit = 259423 
rwq = 0 
CCDLc_limit_alone = 259423 
WTRc_limit_alone = 0 
RTWc_limit_alone = 0 

Commands details: 
total_CMD = 7016714 
n_nop = 5322477 
Read = 608426 
Write = 0 
L2_Alloc = 0 
L2_WB = 0 
n_act = 607971 
n_pre = 607955 
n_ref = 0 
n_req = 608427 
total_req = 608426 

Dual Bus Interface Util: 
issued_total_row = 1215926 
issued_total_col = 608426 
Row_Bus_Util =  0.173290 
CoL_Bus_Util = 0.086711 
Either_Row_CoL_Bus_Util = 0.241457 
Issued_on_Two_Bus_Simul_Util = 0.018544 
issued_two_Eff = 0.076799 
queue_avg = 0.532655 


dram_util_bins: 0 0 0 0 0 0 0 0 0 0
dram_eff_bins: 0 0 0 0 0 0 0 0 0 0
mrqq: max=16 avg=0.532655
Memory Partition 7: 
Cache L2_bank_014:
MSHR contents

Cache L2_bank_015:
MSHR contents

In Dram Latency Queue (total = 0): 
DRAM[7]: 16 bks, busW=16 BL=2 CL=12, tRRD=3 tCCD=1, tRCD=12 tRAS=28 tRP=12 tRC=40
n_cmd=7016714 n_nop=5323230 n_act=607955 n_pre=607939 n_ref_event=0 n_req=608379 n_rd=608377 n_rd_L2_A=0 n_write=0 n_wr_bk=0 bw_util=0.0867
n_activity=6312311 dram_eff=0.09638
bk0: 38292a 5911579i bk1: 38313a 5904255i bk2: 37775a 5923793i bk3: 38233a 5904174i bk4: 37998a 5912503i bk5: 38353a 5899530i bk6: 37888a 5917653i bk7: 37877a 5917559i bk8: 37709a 5925002i bk9: 38227a 5905338i bk10: 37865a 5919372i bk11: 37976a 5913530i bk12: 37660a 5927320i bk13: 38143a 5906525i bk14: 37945a 5914266i bk15: 38123a 5908981i 

------------------------------------------------------------------------

Row_Buffer_Locality = 0.000694
Row_Buffer_Locality_read = 0.000694
Row_Buffer_Locality_write = -nan
Bank_Level_Parallism = 3.300582
Bank_Level_Parallism_Col = 1.744810
Bank_Level_Parallism_Ready = 1.000036
write_to_read_ratio_blp_rw_average = 0.000000
GrpLevelPara = 1.514782 

BW Util details:
bwutil = 0.086704 
total_CMD = 7016714 
util_bw = 608377 
Wasted_Col = 3728873 
Wasted_Row = 1196447 
Idle = 1483017 

BW Util Bottlenecks: 
RCDc_limit = 6401418 
RCDWRc_limit = 0 
WTRc_limit = 0 
RTWc_limit = 0 
CCDLc_limit = 260000 
rwq = 0 
CCDLc_limit_alone = 260000 
WTRc_limit_alone = 0 
RTWc_limit_alone = 0 

Commands details: 
total_CMD = 7016714 
n_nop = 5323230 
Read = 608377 
Write = 0 
L2_Alloc = 0 
L2_WB = 0 
n_act = 607955 
n_pre = 607939 
n_ref = 0 
n_req = 608379 
total_req = 608377 

Dual Bus Interface Util: 
issued_total_row = 1215894 
issued_total_col = 608377 
Row_Bus_Util =  0.173285 
CoL_Bus_Util = 0.086704 
Either_Row_CoL_Bus_Util = 0.241350 
Issued_on_Two_Bus_Simul_Util = 0.018639 
issued_two_Eff = 0.077230 
queue_avg = 0.530824 


dram_util_bins: 0 0 0 0 0 0 0 0 0 0
dram_eff_bins: 0 0 0 0 0 0 0 0 0 0
mrqq: max=17 avg=0.530824
Memory Partition 8: 
Cache L2_bank_016:
MSHR contents

Cache L2_bank_017:
MSHR contents

In Dram Latency Queue (total = 0): 
DRAM[8]: 16 bks, busW=16 BL=2 CL=12, tRRD=3 tCCD=1, tRCD=12 tRAS=28 tRP=12 tRC=40
n_cmd=7016714 n_nop=5323587 n_act=607765 n_pre=607749 n_ref_event=0 n_req=608147 n_rd=608144 n_rd_L2_A=0 n_write=0 n_wr_bk=0 bw_util=0.08667
n_activity=6310997 dram_eff=0.09636
bk0: 38109a 5916838i bk1: 38363a 5902005i bk2: 37865a 5919298i bk3: 38164a 5907010i bk4: 38038a 5913580i bk5: 38311a 5900899i bk6: 37805a 5920377i bk7: 38048a 5911701i bk8: 37618a 5928892i bk9: 38215a 5906213i bk10: 37870a 5920489i bk11: 37944a 5916302i bk12: 37587a 5930163i bk13: 38162a 5906443i bk14: 37985a 5912700i bk15: 38060a 5911418i 

------------------------------------------------------------------------

Row_Buffer_Locality = 0.000623
Row_Buffer_Locality_read = 0.000623
Row_Buffer_Locality_write = -nan
Bank_Level_Parallism = 3.298826
Bank_Level_Parallism_Col = 1.745088
Bank_Level_Parallism_Ready = 1.000044
write_to_read_ratio_blp_rw_average = 0.000000
GrpLevelPara = 1.515235 

BW Util details:
bwutil = 0.086671 
total_CMD = 7016714 
util_bw = 608144 
Wasted_Col = 3727040 
Wasted_Row = 1197463 
Idle = 1484067 

BW Util Bottlenecks: 
RCDc_limit = 6399665 
RCDWRc_limit = 0 
WTRc_limit = 0 
RTWc_limit = 0 
CCDLc_limit = 258958 
rwq = 0 
CCDLc_limit_alone = 258958 
WTRc_limit_alone = 0 
RTWc_limit_alone = 0 

Commands details: 
total_CMD = 7016714 
n_nop = 5323587 
Read = 608144 
Write = 0 
L2_Alloc = 0 
L2_WB = 0 
n_act = 607765 
n_pre = 607749 
n_ref = 0 
n_req = 608147 
total_req = 608144 

Dual Bus Interface Util: 
issued_total_row = 1215514 
issued_total_col = 608144 
Row_Bus_Util =  0.173231 
CoL_Bus_Util = 0.086671 
Either_Row_CoL_Bus_Util = 0.241299 
Issued_on_Two_Bus_Simul_Util = 0.018603 
issued_two_Eff = 0.077095 
queue_avg = 0.529416 


dram_util_bins: 0 0 0 0 0 0 0 0 0 0
dram_eff_bins: 0 0 0 0 0 0 0 0 0 0
mrqq: max=16 avg=0.529416
Memory Partition 9: 
Cache L2_bank_018:
MSHR contents

Cache L2_bank_019:
MSHR contents

In Dram Latency Queue (total = 0): 
DRAM[9]: 16 bks, busW=16 BL=2 CL=12, tRRD=3 tCCD=1, tRCD=12 tRAS=28 tRP=12 tRC=40
n_cmd=7016714 n_nop=5324992 n_act=607247 n_pre=607231 n_ref_event=0 n_req=607583 n_rd=607580 n_rd_L2_A=0 n_write=0 n_wr_bk=0 bw_util=0.08659
n_activity=6309054 dram_eff=0.0963
bk0: 38094a 5915415i bk1: 38212a 5909810i bk2: 37651a 5928836i bk3: 38241a 5904358i bk4: 38107a 5911065i bk5: 38207a 5905249i bk6: 37798a 5922753i bk7: 38241a 5903358i bk8: 37689a 5925465i bk9: 38088a 5910817i bk10: 37753a 5925042i bk11: 38056a 5910024i bk12: 37571a 5929246i bk13: 37949a 5914383i bk14: 37828a 5919675i bk15: 38095a 5909743i 

------------------------------------------------------------------------

Row_Buffer_Locality = 0.000548
Row_Buffer_Locality_read = 0.000548
Row_Buffer_Locality_write = -nan
Bank_Level_Parallism = 3.294472
Bank_Level_Parallism_Col = 1.742175
Bank_Level_Parallism_Ready = 1.000021
write_to_read_ratio_blp_rw_average = 0.000000
GrpLevelPara = 1.512813 

BW Util details:
bwutil = 0.086590 
total_CMD = 7016714 
util_bw = 607580 
Wasted_Col = 3731167 
Wasted_Row = 1194693 
Idle = 1483274 

BW Util Bottlenecks: 
RCDc_limit = 6396222 
RCDWRc_limit = 0 
WTRc_limit = 0 
RTWc_limit = 0 
CCDLc_limit = 258755 
rwq = 0 
CCDLc_limit_alone = 258755 
WTRc_limit_alone = 0 
RTWc_limit_alone = 0 

Commands details: 
total_CMD = 7016714 
n_nop = 5324992 
Read = 607580 
Write = 0 
L2_Alloc = 0 
L2_WB = 0 
n_act = 607247 
n_pre = 607231 
n_ref = 0 
n_req = 607583 
total_req = 607580 

Dual Bus Interface Util: 
issued_total_row = 1214478 
issued_total_col = 607580 
Row_Bus_Util =  0.173084 
CoL_Bus_Util = 0.086590 
Either_Row_CoL_Bus_Util = 0.241099 
Issued_on_Two_Bus_Simul_Util = 0.018575 
issued_two_Eff = 0.077043 
queue_avg = 0.528768 


dram_util_bins: 0 0 0 0 0 0 0 0 0 0
dram_eff_bins: 0 0 0 0 0 0 0 0 0 0
mrqq: max=18 avg=0.528768
Memory Partition 10: 
Cache L2_bank_020:
MSHR contents

Cache L2_bank_021:
MSHR contents

In Dram Latency Queue (total = 0): 
DRAM[10]: 16 bks, busW=16 BL=2 CL=12, tRRD=3 tCCD=1, tRCD=12 tRAS=28 tRP=12 tRC=40
n_cmd=7016714 n_nop=5323737 n_act=607741 n_pre=607725 n_ref_event=0 n_req=608083 n_rd=608081 n_rd_L2_A=0 n_write=0 n_wr_bk=0 bw_util=0.08666
n_activity=6309625 dram_eff=0.09637
bk0: 38140a 5912996i bk1: 38462a 5899113i bk2: 37790a 5922562i bk3: 38011a 5913235i bk4: 37898a 5921297i bk5: 38198a 5903610i bk6: 37989a 5914752i bk7: 38174a 5905371i bk8: 37651a 5929719i bk9: 38113a 5908132i bk10: 37950a 5915226i bk11: 38048a 5913326i bk12: 37678a 5925137i bk13: 38208a 5905210i bk14: 37836a 5920731i bk15: 37935a 5915751i 

------------------------------------------------------------------------

Row_Buffer_Locality = 0.000559
Row_Buffer_Locality_read = 0.000559
Row_Buffer_Locality_write = -nan
Bank_Level_Parallism = 3.298349
Bank_Level_Parallism_Col = 1.743367
Bank_Level_Parallism_Ready = 1.000030
write_to_read_ratio_blp_rw_average = 0.000000
GrpLevelPara = 1.513618 

BW Util details:
bwutil = 0.086662 
total_CMD = 7016714 
util_bw = 608081 
Wasted_Col = 3730648 
Wasted_Row = 1194141 
Idle = 1483844 

BW Util Bottlenecks: 
RCDc_limit = 6401131 
RCDWRc_limit = 0 
WTRc_limit = 0 
RTWc_limit = 0 
CCDLc_limit = 258898 
rwq = 0 
CCDLc_limit_alone = 258898 
WTRc_limit_alone = 0 
RTWc_limit_alone = 0 

Commands details: 
total_CMD = 7016714 
n_nop = 5323737 
Read = 608081 
Write = 0 
L2_Alloc = 0 
L2_WB = 0 
n_act = 607741 
n_pre = 607725 
n_ref = 0 
n_req = 608083 
total_req = 608081 

Dual Bus Interface Util: 
issued_total_row = 1215466 
issued_total_col = 608081 
Row_Bus_Util =  0.173224 
CoL_Bus_Util = 0.086662 
Either_Row_CoL_Bus_Util = 0.241278 
Issued_on_Two_Bus_Simul_Util = 0.018608 
issued_two_Eff = 0.077124 
queue_avg = 0.533013 


dram_util_bins: 0 0 0 0 0 0 0 0 0 0
dram_eff_bins: 0 0 0 0 0 0 0 0 0 0
mrqq: max=16 avg=0.533013
Memory Partition 11: 
Cache L2_bank_022:
MSHR contents

Cache L2_bank_023:
MSHR contents

In Dram Latency Queue (total = 0): 
DRAM[11]: 16 bks, busW=16 BL=2 CL=12, tRRD=3 tCCD=1, tRCD=12 tRAS=28 tRP=12 tRC=40
n_cmd=7016714 n_nop=5323857 n_act=607686 n_pre=607670 n_ref_event=0 n_req=608026 n_rd=608025 n_rd_L2_A=0 n_write=0 n_wr_bk=0 bw_util=0.08665
n_activity=6312630 dram_eff=0.09632
bk0: 38200a 5910117i bk1: 38398a 5904309i bk2: 37726a 5925690i bk3: 38182a 5905337i bk4: 37947a 5916765i bk5: 38021a 5913614i bk6: 37891a 5918497i bk7: 38304a 5901406i bk8: 37666a 5926911i bk9: 37964a 5915727i bk10: 37842a 5920814i bk11: 38056a 5912207i bk12: 37789a 5920406i bk13: 38121a 5909185i bk14: 37820a 5923351i bk15: 38098a 5908271i 

------------------------------------------------------------------------

Row_Buffer_Locality = 0.000558
Row_Buffer_Locality_read = 0.000558
Row_Buffer_Locality_write = -nan
Bank_Level_Parallism = 3.297064
Bank_Level_Parallism_Col = 1.744606
Bank_Level_Parallism_Ready = 1.000020
write_to_read_ratio_blp_rw_average = 0.000000
GrpLevelPara = 1.514649 

BW Util details:
bwutil = 0.086654 
total_CMD = 7016714 
util_bw = 608025 
Wasted_Col = 3727505 
Wasted_Row = 1197526 
Idle = 1483658 

BW Util Bottlenecks: 
RCDc_limit = 6399176 
RCDWRc_limit = 0 
WTRc_limit = 0 
RTWc_limit = 0 
CCDLc_limit = 259059 
rwq = 0 
CCDLc_limit_alone = 259059 
WTRc_limit_alone = 0 
RTWc_limit_alone = 0 

Commands details: 
total_CMD = 7016714 
n_nop = 5323857 
Read = 608025 
Write = 0 
L2_Alloc = 0 
L2_WB = 0 
n_act = 607686 
n_pre = 607670 
n_ref = 0 
n_req = 608026 
total_req = 608025 

Dual Bus Interface Util: 
issued_total_row = 1215356 
issued_total_col = 608025 
Row_Bus_Util =  0.173209 
CoL_Bus_Util = 0.086654 
Either_Row_CoL_Bus_Util = 0.241261 
Issued_on_Two_Bus_Simul_Util = 0.018602 
issued_two_Eff = 0.077103 
queue_avg = 0.531116 


dram_util_bins: 0 0 0 0 0 0 0 0 0 0
dram_eff_bins: 0 0 0 0 0 0 0 0 0 0
mrqq: max=16 avg=0.531116
Memory Partition 12: 
Cache L2_bank_024:
MSHR contents

Cache L2_bank_025:
MSHR contents

In Dram Latency Queue (total = 0): 
DRAM[12]: 16 bks, busW=16 BL=2 CL=12, tRRD=3 tCCD=1, tRCD=12 tRAS=28 tRP=12 tRC=40
n_cmd=7016714 n_nop=5324965 n_act=607061 n_pre=607045 n_ref_event=0 n_req=607359 n_rd=607355 n_rd_L2_A=0 n_write=0 n_wr_bk=0 bw_util=0.08656
n_activity=6309803 dram_eff=0.09626
bk0: 38072a 5917404i bk1: 38221a 5908679i bk2: 37894a 5918591i bk3: 38039a 5911299i bk4: 38019a 5914566i bk5: 38047a 5911397i bk6: 37630a 5929629i bk7: 38221a 5904383i bk8: 37723a 5925273i bk9: 38033a 5913585i bk10: 37866a 5920526i bk11: 37935a 5915826i bk12: 37609a 5927284i bk13: 37981a 5914482i bk14: 37876a 5918124i bk15: 38189a 5906188i 

------------------------------------------------------------------------

Row_Buffer_Locality = 0.000484
Row_Buffer_Locality_read = 0.000484
Row_Buffer_Locality_write = -nan
Bank_Level_Parallism = 3.292505
Bank_Level_Parallism_Col = 1.741788
Bank_Level_Parallism_Ready = 1.000013
write_to_read_ratio_blp_rw_average = 0.000000
GrpLevelPara = 1.513107 

BW Util details:
bwutil = 0.086558 
total_CMD = 7016714 
util_bw = 607355 
Wasted_Col = 3730864 
Wasted_Row = 1194816 
Idle = 1483679 

BW Util Bottlenecks: 
RCDc_limit = 6395598 
RCDWRc_limit = 0 
WTRc_limit = 0 
RTWc_limit = 0 
CCDLc_limit = 258136 
rwq = 0 
CCDLc_limit_alone = 258136 
WTRc_limit_alone = 0 
RTWc_limit_alone = 0 

Commands details: 
total_CMD = 7016714 
n_nop = 5324965 
Read = 607355 
Write = 0 
L2_Alloc = 0 
L2_WB = 0 
n_act = 607061 
n_pre = 607045 
n_ref = 0 
n_req = 607359 
total_req = 607355 

Dual Bus Interface Util: 
issued_total_row = 1214106 
issued_total_col = 607355 
Row_Bus_Util =  0.173031 
CoL_Bus_Util = 0.086558 
Either_Row_CoL_Bus_Util = 0.241103 
Issued_on_Two_Bus_Simul_Util = 0.018486 
issued_two_Eff = 0.076673 
queue_avg = 0.526868 


dram_util_bins: 0 0 0 0 0 0 0 0 0 0
dram_eff_bins: 0 0 0 0 0 0 0 0 0 0
mrqq: max=17 avg=0.526868
Memory Partition 13: 
Cache L2_bank_026:
MSHR contents

Cache L2_bank_027:
MSHR contents

In Dram Latency Queue (total = 0): 
DRAM[13]: 16 bks, busW=16 BL=2 CL=12, tRRD=3 tCCD=1, tRCD=12 tRAS=28 tRP=12 tRC=40
n_cmd=7016714 n_nop=5324290 n_act=607208 n_pre=607192 n_ref_event=0 n_req=607514 n_rd=607514 n_rd_L2_A=0 n_write=0 n_wr_bk=0 bw_util=0.08658
n_activity=6312816 dram_eff=0.09624
bk0: 38077a 5916130i bk1: 38482a 5896788i bk2: 38006a 5915097i bk3: 37937a 5915368i bk4: 37853a 5920366i bk5: 38144a 5906290i bk6: 37632a 5927668i bk7: 38088a 5909139i bk8: 37653a 5928202i bk9: 38198a 5907096i bk10: 37816a 5922469i bk11: 37765a 5923285i bk12: 37543a 5932407i bk13: 38193a 5905206i bk14: 37999a 5913304i bk15: 38128a 5910346i 

------------------------------------------------------------------------

Row_Buffer_Locality = 0.000504
Row_Buffer_Locality_read = 0.000504
Row_Buffer_Locality_write = -nan
Bank_Level_Parallism = 3.292226
Bank_Level_Parallism_Col = 1.742670
Bank_Level_Parallism_Ready = 1.000016
write_to_read_ratio_blp_rw_average = 0.000000
GrpLevelPara = 1.513674 

BW Util details:
bwutil = 0.086581 
total_CMD = 7016714 
util_bw = 607514 
Wasted_Col = 3729816 
Wasted_Row = 1198674 
Idle = 1480710 

BW Util Bottlenecks: 
RCDc_limit = 6396004 
RCDWRc_limit = 0 
WTRc_limit = 0 
RTWc_limit = 0 
CCDLc_limit = 258540 
rwq = 0 
CCDLc_limit_alone = 258540 
WTRc_limit_alone = 0 
RTWc_limit_alone = 0 

Commands details: 
total_CMD = 7016714 
n_nop = 5324290 
Read = 607514 
Write = 0 
L2_Alloc = 0 
L2_WB = 0 
n_act = 607208 
n_pre = 607192 
n_ref = 0 
n_req = 607514 
total_req = 607514 

Dual Bus Interface Util: 
issued_total_row = 1214400 
issued_total_col = 607514 
Row_Bus_Util =  0.173072 
CoL_Bus_Util = 0.086581 
Either_Row_CoL_Bus_Util = 0.241199 
Issued_on_Two_Bus_Simul_Util = 0.018455 
issued_two_Eff = 0.076512 
queue_avg = 0.530656 


dram_util_bins: 0 0 0 0 0 0 0 0 0 0
dram_eff_bins: 0 0 0 0 0 0 0 0 0 0
mrqq: max=16 avg=0.530656
Memory Partition 14: 
Cache L2_bank_028:
MSHR contents

Cache L2_bank_029:
MSHR contents

In Dram Latency Queue (total = 0): 
DRAM[14]: 16 bks, busW=16 BL=2 CL=12, tRRD=3 tCCD=1, tRCD=12 tRAS=28 tRP=12 tRC=40
n_cmd=7016714 n_nop=5323949 n_act=607522 n_pre=607506 n_ref_event=0 n_req=607844 n_rd=607843 n_rd_L2_A=0 n_write=0 n_wr_bk=0 bw_util=0.08663
n_activity=6312922 dram_eff=0.09629
bk0: 38293a 5909970i bk1: 38352a 5904988i bk2: 37870a 5920877i bk3: 38039a 5911525i bk4: 37865a 5919447i bk5: 37895a 5919142i bk6: 37734a 5926492i bk7: 38326a 5899375i bk8: 37722a 5925200i bk9: 37927a 5916149i bk10: 37932a 5917993i bk11: 38170a 5908861i bk12: 37771a 5918556i bk13: 38122a 5909468i bk14: 37761a 5923674i bk15: 38064a 5909197i 

------------------------------------------------------------------------

Row_Buffer_Locality = 0.000528
Row_Buffer_Locality_read = 0.000528
Row_Buffer_Locality_write = -nan
Bank_Level_Parallism = 3.294428
Bank_Level_Parallism_Col = 1.743848
Bank_Level_Parallism_Ready = 1.000030
write_to_read_ratio_blp_rw_average = 0.000000
GrpLevelPara = 1.515099 

BW Util details:
bwutil = 0.086628 
total_CMD = 7016714 
util_bw = 607843 
Wasted_Col = 3728760 
Wasted_Row = 1198304 
Idle = 1481807 

BW Util Bottlenecks: 
RCDc_limit = 6399752 
RCDWRc_limit = 0 
WTRc_limit = 0 
RTWc_limit = 0 
CCDLc_limit = 258264 
rwq = 0 
CCDLc_limit_alone = 258264 
WTRc_limit_alone = 0 
RTWc_limit_alone = 0 

Commands details: 
total_CMD = 7016714 
n_nop = 5323949 
Read = 607843 
Write = 0 
L2_Alloc = 0 
L2_WB = 0 
n_act = 607522 
n_pre = 607506 
n_ref = 0 
n_req = 607844 
total_req = 607843 

Dual Bus Interface Util: 
issued_total_row = 1215028 
issued_total_col = 607843 
Row_Bus_Util =  0.173162 
CoL_Bus_Util = 0.086628 
Either_Row_CoL_Bus_Util = 0.241248 
Issued_on_Two_Bus_Simul_Util = 0.018542 
issued_two_Eff = 0.076860 
queue_avg = 0.526317 


dram_util_bins: 0 0 0 0 0 0 0 0 0 0
dram_eff_bins: 0 0 0 0 0 0 0 0 0 0
mrqq: max=16 avg=0.526317
Memory Partition 15: 
Cache L2_bank_030:
MSHR contents

Cache L2_bank_031:
MSHR contents

In Dram Latency Queue (total = 0): 
DRAM[15]: 16 bks, busW=16 BL=2 CL=12, tRRD=3 tCCD=1, tRCD=12 tRAS=28 tRP=12 tRC=40
n_cmd=7016714 n_nop=5323929 n_act=607343 n_pre=607327 n_ref_event=0 n_req=607658 n_rd=607657 n_rd_L2_A=0 n_write=0 n_wr_bk=0 bw_util=0.0866
n_activity=6309619 dram_eff=0.09631
bk0: 38139a 5913063i bk1: 38570a 5896733i bk2: 37895a 5920604i bk3: 37888a 5919007i bk4: 37835a 5921348i bk5: 38026a 5910670i bk6: 37833a 5922431i bk7: 38202a 5905010i bk8: 37676a 5927753i bk9: 38078a 5910952i bk10: 38006a 5913209i bk11: 37929a 5918404i bk12: 37669a 5925314i bk13: 38246a 5905635i bk14: 37771a 5922655i bk15: 37894a 5917995i 

------------------------------------------------------------------------

Row_Buffer_Locality = 0.000517
Row_Buffer_Locality_read = 0.000517
Row_Buffer_Locality_write = -nan
Bank_Level_Parallism = 3.292337
Bank_Level_Parallism_Col = 1.741376
Bank_Level_Parallism_Ready = 1.000015
write_to_read_ratio_blp_rw_average = 0.000000
GrpLevelPara = 1.512636 

BW Util details:
bwutil = 0.086601 
total_CMD = 7016714 
util_bw = 607657 
Wasted_Col = 3733439 
Wasted_Row = 1194272 
Idle = 1481346 

BW Util Bottlenecks: 
RCDc_limit = 6399414 
RCDWRc_limit = 0 
WTRc_limit = 0 
RTWc_limit = 0 
CCDLc_limit = 258386 
rwq = 0 
CCDLc_limit_alone = 258386 
WTRc_limit_alone = 0 
RTWc_limit_alone = 0 

Commands details: 
total_CMD = 7016714 
n_nop = 5323929 
Read = 607657 
Write = 0 
L2_Alloc = 0 
L2_WB = 0 
n_act = 607343 
n_pre = 607327 
n_ref = 0 
n_req = 607658 
total_req = 607657 

Dual Bus Interface Util: 
issued_total_row = 1214670 
issued_total_col = 607657 
Row_Bus_Util =  0.173111 
CoL_Bus_Util = 0.086601 
Either_Row_CoL_Bus_Util = 0.241250 
Issued_on_Two_Bus_Simul_Util = 0.018462 
issued_two_Eff = 0.076526 
queue_avg = 0.525229 


dram_util_bins: 0 0 0 0 0 0 0 0 0 0
dram_eff_bins: 0 0 0 0 0 0 0 0 0 0
mrqq: max=16 avg=0.525229

========= L2 cache stats =========
L2_cache_bank[0]: Access = 411724, Miss = 304258, Miss_rate = 0.739, Pending_hits = 840, Reservation_fails = 207655
L2_cache_bank[1]: Access = 411041, Miss = 304325, Miss_rate = 0.740, Pending_hits = 6, Reservation_fails = 183875
L2_cache_bank[2]: Access = 411735, Miss = 304278, Miss_rate = 0.739, Pending_hits = 767, Reservation_fails = 203818
L2_cache_bank[3]: Access = 411003, Miss = 304227, Miss_rate = 0.740, Pending_hits = 7, Reservation_fails = 179595
L2_cache_bank[4]: Access = 411962, Miss = 304296, Miss_rate = 0.739, Pending_hits = 715, Reservation_fails = 205764
L2_cache_bank[5]: Access = 410810, Miss = 304049, Miss_rate = 0.740, Pending_hits = 3, Reservation_fails = 184879
L2_cache_bank[6]: Access = 411836, Miss = 304167, Miss_rate = 0.739, Pending_hits = 583, Reservation_fails = 211967
L2_cache_bank[7]: Access = 411126, Miss = 304351, Miss_rate = 0.740, Pending_hits = 6, Reservation_fails = 187359
L2_cache_bank[8]: Access = 411415, Miss = 304118, Miss_rate = 0.739, Pending_hits = 420, Reservation_fails = 195970
L2_cache_bank[9]: Access = 411038, Miss = 304408, Miss_rate = 0.741, Pending_hits = 2, Reservation_fails = 181839
L2_cache_bank[10]: Access = 411433, Miss = 304130, Miss_rate = 0.739, Pending_hits = 328, Reservation_fails = 197718
L2_cache_bank[11]: Access = 411245, Miss = 304459, Miss_rate = 0.740, Pending_hits = 1, Reservation_fails = 185074
L2_cache_bank[12]: Access = 411506, Miss = 304096, Miss_rate = 0.739, Pending_hits = 288, Reservation_fails = 190349
L2_cache_bank[13]: Access = 411062, Miss = 304386, Miss_rate = 0.740, Pending_hits = 4, Reservation_fails = 174812
L2_cache_bank[14]: Access = 411543, Miss = 303843, Miss_rate = 0.738, Pending_hits = 144, Reservation_fails = 184270
L2_cache_bank[15]: Access = 411356, Miss = 304598, Miss_rate = 0.740, Pending_hits = 9, Reservation_fails = 177642
L2_cache_bank[16]: Access = 411499, Miss = 303734, Miss_rate = 0.738, Pending_hits = 100, Reservation_fails = 180393
L2_cache_bank[17]: Access = 411207, Miss = 304474, Miss_rate = 0.740, Pending_hits = 5, Reservation_fails = 181602
L2_cache_bank[18]: Access = 411181, Miss = 303380, Miss_rate = 0.738, Pending_hits = 78, Reservation_fails = 181761
L2_cache_bank[19]: Access = 411146, Miss = 304264, Miss_rate = 0.740, Pending_hits = 3, Reservation_fails = 181894
L2_cache_bank[20]: Access = 411232, Miss = 303656, Miss_rate = 0.738, Pending_hits = 50, Reservation_fails = 183415
L2_cache_bank[21]: Access = 411297, Miss = 304489, Miss_rate = 0.740, Pending_hits = 3, Reservation_fails = 187059
L2_cache_bank[22]: Access = 411222, Miss = 303629, Miss_rate = 0.738, Pending_hits = 38, Reservation_fails = 181017
L2_cache_bank[23]: Access = 411246, Miss = 304460, Miss_rate = 0.740, Pending_hits = 8, Reservation_fails = 185336
L2_cache_bank[24]: Access = 410661, Miss = 303607, Miss_rate = 0.739, Pending_hits = 20, Reservation_fails = 179946
L2_cache_bank[25]: Access = 410693, Miss = 303820, Miss_rate = 0.740, Pending_hits = 4, Reservation_fails = 180922
L2_cache_bank[26]: Access = 410867, Miss = 303849, Miss_rate = 0.740, Pending_hits = 20, Reservation_fails = 183412
L2_cache_bank[27]: Access = 410673, Miss = 303729, Miss_rate = 0.740, Pending_hits = 3, Reservation_fails = 180820
L2_cache_bank[28]: Access = 410578, Miss = 303908, Miss_rate = 0.740, Pending_hits = 8, Reservation_fails = 182640
L2_cache_bank[29]: Access = 410912, Miss = 303999, Miss_rate = 0.740, Pending_hits = 6, Reservation_fails = 175330
L2_cache_bank[30]: Access = 410439, Miss = 303808, Miss_rate = 0.740, Pending_hits = 9, Reservation_fails = 181171
L2_cache_bank[31]: Access = 410918, Miss = 303913, Miss_rate = 0.740, Pending_hits = 1, Reservation_fails = 182691
L2_total_cache_accesses = 13157606
L2_total_cache_misses = 9730708
L2_total_cache_miss_rate = 0.7396
L2_total_cache_pending_hits = 4479
L2_total_cache_reservation_fails = 5961995
L2_total_cache_breakdown:
	L2_cache_stats_breakdown[GLOBAL_ACC_R][HIT] = 3422419
	L2_cache_stats_breakdown[GLOBAL_ACC_R][HIT_RESERVED] = 4479
	L2_cache_stats_breakdown[GLOBAL_ACC_R][MISS] = 8479974
	L2_cache_stats_breakdown[GLOBAL_ACC_R][RESERVATION_FAIL] = 5961995
	L2_cache_stats_breakdown[GLOBAL_ACC_R][SECTOR_MISS] = 1249710
	L2_cache_stats_breakdown[GLOBAL_ACC_R][MSHR_HIT] = 4479
	L2_cache_stats_breakdown[LOCAL_ACC_R][HIT] = 0
	L2_cache_stats_breakdown[LOCAL_ACC_R][HIT_RESERVED] = 0
	L2_cache_stats_breakdown[LOCAL_ACC_R][MISS] = 0
	L2_cache_stats_breakdown[LOCAL_ACC_R][RESERVATION_FAIL] = 0
	L2_cache_stats_breakdown[LOCAL_ACC_R][SECTOR_MISS] = 0
	L2_cache_stats_breakdown[LOCAL_ACC_R][MSHR_HIT] = 0
	L2_cache_stats_breakdown[CONST_ACC_R][HIT] = 0
	L2_cache_stats_breakdown[CONST_ACC_R][HIT_RESERVED] = 0
	L2_cache_stats_breakdown[CONST_ACC_R][MISS] = 0
	L2_cache_stats_breakdown[CONST_ACC_R][RESERVATION_FAIL] = 0
	L2_cache_stats_breakdown[CONST_ACC_R][SECTOR_MISS] = 0
	L2_cache_stats_breakdown[CONST_ACC_R][MSHR_HIT] = 0
	L2_cache_stats_breakdown[TEXTURE_ACC_R][HIT] = 0
	L2_cache_stats_breakdown[TEXTURE_ACC_R][HIT_RESERVED] = 0
	L2_cache_stats_breakdown[TEXTURE_ACC_R][MISS] = 0
	L2_cache_stats_breakdown[TEXTURE_ACC_R][RESERVATION_FAIL] = 0
	L2_cache_stats_breakdown[TEXTURE_ACC_R][SECTOR_MISS] = 0
	L2_cache_stats_breakdown[TEXTURE_ACC_R][MSHR_HIT] = 0
	L2_cache_stats_breakdown[GLOBAL_ACC_W][HIT] = 0
	L2_cache_stats_breakdown[GLOBAL_ACC_W][HIT_RESERVED] = 0
	L2_cache_stats_breakdown[GLOBAL_ACC_W][MISS] = 256
	L2_cache_stats_breakdown[GLOBAL_ACC_W][RESERVATION_FAIL] = 0
	L2_cache_stats_breakdown[GLOBAL_ACC_W][SECTOR_MISS] = 768
	L2_cache_stats_breakdown[GLOBAL_ACC_W][MSHR_HIT] = 0
	L2_cache_stats_breakdown[LOCAL_ACC_W][HIT] = 0
	L2_cache_stats_breakdown[LOCAL_ACC_W][HIT_RESERVED] = 0
	L2_cache_stats_breakdown[LOCAL_ACC_W][MISS] = 0
	L2_cache_stats_breakdown[LOCAL_ACC_W][RESERVATION_FAIL] = 0
	L2_cache_stats_breakdown[LOCAL_ACC_W][SECTOR_MISS] = 0
	L2_cache_stats_breakdown[LOCAL_ACC_W][MSHR_HIT] = 0
	L2_cache_stats_breakdown[L1_WRBK_ACC][HIT] = 0
	L2_cache_stats_breakdown[L1_WRBK_ACC][HIT_RESERVED] = 0
	L2_cache_stats_breakdown[L1_WRBK_ACC][MISS] = 0
	L2_cache_stats_breakdown[L1_WRBK_ACC][RESERVATION_FAIL] = 0
	L2_cache_stats_breakdown[L1_WRBK_ACC][SECTOR_MISS] = 0
	L2_cache_stats_breakdown[L1_WRBK_ACC][MSHR_HIT] = 0
	L2_cache_stats_breakdown[L2_WRBK_ACC][HIT] = 0
	L2_cache_stats_breakdown[L2_WRBK_ACC][HIT_RESERVED] = 0
	L2_cache_stats_breakdown[L2_WRBK_ACC][MISS] = 0
	L2_cache_stats_breakdown[L2_WRBK_ACC][RESERVATION_FAIL] = 0
	L2_cache_stats_breakdown[L2_WRBK_ACC][SECTOR_MISS] = 0
	L2_cache_stats_breakdown[L2_WRBK_ACC][MSHR_HIT] = 0
	L2_cache_stats_breakdown[INST_ACC_R][HIT] = 0
	L2_cache_stats_breakdown[INST_ACC_R][HIT_RESERVED] = 0
	L2_cache_stats_breakdown[INST_ACC_R][MISS] = 0
	L2_cache_stats_breakdown[INST_ACC_R][RESERVATION_FAIL] = 0
	L2_cache_stats_breakdown[INST_ACC_R][SECTOR_MISS] = 0
	L2_cache_stats_breakdown[INST_ACC_R][MSHR_HIT] = 0
	L2_cache_stats_breakdown[L1_WR_ALLOC_R][HIT] = 0
	L2_cache_stats_breakdown[L1_WR_ALLOC_R][HIT_RESERVED] = 0
	L2_cache_stats_breakdown[L1_WR_ALLOC_R][MISS] = 0
	L2_cache_stats_breakdown[L1_WR_ALLOC_R][RESERVATION_FAIL] = 0
	L2_cache_stats_breakdown[L1_WR_ALLOC_R][SECTOR_MISS] = 0
	L2_cache_stats_breakdown[L1_WR_ALLOC_R][MSHR_HIT] = 0
	L2_cache_stats_breakdown[L2_WR_ALLOC_R][HIT] = 0
	L2_cache_stats_breakdown[L2_WR_ALLOC_R][HIT_RESERVED] = 0
	L2_cache_stats_breakdown[L2_WR_ALLOC_R][MISS] = 0
	L2_cache_stats_breakdown[L2_WR_ALLOC_R][RESERVATION_FAIL] = 0
	L2_cache_stats_breakdown[L2_WR_ALLOC_R][SECTOR_MISS] = 0
	L2_cache_stats_breakdown[L2_WR_ALLOC_R][MSHR_HIT] = 0
	L2_cache_stats_breakdown[GLOBAL_ACC_R][TOTAL_ACCESS] = 13156582
	L2_cache_stats_breakdown[GLOBAL_ACC_W][TOTAL_ACCESS] = 1024
L2_total_cache_reservation_fail_breakdown:
	L2_cache_stats_fail_breakdown[GLOBAL_ACC_R][LINE_ALLOC_FAIL] = 5959398
	L2_cache_stats_fail_breakdown[GLOBAL_ACC_R][MSHR_MERGE_ENRTY_FAIL] = 2597
L2_cache_data_port_util = 0.024
L2_cache_fill_port_util = 0.067

icnt_total_pkts_mem_to_simt=13157606
icnt_total_pkts_simt_to_mem=13157606
LD_mem_lat_dist  0 0 0 0 0 0 0 0 0 0 0 0 0 0 0 0 0 0 0 0 0 0 0 0 0 0 0
ST_mem_lat_dist  0 0 0 0 0 0 0 0 0 0 0 0 0 0 0 0 0 0 0 0 0 0 0 0 0 0 0
----------------------------Interconnect-DETAILS--------------------------------
Req_Network_injected_packets_num = 13157606
Req_Network_cycles = 4529778
Req_Network_injected_packets_per_cycle =       2.9047 
Req_Network_conflicts_per_cycle =       0.0954
Req_Network_conflicts_per_cycle_util =       0.1029
Req_Bank_Level_Parallism =       3.1349
Req_Network_in_buffer_full_per_cycle =       0.0000
Req_Network_in_buffer_avg_util =       0.0321
Req_Network_out_buffer_full_per_cycle =       0.0000
Req_Network_out_buffer_avg_util =       0.1013

Reply_Network_injected_packets_num = 13157606
Reply_Network_cycles = 4529778
Reply_Network_injected_packets_per_cycle =        2.9047
Reply_Network_conflicts_per_cycle =       13.6209
Reply_Network_conflicts_per_cycle_util =      14.5820
Reply_Bank_Level_Parallism =       3.1097
Reply_Network_in_buffer_full_per_cycle =       0.0000
Reply_Network_in_buffer_avg_util =       2.0885
Reply_Network_out_buffer_full_per_cycle =       0.0000
Reply_Network_out_buffer_avg_util =       0.3631
----------------------------END-of-Interconnect-DETAILS-------------------------


gpgpu_simulation_time = 0 days, 0 hrs, 19 min, 53 sec (1193 sec)
gpgpu_simulation_rate = 126807 (inst/sec)
gpgpu_simulation_rate = 3796 (cycle/sec)
gpgpu_silicon_slowdown = 362750x
GPGPU-Sim: synchronize waiting for inactive GPU simulation
GPGPU-Sim API: Stream Manager State
GPGPU-Sim: detected inactive GPU simulation thread
MLX_GPU_PROXY_SUMMARY {"operator":"sv","count":8192,"parameter":4096,"parameter2":0,"checksum":6043.951860607,"reference":6043.951860607,"relative_error":0}
GPGPU-Sim: *** exit detected ***
